0 0.818848 0.522775 0.797852 0.493644 0.788086 0.442267 0.765381 0.430085 0.748535 0.373411 0.747559 0.324153 0.698486 0.267479 0.706787 0.202860 0.663574 0.168432 0.657959 0.126589 0.630127 0.108581 0.629883 0.071504 0.599121 0.018008 0.558838 0.091631 0.537354 0.073093 0.530762 0.000000 0.499268 0.000000 0.472168 0.043432 0.439697 0.036547 0.423584 0.000000 0.390137 0.016949 0.363037 0.000000 0.349121 0.037606 0.323486 0.029131 0.316406 0.059852 0.291504 0.075742 0.260010 0.043962 0.244141 0.096398 0.208984 0.092691 0.186279 0.119703 0.188721 0.163136 0.172852 0.203919 0.122803 0.172669 0.112305 0.223517 0.075439 0.286547 0.029297 0.297140 0.020264 0.405720 0.045410 0.441208 0.045166 0.493644 0.023193 0.511653 0.020752 0.601695 0.000000 0.614936 0.000000 0.956038 0.028564 0.935381 0.031982 0.999470 0.182373 0.999470 0.209961 0.959746 0.220459 0.999470 0.238281 0.979343 0.268799 0.999470 0.502441 0.999470 0.513672 0.983581 0.552246 0.999470 0.570557 0.979343 0.591309 0.999470 0.608154 0.967691 0.678711 0.976165 0.702881 0.858581 0.752197 0.826271 0.755371 0.739407 0.778076 0.709746
1 0.381348 0.979873 0.380859 0.980932 0.380859 0.982521 0.380371 0.983051 0.380371 0.984640 0.380859 0.985169 0.380859 0.987818 0.381592 0.986758 0.381592 0.984110 0.382324 0.982521 0.382812 0.983051 0.382568 0.985169 0.383057 0.986758 0.383545 0.986758 0.383545 0.983051 0.382812 0.983051 0.382568 0.980932 0.381836 0.980932
1 0.389160 0.974576 0.387695 0.974576 0.387695 0.976165 0.386719 0.976695 0.386719 0.978814 0.385742 0.979873 0.385742 0.982521 0.385254 0.983051 0.385254 0.984640 0.384766 0.985699 0.386230 0.988877 0.386719 0.985699 0.387939 0.986758 0.388672 0.988877 0.389160 0.987818 0.390137 0.987818 0.390381 0.985699 0.389648 0.984640 0.389160 0.985169 0.388428 0.983581 0.388916 0.981462 0.387451 0.979343 0.387451 0.976695 0.389160 0.975636
1 0.362549 0.974576 0.362061 0.975636 0.361816 0.975106 0.361816 0.976165 0.361328 0.976695 0.362061 0.977754 0.361572 0.978814 0.361328 0.978284 0.361328 0.981462 0.361816 0.981992 0.360840 0.983581 0.362305 0.983051 0.362061 0.976695
1 0.359131 0.963453 0.358643 0.966102 0.357910 0.965572 0.357910 0.963983 0.357910 0.965572 0.356934 0.966631 0.357178 0.968750 0.358887 0.968750
1 0.381104 0.959746 0.380371 0.960805 0.380371 0.962394 0.380859 0.963453 0.381592 0.963453 0.382324 0.965572 0.379883 0.966102 0.379639 0.963983 0.379150 0.963983 0.379150 0.965572 0.379639 0.965572 0.380371 0.967161 0.380127 0.970339 0.379395 0.967691 0.379150 0.969280 0.378662 0.969280 0.378418 0.965042 0.378418 0.971398 0.378662 0.970339 0.378906 0.970869 0.378906 0.977225 0.378418 0.977754 0.378418 0.979343 0.377930 0.980403 0.378174 0.982521 0.378418 0.980403 0.378906 0.982521 0.378662 0.978814 0.379150 0.978284 0.379395 0.974576 0.378906 0.974576 0.378906 0.969809 0.379395 0.968750 0.380615 0.971928 0.380615 0.974047 0.379883 0.975636 0.380127 0.975106 0.381592 0.978284 0.381592 0.975636 0.382080 0.975106 0.380859 0.974047 0.380859 0.971398 0.381592 0.970869 0.381592 0.969280 0.382324 0.967691 0.382568 0.961864 0.381836 0.961864
1 0.374023 0.959746 0.374023 0.963453 0.375732 0.963453 0.375732 0.961864 0.376221 0.960805 0.375488 0.959746
1 0.382812 0.958686 0.382812 0.960275 0.383545 0.960275 0.384277 0.963453 0.386719 0.965042 0.386475 0.966102 0.383789 0.966102 0.384277 0.967161 0.384277 0.968750 0.386475 0.968750 0.386963 0.970869 0.387451 0.969809 0.387451 0.968220 0.388672 0.965572 0.389160 0.966631 0.390381 0.966102 0.390137 0.963983 0.389648 0.963983 0.389404 0.962924 0.387207 0.962924 0.386963 0.960805 0.387939 0.959746 0.386719 0.959746 0.386475 0.957627 0.383789 0.957627 0.383545 0.958686
1 0.373291 0.957097 0.369385 0.955508 0.369141 0.956038 0.369629 0.957097 0.368896 0.959216 0.368164 0.959216 0.368164 0.960805 0.368408 0.961335 0.368896 0.959216 0.369873 0.958686 0.370605 0.961335 0.370605 0.963453 0.368408 0.966102 0.366211 0.965042 0.365967 0.966102 0.364746 0.966631 0.365479 0.966631 0.365723 0.967691 0.366943 0.967691 0.367188 0.968750 0.367676 0.967691 0.368408 0.967691 0.368652 0.966631 0.369385 0.967691 0.370605 0.965572 0.370850 0.963453 0.371826 0.962394 0.371826 0.957627
1 0.366943 0.949153 0.366943 0.951801 0.364746 0.958157 0.364990 0.959216 0.365234 0.958157 0.366455 0.958157 0.366943 0.957097 0.367188 0.958157 0.366943 0.955508 0.365967 0.954979 0.366699 0.952860 0.367188 0.953919 0.367920 0.952860
1 0.403076 0.934852 0.401855 0.933263 0.400879 0.934852 0.400879 0.938030 0.402344 0.938030
1 0.034668 0.921610 0.034424 0.924258 0.033447 0.926377 0.033447 0.929025 0.034180 0.929555 0.034912 0.928496 0.035156 0.929555 0.035889 0.929025 0.036133 0.930085 0.036377 0.929025 0.037109 0.933263 0.037354 0.932203 0.037842 0.932203 0.038086 0.933792 0.039551 0.934852 0.039551 0.932733 0.040283 0.930085 0.040039 0.927436 0.039307 0.929025 0.037842 0.927966 0.037354 0.928496 0.036621 0.925318 0.037354 0.923729 0.038086 0.923729 0.038330 0.922669 0.037109 0.921610 0.036865 0.920551 0.036377 0.922669 0.035645 0.922669 0.035156 0.921081
1 0.342285 0.915784 0.343018 0.915784 0.343750 0.918432 0.342773 0.920551 0.342773 0.922140 0.343262 0.922140 0.343506 0.923199 0.344971 0.923199 0.344971 0.921610 0.344482 0.920551 0.345947 0.918962 0.346191 0.917903 0.347168 0.917903 0.347168 0.920021 0.347656 0.920551 0.347168 0.922669 0.346924 0.921610 0.346191 0.922669 0.346436 0.923199 0.346924 0.922140 0.347656 0.923729 0.348145 0.923199 0.347900 0.920021 0.347412 0.918962 0.347412 0.917373 0.348145 0.916314 0.348145 0.915254 0.346436 0.917373 0.345459 0.917373 0.344238 0.915254
1 0.372559 0.907309 0.372559 0.909428 0.371582 0.912076 0.371582 0.913665 0.372070 0.914195 0.371582 0.915784 0.372070 0.916314 0.371826 0.916843 0.373779 0.916843 0.373535 0.913665 0.373291 0.914195 0.372803 0.912606
1 0.339844 0.905720 0.339355 0.905720 0.339111 0.906780 0.337646 0.906780 0.337402 0.907839 0.337891 0.909428 0.339355 0.909428 0.339355 0.907309
1 0.365479 0.903602 0.364258 0.903602 0.363281 0.906780 0.363281 0.905191 0.361816 0.903602 0.360840 0.905720 0.361572 0.906780 0.361328 0.907839 0.361816 0.908898 0.361816 0.911547 0.362793 0.911547 0.363037 0.914725 0.362549 0.908369 0.363037 0.907309 0.363770 0.907839 0.365479 0.905191
1 0.351074 0.902542 0.349854 0.901483 0.349121 0.903602 0.347412 0.904661 0.347168 0.904131 0.347168 0.905191 0.346680 0.905720 0.347168 0.906250 0.347656 0.904661 0.348877 0.904131 0.349609 0.905720 0.348877 0.907309 0.349609 0.907839 0.350098 0.907309 0.350098 0.904131
1 0.400879 0.898305 0.400879 0.899894 0.400391 0.900953 0.402100 0.900953 0.402832 0.903072 0.403076 0.899364
1 0.358887 0.898835 0.362061 0.899894 0.362305 0.897775 0.360352 0.896716 0.360107 0.897775 0.359619 0.897246
1 0.364990 0.896186 0.364746 0.897775 0.365234 0.899894 0.366211 0.900424 0.366943 0.898835 0.367432 0.900424 0.367432 0.903072 0.366211 0.904661 0.366455 0.906250 0.367432 0.906250 0.367676 0.905191 0.367432 0.903602 0.367920 0.902542 0.367432 0.902013 0.367432 0.898835 0.369629 0.898835 0.368652 0.899364 0.368652 0.903072 0.369385 0.904131 0.369141 0.905191 0.370117 0.906780 0.370117 0.910487 0.370605 0.911547 0.370850 0.907309 0.371826 0.906250 0.372314 0.904661 0.371582 0.904661 0.369629 0.899364 0.369873 0.896186 0.369385 0.895127 0.368164 0.895127 0.367920 0.896186 0.366943 0.896716
1 0.340820 0.894597 0.339355 0.892479 0.338867 0.890360 0.338379 0.891949 0.337158 0.892479 0.336914 0.890360 0.336426 0.891419 0.336670 0.894068 0.335938 0.896716 0.336426 0.896186 0.337158 0.898305 0.336670 0.899364 0.335938 0.899364 0.335449 0.897775 0.334717 0.898305 0.334473 0.897246 0.333008 0.897246 0.332275 0.898835 0.332764 0.898835 0.333008 0.899894 0.334473 0.897775 0.334473 0.898835 0.335693 0.898835 0.335938 0.900953 0.337402 0.899894 0.337891 0.900424 0.339111 0.898835 0.340088 0.898835 0.339844 0.898305 0.340576 0.897246 0.340332 0.896186
1 0.394043 0.887712 0.394043 0.888771 0.394775 0.890360 0.396240 0.890360 0.396484 0.891419 0.398193 0.890890 0.398193 0.889831 0.397217 0.889301 0.397217 0.887712 0.396729 0.887712 0.396240 0.889831 0.395752 0.889831 0.395508 0.888771 0.395264 0.889831 0.394775 0.889831 0.394775 0.887712
1 0.350098 0.885593 0.349609 0.885593 0.349854 0.891949 0.348633 0.896716 0.348633 0.899364 0.346191 0.899364 0.345947 0.898305 0.346924 0.897246 0.346191 0.897246 0.345947 0.898305 0.343262 0.898835 0.342773 0.897775 0.342773 0.895657 0.342041 0.894597 0.341797 0.897246 0.342285 0.898305 0.342529 0.901483 0.342285 0.904131 0.341553 0.906780 0.340820 0.906780 0.340820 0.909428 0.341309 0.909958 0.341309 0.911547 0.341797 0.912076 0.341553 0.912606 0.343018 0.911547 0.342529 0.910487 0.342529 0.908898 0.341553 0.908369 0.341553 0.906780 0.343018 0.905720 0.343262 0.906250 0.343994 0.904661 0.344482 0.904661 0.343994 0.903602 0.343506 0.904661 0.343018 0.904131 0.343018 0.901483 0.343994 0.898835 0.344971 0.898835 0.345215 0.900953 0.345947 0.899894 0.346680 0.901483 0.346680 0.903072 0.347412 0.903072 0.347168 0.902542 0.349121 0.899894 0.350098 0.900424 0.351318 0.899364 0.351318 0.893538 0.350830 0.894068 0.349854 0.892479 0.350342 0.891949 0.349854 0.891419 0.350342 0.889831
1 0.347900 0.885593 0.347168 0.887182 0.347412 0.888771 0.346191 0.890890 0.346191 0.893008 0.347656 0.893538 0.348633 0.890360 0.347900 0.889301
1 0.357422 0.887712 0.358398 0.889301 0.359863 0.889301 0.360352 0.887712 0.360107 0.886653 0.361084 0.886123 0.362549 0.889301 0.361816 0.892479 0.363281 0.895657 0.364258 0.895657 0.364502 0.894068 0.364014 0.894068 0.363770 0.892479 0.364258 0.891419 0.365723 0.890890 0.364990 0.890360 0.365967 0.888771 0.367188 0.889831 0.366943 0.891419 0.366211 0.892479 0.365723 0.891949 0.366699 0.894597 0.366943 0.892479 0.368408 0.889831 0.367920 0.889301 0.367920 0.886653 0.368896 0.886123 0.368896 0.884534 0.367432 0.884534 0.365967 0.887712 0.365479 0.886653 0.364746 0.886653 0.364746 0.888242 0.364014 0.889831 0.363281 0.889831 0.362305 0.887182 0.362549 0.886123 0.362061 0.885064 0.362061 0.883475 0.361572 0.884534 0.360840 0.884534 0.360596 0.885593 0.359863 0.885593 0.359619 0.884004 0.359131 0.886123 0.358398 0.885593 0.357910 0.887182 0.358887 0.886123 0.359375 0.887712 0.358887 0.889301 0.358643 0.888242
1 0.351807 0.882415 0.351562 0.889301 0.353516 0.889831 0.352539 0.896716 0.352539 0.900424 0.354248 0.899894 0.353760 0.898835 0.353760 0.895127 0.354736 0.892479 0.355225 0.892479 0.354736 0.890890 0.354980 0.889301 0.356201 0.889301 0.357422 0.891949 0.357422 0.893538 0.358643 0.895657 0.358643 0.891949 0.356689 0.887712 0.355713 0.888771 0.355225 0.887182 0.355225 0.884534 0.354492 0.884534 0.354980 0.885593 0.354248 0.889301 0.354004 0.888242 0.353760 0.889301 0.353027 0.887182 0.353760 0.884004 0.352783 0.882415
1 0.343750 0.880826 0.343506 0.884004 0.343750 0.886123 0.344238 0.886653 0.344238 0.889301 0.345215 0.889301 0.345947 0.887712 0.344971 0.885593 0.343750 0.885064 0.343750 0.884004 0.344727 0.881886
1 0.374512 0.880297 0.374512 0.882945 0.373535 0.883475 0.373535 0.886123 0.374023 0.886653 0.374023 0.889301 0.373535 0.889831 0.373535 0.891419 0.370605 0.891949 0.370605 0.889831 0.370117 0.891419 0.372559 0.896186 0.372559 0.897775 0.372070 0.898835 0.372559 0.899894 0.373291 0.899894 0.374023 0.902013 0.375000 0.901483 0.375244 0.903072 0.375488 0.902013 0.376709 0.902013 0.376953 0.897775 0.377441 0.897775 0.377930 0.899894 0.378662 0.899364 0.378418 0.897775 0.377686 0.898305 0.377197 0.897246 0.378418 0.896716 0.378662 0.892479 0.377441 0.891949 0.376709 0.890360 0.376709 0.888771 0.375977 0.888771 0.374756 0.886653 0.375000 0.882945 0.376221 0.882945 0.376465 0.884004 0.377197 0.884004 0.377197 0.882415 0.377686 0.881356 0.375732 0.881356 0.375244 0.880297
1 0.369141 0.880297 0.369629 0.881356 0.369629 0.882945 0.371094 0.884534 0.371338 0.887182 0.371826 0.886123 0.371826 0.883475 0.372314 0.882945 0.372314 0.881356 0.371338 0.879237 0.370361 0.881356 0.369873 0.880297
1 0.398682 0.875000 0.398438 0.879767 0.396484 0.881886 0.396973 0.884004 0.397461 0.882945 0.397705 0.884004 0.398193 0.881886 0.398926 0.881886 0.398926 0.882945 0.399902 0.881886 0.399414 0.880826 0.399170 0.881886 0.398193 0.880826 0.399170 0.878708 0.398682 0.878178
1 0.378418 0.875000 0.378418 0.878708 0.378906 0.879237 0.378906 0.880826 0.380615 0.880826 0.380859 0.881886 0.380371 0.882945 0.381348 0.884004 0.381348 0.882945 0.381836 0.882945 0.382324 0.879237 0.380859 0.879237 0.380615 0.878178 0.378906 0.877119 0.378662 0.876059 0.379150 0.875000
1 0.341309 0.872881 0.340820 0.872881 0.340576 0.875000 0.341309 0.877119 0.341309 0.878708 0.340820 0.878708 0.340820 0.880826 0.340088 0.881356 0.340576 0.882945 0.341309 0.882415 0.341064 0.880297 0.341553 0.879767 0.341797 0.877119
1 0.361328 0.870763 0.360352 0.872352 0.359863 0.875530 0.360596 0.873411 0.360840 0.875000 0.361816 0.876589 0.362549 0.874470
1 0.366699 0.867585 0.366211 0.869703 0.364746 0.872881 0.364258 0.872881 0.364502 0.875530 0.366943 0.872881 0.366455 0.872352 0.366943 0.870233
1 0.354248 0.867055 0.353516 0.865466 0.353027 0.865466 0.352783 0.866525 0.352051 0.866525 0.352051 0.868114 0.352539 0.869174 0.353516 0.869174 0.353760 0.868114 0.354248 0.868114
1 0.364990 0.863877 0.364502 0.864407 0.364014 0.862818 0.363770 0.863347 0.364014 0.865466 0.362305 0.870233 0.363770 0.870233
1 0.375977 0.862288 0.375977 0.867055 0.377441 0.869703 0.377441 0.872352 0.379150 0.872352 0.380615 0.868644 0.379639 0.866525 0.378662 0.865996 0.378662 0.863347 0.378174 0.862288
1 0.412354 0.858581 0.411133 0.859110 0.410645 0.860169 0.410400 0.863347 0.409668 0.864936 0.410156 0.865996 0.411133 0.863877 0.411621 0.863877 0.411865 0.861758 0.412109 0.862288
1 0.348145 0.858051 0.348633 0.859110 0.348145 0.860169 0.348145 0.862818 0.347168 0.864407 0.347168 0.865466 0.346436 0.865996 0.346436 0.867055 0.345947 0.867055 0.346191 0.869703 0.345459 0.871292 0.346191 0.871822 0.345215 0.873411 0.345703 0.874470 0.346924 0.874470 0.346924 0.873411 0.347412 0.872881 0.347656 0.875000 0.347168 0.876059 0.347412 0.875530 0.347656 0.876589 0.346680 0.877119 0.346436 0.876059 0.345703 0.876059 0.345215 0.879767 0.345947 0.880826 0.346191 0.879767 0.346924 0.879767 0.346680 0.879237 0.347412 0.878708 0.347900 0.879767 0.347900 0.882945 0.350098 0.884004 0.351318 0.881886 0.351318 0.880826 0.349121 0.878178 0.348145 0.879237 0.348145 0.873411 0.347412 0.872881 0.348389 0.872352 0.348633 0.873411 0.348633 0.871822 0.348389 0.872352 0.347900 0.871292 0.348389 0.868114 0.349365 0.867055 0.349609 0.868114 0.351318 0.867055 0.351562 0.862288 0.351074 0.860699 0.351074 0.861758 0.350098 0.863877 0.348877 0.858581
1 0.369141 0.856992 0.369141 0.863877 0.369873 0.863877 0.371094 0.866525 0.371094 0.869174 0.371582 0.868644 0.372070 0.865996 0.372803 0.865996 0.373047 0.867055 0.375000 0.866525 0.375000 0.864936 0.374268 0.863347 0.374268 0.862288 0.372070 0.862288 0.371826 0.863347 0.371582 0.862818 0.371582 0.863877 0.372070 0.864407 0.373291 0.863877 0.374023 0.864936 0.372559 0.865466 0.372314 0.866525 0.371094 0.866525 0.370850 0.864936 0.369873 0.863877 0.370361 0.862288 0.370361 0.858581 0.369629 0.856992
1 0.355713 0.854343 0.355713 0.855403 0.354980 0.856462 0.354980 0.859640 0.354492 0.860169 0.354492 0.862818 0.354980 0.863877 0.355469 0.863347 0.355225 0.860699 0.356201 0.858051
1 0.346924 0.849576 0.346680 0.851165 0.345947 0.852754 0.345459 0.851695 0.344727 0.854343 0.345215 0.856462 0.346191 0.856992 0.346436 0.860169 0.345947 0.861229 0.346191 0.862818 0.345215 0.864407 0.345215 0.865996 0.345947 0.865996 0.346436 0.864407 0.346191 0.863877 0.347168 0.862288 0.346680 0.863347 0.346191 0.862818 0.347412 0.857521 0.346436 0.855403
1 0.405029 0.847987 0.404053 0.850636 0.403076 0.849047 0.403320 0.850106 0.402832 0.851165 0.402832 0.852225 0.403320 0.852754 0.403320 0.855403 0.403809 0.856462 0.403076 0.856992 0.402832 0.860699 0.402344 0.861758 0.402832 0.862818 0.403564 0.862818 0.403809 0.863877 0.404541 0.863347 0.404297 0.860699 0.404541 0.858051 0.405029 0.856992
1 0.329834 0.850636 0.328125 0.849576 0.327637 0.847987 0.327881 0.851165 0.326660 0.855403 0.328613 0.854873
1 0.389648 0.843220 0.389160 0.846928 0.390625 0.846398 0.391602 0.850106 0.390869 0.853814 0.389160 0.850636 0.388916 0.855932 0.388184 0.853284 0.389648 0.865996 0.387695 0.867585 0.387695 0.876589 0.386719 0.876059 0.387451 0.872881 0.384277 0.871292 0.386230 0.872881 0.386230 0.876589 0.384033 0.878708 0.385254 0.885064 0.382324 0.888771 0.382812 0.905720 0.384766 0.908369 0.383789 0.909428 0.384277 0.915254 0.382080 0.914725 0.382812 0.917903 0.384766 0.917373 0.384766 0.931674 0.382812 0.930085 0.384277 0.940678 0.385498 0.931144 0.386475 0.940148 0.387939 0.940148 0.387451 0.930614 0.389648 0.920021 0.390137 0.929555 0.388428 0.933263 0.390137 0.940678 0.388916 0.943326 0.388184 0.941737 0.387939 0.947034 0.385010 0.942797 0.383057 0.945445 0.386719 0.956038 0.388916 0.953919 0.391357 0.959216 0.390869 0.953390 0.395264 0.949682 0.394043 0.946504 0.392822 0.949682 0.391357 0.948623 0.391357 0.941208 0.392822 0.943326 0.391357 0.932203 0.393311 0.931144 0.392334 0.928496 0.393311 0.921610 0.389648 0.923199 0.389404 0.917373 0.390625 0.916843 0.388916 0.916843 0.390137 0.914725 0.389404 0.909428 0.392822 0.904131 0.392090 0.911547 0.394531 0.912076 0.394043 0.916843 0.395264 0.909958 0.394287 0.902542 0.391846 0.904131 0.393066 0.899894 0.394287 0.900953 0.392334 0.889831 0.391113 0.897775 0.389893 0.897775 0.391846 0.882945 0.390625 0.884534 0.390381 0.881886 0.392334 0.879237 0.391846 0.875000 0.389404 0.872881 0.391357 0.873411 0.391846 0.866525 0.393311 0.868114 0.394043 0.864936 0.394531 0.872352 0.393555 0.874470 0.396240 0.871822 0.394775 0.860699 0.391113 0.862288 0.391357 0.856992 0.389893 0.859110 0.391846 0.854873 0.392334 0.847987
1 0.332275 0.841102 0.331787 0.842161 0.331055 0.841102 0.330322 0.844280 0.328369 0.844280 0.328125 0.846928 0.329102 0.846928 0.329102 0.844809 0.330811 0.844809 0.331543 0.846928 0.331543 0.844280 0.332275 0.842691
1 0.301025 0.840042 0.300537 0.841631 0.300537 0.844280 0.299805 0.844809 0.299805 0.845869 0.299316 0.846398 0.300293 0.846928 0.300049 0.845339 0.301025 0.844809 0.301758 0.847987 0.301270 0.850636 0.300781 0.851165 0.300049 0.849576 0.299072 0.849576 0.300293 0.851695 0.299805 0.852754 0.299561 0.856462 0.300049 0.858051 0.299805 0.858581 0.300049 0.858051 0.300537 0.859110 0.301514 0.857521 0.302490 0.857521 0.301270 0.856462 0.301758 0.855403 0.301514 0.853814 0.302490 0.851165 0.302490 0.845869 0.301270 0.843220 0.301514 0.841102
1 0.347900 0.839513 0.347412 0.842161 0.347412 0.848517 0.349121 0.849047 0.351074 0.846398 0.350586 0.844809 0.349121 0.847458 0.348389 0.845869 0.348389 0.841102
1 0.343750 0.838983 0.343750 0.842691 0.344482 0.842691 0.344971 0.843750 0.346436 0.842161 0.345703 0.840572 0.345947 0.840042
1 0.319824 0.838983 0.319336 0.838983 0.318359 0.841102 0.320312 0.845339 0.319336 0.849047 0.320312 0.846928 0.321045 0.846398 0.321289 0.847458 0.322021 0.845339 0.321533 0.844809 0.322021 0.843220 0.320557 0.842161
1 0.405273 0.837394 0.405762 0.837924 0.405762 0.840572 0.406250 0.839513 0.407471 0.839513 0.407715 0.838453 0.408447 0.838453 0.408691 0.839513 0.409912 0.838983 0.410156 0.841102 0.408691 0.843220 0.408691 0.845869 0.409180 0.846928 0.410645 0.847458 0.410645 0.841631 0.410400 0.839513 0.409912 0.838983 0.410400 0.837924 0.409424 0.838983 0.408691 0.837394 0.408936 0.836864 0.408447 0.836864 0.408936 0.835805 0.406738 0.836335 0.406738 0.838983 0.405762 0.838453 0.406006 0.836864
1 0.393799 0.835805 0.392334 0.836864 0.393066 0.838453 0.392822 0.839513 0.391602 0.837924 0.391113 0.838983 0.391602 0.839513 0.391113 0.840042 0.392822 0.840572 0.393555 0.838453 0.394287 0.838453 0.393799 0.837394
1 0.367188 0.834216 0.367188 0.835805 0.367676 0.834216 0.368164 0.834746 0.368164 0.838453 0.367676 0.838983 0.367676 0.840572 0.368896 0.840572 0.368896 0.838983 0.369873 0.837924 0.370605 0.839513 0.370117 0.838453 0.370361 0.837924 0.368896 0.834746 0.368164 0.834746 0.367920 0.833686 0.367432 0.834746
1 0.306152 0.832097 0.304932 0.833686 0.302246 0.834746 0.301758 0.832627 0.302246 0.834746 0.302002 0.836864 0.302490 0.835805 0.302734 0.836864 0.302979 0.835805 0.304932 0.834216 0.305908 0.836335 0.305176 0.837924 0.305664 0.839513 0.304443 0.841102 0.303223 0.841102 0.302979 0.839513 0.302734 0.840042 0.302734 0.844280 0.303955 0.845869 0.304443 0.845869 0.304932 0.843750 0.305908 0.844809 0.307129 0.844280 0.306885 0.843750 0.307373 0.842691 0.308105 0.844809 0.308105 0.842691 0.307861 0.843750 0.307129 0.841631 0.307129 0.840042 0.306396 0.839513 0.305908 0.837924 0.306641 0.836335 0.306152 0.834746
1 0.323730 0.832627 0.323730 0.836335 0.324219 0.835275 0.325439 0.835275 0.326172 0.837394 0.327881 0.836335 0.328613 0.838453 0.330811 0.838453 0.330322 0.836864 0.329102 0.836864 0.328857 0.835805 0.328369 0.836864 0.327881 0.836335 0.327881 0.830508 0.326904 0.830508 0.325928 0.833686 0.325195 0.833686 0.324463 0.832097 0.324463 0.831038
1 0.343506 0.827331 0.339844 0.824682 0.340332 0.825212 0.339600 0.826271 0.340332 0.827860 0.340820 0.827860 0.341064 0.826801 0.341797 0.827331 0.341309 0.829449 0.341309 0.835275 0.340088 0.837924 0.339600 0.837394 0.339600 0.836335 0.339355 0.838453 0.338867 0.838983 0.338623 0.835805 0.338135 0.835275 0.338135 0.831038 0.336426 0.830508 0.336182 0.832627 0.334961 0.831568 0.334961 0.838453 0.336182 0.838453 0.335693 0.835275 0.336182 0.834216 0.336914 0.835805 0.336914 0.838453 0.337891 0.838983 0.337891 0.842691 0.338379 0.843220 0.338379 0.844809 0.340088 0.843220 0.340332 0.843750 0.340576 0.840042 0.339844 0.840042 0.339844 0.842691 0.339355 0.843220 0.339111 0.838983 0.339600 0.837924 0.339844 0.838983 0.342041 0.838453 0.341553 0.834746 0.342529 0.833157 0.342529 0.832097 0.343262 0.832097 0.343994 0.830508 0.343506 0.828919 0.343750 0.828390 0.343262 0.827860
1 0.385254 0.824153 0.384766 0.825212 0.384766 0.827860 0.386719 0.829979 0.386719 0.824682
1 0.362305 0.827331 0.362793 0.828390 0.362793 0.829979 0.363281 0.826801 0.364502 0.826801 0.365479 0.828919 0.365967 0.827860 0.365967 0.825212 0.364746 0.825212 0.364502 0.824153 0.363770 0.825212 0.363281 0.824153 0.363281 0.826801
1 0.387695 0.822034 0.388184 0.824682 0.388672 0.825212 0.388184 0.826271 0.388672 0.827331 0.388672 0.829979 0.389404 0.829979 0.390137 0.833157 0.389648 0.834216 0.391357 0.834216 0.391602 0.833157 0.392090 0.833157 0.392334 0.834746 0.392822 0.834746 0.392334 0.834216 0.392334 0.830508 0.392822 0.829979 0.392334 0.824682 0.391113 0.824682 0.391602 0.825212 0.391602 0.831038 0.391113 0.831568 0.390137 0.829979 0.389893 0.827331 0.389404 0.826801 0.389648 0.822564
1 0.403320 0.820975 0.403320 0.824682 0.402832 0.825212 0.402588 0.828390 0.401611 0.827860 0.401611 0.825212 0.400879 0.826271 0.399414 0.823093 0.399414 0.829979 0.398438 0.830508 0.398438 0.832097 0.397705 0.833686 0.396973 0.833686 0.396484 0.831568 0.395996 0.831568 0.396484 0.830508 0.396240 0.829979 0.395508 0.830508 0.396484 0.838453 0.396973 0.838983 0.396973 0.843750 0.395752 0.846398 0.394531 0.846398 0.394287 0.842161 0.393555 0.842161 0.393555 0.847987 0.394043 0.848517 0.394043 0.852225 0.393555 0.852754 0.393555 0.855403 0.394287 0.855403 0.394531 0.850106 0.395752 0.850106 0.396973 0.852754 0.396973 0.855403 0.396484 0.856462 0.397461 0.859110 0.397461 0.863877 0.398438 0.864936 0.397461 0.867055 0.398193 0.867055 0.399170 0.864936 0.399170 0.861229 0.399902 0.858581 0.400635 0.858581 0.401367 0.860699 0.402100 0.860169 0.402344 0.858051 0.401855 0.855932 0.400879 0.855932 0.400635 0.853814 0.400146 0.853284 0.400146 0.849576 0.398193 0.849047 0.399170 0.844280 0.399170 0.840042 0.398682 0.841102 0.398438 0.838983 0.400146 0.838453 0.400391 0.840572 0.399902 0.841102 0.399658 0.843750 0.401123 0.844809 0.401123 0.843220 0.400635 0.842161 0.401123 0.841631 0.401123 0.840042 0.400635 0.839513 0.400635 0.837394 0.400146 0.836864 0.401367 0.835275 0.402832 0.829979 0.403564 0.823093
1 0.380859 0.820975 0.382080 0.820975 0.382812 0.822034 0.383057 0.823623 0.383545 0.823623 0.383545 0.822034 0.384521 0.821504 0.384521 0.819915 0.384033 0.818856 0.382324 0.818856 0.382080 0.819915 0.381348 0.819915
1 0.290039 0.817797 0.290771 0.821504 0.292236 0.819386 0.293213 0.819386 0.293213 0.818326 0.291260 0.815678 0.290527 0.815678 0.290527 0.817267
1 0.353516 0.815678 0.353516 0.818326 0.354492 0.818856 0.354492 0.820445 0.355713 0.823623 0.355469 0.825742 0.357178 0.825742 0.357178 0.824153 0.357666 0.823623 0.357422 0.822034 0.356934 0.822034 0.356689 0.824153 0.355957 0.824153 0.355713 0.822034 0.355469 0.822564 0.354980 0.821504 0.355225 0.815148 0.354492 0.814619 0.354248 0.815678
1 0.201904 0.815678 0.199951 0.815678 0.199219 0.814089 0.198242 0.820975 0.197266 0.822564 0.196533 0.822034 0.197021 0.827331 0.197998 0.827860 0.198730 0.826271 0.199219 0.826801 0.199951 0.825742 0.200928 0.825742 0.201416 0.826801 0.201660 0.824682 0.200928 0.823623 0.201172 0.820445 0.200684 0.818856
1 0.329590 0.813559 0.329590 0.818326 0.330322 0.818326 0.330811 0.817267 0.330811 0.813559
1 0.463867 0.813030 0.462891 0.813559 0.462402 0.818856 0.463623 0.818326
1 0.392822 0.811441 0.392578 0.813030 0.394043 0.813559 0.393066 0.817267 0.394531 0.819915 0.394531 0.820975 0.393555 0.816737 0.394775 0.814619 0.393799 0.811441
1 0.371338 0.812500 0.372559 0.815148 0.374023 0.814089 0.373291 0.813030 0.373291 0.811441 0.371582 0.811441
1 0.281494 0.810381 0.282715 0.812500 0.282227 0.814619 0.282715 0.816208 0.283447 0.816208 0.283691 0.811970
1 0.388672 0.807733 0.388184 0.808792 0.389404 0.810911 0.389160 0.812500 0.390137 0.814089 0.390137 0.817267 0.390869 0.819386 0.391846 0.816737 0.391357 0.816208 0.391357 0.814619 0.390869 0.814089 0.390869 0.811970 0.390381 0.810381 0.389648 0.810381 0.389404 0.808263
1 0.383789 0.805085 0.381836 0.806144 0.382324 0.807733 0.381592 0.809322 0.379883 0.809322 0.379150 0.811441 0.376465 0.811441 0.375977 0.812500 0.376953 0.814089 0.376953 0.816208 0.377441 0.816208 0.377930 0.814089 0.378662 0.814089 0.379395 0.812500 0.381104 0.816208 0.381104 0.815148 0.381836 0.813559 0.381104 0.813030 0.381104 0.811441 0.381836 0.809852 0.382324 0.810381 0.382812 0.813030 0.384033 0.815148 0.384033 0.812500 0.383545 0.811441 0.382568 0.811441 0.382812 0.808792 0.382324 0.808263 0.382812 0.806674 0.383545 0.806674
1 0.338379 0.805085 0.338379 0.806674 0.337891 0.807733 0.338379 0.808792 0.339844 0.808792 0.339844 0.805085
1 0.595703 0.803496 0.595215 0.802966 0.595215 0.804555 0.594238 0.806144 0.594238 0.807733 0.593506 0.809322 0.592529 0.808792 0.593018 0.807733 0.593018 0.806144 0.592041 0.809322 0.591309 0.807203 0.591309 0.809852 0.591797 0.810381 0.591553 0.812500 0.592041 0.813559 0.590332 0.815678 0.590332 0.819915 0.588867 0.820975 0.588867 0.823623 0.587402 0.825742 0.588135 0.825742 0.588867 0.827331 0.588867 0.829449 0.587891 0.831038 0.587891 0.832627 0.586670 0.835275 0.586426 0.834746 0.586182 0.836335 0.586426 0.835275 0.586670 0.836335 0.586914 0.835805 0.588623 0.836864 0.589355 0.834746 0.588867 0.834216 0.589355 0.833157 0.590332 0.833686 0.590576 0.832627 0.590820 0.835275 0.590332 0.836335 0.590820 0.835275 0.591309 0.835805 0.591309 0.837924 0.590820 0.838453 0.591309 0.838453 0.591309 0.839513 0.592041 0.840572 0.592529 0.839513 0.592529 0.837924 0.591553 0.835275 0.591553 0.833686 0.592529 0.829979 0.592529 0.827331 0.591797 0.825212 0.591797 0.823623 0.592773 0.821504 0.593262 0.821504 0.593262 0.819915 0.594727 0.815678 0.594971 0.809852 0.594482 0.808263 0.595215 0.807733 0.594971 0.805085 0.595703 0.804555
1 0.340820 0.802966 0.340332 0.804555 0.343262 0.805085 0.342773 0.805614 0.342773 0.806674 0.343262 0.807203 0.343262 0.809852 0.343750 0.810911 0.343994 0.810381 0.343506 0.809852 0.343506 0.808792 0.344238 0.808263 0.344727 0.805614 0.343262 0.805085 0.342529 0.803496 0.343018 0.801907 0.342773 0.801377 0.342041 0.802966
1 0.335449 0.800847 0.334961 0.804555 0.334473 0.805085 0.333984 0.804025 0.333252 0.806144 0.332764 0.805614 0.332764 0.804025 0.332275 0.805085 0.331055 0.805085 0.330811 0.804555 0.331299 0.801907 0.330811 0.802966 0.330078 0.802966 0.330078 0.804555 0.330566 0.805085 0.330566 0.809852 0.329590 0.810911 0.330078 0.811970 0.331787 0.810911 0.332031 0.811970 0.333252 0.809852 0.333984 0.811441 0.333984 0.812500 0.333008 0.814089 0.333496 0.816208 0.333496 0.820445 0.333008 0.820975 0.333008 0.822034 0.333496 0.822564 0.332520 0.824153 0.333008 0.825212 0.333008 0.826801 0.331299 0.830508 0.331055 0.829449 0.329102 0.831038 0.329102 0.832097 0.330078 0.832097 0.331055 0.834216 0.331055 0.836335 0.331787 0.836335 0.332520 0.839513 0.332764 0.838983 0.331787 0.836335 0.332275 0.833157 0.332520 0.834216 0.334473 0.829979 0.335205 0.829449 0.334717 0.828919 0.335205 0.827860 0.334717 0.826271 0.335449 0.824682 0.335938 0.825212 0.335693 0.827331 0.336426 0.828919 0.337646 0.828919 0.339111 0.825742 0.337402 0.824153 0.337158 0.823093 0.336670 0.824153 0.335938 0.824153 0.335693 0.820975 0.334961 0.819386 0.334961 0.813559 0.336426 0.813030 0.336182 0.810381 0.335693 0.811441 0.335205 0.810381 0.335205 0.802966 0.335693 0.801907
1 0.304199 0.800847 0.304199 0.804025 0.306152 0.806144 0.306152 0.807733 0.305664 0.808792 0.306396 0.807733 0.306641 0.804025 0.306152 0.802966 0.304932 0.802966
1 0.406250 0.799788 0.406494 0.804555 0.406982 0.805614 0.406250 0.806674 0.406250 0.811441 0.405762 0.811441 0.405518 0.812500 0.405273 0.811970 0.405273 0.815148 0.404541 0.815678 0.404785 0.818326 0.405762 0.816208 0.405273 0.814089 0.406006 0.813030 0.406494 0.814619 0.406982 0.813030 0.407715 0.813030 0.407715 0.810911 0.408447 0.809322 0.408447 0.806674 0.407715 0.804025 0.407715 0.802436 0.406982 0.802436
1 0.585938 0.799258 0.585938 0.801377 0.586914 0.800318 0.589600 0.800318 0.590088 0.801377 0.589600 0.797669 0.589111 0.798729 0.588623 0.798729 0.588623 0.797669 0.587891 0.797669 0.587646 0.798729 0.586914 0.797669 0.586426 0.799258
1 0.374023 0.797669 0.374512 0.799258 0.373535 0.800318 0.374023 0.800847 0.374756 0.805614 0.375244 0.804025 0.375244 0.801907 0.374756 0.800847 0.375732 0.798729
1 0.326660 0.797669 0.326172 0.798729 0.326172 0.801377 0.326904 0.802436 0.327393 0.800847 0.327881 0.805085 0.326904 0.805614 0.326660 0.804555 0.326172 0.805614 0.327881 0.805614 0.328125 0.809322 0.328857 0.808792 0.328857 0.802966 0.328369 0.802436 0.328369 0.800847 0.327637 0.800847 0.326904 0.799258
1 0.003418 0.796610 0.001709 0.795551 0.000244 0.796610 0.000000 0.796081 0.000000 0.808263 0.000488 0.808263 0.002197 0.804025 0.002197 0.801377 0.003662 0.798199
1 0.367676 0.795551 0.369629 0.796610 0.369629 0.799258 0.370117 0.799788 0.370117 0.801377 0.371094 0.801907 0.371094 0.804025 0.371826 0.805614 0.371338 0.804555 0.371338 0.801907 0.371826 0.800847 0.370850 0.799258 0.370850 0.793432 0.370361 0.794492 0.369629 0.794492 0.369385 0.795551
1 0.360840 0.793432 0.361328 0.795021 0.363037 0.795021 0.363281 0.796081 0.364014 0.796081 0.363770 0.793962 0.362793 0.792373 0.361328 0.792373
1 0.689941 0.795551 0.689453 0.795551 0.689209 0.796610 0.687256 0.796610 0.686768 0.795551 0.687256 0.795021 0.687256 0.792373 0.688721 0.791314 0.687744 0.790254 0.686768 0.794492 0.683594 0.794492 0.683105 0.792373 0.683105 0.793962 0.682373 0.795551 0.681152 0.796081 0.683350 0.800318 0.683350 0.797669 0.682617 0.797140 0.682617 0.796081 0.685303 0.796610 0.686279 0.795551 0.687012 0.797140 0.686523 0.797669 0.686523 0.800318 0.686035 0.801377 0.687012 0.803496 0.687256 0.799258 0.688477 0.797140 0.689453 0.797140
1 0.613281 0.788136 0.613281 0.791314 0.616699 0.795551 0.616455 0.796610 0.615967 0.796610 0.615723 0.799788 0.615234 0.800318 0.615234 0.801907 0.616699 0.802436 0.616943 0.801907 0.616455 0.801377 0.616211 0.799258 0.616943 0.793962 0.617920 0.792903 0.617920 0.788136 0.617188 0.788136 0.617188 0.789725 0.616211 0.790254 0.615967 0.791314 0.615234 0.791314 0.614258 0.788136
1 0.309570 0.787076 0.309570 0.790784 0.310303 0.790784 0.310547 0.789725 0.312012 0.790784 0.312256 0.787076 0.311768 0.788136 0.310791 0.788136 0.310303 0.786017
1 0.619141 0.783898 0.618652 0.784958 0.618652 0.787606 0.619873 0.787606 0.620117 0.789725 0.621094 0.790254 0.621094 0.791843 0.622314 0.791843 0.622314 0.790254 0.621826 0.789725 0.622314 0.788665 0.622314 0.787076 0.621582 0.787076 0.621338 0.786017 0.620117 0.786017 0.619873 0.787076 0.619141 0.787076
1 0.382812 0.782839 0.382568 0.784958 0.380859 0.784958 0.380371 0.787076 0.381592 0.788136 0.381836 0.789195 0.382568 0.788665 0.383057 0.791843 0.382568 0.793962 0.381592 0.793432 0.379883 0.795551 0.381104 0.796081 0.381592 0.797140 0.381348 0.801377 0.382080 0.801377 0.382080 0.797669 0.381592 0.796610 0.382568 0.796081 0.382568 0.795021 0.383545 0.793962 0.383789 0.796081 0.382812 0.797669 0.383057 0.799258 0.383545 0.798199 0.383545 0.796610 0.384033 0.796081 0.383789 0.792373 0.384521 0.791843 0.384521 0.790784 0.384033 0.791314 0.383545 0.790254 0.384521 0.789195 0.383057 0.788665 0.382568 0.787606 0.383545 0.784958 0.383789 0.783369
1 0.315430 0.782839 0.313965 0.786017 0.313965 0.787076 0.315186 0.787606 0.315430 0.789725 0.316162 0.790784 0.315918 0.788136 0.316406 0.783369 0.316162 0.784428 0.315918 0.782839
1 0.385254 0.793432 0.384766 0.796610 0.385254 0.804025 0.385986 0.804555 0.385498 0.800847 0.386230 0.798199 0.387451 0.800318 0.387695 0.799258 0.388672 0.800318 0.390381 0.799258 0.390625 0.801377 0.394287 0.803496 0.395508 0.807733 0.395996 0.806674 0.397217 0.812500 0.396484 0.813559 0.396484 0.816208 0.398438 0.817267 0.399170 0.815148 0.397949 0.813030 0.398438 0.810381 0.400635 0.810911 0.401367 0.813030 0.400391 0.813559 0.399902 0.816737 0.400391 0.821504 0.401367 0.820975 0.401123 0.813559 0.402344 0.813030 0.401123 0.809852 0.401123 0.807733 0.398438 0.807203 0.397949 0.805085 0.396240 0.805085 0.395996 0.806674 0.395508 0.803496 0.396729 0.802436 0.396973 0.800318 0.397705 0.800847 0.397217 0.801377 0.398193 0.800847 0.398682 0.796081 0.399414 0.797140 0.398926 0.797669 0.399414 0.800847 0.399902 0.800318 0.399902 0.802436 0.400391 0.802436 0.400146 0.799788 0.400879 0.796081 0.403076 0.796081 0.403320 0.797140 0.402100 0.799788 0.403320 0.800318 0.404785 0.797140 0.407715 0.795551 0.406250 0.792373 0.402344 0.794492 0.401855 0.792373 0.398438 0.793432 0.398438 0.790784 0.400635 0.789725 0.399414 0.781780 0.399658 0.787076 0.397461 0.786017 0.396973 0.783898 0.397949 0.787076 0.396973 0.788136 0.397949 0.791314 0.396729 0.795021 0.396973 0.798199 0.395752 0.797140 0.395996 0.795551 0.395264 0.795551 0.395752 0.793962 0.394775 0.791843 0.395752 0.788665 0.395264 0.787076 0.394531 0.787076 0.394043 0.790254 0.393311 0.788665 0.393066 0.791843 0.394287 0.792903 0.394531 0.791314 0.395020 0.792903 0.394531 0.796081 0.393066 0.798199 0.389404 0.797669 0.388672 0.798729 0.388428 0.796610 0.387451 0.796610 0.386963 0.794492 0.386963 0.796081 0.386230 0.796610 0.385986 0.792903
1 0.317871 0.780720 0.317139 0.782839 0.316895 0.782309 0.316895 0.786017 0.317139 0.785487 0.317383 0.787606 0.318359 0.788136 0.317383 0.790254 0.317383 0.792903 0.318359 0.794492 0.318359 0.799258 0.319824 0.802436 0.322510 0.802436 0.322998 0.801377 0.322998 0.799788 0.322510 0.799258 0.322510 0.796610 0.323975 0.792373 0.323730 0.788136 0.323242 0.788136 0.323242 0.789725 0.322754 0.790254 0.322510 0.792373 0.319336 0.790254 0.318604 0.788665 0.319092 0.787076 0.317383 0.784428
1 0.348633 0.796081 0.349609 0.796081 0.349365 0.795551 0.349854 0.794492 0.351074 0.793962 0.351562 0.792903 0.352051 0.793962 0.352783 0.793962 0.353027 0.795021 0.353760 0.795021 0.353760 0.793432 0.354492 0.791843 0.355713 0.791843 0.355713 0.790254 0.354980 0.788136 0.356201 0.787606 0.356201 0.786017 0.356934 0.784428 0.357666 0.784428 0.358398 0.786017 0.358398 0.787076 0.360596 0.787606 0.361816 0.789725 0.365479 0.789725 0.365723 0.791843 0.366699 0.792903 0.366699 0.790254 0.365723 0.790254 0.365479 0.788136 0.364990 0.787606 0.366455 0.784428 0.366455 0.782839 0.365723 0.781780 0.365723 0.780720 0.364502 0.782839 0.361816 0.783898 0.361816 0.785487 0.360840 0.788136 0.359619 0.784958 0.358398 0.783898 0.357666 0.781780 0.356689 0.783898 0.355957 0.783898 0.355469 0.784958 0.355225 0.782839 0.353760 0.780191 0.354736 0.778602 0.353760 0.778602 0.353027 0.779661 0.353027 0.782309 0.352051 0.783898 0.353027 0.786017 0.353027 0.787606 0.351562 0.789195 0.351318 0.786017 0.350342 0.784958 0.350098 0.788665 0.350586 0.789725 0.351318 0.789725 0.351562 0.790784 0.349609 0.791314 0.349609 0.795021
1 0.379883 0.775424 0.379639 0.775953 0.380127 0.775953 0.380371 0.777013 0.378906 0.778072 0.379883 0.779661 0.379883 0.781250 0.381592 0.781250 0.381592 0.776483 0.381104 0.775424 0.380615 0.776483
1 0.367188 0.774364 0.366699 0.777013 0.366211 0.777542 0.366699 0.778072 0.366455 0.779131 0.367432 0.779661 0.367188 0.785487 0.367676 0.784428 0.369873 0.784428 0.370605 0.786017 0.371094 0.789195 0.372314 0.789725 0.372559 0.788665 0.373291 0.788665 0.373779 0.789725 0.374268 0.788665 0.374512 0.789725 0.374512 0.788136 0.374268 0.788665 0.373291 0.787606 0.373291 0.786017 0.374268 0.784428 0.373779 0.782839 0.373291 0.783898 0.372070 0.783898 0.371826 0.784958 0.370850 0.783369 0.370605 0.781780 0.369629 0.781780 0.369141 0.782839 0.369141 0.781780 0.367432 0.779131 0.367432 0.775424 0.367920 0.774894
1 0.152832 0.769068 0.151611 0.771716 0.151855 0.774364 0.153076 0.772246 0.153320 0.770127
1 0.394043 0.769068 0.392822 0.769597 0.392578 0.768538 0.391602 0.768538 0.391357 0.770657 0.392090 0.771716 0.392090 0.773835 0.391846 0.774364 0.391602 0.773305 0.391602 0.774894 0.390869 0.775424 0.390137 0.777542 0.389893 0.777013 0.389893 0.778602 0.388672 0.781780 0.387939 0.781780 0.387451 0.782839 0.386963 0.782309 0.386475 0.786017 0.385498 0.784428 0.385254 0.782839 0.384766 0.783898 0.385498 0.785487 0.385254 0.786017 0.386230 0.787606 0.387207 0.787076 0.387695 0.785487 0.388184 0.786017 0.388184 0.787076 0.388916 0.788136 0.388672 0.788665 0.390137 0.791314 0.389893 0.792903 0.389160 0.792373 0.389160 0.795551 0.389648 0.796081 0.392334 0.796081 0.392334 0.795021 0.390381 0.792903 0.390625 0.790784 0.392578 0.790784 0.392334 0.789195 0.392822 0.788136 0.391846 0.788136 0.391357 0.787076 0.391602 0.785487 0.394775 0.785487 0.394043 0.784958 0.394287 0.782839 0.392334 0.778602 0.393311 0.777013 0.393555 0.779131 0.395020 0.777013 0.395020 0.779131 0.395264 0.775424 0.395996 0.775424 0.395264 0.773305 0.394531 0.772775 0.394287 0.771186 0.395264 0.770127 0.395020 0.770657
1 0.404785 0.766949 0.404785 0.770657 0.408447 0.770657 0.407715 0.768538 0.407227 0.768538 0.406982 0.770657 0.406494 0.770127 0.406006 0.766419
1 0.397461 0.765890 0.396484 0.767479 0.397461 0.769597 0.397705 0.769068 0.398438 0.770127 0.397949 0.771186 0.396484 0.771186 0.396484 0.774894 0.397461 0.775953 0.396973 0.777013 0.397461 0.778072 0.397705 0.781250 0.396973 0.781780 0.398193 0.784958 0.397949 0.781780 0.398438 0.781780 0.398438 0.780191 0.399414 0.779661 0.398438 0.779661 0.398438 0.778072 0.399170 0.778072 0.399414 0.776483 0.399902 0.776483 0.400391 0.778072 0.399902 0.779661 0.400391 0.783898 0.400391 0.782839 0.401367 0.781250 0.401123 0.779661 0.401611 0.779131 0.401611 0.778072 0.401123 0.776483 0.401123 0.774364 0.399658 0.774364 0.399170 0.773305 0.399170 0.766949 0.398682 0.765890
1 0.316895 0.762712 0.316895 0.766419 0.317383 0.767479 0.318359 0.767479 0.319092 0.765360 0.319580 0.765360 0.319580 0.763242 0.319092 0.762182 0.317627 0.762182 0.317139 0.763242
1 0.398926 0.754237 0.398926 0.755826 0.398193 0.756886 0.396973 0.755297 0.395996 0.755297 0.395508 0.756886 0.395996 0.758475 0.395996 0.762182 0.397217 0.763242 0.397461 0.764301 0.397949 0.764301 0.398438 0.761653 0.397705 0.759534 0.398193 0.759004 0.398193 0.756886 0.398438 0.756356 0.398682 0.757415 0.399170 0.755297 0.399414 0.756356 0.399658 0.755826
1 0.396484 0.748941 0.396484 0.752119 0.396973 0.752119 0.397705 0.753708 0.398438 0.751059 0.398193 0.749470
1 0.294189 0.748411 0.292969 0.749470 0.293701 0.750000 0.293457 0.751059 0.292725 0.751059 0.291504 0.752648 0.291260 0.754767 0.291992 0.756886 0.292969 0.757945 0.292236 0.759534 0.290527 0.757415 0.289795 0.759004 0.288574 0.757415 0.288086 0.759004 0.288818 0.759004 0.289062 0.761123 0.289795 0.759534 0.290039 0.760593 0.290771 0.759534 0.291748 0.761653 0.291260 0.763242 0.291992 0.764831 0.291992 0.766419 0.291504 0.766949 0.291992 0.770657 0.291016 0.771716 0.291504 0.774894 0.291016 0.775424 0.290527 0.779131 0.291504 0.780720 0.291504 0.782309 0.291992 0.783369 0.292480 0.783369 0.293213 0.780720 0.294678 0.780191 0.295410 0.781780 0.294922 0.785487 0.295898 0.786547 0.296387 0.785487 0.296387 0.783898 0.295654 0.783369 0.296143 0.779661 0.295654 0.778602 0.295166 0.779661 0.294678 0.778602 0.294678 0.776483 0.295898 0.771186 0.296387 0.770657 0.295898 0.769068 0.295898 0.764831 0.296387 0.764831 0.296387 0.766419 0.296387 0.762712 0.295898 0.762182 0.295898 0.760593 0.293701 0.759004 0.293701 0.757945 0.294678 0.756886 0.295166 0.755297 0.295166 0.754237 0.294434 0.752648 0.293213 0.756886 0.292725 0.756356 0.293213 0.752648 0.293945 0.751059 0.294434 0.751589 0.294678 0.748941
1 0.571289 0.747881 0.570801 0.748941 0.570801 0.750530 0.572266 0.753708 0.572754 0.751589 0.573486 0.751589 0.572998 0.750530 0.572998 0.747881
1 0.376709 0.750000 0.375977 0.750000 0.375977 0.752119 0.375488 0.752119 0.375244 0.751059 0.375000 0.752119 0.373047 0.752119 0.372803 0.751059 0.371094 0.752119 0.370850 0.748411 0.370117 0.747881 0.369629 0.748941 0.369629 0.751589 0.370117 0.752648 0.370605 0.751589 0.370850 0.753708 0.369385 0.754237 0.368896 0.752119 0.367188 0.749470 0.367188 0.748411 0.367188 0.753708 0.367920 0.753708 0.368164 0.755826 0.368652 0.756356 0.368164 0.762182 0.369385 0.762182 0.369629 0.763242 0.371094 0.763771 0.371094 0.765360 0.370117 0.765890 0.369629 0.769597 0.368652 0.771186 0.368652 0.772775 0.369629 0.774364 0.369873 0.777013 0.370605 0.777013 0.370850 0.775424 0.370117 0.774894 0.370361 0.773305 0.370850 0.772775 0.371338 0.773835 0.371094 0.773305 0.371582 0.772775 0.370850 0.771716 0.371094 0.769597 0.371826 0.768008 0.372803 0.767479 0.372803 0.765890 0.371826 0.765360 0.371338 0.759534 0.373779 0.757945 0.374512 0.755826 0.375488 0.755826 0.376465 0.753708 0.376709 0.754237
1 0.273682 0.747881 0.273438 0.749470 0.273926 0.750530 0.273438 0.751059 0.273438 0.753178 0.274658 0.754237 0.274902 0.755297 0.276123 0.755826 0.276611 0.752119 0.276123 0.751589 0.275635 0.748411
1 0.273926 0.744703 0.273438 0.743644 0.272461 0.743644 0.271240 0.745763 0.269775 0.745233 0.269531 0.747352 0.270020 0.748411 0.269043 0.750530 0.270264 0.750530 0.270996 0.751589 0.271240 0.750000 0.270508 0.750000 0.270264 0.747881 0.271240 0.746292 0.273193 0.746822
1 0.676025 0.741525 0.677734 0.745233 0.678467 0.745233 0.679199 0.743114 0.680176 0.745233 0.678955 0.745763 0.679199 0.747881 0.680176 0.749470 0.680664 0.748411 0.681152 0.749470 0.681885 0.749470 0.682373 0.748411 0.682617 0.752648 0.683105 0.753708 0.683350 0.750000 0.682373 0.747352 0.682373 0.745763 0.683105 0.744703 0.682861 0.745233 0.682617 0.744174 0.682129 0.744703 0.681641 0.743644 0.680664 0.743644 0.680420 0.742585 0.679199 0.741525
1 0.377197 0.740466 0.376465 0.744703 0.378174 0.745233 0.378418 0.742585 0.377686 0.740466
1 0.569580 0.741525 0.567871 0.738347 0.567627 0.740466 0.566406 0.740466 0.566406 0.742585 0.567383 0.743644 0.567139 0.745233 0.565918 0.745763 0.564697 0.742585 0.563965 0.742585 0.563965 0.745233 0.563477 0.746292 0.562744 0.746292 0.563232 0.745763 0.563477 0.746822 0.564209 0.745763 0.564941 0.747352 0.565430 0.746292 0.568359 0.747352 0.569580 0.745233
1 0.544922 0.738347 0.544434 0.739407 0.544434 0.740996 0.545898 0.742055 0.544922 0.742585 0.545898 0.744703 0.545898 0.748411 0.544434 0.751059 0.544434 0.753708 0.546387 0.753178 0.544434 0.752648 0.545654 0.750530 0.545898 0.748941 0.546631 0.749470 0.546143 0.751059 0.546387 0.752119 0.546631 0.750530 0.547119 0.750530 0.547363 0.751589 0.548340 0.751589 0.548828 0.753178 0.548584 0.754237 0.548096 0.754237 0.548340 0.756886 0.547852 0.757415 0.547852 0.761653 0.548340 0.761653 0.548096 0.757415 0.549316 0.754767 0.550537 0.754767 0.551025 0.753708 0.552002 0.754767 0.552734 0.753178 0.553223 0.753178 0.552002 0.751059 0.551514 0.752119 0.550293 0.752119 0.549561 0.750530 0.549561 0.748411 0.548828 0.747352 0.548828 0.746292 0.547852 0.745763 0.547363 0.744703 0.547607 0.743644
1 0.267334 0.741525 0.266113 0.740466 0.265869 0.739407 0.265381 0.740466 0.264648 0.740466 0.263672 0.739407 0.263184 0.737288 0.262451 0.739407 0.261230 0.739407 0.262207 0.740466 0.261719 0.744703 0.262695 0.744703 0.263184 0.745763 0.262939 0.748411 0.263184 0.747352 0.265137 0.746292 0.264404 0.744703 0.264404 0.743644 0.265137 0.742055 0.265381 0.742585
1 0.556885 0.733051 0.555664 0.735169 0.556152 0.737818 0.556885 0.737818 0.557617 0.736229
1 0.379395 0.733051 0.378906 0.734110 0.379883 0.736229 0.378906 0.737818 0.379395 0.738877 0.381348 0.738877 0.381836 0.737288 0.380859 0.737288 0.380615 0.735169
1 0.679932 0.731462 0.679932 0.733581 0.681885 0.733581 0.682129 0.734640 0.682861 0.734640 0.683594 0.736229 0.682617 0.737288 0.682617 0.738877 0.683350 0.738877 0.683838 0.740996 0.685303 0.740996 0.685791 0.737818 0.682373 0.733581 0.681396 0.730932
1 0.558594 0.735169 0.559570 0.736229 0.559570 0.737818 0.561279 0.737818 0.561523 0.736758 0.562744 0.736758 0.562988 0.735699 0.564697 0.735699 0.564941 0.736758 0.564453 0.737818 0.563965 0.737288 0.564453 0.738877 0.566162 0.738877 0.566406 0.736758 0.568115 0.736758 0.567139 0.735169 0.566406 0.735169 0.565918 0.731992 0.565430 0.731992 0.565186 0.730932 0.563965 0.730932 0.563721 0.731992 0.562500 0.731992 0.562256 0.733051 0.561523 0.733051 0.561279 0.731992 0.560303 0.732521 0.560059 0.730932 0.559814 0.731992 0.559082 0.731992 0.559082 0.734640
1 0.417236 0.727754 0.417480 0.728284 0.416016 0.727754 0.415527 0.728814 0.414062 0.729343 0.413818 0.733051 0.413330 0.732521 0.413574 0.731462 0.412598 0.733051 0.412354 0.731992 0.410156 0.730932 0.410156 0.733581 0.409424 0.735169 0.409180 0.734640 0.408936 0.736758 0.410156 0.737818 0.409668 0.742055 0.410400 0.742055 0.411133 0.744174 0.412354 0.744703 0.412842 0.746822 0.412354 0.747352 0.412842 0.760064 0.413330 0.760064 0.413330 0.756886 0.412842 0.754767 0.413574 0.752119 0.413086 0.745763 0.415283 0.740996 0.414551 0.740466 0.414307 0.742055 0.412598 0.742585 0.412109 0.743644 0.411865 0.740466 0.412598 0.738877 0.413574 0.738877 0.413818 0.739936 0.413818 0.737818 0.414795 0.736229 0.413818 0.733051 0.414795 0.730932 0.415039 0.731462 0.415771 0.729873 0.416504 0.729873
1 0.248047 0.724576 0.246582 0.727754 0.247070 0.727754 0.247559 0.729343 0.249023 0.729873 0.249023 0.726165 0.248535 0.725636 0.248535 0.724576
1 0.561523 0.723517 0.561523 0.728284 0.563232 0.728284 0.562744 0.724576 0.562256 0.723517
1 0.530273 0.725636 0.530762 0.727754 0.531982 0.728284 0.533691 0.731462 0.533447 0.731992 0.535156 0.734110 0.535156 0.736758 0.536133 0.737288 0.536377 0.742055 0.538574 0.740466 0.538574 0.737818 0.538330 0.738347 0.537598 0.737288 0.536621 0.737288 0.535889 0.735699 0.535889 0.734110 0.535156 0.733581 0.535645 0.733051 0.535156 0.731462 0.535645 0.729343 0.535156 0.729343 0.534424 0.727754 0.534668 0.722458 0.534424 0.723517 0.533691 0.723517 0.533447 0.725636 0.532227 0.725636 0.531982 0.726695
1 0.378906 0.722987 0.380371 0.725636 0.379883 0.727225 0.379395 0.726695 0.379150 0.728284 0.380615 0.728284 0.381348 0.729343 0.380615 0.730932 0.379395 0.731462 0.381104 0.731462 0.382324 0.728284 0.382812 0.728814 0.382812 0.730403 0.383057 0.728814 0.382568 0.727754 0.383301 0.727225 0.382324 0.725636 0.382324 0.723517 0.382324 0.725106 0.381836 0.725636 0.381104 0.724576 0.381836 0.723517 0.380859 0.722458
1 0.564453 0.720339 0.564453 0.725636 0.563965 0.726695 0.563965 0.728284 0.566162 0.728284 0.566406 0.731462 0.566895 0.730403 0.567627 0.730403 0.567871 0.731462 0.569824 0.731462 0.570068 0.728284 0.569336 0.728814 0.569092 0.726695 0.566406 0.726695 0.566162 0.727754 0.565186 0.725106 0.565186 0.720339
1 0.306641 0.718750 0.304932 0.720339 0.304688 0.722987 0.303711 0.723517 0.303711 0.726695 0.304199 0.728284 0.304443 0.726695 0.305420 0.725106 0.304932 0.723517 0.306885 0.720339
1 0.236816 0.719280 0.237305 0.720339 0.237305 0.721928 0.238037 0.720869 0.238281 0.721928 0.239502 0.721928 0.239746 0.722987 0.241455 0.722987 0.241455 0.728284 0.241943 0.727754 0.241943 0.726165 0.242676 0.724047 0.242188 0.723517 0.242920 0.721928 0.242676 0.720339 0.243408 0.719280 0.242432 0.718220 0.241943 0.719280 0.241943 0.722458 0.241211 0.722458 0.240967 0.720339 0.239990 0.718220 0.238281 0.718220 0.238037 0.719280
1 0.561523 0.715042 0.561523 0.717691 0.562988 0.719280 0.562500 0.720339 0.562500 0.721928 0.562744 0.720339 0.563477 0.719809 0.562988 0.718750 0.563477 0.717691 0.563721 0.718750 0.563721 0.717161 0.563232 0.716631 0.563232 0.715042 0.562744 0.716102 0.562256 0.715042
1 0.529297 0.716631 0.530273 0.720869 0.532471 0.720869 0.531006 0.719809 0.531494 0.713983 0.530762 0.713983 0.530762 0.715042
1 0.267578 0.714513 0.266113 0.714513 0.266357 0.718220 0.265869 0.720339 0.265381 0.719809 0.265625 0.716102 0.265137 0.716102 0.265137 0.717691 0.263428 0.721928 0.262939 0.720339 0.263184 0.718750 0.262939 0.719809 0.262207 0.719280 0.262695 0.719280 0.262939 0.720339 0.261719 0.720339 0.262695 0.720869 0.261719 0.721398 0.261230 0.724576 0.260986 0.723517 0.259521 0.723517 0.258545 0.726695 0.255859 0.726695 0.256104 0.728284 0.257812 0.728814 0.257080 0.730932 0.254150 0.731462 0.257080 0.731462 0.257812 0.729343 0.260010 0.729343 0.260742 0.731462 0.260010 0.733051 0.259277 0.733051 0.258789 0.734640 0.261230 0.735699 0.261719 0.734640 0.261719 0.733051 0.262451 0.732521 0.262695 0.733581 0.263428 0.733581 0.264160 0.735699 0.265381 0.736229 0.265137 0.730932 0.263184 0.730932 0.262451 0.729343 0.262939 0.728284 0.265381 0.728284 0.265625 0.726165 0.266357 0.726165 0.266602 0.725106 0.267090 0.725636 0.267578 0.724576
1 0.248779 0.713983 0.248047 0.713983 0.247559 0.715042 0.248291 0.720339 0.248047 0.722987 0.248535 0.721928 0.249268 0.721928 0.249268 0.720869 0.248291 0.719809 0.248291 0.718220 0.249023 0.716102
1 0.545410 0.713983 0.546631 0.714513 0.546875 0.716631 0.547363 0.717691 0.548096 0.717691 0.548340 0.718750 0.549072 0.717691 0.549072 0.716102 0.548828 0.716631 0.548096 0.713983 0.546875 0.713983 0.546387 0.712924 0.546143 0.713983
1 0.616699 0.711864 0.616211 0.714513 0.616699 0.715572 0.616943 0.719809 0.617432 0.718750 0.617432 0.717161 0.617920 0.716631 0.617920 0.713983
1 0.264404 0.712394 0.263672 0.711864 0.262939 0.712924 0.262451 0.711864 0.261719 0.711864 0.261475 0.713453 0.259766 0.713983 0.259277 0.715572 0.261963 0.715572 0.262451 0.716631 0.261963 0.715042 0.262695 0.713453 0.263428 0.713453 0.263916 0.714513
1 0.689209 0.711335 0.688965 0.715572 0.688477 0.716102 0.688477 0.717691 0.687744 0.719809 0.687988 0.720869 0.687256 0.722458 0.686523 0.722458 0.686035 0.721398 0.686035 0.724576 0.686523 0.726165 0.687256 0.726695 0.687500 0.730403 0.687988 0.731462 0.688721 0.731462 0.689209 0.730403 0.688721 0.729873 0.688721 0.725636 0.689453 0.724047 0.690674 0.723517 0.690918 0.725106 0.690430 0.725636 0.690674 0.726165 0.689941 0.728284 0.690918 0.728814 0.690918 0.730403 0.691650 0.732521 0.691162 0.729343 0.691650 0.728284 0.692627 0.728814 0.693115 0.727225 0.691650 0.727225 0.690918 0.725636 0.690918 0.724576 0.691650 0.721928 0.692627 0.721928 0.692627 0.720339 0.693115 0.719809 0.692383 0.718220 0.692139 0.719280 0.691406 0.719280 0.690918 0.715042
1 0.248535 0.709746 0.246582 0.709746 0.246338 0.711335 0.245850 0.708686 0.245117 0.708686 0.244141 0.710805 0.245850 0.712394 0.245117 0.713983 0.245117 0.715572 0.246094 0.717691 0.246826 0.715572 0.246826 0.711864 0.248779 0.711335
1 0.554199 0.707627 0.554688 0.709216 0.555420 0.709216 0.555664 0.710275 0.556152 0.709216 0.556641 0.709746 0.556396 0.710275 0.556885 0.710275 0.557129 0.709216 0.559814 0.709216 0.560303 0.708157 0.559814 0.706568 0.558594 0.706568 0.558350 0.708686 0.557617 0.708686 0.556885 0.706568 0.556152 0.706568 0.555908 0.707627 0.555420 0.706568 0.554688 0.706568 0.554688 0.707627
1 0.546387 0.705508 0.545898 0.706568 0.545898 0.708157 0.545410 0.708686 0.545898 0.709746 0.545898 0.711335 0.546875 0.711335 0.547607 0.709216 0.546875 0.708686 0.547119 0.706568
1 0.258057 0.705508 0.257812 0.708157 0.256348 0.708686 0.255859 0.709746 0.255859 0.711335 0.255371 0.711864 0.256348 0.713983 0.255859 0.717691 0.254883 0.718220 0.254639 0.719280 0.253906 0.719280 0.253418 0.717161 0.252441 0.719280 0.253906 0.720869 0.253906 0.724047 0.254639 0.724047 0.254883 0.722987 0.256104 0.722987 0.256836 0.720869 0.257568 0.720869 0.257324 0.719809 0.258545 0.717161 0.257812 0.718220 0.257568 0.716102 0.257080 0.715572 0.257080 0.713983 0.256104 0.713453 0.256348 0.711335 0.257568 0.711335
1 0.243408 0.710805 0.242920 0.709746 0.242920 0.711335 0.241943 0.710805 0.241943 0.709746 0.241455 0.709216 0.241943 0.708157 0.240967 0.708157 0.240967 0.706568 0.241455 0.706038 0.241211 0.705508 0.240967 0.706568 0.239258 0.706568 0.239014 0.707627 0.238525 0.707627 0.238525 0.709216 0.237061 0.712394 0.237305 0.713453 0.237793 0.712924 0.238281 0.714513 0.238770 0.713453 0.239990 0.713453 0.240234 0.714513 0.241943 0.714513
1 0.264160 0.700212 0.262695 0.701271 0.262695 0.702860 0.263672 0.703919 0.262695 0.706038 0.263672 0.706038 0.264648 0.703390
1 0.680176 0.700212 0.680176 0.704979 0.680664 0.706038 0.682373 0.705508 0.682617 0.707097 0.683105 0.707097 0.683838 0.705508 0.684326 0.705508 0.684814 0.707097 0.685547 0.707627 0.683350 0.711864 0.682373 0.712394 0.681885 0.711335 0.682129 0.712394 0.685059 0.712924 0.687256 0.715572 0.687256 0.713453 0.686523 0.712394 0.687012 0.711335 0.687012 0.709216 0.686523 0.708686 0.686279 0.706568 0.686768 0.706038 0.687012 0.707097 0.687744 0.703919 0.687988 0.704979 0.689209 0.704449 0.688721 0.703390 0.687744 0.703919 0.686768 0.701801 0.683350 0.703390 0.682373 0.702331 0.681641 0.699682 0.681152 0.701271 0.680908 0.700212
1 0.530762 0.700212 0.529053 0.700212 0.528320 0.699153 0.528076 0.700212 0.527344 0.700212 0.527344 0.702331 0.527832 0.702860 0.526855 0.705508 0.527344 0.707097 0.526367 0.708157 0.526855 0.708686 0.527100 0.710805 0.526611 0.712394 0.528076 0.715572 0.528564 0.715572 0.528809 0.711335 0.530762 0.710805 0.530518 0.709216 0.531006 0.707097 0.531738 0.709216 0.532471 0.709216 0.531982 0.707627 0.529785 0.706568 0.529541 0.705508 0.529053 0.706568 0.528564 0.705508 0.528320 0.702860 0.529053 0.702331 0.529541 0.700742 0.529785 0.701271
1 0.201172 0.694386 0.200684 0.694915 0.200684 0.698623 0.201172 0.699153 0.201172 0.701801 0.201904 0.702331 0.201416 0.697034 0.201660 0.694915
1 0.681396 0.695975 0.682129 0.697564 0.683594 0.697564 0.683594 0.696504 0.684326 0.695975 0.685791 0.698093 0.685791 0.695975 0.684814 0.695445 0.684814 0.693856 0.684082 0.695975 0.683594 0.695975 0.683105 0.694386 0.682129 0.693326
1 0.260010 0.691737 0.259521 0.692797 0.258789 0.692797 0.258057 0.694915 0.257324 0.693856 0.257812 0.695445 0.256836 0.697034 0.256836 0.698623 0.256348 0.699153 0.257324 0.700212 0.256836 0.701271 0.257324 0.703390 0.258057 0.701801 0.257324 0.698623 0.258545 0.695975 0.258789 0.696504 0.260010 0.693856 0.260254 0.694386
1 0.567139 0.690678 0.566406 0.690678 0.566162 0.692797 0.565674 0.691737 0.563965 0.691737 0.563965 0.693326 0.564453 0.693856 0.564453 0.699153 0.564941 0.700212 0.564941 0.702331 0.565918 0.702331 0.565918 0.698623 0.566406 0.700212 0.567627 0.699682 0.566650 0.697564 0.567627 0.695445 0.568115 0.695445 0.567139 0.693856
1 0.666504 0.689619 0.665527 0.691737 0.665527 0.696504 0.665039 0.697034 0.665527 0.698623 0.665039 0.700742 0.665527 0.701801 0.664062 0.704449 0.664551 0.704449 0.665039 0.702860 0.666260 0.702860 0.667236 0.705508 0.666504 0.707627 0.666748 0.709216 0.667480 0.709746 0.667725 0.707627 0.668701 0.706568 0.669922 0.708686 0.669922 0.710275 0.669434 0.710805 0.670898 0.712394 0.670898 0.715572 0.672363 0.717691 0.673584 0.717691 0.675293 0.720869 0.676270 0.721398 0.676270 0.720339 0.675293 0.719280 0.675537 0.717161 0.677246 0.716631 0.677734 0.719280 0.679199 0.719809 0.679443 0.720869 0.678711 0.721928 0.678711 0.722987 0.679199 0.723517 0.680420 0.719809 0.680176 0.717691 0.680664 0.715042 0.680420 0.716102 0.679443 0.715572 0.680176 0.710275 0.679199 0.711864 0.677734 0.711335 0.677734 0.707627 0.678223 0.707097 0.677002 0.706568 0.675781 0.709216 0.676025 0.711864 0.675537 0.714513 0.674316 0.710805 0.674561 0.708157 0.675537 0.707097 0.675537 0.703919 0.674805 0.704449 0.674805 0.702331 0.674561 0.702860 0.673828 0.701271 0.672852 0.701271 0.672852 0.698623 0.672119 0.697034 0.671631 0.700742 0.670654 0.699153 0.669922 0.699153 0.669678 0.698093 0.668945 0.699153 0.668945 0.700742 0.669434 0.701271 0.669189 0.704449 0.668945 0.703390 0.668701 0.703919 0.666992 0.702860 0.666748 0.698093 0.667725 0.696504 0.667480 0.691737 0.671387 0.692267 0.671387 0.689619 0.670410 0.689619 0.670166 0.690678 0.668945 0.690678 0.668701 0.689619 0.666992 0.690678
1 0.554443 0.690148 0.553711 0.689619 0.553467 0.690678 0.552490 0.691208 0.551270 0.690678 0.550293 0.692267 0.554199 0.692267
1 0.395508 0.687500 0.395508 0.691737 0.394775 0.694915 0.394287 0.694386 0.394287 0.693326 0.392090 0.693856 0.393066 0.697564 0.394287 0.697034 0.394531 0.698093 0.394531 0.696504 0.395752 0.693856 0.395996 0.689089
1 0.402344 0.686441 0.401611 0.688559 0.400879 0.688559 0.400879 0.690148 0.401367 0.691208 0.402100 0.691208 0.402832 0.689089 0.402588 0.688559 0.403076 0.688030
1 0.522949 0.685911 0.522949 0.688030 0.521973 0.688559 0.521484 0.692267 0.522705 0.692267 0.522949 0.692797 0.522461 0.694386 0.523926 0.694386 0.525146 0.689089 0.523438 0.686970 0.523193 0.687500
1 0.169922 0.687500 0.170166 0.689089 0.171631 0.689619 0.171875 0.686970 0.171143 0.685911
1 0.262695 0.682733 0.261719 0.682203 0.261475 0.683263 0.259766 0.684322 0.259766 0.685911 0.260498 0.686970 0.260986 0.685911 0.262207 0.685911 0.262695 0.684852 0.262207 0.684322 0.262695 0.683792
1 0.540039 0.681144 0.539551 0.682203 0.539307 0.685381 0.538818 0.684852 0.538574 0.682203 0.538574 0.685381 0.538086 0.686970 0.538086 0.688030 0.538574 0.688559 0.538330 0.689619 0.539062 0.691208 0.538574 0.692267 0.537598 0.691208 0.538086 0.690678 0.536621 0.690678 0.536133 0.689619 0.534668 0.690148 0.534424 0.689089 0.534912 0.686970 0.533936 0.685381 0.533936 0.689619 0.531738 0.690678 0.534180 0.691737 0.534180 0.693326 0.534668 0.693856 0.534180 0.694915 0.534180 0.696504 0.534912 0.696504 0.534912 0.694915 0.535400 0.693856 0.537598 0.694915 0.537598 0.699153 0.537109 0.700212 0.535156 0.701271 0.535156 0.703390 0.536377 0.701801 0.536865 0.704449 0.537354 0.704979 0.538574 0.703390 0.538818 0.704449 0.538330 0.705508 0.539062 0.703919 0.539551 0.703919 0.538818 0.701271 0.539062 0.700742 0.538574 0.700212 0.538818 0.694915 0.540283 0.694386 0.540527 0.695445 0.540039 0.691737 0.540771 0.691208 0.541260 0.692267 0.541260 0.690678 0.540039 0.689089
1 0.544678 0.678496 0.544434 0.680614 0.543945 0.681144 0.543945 0.682733 0.542480 0.685381 0.545166 0.685911 0.545166 0.683263 0.545654 0.682733 0.545654 0.681144 0.544678 0.679555
1 0.252930 0.678496 0.252930 0.681674 0.252441 0.682203 0.252441 0.685911 0.253418 0.686441 0.252930 0.688030 0.253662 0.686970 0.254150 0.684852 0.254883 0.686441 0.254883 0.691208 0.257324 0.686441 0.258057 0.689089 0.258545 0.686441 0.257568 0.685381 0.257568 0.683263 0.257080 0.684322 0.256348 0.683263 0.255371 0.683263 0.255127 0.681144 0.254150 0.679025
1 0.238281 0.682203 0.239014 0.681674 0.239258 0.683792 0.240234 0.685911 0.238770 0.686441 0.237793 0.688559 0.237793 0.691737 0.238525 0.693856 0.239014 0.693326 0.238281 0.691208 0.238525 0.689619 0.241699 0.682733 0.243164 0.684852 0.245850 0.683792 0.246338 0.685911 0.244629 0.686441 0.244385 0.688559 0.242920 0.686441 0.241211 0.686441 0.242188 0.689619 0.241211 0.692797 0.241455 0.694915 0.242676 0.694386 0.242676 0.693326 0.243896 0.693856 0.244141 0.692267 0.244873 0.692267 0.244385 0.691208 0.244385 0.689619 0.245850 0.689089 0.246582 0.690678 0.246582 0.693326 0.247559 0.696504 0.249023 0.696504 0.249756 0.695445 0.250244 0.696504 0.250244 0.700742 0.250732 0.700212 0.250244 0.698093 0.250977 0.698093 0.250488 0.697034 0.250977 0.696504 0.250000 0.695445 0.250488 0.693326 0.252686 0.694386 0.252930 0.696504 0.253662 0.696504 0.254150 0.698623 0.254150 0.695975 0.253418 0.694386 0.253662 0.689619 0.252441 0.689619 0.252197 0.690678 0.251465 0.690678 0.250977 0.689619 0.249512 0.691737 0.250000 0.693856 0.249512 0.694915 0.247314 0.693856 0.248291 0.692267 0.247070 0.691208 0.247314 0.683263 0.247803 0.682733 0.248779 0.685381 0.249268 0.683792 0.249268 0.681144 0.247559 0.682203 0.246582 0.680085 0.246338 0.681144 0.244873 0.682203 0.244141 0.681144 0.242188 0.681144 0.241699 0.679555 0.241455 0.680614 0.240967 0.679025 0.239746 0.679025 0.239502 0.680085 0.239014 0.678496
1 0.688477 0.679555 0.688721 0.681674 0.689941 0.681674 0.690918 0.683263 0.690918 0.685381 0.691162 0.683792 0.692871 0.683792 0.693604 0.682203 0.693115 0.681674 0.693359 0.680085 0.692871 0.681144 0.692627 0.680085 0.691406 0.680085 0.690918 0.679025 0.690674 0.680085 0.690186 0.680085 0.688965 0.677966
1 0.632080 0.674258 0.632080 0.676377 0.631592 0.677436 0.631348 0.676907 0.631348 0.678496 0.630371 0.680085 0.631104 0.681674 0.632568 0.682733 0.633545 0.684322 0.633545 0.685911 0.635742 0.688030 0.637695 0.685381 0.637695 0.683792 0.636963 0.682733 0.637939 0.679555 0.637451 0.674788 0.636230 0.675318 0.634521 0.681674 0.633789 0.678496 0.633789 0.674788 0.633057 0.673729 0.632568 0.673729 0.632324 0.674788
1 0.719238 0.673199 0.718750 0.673199 0.718262 0.675847 0.716797 0.676907 0.716797 0.680614 0.715332 0.683263 0.715332 0.685911 0.715820 0.686970 0.714844 0.688559 0.715088 0.690148 0.716064 0.690678 0.716797 0.689089 0.717529 0.689089 0.717529 0.687500 0.716797 0.686970 0.717041 0.683263 0.719971 0.676907 0.718994 0.674788
1 0.545898 0.673729 0.545898 0.676377 0.546387 0.677436 0.546875 0.676377 0.547607 0.676377 0.547852 0.677436 0.549072 0.675318 0.548340 0.674788 0.547852 0.675847 0.547363 0.674788 0.546875 0.675847 0.546631 0.673199
1 0.678467 0.674258 0.679199 0.674788 0.678711 0.676377 0.679688 0.674788 0.680176 0.676377 0.679443 0.677966 0.678223 0.677966 0.677979 0.679555 0.678955 0.679555 0.679443 0.680614 0.678955 0.679025 0.679932 0.678496 0.680176 0.679555 0.680908 0.679555 0.681396 0.680614 0.680908 0.679555 0.681152 0.676377 0.680664 0.673729 0.680176 0.673729 0.679932 0.674788 0.679199 0.672669
1 0.132324 0.672669 0.130859 0.675847 0.131104 0.677436 0.132568 0.677436 0.133057 0.675847
1 0.621338 0.671610 0.621094 0.675847 0.622070 0.676377 0.622559 0.675318 0.622559 0.672669 0.622070 0.671610
1 0.233398 0.671610 0.233398 0.673199 0.232910 0.673729 0.233398 0.674788 0.232910 0.675847 0.233154 0.677436 0.235107 0.677436 0.236084 0.676377 0.235596 0.674788 0.233887 0.674788 0.233887 0.671610
1 0.683105 0.669492 0.683105 0.673729 0.682617 0.673729 0.682861 0.674788 0.682373 0.680614 0.683838 0.683263 0.683838 0.684852 0.682617 0.684852 0.682617 0.686441 0.683105 0.687500 0.682129 0.688559 0.681396 0.685911 0.680664 0.685381 0.680664 0.690148 0.681152 0.689089 0.681641 0.690148 0.682861 0.689089 0.683105 0.690148 0.683350 0.689089 0.683594 0.689619 0.683350 0.688030 0.684326 0.686970 0.684814 0.688030 0.684570 0.688559 0.684814 0.688030 0.686035 0.690678 0.687012 0.694386 0.687988 0.694915 0.688477 0.687500 0.686035 0.683263 0.686035 0.679555 0.685059 0.680085 0.684570 0.679025 0.684814 0.675847 0.685547 0.674258 0.685059 0.673729 0.684814 0.674788 0.683594 0.674788 0.683105 0.672669 0.683594 0.669492
1 0.138916 0.672140 0.137939 0.672140 0.136963 0.669492 0.135986 0.671081 0.135742 0.670551 0.135254 0.672140 0.135254 0.677436 0.134277 0.679555 0.133789 0.679555 0.136475 0.677436 0.137695 0.674788 0.137695 0.672669 0.137939 0.672140 0.138428 0.673199
1 0.264404 0.668432 0.263672 0.667903 0.261719 0.670021 0.259766 0.669492 0.259766 0.671081 0.261230 0.671081 0.261963 0.670021 0.262695 0.671610 0.262451 0.672140 0.263672 0.668962
1 0.641113 0.667373 0.638672 0.668432 0.638428 0.672669 0.639160 0.674788 0.639160 0.676907 0.639893 0.675847 0.640137 0.676907 0.640625 0.673729 0.641602 0.672140
1 0.656006 0.669492 0.656982 0.670021 0.657959 0.672669 0.658203 0.671610 0.658691 0.671610 0.658203 0.671081 0.658691 0.670021 0.659180 0.671081 0.659912 0.671081 0.659912 0.669492 0.658936 0.670021 0.658691 0.667373 0.657471 0.665254 0.656738 0.666314 0.656738 0.668432
1 0.148438 0.662076 0.148193 0.663136 0.147461 0.663136 0.147461 0.666314 0.146484 0.668432 0.147217 0.670021 0.147705 0.668432 0.148438 0.668432 0.148926 0.667373 0.149170 0.663136
1 0.552002 0.661017 0.550781 0.661017 0.550781 0.663665 0.549316 0.664195 0.549316 0.666843 0.548828 0.667373 0.549316 0.668962 0.550781 0.670021 0.551270 0.669492 0.550537 0.669492 0.550537 0.664195 0.551514 0.663665 0.552002 0.662606
1 0.075439 0.657309 0.075684 0.661017 0.077393 0.660487 0.078125 0.662076 0.078613 0.662076 0.079346 0.659958 0.080078 0.659958 0.079590 0.658898 0.079346 0.659428 0.078857 0.657839 0.076904 0.658898 0.076660 0.657839
1 0.072266 0.654661 0.071533 0.657839 0.071533 0.661017 0.072510 0.659958 0.073242 0.657309 0.072998 0.655720
1 0.368652 0.654661 0.369141 0.655191 0.368896 0.656780 0.369873 0.656250 0.370117 0.657309 0.370605 0.656780 0.371094 0.658369 0.372803 0.658369 0.373291 0.657309 0.373535 0.658369 0.374756 0.658369 0.375000 0.660487 0.375732 0.660487 0.375732 0.655720 0.373535 0.655720 0.372803 0.653602 0.372070 0.653602 0.371826 0.654661
1 0.223877 0.647246 0.222656 0.649894 0.223633 0.651483 0.223633 0.653072 0.224121 0.654131 0.224854 0.652542 0.224854 0.648305
1 0.148682 0.648835 0.147705 0.647246 0.146484 0.647246 0.146484 0.649894 0.145752 0.650424 0.146240 0.650953 0.146240 0.652013 0.144775 0.655191 0.144531 0.657309 0.145020 0.656780 0.145264 0.654661 0.146240 0.653072 0.148193 0.653072 0.148682 0.654131 0.149170 0.653072 0.148682 0.652013
1 0.628662 0.648835 0.627930 0.646186 0.626953 0.647775 0.626221 0.646716 0.625977 0.648305 0.626465 0.649894
1 0.564697 0.645127 0.563477 0.645127 0.562500 0.647246 0.562500 0.651483 0.563721 0.648305 0.564209 0.648835 0.565186 0.646716
1 0.369141 0.644597 0.368652 0.646716 0.368652 0.649364 0.369629 0.652013 0.370605 0.647775 0.369873 0.646186 0.369873 0.644597
1 0.709961 0.644068 0.711182 0.645127 0.710938 0.648835 0.709961 0.649894 0.711670 0.652013 0.711670 0.650424 0.712158 0.649894 0.712158 0.646186 0.711670 0.645127
1 0.647461 0.644597 0.648193 0.646186 0.648438 0.649364 0.648926 0.649364 0.648926 0.653602 0.649170 0.652542 0.649902 0.654131 0.649414 0.654661 0.649902 0.655191 0.652588 0.654661 0.653564 0.651483 0.655762 0.652013 0.652100 0.650953 0.652100 0.646716 0.650391 0.644068 0.650391 0.645127 0.649902 0.645127 0.649658 0.646186 0.647949 0.644068
1 0.372070 0.641949 0.372070 0.643538 0.373291 0.643538 0.373535 0.644597 0.374512 0.645127 0.374512 0.647775 0.373047 0.648305 0.372559 0.652013 0.375244 0.651483 0.377686 0.652013 0.377930 0.653072 0.379150 0.653072 0.379639 0.652013 0.378906 0.649364 0.378174 0.651483 0.376953 0.651483 0.375732 0.648305 0.374756 0.647775 0.374512 0.643008 0.374268 0.644597 0.373779 0.641949 0.373291 0.643008 0.372803 0.641949
1 0.122803 0.641949 0.122559 0.643538 0.121826 0.644068 0.121094 0.646716 0.121582 0.649894 0.122314 0.650953 0.123291 0.649894 0.123779 0.650953 0.123779 0.645127 0.123291 0.644597 0.123779 0.643538
1 0.133789 0.640890 0.133057 0.643008 0.132568 0.641949 0.130371 0.643008 0.130371 0.646716 0.130859 0.647775 0.129639 0.650424 0.129150 0.650424 0.128662 0.648835 0.128174 0.649364 0.127686 0.651483 0.127686 0.654661 0.128174 0.655191 0.128418 0.658369 0.128662 0.656780 0.129395 0.655720 0.129395 0.653072 0.129883 0.652013 0.130859 0.652542 0.131104 0.656250 0.133545 0.657309 0.133545 0.655720 0.134033 0.655191 0.133545 0.654131 0.133789 0.652542 0.134521 0.651483 0.132568 0.648835 0.132568 0.646186 0.134033 0.643538 0.133545 0.642479 0.134033 0.641419
1 0.178223 0.639831 0.177734 0.643538 0.178223 0.644068 0.178223 0.645657 0.179199 0.645657 0.180420 0.641419 0.180176 0.640360 0.179199 0.643538 0.178467 0.642479
1 0.379883 0.639831 0.379883 0.641419 0.380371 0.641949 0.379883 0.643538 0.380859 0.644068 0.380615 0.645127 0.379883 0.645127 0.380371 0.646186 0.380371 0.647775 0.381104 0.647775 0.381348 0.648835 0.382568 0.648835 0.383301 0.650953 0.383789 0.649894 0.384766 0.650953 0.385498 0.649894 0.385742 0.650953 0.386963 0.649894 0.387207 0.648835 0.388184 0.649364 0.388428 0.650953 0.386963 0.653602 0.386475 0.652542 0.385742 0.653072 0.386475 0.656250 0.386230 0.659428 0.385742 0.659958 0.385986 0.660487 0.386963 0.658369 0.387695 0.659428 0.387939 0.657839 0.387451 0.658898 0.387207 0.658369 0.387695 0.656250 0.388184 0.656250 0.389160 0.658369 0.389648 0.657309 0.390381 0.659428 0.391357 0.658369 0.390869 0.653602 0.390137 0.651483 0.390137 0.640890 0.389404 0.641419 0.389404 0.643008 0.388916 0.644068 0.387207 0.644068 0.386719 0.642479 0.386230 0.643008 0.386719 0.644068 0.386719 0.645657 0.385986 0.647246 0.385254 0.646186 0.384033 0.648305 0.382812 0.648305 0.382324 0.647246 0.382324 0.644597 0.382812 0.643008 0.382324 0.640890 0.381592 0.640360 0.382080 0.639831 0.381348 0.639831 0.381104 0.638771 0.380371 0.638771
1 0.167725 0.641949 0.166504 0.641949 0.165039 0.637712 0.163818 0.639831 0.162109 0.639831 0.161865 0.640890 0.161133 0.640890 0.160889 0.641949 0.160156 0.641949 0.159668 0.643008 0.158691 0.637712 0.158691 0.640360 0.157715 0.643008 0.157715 0.645657 0.156738 0.646186 0.156494 0.647246 0.156006 0.646186 0.156006 0.644597 0.156982 0.643008 0.156006 0.640890 0.155762 0.638771 0.154785 0.638771 0.154541 0.639831 0.152344 0.639831 0.152100 0.640890 0.151367 0.638771 0.150879 0.638771 0.150879 0.646716 0.150391 0.647775 0.150391 0.652013 0.153076 0.652013 0.153809 0.653602 0.154541 0.652542 0.154053 0.652013 0.154297 0.649894 0.155518 0.649894 0.155762 0.648835 0.156250 0.649894 0.157471 0.649894 0.158936 0.646716 0.158447 0.645657 0.158936 0.643538 0.162354 0.643538 0.163086 0.644597 0.162598 0.646716 0.163330 0.646716 0.163574 0.647775 0.164795 0.647775 0.164795 0.646186 0.164307 0.647246 0.163818 0.646716 0.163818 0.644597 0.164307 0.643538 0.165771 0.643538 0.166016 0.641419 0.166504 0.641949 0.166260 0.643538 0.167725 0.643538
1 0.554688 0.637182 0.554443 0.638242 0.554199 0.637712 0.553955 0.638771 0.552246 0.639831 0.552246 0.642479 0.553223 0.644068 0.553223 0.645657 0.552734 0.646186 0.552246 0.645127 0.551758 0.646186 0.551758 0.647775 0.552246 0.648305 0.552246 0.651483 0.553467 0.652013 0.554199 0.653602 0.554199 0.655191 0.554688 0.653072 0.556885 0.653072 0.557129 0.652013 0.558105 0.653072 0.558350 0.649364 0.556152 0.649364 0.555908 0.648305 0.555420 0.649364 0.554443 0.648835 0.554443 0.644068 0.553711 0.644068 0.553467 0.643008 0.554199 0.642479 0.554688 0.640890
1 0.557129 0.635064 0.556152 0.635593 0.556152 0.640360 0.555664 0.640890 0.555664 0.642479 0.556641 0.641949
1 0.643555 0.633475 0.643555 0.635064 0.644287 0.635593 0.643066 0.637712 0.643555 0.637712 0.644043 0.639301 0.644775 0.639301 0.645020 0.640360 0.647217 0.640360 0.647461 0.639301 0.648682 0.641419 0.649170 0.639831 0.648682 0.640890 0.648193 0.640360 0.648193 0.636123 0.647217 0.637712 0.646973 0.636653 0.645508 0.637712 0.645264 0.636123 0.644287 0.635593
1 0.612305 0.632945 0.611572 0.637182 0.613037 0.639301 0.613525 0.638242 0.613525 0.636653
1 0.269287 0.634534 0.268555 0.635593 0.267090 0.632415 0.266846 0.635064 0.266357 0.632415 0.266357 0.637712 0.264648 0.638771 0.262695 0.636653 0.262695 0.638242 0.263672 0.638771 0.263184 0.640360 0.264648 0.640890 0.263916 0.643008 0.263184 0.643008 0.264404 0.644068 0.264160 0.646716 0.264648 0.647246 0.264648 0.648835 0.264160 0.649364 0.264160 0.652013 0.263428 0.652542 0.263184 0.654131 0.264160 0.652013 0.265381 0.652013 0.265869 0.649894 0.266602 0.651483 0.267090 0.651483 0.267090 0.650424 0.267822 0.649894 0.267822 0.645657 0.267334 0.644597 0.267334 0.643008 0.266846 0.644597 0.265869 0.643538 0.265869 0.641949 0.267578 0.638242 0.268311 0.638242 0.268311 0.636653 0.269043 0.636123
1 0.138184 0.632415 0.137695 0.634004 0.137695 0.635064 0.138184 0.635593 0.138184 0.640360 0.137207 0.640890 0.136963 0.641949 0.136230 0.637712 0.135742 0.638771 0.135742 0.640360 0.136230 0.640890 0.136230 0.643538 0.137695 0.644068 0.137939 0.649364 0.136719 0.653072 0.136230 0.652542 0.136719 0.654131 0.135742 0.654661 0.135742 0.656250 0.135254 0.656780 0.135254 0.658369 0.136475 0.658369 0.136963 0.655191 0.137207 0.659428 0.137695 0.660487 0.136719 0.660487 0.136475 0.661547 0.136230 0.659958 0.135254 0.659958 0.134766 0.661547 0.136230 0.661547 0.136719 0.662606 0.136719 0.665254 0.137695 0.666314 0.137695 0.668432 0.138916 0.669492 0.139160 0.670551 0.140137 0.667903 0.139404 0.668432 0.138916 0.667373 0.138184 0.667373 0.137939 0.666314 0.139404 0.663136 0.140381 0.663665 0.140137 0.661017 0.139648 0.662076 0.139404 0.660487 0.140381 0.659428 0.140625 0.657309 0.140381 0.653602 0.139160 0.652013 0.138916 0.650424 0.139404 0.649894 0.139404 0.648835 0.138916 0.647246 0.139404 0.646716 0.139404 0.644068 0.140137 0.642479 0.141113 0.645127 0.141846 0.641949 0.142334 0.641419 0.142578 0.638242 0.140137 0.635593 0.139404 0.632415
1 0.541016 0.628178 0.540039 0.631886 0.541748 0.631886 0.541992 0.632415 0.541504 0.632945 0.542725 0.632945 0.542969 0.635064 0.543457 0.635593 0.543213 0.637182 0.543701 0.636123 0.543701 0.633475 0.542969 0.631886 0.543213 0.630297 0.542480 0.630297 0.541748 0.628178
1 0.174316 0.628178 0.174316 0.629767 0.173340 0.631356 0.173340 0.632945 0.175537 0.637182 0.175537 0.634534 0.176758 0.632945 0.175781 0.632415 0.175537 0.633475 0.175049 0.633475 0.174805 0.632415 0.175781 0.630826 0.175781 0.629237 0.175293 0.628178
1 0.042725 0.627648 0.041992 0.627648 0.041992 0.628708 0.041016 0.628708 0.040527 0.630297 0.041260 0.631886 0.042480 0.631886 0.043213 0.629237 0.042725 0.628708
1 0.483154 0.627119 0.482666 0.627648 0.483154 0.634534 0.482666 0.637182 0.481689 0.637712 0.480713 0.640360 0.480713 0.643538 0.481689 0.643538 0.483154 0.639301 0.485107 0.635593 0.484619 0.635064 0.484863 0.631886
1 0.145508 0.627648 0.145508 0.630826 0.145020 0.631356 0.145508 0.632945 0.147217 0.631886 0.147461 0.632945 0.148438 0.633475 0.148438 0.635064 0.147949 0.636123 0.145996 0.636123 0.147217 0.636123 0.147461 0.637182 0.148193 0.637182 0.149170 0.635064 0.149170 0.633475 0.150146 0.630826 0.149658 0.629767 0.148438 0.630297 0.147949 0.629237 0.146973 0.630297 0.146484 0.627119
1 0.687500 0.623941 0.686768 0.626589 0.687012 0.627119 0.685547 0.630297 0.683105 0.630297 0.683838 0.631886 0.683594 0.632415 0.685303 0.634004 0.686279 0.637182 0.686523 0.635064 0.685791 0.635064 0.685303 0.633475 0.686035 0.631356 0.687256 0.630826 0.687988 0.628178 0.688965 0.626589 0.689209 0.625000
1 0.260254 0.623941 0.260254 0.625530 0.259277 0.626059 0.259277 0.627119 0.259521 0.626589 0.260742 0.629767 0.261475 0.628708 0.261963 0.630826 0.262207 0.630297 0.261719 0.629767 0.262207 0.629237 0.261719 0.628708 0.261719 0.627119 0.260742 0.627119 0.260742 0.624470
1 0.724121 0.623941 0.724121 0.628708 0.724609 0.629767 0.725830 0.629767 0.726074 0.626589 0.727783 0.626589 0.728027 0.627648 0.727539 0.628178 0.727539 0.629767 0.728516 0.631356 0.728516 0.632945 0.729492 0.630826 0.730225 0.631886 0.730225 0.630297 0.729248 0.628708 0.729492 0.627119 0.728760 0.627648 0.728271 0.626589 0.727783 0.622881 0.726807 0.622881 0.725830 0.625000
1 0.615234 0.621822 0.614990 0.622881 0.613525 0.623941 0.613037 0.627119 0.614258 0.628178 0.614258 0.630826 0.612793 0.631356 0.614014 0.632415 0.614014 0.635064 0.614502 0.633475 0.615479 0.632945 0.614746 0.631356 0.615479 0.629767 0.616943 0.635064 0.616455 0.635593 0.615723 0.639301 0.616455 0.639831 0.616455 0.636653 0.616943 0.636123 0.617432 0.639301 0.617188 0.640890 0.617920 0.640360 0.618896 0.642479 0.619385 0.640890 0.618652 0.640890 0.617920 0.639301 0.617676 0.636123 0.618652 0.634534 0.618408 0.630297 0.617676 0.629237 0.617676 0.627119 0.616943 0.626059 0.616943 0.621822 0.616211 0.621822 0.615967 0.622881
1 0.235596 0.620233 0.234863 0.621822 0.234863 0.625000 0.235352 0.626059 0.234375 0.627648 0.234375 0.628708 0.235840 0.632945 0.237061 0.631886 0.237793 0.636123 0.238037 0.630297 0.238525 0.629767 0.238525 0.627119 0.239014 0.625000 0.238525 0.625000 0.238281 0.623411 0.237305 0.629767 0.236084 0.629767 0.235840 0.627119 0.236328 0.626589 0.236084 0.626059 0.236572 0.625530 0.235840 0.621292 0.235352 0.620763
1 0.642578 0.619703 0.642090 0.620763 0.642090 0.623411 0.643799 0.623411 0.644287 0.626589 0.645264 0.626059 0.645508 0.627119 0.645508 0.622881 0.645020 0.622352 0.644531 0.623411 0.644287 0.620763 0.643799 0.619703
1 0.250000 0.622352 0.250000 0.623941 0.250977 0.626589 0.249023 0.627648 0.249023 0.628708 0.249512 0.629237 0.249512 0.630826 0.249023 0.631356 0.249512 0.634004 0.250732 0.632415 0.252197 0.632945 0.252441 0.634004 0.253418 0.634004 0.253418 0.632945 0.254395 0.631886 0.256836 0.636123 0.257568 0.636653 0.258057 0.635064 0.258545 0.635064 0.257568 0.630826 0.258057 0.627119 0.257568 0.629237 0.254639 0.627119 0.254150 0.624470 0.253418 0.623941 0.253418 0.621822 0.252930 0.621822 0.252197 0.619703 0.251465 0.619703
1 0.543457 0.621822 0.544678 0.622352 0.545898 0.625530 0.546875 0.626059 0.546631 0.627119 0.545410 0.627119 0.545410 0.628708 0.545898 0.629237 0.545898 0.630826 0.545410 0.631886 0.546387 0.633475 0.546387 0.635064 0.547607 0.635064 0.548340 0.637182 0.549072 0.637182 0.549316 0.636123 0.550293 0.635593 0.551025 0.637712 0.550781 0.639301 0.551514 0.639301 0.551270 0.637712 0.551758 0.637182 0.551514 0.636653 0.552002 0.636123 0.552002 0.634534 0.553223 0.631886 0.554688 0.631886 0.555664 0.630297 0.554688 0.629237 0.554688 0.628178 0.555176 0.627648 0.554199 0.626059 0.554688 0.625000 0.554199 0.621822 0.554199 0.624470 0.554688 0.625000 0.553467 0.626589 0.552490 0.625000 0.553711 0.627648 0.553711 0.630297 0.553223 0.631356 0.552490 0.630297 0.552002 0.627648 0.551270 0.628178 0.551270 0.630826 0.550537 0.631886 0.550537 0.633475 0.550049 0.633475 0.548584 0.630826 0.549316 0.628708 0.550049 0.628178 0.549805 0.626059 0.550537 0.623941 0.549805 0.621292 0.550293 0.618114 0.549072 0.618114 0.546875 0.621292 0.546387 0.622881 0.545166 0.622352 0.545166 0.619703 0.544434 0.621292
1 0.693604 0.620763 0.693848 0.626589 0.693359 0.626589 0.693604 0.631886 0.693115 0.635064 0.693604 0.635064 0.693848 0.637182 0.695312 0.639831 0.695068 0.640890 0.695312 0.641419 0.696045 0.640360 0.697021 0.640360 0.697021 0.638771 0.697754 0.637182 0.698486 0.637182 0.698242 0.635593 0.697021 0.635593 0.697021 0.634534 0.697998 0.633475 0.699463 0.633475 0.699707 0.635064 0.699219 0.636123 0.700439 0.636123 0.701416 0.635064 0.702637 0.638242 0.703369 0.637182 0.704102 0.638771 0.704102 0.640360 0.704590 0.640890 0.704590 0.644597 0.705566 0.646186 0.705078 0.647246 0.705078 0.649364 0.706299 0.649894 0.705322 0.648835 0.705811 0.647775 0.705811 0.646186 0.706543 0.645657 0.706787 0.644068 0.706787 0.637712 0.706055 0.637712 0.705811 0.636653 0.706543 0.635064 0.707031 0.636123 0.707764 0.636123 0.707764 0.633475 0.707275 0.632415 0.705811 0.635593 0.704102 0.635593 0.703857 0.635064 0.704590 0.633475 0.704102 0.632945 0.705078 0.631356 0.704590 0.630826 0.704590 0.627119 0.703613 0.628178 0.702881 0.630826 0.702148 0.630297 0.702393 0.625530 0.702881 0.624470 0.702881 0.622881 0.703613 0.621822 0.703613 0.620233 0.704346 0.617585 0.703857 0.618644 0.702637 0.618644 0.702148 0.619703 0.700195 0.618644 0.699951 0.620763 0.698486 0.620233 0.697998 0.619174 0.696533 0.619703 0.696045 0.618114 0.695557 0.618114 0.695557 0.622881 0.696045 0.624470 0.695557 0.626059 0.695068 0.625000 0.694824 0.620233
1 0.617432 0.613877 0.616943 0.615996 0.617188 0.617585 0.618164 0.618644 0.617676 0.622352 0.618164 0.623411 0.620117 0.623941 0.619873 0.625000 0.619141 0.625000 0.619629 0.626059 0.619141 0.630826 0.619629 0.630826 0.620850 0.625530 0.619141 0.619174 0.617920 0.618114 0.618652 0.615996
1 0.071533 0.615466 0.069336 0.613877 0.067871 0.614407 0.068359 0.615466 0.068115 0.616525 0.067383 0.616525 0.066162 0.618644 0.065186 0.619174 0.065674 0.619703 0.065430 0.622352 0.065918 0.623411 0.066162 0.619703 0.066895 0.618114 0.069092 0.618114 0.070068 0.617055 0.070312 0.618114 0.069824 0.619174 0.070312 0.620233 0.069336 0.620763 0.069336 0.622352 0.068359 0.622881 0.067383 0.625000 0.067383 0.626589 0.068359 0.627648 0.068359 0.629767 0.067627 0.631356 0.064697 0.627648 0.064941 0.626589 0.066162 0.626059 0.064941 0.626059 0.062744 0.627648 0.064453 0.630297 0.064453 0.632945 0.063965 0.633475 0.063965 0.634534 0.064941 0.635064 0.065918 0.634004 0.066162 0.635064 0.067627 0.635064 0.069824 0.631356 0.069580 0.629767 0.071289 0.627119 0.071045 0.623941 0.070557 0.623411 0.071289 0.621822 0.071045 0.620233 0.072021 0.617585 0.072266 0.618114
1 0.613525 0.612288 0.613037 0.613877 0.612549 0.612818 0.610840 0.613347 0.610352 0.616525 0.609131 0.618644 0.609375 0.622352 0.610352 0.624470 0.609863 0.626059 0.610107 0.627648 0.609375 0.628708 0.608398 0.627119 0.607666 0.629237 0.608154 0.630826 0.609131 0.630826 0.609863 0.632415 0.609863 0.634004 0.610596 0.633475 0.610596 0.632415 0.609619 0.631356 0.609619 0.629767 0.610840 0.625530 0.610596 0.621822 0.611572 0.619703 0.612305 0.620763 0.611816 0.622881 0.612061 0.623411 0.613525 0.620233 0.614014 0.620763 0.615479 0.619174 0.614990 0.613877 0.613770 0.613347 0.613525 0.614407
1 0.252930 0.612288 0.252930 0.613877 0.253906 0.615466 0.253906 0.618644 0.254150 0.619174 0.254395 0.618114 0.255371 0.618114 0.255859 0.619174 0.255859 0.621822 0.256592 0.623411 0.256348 0.621822 0.257080 0.621292 0.257080 0.619174 0.256104 0.617585 0.256592 0.617055 0.256348 0.615996 0.257324 0.614407 0.257324 0.613347 0.256348 0.612288 0.255615 0.613347 0.255371 0.612288 0.254639 0.614407 0.254150 0.614407 0.253662 0.612288
1 0.083496 0.612818 0.083496 0.615996 0.083984 0.616525 0.083496 0.619174 0.086426 0.619174 0.087158 0.618114 0.086914 0.617585 0.086426 0.618644 0.086182 0.616525 0.085693 0.617585 0.084961 0.617585 0.084229 0.614407 0.085205 0.613347 0.084473 0.612288
1 0.726807 0.611229 0.726318 0.613877 0.726562 0.618114 0.726074 0.618644 0.726074 0.620233 0.726074 0.619174 0.727295 0.617585 0.727295 0.615466 0.727783 0.614936 0.727783 0.613347
1 0.260010 0.610169 0.259766 0.612818 0.260742 0.614407 0.260742 0.615996 0.260986 0.614936 0.261230 0.615466 0.261230 0.617585 0.260742 0.619174 0.261719 0.620763 0.261719 0.623941 0.261963 0.621822 0.262939 0.620763 0.262939 0.619174 0.261963 0.619174 0.261475 0.618114 0.261719 0.616525 0.261230 0.616525 0.261230 0.613877 0.260498 0.613347 0.260986 0.612818 0.260986 0.610699
1 0.178467 0.614936 0.177734 0.611758 0.176514 0.610169 0.175293 0.609640 0.173340 0.610699 0.174316 0.613877 0.172119 0.618644 0.171631 0.616525 0.170898 0.616525 0.170410 0.618114 0.171875 0.621822 0.173584 0.621292 0.174561 0.622881 0.173584 0.624470 0.171875 0.624470 0.172852 0.626589 0.172363 0.627648 0.171387 0.626589 0.170898 0.627119 0.169434 0.622881 0.168945 0.623941 0.168945 0.626589 0.169922 0.627119 0.170410 0.631886 0.169678 0.633475 0.167969 0.633475 0.167725 0.635593 0.165283 0.630826 0.165771 0.629237 0.164795 0.626059 0.165771 0.625530 0.165771 0.623941 0.166748 0.622352 0.165771 0.620763 0.165283 0.621822 0.163574 0.620763 0.162109 0.620763 0.161621 0.621822 0.161377 0.619703 0.160156 0.619174 0.160156 0.621292 0.159668 0.621822 0.158936 0.620233 0.159180 0.618644 0.158203 0.617585 0.157715 0.619174 0.158203 0.619703 0.158691 0.624470 0.155762 0.625000 0.155273 0.626589 0.156006 0.626589 0.156250 0.627648 0.157471 0.626589 0.158203 0.628178 0.157715 0.634004 0.158691 0.635593 0.159912 0.632945 0.160400 0.635064 0.161377 0.634534 0.162109 0.635593 0.163818 0.631886 0.164551 0.635064 0.165771 0.635064 0.166992 0.637182 0.167725 0.637182 0.168213 0.640360 0.167725 0.636123 0.168213 0.635064 0.170166 0.634534 0.170898 0.636123 0.172363 0.634534 0.171875 0.634004 0.172363 0.633475 0.171631 0.631886 0.172363 0.630826 0.172119 0.629237 0.172852 0.627648 0.174316 0.627119 0.176025 0.623411 0.176758 0.623411 0.176758 0.621292 0.175781 0.620233 0.175537 0.618644 0.177490 0.618644 0.177002 0.618644 0.176758 0.617055
1 0.688721 0.605932 0.688232 0.606462 0.687988 0.608581 0.687012 0.609110 0.686768 0.610169 0.687500 0.612818 0.687500 0.615996 0.686768 0.618644 0.687988 0.621292 0.688477 0.620233 0.688477 0.617585 0.687988 0.615996 0.689453 0.614407 0.689941 0.616525 0.690918 0.617055 0.690430 0.619174 0.689453 0.618644 0.689209 0.619703 0.689941 0.621822 0.689941 0.624470 0.690430 0.625000 0.690674 0.621292 0.691650 0.619703 0.691895 0.614936 0.691162 0.613877 0.691162 0.610169 0.690186 0.609110 0.690186 0.606992
1 0.573730 0.610699 0.574219 0.609640 0.575439 0.609640 0.575684 0.611758 0.575195 0.612818 0.575684 0.613347 0.575684 0.614936 0.576416 0.614936 0.576904 0.615996 0.577148 0.614936 0.577881 0.614936 0.578613 0.612818 0.579346 0.612818 0.580566 0.610699 0.581055 0.611758 0.582031 0.611758 0.582520 0.609640 0.584717 0.609110 0.583984 0.609110 0.583496 0.608051 0.583252 0.609110 0.581543 0.609110 0.580566 0.610699 0.578125 0.610169 0.577637 0.605932 0.577148 0.605932 0.576416 0.608051 0.574219 0.608051 0.574219 0.609640
1 0.725586 0.603814 0.725098 0.604873 0.725098 0.606462 0.724609 0.606992 0.725098 0.608051 0.725098 0.609640 0.725586 0.608581 0.727051 0.609640 0.727295 0.609110 0.726562 0.608051 0.726807 0.604343
1 0.784912 0.603814 0.785156 0.605403 0.786377 0.605403 0.787598 0.607521 0.787598 0.608581 0.788574 0.610169 0.788574 0.611758 0.788818 0.610169 0.790283 0.613877 0.790527 0.613347 0.789307 0.609640 0.789307 0.606992 0.788818 0.608051 0.788086 0.608051 0.786377 0.604343 0.786621 0.602754
1 0.614990 0.602754 0.614502 0.603814 0.613770 0.603814 0.613525 0.607521 0.614990 0.607521
1 0.147949 0.601695 0.146973 0.602225 0.146973 0.603284 0.146484 0.603814 0.146484 0.606462 0.145996 0.607521 0.147217 0.607521 0.148193 0.605932
1 0.261475 0.601695 0.261719 0.605403 0.260742 0.605932 0.260742 0.607521 0.261230 0.607521 0.261475 0.605932 0.262451 0.605403 0.262695 0.604343 0.264404 0.604343 0.264648 0.605932 0.265137 0.605932 0.264648 0.606992 0.265137 0.606462 0.265869 0.608581 0.265869 0.606992 0.266357 0.605932 0.265625 0.604343 0.265137 0.604873 0.263916 0.603284 0.264893 0.600636 0.264404 0.601695 0.262939 0.600636
1 0.230713 0.600636 0.229980 0.600636 0.229736 0.599576 0.228271 0.601165 0.228516 0.606462 0.229492 0.606462 0.229248 0.605932 0.229980 0.604343 0.230469 0.604873 0.230225 0.601695
1 0.683105 0.599047 0.682373 0.600106 0.682129 0.601695 0.682617 0.604873 0.683350 0.605932 0.684082 0.604873 0.684082 0.602754
1 0.768555 0.596928 0.767090 0.596928 0.765869 0.597987 0.765869 0.599047 0.766602 0.599047 0.767090 0.600636 0.767334 0.600106 0.767578 0.601165 0.768066 0.601165 0.768555 0.597987 0.768066 0.597458
1 0.298828 0.604343 0.300537 0.604343 0.300781 0.603284 0.302002 0.603284 0.302246 0.602225 0.302979 0.602225 0.303223 0.601165 0.304443 0.600106 0.304199 0.600636 0.303955 0.599576 0.301270 0.599576 0.300781 0.600636 0.299805 0.596398 0.299561 0.596928 0.300293 0.597458 0.299316 0.598517 0.299316 0.600106 0.300293 0.601695 0.300293 0.603284
1 0.130859 0.596398 0.130859 0.600106 0.132324 0.601165 0.131592 0.599576 0.132568 0.598517 0.132568 0.596398
1 0.163086 0.595339 0.163086 0.596928 0.162598 0.597458 0.162598 0.600636 0.163330 0.600636 0.164307 0.602225 0.165771 0.602225 0.165283 0.601165 0.165283 0.599576 0.163818 0.599047 0.163818 0.595869
1 0.148926 0.595339 0.149414 0.596398 0.149414 0.599047 0.149902 0.600106 0.150391 0.599047 0.151123 0.599047 0.151367 0.597987 0.152100 0.597987 0.151611 0.596398 0.150879 0.596398 0.150635 0.595339
1 0.059082 0.602225 0.060303 0.602225 0.061523 0.605932 0.061768 0.605403 0.062500 0.606462 0.062988 0.608581 0.063721 0.607521 0.064697 0.607521 0.066162 0.609110 0.066895 0.607521 0.066895 0.605932 0.067627 0.603814 0.068115 0.603814 0.068604 0.606462 0.069824 0.608051 0.069580 0.610699 0.070557 0.609640 0.070801 0.607521 0.072021 0.607521 0.072266 0.608581 0.072998 0.606992 0.072754 0.605932 0.071777 0.605932 0.071533 0.606992 0.070312 0.606992 0.070068 0.608051 0.069580 0.607521 0.069092 0.603814 0.068115 0.601165 0.068359 0.600106 0.068115 0.600636 0.067627 0.599576 0.066162 0.599576 0.066650 0.597987 0.067139 0.598517 0.067871 0.597458 0.067871 0.595339 0.066650 0.596398 0.065918 0.595339 0.065674 0.596398 0.064941 0.596398 0.064697 0.597458 0.062500 0.599047 0.063721 0.598517 0.063965 0.600106 0.065918 0.600106 0.066162 0.600636 0.065674 0.601695 0.062988 0.601165 0.062256 0.602754 0.061279 0.602754 0.061035 0.601695
1 0.234619 0.595869 0.235840 0.597987 0.237549 0.597987 0.238037 0.596398 0.237061 0.596398 0.237061 0.594280 0.236084 0.594280 0.235840 0.595339 0.235352 0.594280 0.235596 0.595339
1 0.581543 0.593220 0.581543 0.594809 0.581055 0.595869 0.582031 0.596398 0.582031 0.600636 0.582275 0.601165 0.583252 0.597987 0.583984 0.598517 0.584229 0.600636 0.584229 0.599576 0.585205 0.597458 0.585205 0.593220 0.584717 0.595339 0.583984 0.595339 0.583740 0.597458 0.583008 0.597458
1 0.665039 0.591102 0.665039 0.594809 0.664062 0.596398 0.664795 0.596398 0.665039 0.597458 0.666992 0.597458 0.667236 0.596398 0.666748 0.593220 0.666260 0.592691 0.666260 0.591102 0.665771 0.592161
1 0.591797 0.592161 0.590332 0.591102 0.589600 0.593220 0.588867 0.593220 0.588379 0.594280 0.588379 0.597987 0.588867 0.596928 0.589600 0.596928 0.589844 0.592691
1 0.739746 0.588983 0.739746 0.590572 0.739258 0.591102 0.739258 0.592691 0.739746 0.593220 0.739746 0.596398 0.741699 0.600106 0.742432 0.597987 0.742676 0.598517 0.742676 0.600106 0.741699 0.601695 0.741943 0.603284 0.742432 0.601165 0.743164 0.603284 0.744873 0.604343 0.745361 0.603284 0.745850 0.603814 0.745850 0.602754 0.746582 0.601695 0.746094 0.600636 0.745605 0.601165 0.744873 0.599576 0.744629 0.595869 0.741699 0.593750 0.741455 0.592691 0.742188 0.592691 0.741943 0.588983 0.741211 0.590042 0.740967 0.592691 0.740479 0.592161 0.740479 0.591102 0.739990 0.591102
1 0.063721 0.590572 0.062988 0.588453 0.061523 0.588983 0.060303 0.592161 0.059814 0.592161 0.060059 0.592691 0.059570 0.594280 0.060791 0.595339 0.061768 0.593220 0.063232 0.592691
1 0.575684 0.592691 0.576416 0.592161 0.576660 0.590572 0.577393 0.590572 0.577881 0.589513 0.578125 0.592161 0.577637 0.593220 0.576660 0.593220 0.577881 0.594280 0.578125 0.592691 0.579346 0.592691 0.579346 0.591102 0.580078 0.589513 0.580811 0.590572 0.580811 0.588983 0.579590 0.588983 0.579346 0.590042 0.578613 0.590042 0.577881 0.587924 0.576660 0.587924 0.576416 0.588983 0.575684 0.588983
1 0.583496 0.588983 0.583496 0.590572 0.586182 0.589513 0.586914 0.591631 0.587402 0.590572 0.588135 0.591631 0.588135 0.587924 0.586426 0.587924 0.585938 0.586864 0.585693 0.587924 0.584473 0.587924 0.584229 0.588983
1 0.276855 0.583686 0.276611 0.584746 0.275879 0.584746 0.275879 0.587394 0.274414 0.590042 0.274170 0.592691 0.274658 0.592691 0.274902 0.593750 0.274170 0.595339 0.273438 0.595339 0.273193 0.596398 0.272217 0.596398 0.272217 0.594280 0.271729 0.595339 0.270996 0.594809 0.271973 0.592691 0.273438 0.593220 0.273193 0.591102 0.271240 0.590572 0.271240 0.585805 0.271729 0.585275 0.270996 0.584746 0.270264 0.586864 0.269531 0.586864 0.269287 0.585275 0.268555 0.585275 0.268555 0.587394 0.269043 0.587924 0.269775 0.593220 0.268311 0.597458 0.267578 0.596398 0.267578 0.600106 0.268311 0.599047 0.269043 0.600636 0.269043 0.605403 0.272949 0.605403 0.273438 0.606462 0.273438 0.608051 0.272461 0.609110 0.272949 0.610169 0.272461 0.611229 0.272705 0.611758 0.277100 0.610169 0.276855 0.609110 0.276611 0.610169 0.275146 0.610699 0.274170 0.610169 0.274170 0.609110 0.273682 0.608581 0.274170 0.607521 0.273682 0.604873 0.274658 0.604343 0.274902 0.603284 0.275635 0.603284 0.275635 0.601165 0.275146 0.599576 0.274414 0.600636 0.274414 0.603284 0.273682 0.604873 0.272949 0.602225 0.271240 0.602225 0.272705 0.599047 0.272705 0.596398 0.274170 0.595869 0.274414 0.594809 0.276855 0.594809 0.277100 0.593750 0.276123 0.592161 0.277100 0.591102 0.276855 0.590572 0.277344 0.589513 0.278564 0.588453 0.278564 0.586864 0.278076 0.586335 0.278320 0.585805 0.278076 0.586335
1 0.240967 0.581568 0.240479 0.587924 0.240967 0.590042 0.242432 0.590042 0.242676 0.589513 0.241943 0.589513 0.241943 0.587924 0.242432 0.587394 0.242188 0.584746 0.243408 0.584216 0.241943 0.584216 0.241455 0.581568
1 0.304443 0.581568 0.303467 0.581038 0.301758 0.584216 0.304199 0.585275 0.303467 0.583686
1 0.246826 0.580508 0.246094 0.581038 0.246094 0.587394 0.245117 0.587924 0.244873 0.590042 0.243164 0.588983 0.243164 0.590572 0.241699 0.593220 0.241699 0.596928 0.242188 0.592691 0.244385 0.592691 0.245361 0.594280 0.244385 0.591631 0.245117 0.589513 0.245605 0.589513 0.246338 0.592691 0.246826 0.592691 0.246582 0.588983 0.247314 0.588453
1 0.322754 0.578919 0.322266 0.579979 0.322754 0.581568 0.322754 0.586335 0.323975 0.586335 0.324219 0.587394 0.324707 0.582097 0.324219 0.581568 0.324219 0.583686 0.323242 0.584746 0.322998 0.583686 0.323486 0.583157 0.323486 0.579979
1 0.799316 0.577331 0.799805 0.578390 0.799316 0.580508 0.800781 0.584216 0.800537 0.585805 0.801025 0.586864 0.801758 0.586335 0.801270 0.585805 0.801514 0.582627 0.800781 0.581038 0.800537 0.578390 0.800049 0.577331
1 0.083496 0.579449 0.084473 0.581038 0.085205 0.581038 0.086182 0.583157 0.085938 0.583686 0.087158 0.582627 0.086182 0.580508 0.085938 0.581038 0.084473 0.577331
1 0.585938 0.576801 0.585938 0.579979 0.586426 0.581038 0.587158 0.579979 0.588379 0.583157 0.589111 0.583157 0.589600 0.584746 0.589355 0.586335 0.589844 0.586864 0.589844 0.588453 0.590576 0.588453 0.590576 0.586864 0.589600 0.584746 0.589600 0.579449 0.587402 0.579449 0.586914 0.577860 0.586670 0.578919
1 0.268066 0.575212 0.268555 0.576271 0.268555 0.581038 0.269043 0.581038 0.269531 0.578919 0.270264 0.579979 0.270264 0.578390 0.269287 0.577331 0.269531 0.576271 0.269287 0.576801 0.269043 0.575212
1 0.130859 0.575212 0.132080 0.575742 0.132324 0.577860 0.133057 0.579979 0.133545 0.579979 0.133057 0.578919 0.133545 0.577860 0.133545 0.576271 0.134277 0.575212 0.133789 0.575742 0.132812 0.574153
1 0.728516 0.572034 0.727295 0.574153 0.727051 0.573093 0.726074 0.574153 0.726318 0.577860 0.727539 0.576801 0.728516 0.578390 0.728516 0.582627 0.728027 0.586335 0.728516 0.585275 0.730225 0.585275 0.730469 0.584746 0.729980 0.583686 0.731201 0.581038 0.730713 0.579979 0.730713 0.578390 0.730225 0.579979 0.729492 0.578919 0.729736 0.575742
1 0.281250 0.572564 0.280273 0.571504 0.279541 0.573093 0.278809 0.573093 0.278809 0.576271 0.279541 0.576801 0.279785 0.575742 0.280762 0.575742 0.280762 0.573623
1 0.287109 0.570975 0.286621 0.572034 0.286621 0.575212 0.287598 0.575742 0.287842 0.570975
1 0.143066 0.571504 0.143066 0.575742 0.144043 0.575742 0.145020 0.578919 0.145020 0.577331 0.145752 0.576801 0.146240 0.574682 0.146973 0.574682 0.147949 0.576801 0.149658 0.576801 0.148682 0.575212 0.148438 0.575742 0.147705 0.573093 0.146729 0.572564 0.147217 0.570445 0.146729 0.570975 0.145996 0.569915 0.144775 0.572034 0.144043 0.572034 0.144043 0.570975
1 0.074951 0.572034 0.074463 0.572034 0.074219 0.573093 0.073975 0.572034 0.073242 0.572034 0.072998 0.573093 0.072021 0.573623 0.071533 0.572034 0.072021 0.567797 0.069580 0.567797 0.068848 0.566208 0.067871 0.565678 0.066895 0.568326 0.067871 0.569915 0.068848 0.569915 0.069336 0.574682 0.070312 0.576801 0.065430 0.576801 0.064941 0.578919 0.064697 0.583686 0.064209 0.585275 0.064697 0.585805 0.064697 0.588983 0.065674 0.588983 0.065918 0.590572 0.066895 0.590042 0.065918 0.589513 0.066162 0.588453 0.066406 0.588983 0.066162 0.585275 0.066895 0.583686 0.068604 0.584216 0.069824 0.586864 0.070068 0.585275 0.070801 0.584746 0.070068 0.582627 0.070557 0.577331 0.071533 0.575742 0.072754 0.576801 0.072998 0.576271 0.073242 0.578919 0.073730 0.579979 0.074219 0.578919 0.074219 0.576271 0.074951 0.575742
1 0.258301 0.568326 0.259277 0.570975 0.259277 0.573623 0.260986 0.573623 0.261230 0.572564 0.262207 0.574153 0.262939 0.572564 0.263428 0.573623 0.262939 0.572564 0.262939 0.570975 0.261963 0.568856 0.261719 0.569915 0.261230 0.569915 0.260498 0.568326 0.261475 0.567267 0.261475 0.563559 0.260986 0.565678 0.259766 0.565678 0.259033 0.567797
1 0.062256 0.563030 0.060547 0.565148 0.057617 0.564089 0.057373 0.564619 0.058105 0.566737 0.057373 0.568856 0.055420 0.566737 0.054688 0.566737 0.052979 0.569915 0.051025 0.569915 0.050781 0.572034 0.052490 0.573623 0.052490 0.574682 0.053223 0.575212 0.054688 0.572034 0.056885 0.572034 0.057373 0.570975 0.058350 0.570975 0.058594 0.569915 0.059570 0.569915 0.061279 0.567267 0.061279 0.565678 0.062256 0.564089
1 0.165771 0.562500 0.164551 0.564089 0.165039 0.564619 0.165039 0.567267 0.166016 0.567797 0.165039 0.570445 0.166016 0.570975 0.166504 0.569915 0.166504 0.566208 0.164795 0.564089
1 0.160400 0.561441 0.160156 0.563559 0.161377 0.564089 0.161621 0.565148 0.162354 0.565148 0.163086 0.566737 0.162354 0.568326 0.161621 0.567267 0.161865 0.566737 0.161377 0.567797 0.160156 0.567797 0.160645 0.568326 0.160645 0.569386 0.161133 0.569386 0.161133 0.570445 0.161865 0.568856 0.164062 0.567267 0.163086 0.566737 0.161621 0.563030 0.161621 0.561441
1 0.291748 0.560381 0.291016 0.560381 0.290527 0.561441 0.290527 0.567267 0.290039 0.567797 0.290039 0.570445 0.290771 0.570445 0.291016 0.571504 0.291016 0.567267 0.293213 0.567267 0.292725 0.566208 0.292725 0.563559 0.291748 0.561970
1 0.602539 0.559852 0.603760 0.559852 0.604492 0.561441 0.604492 0.563559 0.604980 0.564619 0.605713 0.564089 0.608154 0.568326 0.608154 0.565678 0.608887 0.564619 0.607422 0.561441 0.606689 0.561441 0.606201 0.560381 0.605713 0.561441 0.604004 0.559322
1 0.135498 0.559852 0.134766 0.559852 0.134766 0.561441 0.133789 0.563559 0.133789 0.567797 0.132812 0.568326 0.132812 0.569386 0.133301 0.568326 0.133789 0.569386 0.134033 0.568856 0.133545 0.568326 0.134277 0.567267 0.134521 0.564619 0.135498 0.563030
1 0.127197 0.558263 0.126465 0.559852 0.126953 0.563030 0.128418 0.563030 0.128174 0.559322
1 0.293457 0.558263 0.293945 0.559322 0.293945 0.561970 0.294678 0.561970 0.295410 0.558792 0.296631 0.558792 0.296875 0.560911 0.297607 0.560911 0.298096 0.559852 0.296875 0.559322 0.296387 0.557203 0.294434 0.557203 0.294189 0.558263
1 0.795898 0.555614 0.795898 0.557733 0.796631 0.558792 0.796387 0.559852 0.798828 0.559322 0.798340 0.558792 0.798584 0.557203 0.798340 0.557733 0.797852 0.556144
1 0.561523 0.555614 0.561035 0.556674 0.561035 0.557733 0.561523 0.558263 0.561035 0.559322 0.561035 0.560911 0.562256 0.560911 0.562744 0.563030 0.562744 0.561441 0.563232 0.560911 0.562256 0.558792 0.562256 0.556144 0.561768 0.556674
1 0.303223 0.554025 0.302246 0.556674 0.302734 0.557203 0.302734 0.558792 0.303955 0.558792 0.304199 0.559852 0.304688 0.558263 0.304443 0.554025
1 0.129883 0.555085 0.129883 0.558263 0.131104 0.558792 0.131348 0.560911 0.131836 0.561441 0.131836 0.566208 0.132324 0.567267 0.132568 0.562500 0.133301 0.561441 0.132812 0.555085 0.132568 0.556144 0.132324 0.554025 0.131592 0.559322 0.131104 0.558792 0.131104 0.557203
1 0.110840 0.552966 0.110596 0.554025 0.109375 0.554025 0.109375 0.555614 0.110352 0.558792 0.111084 0.558792 0.110840 0.556144 0.111572 0.554555
1 0.099854 0.552436 0.100098 0.554025 0.101318 0.553496 0.101807 0.554555 0.104492 0.556674 0.104004 0.557203 0.105225 0.557733 0.105713 0.560911 0.106689 0.560911 0.106934 0.559852 0.108154 0.558792 0.108154 0.555614 0.108643 0.554025 0.108643 0.552436 0.107910 0.551907 0.106934 0.554025 0.106934 0.556144 0.106201 0.557203 0.105713 0.556144 0.106201 0.553496 0.105469 0.551907 0.105225 0.552966 0.104004 0.552966 0.103760 0.551907 0.102539 0.551377 0.101807 0.549788 0.101807 0.551377 0.100586 0.550847
1 0.807617 0.548729 0.807617 0.551377 0.808594 0.553496 0.810059 0.554025 0.809814 0.551907 0.808350 0.548729
1 0.753174 0.547669 0.751465 0.551377 0.751953 0.551907 0.751953 0.553496 0.752441 0.554555 0.753418 0.554555 0.754150 0.556144 0.755371 0.553496 0.755371 0.549788 0.754150 0.547669
1 0.555664 0.549788 0.556641 0.550847 0.556641 0.553496 0.557129 0.554555 0.557617 0.553496 0.559814 0.554555 0.559326 0.551907 0.557373 0.549258 0.557373 0.547669
1 0.544434 0.547669 0.543945 0.548729 0.543945 0.550318 0.545410 0.550847 0.545410 0.558792 0.546387 0.560381 0.546387 0.566737 0.545166 0.568326 0.544434 0.567267 0.544678 0.559322 0.543945 0.559322 0.544434 0.564089 0.543945 0.564619 0.543945 0.566737 0.543213 0.568326 0.544434 0.570445 0.545654 0.570445 0.545654 0.568856 0.546631 0.567797 0.546875 0.572564 0.545410 0.573093 0.544922 0.574153 0.544922 0.575742 0.548096 0.575742 0.548096 0.574153 0.547607 0.573623 0.547607 0.567797 0.546875 0.567267 0.546875 0.565678 0.547607 0.565148 0.547607 0.563559 0.547119 0.563030 0.546875 0.559322 0.547607 0.557733 0.546631 0.553496 0.547119 0.549788 0.546631 0.550847 0.545898 0.550847 0.545654 0.547669
1 0.077148 0.547140 0.076172 0.551377 0.078125 0.552966 0.078125 0.556144 0.079834 0.555614 0.080322 0.556674 0.079590 0.557203 0.079590 0.558792 0.080566 0.558792 0.081299 0.561970 0.081543 0.559322 0.080811 0.558792 0.081055 0.557733 0.081787 0.557733 0.082031 0.558792 0.083252 0.558263 0.083252 0.557203 0.082275 0.555614 0.082764 0.554555 0.082275 0.553496 0.082275 0.551907 0.082764 0.550847 0.082031 0.550318 0.082520 0.549788 0.082520 0.547669 0.081543 0.549258 0.080566 0.548729 0.080322 0.549788 0.079102 0.550847 0.078613 0.547669
1 0.135254 0.545551 0.135742 0.549258 0.136475 0.549788 0.136230 0.550847 0.136719 0.548729 0.137695 0.549788 0.137695 0.551377 0.138428 0.551377 0.137695 0.550318 0.138428 0.548199 0.138428 0.545551 0.137695 0.545551 0.137451 0.546610 0.136719 0.546610 0.136475 0.545551
1 0.108154 0.550318 0.107422 0.547669 0.108154 0.545551 0.108154 0.543962 0.107422 0.542373 0.105957 0.542903 0.104736 0.544492 0.102783 0.543962 0.101562 0.545021 0.101562 0.546081 0.103516 0.546081 0.104248 0.547140 0.104736 0.550847 0.105225 0.550847 0.105469 0.548199 0.106689 0.548199 0.106934 0.549258 0.106445 0.549788 0.107178 0.549258
1 0.338867 0.541314 0.339600 0.541843 0.340820 0.545021 0.341797 0.544492 0.342041 0.542373 0.342773 0.541843 0.341309 0.540254 0.339355 0.540254
1 0.271484 0.540254 0.270996 0.541314 0.270996 0.543962 0.271484 0.544492 0.271484 0.546081 0.272705 0.546081 0.272949 0.545021 0.273438 0.545551 0.272705 0.550318 0.272461 0.548729 0.271973 0.550318 0.272705 0.550318 0.272949 0.551377 0.274170 0.550318 0.274414 0.552436 0.274902 0.552436 0.275146 0.550847 0.274170 0.549788 0.274658 0.549258 0.274170 0.548199 0.274170 0.546610 0.273193 0.544492 0.275146 0.543962 0.275635 0.542373 0.274658 0.540254 0.273926 0.540254 0.272705 0.542373 0.272217 0.540784
1 0.042725 0.540784 0.040283 0.540254 0.039551 0.541843 0.039795 0.543432 0.039062 0.545551 0.041016 0.545551 0.042236 0.542373 0.042480 0.542903
1 0.221436 0.539195 0.220459 0.540784 0.219238 0.540784 0.220215 0.542373 0.220215 0.545021 0.219727 0.546610 0.220215 0.546610 0.219971 0.545551 0.220947 0.543432 0.221191 0.544492 0.221680 0.543432 0.221924 0.541314 0.221436 0.540784
1 0.204590 0.539195 0.204346 0.540254 0.205078 0.541843 0.203857 0.542903 0.203613 0.542373 0.203125 0.545551 0.202393 0.545551 0.201660 0.547140 0.201660 0.550847 0.202881 0.553496 0.202637 0.554555 0.203125 0.555614 0.203369 0.558263 0.204102 0.559852 0.205811 0.560911 0.206543 0.563030 0.207275 0.560911 0.208496 0.560911 0.211914 0.558792 0.212646 0.556674 0.212646 0.555085 0.213623 0.553496 0.213379 0.551907 0.213623 0.551377 0.213867 0.552436 0.213379 0.549788 0.213623 0.544492 0.213135 0.543962 0.213379 0.544492 0.212891 0.546610 0.213379 0.548199 0.212158 0.550847 0.210938 0.548199 0.210938 0.545551 0.209717 0.544492 0.209229 0.543432 0.209717 0.542903 0.209473 0.542373 0.208740 0.542373 0.208496 0.542903 0.208984 0.543962 0.208008 0.545551 0.208008 0.549258 0.208496 0.550318 0.207031 0.552966 0.206543 0.551377 0.206787 0.549788 0.205566 0.547140 0.205811 0.545021 0.205566 0.545551 0.204834 0.543432 0.205566 0.541314 0.205811 0.541843 0.205811 0.540784 0.205322 0.539195
1 0.723633 0.538136 0.723145 0.538136 0.722900 0.543432 0.722412 0.545021 0.722412 0.547669 0.723145 0.549258 0.723145 0.550847 0.725098 0.549258 0.725342 0.545551 0.724365 0.543432
1 0.648926 0.539195 0.648682 0.541314 0.649902 0.543432 0.651123 0.543432 0.651367 0.544492 0.651367 0.543432 0.650391 0.542903 0.651123 0.541314 0.650635 0.540784 0.650635 0.538136
1 0.561035 0.537076 0.561035 0.538665 0.560547 0.539195 0.561523 0.540784 0.562256 0.546081 0.562500 0.540784
1 0.058105 0.539195 0.057861 0.539725 0.057129 0.538136 0.055908 0.539195 0.053955 0.538665 0.052490 0.537076 0.051270 0.538136 0.050781 0.537076 0.051758 0.539725 0.052490 0.539725 0.053223 0.541314 0.051270 0.544492 0.051025 0.546610 0.050293 0.545551 0.049316 0.545551 0.048096 0.547140 0.047852 0.552436 0.047363 0.554025 0.047363 0.558263 0.047852 0.559852 0.047119 0.560911 0.046387 0.560381 0.046387 0.561970 0.047119 0.563559 0.047607 0.562500 0.047852 0.563030 0.047852 0.559852 0.049072 0.556144 0.053223 0.558263 0.058105 0.558263 0.059326 0.552966 0.058838 0.551907 0.059082 0.550847 0.058594 0.550847 0.058350 0.548729 0.057861 0.548199 0.058105 0.547140 0.057129 0.546610 0.057129 0.545021 0.057617 0.545021 0.057617 0.543432 0.057129 0.542903 0.057861 0.541314 0.058594 0.541843 0.058105 0.540784
1 0.762451 0.542373 0.761963 0.542903 0.761475 0.541843 0.761719 0.537606 0.761230 0.536547 0.759521 0.540254 0.759277 0.539195 0.758789 0.540254 0.758789 0.541314 0.760010 0.541843 0.760742 0.543432
1 0.354492 0.539195 0.354980 0.541314 0.355713 0.538665 0.356201 0.539195 0.357178 0.537076 0.355713 0.537076 0.354736 0.536017
1 0.146973 0.536547 0.146484 0.536017 0.146973 0.537076 0.146973 0.539195 0.146484 0.539195 0.145020 0.541843 0.146240 0.541843 0.146484 0.542903 0.145752 0.544492 0.145508 0.543432 0.145264 0.545551 0.145020 0.544492 0.144531 0.544492 0.143799 0.546610 0.142090 0.547669 0.142090 0.552436 0.140869 0.555085 0.140381 0.554025 0.139648 0.554025 0.137695 0.557203 0.137451 0.556144 0.136475 0.555614 0.136230 0.551907 0.135742 0.552966 0.135742 0.556674 0.136230 0.557733 0.138184 0.557733 0.138916 0.556674 0.139893 0.556674 0.140625 0.558263 0.140625 0.560381 0.142090 0.557733 0.142822 0.557733 0.143066 0.556674 0.143555 0.558792 0.144775 0.556674 0.145020 0.558263 0.145996 0.559852 0.145996 0.560911 0.146729 0.560911 0.146973 0.561970 0.147949 0.558792 0.148926 0.560381 0.149170 0.559322 0.149414 0.560381 0.149658 0.559852 0.148193 0.558263 0.148193 0.556144 0.149658 0.554025 0.149170 0.552966 0.149658 0.552436 0.149170 0.551377 0.149414 0.550847 0.148682 0.550847 0.148193 0.549258 0.148193 0.546610 0.148682 0.546081 0.148926 0.547669 0.148438 0.543962 0.147461 0.544492 0.146729 0.542903 0.147217 0.541843 0.148193 0.542373 0.147949 0.539725
1 0.195312 0.533898 0.195312 0.537076 0.196533 0.537606 0.197021 0.536547 0.197021 0.534428
1 0.136719 0.533898 0.135254 0.534428 0.134766 0.541314 0.133789 0.542373 0.134766 0.544492 0.135498 0.543962 0.135010 0.542903 0.135986 0.541314 0.136475 0.537076 0.137451 0.536017
1 0.156250 0.532309 0.156250 0.537606 0.157227 0.539725 0.158447 0.540784 0.157959 0.541843 0.158447 0.541843 0.158447 0.539725 0.159668 0.538136 0.159668 0.536017 0.157715 0.534958
1 0.237793 0.531780 0.235596 0.534428 0.235352 0.533898 0.235107 0.534958 0.234619 0.534958 0.233887 0.533369 0.233398 0.538665 0.231934 0.540254 0.231934 0.543962 0.231445 0.545021 0.232178 0.544492 0.232178 0.541843 0.233398 0.543962 0.232910 0.544492 0.232910 0.550318 0.233887 0.553496 0.234375 0.550318 0.234863 0.550847 0.234863 0.552436 0.236572 0.552436 0.237061 0.551377 0.235596 0.550847 0.235107 0.548729 0.234131 0.548199 0.234131 0.547140 0.234619 0.546081 0.234863 0.547140 0.236084 0.547669 0.237549 0.545551 0.237305 0.543962 0.237549 0.543432 0.237793 0.544492 0.238037 0.540784 0.237549 0.539195 0.238281 0.537076
1 0.218506 0.531780 0.217529 0.533898 0.217041 0.532839 0.216553 0.533898 0.215820 0.533898 0.215820 0.535487 0.215332 0.536017 0.215820 0.537076 0.214844 0.539195 0.215576 0.538665 0.215820 0.539725 0.216553 0.539725 0.216797 0.538665 0.217529 0.538665 0.218262 0.537076 0.217529 0.537076 0.217285 0.536547 0.217773 0.536017 0.217285 0.535487 0.217773 0.533369 0.218506 0.533369
1 0.800537 0.531250 0.801514 0.534428 0.801025 0.534958 0.801270 0.541314 0.800293 0.542903 0.800293 0.544492 0.801025 0.545551 0.802979 0.546081 0.803955 0.543432 0.803955 0.541843 0.803223 0.539725 0.803223 0.537076 0.802490 0.533898
1 0.559814 0.532839 0.558594 0.532839 0.558594 0.531250 0.557617 0.530720 0.557373 0.531780 0.556641 0.531780 0.556641 0.533369 0.556152 0.533898 0.555908 0.536017 0.554688 0.536017 0.554443 0.533898 0.553711 0.533898 0.553711 0.535487 0.554199 0.536547 0.553711 0.537076 0.553711 0.540784 0.553223 0.541843 0.554443 0.542373 0.554932 0.545021 0.555908 0.542903 0.555908 0.541843 0.556885 0.541314 0.556641 0.540254 0.555664 0.539725 0.556396 0.537076 0.557861 0.536547 0.558838 0.534428 0.558838 0.533369
1 0.062500 0.531250 0.064209 0.535487 0.065918 0.535487 0.067871 0.533369 0.067871 0.532309 0.064697 0.529661 0.063477 0.529661
1 0.705811 0.528602 0.705322 0.529661 0.705078 0.532839 0.704102 0.531250 0.704102 0.533369 0.704590 0.534428 0.703857 0.536017 0.703125 0.535487 0.703125 0.536547 0.702637 0.537076 0.703613 0.538136 0.703613 0.541314 0.704102 0.542373 0.704590 0.541314 0.704590 0.539725 0.704834 0.539195 0.705078 0.540254 0.706543 0.532839
1 0.364258 0.528602 0.364258 0.530191 0.365234 0.531780 0.365234 0.533369 0.365723 0.533898 0.365234 0.534958 0.365234 0.538665 0.366699 0.539725 0.366699 0.538665 0.367920 0.536017 0.367676 0.533369 0.368652 0.532839 0.368164 0.532309 0.368408 0.531780 0.367920 0.532839 0.366455 0.532309 0.365234 0.529131
1 0.390625 0.528072 0.389648 0.530191 0.389648 0.531780 0.389160 0.532839 0.388672 0.532839 0.388428 0.531780 0.387207 0.531780 0.387207 0.535487 0.389648 0.537076 0.389648 0.541843 0.388184 0.543432 0.388184 0.545021 0.387695 0.546081 0.388184 0.545021 0.389404 0.545021 0.389404 0.543962 0.390869 0.541843 0.391602 0.543962 0.390625 0.545021 0.390625 0.547140 0.389648 0.548729 0.389648 0.549788 0.390381 0.550318 0.390381 0.547669 0.390869 0.547140 0.391602 0.548729 0.391602 0.549788 0.393066 0.550318 0.393311 0.549258 0.392822 0.548199 0.392822 0.545551 0.392334 0.544492 0.392822 0.543962 0.392578 0.542373 0.393311 0.540784 0.394043 0.540784 0.394043 0.539195 0.392578 0.539195 0.392578 0.542903 0.391357 0.542903 0.391357 0.539195 0.390625 0.538136 0.391113 0.534428 0.390625 0.533369 0.391113 0.531250 0.391113 0.529131
1 0.778809 0.527542 0.779297 0.528072 0.778320 0.529661 0.778320 0.531250 0.778809 0.531780 0.779297 0.535487 0.779785 0.534428 0.782227 0.534958 0.782227 0.532309 0.781738 0.532839 0.781250 0.531780 0.779785 0.531780 0.779053 0.530191 0.779053 0.528602 0.779541 0.528072
1 0.596436 0.527542 0.594727 0.529661 0.594727 0.534958 0.595215 0.534958 0.594971 0.534428 0.596191 0.532839 0.596680 0.529131
1 0.559082 0.531250 0.561279 0.531250 0.561523 0.532839 0.562500 0.533898 0.562500 0.536547 0.562988 0.537076 0.563477 0.539725 0.564941 0.539195 0.564697 0.537076 0.563965 0.537076 0.563232 0.535487 0.563232 0.534428 0.562256 0.533369 0.561768 0.527542 0.560059 0.528602 0.560547 0.530191
1 0.797119 0.527013 0.796875 0.528602 0.797363 0.528602 0.797607 0.530191 0.797119 0.530191 0.797363 0.530720 0.796875 0.532309 0.796875 0.534428 0.797852 0.533369 0.798340 0.531780 0.798096 0.529661 0.797607 0.529131 0.797852 0.527542
1 0.739990 0.526483 0.739258 0.528072 0.739746 0.528602 0.739502 0.532839 0.740967 0.536017 0.740967 0.537076 0.741699 0.537076 0.742676 0.539195 0.742676 0.540784 0.743896 0.541314 0.742920 0.539725 0.743408 0.538665 0.743652 0.539195 0.743652 0.533898 0.744141 0.533369 0.743896 0.531780 0.743164 0.531250 0.742920 0.532309 0.742432 0.532309 0.741211 0.530191 0.740967 0.531250 0.740479 0.530191 0.740723 0.529131 0.739746 0.527542 0.740479 0.527013 0.740967 0.528072
1 0.175781 0.527013 0.175537 0.528072 0.176270 0.530191 0.177002 0.529661 0.179199 0.530720 0.178467 0.532839 0.177734 0.531250 0.176758 0.533369 0.177246 0.532309 0.178223 0.533369 0.179443 0.532839 0.179443 0.531250 0.178955 0.530191 0.179199 0.527542 0.177490 0.527542 0.177002 0.526483
1 0.418701 0.530191 0.418213 0.525953 0.417725 0.528602 0.417236 0.527542 0.416504 0.527542 0.416260 0.526483 0.415039 0.528602 0.416260 0.529131 0.416504 0.530191 0.417236 0.529131 0.417480 0.531250 0.417969 0.530191
1 0.136719 0.530191 0.138428 0.527013 0.139160 0.529131 0.140137 0.529661 0.140381 0.532839 0.140625 0.531780 0.140869 0.532309 0.141357 0.531250 0.142578 0.531250 0.142578 0.530191 0.143066 0.529661 0.142822 0.527542 0.142090 0.527542 0.141846 0.528602 0.139648 0.528602 0.138428 0.525953 0.136963 0.527542
1 0.576172 0.525424 0.576660 0.527013 0.578125 0.527542 0.577637 0.528602 0.575684 0.529131 0.576172 0.529661 0.576172 0.531250 0.577393 0.531250 0.577637 0.530191 0.578125 0.530191 0.578125 0.534428 0.578613 0.535487 0.580078 0.534428 0.580811 0.532839 0.580566 0.530720 0.580322 0.533898 0.578857 0.533898 0.578369 0.532839 0.578857 0.525953 0.577637 0.524364
1 0.558594 0.526483 0.555664 0.523305 0.555420 0.524894 0.554688 0.525953 0.554688 0.529131 0.554199 0.530191 0.555420 0.530191 0.555420 0.526483 0.556152 0.525424 0.557129 0.527013
1 0.083008 0.540254 0.083984 0.540254 0.083740 0.541314 0.083008 0.541314 0.083252 0.543432 0.084717 0.543432 0.085693 0.545551 0.085449 0.549788 0.084473 0.551377 0.084961 0.551907 0.084961 0.553496 0.085938 0.552436 0.087891 0.552436 0.089111 0.550847 0.089355 0.551907 0.089844 0.550318 0.091797 0.549258 0.095459 0.550318 0.096191 0.545021 0.097656 0.543962 0.097656 0.546081 0.097900 0.545021 0.100342 0.545021 0.100830 0.543962 0.100586 0.543432 0.100098 0.544492 0.098877 0.541843 0.099854 0.539195 0.100098 0.540254 0.100342 0.539195 0.099121 0.539195 0.098633 0.538136 0.099121 0.537606 0.098145 0.534958 0.098877 0.532839 0.098145 0.532309 0.098633 0.531780 0.098877 0.528602 0.098389 0.527013 0.097900 0.528072 0.097168 0.526483 0.096924 0.527013 0.097412 0.527542 0.096924 0.528602 0.096680 0.528072 0.096680 0.530191 0.094727 0.531780 0.094727 0.535487 0.093994 0.537076 0.093994 0.539725 0.094727 0.541314 0.094727 0.542903 0.093506 0.546610 0.092041 0.546081 0.091797 0.543962 0.093018 0.540784 0.091064 0.537606 0.092285 0.536017 0.091797 0.534958 0.089844 0.534958 0.089111 0.531780 0.087646 0.529131 0.089111 0.526483 0.089355 0.528072 0.090576 0.528072 0.091553 0.531780 0.092529 0.530191 0.091553 0.527013 0.092041 0.524364 0.090332 0.525424 0.090088 0.526483 0.089355 0.523305 0.088379 0.523305 0.088135 0.527542 0.086670 0.529661 0.085449 0.529131 0.085205 0.532309 0.086182 0.530191 0.086914 0.531250 0.086426 0.531780 0.086914 0.533369 0.084473 0.534958 0.083984 0.536017 0.084473 0.538136
1 0.201660 0.522246 0.200928 0.524364 0.200684 0.527013 0.199707 0.528072 0.199951 0.528602 0.199463 0.530191 0.199951 0.533369 0.201172 0.533369 0.201172 0.530720 0.200684 0.529661 0.201172 0.528072 0.200684 0.527542 0.200684 0.525953 0.201172 0.525953 0.201172 0.524894 0.201660 0.525953 0.202637 0.525953 0.202637 0.522775
1 0.270508 0.521186 0.269531 0.522246 0.269287 0.521716 0.269531 0.522246 0.268066 0.524364 0.268066 0.529661 0.268799 0.530191 0.269775 0.528602
1 0.225586 0.521716 0.224609 0.521186 0.223877 0.524364 0.222656 0.524894 0.222656 0.530191 0.224121 0.528602 0.223877 0.527542 0.224365 0.524364
1 0.371094 0.532839 0.372070 0.533898 0.372070 0.537606 0.373291 0.537606 0.374756 0.536017 0.375244 0.537076 0.375244 0.538665 0.376221 0.538665 0.375732 0.537606 0.375732 0.536017 0.376709 0.533369 0.377441 0.534428 0.378662 0.534428 0.378906 0.536547 0.379150 0.535487 0.379639 0.535487 0.380127 0.538665 0.380615 0.538665 0.380859 0.536547 0.381592 0.536547 0.381836 0.537606 0.385010 0.536547 0.385010 0.534428 0.384033 0.533369 0.384521 0.531250 0.383545 0.527542 0.382812 0.527542 0.383057 0.533369 0.382080 0.533898 0.381592 0.531780 0.382080 0.529661 0.381592 0.529131 0.381104 0.525424 0.378906 0.525424 0.378906 0.527542 0.378418 0.528602 0.378174 0.525424 0.377441 0.525424 0.376709 0.523305 0.373779 0.520657 0.373047 0.522775 0.373779 0.522775 0.374512 0.525953 0.373535 0.528072 0.375000 0.531250
1 0.579102 0.519068 0.578125 0.520127 0.578125 0.522246 0.578613 0.523835 0.579346 0.524364 0.579834 0.522775 0.579834 0.520127
1 0.411133 0.521186 0.411133 0.522775 0.411621 0.521716 0.412354 0.521716 0.412598 0.522775 0.414307 0.522775 0.413818 0.519068 0.412598 0.519068 0.411865 0.521186
1 0.096436 0.519068 0.095703 0.522246 0.097168 0.522775 0.097656 0.519597
1 0.030273 0.516419 0.029053 0.517479 0.029053 0.521716 0.030029 0.520657 0.030518 0.518538
1 0.739990 0.514831 0.738770 0.514831 0.738770 0.515890 0.737305 0.516949 0.737305 0.518008 0.738037 0.517479 0.738525 0.519068 0.739746 0.519068 0.739990 0.516419 0.739746 0.516949 0.739502 0.515890
1 0.073730 0.525953 0.073975 0.528072 0.075439 0.530191 0.075439 0.528602 0.075928 0.528072 0.075684 0.524894 0.076904 0.523305 0.077637 0.524364 0.077637 0.527013 0.077148 0.527542 0.077637 0.530191 0.078369 0.529131 0.078369 0.530191 0.079590 0.530191 0.079834 0.531250 0.080566 0.529131 0.081543 0.528072 0.082031 0.528602 0.082031 0.530191 0.082520 0.528072 0.084717 0.528072 0.084473 0.527013 0.083008 0.525953 0.083252 0.524894 0.083496 0.525424 0.083252 0.523835 0.083740 0.523305 0.083008 0.523305 0.082764 0.524364 0.082031 0.523835 0.082031 0.526483 0.080811 0.528072 0.080322 0.527542 0.080078 0.528602 0.079102 0.528602 0.078125 0.525424 0.078613 0.524894 0.078613 0.522246 0.078125 0.523305 0.077637 0.522775 0.079102 0.519597 0.078857 0.517479 0.079590 0.515890 0.079346 0.511653 0.077881 0.511123 0.077637 0.512182 0.077637 0.518538 0.076904 0.520127 0.075439 0.520657 0.074707 0.524894
1 0.667480 0.509004 0.666504 0.509004 0.666504 0.511123 0.666016 0.511653 0.666504 0.512712 0.666504 0.514301 0.666016 0.514831 0.665771 0.516949 0.665039 0.515360 0.665527 0.517479 0.664551 0.518008 0.664551 0.519597 0.665283 0.519597 0.666016 0.521186 0.667480 0.519597 0.667725 0.518538 0.667480 0.513771 0.666992 0.513771 0.666260 0.512182
1 0.148438 0.508475 0.148682 0.511123 0.150879 0.510064 0.150879 0.509004 0.149902 0.507945
1 0.157715 0.506886 0.157227 0.506356 0.156982 0.507415 0.156738 0.506886 0.152344 0.509004 0.152344 0.510593 0.152832 0.512182 0.153320 0.512182 0.153320 0.513242 0.153809 0.512712 0.154297 0.513771 0.154297 0.515890 0.156006 0.516419 0.156494 0.517479 0.157471 0.515360 0.157471 0.513771 0.156494 0.511653 0.156738 0.509004 0.157715 0.507945 0.157227 0.507415
1 0.349609 0.504767 0.348389 0.506886 0.348389 0.507945 0.349365 0.510064 0.350342 0.510593 0.351074 0.508475 0.350830 0.507415 0.350586 0.508475 0.349121 0.508475 0.349121 0.507415 0.349854 0.505826 0.350586 0.506356 0.350342 0.504767
1 0.779785 0.504237 0.779785 0.505826 0.779053 0.508475 0.778564 0.507415 0.777588 0.507945 0.776855 0.506356 0.777100 0.507945 0.776611 0.510064 0.777344 0.511653 0.777344 0.514831 0.778320 0.515890 0.779053 0.518008 0.780273 0.519068 0.780273 0.521186 0.780762 0.522775 0.781006 0.520127 0.781738 0.518008 0.781250 0.516419 0.781250 0.513771 0.781982 0.512712 0.781982 0.511653 0.781494 0.511653 0.781006 0.514301 0.779053 0.511123 0.780029 0.508475 0.779541 0.507945 0.779785 0.506886 0.780518 0.507945 0.780762 0.506886 0.781250 0.507945 0.781494 0.507415 0.780762 0.505297 0.780029 0.505297
1 0.732910 0.504237 0.732422 0.505297 0.732422 0.507415 0.733154 0.508475 0.732910 0.512182 0.733398 0.512182 0.733887 0.510064 0.733154 0.509004 0.733887 0.507415 0.733887 0.505826 0.733398 0.505826
1 0.412598 0.504237 0.412109 0.505297 0.412598 0.506356 0.412109 0.507945 0.412842 0.507945 0.413086 0.510064 0.412598 0.510593 0.412109 0.509534 0.411133 0.513242 0.412354 0.515360 0.412598 0.514301 0.413330 0.514301 0.414062 0.512712 0.415039 0.512712 0.415039 0.514301 0.415527 0.514831 0.415527 0.519597 0.416992 0.522775 0.418213 0.522775 0.418701 0.521716 0.418945 0.524364 0.419434 0.525424 0.419434 0.529131 0.420410 0.529131 0.420654 0.525424 0.419678 0.524364 0.421143 0.521716 0.421387 0.522775 0.421387 0.520127 0.422119 0.518538 0.422607 0.514831 0.423584 0.512712 0.423096 0.511653 0.421631 0.512182 0.421631 0.518538 0.418945 0.519068 0.418457 0.520127 0.417725 0.516949 0.417969 0.511653 0.417725 0.512712 0.417236 0.512182 0.416748 0.507945 0.415527 0.507945 0.413574 0.504237
1 0.407959 0.509004 0.407715 0.504767 0.406494 0.504237 0.406006 0.503178 0.405029 0.505297 0.403809 0.505297 0.403564 0.508475 0.402344 0.508475 0.401855 0.505297 0.401855 0.507945 0.402344 0.509534 0.403320 0.509534 0.404053 0.508475 0.404297 0.509004 0.405029 0.507945 0.405762 0.508475 0.406250 0.507415 0.406494 0.504767 0.406738 0.509004 0.407471 0.510064
1 0.191895 0.503178 0.191406 0.504237 0.191406 0.508475 0.193115 0.507945 0.193115 0.503178
1 0.244873 0.502648 0.244141 0.502119 0.243408 0.504237 0.242188 0.503708 0.241943 0.505297 0.238525 0.505297 0.238037 0.511123 0.238281 0.513242 0.239502 0.511123 0.239746 0.512182 0.240479 0.511653 0.240723 0.512712 0.240967 0.511653 0.241699 0.511653 0.242432 0.509004 0.242432 0.506886 0.243408 0.504767 0.244629 0.504237
1 0.071777 0.504237 0.071533 0.505297 0.072266 0.506356 0.072510 0.507945 0.073730 0.508475 0.074219 0.509534 0.075195 0.509534 0.075439 0.508475 0.074951 0.507415 0.075439 0.505297 0.075439 0.502119 0.074219 0.502119 0.073242 0.503708 0.072754 0.503178 0.072510 0.504237
1 0.537598 0.500000 0.538086 0.502648 0.540527 0.506356 0.540527 0.507945 0.541504 0.510593 0.541504 0.513242 0.541016 0.513771 0.541504 0.514831 0.541260 0.516419 0.541748 0.516419 0.542480 0.518008 0.542480 0.519597 0.543701 0.519597 0.544189 0.518538 0.544434 0.519597 0.545410 0.520127 0.545410 0.521716 0.545898 0.520657 0.546631 0.520657 0.546387 0.515890 0.546143 0.516949 0.543701 0.515890 0.544434 0.514301 0.543945 0.509534 0.543457 0.509534 0.543213 0.507415 0.542480 0.506356 0.542725 0.504237 0.541504 0.504237 0.541260 0.505297 0.540527 0.505297 0.540283 0.503178 0.539795 0.502648 0.539795 0.500530
1 0.713379 0.501589 0.713379 0.505297 0.713867 0.506356 0.714600 0.506356 0.714844 0.507945 0.716064 0.507945 0.716797 0.509004 0.717041 0.508475 0.717285 0.510064 0.718262 0.511123 0.718994 0.513242 0.719238 0.512182 0.719971 0.512182 0.720459 0.510593 0.722900 0.510593 0.723145 0.508475 0.723877 0.507415 0.723389 0.506886 0.723877 0.503708 0.722900 0.501589 0.722168 0.503178 0.721680 0.502119 0.719238 0.502119 0.719238 0.501059 0.718750 0.500530 0.719238 0.499470 0.718994 0.498941 0.718262 0.500530 0.718750 0.501059 0.718262 0.502119 0.719238 0.504237 0.719238 0.505826 0.718018 0.506886 0.715820 0.506356 0.715576 0.501059 0.715332 0.501589 0.715088 0.500530 0.714111 0.500000
1 0.549805 0.496822 0.549561 0.498941 0.550781 0.500000 0.549805 0.502119 0.549805 0.503708 0.550781 0.504237 0.550781 0.506886 0.549805 0.507415 0.549561 0.508475 0.547607 0.507945 0.548584 0.503178 0.547363 0.501589 0.545898 0.502648 0.543945 0.501059 0.542969 0.502648 0.544922 0.505297 0.544922 0.506886 0.544434 0.507945 0.544678 0.507415 0.545898 0.509004 0.546875 0.514301 0.547363 0.514831 0.547363 0.516419 0.549072 0.516419 0.549316 0.518538 0.550781 0.519597 0.550293 0.521186 0.549316 0.521186 0.549316 0.522775 0.548584 0.524364 0.547852 0.524364 0.547852 0.525953 0.547363 0.526483 0.547363 0.529131 0.545898 0.529661 0.545898 0.532839 0.546875 0.534428 0.547119 0.536547 0.548096 0.536547 0.548584 0.535487 0.548584 0.531780 0.549072 0.531250 0.548584 0.528602 0.548584 0.525424 0.549805 0.524894 0.550781 0.529131 0.550781 0.532839 0.550293 0.533898 0.550781 0.534428 0.550781 0.535487 0.549316 0.536017 0.548828 0.537606 0.550293 0.540784 0.550537 0.537076 0.551025 0.540784 0.550781 0.538136 0.552002 0.537606 0.551270 0.535487 0.552002 0.534428 0.552002 0.531780 0.551514 0.530720 0.551514 0.525424 0.550781 0.524894 0.550781 0.522246 0.551758 0.517479 0.550781 0.515890 0.551270 0.514301 0.550537 0.512182 0.550537 0.509004 0.551025 0.507945 0.551758 0.507945 0.552002 0.504237 0.551514 0.502648 0.552490 0.500530 0.551758 0.500000 0.551758 0.501589 0.550781 0.502648 0.550537 0.501059 0.551025 0.500530 0.551025 0.498941 0.550293 0.498411
1 0.317871 0.498941 0.318848 0.500000 0.318359 0.501059 0.318359 0.502648 0.317871 0.503178 0.318359 0.504767 0.321533 0.504767 0.322510 0.503708 0.322266 0.503178 0.322754 0.502119 0.323242 0.503178 0.323486 0.502648 0.322998 0.501589 0.322510 0.502648 0.322021 0.501589 0.322510 0.497881 0.320068 0.497881 0.319580 0.496822 0.318359 0.496822 0.318359 0.498411
1 0.169434 0.498941 0.167480 0.499470 0.166748 0.497881 0.165039 0.498941 0.164551 0.497881 0.163330 0.498411 0.162598 0.496822 0.162109 0.498941 0.162598 0.500000 0.163574 0.498411 0.164062 0.500000 0.163574 0.501059 0.162842 0.501059 0.163086 0.501589 0.162354 0.503178 0.160156 0.503178 0.159180 0.505297 0.160156 0.506886 0.159668 0.507415 0.160645 0.507945 0.160400 0.507415 0.160889 0.506356 0.162598 0.506886 0.163574 0.509004 0.163330 0.511123 0.164062 0.512182 0.164062 0.513242 0.164795 0.511653 0.165039 0.512182 0.165771 0.510064 0.165771 0.506886 0.166260 0.505826 0.165771 0.504767 0.166260 0.503178 0.166504 0.503708 0.166504 0.501589 0.167480 0.501589 0.167480 0.504237 0.168213 0.502119 0.168945 0.502648 0.169922 0.500530
1 0.158203 0.495763 0.159912 0.499470 0.160889 0.497881 0.160156 0.495233 0.159668 0.495233 0.159424 0.496292 0.158936 0.494703
1 0.112793 0.500000 0.111816 0.500000 0.111084 0.501059 0.110107 0.500000 0.110596 0.496822 0.109375 0.495763 0.109131 0.494174 0.107910 0.495233 0.109131 0.496822 0.108887 0.497881 0.108643 0.497352 0.107422 0.498941 0.106934 0.498941 0.106201 0.497352 0.104980 0.497352 0.104736 0.498411 0.104492 0.497881 0.105469 0.501589 0.105469 0.505826 0.105957 0.504767 0.105469 0.504237 0.106445 0.502119 0.106445 0.501059 0.107422 0.501059 0.107666 0.502119 0.109131 0.501589 0.109375 0.503708 0.110840 0.503178 0.111084 0.501059 0.112793 0.501059
1 0.068359 0.494174 0.066406 0.494174 0.066406 0.497881 0.066650 0.498411 0.066895 0.497352 0.068359 0.497352
1 0.754883 0.491525 0.753906 0.495763 0.752197 0.495233 0.751709 0.493644 0.751953 0.493114 0.751709 0.493644 0.751465 0.492585 0.751221 0.493644 0.750000 0.493644 0.749756 0.495233 0.750244 0.496292 0.752197 0.496292 0.752197 0.498941 0.753906 0.501059 0.754150 0.503178 0.753174 0.505297 0.752686 0.505297 0.753906 0.508475 0.754150 0.507415 0.754395 0.508475 0.754639 0.507415 0.754883 0.508475 0.756104 0.507415 0.755859 0.506356 0.756348 0.505826 0.756592 0.501589 0.757568 0.498941 0.757324 0.496822 0.756836 0.496292 0.756836 0.494703 0.755615 0.495233 0.754883 0.493114
1 0.665283 0.491525 0.665527 0.493114 0.665039 0.494174 0.665771 0.494174 0.666016 0.495233 0.667480 0.496822 0.667725 0.494703 0.668457 0.493644 0.667480 0.493644 0.666016 0.490996 0.665771 0.492055
1 0.227539 0.489407 0.226562 0.489407 0.226318 0.490466 0.225586 0.489407 0.224609 0.489407 0.224365 0.491525 0.222656 0.491525 0.222412 0.494703 0.224609 0.491525 0.225342 0.492055 0.225586 0.490996
1 0.767334 0.491525 0.766357 0.491525 0.765381 0.489407 0.764648 0.489936 0.764404 0.488877 0.762695 0.492055 0.763184 0.494174 0.763672 0.494174 0.763184 0.496292 0.763916 0.494174 0.764160 0.494703 0.764404 0.493644 0.765869 0.492055 0.766113 0.493114 0.767334 0.492585
1 0.102295 0.489936 0.101562 0.489407 0.101807 0.490996 0.100098 0.492585 0.099854 0.493644 0.099365 0.492585 0.099854 0.491525 0.099365 0.490996 0.099854 0.489407 0.097656 0.490996 0.098877 0.490996 0.099365 0.493114 0.097900 0.493644 0.097168 0.495763 0.096924 0.494703 0.096436 0.495763 0.095703 0.495763 0.095459 0.493644 0.094238 0.490996 0.095215 0.488877 0.094727 0.489936 0.094482 0.489407 0.093750 0.492055 0.093750 0.496292 0.093262 0.497352 0.092041 0.494703 0.090332 0.494703 0.089844 0.493114 0.088379 0.494703 0.088379 0.492585 0.088867 0.491525 0.089111 0.492055 0.087891 0.492055 0.088379 0.493114 0.087402 0.495233 0.086914 0.494174 0.085938 0.496292 0.085938 0.502119 0.087158 0.503178 0.087646 0.502648 0.088867 0.505297 0.088867 0.506886 0.088379 0.507415 0.088867 0.507945 0.087402 0.511123 0.086914 0.510593 0.087891 0.512712 0.087402 0.513242 0.088623 0.513242 0.089355 0.515360 0.089844 0.513771 0.091064 0.513242 0.091309 0.513771 0.090576 0.514301 0.090820 0.515360 0.091309 0.514301 0.092041 0.514301 0.092285 0.515360 0.091797 0.516949 0.093506 0.516419 0.093750 0.518008 0.095703 0.516949 0.095703 0.514301 0.096191 0.513242 0.097168 0.514831 0.096924 0.516419 0.097656 0.516949 0.098633 0.516419 0.099121 0.514831 0.098145 0.514301 0.098633 0.513771 0.098145 0.513242 0.098633 0.512182 0.099609 0.513771 0.100342 0.513771 0.100586 0.512712 0.101318 0.512712 0.101562 0.513771 0.102539 0.510593 0.101318 0.507415 0.099854 0.507415 0.099365 0.505297 0.101074 0.501059 0.099854 0.499470 0.100098 0.498411 0.101562 0.497881 0.101807 0.496292 0.102051 0.498411 0.103760 0.498411 0.103760 0.496822 0.103271 0.496822 0.103271 0.495233 0.102295 0.493114 0.102783 0.491525 0.102051 0.490466
1 0.640137 0.488347 0.639648 0.489936 0.640137 0.490466 0.640625 0.493114 0.639648 0.493644 0.639160 0.495233 0.640869 0.495233 0.641602 0.493114 0.642334 0.494174 0.641357 0.492055 0.641357 0.489407
1 0.085449 0.485699 0.083496 0.485699 0.083008 0.486758 0.083008 0.489936 0.081299 0.494174 0.080566 0.494174 0.080566 0.496292 0.081543 0.496292 0.082031 0.492585 0.082764 0.493114 0.084229 0.496292 0.084961 0.494703 0.084473 0.494174 0.084961 0.493644 0.084717 0.492055 0.085693 0.490996 0.084961 0.490466 0.084229 0.488347 0.084961 0.486758 0.085693 0.486758
1 0.792969 0.484640 0.793945 0.487818 0.793945 0.492055 0.794678 0.492585 0.794189 0.493644 0.793945 0.493114 0.793945 0.495233 0.794922 0.495233 0.796631 0.493644 0.797119 0.494703 0.798340 0.495233 0.797852 0.493644 0.797119 0.493114 0.797607 0.492585 0.797119 0.490996 0.795654 0.490996 0.794678 0.489407 0.794922 0.488347 0.795410 0.489407 0.796631 0.489407 0.795410 0.486758 0.794678 0.486229 0.794189 0.484640
1 0.372070 0.484110 0.370850 0.487288 0.370117 0.487288 0.369873 0.489936 0.368896 0.490996 0.369141 0.493114 0.369873 0.492585 0.370117 0.489936 0.371338 0.488877 0.372070 0.490466 0.371094 0.491525 0.372070 0.493114 0.372803 0.492055 0.372803 0.487818
1 0.436279 0.483051 0.435059 0.483581 0.434326 0.487288 0.431396 0.486229 0.429688 0.483581 0.429688 0.485169 0.428711 0.487288 0.428711 0.490466 0.428223 0.491525 0.426758 0.491525 0.426758 0.493114 0.427246 0.493644 0.427002 0.494703 0.426025 0.494703 0.424805 0.492585 0.424316 0.493644 0.424316 0.494703 0.425781 0.496822 0.425537 0.498941 0.424316 0.499470 0.426025 0.500000 0.425537 0.502119 0.425049 0.501059 0.424316 0.501059 0.423828 0.502119 0.423828 0.503708 0.424561 0.503708 0.424805 0.505826 0.425537 0.505826 0.425293 0.505297 0.425781 0.501589 0.427490 0.501589 0.428223 0.503178 0.427734 0.504237 0.427490 0.507415 0.426514 0.508475 0.425293 0.508475 0.424805 0.509534 0.425293 0.511123 0.425781 0.511123 0.425537 0.510064 0.426025 0.509534 0.426270 0.512712 0.426514 0.511653 0.427246 0.512712 0.427490 0.511653 0.427979 0.511653 0.428223 0.512712 0.428467 0.511653 0.428711 0.512712 0.428955 0.511123 0.429688 0.513242 0.430664 0.513242 0.430664 0.511653 0.431641 0.511123 0.431396 0.510593 0.432373 0.510064 0.432617 0.509004 0.433105 0.509004 0.433838 0.511123 0.435547 0.510064 0.435547 0.504767 0.433594 0.503178 0.434326 0.498411 0.433350 0.496822 0.434326 0.494703 0.434570 0.495233 0.434326 0.493644 0.435303 0.490996 0.435303 0.489407 0.435791 0.488877 0.435791 0.487288 0.436523 0.484640
1 0.648926 0.481992 0.648438 0.483051 0.648682 0.486229 0.647461 0.487288 0.647461 0.490466 0.646973 0.490996 0.648193 0.490996 0.648438 0.494174 0.646484 0.494703 0.646240 0.492055 0.645996 0.493644 0.644531 0.493644 0.644531 0.495233 0.643555 0.495763 0.643555 0.498411 0.646729 0.500000 0.647217 0.502119 0.648438 0.501589 0.649902 0.505826 0.650879 0.505297 0.652100 0.506356 0.652832 0.507945 0.651367 0.509534 0.651367 0.511123 0.652344 0.513242 0.651367 0.513771 0.650635 0.511123 0.650391 0.513771 0.651123 0.515360 0.650879 0.515890 0.651855 0.516419 0.652588 0.515360 0.653076 0.516419 0.652344 0.520657 0.653809 0.522775 0.653076 0.523835 0.653564 0.526483 0.656250 0.527542 0.656982 0.529131 0.657959 0.534958 0.659912 0.534428 0.660645 0.533369 0.661621 0.533898 0.661865 0.533369 0.661377 0.531780 0.662354 0.529131 0.662598 0.525953 0.663086 0.524894 0.663086 0.521716 0.662109 0.519068 0.662109 0.510593 0.662598 0.509004 0.660645 0.506356 0.656494 0.505297 0.656006 0.501589 0.655029 0.498941 0.655029 0.496292 0.654785 0.496822 0.654541 0.495763 0.653320 0.495763 0.653320 0.499470 0.652832 0.500000 0.652832 0.502648 0.652344 0.503178 0.651855 0.496292 0.652832 0.492055 0.651367 0.493644 0.650879 0.491525 0.650635 0.492055 0.649658 0.490996 0.649658 0.489407 0.648682 0.486758 0.648682 0.485169 0.649170 0.484640
1 0.628906 0.480932 0.629150 0.486758 0.631592 0.486758 0.631348 0.484640 0.631592 0.484110 0.631836 0.485169 0.631836 0.484110 0.630859 0.482521 0.629883 0.483051 0.629395 0.481992 0.629883 0.481462
1 0.191406 0.480932 0.189697 0.483051 0.187500 0.483051 0.187256 0.484640 0.183105 0.485169 0.182129 0.486758 0.182861 0.490996 0.181641 0.493644 0.181641 0.501589 0.182861 0.501589 0.183594 0.504767 0.185059 0.506356 0.184570 0.510064 0.186035 0.511653 0.183594 0.515890 0.183105 0.519068 0.182373 0.517479 0.182373 0.513771 0.183105 0.513242 0.183350 0.508475 0.182129 0.507415 0.182617 0.512182 0.180664 0.512712 0.181152 0.516419 0.179932 0.516949 0.179688 0.524364 0.180420 0.525953 0.180664 0.523835 0.181396 0.525953 0.181396 0.524364 0.182373 0.523835 0.181641 0.528602 0.182617 0.530191 0.185791 0.531250 0.187012 0.534428 0.189697 0.530720 0.189941 0.533369 0.188965 0.534428 0.189453 0.538665 0.190674 0.535487 0.193604 0.534958 0.193359 0.533369 0.194336 0.532839 0.193848 0.531780 0.195068 0.531250 0.194336 0.526483 0.194824 0.525953 0.194092 0.522246 0.192383 0.523305 0.193359 0.531780 0.192139 0.530191 0.191895 0.527542 0.190430 0.526483 0.188965 0.516419 0.189697 0.513771 0.187256 0.512712 0.187012 0.510593 0.186279 0.512182 0.184814 0.509004 0.185303 0.507945 0.186035 0.509534 0.186279 0.507415 0.187988 0.507945 0.189697 0.505826 0.190186 0.500530 0.188477 0.500000 0.187500 0.496822 0.187500 0.498941 0.186035 0.500000 0.185791 0.503178 0.184082 0.502119 0.183838 0.493114 0.184326 0.491525 0.186035 0.494703 0.185791 0.498411 0.187012 0.493114 0.188721 0.492055 0.189453 0.494174 0.191650 0.495233 0.193359 0.501589 0.195068 0.501589 0.195557 0.499470 0.193604 0.496292 0.190674 0.487288
1 0.658447 0.479873 0.656982 0.480932 0.657471 0.483051 0.656982 0.484640 0.657227 0.485699 0.656738 0.486229 0.656738 0.488347 0.657471 0.490996 0.658203 0.487818 0.658203 0.485699 0.658936 0.485699 0.659180 0.486758 0.659912 0.486229 0.659912 0.483051 0.659180 0.483051
1 0.216064 0.479873 0.214844 0.479343 0.215576 0.479343 0.215576 0.480932 0.212402 0.483051 0.212402 0.484640 0.213379 0.486229 0.213379 0.490996 0.215332 0.491525 0.214844 0.494174 0.212402 0.492585 0.212402 0.488347 0.211426 0.490466 0.212402 0.491525 0.212402 0.493114 0.209229 0.500000 0.208252 0.500000 0.207764 0.497881 0.208740 0.498411 0.208740 0.495763 0.210205 0.494174 0.210205 0.487288 0.211670 0.485699 0.211670 0.483581 0.210938 0.486229 0.210693 0.483051 0.208496 0.483051 0.208984 0.485699 0.206055 0.489407 0.205811 0.487288 0.206299 0.486229 0.205566 0.486229 0.205078 0.481992 0.204346 0.481992 0.205078 0.485699 0.202637 0.492055 0.203125 0.490996 0.205566 0.491525 0.204834 0.493644 0.202881 0.494703 0.203369 0.496292 0.204834 0.496292 0.204834 0.498411 0.205322 0.497352 0.205566 0.500000 0.206543 0.500530 0.206055 0.507415 0.205322 0.509534 0.204346 0.509534 0.205078 0.512182 0.206787 0.512182 0.207031 0.515360 0.208008 0.513242 0.207031 0.511653 0.207520 0.507945 0.208740 0.507415 0.209229 0.509004 0.210205 0.507945 0.210938 0.510064 0.211426 0.509004 0.212402 0.510593 0.214600 0.509004 0.215332 0.510593 0.214844 0.510064 0.216797 0.507415 0.217773 0.503708 0.218262 0.504767 0.218262 0.502119 0.216309 0.502119 0.216797 0.504767 0.214355 0.508475 0.213623 0.507945 0.214355 0.505297 0.213867 0.506886 0.211182 0.504767 0.211426 0.502648 0.214111 0.501589 0.213135 0.501059 0.214355 0.499470 0.215088 0.496292 0.215820 0.497352 0.216553 0.496292 0.217285 0.498941 0.218506 0.498941 0.218506 0.496822 0.217285 0.495763 0.216064 0.492055 0.216797 0.489407 0.216064 0.488877 0.216553 0.481992 0.215576 0.481462
1 0.100586 0.479343 0.099121 0.478284 0.098389 0.480932 0.097168 0.480932 0.097656 0.482521 0.097656 0.484640 0.098145 0.485169 0.098877 0.481992 0.098633 0.481462 0.099121 0.480403 0.100098 0.480932 0.100586 0.480403
1 0.443115 0.477754 0.441650 0.478284 0.440918 0.480932 0.439697 0.481462 0.439941 0.483581 0.438965 0.485169 0.438965 0.486758 0.438477 0.487288 0.438965 0.488877 0.438477 0.489936 0.439209 0.490466 0.439209 0.488347 0.439941 0.487818 0.440430 0.485699 0.440918 0.486758 0.441162 0.486229 0.441162 0.483051
1 0.179932 0.476695 0.179199 0.477754 0.178955 0.476695 0.178223 0.477754 0.178711 0.478814 0.178711 0.480403 0.179199 0.480932 0.179199 0.482521 0.178223 0.483581 0.178711 0.485699 0.179199 0.483581 0.179199 0.480932 0.180176 0.477754
1 0.553223 0.491525 0.552734 0.490466 0.550781 0.490996 0.549805 0.487818 0.548340 0.488877 0.547607 0.487288 0.547607 0.485699 0.547119 0.485699 0.547119 0.483051 0.547607 0.481992 0.546875 0.479873 0.546631 0.480932 0.546387 0.480403 0.546387 0.477225 0.546875 0.475106 0.545166 0.479873 0.543701 0.479873 0.543701 0.480932 0.542969 0.480932 0.542969 0.483051 0.542480 0.483581 0.542725 0.485699 0.541748 0.488347 0.540771 0.487818 0.540039 0.486229 0.539795 0.486758 0.539062 0.485169 0.539307 0.483581 0.540039 0.483581 0.538330 0.483051 0.538086 0.484640 0.538574 0.485699 0.538086 0.486229 0.538086 0.487818 0.536621 0.489407 0.536621 0.490996 0.539307 0.496292 0.539307 0.498411 0.539551 0.497352 0.540039 0.497881 0.540039 0.499470 0.544678 0.499470 0.544922 0.498411 0.545898 0.498941 0.546631 0.497352 0.547119 0.499470 0.547363 0.494703 0.546875 0.492585 0.547607 0.490996 0.548584 0.490996 0.549316 0.492585 0.548828 0.493114 0.549316 0.493644 0.549561 0.492585 0.549805 0.493644 0.550293 0.490996 0.550781 0.493114 0.552002 0.493114 0.551514 0.491525 0.551758 0.490996
1 0.626953 0.474576 0.626465 0.477754 0.628418 0.478814 0.628662 0.477225 0.627441 0.475106 0.627686 0.474576
1 0.652588 0.473517 0.652344 0.478814 0.653076 0.478814 0.653809 0.480403 0.652832 0.480932 0.652588 0.481992 0.651855 0.481992 0.653320 0.483051 0.653320 0.484640 0.652832 0.485699 0.653320 0.486229 0.653320 0.487818 0.653809 0.488877 0.655762 0.488877 0.656250 0.487288 0.656250 0.483581 0.655518 0.480932 0.654541 0.479343 0.654541 0.477754 0.653076 0.475636
1 0.631836 0.479343 0.631836 0.481462 0.633057 0.482521 0.634277 0.482521 0.635010 0.479343 0.635986 0.479343 0.636719 0.481462 0.636475 0.482521 0.637207 0.482521 0.637695 0.483581 0.637451 0.486758 0.637695 0.485699 0.638916 0.485699 0.639160 0.487818 0.639893 0.482521 0.642578 0.484640 0.644287 0.483581 0.644531 0.485699 0.643066 0.487288 0.642822 0.489936 0.644775 0.490996 0.644775 0.489407 0.645264 0.488877 0.645264 0.485699 0.644287 0.483581 0.645264 0.481992 0.644043 0.479873 0.643799 0.481992 0.643066 0.483051 0.642090 0.483051 0.640625 0.478814 0.640137 0.478814 0.639893 0.479873 0.638672 0.479873 0.637939 0.478284 0.637695 0.472987 0.637207 0.472987 0.635742 0.475636 0.634521 0.475636 0.633545 0.476695 0.633057 0.480403 0.632568 0.479343
1 0.226562 0.472987 0.227051 0.474047 0.226562 0.475636 0.226562 0.479343 0.228271 0.480403 0.230225 0.479343 0.230469 0.478284 0.229248 0.476165 0.229492 0.474576 0.229980 0.475636 0.229736 0.474576 0.230225 0.473517 0.229492 0.474047 0.228271 0.472987 0.227295 0.474047
1 0.625244 0.471398 0.624756 0.473517 0.623779 0.472458 0.623779 0.474047 0.623291 0.475106 0.623047 0.474576 0.623047 0.476165 0.624512 0.478814 0.624512 0.479873 0.624756 0.478814 0.625488 0.479343 0.625244 0.478814 0.625732 0.478284 0.625244 0.476695 0.625000 0.477754 0.624512 0.475106 0.625732 0.473517
1 0.650391 0.469280 0.650146 0.470339 0.649414 0.470339 0.649170 0.472458 0.649414 0.476165 0.650635 0.478284 0.651611 0.475106 0.650879 0.473517
1 0.527344 0.469280 0.527344 0.474576 0.528320 0.474576 0.528320 0.476165 0.527344 0.476695 0.527832 0.478284 0.528320 0.477225 0.529053 0.477225 0.529541 0.475636 0.529785 0.476695 0.530029 0.475106 0.530273 0.476695 0.531006 0.474576 0.531738 0.474576 0.528809 0.474576 0.528076 0.472987 0.528076 0.471398
1 0.627441 0.468220 0.627930 0.469280 0.627930 0.472987 0.628662 0.474047 0.629883 0.473517 0.630371 0.474576 0.630371 0.477225 0.629883 0.478284 0.630615 0.478284 0.630859 0.479343 0.632080 0.477754 0.631592 0.476695 0.632080 0.475636 0.631592 0.474576 0.630371 0.474047 0.630371 0.472987 0.630859 0.472458 0.630371 0.471928 0.630859 0.471398 0.630859 0.469809 0.630371 0.469280 0.629150 0.471928 0.628662 0.470869 0.628662 0.468220
1 0.229492 0.471398 0.230469 0.471398 0.231445 0.474047 0.232910 0.476165 0.234131 0.476165 0.234619 0.474047 0.234863 0.475106 0.235596 0.474047 0.235352 0.472458 0.235107 0.473517 0.234375 0.473517 0.234863 0.471398 0.234863 0.469809 0.234375 0.469280 0.234375 0.470339 0.234863 0.470869 0.234619 0.471928 0.230957 0.468220
1 0.221680 0.467161 0.224121 0.472458 0.223877 0.474576 0.225830 0.474047 0.224854 0.472987 0.224365 0.471398 0.224854 0.469280 0.224365 0.468750 0.224609 0.468220 0.223877 0.468750
1 0.369385 0.466102 0.367432 0.468750 0.366699 0.467691 0.366211 0.467691 0.365723 0.469280 0.364258 0.468220 0.364990 0.470339 0.364014 0.471928 0.364014 0.473517 0.363281 0.473517 0.363281 0.475636 0.364258 0.474576 0.365234 0.475106 0.363525 0.478814 0.363525 0.480403 0.364990 0.483051 0.364502 0.484640 0.365723 0.487288 0.367676 0.487288 0.368164 0.485699 0.366455 0.485699 0.365723 0.483051 0.367432 0.482521 0.365723 0.480932 0.364746 0.478284 0.365234 0.476695 0.365967 0.477754 0.365723 0.476165 0.366699 0.475106 0.367676 0.476695 0.367676 0.475636 0.366943 0.474576 0.366455 0.475636 0.365479 0.470339 0.366211 0.468220 0.367920 0.469809 0.368896 0.467161 0.369629 0.467161 0.369629 0.468750 0.370117 0.468750 0.370117 0.467691
1 0.673584 0.463983 0.672852 0.463983 0.671875 0.470339 0.672852 0.470869 0.673340 0.469809 0.673096 0.466102 0.673584 0.465572
1 0.135986 0.465572 0.136963 0.467691 0.138184 0.468220 0.138916 0.465042 0.138184 0.463983 0.136963 0.463983
1 0.176025 0.462924 0.175293 0.465042 0.175781 0.466102 0.175781 0.473517 0.177490 0.473517 0.176514 0.471398 0.177979 0.471398 0.177490 0.470869 0.177979 0.469809 0.177979 0.467161 0.177002 0.466102
1 0.127441 0.462924 0.126953 0.464513 0.127441 0.467161 0.126953 0.467161 0.128174 0.468750 0.127930 0.469280 0.128662 0.467691 0.128906 0.470869 0.129395 0.470869 0.129395 0.468750 0.128418 0.467161 0.128662 0.464513
1 0.665283 0.462394 0.664551 0.463983 0.664795 0.467161 0.665039 0.466631 0.665771 0.469280 0.666016 0.468220 0.666992 0.468750 0.667480 0.467691 0.667236 0.466102 0.667725 0.464513 0.666748 0.465042 0.666504 0.463453
1 0.609375 0.462394 0.609131 0.463453 0.608643 0.462394 0.608398 0.465042 0.607910 0.466102 0.607422 0.466102 0.607178 0.464513 0.606445 0.463983 0.606201 0.465572 0.607178 0.465572 0.607422 0.467691 0.605713 0.469280 0.605957 0.474576 0.608154 0.470339 0.609131 0.469809 0.609619 0.468220 0.609863 0.465042
1 0.125244 0.461864 0.124756 0.462924 0.123535 0.462924 0.123291 0.463983 0.123535 0.466102 0.124512 0.468220 0.125732 0.467161 0.125244 0.465042 0.125732 0.463983 0.125244 0.463453
1 0.214111 0.463983 0.212891 0.463983 0.211914 0.460805 0.211182 0.460805 0.210449 0.459216 0.209961 0.459746 0.209229 0.458157 0.208496 0.459746 0.207031 0.460275 0.206787 0.461335 0.202637 0.462394 0.205078 0.466102 0.205078 0.468750 0.206543 0.469809 0.206543 0.471928 0.207031 0.473517 0.206055 0.474576 0.206055 0.476695 0.206543 0.478284 0.207275 0.476165 0.208008 0.476165 0.208496 0.474047 0.210938 0.474047 0.213867 0.467691 0.214600 0.467691 0.214844 0.468750
1 0.188477 0.458157 0.188232 0.460275 0.187744 0.459216 0.187256 0.463453 0.184570 0.464513 0.184570 0.465572 0.185547 0.466631 0.185059 0.468220 0.184326 0.468220 0.183350 0.464513 0.182129 0.462924 0.181641 0.462924 0.181396 0.463983 0.179199 0.463453 0.179443 0.463983 0.178711 0.465042 0.180908 0.465572 0.181885 0.464513 0.182129 0.465042 0.181641 0.466102 0.181641 0.468750 0.182129 0.469809 0.183350 0.469280 0.183594 0.470339 0.185547 0.470339 0.186523 0.469280 0.186279 0.468750 0.186768 0.467691 0.187012 0.468220 0.188477 0.465042
1 0.078125 0.469280 0.078125 0.472458 0.077637 0.473517 0.077881 0.474576 0.080322 0.472987 0.080566 0.474576 0.080811 0.473517 0.081055 0.474047 0.081055 0.477225 0.081543 0.478284 0.082764 0.475636 0.083008 0.472987 0.084229 0.472987 0.084473 0.471928 0.086182 0.471928 0.086426 0.475106 0.085938 0.475636 0.086426 0.476695 0.084961 0.478814 0.084961 0.481462 0.085938 0.483051 0.086182 0.484640 0.086670 0.483581 0.088867 0.483581 0.088135 0.481992 0.088867 0.480403 0.089355 0.480932 0.090088 0.478284 0.090576 0.480403 0.092041 0.481462 0.091797 0.483051 0.092285 0.484110 0.093018 0.483581 0.094482 0.484640 0.095947 0.481992 0.095459 0.480932 0.095459 0.477225 0.096436 0.474576 0.095703 0.473517 0.095703 0.472458 0.094727 0.472458 0.095215 0.472987 0.095215 0.475106 0.094238 0.476165 0.093750 0.477754 0.093750 0.479873 0.092285 0.481992 0.091553 0.480403 0.092041 0.479343 0.091797 0.476695 0.092041 0.475106 0.093262 0.473517 0.092285 0.473517 0.092041 0.471398 0.091553 0.472458 0.090820 0.472458 0.090576 0.473517 0.088867 0.472458 0.087646 0.469809 0.087646 0.468220 0.087158 0.468220 0.087158 0.466102 0.085693 0.465572 0.085938 0.464513 0.086670 0.464513 0.087158 0.463453 0.085693 0.461335 0.085693 0.458157 0.084717 0.460805 0.084473 0.460275 0.083740 0.461864 0.083008 0.461864 0.083496 0.465572 0.082764 0.468750 0.082031 0.469280 0.081055 0.468220 0.080566 0.469280 0.080078 0.468220 0.079834 0.469280
1 0.435059 0.457097 0.434570 0.457627 0.434814 0.465042 0.434570 0.464513 0.435547 0.462394 0.435547 0.458686 0.436035 0.458157
1 0.523682 0.456568 0.523193 0.457097 0.523438 0.462394 0.521484 0.465042 0.521973 0.466102 0.522949 0.466102 0.522949 0.467691 0.522461 0.468750 0.522949 0.467691 0.523682 0.467691 0.523682 0.466102 0.522705 0.465572 0.523193 0.464513 0.523193 0.462924 0.524170 0.460805 0.524170 0.457627
1 0.660156 0.459746 0.660400 0.461335 0.661133 0.461335 0.661621 0.458157 0.662354 0.457097 0.663086 0.457097 0.664062 0.459746 0.664551 0.459746 0.664307 0.457627 0.663574 0.456038 0.662842 0.456568 0.662109 0.455508 0.661133 0.455508
1 0.539062 0.454449 0.539062 0.457097 0.538574 0.458157 0.539307 0.457627 0.539551 0.460275 0.541016 0.461864 0.541260 0.465042 0.542236 0.466631 0.541992 0.470339 0.543457 0.470869 0.544678 0.469280 0.545410 0.469280 0.545654 0.468750 0.545166 0.466631 0.545898 0.465572 0.546631 0.465572 0.547119 0.468220 0.547607 0.465572 0.547852 0.467161 0.547852 0.466102 0.548584 0.465042 0.548584 0.463983 0.547363 0.462924 0.546631 0.460805 0.545410 0.460805 0.544922 0.459746 0.544434 0.459746 0.544189 0.460805 0.542480 0.459746 0.541016 0.461864 0.540527 0.457627 0.541260 0.456568 0.540283 0.456568
1 0.239746 0.454449 0.238281 0.454449 0.237793 0.454979 0.238281 0.454979 0.238281 0.456038 0.236816 0.456568 0.237549 0.457627 0.237305 0.459216 0.237793 0.459746 0.237305 0.461335 0.238281 0.462924 0.238281 0.465042 0.239014 0.463453 0.239014 0.460805 0.240234 0.459746 0.240479 0.457627 0.239746 0.457097
1 0.786621 0.454449 0.786865 0.455508 0.788330 0.454979 0.788574 0.456568 0.789062 0.455508 0.789551 0.456568 0.789307 0.457097 0.790283 0.456038 0.790039 0.454449 0.788818 0.452331 0.788330 0.452331 0.788330 0.454979
1 0.452637 0.452331 0.452148 0.453919 0.452148 0.458157 0.454834 0.458157 0.455322 0.460275 0.455078 0.459216 0.455811 0.459216 0.454346 0.456568 0.454102 0.453919
1 0.455566 0.453919 0.455566 0.454979 0.456787 0.454979 0.457275 0.457097 0.458496 0.456568 0.458984 0.457627 0.458496 0.459746 0.458984 0.460805 0.459717 0.460805 0.460205 0.458157 0.460938 0.457097 0.463135 0.458686 0.462891 0.456568 0.464355 0.456038 0.464355 0.454979 0.462891 0.454449 0.462646 0.456568 0.461914 0.454449 0.460449 0.455508 0.458496 0.455508 0.457275 0.452331 0.457275 0.451271 0.456543 0.451271 0.456543 0.452860
1 0.531738 0.449153 0.530518 0.452331 0.529785 0.452331 0.529785 0.453919 0.528809 0.455508 0.528809 0.458157 0.529785 0.460805 0.529785 0.464513 0.530273 0.465572 0.531006 0.465572 0.531738 0.463453 0.532227 0.463983 0.532227 0.469280 0.532715 0.469809 0.533203 0.468220 0.532959 0.463983 0.533447 0.463453 0.533936 0.460275 0.534424 0.460275 0.534424 0.458686 0.533691 0.459746 0.532959 0.458157 0.533447 0.457097 0.533936 0.457627 0.533936 0.456038 0.533447 0.456038 0.532471 0.452860 0.532959 0.451801 0.532959 0.450212 0.532715 0.451801
1 0.402588 0.462394 0.403076 0.462394 0.403320 0.463453 0.405029 0.460805 0.406982 0.460805 0.409180 0.463453 0.409668 0.462924 0.410400 0.465042 0.411377 0.464513 0.411621 0.463453 0.410889 0.463453 0.411377 0.462394 0.412354 0.462394 0.412354 0.464513 0.411377 0.466631 0.411133 0.466102 0.411621 0.467691 0.414307 0.468220 0.414551 0.469280 0.416016 0.468750 0.416992 0.469809 0.418945 0.466631 0.419678 0.466631 0.419922 0.467691 0.420410 0.465572 0.421875 0.465572 0.422363 0.466631 0.423096 0.465572 0.423340 0.466631 0.423096 0.465042 0.423584 0.464513 0.422852 0.462394 0.423584 0.461864 0.424805 0.458157 0.425293 0.458157 0.425293 0.456568 0.424805 0.456568 0.424561 0.458157 0.424316 0.457627 0.422852 0.458686 0.422363 0.460275 0.421387 0.458686 0.421631 0.457097 0.421143 0.457627 0.421387 0.459216 0.420410 0.460275 0.421143 0.459746 0.421875 0.461335 0.421631 0.462924 0.420898 0.462924 0.420654 0.461864 0.420166 0.462924 0.419678 0.461864 0.417969 0.461864 0.419189 0.462394 0.419434 0.463453 0.417236 0.463983 0.416992 0.463453 0.417480 0.462924 0.417480 0.455508 0.417480 0.457097 0.416748 0.458157 0.415283 0.457097 0.415039 0.457627 0.414307 0.456038 0.413818 0.452331 0.412842 0.455508 0.412109 0.455508 0.410645 0.452331 0.410645 0.451271 0.409424 0.453390 0.408447 0.453390 0.408203 0.452860 0.408691 0.452331 0.408203 0.451801 0.407471 0.452860 0.406982 0.449682 0.406250 0.449153 0.406250 0.450212 0.405029 0.451801 0.404297 0.451271 0.403564 0.452331 0.403320 0.451271 0.402832 0.451271 0.403320 0.457097 0.402344 0.457097
1 0.329102 0.449153 0.328613 0.454449 0.330322 0.454979 0.330322 0.453919 0.331055 0.453390 0.330811 0.449153
1 0.163574 0.448093 0.161377 0.448093 0.160889 0.449682 0.160156 0.449682 0.160156 0.451801 0.159424 0.451271 0.158691 0.452331 0.160156 0.454979 0.159668 0.457097 0.160400 0.458157 0.160400 0.459216 0.159180 0.460805 0.159180 0.465042 0.158203 0.466631 0.157959 0.466102 0.157227 0.468220 0.156982 0.474047 0.157471 0.474047 0.157715 0.475106 0.163818 0.475106 0.163330 0.471928 0.161621 0.471398 0.161377 0.472458 0.160889 0.471398 0.161133 0.470339 0.160645 0.470339 0.160645 0.466631 0.160156 0.466631 0.160645 0.465572 0.160400 0.463983 0.161133 0.460805 0.162109 0.459216 0.162598 0.457097 0.163574 0.457097 0.162598 0.454979 0.162598 0.453919 0.163086 0.453919 0.163818 0.452331 0.163818 0.450742 0.163086 0.449153 0.163818 0.448623
1 0.660400 0.447564 0.659912 0.449153 0.659180 0.449153 0.660156 0.451801 0.659668 0.452331 0.660156 0.453919 0.660400 0.453390 0.659912 0.452860 0.660889 0.451801 0.661133 0.449682 0.661621 0.449682
1 0.416992 0.448623 0.416504 0.448093 0.416748 0.447564 0.416260 0.448623 0.415527 0.447034 0.416016 0.448093 0.415283 0.449153 0.413574 0.448623 0.412598 0.449682 0.413086 0.450742 0.414307 0.451271 0.414551 0.452331 0.415283 0.451801 0.415771 0.449682 0.416016 0.450742
1 0.179688 0.444915 0.179199 0.444386 0.178711 0.445445 0.178467 0.444386 0.176758 0.445975 0.176514 0.448623 0.177246 0.449682 0.176514 0.451271 0.175293 0.450212 0.174561 0.451271 0.172852 0.451801 0.173584 0.452860 0.174316 0.451271 0.176025 0.452331 0.176514 0.451271 0.176758 0.452860 0.177490 0.451271 0.177490 0.449153 0.177979 0.448623 0.177246 0.447034 0.177979 0.445445 0.178955 0.446504
1 0.632812 0.442267 0.632324 0.445445 0.631836 0.445975 0.631836 0.447564 0.630859 0.449153 0.630371 0.448093 0.630371 0.449682 0.630859 0.450742 0.632080 0.449682 0.631592 0.448623 0.632080 0.447034 0.632568 0.447034 0.632812 0.448623 0.634277 0.448093 0.632812 0.446504
1 0.747070 0.441737 0.746338 0.443856 0.746094 0.443326 0.746094 0.444386 0.747070 0.448623 0.747559 0.448623 0.748047 0.442797 0.747803 0.443326
1 0.667969 0.442267 0.667480 0.441208 0.666992 0.441737 0.666992 0.442797 0.666504 0.442267 0.666504 0.443326 0.665527 0.443856 0.665039 0.445445 0.665527 0.445975 0.666260 0.444915 0.666748 0.446504 0.667480 0.446504
1 0.435059 0.439619 0.435059 0.441208 0.434082 0.443856 0.434082 0.445445 0.434570 0.444915 0.435791 0.445975 0.436523 0.444386 0.436768 0.444915 0.437500 0.442267 0.436279 0.441737
1 0.163818 0.439619 0.163330 0.439089 0.162598 0.441208 0.161377 0.442797 0.160156 0.442267 0.160156 0.443856 0.161133 0.444386 0.161865 0.442797 0.162109 0.443326 0.163574 0.441737
1 0.496826 0.439619 0.496094 0.439619 0.495850 0.438559 0.494873 0.439619 0.495850 0.440148 0.496094 0.442267 0.495117 0.442797 0.494629 0.441737 0.494629 0.443326 0.495117 0.444386 0.495850 0.444386 0.496826 0.442267
1 0.457520 0.437500 0.455566 0.441208 0.455566 0.442267 0.456543 0.442267 0.457520 0.446504 0.457764 0.445445 0.458496 0.445975 0.458496 0.448093 0.458008 0.448623 0.458496 0.448093 0.459717 0.449682 0.460205 0.444915 0.459229 0.444386 0.458496 0.442267 0.458740 0.437500
1 0.498047 0.436970 0.498535 0.437500 0.498535 0.439089 0.498047 0.439619 0.499023 0.440678 0.499023 0.443326 0.499512 0.443856 0.499512 0.445445 0.499512 0.444386 0.500244 0.442797 0.500244 0.440678 0.499512 0.440678 0.499268 0.438559 0.498779 0.438030 0.498779 0.436441
1 0.490967 0.431674 0.490723 0.432203 0.489746 0.431144 0.489258 0.432203 0.489258 0.433792 0.488281 0.434322 0.488281 0.435911 0.489014 0.434322 0.489258 0.435381 0.490967 0.433792
1 0.581543 0.429555 0.581299 0.432203 0.582031 0.434322 0.582031 0.436970 0.582520 0.436970 0.583008 0.435381 0.582764 0.432733 0.583740 0.431144 0.583252 0.430085
1 0.592285 0.427966 0.591797 0.430614 0.593506 0.431674 0.593750 0.434852 0.594482 0.435911 0.594482 0.430614 0.593994 0.429025 0.592773 0.429025
1 0.624756 0.426377 0.625244 0.427436 0.625000 0.427966 0.624023 0.426907 0.624023 0.427966 0.623291 0.428496 0.624023 0.429025 0.623535 0.430085 0.623535 0.431674 0.625732 0.431674 0.626465 0.432733 0.625000 0.434852 0.625000 0.436970 0.624756 0.437500 0.624512 0.436441 0.624512 0.437500 0.623535 0.439619 0.624512 0.441208 0.622559 0.444915 0.622559 0.446504 0.622070 0.447034 0.622070 0.448623 0.623291 0.449153 0.622559 0.451801 0.624512 0.454979 0.624756 0.453390 0.625732 0.452331 0.624756 0.451801 0.625244 0.448623 0.626465 0.449153 0.626465 0.451801 0.626953 0.452860 0.627930 0.452331 0.627930 0.448623 0.626709 0.445975 0.627197 0.445445 0.627197 0.442797 0.628662 0.441737 0.628662 0.439619 0.627686 0.439089 0.627197 0.437500 0.628662 0.435381 0.628906 0.433263 0.628662 0.431674 0.627686 0.432203 0.627197 0.431144 0.627686 0.430614 0.627686 0.427966 0.626953 0.430085 0.626709 0.427966 0.625977 0.427966 0.625732 0.426907 0.625488 0.427436
1 0.649414 0.426907 0.649414 0.428496 0.648926 0.429555 0.649902 0.432203 0.649902 0.436970 0.650879 0.437500 0.650879 0.438559 0.651611 0.440148 0.651367 0.440678 0.652588 0.441737 0.653076 0.440148 0.655518 0.440148 0.655029 0.438559 0.655273 0.438030 0.654053 0.437500 0.653564 0.435381 0.654053 0.434852 0.654053 0.435911 0.654541 0.436441 0.654053 0.433263 0.654541 0.433263 0.655029 0.431674 0.656006 0.431674 0.656006 0.427966 0.655518 0.429025 0.654785 0.429025 0.654541 0.430085 0.654053 0.429025 0.653809 0.430614 0.652588 0.429555 0.652832 0.427966 0.651855 0.425847 0.651855 0.431674 0.652832 0.433263 0.653320 0.436441 0.653320 0.439619 0.652344 0.441208 0.651611 0.438559 0.652100 0.438030 0.651611 0.436970 0.651611 0.435381 0.652344 0.433792 0.651611 0.435381 0.650879 0.434322 0.651611 0.433263 0.650879 0.433263 0.649902 0.431144 0.650391 0.429025 0.650146 0.429555
1 0.619873 0.424788 0.618652 0.426907 0.618652 0.429555 0.619141 0.430085 0.619141 0.431144 0.618408 0.432203 0.617432 0.432203 0.617676 0.438030 0.617188 0.439089 0.617188 0.441737 0.618652 0.442267 0.618652 0.441208 0.619385 0.441208 0.619629 0.442267 0.620850 0.441737 0.620605 0.439619 0.619873 0.440678 0.619141 0.439619 0.619385 0.439089 0.618652 0.435381 0.618896 0.434322 0.619141 0.434852 0.619141 0.431674 0.620361 0.427966
1 0.115723 0.424788 0.114746 0.426907 0.115479 0.431674 0.116455 0.432733 0.118164 0.432733 0.119385 0.430614 0.118652 0.427436 0.117676 0.425847 0.117676 0.424258 0.117188 0.423729 0.116943 0.426907
1 0.475098 0.423199 0.475342 0.426377 0.474609 0.429025 0.474609 0.431674 0.473633 0.432733 0.473633 0.435911 0.473145 0.436441 0.473633 0.440148 0.472656 0.441208 0.472656 0.444386 0.472900 0.445445 0.474365 0.445445 0.475586 0.448623 0.475830 0.447564 0.477051 0.449682 0.477295 0.451801 0.476562 0.453390 0.478516 0.454979 0.479492 0.457627 0.480713 0.457097 0.480957 0.458686 0.481934 0.460275 0.481934 0.458157 0.480957 0.456568 0.482422 0.456038 0.484375 0.450742 0.485352 0.450212 0.484863 0.449153 0.484131 0.449153 0.482666 0.450742 0.483887 0.450212 0.484131 0.450742 0.483398 0.452331 0.481201 0.452331 0.479248 0.449682 0.480225 0.451271 0.479980 0.452331 0.479248 0.451801 0.479248 0.453390 0.477783 0.451801 0.477295 0.447034 0.477539 0.446504 0.478516 0.449153 0.477051 0.444915 0.477539 0.443326 0.476807 0.440148 0.476807 0.431674 0.476562 0.432203 0.476074 0.430614 0.475342 0.430614 0.475098 0.431674 0.474609 0.431144 0.474609 0.429555 0.475098 0.429555 0.474854 0.429025 0.475586 0.427436 0.476562 0.430085 0.476562 0.426377 0.477051 0.424788 0.475586 0.423729 0.475830 0.425847 0.475342 0.426377
1 0.310547 0.431674 0.311035 0.432203 0.312256 0.427966 0.312500 0.429025 0.313721 0.428496 0.313965 0.429555 0.315674 0.428496 0.317627 0.423729 0.315918 0.423729 0.315430 0.424788 0.315430 0.427436 0.314697 0.429025 0.313965 0.429025 0.313232 0.427436 0.313721 0.426377 0.313721 0.423729 0.314453 0.422669 0.315186 0.423199 0.314209 0.421610 0.313232 0.421610 0.313477 0.422140 0.312744 0.423199 0.312256 0.422140 0.312256 0.420021 0.311523 0.420551 0.312012 0.421081 0.311035 0.422140 0.311035 0.428496 0.310547 0.429025
1 0.477295 0.420551 0.477051 0.421610 0.477539 0.422669 0.477539 0.424258 0.479492 0.424258 0.479492 0.422669 0.479248 0.423199 0.478027 0.419492 0.477539 0.421081
1 0.344482 0.425847 0.344971 0.426377 0.345703 0.424258 0.346436 0.424258 0.347168 0.427436 0.348145 0.426907 0.349121 0.428496 0.349854 0.427436 0.349854 0.426377 0.349365 0.426907 0.348877 0.425847 0.348877 0.423729 0.348389 0.424258 0.348145 0.423199 0.347412 0.423199 0.347412 0.419492 0.346924 0.420551 0.346191 0.420551 0.346191 0.422140 0.345703 0.422669 0.346191 0.423729 0.344727 0.424788
1 0.745605 0.419492 0.745117 0.421081 0.745850 0.422669 0.745117 0.422669 0.745117 0.424788 0.743896 0.426907 0.743164 0.426377 0.742920 0.427966 0.743408 0.427436 0.745117 0.432733 0.744629 0.433263 0.745117 0.439089 0.745605 0.440148 0.746094 0.436970 0.746094 0.430614 0.747314 0.429555 0.749756 0.434322 0.750000 0.433792 0.750000 0.435381 0.750732 0.434852 0.750488 0.440148 0.750977 0.442267 0.751709 0.442267 0.752930 0.445445 0.753418 0.444915 0.753906 0.445975 0.752441 0.449682 0.752441 0.448093 0.751221 0.448093 0.750732 0.444915 0.750000 0.443856 0.749512 0.444386 0.749023 0.447034 0.749756 0.448623 0.750488 0.448093 0.750732 0.450742 0.750000 0.452331 0.750000 0.454979 0.749023 0.456568 0.749268 0.457097 0.748291 0.459746 0.747070 0.458686 0.746094 0.459746 0.746582 0.462394 0.747314 0.462394 0.747559 0.463453 0.748779 0.462394 0.752197 0.465572 0.753174 0.462394 0.753906 0.463453 0.755859 0.462394 0.756348 0.458686 0.754883 0.454449 0.754395 0.451271 0.754639 0.449153 0.754395 0.448623 0.754150 0.450742 0.753662 0.449682 0.753662 0.448093 0.755615 0.445445 0.755615 0.442797 0.753906 0.441208 0.754150 0.440148 0.755371 0.439619 0.755371 0.436970 0.755127 0.438559 0.754883 0.436441 0.754883 0.438030 0.753174 0.440678 0.752197 0.435381 0.754150 0.431674 0.753906 0.427966 0.753418 0.427436 0.753662 0.424788 0.752930 0.423199 0.753662 0.421081 0.753418 0.419492 0.752197 0.418432 0.751465 0.420551 0.751709 0.421610 0.750977 0.422140 0.750732 0.423729 0.750000 0.423199 0.750488 0.422140 0.749756 0.421081 0.749023 0.421610 0.748779 0.423199 0.747559 0.423729 0.747070 0.421081
1 0.484863 0.418432 0.485352 0.420551 0.484863 0.422140 0.485596 0.421610 0.486572 0.423199 0.486084 0.424788 0.483887 0.425318 0.483887 0.429555 0.482910 0.429555 0.483643 0.431144 0.484131 0.436441 0.483887 0.436970 0.484863 0.440148 0.484863 0.443856 0.485596 0.444915 0.485840 0.443856 0.485352 0.441737 0.485840 0.438030 0.487061 0.440148 0.487305 0.442267 0.486572 0.444915 0.487061 0.448623 0.488281 0.442267 0.488037 0.440678 0.488770 0.440148 0.489502 0.441737 0.489258 0.442267 0.490234 0.441737 0.488281 0.438559 0.488037 0.439619 0.486816 0.437500 0.486572 0.433263 0.487549 0.432203 0.487549 0.430614 0.486328 0.429025 0.486084 0.424788 0.486572 0.424258 0.486816 0.425318 0.488037 0.425318 0.488525 0.424258 0.487793 0.421081 0.487061 0.422140 0.486328 0.421610 0.486084 0.420021
1 0.359863 0.419492 0.360352 0.420551 0.360352 0.422140 0.361084 0.422140 0.361328 0.423199 0.362061 0.421610 0.362793 0.422140 0.362549 0.419492 0.361328 0.418432
1 0.338623 0.417903 0.338623 0.420021 0.337891 0.420551 0.338379 0.421610 0.338379 0.425318 0.339111 0.425318 0.339600 0.423199 0.340088 0.424788 0.340820 0.422669 0.340576 0.423729 0.339355 0.423729 0.339355 0.418432
1 0.457275 0.422669 0.456787 0.422140 0.456787 0.420551 0.456299 0.419492 0.455322 0.418962 0.455811 0.418432 0.455811 0.417373 0.455322 0.416843 0.454346 0.418432 0.454102 0.417903 0.451660 0.419492 0.451660 0.422140 0.451172 0.423199 0.451660 0.424258 0.452881 0.424258 0.453369 0.422140 0.453613 0.423199 0.454834 0.424258 0.455322 0.426377 0.454834 0.424258 0.455078 0.423199
1 0.657227 0.413136 0.657715 0.414725 0.656738 0.415784 0.657715 0.417903 0.659424 0.417903 0.659180 0.417373 0.659668 0.416843 0.659180 0.415254 0.659668 0.414725 0.658691 0.413136
1 0.486572 0.413665 0.485352 0.412606 0.482910 0.414195 0.482666 0.416314 0.479248 0.416843 0.478516 0.418432 0.479492 0.419492 0.481201 0.417903 0.481445 0.418962 0.482178 0.418962 0.482666 0.420021 0.483154 0.419492 0.483643 0.420551 0.483398 0.421081 0.484131 0.422140 0.484375 0.421610 0.482666 0.418432 0.483398 0.418432 0.483154 0.417903 0.484131 0.417373 0.484619 0.415784 0.485352 0.416314 0.486328 0.415254
1 0.660645 0.412076 0.661133 0.413665 0.660156 0.415784 0.660889 0.416843 0.660889 0.420021 0.660400 0.422669 0.661377 0.423199 0.661377 0.416314 0.660645 0.415784 0.661377 0.414725 0.661377 0.413665
1 0.375000 0.413665 0.375000 0.415254 0.378662 0.414725 0.378662 0.412076 0.377930 0.412076 0.377686 0.413136 0.376465 0.413136 0.376221 0.412076 0.375488 0.412076
1 0.670898 0.412076 0.670898 0.414725 0.672119 0.414195 0.673340 0.416843 0.674561 0.415784 0.674316 0.414725 0.672852 0.415254 0.672119 0.411017 0.671387 0.411017
1 0.573242 0.411017 0.573242 0.415784 0.571777 0.417373 0.572266 0.421081 0.571533 0.422669 0.570312 0.422669 0.570312 0.423729 0.572021 0.426377 0.572266 0.428496 0.572998 0.428496 0.573242 0.429555 0.573975 0.428496 0.574219 0.429555 0.575439 0.427436 0.575195 0.426377 0.576416 0.423199 0.576904 0.423199 0.577637 0.425318 0.577637 0.423729 0.578613 0.422669 0.576660 0.422669 0.575928 0.418962 0.575684 0.413665 0.574951 0.412076 0.574463 0.412606 0.573730 0.411017
1 0.297852 0.411017 0.297852 0.414195 0.298584 0.414725 0.299561 0.417903 0.300537 0.417903 0.300537 0.415254 0.300049 0.414195 0.299561 0.414725
1 0.599121 0.409958 0.598389 0.412076 0.598389 0.415254 0.599854 0.415784 0.599609 0.412076 0.600098 0.411547
1 0.618408 0.409958 0.617676 0.408898 0.617432 0.409958 0.616699 0.408898 0.615479 0.412076 0.614746 0.412606 0.617188 0.413136 0.617188 0.412076 0.617920 0.411547
1 0.187744 0.406780 0.186768 0.411017 0.188232 0.412076 0.188477 0.411017 0.188232 0.412076 0.187988 0.411547 0.187988 0.408898 0.188721 0.407309
1 0.694824 0.406780 0.694580 0.409428 0.695068 0.411547 0.694092 0.414195 0.693359 0.414195 0.694336 0.415254 0.693848 0.417903 0.691406 0.418962 0.690186 0.422669 0.690430 0.424258 0.690674 0.423729 0.691162 0.424788 0.691650 0.422140 0.693115 0.424258 0.693115 0.421081 0.693604 0.420021 0.694336 0.420021 0.695068 0.421610 0.694580 0.422140 0.695068 0.423729 0.695068 0.428496 0.695312 0.427436 0.696045 0.427436 0.696533 0.428496 0.697266 0.427436 0.698486 0.427436 0.700439 0.429555 0.700928 0.427966 0.700439 0.421610 0.700928 0.421081 0.701172 0.423199 0.702637 0.423199 0.701904 0.422140 0.702393 0.420551 0.702637 0.421081 0.702637 0.417373 0.702881 0.416843 0.703125 0.417903 0.703125 0.416314 0.703613 0.415784 0.701904 0.415254 0.701416 0.414195 0.701904 0.413665 0.701660 0.412076 0.702148 0.411547 0.701660 0.411017 0.701660 0.409428 0.700684 0.407839 0.699951 0.409958 0.698242 0.408898 0.698242 0.411547 0.697754 0.412076 0.696533 0.409428 0.696777 0.407309 0.696289 0.406250
1 0.739746 0.404661 0.739014 0.406780 0.738281 0.406780 0.738037 0.408369 0.739014 0.408898 0.740234 0.411547 0.739746 0.414725 0.740967 0.415254 0.741455 0.414725 0.741699 0.412606 0.743164 0.412606 0.742432 0.412606 0.741699 0.409958 0.741943 0.408369 0.742676 0.408898 0.741943 0.408369 0.742432 0.407839 0.741699 0.408369 0.740723 0.407309 0.740967 0.407839 0.739990 0.408898 0.739014 0.407839 0.739014 0.406780 0.739746 0.406250
1 0.453613 0.405720 0.455322 0.406250 0.455566 0.408369 0.456787 0.408369 0.457031 0.410487 0.457764 0.410487 0.457764 0.407839 0.457275 0.407309 0.457520 0.406250 0.457031 0.404661 0.456543 0.406780 0.455811 0.404661 0.454102 0.404661
1 0.418701 0.404661 0.417969 0.404661 0.417969 0.408369 0.416992 0.411017 0.418457 0.414195 0.417969 0.415254 0.418213 0.416843 0.418945 0.414725 0.419678 0.415784 0.418945 0.414195 0.419434 0.413665 0.418945 0.411017 0.418457 0.411017 0.418213 0.412076 0.417236 0.411547 0.417725 0.411017 0.417725 0.408898 0.418457 0.407309
1 0.537598 0.403602 0.537109 0.405191 0.537354 0.406250 0.536377 0.407839 0.535889 0.411017 0.536133 0.410487 0.536621 0.411547 0.537109 0.414195 0.538574 0.417373 0.540527 0.417903 0.541016 0.416314 0.540771 0.413665 0.541260 0.412076 0.541260 0.409958 0.541748 0.409428 0.541748 0.408369 0.541260 0.407839 0.541260 0.405191 0.539551 0.404661 0.539307 0.403602 0.538818 0.404661
1 0.663574 0.403602 0.663574 0.405720 0.665527 0.408369 0.666260 0.406780 0.665771 0.406250 0.665527 0.403602
1 0.443359 0.405720 0.446045 0.406250 0.446045 0.402542 0.445557 0.403602 0.445068 0.402542 0.444336 0.402542 0.443848 0.403602 0.443848 0.405191
1 0.184814 0.402013 0.184326 0.403602 0.184082 0.403072 0.181885 0.406250 0.181152 0.408898 0.182129 0.408898 0.182861 0.407839 0.182861 0.406250 0.183838 0.405191 0.184814 0.403072
1 0.752441 0.399364 0.751953 0.402542 0.751465 0.403072 0.751953 0.405191 0.753174 0.406250 0.755371 0.406250 0.755859 0.403602 0.754150 0.402542
1 0.710938 0.399894 0.711182 0.402542 0.712891 0.401483 0.713867 0.404131 0.714600 0.404131 0.714600 0.401483 0.712891 0.398305 0.711914 0.398835 0.711670 0.400424 0.711426 0.399364
1 0.344238 0.398305 0.342773 0.399364 0.342773 0.403072 0.344482 0.402013
1 0.301025 0.398835 0.301758 0.399364 0.301758 0.402013 0.302246 0.402542 0.301758 0.405191 0.301270 0.405720 0.301758 0.406250 0.302734 0.404131 0.303467 0.404131 0.304199 0.405720 0.304199 0.408369 0.303711 0.409428 0.304443 0.409428 0.304688 0.408369 0.305908 0.407309 0.305908 0.404661 0.305420 0.404131 0.305420 0.403072 0.304932 0.402542 0.304443 0.404661 0.303711 0.404661 0.302979 0.403602 0.303223 0.403072 0.302734 0.402542 0.302979 0.402013 0.302246 0.400424 0.302246 0.398835
1 0.476074 0.396186 0.476074 0.398835 0.475586 0.399364 0.476074 0.400424 0.476074 0.402013 0.476562 0.402013 0.477295 0.398835 0.476807 0.396186
1 0.632324 0.395657 0.632568 0.400424 0.632324 0.400953 0.631592 0.399364 0.631104 0.400424 0.630371 0.400424 0.630371 0.402542 0.630859 0.404131 0.629395 0.406780 0.629883 0.407839 0.629883 0.411547 0.630615 0.411547 0.630615 0.406780 0.630127 0.405720 0.631104 0.404131 0.631348 0.402013 0.631836 0.403072 0.631836 0.400953 0.633057 0.400953 0.632812 0.400424 0.633301 0.398305 0.632568 0.397246
1 0.285889 0.394597 0.285400 0.396716 0.286133 0.397246 0.285156 0.398305 0.284912 0.400424 0.284180 0.400953 0.286621 0.402013 0.286865 0.398305 0.286377 0.397246 0.287109 0.394597
1 0.661865 0.403072 0.661133 0.401483 0.659424 0.400953 0.657959 0.394068 0.657471 0.395127 0.656738 0.394597 0.655762 0.396186 0.654297 0.394597 0.654541 0.395127 0.653809 0.395127 0.653809 0.396716 0.653076 0.398305 0.651855 0.398305 0.651611 0.399364 0.650879 0.399364 0.649902 0.397775 0.649170 0.398835 0.649414 0.400424 0.650635 0.401483 0.651367 0.405191 0.651855 0.404661 0.652344 0.405720 0.650879 0.407309 0.652100 0.407309 0.652344 0.408369 0.653076 0.408369 0.653809 0.410487 0.654541 0.410487 0.654785 0.409428 0.655762 0.410487 0.656738 0.405191 0.657227 0.406250 0.658447 0.406250 0.658691 0.405191 0.659424 0.405191 0.658936 0.404131 0.659424 0.402013 0.659912 0.403072 0.660156 0.406780 0.660156 0.405720 0.661621 0.404661
1 0.476562 0.393008 0.476562 0.395127 0.477539 0.395657 0.478027 0.397775 0.478516 0.397775 0.479492 0.399894 0.480225 0.398305 0.480713 0.399894 0.480713 0.398305 0.480225 0.398305 0.479980 0.397246 0.479248 0.398305 0.478516 0.395657 0.477783 0.395657 0.477295 0.393538
1 0.586914 0.391949 0.586426 0.393008 0.586426 0.396716 0.586914 0.397246 0.585938 0.398305 0.586426 0.399364 0.587158 0.398835 0.587158 0.397775 0.587646 0.397246 0.589600 0.399894 0.589355 0.398305 0.587891 0.397775 0.588623 0.396716 0.588623 0.393008 0.588135 0.391949 0.587402 0.391949 0.587158 0.394597
1 0.344971 0.393008 0.343750 0.391419 0.342285 0.391949 0.342285 0.394597 0.343994 0.395657
1 0.638184 0.391949 0.637695 0.393008 0.636963 0.390890 0.636230 0.394068 0.635742 0.393008 0.635254 0.393538 0.635254 0.399894 0.636230 0.399364 0.636230 0.398305 0.635498 0.397246 0.637207 0.396186 0.636963 0.395657 0.637695 0.393538 0.638184 0.393538
1 0.738525 0.393008 0.738525 0.394068 0.739746 0.395657 0.739746 0.397246 0.740723 0.400424 0.741943 0.398835 0.741211 0.397775 0.741943 0.394597 0.742920 0.394597 0.743652 0.396186 0.743652 0.397775 0.743652 0.396186 0.744141 0.395657 0.743164 0.391949 0.742920 0.393008 0.742188 0.393008 0.741943 0.391949 0.740234 0.391949 0.739990 0.390360 0.739014 0.393008
1 0.721436 0.390360 0.720215 0.392479 0.719971 0.394068 0.719482 0.394068 0.719482 0.395127 0.718750 0.394597 0.717773 0.395657 0.717529 0.394597 0.717041 0.395657 0.717285 0.399364 0.718750 0.402013 0.718994 0.404131 0.719971 0.403072 0.719971 0.400424 0.720703 0.398835 0.721924 0.402013 0.723389 0.402542 0.723877 0.403602 0.725342 0.402013 0.724854 0.400424 0.724121 0.400424 0.723877 0.399364 0.721924 0.397246 0.722168 0.396186 0.723633 0.396716 0.723633 0.393538 0.723145 0.392479 0.722412 0.393008 0.721436 0.391419
1 0.140869 0.388771 0.140137 0.390360 0.140625 0.391419 0.140381 0.394068 0.140869 0.393538 0.141602 0.395657 0.141357 0.398835 0.142090 0.400953 0.142578 0.396716 0.143311 0.395127 0.143555 0.391949 0.143066 0.391419 0.142334 0.393008 0.141602 0.393008 0.141113 0.391949
1 0.291260 0.387712 0.290039 0.390360 0.291504 0.393008 0.291504 0.394597 0.291992 0.392479 0.292725 0.392479 0.292236 0.396716 0.292969 0.398305 0.293213 0.401483 0.293701 0.400953 0.293701 0.399894 0.293213 0.399364 0.294189 0.397775 0.295166 0.397775 0.295166 0.396186 0.293945 0.396716 0.292969 0.395127 0.294189 0.393538 0.294922 0.393538 0.294434 0.393008 0.293701 0.389831 0.293945 0.388771 0.292969 0.388771 0.292480 0.389831 0.291748 0.387712
1 0.322754 0.388771 0.326660 0.389301 0.326904 0.390360 0.327881 0.389831 0.326904 0.387712 0.327393 0.386653 0.326172 0.386653 0.325195 0.388771 0.324463 0.385593 0.323975 0.388242
1 0.734131 0.385064 0.733643 0.389831 0.734619 0.391949 0.736084 0.391419 0.735596 0.390890 0.736572 0.390360 0.736328 0.388242 0.735840 0.387712 0.736084 0.387182
1 0.347900 0.384534 0.346191 0.387712 0.346191 0.389301 0.346680 0.388771 0.347412 0.389831 0.346680 0.390890 0.346680 0.395657 0.347168 0.396716 0.347412 0.393538 0.347656 0.396186 0.347412 0.390360 0.348145 0.388242 0.347412 0.386653 0.347900 0.386123
1 0.402344 0.383475 0.402344 0.387182 0.403076 0.387182 0.403320 0.388242 0.403809 0.387182 0.404541 0.387182 0.404541 0.385593 0.404053 0.384534 0.402832 0.384534
1 0.716797 0.387182 0.714844 0.386653 0.714600 0.388771 0.713623 0.386123 0.714111 0.384534 0.713379 0.384534 0.712891 0.383475 0.712158 0.384004 0.711426 0.382945 0.711182 0.384004 0.710449 0.381356 0.709961 0.382945 0.709961 0.385064 0.709473 0.386123 0.709961 0.387182 0.708496 0.387712 0.708008 0.386653 0.707275 0.388771 0.707520 0.393538 0.707031 0.395127 0.707520 0.396186 0.707031 0.396716 0.706543 0.400953 0.707275 0.402013 0.707764 0.399364 0.708252 0.399364 0.708496 0.400424 0.708740 0.399894 0.708984 0.400953 0.709717 0.400953 0.710205 0.399894 0.709717 0.398305 0.711182 0.397246 0.711182 0.393008 0.710449 0.394068 0.709717 0.392479 0.709961 0.389301 0.711426 0.389301 0.711914 0.390360 0.714355 0.390360 0.714844 0.391949 0.715088 0.390890 0.715332 0.391949 0.715820 0.391949 0.717041 0.389301
1 0.608643 0.386653 0.605713 0.380297 0.604980 0.384534 0.603760 0.382945 0.603516 0.380297 0.603271 0.381886 0.602539 0.380826 0.602539 0.382945 0.598633 0.389831 0.599609 0.396716 0.597900 0.399364 0.597412 0.397775 0.596924 0.398835 0.596191 0.398305 0.594482 0.401483 0.593262 0.398835 0.595459 0.397246 0.593750 0.395657 0.592773 0.389831 0.593506 0.388771 0.593994 0.391419 0.595459 0.388771 0.593750 0.388771 0.593750 0.387182 0.594482 0.387712 0.593994 0.386123 0.592529 0.390890 0.590820 0.388771 0.590820 0.390360 0.589600 0.391949 0.589844 0.394068 0.591309 0.396186 0.590820 0.397246 0.592041 0.397246 0.592529 0.396186 0.592285 0.394597 0.593262 0.393538 0.593750 0.397775 0.592773 0.398305 0.592773 0.400424 0.593506 0.400953 0.591064 0.403602 0.589355 0.401483 0.589844 0.403072 0.588379 0.403072 0.588867 0.406250 0.587891 0.407309 0.588135 0.408898 0.587402 0.407839 0.587402 0.409428 0.588379 0.408369 0.589355 0.409428 0.590088 0.407309 0.591797 0.411017 0.590820 0.414725 0.591797 0.414725 0.592529 0.412606 0.591797 0.409428 0.593262 0.410487 0.593262 0.412606 0.594238 0.412606 0.595947 0.407839 0.597412 0.407839 0.597168 0.405720 0.597900 0.403602 0.599609 0.403602 0.601562 0.397775 0.602539 0.401483 0.601562 0.407309 0.602539 0.407309 0.604004 0.402013 0.604492 0.403072 0.605225 0.402013 0.605469 0.405191 0.606201 0.404661 0.606689 0.402013 0.609375 0.404661 0.608398 0.405720 0.609131 0.407309 0.610352 0.403072 0.608154 0.395127 0.607666 0.387712
1 0.278809 0.379767 0.277832 0.381356 0.276123 0.381886 0.275391 0.383475 0.275146 0.385593 0.274414 0.387182 0.274902 0.389301 0.276123 0.388771 0.276367 0.387712 0.276855 0.388242 0.279297 0.383475 0.279541 0.384534 0.279541 0.382945 0.279053 0.382945 0.278320 0.381356 0.279053 0.380297
1 0.406982 0.378178 0.405029 0.379237 0.404785 0.380297 0.405762 0.381356 0.405273 0.382415 0.405273 0.386123 0.405762 0.387182 0.406006 0.384534 0.406982 0.384004 0.406006 0.382415 0.406006 0.380297 0.406494 0.379767 0.406250 0.378708
1 0.542480 0.375000 0.541504 0.376059 0.541504 0.380826 0.541016 0.381356 0.541016 0.384004 0.541748 0.384004 0.542480 0.385593 0.543945 0.385593 0.544434 0.386653 0.544434 0.388242 0.544922 0.388771 0.545410 0.385593 0.544434 0.385593 0.544434 0.379767 0.543701 0.376589
1 0.451660 0.375000 0.451172 0.376589 0.451172 0.379767 0.451660 0.380826 0.452881 0.380826 0.453125 0.381886 0.450195 0.384004 0.450684 0.384534 0.450684 0.386123 0.451660 0.386653 0.451660 0.389301 0.453125 0.391949 0.453125 0.393008 0.452148 0.394068 0.452148 0.395657 0.451172 0.398305 0.449463 0.397775 0.449951 0.395127 0.449219 0.393538 0.448242 0.395127 0.448242 0.396716 0.449219 0.398305 0.449219 0.399894 0.449707 0.398835 0.450439 0.399894 0.450928 0.398835 0.451660 0.400424 0.451660 0.402013 0.452148 0.402542 0.452393 0.407309 0.452881 0.406250 0.452881 0.402013 0.454834 0.398835 0.453857 0.397246 0.454590 0.393538 0.452881 0.390360 0.453125 0.387712 0.453613 0.387712 0.453613 0.389301 0.454102 0.387182 0.455078 0.389831 0.455811 0.389301 0.456787 0.387182 0.456787 0.382415 0.457275 0.381356 0.456543 0.381356 0.454590 0.385593 0.453369 0.382945 0.453369 0.381356 0.452881 0.380297 0.452881 0.376059
1 0.329102 0.378178 0.328613 0.376589 0.327881 0.376589 0.327637 0.375000 0.327637 0.376589 0.326660 0.378178 0.326660 0.379767 0.326172 0.380297 0.327637 0.381356 0.328369 0.379237 0.328613 0.380297
1 0.744629 0.373941 0.743408 0.376059 0.743408 0.379237 0.743896 0.380826 0.744629 0.379767 0.745117 0.380297 0.745117 0.376059
1 0.580566 0.373941 0.580078 0.375000 0.580078 0.377119 0.580566 0.378708 0.579102 0.380297 0.579834 0.380297 0.580078 0.381356 0.580811 0.381356 0.581055 0.382945 0.582520 0.384004 0.583252 0.382415 0.583252 0.375000 0.582764 0.376059 0.582031 0.375000 0.582031 0.373941 0.581543 0.373941 0.581543 0.375000
1 0.363037 0.373941 0.359375 0.375000 0.359375 0.377119 0.363037 0.377648
1 0.534424 0.372881 0.534180 0.373411 0.534668 0.373941 0.534668 0.375530 0.534180 0.376589 0.534668 0.377119 0.534668 0.378708 0.534180 0.379237 0.534180 0.380826 0.535889 0.380826 0.535400 0.379767 0.535889 0.378708 0.534912 0.377119 0.535645 0.376589 0.535156 0.376059 0.536133 0.373941 0.535645 0.373411 0.535889 0.372881
1 0.475342 0.372881 0.475098 0.373941 0.476074 0.377648 0.476318 0.376589 0.476074 0.377119 0.475586 0.376059 0.476074 0.374470 0.476807 0.376059 0.477051 0.374470 0.477539 0.374470 0.478027 0.379767 0.477539 0.379767 0.477295 0.376589 0.477051 0.379237 0.477539 0.380297 0.479492 0.379767 0.479492 0.377648 0.479004 0.380297 0.478271 0.379237 0.478027 0.375530 0.477295 0.373411 0.477539 0.372881 0.476318 0.373941
1 0.598389 0.369703 0.596924 0.370233 0.596191 0.371822 0.596191 0.373411 0.596680 0.373411 0.596680 0.375530 0.597168 0.376589 0.597412 0.372881 0.598389 0.372352 0.597900 0.371292
1 0.525635 0.369703 0.524902 0.369703 0.524170 0.372881 0.522949 0.373411 0.523682 0.377648 0.524170 0.377648 0.524658 0.373941 0.526123 0.371822
1 0.127930 0.374470 0.129395 0.373941 0.129883 0.372352 0.130859 0.371822 0.131836 0.369703 0.131348 0.369174 0.130615 0.370233 0.128174 0.369174 0.128418 0.371822 0.127930 0.372881
1 0.650391 0.369703 0.650391 0.371822 0.650635 0.370763 0.651367 0.371292 0.652100 0.374470 0.652588 0.375000 0.651855 0.376589 0.652344 0.375530 0.652588 0.376589 0.653076 0.376589 0.652832 0.375530 0.653564 0.374470 0.652344 0.370233 0.652588 0.369174 0.652100 0.368644
1 0.576416 0.369174 0.574707 0.369174 0.574463 0.370233 0.574219 0.369174 0.573975 0.369703 0.573486 0.368644 0.572754 0.368644 0.572754 0.370233 0.572021 0.372352 0.572754 0.373411 0.572266 0.373941 0.572266 0.375000 0.571777 0.375000 0.572266 0.377119 0.572754 0.373411 0.573975 0.373411 0.574219 0.372352 0.574463 0.372881 0.574951 0.370763 0.576172 0.370233
1 0.514893 0.368644 0.514648 0.369174 0.515137 0.370233 0.513428 0.373411 0.513672 0.376589 0.514160 0.377648 0.512695 0.380297 0.513184 0.381886 0.512207 0.383475 0.512207 0.384534 0.514404 0.386123 0.514404 0.385064 0.515381 0.382945 0.515625 0.387712 0.515137 0.389301 0.516113 0.388771 0.516602 0.390360 0.517822 0.390360 0.517578 0.388771 0.518311 0.387182 0.518555 0.388771 0.520996 0.387712 0.520996 0.386123 0.519775 0.384534 0.520752 0.382945 0.521484 0.382945 0.520996 0.382415 0.521729 0.381886 0.521240 0.381886 0.520996 0.380826 0.520752 0.381886 0.520264 0.380297 0.520996 0.379237 0.520752 0.375000 0.519775 0.373941 0.519287 0.376059 0.518066 0.376059 0.517334 0.374470 0.517334 0.371822 0.516846 0.371292 0.516846 0.370233 0.515381 0.370233
1 0.464111 0.367585 0.465820 0.370763 0.465576 0.371292 0.466064 0.370233 0.467773 0.373411 0.467529 0.375530 0.466797 0.377119 0.466309 0.375530 0.465576 0.378708 0.466309 0.376589 0.466797 0.377119 0.466309 0.379237 0.466553 0.379767 0.467285 0.379237 0.467285 0.377119 0.468994 0.377119 0.469727 0.378178 0.469238 0.377119 0.467285 0.377119 0.468018 0.375530 0.468506 0.375530 0.468506 0.373411 0.468018 0.372881 0.468994 0.371292 0.468994 0.369703 0.468506 0.372352 0.467041 0.370233 0.466797 0.368114 0.466797 0.371292 0.465820 0.369703 0.466064 0.368114 0.465332 0.369174
1 0.300293 0.367585 0.300537 0.369174 0.300049 0.369703 0.299805 0.368644 0.299805 0.371292 0.300537 0.371292 0.300781 0.372352 0.299805 0.373411 0.300781 0.376059 0.301270 0.376059 0.301270 0.377119 0.302490 0.376589 0.302734 0.377648 0.302246 0.378178 0.302979 0.379237 0.301758 0.379237 0.301514 0.380297 0.300781 0.380297 0.302246 0.381356 0.302246 0.382945 0.302734 0.383475 0.302490 0.384534 0.302246 0.384004 0.302246 0.386123 0.303955 0.388771 0.304443 0.387182 0.305908 0.387182 0.306152 0.388242 0.307373 0.388771 0.307861 0.383475 0.307129 0.381356 0.308105 0.380826 0.307617 0.380297 0.307861 0.379237 0.307373 0.378708 0.307373 0.377119 0.306885 0.376059 0.308350 0.373941 0.308594 0.375000 0.309570 0.375530 0.310547 0.373941 0.310059 0.373411 0.310547 0.372881 0.309570 0.372352 0.308594 0.372881 0.308350 0.373941 0.306641 0.373941 0.306396 0.376059 0.306152 0.375000 0.305420 0.377119 0.303711 0.378178 0.303223 0.376589 0.303467 0.376059 0.302490 0.374470 0.302490 0.373411 0.301270 0.372881 0.300537 0.371292
1 0.386719 0.368644 0.386719 0.372352 0.387451 0.372352 0.387695 0.373941 0.388428 0.373941 0.388916 0.375530 0.390137 0.375530 0.389648 0.377119 0.389893 0.378708 0.389404 0.380826 0.389893 0.380826 0.390137 0.381886 0.389404 0.382415 0.389648 0.382945 0.390381 0.382945 0.390137 0.379237 0.390869 0.377648 0.391113 0.375530 0.392578 0.378178 0.392578 0.380826 0.393555 0.381356 0.393555 0.382945 0.394531 0.384004 0.394531 0.385593 0.394531 0.384534 0.396240 0.381886 0.396240 0.380297 0.396484 0.380826 0.395996 0.380297 0.395264 0.381886 0.394287 0.380826 0.394775 0.377648 0.395752 0.378178 0.395264 0.377648 0.395752 0.376589 0.395264 0.372881 0.394775 0.372881 0.394043 0.371292 0.393066 0.371822 0.392822 0.370763 0.392090 0.370763 0.391846 0.368114 0.390869 0.366525 0.390137 0.368644 0.389404 0.366525 0.387451 0.369703
1 0.280762 0.367055 0.279541 0.366525 0.279053 0.367585 0.277832 0.365466 0.278809 0.364936 0.278320 0.364407 0.277588 0.365996 0.277344 0.365466 0.277100 0.367055 0.276367 0.366525 0.277344 0.368114 0.276367 0.368644 0.276855 0.370233 0.275879 0.371822 0.276367 0.372352 0.277344 0.370233 0.278076 0.370233 0.278320 0.372352 0.280273 0.372352 0.280273 0.371292 0.278809 0.368114 0.279297 0.367055
1 0.451172 0.362288 0.451172 0.363877 0.453125 0.363877 0.453125 0.367055 0.454102 0.369174 0.454834 0.369174 0.455322 0.370233 0.455322 0.367585 0.454346 0.365466 0.453369 0.364936 0.453369 0.362288
1 0.394043 0.362288 0.394531 0.365466 0.394287 0.365996 0.395752 0.365996 0.395996 0.364936 0.396729 0.364936 0.396973 0.365996 0.398193 0.365996 0.398193 0.363877 0.396973 0.362288
1 0.620605 0.361229 0.620605 0.367055 0.620850 0.366525 0.621582 0.368114 0.623291 0.368114 0.623535 0.369174 0.624512 0.369174 0.625000 0.370233 0.625000 0.371822 0.625244 0.370763 0.624756 0.369703 0.624268 0.365466 0.623047 0.365466 0.622803 0.364407 0.622314 0.365466 0.621826 0.364407 0.620850 0.365466
1 0.379395 0.361229 0.378906 0.362288 0.378906 0.367055 0.377930 0.368644 0.378418 0.369703 0.378418 0.371292 0.377930 0.372352 0.378662 0.371822 0.379150 0.368644 0.379639 0.368114 0.379639 0.365466 0.379150 0.364936 0.379395 0.363877 0.380859 0.364936 0.380859 0.370763 0.381836 0.372352 0.382080 0.364407 0.380615 0.361229 0.380127 0.362288
1 0.739258 0.354873 0.739746 0.355403 0.738281 0.355932 0.737305 0.358051 0.737305 0.359640 0.738037 0.360169 0.738525 0.359110 0.739746 0.361758 0.739258 0.362288 0.739258 0.363347 0.739746 0.363877 0.739990 0.363347 0.739502 0.362288 0.739990 0.361758 0.739990 0.359110 0.739502 0.355932 0.739990 0.355403
1 0.574707 0.355932 0.576172 0.359110 0.576660 0.361758 0.577393 0.361229 0.577881 0.362288 0.577637 0.359110 0.577393 0.359640 0.576416 0.356462 0.576904 0.355403 0.576660 0.354873
1 0.089600 0.352225 0.088623 0.352754 0.088379 0.354343 0.087891 0.353284 0.088135 0.352225 0.087158 0.353284 0.086914 0.352754 0.088135 0.354343 0.087891 0.358051 0.086914 0.358581 0.086914 0.360169 0.087402 0.360169 0.087402 0.362818 0.086914 0.363877 0.087402 0.364407 0.089111 0.362288 0.090088 0.363347 0.089355 0.361758 0.089355 0.360699 0.088867 0.360699 0.088379 0.358051 0.088135 0.359110 0.087891 0.358581 0.088135 0.356462 0.088379 0.356992 0.088867 0.355403 0.089355 0.356462 0.090088 0.354873
1 0.436035 0.351695 0.436035 0.353284 0.435059 0.355932 0.435059 0.358581 0.435547 0.359640 0.437500 0.356462 0.436035 0.352754 0.436523 0.352225
1 0.359863 0.351695 0.360352 0.353284 0.361084 0.353284 0.362305 0.355932 0.362549 0.354873 0.363281 0.356462 0.363281 0.357521 0.364990 0.357521 0.364990 0.356462 0.363525 0.354343 0.363525 0.352754 0.364014 0.352225 0.363525 0.350636 0.362793 0.351695 0.361328 0.351695 0.361084 0.352754 0.360352 0.352754
1 0.654785 0.351165 0.655273 0.351695 0.655029 0.354343 0.655762 0.356462 0.655518 0.357521 0.655273 0.356992 0.655273 0.358051 0.656006 0.358581 0.656494 0.357521 0.656738 0.358051 0.657959 0.354873 0.658203 0.355932 0.659912 0.355403 0.659912 0.353814 0.660645 0.352754 0.660156 0.352754 0.659912 0.351165 0.659180 0.351165 0.658691 0.350106 0.656982 0.350636 0.656250 0.352225 0.656006 0.351695 0.656494 0.351695 0.657471 0.353814 0.656982 0.355932 0.655762 0.354343 0.656006 0.353814 0.655029 0.351165 0.655029 0.349576
1 0.485596 0.350636 0.484375 0.348517 0.484375 0.349576 0.483154 0.352754 0.482666 0.350636 0.482178 0.351165 0.481934 0.350106 0.480957 0.350106 0.480713 0.350636 0.481689 0.354873 0.479980 0.356992 0.479492 0.355932 0.478271 0.355932 0.478516 0.356462 0.478027 0.356992 0.478027 0.358581 0.479004 0.359110 0.479004 0.361758 0.479492 0.360699 0.479980 0.361758 0.480225 0.359110 0.481201 0.358581 0.481445 0.360699 0.482666 0.360699 0.482910 0.362288 0.483887 0.362818 0.484375 0.361758 0.484131 0.359640 0.484619 0.358581 0.484131 0.358051 0.484131 0.356462 0.483154 0.354873 0.483887 0.353284 0.484619 0.354343
1 0.624023 0.345339 0.623535 0.345339 0.622559 0.347987 0.623047 0.350106 0.621338 0.351695 0.621338 0.352754 0.623535 0.356462 0.623535 0.358051 0.623535 0.356462 0.624268 0.355403 0.623535 0.351695 0.623535 0.349047 0.624268 0.346928 0.624512 0.347458
1 0.607422 0.342691 0.607422 0.345339 0.607910 0.346398 0.607422 0.347987 0.606934 0.347987 0.607422 0.349047 0.608643 0.349047 0.609375 0.346928 0.610352 0.347987 0.609863 0.348517 0.610352 0.350636 0.610352 0.353284 0.609863 0.353814 0.609863 0.355403 0.609619 0.355932 0.609131 0.354873 0.609131 0.352754 0.608643 0.351695 0.607422 0.353814 0.607422 0.354873 0.608398 0.356462 0.609131 0.356462 0.609375 0.357521 0.610107 0.357521 0.610107 0.355932 0.610596 0.355403 0.610840 0.357521 0.611816 0.358581 0.611816 0.355932 0.611572 0.356462 0.610596 0.355403 0.610596 0.352754 0.611328 0.351165 0.611816 0.351165 0.612305 0.352754 0.612793 0.352225 0.613525 0.349047 0.613770 0.353284 0.612793 0.354873 0.613281 0.355932 0.613525 0.361229 0.614014 0.360169 0.614258 0.360699 0.614258 0.362818 0.613770 0.363877 0.614502 0.363877 0.614990 0.361758 0.615967 0.360699 0.615967 0.359640 0.616943 0.357521 0.617188 0.358051 0.617432 0.354343 0.615723 0.351695 0.617188 0.348517 0.616943 0.347458 0.616455 0.347458 0.615479 0.344280 0.613281 0.344280 0.613037 0.345339 0.612549 0.345339 0.612061 0.344280 0.608643 0.344280 0.607910 0.343220 0.607666 0.343750
1 0.723145 0.342161 0.722656 0.343220 0.722656 0.344809 0.723145 0.346928 0.723877 0.345869 0.724121 0.346398 0.724121 0.350106 0.724121 0.348517 0.724854 0.346398 0.723877 0.345869 0.724365 0.344809 0.724365 0.343220
1 0.296875 0.342161 0.297119 0.347987 0.300049 0.347987 0.298340 0.346398 0.298340 0.344809 0.297607 0.344809 0.297363 0.342691
1 0.290039 0.342161 0.289062 0.347987 0.291016 0.351695 0.291504 0.346928 0.290771 0.342161
1 0.342773 0.335805 0.342285 0.337394 0.342285 0.338453 0.342773 0.338983 0.342773 0.343750 0.343750 0.344809 0.343994 0.346928 0.344482 0.346928 0.344482 0.345339 0.345459 0.341102 0.345459 0.337924 0.344727 0.335805 0.344727 0.336864 0.343750 0.338453
1 0.704102 0.334216 0.703369 0.334746 0.702881 0.336335 0.703369 0.340042 0.702637 0.341631 0.702148 0.341631 0.702148 0.342691 0.703125 0.344280 0.702637 0.347987 0.703125 0.348517 0.703125 0.353284 0.702881 0.353814 0.702393 0.352754 0.700684 0.355932 0.698975 0.357521 0.698975 0.359110 0.696777 0.360169 0.697021 0.362818 0.698486 0.365996 0.699219 0.365996 0.699707 0.367585 0.700195 0.366525 0.701660 0.366525 0.703125 0.369703 0.703857 0.369703 0.703613 0.367055 0.702637 0.365996 0.702148 0.366525 0.700928 0.363877 0.700928 0.362818 0.702393 0.360169 0.702637 0.361229 0.704102 0.360169 0.704834 0.360699 0.705566 0.358581 0.705322 0.358051 0.705811 0.357521 0.706055 0.358581 0.706299 0.358051 0.707275 0.359640 0.707764 0.358581 0.708496 0.360169 0.708252 0.361758 0.708008 0.360699 0.708008 0.361758 0.709717 0.361758 0.709473 0.360169 0.708740 0.359110 0.708740 0.355403 0.708008 0.354343 0.707764 0.354873 0.707031 0.353284 0.707031 0.350636 0.706787 0.351165 0.706299 0.350106 0.706299 0.345869 0.706787 0.343750 0.706299 0.342161 0.705811 0.342691 0.704834 0.341631 0.704834 0.338983 0.705566 0.337394 0.705322 0.336864 0.706055 0.336335 0.705322 0.336335
1 0.673584 0.333686 0.672852 0.335275 0.672852 0.336335 0.671875 0.337924 0.672607 0.337924 0.673828 0.341631 0.674805 0.342161 0.675537 0.340572 0.675537 0.335275
1 0.604736 0.332627 0.604248 0.333686 0.603516 0.333686 0.603516 0.336335 0.604248 0.336335 0.605225 0.337924 0.604980 0.340572 0.604492 0.341102 0.604492 0.343750 0.604980 0.343750 0.605713 0.345869 0.606445 0.344280 0.605957 0.341102 0.606689 0.340572 0.607178 0.338983 0.607178 0.340572 0.607666 0.338983 0.607422 0.339513 0.606689 0.335805 0.605713 0.335805
1 0.579102 0.332627 0.578613 0.333157 0.579102 0.335275 0.578857 0.335805 0.577881 0.334746 0.576172 0.334746 0.576172 0.337394 0.575439 0.338453 0.576660 0.338453 0.576904 0.339513 0.576416 0.340572 0.575928 0.340572 0.575684 0.339513 0.575195 0.340042 0.575684 0.340572 0.575928 0.342691 0.576172 0.341631 0.577393 0.343750 0.578857 0.343750 0.579346 0.342691 0.579102 0.341631 0.579590 0.339513 0.579102 0.337394 0.579590 0.336864 0.579834 0.334216 0.579346 0.334216 0.578857 0.333157
1 0.288818 0.333157 0.289307 0.334746 0.289062 0.335805 0.289551 0.334746 0.290527 0.334746 0.291260 0.337924 0.291992 0.338453 0.292725 0.341102 0.293701 0.340042 0.291992 0.337394 0.291748 0.335275 0.291016 0.333686 0.291260 0.334216 0.290771 0.335275 0.289551 0.334216 0.289795 0.332627 0.290039 0.333686 0.289795 0.332627
1 0.541504 0.331568 0.540527 0.335275 0.542480 0.336335 0.542969 0.333157 0.543945 0.335275 0.543945 0.336335 0.543457 0.336864 0.543457 0.339513 0.543945 0.341102 0.542969 0.344280 0.543945 0.346928 0.541992 0.348517 0.542236 0.349576 0.541748 0.350106 0.541748 0.351695 0.540527 0.355403 0.541260 0.356462 0.541016 0.358051 0.541260 0.356992 0.541992 0.360169 0.542969 0.360169 0.543701 0.358051 0.543945 0.358581 0.544434 0.357521 0.546875 0.359110 0.547119 0.358051 0.548584 0.356992 0.548828 0.355932 0.548340 0.354873 0.549072 0.354343 0.549072 0.352225 0.547852 0.351695 0.547607 0.352754 0.547119 0.352754 0.546387 0.350636 0.546143 0.352225 0.545410 0.353284 0.544434 0.351695 0.544678 0.350106 0.543701 0.347458 0.544189 0.345869 0.544922 0.347458 0.544922 0.349047 0.546387 0.349047 0.546875 0.347458 0.546631 0.344280 0.547363 0.342691 0.547363 0.341631 0.546631 0.340042 0.546143 0.340572 0.544922 0.339513 0.544922 0.334216 0.543457 0.331038 0.542969 0.331038 0.542480 0.332627 0.542236 0.331568
1 0.351074 0.329449 0.350586 0.330508 0.350586 0.334216 0.351074 0.334746 0.351074 0.336864 0.350586 0.336864 0.350586 0.337924 0.351074 0.338453 0.351074 0.336335 0.352051 0.334216 0.352539 0.334746 0.352539 0.336335 0.352783 0.335275 0.353027 0.335805
1 0.104004 0.329979 0.104736 0.329979 0.104980 0.331038 0.105469 0.329979 0.105469 0.331568 0.105713 0.331038 0.106934 0.333686 0.107666 0.333157 0.108154 0.331038 0.108643 0.331038 0.108887 0.332097 0.108643 0.331038 0.106934 0.330508 0.106445 0.328919 0.105713 0.328919 0.105225 0.330508 0.104492 0.329449
1 0.367920 0.331038 0.367920 0.329449 0.367432 0.328390 0.366943 0.329449 0.364258 0.329449 0.365967 0.329979 0.366455 0.331038 0.366211 0.332097 0.367188 0.332627 0.367188 0.331568
1 0.277344 0.330508 0.278076 0.331038 0.279785 0.335275 0.278809 0.336864 0.278809 0.338453 0.281006 0.338453 0.281250 0.341631 0.281982 0.341631 0.283447 0.344809 0.286377 0.344809 0.286377 0.342161 0.287598 0.340572 0.286621 0.338453 0.286865 0.336864 0.288330 0.333686 0.286621 0.336335 0.285156 0.336335 0.282959 0.333686 0.282715 0.332627 0.283447 0.331568 0.283447 0.329979 0.282227 0.328390 0.280762 0.328390
1 0.126953 0.328390 0.125977 0.329449 0.125488 0.331038 0.125732 0.332627 0.125244 0.333686 0.125732 0.333157 0.125977 0.334216 0.126709 0.332627 0.127197 0.329449
1 0.611816 0.327331 0.611328 0.327331 0.611328 0.335275 0.612061 0.333686 0.612305 0.334216 0.612061 0.333686 0.612793 0.331038 0.612061 0.329979
1 0.410156 0.327331 0.410156 0.328919 0.409668 0.329449 0.409180 0.332097 0.409668 0.332627 0.410400 0.335805 0.410889 0.335275 0.410889 0.334216 0.410400 0.333686 0.410645 0.333157 0.410156 0.332627 0.410645 0.332097 0.409912 0.330508 0.410889 0.329979 0.410889 0.328390
1 0.550781 0.325742 0.550781 0.332097 0.551758 0.332097 0.552246 0.328919 0.551758 0.328390 0.551758 0.326801
1 0.115479 0.328919 0.114746 0.326801 0.114014 0.326801 0.113770 0.325742 0.113037 0.327860 0.112061 0.327860 0.111084 0.326271 0.110107 0.327860 0.108398 0.327860 0.108887 0.328919 0.109863 0.328390 0.110107 0.328919 0.109375 0.330508 0.109619 0.331568 0.111084 0.332097 0.111328 0.333157 0.112061 0.332097 0.112305 0.333157 0.112793 0.333157 0.113525 0.331038 0.114746 0.331038 0.114746 0.329979
1 0.593506 0.323093 0.593018 0.325212 0.593750 0.325742 0.593750 0.327860 0.594971 0.327860 0.595703 0.329449 0.594971 0.330508 0.595215 0.332097 0.595947 0.329979 0.597168 0.332627 0.597168 0.334216 0.598145 0.334746 0.598145 0.336335 0.596680 0.336864 0.595703 0.339513 0.594971 0.339513 0.593994 0.335805 0.593262 0.335805 0.593506 0.336335 0.592041 0.338983 0.591309 0.338983 0.592773 0.341631 0.590820 0.344280 0.590820 0.345339 0.591309 0.344809 0.591309 0.346928 0.589844 0.350106 0.590820 0.351695 0.590576 0.352754 0.589111 0.353284 0.588623 0.349576 0.586914 0.347987 0.588135 0.346928 0.587158 0.343220 0.584473 0.341631 0.584229 0.343220 0.583496 0.343220 0.583496 0.346398 0.585449 0.347987 0.585693 0.351695 0.588867 0.353814 0.588135 0.358581 0.587402 0.359110 0.586670 0.361758 0.585693 0.359110 0.585938 0.360169 0.585449 0.360699 0.587158 0.361758 0.587402 0.363877 0.589111 0.363877 0.589355 0.367055 0.589844 0.367585 0.590332 0.365996 0.591553 0.367055 0.591553 0.364936 0.591064 0.364407 0.592285 0.363877 0.592041 0.361758 0.591064 0.360169 0.592041 0.359110 0.592773 0.355403 0.593506 0.355403 0.593506 0.353814 0.592285 0.353814 0.592041 0.352754 0.592773 0.351165 0.594482 0.351165 0.594971 0.347987 0.594238 0.345869 0.593506 0.345869 0.593750 0.342691 0.593018 0.343220 0.592529 0.342161 0.593994 0.341102 0.595215 0.342691 0.596191 0.341631 0.597412 0.342691 0.595947 0.338983 0.597656 0.338983 0.597656 0.337924 0.599854 0.338983 0.600098 0.341631 0.601807 0.341631 0.602295 0.340572 0.602295 0.338983 0.601807 0.338983 0.601074 0.336335 0.600342 0.337394 0.598389 0.335275 0.598877 0.330508 0.597900 0.328390 0.594727 0.327331
1 0.418213 0.323093 0.417969 0.327860 0.417480 0.328390 0.417480 0.329449 0.417969 0.327860 0.419189 0.327860 0.419678 0.326801 0.419189 0.326271 0.419189 0.324153 0.418457 0.324153
1 0.599121 0.322034 0.598633 0.323623 0.599365 0.322564 0.600098 0.324153 0.600098 0.327860 0.600586 0.328390 0.600098 0.329979 0.600586 0.331038 0.601318 0.331038 0.601318 0.322564
1 0.054688 0.322564 0.052734 0.322564 0.052246 0.325742 0.052734 0.326801 0.053467 0.325742 0.054688 0.326271
1 0.354004 0.319386 0.354492 0.322564 0.353516 0.324682 0.353027 0.329979 0.354736 0.329979 0.354980 0.325742 0.355713 0.328919 0.356201 0.328919 0.356934 0.326271 0.355469 0.322034 0.355469 0.323623 0.354736 0.323623 0.354736 0.320975
1 0.650391 0.317797 0.648438 0.322034 0.648682 0.327860 0.649170 0.327860 0.649902 0.329979 0.651367 0.327331 0.651367 0.323623 0.651123 0.324682 0.650635 0.323093 0.651123 0.320445 0.650635 0.319915 0.650879 0.318856
1 0.626709 0.316737 0.627441 0.318856 0.628174 0.318856 0.628662 0.320445 0.629639 0.319915 0.629639 0.318326 0.628662 0.317267 0.627930 0.315148 0.627686 0.316208 0.627441 0.315678
1 0.189453 0.311970 0.187500 0.314089 0.187744 0.314619 0.187012 0.316737 0.187500 0.318856 0.188721 0.317797 0.188965 0.318856 0.189209 0.318326 0.188232 0.317797 0.188232 0.316737 0.187500 0.316208 0.188232 0.315148 0.189209 0.315148 0.189209 0.313030 0.189697 0.312500
1 0.481934 0.322034 0.481934 0.323093 0.482422 0.323093 0.482422 0.324682 0.483398 0.325212 0.484619 0.319915 0.485596 0.319386 0.486084 0.321504 0.485840 0.322564 0.486084 0.321504 0.487061 0.321504 0.487305 0.323623 0.488037 0.324153 0.487793 0.323093 0.488281 0.322034 0.486816 0.321504 0.486572 0.319915 0.487061 0.319386 0.487305 0.320445 0.488525 0.320445 0.488037 0.318326 0.489258 0.316208 0.489990 0.316208 0.491211 0.319386 0.490967 0.322034 0.491211 0.323623 0.491943 0.324682 0.492920 0.321504 0.493408 0.322564 0.493408 0.319386 0.492676 0.319915 0.492188 0.318326 0.492432 0.317797 0.491943 0.318326 0.491455 0.317267 0.491943 0.315678 0.491455 0.316737 0.490479 0.316208 0.490967 0.314619 0.489990 0.313030 0.489990 0.311441 0.489258 0.313559 0.488037 0.314089 0.486328 0.313559 0.486084 0.311441 0.485107 0.312500 0.483643 0.311441 0.482910 0.313559 0.482910 0.316208 0.482422 0.316737 0.482910 0.317797 0.482910 0.320975 0.482178 0.322564
1 0.361328 0.316208 0.363037 0.316208 0.363281 0.320975 0.364502 0.320975 0.364014 0.320445 0.364014 0.318856 0.363281 0.317267 0.363281 0.315148 0.364014 0.315148 0.364014 0.314089 0.364990 0.313030 0.365723 0.314619 0.365723 0.316208 0.367920 0.316208 0.367920 0.314619 0.368408 0.314089 0.368164 0.313030 0.366699 0.313030 0.366455 0.312500 0.366943 0.311441 0.363281 0.311441 0.363281 0.312500 0.362305 0.314089 0.362793 0.315148
1 0.355469 0.311441 0.355469 0.314619 0.356201 0.316208 0.357178 0.316208 0.357910 0.318326 0.359863 0.318326 0.360596 0.317267 0.360107 0.316208 0.360352 0.315148 0.359619 0.315148 0.359375 0.313559 0.357178 0.313559
1 0.345215 0.311441 0.344482 0.313030 0.344727 0.317267 0.345215 0.318326 0.346436 0.318326 0.345947 0.311970
1 0.389160 0.307203 0.388672 0.308263 0.388672 0.310381 0.389160 0.310911 0.389160 0.311970 0.389893 0.310911 0.390137 0.311970 0.390625 0.310381 0.390625 0.307733
1 0.344727 0.304555 0.344482 0.306144 0.343750 0.306144 0.343750 0.307733 0.345215 0.308792 0.345703 0.307203 0.345947 0.307733 0.345947 0.306144 0.346436 0.305614 0.344971 0.305614
1 0.094238 0.308263 0.094238 0.310911 0.094727 0.311970 0.094238 0.312500 0.095703 0.312500 0.096680 0.316208 0.096680 0.318326 0.096191 0.319386 0.097412 0.319915 0.098145 0.321504 0.098877 0.321504 0.099854 0.319386 0.101318 0.318856 0.101807 0.317797 0.102051 0.318856 0.102783 0.316737 0.103516 0.316208 0.103027 0.314619 0.100098 0.314619 0.099365 0.311970 0.100098 0.310911 0.100098 0.309322 0.099365 0.308263 0.098877 0.308792 0.099121 0.309852 0.098633 0.310381 0.098633 0.311441 0.097900 0.311441 0.097412 0.310381 0.095703 0.310381 0.095459 0.308792 0.096680 0.306144 0.096191 0.305614 0.096680 0.304025 0.095215 0.305614 0.094482 0.307203 0.094727 0.308263
1 0.365234 0.305085 0.365723 0.305614 0.365234 0.306674 0.366211 0.307733 0.367432 0.307733 0.367920 0.308792 0.367432 0.307203 0.367920 0.305085 0.368164 0.306144 0.368408 0.302966 0.367188 0.302966 0.366943 0.304025 0.365723 0.304025
1 0.207031 0.307733 0.205811 0.306144 0.205811 0.304025 0.205322 0.302966 0.204834 0.304025 0.204102 0.304025 0.203857 0.305085 0.203125 0.305085 0.202881 0.308263 0.201172 0.306144 0.201172 0.307733 0.200439 0.309322 0.199463 0.309322 0.198730 0.311441 0.197266 0.312500 0.197510 0.314089 0.196289 0.317267 0.196533 0.318326 0.196045 0.319915 0.195801 0.319386 0.195557 0.320445 0.195068 0.319386 0.194824 0.316737 0.194824 0.318326 0.194092 0.319915 0.194580 0.320445 0.194336 0.322034 0.195068 0.322564 0.194336 0.323093 0.195801 0.323093 0.197021 0.321504 0.197754 0.322564 0.197998 0.322034 0.198730 0.323623 0.198975 0.320445 0.198242 0.319386 0.198242 0.317797 0.198730 0.317267 0.198975 0.314619 0.199463 0.313559 0.199951 0.314089 0.200195 0.317797 0.201660 0.316737 0.202393 0.317267 0.202881 0.318856 0.202637 0.317267 0.203613 0.315148 0.206055 0.315678 0.206299 0.314619 0.207031 0.316208 0.207031 0.314089 0.206543 0.314619 0.205078 0.312500 0.205811 0.308792 0.206299 0.307733
1 0.640381 0.302436 0.639160 0.304555 0.639160 0.306144 0.638184 0.307203 0.638672 0.307733 0.638672 0.308792 0.637451 0.308792 0.637207 0.309852 0.637695 0.315148 0.638428 0.313030 0.640137 0.315148 0.639160 0.318856 0.639160 0.323093 0.640137 0.324682 0.640625 0.319386 0.641602 0.318856 0.641113 0.316737 0.641113 0.317797 0.640625 0.317797 0.640381 0.312500 0.640869 0.311441 0.641602 0.313559 0.642334 0.313559 0.645264 0.308792 0.644531 0.305614 0.642822 0.306674 0.641357 0.302966
1 0.376709 0.305614 0.375488 0.304555 0.375244 0.301907 0.374756 0.302966 0.373535 0.302966 0.373291 0.305085 0.372803 0.305085 0.372559 0.304025 0.372559 0.306674 0.373535 0.306674 0.374512 0.304555 0.375244 0.307733
1 0.413574 0.299788 0.412842 0.301377 0.412598 0.300318 0.412598 0.301377 0.411621 0.302436 0.411621 0.303496 0.412842 0.304555 0.413086 0.305614 0.413818 0.304555
1 0.061523 0.300847 0.062012 0.302436 0.062500 0.301377 0.063232 0.301907 0.063477 0.300847 0.064453 0.302436 0.065674 0.302436 0.065918 0.302966 0.065430 0.304025 0.066895 0.304025 0.066895 0.302436 0.066406 0.301377 0.066650 0.299788 0.066406 0.300318 0.065430 0.299258 0.063965 0.299258 0.063721 0.300318 0.063477 0.299258 0.063232 0.300318 0.062012 0.299788
1 0.375732 0.296610 0.375488 0.300318 0.376221 0.300318 0.376953 0.301907 0.376953 0.303496 0.378174 0.300847 0.377441 0.300847 0.376709 0.299258 0.376709 0.297140
1 0.358887 0.296610 0.358398 0.298199 0.358398 0.301377 0.357910 0.301907 0.357910 0.303496 0.355957 0.304025 0.355713 0.302966 0.355957 0.304555 0.357178 0.304555 0.357422 0.305614 0.358154 0.305085 0.358398 0.306674 0.359863 0.306144
1 0.491699 0.295551 0.491455 0.298199 0.491211 0.297140 0.490967 0.298199 0.489990 0.296610 0.489258 0.296610 0.489502 0.298199 0.489746 0.297140 0.490234 0.297669 0.489990 0.300318 0.490723 0.302966 0.490234 0.304555 0.490479 0.306144 0.489990 0.308792 0.490723 0.308263 0.490479 0.305085 0.490967 0.304555 0.490967 0.303496 0.490479 0.301907 0.491211 0.300318 0.491943 0.300318 0.492188 0.301377 0.492920 0.300847 0.492920 0.299788 0.491699 0.297140
1 0.706055 0.297140 0.705566 0.296610 0.705811 0.295021 0.705078 0.294492 0.705078 0.295551 0.704346 0.296610 0.701660 0.296081 0.700439 0.298729 0.701416 0.299788 0.703369 0.299788 0.704102 0.298729 0.706055 0.299788
1 0.354004 0.291314 0.353760 0.298199 0.354980 0.300847 0.354980 0.302436 0.355469 0.301907 0.355225 0.300847 0.356201 0.299788 0.355225 0.300318 0.354248 0.299258 0.354736 0.298729 0.354248 0.297140 0.354248 0.294492 0.354736 0.293432
1 0.685791 0.290784 0.685303 0.291843 0.685059 0.290784 0.684570 0.292903 0.683838 0.292373 0.682861 0.295551 0.680908 0.297669 0.681885 0.298729 0.681641 0.299788 0.682129 0.298729 0.682617 0.300318 0.684570 0.300318 0.684814 0.297669 0.684570 0.297140 0.684326 0.298199 0.684082 0.296610 0.685059 0.295551 0.684570 0.295021 0.685791 0.292903
1 0.537109 0.291843 0.537354 0.293962 0.540527 0.293962 0.541260 0.292903 0.540527 0.291314 0.540771 0.291843 0.540039 0.292373 0.538818 0.290254 0.537842 0.290254
1 0.124512 0.290254 0.123535 0.291843 0.122559 0.295551 0.122559 0.296610 0.123291 0.297669 0.123535 0.296610 0.124756 0.295551 0.125488 0.296081 0.125732 0.293432
1 0.572754 0.287076 0.571289 0.288136 0.571289 0.290784 0.572266 0.292903 0.572754 0.290784
1 0.345703 0.288136 0.345215 0.288136 0.344971 0.290254 0.344482 0.290254 0.344238 0.289195 0.343750 0.290254 0.343262 0.288136 0.341797 0.287606 0.342041 0.284958 0.340820 0.284958 0.341797 0.287076 0.341797 0.289725 0.342285 0.290254 0.342041 0.291843 0.340820 0.289195 0.339844 0.289195 0.339355 0.292373 0.337646 0.292373 0.336182 0.293432 0.335938 0.295021 0.336914 0.297140 0.335449 0.297140 0.335938 0.297669 0.335938 0.300318 0.334961 0.300847 0.334961 0.302966 0.333984 0.305614 0.335205 0.305614 0.334961 0.304025 0.335693 0.303496 0.335693 0.301377 0.336182 0.300318 0.337891 0.301377 0.337891 0.302436 0.337158 0.304025 0.335938 0.304555 0.336182 0.306674 0.336670 0.306674 0.337402 0.304555 0.338135 0.304555 0.339111 0.302436 0.338135 0.302436 0.338135 0.298729 0.338867 0.297140 0.339355 0.297140 0.339111 0.296081 0.339844 0.291843 0.341064 0.291843 0.341309 0.292903 0.342041 0.292903 0.342529 0.295021 0.343750 0.296081 0.343994 0.298199 0.345947 0.297140 0.346436 0.295551 0.344238 0.291314 0.345215 0.290784
1 0.138672 0.286017 0.138672 0.288665 0.139160 0.287606 0.142822 0.287606 0.142822 0.286017 0.140869 0.286547 0.140137 0.284958
1 0.640869 0.283898 0.639648 0.286017 0.639648 0.290784 0.642578 0.294492 0.643799 0.297140 0.643799 0.298199 0.644775 0.297140 0.643799 0.293432 0.644287 0.292373 0.644287 0.289725 0.643555 0.288665 0.643066 0.286017 0.641846 0.285487
1 0.636230 0.282839 0.636230 0.283898 0.635498 0.284958 0.635742 0.286017 0.638184 0.289725 0.637207 0.284958
1 0.407471 0.282839 0.406250 0.282839 0.406250 0.286547 0.405762 0.286547 0.406494 0.288665 0.406250 0.291314 0.405762 0.292373 0.404297 0.292373 0.404297 0.293962 0.405029 0.293962 0.405273 0.295021 0.406494 0.295021 0.406982 0.293962 0.407227 0.295021 0.407715 0.292903 0.407715 0.294492 0.408203 0.293432 0.406494 0.289725 0.407959 0.287076 0.407959 0.286017 0.407471 0.285487
1 0.354980 0.283369 0.354980 0.285487 0.354004 0.287076 0.353516 0.286547 0.353271 0.287606 0.353271 0.285487 0.352051 0.283898 0.352051 0.282309 0.352051 0.283898 0.350342 0.288136 0.351562 0.290254 0.351562 0.291314 0.350342 0.292903 0.350098 0.292373 0.349854 0.295551 0.347900 0.296081 0.349121 0.295551 0.350342 0.299258 0.351318 0.297140 0.351318 0.295021 0.351807 0.293432 0.351562 0.291843 0.352783 0.287606 0.353271 0.287606 0.354248 0.289725 0.355225 0.287606 0.356689 0.287076 0.355225 0.285487
1 0.404053 0.279661 0.403320 0.279661 0.402832 0.283369 0.402344 0.283898 0.402344 0.288665 0.402832 0.289195 0.404541 0.288665 0.403564 0.287076 0.404053 0.286017 0.404053 0.282309 0.404541 0.280720
1 0.136719 0.280191 0.137207 0.281250 0.139404 0.281250 0.139404 0.280191 0.140381 0.278602 0.136963 0.278602
1 0.562744 0.275424 0.562256 0.281250 0.562500 0.281780 0.562012 0.282309 0.562500 0.282839 0.562500 0.284428 0.561523 0.285487 0.561279 0.287076 0.560303 0.286017 0.559570 0.286017 0.559326 0.287076 0.559082 0.286017 0.558350 0.288665 0.558594 0.291314 0.559082 0.291843 0.559570 0.290784 0.560303 0.290784 0.560547 0.292903 0.562012 0.295551 0.562744 0.295551 0.562744 0.293962 0.563965 0.293962 0.564209 0.292903 0.564453 0.293962 0.565186 0.293962 0.565430 0.292373 0.563721 0.288136 0.563965 0.283369 0.563477 0.282839 0.563477 0.281780 0.563965 0.281250 0.562988 0.278602 0.563232 0.278072 0.562500 0.275953
1 0.544922 0.275424 0.544922 0.277542 0.546387 0.281250 0.546875 0.279661 0.545898 0.279661 0.545654 0.279131 0.546631 0.277542 0.547607 0.279661 0.547363 0.278602 0.547852 0.278072 0.547363 0.277542 0.547852 0.277013 0.547852 0.275424 0.547607 0.276483 0.547119 0.275424 0.546631 0.275953 0.545898 0.274894
1 0.431641 0.278602 0.431152 0.276483 0.430176 0.275953 0.429932 0.274364 0.430420 0.273305 0.429688 0.273305 0.429443 0.275424 0.428955 0.274364 0.428467 0.275424 0.428223 0.274894 0.427002 0.276483 0.426025 0.276483 0.428223 0.277542 0.428467 0.277013 0.428711 0.279661 0.427734 0.279661 0.428223 0.281250 0.429199 0.279131 0.430176 0.281250 0.430908 0.280720 0.430908 0.279661
1 0.134033 0.271186 0.132080 0.271186 0.131348 0.272775 0.130371 0.273305 0.130127 0.274894 0.131592 0.274894 0.132080 0.276483 0.132812 0.275953 0.132324 0.275424 0.132324 0.274364 0.133301 0.274364 0.132812 0.273835 0.133545 0.273305 0.133301 0.272775
1 0.501953 0.270127 0.501953 0.273835 0.502441 0.274894 0.503906 0.275424 0.503418 0.270127 0.503174 0.271186 0.502197 0.271186
1 0.107422 0.274364 0.107910 0.275424 0.108398 0.274894 0.109131 0.275953 0.108887 0.276483 0.109375 0.277013 0.109375 0.282839 0.110352 0.282839 0.110352 0.280191 0.111328 0.278602 0.111572 0.276483 0.112061 0.276483 0.113281 0.279661 0.114258 0.279661 0.114746 0.280720 0.115479 0.280191 0.115723 0.278602 0.117920 0.273835 0.118408 0.270127 0.117676 0.271716 0.115967 0.272775 0.115723 0.272246 0.114014 0.275424 0.113037 0.275424 0.109863 0.269597
1 0.154541 0.274894 0.154053 0.273835 0.154053 0.271186 0.154785 0.270657 0.154785 0.268008 0.154297 0.268008 0.154053 0.269068 0.153320 0.268538 0.153564 0.267479 0.152344 0.268008 0.151611 0.270127 0.151123 0.269597 0.151123 0.268008 0.150635 0.269068 0.149902 0.269068 0.149902 0.270657 0.152100 0.270657 0.152100 0.269068 0.153076 0.268538 0.153320 0.270127 0.154053 0.271186 0.153809 0.274894
1 0.477539 0.265890 0.477539 0.268538 0.478027 0.269068 0.478027 0.270127 0.479492 0.271186 0.479492 0.274894 0.478516 0.275424 0.479248 0.275953 0.479980 0.272775 0.480469 0.275424 0.479980 0.276483 0.480713 0.277013 0.480957 0.275953 0.481689 0.275953 0.481689 0.274364 0.481201 0.273835 0.481689 0.273305 0.481201 0.271186 0.481689 0.270127 0.480713 0.268538 0.480225 0.266419
1 0.453613 0.264831 0.453613 0.266419 0.455078 0.268538 0.455566 0.268008 0.455322 0.264831
1 0.572754 0.263242 0.571777 0.263242 0.572266 0.263771 0.572021 0.264831 0.570557 0.264831 0.570312 0.267479 0.571045 0.268008 0.571777 0.266419 0.572998 0.266419 0.572266 0.264831 0.572998 0.264301
1 0.546387 0.261653 0.545410 0.263771 0.544922 0.267479 0.543945 0.269068 0.544922 0.270127 0.544434 0.271186 0.543213 0.271186 0.542969 0.272246 0.544189 0.271716 0.545898 0.272775 0.546631 0.271716 0.546631 0.269597 0.547607 0.267479 0.546631 0.265360 0.546631 0.263771 0.546143 0.262712
1 0.108887 0.260593 0.108154 0.261653 0.108887 0.263242 0.108398 0.263771 0.108643 0.264301 0.108154 0.265890 0.109131 0.268008 0.109863 0.266419 0.109131 0.264831 0.109131 0.263771 0.110352 0.263242 0.109375 0.263242 0.109131 0.262712 0.109619 0.262182
1 0.463867 0.258475 0.464111 0.259004 0.463379 0.260064 0.463379 0.261123 0.464355 0.259004 0.464844 0.259534 0.464600 0.264831 0.464844 0.265890 0.465332 0.265890 0.465820 0.264831 0.465576 0.263242 0.466064 0.262182 0.467041 0.262182 0.467041 0.261123 0.466797 0.261653 0.466553 0.260593 0.465332 0.260593 0.465088 0.259534
1 0.488037 0.257415 0.487305 0.257415 0.485840 0.260593 0.485352 0.264301 0.484131 0.265360 0.484375 0.266419 0.483398 0.269068 0.483398 0.274894 0.482910 0.275953 0.483398 0.276483 0.483398 0.278602 0.484619 0.280191 0.484375 0.281780 0.482910 0.282839 0.482422 0.279661 0.482910 0.280191 0.482422 0.279661 0.482422 0.281250 0.481934 0.281780 0.481934 0.286547 0.483398 0.287076 0.482910 0.291843 0.483887 0.293962 0.483887 0.292903 0.484375 0.292903 0.484375 0.295551 0.485352 0.297140 0.485352 0.299258 0.486816 0.299788 0.487061 0.300847 0.486328 0.301907 0.486328 0.304555 0.487061 0.305085 0.487793 0.302436 0.488525 0.302966 0.489014 0.301377 0.488281 0.300847 0.487793 0.298729 0.487305 0.299788 0.486572 0.299258 0.486328 0.296610 0.487305 0.295551 0.486084 0.296081 0.485596 0.295021 0.485596 0.291843 0.484131 0.290254 0.485596 0.289725 0.485596 0.288136 0.484619 0.287076 0.486328 0.282309 0.487305 0.282839 0.486816 0.284428 0.489502 0.284428 0.490234 0.289725 0.491943 0.289725 0.492432 0.288665 0.493652 0.290254 0.495605 0.288665 0.494873 0.287606 0.494385 0.283898 0.493164 0.283898 0.492920 0.287076 0.491211 0.286017 0.490234 0.288136 0.489990 0.284958 0.490479 0.283898 0.489990 0.282839 0.488770 0.282839 0.488525 0.281780 0.487305 0.282839 0.486816 0.277542 0.485840 0.276483 0.484619 0.278602 0.483887 0.276483 0.484131 0.274364 0.485352 0.272775 0.486816 0.274894 0.488037 0.273305 0.487793 0.271186 0.487061 0.273305 0.485840 0.273305 0.485107 0.271186 0.486084 0.270127 0.486816 0.270657 0.485107 0.269597 0.485596 0.266419 0.486328 0.266419 0.486328 0.265360 0.488037 0.266419 0.488037 0.265360 0.486816 0.263771
1 0.404785 0.256356 0.403320 0.256356 0.402588 0.258475 0.402100 0.257945 0.402100 0.256356 0.400879 0.256356 0.400391 0.257415 0.400391 0.260064 0.399658 0.261653 0.398926 0.261653 0.399658 0.261653 0.400391 0.263771 0.400391 0.272775 0.399902 0.273305 0.399414 0.272246 0.399414 0.273835 0.398926 0.274364 0.398926 0.277542 0.399414 0.279131 0.400635 0.278602 0.400879 0.271186 0.401367 0.271716 0.401367 0.273835 0.401855 0.273835 0.402588 0.275953 0.403076 0.274894 0.403076 0.271186 0.403564 0.270127 0.402832 0.268008 0.402100 0.267479 0.402588 0.265360 0.403076 0.264831 0.403809 0.266419 0.405029 0.264301 0.405273 0.265360 0.404785 0.265890 0.404785 0.267479 0.406006 0.270127 0.406982 0.270657 0.406982 0.269068 0.406494 0.270127 0.405762 0.269068 0.406250 0.268538 0.406006 0.264301 0.406982 0.264301 0.406982 0.262712 0.405518 0.263771 0.405029 0.263242 0.405029 0.258475 0.404541 0.257945
1 0.492188 0.254767 0.492188 0.262182 0.493164 0.262712 0.493164 0.273835 0.492432 0.275424 0.491943 0.274364 0.491699 0.271186 0.490723 0.273305 0.489990 0.272775 0.489990 0.271716 0.490967 0.270657 0.490479 0.269597 0.490479 0.266949 0.489990 0.265890 0.489258 0.265890 0.489258 0.267479 0.488281 0.269068 0.488281 0.270657 0.489746 0.271186 0.489258 0.272246 0.489746 0.274364 0.491211 0.274364 0.491211 0.278072 0.490723 0.279131 0.491211 0.280191 0.491943 0.280191 0.492432 0.282309 0.492920 0.281250 0.492432 0.280191 0.493408 0.279131 0.493652 0.277013 0.495850 0.277013 0.496094 0.277542 0.495605 0.278072 0.496582 0.279131 0.496582 0.274894 0.496826 0.274364 0.497559 0.275424 0.498291 0.272246 0.497559 0.272246 0.497314 0.273305 0.496582 0.271716 0.497314 0.270657 0.497314 0.269068 0.496338 0.272775 0.495605 0.271716 0.495850 0.270127 0.495361 0.269597 0.495361 0.266949 0.494873 0.266419 0.494873 0.262712 0.493896 0.262182 0.493896 0.260593 0.493408 0.260064 0.493408 0.258475 0.492432 0.256886
1 0.439453 0.252119 0.438721 0.254237 0.439453 0.254767 0.437988 0.257415 0.441162 0.257945 0.441162 0.256886 0.442139 0.254767 0.441162 0.254767 0.440918 0.253708 0.440430 0.254237
1 0.537354 0.251059 0.536377 0.251059 0.535889 0.252119 0.536133 0.253178 0.535645 0.254237 0.535645 0.258475 0.535156 0.259534 0.534912 0.258475 0.534180 0.258475 0.533691 0.257415 0.533691 0.260064 0.534180 0.260593 0.534668 0.263242 0.534180 0.264301 0.534668 0.264831 0.534668 0.267479 0.534912 0.266949 0.535156 0.268538 0.535400 0.268008 0.534668 0.263242 0.535156 0.261653 0.535889 0.262712 0.535645 0.262182 0.536621 0.260593 0.537354 0.257415 0.537109 0.254767 0.537842 0.252648
1 0.574707 0.249470 0.575195 0.251589 0.578125 0.254767 0.577393 0.256356 0.576172 0.256356 0.574707 0.254237 0.574219 0.254767 0.574463 0.256886 0.575439 0.256886 0.575684 0.257945 0.577881 0.257945 0.578369 0.256886 0.579102 0.259004 0.578369 0.260593 0.575684 0.261653 0.576172 0.263771 0.574219 0.265360 0.575684 0.267479 0.577637 0.267479 0.578125 0.268538 0.576660 0.271716 0.577881 0.272775 0.577881 0.271716 0.578857 0.271716 0.579102 0.272775 0.581543 0.270127 0.580811 0.270127 0.580811 0.267479 0.581299 0.266419 0.583008 0.268538 0.583984 0.271716 0.583740 0.277013 0.583984 0.279131 0.584961 0.280191 0.585449 0.287076 0.585693 0.283369 0.586670 0.282309 0.587891 0.284428 0.587891 0.287606 0.588867 0.288136 0.588867 0.291843 0.589111 0.288665 0.588623 0.287076 0.588623 0.283898 0.589111 0.283369 0.589111 0.280191 0.589844 0.279131 0.590576 0.281250 0.590820 0.277542 0.590088 0.276483 0.589111 0.277542 0.588623 0.274364 0.587646 0.277542 0.586670 0.275953 0.586182 0.271186 0.587646 0.270657 0.587646 0.269597 0.586182 0.265360 0.584961 0.266949 0.584229 0.265360 0.585205 0.263771 0.585449 0.264301 0.585205 0.263771 0.585938 0.262712 0.584961 0.262182 0.584473 0.258475 0.583740 0.257415 0.584229 0.254237 0.583740 0.254237 0.583496 0.257945 0.581299 0.260593 0.580566 0.257415 0.581055 0.252119 0.580566 0.251059 0.580811 0.250000 0.580566 0.251059 0.579590 0.250530 0.579346 0.251589 0.577637 0.250000 0.576416 0.252119 0.575684 0.248941
1 0.364746 0.248941 0.364258 0.250000 0.364746 0.251589 0.364014 0.253178 0.363525 0.253178 0.365234 0.253178 0.365234 0.257945 0.364746 0.259004 0.365479 0.259004 0.366699 0.261653 0.366211 0.263242 0.366943 0.264301 0.368896 0.262182 0.369141 0.259004 0.368408 0.256886 0.368164 0.254237 0.367676 0.255297 0.367676 0.260064 0.366943 0.260064 0.366943 0.253178 0.366455 0.254237 0.365479 0.253708 0.366699 0.251589 0.366455 0.248941 0.365723 0.248941 0.365723 0.250530 0.365234 0.251059
1 0.427246 0.256886 0.427734 0.257945 0.428467 0.257945 0.428711 0.260064 0.428955 0.259004 0.429199 0.260064 0.430176 0.258475 0.430420 0.256356 0.429932 0.257415 0.429688 0.256886 0.430420 0.252648 0.430664 0.253708 0.431396 0.253708 0.431152 0.252648 0.431641 0.252648 0.431885 0.250530 0.432373 0.252119 0.432129 0.253178 0.432617 0.253708 0.432617 0.255826 0.433350 0.255826 0.433350 0.249470 0.434814 0.248941 0.433105 0.248941 0.432617 0.250000 0.432373 0.248411 0.431641 0.247881 0.430908 0.250000 0.429688 0.250000 0.428955 0.247881 0.428223 0.247881 0.427734 0.246822 0.427246 0.247881 0.427734 0.248941 0.427734 0.250000 0.427246 0.250000 0.427246 0.251589 0.427734 0.250000 0.428711 0.251589 0.428223 0.252648 0.428223 0.255297
1 0.507812 0.245763 0.507812 0.246822 0.506836 0.248411 0.507324 0.250530 0.506592 0.254237 0.507324 0.258475 0.508301 0.254237 0.508789 0.254767 0.508545 0.257945 0.509033 0.257415 0.510010 0.259004 0.511719 0.257945 0.512451 0.254767 0.512207 0.248411 0.511475 0.246822 0.510742 0.246822 0.509521 0.248941 0.508789 0.248941 0.508301 0.250000 0.508545 0.253708 0.507568 0.254237 0.507324 0.253178 0.507812 0.251589 0.507324 0.250000 0.507812 0.248941
1 0.449219 0.253178 0.450684 0.254237 0.450684 0.257945 0.451172 0.259004 0.452393 0.259004 0.453369 0.257415 0.453857 0.257945 0.454346 0.256886 0.453857 0.256356 0.454834 0.255826 0.455811 0.253708 0.456543 0.254767 0.455566 0.256886 0.457520 0.253708 0.459229 0.253708 0.458740 0.252648 0.458984 0.250530 0.462646 0.249470 0.462891 0.248411 0.464355 0.249470 0.464600 0.246822 0.463379 0.246822 0.463135 0.247881 0.462402 0.247881 0.462158 0.246822 0.461426 0.246822 0.461182 0.247881 0.459717 0.247881 0.459717 0.246822 0.460693 0.246292 0.459717 0.245763 0.458740 0.250000 0.458252 0.249470 0.458008 0.246822 0.458008 0.248411 0.457275 0.248941 0.456787 0.253178 0.455811 0.250000 0.455811 0.245763 0.454590 0.245763 0.454590 0.253178 0.453125 0.254237 0.453125 0.250000 0.453369 0.249470 0.453857 0.250530 0.453857 0.248941 0.453369 0.248411 0.453369 0.245763 0.452637 0.246292 0.451904 0.250000 0.450684 0.250000 0.449951 0.246292 0.449219 0.245763
1 0.552734 0.244703 0.551514 0.246822 0.552246 0.249470 0.552979 0.249470 0.553223 0.250530 0.553223 0.245233
1 0.584717 0.244174 0.584473 0.245763 0.583984 0.245763 0.583496 0.251059 0.584229 0.251589 0.584717 0.253708
1 0.563965 0.242585 0.563232 0.245763 0.561768 0.244703 0.562012 0.246822 0.562988 0.246822 0.563477 0.251589 0.563965 0.251589 0.564453 0.253178 0.564697 0.252119 0.565186 0.253708 0.564697 0.255826 0.564209 0.255826 0.563232 0.253708 0.562744 0.254237 0.561768 0.249470 0.562256 0.248941 0.562012 0.248411 0.561523 0.251589 0.561035 0.252119 0.561035 0.253708 0.561523 0.254237 0.561523 0.255826 0.561035 0.256356 0.561035 0.261653 0.562012 0.262712 0.561523 0.264301 0.562012 0.263242 0.562500 0.263771 0.562500 0.265890 0.563477 0.266949 0.563477 0.269597 0.564697 0.271186 0.564941 0.272775 0.566406 0.268538 0.566406 0.265890 0.564453 0.262712 0.565918 0.261653 0.565674 0.260593 0.566162 0.259534 0.566406 0.256886 0.566895 0.256356 0.566650 0.255297 0.567383 0.254237 0.567627 0.254767 0.567627 0.253708 0.568848 0.254237 0.568848 0.256886 0.569336 0.257415 0.569092 0.259004 0.570312 0.255297 0.570801 0.255826 0.572021 0.254767 0.570557 0.254237 0.569336 0.252648 0.570312 0.251589 0.570557 0.252648 0.571045 0.251059 0.570312 0.251059 0.569336 0.252648 0.569092 0.252119 0.569092 0.248941 0.569824 0.247881 0.568359 0.247881 0.568115 0.248941 0.567383 0.246822 0.567871 0.247881 0.566650 0.248941 0.565674 0.247352 0.565674 0.245763 0.565186 0.245763 0.564941 0.244174 0.564453 0.244174
1 0.657471 0.239407 0.657471 0.244174 0.660889 0.244174 0.661133 0.240996 0.659424 0.239936 0.658691 0.238347 0.657959 0.238347
1 0.555420 0.237818 0.554688 0.238877 0.554688 0.240996 0.553223 0.243114 0.553711 0.244174 0.555420 0.242055 0.555664 0.243644 0.556152 0.243114 0.555908 0.238877
1 0.443359 0.237288 0.443359 0.239936 0.442871 0.240466 0.442871 0.242055 0.443359 0.243114 0.443359 0.248411 0.443848 0.248941 0.443848 0.250530 0.444824 0.253178 0.444336 0.254237 0.444336 0.256886 0.443848 0.257415 0.443848 0.259004 0.444336 0.260064 0.447021 0.260064 0.447510 0.259004 0.447510 0.256356 0.445557 0.256356 0.445068 0.255297 0.445557 0.251589 0.446045 0.252648 0.446533 0.251589 0.446533 0.250000 0.445068 0.245763 0.447021 0.244703 0.447266 0.245233 0.448242 0.242055 0.449463 0.242055 0.449463 0.240466 0.447754 0.240466 0.447021 0.243644 0.445312 0.242585 0.445312 0.245233 0.444824 0.245763 0.444580 0.239936 0.443848 0.237288
1 0.441650 0.237288 0.440918 0.237288 0.439941 0.240996 0.440430 0.244174 0.440918 0.244703 0.440430 0.245763 0.440918 0.247352 0.441162 0.242585 0.441650 0.242055 0.441650 0.238347 0.441162 0.237818
1 0.570312 0.236229 0.569824 0.237288 0.569824 0.238877 0.570068 0.237818 0.570312 0.238347 0.570312 0.239936 0.569824 0.240466 0.569824 0.244703 0.571533 0.245763 0.572266 0.247352 0.572021 0.248411 0.571533 0.247881 0.571045 0.248941 0.572510 0.249470 0.573242 0.247881 0.572754 0.247352 0.573242 0.246822 0.572754 0.245233 0.574463 0.244703 0.573730 0.241525 0.573975 0.239936 0.573730 0.239407 0.573975 0.239936 0.573242 0.240996 0.572998 0.239407 0.572754 0.239936 0.572021 0.238877 0.572510 0.237818 0.572266 0.237288 0.571533 0.237288 0.571289 0.236229 0.571045 0.237288 0.570801 0.236229
1 0.591309 0.237288 0.589111 0.235699 0.588379 0.237288 0.588379 0.238877 0.587402 0.240996 0.586914 0.240996 0.586914 0.244703 0.586426 0.245763 0.586426 0.246822 0.586914 0.246822 0.586914 0.248941 0.587158 0.246822 0.587402 0.249470 0.588623 0.245233 0.588623 0.243114 0.589600 0.241525 0.589844 0.242055 0.589844 0.239936
1 0.476318 0.235169 0.475586 0.236229 0.476074 0.238347 0.474854 0.240466 0.473633 0.238877 0.473633 0.240996 0.474854 0.240996 0.475342 0.242585 0.474854 0.243644 0.475098 0.247352 0.474609 0.247881 0.474365 0.250000 0.473633 0.250000 0.474121 0.251059 0.473145 0.252648 0.473145 0.253708 0.474121 0.254767 0.473633 0.255297 0.473633 0.256886 0.472656 0.257415 0.472168 0.255297 0.471436 0.258475 0.470703 0.257415 0.469971 0.260593 0.469238 0.260593 0.468750 0.262712 0.467773 0.262712 0.468994 0.265360 0.470459 0.264301 0.470947 0.260064 0.471680 0.260064 0.472168 0.261123 0.472656 0.260064 0.475342 0.260064 0.475586 0.263242 0.476562 0.261123 0.477051 0.261653 0.478516 0.257945 0.479248 0.257945 0.479248 0.256356 0.478516 0.256356 0.477783 0.254767 0.477783 0.253178 0.476074 0.253708 0.475342 0.252119 0.475342 0.249470 0.476318 0.246292 0.476807 0.248941 0.476562 0.249470 0.477051 0.247352 0.478271 0.247352 0.478271 0.245763 0.476074 0.246292 0.475098 0.244703 0.475098 0.242055 0.475830 0.240466 0.476074 0.241525 0.476562 0.239407
1 0.640137 0.233051 0.638916 0.234110 0.638672 0.233581 0.637939 0.235169 0.636963 0.235169 0.636719 0.237818 0.636230 0.238877 0.635742 0.238347 0.635742 0.239936 0.635254 0.240996 0.635742 0.241525 0.636230 0.244174 0.636719 0.243644 0.636230 0.243114 0.636475 0.242055 0.636963 0.242055 0.637207 0.243644 0.637939 0.242585 0.638428 0.243114 0.638916 0.239936 0.639160 0.240996 0.639160 0.238877 0.638916 0.239936 0.638672 0.239407 0.638916 0.236758 0.639404 0.235699 0.640869 0.235699
1 0.523926 0.233581 0.524658 0.234640 0.524170 0.235169 0.525146 0.236758 0.526855 0.236758 0.527344 0.235169 0.526611 0.235169 0.526367 0.233581 0.525391 0.232521
1 0.568115 0.230932 0.567627 0.229873 0.566650 0.231462 0.565918 0.231462 0.564209 0.228814 0.563965 0.230932 0.561523 0.230932 0.561523 0.236229 0.562012 0.236758 0.562500 0.234640 0.563232 0.233581 0.563477 0.235169 0.563965 0.234110 0.563232 0.233581 0.563477 0.231992 0.564209 0.231462 0.564697 0.233051 0.564453 0.233581 0.565186 0.233581 0.565674 0.234640 0.566406 0.232521 0.568115 0.232521
1 0.354980 0.225106 0.354736 0.226165 0.354492 0.225106 0.353516 0.226695 0.353516 0.230403 0.352295 0.233051 0.352051 0.231992 0.351562 0.231992 0.352051 0.233051 0.351562 0.234110 0.351562 0.239407 0.352051 0.239936 0.353516 0.239407 0.354004 0.237818 0.354492 0.238347 0.355713 0.234110 0.355957 0.235169 0.356689 0.234110 0.356689 0.231462 0.355225 0.229873
1 0.519043 0.212924 0.518555 0.214513 0.519043 0.215042 0.519531 0.218220 0.520508 0.219280 0.519531 0.220869 0.522217 0.220869 0.522217 0.224576 0.521484 0.226165 0.522217 0.225106 0.523193 0.227754 0.522949 0.227225 0.524170 0.224047 0.524658 0.224047 0.524170 0.220869 0.524902 0.219280 0.524902 0.214513 0.525635 0.212394 0.524414 0.211864 0.524414 0.213453 0.522217 0.218220 0.520508 0.218220 0.520264 0.217161 0.519531 0.217161 0.519287 0.215042 0.520264 0.213983
1 0.611084 0.210805 0.610840 0.211335 0.611328 0.211864 0.611328 0.219809 0.612305 0.219280 0.612061 0.215042 0.612549 0.214513 0.612549 0.211864
1 0.614258 0.209216 0.614746 0.211335 0.615967 0.211335 0.616211 0.212394 0.615479 0.212924 0.614258 0.216102 0.613770 0.216102 0.613281 0.217161 0.613281 0.218750 0.615234 0.217161 0.615479 0.218220 0.616211 0.218220 0.616455 0.217161 0.616699 0.218220 0.616943 0.217161 0.618164 0.217161 0.618408 0.213983 0.617676 0.210805 0.615967 0.210805
1 0.578613 0.210805 0.577637 0.209216 0.575684 0.210275 0.574951 0.212924 0.572998 0.213983 0.572754 0.215572 0.573486 0.217161 0.574463 0.216631 0.575195 0.218220 0.576904 0.218750 0.576660 0.218220 0.577148 0.216631 0.577881 0.216631 0.578857 0.215042 0.578857 0.212924 0.578125 0.211864
1 0.586914 0.204449 0.586914 0.205508 0.585938 0.207627 0.586182 0.209216 0.585693 0.211335 0.587158 0.213983 0.587891 0.217161 0.588623 0.217691 0.589355 0.216102 0.590576 0.216631 0.592285 0.214513 0.591797 0.213983 0.592285 0.213453 0.591797 0.212924 0.592041 0.212394 0.591553 0.212394 0.591797 0.212924 0.591064 0.214513 0.590576 0.214513 0.590088 0.210275 0.590576 0.209746 0.589844 0.209216 0.589355 0.206568 0.588379 0.206568 0.587891 0.204979
1 0.523682 0.201801 0.523193 0.203390 0.521973 0.202331 0.521729 0.202860 0.521484 0.208686 0.522217 0.206568 0.522461 0.207627 0.522949 0.207097 0.523438 0.203919 0.523193 0.203390 0.523926 0.202331
1 0.561035 0.199153 0.561035 0.200742 0.560547 0.201801 0.561035 0.203919 0.560791 0.204449 0.562256 0.206568 0.562744 0.205508 0.561768 0.202331 0.562012 0.200212
1 0.520020 0.192797 0.519287 0.194915 0.518066 0.194915 0.518555 0.195445 0.518555 0.197564 0.520020 0.198623 0.519775 0.198093 0.520508 0.197034
1 0.593262 0.189089 0.593506 0.190678 0.592773 0.194386 0.593506 0.194386 0.594971 0.192267 0.595215 0.193326 0.595947 0.193326 0.595703 0.194386 0.595947 0.192797 0.595215 0.192797
1 0.513672 0.189089 0.513672 0.191737 0.512695 0.193856 0.514160 0.196504 0.514404 0.194915 0.514648 0.195975 0.515625 0.196504 0.514648 0.195445 0.515137 0.191737 0.514893 0.192267 0.514648 0.191208 0.514404 0.192267 0.513672 0.190678 0.514160 0.190148 0.514160 0.189089 0.513916 0.190148
1 0.519043 0.185911 0.517090 0.186441 0.516602 0.187500 0.517090 0.187500 0.516602 0.188559 0.516602 0.190148 0.517578 0.192267 0.517578 0.193856 0.518311 0.191737 0.518555 0.193326 0.519043 0.191737 0.519287 0.192267 0.519043 0.188559 0.519531 0.186441
1 0.510498 0.182733 0.510498 0.185911 0.510010 0.186970 0.510254 0.187500 0.510498 0.186441 0.510986 0.187500 0.512451 0.184322 0.511963 0.184322 0.511963 0.183263 0.511719 0.183792 0.511230 0.182733
1 0.242920 0.175318 0.242188 0.176907 0.242188 0.178496 0.242676 0.179555 0.243408 0.179555 0.243408 0.178496 0.244141 0.177436 0.244385 0.177966 0.244629 0.176907
1 0.534668 0.166314 0.534180 0.167373 0.534180 0.169492 0.535156 0.171610 0.536377 0.169492 0.536133 0.168432 0.536865 0.167903 0.536133 0.167373 0.535400 0.168432
1 0.641113 0.161017 0.642090 0.164725 0.640869 0.165254 0.640625 0.167903 0.641113 0.165784 0.642334 0.165784 0.642822 0.168432 0.643555 0.168962 0.643555 0.167903 0.642578 0.166314 0.642822 0.164725 0.642334 0.161017
1 0.250488 0.139831 0.249512 0.139831 0.249756 0.143538 0.251465 0.146716 0.250000 0.147246 0.250000 0.149364 0.249512 0.150424 0.250000 0.150424 0.250244 0.149364 0.251465 0.149364 0.251465 0.147775 0.252686 0.145127 0.252441 0.141949
1 0.238770 0.139831 0.238770 0.141949 0.239258 0.142479 0.239258 0.143538 0.238770 0.144068 0.238770 0.146186 0.239990 0.148305 0.240479 0.147775 0.240967 0.151483 0.242432 0.152013 0.242676 0.153072 0.242676 0.151483 0.242188 0.151483 0.242188 0.147246 0.243164 0.143538 0.243652 0.143538 0.243164 0.141949 0.244385 0.139831 0.244385 0.138242 0.243408 0.137712 0.241455 0.141949 0.240479 0.141419 0.239502 0.139301
1 0.359619 0.120233 0.358154 0.119703 0.356201 0.121292 0.354980 0.120233 0.354492 0.121292 0.352295 0.120763 0.353027 0.123941 0.352539 0.124470 0.351807 0.128178 0.352783 0.129237 0.354736 0.127119 0.355469 0.128708 0.355469 0.129767 0.354980 0.131356 0.354492 0.131356 0.355225 0.131886 0.355713 0.130297 0.356201 0.130826 0.355957 0.128708 0.355713 0.129767 0.354980 0.127648 0.355713 0.126589 0.355713 0.125000 0.356201 0.123941 0.357422 0.123941 0.359131 0.121822 0.359375 0.122352
1 0.250977 0.112288 0.251709 0.112288 0.251709 0.113347 0.252441 0.112818 0.252930 0.113877 0.253174 0.112818 0.253662 0.114407 0.253418 0.114936 0.253418 0.112288 0.254395 0.110699 0.253418 0.111229 0.252686 0.110169 0.251465 0.110169
1 0.498291 0.081568 0.497803 0.082627 0.497070 0.082627 0.496094 0.086864 0.495605 0.087394 0.495605 0.090042 0.494629 0.093750 0.495117 0.094809 0.494873 0.095339 0.494141 0.094280 0.494629 0.096398 0.495361 0.094809 0.497559 0.095869 0.497559 0.097987 0.497070 0.099047 0.495850 0.098517 0.495605 0.097458 0.495605 0.098517 0.494873 0.100106 0.494141 0.099576 0.493896 0.101165 0.494141 0.102754 0.496094 0.104343 0.496094 0.105932 0.496826 0.107521 0.497314 0.110699 0.498291 0.112818 0.498291 0.114407 0.497559 0.116525 0.498535 0.116525 0.499512 0.118114 0.500977 0.117585 0.500977 0.115996 0.502930 0.111758 0.502930 0.107521 0.504150 0.107521 0.503906 0.106462 0.504639 0.103814 0.504639 0.101695 0.503906 0.101165 0.504395 0.097987 0.504150 0.097458 0.504150 0.099047 0.503174 0.097458 0.503174 0.094809 0.502686 0.095339 0.501465 0.093750 0.501709 0.093220 0.500977 0.093220 0.500977 0.094280 0.500488 0.094809 0.500977 0.097458 0.500732 0.097987 0.502441 0.100636 0.501709 0.102225 0.501953 0.104343 0.501465 0.104873 0.502197 0.105932 0.500977 0.106992 0.500732 0.108051 0.499756 0.107521 0.498535 0.104873 0.498535 0.100636 0.500000 0.099047 0.499756 0.096398 0.500244 0.095869 0.499756 0.094809 0.499756 0.090042 0.499023 0.090042 0.497803 0.087924 0.497803 0.086335 0.498535 0.084216
1 0.477051 0.076271 0.476318 0.076801 0.475830 0.079979 0.475342 0.080508 0.476074 0.082627 0.477051 0.081568 0.477051 0.079979 0.477539 0.078919
1 0.456299 0.067267 0.456055 0.072034 0.456543 0.073093 0.457520 0.073623 0.458984 0.071504 0.458496 0.071504 0.457275 0.067797 0.456543 0.068326
1 0.421875 0.064619 0.420654 0.066737 0.420166 0.066208 0.420410 0.065678 0.419922 0.065678 0.420898 0.067797 0.420898 0.072034 0.421387 0.072564 0.421387 0.070975 0.422119 0.069386 0.422363 0.069915 0.423096 0.065678 0.421875 0.065678
1 0.489258 0.065148 0.488037 0.064089 0.486572 0.064619 0.485840 0.062500 0.484863 0.061970 0.484619 0.063559 0.483398 0.065148 0.483154 0.067267 0.482422 0.067797 0.482910 0.068856 0.483154 0.067267 0.485107 0.067797 0.485107 0.070445 0.484375 0.072034 0.483154 0.072034 0.483154 0.074153 0.484131 0.074153 0.484131 0.072564 0.484619 0.071504 0.485107 0.072564 0.484863 0.073093 0.486328 0.072034 0.486572 0.070445 0.486084 0.067797 0.487061 0.065148 0.488525 0.067267 0.489258 0.066208
1 0.324951 0.060911 0.322266 0.060911 0.321289 0.061970 0.321289 0.063559 0.321533 0.063030 0.322266 0.064619 0.321533 0.066208 0.321289 0.065148 0.320312 0.066737 0.321045 0.067797 0.320801 0.069386 0.321289 0.069915 0.321289 0.070975 0.322510 0.069915 0.322510 0.068326 0.323730 0.066737 0.324219 0.068326 0.324707 0.067797 0.324707 0.066208 0.325195 0.065678 0.323242 0.066737 0.322754 0.065678 0.322754 0.064089 0.323242 0.062500
1 0.262695 0.059322 0.261475 0.061970 0.261475 0.063559 0.262451 0.067267 0.261719 0.069915 0.263672 0.072034 0.264648 0.070445 0.264404 0.068856 0.264893 0.064619 0.263916 0.062500 0.263672 0.060381
1 0.325684 0.057733 0.325928 0.060381 0.327881 0.063030 0.328125 0.061441 0.327637 0.058263 0.326416 0.057203
1 0.264893 0.048199 0.264893 0.049258 0.263916 0.049258 0.262695 0.051377 0.262695 0.052966 0.265381 0.055614 0.266602 0.053496 0.266113 0.051377 0.265137 0.050318 0.265381 0.049258
1 0.442383 0.047669 0.442383 0.049788 0.443604 0.051907 0.446533 0.050318 0.446533 0.047140 0.446045 0.046081 0.444092 0.045551 0.443359 0.046610 0.443115 0.046081
1 0.601807 0.034958 0.602783 0.036547 0.602783 0.042373 0.604004 0.041314 0.603516 0.039725 0.604736 0.037076 0.602783 0.034958
1 0.399902 0.040254 0.399658 0.038136 0.399170 0.038136 0.398438 0.036547 0.398438 0.034428 0.398438 0.035487 0.396484 0.039195 0.397461 0.040784 0.398438 0.040784 0.399170 0.039725
1 0.492920 0.033369 0.490723 0.037606 0.491211 0.038136 0.491211 0.040254 0.490723 0.041314 0.491943 0.041843 0.492188 0.042903 0.492920 0.042373 0.492676 0.041843 0.493408 0.039725 0.493896 0.041843 0.493652 0.039725 0.494873 0.038665 0.494141 0.036547 0.494385 0.036017 0.493408 0.035487 0.492676 0.033898
1 0.419434 0.025424 0.418701 0.024894 0.419189 0.023835 0.419189 0.021716 0.418701 0.020127 0.419189 0.019068 0.418457 0.019068 0.417725 0.017479 0.417725 0.013771 0.416504 0.015890 0.416260 0.018538 0.413330 0.018538 0.413574 0.020127 0.415039 0.021186 0.414795 0.023305 0.413086 0.024364 0.412598 0.022775 0.411865 0.022775 0.411621 0.021716 0.411377 0.022246 0.410645 0.021186 0.409180 0.021186 0.408691 0.022246 0.409424 0.024364 0.410400 0.023305 0.411133 0.025424 0.410889 0.025953 0.411377 0.028072 0.411865 0.028072 0.412598 0.026483 0.414062 0.026483 0.415283 0.028072 0.416016 0.028072 0.416504 0.025953 0.417480 0.027542 0.418701 0.024894
1 0.397461 0.000000 0.397217 0.007415 0.397461 0.006356 0.397949 0.007945 0.397705 0.012182 0.398438 0.015360 0.398926 0.015890 0.399414 0.014831 0.399414 0.015890 0.399658 0.015360 0.400146 0.016419 0.400146 0.019068 0.401367 0.021716 0.401123 0.021186 0.401855 0.020657 0.401367 0.020127 0.401367 0.016949 0.402100 0.015890 0.402100 0.013771 0.402832 0.013771 0.402344 0.012182 0.403320 0.007945 0.403076 0.006356 0.403564 0.005297 0.403320 0.004237 0.404053 0.000000 0.402832 0.000000 0.402100 0.001589 0.401123 0.001589 0.400879 0.000000
2 0.987305 0.883475 0.984131 0.854873 0.977783 0.842161 0.982178 0.820975 0.958008 0.792903 0.963867 0.780191 0.963867 0.768008 0.918945 0.652542 0.900879 0.641419 0.889648 0.623941 0.877197 0.630297 0.880127 0.622881 0.859863 0.606462 0.825928 0.618644 0.822021 0.624470 0.832275 0.630297 0.793213 0.632945 0.790283 0.682733 0.784424 0.716631 0.762939 0.730403 0.760254 0.738347 0.759033 0.783369 0.755615 0.799258 0.758789 0.815678 0.757080 0.831038 0.726562 0.871292 0.731201 0.886123 0.727539 0.901483 0.731689 0.931674 0.755127 0.962394 0.800781 0.961864 0.813721 0.953919 0.824707 0.959216 0.847656 0.946504 0.911621 0.945445 0.928467 0.932733 0.967041 0.929555 0.973877 0.918962 0.974365 0.900953
