0 0.257812 0.887182 0.255859 0.882415 0.253174 0.878708 0.250732 0.877119 0.249268 0.875000 0.247314 0.869174 0.243896 0.869174 0.241699 0.872881 0.238525 0.874470 0.235596 0.874470 0.232910 0.872881 0.221924 0.873411 0.219727 0.874470 0.216553 0.872881 0.214600 0.869703 0.212891 0.869703 0.212891 0.872881 0.212402 0.875530 0.212402 0.877119 0.214355 0.879767 0.216064 0.884004 0.217041 0.889301 0.217041 0.895657 0.219238 0.901483 0.219971 0.904661 0.224609 0.904661 0.229004 0.906780 0.230713 0.906250 0.234863 0.903072 0.239014 0.903072 0.239990 0.904131 0.241455 0.904131 0.242920 0.905191 0.244629 0.907839 0.245117 0.907839 0.247070 0.904131 0.247803 0.899894 0.249512 0.895657 0.252441 0.891949 0.256348 0.890360
0 0.210938 0.830508 0.210693 0.830508 0.210205 0.829449 0.209961 0.829449 0.209473 0.828390 0.209229 0.828390 0.207520 0.824153 0.207031 0.821504 0.206543 0.821504 0.206543 0.822034 0.206299 0.822564 0.206299 0.823093 0.206055 0.823623 0.205566 0.826271 0.204834 0.827860 0.204346 0.830508 0.202637 0.834746 0.202393 0.834746 0.201172 0.836864 0.200684 0.836864 0.200439 0.837394 0.199951 0.837394 0.199707 0.837924 0.198242 0.837924 0.197998 0.838453 0.195801 0.838453 0.195801 0.839513 0.195557 0.840042 0.195557 0.844280 0.195801 0.844809 0.195801 0.846398 0.196045 0.846928 0.196045 0.849047 0.196289 0.849047 0.196777 0.847987 0.196777 0.847458 0.198242 0.844280 0.198486 0.844280 0.199707 0.842161 0.200195 0.842161 0.200439 0.841631 0.200928 0.841631 0.201416 0.840572 0.201660 0.840572 0.201904 0.840042 0.202393 0.840042 0.202637 0.839513 0.203125 0.839513 0.203613 0.838453 0.203857 0.838453 0.204102 0.837924 0.204590 0.837924 0.204834 0.837394 0.205322 0.837394 0.205566 0.836864 0.206055 0.836864 0.206299 0.836335 0.207520 0.836335 0.207764 0.835805 0.208496 0.835805 0.208740 0.835275 0.209229 0.835275 0.209473 0.834746 0.209473 0.834216 0.210205 0.832627 0.210205 0.832097
0 0.141357 0.177966 0.142334 0.202331 0.153076 0.215572 0.153809 0.245763 0.143799 0.268008 0.120850 0.278602 0.118408 0.335275 0.147949 0.404131 0.172363 0.402013 0.182129 0.432203 0.198730 0.432203 0.206299 0.454449 0.277344 0.487288 0.279297 0.538136 0.292969 0.592691 0.292725 0.638242 0.250244 0.666314 0.223633 0.726695 0.272461 0.747881 0.275146 0.771716 0.265381 0.789195 0.262695 0.838453 0.288086 0.825212 0.311279 0.832627 0.316406 0.900953 0.345215 0.969280 0.372314 0.976695 0.376953 0.999470 0.386719 0.999470 0.393066 0.965572 0.431885 0.942267 0.446045 0.959216 0.458984 0.936970 0.477539 0.955508 0.508789 0.913136 0.520996 0.836335 0.536133 0.833686 0.542969 0.799788 0.553955 0.807203 0.548828 0.709746 0.564941 0.685381 0.558838 0.604873 0.540283 0.585275 0.519775 0.584746 0.515869 0.550318 0.521240 0.539725 0.557129 0.549788 0.586670 0.494174 0.589600 0.469809 0.570801 0.403072 0.550537 0.421081 0.526367 0.380297 0.507568 0.407309 0.486328 0.394068 0.494629 0.337924 0.482422 0.308792 0.489746 0.275953 0.500000 0.265360 0.502686 0.230932 0.486084 0.207627 0.478027 0.156780 0.467285 0.158369 0.457031 0.182733 0.437988 0.179025 0.446289 0.103284 0.438477 0.064089 0.379639 0.076271 0.363281 0.117585 0.334717 0.111229 0.324219 0.142479 0.334717 0.204449 0.314209 0.229343 0.294434 0.177966 0.275635 0.174258 0.268555 0.225636 0.233887 0.215572 0.206543 0.243644 0.194336 0.213983 0.197021 0.195975 0.185791 0.194915 0.178711 0.173729
1 0.215576 0.538665 0.215820 0.542903 0.218994 0.553496 0.221436 0.574682 0.227539 0.595339 0.235107 0.605403 0.237305 0.612288 0.237549 0.620763 0.235352 0.633475 0.235352 0.638242 0.238770 0.645657 0.242188 0.657839 0.244629 0.662606 0.248779 0.661547 0.253174 0.657309 0.259033 0.654131 0.261719 0.650424 0.265625 0.648835 0.268799 0.643538 0.269775 0.632945 0.269775 0.621822 0.269043 0.615466 0.266357 0.605932 0.266846 0.592161 0.266357 0.583157 0.264160 0.570445 0.261719 0.564089 0.258789 0.560381 0.254150 0.557733 0.244141 0.557733 0.235840 0.561441 0.233398 0.560911 0.230469 0.557733 0.227051 0.549788 0.217773 0.538136
1 0.806885 0.147775 0.798584 0.168962 0.769287 0.201801 0.763672 0.230932 0.795166 0.268538 0.793701 0.283369 0.768799 0.329979 0.795410 0.406250 0.779297 0.432203 0.775635 0.465042 0.750000 0.470339 0.746826 0.500530 0.735840 0.528072 0.760498 0.556144 0.755615 0.627648 0.772461 0.627648 0.801758 0.577860 0.817383 0.578919 0.820312 0.601165 0.796875 0.629237 0.797119 0.641419 0.815186 0.672140 0.844971 0.657839 0.850830 0.692267 0.860107 0.707097 0.854492 0.745763 0.866211 0.761653 0.886230 0.755826 0.892334 0.742055 0.914795 0.748411 0.925049 0.710805 0.934326 0.710805 0.983887 0.933263 0.992188 0.999470 0.999756 0.999470 0.999756 0.949153 0.990723 0.934852 0.970947 0.818856 0.943604 0.702860 0.948730 0.681144 0.968750 0.684322 0.977783 0.696504 0.999512 0.683792 0.984619 0.666314 0.981445 0.625530 0.999756 0.610169 0.999756 0.144597 0.977539 0.153072 0.972412 0.167373 0.973633 0.208686 0.958496 0.225636 0.937256 0.221928 0.928711 0.200212 0.890625 0.220869 0.862061 0.163136 0.821045 0.140890
1 0.769775 0.201801 0.763916 0.230403 0.791260 0.259004 0.795410 0.275953 0.768555 0.329449 0.779541 0.355932 0.782227 0.378708 0.793213 0.391419 0.795654 0.406250 0.779541 0.432733 0.780029 0.453390 0.775879 0.465042 0.748535 0.472987 0.747559 0.497881 0.737549 0.522775 0.741699 0.536017 0.760254 0.552436 0.758301 0.594809 0.762939 0.620763 0.769775 0.621822 0.801758 0.577860 0.818848 0.578919 0.822510 0.587924 0.821533 0.601695 0.798340 0.629237 0.798096 0.640360 0.813965 0.670021 0.825195 0.670551 0.837646 0.653602 0.846436 0.658898 0.851318 0.689089 0.861084 0.708686 0.855713 0.745233 0.866211 0.759004 0.884033 0.755826 0.892334 0.741525 0.911377 0.747881 0.923584 0.705508 0.939697 0.697564 0.947998 0.678496 0.977295 0.688030 0.983398 0.679555 0.979492 0.655720 0.981445 0.620763 0.999756 0.609110 0.999756 0.209216 0.983398 0.202860 0.972168 0.219280 0.956055 0.227225 0.937012 0.223517 0.932129 0.206568 0.924072 0.202860 0.890625 0.223517 0.879150 0.203919 0.873047 0.175318 0.819824 0.141419 0.806641 0.148305 0.800293 0.166843
1 0.000000 0.422669 0.000000 0.772246 0.007324 0.775424 0.012207 0.785487 0.041504 0.787606 0.091797 0.777013 0.127930 0.776483 0.158203 0.769597 0.185791 0.771186 0.206787 0.740466 0.216797 0.733051 0.220459 0.711335 0.228516 0.690148 0.242188 0.674788 0.242432 0.665254 0.235840 0.639301 0.237793 0.609640 0.227295 0.594280 0.217529 0.550318 0.209961 0.532309 0.185303 0.523305 0.173340 0.500000 0.144775 0.472458 0.116455 0.461335 0.092529 0.443326 0.083984 0.442797 0.076172 0.433792 0.036621 0.432733
1 0.000000 0.239407 0.019043 0.245233 0.029297 0.255826 0.043213 0.260064 0.050293 0.276483 0.063477 0.268538 0.064209 0.265360 0.047607 0.226165 0.030273 0.215572 0.010254 0.182203 0.006592 0.172140 0.007324 0.159428 0.010254 0.153602 0.015381 0.152542 0.022217 0.161547 0.032959 0.162076 0.037354 0.168962 0.038574 0.179025 0.048828 0.185911 0.059326 0.185911 0.073486 0.159428 0.087158 0.171610 0.089355 0.146186 0.081299 0.121292 0.082764 0.105932 0.086426 0.101165 0.097168 0.101165 0.108643 0.122352 0.123291 0.126059 0.126709 0.111758 0.121582 0.095869 0.121094 0.030191 0.124756 0.021186 0.129639 0.020127 0.143311 0.032839 0.151123 0.031780 0.154785 0.017479 0.151611 0.000000 0.000000 0.000000
2 0.934326 0.966631 0.934570 0.968750 0.934814 0.969280 0.934814 0.970869 0.935059 0.971398 0.935059 0.972458 0.935547 0.974576 0.935547 0.976165 0.935791 0.976695 0.935791 0.977754 0.936279 0.978814 0.937012 0.981992 0.937012 0.983581 0.937500 0.985169 0.937500 0.986229 0.937988 0.988347 0.937988 0.989936 0.938232 0.990466 0.938232 0.993114 0.938477 0.993644 0.938477 0.996292 0.938721 0.996822 0.938721 0.999470 0.948730 0.999470 0.948730 0.997352 0.949463 0.994174 0.947998 0.990466 0.947998 0.989407 0.947754 0.989407 0.947266 0.988347 0.946777 0.988347 0.946777 0.988877 0.946289 0.989407 0.946045 0.988877 0.946045 0.987288 0.945312 0.987288 0.944824 0.985169 0.945068 0.985699 0.944580 0.987288 0.940918 0.987288 0.940674 0.986758 0.940674 0.984640 0.940186 0.983581 0.940186 0.983051 0.939941 0.983051 0.939697 0.984110 0.938721 0.984110 0.938477 0.983051 0.938721 0.982521 0.939209 0.982521 0.939209 0.980932 0.938721 0.979873 0.938232 0.979873 0.937500 0.978814 0.937256 0.979343 0.937012 0.978284 0.936768 0.978814 0.936523 0.978284 0.936523 0.977754 0.936035 0.976695 0.936035 0.975106 0.935547 0.974047 0.935547 0.972987 0.935303 0.972458 0.935303 0.971398 0.935547 0.970869 0.935303 0.970869 0.934814 0.969809
2 0.479248 0.941208 0.479004 0.941208 0.479004 0.942267 0.478760 0.942797 0.478516 0.942797 0.478516 0.944386 0.478271 0.944915 0.478027 0.944915 0.478027 0.945445 0.477783 0.945975 0.477539 0.945975 0.477539 0.947564 0.477295 0.948093 0.477051 0.948093 0.477051 0.948623 0.476807 0.949153 0.476562 0.949153 0.476562 0.949682 0.476318 0.950212 0.475586 0.950212 0.475342 0.949682 0.475586 0.949153 0.474609 0.949153 0.474609 0.949682 0.475342 0.949682 0.475586 0.950212 0.475586 0.952860 0.475830 0.952860 0.476074 0.953390 0.476318 0.953390 0.476562 0.952860 0.477783 0.952860 0.477783 0.952331 0.478027 0.951801 0.478271 0.951801 0.478271 0.949153 0.478516 0.948623 0.479248 0.948623
2 0.413574 0.940678 0.413330 0.941208 0.412598 0.940678 0.412598 0.941208 0.412354 0.941737 0.412109 0.941737 0.411865 0.941208 0.411621 0.941737 0.410889 0.942267 0.410400 0.943326 0.410400 0.943856 0.411133 0.945445 0.411133 0.945975 0.411621 0.947034 0.411621 0.949682 0.411377 0.950212 0.411133 0.949682 0.411133 0.949153 0.411133 0.949682 0.410889 0.950212 0.410156 0.950212 0.410156 0.950742 0.410400 0.951271 0.409668 0.952331 0.408936 0.951801 0.408691 0.951271 0.408691 0.950742 0.408203 0.950742 0.408203 0.951801 0.407959 0.952331 0.407959 0.952860 0.407715 0.953390 0.407471 0.953390 0.407715 0.953919 0.407471 0.954449 0.407227 0.954449 0.407227 0.956568 0.406738 0.957627 0.406494 0.957627 0.406494 0.958686 0.406738 0.959216 0.406494 0.959746 0.406250 0.959746 0.406006 0.959216 0.406006 0.958686 0.405762 0.958157 0.405518 0.958157 0.405273 0.958686 0.405273 0.959746 0.404785 0.960805 0.404785 0.961335 0.405029 0.961335 0.405273 0.960805 0.406006 0.960805 0.406250 0.960275 0.406982 0.960275 0.407227 0.959746 0.407715 0.959746 0.407715 0.956568 0.407959 0.956038 0.408203 0.956038 0.408447 0.955508 0.408691 0.955508 0.409424 0.954449 0.409912 0.954449 0.410645 0.953390 0.411133 0.953390 0.411377 0.952860 0.412598 0.952860 0.412842 0.952331 0.413330 0.952331 0.414307 0.950212 0.414307 0.949153 0.414062 0.948623 0.414307 0.948093 0.414307 0.944915 0.414062 0.944386 0.414062 0.943856 0.414307 0.943326 0.413818 0.942267
2 0.363037 0.935911 0.362305 0.937500 0.362549 0.938030 0.362549 0.940148 0.362793 0.940678 0.362793 0.941737 0.363037 0.942267 0.363037 0.942797 0.363281 0.943326 0.363281 0.944386 0.363525 0.944915 0.363525 0.945445 0.363770 0.945975 0.363770 0.946504 0.364014 0.947034 0.364014 0.949153 0.364258 0.949682 0.364502 0.949682 0.364502 0.949153 0.364990 0.948093 0.365234 0.948623 0.365479 0.948093 0.365234 0.947564 0.365479 0.947034 0.365479 0.942797 0.365234 0.942267 0.365234 0.940148 0.364990 0.940148 0.364746 0.939619 0.364746 0.939089 0.364502 0.938559 0.364258 0.938559
2 0.343750 0.937500 0.343750 0.940148 0.344238 0.940148 0.344727 0.941208 0.344727 0.946504 0.344971 0.945975 0.345215 0.946504 0.346924 0.946504 0.346924 0.945975 0.347412 0.945445 0.347656 0.945975 0.347656 0.948623 0.347900 0.948623 0.348145 0.949682 0.348633 0.950212 0.348633 0.951801 0.349121 0.952331 0.348633 0.954979 0.348633 0.957097 0.347900 0.958157 0.348145 0.958686 0.347900 0.959216 0.349121 0.960805 0.353027 0.962924 0.354736 0.965042 0.354248 0.964513 0.354004 0.963453 0.353760 0.963983 0.353516 0.962924 0.352783 0.961864 0.352783 0.961335 0.352051 0.959746 0.352295 0.959216 0.352051 0.958686 0.351562 0.959216 0.351318 0.958157 0.350830 0.957627 0.351074 0.957097 0.352783 0.957097 0.353027 0.957627 0.353027 0.959216 0.354248 0.959216 0.354248 0.957627 0.354736 0.957097 0.354736 0.954449 0.354248 0.953919 0.354248 0.951271 0.353760 0.950742 0.353760 0.949153 0.354248 0.948623 0.354248 0.948093 0.353760 0.947564 0.353760 0.940678 0.354248 0.939619 0.354248 0.938559 0.353760 0.938030 0.353760 0.936441 0.353516 0.936441 0.353271 0.935381 0.353027 0.935381 0.352783 0.936441 0.352051 0.936441 0.352051 0.936970 0.351562 0.937500 0.351562 0.938030 0.351074 0.938559 0.350830 0.939619 0.350098 0.939619 0.350098 0.942267 0.349854 0.942797 0.349121 0.942797 0.348877 0.943856 0.347656 0.943856 0.347412 0.942797 0.346924 0.942267 0.346924 0.940678 0.347412 0.939619 0.347412 0.934322 0.347656 0.933792 0.346680 0.933792 0.346191 0.934322 0.346191 0.934852 0.345703 0.935381 0.345703 0.935911 0.345215 0.936441 0.344971 0.937500
2 0.424316 0.932733 0.424316 0.933263 0.424072 0.933792 0.424072 0.934322 0.423828 0.934852 0.423584 0.934322 0.423584 0.933792 0.423340 0.934322 0.423340 0.936970 0.423584 0.936970 0.423828 0.937500 0.423828 0.942267 0.424805 0.940148 0.424805 0.939619 0.425537 0.938030 0.425781 0.938030 0.425781 0.937500 0.426270 0.936441 0.426270 0.935381 0.425781 0.934322 0.425537 0.934322 0.425293 0.933792 0.425049 0.933792 0.424805 0.933263 0.424561 0.933263
2 0.407715 0.931144 0.407715 0.931674 0.407471 0.932203 0.406982 0.932203 0.406494 0.933263 0.406738 0.933792 0.406494 0.934322 0.406738 0.934852 0.406738 0.935381 0.406494 0.935911 0.406250 0.935381 0.406494 0.935911 0.406494 0.936441 0.406738 0.936970 0.406738 0.937500 0.406738 0.936970 0.406982 0.936441 0.407227 0.936970 0.407227 0.939089 0.407471 0.939619 0.407227 0.940148 0.408203 0.942267 0.408447 0.942267 0.408691 0.941737 0.408936 0.942267 0.409424 0.941208 0.409668 0.941208 0.409424 0.941208 0.409180 0.940678 0.409180 0.940148 0.408936 0.939619 0.408936 0.939089 0.409180 0.938559 0.409180 0.937500 0.409424 0.936970 0.409424 0.934322 0.409668 0.933792 0.409668 0.932733 0.407959 0.932733 0.407715 0.932203 0.407959 0.931674 0.408447 0.931674 0.408203 0.931674 0.407959 0.931144
2 0.464355 0.929025 0.464355 0.929555 0.464111 0.930085 0.463867 0.930085 0.463867 0.930614 0.463623 0.931144 0.463379 0.931144 0.463379 0.931674 0.463623 0.931674 0.463867 0.932203 0.463867 0.933792 0.464111 0.933792 0.464355 0.934322 0.464355 0.934852 0.464111 0.935381 0.463867 0.935381 0.463867 0.935911 0.464111 0.935911 0.464355 0.936441 0.464355 0.936970 0.464844 0.938030 0.464844 0.939619 0.464111 0.941208 0.462891 0.942267 0.463379 0.942267 0.463623 0.942797 0.464355 0.942797 0.464600 0.943326 0.465332 0.943326 0.465576 0.943856 0.466064 0.943856 0.466309 0.944386 0.468018 0.944386 0.468262 0.944915 0.468262 0.945445 0.467529 0.948093 0.467773 0.948623 0.468018 0.948623 0.468262 0.949153 0.469727 0.949153 0.469971 0.949682 0.470703 0.949682 0.470947 0.950212 0.471436 0.950212 0.471680 0.950742 0.472656 0.950742 0.472900 0.951271 0.473389 0.951271 0.472900 0.951271 0.472656 0.950742 0.472412 0.950742 0.471924 0.949153 0.471436 0.949153 0.470703 0.947564 0.470459 0.947564 0.470215 0.948093 0.469727 0.948093 0.469482 0.947564 0.468994 0.948623 0.468506 0.947034 0.468506 0.946504 0.468994 0.945445 0.468994 0.944915 0.468750 0.944915 0.468506 0.944386 0.468506 0.942797 0.468262 0.942797 0.468018 0.942267 0.468018 0.941208 0.467773 0.940678 0.467773 0.940148 0.467529 0.940678 0.466797 0.940678 0.466797 0.941208 0.466064 0.942267 0.465820 0.941737 0.465820 0.939619 0.466064 0.939089 0.466309 0.939619 0.466309 0.940148 0.466064 0.938559 0.465820 0.938559 0.465576 0.938030 0.465576 0.937500 0.465088 0.937500 0.464844 0.938030 0.464600 0.937500 0.464600 0.936970 0.465088 0.935911 0.465088 0.935381 0.464844 0.935381 0.464600 0.934852 0.464600 0.933263 0.464844 0.932733 0.465088 0.932733 0.465088 0.931144 0.464600 0.930085 0.464600 0.929555
2 0.492920 0.923729 0.492676 0.923729 0.492432 0.924788 0.491699 0.923729 0.491455 0.924788 0.490723 0.924788 0.490479 0.925847 0.489258 0.925847 0.489014 0.926907 0.488281 0.926907 0.488281 0.928496 0.488037 0.929025 0.486816 0.929025 0.486572 0.930085 0.485840 0.930085 0.485840 0.931674 0.487549 0.931674 0.487793 0.932203 0.488037 0.931674 0.489014 0.931674 0.489258 0.932203 0.488525 0.934322 0.488281 0.934322 0.488037 0.933263 0.486816 0.933263 0.486572 0.934322 0.485840 0.934322 0.485596 0.935381 0.484619 0.935381 0.484375 0.935911 0.484375 0.936970 0.485596 0.936970 0.485840 0.938030 0.486572 0.938030 0.486816 0.938559 0.486816 0.941208 0.487305 0.941737 0.487305 0.944386 0.487061 0.944915 0.486816 0.944386 0.486572 0.945445 0.485352 0.942797 0.485107 0.941737 0.485352 0.941208 0.484863 0.941208 0.483887 0.939619 0.484131 0.939089 0.483887 0.938030 0.483154 0.936970 0.483398 0.935911 0.483154 0.936441 0.482666 0.935381 0.482910 0.934852 0.482666 0.934852 0.481689 0.932203 0.481201 0.933263 0.481201 0.934322 0.480469 0.935381 0.480469 0.936970 0.480713 0.937500 0.480469 0.944915 0.480225 0.945445 0.480469 0.950212 0.480713 0.946504 0.481445 0.944915 0.482422 0.943856 0.483398 0.943856 0.483643 0.943326 0.485352 0.943856 0.486572 0.945445 0.487793 0.948093 0.487793 0.947564 0.486816 0.945975 0.487305 0.945445 0.487061 0.944915 0.487305 0.944386 0.487793 0.944915 0.487793 0.946504 0.488037 0.946504 0.487793 0.945975 0.488281 0.945445 0.488037 0.944915 0.488281 0.944386 0.489014 0.944915 0.489258 0.943856 0.489502 0.945445 0.489990 0.942797 0.489990 0.938030 0.489746 0.938559 0.489502 0.937500 0.489014 0.936970 0.489014 0.934322 0.489258 0.933792 0.490967 0.933792 0.490967 0.931144 0.491211 0.930614 0.491943 0.930614 0.492188 0.929555 0.492920 0.929025 0.492920 0.927966 0.493408 0.927436 0.493652 0.925847 0.493408 0.926907 0.492920 0.926377
2 0.377930 0.914195 0.378906 0.918962 0.377441 0.923729 0.377441 0.934852 0.379150 0.934852 0.380371 0.940148 0.382812 0.942797 0.381104 0.944915 0.379150 0.944386 0.378418 0.941208 0.376953 0.942267 0.377441 0.944915 0.379150 0.944915 0.378906 0.947564 0.380127 0.946504 0.380859 0.948093 0.379395 0.949153 0.379883 0.950742 0.379150 0.952331 0.378418 0.949153 0.378906 0.958686 0.377930 0.959746 0.378174 0.962924 0.377197 0.963983 0.375732 0.959746 0.377686 0.958157 0.376709 0.956568 0.376221 0.950212 0.375488 0.958686 0.373535 0.952860 0.372559 0.954449 0.373047 0.958686 0.372314 0.961864 0.371338 0.961335 0.371094 0.954449 0.371094 0.961335 0.369629 0.965572 0.370605 0.967691 0.372559 0.967161 0.372070 0.975636 0.370850 0.977225 0.369629 0.970339 0.368896 0.974047 0.367920 0.970339 0.368896 0.970339 0.367920 0.968750 0.367676 0.956038 0.366455 0.953390 0.363525 0.967161 0.361816 0.966102 0.362793 0.974047 0.360840 0.976165 0.363037 0.974047 0.363281 0.969809 0.364502 0.969809 0.365234 0.973517 0.361328 0.979873 0.363037 0.978814 0.361328 0.984110 0.363037 0.988347 0.366211 0.991525 0.371826 0.988877 0.373047 0.984640 0.375732 0.985699 0.375732 0.999470 0.387451 0.999470 0.388672 0.994174 0.391357 0.963453 0.394775 0.960805 0.397461 0.963453 0.397217 0.966631 0.399170 0.967161 0.398193 0.960275 0.396484 0.961864 0.395996 0.954449 0.394287 0.959746 0.390137 0.962394 0.390381 0.959216 0.387451 0.952860 0.389404 0.948093 0.388428 0.949153 0.388184 0.945445 0.387695 0.947034 0.385010 0.943856 0.384521 0.944915 0.383301 0.940678 0.382568 0.941208 0.382568 0.936970 0.381836 0.937500 0.379639 0.931674 0.379639 0.923729 0.378662 0.921610 0.379883 0.918962 0.383789 0.921081 0.384033 0.917373 0.382568 0.917903 0.382568 0.913136 0.380371 0.913136 0.379639 0.915254
2 0.458008 0.912076 0.458008 0.912606 0.457764 0.913136 0.457520 0.913136 0.457520 0.914195 0.457275 0.914725 0.457031 0.914725 0.457520 0.915784 0.457764 0.915784 0.458008 0.916314 0.458740 0.916314 0.458984 0.916843 0.460449 0.916843 0.460693 0.917373 0.460938 0.917373 0.461182 0.917903 0.461182 0.920021 0.460938 0.920551 0.460938 0.921081 0.460693 0.921610 0.460938 0.921610 0.461182 0.922140 0.461426 0.922140 0.461914 0.923199 0.461914 0.923729 0.462158 0.924258 0.462158 0.925847 0.461914 0.926377 0.461914 0.927436 0.461670 0.927966 0.461670 0.929025 0.462646 0.931144 0.462646 0.930085 0.462402 0.930085 0.462158 0.929555 0.462158 0.929025 0.462402 0.928496 0.462158 0.929025 0.461914 0.928496 0.461914 0.927436 0.462158 0.926907 0.462402 0.927436 0.462646 0.926907 0.462646 0.925318 0.462891 0.924788 0.462891 0.924258 0.463135 0.923729 0.463379 0.924258 0.463379 0.924788 0.463623 0.924258 0.463379 0.923729 0.463135 0.923729 0.462646 0.922669 0.462891 0.922140 0.462891 0.918962 0.462646 0.918432 0.462646 0.917373 0.462402 0.917373 0.462158 0.916843 0.461914 0.917373 0.461670 0.916843 0.461670 0.915784 0.461426 0.915254 0.461426 0.914725 0.461182 0.914195 0.461182 0.913665 0.461182 0.914725 0.460938 0.915254 0.460449 0.915254 0.460205 0.914725 0.460205 0.914195 0.459961 0.914195 0.459717 0.913665 0.459717 0.913136 0.459473 0.913136 0.459229 0.912606 0.459229 0.912076
2 0.485596 0.901483 0.483887 0.901483 0.483887 0.902013 0.483643 0.902542 0.483398 0.902542 0.483398 0.904131 0.483154 0.904661 0.482910 0.904661 0.482910 0.906250 0.484131 0.906250 0.484375 0.906780 0.484375 0.909428 0.484131 0.909958 0.483887 0.909958 0.483643 0.909428 0.483643 0.908898 0.482910 0.908898 0.482666 0.908369 0.482666 0.907839 0.482422 0.907839 0.482178 0.907309 0.482178 0.906780 0.481934 0.906780 0.481934 0.909428 0.481689 0.909958 0.481445 0.909958 0.481445 0.911547 0.481201 0.912076 0.480469 0.912076 0.480469 0.912606 0.480225 0.913136 0.478516 0.913136 0.478516 0.913665 0.478271 0.914195 0.478027 0.914195 0.478271 0.914725 0.479248 0.914725 0.479492 0.915254 0.479492 0.918962 0.479248 0.919492 0.479004 0.919492 0.479004 0.923199 0.479248 0.923199 0.479492 0.923729 0.479492 0.924258 0.479736 0.924258 0.479736 0.923729 0.479980 0.923199 0.480225 0.923199 0.480469 0.923729 0.480469 0.924258 0.480713 0.924258 0.480713 0.923729 0.480469 0.923729 0.480225 0.923199 0.480225 0.920551 0.480469 0.920021 0.480713 0.920021 0.480713 0.918432 0.480957 0.917903 0.481201 0.917903 0.481201 0.915254 0.480469 0.915254 0.480225 0.914725 0.480225 0.913136 0.480469 0.912606 0.482178 0.912606 0.482178 0.912076 0.482422 0.911547 0.483154 0.911547 0.483154 0.911017 0.483398 0.910487 0.484131 0.910487 0.484131 0.909958 0.484375 0.909428 0.484619 0.909428 0.484619 0.907839 0.484863 0.907309 0.485107 0.907309 0.485107 0.906780 0.484863 0.906780 0.484619 0.906250 0.484619 0.905720 0.484863 0.905191 0.485107 0.905191 0.485107 0.903602 0.485352 0.903072 0.485596 0.903072
2 0.366455 0.900424 0.366211 0.900953 0.366211 0.902013 0.366455 0.902542 0.366211 0.903072 0.366455 0.903602 0.366455 0.904131 0.366699 0.904661 0.366699 0.907309 0.366943 0.907309 0.366943 0.906780 0.367432 0.905720 0.368164 0.907309 0.368408 0.907309 0.368652 0.907839 0.368652 0.908369 0.369141 0.907309 0.369385 0.907309 0.369385 0.905720 0.369141 0.905191 0.369141 0.900953 0.368896 0.900953 0.368652 0.900424 0.367676 0.900424 0.367432 0.900953 0.367188 0.900424
2 0.449707 0.895127 0.449707 0.895657 0.449219 0.896716 0.449219 0.905720 0.449463 0.906250 0.449951 0.906250 0.450195 0.906780 0.450195 0.907839 0.449707 0.908898 0.449707 0.909428 0.449463 0.909958 0.449463 0.910487 0.449219 0.911017 0.449219 0.911547 0.449463 0.911547 0.449707 0.911017 0.451660 0.911017 0.451660 0.910487 0.451416 0.909958 0.451660 0.909428 0.452393 0.909428 0.452393 0.908898 0.452637 0.908369 0.452881 0.908369 0.453125 0.908898 0.453125 0.911017 0.453369 0.911547 0.454102 0.911547 0.454346 0.912076 0.455078 0.912076 0.455322 0.912606 0.455811 0.912606 0.456055 0.913136 0.456299 0.913136 0.455566 0.912076 0.455566 0.911547 0.455811 0.911017 0.455811 0.909958 0.455322 0.909958 0.455078 0.909428 0.455078 0.908369 0.454834 0.907839 0.454834 0.906780 0.454102 0.908369 0.453857 0.908369 0.453613 0.908898 0.453369 0.908369 0.453369 0.906780 0.453613 0.906250 0.454346 0.906250 0.454346 0.904661 0.454102 0.904661 0.453857 0.904131 0.453857 0.902542 0.453613 0.902542 0.453369 0.902013 0.453369 0.901483 0.453125 0.901483 0.452881 0.900953 0.452881 0.898305 0.452148 0.898305 0.451904 0.897775 0.451904 0.896186 0.451660 0.896186 0.451416 0.895657 0.451416 0.895127 0.451172 0.895127 0.450928 0.894597 0.450928 0.894068 0.450684 0.894068 0.450684 0.894597 0.450439 0.895127
2 0.358887 0.885593 0.358887 0.886123 0.358643 0.886653 0.358643 0.887182 0.358398 0.887712 0.357422 0.887712 0.357422 0.889831 0.356934 0.890890 0.356934 0.891419 0.356689 0.891949 0.355957 0.891949 0.355713 0.891419 0.355469 0.891949 0.355469 0.894068 0.355713 0.894068 0.355957 0.894597 0.356201 0.894597 0.356445 0.895127 0.356689 0.895127 0.356934 0.895657 0.356689 0.896186 0.356934 0.896716 0.356689 0.896186 0.356934 0.895657 0.357178 0.895657 0.357422 0.896186 0.357422 0.896716 0.358154 0.896716 0.358154 0.896186 0.358398 0.895657 0.358643 0.896186 0.359131 0.896186 0.359131 0.895657 0.359375 0.895127 0.359619 0.895127 0.359619 0.894068 0.359375 0.893538 0.359131 0.894068 0.358887 0.893538 0.358887 0.893008 0.359131 0.892479 0.358643 0.891419 0.358643 0.890890 0.359375 0.889301 0.359375 0.888771 0.359619 0.888242 0.359863 0.888771 0.360107 0.888771 0.360107 0.887712 0.359863 0.887712 0.359619 0.888242 0.359131 0.887182 0.359131 0.886123
2 0.333252 0.863877 0.333008 0.864407 0.333984 0.866525 0.333252 0.868644 0.332031 0.868644 0.331787 0.872881 0.331055 0.872881 0.330811 0.871822 0.331299 0.870763 0.330322 0.870233 0.331055 0.869174 0.329834 0.868114 0.330322 0.867585 0.330322 0.865996 0.328613 0.865466 0.328125 0.869703 0.328613 0.872881 0.328125 0.885064 0.327393 0.886653 0.327393 0.888771 0.326904 0.889831 0.326660 0.889301 0.325928 0.895657 0.325439 0.896186 0.325439 0.899894 0.324463 0.900424 0.324463 0.901483 0.323486 0.902542 0.322754 0.905191 0.322998 0.906250 0.322510 0.909428 0.323975 0.913136 0.324463 0.918432 0.325928 0.918962 0.326172 0.917903 0.327148 0.917903 0.329102 0.921081 0.328857 0.923199 0.326904 0.924788 0.327637 0.926377 0.330811 0.924258 0.332275 0.924788 0.332031 0.923199 0.331299 0.922669 0.329102 0.917373 0.328125 0.912076 0.326416 0.915784 0.325928 0.914725 0.326172 0.909958 0.326904 0.907839 0.327148 0.904131 0.327637 0.903602 0.327148 0.903072 0.327881 0.900953 0.327637 0.898835 0.328369 0.897246 0.327881 0.894068 0.328369 0.890890 0.329346 0.890360 0.328613 0.887182 0.330322 0.877119 0.331299 0.876589 0.332031 0.878178 0.332031 0.880826 0.333252 0.880826 0.333496 0.879237 0.333984 0.879767 0.333984 0.885593 0.334717 0.881886 0.334717 0.880297 0.333984 0.879237 0.334473 0.877648 0.337158 0.879237 0.336426 0.880826 0.338379 0.877648 0.339111 0.880297 0.338135 0.882945 0.338379 0.881886 0.339600 0.881886 0.339844 0.882945 0.340088 0.881886 0.341309 0.884004 0.342041 0.882945 0.342529 0.883475 0.340088 0.878178 0.339844 0.876059 0.340576 0.876059 0.339844 0.874470 0.340332 0.873411 0.340088 0.871822 0.338135 0.873941 0.337891 0.873411 0.338623 0.870763 0.337402 0.870763 0.337158 0.871822 0.335205 0.866525
2 0.327881 0.860169 0.327148 0.860169 0.327148 0.860699 0.326660 0.861229 0.326416 0.862288 0.325439 0.862288 0.325195 0.861758 0.324219 0.862818 0.323975 0.861758 0.323486 0.862818 0.323242 0.862288 0.322754 0.862288 0.322266 0.864407 0.322266 0.867055 0.321777 0.867585 0.322266 0.869174 0.321045 0.871292 0.321289 0.871822 0.320801 0.872881 0.320557 0.871822 0.320068 0.872352 0.320557 0.872881 0.320312 0.873411 0.320312 0.874470 0.319824 0.875000 0.319580 0.876059 0.318848 0.876059 0.319092 0.876589 0.319092 0.879767 0.318359 0.881356 0.317383 0.881886 0.316895 0.882945 0.316162 0.883475 0.315918 0.885064 0.315430 0.886123 0.315430 0.887182 0.316162 0.889831 0.317383 0.892479 0.318359 0.893538 0.318359 0.894597 0.317383 0.897246 0.317627 0.897775 0.317627 0.898835 0.319580 0.898835 0.319092 0.898305 0.319336 0.897775 0.319092 0.898305 0.318115 0.896716 0.318115 0.895657 0.319092 0.892479 0.319336 0.893008 0.319092 0.892479 0.320312 0.888242 0.320068 0.887712 0.321045 0.885064 0.321045 0.884004 0.321777 0.881356 0.321777 0.880297 0.323242 0.876589 0.323242 0.874470 0.323730 0.872881 0.323975 0.873411 0.323730 0.872881 0.324463 0.871292 0.324951 0.869174 0.325439 0.869703 0.325928 0.868114 0.325684 0.868644 0.325439 0.867585 0.325195 0.868114 0.324951 0.867055 0.325439 0.865996 0.325684 0.866525 0.326172 0.865996 0.326416 0.866525 0.326172 0.867055 0.326416 0.867055 0.326172 0.865996 0.326416 0.865466 0.326904 0.865466 0.326904 0.864407 0.327637 0.863347 0.328857 0.864407 0.329346 0.863877 0.329346 0.862818 0.328857 0.862818
2 0.250000 0.860699 0.250000 0.861229 0.250488 0.862288 0.250732 0.862288 0.251465 0.863347 0.251465 0.864407 0.251709 0.864936 0.251709 0.865996 0.253174 0.867055 0.254150 0.869174 0.254150 0.869703 0.254395 0.870233 0.254395 0.870763 0.254639 0.871292 0.254883 0.872881 0.255127 0.872881 0.255371 0.873411 0.255615 0.873411 0.255859 0.873941 0.256104 0.873941 0.256348 0.874470 0.256592 0.874470 0.256836 0.875000 0.257080 0.875000 0.257812 0.876059 0.258057 0.875530 0.258545 0.877119 0.258057 0.878178 0.258545 0.878178 0.258789 0.878708 0.258789 0.879237 0.259033 0.879237 0.259277 0.879767 0.258789 0.878708 0.258789 0.878178 0.259033 0.877648 0.259277 0.877648 0.259033 0.877119 0.259277 0.875530 0.259033 0.875000 0.258789 0.873411 0.258789 0.875000 0.258545 0.875530 0.258301 0.875000 0.258301 0.874470 0.258057 0.874470 0.257812 0.873941 0.257812 0.873411 0.257568 0.873411 0.257324 0.872881 0.258057 0.871292 0.258057 0.870763 0.257812 0.871292 0.257080 0.870233 0.257080 0.869703 0.257324 0.869174 0.257568 0.869174 0.257568 0.868644 0.257324 0.868644 0.257324 0.869174 0.257080 0.869703 0.256592 0.868644 0.256836 0.868114 0.256592 0.868114 0.255859 0.866525 0.255859 0.865996 0.255615 0.866525 0.254883 0.865466 0.255127 0.864936 0.255371 0.864936 0.255127 0.864936 0.254883 0.864407 0.254883 0.863877 0.254883 0.864407 0.254639 0.864936 0.254395 0.864407 0.254395 0.863877 0.254150 0.864407 0.253906 0.863877 0.253906 0.864407 0.253662 0.864936 0.253418 0.864407 0.253174 0.864407 0.252686 0.863347 0.252930 0.862818 0.252686 0.862818 0.252441 0.862288 0.251709 0.862288 0.250977 0.860699 0.250732 0.861229 0.250244 0.860169
2 0.355469 0.859110 0.355469 0.860699 0.355225 0.861229 0.353027 0.861229 0.353027 0.862818 0.352783 0.863347 0.352539 0.863347 0.352539 0.865996 0.352783 0.865996 0.353027 0.866525 0.353027 0.870233 0.353271 0.870233 0.353516 0.870763 0.353516 0.872352 0.353271 0.872881 0.353027 0.872881 0.353027 0.873411 0.353271 0.873411 0.353516 0.873941 0.353516 0.874470 0.354980 0.874470 0.355469 0.875530 0.355469 0.876059 0.355713 0.875530 0.355957 0.875530 0.356201 0.875000 0.356445 0.875530 0.356445 0.876059 0.356445 0.875530 0.356689 0.875000 0.356934 0.875000 0.357178 0.874470 0.357178 0.873941 0.357422 0.873411 0.357422 0.872881 0.357178 0.872352 0.357178 0.871822 0.356934 0.871822 0.356689 0.871292 0.356689 0.865466 0.355957 0.865466 0.355957 0.865996 0.355713 0.866525 0.355469 0.866525 0.355225 0.865996 0.355225 0.864407 0.355469 0.863877 0.356689 0.863877 0.356689 0.862288 0.356445 0.862288 0.356201 0.861758 0.356201 0.860169 0.355957 0.860169 0.355713 0.859640 0.355713 0.859110
2 0.321777 0.851165 0.321533 0.850636 0.321533 0.849576 0.321289 0.849047 0.321533 0.848517 0.321533 0.847987 0.321289 0.847458 0.321289 0.844809 0.321045 0.844280 0.320312 0.844280 0.320068 0.844809 0.319580 0.844809 0.319336 0.845339 0.319092 0.845339 0.318848 0.845869 0.318604 0.845869 0.318359 0.846398 0.318359 0.846928 0.318115 0.847458 0.317383 0.847458 0.317139 0.846928 0.316650 0.846928 0.316406 0.847458 0.316406 0.848517 0.316162 0.849047 0.315918 0.848517 0.315674 0.848517 0.315918 0.849047 0.316895 0.849047 0.316895 0.848517 0.317139 0.847987 0.317627 0.847987 0.317871 0.848517 0.317871 0.849047 0.318115 0.849047 0.318359 0.849576 0.318359 0.850106 0.318604 0.850636 0.318604 0.851165 0.318848 0.851165 0.319336 0.852225 0.319336 0.852754 0.320312 0.854873 0.320557 0.854873 0.320312 0.854873 0.320068 0.854343 0.320068 0.853814 0.320557 0.852754 0.320801 0.853284 0.320557 0.852754 0.321045 0.851695 0.321289 0.852225
2 0.366455 0.844280 0.365479 0.844280 0.364746 0.845339 0.364502 0.845339 0.364014 0.844280 0.363525 0.844809 0.362305 0.844280 0.362305 0.844809 0.361328 0.846928 0.361084 0.846928 0.360596 0.845869 0.360840 0.845339 0.360596 0.844280 0.360107 0.843750 0.360107 0.844809 0.359863 0.845339 0.360107 0.845869 0.360352 0.847987 0.361816 0.851165 0.362061 0.851165 0.362305 0.852225 0.362061 0.852754 0.361816 0.852225 0.362061 0.852754 0.361816 0.853284 0.360596 0.853284 0.360352 0.852754 0.360352 0.853814 0.360107 0.854343 0.359863 0.853814 0.359375 0.854873 0.359131 0.854873 0.358398 0.856992 0.358398 0.859640 0.358643 0.860169 0.358643 0.861758 0.358398 0.862288 0.358398 0.868114 0.357910 0.868644 0.357910 0.870233 0.358398 0.870763 0.358398 0.872352 0.358154 0.872881 0.357910 0.872352 0.357910 0.873941 0.358154 0.872881 0.358398 0.873411 0.358398 0.874470 0.358887 0.875000 0.358398 0.875530 0.358887 0.876059 0.358887 0.877119 0.359131 0.877119 0.358887 0.876589 0.359619 0.875000 0.359863 0.876059 0.360352 0.876589 0.360352 0.878178 0.360840 0.877119 0.361328 0.878708 0.361816 0.878178 0.362305 0.878708 0.363037 0.877648 0.363281 0.876589 0.363281 0.872881 0.363525 0.872352 0.363281 0.871292 0.363281 0.869174 0.363037 0.868644 0.363037 0.867585 0.363281 0.867055 0.363037 0.865996 0.363281 0.865466 0.363281 0.863347 0.364014 0.860699 0.364014 0.859640 0.364502 0.859110 0.364258 0.858581 0.364746 0.858051 0.364502 0.857521 0.364990 0.856992 0.364746 0.856462 0.364746 0.855932 0.365234 0.855403 0.364990 0.854873 0.365967 0.852225 0.365967 0.851165 0.365723 0.851695 0.365479 0.851165 0.365479 0.850106 0.365967 0.847987 0.366699 0.846398
2 0.260498 0.828919 0.260254 0.829449 0.260254 0.833686 0.260010 0.834216 0.260254 0.834746 0.259766 0.835805 0.260010 0.836335 0.260010 0.836864 0.259766 0.837394 0.259766 0.838453 0.259521 0.838983 0.259277 0.838453 0.259277 0.838983 0.259033 0.839513 0.258789 0.838983 0.258545 0.839513 0.258057 0.839513 0.257812 0.840042 0.257812 0.841102 0.258057 0.841631 0.258057 0.841102 0.257812 0.840572 0.258057 0.840042 0.258545 0.840042 0.258789 0.839513 0.259033 0.839513 0.259277 0.840042 0.259277 0.840572 0.259766 0.841631 0.259766 0.844280 0.260010 0.844809 0.260254 0.844280 0.260742 0.845339 0.260986 0.844809 0.261230 0.845339 0.261963 0.844809 0.262695 0.845869 0.262451 0.846398 0.261963 0.846398 0.261719 0.846928 0.261475 0.846398 0.261719 0.846928 0.261719 0.847458 0.261963 0.846928 0.262451 0.846928 0.262695 0.846398 0.262939 0.846398 0.263428 0.845339 0.263672 0.845339 0.263916 0.844809 0.264404 0.844809 0.264648 0.844280 0.265381 0.843750 0.265381 0.843220 0.264893 0.841631 0.264893 0.839513 0.264648 0.839513 0.264404 0.840042 0.263916 0.840042 0.263672 0.840572 0.263428 0.840042 0.263428 0.838983 0.263184 0.838983 0.262939 0.838453 0.262939 0.837924 0.263184 0.837394 0.263428 0.837394 0.263428 0.836864 0.262695 0.836864 0.262207 0.835275 0.262695 0.834216 0.263184 0.834216 0.263428 0.833686 0.264160 0.833686 0.264160 0.833157 0.264404 0.832627 0.264648 0.832627 0.264648 0.831568 0.264160 0.831568 0.263916 0.831038 0.263184 0.831038 0.262939 0.830508 0.262451 0.830508 0.262207 0.829979 0.261963 0.829979 0.261475 0.828919
2 0.490723 0.824682 0.490723 0.825742 0.490967 0.825742 0.491211 0.826271 0.491455 0.826271 0.491699 0.826801 0.491943 0.826271 0.492188 0.826801 0.493896 0.826801 0.494141 0.827331 0.494141 0.827860 0.493896 0.828390 0.493652 0.828390 0.493652 0.828919 0.494385 0.828919 0.494629 0.829449 0.494629 0.829979 0.494873 0.829449 0.495117 0.829979 0.495117 0.830508 0.495117 0.829979 0.495361 0.829449 0.495605 0.829979 0.495605 0.830508 0.495605 0.829979 0.495850 0.829449 0.496826 0.829449 0.496826 0.828390 0.497070 0.827860 0.497314 0.827860 0.497314 0.825212 0.497070 0.825742 0.496582 0.825742 0.496338 0.825212 0.496094 0.825212 0.496094 0.826271 0.495850 0.826801 0.495361 0.825742 0.495361 0.825212 0.495117 0.825212 0.494873 0.824682 0.494873 0.824153 0.494141 0.824153 0.493896 0.823623 0.493408 0.823623 0.493652 0.824153 0.493652 0.824682 0.493408 0.825212 0.492432 0.825212 0.492188 0.824682 0.491943 0.824682 0.491699 0.824153 0.491455 0.824682 0.491211 0.824153 0.490967 0.824682
2 0.360107 0.819915 0.359619 0.820975 0.359375 0.820975 0.359375 0.821504 0.359619 0.822034 0.359619 0.824153 0.359863 0.824682 0.359863 0.825212 0.359619 0.825742 0.358887 0.825212 0.358887 0.826801 0.358643 0.827331 0.358398 0.827331 0.358398 0.829979 0.358887 0.829979 0.358887 0.825742 0.359131 0.825212 0.359375 0.825742 0.359375 0.826271 0.359863 0.826271 0.360352 0.825212 0.360840 0.826271 0.360352 0.827331 0.360352 0.828390 0.359863 0.829449 0.359619 0.828919 0.359619 0.829979 0.359863 0.830508 0.359863 0.831038 0.360107 0.831038 0.360352 0.831568 0.360352 0.833157 0.360596 0.833157 0.360840 0.833686 0.360840 0.837924 0.361816 0.839513 0.362793 0.836864 0.363037 0.837394 0.363037 0.837924 0.362793 0.838453 0.363037 0.837924 0.363037 0.837394 0.362793 0.836864 0.363281 0.835275 0.363525 0.835805 0.363525 0.836335 0.364502 0.834746 0.364502 0.833157 0.364990 0.832097 0.364990 0.831568 0.365234 0.831038 0.365479 0.831038 0.365479 0.830508 0.365723 0.829979 0.366943 0.829979 0.366943 0.829449 0.366699 0.829449 0.366455 0.828919 0.366455 0.828390 0.366211 0.828390 0.365967 0.827860 0.365967 0.827331 0.365723 0.827331 0.365723 0.828919 0.365479 0.829449 0.365234 0.829449 0.365234 0.829979 0.364990 0.830508 0.364258 0.827860 0.363037 0.827860 0.362793 0.827331 0.363037 0.826801 0.363037 0.826271 0.363281 0.825742 0.363525 0.826271 0.363525 0.825212 0.363770 0.824682 0.364014 0.824682 0.364014 0.821504 0.363525 0.821504 0.363281 0.822034 0.363037 0.822034 0.361572 0.824682 0.361084 0.823623 0.361572 0.822564 0.361572 0.822034 0.362305 0.820975 0.362061 0.820445 0.361816 0.820975 0.361084 0.820975 0.360840 0.820445 0.360840 0.819915
2 0.331543 0.817797 0.330566 0.817797 0.330078 0.818856 0.330078 0.819915 0.329834 0.820445 0.329834 0.823623 0.330078 0.824153 0.329834 0.824682 0.329346 0.824682 0.329102 0.824153 0.329102 0.823623 0.328857 0.823623 0.328613 0.824153 0.328369 0.824153 0.328125 0.824682 0.327881 0.824682 0.328125 0.825212 0.328125 0.826801 0.328613 0.826801 0.329102 0.827860 0.329346 0.827860 0.330078 0.826271 0.329834 0.825742 0.329834 0.824682 0.330078 0.824153 0.330322 0.824153 0.330322 0.823623 0.330566 0.823093 0.330566 0.822564 0.331299 0.820975 0.331299 0.819386 0.331543 0.818856
2 0.264160 0.835275 0.266113 0.836864 0.266113 0.843750 0.269287 0.843750 0.269287 0.837394 0.272461 0.837924 0.272705 0.835275 0.275879 0.834746 0.277832 0.831568 0.291504 0.828919 0.301270 0.831038 0.303467 0.835275 0.311279 0.834746 0.314209 0.838983 0.318359 0.835275 0.319092 0.838453 0.320557 0.838983 0.321533 0.835275 0.321045 0.832627 0.322266 0.822034 0.325684 0.814619 0.326172 0.810381 0.325439 0.806674 0.320068 0.806144 0.321289 0.801907 0.320068 0.805085 0.314941 0.804555 0.314697 0.802966 0.316162 0.801907 0.312744 0.801907 0.312256 0.804555 0.308594 0.802436 0.307617 0.804025 0.310059 0.814089 0.309326 0.816737 0.307861 0.814619 0.305176 0.802436 0.304688 0.804025 0.305664 0.806674 0.305664 0.812500 0.306641 0.814089 0.306396 0.820975 0.304199 0.812500 0.302246 0.813030 0.302490 0.816208 0.301270 0.816737 0.299805 0.813030 0.299805 0.810381 0.296631 0.805614 0.294922 0.811441 0.293213 0.811441 0.293945 0.812500 0.293457 0.813559 0.292480 0.811441 0.288086 0.809322 0.288330 0.807203 0.286621 0.801907 0.285889 0.804025 0.285156 0.802966 0.285156 0.804555 0.286133 0.803496 0.286377 0.806674 0.288574 0.809852 0.286865 0.809852 0.286377 0.813030 0.283936 0.816737 0.282471 0.813559 0.281250 0.804555 0.282227 0.798199 0.281250 0.797669 0.280762 0.799258 0.279297 0.797669 0.277832 0.801377 0.279297 0.809852 0.279297 0.824153 0.278564 0.825742 0.274414 0.825212 0.268555 0.827860 0.266846 0.833157 0.267090 0.829449 0.266113 0.830508 0.265869 0.832627 0.266602 0.833686 0.265869 0.835275
2 0.279053 0.794492 0.278809 0.794492 0.278564 0.793962 0.278564 0.792903 0.278320 0.792373 0.278320 0.792903 0.278076 0.793432 0.277832 0.793432 0.277588 0.792903 0.277100 0.792903 0.276611 0.791843 0.276611 0.791314 0.276367 0.790784 0.276367 0.790254 0.276367 0.790784 0.276123 0.791314 0.275879 0.791314 0.276367 0.792373 0.276367 0.792903 0.276123 0.793432 0.275391 0.793432 0.275146 0.793962 0.274902 0.793432 0.274658 0.793962 0.274414 0.793962 0.274170 0.794492 0.273438 0.794492 0.273438 0.796610 0.274414 0.796610 0.274902 0.797669 0.274902 0.799258 0.276123 0.799258 0.275635 0.798199 0.275879 0.797669 0.275879 0.797140 0.275879 0.797669 0.275635 0.798199 0.275391 0.797669 0.274902 0.797669 0.274658 0.797140 0.274902 0.796610 0.274902 0.796081 0.275391 0.795021 0.276855 0.795021 0.277100 0.795551 0.277588 0.794492 0.277832 0.794492 0.278076 0.793962 0.278320 0.794492 0.278320 0.795021 0.279053 0.795021
2 0.277344 0.788665 0.277588 0.788665 0.278320 0.787076 0.278564 0.787076 0.278564 0.786017 0.278809 0.785487 0.279053 0.786017 0.279053 0.786547 0.279053 0.786017 0.278809 0.785487 0.280518 0.781780 0.280762 0.781780 0.281006 0.782309 0.281006 0.782839 0.280762 0.783369 0.280762 0.784428 0.281006 0.784428 0.281250 0.784958 0.281250 0.788136 0.280273 0.790254 0.280029 0.789725 0.280273 0.790254 0.280029 0.790784 0.279785 0.790784 0.279785 0.791843 0.280029 0.792373 0.279785 0.792903 0.280029 0.792373 0.280273 0.792373 0.280518 0.792903 0.281006 0.791843 0.281250 0.791843 0.281494 0.791314 0.281738 0.791843 0.281982 0.791314 0.281982 0.790784 0.282715 0.789195 0.282471 0.789195 0.282227 0.788665 0.282227 0.788136 0.281738 0.788136 0.281250 0.787076 0.281494 0.786547 0.281738 0.786547 0.281738 0.786017 0.281982 0.785487 0.282959 0.785487 0.283203 0.786017 0.282959 0.786547 0.282715 0.786547 0.282959 0.786547 0.283203 0.787076 0.283936 0.786547 0.283936 0.786017 0.283203 0.784428 0.283203 0.783898 0.282959 0.783898 0.282715 0.783369 0.282471 0.783369 0.281982 0.784428 0.281738 0.784428 0.281494 0.783898 0.281494 0.782839 0.281738 0.782309 0.281738 0.781780 0.280273 0.781780 0.280273 0.782309 0.280029 0.782839 0.279785 0.782839 0.279541 0.782309 0.279297 0.782839 0.278809 0.782839 0.278564 0.782309 0.278809 0.781780 0.278320 0.781780 0.278320 0.783369 0.278564 0.783898 0.278320 0.784428 0.278076 0.786017 0.277832 0.786547 0.277588 0.786017 0.277344 0.786547 0.277588 0.786017 0.277832 0.786547 0.277832 0.787606 0.277588 0.788136 0.277344 0.788136
2 0.277344 0.780191 0.277100 0.780720 0.276611 0.780720 0.276367 0.781250 0.276123 0.780720 0.276123 0.779131 0.275635 0.779131 0.275391 0.779661 0.275391 0.780191 0.274414 0.782309 0.274170 0.782309 0.273926 0.782839 0.273682 0.782839 0.273438 0.783369 0.273193 0.783369 0.272949 0.783898 0.272705 0.783898 0.272461 0.784428 0.272217 0.784428 0.271973 0.784958 0.271484 0.784958 0.271484 0.785487 0.271240 0.786017 0.270996 0.786017 0.270996 0.787076 0.270752 0.787606 0.270508 0.787076 0.270264 0.787076 0.270020 0.787606 0.270020 0.788665 0.270508 0.789725 0.271484 0.789725 0.271729 0.789195 0.272217 0.789195 0.272705 0.788136 0.272949 0.788136 0.272949 0.787076 0.272705 0.787076 0.272461 0.786547 0.272705 0.786017 0.275391 0.786017 0.276123 0.784428 0.276367 0.784428 0.277100 0.782839 0.277344 0.782839 0.277100 0.782309 0.277344 0.781780
2 0.393555 0.784958 0.393555 0.787606 0.394531 0.788136 0.394531 0.789725 0.394043 0.790254 0.393555 0.789195 0.393555 0.790784 0.394043 0.791843 0.395752 0.791843 0.395996 0.792903 0.396729 0.792903 0.396973 0.793962 0.397705 0.793962 0.398438 0.795551 0.398193 0.796610 0.397461 0.796610 0.397461 0.800318 0.398193 0.799258 0.398682 0.801377 0.398438 0.800847 0.398682 0.798729 0.399170 0.798199 0.399170 0.796610 0.399902 0.796081 0.400391 0.797140 0.400391 0.800318 0.400879 0.800847 0.400391 0.804025 0.401367 0.805614 0.401611 0.808792 0.402100 0.808792 0.403809 0.804555 0.404297 0.805614 0.405762 0.806144 0.405029 0.808263 0.404297 0.808263 0.405273 0.809322 0.406006 0.808792 0.406250 0.806674 0.406982 0.806674 0.407227 0.804555 0.408936 0.804555 0.409180 0.806674 0.408691 0.807203 0.408691 0.809852 0.408203 0.810911 0.409912 0.810911 0.410156 0.814089 0.412598 0.814089 0.412842 0.813559 0.411865 0.813030 0.411865 0.810381 0.412598 0.808792 0.413818 0.808792 0.414307 0.810911 0.414307 0.809322 0.415039 0.807733 0.416016 0.807733 0.416260 0.796610 0.417725 0.795551 0.417725 0.793962 0.416992 0.793432 0.416748 0.791314 0.416260 0.790784 0.416260 0.788136 0.417236 0.786017 0.416504 0.786017 0.415771 0.783898 0.414062 0.783898 0.413818 0.784958 0.412598 0.784958 0.412598 0.786547 0.412109 0.787076 0.412598 0.788136 0.412354 0.790254 0.411621 0.790254 0.411377 0.791314 0.410156 0.791314 0.409668 0.790254 0.408447 0.792373 0.407715 0.792373 0.406982 0.790784 0.406982 0.789195 0.406006 0.787606 0.406006 0.783898 0.407471 0.783369 0.407959 0.782309 0.407959 0.779661 0.409912 0.779131 0.409912 0.777542 0.407471 0.778072 0.406982 0.779661 0.405518 0.780191 0.405273 0.779131 0.398682 0.779661 0.398438 0.782309 0.396484 0.786017 0.396484 0.787606 0.396973 0.788136 0.396729 0.789195 0.395996 0.789195 0.395264 0.787606 0.395264 0.783898 0.394043 0.783898
2 0.379150 0.776483 0.379150 0.779661 0.378906 0.780191 0.378906 0.781250 0.379150 0.781780 0.379150 0.782309 0.379639 0.782309 0.379883 0.782839 0.379883 0.783369 0.380127 0.783369 0.380371 0.783898 0.380371 0.784428 0.380615 0.784428 0.380859 0.784958 0.380859 0.787606 0.381104 0.787606 0.381592 0.788665 0.381348 0.789195 0.381836 0.790784 0.381592 0.791314 0.381104 0.791314 0.380859 0.791843 0.380859 0.793432 0.381348 0.793432 0.381836 0.795021 0.382080 0.795021 0.382080 0.794492 0.382324 0.793962 0.382568 0.794492 0.382568 0.795021 0.383301 0.796081 0.383789 0.795021 0.384033 0.795551 0.384033 0.796081 0.384033 0.795551 0.383789 0.795021 0.384033 0.794492 0.384033 0.793962 0.384766 0.792903 0.385010 0.792903 0.385254 0.793432 0.385254 0.793962 0.385986 0.793962 0.385986 0.793432 0.386230 0.792903 0.386475 0.792903 0.386475 0.791843 0.386230 0.791314 0.385742 0.791314 0.385742 0.792903 0.385498 0.793432 0.385254 0.793432 0.385010 0.792903 0.385010 0.792373 0.384766 0.792373 0.384521 0.792903 0.384033 0.792903 0.383789 0.792373 0.383789 0.791314 0.384033 0.790784 0.384277 0.790784 0.384033 0.790254 0.384033 0.788665 0.384277 0.788136 0.384033 0.788136 0.383789 0.787606 0.384033 0.787076 0.384033 0.784958 0.383789 0.784958 0.383545 0.784428 0.383545 0.783898 0.383057 0.783898 0.382812 0.783369 0.383301 0.782309 0.383301 0.781780 0.383057 0.781780 0.382568 0.780720 0.382568 0.779661 0.382324 0.779661 0.382080 0.779131 0.382080 0.778602 0.382568 0.777013 0.381836 0.775953 0.381104 0.775953 0.380859 0.775424 0.380615 0.775953 0.380127 0.775953 0.379883 0.776483
2 0.512451 0.768008 0.511719 0.768008 0.511719 0.772775 0.511475 0.773305 0.511230 0.773305 0.511230 0.773835 0.510986 0.774364 0.510254 0.774364 0.510254 0.775953 0.510986 0.775953 0.511230 0.776483 0.511230 0.777013 0.512207 0.777013 0.512939 0.775424 0.512939 0.771186 0.512695 0.771186 0.512451 0.770657
2 0.543945 0.766949 0.543945 0.769068 0.543701 0.769597 0.543701 0.770657 0.543945 0.770657 0.544189 0.771186 0.544189 0.772246 0.544434 0.772775 0.544189 0.773305 0.544434 0.773305 0.544678 0.773835 0.544678 0.774364 0.544922 0.774894 0.544922 0.776483 0.544678 0.777013 0.544922 0.777542 0.544922 0.778072 0.545166 0.778602 0.545166 0.779131 0.544922 0.779661 0.544922 0.781250 0.545166 0.781250 0.545410 0.780720 0.545654 0.781250 0.545654 0.781780 0.545898 0.782309 0.546143 0.782309 0.546387 0.782839 0.546387 0.783898 0.546143 0.784428 0.546143 0.784958 0.546387 0.785487 0.546387 0.787076 0.547119 0.787076 0.547363 0.786547 0.547363 0.785487 0.547119 0.784958 0.547119 0.783898 0.547363 0.783369 0.547607 0.783369 0.547607 0.781250 0.546875 0.779661 0.546875 0.778602 0.546631 0.778072 0.546387 0.778072 0.546143 0.778602 0.545898 0.778602 0.545654 0.778072 0.545654 0.777542 0.545166 0.776483 0.545410 0.775953 0.544922 0.774894 0.544922 0.773305 0.544678 0.772775 0.544678 0.770657 0.544922 0.770127 0.545166 0.770127 0.545410 0.770657 0.545166 0.771186 0.545410 0.771716 0.545898 0.771716 0.546143 0.772246 0.546143 0.771716 0.546631 0.770657 0.547119 0.770657 0.546387 0.769068 0.546631 0.769597 0.546387 0.770127 0.546143 0.770127 0.545898 0.769597 0.545898 0.770657 0.545654 0.771186 0.545410 0.770657 0.545410 0.770127 0.544922 0.770127 0.544678 0.769597 0.544678 0.768538 0.544189 0.767479 0.544189 0.766949
2 0.526367 0.769068 0.526855 0.770127 0.526611 0.769068 0.527100 0.768538 0.527832 0.770657 0.527344 0.771716 0.527588 0.772246 0.527344 0.772775 0.527344 0.778602 0.527588 0.779131 0.527344 0.779661 0.527344 0.781780 0.530273 0.785487 0.530273 0.786547 0.529541 0.788136 0.528809 0.788665 0.529297 0.790254 0.531006 0.790254 0.531494 0.790784 0.531982 0.789725 0.532227 0.790784 0.532959 0.790784 0.533203 0.790254 0.532471 0.789725 0.532715 0.788665 0.533447 0.788665 0.533691 0.789725 0.533936 0.788136 0.532227 0.788136 0.531982 0.787606 0.532715 0.785487 0.533691 0.785487 0.533203 0.784428 0.531982 0.784428 0.531250 0.783369 0.531250 0.782309 0.531738 0.781780 0.531494 0.780191 0.531982 0.779131 0.532959 0.779131 0.533203 0.780191 0.533691 0.780191 0.536377 0.777542 0.537354 0.779131 0.538818 0.780191 0.542725 0.780720 0.542480 0.779661 0.541748 0.779661 0.541260 0.778602 0.541260 0.776483 0.541504 0.775953 0.541992 0.777013 0.542236 0.776483 0.541748 0.775953 0.541748 0.773305 0.541504 0.773305 0.541260 0.775424 0.540771 0.774894 0.540283 0.770657 0.539795 0.771716 0.540039 0.773835 0.539062 0.774894 0.539062 0.775424 0.540039 0.774894 0.540283 0.775953 0.538818 0.777013 0.537354 0.775424 0.537598 0.774894 0.537354 0.774364 0.537354 0.772246 0.536865 0.771716 0.537354 0.769068 0.536865 0.770127 0.535645 0.770127 0.535156 0.771186 0.534912 0.769068 0.534424 0.769068 0.533936 0.768008 0.534912 0.767479 0.534912 0.766949 0.533936 0.766419 0.534180 0.765360 0.534912 0.765360 0.534912 0.764831 0.534180 0.764831 0.533936 0.765890 0.533203 0.765890 0.532959 0.766949 0.531982 0.765360 0.531738 0.766419 0.531006 0.766419 0.530273 0.764831 0.529541 0.765360 0.529297 0.764831 0.529297 0.762182 0.528809 0.761653 0.528320 0.762712 0.527832 0.769068 0.527588 0.769597 0.527100 0.768008
2 0.349609 0.755826 0.349365 0.756356 0.349609 0.756886 0.349121 0.757945 0.348877 0.757945 0.348877 0.758475 0.348633 0.759004 0.348877 0.759004 0.349121 0.759534 0.349121 0.760593 0.349609 0.761653 0.350342 0.761653 0.350586 0.761123 0.351074 0.761123 0.351562 0.762182 0.351562 0.763242 0.351807 0.763771 0.351807 0.764301 0.352295 0.763242 0.352539 0.763771 0.352539 0.764301 0.353027 0.763242 0.353027 0.761123 0.353760 0.759534 0.353760 0.759004 0.354004 0.758475 0.354004 0.757945 0.353271 0.757945 0.353027 0.758475 0.353271 0.759004 0.353027 0.759534 0.352783 0.759534 0.352539 0.759004 0.352295 0.759534 0.352295 0.760064 0.351562 0.761653 0.350830 0.760064 0.350830 0.759004 0.350586 0.758475 0.350830 0.757945 0.350342 0.756886 0.350342 0.755826 0.350098 0.755297 0.349854 0.755826
2 0.526123 0.754237 0.525391 0.754237 0.525879 0.755826 0.524658 0.757415 0.524902 0.759534 0.525879 0.760064 0.524902 0.760593 0.524902 0.762182 0.523438 0.763771 0.523193 0.768008 0.521484 0.766949 0.521484 0.769597 0.520996 0.770127 0.521484 0.773835 0.519775 0.777542 0.519287 0.777013 0.519287 0.773305 0.517334 0.772775 0.516846 0.770657 0.517334 0.768008 0.516846 0.766949 0.517578 0.765360 0.519287 0.765360 0.519287 0.761123 0.519775 0.762182 0.520752 0.761653 0.519775 0.759534 0.519287 0.760593 0.515625 0.760593 0.515625 0.765360 0.514160 0.765890 0.514160 0.773835 0.515381 0.773835 0.516113 0.775953 0.513672 0.778602 0.513672 0.782309 0.512939 0.783898 0.509766 0.784958 0.509033 0.787076 0.507324 0.787606 0.507324 0.782839 0.506348 0.782839 0.505859 0.785487 0.506836 0.789725 0.505859 0.791314 0.505859 0.792903 0.506836 0.794492 0.506836 0.796081 0.507812 0.796610 0.507324 0.801377 0.506592 0.802966 0.504883 0.802966 0.504883 0.801907 0.505615 0.801907 0.504639 0.801377 0.502441 0.801907 0.501465 0.804025 0.501465 0.805614 0.501953 0.806674 0.504639 0.806674 0.504883 0.805614 0.507568 0.805614 0.507812 0.802436 0.510986 0.802436 0.511475 0.793432 0.512939 0.792903 0.512939 0.790254 0.513672 0.787606 0.515137 0.788136 0.513672 0.795021 0.515381 0.796081 0.515625 0.799258 0.514160 0.799788 0.513428 0.805085 0.514404 0.806144 0.515869 0.804025 0.516357 0.798729 0.516846 0.798199 0.516846 0.794492 0.517578 0.792903 0.519287 0.792903 0.519531 0.795021 0.520264 0.795021 0.519775 0.793962 0.519775 0.789725 0.521729 0.785487 0.521729 0.783898 0.523193 0.782309 0.523682 0.784958 0.524170 0.784428 0.523926 0.781780 0.524658 0.782309 0.524170 0.781250 0.524170 0.774894 0.523438 0.771186 0.524170 0.770657 0.525391 0.765360 0.525879 0.767479 0.527344 0.765890 0.525635 0.765360 0.526123 0.757415 0.526611 0.756886 0.527100 0.757945 0.526123 0.755826
2 0.286377 0.760064 0.286377 0.760593 0.286133 0.761123 0.286377 0.761653 0.286377 0.762182 0.286621 0.762712 0.287842 0.762712 0.288086 0.763242 0.291016 0.763242 0.291260 0.763771 0.291504 0.763771 0.291748 0.764301 0.291748 0.765360 0.291992 0.765890 0.291992 0.766419 0.292969 0.768538 0.293457 0.768538 0.293701 0.768008 0.293945 0.768008 0.294678 0.766419 0.294434 0.765890 0.294434 0.764831 0.294189 0.764301 0.294189 0.763242 0.293457 0.761653 0.293457 0.761123 0.293213 0.760593 0.293213 0.760064 0.292480 0.758475 0.292480 0.757945 0.292236 0.757945 0.291992 0.757415 0.292236 0.756886 0.292236 0.756356 0.292480 0.755826 0.292480 0.755297 0.292236 0.754767 0.292480 0.754237 0.292236 0.754767 0.291992 0.754237 0.291748 0.754767 0.291504 0.754767 0.291016 0.755826 0.290527 0.755826 0.290283 0.756356 0.290039 0.756356 0.289795 0.756886 0.288574 0.756886 0.288330 0.757415 0.287842 0.757415 0.287598 0.757945 0.287354 0.757945 0.286865 0.759004 0.286865 0.759534 0.286621 0.760064
2 0.421143 0.746822 0.420898 0.746822 0.420410 0.747881 0.417969 0.747881 0.417969 0.749470 0.418457 0.749470 0.418701 0.750000 0.418457 0.750530 0.418457 0.751059 0.418213 0.751589 0.417969 0.751589 0.417969 0.752119 0.417480 0.753178 0.417969 0.754237 0.417969 0.755826 0.418213 0.755826 0.418213 0.755297 0.418457 0.754767 0.419189 0.754767 0.419678 0.753708 0.420166 0.753708 0.420166 0.751589 0.420654 0.750530 0.420654 0.750000 0.421143 0.748941 0.421143 0.748411 0.421387 0.747881 0.421143 0.747352
2 0.536133 0.744703 0.535645 0.745763 0.535645 0.748411 0.535889 0.748941 0.535889 0.750000 0.535645 0.750530 0.535645 0.752119 0.535889 0.752648 0.535889 0.753178 0.535645 0.753708 0.535889 0.753708 0.536133 0.754237 0.536133 0.754767 0.536377 0.755297 0.536377 0.755826 0.536621 0.756356 0.536621 0.756886 0.536865 0.757415 0.536865 0.757945 0.537109 0.758475 0.537109 0.759004 0.537354 0.759004 0.537598 0.759534 0.537598 0.760064 0.538086 0.760064 0.538330 0.759534 0.538818 0.759534 0.539062 0.759004 0.539062 0.758475 0.539307 0.757945 0.540771 0.757945 0.541504 0.759534 0.541504 0.760064 0.541748 0.760064 0.541748 0.759534 0.541992 0.759004 0.542236 0.759004 0.542480 0.759534 0.542480 0.761123 0.542480 0.759534 0.542236 0.759004 0.542236 0.758475 0.541992 0.758475 0.541748 0.759004 0.541504 0.758475 0.541504 0.757945 0.541748 0.757415 0.541260 0.756356 0.540771 0.756356 0.540527 0.755826 0.540771 0.755297 0.540771 0.754237 0.538574 0.749470 0.538574 0.748941 0.538086 0.747881 0.537842 0.747881 0.537598 0.747352 0.537354 0.747881 0.536865 0.746822 0.536865 0.746292 0.536621 0.745763 0.536621 0.745233 0.536377 0.744703
2 0.549072 0.738877 0.548828 0.741525 0.548584 0.742055 0.548828 0.743114 0.548828 0.746292 0.548340 0.746822 0.548340 0.747881 0.547852 0.748941 0.547607 0.748411 0.547363 0.748941 0.547119 0.748411 0.547119 0.747881 0.547607 0.747352 0.546875 0.747352 0.547119 0.747881 0.547119 0.750000 0.547363 0.750000 0.547119 0.749470 0.547363 0.748941 0.548096 0.749470 0.548828 0.752119 0.549316 0.751059 0.550537 0.754237 0.549805 0.755826 0.550049 0.756356 0.549805 0.757415 0.550049 0.756886 0.550293 0.757415 0.550293 0.759004 0.549805 0.759534 0.549561 0.760593 0.549316 0.760064 0.549072 0.760593 0.548340 0.760593 0.548096 0.760064 0.548096 0.759004 0.548828 0.757945 0.548340 0.757945 0.548096 0.758475 0.547852 0.757945 0.547607 0.759534 0.546875 0.760593 0.546387 0.760593 0.546387 0.761123 0.546875 0.761653 0.546875 0.762712 0.546631 0.763242 0.546875 0.765360 0.547119 0.765360 0.547607 0.763771 0.548096 0.763771 0.548340 0.764301 0.548096 0.765360 0.548828 0.767479 0.548340 0.768008 0.548096 0.769068 0.547363 0.768008 0.548096 0.770127 0.547852 0.770657 0.547852 0.771716 0.548584 0.773305 0.548340 0.773835 0.548828 0.773305 0.549316 0.774894 0.548828 0.775424 0.548828 0.776483 0.549072 0.777013 0.548828 0.777542 0.549072 0.778602 0.548584 0.780191 0.548340 0.779661 0.548340 0.780191 0.548584 0.780191 0.548828 0.781250 0.550049 0.781250 0.550537 0.782839 0.550293 0.782309 0.550293 0.781250 0.549316 0.779661 0.549316 0.778072 0.549805 0.775424 0.549805 0.773305 0.551025 0.768538 0.552002 0.766419 0.553223 0.765360 0.552246 0.762712 0.552246 0.761123 0.551758 0.761123 0.551025 0.759534 0.552002 0.758475 0.552734 0.759534 0.553223 0.758475 0.552490 0.757945 0.551270 0.755297 0.551270 0.752648 0.551514 0.751589 0.550293 0.748941 0.549072 0.745233
2 0.351074 0.738877 0.350586 0.738877 0.350342 0.739407 0.349854 0.739407 0.349609 0.739936 0.349365 0.739936 0.349365 0.742585 0.349609 0.743114 0.349609 0.743644 0.349854 0.744174 0.349854 0.744703 0.350098 0.745233 0.350098 0.746292 0.350342 0.746292 0.350830 0.745233 0.351074 0.745233 0.351318 0.744703 0.351562 0.744703 0.351807 0.744174 0.352051 0.744174 0.352295 0.743644 0.352295 0.743114 0.352539 0.742585 0.352295 0.742055 0.352295 0.741525 0.351562 0.739936 0.351318 0.739936 0.351074 0.739407
2 0.288574 0.745763 0.289795 0.745233 0.290039 0.746822 0.291748 0.748411 0.291260 0.748941 0.292725 0.749470 0.294189 0.752648 0.295410 0.757415 0.295410 0.762182 0.294922 0.763242 0.295654 0.764301 0.295898 0.765890 0.295410 0.765890 0.296387 0.767479 0.296387 0.769597 0.297363 0.770127 0.298096 0.769068 0.298340 0.770127 0.298584 0.769068 0.298828 0.770127 0.301514 0.766419 0.302734 0.768008 0.302979 0.766949 0.303955 0.766949 0.306641 0.770657 0.310303 0.771186 0.310547 0.772246 0.310791 0.771186 0.311768 0.771716 0.312012 0.769068 0.311035 0.769068 0.310547 0.770657 0.309570 0.769068 0.310547 0.767479 0.309814 0.768008 0.308350 0.766419 0.309326 0.762182 0.311768 0.756886 0.311279 0.756356 0.313232 0.755826 0.313965 0.753178 0.315186 0.752119 0.314941 0.751059 0.316650 0.749470 0.316895 0.751589 0.318604 0.750530 0.318848 0.752119 0.317627 0.753708 0.319092 0.752648 0.319336 0.753708 0.320068 0.752119 0.320801 0.753708 0.330566 0.753178 0.330566 0.747352 0.330078 0.746292 0.330811 0.744174 0.331543 0.745233 0.332031 0.744174 0.328125 0.742585 0.326172 0.744703 0.326416 0.742055 0.323730 0.743644 0.322266 0.742585 0.320557 0.744703 0.318115 0.744174 0.315918 0.746292 0.314941 0.742585 0.315186 0.743644 0.313477 0.745763 0.312500 0.743114 0.310791 0.742055 0.310547 0.738877 0.308105 0.743644 0.307129 0.742585 0.307129 0.744174 0.305176 0.748411 0.302734 0.751059 0.301758 0.749470 0.303955 0.744174 0.303467 0.742585 0.302246 0.742585 0.302734 0.744174 0.302002 0.745763 0.296631 0.745233 0.296387 0.743644 0.295654 0.744703 0.294922 0.743644 0.294922 0.740996 0.294189 0.740466 0.293701 0.736229 0.293213 0.736229 0.293457 0.745233 0.292725 0.746822 0.291992 0.745233 0.291260 0.745763 0.290771 0.744174 0.290039 0.744703 0.289551 0.743644
2 0.541504 0.731462 0.541260 0.731992 0.541260 0.733051 0.541504 0.733581 0.541260 0.734110 0.541016 0.734110 0.541016 0.736229 0.540771 0.736758 0.540771 0.737288 0.540527 0.737818 0.540527 0.740996 0.541992 0.744174 0.541992 0.744703 0.542480 0.745763 0.542480 0.747352 0.542725 0.746822 0.542969 0.746822 0.543457 0.747881 0.543701 0.747881 0.543945 0.748411 0.543213 0.750000 0.542969 0.750000 0.542969 0.751589 0.543701 0.751589 0.543945 0.752119 0.544434 0.752119 0.544189 0.751589 0.544189 0.751059 0.544434 0.750530 0.544678 0.751059 0.544922 0.751059 0.544922 0.750530 0.544678 0.750000 0.544678 0.749470 0.544434 0.748941 0.544434 0.747881 0.544189 0.747352 0.544189 0.745763 0.543945 0.745233 0.543945 0.744703 0.543457 0.743644 0.543457 0.742055 0.542969 0.740996 0.542969 0.739936 0.542725 0.739407 0.542725 0.738877 0.542480 0.738347 0.542480 0.736758 0.542236 0.736229 0.542236 0.735169 0.541992 0.734640 0.541992 0.733581 0.541748 0.733051 0.541748 0.732521 0.541504 0.731992
2 0.408447 0.722458 0.408203 0.722987 0.408203 0.723517 0.407715 0.724576 0.407471 0.724047 0.407471 0.722458 0.407227 0.722458 0.406982 0.721928 0.406982 0.720339 0.406738 0.720339 0.406494 0.720869 0.406494 0.721928 0.406006 0.722987 0.406006 0.723517 0.405762 0.724047 0.405518 0.724047 0.405518 0.724576 0.405273 0.725106 0.405273 0.725636 0.405029 0.726165 0.405029 0.726695 0.404785 0.727225 0.404785 0.728284 0.404541 0.728814 0.404297 0.728814 0.404541 0.728814 0.404785 0.728284 0.405029 0.728284 0.405273 0.727754 0.405762 0.727754 0.406006 0.727225 0.406250 0.727225 0.406494 0.726695 0.406982 0.726695 0.407227 0.726165 0.407471 0.726165 0.407959 0.725106 0.407959 0.724576 0.408447 0.723517
2 0.544189 0.718750 0.544189 0.719280 0.544434 0.719809 0.544434 0.720869 0.544922 0.721928 0.544922 0.722458 0.545166 0.722987 0.544922 0.723517 0.545410 0.724576 0.545410 0.725636 0.545654 0.726165 0.545654 0.726695 0.546387 0.728284 0.546387 0.728814 0.546631 0.728814 0.546875 0.729343 0.546875 0.730932 0.546875 0.729343 0.546631 0.728814 0.546631 0.728284 0.546875 0.727754 0.546875 0.727225 0.546631 0.726695 0.546631 0.726165 0.546387 0.725636 0.546631 0.725106 0.546387 0.724576 0.546387 0.724047 0.546143 0.723517 0.546143 0.721928 0.545898 0.721398 0.545898 0.720869 0.545654 0.720339 0.545654 0.719809 0.544922 0.718220 0.544678 0.718750
2 0.314453 0.715042 0.313965 0.716102 0.313965 0.720869 0.313721 0.721398 0.313965 0.721398 0.313965 0.720869 0.314209 0.720339 0.314453 0.720869 0.314453 0.721398 0.314453 0.720869 0.314697 0.720339 0.314941 0.720869 0.315186 0.720869 0.315430 0.720339 0.315674 0.720869 0.315674 0.721398 0.315430 0.721928 0.315674 0.721928 0.315918 0.722458 0.315918 0.722987 0.315674 0.723517 0.315430 0.723517 0.315674 0.723517 0.315918 0.724047 0.316162 0.724047 0.316406 0.724576 0.316406 0.725636 0.316162 0.726165 0.315918 0.725636 0.315918 0.726165 0.315674 0.726695 0.315430 0.726695 0.315430 0.727225 0.315186 0.727754 0.314941 0.727754 0.314941 0.728284 0.315430 0.728284 0.315674 0.727754 0.315918 0.727754 0.316162 0.728284 0.316406 0.728284 0.316650 0.727754 0.316895 0.728284 0.317139 0.728284 0.317383 0.727754 0.317871 0.727754 0.317627 0.727225 0.317627 0.726695 0.318359 0.725106 0.318115 0.725636 0.317871 0.725106 0.317627 0.725106 0.317383 0.724576 0.316650 0.724576 0.315918 0.722987 0.315918 0.715572 0.315918 0.719280 0.315674 0.719809 0.315430 0.719280 0.315430 0.715572 0.315186 0.715572 0.314941 0.715042 0.314941 0.714513 0.314697 0.715042
2 0.936523 0.701271 0.935547 0.706038 0.941406 0.733581 0.945801 0.764831 0.948975 0.774364 0.952881 0.800318 0.969238 0.865466 0.974121 0.897246 0.979004 0.917373 0.980469 0.932733 0.984375 0.947034 0.983398 0.950742 0.985352 0.962394 0.987305 0.964513 0.989502 0.979873 0.988770 0.985169 0.989746 0.994703 0.993164 0.999470 0.999756 0.999470 0.999756 0.957627 0.997803 0.956038 0.985840 0.890360 0.984863 0.886123 0.984131 0.887182 0.983887 0.877119 0.981201 0.872881 0.982178 0.872352 0.981201 0.865996 0.971436 0.835275 0.972412 0.833686 0.970947 0.830508 0.973389 0.828390 0.971924 0.820445 0.968750 0.811441 0.964844 0.808792 0.964355 0.800318 0.962891 0.799788 0.961914 0.794492 0.963379 0.791314 0.960938 0.789195 0.959473 0.782309 0.959717 0.776483 0.955811 0.758475 0.953613 0.756886 0.950928 0.746822 0.950439 0.737288 0.947266 0.728814 0.950439 0.725636 0.947754 0.727754 0.948486 0.722987 0.950195 0.722987 0.944092 0.707627 0.942627 0.709746 0.939941 0.706038 0.941650 0.703390
2 0.417480 0.699682 0.417480 0.700742 0.417236 0.701271 0.416748 0.701271 0.416748 0.703390 0.416992 0.703919 0.416748 0.704449 0.416748 0.705508 0.417480 0.705508 0.417725 0.704979 0.417969 0.704979 0.418213 0.704449 0.418457 0.704449 0.418701 0.703919 0.419189 0.704979 0.419434 0.704449 0.419434 0.703919 0.419678 0.703390 0.419434 0.702860 0.419434 0.700742 0.418701 0.700742 0.418457 0.701271 0.417969 0.701271 0.417725 0.700742 0.417725 0.700212 0.417969 0.699682
2 0.333496 0.685381 0.333496 0.685911 0.333252 0.686441 0.332520 0.686441 0.332520 0.688030 0.332275 0.688559 0.332031 0.688559 0.332031 0.690148 0.331787 0.690678 0.331543 0.690678 0.331543 0.694386 0.331299 0.694915 0.330811 0.694915 0.330566 0.695445 0.330811 0.695445 0.331055 0.695975 0.331055 0.696504 0.331787 0.696504 0.332031 0.697034 0.332031 0.699682 0.333252 0.699682 0.333496 0.700212 0.333496 0.700742 0.334229 0.700742 0.334473 0.701271 0.334473 0.704979 0.334717 0.704979 0.334961 0.705508 0.334961 0.709216 0.335205 0.709216 0.335449 0.709746 0.335449 0.711335 0.336182 0.711335 0.336182 0.710805 0.336426 0.710275 0.336670 0.710275 0.336670 0.708686 0.336914 0.708157 0.337158 0.708157 0.337158 0.706568 0.336914 0.706568 0.336670 0.706038 0.336670 0.704449 0.336426 0.704449 0.336182 0.703919 0.336670 0.702860 0.336670 0.700212 0.336914 0.699682 0.337158 0.699682 0.337158 0.697034 0.337402 0.696504 0.337646 0.696504 0.337646 0.694915 0.337402 0.694915 0.337158 0.694386 0.337158 0.693856 0.336914 0.693856 0.336670 0.693326 0.336670 0.692797 0.336426 0.692797 0.336182 0.692267 0.336182 0.691737 0.335938 0.691737 0.335938 0.694386 0.335693 0.694915 0.335449 0.694915 0.335205 0.694386 0.335205 0.691737 0.334961 0.691737 0.334717 0.691208 0.334717 0.688559 0.334473 0.688559 0.334229 0.688030 0.334229 0.686441 0.333984 0.686441 0.333740 0.685911 0.333740 0.685381
2 0.372803 0.679555 0.372559 0.679555 0.372314 0.679025 0.372070 0.679025 0.371826 0.678496 0.371094 0.678496 0.371094 0.679025 0.370605 0.680085 0.370117 0.680085 0.369629 0.681144 0.369385 0.681144 0.369385 0.682203 0.369141 0.682733 0.369141 0.683263 0.368652 0.684322 0.368652 0.684852 0.368408 0.685381 0.368408 0.685911 0.367188 0.688559 0.366943 0.688559 0.366699 0.689089 0.366699 0.689619 0.366943 0.690148 0.367188 0.690148 0.367432 0.690678 0.367676 0.690148 0.367920 0.690678 0.368164 0.690678 0.368408 0.691208 0.368652 0.691208 0.368896 0.690678 0.369141 0.690678 0.369141 0.689619 0.368896 0.689619 0.368652 0.690148 0.367920 0.690148 0.367676 0.689619 0.367676 0.689089 0.368408 0.687500 0.368164 0.686970 0.368408 0.686441 0.368652 0.686441 0.368896 0.685911 0.369141 0.685911 0.369141 0.685381 0.369385 0.684852 0.370605 0.684852 0.370361 0.684852 0.370117 0.684322 0.370361 0.683792 0.370850 0.683792 0.371094 0.684322 0.371094 0.685381 0.370605 0.686441 0.369629 0.686441 0.369629 0.686970 0.369873 0.686970 0.370117 0.687500 0.370117 0.688559 0.370361 0.688559 0.371094 0.686970 0.371094 0.686441 0.371338 0.685911 0.371582 0.685911 0.371582 0.684322 0.371826 0.683792 0.372070 0.683792 0.372314 0.683263 0.372314 0.682733 0.372070 0.682733 0.371826 0.682203 0.371826 0.681674
2 0.364502 0.673199 0.364502 0.673729 0.364990 0.674788 0.364990 0.675318 0.365234 0.675847 0.365234 0.676377 0.366943 0.676377 0.367188 0.675847 0.369629 0.675847 0.369873 0.675318 0.371338 0.675318 0.371582 0.675847 0.371338 0.675318 0.372070 0.673729 0.371826 0.673199 0.370605 0.673199 0.370361 0.673729 0.370117 0.673199 0.369873 0.673199 0.369629 0.673729 0.367676 0.673729 0.367432 0.673199 0.367188 0.673199 0.366943 0.673729 0.365723 0.673729 0.365479 0.673199
2 0.420898 0.670551 0.421387 0.672140 0.421143 0.674788 0.421631 0.675318 0.422119 0.673729 0.422607 0.675847 0.421875 0.679555 0.420898 0.676907 0.420410 0.677436 0.421875 0.681144 0.424072 0.681144 0.424316 0.682203 0.424561 0.681144 0.425049 0.682733 0.425781 0.681144 0.426025 0.682203 0.426758 0.681674 0.427002 0.684322 0.426270 0.684322 0.427490 0.685381 0.427246 0.687500 0.427979 0.687500 0.428223 0.685911 0.429199 0.685381 0.429688 0.683792 0.431885 0.683792 0.433105 0.686441 0.432617 0.688030 0.434082 0.691737 0.434082 0.693856 0.433594 0.694386 0.433105 0.691737 0.432373 0.692797 0.430908 0.691208 0.428711 0.691208 0.428711 0.692267 0.429688 0.692797 0.429932 0.694386 0.429199 0.694915 0.430176 0.695975 0.429932 0.698093 0.427979 0.694915 0.428467 0.694386 0.427979 0.692797 0.427246 0.693856 0.427490 0.695445 0.426514 0.697034 0.425537 0.697034 0.425293 0.695975 0.424316 0.697564 0.425293 0.698093 0.425293 0.700742 0.426514 0.701801 0.426514 0.702860 0.425781 0.703390 0.425781 0.704979 0.427979 0.704979 0.428223 0.702331 0.428955 0.704449 0.429688 0.702331 0.429688 0.704449 0.432129 0.708686 0.432373 0.708157 0.431396 0.707097 0.431885 0.706038 0.431152 0.702331 0.432129 0.701271 0.432373 0.699682 0.432617 0.700742 0.434082 0.698623 0.435303 0.699682 0.434570 0.698623 0.435791 0.694915 0.436035 0.695975 0.437256 0.695975 0.437744 0.699153 0.438232 0.698093 0.437500 0.697564 0.437988 0.697034 0.437500 0.695975 0.437500 0.692267 0.435791 0.689619 0.435791 0.688030 0.437500 0.686970 0.437500 0.685381 0.437988 0.686441 0.440430 0.686441 0.441650 0.684322 0.438232 0.684322 0.437012 0.685911 0.436523 0.685381 0.436768 0.684852 0.435303 0.685381 0.433838 0.684322 0.433838 0.685911 0.433350 0.684322 0.429443 0.682203 0.428955 0.679025 0.429688 0.677966 0.431885 0.677966 0.434814 0.674788 0.432129 0.673199 0.431396 0.671610 0.427734 0.672140 0.427490 0.673199 0.426270 0.671081 0.425781 0.671610 0.425781 0.673199 0.426270 0.673729 0.425781 0.675318 0.424316 0.671610 0.424316 0.673199 0.425049 0.673729 0.425293 0.675318 0.424561 0.677966 0.423828 0.677966 0.422607 0.674788 0.422607 0.672140 0.421875 0.670551
2 0.552734 0.664195 0.552734 0.664725 0.553467 0.665784 0.553223 0.666843 0.554443 0.666843 0.554688 0.667373 0.554688 0.668962 0.554443 0.669492 0.553467 0.669492 0.552734 0.668432 0.552734 0.668962 0.552002 0.670021 0.551514 0.668962 0.551270 0.668962 0.550293 0.671610 0.550293 0.672140 0.549805 0.672669 0.549805 0.673199 0.549316 0.673729 0.549316 0.674258 0.548828 0.674788 0.548828 0.675318 0.548340 0.675847 0.548340 0.676377 0.547852 0.676907 0.547852 0.677436 0.548584 0.677436 0.548584 0.675847 0.549316 0.674258 0.549561 0.674258 0.549805 0.673199 0.550293 0.673199 0.550537 0.673729 0.550537 0.675847 0.550537 0.673729 0.550781 0.673199 0.551270 0.673729 0.551270 0.675318 0.551025 0.675847 0.551270 0.676377 0.551025 0.682203 0.551270 0.682733 0.551270 0.683792 0.551514 0.684852 0.550781 0.686970 0.550781 0.687500 0.552490 0.689619 0.552979 0.689089 0.553223 0.690148 0.553467 0.690148 0.553467 0.688030 0.553711 0.687500 0.553467 0.686441 0.553467 0.683263 0.553223 0.683263 0.552979 0.682203 0.552490 0.682203 0.552246 0.682733 0.552002 0.682203 0.552002 0.680614 0.551514 0.678496 0.551514 0.677436 0.551758 0.676907 0.551514 0.675847 0.551758 0.675318 0.552246 0.676377 0.552734 0.675847 0.552246 0.675318 0.552246 0.674258 0.552734 0.673199 0.553223 0.674258 0.553467 0.674258 0.553955 0.675847 0.554199 0.675847 0.554199 0.675318 0.554688 0.674258 0.555176 0.675318 0.555420 0.674258 0.555908 0.675318 0.556152 0.675318 0.556152 0.673729 0.555908 0.672669 0.555664 0.672669 0.555420 0.671610 0.555176 0.671610 0.554688 0.670551 0.554688 0.669492 0.554932 0.668962 0.555420 0.668962 0.555420 0.667903 0.555664 0.667373 0.555176 0.667373 0.554932 0.666314 0.554443 0.665784 0.554443 0.665254 0.553711 0.665254 0.553467 0.664195 0.552979 0.664725
2 0.359375 0.668962 0.361084 0.668962 0.361328 0.669492 0.361328 0.670021 0.362061 0.670021 0.362061 0.669492 0.362305 0.668962 0.363037 0.668962 0.363281 0.669492 0.363281 0.671081 0.364014 0.671081 0.364258 0.671610 0.364258 0.672140 0.364502 0.672140 0.364502 0.671610 0.364746 0.671081 0.364990 0.671081 0.364990 0.670551 0.365234 0.670021 0.365479 0.670021 0.365479 0.668432 0.365723 0.667903 0.365967 0.667903 0.365967 0.667373 0.366211 0.666843 0.366699 0.666843 0.366699 0.666314 0.366211 0.665254 0.365723 0.665254 0.365723 0.666843 0.365479 0.667373 0.365234 0.667373 0.364990 0.666843 0.364990 0.666314 0.364746 0.665784 0.364258 0.665784 0.364258 0.666843 0.364014 0.667373 0.363770 0.667373 0.363525 0.666843 0.363525 0.666314 0.363281 0.666314 0.363037 0.665784 0.363037 0.665254 0.363281 0.664725 0.363037 0.664725 0.362793 0.664195 0.362549 0.664725 0.362305 0.664195 0.361816 0.664195 0.360840 0.662076 0.360840 0.663665 0.361084 0.663665 0.361328 0.664195 0.361328 0.665784 0.361084 0.666314 0.359375 0.666314
2 0.543457 0.659958 0.543457 0.660487 0.543213 0.661017 0.542725 0.661017 0.542725 0.661547 0.542480 0.662076 0.542480 0.662606 0.542236 0.663136 0.542236 0.664725 0.542480 0.665254 0.542480 0.666314 0.543213 0.666314 0.543457 0.666843 0.543213 0.667373 0.543945 0.665784 0.543945 0.665254 0.544189 0.664725 0.544434 0.665254 0.544434 0.665784 0.544678 0.666314 0.544189 0.667373 0.543945 0.667373 0.543945 0.667903 0.543701 0.668432 0.542969 0.668432 0.543457 0.668432 0.543701 0.668962 0.543457 0.669492 0.543457 0.670021 0.543945 0.668962 0.543701 0.668432 0.544189 0.667373 0.544434 0.667903 0.544678 0.667903 0.544678 0.665784 0.544922 0.665254 0.545166 0.665784 0.545166 0.666843 0.545410 0.666843 0.545654 0.666314 0.545898 0.666843 0.546143 0.666314 0.546387 0.666843 0.546631 0.666314 0.546631 0.665784 0.547119 0.664725 0.546875 0.664725 0.546631 0.664195 0.546387 0.664195 0.546143 0.664725 0.545898 0.664725 0.545654 0.664195 0.545654 0.663665 0.545410 0.663136 0.545410 0.662606 0.544678 0.661017 0.544434 0.661547 0.544434 0.662076 0.543457 0.664195 0.543213 0.664195 0.542969 0.663665 0.543457 0.662606 0.543213 0.662076 0.543213 0.661017 0.543457 0.660487 0.543701 0.660487
2 0.562012 0.656780 0.561523 0.656780 0.561279 0.657309 0.561279 0.658898 0.561523 0.659428 0.561523 0.660487 0.561768 0.660487 0.562012 0.661017 0.562012 0.662076 0.562256 0.662606 0.562012 0.663136 0.561523 0.663136 0.561523 0.663665 0.561279 0.664195 0.561035 0.663665 0.561035 0.663136 0.560547 0.663136 0.560059 0.664195 0.559814 0.664195 0.559326 0.663136 0.558838 0.663136 0.558350 0.662076 0.558350 0.661547 0.557617 0.661017 0.557617 0.661547 0.557861 0.661547 0.558105 0.662076 0.558105 0.662606 0.558350 0.662606 0.558594 0.663136 0.558594 0.664195 0.558350 0.664725 0.557617 0.663136 0.557129 0.663136 0.556885 0.663665 0.556641 0.663665 0.556152 0.664725 0.555908 0.664725 0.555908 0.665254 0.556152 0.665254 0.556396 0.664725 0.556641 0.665254 0.556641 0.666314 0.557617 0.668432 0.557617 0.671081 0.560059 0.676377 0.560303 0.677966 0.560547 0.677436 0.561035 0.678496 0.561035 0.679025 0.560791 0.679555 0.560547 0.679025 0.561035 0.680085 0.560791 0.680614 0.560547 0.680614 0.560791 0.680614 0.561035 0.680085 0.561279 0.680614 0.561035 0.680085 0.561279 0.679555 0.561523 0.679555 0.561768 0.680085 0.562012 0.679555 0.562256 0.680085 0.562256 0.679555 0.562744 0.678496 0.562744 0.675318 0.563232 0.674258 0.563965 0.673729 0.564697 0.672140 0.564697 0.668432 0.564453 0.667903 0.564453 0.664195 0.564209 0.663665 0.564209 0.663136 0.563965 0.663136 0.563965 0.663665 0.564209 0.664195 0.563965 0.664725 0.563721 0.664725 0.563477 0.664195 0.563477 0.663665 0.562256 0.661017 0.562744 0.659958 0.562988 0.659958 0.562744 0.659428 0.563232 0.658369 0.563232 0.657839 0.562500 0.657839
2 0.332275 0.655720 0.332031 0.655720 0.331543 0.656780 0.331299 0.656250 0.331299 0.655720 0.330811 0.654661 0.330078 0.654661 0.330078 0.657309 0.330322 0.657309 0.330566 0.657839 0.330566 0.658369 0.330322 0.658898 0.330078 0.658898 0.330566 0.659958 0.330566 0.660487 0.330322 0.661017 0.330078 0.661017 0.330078 0.661547 0.330322 0.662076 0.330078 0.662606 0.330078 0.663665 0.329590 0.664725 0.329590 0.665254 0.329102 0.666314 0.328613 0.666314 0.328369 0.665784 0.328369 0.665254 0.328613 0.664725 0.328857 0.664725 0.328857 0.664195 0.328613 0.664195 0.328613 0.664725 0.328125 0.665784 0.328125 0.666314 0.328369 0.666843 0.328857 0.666843 0.329102 0.667373 0.329102 0.667903 0.329346 0.667903 0.329346 0.667373 0.329590 0.666843 0.329834 0.666843 0.330078 0.666314 0.330078 0.665784 0.330322 0.665254 0.330566 0.665254 0.330566 0.664725 0.330811 0.664195 0.331055 0.664195 0.331055 0.663665 0.331299 0.663136 0.331543 0.663136 0.331543 0.662076 0.331787 0.661547 0.331299 0.660487 0.331543 0.659958 0.331543 0.659428 0.331787 0.658898 0.332031 0.658898 0.331787 0.658898 0.331543 0.658369 0.331787 0.657839 0.332031 0.657839 0.332275 0.657309 0.332520 0.657839 0.332520 0.656780 0.332275 0.656250
2 0.325195 0.654661 0.324951 0.654131 0.324219 0.654131 0.323975 0.654661 0.323730 0.654661 0.323486 0.654131 0.323242 0.654661 0.322998 0.654661 0.322754 0.655191 0.322510 0.654661 0.322266 0.655191 0.322266 0.655720 0.322021 0.656250 0.320801 0.656250 0.320557 0.656780 0.320068 0.656780 0.319824 0.657309 0.320312 0.658369 0.321289 0.658369 0.321533 0.658898 0.322021 0.658898 0.322266 0.659428 0.322266 0.659958 0.322266 0.659428 0.322510 0.658898 0.322754 0.658898 0.322998 0.658369 0.323486 0.658369 0.323730 0.657839 0.323730 0.657309 0.323975 0.656780 0.324219 0.657309 0.324219 0.657839 0.324463 0.657839 0.324951 0.656780 0.324707 0.656250 0.324951 0.655720 0.324951 0.655191
2 0.369629 0.660487 0.369385 0.659958 0.369385 0.656780 0.369141 0.656780 0.368896 0.656250 0.368896 0.655720 0.368652 0.655720 0.368408 0.655191 0.368408 0.654661 0.368164 0.654661 0.368164 0.655191 0.367920 0.655720 0.367676 0.655720 0.367676 0.656250 0.367432 0.656780 0.367188 0.656780 0.366943 0.656250 0.366943 0.655191 0.367432 0.654131 0.367432 0.653602 0.366943 0.653602 0.366943 0.654131 0.366455 0.655191 0.366455 0.655720 0.365967 0.656780 0.365723 0.656780 0.365723 0.657309 0.365479 0.657839 0.364990 0.657839 0.364746 0.657309 0.364746 0.658369 0.364502 0.658898 0.364258 0.658898 0.364014 0.658369 0.364014 0.657839 0.363770 0.657839 0.363281 0.658898 0.363281 0.659958 0.363525 0.660487 0.363770 0.660487 0.364014 0.659958 0.364258 0.660487 0.366211 0.660487 0.366455 0.659958 0.366943 0.659958 0.367188 0.659428 0.367432 0.659428 0.367676 0.659958 0.367676 0.660487 0.367432 0.661017 0.367188 0.661017 0.367188 0.662076 0.367676 0.662076 0.367920 0.662606 0.367920 0.662076 0.368164 0.661547 0.368408 0.661547 0.368652 0.661017 0.368896 0.661017 0.369141 0.660487
2 0.366943 0.663136 0.367920 0.664195 0.369385 0.664195 0.369873 0.663665 0.370117 0.664195 0.369873 0.664725 0.370850 0.665254 0.371094 0.665784 0.371094 0.666843 0.371582 0.666843 0.371582 0.666314 0.371338 0.666843 0.371094 0.666314 0.371338 0.665254 0.372314 0.665254 0.372559 0.665784 0.372070 0.664725 0.372314 0.664195 0.372803 0.664195 0.373535 0.665254 0.373779 0.664725 0.374023 0.665254 0.374023 0.666314 0.374512 0.667373 0.374023 0.667903 0.374268 0.667903 0.374512 0.668962 0.374512 0.668432 0.375000 0.667903 0.375000 0.667373 0.374756 0.667903 0.374512 0.666843 0.375000 0.666314 0.375244 0.665254 0.375488 0.666314 0.376221 0.666314 0.377197 0.665254 0.376953 0.663136 0.376465 0.661547 0.376465 0.663136 0.375977 0.664195 0.375244 0.662606 0.375244 0.662076 0.374756 0.661547 0.375000 0.660487 0.375488 0.661017 0.375488 0.658898 0.375732 0.658369 0.375977 0.659428 0.375977 0.658369 0.376221 0.657839 0.375977 0.657309 0.375977 0.654661 0.375732 0.654661 0.375000 0.653072 0.375488 0.654131 0.375244 0.654661 0.375488 0.655191 0.375244 0.655720 0.374512 0.655720 0.374268 0.654661 0.373535 0.654661 0.373291 0.653602 0.372559 0.654661 0.372070 0.654661 0.371582 0.653602 0.371094 0.653602 0.370850 0.653072 0.370605 0.653602 0.370605 0.656780 0.370361 0.657309 0.370361 0.658369 0.370605 0.659428 0.371094 0.659958 0.370605 0.660487 0.370850 0.660487 0.371338 0.661547 0.371582 0.661017 0.371826 0.661547 0.372070 0.660487 0.372559 0.661017 0.372559 0.663665 0.372314 0.664195 0.371826 0.663665 0.372070 0.662606 0.371826 0.663136 0.371338 0.663136 0.371094 0.662606 0.371338 0.663665 0.372070 0.664725 0.371826 0.665254 0.371338 0.665254 0.370850 0.664195 0.370850 0.663665 0.369873 0.662076 0.369141 0.662076 0.368896 0.663136 0.369385 0.663136 0.369629 0.663665 0.369385 0.664195 0.368164 0.664195 0.367920 0.663665
2 0.380859 0.652542 0.380859 0.653072 0.380615 0.653602 0.380615 0.655191 0.380371 0.655720 0.380127 0.655720 0.379395 0.657309 0.379639 0.657309 0.379883 0.657839 0.379395 0.658898 0.379150 0.658898 0.379150 0.659428 0.378906 0.659958 0.379150 0.659428 0.379395 0.659958 0.379395 0.660487 0.379639 0.660487 0.380127 0.661547 0.379883 0.662076 0.379639 0.662076 0.379639 0.662606 0.379883 0.663136 0.379883 0.663665 0.379639 0.664195 0.379883 0.664195 0.379883 0.663136 0.380127 0.662606 0.380371 0.663136 0.380371 0.664725 0.380127 0.665254 0.379883 0.665254 0.380127 0.665784 0.380127 0.666314 0.380127 0.665254 0.380371 0.664725 0.380371 0.661017 0.380615 0.660487 0.380615 0.659958 0.380859 0.659428 0.381836 0.661547 0.381836 0.662076 0.382080 0.662606 0.382080 0.662076 0.381836 0.661547 0.381836 0.661017 0.382324 0.659958 0.382324 0.659428 0.382568 0.658898 0.382568 0.657309 0.382080 0.657309 0.382080 0.657839 0.381104 0.659958 0.380859 0.659428 0.380859 0.658898 0.381104 0.658369 0.381104 0.657309 0.381592 0.656250 0.381592 0.655720 0.381348 0.655191 0.381348 0.654661 0.381104 0.654131 0.381104 0.653072
2 0.313477 0.636653 0.313477 0.637712 0.313721 0.638242 0.313721 0.640360 0.312988 0.641949 0.312744 0.641949 0.312256 0.643008 0.312012 0.643008 0.312012 0.643538 0.312500 0.642479 0.313232 0.642479 0.313477 0.643008 0.313477 0.643538 0.313232 0.644068 0.312744 0.644068 0.312744 0.644597 0.312988 0.644597 0.313232 0.645127 0.312988 0.645657 0.313477 0.645657 0.313721 0.645127 0.314209 0.645127 0.314453 0.645657 0.314941 0.645657 0.315430 0.644597 0.315918 0.644597 0.316162 0.644068 0.316650 0.644068 0.316650 0.641949 0.316162 0.641949 0.316162 0.643538 0.315918 0.644068 0.315430 0.644068 0.315186 0.643538 0.315186 0.641419 0.315430 0.640890 0.314453 0.640890 0.313965 0.639831 0.313965 0.638771 0.313477 0.637712
2 0.545654 0.617055 0.545410 0.616525 0.544189 0.616525 0.543701 0.615466 0.543213 0.616525 0.542969 0.616525 0.542725 0.615996 0.541504 0.615996 0.541016 0.617055 0.541016 0.618114 0.540771 0.618644 0.540527 0.618644 0.540771 0.619174 0.540527 0.619703 0.540771 0.619703 0.541016 0.620233 0.541016 0.620763 0.541260 0.621292 0.540771 0.622352 0.540527 0.622352 0.540283 0.622881 0.540283 0.623411 0.541260 0.623411 0.541504 0.622881 0.541748 0.622881 0.541504 0.622352 0.541748 0.621822 0.541992 0.621822 0.542236 0.621292 0.542480 0.621292 0.542480 0.620763 0.542969 0.619703 0.543457 0.619703 0.543701 0.619174 0.543945 0.619174 0.544189 0.618644 0.544434 0.619174 0.544678 0.619174 0.544922 0.619703 0.544922 0.620233 0.545410 0.619174 0.545410 0.618644 0.545654 0.618114
2 0.500000 0.616525 0.500000 0.618114 0.500732 0.617585 0.500977 0.618644 0.501221 0.618114 0.502686 0.618644 0.503418 0.618114 0.503906 0.619174 0.503906 0.621292 0.502930 0.621822 0.502686 0.623941 0.502441 0.621822 0.501953 0.620763 0.500977 0.620233 0.502197 0.623941 0.502441 0.626589 0.501709 0.627648 0.501465 0.626589 0.500488 0.628178 0.500488 0.628708 0.501465 0.629237 0.500732 0.631356 0.500000 0.631356 0.499756 0.632415 0.499023 0.632415 0.498535 0.633475 0.498291 0.632415 0.497559 0.632415 0.497070 0.633475 0.497070 0.635593 0.497559 0.637712 0.497559 0.640890 0.498535 0.642479 0.498291 0.641419 0.498535 0.640360 0.500000 0.642479 0.499756 0.644068 0.498535 0.644068 0.498779 0.644597 0.499756 0.644068 0.500000 0.644597 0.499756 0.645127 0.500244 0.645127 0.500000 0.643538 0.500244 0.643008 0.500732 0.643538 0.500488 0.643008 0.500732 0.640890 0.500244 0.640360 0.500000 0.638771 0.500244 0.637712 0.503174 0.641419 0.503418 0.643538 0.504395 0.644597 0.505127 0.643538 0.506104 0.644068 0.507324 0.643008 0.508301 0.643538 0.508545 0.642479 0.509033 0.642479 0.510010 0.640360 0.510254 0.640890 0.510498 0.639831 0.511719 0.638771 0.510986 0.638242 0.510498 0.636653 0.509521 0.635593 0.508545 0.637182 0.506104 0.638242 0.505127 0.636653 0.504883 0.635064 0.507080 0.632415 0.506592 0.631356 0.506592 0.629237 0.507324 0.627648 0.508057 0.628708 0.507812 0.629237 0.507812 0.632945 0.509033 0.631886 0.509033 0.630297 0.508545 0.629767 0.508545 0.628708 0.509521 0.626589 0.510010 0.626589 0.510498 0.622881 0.508789 0.620763 0.508545 0.619174 0.510010 0.615996 0.508789 0.614936 0.504883 0.614936 0.504639 0.615466 0.502197 0.614407 0.500732 0.617585
2 0.330322 0.611758 0.333496 0.622352 0.337402 0.627119 0.336670 0.630297 0.334961 0.627119 0.334961 0.629767 0.335938 0.631356 0.335938 0.635064 0.336914 0.637182 0.337891 0.636653 0.337646 0.644068 0.337891 0.645127 0.338135 0.643008 0.338867 0.643008 0.338867 0.648835 0.337891 0.650424 0.340576 0.654661 0.339355 0.655720 0.342529 0.655191 0.342285 0.660487 0.343994 0.663665 0.344971 0.662606 0.345703 0.664195 0.345215 0.666843 0.346680 0.669492 0.345703 0.669492 0.346680 0.674258 0.347168 0.672140 0.348633 0.672669 0.348145 0.677436 0.349121 0.676907 0.348633 0.683263 0.347656 0.682203 0.347900 0.685911 0.348877 0.685911 0.349609 0.683263 0.349854 0.686441 0.351562 0.690148 0.351562 0.699153 0.349121 0.702331 0.349121 0.703919 0.349854 0.702331 0.350830 0.706038 0.349854 0.711335 0.350586 0.717691 0.349121 0.719809 0.351318 0.719809 0.351562 0.721928 0.353760 0.719280 0.356201 0.718750 0.356201 0.717161 0.357666 0.718220 0.358154 0.713453 0.356201 0.711864 0.357178 0.711335 0.356934 0.708157 0.357666 0.711335 0.359131 0.711335 0.359863 0.713453 0.363525 0.710805 0.365723 0.711864 0.363037 0.709216 0.363037 0.705508 0.361572 0.704979 0.362061 0.703390 0.361084 0.702860 0.360840 0.699682 0.363770 0.694386 0.364746 0.686970 0.367920 0.679025 0.365723 0.679025 0.361572 0.688559 0.359619 0.685381 0.359131 0.677966 0.358398 0.678496 0.358154 0.675318 0.358398 0.682203 0.357666 0.684322 0.356934 0.683263 0.355713 0.687500 0.354492 0.679555 0.355225 0.677436 0.352539 0.677436 0.352539 0.674788 0.350098 0.668962 0.349121 0.660487 0.347412 0.658369 0.343994 0.641949 0.342773 0.640890 0.341553 0.631886 0.339355 0.630297 0.338867 0.631356 0.338135 0.627119 0.337158 0.626589 0.337646 0.625000 0.336670 0.621822 0.335693 0.621292 0.335938 0.618644 0.333984 0.618644 0.333740 0.621822 0.333008 0.615996
2 0.302979 0.610169 0.302490 0.610169 0.302002 0.611229 0.301758 0.611229 0.301514 0.610699 0.301514 0.610169 0.301270 0.610169 0.301025 0.609640 0.300781 0.609640 0.300537 0.610169 0.300293 0.610169 0.300049 0.610699 0.299561 0.610699 0.299316 0.611229 0.299072 0.611229 0.298828 0.611758 0.298584 0.611758 0.298340 0.612288 0.298096 0.612288 0.297852 0.612818 0.297607 0.612818 0.296875 0.613877 0.296631 0.613877 0.296387 0.613347 0.296387 0.614407 0.296143 0.614936 0.295898 0.614936 0.295410 0.615996 0.295166 0.615996 0.294678 0.617055 0.294434 0.617055 0.294189 0.617585 0.293701 0.617585 0.292969 0.619174 0.292725 0.618644 0.292480 0.618644 0.292480 0.619174 0.292725 0.619703 0.292725 0.620233 0.292969 0.620233 0.293213 0.619703 0.293457 0.619703 0.293701 0.620233 0.293701 0.620763 0.293945 0.621292 0.294189 0.621292 0.294434 0.621822 0.294434 0.622352 0.295654 0.625000 0.295654 0.625530 0.296143 0.625530 0.296143 0.625000 0.296387 0.624470 0.296631 0.624470 0.296875 0.625000 0.296875 0.626589 0.296631 0.627119 0.296143 0.627119 0.296387 0.627119 0.296631 0.627648 0.296631 0.628708 0.297119 0.628708 0.297363 0.628178 0.296875 0.628178 0.296631 0.627648 0.296631 0.627119 0.296875 0.626589 0.297852 0.626589 0.300537 0.620763 0.300537 0.620233 0.300781 0.619703 0.300781 0.618644 0.301025 0.618114 0.301025 0.617585 0.301270 0.617055 0.301514 0.617055 0.301514 0.616525 0.301270 0.615996 0.301270 0.615466 0.301514 0.614936 0.301514 0.613877 0.302734 0.611229 0.302734 0.610699
2 0.290039 0.610169 0.290771 0.611758 0.290771 0.612288 0.291016 0.612818 0.291016 0.613347 0.291748 0.613347 0.292236 0.612288 0.292236 0.611758 0.292480 0.611229 0.292725 0.611758 0.292969 0.611229 0.293213 0.611229 0.293701 0.610169 0.293945 0.610169 0.294189 0.609640 0.294189 0.609110 0.294678 0.608051 0.294922 0.608051 0.295166 0.607521 0.295410 0.607521 0.295654 0.606992 0.295898 0.606992 0.296143 0.606462 0.296143 0.605932 0.295898 0.605932 0.295654 0.605403 0.295654 0.604873 0.295410 0.604873 0.295166 0.605403 0.293701 0.605403 0.293457 0.604873 0.290771 0.604873 0.290527 0.605403 0.290039 0.605403 0.290039 0.606462 0.290283 0.606462 0.290527 0.606992 0.290527 0.607521 0.290771 0.607521 0.291016 0.608051 0.291016 0.608581 0.291260 0.608581 0.291748 0.609640 0.291504 0.610169 0.290283 0.610169 0.290039 0.609640
2 0.408936 0.598517 0.409180 0.601165 0.406006 0.605403 0.406006 0.610699 0.403076 0.609110 0.400879 0.626589 0.397705 0.612818 0.398193 0.606462 0.394775 0.600106 0.396729 0.597458 0.390625 0.597458 0.389648 0.601165 0.395020 0.600636 0.387939 0.607521 0.390625 0.610169 0.389160 0.611758 0.390869 0.612288 0.391113 0.620233 0.385742 0.632945 0.388916 0.632945 0.390137 0.635593 0.389160 0.638242 0.390869 0.640360 0.391846 0.631886 0.392578 0.643008 0.389893 0.645127 0.390381 0.641949 0.389160 0.643008 0.387207 0.635593 0.384277 0.637712 0.385254 0.645657 0.383789 0.654131 0.385010 0.656250 0.386475 0.650953 0.392090 0.678496 0.389893 0.687500 0.385986 0.682733 0.388916 0.687500 0.388916 0.684852 0.390381 0.692267 0.389160 0.753178 0.387451 0.753178 0.387207 0.760064 0.388672 0.755826 0.389160 0.767479 0.386475 0.767479 0.388672 0.775953 0.396973 0.763771 0.395752 0.762182 0.395996 0.750530 0.398193 0.751059 0.398193 0.747352 0.396240 0.745233 0.396240 0.728284 0.399902 0.733051 0.400879 0.730932 0.395996 0.719809 0.396484 0.703390 0.397705 0.697034 0.400635 0.698093 0.401611 0.702860 0.403320 0.699682 0.398926 0.695975 0.398193 0.691737 0.401611 0.689619 0.402344 0.692267 0.399902 0.694915 0.406494 0.697564 0.407715 0.694915 0.406250 0.695975 0.405273 0.688559 0.407227 0.690148 0.409668 0.685381 0.407471 0.680614 0.406006 0.683263 0.402588 0.681674 0.405029 0.684322 0.404053 0.687500 0.402588 0.684322 0.399658 0.685381 0.399414 0.679555 0.397705 0.677436 0.401855 0.662606 0.410400 0.660487 0.409180 0.651483 0.410400 0.643538 0.408936 0.639301 0.410645 0.635064 0.410645 0.621822 0.405518 0.629237 0.410645 0.615996 0.410645 0.606992 0.407959 0.608581 0.410156 0.601695
2 0.559082 0.604873 0.558838 0.602754 0.557617 0.601165 0.557861 0.600636 0.556885 0.597987 0.556152 0.596928 0.554688 0.596398 0.552979 0.593750 0.553955 0.593220 0.553711 0.591102 0.552002 0.592161 0.552246 0.594280 0.553223 0.595339 0.552246 0.596928 0.551758 0.595339 0.550293 0.595869 0.547852 0.594280 0.542969 0.595339 0.543945 0.597987 0.544189 0.596928 0.544922 0.597458 0.545166 0.598517 0.544922 0.599047 0.544434 0.598517 0.541992 0.601165 0.541748 0.602225 0.541992 0.603284 0.542725 0.603814 0.542480 0.603284 0.542725 0.602225 0.543457 0.603284 0.543945 0.602754 0.544189 0.604873 0.543213 0.606992 0.542480 0.606992 0.541748 0.609110 0.543457 0.609640 0.545654 0.611758 0.545654 0.609640 0.545166 0.608581 0.545166 0.604873 0.545898 0.603284 0.546387 0.603284 0.546875 0.604343 0.547119 0.603814 0.547363 0.605403 0.548096 0.604873 0.548584 0.605403 0.549072 0.602754 0.549561 0.602225 0.548584 0.600636 0.548828 0.596928 0.549805 0.597458 0.549805 0.600106 0.550537 0.600106 0.550781 0.596928 0.551270 0.597987 0.552490 0.597987 0.552734 0.599047 0.553711 0.599576 0.552490 0.601165 0.551758 0.600106 0.551270 0.601695 0.550781 0.601695 0.550781 0.603284 0.550049 0.604873 0.549316 0.604873 0.551025 0.607521 0.550781 0.609110 0.550537 0.608581 0.550293 0.609640 0.550537 0.609110 0.550781 0.609640 0.551025 0.606992 0.551758 0.606462 0.552246 0.608581 0.551270 0.610169 0.552002 0.610169 0.552490 0.609110 0.553223 0.610169 0.553711 0.613877 0.552734 0.615466 0.552246 0.612818 0.551758 0.612818 0.552246 0.613877 0.551270 0.614407 0.553223 0.616525 0.553711 0.619703 0.554199 0.620233 0.554932 0.618644 0.557373 0.616525 0.557129 0.611758 0.558350 0.606462 0.556641 0.604873 0.557861 0.603284 0.558594 0.603814 0.558594 0.605403
2 0.396729 0.584746 0.395996 0.584746 0.395752 0.584216 0.395752 0.581568 0.395020 0.581568 0.394775 0.581038 0.394775 0.580508 0.394531 0.580508 0.394531 0.581038 0.394287 0.581568 0.394043 0.581568 0.394043 0.582097 0.393799 0.582627 0.393066 0.582627 0.393066 0.583157 0.392822 0.583686 0.392578 0.583686 0.392578 0.584216 0.392334 0.584746 0.392090 0.584746 0.392090 0.587394 0.391846 0.587924 0.391602 0.587924 0.391602 0.589513 0.391357 0.590042 0.390625 0.590042 0.390625 0.590572 0.394287 0.590572 0.394287 0.588983 0.394531 0.588453 0.395752 0.588453 0.395752 0.587924 0.395996 0.587394 0.396729 0.587394
2 0.459717 0.568856 0.459717 0.570445 0.459473 0.570975 0.459473 0.571504 0.459717 0.572034 0.459717 0.574682 0.459473 0.575212 0.459473 0.575742 0.459229 0.576271 0.458984 0.576271 0.458984 0.577331 0.459229 0.577860 0.459229 0.578390 0.458984 0.578919 0.458984 0.583686 0.459229 0.584216 0.459473 0.584216 0.459717 0.584746 0.460205 0.583686 0.460205 0.583157 0.459717 0.582097 0.459717 0.580508 0.459961 0.579979 0.459961 0.578919 0.459717 0.578390 0.459961 0.577860 0.460205 0.577860 0.460205 0.576271 0.459717 0.575212 0.459717 0.574153 0.459961 0.573623 0.460205 0.573623 0.460205 0.570445 0.459961 0.569915 0.459961 0.569386
2 0.474609 0.566737 0.474365 0.566208 0.473877 0.566737 0.474121 0.567267 0.473633 0.567797 0.473633 0.569386 0.472412 0.570445 0.472168 0.569915 0.472168 0.568856 0.471436 0.568856 0.471191 0.568326 0.471436 0.567797 0.472412 0.567797 0.472412 0.566208 0.472656 0.565678 0.471924 0.565678 0.471191 0.566737 0.471191 0.567267 0.470703 0.567797 0.469971 0.569915 0.469727 0.569386 0.468750 0.569386 0.468750 0.569915 0.467529 0.572034 0.467285 0.570975 0.467041 0.571504 0.466553 0.571504 0.465576 0.570445 0.464111 0.570445 0.463867 0.569915 0.462646 0.569386 0.463135 0.570975 0.463135 0.574682 0.462891 0.575742 0.463623 0.577860 0.464111 0.577860 0.464111 0.575742 0.463623 0.574682 0.464111 0.573093 0.463623 0.572564 0.464600 0.570445 0.464844 0.570975 0.464844 0.573093 0.465820 0.574153 0.465820 0.575212 0.465332 0.576271 0.465576 0.577331 0.466553 0.576801 0.466309 0.575742 0.467041 0.574682 0.467285 0.575212 0.467285 0.577331 0.467773 0.577860 0.468018 0.577331 0.468262 0.578390 0.468994 0.578919 0.469482 0.579979 0.470459 0.579979 0.470703 0.580508 0.469971 0.581568 0.470215 0.582097 0.469727 0.583157 0.469971 0.584746 0.470703 0.584746 0.470703 0.583686 0.470947 0.583157 0.471191 0.583157 0.471924 0.581568 0.473145 0.580508 0.473389 0.579449 0.473145 0.578390 0.473633 0.577331 0.473389 0.576271 0.473633 0.575212 0.473389 0.574153 0.472900 0.573623 0.472412 0.574153 0.472168 0.573623 0.471924 0.574153 0.471680 0.573623 0.471436 0.574153 0.470947 0.573623 0.470703 0.572564 0.469727 0.572564 0.469482 0.572034 0.469971 0.570975 0.470459 0.570975 0.470703 0.570445 0.471191 0.570975 0.471680 0.570445 0.472900 0.570445 0.473389 0.571504 0.473389 0.569915 0.473633 0.569386 0.474121 0.569386 0.474365 0.569915 0.474121 0.570975 0.474609 0.571504 0.474365 0.570445 0.474609 0.569915
2 0.513672 0.559322 0.511719 0.559322 0.511719 0.561970 0.512207 0.559852 0.512695 0.560911 0.513428 0.559852 0.513428 0.561441 0.514160 0.561441 0.514160 0.564089 0.513184 0.565678 0.512939 0.567267 0.512451 0.567267 0.512207 0.568856 0.511719 0.568326 0.511475 0.574682 0.509766 0.572034 0.509766 0.574153 0.510498 0.575742 0.509277 0.576271 0.509277 0.577860 0.509766 0.578390 0.509766 0.579449 0.509277 0.579979 0.509277 0.583157 0.508789 0.583686 0.508545 0.581568 0.508057 0.582627 0.507568 0.581568 0.507080 0.582627 0.506348 0.582627 0.506348 0.584216 0.506592 0.583686 0.506836 0.584746 0.507568 0.583686 0.507812 0.584746 0.509033 0.584216 0.509277 0.585275 0.508545 0.586864 0.507080 0.585805 0.506592 0.586864 0.505859 0.586864 0.504639 0.585805 0.505127 0.584746 0.503906 0.584746 0.503906 0.586335 0.504395 0.587394 0.504883 0.586335 0.505859 0.586864 0.505859 0.594809 0.505615 0.595339 0.504395 0.593220 0.505127 0.595869 0.504883 0.596928 0.503662 0.594809 0.503662 0.592161 0.503174 0.592161 0.503174 0.594280 0.503906 0.595339 0.503174 0.597458 0.501953 0.597458 0.500977 0.595339 0.500977 0.601165 0.501465 0.601165 0.501465 0.604873 0.502197 0.603284 0.502930 0.604873 0.502930 0.607521 0.501953 0.608051 0.501709 0.606992 0.500244 0.605403 0.499512 0.606992 0.501465 0.609110 0.502930 0.608581 0.502930 0.607521 0.503418 0.608581 0.506348 0.607521 0.507812 0.608051 0.508545 0.607521 0.511230 0.601695 0.515869 0.601695 0.518311 0.599047 0.518799 0.595339 0.520264 0.593220 0.520264 0.590042 0.518799 0.584746 0.517090 0.582097 0.516846 0.576801 0.514893 0.571504 0.515381 0.567267 0.514160 0.564089 0.514160 0.561441
2 0.380371 0.555085 0.380371 0.558792 0.380615 0.558792 0.380859 0.559322 0.380859 0.559852 0.380615 0.560381 0.380371 0.560381 0.380371 0.563030 0.380615 0.563030 0.380859 0.563559 0.380859 0.564089 0.381592 0.564089 0.381592 0.562500 0.381836 0.561970 0.382080 0.561970 0.382080 0.561441 0.382324 0.560911 0.382568 0.560911 0.382568 0.559322 0.381836 0.559322 0.381592 0.558792 0.381592 0.556144 0.380859 0.556144 0.380615 0.555614 0.380615 0.555085
2 0.435547 0.557203 0.433350 0.556144 0.434326 0.564619 0.432617 0.575212 0.430420 0.562500 0.427490 0.570975 0.426025 0.569386 0.427002 0.557733 0.425293 0.557203 0.422852 0.563030 0.423828 0.578919 0.422363 0.583686 0.420410 0.569386 0.418213 0.569386 0.419678 0.563030 0.419189 0.554555 0.416504 0.558263 0.416992 0.571504 0.414795 0.578390 0.413330 0.576801 0.412598 0.595339 0.418457 0.592161 0.422119 0.596928 0.419678 0.605932 0.418213 0.604873 0.418701 0.602754 0.414551 0.603814 0.414551 0.609640 0.416016 0.605403 0.416992 0.609110 0.414551 0.614936 0.414062 0.653072 0.413086 0.656250 0.416992 0.659428 0.416504 0.662606 0.417480 0.663665 0.421875 0.661017 0.422852 0.657839 0.418701 0.656780 0.416992 0.651483 0.419434 0.647246 0.418945 0.642479 0.428711 0.631886 0.432373 0.634534 0.440430 0.627119 0.440918 0.623941 0.439453 0.626059 0.437256 0.622352 0.441162 0.621822 0.442139 0.615996 0.438965 0.611229 0.441406 0.609640 0.442139 0.603814 0.441162 0.602225 0.439697 0.605403 0.436768 0.601695 0.427490 0.601695 0.426514 0.609110 0.420166 0.612288 0.421631 0.620233 0.426025 0.625530 0.421143 0.630826 0.416504 0.628178 0.416992 0.622881 0.415039 0.618114 0.417480 0.610169 0.424561 0.602225 0.424316 0.599047 0.421875 0.599047 0.423340 0.595869 0.429443 0.594809 0.433594 0.585805 0.438232 0.584746 0.437500 0.582097 0.440674 0.578919 0.432617 0.585805 0.433838 0.583157 0.431641 0.581568 0.432373 0.578390 0.434326 0.581038 0.435791 0.578919 0.434814 0.577331 0.435547 0.575742 0.437744 0.576801 0.434570 0.572564 0.434326 0.561970
2 0.317627 0.552966 0.318359 0.554555 0.318359 0.555614 0.318115 0.556144 0.317871 0.556144 0.317871 0.556674 0.318604 0.556674 0.318848 0.557203 0.318848 0.557733 0.318604 0.558263 0.318359 0.558263 0.318359 0.561970 0.318115 0.562500 0.317871 0.562500 0.317871 0.564089 0.317627 0.564619 0.317383 0.564619 0.317383 0.566208 0.317139 0.566737 0.316895 0.566737 0.316895 0.567267 0.317627 0.567267 0.317871 0.567797 0.317871 0.569386 0.318115 0.569386 0.318359 0.569915 0.318359 0.570445 0.319092 0.570445 0.319092 0.569915 0.318848 0.569915 0.318604 0.569386 0.318604 0.567797 0.318848 0.567267 0.319092 0.567267 0.319092 0.564619 0.319336 0.564089 0.319580 0.564089 0.319580 0.563559 0.319824 0.563030 0.320068 0.563030 0.320312 0.563559 0.320312 0.565148 0.320557 0.565148 0.320557 0.564619 0.320801 0.564089 0.321045 0.564089 0.321045 0.563559 0.321289 0.563030 0.321533 0.563030 0.321533 0.559322 0.321777 0.558792 0.322021 0.558792 0.322021 0.555614 0.322266 0.555085 0.320801 0.555085 0.320557 0.554555 0.320557 0.554025 0.318848 0.554025 0.318604 0.553496 0.318604 0.552966
2 0.286621 0.550318 0.286621 0.550847 0.286377 0.551377 0.286377 0.552966 0.286133 0.553496 0.286133 0.554025 0.285889 0.554555 0.285889 0.555614 0.286133 0.556144 0.286133 0.556674 0.286377 0.556674 0.286621 0.557203 0.286621 0.558263 0.286377 0.558792 0.286133 0.558792 0.286133 0.560381 0.286377 0.560381 0.286621 0.560911 0.286377 0.561441 0.286621 0.561441 0.286865 0.561970 0.287109 0.561970 0.288574 0.565148 0.288574 0.562500 0.288330 0.561970 0.288330 0.561441 0.288574 0.560911 0.288818 0.560911 0.288574 0.560381 0.289062 0.559322 0.289307 0.559322 0.290039 0.557733 0.290283 0.557733 0.290283 0.556144 0.290527 0.555614 0.290771 0.555614 0.290771 0.555085 0.290039 0.555085 0.289795 0.554555 0.289795 0.554025 0.289551 0.554025 0.289307 0.553496 0.289307 0.552966 0.289062 0.552966 0.289062 0.553496 0.288818 0.554025 0.288574 0.554025 0.288574 0.556674 0.288330 0.557203 0.288086 0.557203 0.288086 0.559852 0.287842 0.560381 0.287354 0.560381 0.287109 0.559852 0.287109 0.558792 0.287354 0.558263 0.287354 0.557203 0.286621 0.555614 0.286865 0.555085 0.286865 0.551377 0.286621 0.550847
2 0.416992 0.547669 0.416748 0.548199 0.416504 0.548199 0.416260 0.547669 0.415527 0.548199 0.415527 0.550847 0.415771 0.550847 0.416016 0.551377 0.415771 0.551907 0.415039 0.551907 0.414551 0.550847 0.414551 0.549258 0.414062 0.550318 0.414062 0.551377 0.414307 0.551377 0.414551 0.551907 0.414551 0.552436 0.413818 0.553496 0.413330 0.553496 0.413086 0.552966 0.413086 0.552436 0.413574 0.550847 0.413330 0.551377 0.413086 0.550847 0.412842 0.550847 0.412354 0.551907 0.412354 0.552436 0.412109 0.552966 0.412109 0.554025 0.411865 0.554555 0.411621 0.554025 0.411865 0.554555 0.411865 0.555085 0.411377 0.556144 0.411133 0.556144 0.411377 0.556674 0.412109 0.556674 0.412598 0.557733 0.412354 0.558263 0.412598 0.557733 0.413330 0.557733 0.413574 0.558263 0.413818 0.557733 0.414062 0.558263 0.414062 0.561970 0.414551 0.563030 0.414551 0.564089 0.414795 0.564089 0.415039 0.564619 0.415039 0.567267 0.414551 0.568326 0.414551 0.568856 0.414551 0.568326 0.415283 0.567267 0.415039 0.566737 0.415283 0.566208 0.415527 0.566208 0.415527 0.565148 0.415283 0.564619 0.415283 0.563030 0.415039 0.562500 0.415039 0.559852 0.414307 0.558263 0.414307 0.554025 0.414551 0.553496 0.414795 0.553496 0.414795 0.552966 0.415039 0.552436 0.415771 0.552436 0.416016 0.552966 0.416016 0.553496 0.415771 0.554025 0.415527 0.554025 0.415527 0.554555 0.415771 0.554555 0.415771 0.554025 0.416016 0.553496 0.416260 0.553496 0.416504 0.554025 0.416504 0.554555 0.416748 0.554025 0.416504 0.554025 0.416260 0.553496 0.416260 0.552966 0.416504 0.552436 0.417725 0.552436 0.417480 0.551907 0.417480 0.550847 0.416992 0.550847 0.416748 0.550318 0.416748 0.549788 0.416992 0.549258 0.417236 0.549258 0.417236 0.548729 0.417480 0.548199 0.417725 0.548199 0.417236 0.548199
2 0.399414 0.544492 0.398438 0.546610 0.399170 0.550318 0.396973 0.550847 0.397705 0.553496 0.397949 0.552436 0.398926 0.552966 0.399414 0.557733 0.400879 0.555614 0.400879 0.553496 0.401611 0.555085 0.401611 0.552966 0.402100 0.554555 0.401855 0.552436 0.404785 0.555614 0.406982 0.554025 0.407227 0.555085 0.406494 0.555614 0.407227 0.556144 0.405273 0.558263 0.406250 0.559322 0.406250 0.560911 0.405518 0.562500 0.404297 0.561441 0.403564 0.564619 0.403076 0.564089 0.403320 0.559322 0.402344 0.559322 0.400635 0.562500 0.399658 0.560381 0.398438 0.560381 0.398193 0.563030 0.397461 0.561441 0.398682 0.565148 0.400635 0.563030 0.401855 0.567267 0.401123 0.569915 0.400391 0.569915 0.399902 0.567797 0.400391 0.570445 0.398438 0.572034 0.396973 0.575212 0.397461 0.576271 0.396973 0.577331 0.396973 0.582097 0.398193 0.582097 0.398438 0.584746 0.398926 0.584746 0.399658 0.577331 0.400879 0.574682 0.401855 0.574682 0.402100 0.576801 0.401855 0.572564 0.402588 0.568326 0.402100 0.565678 0.404053 0.566208 0.404541 0.565148 0.405029 0.567267 0.405518 0.565148 0.405762 0.567797 0.404541 0.570445 0.406250 0.567267 0.407715 0.567797 0.407715 0.581038 0.406250 0.587924 0.407959 0.591102 0.408936 0.581568 0.409912 0.579979 0.408936 0.580508 0.408447 0.578390 0.408447 0.568856 0.408936 0.568856 0.408936 0.571504 0.409180 0.569386 0.410400 0.569386 0.411133 0.572564 0.411865 0.572564 0.412354 0.568856 0.413086 0.567797 0.413574 0.561970 0.413086 0.559322 0.412842 0.560911 0.411621 0.558263 0.411377 0.559322 0.409912 0.557733 0.409912 0.556144 0.407471 0.556674 0.406982 0.555614 0.408203 0.555085 0.407715 0.554555 0.409180 0.552436 0.409912 0.552436 0.410156 0.554555 0.408691 0.555085 0.410156 0.554555 0.410645 0.553496 0.410400 0.550847 0.411377 0.549788 0.411621 0.550847 0.412354 0.547669 0.411621 0.548729 0.411377 0.546610 0.410889 0.548199 0.409668 0.547140 0.407715 0.549258 0.405273 0.549788 0.404785 0.553496 0.404053 0.550847 0.402588 0.551907 0.401123 0.550847 0.402100 0.550318 0.402832 0.546610 0.402344 0.543432 0.401123 0.546081
2 0.362305 0.544492 0.362061 0.544492 0.362061 0.545021 0.361816 0.545551 0.361816 0.546081 0.361572 0.546610 0.361328 0.546081 0.361328 0.545021 0.360840 0.543962 0.360840 0.543432 0.360596 0.543432 0.360352 0.543962 0.360352 0.546081 0.360107 0.546610 0.358887 0.546610 0.358887 0.547140 0.358643 0.547669 0.357422 0.547669 0.357422 0.548199 0.357178 0.548729 0.356934 0.548729 0.356934 0.549258 0.356689 0.549788 0.356445 0.549788 0.356445 0.550318 0.358154 0.550318 0.358398 0.550847 0.358398 0.553496 0.358887 0.553496 0.359131 0.554025 0.359131 0.555085 0.358887 0.555614 0.358643 0.555085 0.358887 0.555614 0.358643 0.556144 0.358398 0.556144 0.358643 0.556674 0.358398 0.557203 0.358398 0.558263 0.358643 0.557733 0.358643 0.557203 0.358887 0.556674 0.359131 0.557203 0.359131 0.556144 0.359375 0.555614 0.360596 0.555614 0.360596 0.555085 0.360840 0.554555 0.360840 0.554025 0.361084 0.553496 0.361084 0.552436 0.361328 0.551907 0.361328 0.550847 0.361572 0.550318 0.362793 0.550318 0.363037 0.550847 0.363037 0.551907 0.363037 0.550318 0.363281 0.549788 0.363281 0.547140 0.363037 0.547669 0.362793 0.547140 0.362793 0.545551
2 0.287109 0.540254 0.286865 0.540254 0.286865 0.540784 0.286621 0.541314 0.286621 0.542903 0.286377 0.543432 0.286133 0.542903 0.286133 0.541314 0.285889 0.540784 0.285889 0.540254 0.285156 0.540254 0.285156 0.541843 0.284912 0.542373 0.284912 0.543432 0.284424 0.544492 0.284424 0.545021 0.284180 0.545551 0.284180 0.546610 0.283691 0.547669 0.283691 0.549788 0.283447 0.550318 0.283203 0.550318 0.283447 0.550847 0.283691 0.550847 0.284424 0.552436 0.284424 0.552966 0.285156 0.554555 0.285156 0.554025 0.285400 0.553496 0.285400 0.551907 0.285645 0.551377 0.285645 0.550847 0.286377 0.549258 0.286377 0.546610 0.286621 0.546081 0.286621 0.544492 0.286865 0.543962 0.286865 0.542903 0.287109 0.542373
2 0.303223 0.531780 0.303223 0.533369 0.303467 0.533369 0.303711 0.533898 0.303711 0.536547 0.303955 0.536547 0.304199 0.537076 0.304199 0.537606 0.305420 0.537606 0.305664 0.538136 0.305664 0.538665 0.305908 0.538665 0.306152 0.539195 0.306152 0.539725 0.306396 0.539725 0.306641 0.540254 0.306641 0.541843 0.306396 0.542373 0.304688 0.542373 0.304688 0.542903 0.304932 0.542903 0.305176 0.543432 0.305176 0.543962 0.305420 0.543962 0.305420 0.543432 0.305664 0.542903 0.305908 0.542903 0.306152 0.543432 0.306152 0.543962 0.306396 0.543962 0.306396 0.543432 0.306641 0.542903 0.307861 0.542903 0.308105 0.543432 0.308105 0.543962 0.308105 0.541843 0.308350 0.541314 0.308350 0.539195 0.308594 0.538665 0.308838 0.538665 0.308838 0.538136 0.308594 0.538136 0.308350 0.537606 0.308350 0.534958 0.308105 0.534958 0.307861 0.534428 0.307861 0.533898 0.307129 0.533898 0.306885 0.533369 0.306885 0.532839 0.306641 0.532839 0.306396 0.532309 0.306396 0.531780 0.305664 0.531780 0.305664 0.532309 0.305420 0.532839 0.304688 0.532839 0.304443 0.532309 0.304443 0.531780
2 0.531006 0.539725 0.530029 0.538665 0.526855 0.538136 0.525879 0.536547 0.524902 0.538136 0.523438 0.538136 0.523193 0.538665 0.520996 0.538136 0.520020 0.537076 0.519775 0.535487 0.520508 0.534428 0.525146 0.533898 0.525635 0.532839 0.524170 0.531250 0.521729 0.531250 0.519287 0.532839 0.511719 0.532839 0.511475 0.532309 0.508545 0.531780 0.506836 0.534958 0.505371 0.535487 0.505371 0.536547 0.505859 0.537606 0.504883 0.538136 0.504883 0.538665 0.505615 0.538665 0.505859 0.537606 0.507080 0.537606 0.506836 0.537076 0.507324 0.534428 0.508057 0.533369 0.509033 0.533898 0.509277 0.534428 0.508789 0.534958 0.508789 0.538665 0.509277 0.539195 0.509277 0.540784 0.509766 0.541843 0.509277 0.542373 0.508789 0.544492 0.509766 0.545021 0.508545 0.546081 0.508545 0.546610 0.508789 0.546081 0.509277 0.547140 0.509033 0.547669 0.509766 0.549258 0.510986 0.549258 0.511719 0.550318 0.512939 0.550847 0.513184 0.551377 0.513184 0.553496 0.513916 0.553496 0.514160 0.555614 0.516357 0.553496 0.515869 0.551377 0.516113 0.549258 0.519287 0.546610 0.518799 0.544492 0.518799 0.542373 0.520020 0.540784 0.520996 0.540254 0.530029 0.540784
2 0.350342 0.521186 0.349854 0.520127 0.349365 0.520127 0.349365 0.521716 0.349121 0.522246 0.348633 0.521186 0.348389 0.521716 0.348145 0.521716 0.347656 0.522775 0.347412 0.522775 0.347168 0.523305 0.347168 0.524894 0.346924 0.525424 0.346680 0.525424 0.346680 0.528072 0.347168 0.528072 0.347412 0.527542 0.347656 0.527542 0.348145 0.526483 0.348389 0.526483 0.348389 0.525953 0.349121 0.524364 0.349365 0.524364 0.349365 0.523835 0.349121 0.523305 0.349121 0.522775 0.349365 0.522246 0.349609 0.522246 0.349854 0.522775 0.350342 0.522775
2 0.282959 0.515890 0.282227 0.515890 0.281982 0.516419 0.280762 0.516419 0.280518 0.516949 0.279785 0.516949 0.279541 0.517479 0.279297 0.517479 0.279053 0.518008 0.278809 0.518008 0.278564 0.518538 0.279297 0.520127 0.279541 0.520127 0.280029 0.521186 0.280029 0.521716 0.280273 0.522246 0.280273 0.526483 0.280273 0.525953 0.280762 0.524894 0.280762 0.524364 0.281006 0.523835 0.281250 0.524364 0.281250 0.524894 0.281250 0.523305 0.281494 0.522775 0.281738 0.523305 0.281494 0.522775 0.281982 0.521716 0.281982 0.521186 0.282227 0.520657 0.282227 0.520127 0.282471 0.519597 0.282471 0.518538 0.282715 0.518008 0.282715 0.516419
2 0.480713 0.509004 0.480469 0.508475 0.480225 0.508475 0.479736 0.507415 0.479492 0.507945 0.479004 0.506886 0.479248 0.506356 0.479004 0.506356 0.478760 0.506886 0.478760 0.507945 0.478516 0.508475 0.477051 0.508475 0.476807 0.509004 0.476562 0.509004 0.476562 0.510064 0.477295 0.510064 0.477539 0.510593 0.477539 0.511123 0.477783 0.511653 0.477539 0.512182 0.477539 0.512712 0.477295 0.513242 0.477295 0.513771 0.477051 0.514301 0.477051 0.514831 0.477295 0.514831 0.477539 0.514301 0.477783 0.514831 0.478027 0.514301 0.478027 0.513771 0.478271 0.513242 0.478760 0.513242 0.479980 0.510593 0.480225 0.511123 0.480225 0.511653 0.480957 0.511653 0.480957 0.511123 0.480713 0.511123 0.480469 0.510593 0.480713 0.510064 0.480957 0.510064 0.480713 0.509534
2 0.472900 0.502119 0.472656 0.504237 0.472412 0.502648 0.470215 0.504237 0.470703 0.507415 0.468750 0.509004 0.469727 0.510593 0.468994 0.515890 0.468750 0.510593 0.467285 0.509534 0.467773 0.513242 0.466797 0.513771 0.465088 0.509534 0.466553 0.508475 0.462402 0.503178 0.462402 0.505826 0.463867 0.507415 0.462402 0.509004 0.462891 0.512182 0.461426 0.512712 0.461670 0.519597 0.460205 0.514831 0.459473 0.518538 0.460938 0.521716 0.458008 0.524894 0.460693 0.526483 0.459961 0.529131 0.464355 0.533369 0.463379 0.535487 0.464111 0.541314 0.460449 0.531780 0.458008 0.531780 0.457520 0.528072 0.456787 0.529661 0.457275 0.515890 0.455566 0.530191 0.454834 0.527542 0.450684 0.529661 0.449219 0.525424 0.449707 0.532309 0.452393 0.530720 0.449463 0.536547 0.450684 0.539195 0.449219 0.540254 0.449707 0.543962 0.452637 0.542903 0.454590 0.539195 0.456299 0.541314 0.457275 0.538665 0.457764 0.541843 0.458252 0.538136 0.460449 0.534958 0.458984 0.541314 0.459717 0.543432 0.461426 0.539195 0.460449 0.545021 0.461670 0.548729 0.459717 0.547669 0.458984 0.543432 0.457275 0.543962 0.457031 0.541843 0.456299 0.544492 0.455322 0.542373 0.452881 0.546610 0.449219 0.547669 0.453125 0.548729 0.452881 0.550847 0.450684 0.551377 0.457031 0.550318 0.457764 0.548199 0.461426 0.555085 0.463379 0.550847 0.466064 0.558792 0.464355 0.559322 0.464355 0.563559 0.461670 0.562500 0.460938 0.559322 0.460449 0.568326 0.461670 0.564619 0.465088 0.569386 0.470459 0.558263 0.467529 0.550847 0.468262 0.546610 0.464600 0.546081 0.463867 0.543432 0.466553 0.541314 0.464355 0.537076 0.464600 0.533898 0.467773 0.540784 0.468506 0.539725 0.467285 0.524364 0.468262 0.524894 0.468750 0.518538 0.471191 0.519068 0.469727 0.521186 0.469238 0.531250 0.470459 0.529661 0.469971 0.524894 0.474121 0.525953 0.475342 0.523305 0.473877 0.522775 0.476074 0.518008 0.473877 0.516949 0.476074 0.516419 0.473877 0.503708 0.473633 0.507945 0.472656 0.508475
2 0.455566 0.502119 0.455566 0.501059 0.455078 0.500000 0.455078 0.499470 0.454834 0.499470 0.454590 0.498941 0.453857 0.498941 0.453613 0.498411 0.453613 0.497881 0.453125 0.496822 0.453125 0.496292 0.452881 0.496822 0.452637 0.496822 0.452148 0.497881 0.451904 0.497352 0.451660 0.497352 0.451172 0.498411 0.451416 0.498941 0.450928 0.500000 0.450684 0.500000 0.450195 0.501059 0.449951 0.501059 0.450195 0.501059 0.450439 0.500530 0.453369 0.500530 0.453613 0.501059 0.453857 0.501059 0.454346 0.502119 0.454590 0.502119 0.454834 0.502648 0.455078 0.502119
2 0.343750 0.491525 0.343750 0.494174 0.344238 0.495233 0.343994 0.495763 0.343750 0.495763 0.344238 0.496822 0.344238 0.497352 0.343994 0.497881 0.343262 0.497881 0.343262 0.498941 0.343018 0.499470 0.342773 0.498941 0.342529 0.498941 0.342529 0.499470 0.342773 0.500000 0.342285 0.501059 0.342285 0.501589 0.342529 0.501059 0.343018 0.501059 0.343262 0.500530 0.343018 0.500000 0.343262 0.499470 0.343506 0.499470 0.343750 0.500000 0.343750 0.502648 0.344482 0.502648 0.344482 0.502119 0.344727 0.501589 0.345459 0.501589 0.345459 0.501059 0.345703 0.500530 0.345947 0.500530 0.345947 0.500000 0.346191 0.499470 0.346436 0.499470 0.346436 0.498941 0.346191 0.498941 0.345947 0.498411 0.345947 0.497881 0.345703 0.497881 0.345459 0.497352 0.345703 0.496822 0.345703 0.496292 0.345947 0.495763 0.345947 0.495233 0.346436 0.494174 0.346436 0.493644 0.346191 0.493644 0.346191 0.494174 0.345703 0.495233 0.345459 0.494703 0.345459 0.492585 0.344482 0.492585 0.344238 0.492055 0.344238 0.491525
2 0.452637 0.507945 0.449707 0.502648 0.447510 0.502648 0.447998 0.495233 0.445801 0.494703 0.448242 0.492055 0.445801 0.490996 0.444336 0.495233 0.440186 0.497352 0.440186 0.501589 0.439209 0.503178 0.437744 0.501059 0.437500 0.497352 0.437744 0.500530 0.435303 0.506886 0.433105 0.501059 0.431641 0.506886 0.430420 0.503708 0.431396 0.485169 0.428223 0.493114 0.425781 0.490996 0.421631 0.494174 0.420410 0.490996 0.417725 0.492055 0.416016 0.488347 0.415283 0.494703 0.412109 0.496292 0.413818 0.497352 0.413574 0.498941 0.416260 0.497352 0.416260 0.507415 0.415527 0.507945 0.414795 0.505297 0.415283 0.509004 0.414307 0.513771 0.414551 0.516949 0.416504 0.520657 0.411621 0.518538 0.412598 0.520657 0.410400 0.522246 0.410400 0.516419 0.409424 0.525953 0.408447 0.521186 0.409668 0.513771 0.407959 0.517479 0.407227 0.529661 0.410156 0.529131 0.410889 0.527542 0.409424 0.527013 0.409912 0.524894 0.413818 0.528072 0.410645 0.529661 0.410400 0.531780 0.412109 0.533369 0.413818 0.532309 0.414307 0.528072 0.419434 0.531250 0.421387 0.528072 0.422119 0.529131 0.420410 0.533369 0.421387 0.531780 0.426025 0.533898 0.427002 0.537076 0.427734 0.535487 0.425537 0.529131 0.426025 0.527013 0.423584 0.523305 0.428467 0.523835 0.430664 0.528602 0.430908 0.525953 0.432373 0.525953 0.434082 0.536547 0.434570 0.534958 0.437988 0.534958 0.440430 0.538665 0.440186 0.540254 0.442139 0.539725 0.442627 0.535487 0.445312 0.537076 0.448486 0.529661 0.444824 0.529661 0.442139 0.527542 0.443115 0.526483 0.442627 0.525424 0.441162 0.526483 0.439697 0.524894 0.441162 0.522775 0.448486 0.523835 0.448975 0.522246 0.451660 0.525424 0.452637 0.517479 0.450928 0.513242
2 0.294922 0.487818 0.295410 0.486758 0.296387 0.486758 0.297119 0.485699 0.297607 0.485699 0.297852 0.486229 0.297852 0.485699 0.298096 0.485169 0.298340 0.485699 0.298340 0.486229 0.298340 0.485699 0.298584 0.485169 0.298828 0.485699 0.298828 0.486229 0.298828 0.485699 0.299072 0.485169 0.299316 0.485699 0.299316 0.486229 0.300049 0.486229 0.300293 0.486758 0.300537 0.486229 0.300781 0.486758 0.300781 0.487288 0.301514 0.486758 0.301514 0.486229 0.301758 0.485699 0.302979 0.485699 0.303223 0.486229 0.303223 0.486758 0.303711 0.486758 0.303955 0.486229 0.304199 0.486229 0.304443 0.486758 0.304199 0.487288 0.304199 0.488347 0.303955 0.488877 0.304199 0.489407 0.304199 0.488347 0.304443 0.487818 0.304688 0.488347 0.304688 0.487288 0.305420 0.484640 0.305420 0.483051 0.305664 0.482521 0.306152 0.482521 0.306396 0.481992 0.306885 0.481992 0.306885 0.481462 0.306641 0.480932 0.306152 0.480932 0.306152 0.481462 0.305908 0.481992 0.305664 0.481992 0.305664 0.482521 0.305420 0.483051 0.304688 0.483051 0.304443 0.482521 0.304443 0.481462 0.303711 0.481462 0.303467 0.481992 0.302490 0.481992 0.301758 0.480932 0.301758 0.481462 0.301514 0.481992 0.300781 0.481992 0.300537 0.481462 0.300293 0.481462 0.300537 0.481462 0.300781 0.481992 0.300781 0.483581 0.300537 0.484110 0.299316 0.484110 0.299072 0.483581 0.299072 0.483051 0.299316 0.482521 0.299805 0.482521 0.299561 0.481992 0.299316 0.481992 0.299072 0.481462 0.299072 0.480932 0.298340 0.480932 0.298340 0.481462 0.298096 0.481992 0.297119 0.481992 0.296875 0.481462 0.297119 0.481992 0.297119 0.483051 0.296875 0.483581 0.296875 0.484110 0.297119 0.484110 0.297363 0.484640 0.297119 0.485169 0.296875 0.485169 0.296875 0.485699 0.296631 0.486229 0.295410 0.486229 0.295410 0.486758 0.295166 0.487288 0.294922 0.487288
2 0.292725 0.480932 0.291504 0.480932 0.291504 0.481462 0.291260 0.481992 0.290527 0.481992 0.290527 0.484640 0.290283 0.485169 0.290039 0.485169 0.290039 0.485699 0.289795 0.486229 0.289551 0.486229 0.289551 0.487818 0.289795 0.487818 0.290039 0.488347 0.290039 0.488877 0.291260 0.488877 0.291504 0.489407 0.291504 0.489936 0.291748 0.489936 0.291748 0.489407 0.291992 0.488877 0.292725 0.488877 0.292725 0.484110 0.291992 0.484110 0.291748 0.483581 0.291748 0.483051 0.291992 0.482521 0.292725 0.482521
2 0.350830 0.484110 0.350586 0.484110 0.350342 0.483581 0.350342 0.483051 0.348633 0.483051 0.348633 0.483581 0.348877 0.483581 0.349365 0.485169 0.349121 0.485699 0.348633 0.485699 0.348389 0.486229 0.347656 0.486229 0.346924 0.487288 0.346680 0.487288 0.346436 0.486758 0.346436 0.487288 0.346191 0.487818 0.345947 0.487288 0.345703 0.487818 0.345459 0.487288 0.345459 0.486229 0.345703 0.485699 0.345947 0.485699 0.345947 0.485169 0.346191 0.484640 0.346924 0.484640 0.346924 0.484110 0.347168 0.483581 0.347412 0.483581 0.347412 0.480403 0.347168 0.480932 0.346436 0.480932 0.346191 0.481462 0.345703 0.481462 0.345459 0.481992 0.344971 0.481992 0.344482 0.483051 0.344238 0.483051 0.344238 0.484640 0.344971 0.484640 0.345215 0.485169 0.345215 0.485699 0.344971 0.486229 0.344727 0.486229 0.344482 0.486758 0.344238 0.486758 0.343994 0.487288 0.343750 0.487288 0.343750 0.488877 0.343506 0.489407 0.343018 0.488347 0.342773 0.488347 0.342529 0.487818 0.342285 0.487818 0.342041 0.488347 0.341797 0.487818 0.342041 0.488347 0.342041 0.488877 0.342529 0.489936 0.343018 0.489936 0.343262 0.489407 0.343750 0.489407 0.344971 0.487288 0.345459 0.488347 0.344727 0.489407 0.344971 0.489407 0.345215 0.488877 0.348633 0.488877 0.348877 0.488347 0.349121 0.488347 0.349609 0.487288 0.349609 0.486758 0.349365 0.486229 0.349609 0.485699 0.349854 0.485699 0.349854 0.485169 0.350098 0.484640 0.350830 0.484640
2 0.574219 0.468750 0.572998 0.471398 0.572998 0.472458 0.573730 0.472458 0.574219 0.473517 0.574219 0.474047 0.573975 0.474576 0.573730 0.474047 0.573730 0.474576 0.573486 0.475106 0.573242 0.475106 0.573730 0.476695 0.573486 0.477225 0.572998 0.477225 0.573242 0.477754 0.573242 0.478284 0.572998 0.478814 0.572266 0.478814 0.572021 0.479343 0.571777 0.478814 0.571289 0.478814 0.571289 0.479343 0.571045 0.479873 0.570801 0.479873 0.570557 0.481462 0.570801 0.481462 0.571045 0.481992 0.571045 0.482521 0.571777 0.482521 0.571777 0.480932 0.572021 0.480403 0.572754 0.480403 0.573242 0.481992 0.573730 0.481992 0.573975 0.482521 0.573975 0.481462 0.574463 0.479873 0.574463 0.479343 0.574219 0.478814 0.574463 0.478284 0.575439 0.478284 0.575439 0.477754 0.575684 0.477225 0.576416 0.477225 0.576904 0.476165 0.577393 0.476165 0.577393 0.475636 0.577637 0.475106 0.577881 0.475106 0.578125 0.475636 0.578125 0.479873 0.577881 0.480403 0.577637 0.479873 0.577637 0.478814 0.577637 0.481462 0.577881 0.481462 0.578125 0.481992 0.577637 0.483051 0.577148 0.483051 0.577148 0.483581 0.577393 0.483581 0.577637 0.484110 0.577637 0.484640 0.577881 0.484640 0.577881 0.483581 0.578369 0.482521 0.578857 0.482521 0.578857 0.481992 0.578613 0.481992 0.578369 0.481462 0.578369 0.479873 0.578613 0.479343 0.578857 0.479343 0.578857 0.475106 0.578369 0.474047 0.578369 0.472987 0.578125 0.473517 0.577637 0.472458 0.577148 0.472458 0.576904 0.471928 0.576904 0.470339 0.576660 0.470339 0.576416 0.469809 0.576416 0.469280 0.576172 0.469280 0.575928 0.468750 0.575439 0.469809 0.575195 0.469809 0.574951 0.469280 0.574951 0.468750
2 0.253418 0.468220 0.253418 0.469809 0.253662 0.470339 0.253662 0.474576 0.253418 0.475106 0.253418 0.476695 0.253174 0.477225 0.253418 0.477754 0.253418 0.478814 0.254639 0.478814 0.254883 0.479343 0.255127 0.479343 0.255371 0.478814 0.255859 0.478814 0.256104 0.478284 0.255615 0.477225 0.255615 0.476165 0.255127 0.475106 0.255371 0.474576 0.255127 0.475106 0.254883 0.474576 0.254883 0.474047 0.254639 0.473517 0.254639 0.472987 0.254395 0.472458 0.254395 0.471928 0.254150 0.471398 0.254150 0.469809 0.253906 0.469280 0.253906 0.468750 0.253662 0.468220
2 0.306641 0.464513 0.306885 0.464513 0.307129 0.465042 0.306885 0.465572 0.307129 0.466102 0.307129 0.466631 0.308350 0.469280 0.308594 0.469280 0.308838 0.469809 0.308594 0.470339 0.308594 0.470869 0.308350 0.471398 0.308594 0.471398 0.308838 0.471928 0.308594 0.472458 0.308594 0.472987 0.308350 0.473517 0.308105 0.473517 0.308105 0.474047 0.308350 0.473517 0.308838 0.473517 0.309082 0.472987 0.309326 0.472987 0.309570 0.472458 0.309814 0.472458 0.310059 0.471928 0.310303 0.471928 0.310547 0.471398 0.311523 0.471398 0.311279 0.470869 0.311279 0.470339 0.311035 0.470339 0.310791 0.470869 0.310303 0.470869 0.310059 0.470339 0.309082 0.470339 0.308594 0.469280 0.308838 0.468750 0.309570 0.468750 0.309570 0.467691 0.309326 0.467161 0.309326 0.466631 0.308594 0.465042 0.308594 0.464513 0.308350 0.463983 0.308105 0.463983 0.307861 0.463453 0.307617 0.463983 0.307129 0.463983 0.306885 0.464513
2 0.271973 0.459216 0.273926 0.461864 0.274658 0.465572 0.274658 0.464513 0.275635 0.464513 0.276367 0.466102 0.276123 0.467161 0.275879 0.466631 0.276611 0.467161 0.276123 0.469280 0.275879 0.468750 0.275635 0.469809 0.275146 0.468750 0.275635 0.467691 0.275391 0.467161 0.274902 0.468220 0.275879 0.471398 0.275879 0.474047 0.276855 0.473517 0.277344 0.474576 0.277344 0.476695 0.278320 0.477754 0.277832 0.476695 0.278320 0.475636 0.279053 0.477225 0.278809 0.478814 0.279053 0.478284 0.280029 0.480403 0.279785 0.481462 0.280273 0.480932 0.280762 0.481992 0.280273 0.482521 0.280762 0.481992 0.282715 0.484640 0.283203 0.483581 0.284180 0.484110 0.284180 0.485699 0.283203 0.486229 0.283203 0.487818 0.283936 0.487818 0.284180 0.489936 0.283203 0.490466 0.282715 0.489407 0.282959 0.491525 0.282471 0.492055 0.279053 0.484110 0.279053 0.479873 0.278320 0.479873 0.278076 0.481462 0.277344 0.481992 0.277100 0.478814 0.276611 0.477754 0.275635 0.478284 0.275146 0.476695 0.275635 0.480403 0.279053 0.487818 0.281738 0.490996 0.281738 0.494703 0.280762 0.498411 0.281982 0.498941 0.282227 0.500000 0.282471 0.498941 0.282715 0.499470 0.283203 0.496292 0.283203 0.493644 0.282715 0.492055 0.283203 0.490996 0.284180 0.491525 0.284180 0.494174 0.284668 0.495233 0.284912 0.494703 0.285156 0.495763 0.285889 0.494174 0.286377 0.488347 0.285400 0.486758 0.285889 0.486229 0.284912 0.484640 0.284912 0.483051 0.285400 0.482521 0.285400 0.483581 0.285889 0.483581 0.286865 0.479873 0.286377 0.478814 0.287598 0.476695 0.287354 0.472987 0.286377 0.470339 0.285400 0.469809 0.285156 0.473517 0.284668 0.474047 0.284424 0.470339 0.282959 0.467691 0.283447 0.466102 0.282227 0.467161 0.282227 0.468750 0.282715 0.469280 0.282715 0.474047 0.282227 0.475106 0.282715 0.475636 0.282715 0.477225 0.283447 0.477225 0.284180 0.478814 0.283691 0.482521 0.282471 0.483051 0.280518 0.474576 0.281006 0.463983 0.280273 0.465042 0.278809 0.462924 0.276123 0.461864 0.275146 0.460275 0.273438 0.460805
2 0.461426 0.471398 0.463867 0.474047 0.464600 0.472458 0.466309 0.474576 0.473389 0.474576 0.473633 0.473517 0.474609 0.474576 0.476318 0.474047 0.476807 0.471928 0.477051 0.473517 0.479980 0.472458 0.481201 0.468750 0.481201 0.466102 0.483154 0.465572 0.482910 0.472987 0.485107 0.476695 0.485107 0.478284 0.482422 0.483581 0.483398 0.485169 0.482666 0.488347 0.478027 0.490466 0.478516 0.492055 0.481201 0.490996 0.481934 0.494703 0.481445 0.495763 0.481934 0.499470 0.481201 0.500530 0.479980 0.496822 0.479980 0.493114 0.478760 0.493644 0.478516 0.496292 0.479004 0.495763 0.479248 0.499470 0.479980 0.501589 0.481201 0.501589 0.482178 0.498941 0.481689 0.498411 0.482178 0.493644 0.483643 0.493114 0.484131 0.490996 0.484375 0.495233 0.482910 0.498941 0.483887 0.499470 0.484375 0.501589 0.482422 0.503178 0.483398 0.508475 0.484131 0.509004 0.485107 0.503178 0.485107 0.500000 0.484375 0.499470 0.484863 0.497352 0.487549 0.496292 0.488525 0.493644 0.489502 0.498941 0.491699 0.495233 0.490723 0.492055 0.489746 0.492585 0.489502 0.491525 0.490479 0.490466 0.489990 0.488347 0.489014 0.493644 0.488037 0.493114 0.488037 0.491525 0.489014 0.490466 0.488525 0.487288 0.489502 0.485699 0.490479 0.477754 0.489746 0.478814 0.489014 0.477225 0.489014 0.473517 0.490479 0.471928 0.490479 0.470339 0.489014 0.468220 0.484375 0.468220 0.484131 0.466631 0.485107 0.465572 0.484619 0.463453 0.484131 0.466102 0.482666 0.464513 0.483154 0.458686 0.483887 0.457097 0.484619 0.458157 0.484619 0.455508 0.482910 0.455508 0.483154 0.457627 0.480957 0.458686 0.480957 0.461335 0.481934 0.463453 0.480713 0.465042 0.477539 0.463983 0.476562 0.466102 0.476074 0.464513 0.475586 0.469280 0.476562 0.470339 0.476562 0.472458 0.475830 0.473517 0.473877 0.470339 0.474609 0.468220 0.473389 0.470339 0.471191 0.470339 0.470459 0.468750 0.470947 0.465042 0.469482 0.462924 0.464844 0.463983 0.465332 0.465572 0.466797 0.466102 0.466797 0.468750 0.466064 0.470339 0.464355 0.469280 0.462646 0.472458
2 0.459717 0.462394 0.459229 0.461335 0.459229 0.459746 0.458740 0.461864 0.457031 0.461864 0.456787 0.460275 0.455566 0.458686 0.456055 0.459746 0.456055 0.462394 0.454834 0.462924 0.453857 0.460805 0.454102 0.459216 0.454834 0.459216 0.454834 0.457627 0.453857 0.457097 0.454346 0.456038 0.454102 0.455508 0.453857 0.456568 0.453125 0.456568 0.454102 0.457627 0.453369 0.459746 0.452148 0.459746 0.451660 0.460805 0.451172 0.458686 0.451660 0.463453 0.451172 0.463983 0.450928 0.466102 0.449951 0.466631 0.449707 0.465572 0.448730 0.465572 0.448486 0.466631 0.447998 0.465042 0.447998 0.462924 0.447266 0.462924 0.447021 0.463983 0.446289 0.462924 0.446045 0.464513 0.445801 0.463453 0.445801 0.464513 0.447021 0.466631 0.447021 0.468220 0.446533 0.467161 0.446045 0.468220 0.445557 0.467691 0.444824 0.462394 0.443604 0.465042 0.442871 0.465042 0.442871 0.466102 0.443115 0.465042 0.443848 0.465572 0.443848 0.467691 0.443604 0.468220 0.442139 0.466102 0.442139 0.462924 0.441650 0.461864 0.440674 0.470339 0.441650 0.474576 0.442871 0.474047 0.442627 0.473517 0.443115 0.472987 0.442383 0.471398 0.443115 0.470869 0.443848 0.473517 0.444336 0.473517 0.444580 0.472458 0.445068 0.472987 0.445557 0.470869 0.446045 0.471928 0.446289 0.469809 0.446777 0.470869 0.446533 0.471928 0.447021 0.470869 0.447754 0.471398 0.447998 0.474047 0.446289 0.477754 0.446533 0.479873 0.447266 0.481992 0.448242 0.483051 0.451172 0.483051 0.451904 0.480932 0.452393 0.480932 0.452637 0.479343 0.452148 0.478284 0.451416 0.480403 0.450928 0.477754 0.451416 0.477225 0.450928 0.476695 0.450928 0.475106 0.449219 0.472987 0.449707 0.471928 0.450439 0.472458 0.450439 0.470339 0.451172 0.470869 0.450928 0.471928 0.451660 0.471928 0.452393 0.470339 0.450928 0.470339 0.450684 0.469809 0.451172 0.468750 0.450928 0.469280 0.450195 0.467161 0.451904 0.466631 0.452148 0.467691 0.453857 0.468750 0.454102 0.468220 0.453125 0.468220 0.452881 0.466631 0.453369 0.465572 0.454346 0.465572 0.455078 0.463453 0.455811 0.463453 0.457520 0.466631 0.456543 0.468220 0.455566 0.466102 0.455566 0.468750 0.456055 0.469809 0.457764 0.469809 0.458252 0.468750 0.458252 0.466102 0.458740 0.465572 0.458740 0.463983 0.459717 0.463453
2 0.217773 0.455508 0.217773 0.457627 0.217773 0.457097 0.218018 0.456568 0.218262 0.457097 0.218262 0.457627 0.218506 0.457097 0.218506 0.456568 0.218750 0.456038 0.218994 0.456568 0.219238 0.456568 0.219482 0.457097 0.219727 0.457097 0.219971 0.457627 0.219971 0.458157 0.219727 0.458686 0.219727 0.459216 0.219482 0.459746 0.219238 0.459746 0.219238 0.460275 0.219482 0.460805 0.220459 0.460805 0.220703 0.461335 0.221924 0.461335 0.221680 0.460805 0.221680 0.460275 0.221436 0.459746 0.221680 0.459216 0.221680 0.458686 0.221924 0.458157 0.222412 0.458157 0.222656 0.458686 0.222656 0.459216 0.222900 0.459216 0.222900 0.458686 0.223145 0.458157 0.223877 0.458157 0.224121 0.458686 0.224121 0.459216 0.224365 0.459216 0.224365 0.457627 0.223633 0.457627 0.223389 0.457097 0.223145 0.457097 0.222900 0.457627 0.222412 0.457627 0.222168 0.458157 0.221924 0.458157 0.221680 0.457627 0.221436 0.458157 0.220459 0.458157 0.218994 0.454979 0.218750 0.454979 0.218506 0.455508 0.218750 0.456038 0.218506 0.456568 0.218262 0.456568 0.218018 0.456038 0.218018 0.455508
2 0.462891 0.453919 0.462646 0.454449 0.462402 0.454449 0.462402 0.454979 0.462158 0.455508 0.462158 0.456568 0.461914 0.457097 0.461670 0.457097 0.461426 0.457627 0.461182 0.457097 0.460938 0.457627 0.461426 0.458686 0.461426 0.459216 0.462646 0.459216 0.462891 0.459746 0.463135 0.459746 0.463379 0.460275 0.463623 0.460275 0.463867 0.460805 0.464111 0.460275 0.464355 0.460275 0.464844 0.459216 0.464844 0.458686 0.464600 0.459216 0.464355 0.458686 0.464355 0.458157 0.463623 0.456568 0.463867 0.456038 0.463867 0.454979 0.463623 0.454979 0.463135 0.453919
2 0.296875 0.453919 0.296875 0.454449 0.297119 0.454979 0.297119 0.456038 0.297363 0.456568 0.297607 0.456568 0.298096 0.457627 0.297852 0.458157 0.297607 0.458157 0.297607 0.459216 0.297852 0.459216 0.298096 0.459746 0.298096 0.461335 0.298096 0.459746 0.298340 0.459216 0.298584 0.459216 0.298828 0.459746 0.298828 0.464513 0.298584 0.465042 0.298584 0.466102 0.298828 0.466102 0.299072 0.466631 0.299316 0.466631 0.300049 0.468220 0.300293 0.468220 0.300537 0.468750 0.300537 0.469280 0.300781 0.469809 0.301025 0.469809 0.301514 0.470869 0.301758 0.470869 0.301758 0.470339 0.301270 0.469280 0.301270 0.468750 0.301025 0.468220 0.301025 0.467691 0.300049 0.465572 0.300049 0.464513 0.299805 0.463983 0.299805 0.463453 0.299561 0.462924 0.299561 0.462394 0.299316 0.461864 0.299316 0.461335 0.299072 0.460805 0.299072 0.460275 0.298584 0.459216 0.298584 0.458157 0.298340 0.457627 0.298096 0.457627 0.297852 0.457097 0.298096 0.456568 0.297852 0.456038 0.297852 0.455508 0.297607 0.455508
2 0.490967 0.452860 0.491943 0.456568 0.493164 0.457627 0.493408 0.458686 0.493164 0.459746 0.493652 0.461335 0.495361 0.460275 0.495605 0.462394 0.497803 0.461864 0.498047 0.462924 0.498779 0.462924 0.499023 0.463983 0.499268 0.463453 0.500977 0.465572 0.500488 0.466102 0.500244 0.471398 0.499756 0.469280 0.499023 0.469280 0.498779 0.470339 0.498535 0.469280 0.497803 0.469280 0.498047 0.472458 0.497559 0.472987 0.498779 0.475106 0.498291 0.477225 0.497314 0.477225 0.497070 0.476165 0.496338 0.476165 0.496094 0.475636 0.496582 0.475106 0.496338 0.474576 0.495605 0.475106 0.493164 0.472987 0.493652 0.476165 0.495117 0.479343 0.494873 0.482521 0.495605 0.483051 0.495361 0.484110 0.494385 0.483581 0.493652 0.485169 0.493896 0.485699 0.493652 0.486229 0.492676 0.484110 0.492432 0.485169 0.492676 0.490996 0.493652 0.492055 0.493652 0.495233 0.494141 0.496292 0.493896 0.500000 0.494141 0.499470 0.494873 0.500530 0.494385 0.502119 0.495361 0.504767 0.495117 0.506356 0.493896 0.509004 0.493652 0.508475 0.493652 0.509534 0.494385 0.510593 0.496094 0.502648 0.496094 0.498411 0.495605 0.496292 0.495605 0.494174 0.496582 0.493114 0.498291 0.488877 0.500000 0.486229 0.503174 0.484110 0.503174 0.481462 0.504883 0.476695 0.503662 0.473517 0.503418 0.468220 0.502441 0.466631 0.502686 0.463453 0.500488 0.461335 0.499756 0.459746 0.500244 0.458157 0.501221 0.457627 0.500244 0.456568 0.500244 0.453919 0.499756 0.454449 0.499512 0.453919 0.499268 0.454979 0.499023 0.453919 0.495117 0.453919 0.494873 0.454449 0.495361 0.456038 0.494629 0.457097 0.494385 0.453919 0.492676 0.453919
2 0.298828 0.451801 0.298828 0.452331 0.299072 0.452860 0.299561 0.452860 0.300049 0.453919 0.300293 0.453919 0.300537 0.454449 0.301758 0.454449 0.302002 0.453919 0.303955 0.453919 0.303955 0.453390 0.303711 0.453390 0.303467 0.452860 0.303223 0.452860 0.302979 0.452331 0.302734 0.452331 0.302246 0.451271 0.302002 0.451271 0.301514 0.450212 0.301025 0.450212 0.300781 0.449682 0.300781 0.448623 0.300537 0.448093 0.299805 0.448093 0.299805 0.449153 0.299561 0.449682 0.299561 0.450212
2 0.306885 0.449153 0.307373 0.450742 0.307129 0.451271 0.307617 0.451271 0.308105 0.452331 0.308105 0.452860 0.308350 0.452860 0.309082 0.454449 0.309326 0.454449 0.309570 0.454979 0.310059 0.454979 0.310303 0.455508 0.310547 0.455508 0.310791 0.456038 0.311035 0.456038 0.311279 0.456568 0.311523 0.456568 0.311768 0.457097 0.312012 0.457097 0.312256 0.457627 0.312500 0.457627 0.312744 0.457097 0.313721 0.457097 0.313965 0.456568 0.313965 0.455508 0.313721 0.455508 0.313232 0.454449 0.313477 0.453919 0.313477 0.450742 0.313721 0.450212 0.314697 0.450212 0.314941 0.449682 0.315674 0.449682 0.315918 0.449153 0.316406 0.449153 0.316650 0.448623 0.318115 0.448623 0.318115 0.448093 0.317383 0.448093 0.317139 0.447564 0.317139 0.447034 0.316406 0.447034 0.316406 0.448093 0.316162 0.448623 0.315918 0.448623 0.315186 0.449682 0.313721 0.449682 0.313477 0.449153 0.313232 0.449682 0.312012 0.449682 0.311768 0.449153 0.312012 0.448623 0.312988 0.448623 0.313232 0.448093 0.313232 0.447034 0.311523 0.447034 0.311279 0.446504 0.311523 0.445975 0.311523 0.444915 0.311035 0.444915 0.310791 0.445445 0.310791 0.445975 0.310303 0.447034 0.309814 0.445975 0.309326 0.445975 0.308838 0.447034 0.307617 0.447034 0.307617 0.447564 0.307373 0.448093 0.307129 0.448093 0.307129 0.448623
2 0.517090 0.442267 0.516846 0.441737 0.515869 0.441737 0.515625 0.441208 0.515381 0.441737 0.514648 0.441737 0.514404 0.442267 0.514160 0.442267 0.514160 0.442797 0.513672 0.443856 0.513428 0.443856 0.513184 0.444386 0.512939 0.444386 0.512695 0.444915 0.511719 0.444915 0.511230 0.445975 0.511719 0.445975 0.511963 0.446504 0.512939 0.446504 0.513184 0.445975 0.515381 0.445975 0.515869 0.444915 0.516113 0.444915 0.516602 0.443856 0.516602 0.443326
2 0.304688 0.438030 0.304688 0.438559 0.304932 0.439089 0.304688 0.439619 0.304932 0.439089 0.305176 0.439619 0.305176 0.440148 0.305420 0.439619 0.305664 0.440148 0.305664 0.440678 0.305908 0.440678 0.306152 0.441208 0.306396 0.441208 0.306641 0.440678 0.306885 0.441208 0.307129 0.441208 0.307373 0.441737 0.307861 0.441737 0.308105 0.442267 0.308350 0.441737 0.309082 0.441737 0.307617 0.438559 0.307617 0.438030 0.307373 0.438030 0.307129 0.437500 0.304932 0.437500
2 0.471680 0.434852 0.471680 0.436970 0.472168 0.438030 0.472168 0.439619 0.472412 0.439619 0.472656 0.439089 0.473389 0.440678 0.473877 0.440678 0.474121 0.441208 0.474121 0.441737 0.474121 0.441208 0.474365 0.440678 0.474365 0.440148 0.474609 0.439619 0.474609 0.438030 0.474365 0.437500 0.474365 0.436970 0.474121 0.436441 0.474121 0.435911 0.473877 0.435381 0.474121 0.434852 0.474365 0.434852 0.474121 0.434322 0.473877 0.434852 0.473633 0.434322 0.473633 0.433792 0.473633 0.435381 0.473389 0.435911 0.473145 0.435381 0.473145 0.434852 0.472900 0.435381 0.472656 0.434852 0.472412 0.434852 0.472168 0.434322 0.471924 0.434852
2 0.340820 0.430614 0.341064 0.431144 0.341064 0.431674 0.341309 0.431674 0.341797 0.432733 0.342041 0.432733 0.342773 0.434322 0.342773 0.434852 0.343506 0.434852 0.343750 0.435381 0.343750 0.435911 0.343994 0.436441 0.343994 0.436970 0.344482 0.438030 0.344482 0.438559 0.344727 0.439089 0.344482 0.439619 0.344727 0.439089 0.345703 0.441208 0.345459 0.441737 0.345703 0.441208 0.345947 0.441737 0.346191 0.441208 0.347412 0.441208 0.347412 0.440678 0.347656 0.440148 0.348145 0.441208 0.348389 0.441208 0.348877 0.440148 0.349121 0.440678 0.349121 0.441208 0.348877 0.441737 0.351074 0.441737 0.351318 0.441208 0.351318 0.440678 0.350830 0.440678 0.350586 0.441208 0.350342 0.440678 0.350098 0.440678 0.349854 0.441208 0.349365 0.439619 0.348877 0.439619 0.348633 0.440148 0.348389 0.439619 0.348389 0.438559 0.348145 0.438559 0.347900 0.438030 0.347900 0.437500 0.347656 0.437500 0.347168 0.436441 0.346924 0.436441 0.346680 0.435911 0.346436 0.435911 0.346191 0.435381 0.346191 0.434852 0.345947 0.435381 0.345947 0.436441 0.346191 0.436970 0.345947 0.437500 0.345215 0.437500 0.344727 0.436441 0.344727 0.435381 0.344238 0.435381 0.343994 0.434852 0.343994 0.434322 0.343750 0.434322 0.343506 0.433792 0.343506 0.432733 0.343994 0.431674 0.344238 0.431674 0.343506 0.430085 0.343262 0.430085 0.343018 0.429555 0.342773 0.429555 0.342529 0.430085 0.342773 0.430614 0.342529 0.431144 0.342041 0.431144 0.341553 0.430085 0.341309 0.430614
2 0.485352 0.432203 0.485352 0.434852 0.485107 0.435381 0.484863 0.435381 0.484863 0.435911 0.485107 0.435911 0.485352 0.436441 0.485352 0.438030 0.485596 0.438030 0.485596 0.436970 0.485840 0.436441 0.486084 0.436970 0.486084 0.437500 0.486572 0.439089 0.486328 0.439619 0.486572 0.439089 0.487061 0.439089 0.487549 0.440148 0.487793 0.440148 0.488037 0.440678 0.488770 0.440678 0.489014 0.441208 0.489502 0.441208 0.489746 0.441737 0.490479 0.441737 0.490723 0.442267 0.491211 0.442267 0.491455 0.442797 0.492188 0.442797 0.492432 0.443326 0.494873 0.443326 0.495117 0.443856 0.495850 0.443856 0.496094 0.444386 0.496094 0.443856 0.496338 0.443326 0.496582 0.443856 0.496582 0.444915 0.497314 0.446504 0.497559 0.446504 0.497803 0.445975 0.497803 0.444386 0.497559 0.443856 0.497559 0.442267 0.497314 0.441737 0.497314 0.440678 0.497559 0.440148 0.497314 0.439619 0.497070 0.439619 0.496826 0.440148 0.496338 0.440148 0.496094 0.440678 0.495361 0.440678 0.495117 0.441208 0.493652 0.441208 0.493408 0.440678 0.492432 0.440678 0.492188 0.440148 0.492188 0.440678 0.491943 0.441208 0.491455 0.440148 0.491455 0.438559 0.491699 0.438030 0.491943 0.438030 0.491699 0.437500 0.491699 0.436441 0.491455 0.435911 0.491455 0.435381 0.491211 0.435381 0.490479 0.433792 0.490479 0.433263 0.490234 0.433263 0.489990 0.432733 0.489990 0.431144 0.489258 0.431144 0.488770 0.430085 0.488525 0.430614 0.487305 0.429025 0.486816 0.429025 0.486816 0.429555 0.486572 0.430085 0.486328 0.430085 0.486328 0.431144 0.486084 0.431674 0.486084 0.432203 0.485840 0.432733 0.485596 0.432203
2 0.477539 0.424788 0.477539 0.425318 0.477295 0.425847 0.476807 0.425847 0.476807 0.426377 0.476562 0.426907 0.476807 0.427436 0.476562 0.427966 0.476562 0.428496 0.476318 0.429025 0.476074 0.428496 0.475830 0.429025 0.475586 0.429025 0.475342 0.429555 0.475098 0.429025 0.475098 0.428496 0.475098 0.429025 0.475342 0.429555 0.475342 0.430614 0.475586 0.431144 0.475586 0.431674 0.475830 0.432203 0.476074 0.432203 0.476318 0.432733 0.476074 0.433263 0.476318 0.433792 0.476074 0.434322 0.475830 0.434322 0.476074 0.434322 0.476318 0.434852 0.476318 0.435381 0.476562 0.435381 0.477051 0.436441 0.478271 0.436441 0.478516 0.436970 0.478516 0.437500 0.478271 0.438030 0.478027 0.437500 0.478027 0.438030 0.477783 0.438559 0.477783 0.439089 0.477539 0.439619 0.477783 0.440148 0.478027 0.440148 0.478271 0.440678 0.479248 0.440678 0.479492 0.440148 0.479736 0.440148 0.479736 0.438559 0.479980 0.438030 0.480225 0.438030 0.480469 0.437500 0.479980 0.436441 0.479736 0.436441 0.479492 0.435911 0.479248 0.436441 0.478516 0.434852 0.478027 0.434852 0.477783 0.434322 0.478027 0.433792 0.478760 0.433792 0.478760 0.433263 0.479004 0.432733 0.479980 0.432733 0.480225 0.432203 0.480225 0.430085 0.480713 0.429025 0.480713 0.428496 0.480469 0.428496 0.480225 0.427966 0.480225 0.427436 0.479980 0.427436 0.479736 0.427966 0.479492 0.427436 0.479248 0.427966 0.479004 0.427436 0.479004 0.426907 0.478760 0.426907 0.478516 0.426377 0.478760 0.425847 0.478516 0.425847 0.478516 0.426377 0.478271 0.426907 0.477783 0.425847 0.478027 0.425318 0.477783 0.424788
2 0.297119 0.422669 0.297119 0.423729 0.297363 0.424258 0.297363 0.424788 0.298584 0.427436 0.298584 0.427966 0.298828 0.427966 0.299805 0.430085 0.299805 0.430614 0.300049 0.430614 0.300049 0.429555 0.300293 0.429025 0.300781 0.430085 0.301025 0.430085 0.301514 0.431144 0.301758 0.431144 0.302002 0.431674 0.302490 0.431674 0.302490 0.430085 0.302246 0.429555 0.302246 0.429025 0.301758 0.427966 0.301514 0.428496 0.301270 0.427966 0.300781 0.427966 0.300537 0.427436 0.300781 0.426907 0.301025 0.426907 0.301025 0.426377 0.300537 0.425318 0.300293 0.425318 0.300049 0.424788 0.299805 0.424788 0.299561 0.424258 0.299316 0.424258 0.299072 0.423729 0.298340 0.423729 0.298096 0.423199 0.297852 0.423199 0.297607 0.422669
2 0.475098 0.423199 0.475098 0.424788 0.475342 0.425318 0.475586 0.424788 0.476074 0.424788 0.476318 0.424258 0.476562 0.424258 0.476807 0.423729 0.477295 0.423729 0.477539 0.423199 0.477783 0.423199 0.478027 0.423729 0.478760 0.423729 0.479004 0.423199 0.479492 0.423199 0.479736 0.422669 0.479980 0.423199 0.480225 0.422669 0.480469 0.423199 0.480713 0.422669 0.480957 0.423199 0.480957 0.423729 0.480713 0.424258 0.480469 0.424258 0.480957 0.424258 0.480957 0.422669 0.480713 0.422140 0.480469 0.422140 0.479980 0.421081 0.479736 0.421081 0.479492 0.420551 0.479248 0.420551 0.478760 0.419492 0.478516 0.419492 0.478027 0.418432 0.477783 0.418432 0.477539 0.417903 0.476807 0.417903 0.476562 0.418432 0.476562 0.420021 0.476318 0.420551 0.476318 0.421081 0.475830 0.422140 0.475342 0.422140 0.475342 0.422669
2 0.259033 0.428496 0.259277 0.432203 0.257080 0.436441 0.257324 0.438030 0.258789 0.437500 0.258545 0.440678 0.257080 0.440678 0.257080 0.442797 0.258545 0.447034 0.263184 0.447034 0.262451 0.446504 0.262695 0.445445 0.261475 0.440678 0.263184 0.444386 0.264648 0.443326 0.265625 0.445445 0.264893 0.446504 0.265625 0.446504 0.266113 0.442267 0.268799 0.443326 0.268555 0.442267 0.269775 0.442267 0.270508 0.443856 0.269775 0.445975 0.268799 0.444915 0.267334 0.445445 0.267334 0.443856 0.266357 0.443326 0.267090 0.444386 0.266357 0.447034 0.268555 0.448623 0.269043 0.453919 0.270264 0.450742 0.273682 0.451801 0.274414 0.452860 0.274170 0.454449 0.270752 0.454979 0.271484 0.457627 0.275879 0.459216 0.278076 0.457097 0.278320 0.452860 0.279541 0.452860 0.280029 0.454449 0.279785 0.457097 0.279297 0.457097 0.279297 0.460275 0.279785 0.461864 0.281250 0.460805 0.282227 0.453919 0.282227 0.447034 0.281250 0.448093 0.280762 0.444915 0.279785 0.443856 0.280029 0.445975 0.277344 0.445975 0.277344 0.448623 0.278320 0.449153 0.278076 0.452331 0.276123 0.450742 0.275879 0.445975 0.276367 0.447034 0.276123 0.444915 0.277344 0.439619 0.278076 0.440148 0.277588 0.436441 0.276367 0.433263 0.273682 0.433263 0.273193 0.431144 0.270996 0.432203 0.269775 0.428496 0.271240 0.424788 0.272217 0.418962 0.271240 0.414725 0.270020 0.415254 0.270264 0.421081 0.269531 0.423729 0.268066 0.423729 0.266846 0.422140 0.266113 0.423729 0.266357 0.425318 0.266846 0.424258 0.267090 0.431674 0.266113 0.432733 0.266846 0.435381 0.266357 0.435911 0.267578 0.437500 0.266846 0.436441 0.268066 0.435381 0.268555 0.436441 0.268311 0.434322 0.269531 0.435381 0.268799 0.438559 0.268066 0.437500 0.267822 0.440148 0.265381 0.435911 0.264893 0.432733 0.265625 0.432733 0.263916 0.430614 0.264404 0.429555 0.261963 0.429025 0.260986 0.427436 0.260986 0.425847 0.259766 0.428496
2 0.261230 0.407839 0.260986 0.408369 0.260742 0.407839 0.260742 0.408369 0.260986 0.408369 0.261230 0.408898 0.261230 0.409428 0.260986 0.409958 0.260498 0.409958 0.260010 0.411017 0.259766 0.411017 0.259521 0.411547 0.259277 0.411017 0.259033 0.411017 0.258301 0.409428 0.257812 0.409428 0.257812 0.413136 0.258057 0.413136 0.258301 0.413665 0.258301 0.414195 0.258545 0.413665 0.259033 0.414725 0.259277 0.414725 0.259521 0.415254 0.259766 0.414725 0.260010 0.414725 0.260010 0.414195 0.260254 0.413665 0.260498 0.413665 0.261230 0.412076 0.261230 0.411547 0.261475 0.411017 0.261475 0.410487 0.261230 0.409958
2 0.460449 0.400424 0.460938 0.402013 0.460205 0.403602 0.458252 0.404661 0.457031 0.406780 0.456543 0.406780 0.456299 0.408898 0.456543 0.410487 0.457031 0.411017 0.457031 0.412606 0.456787 0.413136 0.456055 0.412606 0.455322 0.413665 0.456787 0.416843 0.456543 0.418962 0.456055 0.420021 0.457275 0.417373 0.457764 0.417903 0.457764 0.418962 0.456787 0.420551 0.457520 0.422669 0.457764 0.422140 0.458496 0.422669 0.458496 0.424788 0.458740 0.424258 0.459229 0.425318 0.458984 0.426377 0.459961 0.427966 0.459473 0.429555 0.459961 0.428496 0.461182 0.428496 0.461426 0.429025 0.461426 0.432203 0.462891 0.432733 0.463135 0.433263 0.462891 0.433792 0.463379 0.432733 0.464355 0.432733 0.465088 0.433792 0.465332 0.435381 0.465820 0.433792 0.467773 0.438030 0.468750 0.436441 0.468506 0.435381 0.468994 0.434852 0.469727 0.436970 0.469727 0.438559 0.469971 0.437500 0.470215 0.439089 0.470215 0.436970 0.470703 0.435381 0.469971 0.434322 0.470459 0.432203 0.469482 0.432203 0.468994 0.433792 0.468262 0.432733 0.468506 0.430614 0.467773 0.431144 0.467285 0.430085 0.466797 0.426907 0.465332 0.423729 0.465820 0.423199 0.465820 0.422669 0.465576 0.423199 0.465332 0.422669 0.465332 0.421081 0.465576 0.420551 0.465820 0.421081 0.465820 0.418962 0.464600 0.417373 0.464844 0.416843 0.464355 0.416314 0.464600 0.415784 0.463623 0.416314 0.463379 0.415784 0.463623 0.414195 0.462891 0.412606 0.461914 0.412606 0.461670 0.412076 0.461914 0.409958 0.462891 0.408898 0.462891 0.407309 0.463135 0.406780 0.463623 0.407309 0.463867 0.405720 0.464111 0.406250 0.464600 0.405720 0.464844 0.402542 0.465088 0.402013 0.465332 0.403602 0.465576 0.402542 0.465088 0.401483 0.464111 0.402013 0.463623 0.400424 0.462891 0.400424 0.462646 0.399364 0.462402 0.399364 0.462891 0.400424 0.462646 0.401483 0.460938 0.401483
2 0.480225 0.407309 0.479736 0.407309 0.479248 0.406250 0.478760 0.406250 0.478516 0.405720 0.477783 0.405720 0.476807 0.403602 0.477051 0.403072 0.477295 0.403072 0.477295 0.402542 0.477051 0.402542 0.476807 0.402013 0.476807 0.399894 0.477051 0.399364 0.477051 0.398835 0.477051 0.399364 0.476562 0.400424 0.476562 0.402013 0.476318 0.402542 0.476074 0.402542 0.476074 0.403072 0.475830 0.403602 0.475098 0.403602 0.474854 0.403072 0.474854 0.402542 0.474609 0.402542 0.474609 0.403602 0.475098 0.404661 0.475098 0.405191 0.475342 0.405720 0.475098 0.406250 0.475098 0.406780 0.474854 0.407309 0.474854 0.408898 0.475098 0.408369 0.476074 0.408369 0.476318 0.408898 0.476562 0.408898 0.477051 0.407839 0.479736 0.407839 0.479980 0.407309
2 0.157227 0.400424 0.157227 0.400953 0.158447 0.400953 0.158691 0.401483 0.159424 0.401483 0.159668 0.402013 0.160645 0.402013 0.160889 0.402542 0.162354 0.402542 0.162598 0.402013 0.163818 0.402013 0.163818 0.401483 0.163574 0.400953 0.163818 0.400424 0.163086 0.400424 0.162842 0.399894 0.162842 0.399364 0.162598 0.399364 0.162598 0.399894 0.162354 0.400424 0.162109 0.400424 0.161865 0.399894 0.161865 0.399364 0.161621 0.399364 0.161133 0.398305 0.161133 0.397775 0.161133 0.398835 0.160889 0.399364 0.160645 0.399364 0.160400 0.398835 0.160645 0.398305 0.160645 0.397775 0.160645 0.398305 0.160400 0.398835 0.160156 0.398305 0.160156 0.397775 0.159912 0.398305 0.159668 0.398305 0.159424 0.398835 0.158691 0.398835 0.158447 0.399364 0.158203 0.399364 0.157715 0.400424 0.157471 0.399894
2 0.446045 0.402542 0.446289 0.402013 0.446533 0.402542 0.446533 0.403072 0.447021 0.403072 0.447021 0.402542 0.447266 0.402013 0.447510 0.402013 0.447998 0.400953 0.448486 0.400953 0.448730 0.400424 0.448975 0.400424 0.449219 0.399894 0.449463 0.399894 0.449707 0.399364 0.449951 0.399364 0.450195 0.398835 0.450684 0.398835 0.450928 0.398305 0.452148 0.398305 0.451172 0.398305 0.450928 0.397775 0.450439 0.397775 0.450195 0.397246 0.449463 0.397246 0.449219 0.397775 0.448975 0.397246 0.448730 0.397246 0.448730 0.398305 0.448486 0.398835 0.447998 0.398835 0.447266 0.397246 0.447266 0.396716 0.447266 0.397246 0.447021 0.397775 0.447021 0.398835 0.446777 0.399364 0.446533 0.399364 0.446045 0.400424 0.446289 0.400953 0.446289 0.402013
2 0.172852 0.397775 0.173096 0.397775 0.173340 0.398305 0.173828 0.398305 0.174072 0.398835 0.174316 0.398835 0.174561 0.399364 0.174805 0.399364 0.175293 0.400424 0.175537 0.400424 0.175781 0.400953 0.176025 0.400953 0.176270 0.401483 0.176514 0.401483 0.176758 0.402013 0.177002 0.402013 0.178467 0.398835 0.178711 0.398835 0.178711 0.398305 0.178223 0.398305 0.177979 0.397775 0.177002 0.397775 0.176758 0.397246 0.176514 0.397246 0.176270 0.396716 0.176025 0.396716 0.175781 0.396186 0.175537 0.396716 0.175781 0.397246 0.175537 0.397775
2 0.475830 0.399364 0.475342 0.398305 0.474854 0.398305 0.474121 0.396716 0.473877 0.396716 0.473633 0.396186 0.473633 0.395657 0.473389 0.395657 0.473145 0.395127 0.472900 0.395657 0.472656 0.395127 0.472168 0.395127 0.471924 0.395657 0.470947 0.395657 0.470703 0.396186 0.470215 0.396186 0.469971 0.396716 0.469727 0.396716 0.469482 0.397246 0.469482 0.397775 0.469238 0.398305 0.468994 0.398305 0.468750 0.398835 0.468750 0.399894 0.468506 0.400424 0.468506 0.400953 0.468262 0.401483 0.468262 0.402013 0.468506 0.402542 0.468262 0.403072 0.468506 0.403602 0.468262 0.404131 0.468506 0.404661 0.468506 0.405720 0.468750 0.406250 0.468994 0.406250 0.469238 0.406780 0.469482 0.406250 0.469727 0.406780 0.470215 0.406780 0.470459 0.406250 0.470947 0.406250 0.471191 0.406780 0.471191 0.404661 0.470947 0.404131 0.470947 0.403602 0.470703 0.403072 0.470703 0.402542 0.470459 0.402542 0.470215 0.402013 0.470215 0.401483 0.469727 0.401483 0.469482 0.400953 0.469482 0.398835 0.469727 0.398305 0.469971 0.398835 0.470947 0.398835 0.471191 0.399364 0.471436 0.398835 0.471680 0.399364 0.471924 0.398835 0.472412 0.398835 0.472900 0.399894 0.473145 0.399894 0.473633 0.398835 0.473877 0.398835 0.474365 0.397775 0.474609 0.398305 0.474854 0.398305 0.475098 0.398835 0.475342 0.398835 0.475586 0.399364
2 0.463867 0.393008 0.464355 0.394068 0.464355 0.394597 0.464111 0.395127 0.463867 0.394597 0.462891 0.394597 0.462891 0.395127 0.462646 0.395657 0.462402 0.395657 0.462158 0.396186 0.461914 0.396186 0.461914 0.396716 0.462158 0.396716 0.462402 0.397246 0.462402 0.397775 0.462646 0.397775 0.462891 0.397246 0.463135 0.397775 0.463135 0.398305 0.463379 0.397775 0.463867 0.397775 0.464111 0.398305 0.463867 0.398835 0.464111 0.399364 0.464111 0.400424 0.464355 0.399894 0.464600 0.400424 0.464844 0.400424 0.465576 0.398835 0.465088 0.397775 0.465332 0.397246 0.465576 0.397246 0.466797 0.394597 0.466553 0.394597 0.466309 0.394068 0.466309 0.393538 0.465576 0.393538 0.465332 0.393008 0.465332 0.393538 0.465088 0.394068 0.464844 0.393538 0.464844 0.393008 0.464844 0.393538 0.464600 0.394068 0.464355 0.393538 0.464355 0.393008
2 0.440186 0.393008 0.439941 0.393538 0.440186 0.393538 0.440918 0.395127 0.440918 0.395657 0.441162 0.395657 0.441650 0.396716 0.442139 0.396716 0.442383 0.397246 0.442627 0.397246 0.442871 0.397775 0.443115 0.397775 0.443604 0.398835 0.443604 0.399364 0.443115 0.400424 0.442871 0.400424 0.442871 0.400953 0.442627 0.401483 0.442383 0.400953 0.442139 0.401483 0.441895 0.401483 0.442139 0.402013 0.442383 0.402013 0.442627 0.402542 0.442627 0.403072 0.442871 0.403602 0.443115 0.403602 0.443604 0.404661 0.443848 0.404131 0.444336 0.404131 0.444336 0.402013 0.444092 0.401483 0.444092 0.400424 0.443848 0.399894 0.443848 0.397246 0.443604 0.396716 0.443604 0.395657 0.443359 0.395657 0.443115 0.395127 0.441650 0.395127 0.441162 0.394068 0.440918 0.394068 0.440674 0.393538 0.440430 0.393538
2 0.432373 0.403602 0.432373 0.402542 0.431885 0.402542 0.431641 0.403072 0.431396 0.402542 0.431396 0.402013 0.432373 0.399894 0.432373 0.398305 0.432129 0.398305 0.431885 0.397775 0.431641 0.397775 0.431396 0.397246 0.431641 0.396716 0.432373 0.396716 0.432373 0.394597 0.431641 0.393008 0.431152 0.393008 0.430664 0.394068 0.430420 0.394068 0.430176 0.394597 0.429932 0.394068 0.429443 0.395127 0.429443 0.395657 0.429199 0.396186 0.428955 0.396186 0.428711 0.396716 0.427002 0.396716 0.426270 0.398305 0.426025 0.398305 0.425781 0.397775 0.424805 0.397775 0.424561 0.398305 0.424316 0.398305 0.424072 0.398835 0.423828 0.398835 0.424072 0.398835 0.424316 0.399364 0.424072 0.399894 0.425537 0.399894 0.425781 0.400424 0.426025 0.400424 0.426514 0.399364 0.426758 0.399364 0.427002 0.399894 0.427490 0.398835 0.427734 0.398835 0.427979 0.399364 0.429199 0.399364 0.429443 0.399894 0.429688 0.399894 0.429932 0.400424 0.430420 0.400424 0.430908 0.401483 0.430908 0.402013 0.431152 0.402542 0.431152 0.403072 0.431396 0.403072 0.431641 0.403602 0.431641 0.404131 0.432129 0.404131
2 0.278564 0.387712 0.277344 0.387712 0.277100 0.388771 0.276367 0.388771 0.276123 0.389831 0.275391 0.389831 0.275391 0.392479 0.274902 0.393008 0.274658 0.394068 0.274414 0.394068 0.274414 0.394597 0.274658 0.394597 0.274902 0.395657 0.275391 0.396186 0.275391 0.397775 0.275146 0.398305 0.273682 0.398305 0.273438 0.397775 0.272949 0.397775 0.272705 0.398305 0.272949 0.399894 0.273926 0.400424 0.274902 0.402542 0.274902 0.404131 0.275146 0.404131 0.275146 0.403072 0.275391 0.402542 0.275635 0.403072 0.275391 0.402542 0.275635 0.401483 0.275146 0.400953 0.275146 0.399364 0.275635 0.398835 0.275879 0.397775 0.276611 0.397775 0.276855 0.398305 0.276855 0.399894 0.276367 0.400424 0.276367 0.406250 0.276123 0.406780 0.275391 0.406780 0.275146 0.405720 0.274658 0.405720 0.274902 0.406780 0.274902 0.408369 0.274414 0.408898 0.274170 0.409958 0.273926 0.409958 0.273926 0.412606 0.273438 0.413665 0.273193 0.413136 0.273438 0.411547 0.273193 0.412076 0.272949 0.411017 0.272705 0.412076 0.272217 0.412076 0.271973 0.411547 0.272461 0.411017 0.272217 0.409958 0.271729 0.411017 0.271973 0.411547 0.271973 0.413665 0.272217 0.413665 0.272461 0.414725 0.273438 0.414725 0.273926 0.413665 0.274658 0.413665 0.274902 0.412606 0.276123 0.412606 0.276367 0.411547 0.277100 0.411547 0.277344 0.412606 0.279053 0.412606 0.279053 0.412076 0.279541 0.411547 0.279785 0.410487 0.280029 0.410487 0.280029 0.409958 0.279785 0.409958 0.279541 0.408898 0.279297 0.408898 0.279053 0.407839 0.278564 0.407309 0.278564 0.401483 0.278076 0.400953 0.278076 0.399364 0.277344 0.399364 0.277100 0.398835 0.277344 0.397775 0.278076 0.397775 0.278076 0.389831 0.278320 0.389301 0.279053 0.389301 0.279053 0.388771 0.278809 0.388771
2 0.434326 0.387712 0.434570 0.389301 0.434082 0.390360 0.434082 0.392479 0.434326 0.393538 0.434082 0.394068 0.434082 0.395127 0.433594 0.395657 0.433594 0.396716 0.433838 0.397246 0.433594 0.398305 0.433594 0.401483 0.433350 0.402013 0.433594 0.403602 0.434570 0.404661 0.434570 0.404131 0.435059 0.403602 0.435547 0.404661 0.435547 0.405191 0.435059 0.405720 0.435303 0.406250 0.436279 0.406250 0.436768 0.407309 0.436768 0.407839 0.437500 0.408898 0.437988 0.408369 0.438232 0.409428 0.438721 0.409428 0.438965 0.409958 0.439697 0.409958 0.439941 0.410487 0.441162 0.410487 0.441650 0.411547 0.441406 0.412076 0.441650 0.412606 0.442139 0.411017 0.441650 0.408898 0.440918 0.408898 0.440674 0.407839 0.439941 0.407839 0.439453 0.406780 0.438965 0.406250 0.438477 0.406250 0.437744 0.405191 0.437988 0.404131 0.438232 0.404131 0.438721 0.405191 0.438965 0.403602 0.438477 0.403602 0.438232 0.402542 0.437744 0.402013 0.437744 0.401483 0.438477 0.400424 0.438721 0.401483 0.439453 0.401483 0.439697 0.402013 0.440186 0.402013 0.440674 0.403072 0.441162 0.402542 0.441162 0.402013 0.440430 0.399894 0.438477 0.399894 0.438232 0.399364 0.437744 0.399364 0.436768 0.398305 0.437256 0.397775 0.437256 0.396716 0.437500 0.396186 0.437988 0.396716 0.439697 0.396716 0.439941 0.395657 0.439697 0.394597 0.438721 0.392479 0.437744 0.392479 0.437500 0.393008 0.437012 0.393008 0.436768 0.392479 0.436768 0.391949 0.437500 0.390890 0.437256 0.390360 0.437256 0.388242 0.437012 0.387712 0.437012 0.386653 0.437500 0.386123 0.437012 0.386123 0.436768 0.386653 0.435547 0.386653 0.435303 0.387182 0.434814 0.387182
2 0.494385 0.411547 0.496338 0.421081 0.492676 0.426377 0.497559 0.424258 0.494873 0.415254 0.498291 0.410487 0.502686 0.427966 0.499512 0.427966 0.501465 0.435381 0.517090 0.431144 0.522461 0.449153 0.526611 0.450212 0.527344 0.462924 0.524902 0.458686 0.516357 0.470339 0.519531 0.478814 0.509277 0.468220 0.505371 0.477225 0.515869 0.480932 0.517822 0.494703 0.513672 0.505826 0.519043 0.510593 0.523193 0.505826 0.524414 0.516949 0.539795 0.524364 0.533936 0.532839 0.534668 0.540784 0.557129 0.549258 0.560303 0.537606 0.575928 0.519068 0.590576 0.487818 0.591064 0.471398 0.583252 0.455508 0.579102 0.427436 0.582031 0.418432 0.572021 0.403602 0.568604 0.408898 0.571045 0.400424 0.558594 0.407839 0.557861 0.419492 0.553711 0.424258 0.545166 0.417373 0.534180 0.383475 0.520264 0.379767 0.514648 0.394597 0.518555 0.408898 0.530273 0.402013 0.537354 0.407839 0.534180 0.416843 0.539551 0.439089 0.543701 0.435381 0.548340 0.444915 0.555664 0.430614 0.558838 0.439619 0.557373 0.434852 0.557617 0.440678 0.552002 0.439089 0.557617 0.444915 0.554688 0.447034 0.558105 0.460275 0.561523 0.451801 0.564453 0.454979 0.566406 0.443326 0.571777 0.448623 0.572998 0.438559 0.567383 0.437500 0.575928 0.435911 0.580811 0.448623 0.575684 0.465572 0.583008 0.477754 0.576904 0.490466 0.568359 0.481462 0.569824 0.459216 0.569336 0.468750 0.566162 0.469809 0.567627 0.479343 0.564209 0.475106 0.564209 0.483051 0.560059 0.473517 0.561279 0.460275 0.558594 0.463983 0.560303 0.468220 0.557617 0.464513 0.560059 0.481462 0.558594 0.486229 0.556152 0.479873 0.556152 0.485169 0.553955 0.468220 0.551514 0.474576 0.548584 0.468750 0.551514 0.451801 0.550537 0.456568 0.541748 0.443856 0.541016 0.450212 0.539795 0.440678 0.534668 0.445975 0.529785 0.432203 0.522949 0.438559 0.519531 0.423199 0.504395 0.429025 0.502441 0.407839
2 0.445068 0.376589 0.444824 0.376059 0.444824 0.375530 0.443359 0.375530 0.443115 0.375000 0.443115 0.374470 0.442139 0.374470 0.441895 0.373941 0.441895 0.373411 0.441406 0.373411 0.440674 0.375000 0.440430 0.374470 0.440186 0.375000 0.439941 0.374470 0.439453 0.374470 0.439209 0.375000 0.438477 0.375000 0.437988 0.376059 0.437988 0.376589 0.438721 0.376589 0.438965 0.377119 0.438965 0.378178 0.439209 0.378178 0.439697 0.379237 0.439941 0.379237 0.440186 0.379767 0.440186 0.380297 0.439941 0.380826 0.439697 0.380297 0.439209 0.380297 0.438965 0.379767 0.438721 0.380297 0.438477 0.380297 0.438477 0.380826 0.438232 0.381356 0.437500 0.381356 0.437256 0.380826 0.437256 0.379767 0.436768 0.380826 0.437256 0.380826 0.437500 0.381356 0.437500 0.382945 0.437256 0.383475 0.437012 0.383475 0.437012 0.384004 0.436768 0.384534 0.436523 0.384534 0.436523 0.385064 0.437012 0.385064 0.437500 0.384004 0.437744 0.384004 0.437744 0.383475 0.437988 0.382945 0.438232 0.382945 0.438232 0.382415 0.438477 0.381886 0.438721 0.381886 0.438721 0.381356 0.438965 0.380826 0.439697 0.380826 0.439941 0.381356 0.439941 0.381886 0.439697 0.382415 0.439453 0.382415 0.439453 0.382945 0.441406 0.382945 0.441650 0.383475 0.442139 0.383475 0.442383 0.382945 0.442871 0.382945 0.443115 0.382415 0.443115 0.381356 0.443359 0.380826 0.443848 0.380826 0.444092 0.380297 0.443848 0.380297 0.443604 0.379767 0.443604 0.379237 0.443848 0.378708 0.444092 0.378708 0.444580 0.377648 0.444824 0.377648 0.444824 0.377119
2 0.277100 0.362288 0.276123 0.363347 0.273438 0.362288 0.273193 0.363347 0.275146 0.365466 0.278320 0.372352 0.276855 0.376059 0.276855 0.378178 0.273193 0.375000 0.273682 0.373941 0.273926 0.375000 0.274414 0.373411 0.276855 0.373411 0.277100 0.372352 0.273926 0.371292 0.274658 0.369174 0.273926 0.367585 0.271484 0.366525 0.269775 0.363347 0.269531 0.365996 0.267822 0.368644 0.262939 0.368644 0.262207 0.367585 0.261719 0.369703 0.263184 0.372352 0.265381 0.370763 0.268799 0.371292 0.269043 0.372352 0.271729 0.371292 0.273438 0.372881 0.273193 0.375000 0.271973 0.375000 0.270996 0.377119 0.270996 0.378708 0.272705 0.378708 0.273438 0.380826 0.272461 0.381356 0.272949 0.382415 0.270996 0.385593 0.269775 0.381356 0.267578 0.381356 0.266846 0.383475 0.265625 0.383475 0.265137 0.380826 0.266113 0.379237 0.262695 0.380297 0.263672 0.382945 0.262695 0.385593 0.262451 0.389831 0.261475 0.388771 0.261475 0.386653 0.260254 0.388771 0.260742 0.393538 0.262451 0.393538 0.262695 0.395657 0.264893 0.395657 0.264893 0.391949 0.264160 0.391949 0.263916 0.389831 0.265137 0.388771 0.269531 0.401483 0.270752 0.402542 0.270020 0.404131 0.270996 0.405191 0.273193 0.404131 0.273682 0.405191 0.273193 0.403072 0.272705 0.404131 0.270996 0.400953 0.271973 0.400424 0.270508 0.398835 0.270996 0.396716 0.269531 0.394068 0.270020 0.391949 0.272217 0.394068 0.271729 0.390360 0.272461 0.388771 0.271729 0.387182 0.271729 0.385064 0.272217 0.384004 0.274170 0.384534 0.275635 0.380826 0.277100 0.381356 0.278320 0.379767 0.280273 0.382415 0.280273 0.378178 0.279541 0.376589 0.281250 0.377119 0.282959 0.374470 0.282715 0.373411 0.281006 0.373411 0.281006 0.370233 0.279297 0.372881 0.279297 0.369703 0.277588 0.369174 0.276611 0.367055 0.277344 0.365996 0.279297 0.368114 0.279541 0.366525
2 0.281494 0.364407 0.281738 0.364936 0.282959 0.364936 0.283203 0.364407 0.284180 0.364407 0.284424 0.363877 0.284912 0.363877 0.285156 0.363347 0.285156 0.362288 0.285400 0.361758 0.285645 0.362288 0.285645 0.362818 0.285889 0.362818 0.286133 0.363347 0.286377 0.363347 0.286621 0.363877 0.286621 0.364407 0.286865 0.363877 0.287354 0.363877 0.287598 0.363347 0.287842 0.363877 0.287842 0.363347 0.287598 0.363347 0.287354 0.362818 0.287354 0.362288 0.287598 0.361758 0.287842 0.361758 0.287842 0.361229 0.287598 0.361229 0.287354 0.360699 0.287354 0.360169 0.286621 0.360169 0.286377 0.359640 0.285400 0.359640 0.285156 0.359110 0.284424 0.359110 0.284180 0.358581 0.283936 0.359110 0.283691 0.359110 0.283691 0.359640 0.284424 0.359640 0.284668 0.360169 0.284424 0.360699 0.284912 0.360699 0.285156 0.361229 0.285156 0.361758 0.284912 0.362288 0.283203 0.362288 0.282959 0.362818 0.282715 0.362818 0.282471 0.363347 0.281738 0.363347 0.281494 0.363877
2 0.487793 0.358051 0.486816 0.361758 0.486572 0.365466 0.486084 0.365996 0.485840 0.364936 0.485107 0.368114 0.484619 0.367585 0.485107 0.368114 0.484375 0.369174 0.484619 0.369703 0.484375 0.372881 0.483887 0.373411 0.483887 0.375000 0.483643 0.375530 0.483154 0.374470 0.482422 0.375530 0.482422 0.377648 0.481689 0.379237 0.482422 0.381356 0.481934 0.384004 0.481201 0.382415 0.480957 0.380826 0.481201 0.380297 0.480713 0.379237 0.481201 0.378708 0.481201 0.376589 0.480957 0.378178 0.480713 0.377648 0.480957 0.375530 0.480225 0.371292 0.480713 0.369703 0.480225 0.368114 0.480713 0.367055 0.480713 0.364936 0.479980 0.366525 0.479492 0.365996 0.480225 0.369174 0.479980 0.370763 0.478516 0.372881 0.478760 0.374470 0.478516 0.375000 0.479492 0.377648 0.479248 0.378178 0.477783 0.377648 0.476807 0.379767 0.478516 0.380297 0.479004 0.378708 0.479492 0.378178 0.479980 0.378708 0.480469 0.380297 0.480225 0.381886 0.479736 0.382415 0.479004 0.380826 0.478760 0.381356 0.479004 0.382945 0.478760 0.383475 0.478027 0.382945 0.477539 0.384004 0.479004 0.386123 0.479736 0.386123 0.481201 0.390360 0.481201 0.391419 0.481689 0.391949 0.481445 0.393538 0.480957 0.393008 0.479980 0.389831 0.480469 0.393008 0.479980 0.393538 0.479492 0.391949 0.479492 0.393538 0.479004 0.394068 0.479492 0.395127 0.480225 0.395127 0.480469 0.396186 0.480469 0.394597 0.481201 0.393008 0.481934 0.394597 0.481445 0.393538 0.482666 0.391419 0.482910 0.394597 0.482178 0.396186 0.481689 0.395657 0.481689 0.397775 0.481934 0.397246 0.482422 0.399364 0.483154 0.400424 0.483643 0.398835 0.484375 0.398835 0.484863 0.396716 0.486572 0.396186 0.486084 0.394068 0.485596 0.396186 0.484619 0.394068 0.484619 0.391949 0.485352 0.390360 0.486084 0.391419 0.486328 0.387182 0.485840 0.386653 0.485840 0.379237 0.486328 0.376589 0.486084 0.369703 0.488770 0.366525 0.490234 0.361758 0.490234 0.360699 0.489502 0.360699
2 0.360352 0.355932 0.360596 0.356462 0.360596 0.358051 0.360352 0.358581 0.360596 0.358051 0.361084 0.359110 0.361084 0.359640 0.361084 0.358051 0.361328 0.357521 0.361572 0.357521 0.361816 0.358051 0.361816 0.358581 0.362061 0.358581 0.362305 0.359110 0.362305 0.360699 0.362061 0.361229 0.361572 0.361229 0.361328 0.360699 0.361328 0.361758 0.361572 0.362288 0.361572 0.362818 0.361572 0.362288 0.361816 0.361758 0.362061 0.361758 0.362305 0.362288 0.362305 0.364407 0.362061 0.364936 0.361816 0.364407 0.361816 0.363877 0.361328 0.364936 0.361328 0.365996 0.361084 0.366525 0.360840 0.366525 0.360840 0.367055 0.360596 0.367585 0.360352 0.367055 0.360107 0.367055 0.360107 0.369174 0.360352 0.369703 0.360352 0.371292 0.360596 0.371822 0.360596 0.374470 0.360352 0.375000 0.360352 0.378708 0.360107 0.379237 0.359863 0.379237 0.359863 0.380297 0.360107 0.380826 0.360840 0.380826 0.361328 0.381886 0.361328 0.382415 0.361572 0.382415 0.361816 0.382945 0.362549 0.382945 0.362549 0.382415 0.362793 0.381886 0.362793 0.381356 0.362549 0.380826 0.362549 0.379767 0.361816 0.378708 0.361816 0.378178 0.362061 0.377648 0.362305 0.377648 0.362305 0.374470 0.362549 0.373941 0.362549 0.372881 0.362305 0.372352 0.362305 0.371822 0.362793 0.370233 0.362793 0.367585 0.363281 0.366525 0.363281 0.365996 0.363525 0.365466 0.363770 0.365466 0.363770 0.364936 0.364014 0.364407 0.363770 0.363877 0.363770 0.362288 0.362793 0.360169 0.362793 0.359640 0.362549 0.359640 0.362305 0.359110 0.362305 0.358581 0.361816 0.357521 0.361816 0.356992 0.361084 0.355932
2 0.484375 0.352225 0.484131 0.352225 0.483887 0.351695 0.483398 0.351695 0.483398 0.352225 0.483154 0.352754 0.482422 0.352754 0.482422 0.353284 0.482178 0.353814 0.481934 0.353814 0.481934 0.354343 0.481689 0.354873 0.481445 0.354873 0.481445 0.355403 0.481201 0.355932 0.479980 0.355932 0.479248 0.354343 0.479248 0.353814 0.478027 0.353814 0.477783 0.354343 0.477783 0.355403 0.477295 0.356462 0.477051 0.356462 0.477295 0.356462 0.477539 0.356992 0.477539 0.357521 0.477783 0.358051 0.477783 0.358581 0.478027 0.359110 0.478027 0.359640 0.478271 0.359640 0.478271 0.357521 0.478516 0.356992 0.478271 0.356462 0.478271 0.355932 0.478516 0.355403 0.479248 0.355403 0.479492 0.355932 0.479492 0.356462 0.479736 0.356462 0.479980 0.356992 0.479980 0.358581 0.480225 0.358581 0.480713 0.357521 0.484131 0.357521 0.484131 0.356992 0.484375 0.356462 0.484619 0.356462 0.484619 0.355932 0.482910 0.355932 0.482666 0.355403 0.482666 0.354873 0.482910 0.354343 0.483643 0.354343 0.483643 0.353814 0.483887 0.353284 0.484375 0.353284 0.484131 0.352754
2 0.274902 0.352225 0.274902 0.353284 0.275146 0.353284 0.275391 0.353814 0.275391 0.354343 0.275635 0.354873 0.275635 0.355403 0.276855 0.358051 0.276611 0.357521 0.276855 0.356992 0.277100 0.356992 0.277344 0.357521 0.277344 0.358051 0.277588 0.358581 0.277344 0.359110 0.277588 0.358581 0.277832 0.359110 0.278076 0.358581 0.277832 0.358051 0.278076 0.357521 0.278076 0.356992 0.278564 0.355932 0.278564 0.354873 0.278320 0.354343 0.278076 0.354343 0.277832 0.353814 0.277100 0.353814 0.276855 0.353284 0.276367 0.353284 0.276123 0.352754 0.276123 0.352225 0.276367 0.351695 0.275391 0.351695 0.275146 0.352225
2 0.418701 0.347987 0.419189 0.347987 0.419434 0.348517 0.419434 0.350106 0.419678 0.350106 0.419922 0.350636 0.419922 0.352225 0.419678 0.352754 0.419434 0.352754 0.419434 0.353284 0.419189 0.353814 0.418945 0.353814 0.418945 0.354873 0.419189 0.355403 0.419678 0.355403 0.419678 0.352754 0.419922 0.352225 0.420654 0.352225 0.421143 0.353284 0.421143 0.353814 0.420898 0.354343 0.420898 0.355403 0.422119 0.355403 0.422363 0.354873 0.422607 0.354873 0.422363 0.354873 0.422119 0.354343 0.421875 0.354873 0.421631 0.354343 0.421631 0.353284 0.421387 0.352754 0.421387 0.352225 0.421631 0.351695 0.421387 0.351165 0.421387 0.350636 0.420898 0.350636 0.420654 0.350106 0.420898 0.349576 0.420898 0.348517 0.420654 0.348517 0.420410 0.347987 0.420410 0.347458 0.419922 0.347458 0.419678 0.347987 0.419434 0.347458 0.418945 0.347458
2 0.296631 0.351165 0.296387 0.350636 0.296143 0.351165 0.295410 0.349047 0.294922 0.349047 0.294189 0.350636 0.293945 0.349576 0.292725 0.347458 0.292236 0.347458 0.291260 0.349047 0.291016 0.347987 0.290771 0.349047 0.290283 0.347987 0.290283 0.346928 0.289795 0.346928 0.287842 0.350636 0.287598 0.349576 0.287109 0.349047 0.287109 0.348517 0.286133 0.348517 0.285889 0.349047 0.285645 0.348517 0.284668 0.349576 0.284424 0.350636 0.284180 0.350106 0.283691 0.350636 0.283447 0.351695 0.282959 0.351695 0.281738 0.354343 0.281738 0.354873 0.281982 0.354343 0.282471 0.355403 0.282959 0.355403 0.282471 0.355403 0.282227 0.354873 0.282471 0.354343 0.284180 0.354343 0.284912 0.355932 0.285400 0.355932 0.285645 0.356462 0.285889 0.355932 0.286133 0.356462 0.286377 0.355932 0.286621 0.356462 0.288086 0.356462 0.288330 0.355932 0.288574 0.356992 0.288574 0.355932 0.288818 0.355403 0.289062 0.355932 0.289062 0.355403 0.289551 0.354343 0.290527 0.353284 0.291260 0.353284 0.292236 0.352225 0.292969 0.350636 0.293457 0.350636 0.293701 0.351165 0.292480 0.353814 0.292480 0.354343 0.291260 0.356462 0.291260 0.356992 0.291748 0.356992 0.291992 0.357521 0.292236 0.356992 0.292480 0.357521 0.292480 0.358581 0.292236 0.359110 0.291504 0.359110 0.291260 0.360169 0.290771 0.360169 0.290283 0.361229 0.289795 0.360699 0.290039 0.360169 0.289551 0.359110 0.289307 0.360169 0.288574 0.359640 0.289062 0.360169 0.289062 0.361758 0.289551 0.362288 0.289307 0.363347 0.289795 0.363877 0.290283 0.362288 0.290527 0.362288 0.291016 0.361229 0.291260 0.361758 0.291016 0.361229 0.291992 0.359110 0.292969 0.358051 0.293213 0.356992 0.292969 0.356462 0.293457 0.355932 0.293457 0.355403 0.293945 0.354343 0.295654 0.352225 0.295898 0.353284 0.296631 0.353284
2 0.278564 0.344280 0.278564 0.344809 0.278320 0.345339 0.277832 0.345339 0.278076 0.345869 0.277832 0.346398 0.277344 0.346398 0.277344 0.347458 0.277588 0.347987 0.277100 0.349047 0.277344 0.349576 0.277344 0.350106 0.277588 0.350106 0.277832 0.350636 0.278320 0.350636 0.278076 0.350106 0.278076 0.349576 0.277588 0.348517 0.277832 0.347987 0.278320 0.347987 0.278564 0.347458 0.278809 0.347458 0.279297 0.348517 0.279297 0.350106 0.279541 0.350636 0.279785 0.350106 0.280029 0.350106 0.280029 0.349576 0.280518 0.348517 0.280762 0.348517 0.280518 0.347987 0.280518 0.347458 0.280273 0.347987 0.280029 0.347458 0.280029 0.346928 0.279785 0.346398 0.279785 0.345869 0.279541 0.345339 0.279785 0.344809 0.279541 0.345339 0.279297 0.344809 0.279297 0.344280
2 0.134033 0.346928 0.133789 0.346398 0.134033 0.345869 0.134033 0.345339 0.133789 0.344809 0.133545 0.344809 0.133057 0.345869 0.132568 0.345869 0.132080 0.344809 0.132568 0.343750 0.132812 0.343750 0.132568 0.343220 0.132568 0.342161 0.133057 0.341102 0.132812 0.340572 0.132812 0.340042 0.133057 0.339513 0.133301 0.339513 0.133301 0.338983 0.132812 0.337924 0.132568 0.337924 0.132324 0.337394 0.132080 0.337924 0.131592 0.337924 0.131104 0.338983 0.130859 0.338983 0.130615 0.338453 0.130615 0.338983 0.131104 0.338983 0.131592 0.340042 0.131348 0.340572 0.130615 0.340572 0.130859 0.341102 0.130615 0.341631 0.130371 0.341631 0.130127 0.341102 0.130127 0.340042 0.129883 0.340042 0.129639 0.340572 0.129150 0.340572 0.128906 0.341102 0.128662 0.341102 0.128418 0.340572 0.128174 0.341102 0.127930 0.341102 0.127930 0.341631 0.127686 0.342161 0.127930 0.342691 0.127930 0.343220 0.128174 0.343220 0.128662 0.344280 0.128174 0.345339 0.127930 0.344809 0.127686 0.345339 0.127441 0.344809 0.126953 0.344809 0.127197 0.344809 0.127441 0.345339 0.128418 0.345339 0.128662 0.344809 0.129150 0.344809 0.129395 0.345339 0.129883 0.345339 0.130371 0.346398 0.130615 0.346398 0.130859 0.346928 0.131348 0.346928 0.131836 0.347987 0.132568 0.347987 0.132568 0.347458 0.132812 0.346928
2 0.491455 0.332097 0.491211 0.332097 0.490967 0.332627 0.490234 0.332627 0.490234 0.333157 0.489990 0.333686 0.489746 0.333686 0.489258 0.334746 0.489258 0.335275 0.490967 0.335275 0.491211 0.335805 0.491211 0.336335 0.491455 0.336335 0.491699 0.336864 0.491699 0.337924 0.491455 0.338453 0.491211 0.338453 0.491211 0.338983 0.490723 0.340042 0.490234 0.340042 0.490234 0.341631 0.490723 0.342691 0.491211 0.342691 0.491699 0.343750 0.491699 0.344809 0.491455 0.345339 0.490723 0.345339 0.490723 0.345869 0.490479 0.346398 0.490234 0.346398 0.490234 0.346928 0.489746 0.348517 0.490479 0.350106 0.490479 0.350636 0.490723 0.350636 0.491211 0.351695 0.491211 0.352754 0.491455 0.353284 0.490723 0.354343 0.490723 0.355403 0.490234 0.356462 0.489746 0.355403 0.489746 0.355932 0.490234 0.356992 0.490234 0.356462 0.490479 0.355932 0.491211 0.356462 0.491211 0.355932 0.491455 0.355403 0.491455 0.354343 0.491943 0.352754 0.491943 0.348517 0.492188 0.347987 0.492188 0.346928 0.492432 0.346398 0.492432 0.345869 0.492920 0.344809 0.492920 0.344280 0.493408 0.343220 0.493652 0.341631 0.493896 0.341102 0.494141 0.341102 0.494385 0.340572 0.495117 0.340042 0.495605 0.338983 0.495605 0.337924 0.495117 0.336864 0.494873 0.336864 0.494873 0.338453 0.494629 0.338983 0.494385 0.338453 0.493652 0.338983 0.493164 0.337924 0.493164 0.336335 0.493408 0.335805 0.493896 0.335805 0.493652 0.335805 0.492920 0.334216 0.492676 0.334216 0.491943 0.332627 0.491699 0.332627
2 0.275635 0.331038 0.274902 0.331038 0.274170 0.332627 0.273926 0.332627 0.273926 0.334746 0.274170 0.335275 0.274170 0.336335 0.274414 0.336864 0.274414 0.337394 0.274170 0.337924 0.274170 0.338453 0.274414 0.338453 0.274658 0.338983 0.274902 0.338983 0.275146 0.338453 0.275146 0.337394 0.275635 0.336335 0.275635 0.335275 0.275879 0.334746 0.275879 0.334216 0.276123 0.333686 0.276123 0.332097 0.275879 0.332097 0.275635 0.331568
2 0.431152 0.334746 0.431152 0.336335 0.431885 0.336335 0.432129 0.337394 0.432617 0.337924 0.432373 0.338983 0.430664 0.338983 0.430664 0.340042 0.431396 0.341631 0.431396 0.340042 0.431641 0.339513 0.432129 0.340042 0.432129 0.345869 0.432861 0.345869 0.432861 0.345339 0.433838 0.343750 0.434082 0.344280 0.434082 0.345869 0.433838 0.346398 0.434570 0.346398 0.434814 0.345339 0.434326 0.345339 0.434082 0.344809 0.434570 0.343750 0.435059 0.344280 0.435303 0.343220 0.435791 0.343220 0.437256 0.344809 0.437256 0.344280 0.437744 0.343220 0.437988 0.343750 0.438232 0.343220 0.438721 0.344280 0.437988 0.346398 0.437500 0.346398 0.437744 0.347458 0.437988 0.347458 0.437500 0.346928 0.437744 0.346398 0.438965 0.346398 0.438721 0.345869 0.438965 0.344809 0.439453 0.345869 0.439697 0.345339 0.439941 0.346398 0.440918 0.346928 0.441650 0.349047 0.442139 0.347987 0.442139 0.347458 0.441650 0.346928 0.441650 0.345869 0.441895 0.345339 0.441895 0.342691 0.441650 0.342161 0.441895 0.341631 0.441406 0.341631 0.441406 0.342161 0.440918 0.343220 0.440674 0.343220 0.440186 0.341102 0.440186 0.339513 0.440430 0.338983 0.439697 0.338983 0.439697 0.340042 0.439453 0.340572 0.439209 0.340042 0.439209 0.338983 0.438965 0.338983 0.438721 0.340042 0.438477 0.339513 0.438232 0.340042 0.437744 0.340042 0.437012 0.342161 0.436523 0.342161 0.436035 0.341102 0.436279 0.340572 0.436768 0.340572 0.436768 0.339513 0.437500 0.337924 0.438232 0.337394 0.438232 0.335805 0.438721 0.335275 0.438721 0.334746 0.438477 0.334746 0.438232 0.333686 0.437500 0.333686 0.437500 0.335275 0.437012 0.335805 0.436768 0.334746 0.436035 0.334746 0.435791 0.333686 0.435303 0.333157 0.435303 0.331568 0.435059 0.331568 0.434814 0.330508 0.433594 0.330508 0.433594 0.332097 0.433105 0.332627 0.432861 0.333686 0.431641 0.333686 0.431641 0.334216
2 0.265625 0.322564 0.265381 0.322034 0.265381 0.321504 0.265137 0.320975 0.264648 0.320975 0.264404 0.320445 0.264160 0.320445 0.263916 0.320975 0.263184 0.320975 0.262939 0.321504 0.262939 0.322034 0.262695 0.322564 0.262451 0.322034 0.262207 0.322034 0.262207 0.322564 0.262451 0.323093 0.261963 0.324153 0.262207 0.324153 0.262451 0.324682 0.263916 0.324682 0.264160 0.325212 0.265625 0.325212 0.265625 0.324682 0.265381 0.324153 0.265625 0.323623
2 0.204102 0.315148 0.204346 0.315678 0.204346 0.316208 0.204102 0.316737 0.204102 0.317267 0.204346 0.317267 0.204834 0.318326 0.205078 0.318326 0.205322 0.318856 0.205566 0.318856 0.206543 0.320975 0.206787 0.320975 0.207275 0.322034 0.207275 0.322564 0.207520 0.323093 0.207764 0.323093 0.208008 0.323623 0.209229 0.323623 0.209473 0.324153 0.209961 0.324153 0.209961 0.323623 0.208984 0.321504 0.208984 0.320975 0.208740 0.320975 0.208496 0.320445 0.208252 0.320445 0.208008 0.319915 0.208252 0.319386 0.208008 0.318856 0.207764 0.319386 0.207031 0.317797 0.206543 0.317797 0.206299 0.317267 0.205811 0.317267 0.205322 0.316208 0.205322 0.315678 0.204346 0.315678
2 0.420654 0.300847 0.420654 0.301377 0.420410 0.301907 0.420410 0.302436 0.420166 0.302966 0.419922 0.302966 0.419922 0.304555 0.419678 0.305085 0.418945 0.305085 0.418945 0.306674 0.419189 0.306674 0.419434 0.307203 0.419434 0.310911 0.419678 0.310911 0.419922 0.311441 0.419922 0.313030 0.419678 0.313559 0.418945 0.313559 0.418945 0.314089 0.419189 0.314089 0.419434 0.314619 0.419434 0.316208 0.419189 0.316737 0.419189 0.317267 0.419189 0.316737 0.419434 0.316208 0.419678 0.316208 0.419678 0.315678 0.419922 0.315148 0.420166 0.315148 0.420166 0.310381 0.420410 0.309852 0.420654 0.309852 0.420654 0.308263 0.420898 0.307733 0.421387 0.307733 0.421875 0.308792 0.421875 0.309322 0.422363 0.310381 0.422363 0.310911 0.422852 0.310911 0.423340 0.311970 0.423096 0.312500 0.422852 0.312500 0.422852 0.313030 0.424072 0.313030 0.424072 0.311441 0.423828 0.311441 0.423340 0.310381 0.423584 0.309852 0.423584 0.309322 0.423340 0.309322 0.423096 0.308792 0.423096 0.308263 0.422852 0.307733 0.422852 0.308263 0.422607 0.308792 0.422363 0.308263 0.422363 0.307203 0.422363 0.307733 0.421875 0.308792 0.421631 0.308263 0.421631 0.307733 0.421387 0.307203 0.421631 0.306674 0.421631 0.306144 0.421875 0.305614 0.421631 0.305614 0.421387 0.305085 0.421143 0.305614 0.420898 0.305085 0.420898 0.304025 0.420654 0.303496 0.420654 0.302966 0.420410 0.302436 0.420898 0.301377
2 0.230469 0.296610 0.230225 0.296081 0.229980 0.296610 0.228271 0.296610 0.227783 0.297669 0.227539 0.297669 0.227539 0.298729 0.227295 0.299258 0.226807 0.299258 0.226562 0.299788 0.226318 0.299258 0.225830 0.299258 0.225586 0.298729 0.225830 0.298199 0.226318 0.298199 0.226074 0.297669 0.225830 0.298199 0.225586 0.297669 0.225342 0.297669 0.225098 0.298199 0.224854 0.298199 0.224609 0.297669 0.224121 0.297669 0.224121 0.298199 0.223877 0.298729 0.223633 0.298729 0.223389 0.299258 0.222656 0.299258 0.222412 0.299788 0.222168 0.299788 0.221924 0.300318 0.221436 0.300318 0.220703 0.301907 0.221924 0.301907 0.222412 0.300847 0.222656 0.301377 0.222900 0.300847 0.223145 0.300847 0.223389 0.300318 0.223633 0.300847 0.223877 0.300318 0.224121 0.300847 0.224609 0.299788 0.225098 0.299788 0.225342 0.299258 0.226318 0.299258 0.226562 0.299788 0.228760 0.299788 0.229004 0.300318 0.229248 0.299788 0.229492 0.299788 0.229492 0.299258 0.229980 0.298199 0.229980 0.297669 0.230225 0.297140 0.230469 0.297140
2 0.236328 0.299788 0.237061 0.301377 0.237305 0.301377 0.237549 0.301907 0.238281 0.301907 0.238525 0.302436 0.238770 0.302436 0.239014 0.301907 0.239258 0.302436 0.239258 0.303496 0.239746 0.304555 0.239990 0.304555 0.240723 0.306144 0.241699 0.306144 0.241943 0.305614 0.241699 0.305085 0.241455 0.305085 0.240967 0.304025 0.241211 0.303496 0.241699 0.303496 0.241943 0.302966 0.242432 0.302966 0.242432 0.302436 0.242920 0.301377 0.241699 0.298729 0.241699 0.296081 0.241455 0.296610 0.241211 0.296081 0.240967 0.296081 0.240723 0.295551 0.239990 0.295551 0.239746 0.295021 0.239502 0.295551 0.239258 0.295551 0.239258 0.296081 0.239502 0.296081 0.239746 0.295551 0.239990 0.295551 0.240234 0.296081 0.240967 0.296081 0.241211 0.296610 0.241211 0.297140 0.240967 0.297669 0.240723 0.297669 0.240723 0.300318 0.240479 0.300847 0.240234 0.300847 0.239990 0.300318 0.239990 0.299788 0.239746 0.299788 0.239746 0.300318 0.239502 0.300847 0.238770 0.300847 0.239014 0.301377 0.239014 0.301907 0.238770 0.302436 0.238525 0.302436 0.238281 0.301907 0.238281 0.301377 0.238037 0.301377 0.237793 0.300847 0.237793 0.300318 0.237549 0.300318 0.237305 0.300847 0.237061 0.300847 0.236816 0.300318 0.236572 0.300318
2 0.464844 0.298199 0.464844 0.297140 0.464844 0.297669 0.464600 0.298199 0.464355 0.297669 0.464355 0.296610 0.464600 0.296081 0.464355 0.295551 0.463867 0.295551 0.463623 0.295021 0.463623 0.294492 0.462891 0.294492 0.462646 0.293962 0.462646 0.293432 0.461914 0.293432 0.461670 0.292903 0.461670 0.292373 0.461426 0.292373 0.461182 0.291843 0.461670 0.290254 0.461426 0.289725 0.461182 0.289725 0.461182 0.290254 0.460693 0.291843 0.460693 0.293432 0.460938 0.293962 0.460938 0.295021 0.461182 0.295551 0.461182 0.296081 0.460938 0.296610 0.460938 0.298199 0.460693 0.298729 0.459473 0.298729 0.459229 0.298199 0.459229 0.297669 0.458984 0.297669 0.458740 0.297140 0.458740 0.296610 0.458984 0.296081 0.459229 0.296081 0.459229 0.294492 0.457031 0.294492 0.457031 0.295021 0.456543 0.296610 0.455811 0.296610 0.455566 0.296081 0.455811 0.295551 0.455078 0.295551 0.455322 0.295551 0.455566 0.296081 0.455566 0.296610 0.455811 0.296610 0.456055 0.297140 0.456055 0.298199 0.456787 0.298199 0.456787 0.297140 0.457275 0.296081 0.458008 0.297140 0.458008 0.298199 0.458740 0.298199 0.458984 0.298729 0.458984 0.299258 0.459717 0.299258 0.459961 0.299788 0.459961 0.302436 0.460205 0.302436 0.460449 0.302966 0.460449 0.303496 0.460693 0.303496 0.460693 0.301377 0.460449 0.300847 0.460693 0.300318 0.460938 0.300318 0.460693 0.299788 0.460938 0.299258 0.461182 0.299258 0.461182 0.298729 0.461426 0.298199 0.461670 0.298199 0.461914 0.298729 0.461914 0.299258 0.463623 0.299258 0.463623 0.298729 0.463867 0.298199
2 0.235352 0.288665 0.235352 0.290254 0.235107 0.290784 0.235107 0.291314 0.235352 0.291843 0.235352 0.293962 0.235596 0.293962 0.235840 0.294492 0.235596 0.295021 0.235352 0.295021 0.235352 0.295551 0.235107 0.296081 0.234863 0.295551 0.234619 0.296081 0.234375 0.296081 0.234619 0.296610 0.234619 0.297140 0.235107 0.297140 0.235107 0.296081 0.235352 0.295551 0.235596 0.296081 0.236084 0.296081 0.236328 0.295551 0.236816 0.296610 0.236816 0.297140 0.237061 0.297140 0.237061 0.296610 0.237305 0.296081 0.237549 0.296081 0.237793 0.296610 0.237061 0.295021 0.237061 0.294492 0.236328 0.294492 0.236084 0.293962 0.236084 0.293432 0.236572 0.292373 0.237549 0.292373 0.237793 0.292903 0.238037 0.292373 0.238281 0.292373 0.238525 0.291843 0.238770 0.291843 0.239014 0.291314 0.238281 0.291314 0.238037 0.291843 0.237793 0.291314 0.237549 0.291843 0.236572 0.291843 0.236328 0.291314 0.236572 0.290784 0.236328 0.290254 0.236084 0.290254 0.235840 0.289725 0.235840 0.289195 0.235596 0.288665
2 0.154053 0.291314 0.153320 0.289725 0.153564 0.289195 0.153809 0.289195 0.152588 0.289195 0.152344 0.288665 0.151367 0.288665 0.151123 0.288136 0.151367 0.287606 0.152100 0.287606 0.152344 0.287076 0.151367 0.287076 0.151367 0.287606 0.151123 0.288136 0.150879 0.288136 0.150635 0.287606 0.150635 0.288136 0.150391 0.288665 0.149902 0.288665 0.149658 0.289195 0.149414 0.289195 0.149658 0.289195 0.150146 0.290254 0.150146 0.291314 0.149658 0.292373 0.149170 0.292373 0.148926 0.291843 0.149170 0.291314 0.148682 0.292373 0.148926 0.292373 0.149170 0.292903 0.149658 0.292903 0.149902 0.292373 0.149902 0.291843 0.150146 0.291314 0.150391 0.291314 0.150635 0.290784 0.151367 0.290784 0.151611 0.290254 0.151855 0.290784 0.152100 0.290254 0.152588 0.291314 0.152588 0.291843 0.152832 0.292373 0.152832 0.292903 0.152588 0.293432 0.152344 0.293432 0.152344 0.293962 0.152588 0.293962 0.152588 0.293432 0.152832 0.292903 0.153564 0.292903 0.153564 0.292373 0.153809 0.291843 0.154053 0.291843
2 0.414062 0.283898 0.414062 0.287076 0.413574 0.288136 0.413574 0.288665 0.413818 0.288665 0.414307 0.287606 0.414551 0.288136 0.414795 0.288136 0.415039 0.288665 0.415039 0.291843 0.415283 0.291843 0.415527 0.292373 0.415527 0.292903 0.415771 0.292903 0.416016 0.293432 0.416016 0.293962 0.417236 0.293962 0.417480 0.294492 0.417480 0.295021 0.417725 0.295021 0.417969 0.295551 0.417969 0.296081 0.417725 0.296610 0.417480 0.296610 0.417480 0.298199 0.417725 0.298199 0.417969 0.298729 0.417969 0.299258 0.417725 0.299788 0.417480 0.299788 0.417480 0.300318 0.417236 0.300847 0.416748 0.300847 0.416504 0.301377 0.416748 0.301907 0.416748 0.302436 0.416504 0.302966 0.416748 0.302966 0.416992 0.303496 0.417236 0.302966 0.417480 0.303496 0.417725 0.303496 0.417725 0.302966 0.417480 0.302436 0.417725 0.301907 0.417725 0.301377 0.417969 0.300847 0.417969 0.299788 0.418213 0.299258 0.419678 0.299258 0.419922 0.299788 0.419922 0.300318 0.420166 0.300318 0.420166 0.299788 0.419922 0.299788 0.419678 0.299258 0.419678 0.298199 0.419434 0.298199 0.419189 0.297669 0.419434 0.297140 0.420166 0.297140 0.420166 0.294492 0.420410 0.293962 0.420654 0.293962 0.420654 0.293432 0.420410 0.293432 0.420166 0.292903 0.420166 0.290254 0.418945 0.290254 0.418945 0.290784 0.418701 0.291314 0.417969 0.291314 0.417725 0.290784 0.417725 0.290254 0.416016 0.290254 0.415771 0.289725 0.415771 0.289195 0.415527 0.289195 0.415283 0.288665 0.415283 0.288136 0.414795 0.288136 0.414551 0.287606 0.414795 0.287076 0.414795 0.284958 0.414551 0.284958 0.414307 0.284428 0.414307 0.283898
2 0.221924 0.280720 0.221191 0.280720 0.220947 0.281250 0.220215 0.281250 0.219971 0.281780 0.218262 0.281780 0.218018 0.282309 0.217041 0.282309 0.216553 0.283369 0.216309 0.282839 0.215576 0.283898 0.214844 0.283898 0.214355 0.284958 0.214111 0.284958 0.213623 0.286017 0.213379 0.286017 0.212891 0.287076 0.212646 0.287076 0.212646 0.287606 0.212402 0.288136 0.212646 0.287606 0.212891 0.288136 0.212891 0.288665 0.212646 0.289195 0.212402 0.289195 0.212402 0.289725 0.212158 0.290254 0.211914 0.290254 0.211670 0.289725 0.211914 0.289195 0.211426 0.290254 0.211182 0.290254 0.211182 0.291314 0.211426 0.290784 0.211670 0.290784 0.212158 0.291843 0.212646 0.291843 0.212891 0.292373 0.212891 0.293962 0.214600 0.293962 0.214600 0.293432 0.215088 0.291843 0.216064 0.291843 0.216309 0.292373 0.216553 0.291843 0.216797 0.291843 0.217041 0.291314 0.217285 0.291314 0.218018 0.290254 0.218262 0.290784 0.218506 0.290254 0.217529 0.290254 0.216797 0.289195 0.217041 0.288665 0.217285 0.288665 0.217285 0.288136 0.217529 0.287606 0.217773 0.288136 0.217773 0.287606 0.218018 0.287076 0.218262 0.287606 0.218262 0.289195 0.218262 0.288136 0.218506 0.287606 0.218506 0.287076 0.218262 0.286547 0.218506 0.286017 0.218750 0.286017 0.219482 0.284958 0.219971 0.286547 0.219727 0.288136 0.219727 0.287606 0.219971 0.287076 0.220215 0.287606 0.220215 0.286547 0.220703 0.285487 0.220703 0.284428 0.221436 0.282839 0.221680 0.282839 0.221680 0.282309 0.221924 0.281780
2 0.307373 0.289725 0.308594 0.289725 0.309326 0.288136 0.309814 0.288136 0.309814 0.287606 0.310059 0.287076 0.310791 0.287076 0.311035 0.286547 0.311279 0.286547 0.311523 0.286017 0.311768 0.286017 0.312012 0.285487 0.312256 0.285487 0.312012 0.285487 0.311279 0.283898 0.311523 0.283369 0.312012 0.283369 0.312256 0.283898 0.312500 0.283898 0.312744 0.284428 0.312988 0.284428 0.312988 0.283369 0.312500 0.283369 0.312256 0.282839 0.312012 0.282839 0.311768 0.282309 0.311768 0.281780 0.311523 0.281780 0.311279 0.281250 0.311035 0.281250 0.310547 0.280191 0.309326 0.280191 0.308838 0.279131 0.308594 0.279131 0.308350 0.278602 0.307861 0.278602 0.307617 0.279131 0.307861 0.279661 0.307861 0.280720 0.307617 0.281250 0.307617 0.282309 0.307129 0.283369 0.307129 0.283898 0.307373 0.284428 0.307373 0.286547 0.307129 0.287076 0.307129 0.287606 0.307373 0.288136
2 0.228027 0.279131 0.227539 0.279131 0.227295 0.278602 0.227051 0.279131 0.226807 0.278602 0.226562 0.279131 0.226074 0.279131 0.225830 0.279661 0.225342 0.279661 0.225098 0.280191 0.224121 0.280191 0.224121 0.280720 0.223633 0.281780 0.223389 0.281780 0.223145 0.282309 0.223145 0.282839 0.222900 0.283369 0.222900 0.284428 0.223145 0.284958 0.223145 0.286547 0.224121 0.284428 0.224365 0.284428 0.224365 0.283898 0.224609 0.283369 0.224854 0.283369 0.224854 0.282839 0.225342 0.281780 0.225586 0.281780 0.226074 0.280720 0.227051 0.280720 0.227783 0.279131
2 0.291992 0.279131 0.291992 0.280191 0.292480 0.281250 0.292725 0.280720 0.292969 0.280720 0.293213 0.280191 0.293945 0.280191 0.294189 0.279661 0.294434 0.280191 0.294678 0.280191 0.294922 0.279661 0.296631 0.279661 0.296631 0.274894 0.296387 0.274364 0.295898 0.274364 0.295654 0.273835 0.294434 0.273835 0.294189 0.273305 0.293945 0.273305 0.293701 0.273835 0.293213 0.273835 0.292969 0.274364 0.292969 0.274894 0.292725 0.275424 0.292725 0.277013 0.292236 0.278072 0.292236 0.278602
2 0.140625 0.273305 0.140625 0.275424 0.140381 0.275953 0.140137 0.275424 0.140381 0.275953 0.140381 0.276483 0.140625 0.277013 0.140869 0.277013 0.141113 0.277542 0.141113 0.278072 0.141357 0.278072 0.141846 0.279131 0.141602 0.279661 0.141602 0.280720 0.141846 0.281250 0.141846 0.281780 0.142090 0.281250 0.142334 0.281250 0.142578 0.281780 0.142578 0.282839 0.142822 0.282309 0.143066 0.282309 0.143066 0.281780 0.143555 0.280720 0.143555 0.280191 0.143799 0.279661 0.143799 0.279131 0.144043 0.278602 0.144043 0.277542 0.143555 0.277542 0.143311 0.278072 0.142822 0.277013 0.143066 0.276483 0.142090 0.276483 0.141846 0.275953 0.141602 0.275953 0.141357 0.275424 0.141602 0.274894 0.141846 0.274894 0.142090 0.274364 0.141846 0.274364 0.141357 0.273305 0.141113 0.273305 0.140869 0.273835
2 0.321777 0.273835 0.321289 0.273835 0.321045 0.273305 0.320801 0.273305 0.320557 0.272775 0.319336 0.272775 0.319092 0.273305 0.319092 0.273835 0.317871 0.276483 0.317871 0.277013 0.317627 0.277542 0.317383 0.277542 0.317383 0.278602 0.317139 0.279131 0.316895 0.278602 0.316895 0.275953 0.316650 0.275953 0.316406 0.276483 0.316162 0.276483 0.316162 0.277013 0.315186 0.279131 0.315186 0.279661 0.314697 0.280720 0.314697 0.281250 0.315186 0.282309 0.315430 0.282309 0.315674 0.282839 0.316162 0.282839 0.316406 0.282309 0.317383 0.282309 0.317627 0.281780 0.317627 0.281250 0.318359 0.279661 0.318359 0.279131 0.319580 0.276483 0.319824 0.276483 0.320312 0.275424 0.320557 0.275424 0.320801 0.274894 0.321045 0.274894 0.321045 0.274364 0.321289 0.273835
2 0.316162 0.270657 0.313965 0.270657 0.313721 0.271186 0.312988 0.271186 0.312744 0.271716 0.312744 0.272246 0.312256 0.273305 0.312256 0.274364 0.312012 0.274894 0.311768 0.274894 0.311768 0.277013 0.312500 0.278602 0.312500 0.279131 0.312744 0.279131 0.312988 0.279661 0.312988 0.280191 0.313232 0.280191 0.313477 0.280720 0.313965 0.280720 0.313965 0.280191 0.314209 0.279661 0.314209 0.274894 0.314453 0.274364 0.314453 0.273305 0.314697 0.272775 0.314941 0.272775 0.315186 0.273305 0.315430 0.272775 0.315918 0.272775 0.316162 0.272246
2 0.139404 0.270657 0.139160 0.271186 0.138672 0.270127 0.138672 0.269597 0.138672 0.270127 0.137939 0.271716 0.137695 0.271186 0.136719 0.271186 0.136475 0.270657 0.134521 0.270657 0.134521 0.272246 0.134766 0.272775 0.134521 0.273305 0.134766 0.273835 0.134033 0.275424 0.133789 0.274894 0.132812 0.277013 0.132568 0.276483 0.132324 0.276483 0.132324 0.278072 0.132080 0.278602 0.131836 0.278602 0.131836 0.279131 0.132080 0.279131 0.132324 0.279661 0.132324 0.281250 0.132568 0.281780 0.132568 0.283369 0.132812 0.283898 0.132812 0.284428 0.133057 0.284958 0.133057 0.285487 0.133545 0.287076 0.133545 0.286017 0.133057 0.284958 0.133301 0.284428 0.133545 0.284428 0.133545 0.283898 0.133057 0.282309 0.133057 0.281250 0.133301 0.280720 0.133545 0.281250 0.133545 0.279661 0.133789 0.279131 0.135010 0.279131 0.135254 0.279661 0.135498 0.279131 0.136719 0.279131 0.136719 0.278602 0.136475 0.278072 0.136475 0.277542 0.136963 0.275953 0.137207 0.275953 0.137695 0.277013 0.138184 0.277013 0.138428 0.277542 0.138428 0.277013 0.137939 0.275953 0.137939 0.275424 0.137695 0.274894 0.137695 0.274364 0.137939 0.273835 0.138428 0.273835 0.138672 0.274364 0.138916 0.274364 0.139160 0.273835 0.139648 0.274894 0.139648 0.274364 0.139404 0.273835 0.139648 0.273305 0.139893 0.273305 0.139893 0.272246
2 0.301758 0.264831 0.301758 0.265890 0.302002 0.266419 0.302002 0.267479 0.301758 0.268008 0.301758 0.268538 0.302002 0.269068 0.302002 0.270657 0.302490 0.271716 0.303467 0.271716 0.303711 0.272246 0.304199 0.272246 0.304443 0.272775 0.304688 0.272775 0.304932 0.273305 0.304688 0.273835 0.305176 0.273835 0.305420 0.273305 0.305664 0.273835 0.305664 0.275953 0.305908 0.275953 0.306152 0.276483 0.306152 0.279131 0.306641 0.279131 0.306885 0.278602 0.306885 0.277542 0.307129 0.277013 0.307373 0.277013 0.307373 0.275953 0.307617 0.275424 0.307861 0.275953 0.307861 0.276483 0.308105 0.277013 0.307861 0.276483 0.308105 0.275953 0.308594 0.275953 0.308838 0.276483 0.309326 0.276483 0.309570 0.277013 0.309814 0.276483 0.309082 0.276483 0.308350 0.274894 0.308350 0.274364 0.308105 0.273835 0.308105 0.273305 0.307617 0.273305 0.307373 0.272775 0.307129 0.272775 0.307129 0.273305 0.307373 0.273835 0.307373 0.274894 0.307129 0.275424 0.306885 0.274894 0.306885 0.274364 0.306641 0.274364 0.306396 0.273835 0.306396 0.272775 0.306641 0.272246 0.306641 0.271186 0.305176 0.268008 0.304932 0.268008 0.303955 0.265890 0.303711 0.265890 0.303467 0.265360 0.302979 0.265360 0.302734 0.264831
2 0.405518 0.263242 0.402344 0.284428 0.394043 0.286017 0.396484 0.292373 0.393066 0.307733 0.389160 0.306144 0.389893 0.332627 0.386475 0.333686 0.383789 0.308263 0.384277 0.318326 0.380127 0.319915 0.382568 0.324153 0.372559 0.330508 0.374268 0.346398 0.371338 0.335805 0.366211 0.344280 0.370850 0.341631 0.370605 0.359110 0.366455 0.348517 0.364746 0.375000 0.373291 0.399364 0.363770 0.389831 0.367432 0.399894 0.359619 0.410487 0.362061 0.422669 0.359619 0.423729 0.359131 0.407309 0.357178 0.420551 0.352783 0.414725 0.357666 0.406250 0.353271 0.409428 0.351318 0.400424 0.352783 0.379237 0.350586 0.384534 0.343018 0.379237 0.348633 0.385593 0.352539 0.412606 0.349854 0.423729 0.347656 0.408369 0.343506 0.409428 0.343750 0.417903 0.339355 0.411547 0.342041 0.426377 0.349365 0.438030 0.357178 0.436441 0.357422 0.444915 0.362793 0.424258 0.364746 0.431144 0.359619 0.436441 0.359863 0.450742 0.370605 0.454979 0.371826 0.437500 0.375244 0.450742 0.379883 0.451271 0.385986 0.439619 0.383057 0.430085 0.385010 0.413136 0.375488 0.424258 0.380127 0.408898 0.374756 0.404131 0.379150 0.400424 0.376465 0.395657 0.378662 0.380297 0.386475 0.372352 0.384277 0.365996 0.390381 0.365996 0.396484 0.387182 0.389160 0.390360 0.393555 0.395127 0.397461 0.418432 0.392334 0.438559 0.389160 0.429025 0.385254 0.450212 0.391357 0.456038 0.390137 0.439089 0.396240 0.442797 0.393555 0.445975 0.395996 0.450742 0.401367 0.445975 0.395020 0.457627 0.403564 0.451801 0.405762 0.438559 0.407471 0.447564 0.404785 0.421081 0.400879 0.415254 0.404297 0.402013 0.405029 0.420021 0.406982 0.401483 0.400879 0.401483 0.402832 0.378178 0.399170 0.367585 0.404785 0.354873 0.402100 0.349047 0.411377 0.345869 0.417969 0.331568 0.411865 0.327331 0.416260 0.320445 0.412598 0.304025 0.415771 0.295021 0.409668 0.292903 0.410156 0.274894 0.407471 0.279131
2 0.258057 0.255826 0.258057 0.256886 0.258301 0.256886 0.258545 0.257415 0.258789 0.257415 0.259277 0.258475 0.259277 0.259004 0.259521 0.259004 0.259766 0.259534 0.259766 0.260064 0.259521 0.260593 0.259277 0.260593 0.259277 0.261123 0.259033 0.261653 0.258057 0.261653 0.257812 0.261123 0.258057 0.261653 0.258057 0.262182 0.258301 0.261653 0.258545 0.262182 0.258789 0.261653 0.259033 0.262182 0.259521 0.262182 0.259766 0.262712 0.260498 0.262712 0.260742 0.263242 0.260986 0.263242 0.261475 0.264301 0.261475 0.264831 0.261719 0.265360 0.262939 0.265360 0.263184 0.264831 0.264648 0.264831 0.264648 0.264301 0.264160 0.263242 0.263916 0.263242 0.263672 0.262712 0.263184 0.262712 0.262939 0.262182 0.262695 0.262182 0.262207 0.261123 0.262207 0.257945 0.261963 0.257415 0.261475 0.257415 0.261230 0.256886 0.260986 0.256886 0.260498 0.255826 0.260498 0.254767 0.260254 0.254767 0.260010 0.255297 0.258545 0.255297 0.258301 0.255826
2 0.302979 0.251589 0.302979 0.253708 0.302734 0.254237 0.302734 0.255297 0.303955 0.255297 0.304199 0.255826 0.305176 0.255826 0.305420 0.256356 0.304932 0.257415 0.304688 0.257415 0.304688 0.258475 0.304932 0.259004 0.305176 0.259004 0.305664 0.260064 0.305908 0.260064 0.305908 0.258475 0.305664 0.257945 0.305664 0.257415 0.305420 0.256886 0.305420 0.256356 0.305664 0.255826 0.305664 0.251059 0.305420 0.251059 0.304932 0.250000 0.304688 0.250000 0.304688 0.251059 0.304932 0.251589 0.304688 0.252119 0.304199 0.252119 0.303955 0.251589 0.303711 0.251589 0.303467 0.251059 0.303223 0.251589
2 0.332031 0.249470 0.333008 0.251589 0.333252 0.251589 0.333496 0.251059 0.333740 0.251589 0.334473 0.251589 0.334961 0.252648 0.334717 0.253178 0.334961 0.253708 0.335693 0.253708 0.336182 0.254767 0.335938 0.255297 0.335938 0.255826 0.336182 0.255826 0.335938 0.255297 0.336182 0.254767 0.336670 0.254767 0.336914 0.254237 0.336914 0.253708 0.337158 0.253178 0.338623 0.253178 0.338867 0.253708 0.338867 0.254237 0.340088 0.254237 0.340576 0.255297 0.340332 0.255826 0.340576 0.255297 0.340576 0.254767 0.340820 0.254237 0.341064 0.254767 0.341309 0.254237 0.340576 0.252648 0.340088 0.252648 0.339844 0.252119 0.339844 0.251589 0.339600 0.252119 0.338379 0.252119 0.338135 0.252648 0.337158 0.252648 0.336914 0.252119 0.336182 0.252119 0.335938 0.251589 0.335938 0.251059 0.335693 0.251589 0.335205 0.251589 0.334961 0.251059 0.334717 0.251059 0.334473 0.250530 0.334229 0.250530 0.333984 0.250000 0.334229 0.249470 0.334473 0.249470 0.334473 0.248411 0.334473 0.248941 0.334229 0.249470 0.333984 0.248941 0.333984 0.248411 0.333984 0.248941 0.334229 0.249470 0.333984 0.250000 0.333740 0.250000 0.333496 0.249470 0.333252 0.250000 0.333008 0.249470 0.332764 0.249470 0.332520 0.248941 0.332275 0.249470
2 0.355469 0.247881 0.355469 0.249470 0.355225 0.250000 0.354492 0.250000 0.354248 0.249470 0.354248 0.248941 0.354248 0.251059 0.354492 0.251589 0.354248 0.252119 0.354004 0.252119 0.354248 0.253708 0.353760 0.254767 0.353516 0.254237 0.353516 0.253708 0.353271 0.254237 0.352539 0.252648 0.352295 0.252648 0.352539 0.253178 0.352295 0.253708 0.352051 0.253708 0.351807 0.253178 0.352051 0.253708 0.352051 0.254237 0.351807 0.254767 0.351562 0.254767 0.351562 0.257945 0.351318 0.258475 0.351074 0.257945 0.351074 0.256886 0.350830 0.257415 0.350830 0.257945 0.351318 0.259534 0.351318 0.259004 0.351562 0.258475 0.351562 0.257415 0.351807 0.256886 0.352295 0.256886 0.352295 0.256356 0.352539 0.255826 0.353271 0.255826 0.353516 0.256356 0.353516 0.256886 0.353760 0.256886 0.354004 0.257415 0.354004 0.257945 0.354248 0.257945 0.354492 0.258475 0.354492 0.260064 0.354248 0.260593 0.354004 0.260593 0.354004 0.261653 0.354492 0.261653 0.354736 0.262182 0.354736 0.262712 0.354492 0.263242 0.354736 0.263242 0.355225 0.264831 0.355225 0.263771 0.354980 0.263771 0.354736 0.263242 0.354736 0.262712 0.354980 0.262182 0.355713 0.262182 0.355713 0.261653 0.355957 0.261123 0.356201 0.261123 0.356201 0.260593 0.356445 0.260064 0.356445 0.259004 0.356689 0.258475 0.356689 0.257945 0.357422 0.255297 0.357422 0.252648 0.357178 0.252648 0.356689 0.254237 0.356934 0.254767 0.356934 0.255826 0.357178 0.256356 0.356934 0.256886 0.356689 0.256886 0.355957 0.255826 0.355957 0.255297 0.356201 0.254767 0.355957 0.254237 0.355957 0.253708 0.355713 0.253708 0.355469 0.254237 0.354736 0.254237 0.354492 0.253708 0.354492 0.252648 0.354980 0.251589 0.355469 0.252648 0.355713 0.252648 0.355713 0.251589 0.355469 0.251059 0.355469 0.250000 0.355713 0.249470 0.355957 0.249470 0.355957 0.248941
2 0.283203 0.246822 0.282959 0.246822 0.282959 0.247881 0.282471 0.248411 0.283203 0.250530 0.283203 0.251589 0.282471 0.253178 0.280518 0.255297 0.280518 0.256356 0.280762 0.256886 0.280762 0.258475 0.280029 0.259534 0.278809 0.259534 0.277344 0.257945 0.275879 0.257945 0.275635 0.258475 0.275879 0.259534 0.276855 0.259534 0.277344 0.260064 0.277832 0.262182 0.278320 0.263242 0.279785 0.264301 0.280029 0.264831 0.280029 0.265890 0.279297 0.266949 0.278320 0.266949 0.278076 0.267479 0.277344 0.267479 0.277100 0.268008 0.276123 0.268538 0.275391 0.271186 0.275391 0.272246 0.274170 0.274894 0.273926 0.274894 0.273926 0.275424 0.276123 0.277013 0.276123 0.276483 0.275879 0.276483 0.275635 0.275424 0.275879 0.274894 0.276611 0.274894 0.276611 0.274364 0.277100 0.273835 0.277344 0.274364 0.277344 0.277013 0.279297 0.277013 0.279785 0.275953 0.282959 0.275953 0.283203 0.277013 0.283447 0.277013 0.283691 0.275953 0.284180 0.277013 0.283936 0.278072 0.284424 0.278072 0.284180 0.277542 0.284180 0.275424 0.284424 0.274894 0.284668 0.275424 0.284912 0.274894 0.285156 0.275953 0.285645 0.275953 0.285889 0.275424 0.285400 0.275424 0.284912 0.274364 0.285156 0.273305 0.284668 0.272246 0.284424 0.270127 0.283936 0.269068 0.284180 0.268538 0.283936 0.267479 0.284180 0.266949 0.283936 0.266419 0.283936 0.260064 0.283691 0.259534 0.283691 0.256886 0.283447 0.256356 0.283691 0.255297 0.283691 0.251589 0.283447 0.251059 0.283691 0.250530 0.283691 0.249470 0.283447 0.248941 0.283447 0.247352
2 0.206055 0.250530 0.206055 0.253708 0.206787 0.254767 0.206787 0.255826 0.207031 0.256356 0.207031 0.254767 0.207275 0.254237 0.207520 0.254767 0.207520 0.255297 0.207520 0.254767 0.207764 0.254237 0.208008 0.254767 0.208008 0.255826 0.207764 0.256356 0.208008 0.256886 0.208008 0.257415 0.207764 0.257945 0.207520 0.257415 0.207275 0.257415 0.207520 0.257945 0.207275 0.258475 0.207520 0.259004 0.208740 0.259004 0.209229 0.260064 0.209717 0.260064 0.209961 0.259534 0.209717 0.260064 0.209473 0.259534 0.209473 0.259004 0.209717 0.258475 0.208496 0.258475 0.208252 0.257945 0.208252 0.256886 0.208008 0.256356 0.208008 0.254767 0.208252 0.254237 0.208496 0.254767 0.208496 0.255297 0.208496 0.254767 0.208252 0.254237 0.208496 0.253708 0.208496 0.252648 0.208740 0.252119 0.208984 0.252119 0.208984 0.251589 0.209229 0.251059 0.209961 0.252119 0.210205 0.253708 0.209961 0.254237 0.208984 0.254237 0.208984 0.254767 0.209717 0.254767 0.209961 0.255297 0.209961 0.255826 0.210205 0.255826 0.210449 0.256356 0.210449 0.256886 0.210693 0.256356 0.210449 0.255826 0.210449 0.255297 0.210693 0.254767 0.210693 0.253708 0.211182 0.252648 0.211670 0.252648 0.211914 0.253178 0.211914 0.253708 0.211670 0.254237 0.211426 0.254237 0.211426 0.255826 0.213379 0.255826 0.213379 0.254237 0.213623 0.253708 0.213867 0.253708 0.213867 0.253178 0.214111 0.252648 0.214111 0.251589 0.213867 0.251059 0.213623 0.251059 0.213379 0.250530 0.212402 0.250530 0.211670 0.248941 0.211914 0.248411 0.212402 0.248411 0.212158 0.248411 0.211914 0.247881 0.210449 0.247881 0.210205 0.248411 0.209961 0.247881 0.209717 0.248411 0.209473 0.247881 0.209229 0.248411 0.208984 0.247881 0.208984 0.246822 0.208740 0.246822 0.208496 0.246292 0.207275 0.246292 0.207520 0.246822 0.207275 0.247352 0.207275 0.247881 0.207031 0.248411 0.206787 0.248411 0.206543 0.248941 0.206543 0.249470
2 0.347656 0.245763 0.347412 0.246292 0.346924 0.246292 0.347168 0.246822 0.347168 0.247881 0.346924 0.248411 0.346680 0.247881 0.346680 0.247352 0.346436 0.247881 0.346191 0.247352 0.346191 0.246822 0.345947 0.247352 0.345703 0.247352 0.345703 0.247881 0.345215 0.248941 0.344727 0.248941 0.344971 0.249470 0.344727 0.250000 0.344482 0.250000 0.344727 0.250530 0.344482 0.251059 0.344238 0.251059 0.344238 0.251589 0.343994 0.252119 0.343750 0.252119 0.343994 0.252119 0.344238 0.252648 0.344238 0.253178 0.344727 0.254237 0.345215 0.254237 0.345459 0.254767 0.345947 0.254767 0.346191 0.255297 0.345947 0.255826 0.345703 0.255826 0.345703 0.258475 0.345215 0.259534 0.343750 0.259534 0.343750 0.261123 0.343994 0.261123 0.343994 0.260593 0.344238 0.260064 0.344971 0.260064 0.345215 0.260593 0.345215 0.261123 0.346436 0.261123 0.346436 0.260593 0.346680 0.260064 0.346924 0.260593 0.347168 0.260064 0.347168 0.259004 0.346924 0.259004 0.346680 0.259534 0.346191 0.258475 0.346191 0.254767 0.346436 0.254237 0.345703 0.254237 0.345459 0.253708 0.345459 0.251589 0.346191 0.250000 0.346436 0.250530 0.346436 0.251059 0.346191 0.251589 0.346191 0.252119 0.346191 0.251589 0.347168 0.249470 0.347412 0.249470 0.347412 0.248411 0.347168 0.247881 0.347168 0.247352 0.347412 0.246822 0.347412 0.246292
2 0.297363 0.242585 0.297119 0.243114 0.297119 0.244703 0.296875 0.245233 0.296875 0.248411 0.296387 0.249470 0.295898 0.249470 0.295898 0.250530 0.295654 0.251059 0.295410 0.251059 0.295410 0.251589 0.295654 0.251589 0.295898 0.251059 0.296875 0.251059 0.296631 0.250530 0.296387 0.250530 0.296143 0.250000 0.296387 0.249470 0.296631 0.249470 0.296875 0.248941 0.297119 0.249470 0.297607 0.249470 0.297852 0.250000 0.297852 0.250530 0.298096 0.250530 0.298340 0.251059 0.298340 0.251589 0.298584 0.251589 0.298828 0.252119 0.298828 0.253708 0.299072 0.253708 0.299072 0.252648 0.299316 0.252119 0.300049 0.253708 0.300049 0.254237 0.299805 0.254767 0.300049 0.254767 0.300293 0.255297 0.300293 0.255826 0.300049 0.256356 0.299805 0.256356 0.299805 0.256886 0.299561 0.257415 0.300049 0.258475 0.300537 0.258475 0.300537 0.257945 0.300293 0.257945 0.300049 0.257415 0.300049 0.256356 0.300537 0.255297 0.300293 0.254767 0.300293 0.254237 0.300049 0.253708 0.300537 0.252648 0.300781 0.252648 0.301270 0.253708 0.301270 0.254237 0.302246 0.254237 0.302002 0.254237 0.301270 0.252648 0.301270 0.251059 0.300537 0.249470 0.300537 0.248941 0.300293 0.248411 0.300293 0.247352 0.299805 0.246292 0.299561 0.246292 0.299316 0.245763 0.299072 0.245763 0.298584 0.244703 0.298584 0.244174 0.297852 0.242585
2 0.320801 0.237288 0.321045 0.237288 0.321289 0.237818 0.321533 0.237818 0.321777 0.238347 0.321533 0.238877 0.323975 0.238877 0.324219 0.238347 0.324463 0.238347 0.324707 0.238877 0.324951 0.238877 0.325439 0.239936 0.326172 0.239936 0.326172 0.239407 0.326416 0.238877 0.326660 0.238877 0.326904 0.239407 0.327148 0.238877 0.327393 0.239407 0.327393 0.238347 0.326904 0.237288 0.326660 0.237288 0.326416 0.236758 0.326172 0.237288 0.325928 0.237288 0.325439 0.236229 0.324463 0.236229 0.324219 0.236758 0.323975 0.236758 0.323486 0.235699 0.322754 0.235699 0.322510 0.236229 0.321777 0.236229 0.321289 0.237288
2 0.312500 0.234640 0.312744 0.234640 0.312988 0.235169 0.312988 0.235699 0.313477 0.236758 0.313477 0.237818 0.313721 0.237818 0.313965 0.238347 0.313965 0.238877 0.314209 0.238877 0.314453 0.238347 0.314941 0.238347 0.315186 0.237818 0.315918 0.237818 0.316162 0.237288 0.317871 0.237288 0.318115 0.236758 0.318359 0.236758 0.318115 0.236229 0.318115 0.235699 0.317627 0.235699 0.317383 0.235169 0.317139 0.235169 0.316895 0.234640
2 0.333008 0.235699 0.332520 0.235699 0.332031 0.234110 0.332031 0.236229 0.331299 0.237818 0.331543 0.238347 0.330322 0.238877 0.330566 0.239936 0.331787 0.240466 0.332275 0.241525 0.332031 0.242585 0.332520 0.243114 0.332031 0.244174 0.330322 0.244174 0.329834 0.245233 0.329102 0.244703 0.329102 0.243114 0.328125 0.241525 0.327881 0.244703 0.325928 0.245763 0.324463 0.244174 0.322754 0.243644 0.322021 0.241525 0.321289 0.241525 0.321045 0.240466 0.320312 0.240466 0.321045 0.242055 0.320801 0.243114 0.312744 0.243644 0.312500 0.242585 0.311768 0.242585 0.311035 0.244174 0.311035 0.246822 0.310059 0.253178 0.307617 0.259004 0.308594 0.259534 0.310547 0.258475 0.310547 0.261653 0.311279 0.262182 0.312012 0.260593 0.312256 0.258475 0.316162 0.260064 0.316650 0.261123 0.316406 0.262182 0.317139 0.261653 0.319336 0.263242 0.320312 0.263242 0.321289 0.261123 0.324707 0.259534 0.324463 0.259004 0.320557 0.259004 0.320557 0.257415 0.319092 0.254767 0.316650 0.256356 0.313721 0.255826 0.315918 0.251589 0.317139 0.251059 0.318115 0.248941 0.318359 0.250000 0.319580 0.248941 0.319092 0.248411 0.320068 0.246822 0.320312 0.248941 0.322021 0.247881 0.324219 0.247881 0.325439 0.245763 0.326172 0.249470 0.327393 0.247352 0.328125 0.249470 0.327148 0.251059 0.327393 0.250000 0.327637 0.251059 0.327881 0.250530 0.328613 0.251589 0.328613 0.249470 0.328125 0.248941 0.328857 0.247352 0.328613 0.246822 0.328369 0.247881 0.327637 0.247881 0.326904 0.245763 0.327881 0.245233 0.328125 0.244174 0.328613 0.245763 0.329102 0.245763 0.329346 0.244703 0.329590 0.245763 0.332520 0.245763 0.333496 0.244703 0.332764 0.243644 0.333252 0.241525 0.332275 0.239936 0.332764 0.238877 0.332275 0.238347
2 0.282471 0.223517 0.281738 0.223517 0.281494 0.224047 0.281250 0.224047 0.281006 0.224576 0.280762 0.224576 0.280518 0.224047 0.280273 0.224047 0.280029 0.224576 0.279297 0.224576 0.279053 0.225106 0.278564 0.225106 0.278564 0.225636 0.279053 0.225636 0.279297 0.226165 0.279541 0.226165 0.280762 0.228814 0.280762 0.229343 0.281006 0.229873 0.281006 0.231462 0.280762 0.231992 0.280762 0.232521 0.280029 0.234110 0.280273 0.234640 0.280518 0.234640 0.281250 0.236229 0.281494 0.236229 0.281738 0.235699 0.281738 0.234640 0.281494 0.234110 0.281738 0.233581 0.281738 0.232521 0.281982 0.231992 0.282227 0.231992 0.282227 0.230932 0.282471 0.230403 0.282471 0.228814 0.282715 0.228284 0.281982 0.228284 0.281738 0.228814 0.281494 0.228814 0.281250 0.228284 0.281250 0.227754 0.281006 0.227225 0.280762 0.227225 0.280518 0.226695 0.280518 0.226165 0.281006 0.225106 0.281738 0.226695 0.281738 0.227225 0.281982 0.226695 0.281982 0.225636 0.281494 0.225636 0.281250 0.225106 0.281250 0.224576 0.281494 0.224047 0.281738 0.224047 0.281982 0.223517
2 0.152100 0.227225 0.153076 0.228284 0.154785 0.228814 0.154541 0.228284 0.154785 0.227754 0.155273 0.227754 0.155518 0.226695 0.156006 0.227225 0.155762 0.226695 0.156006 0.226165 0.156494 0.226165 0.156738 0.226695 0.158447 0.226695 0.158691 0.227225 0.159668 0.227225 0.159912 0.226695 0.160400 0.226695 0.160645 0.227225 0.160645 0.228284 0.160400 0.228814 0.159912 0.228284 0.159668 0.228814 0.158447 0.228814 0.158203 0.228284 0.157959 0.228814 0.157715 0.228284 0.157471 0.228814 0.156738 0.228814 0.156250 0.229343 0.156494 0.229343 0.157227 0.230932 0.157227 0.231462 0.157715 0.231462 0.157959 0.230932 0.158447 0.230932 0.158691 0.231462 0.159912 0.231462 0.160156 0.230403 0.160889 0.230403 0.161133 0.230932 0.161133 0.231992 0.160889 0.232521 0.160400 0.231992 0.160156 0.232521 0.159180 0.232521 0.158691 0.233051 0.158691 0.233581 0.159668 0.234110 0.159912 0.234640 0.161133 0.234640 0.161377 0.235169 0.162354 0.235169 0.162598 0.234640 0.164062 0.234640 0.164551 0.233581 0.165283 0.233051 0.165283 0.232521 0.165039 0.232521 0.164795 0.233581 0.164551 0.232521 0.164307 0.233581 0.164062 0.233051 0.164062 0.230932 0.164307 0.230403 0.165771 0.230403 0.166016 0.229343 0.165039 0.228284 0.163574 0.229873 0.163330 0.229343 0.163330 0.228814 0.163818 0.227754 0.164307 0.227754 0.163818 0.225636 0.163574 0.226165 0.163086 0.226165 0.161621 0.224576 0.161377 0.221398 0.161865 0.219809 0.162109 0.220339 0.161621 0.219280 0.160645 0.219280 0.159912 0.220339 0.159668 0.220339 0.159424 0.219280 0.158691 0.219280 0.158447 0.220339 0.157715 0.220339 0.157471 0.223517 0.156982 0.224576 0.156494 0.224576 0.155762 0.223517 0.155029 0.224576 0.154785 0.224047 0.154785 0.224576 0.154053 0.225636 0.152832 0.225636 0.152588 0.226695
2 0.414795 0.218220 0.414062 0.218750 0.413818 0.222458 0.410156 0.222458 0.409912 0.223517 0.409180 0.223517 0.408936 0.222458 0.407715 0.222458 0.407227 0.221398 0.406250 0.223517 0.406250 0.226165 0.407227 0.228284 0.406250 0.228814 0.405762 0.227754 0.404297 0.228814 0.405273 0.230932 0.405762 0.233581 0.407959 0.233581 0.408203 0.234640 0.408936 0.234640 0.409668 0.236229 0.409424 0.237288 0.408691 0.237288 0.409180 0.238347 0.409180 0.239936 0.409668 0.240466 0.409668 0.242055 0.411133 0.242055 0.411377 0.245233 0.412109 0.245233 0.411865 0.243644 0.412354 0.243114 0.412598 0.245233 0.413330 0.245763 0.413086 0.247352 0.411621 0.250000 0.411621 0.251589 0.412109 0.252119 0.411621 0.256356 0.412109 0.257415 0.412109 0.262182 0.412842 0.262182 0.413086 0.265360 0.414062 0.265890 0.414062 0.274894 0.415771 0.270657 0.415283 0.269068 0.416260 0.268538 0.416504 0.267479 0.417236 0.267479 0.417236 0.262712 0.414062 0.262712 0.414062 0.261123 0.417725 0.261123 0.418457 0.262712 0.417969 0.263771 0.417969 0.270127 0.419434 0.270657 0.420898 0.266419 0.423096 0.266419 0.423340 0.265360 0.424561 0.265360 0.425049 0.264301 0.425049 0.262712 0.424072 0.262182 0.424561 0.261123 0.424561 0.259534 0.425049 0.259004 0.425049 0.257415 0.424561 0.256886 0.424561 0.255297 0.424072 0.254237 0.425293 0.253708 0.425293 0.251059 0.424561 0.250530 0.424072 0.246292 0.423096 0.245233 0.423096 0.242585 0.422607 0.242055 0.422607 0.240466 0.421875 0.240466 0.421631 0.237288 0.420654 0.236758 0.420654 0.233051 0.420166 0.232521 0.419678 0.228814 0.418945 0.229873 0.418945 0.231462 0.417969 0.233051 0.417725 0.227754 0.417236 0.226695 0.416748 0.228814 0.415283 0.228284 0.415283 0.220339 0.414795 0.219809
2 0.283691 0.216102 0.283691 0.216631 0.283936 0.216631 0.284180 0.217161 0.284180 0.217691 0.284668 0.217691 0.284912 0.217161 0.285645 0.217161 0.285889 0.216631 0.286133 0.217161 0.286377 0.217161 0.286621 0.217691 0.286865 0.217691 0.287109 0.218220 0.287109 0.218750 0.288330 0.218750 0.288330 0.218220 0.288086 0.218220 0.287842 0.217691 0.287842 0.211864 0.286133 0.211864 0.286133 0.214513 0.285889 0.215042 0.285645 0.215042 0.285645 0.215572 0.285400 0.216102
2 0.153320 0.208157 0.153320 0.213453 0.153809 0.214513 0.153809 0.215042 0.154297 0.216102 0.154297 0.217161 0.154053 0.217691 0.154053 0.218220 0.153809 0.218750 0.154541 0.218750 0.155029 0.217691 0.155518 0.217691 0.155762 0.217161 0.155762 0.216631 0.155518 0.216102 0.155273 0.216102 0.155029 0.215572 0.155273 0.215042 0.155029 0.214513 0.155273 0.213983 0.155762 0.213983 0.156006 0.214513 0.155762 0.213983 0.156006 0.213453 0.156250 0.213453 0.156494 0.212924 0.156738 0.213453 0.156738 0.213983 0.156738 0.212924 0.155518 0.212924 0.155273 0.212394 0.155273 0.209746 0.155029 0.210275 0.154785 0.209746 0.154785 0.209216 0.154541 0.209216 0.154297 0.208686 0.153564 0.208686
2 0.407471 0.208157 0.407471 0.208686 0.407227 0.209216 0.407227 0.209746 0.407471 0.210275 0.407471 0.211335 0.407715 0.211335 0.408203 0.212394 0.408447 0.212394 0.408691 0.212924 0.408936 0.212924 0.409180 0.213453 0.409424 0.213453 0.409668 0.213983 0.410156 0.213983 0.410400 0.214513 0.410645 0.213983 0.410400 0.213453 0.410645 0.212924 0.410645 0.212394 0.411133 0.211335 0.411133 0.210275 0.411133 0.211335 0.410645 0.212394 0.409912 0.210805 0.410156 0.210275 0.409912 0.209746 0.409912 0.208686 0.409424 0.207627 0.408203 0.207627 0.407715 0.208686
2 0.342773 0.203919 0.343018 0.204979 0.342285 0.205508 0.342041 0.206568 0.341064 0.206568 0.339111 0.209216 0.339600 0.210805 0.339355 0.211335 0.340088 0.210805 0.340820 0.212394 0.340576 0.212924 0.338867 0.212394 0.338867 0.213983 0.339600 0.214513 0.340088 0.213453 0.341309 0.216102 0.341064 0.217691 0.341553 0.217691 0.341797 0.216631 0.343506 0.216631 0.343994 0.219809 0.343018 0.220869 0.341309 0.220339 0.341064 0.219280 0.340332 0.218750 0.339844 0.219809 0.340576 0.218750 0.341309 0.220339 0.341309 0.221928 0.340820 0.222458 0.340576 0.224576 0.339844 0.224576 0.339600 0.227754 0.339111 0.226695 0.338379 0.227754 0.338379 0.228284 0.339600 0.228284 0.339844 0.230403 0.337891 0.230932 0.337402 0.229873 0.336914 0.231992 0.337158 0.232521 0.337646 0.231462 0.337891 0.232521 0.338623 0.232521 0.339355 0.233581 0.340332 0.232521 0.341553 0.233581 0.340576 0.231462 0.340576 0.229873 0.340088 0.228814 0.342529 0.228284 0.342773 0.228814 0.342773 0.234640 0.343262 0.233581 0.343994 0.235169 0.343262 0.236229 0.342773 0.235699 0.342773 0.236758 0.343750 0.237288 0.343750 0.239407 0.343262 0.240466 0.342041 0.237818 0.342041 0.235699 0.341309 0.235699 0.341064 0.236758 0.340088 0.237818 0.339844 0.237288 0.338867 0.237818 0.339111 0.238877 0.339600 0.237818 0.340088 0.238877 0.339844 0.239936 0.340332 0.239407 0.340576 0.239936 0.340332 0.240466 0.341553 0.240996 0.342041 0.242055 0.342285 0.241525 0.342773 0.242055 0.342529 0.241525 0.342773 0.240466 0.343506 0.240996 0.345215 0.238347 0.344727 0.238347 0.344482 0.237288 0.344727 0.236758 0.344971 0.237288 0.344971 0.235169 0.345459 0.234640 0.345459 0.230932 0.344971 0.230403 0.344971 0.228814 0.343506 0.230932 0.343262 0.230403 0.343506 0.228814 0.343018 0.228284 0.343018 0.222458 0.343262 0.221928 0.343750 0.222458 0.343750 0.224576 0.343994 0.223517 0.343750 0.222987 0.344238 0.222458 0.343750 0.222458 0.343506 0.221398 0.343994 0.219809 0.344238 0.221398 0.344238 0.211864 0.344727 0.211335 0.344482 0.207627 0.344727 0.206038 0.343994 0.207627
2 0.281494 0.203919 0.281250 0.203919 0.281250 0.207097 0.281006 0.207627 0.280273 0.207627 0.280029 0.208157 0.277832 0.208157 0.277344 0.209216 0.277100 0.209216 0.276855 0.209746 0.276123 0.209746 0.276367 0.209746 0.276611 0.210275 0.276855 0.210275 0.278076 0.212924 0.278076 0.213453 0.278320 0.213983 0.278320 0.214513 0.279297 0.216631 0.279541 0.216102 0.279785 0.216102 0.280029 0.215572 0.281494 0.215572 0.281738 0.215042 0.281738 0.210805 0.281494 0.210275 0.281494 0.209746 0.281738 0.209216 0.281982 0.209216 0.282227 0.209746 0.282227 0.210275 0.282471 0.210275 0.282471 0.209746 0.282227 0.209746 0.281982 0.209216 0.281982 0.206568 0.281738 0.206568 0.281494 0.206038
2 0.402832 0.203390 0.402832 0.210275 0.404541 0.210275 0.404541 0.208686 0.404785 0.208157 0.405029 0.208157 0.405029 0.207627 0.405273 0.207097 0.405518 0.207097 0.405518 0.203919 0.405273 0.203390
2 0.296875 0.203390 0.297119 0.204979 0.297607 0.205508 0.298340 0.208157 0.299316 0.210275 0.299072 0.211335 0.298340 0.210805 0.299316 0.213453 0.298828 0.214513 0.298340 0.213983 0.298096 0.215572 0.297363 0.215572 0.296875 0.216102 0.296631 0.217161 0.297607 0.219280 0.299561 0.219280 0.299805 0.219809 0.302246 0.220339 0.302979 0.220869 0.303223 0.221928 0.303955 0.221928 0.305420 0.224047 0.306396 0.224047 0.306641 0.224576 0.306152 0.226165 0.301025 0.225636 0.300049 0.226695 0.302246 0.228284 0.302979 0.227754 0.303711 0.228284 0.302979 0.227225 0.303223 0.226695 0.304443 0.226695 0.304688 0.228284 0.305176 0.228814 0.305176 0.229873 0.304932 0.230403 0.304688 0.229873 0.304688 0.230932 0.305908 0.233581 0.307617 0.236229 0.308105 0.235699 0.309082 0.237288 0.309082 0.238347 0.309570 0.239936 0.309814 0.239407 0.309326 0.238347 0.310303 0.236758 0.311035 0.237288 0.312012 0.239936 0.311279 0.236229 0.312012 0.235169 0.310547 0.234110 0.309326 0.230932 0.308838 0.227225 0.307373 0.224047 0.304932 0.221398 0.302734 0.216631 0.302979 0.210275 0.302002 0.209746 0.299561 0.205508 0.299072 0.205508 0.299316 0.206038 0.299072 0.206568 0.298340 0.206568 0.297607 0.204449 0.297852 0.203390 0.298584 0.204979 0.298584 0.203919 0.298096 0.202860 0.298340 0.202331
2 0.444824 0.200212 0.443604 0.200212 0.443359 0.200742 0.443115 0.200742 0.442871 0.201271 0.440918 0.201271 0.440430 0.202331 0.440918 0.203390 0.441162 0.203390 0.441406 0.203919 0.442871 0.203919 0.443115 0.203390 0.443359 0.203919 0.443848 0.203919 0.444092 0.204449 0.443848 0.204979 0.443604 0.204979 0.443359 0.205508 0.443359 0.206038 0.443115 0.206568 0.442871 0.206568 0.442871 0.207097 0.442139 0.208686 0.442383 0.209216 0.442139 0.209746 0.441650 0.209746 0.441650 0.210275 0.441406 0.210805 0.441406 0.212394 0.441650 0.212924 0.442139 0.212924 0.442383 0.212394 0.442383 0.211864 0.442627 0.211335 0.442627 0.210805 0.442383 0.210275 0.442383 0.209746 0.442627 0.209216 0.443115 0.209216 0.443604 0.208157 0.443604 0.207627 0.443848 0.207097 0.443848 0.206568 0.444336 0.205508 0.444336 0.204449 0.444092 0.203919 0.444092 0.203390 0.444580 0.202331 0.444824 0.202331 0.444824 0.201271 0.445068 0.200742
2 0.500244 0.220339 0.484375 0.216102 0.484619 0.198093 0.477539 0.210805 0.481445 0.230403 0.478027 0.231992 0.476562 0.256886 0.482422 0.246292 0.482178 0.238877 0.491699 0.233581 0.489014 0.224576 0.492432 0.218750 0.500977 0.231462 0.497314 0.228284 0.494873 0.241525 0.492920 0.234110 0.489746 0.235169 0.492676 0.248941 0.497070 0.239407 0.497314 0.256356 0.491699 0.250000 0.489502 0.254237 0.488770 0.246822 0.487061 0.254767 0.483398 0.242585 0.481934 0.255297 0.484131 0.254237 0.485107 0.265890 0.487793 0.268008 0.487793 0.281250 0.484619 0.291314 0.483887 0.286547 0.481201 0.290254 0.480957 0.305085 0.475830 0.316208 0.472412 0.296610 0.472412 0.313559 0.469482 0.305085 0.461914 0.308263 0.462891 0.313030 0.460449 0.314619 0.458984 0.305085 0.458008 0.313559 0.457275 0.301907 0.449219 0.300847 0.447510 0.279661 0.443115 0.284958 0.441650 0.279131 0.445068 0.263242 0.437500 0.255297 0.435547 0.266419 0.438477 0.261653 0.439941 0.272775 0.437500 0.281250 0.442383 0.288136 0.442383 0.304555 0.441162 0.292373 0.435791 0.287606 0.436768 0.277542 0.429688 0.287606 0.435059 0.294492 0.433105 0.313559 0.435059 0.313559 0.435059 0.325742 0.443359 0.326271 0.439453 0.329449 0.439941 0.336335 0.442383 0.330508 0.442871 0.347458 0.444336 0.343220 0.446533 0.350106 0.449707 0.331038 0.451904 0.337394 0.452881 0.328919 0.457520 0.348517 0.460693 0.332097 0.462158 0.359640 0.461182 0.355932 0.468262 0.350106 0.466797 0.346398 0.462646 0.354343 0.464600 0.337924 0.465820 0.344280 0.470459 0.340572 0.474121 0.346398 0.471924 0.340042 0.477051 0.336864 0.472168 0.334216 0.477783 0.329449 0.482422 0.333686 0.480225 0.331568 0.479980 0.316208 0.484375 0.328390 0.483887 0.336864 0.487061 0.331038 0.482178 0.320445 0.482422 0.303496 0.488770 0.299788 0.488770 0.274364 0.499756 0.264831 0.499268 0.250530 0.503174 0.238347
2 0.392090 0.200212 0.392578 0.200742 0.392334 0.201271 0.392334 0.202860 0.391602 0.203390 0.391602 0.203919 0.392090 0.204449 0.392090 0.206038 0.392822 0.206038 0.393066 0.206568 0.393066 0.209216 0.392578 0.209746 0.392334 0.210805 0.391602 0.210805 0.391846 0.211335 0.393799 0.211335 0.394043 0.210275 0.394531 0.210805 0.394531 0.212394 0.394043 0.212924 0.393311 0.215042 0.393066 0.215042 0.393555 0.216631 0.396240 0.216631 0.396484 0.217691 0.397949 0.217691 0.398682 0.215572 0.399170 0.215572 0.399414 0.216102 0.399414 0.217691 0.399902 0.218220 0.399902 0.219809 0.401123 0.220339 0.401855 0.219280 0.402588 0.220339 0.403076 0.220339 0.403320 0.221928 0.403564 0.221928 0.403564 0.220339 0.403809 0.219809 0.406006 0.219809 0.406250 0.218750 0.406738 0.219280 0.406982 0.217691 0.406250 0.215572 0.406250 0.216631 0.405762 0.217161 0.405029 0.215042 0.404297 0.215042 0.404053 0.213983 0.403320 0.213983 0.403320 0.215572 0.402588 0.216102 0.402344 0.217691 0.401367 0.217691 0.400879 0.217161 0.400879 0.217691 0.400391 0.218220 0.400146 0.217691 0.400146 0.216102 0.399414 0.216102 0.399170 0.215572 0.399170 0.213983 0.398682 0.213453 0.398682 0.211864 0.399170 0.211335 0.399170 0.209746 0.399658 0.209216 0.399658 0.208686 0.398682 0.207097 0.398682 0.205508 0.399170 0.204979 0.399170 0.203919 0.398682 0.203390 0.398193 0.205508 0.394531 0.205508 0.394287 0.204449 0.393799 0.203919 0.394043 0.202860 0.394531 0.203390 0.394775 0.202860 0.397949 0.202860 0.397705 0.200212 0.395020 0.200212 0.395020 0.201801 0.394775 0.202331 0.394287 0.201801 0.394287 0.198093 0.393555 0.198093 0.393555 0.199682 0.393311 0.200212 0.393066 0.199153
2 0.463135 0.196504 0.462891 0.196504 0.462646 0.195975 0.462402 0.195975 0.462158 0.196504 0.461670 0.196504 0.461426 0.197034 0.459961 0.197034 0.459717 0.197564 0.458740 0.197564 0.458496 0.198093 0.458008 0.198093 0.457764 0.198623 0.457275 0.198623 0.457031 0.199153 0.457031 0.200742 0.457275 0.200742 0.457520 0.201271 0.457520 0.201801 0.458008 0.201801 0.458252 0.202331 0.457764 0.203390 0.457031 0.203390 0.456787 0.202860 0.456787 0.202331 0.456543 0.202331 0.456543 0.203390 0.456299 0.203919 0.456055 0.203390 0.455566 0.203390 0.455322 0.202860 0.454346 0.202860 0.454102 0.202331 0.453857 0.202860 0.453613 0.202860 0.453369 0.202331 0.452148 0.202331 0.452393 0.202331 0.452637 0.202860 0.453125 0.202860 0.453369 0.203390 0.453613 0.203390 0.453857 0.203919 0.454102 0.203919 0.454590 0.204979 0.454834 0.204979 0.455078 0.205508 0.455078 0.206038 0.455322 0.206038 0.456055 0.207627 0.456055 0.208157 0.456299 0.208157 0.457764 0.211335 0.458008 0.211335 0.458008 0.210275 0.457764 0.209746 0.458008 0.209216 0.458008 0.207627 0.458252 0.207097 0.458252 0.206568 0.458496 0.206038 0.458496 0.205508 0.458984 0.203919 0.458984 0.203390 0.458252 0.203390 0.458008 0.202860 0.458252 0.202331 0.458252 0.201271 0.458496 0.200742 0.458740 0.201271 0.459229 0.201271 0.459473 0.201801 0.459717 0.201801 0.459961 0.201271 0.460205 0.201271 0.460449 0.201801 0.460693 0.201801 0.461182 0.200742 0.461426 0.200742 0.461670 0.200212 0.461914 0.200212 0.461914 0.199682 0.462646 0.198093 0.462891 0.198093 0.463135 0.197564
2 0.468750 0.194386 0.468506 0.194915 0.468262 0.194915 0.468262 0.195975 0.467773 0.197034 0.467773 0.199682 0.468018 0.200212 0.467529 0.201271 0.467285 0.200742 0.467041 0.201271 0.466797 0.201271 0.466797 0.204979 0.467041 0.204979 0.467041 0.204449 0.467285 0.203919 0.467529 0.203919 0.467773 0.204449 0.467773 0.204979 0.468506 0.204979 0.468750 0.205508 0.468994 0.204979 0.469238 0.204979 0.469238 0.204449 0.469482 0.203919 0.469727 0.203919 0.469971 0.204449 0.469971 0.204979 0.469727 0.205508 0.469971 0.204979 0.469971 0.203390 0.469727 0.203919 0.469482 0.203390 0.468750 0.203390 0.468262 0.202331 0.468506 0.201801 0.469482 0.201801 0.469727 0.201271 0.469238 0.200212 0.468994 0.200212 0.468506 0.199153 0.468506 0.198093 0.468750 0.197564 0.468750 0.197034 0.468994 0.196504 0.469238 0.197034 0.468994 0.196504 0.468994 0.195975 0.468750 0.195445 0.468994 0.194915
2 0.338623 0.192797 0.338379 0.192797 0.338379 0.193326 0.337891 0.193856 0.337646 0.193326 0.337646 0.191737 0.336914 0.191737 0.336426 0.191208 0.335938 0.192267 0.335938 0.196504 0.335693 0.197034 0.335205 0.196504 0.335205 0.193856 0.334961 0.193856 0.334473 0.194915 0.333496 0.195975 0.333252 0.197034 0.333008 0.195975 0.332275 0.197034 0.332275 0.198093 0.332031 0.198623 0.332031 0.199682 0.331787 0.200742 0.330322 0.203919 0.329834 0.204449 0.329346 0.204449 0.329102 0.204979 0.327881 0.204979 0.326416 0.206568 0.325928 0.206568 0.327393 0.208157 0.327881 0.208157 0.328369 0.207097 0.328613 0.208157 0.329102 0.208686 0.329346 0.208157 0.331055 0.208157 0.331299 0.207627 0.331787 0.208157 0.332031 0.207097 0.332764 0.207097 0.333008 0.206038 0.334229 0.206038 0.334473 0.206568 0.334473 0.209216 0.334229 0.209746 0.333496 0.209746 0.333496 0.210275 0.333984 0.211335 0.334229 0.211335 0.334229 0.209746 0.334717 0.208686 0.334717 0.207627 0.334961 0.207097 0.335205 0.207627 0.335205 0.209216 0.334961 0.209746 0.335449 0.208686 0.335449 0.207097 0.335938 0.206568 0.335938 0.206038 0.338135 0.201271 0.337891 0.200742 0.338379 0.200212 0.338135 0.199682 0.338135 0.198093 0.337891 0.198093 0.337891 0.198623 0.337402 0.199153 0.337158 0.200212 0.336426 0.200212 0.336182 0.199682 0.336182 0.198093 0.336426 0.197564 0.337158 0.197564 0.337158 0.195975 0.336426 0.195975 0.336182 0.194915 0.336426 0.194386 0.338135 0.194386 0.338135 0.193856 0.338623 0.193326
2 0.295166 0.190678 0.295410 0.191208 0.295654 0.191208 0.295898 0.191737 0.295654 0.192267 0.295898 0.192267 0.296143 0.191737 0.296631 0.192797 0.297363 0.192797 0.297607 0.193326 0.298096 0.193326 0.298340 0.193856 0.298584 0.193856 0.298828 0.194386 0.299072 0.193856 0.299316 0.194386 0.299316 0.195445 0.299561 0.195445 0.300293 0.197034 0.300293 0.197564 0.300537 0.197564 0.300781 0.198093 0.300781 0.198623 0.301025 0.199153 0.301025 0.199682 0.301270 0.200212 0.301270 0.200742 0.301514 0.201271 0.301758 0.201271 0.302002 0.201801 0.301514 0.200742 0.301514 0.200212 0.301270 0.199682 0.301270 0.199153 0.301025 0.198623 0.301025 0.198093 0.300781 0.197564 0.300781 0.197034 0.300049 0.195445 0.300049 0.193856 0.299805 0.193326 0.299805 0.192797 0.299072 0.191208 0.298828 0.191208 0.298584 0.191737 0.298340 0.191737 0.297852 0.190678
2 0.291504 0.181674 0.291748 0.181144 0.291992 0.181674 0.291992 0.182203 0.292480 0.183263 0.292480 0.185911 0.292725 0.186441 0.292725 0.186970 0.292480 0.187500 0.292480 0.188559 0.292725 0.189089 0.292969 0.188559 0.293213 0.188559 0.294189 0.186441 0.294922 0.186441 0.295166 0.186970 0.295410 0.186970 0.295898 0.188030 0.296387 0.188030 0.296631 0.188559 0.296631 0.185381 0.296387 0.184852 0.296387 0.184322 0.296143 0.183792 0.296143 0.183263 0.295898 0.182733 0.295898 0.182203 0.294922 0.182203 0.294678 0.181674 0.294434 0.181674 0.294189 0.182203 0.293945 0.182203 0.293701 0.182733 0.293701 0.183263 0.293457 0.183792 0.292969 0.182733 0.292969 0.182203 0.292725 0.181674 0.292725 0.181144 0.291748 0.181144
2 0.395996 0.180614 0.395996 0.181674 0.396240 0.182203 0.395996 0.182733 0.395020 0.182203 0.395020 0.183792 0.395264 0.183792 0.395508 0.184852 0.395752 0.184322 0.395996 0.184852 0.395996 0.185911 0.395752 0.186441 0.394531 0.186441 0.394531 0.188030 0.394287 0.188559 0.393799 0.188030 0.393799 0.186441 0.393555 0.186441 0.393555 0.188559 0.393799 0.189089 0.393311 0.189619 0.392334 0.188030 0.392334 0.187500 0.392822 0.186970 0.392578 0.186441 0.393066 0.185911 0.392822 0.185381 0.393311 0.184852 0.393311 0.184322 0.393066 0.184322 0.393066 0.184852 0.392578 0.185381 0.392822 0.185911 0.392334 0.186970 0.392090 0.186970 0.392090 0.188030 0.392334 0.188030 0.392822 0.189089 0.392578 0.189619 0.391846 0.189619 0.391602 0.190148 0.392334 0.190148 0.392578 0.191208 0.393311 0.191737 0.394043 0.190678 0.394287 0.191208 0.394287 0.190678 0.393555 0.189619 0.393799 0.189089 0.394287 0.189089 0.394775 0.190148 0.394775 0.193326 0.395020 0.194386 0.397949 0.194386 0.398193 0.194915 0.398682 0.194915 0.398926 0.195445 0.398438 0.195975 0.398438 0.197564 0.398926 0.198093 0.398926 0.200212 0.399170 0.200742 0.399170 0.201801 0.400391 0.203919 0.400391 0.205508 0.400879 0.206568 0.400879 0.207097 0.401123 0.206038 0.401611 0.205508 0.401123 0.204449 0.401123 0.203390 0.400879 0.202860 0.400635 0.203390 0.400146 0.203390 0.399902 0.202860 0.399902 0.201271 0.398926 0.200212 0.398926 0.198623 0.399170 0.198093 0.398682 0.197564 0.398682 0.197034 0.399170 0.196504 0.399170 0.195445 0.399414 0.194915 0.399902 0.194915 0.399414 0.194915 0.399170 0.194386 0.399658 0.193856 0.399658 0.192797 0.399414 0.192267 0.399902 0.191737 0.399902 0.191208 0.398926 0.190678 0.398682 0.189619 0.398193 0.189089 0.396973 0.188559 0.396729 0.188030 0.396973 0.187500 0.396729 0.188030 0.396240 0.186970 0.396484 0.186441 0.396240 0.186970 0.395996 0.186441 0.395996 0.185381 0.396729 0.184322 0.396484 0.183792 0.396484 0.182733
2 0.275146 0.179025 0.275391 0.179025 0.275635 0.179555 0.275879 0.179555 0.276123 0.180085 0.276611 0.180085 0.276855 0.180614 0.277100 0.180614 0.277344 0.181144 0.277588 0.181144 0.278076 0.182203 0.278076 0.184322 0.278320 0.183792 0.278564 0.183792 0.279053 0.182733 0.279297 0.182733 0.279541 0.182203 0.279785 0.182203 0.280029 0.181674 0.280518 0.181674 0.281006 0.180614 0.281494 0.180614 0.281738 0.180085 0.281738 0.179025 0.281494 0.178496 0.281494 0.177966 0.281250 0.177966 0.281006 0.178496 0.277344 0.178496 0.277100 0.177966 0.276367 0.177966 0.276367 0.178496 0.276123 0.179025
2 0.411621 0.177436 0.411621 0.179555 0.411377 0.180085 0.411621 0.181674 0.411377 0.182203 0.411621 0.182203 0.411865 0.181674 0.412109 0.182203 0.412109 0.183263 0.412354 0.183792 0.411865 0.184852 0.411621 0.184322 0.411865 0.184852 0.411865 0.185911 0.411865 0.184852 0.412354 0.183792 0.412598 0.184322 0.412598 0.184852 0.412354 0.185381 0.412842 0.186441 0.413574 0.184852 0.413086 0.183792 0.412354 0.183792 0.412109 0.183263 0.412109 0.182733 0.412354 0.182203 0.412598 0.182203 0.412598 0.181674 0.412354 0.181144 0.412598 0.180614 0.412842 0.180614 0.412842 0.180085 0.413086 0.179555 0.413818 0.179555 0.414062 0.180085 0.414062 0.182733 0.415771 0.182733 0.416016 0.183263 0.416016 0.184852 0.416260 0.184852 0.416504 0.185381 0.416504 0.185911 0.418213 0.185911 0.418457 0.186441 0.418457 0.188030 0.420166 0.188030 0.420166 0.186441 0.420410 0.185911 0.420654 0.185911 0.420654 0.185381 0.420410 0.185381 0.420166 0.184852 0.420166 0.181144 0.419922 0.181144 0.419678 0.180614 0.419678 0.178496 0.419434 0.177966 0.418213 0.177966 0.417969 0.177436 0.417969 0.177966 0.417725 0.178496 0.417480 0.177966 0.415039 0.177966 0.415039 0.178496 0.414795 0.179025 0.414307 0.179025 0.414062 0.179555 0.413818 0.179025 0.413818 0.176907 0.414062 0.176377 0.417725 0.176377 0.416748 0.176377 0.416504 0.175847 0.415039 0.175847 0.414795 0.175318 0.414551 0.175847 0.412109 0.175847 0.412109 0.177436 0.411865 0.177966
2 0.279785 0.171081 0.279785 0.172140 0.280518 0.172140 0.280762 0.172669 0.280762 0.174258 0.282715 0.174258 0.283691 0.176377 0.283936 0.176377 0.284180 0.175847 0.284180 0.175318 0.283936 0.174788 0.283936 0.173729 0.284180 0.173199 0.284424 0.173199 0.284424 0.172669 0.284668 0.172140 0.284912 0.172669 0.284912 0.174258 0.285400 0.175318 0.285156 0.175847 0.285156 0.176377 0.284912 0.176907 0.284668 0.176907 0.284668 0.177436 0.284912 0.177966 0.285156 0.177436 0.285645 0.177436 0.286133 0.178496 0.286133 0.179025 0.286377 0.179555 0.286377 0.180085 0.286133 0.180614 0.286377 0.180085 0.286621 0.180085 0.286865 0.180614 0.286377 0.181674 0.286377 0.183263 0.286865 0.183263 0.287354 0.184322 0.287842 0.184322 0.288086 0.183792 0.289062 0.183792 0.289551 0.184852 0.289795 0.184852 0.289795 0.183263 0.289062 0.183263 0.288818 0.182733 0.288818 0.182203 0.288330 0.183792 0.288086 0.183792 0.287842 0.183263 0.287354 0.183263 0.287109 0.182733 0.287354 0.182203 0.287354 0.181144 0.286865 0.180085 0.287354 0.179025 0.287109 0.178496 0.287354 0.177966 0.287598 0.177966 0.287842 0.177436 0.287842 0.176907 0.287598 0.176907 0.287354 0.176377 0.287354 0.175847 0.287109 0.176377 0.286865 0.176377 0.286621 0.175847 0.286865 0.175318 0.286865 0.174788 0.286621 0.174258 0.287109 0.173199 0.287354 0.173199 0.287354 0.172669 0.287109 0.172669 0.286377 0.171610 0.284668 0.171610 0.284668 0.172140 0.284424 0.172669 0.284180 0.172669 0.283691 0.171610 0.283203 0.171610 0.282959 0.171081
2 0.397949 0.171081 0.396240 0.171081 0.395996 0.170551 0.394531 0.170551 0.394531 0.172140 0.394043 0.172669 0.393799 0.172140 0.393799 0.170021 0.390137 0.170021 0.389648 0.170551 0.389648 0.173199 0.390381 0.173199 0.391357 0.174788 0.391602 0.174258 0.391846 0.175318 0.392334 0.175847 0.392334 0.176907 0.391846 0.178496 0.391846 0.181144 0.391113 0.182733 0.390625 0.182203 0.389648 0.182203 0.389160 0.181144 0.389160 0.179555 0.388916 0.180085 0.388672 0.179555 0.388672 0.178496 0.388916 0.177966 0.388672 0.177436 0.388184 0.177966 0.388184 0.179555 0.388428 0.179555 0.388672 0.180614 0.388916 0.180614 0.389160 0.181674 0.389648 0.182203 0.389648 0.183792 0.390137 0.183792 0.390625 0.184852 0.390381 0.185911 0.390625 0.186970 0.391357 0.187500 0.391602 0.186441 0.391357 0.185381 0.391113 0.186441 0.390625 0.186441 0.390381 0.185911 0.391357 0.183792 0.391357 0.182733 0.392334 0.181144 0.392578 0.181144 0.392090 0.181144 0.391846 0.180614 0.391846 0.178496 0.392090 0.177966 0.392334 0.179025 0.392090 0.177966 0.392578 0.177436 0.392334 0.176907 0.392334 0.173729 0.392578 0.173199 0.393311 0.173199 0.393555 0.173729 0.393555 0.176377 0.393799 0.176377 0.394531 0.177966 0.394531 0.178496 0.395264 0.178496 0.395264 0.177966 0.394531 0.177966 0.394287 0.177436 0.394775 0.176377 0.395752 0.176377 0.395752 0.174788 0.395020 0.174788 0.394775 0.173729 0.395020 0.173199 0.396240 0.173199 0.396240 0.172669 0.396729 0.171610 0.397217 0.172140 0.397461 0.173199 0.397705 0.173199 0.397705 0.172140
2 0.398926 0.178496 0.399170 0.178496 0.399414 0.179025 0.399414 0.179555 0.400391 0.179555 0.400879 0.180614 0.400635 0.181144 0.399414 0.182203 0.399658 0.182733 0.399414 0.183263 0.399658 0.182733 0.400146 0.183792 0.400146 0.184322 0.400635 0.184322 0.400879 0.184852 0.401123 0.184322 0.401367 0.184852 0.401611 0.184322 0.402100 0.184322 0.402344 0.184852 0.403076 0.184852 0.403320 0.185381 0.403076 0.184852 0.403320 0.184322 0.403320 0.183792 0.402832 0.182733 0.402588 0.180085 0.402832 0.179555 0.403076 0.179555 0.403076 0.179025 0.403320 0.178496 0.403564 0.178496 0.403809 0.179025 0.403809 0.180614 0.403564 0.181144 0.403320 0.181144 0.403320 0.181674 0.403564 0.181674 0.403809 0.182203 0.403809 0.183263 0.404785 0.185381 0.405029 0.184852 0.405273 0.184852 0.405518 0.185381 0.406006 0.185381 0.406250 0.185911 0.406494 0.185911 0.406738 0.185381 0.407227 0.185381 0.407227 0.184852 0.407471 0.184322 0.407715 0.184852 0.407471 0.184322 0.407471 0.182733 0.407715 0.182203 0.407959 0.182733 0.407715 0.182203 0.407715 0.180614 0.407471 0.180085 0.407715 0.179555 0.407227 0.178496 0.407471 0.177966 0.408691 0.177436 0.408691 0.174258 0.408447 0.173729 0.408691 0.173199 0.408691 0.172140 0.408936 0.171610 0.408691 0.171081 0.408936 0.171610 0.408691 0.172140 0.408203 0.172140 0.407959 0.172669 0.407227 0.172669 0.406982 0.173199 0.406738 0.173199 0.406494 0.172669 0.406494 0.171610 0.406982 0.170551 0.406982 0.170021 0.405518 0.170021 0.405273 0.169492 0.404053 0.169492 0.403809 0.170021 0.403809 0.171081 0.403564 0.171610 0.403320 0.171081 0.403320 0.170021 0.403076 0.170021 0.402344 0.171610 0.402344 0.173199 0.402100 0.173729 0.401855 0.173729 0.401855 0.174788 0.402344 0.175847 0.402344 0.179555 0.402100 0.180085 0.401855 0.179555 0.401611 0.179555 0.400879 0.177966 0.400146 0.177966 0.399902 0.177436 0.399658 0.177966
2 0.477539 0.166314 0.477051 0.166843 0.477295 0.167373 0.477051 0.167903 0.476318 0.167903 0.475830 0.169492 0.475830 0.171081 0.476318 0.171081 0.476562 0.172140 0.477295 0.172140 0.477539 0.172669 0.477539 0.173199 0.477051 0.174258 0.477051 0.175318 0.477783 0.175318 0.478027 0.175847 0.478027 0.179555 0.478271 0.178496 0.478760 0.179555 0.479492 0.179555 0.479980 0.180614 0.479980 0.181674 0.479736 0.182203 0.479248 0.181144 0.478760 0.181144 0.478516 0.180614 0.478516 0.181674 0.478271 0.182203 0.477539 0.182203 0.477539 0.183263 0.477783 0.183792 0.478027 0.183263 0.479492 0.187500 0.479248 0.188559 0.479492 0.189619 0.479248 0.190148 0.478271 0.190148 0.478027 0.191208 0.478027 0.193856 0.477783 0.194386 0.478027 0.195445 0.478027 0.197034 0.479004 0.198093 0.479980 0.200742 0.480469 0.200212 0.479980 0.200212 0.479736 0.199682 0.479980 0.199153 0.480225 0.199153 0.480957 0.197564 0.481689 0.197564 0.482178 0.196504 0.484131 0.196504 0.484619 0.197034 0.484619 0.195445 0.484375 0.194386 0.483643 0.193326 0.483643 0.191737 0.484375 0.190678 0.484619 0.188559 0.484131 0.187500 0.483643 0.187500 0.482666 0.185911 0.482422 0.184322 0.482178 0.184322 0.481689 0.183263 0.482178 0.182733 0.482178 0.182203 0.481934 0.182203 0.481934 0.182733 0.481445 0.183263 0.481201 0.184322 0.480957 0.183792 0.480713 0.184322 0.480225 0.183263 0.479980 0.182203 0.480469 0.181674 0.480225 0.181144 0.480469 0.180614 0.480957 0.181144 0.481445 0.180614 0.480713 0.179025 0.480713 0.178496 0.479736 0.177436 0.479004 0.175318 0.478760 0.173199 0.478271 0.171610 0.478516 0.170551 0.478271 0.170551 0.478516 0.171081 0.478027 0.172140 0.477783 0.172140 0.476562 0.170021 0.477051 0.168962 0.477539 0.169492 0.478271 0.169492 0.478271 0.167373 0.478027 0.166314
2 0.331299 0.162076 0.331055 0.162606 0.330322 0.162606 0.330078 0.163136 0.329834 0.163136 0.329590 0.163665 0.329346 0.163665 0.329590 0.163665 0.329834 0.164195 0.330078 0.164195 0.330322 0.164725 0.330322 0.166314 0.330566 0.166843 0.330566 0.168432 0.330811 0.168962 0.330811 0.169492 0.331055 0.170021 0.331055 0.170551 0.331543 0.171610 0.331543 0.174258 0.331787 0.173729 0.332031 0.174258 0.332031 0.175318 0.332031 0.172140 0.332275 0.171610 0.332275 0.171081 0.332520 0.170551 0.332520 0.169492 0.332275 0.168962 0.332520 0.168432 0.332275 0.168432 0.332031 0.167903 0.332275 0.167373 0.332031 0.166843 0.332275 0.166314 0.332031 0.165784 0.332031 0.164195 0.331787 0.163665 0.331787 0.162606 0.332031 0.162076
2 0.328125 0.153072 0.327881 0.153602 0.327393 0.153602 0.327148 0.154131 0.326904 0.154131 0.326416 0.155191 0.326172 0.155191 0.326172 0.155720 0.325684 0.156780 0.325439 0.156250 0.325195 0.156780 0.325195 0.157309 0.326416 0.159958 0.326660 0.159958 0.326904 0.160487 0.327148 0.160487 0.327637 0.161547 0.327881 0.161547 0.328369 0.162606 0.328613 0.162606 0.328857 0.163136 0.329102 0.162606 0.329346 0.162606 0.329346 0.161547 0.328857 0.160487 0.329834 0.158369 0.330078 0.158369 0.328857 0.158369 0.328613 0.157839 0.328369 0.158369 0.328125 0.158369 0.327881 0.158898 0.327637 0.158369 0.327637 0.157309 0.327881 0.156780 0.328125 0.157309 0.328857 0.155720 0.328369 0.154661 0.328369 0.154131 0.328125 0.153602
2 0.377686 0.149894 0.377197 0.149894 0.376953 0.150424 0.376709 0.150424 0.376465 0.149894 0.375977 0.150953 0.375732 0.150953 0.375732 0.152013 0.376221 0.152013 0.376465 0.152542 0.376465 0.153072 0.376221 0.153602 0.375244 0.153602 0.375000 0.154131 0.374268 0.154131 0.374023 0.154661 0.374023 0.155191 0.375000 0.157309 0.375000 0.157839 0.375732 0.159428 0.375732 0.158898 0.375977 0.158369 0.376465 0.158369 0.376709 0.157839 0.376953 0.157839 0.377686 0.156250 0.377930 0.156250 0.378418 0.155191 0.378662 0.155191 0.378662 0.154661 0.378906 0.154131 0.378662 0.153602 0.378662 0.152542 0.378906 0.152013 0.378662 0.152013 0.378418 0.151483 0.378418 0.150953 0.377930 0.150953 0.377686 0.150424
2 0.390381 0.134004 0.389648 0.135593 0.389160 0.135064 0.389404 0.134534 0.388428 0.135593 0.388916 0.138242 0.388916 0.141419 0.388672 0.141949 0.387451 0.139301 0.387451 0.136653 0.386963 0.138771 0.386475 0.137712 0.387207 0.140360 0.387451 0.139831 0.387695 0.140360 0.387451 0.142479 0.387695 0.143008 0.387695 0.144597 0.388184 0.145657 0.387451 0.147246 0.387207 0.146186 0.385986 0.145127 0.386475 0.143008 0.386475 0.141419 0.386230 0.140890 0.386475 0.139301 0.385742 0.138242 0.385254 0.138771 0.385742 0.140360 0.384766 0.143008 0.384277 0.141949 0.383789 0.141949 0.382812 0.144597 0.382324 0.144597 0.382568 0.146186 0.383301 0.147775 0.383057 0.148305 0.382812 0.147775 0.382324 0.148305 0.382324 0.151483 0.381836 0.152542 0.380615 0.152013 0.380127 0.150953 0.380615 0.150424 0.379395 0.150424 0.379395 0.152013 0.379883 0.152542 0.379395 0.153602 0.379395 0.155191 0.379883 0.156250 0.380371 0.155191 0.381104 0.155191 0.381348 0.154131 0.382568 0.154131 0.383057 0.155720 0.382812 0.156250 0.382812 0.157839 0.382568 0.158369 0.381836 0.157839 0.381836 0.159428 0.381348 0.159958 0.381348 0.161017 0.380371 0.162076 0.379883 0.163665 0.382324 0.162606 0.383057 0.159958 0.383545 0.159428 0.383789 0.156250 0.383057 0.153602 0.382568 0.153072 0.383057 0.151483 0.383545 0.152013 0.385010 0.149894 0.386719 0.148835 0.387695 0.148835 0.387451 0.148305 0.387695 0.147775 0.388672 0.149364 0.389648 0.149364 0.389648 0.148305 0.388428 0.143008 0.388916 0.142479 0.389404 0.144068 0.390137 0.144597 0.390137 0.143008 0.389893 0.142479 0.390869 0.139301 0.391113 0.140360 0.391113 0.139301 0.390137 0.137712 0.390625 0.136653 0.390137 0.136123 0.390869 0.135593 0.390137 0.135064
2 0.407715 0.133475 0.407715 0.135064 0.408203 0.136123 0.408203 0.139301 0.407959 0.139831 0.408447 0.141949 0.408447 0.143538 0.408936 0.143538 0.409424 0.144597 0.408936 0.145657 0.409180 0.146716 0.408691 0.147775 0.408936 0.148305 0.408936 0.150424 0.408447 0.151483 0.408203 0.150953 0.408203 0.151483 0.407471 0.153602 0.407471 0.154661 0.407471 0.153602 0.408447 0.152542 0.408691 0.153072 0.408691 0.154131 0.408936 0.154131 0.409180 0.155191 0.409912 0.155191 0.409912 0.151483 0.409668 0.151483 0.409424 0.152542 0.409180 0.152542 0.408691 0.151483 0.409424 0.150424 0.409424 0.149364 0.409668 0.148835 0.409668 0.147246 0.409912 0.146716 0.410156 0.147246 0.410156 0.150424 0.411133 0.152542 0.411133 0.155191 0.410645 0.155720 0.410400 0.156780 0.410645 0.158369 0.411133 0.158898 0.411865 0.161017 0.412354 0.161547 0.412842 0.161547 0.413086 0.162076 0.413574 0.162076 0.413818 0.162606 0.413818 0.161017 0.413330 0.160487 0.413330 0.153602 0.413086 0.153602 0.413086 0.155191 0.412598 0.155720 0.412598 0.157309 0.412354 0.157839 0.411865 0.157309 0.411865 0.153602 0.412109 0.152542 0.411621 0.152542 0.411377 0.152013 0.411377 0.150953 0.411133 0.150953 0.410645 0.149894 0.410889 0.148305 0.410400 0.148835 0.410156 0.148305 0.410156 0.147246 0.409912 0.146716 0.409912 0.144068 0.409424 0.141949 0.408936 0.141419 0.408936 0.138771 0.409424 0.138242 0.409424 0.135593 0.408936 0.133475
2 0.398193 0.122881 0.397949 0.122881 0.397949 0.125530 0.397705 0.126059 0.397461 0.126059 0.397461 0.126589 0.397705 0.126589 0.398193 0.127648 0.397949 0.128178 0.396973 0.128178 0.396973 0.128708 0.397949 0.128708 0.398193 0.129237 0.398193 0.130297 0.398438 0.130826 0.398438 0.131356 0.398193 0.131886 0.397949 0.131886 0.398193 0.131886 0.398438 0.132415 0.398438 0.132945 0.398193 0.133475 0.397949 0.132945 0.397949 0.133475 0.397705 0.134004 0.397217 0.134004 0.397217 0.134534 0.396973 0.135064 0.396973 0.136123 0.396484 0.137182 0.396729 0.136653 0.396973 0.137182 0.397461 0.137182 0.397705 0.137712 0.397949 0.137712 0.397949 0.137182 0.398438 0.136123 0.398438 0.135593 0.398682 0.135064 0.399170 0.135064 0.399414 0.135593 0.399658 0.135064 0.399658 0.133475 0.399414 0.133475 0.399170 0.132945 0.399170 0.131356 0.398926 0.131356 0.398682 0.130826 0.398682 0.130297 0.398926 0.129767 0.399170 0.129767 0.399170 0.129237 0.399414 0.128708 0.399658 0.128708 0.399658 0.127119 0.399902 0.126589 0.400146 0.126589 0.400146 0.126059 0.399902 0.126059 0.399658 0.125530 0.399658 0.125000 0.398193 0.125000 0.397949 0.124470 0.398193 0.123941
2 0.379395 0.123411 0.379150 0.123411 0.378906 0.122881 0.378662 0.123411 0.377686 0.123411 0.377441 0.122881 0.377197 0.123411 0.376953 0.123411 0.376709 0.123941 0.376465 0.123941 0.376465 0.124470 0.376221 0.125000 0.376221 0.125530 0.375977 0.126059 0.375977 0.128708 0.375732 0.129237 0.375732 0.130297 0.375732 0.129767 0.375977 0.129237 0.376709 0.129237 0.376709 0.128708 0.377197 0.127648 0.377441 0.128178 0.378174 0.126589 0.378174 0.125530 0.378418 0.125000 0.378906 0.126059 0.379395 0.126059
2 0.345947 0.119703 0.346191 0.119703 0.346436 0.120233 0.346436 0.120763 0.345703 0.122352 0.345947 0.122352 0.346191 0.122881 0.346436 0.122881 0.346680 0.123411 0.346680 0.125000 0.346924 0.124470 0.347168 0.125000 0.347168 0.125530 0.347412 0.125530 0.347656 0.126059 0.347656 0.126589 0.347900 0.127119 0.348145 0.127119 0.348389 0.126589 0.348633 0.126589 0.348145 0.125530 0.347900 0.125530 0.347656 0.125000 0.347656 0.123941 0.348145 0.122881 0.348145 0.120233 0.347900 0.120233 0.347168 0.118644 0.346924 0.119174 0.346680 0.119174 0.346436 0.119703
2 0.397949 0.105403 0.397949 0.105932 0.397705 0.106462 0.397461 0.105932 0.397217 0.106462 0.396973 0.106462 0.396973 0.106992 0.396484 0.108051 0.396240 0.108051 0.395996 0.107521 0.396240 0.106992 0.395996 0.107521 0.395752 0.106992 0.395508 0.107521 0.395264 0.106992 0.395264 0.106462 0.395020 0.106992 0.394531 0.106992 0.394531 0.107521 0.394287 0.108051 0.394043 0.107521 0.393799 0.108051 0.394043 0.107521 0.394287 0.108051 0.394775 0.108051 0.395020 0.108581 0.394775 0.109110 0.394531 0.109110 0.395264 0.110169 0.394531 0.111758 0.394287 0.111758 0.394043 0.111229 0.394287 0.111758 0.394043 0.112288 0.393799 0.112288 0.392822 0.114407 0.392578 0.113877 0.392822 0.112288 0.392578 0.112818 0.392334 0.112818 0.391602 0.113877 0.391602 0.116525 0.391357 0.117055 0.391357 0.117585 0.391602 0.118114 0.391602 0.119703 0.392090 0.121292 0.392090 0.122881 0.392334 0.122881 0.392578 0.123411 0.392334 0.122881 0.392578 0.122352 0.393311 0.122352 0.393555 0.122881 0.393555 0.123411 0.393799 0.123411 0.394043 0.123941 0.394531 0.123941 0.394775 0.123411 0.395020 0.123411 0.395508 0.122352 0.395752 0.122352 0.396240 0.121292 0.396484 0.121292 0.396973 0.120233 0.396973 0.119703 0.397217 0.119174 0.396973 0.118644 0.396973 0.117585 0.397217 0.117055 0.397217 0.116525 0.397949 0.114936 0.398193 0.114936 0.398682 0.115996 0.398438 0.115466 0.399170 0.114407 0.398926 0.113877 0.398193 0.113347 0.397949 0.112818 0.397949 0.111758 0.397705 0.111229 0.397949 0.110699 0.397949 0.109640 0.398193 0.109110 0.398438 0.109640 0.398682 0.109110 0.398682 0.108581 0.397949 0.107521 0.397949 0.106992 0.398193 0.106462 0.397949 0.105932
2 0.444824 0.100106 0.444580 0.100636 0.444336 0.100636 0.444092 0.101165 0.443848 0.100636 0.443848 0.101165 0.443604 0.101695 0.443848 0.101165 0.444824 0.101165 0.445068 0.101695 0.445068 0.102225 0.444824 0.102754 0.443848 0.102754 0.444092 0.103284 0.443848 0.103814 0.443604 0.103814 0.443359 0.104343 0.443359 0.105403 0.443848 0.106462 0.443848 0.108581 0.444336 0.109640 0.444092 0.110169 0.443604 0.110169 0.443359 0.109640 0.443359 0.111229 0.443604 0.111758 0.443604 0.112818 0.443848 0.112818 0.444092 0.113347 0.444092 0.113877 0.444092 0.113347 0.444336 0.112818 0.444336 0.111758 0.444580 0.111229 0.444580 0.110699 0.445312 0.109110 0.445068 0.108581 0.445068 0.104873 0.445312 0.104343 0.445312 0.103284 0.445801 0.102225 0.446045 0.102225 0.445801 0.102225
2 0.380127 0.100636 0.380127 0.101165 0.380371 0.101695 0.380371 0.103284 0.380615 0.103814 0.380859 0.103814 0.380859 0.102225 0.381348 0.101165 0.381836 0.102225 0.382568 0.102225 0.382812 0.102754 0.382812 0.103284 0.383057 0.103284 0.383301 0.103814 0.383301 0.104343 0.383057 0.104873 0.382812 0.104873 0.382812 0.105932 0.382568 0.106462 0.382324 0.105932 0.382080 0.105932 0.381836 0.105403 0.381836 0.104873 0.381592 0.104343 0.381592 0.103814 0.381592 0.104343 0.381348 0.104873 0.381348 0.105403 0.381104 0.105932 0.380859 0.105932 0.380859 0.108581 0.381104 0.109110 0.381104 0.109640 0.381348 0.109640 0.381592 0.110169 0.381836 0.109640 0.382080 0.110169 0.382080 0.110699 0.382812 0.110699 0.382812 0.110169 0.382568 0.109640 0.382812 0.109110 0.383057 0.109110 0.383301 0.109640 0.383301 0.110169 0.383545 0.110169 0.383789 0.109640 0.384033 0.109640 0.384033 0.106992 0.384277 0.106462 0.384521 0.106462 0.384521 0.104873 0.384766 0.104343 0.385010 0.104343 0.385010 0.103814 0.384766 0.103814 0.384521 0.103284 0.384521 0.101165 0.384277 0.100636 0.384521 0.100106 0.384277 0.099576 0.384033 0.100106 0.383789 0.099576 0.383545 0.100106 0.382568 0.100106 0.382324 0.099576 0.380859 0.099576 0.380859 0.100106 0.380615 0.100636
2 0.427490 0.098517 0.426514 0.099047 0.426025 0.101695 0.425537 0.101695 0.425293 0.100106 0.425781 0.102225 0.425537 0.103814 0.424316 0.103814 0.422852 0.099576 0.421631 0.099576 0.419434 0.103814 0.419434 0.107521 0.418945 0.108051 0.419434 0.110699 0.418457 0.113347 0.419678 0.115996 0.418945 0.118114 0.419922 0.118114 0.418945 0.120763 0.418945 0.126589 0.419434 0.128708 0.418213 0.130297 0.417725 0.134004 0.416748 0.132415 0.416016 0.133475 0.416016 0.135064 0.416748 0.134534 0.417969 0.138771 0.417725 0.139831 0.416748 0.138771 0.417480 0.139831 0.417480 0.143538 0.416504 0.144068 0.416992 0.148835 0.416016 0.150424 0.415527 0.146716 0.415039 0.150953 0.414062 0.152013 0.414062 0.158369 0.414551 0.160487 0.416016 0.161017 0.416016 0.163136 0.418213 0.163665 0.420166 0.161547 0.422119 0.161547 0.422607 0.157839 0.424316 0.154131 0.425049 0.155191 0.426025 0.154131 0.426025 0.152542 0.425293 0.152013 0.425537 0.149364 0.425049 0.148305 0.425537 0.147246 0.425049 0.146186 0.424316 0.146186 0.423584 0.149364 0.423096 0.148305 0.423828 0.146186 0.421875 0.148305 0.421875 0.152013 0.420410 0.152013 0.420898 0.143538 0.420654 0.135593 0.421875 0.135593 0.421875 0.139301 0.423096 0.139301 0.423340 0.140360 0.424561 0.139301 0.424805 0.143538 0.427002 0.143538 0.428467 0.134004 0.426758 0.130826 0.427246 0.130297 0.426758 0.129767 0.427246 0.129237 0.427246 0.127119 0.426514 0.127119 0.425781 0.129767 0.424561 0.131356 0.422852 0.130297 0.423828 0.131886 0.422607 0.133475 0.421631 0.132945 0.422119 0.130826 0.421631 0.128708 0.422363 0.128178 0.422119 0.125530 0.422607 0.122352 0.421631 0.115466 0.422363 0.115466 0.422363 0.117585 0.424561 0.119174 0.424561 0.116525 0.425537 0.114407 0.424561 0.111758 0.424805 0.109640 0.425537 0.109640 0.425781 0.111758 0.427490 0.112818 0.428467 0.109110 0.429443 0.109110 0.429443 0.108051 0.428711 0.109110 0.427490 0.106992 0.427002 0.108051 0.426514 0.107521 0.426514 0.104873 0.427490 0.103284 0.427002 0.101165
2 0.406250 0.094280 0.402832 0.094280 0.402344 0.095339 0.401855 0.098517 0.402832 0.100106 0.403564 0.099047 0.403809 0.095869 0.405029 0.095869 0.405273 0.094809 0.406006 0.094809 0.406250 0.095869 0.405518 0.097458 0.404785 0.097458 0.404785 0.099047 0.404297 0.099576 0.404297 0.101165 0.403564 0.102225 0.403809 0.102754 0.403320 0.104343 0.402832 0.103284 0.401855 0.105403 0.401855 0.106992 0.401123 0.108051 0.400391 0.106462 0.399902 0.109110 0.398926 0.110699 0.399414 0.111229 0.399414 0.112818 0.401123 0.109640 0.401611 0.109640 0.401855 0.110699 0.403564 0.105403 0.404541 0.106462 0.404785 0.109640 0.404297 0.111758 0.404785 0.112818 0.403320 0.116525 0.403076 0.115996 0.403320 0.114407 0.402100 0.112818 0.402832 0.112288 0.402344 0.111758 0.402100 0.114407 0.400391 0.116525 0.400391 0.120233 0.400879 0.120763 0.400391 0.124470 0.401611 0.124470 0.401855 0.123411 0.402344 0.124470 0.401855 0.128708 0.400391 0.130297 0.400391 0.134004 0.400879 0.133475 0.402344 0.136123 0.401855 0.136653 0.402344 0.144597 0.405029 0.144068 0.406494 0.142479 0.406494 0.135593 0.406982 0.135064 0.407227 0.131886 0.407715 0.130826 0.408203 0.131356 0.408447 0.130297 0.408203 0.128178 0.407227 0.127119 0.406006 0.131356 0.405273 0.130826 0.405518 0.129237 0.404785 0.128708 0.405273 0.128178 0.405029 0.127648 0.405518 0.126059 0.406250 0.126059 0.405518 0.126059 0.404297 0.123941 0.404297 0.120763 0.405029 0.120233 0.405029 0.119174 0.405518 0.119703 0.404541 0.118114 0.404541 0.116525 0.403564 0.115996 0.405029 0.113877 0.405762 0.117585 0.406738 0.118644 0.407227 0.122352 0.407715 0.121822 0.408203 0.119174 0.406982 0.117055 0.406738 0.118114 0.406494 0.117585 0.406738 0.108581 0.405762 0.105932 0.406738 0.105403 0.405762 0.103284 0.405762 0.101695 0.407227 0.099576 0.407959 0.099576 0.407959 0.098517 0.408447 0.097987 0.407715 0.097458 0.407471 0.099047 0.407227 0.097987 0.406982 0.099047 0.406738 0.097987 0.406250 0.097987 0.406006 0.096398 0.406738 0.095869
2 0.410645 0.068326 0.410400 0.067797 0.409912 0.067797 0.409424 0.066737 0.409180 0.066737 0.408936 0.066208 0.408936 0.065678 0.408447 0.064619 0.408447 0.063559 0.408203 0.064089 0.407715 0.064089 0.407715 0.064619 0.407471 0.065148 0.407471 0.065678 0.406494 0.067797 0.406250 0.067797 0.406006 0.068326 0.405762 0.067797 0.405273 0.068856 0.405029 0.068856 0.404785 0.069386 0.404785 0.069915 0.404297 0.070975 0.404053 0.070975 0.403809 0.071504 0.403320 0.071504 0.403076 0.072034 0.402832 0.072034 0.402588 0.072564 0.402344 0.072564 0.402344 0.074682 0.402832 0.075742 0.402832 0.076801 0.402588 0.077331 0.402832 0.076801 0.403076 0.076801 0.403320 0.077331 0.403320 0.078390 0.403564 0.077860 0.403809 0.077860 0.403809 0.077331 0.404053 0.076801 0.404053 0.075742 0.404297 0.075212 0.404297 0.074153 0.404541 0.073623 0.404541 0.073093 0.404785 0.072564 0.404785 0.072034 0.405273 0.070975 0.405762 0.070975 0.406006 0.070445 0.406006 0.068856 0.406250 0.068326 0.406982 0.068326 0.407227 0.068856 0.407227 0.069386 0.407471 0.069915 0.407471 0.070445 0.407471 0.069915 0.407715 0.069386 0.408447 0.069386 0.408447 0.068856 0.408936 0.067797 0.409180 0.068326 0.409668 0.068326 0.409912 0.067797 0.410156 0.068326
2 0.410889 0.064089 0.410889 0.064619 0.411377 0.064619 0.412598 0.061970 0.412842 0.061970 0.413086 0.062500 0.413086 0.063030 0.412598 0.064089 0.412354 0.064089 0.412598 0.064089 0.412842 0.064619 0.413574 0.064619 0.413818 0.065148 0.413818 0.065678 0.414307 0.066737 0.414062 0.067267 0.414307 0.066737 0.414795 0.066737 0.415039 0.067267 0.415039 0.069386 0.415283 0.069915 0.415771 0.069915 0.416016 0.070445 0.416260 0.069915 0.416504 0.070445 0.416504 0.070975 0.416260 0.071504 0.416748 0.069915 0.416992 0.070445 0.417236 0.069915 0.417480 0.069915 0.417725 0.069386 0.417969 0.069386 0.417725 0.068856 0.417969 0.068326 0.417480 0.069386 0.417236 0.069386 0.416992 0.068856 0.416748 0.068856 0.416016 0.067797 0.416260 0.067267 0.417236 0.067267 0.417480 0.066737 0.417725 0.067267 0.417725 0.066208 0.417480 0.065678 0.417480 0.064089 0.417236 0.063559 0.417236 0.063030 0.416992 0.062500 0.416992 0.061970 0.416016 0.061970 0.415771 0.062500 0.415527 0.062500 0.415527 0.065678 0.415283 0.066208 0.414795 0.066208 0.414307 0.065148 0.414307 0.064619 0.414551 0.064089 0.414795 0.064089 0.414795 0.061970 0.414551 0.061441 0.412598 0.061441 0.412354 0.060911 0.412354 0.060381 0.411865 0.061441 0.411621 0.061441 0.411621 0.061970 0.411133 0.063030 0.411133 0.063559
