0 0.458008 0.744174 0.458496 0.748411 0.458984 0.769068 0.459473 0.767479 0.458984 0.760593 0.458984 0.753178 0.459473 0.753178 0.459961 0.765360 0.459473 0.751589 0.459717 0.751059 0.460205 0.752648 0.460205 0.755297 0.460693 0.755297 0.461670 0.752648 0.460693 0.748411 0.461182 0.747881 0.460449 0.747881 0.458740 0.745233 0.458496 0.745763
0 0.144287 0.413665 0.144287 0.419492 0.145508 0.417903 0.146484 0.418432 0.145996 0.419492 0.145996 0.423199 0.147217 0.423199 0.147949 0.424788 0.147461 0.427436 0.149170 0.432203 0.150146 0.433263 0.153076 0.429025 0.154053 0.429555 0.155762 0.426377 0.156006 0.427966 0.156494 0.427436 0.156250 0.430614 0.155518 0.432203 0.154541 0.431674 0.153809 0.432733 0.154297 0.433263 0.153564 0.436970 0.153809 0.441737 0.154541 0.443326 0.156494 0.444386 0.158691 0.442797 0.159912 0.440148 0.159912 0.431674 0.161133 0.432733 0.161865 0.436970 0.161133 0.440148 0.162109 0.442267 0.162842 0.441208 0.164062 0.443856 0.164062 0.445445 0.164795 0.445445 0.166260 0.435381 0.165283 0.431674 0.162598 0.426377 0.161133 0.426907 0.160400 0.430085 0.158691 0.429025 0.157959 0.424788 0.156006 0.422669 0.156250 0.420021 0.157227 0.421081 0.158203 0.418962 0.159912 0.420021 0.160889 0.422140 0.161133 0.425318 0.161865 0.425318 0.163086 0.422669 0.164795 0.424258 0.169678 0.421081 0.167969 0.418432 0.165283 0.417903 0.164551 0.414725 0.162354 0.411547 0.162354 0.409958 0.160889 0.408898 0.159912 0.412076 0.157227 0.412076 0.157227 0.409958 0.157959 0.410487 0.159424 0.408369 0.159424 0.405720 0.157227 0.406250 0.155518 0.405191 0.154297 0.408898 0.154053 0.406780 0.153564 0.408369 0.151855 0.405720 0.150391 0.405191 0.147217 0.408369
0 0.135498 0.189619 0.135010 0.188559 0.134033 0.188559 0.131348 0.191737 0.131348 0.193326 0.132812 0.191208 0.134033 0.191208 0.134277 0.190148
0 0.190918 0.180085 0.192871 0.182733 0.193359 0.184852 0.193359 0.187500 0.195312 0.191737 0.196289 0.196504 0.197510 0.194386 0.197754 0.194915 0.200928 0.188559 0.199951 0.190678 0.199463 0.189619 0.200928 0.186441 0.201416 0.187500 0.200195 0.181674 0.196533 0.177436 0.192383 0.176377
0 0.712891 0.035487 0.712891 0.037076 0.713379 0.037606 0.716064 0.036547 0.720703 0.036547 0.720459 0.033369 0.718750 0.032309 0.716553 0.032309 0.715576 0.033898
0 0.759766 0.000000 0.744629 0.000000 0.743896 0.009004 0.745850 0.012182 0.747559 0.019597 0.747070 0.037076 0.746094 0.042373 0.744629 0.046081 0.741699 0.049258 0.732666 0.048729 0.729492 0.051377 0.728027 0.051377 0.727295 0.064089 0.730713 0.069915 0.732666 0.068326 0.738525 0.069386 0.741943 0.065678 0.744629 0.065678 0.746094 0.057203 0.747559 0.053496 0.750244 0.050847 0.753418 0.044492 0.754883 0.043432 0.758301 0.043432 0.759521 0.036547 0.761963 0.031250 0.762695 0.021716 0.760010 0.013771
0 0.596924 0.064619 0.598877 0.068856 0.602539 0.060911 0.611328 0.059322 0.617432 0.067797 0.619629 0.078919 0.630127 0.078919 0.633789 0.075212 0.633301 0.063030 0.636963 0.054025 0.645508 0.051907 0.649902 0.057733 0.651855 0.057733 0.654541 0.052436 0.657227 0.050847 0.658936 0.043432 0.661377 0.039195 0.671631 0.038136 0.678955 0.021716 0.692383 0.015360 0.691895 0.000000 0.646729 0.000000 0.645020 0.010064 0.639648 0.015360 0.634277 0.010064 0.632812 0.000000 0.604492 0.000000 0.602783 0.013771 0.603027 0.024364 0.601318 0.034958 0.603516 0.045021 0.603271 0.052436 0.600830 0.059852
0 0.109619 0.199153 0.115234 0.290784 0.152588 0.308263 0.164307 0.346398 0.153809 0.393538 0.186768 0.432733 0.164062 0.449153 0.186523 0.586864 0.161377 0.647775 0.178711 0.707097 0.243652 0.643008 0.236816 0.755826 0.257080 0.767479 0.108643 0.754767 0.095459 0.796081 0.147461 0.838983 0.186279 0.824682 0.202881 0.878708 0.116455 0.999470 0.428467 0.999470 0.429688 0.939089 0.433838 0.999470 0.479980 0.999470 0.500488 0.958157 0.522461 0.981462 0.506592 0.842161 0.522949 0.790254 0.475586 0.744703 0.450195 0.779131 0.464355 0.699682 0.498779 0.640360 0.586426 0.668962 0.635010 0.786017 0.723877 0.709216 0.668701 0.582097 0.603027 0.571504 0.594971 0.510064 0.609375 0.466102 0.589355 0.427966 0.615723 0.334216 0.601807 0.272775 0.559814 0.268538 0.559082 0.217161 0.533203 0.172140 0.559326 0.071504 0.587646 0.047669 0.583496 0.000000 0.415771 0.000000 0.419434 0.061441 0.389160 0.000000 0.276855 0.000000 0.264648 0.026483 0.292725 0.199153 0.254150 0.179025 0.200684 0.211864 0.169922 0.177436 0.185547 0.202860 0.172852 0.213453 0.156250 0.178496 0.137695 0.230932 0.114014 0.211864 0.137939 0.208157 0.126953 0.188559 0.148682 0.179555 0.139648 0.163665 0.168945 0.171081 0.146484 0.149894
1 0.185303 0.993644 0.183838 0.993114 0.182617 0.995763 0.182617 0.997881 0.184082 0.996822
1 0.165527 0.992585 0.164307 0.994174 0.163574 0.993114 0.162354 0.995233 0.162354 0.999470 0.163086 0.999470 0.165283 0.994174 0.164551 0.995763 0.164307 0.994174
1 0.464355 0.991525 0.463379 0.992585 0.462402 0.994703 0.462158 0.997881 0.461914 0.995763 0.461914 0.999470 0.463135 0.999470 0.465088 0.993114
1 0.181641 0.992055 0.180664 0.991525 0.180664 0.993114 0.179932 0.993114 0.178955 0.995233 0.178711 0.994174 0.178223 0.994174 0.178223 0.993114 0.178223 0.995763 0.177490 0.995763 0.177734 0.997881 0.177246 0.998411 0.177246 0.999470 0.180420 0.999470 0.180176 0.996292 0.180908 0.994703 0.180908 0.993114
1 0.221680 0.977754 0.220459 0.979873 0.219727 0.979343 0.219482 0.980932 0.219971 0.982521 0.220459 0.982521 0.221680 0.979873
1 0.227295 0.957627 0.226807 0.958157 0.226807 0.961335 0.226318 0.962394 0.225342 0.961864 0.223633 0.966102 0.223145 0.966102 0.222900 0.967161 0.222656 0.966631 0.222656 0.969280 0.223145 0.968220 0.224609 0.967691 0.225342 0.966102 0.225586 0.967161 0.226318 0.967161 0.226807 0.968220 0.227051 0.970339 0.228027 0.969280 0.228271 0.967161 0.227783 0.966631 0.228027 0.965042 0.227539 0.963983 0.228027 0.960275 0.227783 0.961335 0.227051 0.959746
1 0.219238 0.955508 0.218750 0.957097 0.219238 0.957627 0.219482 0.956568 0.219971 0.958157 0.219482 0.959216 0.218750 0.958157 0.218750 0.960275 0.218262 0.961335 0.219238 0.961864 0.219727 0.965042 0.220459 0.965572 0.220215 0.963983 0.221191 0.961864 0.221680 0.961864 0.222168 0.957627 0.220215 0.957627
1 0.525879 0.950742 0.525391 0.952331 0.525391 0.956038 0.526367 0.955508 0.527100 0.953919 0.527344 0.954979
1 0.521729 0.950212 0.520996 0.952331 0.520996 0.956038 0.521484 0.957097 0.520996 0.958157 0.522461 0.955508 0.522461 0.952860 0.521973 0.952331
1 0.456787 0.941208 0.456787 0.945975 0.457275 0.945445 0.457764 0.946504 0.456787 0.948093 0.457031 0.950742 0.457520 0.951271 0.458496 0.949153 0.459473 0.950742 0.459229 0.951801 0.460693 0.951271 0.461670 0.949153 0.461914 0.950212 0.462402 0.949682 0.463867 0.951801 0.464355 0.951801 0.464844 0.949682 0.465332 0.951271 0.465820 0.949682 0.465332 0.948093 0.464844 0.949682 0.464355 0.948623 0.464355 0.947034 0.463623 0.949153 0.459717 0.949153 0.458984 0.948093 0.459717 0.947034 0.460938 0.947034 0.461914 0.943856 0.460449 0.944915 0.458984 0.948093 0.458740 0.947034 0.458252 0.947564 0.457764 0.946504 0.458008 0.945975 0.457520 0.945975 0.457520 0.942797
1 0.184570 0.939619 0.184326 0.940678 0.183838 0.940148 0.184082 0.939619 0.182617 0.943326 0.181152 0.942797 0.181152 0.948093 0.180664 0.948093 0.181396 0.949682 0.181641 0.948623 0.181396 0.945975 0.182861 0.944386 0.183105 0.944915 0.183105 0.943326 0.184570 0.941208
1 0.516113 0.930085 0.515381 0.930614 0.515137 0.933792 0.515869 0.932733 0.516602 0.934322 0.516602 0.935381 0.515381 0.935911 0.515625 0.939619 0.514648 0.940678 0.515137 0.943326 0.516357 0.941208 0.518799 0.940148 0.517822 0.933792
1 0.187744 0.918432 0.187744 0.919492 0.188965 0.922140 0.189209 0.921081 0.190674 0.921610 0.190918 0.920551 0.191406 0.920551 0.191406 0.922669 0.191895 0.922669 0.191895 0.919492 0.194092 0.921081 0.193604 0.918962 0.190430 0.919492 0.189453 0.921081 0.188232 0.920021
1 0.347412 0.917373 0.346680 0.917373 0.346191 0.918962 0.345947 0.922669 0.346680 0.924258 0.345703 0.925847 0.345703 0.928496 0.347656 0.925318 0.349854 0.925318 0.347656 0.924788 0.346191 0.923199 0.346436 0.920551 0.346924 0.919492 0.347412 0.920021
1 0.433838 0.909428 0.431641 0.910487 0.431152 0.912076 0.431885 0.914725 0.432617 0.914725
1 0.209473 0.907839 0.209717 0.911547 0.210693 0.910487 0.211670 0.912076 0.211670 0.911017 0.212646 0.909958 0.213379 0.911547 0.213379 0.913136 0.216064 0.911547 0.216553 0.912076 0.216553 0.911017 0.217041 0.910487 0.213867 0.912606 0.212891 0.909958 0.213135 0.908369 0.212646 0.909958 0.211914 0.909428 0.209717 0.910487
1 0.227783 0.902013 0.227051 0.901483 0.226562 0.902542 0.226074 0.900424 0.225586 0.900953 0.224121 0.899364 0.223877 0.900424 0.223145 0.900424 0.223145 0.901483 0.223633 0.902013 0.222900 0.902542 0.222412 0.900424 0.222168 0.907309 0.222656 0.908898 0.224365 0.908898 0.226318 0.905720 0.226562 0.903072 0.227539 0.904131
1 0.210449 0.887182 0.208984 0.887182 0.206055 0.892479 0.206055 0.893538 0.207031 0.895657 0.207031 0.898835 0.208252 0.898835 0.208984 0.897775 0.210693 0.893008 0.210938 0.889831
1 0.452881 0.886653 0.452637 0.887712 0.453125 0.889301 0.453125 0.891949 0.452637 0.893008 0.451416 0.893538 0.450928 0.895127 0.452637 0.898305 0.453369 0.896716 0.454102 0.896716 0.454102 0.894068 0.453613 0.892479 0.453857 0.889301 0.452881 0.887712
1 0.352051 0.884534 0.351562 0.885593 0.351562 0.889301 0.352783 0.889301 0.353027 0.891419 0.353760 0.892479 0.354248 0.891419 0.354248 0.889831 0.352783 0.889301 0.352783 0.885593 0.353271 0.884534
1 0.487061 0.882415 0.486572 0.881886 0.485840 0.885064 0.484863 0.886653 0.485352 0.887712 0.486328 0.885593 0.486816 0.885593
1 0.257568 0.881356 0.257324 0.879237 0.256836 0.878708 0.256836 0.877119 0.255615 0.873941 0.254883 0.875000 0.254883 0.876589 0.254150 0.878178 0.251953 0.876589 0.250977 0.877648 0.250732 0.879237 0.251709 0.879767 0.252686 0.877648 0.253418 0.880826 0.254150 0.880297 0.254395 0.881356
1 0.425537 0.870763 0.424805 0.871822 0.424316 0.874470 0.424316 0.879767 0.424805 0.878708 0.425537 0.878708 0.425537 0.873941 0.426025 0.873411 0.425537 0.872352
1 0.204590 0.861229 0.204590 0.870763 0.205078 0.872881 0.205566 0.869703 0.205078 0.868114 0.205322 0.865466
1 0.461182 0.860169 0.460205 0.860169 0.459229 0.861758 0.456787 0.862288 0.456543 0.868114 0.456787 0.867585 0.458740 0.870763 0.459473 0.868644 0.459229 0.865996 0.459717 0.863347 0.460205 0.862288 0.461182 0.862288
1 0.433594 0.860169 0.432373 0.860169 0.430908 0.862288 0.429932 0.864936 0.429688 0.864407 0.429688 0.870233 0.430908 0.864936 0.432129 0.863347 0.432617 0.861229 0.432861 0.862818 0.433594 0.860699 0.433838 0.861229
1 0.342041 0.858051 0.341797 0.859110 0.341309 0.859110 0.341309 0.860699 0.342529 0.863877 0.343506 0.864936 0.343506 0.863347 0.342529 0.861758 0.342529 0.859110
1 0.311035 0.855932 0.310547 0.858051 0.312012 0.861758 0.312012 0.865996 0.312012 0.864407 0.312500 0.863877 0.312256 0.860169 0.312744 0.859640 0.312988 0.857521 0.312500 0.856992 0.312012 0.858051 0.311523 0.855932
1 0.457520 0.853284 0.457275 0.854873 0.458496 0.857521 0.458740 0.856992 0.458984 0.858051 0.459473 0.858051 0.460205 0.856992 0.460205 0.858581 0.460693 0.858581 0.460449 0.854873 0.458984 0.854873
1 0.431396 0.830508 0.430664 0.830508 0.430420 0.831568 0.429688 0.831568 0.428467 0.833686 0.427246 0.833686 0.426758 0.835275 0.427246 0.836335 0.427246 0.843220 0.427979 0.843750 0.427734 0.847458 0.428223 0.847987 0.428223 0.849047 0.429443 0.849047 0.429688 0.847987 0.429932 0.849047 0.430420 0.847987 0.429688 0.847987 0.429199 0.846398 0.429443 0.843220 0.430420 0.841631 0.430420 0.840042 0.431152 0.838453 0.431885 0.839513 0.431885 0.835805 0.432373 0.835275 0.432373 0.833686 0.431885 0.833157 0.431885 0.831568
1 0.359863 0.830508 0.358643 0.833157 0.359131 0.832097 0.359375 0.834216 0.359863 0.834746 0.359619 0.835275 0.360352 0.836864 0.360352 0.835805 0.361328 0.834746 0.361816 0.832627
1 0.225586 0.827331 0.225586 0.829979 0.224609 0.831038 0.226562 0.831568 0.226807 0.829979 0.227539 0.831038 0.227051 0.832097 0.227539 0.832097 0.228027 0.833686 0.231445 0.837394 0.232422 0.835275 0.232422 0.834216 0.231445 0.833686 0.231201 0.835805 0.229980 0.835805 0.229248 0.834216 0.229248 0.832627 0.228760 0.832097 0.228760 0.830508 0.226318 0.826801
1 0.367920 0.819386 0.367188 0.819386 0.365967 0.822034 0.365723 0.824682 0.364746 0.825212 0.364746 0.826271 0.366455 0.829979 0.367188 0.830508 0.367676 0.829449 0.368652 0.829449 0.368408 0.828390 0.369629 0.825212 0.368652 0.820445
1 0.277344 0.818856 0.276123 0.820975 0.275391 0.819915 0.275391 0.821504 0.274902 0.822564 0.274902 0.825742 0.276611 0.825742 0.277344 0.824682
1 0.379639 0.818326 0.379395 0.819915 0.379883 0.820975 0.379395 0.821504 0.379150 0.824682 0.380371 0.825212 0.381348 0.823093 0.381348 0.821504 0.380615 0.818326
1 0.275879 0.815678 0.275146 0.815678 0.271973 0.820975 0.273193 0.821504 0.273193 0.819915 0.274414 0.819386
1 0.334961 0.813030 0.333008 0.813559 0.333008 0.817267 0.333740 0.817797 0.334717 0.814619 0.334229 0.813559
1 0.339844 0.811441 0.340088 0.813559 0.339600 0.815148 0.339844 0.817267 0.340820 0.819386 0.340576 0.821504 0.342041 0.821504 0.342773 0.819386 0.343506 0.819386 0.343994 0.816737 0.343750 0.815678 0.344727 0.813559 0.343994 0.811441 0.342773 0.811441 0.342773 0.813030 0.342041 0.814089 0.341064 0.813030 0.341309 0.811970 0.340332 0.812500
1 0.268555 0.815148 0.270264 0.816208 0.270508 0.814089 0.272217 0.814089 0.272461 0.815148 0.272949 0.815148 0.273438 0.813030 0.274658 0.812500 0.273926 0.812500 0.273926 0.810911 0.272949 0.814089 0.272217 0.811970 0.270264 0.810911 0.269043 0.811441 0.268311 0.813030
1 0.386719 0.811441 0.387207 0.815148 0.388428 0.817797 0.389404 0.816737 0.390381 0.817267 0.390625 0.816208 0.390137 0.816208 0.389893 0.815148 0.388672 0.815148 0.387451 0.813030 0.387451 0.810381
1 0.291504 0.806144 0.290527 0.807733 0.290039 0.809852 0.289551 0.809322 0.287598 0.814089 0.287598 0.811441 0.287109 0.810381 0.287109 0.811970 0.286133 0.814089 0.285156 0.814089 0.285400 0.816208 0.286621 0.817267 0.287598 0.815678 0.287842 0.813559 0.288330 0.814089 0.288330 0.816208 0.289062 0.816208 0.290039 0.814089 0.290771 0.815148 0.290771 0.814089 0.290039 0.812500 0.290527 0.808792
1 0.265381 0.817797 0.264893 0.816737 0.263672 0.816737 0.262939 0.818856 0.261963 0.818856 0.261230 0.816208 0.260498 0.816737 0.259277 0.813559 0.259277 0.809852 0.258789 0.806674 0.259033 0.805614 0.258301 0.805614 0.256104 0.810381 0.254395 0.808792 0.252930 0.808792 0.252686 0.809852 0.251709 0.810911 0.251465 0.810381 0.250732 0.811970 0.250488 0.810911 0.250000 0.813030 0.250244 0.813559 0.249512 0.815148 0.250732 0.816208 0.250977 0.817267 0.253174 0.813559 0.255127 0.817267 0.254639 0.815148 0.253662 0.814089 0.254639 0.814089 0.255371 0.812500 0.256104 0.814089 0.255859 0.818326 0.256836 0.818856 0.256836 0.820445 0.257568 0.820975 0.257324 0.822034 0.258545 0.822034 0.258789 0.823093 0.259766 0.822034 0.261230 0.822564 0.262207 0.820975 0.264160 0.820975 0.265137 0.819386
1 0.431396 0.805085 0.431152 0.807733 0.430420 0.809322 0.429443 0.808792 0.429199 0.811441 0.429688 0.812500 0.429199 0.814089 0.430176 0.811970 0.431152 0.814089 0.431396 0.812500 0.432129 0.813559 0.432129 0.815148 0.431152 0.816737 0.430664 0.827860 0.432373 0.827860 0.432617 0.826801 0.433105 0.826801 0.433350 0.817797 0.434082 0.817267 0.433350 0.816208 0.433350 0.813559 0.432373 0.813030 0.432617 0.811441 0.432129 0.811441 0.431885 0.812500 0.431396 0.811970 0.431885 0.810381 0.431396 0.809852 0.432373 0.806144
1 0.372314 0.804025 0.371582 0.804025 0.370850 0.806144 0.370605 0.805085 0.370117 0.805085 0.370361 0.807203 0.371826 0.808792 0.372314 0.807733
1 0.330566 0.802966 0.330566 0.804555 0.331543 0.805085 0.331055 0.806144 0.331543 0.810381 0.331787 0.808263 0.332275 0.807733 0.332031 0.806144 0.332764 0.805085 0.332031 0.805085 0.331787 0.802966
1 0.396484 0.801907 0.396240 0.802966 0.395752 0.802436 0.396240 0.802966 0.395508 0.805085 0.395752 0.806674 0.395020 0.807733 0.394531 0.807733 0.393555 0.804555 0.393066 0.804555 0.392822 0.805614 0.392822 0.810381 0.393799 0.813030 0.393555 0.813559 0.394043 0.814089 0.393066 0.815678 0.393311 0.815148 0.394043 0.816737 0.394775 0.815678 0.394287 0.816208 0.394043 0.814619 0.394775 0.813030 0.395264 0.814089 0.395264 0.810911 0.396729 0.811441 0.396729 0.813030 0.396240 0.814089 0.397217 0.813030 0.398193 0.810381 0.397949 0.806674 0.397461 0.806144 0.397461 0.804555 0.396240 0.802966
1 0.344971 0.802436 0.344238 0.800847 0.344482 0.799788 0.342285 0.801377 0.342773 0.803496 0.343750 0.802436 0.344727 0.803496
1 0.383057 0.798199 0.381836 0.801377 0.382080 0.804555 0.382568 0.804555 0.383545 0.801907 0.383545 0.798729
1 0.501953 0.798199 0.503174 0.799788 0.503906 0.801907 0.504883 0.802436 0.505371 0.801377 0.503418 0.798199
1 0.304932 0.796610 0.304932 0.799258 0.303711 0.801377 0.304443 0.802436 0.304688 0.801907 0.306396 0.806674 0.306885 0.806144 0.307129 0.804025 0.306152 0.801377 0.306152 0.799258 0.305420 0.798199 0.305664 0.796610
1 0.337891 0.795021 0.335938 0.794492 0.334717 0.796610 0.334717 0.798199 0.335449 0.799258 0.335938 0.801907 0.335205 0.803496 0.333740 0.803496 0.333740 0.805085 0.334229 0.805085 0.334473 0.806674 0.337158 0.806674 0.336670 0.805614 0.336914 0.804555 0.338867 0.804025 0.337402 0.799788 0.336670 0.799258 0.337891 0.796610
1 0.302979 0.794492 0.302002 0.794492 0.302246 0.795551 0.301514 0.798729 0.301025 0.798729 0.301025 0.800318 0.301758 0.800847 0.301270 0.802966 0.302734 0.801907 0.302979 0.799788 0.303467 0.799258 0.303223 0.798199 0.302490 0.798199 0.303223 0.796610
1 0.330811 0.795021 0.328613 0.793962 0.327148 0.796610 0.325684 0.796610 0.325928 0.797669 0.325195 0.799788 0.326660 0.797669 0.328369 0.797669 0.328857 0.796610 0.329834 0.797669 0.328857 0.798729 0.329102 0.799788 0.328369 0.801377 0.328613 0.803496 0.329590 0.802436 0.329590 0.800847 0.330811 0.798729 0.330811 0.797669 0.331299 0.798199 0.331299 0.796081
1 0.320068 0.796081 0.320801 0.797140 0.322021 0.797140 0.322998 0.795551 0.322998 0.793432 0.322754 0.794492 0.321289 0.793432
1 0.253174 0.793432 0.253906 0.794492 0.253906 0.796610 0.255615 0.794492 0.257080 0.794492 0.256836 0.793432 0.257568 0.792903 0.256348 0.792373 0.255859 0.793432 0.254150 0.793962 0.253662 0.791843
1 0.265625 0.789195 0.265625 0.791843 0.267090 0.795021 0.267090 0.793962 0.266602 0.793432 0.267090 0.791843 0.267822 0.791843 0.269287 0.795021 0.270508 0.796081 0.270996 0.798199 0.272217 0.798729 0.275635 0.803496 0.276123 0.803496 0.276367 0.800847 0.277100 0.799258 0.277100 0.797140 0.278809 0.792373 0.277832 0.793432 0.276367 0.798729 0.276611 0.799258 0.276123 0.801907 0.275391 0.802966 0.273682 0.800847 0.272949 0.798729 0.272705 0.799258 0.269775 0.795021 0.268311 0.791843 0.267334 0.791843
1 0.439209 0.789195 0.438965 0.789725 0.438721 0.788136 0.437500 0.788136 0.437256 0.790784 0.436035 0.790254 0.436035 0.791843 0.435547 0.792373 0.435547 0.796081 0.436523 0.793962 0.437744 0.793962 0.438721 0.791843 0.438721 0.790254
1 0.378174 0.788136 0.377441 0.788136 0.377441 0.789195 0.376221 0.790784 0.375977 0.790254 0.375977 0.793432 0.375488 0.793962 0.375977 0.795551 0.375000 0.797140 0.375244 0.798199 0.374756 0.799788 0.375977 0.800318 0.376709 0.798729 0.377197 0.792373 0.378174 0.789725
1 0.246094 0.787606 0.244873 0.785487 0.243652 0.787076 0.243652 0.788136 0.244141 0.788665 0.243896 0.790784
1 0.375000 0.786017 0.374268 0.784958 0.373779 0.785487 0.373779 0.787076 0.372070 0.787606 0.373047 0.791843 0.372559 0.791843 0.371826 0.793432 0.371826 0.795551 0.371338 0.794492 0.370850 0.796081 0.368896 0.796081 0.368408 0.797140 0.368164 0.796081 0.367920 0.797669 0.367432 0.797140 0.367676 0.794492 0.366943 0.794492 0.366455 0.789195 0.364746 0.788665 0.364502 0.788136 0.364990 0.787076 0.364502 0.786017 0.363525 0.788665 0.363281 0.788136 0.363281 0.789725 0.364014 0.791314 0.364014 0.795021 0.364746 0.797140 0.365723 0.797140 0.365723 0.799788 0.367188 0.802966 0.368408 0.802436 0.368896 0.804555 0.368896 0.803496 0.369385 0.803496 0.369141 0.802966 0.372803 0.793962 0.374756 0.792373 0.375000 0.790784 0.374756 0.791314 0.373779 0.789725 0.374268 0.787606 0.375000 0.787606
1 0.337158 0.782839 0.335938 0.785487 0.335938 0.788665 0.336426 0.789195 0.337402 0.787076 0.336914 0.784958
1 0.278809 0.782309 0.277588 0.782309 0.276611 0.789725 0.278809 0.783898
1 0.276123 0.776483 0.274170 0.777542 0.273926 0.775953 0.274658 0.774364 0.273438 0.777013 0.272461 0.781250
1 0.303223 0.778072 0.303711 0.779131 0.304932 0.779661 0.306641 0.779131 0.306396 0.776483 0.306885 0.775953 0.306885 0.774894 0.306152 0.774364 0.305908 0.775424 0.304932 0.773835
1 0.479492 0.774894 0.479492 0.778602 0.480469 0.779661 0.480469 0.783369 0.479736 0.784428 0.480469 0.787076 0.480469 0.789725 0.482422 0.790254 0.482422 0.791314 0.481201 0.792903 0.481445 0.795021 0.484131 0.793962 0.484131 0.792373 0.485107 0.790784 0.485352 0.788665 0.484619 0.790254 0.484619 0.788136 0.483887 0.788136 0.484619 0.786017 0.485352 0.787606 0.485107 0.782839 0.485596 0.782309 0.486572 0.784428 0.486572 0.782309 0.487305 0.780191 0.488037 0.782839 0.488037 0.786017 0.488525 0.786017 0.488770 0.787076 0.488037 0.787606 0.487549 0.789195 0.486816 0.787606 0.486816 0.789195 0.487549 0.789195 0.486816 0.792373 0.486816 0.796081 0.489258 0.792903 0.490967 0.792903 0.491943 0.795551 0.492676 0.796081 0.495605 0.796081 0.497559 0.798199 0.498047 0.800318 0.497070 0.794492 0.496582 0.793432 0.495605 0.793432 0.493652 0.791314 0.492432 0.788136 0.491211 0.787076 0.490967 0.785487 0.491699 0.783898 0.490723 0.782309 0.490234 0.782839 0.489502 0.781250 0.489746 0.779661 0.489258 0.779131 0.491943 0.774364 0.491699 0.773305 0.489014 0.773305 0.488037 0.775953 0.487549 0.775424 0.487061 0.777542 0.488037 0.777013 0.488525 0.778072 0.487549 0.780720 0.487305 0.779661 0.485352 0.777542 0.484375 0.777542 0.484375 0.779131 0.483643 0.779661 0.482422 0.773305 0.480957 0.773305
1 0.373291 0.768008 0.372559 0.767479 0.371582 0.769068 0.370605 0.769068 0.370117 0.770127 0.370605 0.771186 0.370361 0.773305 0.370850 0.773305 0.372070 0.770127 0.372803 0.770127
1 0.338867 0.761653 0.338867 0.763242 0.339600 0.763242 0.340332 0.765360 0.341797 0.762712 0.340576 0.761653 0.340332 0.760593 0.339844 0.761123 0.339844 0.762182
1 0.286377 0.778072 0.288086 0.778072 0.288330 0.778602 0.287842 0.780191 0.288818 0.781780 0.290283 0.780720 0.290771 0.778602 0.289551 0.775953 0.290283 0.774364 0.290039 0.773305 0.290527 0.772246 0.290771 0.773835 0.292969 0.777542 0.292969 0.778602 0.294434 0.779661 0.294678 0.781780 0.295410 0.781250 0.295654 0.779131 0.297852 0.780191 0.299561 0.775424 0.300293 0.775953 0.302002 0.773305 0.302002 0.772246 0.300537 0.773835 0.300049 0.770657 0.301758 0.766949 0.299316 0.766949 0.297607 0.770657 0.296387 0.769597 0.296387 0.766949 0.296143 0.770127 0.294434 0.768008 0.295410 0.765360 0.296387 0.764301 0.296143 0.761123 0.295410 0.764301 0.292969 0.769597 0.291992 0.769068 0.291748 0.770127 0.291016 0.769068 0.291016 0.763771 0.291748 0.762182 0.291992 0.759534 0.290771 0.761653 0.289551 0.761653 0.289062 0.762712 0.290283 0.768008 0.289551 0.770657 0.290039 0.771186 0.289795 0.772246 0.288574 0.771716 0.287598 0.769597 0.287354 0.766419 0.286865 0.767479 0.286621 0.770657 0.287354 0.770657 0.288574 0.773835 0.287354 0.774364
1 0.277100 0.759004 0.274902 0.763242 0.274414 0.765890 0.272949 0.769068 0.274414 0.766419 0.277100 0.764831
1 0.209961 0.759004 0.210938 0.763771 0.211914 0.765890 0.212402 0.769068 0.214355 0.771716 0.214111 0.772775 0.214600 0.774894 0.214600 0.771186 0.215820 0.771186 0.216064 0.769068 0.215332 0.768538 0.214600 0.770127 0.213379 0.770127 0.212646 0.768538 0.212646 0.764301
1 0.203125 0.756886 0.202637 0.755826 0.201416 0.756886 0.200195 0.756356 0.199219 0.757945 0.198975 0.759534 0.199707 0.759004 0.200684 0.761123 0.200684 0.762182 0.201904 0.762182 0.202393 0.761123 0.202881 0.761653
1 0.447998 0.754237 0.447754 0.756886 0.446777 0.757415 0.446777 0.764301 0.445801 0.764831 0.445068 0.763242 0.445557 0.761653 0.445557 0.756356 0.445312 0.762182 0.444824 0.762712 0.444580 0.760593 0.444336 0.761123 0.444336 0.765360 0.444824 0.765360 0.445312 0.763771 0.445801 0.766419 0.446533 0.765890 0.446777 0.763771 0.447266 0.763242 0.447266 0.761123 0.447021 0.761653 0.446777 0.760593 0.447998 0.756356
1 0.443115 0.754237 0.442139 0.753708 0.439941 0.758475 0.439941 0.761123 0.438965 0.762712 0.438965 0.764301 0.439453 0.764831 0.439453 0.765890 0.440186 0.762712 0.440918 0.762712 0.440430 0.770657 0.439697 0.770657 0.439209 0.774894 0.437988 0.775424 0.437744 0.773305 0.437012 0.773835 0.437012 0.775953 0.436523 0.776483 0.436035 0.779131 0.435059 0.780191 0.435547 0.780720 0.435791 0.783369 0.436279 0.783369 0.437256 0.780720 0.437500 0.783898 0.438721 0.784428 0.438721 0.782839 0.440674 0.778072 0.441895 0.780720 0.441895 0.784428 0.442383 0.783369 0.443359 0.784428 0.444092 0.782839 0.444336 0.783898 0.444092 0.784428 0.444092 0.781780 0.444824 0.781780 0.444580 0.782309 0.444580 0.779661 0.445312 0.778602 0.445557 0.775424 0.445068 0.774894 0.444824 0.776483 0.444092 0.774364 0.445068 0.772775 0.445068 0.770657 0.445557 0.770127 0.445557 0.769068 0.444824 0.768008 0.445068 0.766419 0.444580 0.768008 0.444580 0.771186 0.443848 0.772246 0.443604 0.771716 0.444092 0.770657 0.444092 0.768008 0.442871 0.768008 0.442627 0.769068 0.442139 0.768538 0.442139 0.764831 0.443115 0.762182
1 0.320068 0.753708 0.319092 0.754237 0.317383 0.756886 0.317383 0.757945 0.316650 0.759004 0.316650 0.761653 0.317383 0.761653 0.317383 0.760064 0.318604 0.757415 0.318604 0.756356
1 0.642090 0.748941 0.642334 0.751589 0.643799 0.753178 0.643311 0.751589 0.644043 0.750000 0.645264 0.750000 0.644287 0.748411 0.643066 0.747881
1 0.458740 0.745233 0.458252 0.745763 0.458252 0.747881 0.458252 0.746292 0.458740 0.746292 0.458496 0.755826 0.458984 0.769068 0.459473 0.767479 0.458984 0.760593 0.458984 0.753178 0.459473 0.753178 0.459717 0.764301 0.459961 0.765360 0.459473 0.750530 0.459229 0.751589 0.458984 0.751059 0.459229 0.746292
1 0.280029 0.745763 0.279541 0.745233 0.277344 0.748941 0.276855 0.751059 0.278564 0.751059 0.280029 0.746822
1 0.629150 0.744174 0.628906 0.743644 0.628662 0.745233 0.627930 0.744703 0.628418 0.746292 0.627686 0.746822 0.626221 0.751059 0.625244 0.751059 0.625000 0.752648 0.625977 0.754237 0.627686 0.753708 0.628906 0.751059 0.628418 0.747352 0.629150 0.746292
1 0.374756 0.743644 0.374023 0.744703 0.373535 0.746822 0.374268 0.747881 0.373291 0.750000 0.372803 0.750000 0.373779 0.752119 0.375000 0.752119 0.375244 0.751059 0.374756 0.749470 0.375244 0.748411 0.374756 0.747352
1 0.272949 0.735169 0.272461 0.735699 0.272461 0.736758 0.273193 0.736758 0.273926 0.739936 0.273438 0.745233 0.274414 0.745233 0.276123 0.739407 0.276855 0.738347 0.276855 0.737288 0.276367 0.738877 0.275879 0.737818 0.276367 0.736758 0.275879 0.737818 0.275635 0.737288 0.275879 0.736229 0.274658 0.738877 0.273682 0.737818 0.273438 0.735699
1 0.267822 0.734110 0.267090 0.735169 0.266602 0.734640 0.266113 0.736229 0.265869 0.735699 0.264648 0.737818 0.264648 0.738877 0.263916 0.740466 0.265137 0.740996 0.267578 0.736229
1 0.403564 0.731992 0.403076 0.731992 0.402832 0.730403 0.401855 0.733051 0.400391 0.733051 0.400635 0.734640 0.402344 0.734640 0.403320 0.736229 0.403076 0.733581
1 0.614746 0.728814 0.614746 0.732521 0.615967 0.736229 0.615723 0.737818 0.616211 0.731462 0.615479 0.730403 0.615234 0.728814
1 0.450928 0.725636 0.448730 0.725636 0.448486 0.726695 0.447754 0.726695 0.447266 0.727754 0.446533 0.725636 0.445312 0.725106 0.445557 0.722987 0.445312 0.724047 0.445068 0.722458 0.445068 0.725106 0.443115 0.727754 0.443604 0.727754 0.444092 0.730403 0.443848 0.726695 0.445312 0.726695 0.444824 0.727225 0.444824 0.728284 0.445068 0.727754 0.445312 0.728814 0.444824 0.729873 0.444580 0.729343 0.444824 0.729873 0.444336 0.731462 0.444824 0.734640 0.446289 0.730403 0.447510 0.730403 0.447754 0.731462 0.448486 0.731462 0.448486 0.728814 0.448730 0.728284 0.449219 0.729343 0.449219 0.733581 0.448242 0.735169 0.447754 0.733051 0.447754 0.734640 0.446777 0.736229 0.446533 0.739407 0.445801 0.739407 0.445557 0.740466 0.445068 0.739936 0.445068 0.738347 0.444580 0.739407 0.443848 0.739407 0.443848 0.741525 0.444336 0.743114 0.443604 0.745233 0.443848 0.748411 0.442871 0.751059 0.443359 0.752648 0.444092 0.750530 0.444092 0.746292 0.444580 0.745233 0.445312 0.746822 0.445312 0.750530 0.446045 0.750530 0.446777 0.745233 0.447998 0.745233 0.447510 0.744174 0.447510 0.738347 0.449463 0.733581 0.450195 0.728284 0.451172 0.728814 0.450928 0.737288 0.451416 0.737288 0.451416 0.731992 0.451904 0.730932 0.451904 0.728814 0.450928 0.728284
1 0.389648 0.722458 0.387939 0.724047 0.388428 0.726165 0.389893 0.726165
1 0.626709 0.720869 0.625244 0.719809 0.625488 0.721928 0.624512 0.724047 0.625000 0.725106 0.624756 0.726695 0.624023 0.726695 0.623047 0.725106 0.623779 0.726695 0.622803 0.728814 0.621338 0.728814 0.621094 0.727754 0.619873 0.728814 0.618408 0.728814 0.618652 0.730403 0.620117 0.734110 0.621582 0.734110 0.622559 0.736229 0.623291 0.736229 0.623779 0.734640 0.624756 0.734640 0.625000 0.731462 0.625977 0.729873 0.625488 0.728284 0.626709 0.725106
1 0.430664 0.720869 0.430908 0.721398 0.431885 0.719280 0.433594 0.722458 0.434082 0.725636 0.434570 0.725636 0.434814 0.722987 0.432617 0.718220 0.432129 0.718220
1 0.394287 0.715042 0.393066 0.715042 0.392090 0.717161 0.392090 0.718220 0.394043 0.718750 0.394531 0.717691
1 0.384766 0.714513 0.384277 0.716102 0.383789 0.716102 0.384277 0.717161 0.383789 0.719280 0.382812 0.720339 0.383057 0.721928 0.383545 0.721928 0.384033 0.723517 0.383545 0.724576 0.382812 0.724576 0.382568 0.726695 0.383789 0.726165 0.384521 0.724576 0.384766 0.725636 0.385254 0.724047 0.384766 0.723517 0.385498 0.721928 0.385986 0.721928 0.385986 0.717691
1 0.454346 0.712924 0.453613 0.712924 0.453369 0.718220 0.452881 0.717691 0.452881 0.713983 0.448242 0.713983 0.448242 0.716631 0.447754 0.717691 0.448730 0.719809 0.447266 0.720339 0.446533 0.718750 0.446777 0.721928 0.447266 0.720869 0.447754 0.721928 0.448486 0.721928 0.448730 0.722987 0.452881 0.722987 0.452637 0.721928 0.453125 0.720869 0.453857 0.721928 0.454346 0.720869 0.453857 0.719809 0.453857 0.717161 0.454590 0.716631
1 0.370850 0.712924 0.370117 0.715042 0.370117 0.717691 0.370605 0.719280 0.371338 0.719280 0.372559 0.716631 0.371582 0.716631 0.371582 0.714513
1 0.609863 0.704449 0.610840 0.708686 0.611328 0.708686 0.612793 0.712924 0.613770 0.712394 0.614258 0.710275 0.614746 0.710275 0.615967 0.707627 0.615479 0.707627 0.615234 0.706568 0.614258 0.707627 0.614014 0.709746 0.612305 0.710805 0.611816 0.709746 0.612793 0.705508 0.611572 0.703919
1 0.431152 0.703919 0.429688 0.710275 0.430664 0.712394 0.431885 0.712394 0.433105 0.713983 0.434082 0.711864 0.434570 0.711864 0.435303 0.709216 0.434570 0.709216 0.433594 0.711335 0.432617 0.710805 0.431396 0.708686 0.431152 0.705508 0.431641 0.703919
1 0.429932 0.695975 0.429932 0.697564 0.429443 0.698623 0.429688 0.701271 0.431396 0.701801 0.431885 0.699153
1 0.444824 0.693326 0.445068 0.696504 0.444580 0.698093 0.444336 0.697564 0.444336 0.698623 0.445312 0.702860 0.446289 0.704979 0.445801 0.706038 0.447510 0.706568 0.446533 0.706038 0.446533 0.699153
1 0.409668 0.694915 0.409912 0.696504 0.410645 0.696504 0.410889 0.695445 0.411133 0.696504 0.411865 0.696504 0.412598 0.698093 0.412598 0.700742 0.412109 0.701271 0.412109 0.702860 0.412598 0.703390 0.412598 0.704979 0.413818 0.704979 0.414307 0.706038 0.414795 0.704979 0.414795 0.701271 0.415283 0.700742 0.415283 0.697034 0.414795 0.695975 0.414062 0.695975 0.414062 0.697564 0.413330 0.697564 0.413330 0.694915 0.412842 0.693856 0.413818 0.692797 0.412109 0.692797 0.411865 0.694915
1 0.389648 0.693326 0.390381 0.696504 0.392334 0.696504 0.391602 0.700212 0.393555 0.697564 0.393066 0.695445 0.392334 0.695445 0.392334 0.693856 0.391602 0.692267
1 0.428955 0.688559 0.428955 0.691737 0.429443 0.693326 0.429199 0.693856 0.430908 0.693856 0.430420 0.693326 0.430908 0.691208 0.430664 0.690148 0.429688 0.689089 0.429443 0.689619
1 0.361816 0.688559 0.358154 0.691208 0.357666 0.692267 0.357910 0.693856 0.358887 0.693856 0.359863 0.692267 0.361816 0.692797
1 0.666016 0.692267 0.665527 0.691208 0.665283 0.691737 0.664795 0.689619 0.663818 0.689619 0.663574 0.690678 0.663086 0.689089 0.663330 0.687500 0.662842 0.688559 0.659424 0.690148 0.658447 0.691737 0.655762 0.692797 0.655273 0.693856 0.654785 0.691737 0.653809 0.690678 0.653076 0.691208 0.653564 0.694386 0.652588 0.695445 0.652100 0.697034 0.651123 0.697034 0.650635 0.698093 0.650635 0.699682 0.651123 0.700742 0.653076 0.700742 0.656006 0.702860 0.656006 0.701271 0.654785 0.700212 0.655029 0.696504 0.654541 0.696504 0.654541 0.695445 0.655762 0.694386 0.656494 0.694915 0.659912 0.693326 0.660156 0.693856 0.662109 0.692797 0.663330 0.690678 0.663574 0.692267 0.664551 0.692797 0.665039 0.694386 0.666016 0.693326
1 0.335693 0.687500 0.334473 0.687500 0.333740 0.689619 0.332275 0.690148 0.332520 0.690678 0.332031 0.692267 0.332031 0.695445 0.332520 0.696504 0.333252 0.695975 0.333740 0.691208 0.335693 0.689089
1 0.441406 0.686970 0.442139 0.689089 0.442871 0.689619 0.443359 0.688030 0.444336 0.688030 0.445557 0.690678 0.445068 0.691208 0.445068 0.692267 0.446289 0.693856 0.447266 0.697034 0.445068 0.687500 0.441650 0.686441
1 0.652100 0.683263 0.649902 0.683792 0.650391 0.685381 0.649414 0.686970 0.650146 0.687500 0.650146 0.688559 0.650879 0.688030 0.650879 0.686441 0.652100 0.684322
1 0.607910 0.683792 0.609375 0.684852 0.611084 0.683792 0.611328 0.684322 0.610352 0.685381 0.612549 0.685381 0.612793 0.686441 0.613037 0.685381 0.613281 0.686441 0.613525 0.685911 0.614746 0.688030 0.614502 0.686970 0.614990 0.686441 0.616455 0.688030 0.619629 0.688559 0.619141 0.688559 0.618652 0.686441 0.617188 0.686441 0.616943 0.684322 0.617432 0.683263 0.618652 0.683263 0.619629 0.685911 0.620117 0.685381 0.620117 0.683792 0.619629 0.683263 0.619873 0.682733 0.617188 0.682733 0.616943 0.683792 0.615967 0.682733 0.616699 0.682203 0.614746 0.682733 0.614746 0.681674 0.612305 0.681674 0.612061 0.680614 0.611084 0.681144 0.611084 0.680085 0.610352 0.679555 0.610352 0.681144 0.609863 0.681144 0.609863 0.680085 0.609375 0.680614 0.609375 0.682203 0.610107 0.683263 0.609619 0.684852 0.609131 0.683792 0.608643 0.684322 0.608398 0.683263
1 0.298096 0.679025 0.297119 0.678496 0.296875 0.679555 0.295410 0.681144 0.293945 0.680085 0.294189 0.681674 0.293213 0.684322 0.297852 0.682733
1 0.272461 0.678496 0.271484 0.679025 0.270752 0.686970 0.272461 0.684322
1 0.621338 0.682203 0.621826 0.683263 0.624756 0.682733 0.626465 0.686970 0.627686 0.686970 0.627930 0.685911 0.629639 0.685911 0.628906 0.684322 0.628174 0.685911 0.626709 0.684852 0.625000 0.679555 0.623535 0.679025 0.623535 0.676907 0.622803 0.676907 0.622314 0.677966 0.622559 0.680614 0.621826 0.682203
1 0.317383 0.673729 0.315674 0.674258 0.313965 0.676907 0.314453 0.677966 0.314209 0.679555 0.314941 0.681144 0.315674 0.680614 0.315186 0.679555
1 0.358154 0.674258 0.356934 0.673199 0.357178 0.674788 0.355957 0.675318 0.355225 0.680085 0.355957 0.680085 0.355957 0.678496 0.357178 0.676377 0.356934 0.675318 0.357666 0.675318
1 0.603271 0.672669 0.604248 0.674258 0.603516 0.675318 0.603271 0.673729 0.603516 0.675318 0.602783 0.677436 0.603516 0.675847 0.604736 0.677966 0.604248 0.679555 0.604736 0.678496 0.606201 0.679555 0.606201 0.677436 0.606689 0.676377 0.605469 0.675318 0.605957 0.676377 0.604980 0.676907 0.604736 0.677966 0.604004 0.674788 0.604492 0.674258 0.604980 0.675318 0.604980 0.674258 0.604004 0.672669
1 0.296631 0.672669 0.296875 0.673729 0.298340 0.674258 0.299072 0.673199 0.299072 0.671610 0.297607 0.670551 0.296875 0.673199
1 0.294189 0.669492 0.293457 0.668962 0.292236 0.670551 0.292236 0.674788 0.291260 0.677966 0.291016 0.676907 0.289307 0.677436 0.290039 0.678496 0.290771 0.678496 0.291992 0.676907 0.292725 0.677436 0.292236 0.676377 0.292725 0.674258 0.293701 0.672669 0.294434 0.673199
1 0.269043 0.671081 0.268311 0.670551 0.268555 0.669492 0.267334 0.668962 0.266602 0.669492 0.265137 0.673729 0.268066 0.670551
1 0.190674 0.668432 0.189453 0.668432 0.189453 0.671081 0.188721 0.673199 0.188965 0.676907 0.190918 0.670551
1 0.279785 0.667903 0.278809 0.670021 0.277832 0.669492 0.278076 0.670021 0.275391 0.674788 0.274902 0.677436 0.275391 0.678496 0.275391 0.680614 0.275635 0.679555 0.275879 0.680085 0.275879 0.682733 0.277344 0.683263 0.277588 0.682203 0.279053 0.681674 0.279541 0.680614 0.279297 0.673199 0.279785 0.671081
1 0.603760 0.668432 0.603271 0.668962 0.602783 0.667903 0.603027 0.667373 0.602539 0.667373 0.602539 0.666314 0.601562 0.666314 0.600830 0.668432 0.598389 0.670021 0.601074 0.670021 0.601318 0.670551 0.600830 0.671081 0.601807 0.671081 0.602295 0.668962
1 0.601318 0.672669 0.600098 0.671610 0.598389 0.671610 0.597168 0.668962 0.597656 0.667903 0.597900 0.668962 0.597900 0.667373 0.596924 0.667903 0.596680 0.666314 0.596680 0.670021 0.595703 0.669492 0.595459 0.668432 0.593506 0.670551 0.592529 0.669492 0.592773 0.670021 0.591797 0.671610 0.591553 0.670551 0.590088 0.670021 0.590576 0.668432 0.589355 0.668432 0.588379 0.667373 0.588867 0.668432 0.588379 0.670021 0.589111 0.668962 0.589844 0.670551 0.589600 0.673199 0.588623 0.672140 0.587891 0.672669 0.587402 0.671081 0.587402 0.672140 0.586182 0.671081 0.587402 0.673729 0.587646 0.672669 0.590820 0.674788 0.590820 0.673199 0.591309 0.672140 0.592041 0.672140 0.592285 0.673199 0.593750 0.672669 0.594238 0.674258 0.593018 0.675318 0.593506 0.675847 0.593506 0.674788 0.594971 0.674258 0.595215 0.676377 0.594727 0.677436 0.596191 0.675847 0.597656 0.676377 0.600586 0.673729 0.601074 0.674258 0.600586 0.672669
1 0.422607 0.665254 0.422119 0.665254 0.421875 0.675318 0.421387 0.675847 0.420654 0.673729 0.419434 0.673729 0.418945 0.674788 0.418945 0.676377 0.419434 0.676907 0.418945 0.677966 0.418945 0.685911 0.418457 0.686441 0.418945 0.702860 0.416992 0.703390 0.417480 0.711335 0.417969 0.711864 0.417969 0.713453 0.418457 0.714513 0.420166 0.714513 0.420654 0.713453 0.420654 0.711864 0.421631 0.710805 0.421631 0.707627 0.420410 0.707627 0.419678 0.706038 0.419678 0.703390 0.420654 0.702860 0.420654 0.694915 0.420166 0.694386 0.420166 0.692797 0.420654 0.692267 0.421143 0.686441 0.424072 0.685911 0.424561 0.689089 0.424561 0.687500 0.425049 0.686970 0.424072 0.685911 0.424072 0.677966 0.425293 0.677436 0.425537 0.678496 0.426025 0.678496 0.426514 0.675847 0.427002 0.675318 0.427734 0.676907 0.427246 0.679025 0.427246 0.682733 0.427246 0.680614 0.427979 0.675847 0.427490 0.675318 0.428223 0.673199 0.427734 0.669492 0.427490 0.674788 0.426758 0.674788 0.426270 0.675847 0.425781 0.672669 0.425537 0.675847 0.424805 0.675847 0.424561 0.676907 0.423340 0.676907 0.422119 0.674258 0.422119 0.671610 0.423096 0.668962
1 0.469482 0.666843 0.465820 0.666314 0.465576 0.665784 0.466553 0.663136 0.465332 0.662076 0.465820 0.664195 0.465332 0.665784 0.464600 0.666314 0.462891 0.673729 0.463867 0.671610 0.464844 0.671081 0.466064 0.667373 0.466797 0.668962 0.467773 0.666314
1 0.425537 0.658898 0.425049 0.659958 0.423828 0.659958 0.423828 0.662606 0.425537 0.663665
1 0.358887 0.658898 0.357666 0.659958 0.357666 0.668432 0.358643 0.668432 0.358154 0.666314 0.358887 0.665254
1 0.644043 0.658369 0.643311 0.658369 0.643066 0.659958 0.640625 0.663665 0.639893 0.665784 0.639160 0.665254 0.637939 0.661017 0.636963 0.661547 0.637207 0.662606 0.635986 0.664725 0.636475 0.667903 0.635010 0.669492 0.633301 0.668432 0.632324 0.669492 0.632324 0.666314 0.630859 0.664725 0.630615 0.665254 0.631104 0.667373 0.631836 0.667903 0.631348 0.668962 0.631592 0.671081 0.630859 0.672140 0.631104 0.673729 0.632324 0.674788 0.632324 0.679025 0.632812 0.680085 0.633057 0.679025 0.633301 0.680085 0.634033 0.679555 0.635254 0.681674 0.635254 0.682733 0.636230 0.682733 0.636230 0.681674 0.636963 0.681144 0.636963 0.680085 0.639160 0.675847 0.639648 0.673729 0.639648 0.670551 0.639160 0.670021 0.640137 0.669492 0.641113 0.667903 0.641602 0.665784 0.644043 0.663136
1 0.633301 0.656250 0.633057 0.657309 0.632324 0.656780 0.631836 0.657839 0.632812 0.660487 0.633545 0.660487 0.634033 0.658369
1 0.438721 0.655191 0.437500 0.659428 0.435791 0.661547 0.435547 0.662606 0.436279 0.664195 0.435547 0.665784 0.435547 0.667373 0.436768 0.666843 0.437500 0.667903 0.437256 0.671081 0.437500 0.672140 0.438477 0.672140 0.437988 0.673729 0.438721 0.676907 0.439209 0.676907 0.439697 0.671610 0.439209 0.669492 0.438232 0.671610 0.437500 0.669492 0.437500 0.666314 0.437988 0.664725 0.438721 0.664195 0.438965 0.665784 0.439209 0.665254 0.439209 0.656250
1 0.274658 0.654661 0.273682 0.653602 0.273438 0.654661 0.273193 0.653602 0.272217 0.656250 0.270508 0.656780 0.270020 0.657839 0.268799 0.656780 0.267822 0.654661 0.267334 0.659958 0.266602 0.659428 0.266357 0.660487 0.265381 0.658369 0.264893 0.658898 0.265381 0.661547 0.261475 0.664195 0.261475 0.667373 0.260986 0.668432 0.260254 0.667373 0.260742 0.668432 0.257812 0.673199 0.259033 0.671610 0.261719 0.670551 0.262451 0.667903 0.263184 0.667903 0.262939 0.667373 0.263428 0.666843 0.263428 0.665254 0.264893 0.663136 0.265869 0.663136 0.266602 0.664725 0.267578 0.664725 0.268555 0.663136 0.270508 0.665254 0.270996 0.663136 0.271973 0.661547 0.272217 0.659428
1 0.674316 0.652542 0.673828 0.653602 0.673828 0.658898 0.674316 0.658898 0.675293 0.656780 0.676270 0.657839
1 0.603760 0.653072 0.602539 0.652542 0.601807 0.654661 0.601074 0.653602 0.599121 0.655191 0.598389 0.654131 0.595215 0.654661 0.594238 0.653602 0.597168 0.656780 0.599365 0.654661 0.601074 0.655191 0.602539 0.654131 0.602783 0.654661 0.601562 0.657309 0.602295 0.657309 0.602783 0.654661 0.602539 0.653602
1 0.665771 0.652013 0.665771 0.654131 0.666992 0.658369 0.669434 0.656780 0.671387 0.658898 0.672119 0.658898 0.671387 0.654131 0.668701 0.653602 0.666260 0.654661 0.666260 0.653072
1 0.479492 0.652542 0.479004 0.652013 0.477051 0.654661 0.477051 0.656780 0.477295 0.655720 0.477783 0.656780 0.476807 0.658369 0.478027 0.656780
1 0.613525 0.651483 0.613281 0.653602 0.614014 0.654131 0.614258 0.657839 0.615234 0.658898 0.616211 0.655191
1 0.623291 0.648835 0.622803 0.648305 0.623047 0.647775 0.620361 0.648835 0.620117 0.651483 0.620605 0.652542 0.622559 0.651483 0.623291 0.649894
1 0.523926 0.647246 0.524902 0.649894 0.527100 0.649364 0.526855 0.647246
1 0.366699 0.647246 0.366211 0.650953 0.365479 0.652542 0.364990 0.652542 0.365234 0.654661 0.365967 0.655191 0.366699 0.654661
1 0.383301 0.646186 0.383301 0.647775 0.383789 0.648835 0.384033 0.648305 0.385254 0.649364 0.385010 0.650953 0.383301 0.652013 0.385254 0.652542 0.385498 0.651483 0.386475 0.650953 0.387207 0.653602 0.386719 0.655191 0.388184 0.658369 0.388916 0.658369 0.387939 0.657309 0.388916 0.655720 0.388184 0.655720 0.387695 0.656780 0.386963 0.655191 0.387451 0.654131 0.386963 0.653072 0.387207 0.651483 0.386475 0.650424 0.386475 0.649364 0.385986 0.648835 0.385498 0.649894 0.384766 0.648305 0.384766 0.646716
1 0.329590 0.646186 0.328125 0.645657 0.327148 0.647246 0.326904 0.646716 0.326660 0.647775 0.327881 0.649894 0.329346 0.647775
1 0.682129 0.645127 0.682373 0.648835 0.681396 0.652013 0.680664 0.650424 0.680664 0.647775 0.680664 0.654661 0.681641 0.654131 0.683838 0.649364 0.683838 0.648305 0.683105 0.647775
1 0.514648 0.647775 0.518799 0.647775 0.519043 0.645657 0.519531 0.646716 0.520752 0.646186 0.519531 0.646186 0.519287 0.645127 0.516602 0.645127 0.516357 0.646186 0.515625 0.646186
1 0.381836 0.644597 0.381836 0.645657 0.381348 0.646186 0.381836 0.646186 0.382080 0.647246 0.380371 0.649894 0.381348 0.652013 0.381104 0.652542 0.381592 0.654131 0.382080 0.654131 0.382324 0.652013 0.382568 0.654131 0.382568 0.650424 0.382324 0.649894 0.382080 0.650953 0.381592 0.649364 0.382080 0.648835 0.382324 0.646716 0.381836 0.646186
1 0.281006 0.643008 0.280029 0.644068 0.279785 0.646186 0.279053 0.647775 0.278320 0.647775 0.277100 0.649364 0.277588 0.652013 0.278809 0.653602 0.279785 0.653602 0.280518 0.652013
1 0.335205 0.641949 0.334473 0.641949 0.334961 0.646716 0.335693 0.649364 0.335938 0.647775 0.336426 0.649364 0.335693 0.655191 0.335938 0.657839 0.334473 0.660487 0.333008 0.661017 0.332764 0.658369 0.331055 0.653602 0.329834 0.655720 0.329834 0.657839 0.331299 0.661017 0.332764 0.660487 0.333496 0.662606 0.334473 0.662076 0.336182 0.657309 0.336914 0.657309 0.337646 0.655720 0.337891 0.654131 0.336914 0.652013 0.337158 0.648305
1 0.343506 0.639831 0.342529 0.641419 0.342529 0.644597 0.343018 0.645127 0.342285 0.646186 0.343994 0.647246 0.344971 0.648835 0.343506 0.644068
1 0.638916 0.640360 0.642822 0.642479 0.642578 0.640360 0.639160 0.639301
1 0.379150 0.639301 0.376953 0.639831 0.376953 0.641419 0.377930 0.641949 0.377441 0.643538 0.378662 0.644068 0.377930 0.648835 0.378662 0.648835 0.378906 0.647775 0.380127 0.646716 0.379150 0.645657 0.379883 0.643538 0.381348 0.643538
1 0.501221 0.638771 0.501465 0.639831 0.500977 0.639831 0.500977 0.643538 0.501709 0.643538 0.502441 0.646716 0.503174 0.645657 0.503418 0.646716 0.505371 0.645127 0.506104 0.645657 0.506104 0.644068 0.506592 0.643008 0.505615 0.640890 0.505127 0.640890 0.505371 0.641949 0.504395 0.644068 0.504150 0.643008 0.502686 0.643538 0.502686 0.642479 0.504639 0.641949 0.504639 0.640890 0.502930 0.641419
1 0.371094 0.638771 0.371338 0.639831 0.370605 0.640360 0.368652 0.644597 0.369141 0.645657 0.369629 0.645657 0.370605 0.643538 0.371338 0.639831 0.371826 0.639301
1 0.302490 0.638242 0.301758 0.638242 0.301758 0.639301 0.300781 0.641949 0.301514 0.643538 0.300537 0.643538 0.300293 0.647246 0.299316 0.647246 0.299316 0.648305 0.298828 0.648305 0.298584 0.649894 0.298340 0.648305 0.297852 0.648305 0.297119 0.649894 0.296875 0.649364 0.297607 0.652542 0.297852 0.652013 0.298340 0.653072 0.299072 0.650953 0.299316 0.651483 0.299805 0.648835 0.301758 0.646716 0.303223 0.643538
1 0.326904 0.639831 0.328125 0.641419 0.330078 0.641419 0.330078 0.639301 0.329590 0.639301 0.329590 0.638242 0.328857 0.638771 0.327637 0.637712
1 0.441650 0.635593 0.440918 0.636653 0.440430 0.640360 0.440918 0.640890 0.440918 0.642479 0.440186 0.643008 0.440674 0.643008 0.440674 0.644068 0.437500 0.644068 0.437256 0.645127 0.436768 0.644068 0.437256 0.643008 0.437256 0.640890 0.437012 0.643538 0.436035 0.645657 0.437988 0.644068 0.438965 0.645657 0.438965 0.652542 0.441406 0.647775 0.444092 0.645657 0.444336 0.646186 0.444336 0.645127 0.444092 0.645657 0.443848 0.644597 0.442383 0.645127 0.440918 0.643538 0.441895 0.640890 0.443604 0.639301
1 0.268555 0.635064 0.267334 0.635064 0.267090 0.638242 0.266357 0.638242 0.266602 0.636653 0.266113 0.639301 0.264648 0.643008 0.265137 0.643538 0.265625 0.642479 0.266602 0.643538
1 0.224854 0.631356 0.226562 0.631886 0.226074 0.637712 0.226318 0.639831 0.227539 0.642479 0.227539 0.640360 0.227051 0.638771 0.227295 0.633475 0.226807 0.633475 0.226074 0.630826
1 0.371338 0.630297 0.371094 0.634004 0.372559 0.634534 0.371826 0.636653 0.371338 0.635593 0.371094 0.636123 0.371582 0.637182 0.372070 0.636123 0.373535 0.636123 0.373779 0.634534 0.373291 0.633475 0.374268 0.632945 0.372314 0.630297
1 0.259277 0.628708 0.257812 0.631886 0.259521 0.632945 0.259766 0.634004 0.259033 0.635064 0.259033 0.636123 0.260254 0.636653 0.260254 0.635593 0.259766 0.635064 0.260010 0.633475 0.259521 0.632415 0.260742 0.631356 0.261230 0.631886 0.262207 0.629767 0.260986 0.631356 0.259766 0.628708
1 0.238281 0.628178 0.238281 0.629237 0.239746 0.631356 0.239746 0.634534 0.240234 0.636123 0.239014 0.638771 0.236816 0.638771 0.238037 0.638771 0.238525 0.639831 0.239746 0.639831 0.240723 0.640890 0.240479 0.637712 0.241455 0.636653 0.241699 0.637182 0.239746 0.632415 0.239746 0.630297
1 0.267822 0.626059 0.265625 0.625530 0.263672 0.627119 0.263428 0.628178 0.264648 0.628178 0.264893 0.626589 0.265625 0.627119 0.265137 0.628178 0.265869 0.628178
1 0.515869 0.618644 0.515381 0.618644 0.514893 0.621292 0.513672 0.622881 0.514160 0.622881 0.514160 0.623941 0.513672 0.624470 0.513916 0.625530 0.515381 0.623941 0.515381 0.620763
1 0.385986 0.619174 0.386230 0.621822 0.386719 0.622881 0.388916 0.623941 0.387939 0.620233 0.388184 0.619174
1 0.611328 0.615996 0.611572 0.618114 0.612061 0.618114 0.613037 0.620233 0.614014 0.620233 0.614014 0.618114 0.613525 0.617055 0.613037 0.617585 0.612305 0.615996
1 0.574707 0.615996 0.574219 0.615996 0.572754 0.619174 0.572754 0.620233 0.573242 0.620763 0.572998 0.621822 0.572266 0.621292 0.570801 0.623941 0.570557 0.625530 0.571045 0.624470 0.571289 0.626059 0.570312 0.626589 0.570312 0.627648 0.571289 0.628178 0.571777 0.627119 0.571533 0.626589 0.572754 0.625000 0.573486 0.621822 0.573730 0.622881 0.574707 0.621292
1 0.423828 0.615466 0.423828 0.618114 0.423340 0.618644 0.423340 0.620233 0.422607 0.621292 0.422363 0.620233 0.421875 0.620233 0.421875 0.622881 0.423340 0.624470 0.423096 0.623941 0.423584 0.622881 0.424072 0.623411 0.424561 0.622352 0.424805 0.626589 0.425537 0.626589 0.426025 0.627648 0.425537 0.626589 0.425537 0.622881 0.424561 0.622352 0.424561 0.619703 0.424072 0.620763 0.423584 0.620233 0.423584 0.618644 0.424072 0.618114
1 0.292236 0.617585 0.292725 0.619703 0.294434 0.619703 0.295166 0.618114 0.295410 0.618644 0.295166 0.615466 0.293213 0.614407
1 0.438477 0.614407 0.437500 0.613347 0.436523 0.614407 0.436035 0.615996 0.436279 0.617055 0.435547 0.618644 0.437012 0.618114 0.437256 0.617055 0.437500 0.618114 0.437500 0.615996
1 0.370361 0.614407 0.369873 0.613347 0.368164 0.613347 0.367432 0.615466 0.366699 0.614407 0.365967 0.616525 0.363770 0.617585 0.364746 0.618644 0.364746 0.620233 0.363770 0.621822 0.363770 0.625530 0.363525 0.626059 0.363037 0.624470 0.362061 0.624470 0.362305 0.625000 0.361816 0.625530 0.361816 0.627648 0.363037 0.629237 0.363525 0.627648 0.364990 0.627119 0.364502 0.626589 0.364502 0.625000 0.365479 0.624470 0.365723 0.623411 0.366699 0.623411 0.367188 0.624470 0.367188 0.626059 0.367920 0.625530 0.367920 0.619703 0.367432 0.619174 0.367676 0.618114 0.368652 0.618644 0.368652 0.621292 0.369141 0.621822 0.369141 0.625530 0.368652 0.626589 0.369629 0.626589 0.369385 0.621822 0.370361 0.618644 0.369385 0.617585 0.369873 0.617055 0.369873 0.615466
1 0.656982 0.611758 0.658936 0.616525 0.658691 0.618114 0.657959 0.618644 0.655518 0.624470 0.656982 0.628708 0.654785 0.631886 0.656250 0.632415 0.657227 0.629767 0.657959 0.625000 0.658691 0.623941 0.658691 0.621292 0.659668 0.618644 0.659668 0.617055 0.658936 0.616525 0.658936 0.615466 0.659424 0.614936 0.658447 0.614407
1 0.212646 0.615466 0.210449 0.614936 0.211670 0.611758 0.211426 0.610699 0.210938 0.610699 0.209473 0.613347 0.208984 0.616525 0.212646 0.616525
1 0.243896 0.610169 0.243164 0.610169 0.243164 0.612818 0.242432 0.614407 0.240723 0.615466 0.240479 0.614407 0.241699 0.613347 0.240723 0.613347 0.240234 0.615996 0.240723 0.616525 0.240723 0.618114 0.241211 0.618114 0.241699 0.616525 0.241699 0.619703 0.242676 0.621292 0.243164 0.618114 0.242920 0.617055 0.244141 0.611758
1 0.329102 0.609640 0.328613 0.611758 0.329834 0.612288 0.328613 0.613877 0.329102 0.613877 0.329590 0.615996 0.329346 0.620233 0.327881 0.627648 0.327148 0.629237 0.327148 0.631356 0.328369 0.631356 0.330078 0.633475 0.330811 0.635064 0.331055 0.637712 0.331787 0.637712 0.332764 0.635593 0.332275 0.626059 0.331787 0.625000 0.331299 0.620233 0.331543 0.618644 0.332764 0.618644 0.333984 0.620233 0.335938 0.625000 0.336914 0.631356 0.336670 0.636123 0.337158 0.635064 0.337646 0.635593 0.337646 0.636653 0.338867 0.635593 0.340088 0.632945 0.339355 0.630826 0.338623 0.630297 0.339355 0.629767 0.339355 0.626059 0.337402 0.624470 0.337158 0.625530 0.335938 0.623941 0.334473 0.619174 0.331787 0.615996 0.331543 0.614407 0.333496 0.612818 0.333252 0.611229 0.332031 0.610699 0.330566 0.611758 0.330566 0.610699
1 0.213135 0.610169 0.213623 0.612288 0.214355 0.611758 0.214844 0.612818 0.214844 0.615466 0.213867 0.616525 0.216064 0.617055 0.217041 0.615996 0.214844 0.614407 0.215576 0.613877 0.216064 0.612288 0.215088 0.612288 0.215088 0.609640
1 0.437012 0.607521 0.436768 0.609640 0.438965 0.613347 0.438965 0.614936 0.439453 0.615996 0.440430 0.615466 0.440186 0.613347 0.438477 0.611229
1 0.309326 0.608581 0.309326 0.609640 0.311523 0.612288 0.312500 0.610169 0.312500 0.608581 0.310303 0.607521
1 0.666016 0.609110 0.666992 0.612818 0.669434 0.612288 0.668457 0.610699 0.668457 0.606462 0.668213 0.606992 0.667236 0.605932
1 0.631592 0.606462 0.632324 0.605932 0.632812 0.609110 0.633545 0.609110 0.634521 0.610699 0.635498 0.613877 0.635742 0.617585 0.637207 0.617585 0.637939 0.615466 0.638428 0.615466 0.638672 0.617055 0.639893 0.619174 0.640869 0.619174 0.640625 0.617055 0.640137 0.616525 0.639648 0.617585 0.639160 0.614936 0.639404 0.613347 0.639648 0.614407 0.639648 0.610169 0.640137 0.609640 0.640137 0.606992 0.639893 0.608051 0.639404 0.606992 0.636475 0.604873 0.635254 0.605932 0.633789 0.605403 0.632812 0.606462
1 0.413086 0.603814 0.411621 0.605403 0.411865 0.609110 0.413086 0.606462
1 0.388428 0.606462 0.386963 0.603814 0.387207 0.604343 0.385742 0.605932 0.385254 0.608051 0.385742 0.609110 0.386963 0.609110 0.387939 0.605403
1 0.245850 0.602754 0.245361 0.602225 0.244385 0.605403 0.243652 0.605403 0.243652 0.606462 0.244385 0.606462 0.244629 0.607521 0.245850 0.607521 0.245361 0.606992
1 0.577637 0.600636 0.578125 0.601165 0.576660 0.605403 0.576660 0.609110 0.577393 0.608581 0.577881 0.610169 0.578369 0.610169 0.578613 0.608581 0.577881 0.609110 0.577393 0.608051 0.577393 0.605403 0.579102 0.601165
1 0.401855 0.597987 0.401123 0.599047 0.401367 0.601165 0.401855 0.601695 0.401611 0.602754 0.402344 0.604873 0.403320 0.602754 0.403320 0.601695
1 0.334229 0.598517 0.333984 0.600636 0.334473 0.600636 0.335449 0.603284 0.336182 0.603284 0.336182 0.602225 0.336914 0.602754 0.333740 0.609640 0.333984 0.611758 0.335205 0.613347 0.337891 0.613347 0.339600 0.618644 0.340332 0.619174 0.340820 0.618114 0.340820 0.616525 0.340332 0.615996 0.340088 0.613347 0.339600 0.613347 0.339355 0.611758 0.339600 0.609640 0.340332 0.608051 0.339844 0.605932 0.339844 0.602754 0.340088 0.602225 0.340332 0.603284 0.340576 0.601695 0.339600 0.602754 0.339111 0.600636 0.337158 0.601695 0.337158 0.599576 0.336182 0.601165 0.335693 0.600106 0.335693 0.598517
1 0.642334 0.596398 0.641602 0.597987 0.641602 0.600636 0.643555 0.602225 0.644043 0.601695 0.644531 0.599576 0.643555 0.599047
1 0.242920 0.595869 0.242920 0.597458 0.243652 0.596928 0.245361 0.597987 0.245117 0.594809
1 0.187500 0.595339 0.187500 0.598517 0.188232 0.596928 0.189941 0.596928 0.190430 0.597987 0.189941 0.598517 0.190918 0.601165 0.190674 0.601695 0.191406 0.602225 0.190186 0.605403 0.189941 0.604873 0.189697 0.606462 0.189453 0.605932 0.189453 0.606992 0.190674 0.606992 0.190918 0.608051 0.191406 0.604343 0.190918 0.599576 0.188721 0.594809
1 0.568115 0.620763 0.566895 0.625000 0.565918 0.624470 0.566406 0.626589 0.561035 0.643008 0.558594 0.641949 0.560059 0.637712 0.557617 0.642479 0.555664 0.640360 0.560547 0.623941 0.560059 0.605403 0.562744 0.594280 0.560059 0.602754 0.559082 0.599047 0.560059 0.606992 0.559814 0.624470 0.558105 0.628178 0.556396 0.624470 0.557129 0.630826 0.554199 0.639301 0.554443 0.628708 0.552979 0.629767 0.554443 0.632415 0.553467 0.638771 0.545898 0.636653 0.546875 0.638771 0.545410 0.639831 0.543701 0.636123 0.545166 0.636123 0.537598 0.629767 0.537109 0.627119 0.535156 0.627119 0.535156 0.621822 0.534424 0.622881 0.535645 0.629767 0.533691 0.628708 0.533447 0.630826 0.532715 0.627119 0.531494 0.627119 0.530518 0.630297 0.526367 0.629237 0.524414 0.632945 0.531006 0.630826 0.532471 0.635064 0.532959 0.631886 0.534668 0.637182 0.533203 0.637712 0.533691 0.640360 0.531982 0.640360 0.532715 0.637182 0.531250 0.636653 0.530762 0.643538 0.532471 0.643538 0.531738 0.640360 0.533691 0.640360 0.534180 0.645657 0.538818 0.646716 0.533203 0.647246 0.548584 0.646186 0.553711 0.649364 0.554443 0.647775 0.556641 0.650953 0.557129 0.649364 0.558350 0.652013 0.558105 0.649364 0.554443 0.647246 0.557373 0.647246 0.559814 0.643538 0.560547 0.646186 0.558350 0.646716 0.560303 0.647246 0.559082 0.648835 0.560791 0.651483 0.560791 0.646716 0.562256 0.645127 0.561279 0.644068 0.564941 0.643008 0.564209 0.641419 0.565674 0.636123 0.565186 0.634004 0.568359 0.626059
1 0.461914 0.594280 0.461914 0.596928 0.463379 0.596398 0.464355 0.599047 0.464600 0.598517 0.463623 0.594280 0.463135 0.595869 0.462646 0.594280
1 0.634521 0.592161 0.634033 0.593750 0.633301 0.593220 0.633057 0.594280 0.632324 0.594280 0.630859 0.597987 0.630615 0.601165 0.629639 0.602225 0.629150 0.603814 0.628906 0.603284 0.628662 0.604343 0.628174 0.604343 0.628662 0.604873 0.628418 0.605403 0.628906 0.606992 0.627930 0.607521 0.628418 0.609640 0.630127 0.606462 0.630615 0.606992 0.631348 0.605403 0.631348 0.599576 0.633301 0.595339 0.633057 0.594280 0.635254 0.594280
1 0.535400 0.591631 0.534180 0.596928 0.534668 0.597987 0.535400 0.597458 0.535645 0.598517 0.536133 0.597458 0.536377 0.598517 0.535889 0.595339 0.536133 0.593220 0.535889 0.591631
1 0.378906 0.591102 0.378906 0.592161 0.379883 0.593220 0.378906 0.594809 0.378906 0.595869 0.380371 0.596928 0.380859 0.594809 0.380127 0.592691 0.380127 0.591102
1 0.368408 0.592691 0.369141 0.595869 0.369629 0.596398 0.367432 0.601695 0.367188 0.599576 0.365967 0.599576 0.365723 0.600636 0.366455 0.601695 0.366211 0.602754 0.366943 0.602225 0.367432 0.603284 0.367920 0.605932 0.368408 0.605403 0.368896 0.606462 0.368652 0.607521 0.369141 0.608051 0.369141 0.609640 0.370850 0.608051 0.371094 0.610169 0.372803 0.612818 0.373779 0.610169 0.372559 0.610169 0.372314 0.609110 0.374512 0.608581 0.374512 0.606992 0.371582 0.606462 0.369873 0.602754 0.369629 0.597987 0.370117 0.597987 0.370361 0.596928 0.371826 0.596928 0.372070 0.595869 0.371582 0.593750 0.372314 0.592161 0.372803 0.594280 0.373779 0.594280 0.373535 0.596928 0.373047 0.597987 0.373535 0.599047 0.374512 0.598517 0.375244 0.594809 0.375732 0.594809 0.375977 0.595869 0.376221 0.595339 0.376953 0.596928 0.377197 0.593750 0.376953 0.593220 0.376709 0.594280 0.375488 0.594280 0.374756 0.593220 0.372803 0.593220 0.372803 0.592161 0.371582 0.592161 0.371338 0.591102 0.371094 0.593750 0.370605 0.594809 0.370117 0.594280 0.370605 0.593220 0.370361 0.592691
1 0.454590 0.590042 0.454102 0.601165 0.454834 0.601165 0.455566 0.603284 0.456787 0.603284 0.457031 0.600636 0.457764 0.600106 0.457764 0.598517 0.458252 0.597987 0.458252 0.594280 0.459229 0.593220 0.456543 0.594280 0.455566 0.596398 0.455322 0.591102 0.455811 0.590042
1 0.542236 0.589513 0.544678 0.605932 0.545898 0.603284 0.545410 0.603284 0.544922 0.600106 0.544678 0.600636 0.544189 0.599576 0.544922 0.598517 0.547119 0.603284 0.548340 0.608581 0.551514 0.613877 0.553955 0.617055 0.553955 0.613877 0.556396 0.614936 0.555420 0.613347 0.554199 0.612818 0.553223 0.614936 0.549072 0.609110 0.546631 0.602225 0.546875 0.600636 0.546387 0.601695 0.546387 0.600636 0.546143 0.601165 0.544922 0.597987 0.544189 0.597458 0.544678 0.596928 0.544434 0.595869 0.544189 0.596928 0.543701 0.595339 0.543701 0.594280 0.544189 0.594280 0.543701 0.593220 0.543457 0.590042
1 0.669189 0.586864 0.668213 0.588983 0.666992 0.589513 0.666504 0.588453 0.665771 0.590042 0.665527 0.589513 0.666016 0.594809 0.666992 0.592691 0.668945 0.592161 0.668457 0.591102 0.668945 0.590572
1 0.341309 0.598517 0.342285 0.600636 0.344971 0.602225 0.345215 0.604873 0.345703 0.604873 0.346436 0.606992 0.347656 0.605932 0.350098 0.610699 0.351562 0.610169 0.354736 0.615996 0.356201 0.615996 0.356445 0.617585 0.357910 0.619174 0.358643 0.618114 0.359131 0.621292 0.358643 0.621822 0.358887 0.624470 0.359375 0.624470 0.359863 0.622352 0.363037 0.622352 0.363037 0.620763 0.361816 0.619703 0.361816 0.618114 0.361572 0.618644 0.361084 0.617055 0.359619 0.618114 0.358887 0.616525 0.360596 0.614936 0.358887 0.614407 0.357422 0.612288 0.356934 0.612288 0.356934 0.613877 0.356445 0.614407 0.355713 0.612818 0.356201 0.610699 0.354248 0.607521 0.354248 0.605403 0.355713 0.601695 0.354736 0.601695 0.354248 0.600636 0.354248 0.596398 0.353760 0.595869 0.353760 0.594280 0.355225 0.591631 0.356445 0.595339 0.356445 0.597458 0.356689 0.596398 0.356934 0.596928 0.356934 0.593750 0.359619 0.589513 0.357178 0.587924 0.357666 0.586864 0.357178 0.587924 0.354004 0.586864 0.353760 0.590572 0.352295 0.594809 0.352051 0.593220 0.350342 0.592691 0.349609 0.595339 0.350098 0.598517 0.349609 0.601695 0.347168 0.599576 0.345947 0.601695 0.344482 0.601165 0.344482 0.599576 0.343994 0.599047 0.344238 0.596928 0.345215 0.599047 0.346436 0.599047 0.345947 0.597987 0.345947 0.595869 0.346924 0.594280 0.346191 0.590572 0.345215 0.593220 0.344971 0.597458 0.343994 0.595339 0.344238 0.593750 0.343750 0.593750 0.343506 0.597458
1 0.510986 0.585275 0.510254 0.587394 0.510254 0.590042 0.510498 0.589513 0.510986 0.590572 0.510986 0.592691 0.510498 0.593220 0.510986 0.594809 0.510010 0.595339 0.510742 0.595869 0.510010 0.601165 0.510986 0.597458 0.511475 0.599576 0.511719 0.597987 0.512207 0.597987 0.512207 0.596928 0.511230 0.594809 0.511475 0.594280 0.514648 0.597987 0.512451 0.595339 0.511475 0.593220
1 0.495850 0.584746 0.494141 0.585275 0.493164 0.621822 0.495117 0.626589 0.492432 0.629237 0.491211 0.618644 0.491699 0.634004 0.490234 0.625530 0.487549 0.640890 0.484863 0.643008 0.487793 0.639301 0.488281 0.643008 0.483887 0.648835 0.481689 0.647775 0.482666 0.645127 0.478760 0.658898 0.475586 0.656780 0.469971 0.662606 0.471680 0.665784 0.464844 0.676377 0.460938 0.670021 0.456299 0.636123 0.458496 0.603814 0.455078 0.606992 0.451660 0.601695 0.453613 0.611758 0.450439 0.606992 0.453369 0.613347 0.453369 0.645127 0.451416 0.648835 0.453857 0.648835 0.457520 0.683792 0.455566 0.694386 0.452637 0.694386 0.447266 0.710805 0.443359 0.709216 0.446045 0.712394 0.445068 0.716102 0.448730 0.709216 0.456543 0.712394 0.458252 0.707097 0.456787 0.703390 0.450928 0.707627 0.453125 0.699682 0.455811 0.700742 0.455566 0.694386 0.457031 0.701801 0.461670 0.698093 0.456787 0.694386 0.461182 0.689619 0.459961 0.685911 0.463135 0.685911 0.463379 0.690148 0.465820 0.687500 0.463379 0.696504 0.470947 0.689619 0.476318 0.674788 0.475098 0.669492 0.475830 0.675318 0.471924 0.676377 0.472412 0.681144 0.465820 0.690148 0.467773 0.681674 0.470459 0.681144 0.468506 0.677966 0.471436 0.675318 0.466309 0.675318 0.471436 0.667373 0.472656 0.674788 0.476074 0.667373 0.477539 0.675318 0.480469 0.671610 0.479980 0.662606 0.482422 0.669492 0.490723 0.650953 0.501465 0.649894 0.496826 0.649364 0.499756 0.639831 0.497070 0.640890 0.494873 0.635064 0.497559 0.618114 0.496094 0.604873 0.494873 0.617585
1 0.432373 0.584216 0.432373 0.586864 0.433350 0.586864 0.434082 0.587924 0.433838 0.588453 0.435547 0.587924 0.437256 0.589513 0.434082 0.592691 0.434570 0.595869 0.434082 0.596928 0.434326 0.599047 0.435303 0.599576 0.437012 0.603284 0.437744 0.603284 0.438232 0.600106 0.439697 0.601165 0.439941 0.602754 0.442139 0.602225 0.444580 0.603284 0.445557 0.604873 0.446045 0.604343 0.445557 0.601695 0.445068 0.602225 0.444580 0.600636 0.443359 0.600106 0.443359 0.592691 0.442383 0.590572 0.441650 0.591102 0.440918 0.587924 0.437988 0.587924 0.437744 0.585275 0.437012 0.584216 0.435303 0.585275 0.434082 0.583686 0.433594 0.583686 0.433105 0.585275
1 0.367188 0.590042 0.368164 0.588453 0.368896 0.589513 0.368652 0.590042 0.369141 0.589513 0.369629 0.590572 0.369629 0.588983 0.371338 0.589513 0.371582 0.586864 0.372803 0.584746 0.372803 0.586335 0.373291 0.586335 0.373779 0.584746 0.372314 0.585275 0.370850 0.583686 0.369141 0.584216 0.369141 0.586335 0.370361 0.587394 0.370361 0.585275 0.370850 0.584746 0.371338 0.587924 0.370850 0.588983 0.368652 0.588453 0.368408 0.586864 0.367920 0.587924 0.367188 0.587924
1 0.360840 0.587394 0.363037 0.588453 0.363281 0.589513 0.364258 0.589513 0.364502 0.588983 0.364014 0.587924 0.364990 0.587924 0.364990 0.586335 0.365479 0.585805 0.365234 0.585275 0.364746 0.587394 0.363281 0.587924 0.363037 0.586335 0.363770 0.584216 0.364258 0.585805 0.364746 0.584216 0.366455 0.584216 0.366943 0.585805 0.367920 0.584216 0.364258 0.583686 0.363525 0.584746 0.362549 0.583686 0.362305 0.584216 0.363281 0.585275 0.361328 0.585805
1 0.603516 0.583157 0.603027 0.587394 0.604492 0.590572 0.605225 0.590572
1 0.626953 0.579979 0.624268 0.579449 0.623047 0.584216 0.620850 0.588983 0.622559 0.587394 0.624268 0.581568 0.626465 0.581568
1 0.349121 0.580508 0.349121 0.582097 0.350830 0.584216 0.351562 0.586335 0.351318 0.585805 0.351807 0.584216 0.352051 0.585275 0.353760 0.585275 0.352295 0.584216 0.352783 0.582627 0.352051 0.582627 0.351562 0.583686 0.351318 0.581038 0.350342 0.579449 0.349609 0.579449
1 0.415039 0.579979 0.414795 0.582097 0.416016 0.584746 0.416260 0.588453 0.415039 0.592161 0.416016 0.592691 0.416504 0.590572 0.418213 0.590042 0.419189 0.593220 0.417969 0.594280 0.419922 0.594280 0.420654 0.595869 0.419922 0.599047 0.421387 0.600106 0.421875 0.603284 0.420654 0.609640 0.420898 0.607521 0.420166 0.608581 0.419678 0.604873 0.418457 0.602754 0.416504 0.607521 0.417969 0.606462 0.418701 0.610699 0.420654 0.614936 0.421387 0.610699 0.423584 0.612288 0.424316 0.608581 0.424805 0.612818 0.426025 0.612818 0.427246 0.609640 0.429199 0.609640 0.429932 0.611758 0.429688 0.618114 0.428223 0.619174 0.429199 0.620233 0.429688 0.618114 0.430176 0.619174 0.429688 0.626589 0.430176 0.622352 0.431641 0.623941 0.432617 0.622352 0.432861 0.615996 0.434326 0.609640 0.432373 0.611229 0.432129 0.607521 0.431885 0.611758 0.431641 0.606462 0.431396 0.610169 0.430908 0.608051 0.430420 0.610169 0.428467 0.608581 0.428467 0.593220 0.427490 0.592691 0.428223 0.588453 0.429688 0.588983 0.430176 0.592161 0.429688 0.596928 0.430908 0.595869 0.431641 0.598517 0.429688 0.599576 0.429688 0.601165 0.430664 0.601695 0.430664 0.604343 0.431396 0.605403 0.433105 0.597987 0.432129 0.596928 0.431641 0.593750 0.433105 0.591631 0.430908 0.589513 0.430908 0.584746 0.431885 0.583686 0.431396 0.579449 0.430664 0.578390 0.429932 0.580508 0.425781 0.580508 0.426758 0.581568 0.426758 0.584216 0.424072 0.587924 0.422363 0.588453 0.420654 0.586335 0.420898 0.584746 0.419922 0.585275 0.419678 0.587394 0.416992 0.587394 0.416260 0.585275 0.416260 0.580508
1 0.520996 0.576801 0.519531 0.581568 0.519531 0.583686 0.518555 0.584746 0.517822 0.588453 0.520264 0.589513 0.522461 0.588453 0.522461 0.587394 0.521729 0.586864 0.521240 0.588983 0.520264 0.588983 0.519531 0.587924 0.519531 0.585805 0.520508 0.585275 0.521484 0.583157 0.520996 0.581038
1 0.232910 0.574682 0.232666 0.576801 0.232910 0.576271 0.233398 0.577331 0.234131 0.577331 0.234863 0.578919 0.235596 0.579449 0.237061 0.578390 0.236328 0.576271 0.234863 0.576271 0.234619 0.574682 0.233643 0.576271
1 0.460693 0.575212 0.459473 0.571504 0.458496 0.571504 0.456543 0.574153 0.455078 0.574153 0.455811 0.575212 0.455566 0.575742 0.454102 0.575742 0.452637 0.577860 0.452637 0.583686 0.454346 0.582097 0.454102 0.580508 0.455322 0.576801 0.456055 0.576271 0.456787 0.577860 0.457764 0.578390 0.458252 0.577331 0.458984 0.577860 0.460449 0.576801 0.460205 0.576271
1 0.634277 0.571504 0.633301 0.570975 0.632080 0.572564 0.630859 0.572034 0.630859 0.573623 0.631348 0.574682 0.631104 0.575212 0.631836 0.575212 0.632080 0.573623 0.632568 0.574153 0.634033 0.570975
1 0.410400 0.570975 0.409912 0.572564 0.410156 0.574682 0.409668 0.575742 0.408691 0.574682 0.407471 0.575742 0.408447 0.577860 0.409912 0.577860 0.410156 0.575212 0.410400 0.577331 0.411133 0.577860 0.411133 0.574153
1 0.568604 0.569386 0.568848 0.569915 0.568359 0.570445 0.568359 0.571504 0.569824 0.574682 0.571289 0.579979 0.572021 0.591102 0.573730 0.592691 0.574707 0.594280 0.574463 0.594809 0.574707 0.594280 0.576172 0.596928 0.578125 0.594809 0.579346 0.595339 0.578857 0.592161 0.579102 0.589513 0.578613 0.583686 0.577148 0.582097 0.576904 0.578919 0.576172 0.577331 0.576172 0.575212 0.575684 0.574682 0.575684 0.573623 0.574463 0.574682 0.573730 0.573623 0.572510 0.573623
1 0.286133 0.568856 0.285645 0.569915 0.285156 0.575212 0.286621 0.576271 0.285889 0.577331 0.286621 0.579449 0.287354 0.579979 0.287109 0.581038 0.287598 0.581038 0.287598 0.582627 0.288086 0.582627 0.288330 0.580508 0.288818 0.582097 0.288818 0.580508 0.289795 0.578919 0.289795 0.577331 0.290283 0.576801 0.289307 0.575212 0.288574 0.576271 0.287354 0.575212 0.287842 0.574682 0.287842 0.572564
1 0.403320 0.568326 0.403320 0.569386 0.404541 0.570445 0.404053 0.573093 0.404297 0.572564 0.404541 0.574153 0.404541 0.571504 0.405029 0.569386 0.406006 0.568856 0.406250 0.571504 0.406738 0.572564 0.407959 0.572034 0.407715 0.568856 0.406006 0.568326 0.405518 0.566737 0.404785 0.567797 0.404297 0.565678
1 0.380859 0.563559 0.380371 0.564619 0.381104 0.566737 0.380859 0.570975 0.382080 0.570445 0.382568 0.571504 0.381836 0.573093 0.382080 0.575742 0.381348 0.576271 0.380371 0.575212 0.379639 0.576801 0.379150 0.580508 0.378662 0.578919 0.377686 0.578390 0.377197 0.581568 0.376221 0.582627 0.376953 0.584216 0.377441 0.583157 0.378174 0.584746 0.378906 0.583686 0.378662 0.583157 0.379150 0.581038 0.380615 0.581038 0.380859 0.582627 0.379883 0.584216 0.379883 0.586335 0.380371 0.587394 0.381836 0.587394 0.382568 0.588453 0.383301 0.586335 0.384033 0.587394 0.384033 0.585805 0.384766 0.585275 0.385986 0.588453 0.386230 0.585275 0.385742 0.585275 0.385498 0.584216 0.386230 0.582627 0.385742 0.582627 0.385742 0.583686 0.385010 0.584746 0.384521 0.583686 0.385010 0.579979 0.384033 0.579449 0.384277 0.575742 0.382324 0.572564 0.383301 0.570445 0.383301 0.568326 0.382812 0.566737 0.382080 0.567267 0.381348 0.563559
1 0.232178 0.563030 0.231934 0.570445 0.231445 0.570975 0.231201 0.573093 0.232910 0.573623 0.233154 0.571504 0.234863 0.571504 0.235840 0.570445 0.236572 0.570975 0.235840 0.569915 0.235596 0.570975 0.235352 0.570445 0.235352 0.568856 0.233887 0.566208 0.232910 0.561970
1 0.441406 0.561441 0.440674 0.563559 0.441162 0.565148 0.440430 0.565678 0.440430 0.567267 0.441895 0.568326 0.442383 0.567267 0.442383 0.564619 0.443115 0.563030
1 0.457520 0.563559 0.457520 0.566208 0.458984 0.565148 0.460938 0.569386 0.461182 0.568326 0.462158 0.568326 0.461914 0.567267 0.462891 0.564619 0.464111 0.566208 0.463135 0.568326 0.464844 0.567797 0.464355 0.564619 0.466064 0.561970 0.465332 0.561441 0.465576 0.560381 0.469727 0.559322 0.469727 0.562500 0.468018 0.561441 0.468262 0.564089 0.467773 0.565148 0.466553 0.563559 0.465576 0.567797 0.466553 0.568326 0.465820 0.570445 0.465820 0.574682 0.466797 0.575742 0.464844 0.577331 0.464844 0.579979 0.463867 0.580508 0.464355 0.584216 0.463379 0.584746 0.463867 0.586864 0.461914 0.588983 0.462891 0.593220 0.463379 0.591102 0.464600 0.590572 0.463623 0.587924 0.464111 0.585805 0.466309 0.582627 0.467529 0.584746 0.468018 0.584216 0.468262 0.578919 0.469238 0.577331 0.468262 0.577331 0.468262 0.575742 0.474854 0.575742 0.475586 0.573623 0.476562 0.574153 0.476074 0.575742 0.478760 0.575212 0.479492 0.573623 0.486084 0.572564 0.483398 0.572034 0.482910 0.570975 0.480713 0.572034 0.477295 0.570445 0.475586 0.572034 0.475098 0.569915 0.473389 0.570975 0.473145 0.569915 0.473633 0.569386 0.472168 0.567267 0.471436 0.559852 0.469482 0.558792 0.469482 0.556674 0.469971 0.556144 0.468018 0.557203 0.467041 0.559322 0.465576 0.556674 0.464844 0.559852 0.462402 0.559852 0.462646 0.560911 0.464355 0.560381 0.464844 0.561441 0.463623 0.564619 0.459961 0.566208 0.458984 0.563030
1 0.296387 0.556144 0.295166 0.561441 0.296631 0.560381 0.297852 0.565148 0.299072 0.566737 0.299805 0.566737 0.299561 0.564619 0.298584 0.561970 0.297363 0.560381 0.297607 0.559852 0.296143 0.556674
1 0.453613 0.551907 0.454590 0.553496 0.454346 0.554025 0.454590 0.553496 0.455078 0.554555 0.454834 0.555085 0.455322 0.555614 0.455322 0.557203 0.456299 0.556674 0.457031 0.558263 0.456787 0.559322 0.455811 0.559322 0.455566 0.561441 0.457764 0.558792 0.459473 0.558792 0.460205 0.559852 0.461914 0.560381 0.461670 0.558792 0.462891 0.557733 0.462402 0.556674 0.461182 0.556144 0.459473 0.558263 0.458740 0.556674 0.457764 0.558792 0.455811 0.555614 0.455566 0.552966 0.454102 0.551377
1 0.412598 0.555614 0.412842 0.556674 0.413818 0.556674 0.415283 0.553496 0.415283 0.555085 0.416016 0.555085 0.416016 0.554025 0.413818 0.551377 0.414062 0.552966 0.413574 0.554025 0.412842 0.554025
1 0.512695 0.550847 0.512939 0.552436 0.512207 0.553496 0.512939 0.554025 0.512695 0.556144 0.513428 0.556674 0.512939 0.558263 0.513184 0.558792 0.514160 0.556674 0.516357 0.556674 0.515381 0.555614 0.515381 0.551377 0.514648 0.551907 0.515137 0.553496 0.514160 0.555085 0.513428 0.553496 0.513428 0.551377
1 0.435303 0.549258 0.435791 0.550847 0.437988 0.551377 0.440430 0.555085 0.439941 0.552966 0.439453 0.553496 0.437744 0.549258
1 0.579102 0.549258 0.578613 0.550847 0.577637 0.548729 0.576904 0.548729 0.576904 0.554555 0.576416 0.557203 0.575439 0.559852 0.574219 0.559852 0.573975 0.558792 0.574463 0.564619 0.575439 0.563030 0.575928 0.564619 0.575439 0.566208 0.576172 0.566208 0.575684 0.568856 0.576660 0.568326 0.577881 0.565678 0.577881 0.563559 0.576904 0.561441 0.577881 0.559852 0.577637 0.558792 0.578613 0.556674 0.578613 0.552966 0.579346 0.551907 0.579834 0.549788
1 0.310059 0.546081 0.310303 0.551377 0.309814 0.552436 0.309326 0.552436 0.308350 0.549788 0.306885 0.550318 0.307861 0.551377 0.310303 0.556674 0.310303 0.554025 0.311035 0.550318
1 0.469971 0.545551 0.470459 0.546610 0.472412 0.547140 0.472900 0.548199 0.473877 0.547669 0.473877 0.546610 0.473145 0.546081 0.472412 0.546610 0.470947 0.545021
1 0.354492 0.542373 0.354248 0.542903 0.354980 0.545021 0.354736 0.546610 0.356201 0.548199 0.356689 0.549788 0.356934 0.546610 0.355225 0.544492 0.355225 0.542373
1 0.405518 0.541843 0.404297 0.544492 0.402832 0.545021 0.404053 0.544492 0.404785 0.545551 0.403076 0.550847 0.402100 0.550318 0.402344 0.544492 0.401367 0.547140 0.400879 0.550318 0.398926 0.552966 0.401367 0.550318 0.402100 0.550318 0.402344 0.551377 0.404053 0.550847 0.404053 0.552436 0.404541 0.552966 0.404541 0.551377 0.405029 0.550318 0.406494 0.549258 0.406494 0.548199 0.405273 0.549258 0.404785 0.548729 0.404785 0.547669 0.405762 0.545551
1 0.381592 0.547669 0.381348 0.546081 0.379395 0.543962 0.379639 0.542373 0.379150 0.541314 0.379150 0.545021 0.378174 0.543962 0.378174 0.541843 0.375000 0.543432 0.376465 0.545021 0.378662 0.545551 0.379883 0.548199
1 0.463135 0.539725 0.462891 0.543432 0.463867 0.547140 0.465088 0.545021 0.463623 0.542903 0.464111 0.541314 0.464355 0.541843
1 0.582275 0.538136 0.579834 0.539725 0.580811 0.542903 0.580811 0.545021 0.581543 0.542903 0.581299 0.541314 0.582520 0.539195
1 0.558594 0.552966 0.560303 0.552966 0.560547 0.547669 0.561035 0.546081 0.561768 0.546610 0.562988 0.545551 0.563232 0.544492 0.564209 0.545551 0.563721 0.550318 0.563232 0.550847 0.563232 0.552966 0.566162 0.546081 0.567383 0.545021 0.568848 0.545551 0.570068 0.542903 0.570557 0.542903 0.569336 0.543962 0.567383 0.542373 0.564941 0.542903 0.562988 0.539725 0.561768 0.540784 0.561035 0.538665 0.560059 0.538136 0.560303 0.540784 0.561035 0.542903 0.559814 0.545551 0.559326 0.545551 0.559082 0.547669 0.558594 0.547669 0.558350 0.548729 0.558594 0.548199 0.559326 0.550318 0.558594 0.551377
1 0.264648 0.538136 0.263428 0.542373 0.265381 0.542903 0.265869 0.538665
1 0.294922 0.589513 0.296875 0.594809 0.296387 0.597987 0.300293 0.588453 0.300781 0.592161 0.306152 0.592161 0.307129 0.594280 0.306396 0.596928 0.305420 0.595869 0.306152 0.594809 0.304932 0.596928 0.302734 0.594809 0.304443 0.598517 0.302490 0.601165 0.304443 0.598517 0.305664 0.600106 0.306641 0.596928 0.310791 0.597458 0.308594 0.593750 0.307373 0.595339 0.305420 0.588983 0.306885 0.587394 0.308350 0.591631 0.311279 0.588453 0.312988 0.591102 0.312988 0.587924 0.311279 0.585805 0.309814 0.587394 0.312256 0.581038 0.312988 0.584746 0.317139 0.578390 0.319824 0.580508 0.319092 0.577860 0.314209 0.576271 0.320068 0.575742 0.322021 0.572564 0.325439 0.574153 0.326660 0.580508 0.327881 0.577860 0.331787 0.581568 0.334473 0.589513 0.337891 0.591102 0.337891 0.596928 0.342041 0.595869 0.340088 0.588983 0.338135 0.588453 0.337646 0.581568 0.336182 0.582627 0.335693 0.579449 0.333252 0.581038 0.333740 0.572034 0.332031 0.570975 0.331543 0.573093 0.328613 0.567267 0.329102 0.563030 0.326660 0.558263 0.326416 0.550318 0.326172 0.555614 0.324707 0.556674 0.322998 0.553496 0.322998 0.549258 0.322266 0.550847 0.318604 0.543962 0.318115 0.538136 0.317383 0.542373 0.316406 0.537076 0.314941 0.541843 0.316162 0.540784 0.318848 0.546610 0.318604 0.550318 0.317139 0.545551 0.315674 0.547140 0.315430 0.543432 0.312256 0.545021 0.310303 0.542373 0.314941 0.548729 0.314941 0.553496 0.315430 0.548729 0.319824 0.555085 0.317871 0.562500 0.307617 0.569386 0.307617 0.566208 0.305420 0.566737 0.302979 0.563030 0.303711 0.555085 0.302246 0.557733 0.303223 0.557733 0.302246 0.564619 0.303711 0.564619 0.303711 0.570445 0.300781 0.574153 0.300781 0.567797 0.299805 0.569915 0.300781 0.575742 0.299316 0.576271 0.298096 0.581568 0.296875 0.580508 0.297363 0.587394
1 0.487549 0.533898 0.486572 0.536017 0.487061 0.535487 0.487305 0.536547 0.487793 0.535487 0.487793 0.537076 0.488770 0.540254 0.487061 0.540254 0.485840 0.538665 0.486328 0.540784 0.485840 0.541843 0.487305 0.541314 0.487305 0.542903 0.487793 0.543962 0.487793 0.542903 0.488525 0.541843 0.489258 0.543432 0.487793 0.545551 0.486328 0.544492 0.485596 0.542903 0.484619 0.542903 0.482910 0.545551 0.483398 0.547140 0.484619 0.547669 0.486816 0.545021 0.487061 0.545551 0.486084 0.547140 0.486816 0.547669 0.487549 0.550318 0.485840 0.550847 0.485596 0.551907 0.487549 0.552436 0.487793 0.555085 0.489990 0.554025 0.491699 0.558263 0.493164 0.557733 0.492920 0.555614 0.491455 0.554555 0.490234 0.552436 0.490234 0.551377 0.490967 0.550318 0.492432 0.550318 0.493164 0.547140 0.491699 0.546610 0.489990 0.543962 0.491211 0.543432 0.491211 0.542373 0.490234 0.541843 0.490479 0.539725 0.488525 0.533898
1 0.218506 0.532309 0.218262 0.536017 0.218750 0.537606 0.218750 0.541314 0.219482 0.541843 0.219727 0.543962 0.220703 0.545551 0.220215 0.544492 0.220459 0.543432 0.221680 0.543962 0.221680 0.546081 0.222656 0.543962 0.221680 0.542903 0.221436 0.540784 0.219238 0.536017 0.219971 0.533898 0.220459 0.533898 0.220459 0.532839
1 0.354004 0.534958 0.354980 0.534958 0.356201 0.532839 0.356201 0.531780 0.354248 0.531780
1 0.527588 0.531780 0.527344 0.534958 0.527832 0.536017 0.528564 0.534958 0.529541 0.536547 0.529297 0.534428 0.529785 0.531780 0.529297 0.532839 0.528809 0.532309 0.529053 0.531250 0.527832 0.532839
1 0.235107 0.531250 0.232910 0.530720 0.231445 0.531780 0.230225 0.533898 0.229248 0.533369 0.228027 0.535487 0.226562 0.534958 0.226318 0.538665 0.227539 0.540784 0.228516 0.545021 0.228271 0.544492 0.229004 0.543432 0.229492 0.543962 0.229004 0.545021 0.230469 0.545021 0.230713 0.543962 0.228760 0.541314 0.228760 0.540254 0.228271 0.539725 0.228516 0.538665 0.230713 0.536547 0.233887 0.536547 0.233887 0.534428 0.234863 0.532839
1 0.393799 0.529661 0.389160 0.580508 0.395020 0.581038 0.391357 0.597458 0.383301 0.595339 0.397949 0.623941 0.394287 0.631356 0.398438 0.642479 0.389648 0.665784 0.392822 0.660487 0.403809 0.690678 0.399170 0.708686 0.394287 0.707627 0.404785 0.719280 0.416016 0.873411 0.409424 0.993114 0.422119 0.999470 0.420410 0.925847 0.424316 0.926377 0.425049 0.898305 0.423340 0.984110 0.428467 0.999470 0.430908 0.924258 0.428467 0.879767 0.426025 0.906780 0.422119 0.886123 0.421875 0.802966 0.424805 0.824682 0.427002 0.815148 0.422607 0.732521 0.427002 0.711335 0.419434 0.727754 0.412109 0.707627 0.417480 0.730932 0.413574 0.730932 0.413330 0.750530 0.407471 0.731462 0.410400 0.725636 0.400146 0.682733 0.398193 0.646186 0.400879 0.635064 0.400879 0.643538 0.406738 0.640890 0.403320 0.655191 0.411621 0.691208 0.416260 0.671610 0.402344 0.605932 0.398193 0.626589 0.398438 0.584746 0.396240 0.592161 0.397949 0.542373
1 0.444092 0.527542 0.442871 0.527542 0.441406 0.530191 0.441406 0.531250 0.442139 0.530720 0.442383 0.532309 0.443359 0.532839 0.442383 0.533898 0.442627 0.537076 0.441895 0.538665 0.441162 0.538136 0.439697 0.534958 0.439697 0.533369 0.438965 0.533369 0.438721 0.534958 0.439453 0.536017 0.438965 0.537606 0.439697 0.541314 0.443115 0.542373 0.443359 0.538136 0.444580 0.534958 0.445557 0.533898 0.445068 0.531780 0.444092 0.530191
1 0.321289 0.523835 0.321533 0.527013 0.320801 0.527542 0.322021 0.527013 0.323730 0.529661 0.323486 0.530720 0.324219 0.533369 0.324951 0.530720 0.324463 0.529661 0.324707 0.529131 0.324219 0.527013 0.323242 0.525953 0.322266 0.523305
1 0.389648 0.522775 0.388672 0.523305 0.388672 0.525953 0.388184 0.525953 0.388184 0.532839 0.389160 0.533898 0.388916 0.537076 0.388184 0.538136 0.387939 0.540254 0.388672 0.542373 0.388916 0.541843 0.388916 0.536017 0.389404 0.535487 0.389648 0.537606 0.390137 0.538136 0.390137 0.543962 0.389160 0.545551 0.390137 0.544492 0.391357 0.545551 0.391357 0.542373 0.392334 0.541843 0.392334 0.540254 0.390381 0.540254 0.391357 0.536547 0.390381 0.534958 0.389893 0.536017 0.389404 0.535487 0.389404 0.533898 0.389893 0.533369 0.388916 0.530191 0.388916 0.528602 0.388428 0.528072 0.388428 0.526483 0.389893 0.523305
1 0.283203 0.519597 0.282471 0.517479 0.281250 0.516949 0.278809 0.520127 0.282959 0.520657
1 0.502686 0.514831 0.501709 0.515890 0.501953 0.518538 0.501221 0.520127 0.500244 0.520127 0.500000 0.521186 0.498535 0.521186 0.499023 0.524364 0.498291 0.525953 0.497070 0.525424 0.496338 0.531250 0.496582 0.533369 0.495361 0.534428 0.495361 0.536547 0.496094 0.537606 0.496094 0.538665 0.495117 0.539195 0.495117 0.541314 0.496582 0.542903 0.497803 0.537606 0.498291 0.539195 0.498047 0.539725 0.498535 0.539195 0.498291 0.537606 0.498047 0.538136 0.497559 0.536547 0.498291 0.534428 0.498291 0.530720 0.498779 0.530191 0.498779 0.529131 0.499268 0.529131 0.499512 0.532309 0.499023 0.532839 0.500000 0.533369 0.499756 0.532839 0.500244 0.531250 0.499756 0.527542 0.500732 0.526483 0.501221 0.522246 0.501709 0.521186 0.501709 0.519068 0.502930 0.516949
1 0.359375 0.516419 0.358643 0.515360 0.358398 0.515890 0.357910 0.514301 0.355957 0.516419 0.356445 0.518008 0.357666 0.518008 0.358154 0.516419 0.358643 0.516419 0.358887 0.517479
1 0.447754 0.512182 0.447021 0.512712 0.445801 0.518008 0.446289 0.517479 0.446777 0.519068 0.447266 0.519068 0.447998 0.515890 0.447998 0.514301 0.447510 0.513242
1 0.348389 0.512182 0.347900 0.512182 0.347412 0.514301 0.345215 0.515890 0.346924 0.519068 0.347656 0.515360 0.348877 0.513242
1 0.293945 0.510593 0.292725 0.510064 0.292969 0.511653 0.291992 0.511653 0.289551 0.517479 0.290039 0.518008 0.290283 0.516949 0.291992 0.516949 0.292969 0.515890 0.292725 0.512712
1 0.332764 0.509534 0.332031 0.510064 0.332031 0.513242 0.332764 0.514831 0.332520 0.519068 0.333496 0.520657 0.333496 0.519597 0.335205 0.515890 0.335205 0.514831
1 0.573242 0.509004 0.571045 0.511653 0.570312 0.511653 0.570068 0.512712 0.572021 0.513771 0.572510 0.512712 0.572754 0.513242 0.571777 0.520657 0.573730 0.517479 0.573975 0.516419 0.573486 0.515360 0.573975 0.514301 0.575439 0.514301 0.575439 0.512182 0.574219 0.510064 0.573486 0.510593
1 0.245117 0.511123 0.245117 0.514831 0.245605 0.515360 0.246094 0.514301 0.247559 0.514831 0.249512 0.512712 0.250244 0.512712 0.252197 0.515890 0.254639 0.515890 0.254395 0.514301 0.252930 0.513771 0.252686 0.512182 0.251465 0.510593 0.251953 0.509534 0.251465 0.509534 0.251465 0.511123 0.250977 0.512182 0.250000 0.512182 0.249268 0.513242 0.247559 0.511653 0.247314 0.512712 0.246094 0.511653 0.245850 0.510593 0.246338 0.510064 0.246338 0.509004 0.245605 0.509534
1 0.473389 0.508475 0.475098 0.515360 0.474609 0.519597 0.473389 0.521716 0.471924 0.518008 0.471924 0.516949 0.469727 0.512712 0.469727 0.513771 0.470215 0.515360 0.470215 0.517479 0.472412 0.523305 0.472412 0.527542 0.473145 0.529131 0.472900 0.529661 0.473389 0.529131 0.475586 0.533369 0.476074 0.536547 0.476562 0.536547 0.477539 0.532309 0.477539 0.529661 0.476562 0.528602 0.475830 0.529131 0.475098 0.527013 0.475586 0.524894 0.476074 0.524894 0.476318 0.522246 0.475830 0.521186 0.475830 0.517479 0.477051 0.514831 0.477051 0.513771 0.475830 0.510593 0.474365 0.508475
1 0.208740 0.510064 0.208008 0.508475 0.205566 0.508475 0.204834 0.510593 0.200928 0.511123 0.200684 0.518538 0.199707 0.521716 0.199707 0.524894 0.199219 0.525953 0.199463 0.527542 0.198975 0.528602 0.197266 0.527013 0.195312 0.528072 0.192871 0.530720 0.192627 0.531780 0.189941 0.531780 0.190918 0.532839 0.191406 0.531780 0.194092 0.532839 0.195557 0.530191 0.197021 0.530191 0.197998 0.531250 0.197754 0.533898 0.199219 0.536547 0.198242 0.539195 0.198730 0.540784 0.199707 0.541314 0.200195 0.540254 0.201904 0.540254 0.202393 0.539195 0.205078 0.539195 0.207031 0.540784 0.208252 0.542903 0.208252 0.541843 0.207520 0.541843 0.206543 0.539195 0.205566 0.538136 0.205322 0.538665 0.204102 0.536017 0.204590 0.531250 0.203125 0.530720 0.202393 0.532309 0.201660 0.531250 0.199219 0.530720 0.198975 0.529661 0.202393 0.524894 0.203125 0.525953 0.204346 0.525424 0.205566 0.528072 0.208740 0.524894 0.209229 0.522775 0.208496 0.522775 0.209229 0.521716 0.209229 0.519597 0.205811 0.525424 0.204834 0.525424 0.203857 0.521716 0.203857 0.517479 0.204590 0.513771 0.206299 0.511653 0.206787 0.512182 0.207275 0.511123 0.208252 0.511123
1 0.394531 0.507415 0.394531 0.510064 0.395020 0.511123 0.396240 0.511123 0.396240 0.509534 0.396729 0.508475
1 0.316895 0.507415 0.314453 0.507415 0.314209 0.508475 0.312744 0.509004 0.314209 0.509004 0.316650 0.510593
1 0.223877 0.507415 0.222656 0.506356 0.221680 0.506886 0.220459 0.509004 0.217285 0.511123 0.217529 0.512182 0.218262 0.512182 0.218750 0.513242 0.218750 0.514831 0.219482 0.515360 0.218994 0.516419 0.218994 0.518008 0.220215 0.520657 0.220215 0.519068 0.220947 0.516949 0.220703 0.514831 0.221924 0.513771 0.221680 0.512712 0.223877 0.509004
1 0.430664 0.505297 0.430664 0.507945 0.429688 0.508475 0.429688 0.510064 0.430664 0.511653 0.430664 0.513242 0.429688 0.514831 0.429688 0.516419 0.430664 0.516949 0.430664 0.520657 0.431152 0.521186 0.431641 0.524894 0.433594 0.527542 0.433594 0.530191 0.433838 0.524894 0.434570 0.523835 0.434326 0.521716 0.435303 0.520657 0.435547 0.521186 0.436523 0.519068 0.437988 0.519597 0.438232 0.524364 0.438965 0.526483 0.439453 0.525953 0.439209 0.522775 0.439697 0.519597 0.438477 0.520657 0.437988 0.519068 0.438232 0.516949 0.438965 0.515890 0.439453 0.513771 0.438232 0.512182 0.437500 0.509534 0.437012 0.509534 0.436035 0.511653 0.436035 0.513242 0.435059 0.515890 0.435791 0.518538 0.435059 0.519068 0.434570 0.521186 0.433594 0.522246 0.433594 0.524364 0.433105 0.525424 0.431885 0.524894 0.433105 0.520657 0.433350 0.517479 0.433105 0.518008 0.432861 0.516949 0.431885 0.516419 0.432373 0.514831 0.431396 0.513242 0.431396 0.511653 0.431885 0.510593 0.430908 0.509004 0.431396 0.506886
1 0.308105 0.504237 0.307861 0.505297 0.307129 0.505297 0.307129 0.506886 0.306641 0.507945 0.307373 0.507945 0.307617 0.509004 0.305664 0.512712 0.305664 0.514301 0.308594 0.520657 0.309326 0.520657 0.310059 0.522246 0.310059 0.528072 0.311035 0.530191 0.310059 0.530191 0.310303 0.530720 0.308838 0.533898 0.309570 0.533369 0.311035 0.534428 0.312988 0.534428 0.312988 0.532309 0.311768 0.531780 0.312256 0.531250 0.312256 0.529131 0.312744 0.528072 0.313232 0.530191 0.313232 0.528072 0.312744 0.527013 0.313232 0.525953 0.312500 0.522775 0.313477 0.520657 0.313477 0.519068 0.312988 0.518008 0.313232 0.517479 0.310791 0.513771 0.310303 0.513771 0.310303 0.515360 0.311523 0.519597 0.311035 0.520127 0.310791 0.519068 0.310059 0.519068 0.309326 0.517479 0.309326 0.514831 0.308594 0.513242 0.308350 0.510593 0.308838 0.509534 0.309326 0.510064 0.309326 0.507415 0.309814 0.506356 0.308838 0.507945
1 0.261963 0.504237 0.258789 0.509004 0.257568 0.512712 0.257324 0.512182 0.257324 0.513771 0.258301 0.514831 0.256836 0.514831 0.257324 0.515890 0.256836 0.517479 0.259033 0.516419 0.258057 0.514301 0.259521 0.513242 0.259766 0.509004 0.260498 0.507415 0.260742 0.507945 0.261963 0.505297
1 0.344727 0.507415 0.343750 0.505826 0.343994 0.505297 0.343506 0.503708 0.341797 0.504237 0.342773 0.505826 0.340332 0.508475 0.340088 0.510064 0.337402 0.510064 0.337402 0.511123 0.336182 0.513771 0.335938 0.515890 0.338135 0.514301 0.339355 0.514301 0.340820 0.510593 0.342773 0.510593 0.343750 0.513242 0.344482 0.512182 0.344971 0.510064
1 0.457520 0.503178 0.456299 0.502648 0.455811 0.506886 0.453125 0.507945 0.454102 0.512182 0.454590 0.512712 0.454346 0.515890 0.453857 0.516949 0.454102 0.519068 0.454834 0.520127 0.455322 0.520127 0.455811 0.518008 0.455566 0.511123 0.456787 0.508475 0.458740 0.509534 0.458984 0.506356
1 0.392822 0.502119 0.392090 0.503178 0.392090 0.504767 0.393066 0.506356 0.393066 0.507945 0.392578 0.508475 0.392578 0.511123 0.391602 0.512712 0.392090 0.514301 0.392822 0.514301 0.392822 0.512712 0.393799 0.511123 0.393555 0.507415 0.394043 0.506886 0.393066 0.505297 0.393311 0.503708 0.392822 0.503178
1 0.321533 0.500000 0.320801 0.500530 0.320068 0.502648 0.321533 0.506886 0.320557 0.507415 0.319824 0.509004 0.319824 0.510064 0.322998 0.509004 0.322510 0.507415 0.322998 0.505297 0.321777 0.501589 0.321045 0.501059
1 0.414551 0.505297 0.415283 0.505297 0.416992 0.502648 0.417969 0.502119 0.416992 0.500000 0.415283 0.499470 0.415771 0.502648
1 0.245605 0.503178 0.244629 0.502119 0.244629 0.498941 0.243164 0.498411 0.242920 0.499470 0.242188 0.498941 0.241699 0.497352 0.240479 0.497352 0.240234 0.496292 0.240234 0.497352 0.241211 0.498941 0.240479 0.500000 0.237549 0.500000 0.235352 0.501589 0.233398 0.501059 0.232422 0.505297 0.231201 0.506886 0.230713 0.506886 0.230469 0.505297 0.229492 0.506886 0.228516 0.505826 0.228760 0.506356 0.227539 0.507945 0.227539 0.509534 0.228271 0.509534 0.229248 0.507415 0.230225 0.506886 0.231934 0.507945 0.234863 0.502119 0.236572 0.502119 0.237061 0.503178 0.236572 0.503708 0.236572 0.505826 0.235352 0.507945 0.236084 0.506886 0.239746 0.505826 0.237305 0.506356 0.236816 0.505297 0.236816 0.503708 0.238281 0.501589 0.241455 0.501059 0.244141 0.505826 0.245117 0.505826
1 0.488525 0.496292 0.488037 0.497881 0.490723 0.502648 0.490967 0.500530 0.489258 0.498941 0.489258 0.495763
1 0.522949 0.494703 0.522705 0.496822 0.522949 0.498941 0.523438 0.499470 0.523438 0.501059 0.524902 0.500530 0.523682 0.500000 0.523193 0.498941 0.524658 0.495763 0.523926 0.494703
1 0.480469 0.497881 0.480469 0.496822 0.479492 0.494703 0.478516 0.495763 0.475830 0.495763 0.476562 0.498411 0.477539 0.496822 0.479004 0.501059 0.478516 0.498941 0.478760 0.497352 0.479980 0.496822
1 0.546875 0.493644 0.546875 0.496822 0.547852 0.498941 0.547852 0.501059 0.547363 0.502119 0.547607 0.502648 0.548340 0.501059 0.548340 0.497352
1 0.231689 0.494703 0.233398 0.493114 0.235352 0.497352 0.235107 0.494174 0.235840 0.493114 0.236328 0.494174 0.237061 0.494174 0.237793 0.496292 0.239746 0.496292 0.239258 0.495763 0.239746 0.495233 0.238770 0.494174 0.238770 0.493114 0.237793 0.492585 0.237305 0.494174 0.235840 0.493114 0.234375 0.493644 0.233398 0.492585 0.231934 0.493644
1 0.535156 0.491525 0.533447 0.493114 0.532227 0.495763 0.532227 0.497352 0.534180 0.495233 0.534424 0.494174 0.534668 0.494703 0.534180 0.493644
1 0.314453 0.490996 0.312988 0.491525 0.312988 0.494703 0.312012 0.496292 0.307861 0.494174 0.307129 0.495763 0.307861 0.497881 0.307861 0.499470 0.308838 0.501059 0.308594 0.502648 0.309814 0.503708 0.310059 0.502648 0.311279 0.502119 0.312012 0.503178 0.311279 0.503708 0.312012 0.503708 0.312500 0.502119 0.313477 0.501589 0.313477 0.495233
1 0.323486 0.490466 0.323242 0.494703 0.322266 0.497881 0.324707 0.498411 0.325439 0.499470 0.325439 0.496822 0.323975 0.493114 0.323975 0.490996
1 0.368896 0.489936 0.369385 0.492585 0.371338 0.493644 0.371826 0.492585 0.370850 0.491525 0.370850 0.489407
1 0.185303 0.488877 0.183594 0.488877 0.182373 0.487288 0.181396 0.487288 0.181641 0.487818 0.180420 0.490466 0.180176 0.489936 0.181152 0.497881 0.181152 0.504767 0.180664 0.505297 0.180664 0.507415 0.179443 0.509004 0.180908 0.508475 0.183105 0.504237 0.182373 0.503708 0.182373 0.502648 0.183105 0.501589 0.182617 0.500530 0.183105 0.499470 0.183594 0.501059 0.186035 0.500530 0.186768 0.497881 0.185547 0.496822 0.185547 0.498411 0.184814 0.500000 0.184326 0.500000 0.183594 0.498941 0.184082 0.497881 0.183594 0.498941 0.182373 0.496292 0.183105 0.494703 0.183594 0.495233 0.183594 0.496292 0.184326 0.495233 0.184570 0.497352 0.185059 0.496292 0.184814 0.494703 0.183105 0.494703 0.182861 0.494174 0.183594 0.493114 0.182373 0.490466
1 0.504150 0.486758 0.504150 0.487818 0.507324 0.493644 0.507812 0.493644 0.508545 0.492055 0.507324 0.487818 0.507080 0.488877 0.506348 0.485699 0.505127 0.485699
1 0.360107 0.485699 0.357422 0.487288 0.356934 0.488877 0.357178 0.491525 0.356689 0.492055 0.357422 0.493114 0.358154 0.488877
1 0.366211 0.485169 0.366211 0.486758 0.366943 0.486758 0.367676 0.488347 0.368652 0.487818 0.368652 0.486229 0.367676 0.484640 0.366699 0.484110
1 0.227051 0.482521 0.226318 0.481992 0.225342 0.483581 0.226318 0.485169 0.226074 0.486758 0.225586 0.487288 0.225342 0.486229 0.224609 0.487288 0.224609 0.488877 0.223389 0.493114 0.221680 0.492055 0.223389 0.494703 0.224365 0.495233 0.224854 0.492055 0.226562 0.488877 0.226074 0.488347 0.226074 0.486229 0.227539 0.484640
1 0.494385 0.481462 0.494629 0.482521 0.494141 0.485699 0.496582 0.484640 0.495605 0.480932
1 0.579590 0.490996 0.580566 0.490996 0.581299 0.488877 0.581543 0.489407 0.583984 0.485699 0.584229 0.484110 0.585449 0.483051 0.584229 0.480403 0.582031 0.483581 0.580078 0.480932 0.579834 0.481992 0.578857 0.480403 0.579346 0.483581 0.580078 0.484640 0.580322 0.483051 0.581787 0.486758 0.581299 0.488347 0.580322 0.488347 0.579590 0.489936 0.579346 0.489407
1 0.215332 0.487818 0.217529 0.488347 0.218018 0.487288 0.218262 0.487818 0.220947 0.485169 0.221436 0.483581 0.221191 0.482521 0.219727 0.481462 0.217773 0.481992 0.217285 0.479873 0.217285 0.481462 0.216309 0.483051 0.216797 0.485699
1 0.184326 0.479873 0.182861 0.479873 0.183350 0.480403 0.182373 0.480403 0.181396 0.483051 0.184326 0.482521
1 0.354004 0.479873 0.355713 0.484640 0.356445 0.484640 0.356934 0.483581 0.356689 0.481462 0.357178 0.480932 0.356201 0.478284
1 0.322021 0.478284 0.321777 0.483051 0.322266 0.484110 0.323242 0.483581 0.323242 0.484640 0.324463 0.485699 0.323242 0.483581 0.323242 0.480932 0.322754 0.480403 0.322510 0.478284
1 0.584961 0.479873 0.585449 0.480932 0.587646 0.480932 0.588379 0.481992 0.588867 0.481992 0.589111 0.480932 0.589600 0.481992 0.590088 0.481462 0.590820 0.477754 0.587158 0.477754 0.585449 0.479343 0.584961 0.478814
1 0.449707 0.476695 0.449951 0.480932 0.451904 0.484110 0.452393 0.482521 0.452148 0.479343 0.451172 0.477225
1 0.327148 0.476695 0.326660 0.476695 0.325928 0.478284 0.325928 0.479873 0.325439 0.480932 0.324707 0.480932 0.323975 0.483051 0.325928 0.482521 0.326416 0.483581 0.326660 0.483051 0.326172 0.481992 0.327393 0.480403
1 0.534668 0.477225 0.534424 0.477754 0.533691 0.476165 0.532471 0.476165 0.531982 0.478284 0.529785 0.476695 0.529297 0.477225 0.529297 0.479343 0.531006 0.480932 0.531494 0.482521 0.532227 0.482521 0.534424 0.478814
1 0.523926 0.475106 0.523926 0.477225 0.522949 0.479343 0.523193 0.478814 0.523682 0.480403 0.524902 0.480403 0.526611 0.485699 0.526855 0.490466 0.527100 0.483051 0.527344 0.484110 0.527832 0.484110 0.528320 0.482521 0.529053 0.482521 0.529297 0.481462 0.530029 0.485699 0.531006 0.487288 0.531494 0.484110 0.529053 0.480932 0.528320 0.480932 0.527832 0.483051 0.527100 0.481462 0.526611 0.481992 0.525146 0.478284 0.525391 0.477754 0.524414 0.476165 0.524414 0.475106
1 0.466553 0.475106 0.463867 0.474576 0.462646 0.477754 0.462646 0.478814 0.461426 0.477754 0.459473 0.480932 0.458008 0.479873 0.458008 0.482521 0.458496 0.484110 0.458008 0.489936 0.457031 0.491525 0.455078 0.489936 0.453613 0.492055 0.453613 0.494174 0.454590 0.495763 0.456055 0.495233 0.457275 0.496822 0.457520 0.496292 0.458740 0.497352 0.459229 0.498941 0.459961 0.498941 0.462402 0.496292 0.462402 0.495233 0.463867 0.492585 0.465820 0.491525 0.466797 0.492585 0.466309 0.493114 0.467041 0.493644 0.465576 0.495233 0.464844 0.497352 0.466309 0.500000 0.467773 0.498411 0.467773 0.497352 0.468506 0.496292 0.468506 0.494703 0.468018 0.494174 0.468750 0.491525 0.468018 0.490996 0.466797 0.487818 0.466797 0.485169 0.466064 0.483051 0.466309 0.481462 0.465576 0.480932 0.465088 0.483051 0.463623 0.485169 0.462158 0.483581 0.462891 0.478814 0.463379 0.479343 0.465088 0.477225 0.466309 0.477754 0.466797 0.476695
1 0.339600 0.474576 0.339355 0.476695 0.340820 0.480932 0.340820 0.485169 0.341797 0.486758 0.343506 0.478284 0.342773 0.478814
1 0.521484 0.474576 0.521240 0.474047 0.520264 0.476165 0.519531 0.475106 0.519775 0.473517 0.518799 0.474576 0.518311 0.476695 0.517090 0.477754 0.515625 0.477754 0.514893 0.478814 0.514404 0.478284 0.514648 0.477754 0.513672 0.475106 0.513428 0.478814 0.514893 0.483051 0.514404 0.487288 0.514893 0.486229 0.515137 0.486758 0.515869 0.484110 0.516357 0.484640 0.516357 0.482521 0.516846 0.481992 0.516602 0.481462 0.518311 0.478284 0.520996 0.478284
1 0.468994 0.471928 0.468994 0.473517 0.469727 0.474576 0.469727 0.478284 0.470459 0.479873 0.470703 0.483051 0.469971 0.487818 0.470215 0.490466 0.471191 0.491525 0.472168 0.490996 0.472656 0.492055 0.473877 0.489407 0.475342 0.488877 0.476074 0.487288 0.476074 0.485699 0.476807 0.483581 0.477783 0.483581 0.477295 0.481992 0.476318 0.483051 0.476318 0.481462 0.475586 0.481462 0.474854 0.482521 0.474365 0.485169 0.473389 0.485699 0.471436 0.482521 0.470703 0.479343 0.470703 0.474576 0.470215 0.474576 0.469727 0.472458
1 0.542236 0.469280 0.542480 0.470869 0.543701 0.471928 0.544189 0.474047 0.546875 0.473517 0.547119 0.469280 0.546387 0.469280 0.545166 0.470869 0.543945 0.470869 0.543945 0.469809
1 0.539062 0.469280 0.539062 0.471398 0.540039 0.472458 0.539062 0.474047 0.537842 0.478284 0.536377 0.478284 0.535889 0.479343 0.535156 0.479343 0.534912 0.480932 0.535400 0.481992 0.535400 0.489407 0.535889 0.489936 0.535645 0.490996 0.538818 0.490996 0.539551 0.494174 0.537842 0.496292 0.535400 0.497352 0.535156 0.498941 0.535889 0.500530 0.539551 0.500530 0.541016 0.503708 0.541748 0.501589 0.541504 0.498411 0.542725 0.491525 0.544189 0.488347 0.545898 0.488877 0.546143 0.486229 0.542236 0.486229 0.541260 0.484640 0.541504 0.482521 0.542725 0.481992 0.543213 0.479873 0.543213 0.476695 0.542236 0.472987 0.540527 0.472458 0.541016 0.470339 0.540283 0.470869
1 0.472900 0.469280 0.471924 0.471928 0.474854 0.477225 0.474609 0.478814 0.475342 0.480403 0.476074 0.479343 0.475586 0.477754 0.476807 0.477225 0.475586 0.472458 0.475830 0.469280
1 0.347168 0.468220 0.347168 0.469809 0.347900 0.471928 0.347656 0.474047 0.348633 0.475106 0.349121 0.471928 0.347656 0.468220
1 0.398682 0.468220 0.397949 0.466631 0.396484 0.467161 0.396973 0.467691 0.396729 0.468750 0.396240 0.468220 0.394775 0.469809 0.395996 0.470869 0.396240 0.471928 0.397705 0.468750 0.398438 0.469280
1 0.208984 0.466631 0.208496 0.466631 0.207764 0.470339 0.208984 0.471398 0.208496 0.474576 0.208740 0.473517 0.209717 0.473517 0.209717 0.472458 0.210693 0.470869 0.209717 0.469809 0.209961 0.468750
1 0.351074 0.466102 0.350830 0.469280 0.351318 0.471398 0.353516 0.472458 0.353760 0.471928 0.353027 0.468750 0.351807 0.466102
1 0.263916 0.466102 0.263184 0.466631 0.262207 0.473517 0.260498 0.476695 0.262939 0.474576 0.262939 0.472458 0.263672 0.470869 0.263672 0.467691 0.263184 0.467161
1 0.213623 0.465572 0.212402 0.466631 0.212402 0.470869 0.213135 0.471928 0.212402 0.472987 0.211426 0.471398 0.211914 0.473517 0.211426 0.474576 0.211670 0.475106 0.210938 0.475636 0.210938 0.477225 0.211426 0.477754 0.211670 0.475636 0.214355 0.475636 0.214600 0.471928 0.215088 0.470869 0.215576 0.471928 0.215820 0.470869 0.216064 0.471398 0.214844 0.468750 0.214355 0.469280 0.213867 0.468220 0.214111 0.467161 0.213867 0.468220 0.212646 0.467691 0.213135 0.466631 0.213623 0.467161
1 0.587891 0.463453 0.588623 0.465042 0.588623 0.466631 0.587646 0.467161 0.587402 0.468220 0.588135 0.471928 0.588623 0.472987 0.590088 0.472458 0.590332 0.473517 0.590576 0.472458 0.592285 0.474047 0.592285 0.476165 0.592773 0.476165 0.592529 0.473517 0.591553 0.470869 0.591309 0.463983 0.589111 0.465572
1 0.256592 0.462924 0.253906 0.465572 0.252930 0.468220 0.255371 0.467691 0.256348 0.465572
1 0.578613 0.461335 0.580566 0.466102 0.580566 0.469809 0.581055 0.469809 0.581055 0.462394 0.579346 0.462394
1 0.364502 0.461335 0.364502 0.467161 0.365479 0.470339 0.365967 0.463453 0.365479 0.463983 0.364502 0.462394
1 0.499268 0.457097 0.498047 0.457097 0.496826 0.459216 0.498535 0.461864 0.499268 0.460275
1 0.532471 0.456568 0.531006 0.458686 0.529785 0.457627 0.529297 0.459216 0.528320 0.459216 0.528076 0.460275 0.528320 0.461335 0.528809 0.461335 0.529053 0.459746 0.529785 0.459216 0.531250 0.461864 0.531250 0.460805 0.531738 0.460275 0.531250 0.459746 0.531982 0.458686
1 0.577148 0.454449 0.577148 0.456038 0.577881 0.457097 0.577393 0.458686 0.577637 0.460275 0.578125 0.459216 0.579346 0.460275 0.581299 0.460275 0.582031 0.459216 0.582031 0.458157 0.583496 0.457097 0.581299 0.457627 0.579102 0.454449
1 0.253662 0.453919 0.256104 0.453919 0.258789 0.457627 0.260010 0.457627 0.260010 0.456038 0.258301 0.452331 0.254150 0.452331
1 0.590820 0.451271 0.589111 0.454979 0.588379 0.454979 0.590088 0.460805 0.591064 0.461335 0.591309 0.462394 0.592041 0.462394 0.591797 0.461864 0.592285 0.460805 0.590576 0.456568 0.590576 0.454449 0.591309 0.451801
1 0.504150 0.449153 0.503418 0.453919 0.504150 0.456038 0.505371 0.457097 0.505615 0.456038 0.505371 0.454979 0.504883 0.455508 0.504639 0.453919 0.505371 0.453919 0.505127 0.453390 0.506104 0.451801 0.506104 0.450212
1 0.479004 0.448623 0.478271 0.449153 0.478271 0.450742 0.479248 0.452860 0.479980 0.451801 0.479980 0.450212
1 0.500000 0.447034 0.500488 0.451801 0.501221 0.451801 0.501465 0.452860 0.501465 0.449153 0.500488 0.447034
1 0.291504 0.447034 0.291504 0.449153 0.293457 0.449682 0.293457 0.447034 0.292725 0.445975 0.291992 0.445975
1 0.386475 0.449153 0.385986 0.449153 0.384766 0.445975 0.383789 0.445445 0.383545 0.448623 0.382812 0.449682 0.382324 0.452860 0.381836 0.453390 0.382080 0.454979 0.381592 0.457627 0.383301 0.455508 0.385254 0.450212
1 0.194336 0.444915 0.194336 0.447564 0.194824 0.448093 0.195068 0.450212 0.194824 0.451271 0.194336 0.450742 0.194336 0.451801 0.197021 0.451801 0.197266 0.452860 0.197754 0.452860 0.197510 0.452331 0.197998 0.451271 0.197510 0.450212 0.196777 0.451271 0.196289 0.449682 0.196289 0.448623 0.197021 0.447564 0.196045 0.445975 0.194824 0.445975
1 0.354492 0.443326 0.355225 0.445445 0.355713 0.444915 0.357422 0.445975 0.357666 0.444915 0.359131 0.445975 0.359619 0.444915 0.358643 0.441737 0.356934 0.441737 0.356445 0.443326
1 0.481445 0.439619 0.481445 0.441737 0.480713 0.443326 0.480469 0.448093 0.482422 0.450212 0.484131 0.450212 0.484619 0.446504 0.485107 0.448623 0.485107 0.447034 0.485596 0.446504 0.485352 0.443856 0.484863 0.442267 0.483398 0.443856 0.483154 0.441208
1 0.495605 0.438030 0.496582 0.439619 0.495850 0.441737 0.497314 0.444386 0.497559 0.445975 0.498535 0.447564 0.499268 0.447034 0.499023 0.446504 0.499512 0.442267 0.499268 0.443326 0.499023 0.442797 0.499268 0.441208 0.498779 0.439089 0.497314 0.439619 0.496338 0.438559 0.496094 0.439089
1 0.582275 0.438030 0.582764 0.440148 0.582764 0.438030 0.583984 0.438030 0.584229 0.439089 0.589844 0.441737 0.589600 0.440678 0.589355 0.441208 0.587891 0.439619 0.587646 0.438559 0.586182 0.438559 0.585693 0.437500 0.584717 0.438559 0.583740 0.436441 0.583008 0.438030
1 0.487305 0.436441 0.486572 0.439089 0.485596 0.439619 0.485596 0.442797 0.486572 0.444915 0.486816 0.442267 0.488281 0.439089 0.488281 0.438030
1 0.278320 0.432203 0.278076 0.431674 0.276611 0.433263 0.276123 0.435911 0.277832 0.435911
1 0.258545 0.431674 0.255859 0.431144 0.255127 0.432203 0.253906 0.432203 0.252930 0.433792 0.253662 0.434322 0.254150 0.433263 0.254395 0.433792 0.257812 0.432733
1 0.400391 0.430085 0.398438 0.430085 0.398193 0.437500 0.397705 0.440148 0.395508 0.444915 0.395508 0.445975 0.397461 0.444386 0.398682 0.442267 0.398438 0.441208 0.398926 0.440678 0.398926 0.436970 0.399658 0.434852 0.401123 0.433792 0.401123 0.432203
1 0.579590 0.428496 0.577881 0.429025 0.577148 0.430614 0.576660 0.430614 0.576904 0.433792 0.576416 0.434322 0.577148 0.438559 0.579346 0.436441 0.579346 0.430085 0.578857 0.429555
1 0.386475 0.428496 0.385742 0.429555 0.385742 0.432203 0.387207 0.433263 0.387695 0.431674 0.387451 0.430085 0.387939 0.429555
1 0.197510 0.428496 0.197754 0.430614 0.199951 0.432203 0.201660 0.436441 0.202393 0.435911 0.202881 0.439089 0.203613 0.437500 0.203125 0.435911 0.203613 0.435381 0.203613 0.433792 0.204102 0.433792 0.204346 0.432733 0.203857 0.431144 0.202637 0.430085 0.202393 0.430614 0.201904 0.429025 0.201172 0.428496
1 0.520752 0.426907 0.520508 0.432203 0.520996 0.432203 0.521484 0.430614 0.522705 0.430614 0.523438 0.432203 0.523438 0.433263 0.523926 0.433263 0.525391 0.431144 0.525146 0.430085 0.523438 0.431144 0.522949 0.429555 0.521484 0.428496
1 0.366699 0.427966 0.364014 0.440678 0.359375 0.439619 0.360352 0.440678 0.360352 0.448623 0.361328 0.449153 0.360596 0.450742 0.360596 0.457097 0.363525 0.460275 0.360840 0.451801 0.361572 0.450742 0.362305 0.452860 0.364502 0.452860 0.369629 0.471928 0.371338 0.475106 0.373779 0.474047 0.373291 0.476695 0.372070 0.476165 0.373291 0.479343 0.374268 0.476165 0.375000 0.477754 0.374512 0.481992 0.377197 0.487288 0.377930 0.484640 0.378906 0.485169 0.378418 0.493114 0.380859 0.496822 0.380371 0.499470 0.382812 0.500000 0.382568 0.502119 0.380615 0.502119 0.381348 0.505826 0.382812 0.506356 0.382568 0.511123 0.385986 0.504767 0.385010 0.504237 0.385498 0.502119 0.384766 0.503178 0.384521 0.500530 0.383545 0.500000 0.385254 0.500000 0.385254 0.496292 0.389160 0.496292 0.387207 0.494703 0.388184 0.492055 0.390137 0.492585 0.388184 0.492055 0.386719 0.494703 0.386475 0.490466 0.385498 0.488877 0.385986 0.487288 0.385010 0.488347 0.383545 0.485169 0.384521 0.481462 0.382812 0.483051 0.383789 0.485699 0.382812 0.486229 0.383057 0.488347 0.381104 0.485699 0.381592 0.479343 0.379150 0.473517 0.379395 0.471398 0.377930 0.474576 0.377686 0.470339 0.376221 0.466631 0.376709 0.465572 0.375000 0.462924 0.374512 0.466102 0.373291 0.457627 0.372314 0.457097 0.372803 0.454449 0.370850 0.452860 0.371094 0.449682 0.373779 0.451801 0.373779 0.448623 0.375732 0.448623 0.374756 0.448623 0.375732 0.446504 0.375488 0.444386 0.374268 0.447034 0.373535 0.445975 0.373291 0.449153 0.372070 0.449153 0.373291 0.441208 0.371826 0.441737 0.371094 0.438559 0.370117 0.440678 0.368896 0.431144 0.369385 0.427966 0.368652 0.426907 0.367920 0.430085
1 0.547607 0.425847 0.548828 0.429025 0.549561 0.433792 0.551270 0.434322 0.551514 0.433263 0.552490 0.432733 0.550049 0.430085 0.549561 0.429025 0.549561 0.427436 0.548340 0.425318
1 0.343018 0.426377 0.343018 0.427436 0.343506 0.427966 0.346436 0.427966 0.345703 0.426377 0.345459 0.426907 0.344971 0.425318
1 0.557129 0.424258 0.556152 0.427966 0.554688 0.431144 0.554688 0.432203 0.553955 0.433263 0.554688 0.433792 0.555420 0.432733 0.556396 0.435911 0.556152 0.439619 0.554932 0.442797 0.555664 0.444915 0.555176 0.445445 0.556152 0.446504 0.558350 0.445975 0.562012 0.450212 0.562256 0.448093 0.561768 0.447034 0.562256 0.447034 0.562744 0.444915 0.562256 0.443856 0.560303 0.443856 0.557861 0.439619 0.557861 0.438559 0.558838 0.436970 0.561035 0.436441 0.560547 0.434852 0.559570 0.433792
1 0.305908 0.424788 0.306396 0.425847 0.306152 0.426907 0.306885 0.429025 0.306885 0.431674 0.307373 0.433792 0.305420 0.435911 0.305664 0.437500 0.307617 0.439619 0.308594 0.438030 0.310791 0.437500 0.311035 0.434852 0.309814 0.431144 0.311035 0.426907 0.311768 0.426907 0.310791 0.426377 0.309814 0.424258
1 0.372314 0.424788 0.373535 0.429555 0.374756 0.429025 0.373779 0.424788 0.374023 0.423729 0.373047 0.423729
1 0.564453 0.424258 0.564453 0.427966 0.565430 0.426377 0.565918 0.427436 0.567383 0.426907 0.568359 0.429025 0.568848 0.431674 0.569824 0.431144 0.569824 0.428496 0.573486 0.434322 0.573975 0.434322 0.574463 0.432203 0.574707 0.432733 0.576172 0.431144 0.575439 0.427966 0.572021 0.427966 0.571045 0.425847 0.569824 0.425847 0.569336 0.424788 0.569336 0.422669 0.567627 0.424788 0.565430 0.425318
1 0.339111 0.419492 0.338135 0.421081 0.337891 0.425318 0.338623 0.425847 0.339111 0.425318
1 0.403809 0.421081 0.404297 0.421081 0.405273 0.423199 0.406250 0.422140 0.407471 0.423199 0.407471 0.421081 0.406250 0.417373 0.404785 0.417903 0.404297 0.420551
1 0.489014 0.416843 0.488525 0.417903 0.489014 0.420551 0.488770 0.422669 0.489746 0.423729 0.489746 0.418432
1 0.512207 0.416843 0.509277 0.416843 0.508789 0.422669 0.510010 0.422669 0.510010 0.421610 0.510986 0.419492 0.511475 0.419492 0.512207 0.417903
1 0.582275 0.415784 0.582031 0.425318 0.581055 0.426377 0.581543 0.426377 0.581543 0.427436 0.582520 0.423199 0.583496 0.423729 0.582764 0.425847 0.582520 0.425318 0.583008 0.425847 0.584229 0.422669 0.584229 0.421610 0.584961 0.420551 0.584717 0.418432 0.583008 0.418432 0.582275 0.416843
1 0.244385 0.415254 0.244629 0.418962 0.245605 0.419492 0.246826 0.418432 0.248779 0.419492 0.247559 0.418432 0.247803 0.417903 0.247314 0.415784 0.248291 0.415254 0.245361 0.413136
1 0.283447 0.412606 0.282715 0.413136 0.281982 0.415254 0.282227 0.417903 0.282715 0.418962 0.283447 0.418432 0.282959 0.417373 0.282959 0.415784 0.284180 0.413665
1 0.505371 0.412076 0.504883 0.420551 0.505615 0.421610 0.505371 0.424788 0.503662 0.427436 0.502930 0.430085 0.502930 0.431674 0.502197 0.431674 0.502441 0.427966 0.500977 0.427436 0.500977 0.421610 0.500488 0.421610 0.500488 0.422669 0.499268 0.425318 0.500000 0.427966 0.500977 0.429025 0.500732 0.430614 0.501465 0.433263 0.501465 0.435381 0.501709 0.434852 0.502441 0.435911 0.501465 0.436970 0.501465 0.438030 0.501953 0.436441 0.504883 0.434322 0.505615 0.430614 0.506592 0.433263 0.508789 0.433792 0.509277 0.435911 0.509033 0.436970 0.509521 0.436970 0.509766 0.438030 0.511230 0.434852 0.511230 0.432733 0.511475 0.432203 0.511719 0.433263 0.511230 0.431674 0.510254 0.431144 0.510742 0.429025 0.511719 0.428496 0.511963 0.427436 0.509766 0.425847 0.509033 0.427436 0.507080 0.424788 0.507080 0.423729 0.506592 0.423729 0.506592 0.415254 0.506104 0.413136
1 0.163086 0.412076 0.163086 0.414725 0.163818 0.415254 0.163574 0.416314 0.164062 0.417903 0.166992 0.419492 0.166260 0.422669 0.164062 0.422669 0.163574 0.421610 0.163086 0.422669 0.166260 0.423199 0.167725 0.422669 0.169434 0.420551 0.169678 0.421081 0.167969 0.418432 0.166016 0.417373 0.165283 0.417903 0.164551 0.414725
1 0.347412 0.411547 0.347412 0.412606 0.349609 0.415254 0.350830 0.414725 0.350586 0.413136 0.349854 0.412076 0.348145 0.411017
1 0.472168 0.412076 0.472168 0.414195 0.474365 0.415254 0.475342 0.417903 0.478271 0.416843 0.477539 0.412606 0.475586 0.409428 0.475098 0.409958 0.474854 0.408898 0.474365 0.410487 0.472656 0.410487
1 0.236328 0.412076 0.235107 0.412076 0.233643 0.409428 0.233887 0.408898 0.232422 0.408898 0.232910 0.410487 0.232666 0.411547 0.232178 0.409958 0.230713 0.409958 0.230225 0.411547 0.228271 0.413136 0.229004 0.413665 0.229004 0.415254 0.228027 0.418432 0.229492 0.417373 0.229492 0.418962 0.230469 0.419492 0.230225 0.421081 0.231934 0.421081 0.232422 0.420551 0.232666 0.417903 0.233398 0.416314 0.235596 0.415254
1 0.515869 0.406780 0.513672 0.408369 0.512695 0.411547 0.512695 0.413136 0.513672 0.412606 0.514648 0.409958 0.515869 0.408369
1 0.362305 0.408898 0.363770 0.415784 0.364502 0.415784 0.365723 0.420021 0.366943 0.420021 0.367432 0.418962 0.367676 0.422669 0.368164 0.423199 0.367920 0.417373 0.368652 0.415784 0.368896 0.416843 0.369629 0.416314 0.369873 0.412076 0.371094 0.409958 0.369873 0.409428 0.368896 0.409958 0.368652 0.411017 0.368164 0.410487 0.367920 0.411547 0.367432 0.409958 0.366699 0.409958 0.366455 0.408898 0.365234 0.408898 0.364990 0.409958 0.364990 0.406780 0.364258 0.406780 0.364258 0.411017 0.363525 0.411017 0.363525 0.409958 0.363281 0.410487 0.362793 0.408898
1 0.172363 0.413136 0.172607 0.414725 0.176514 0.418962 0.180908 0.426907 0.187012 0.432733 0.191406 0.441737 0.191650 0.440148 0.191895 0.442797 0.192871 0.444386 0.192871 0.441208 0.192627 0.441737 0.187256 0.431144 0.188232 0.407309 0.187744 0.406780 0.187744 0.415254 0.187012 0.422140 0.187012 0.427436 0.186279 0.430085 0.184814 0.429555 0.181641 0.426377 0.176514 0.417373 0.175781 0.417373 0.175537 0.416314
1 0.344238 0.405191 0.343994 0.407839 0.342773 0.409958 0.342773 0.411547 0.343262 0.412076 0.342773 0.415784 0.343994 0.415784 0.344971 0.416843 0.345703 0.418962 0.346436 0.418962 0.345947 0.417903 0.345947 0.415784 0.344971 0.415784 0.344971 0.414725 0.344482 0.414195 0.344727 0.412606 0.345459 0.412606 0.344971 0.410487 0.344971 0.407839 0.345947 0.407309 0.345947 0.406250
1 0.323730 0.410487 0.324707 0.408898 0.326904 0.407839 0.330566 0.409958 0.330811 0.407839 0.330566 0.406780 0.328613 0.407309 0.328369 0.406250 0.327148 0.405191 0.326904 0.405720 0.326660 0.404661 0.326416 0.406250 0.325928 0.405720
1 0.467285 0.403602 0.466309 0.405191 0.466064 0.404661 0.464355 0.408898 0.463135 0.410487 0.463379 0.412606 0.465576 0.412076 0.465576 0.408898 0.467041 0.408369
1 0.292480 0.404661 0.291016 0.404661 0.290039 0.403602 0.288818 0.405720 0.289062 0.408369 0.290527 0.409958 0.291260 0.409428 0.291748 0.407309 0.292725 0.405720
1 0.320557 0.402542 0.319824 0.405720 0.320557 0.407309 0.321045 0.407309 0.321777 0.403602
1 0.387207 0.402542 0.386719 0.402013 0.385254 0.403072 0.385742 0.404661 0.385010 0.406780 0.386719 0.406250 0.387451 0.404131
1 0.205078 0.402542 0.209229 0.411017 0.209229 0.405720 0.208740 0.405191 0.209229 0.403602 0.208740 0.403072 0.209229 0.402542 0.207520 0.401483 0.205566 0.403072
1 0.558105 0.403072 0.557373 0.405720 0.557861 0.406780 0.557617 0.410487 0.558105 0.411017 0.558350 0.409428 0.560303 0.406250 0.561768 0.407839 0.564209 0.407309 0.566895 0.409958 0.566895 0.411547 0.568359 0.414195 0.568115 0.418432 0.569336 0.421610 0.569824 0.421610 0.570801 0.418432 0.570801 0.416843 0.570312 0.415784 0.570557 0.412606 0.570312 0.412076 0.569580 0.414195 0.568604 0.413665 0.567383 0.406780 0.563721 0.406780 0.560547 0.403602 0.559814 0.400424 0.560059 0.399894 0.559570 0.399894 0.558594 0.403602
1 0.474365 0.400424 0.472900 0.399894 0.471924 0.402542 0.473389 0.403072 0.474365 0.401483
1 0.362061 0.401483 0.362793 0.405191 0.364014 0.405191 0.363525 0.404131 0.364258 0.403072 0.364746 0.405191 0.365479 0.405720 0.364990 0.404131 0.365479 0.403072 0.365479 0.401483 0.364746 0.401483 0.364502 0.403602 0.363770 0.399894
1 0.532715 0.399364 0.531250 0.398835 0.530518 0.400424 0.528809 0.401483 0.528076 0.400953 0.527832 0.402013 0.527588 0.401483 0.527100 0.402542 0.524658 0.403602 0.524414 0.402542 0.523926 0.403602 0.523193 0.403602 0.521973 0.402542 0.521729 0.401483 0.521484 0.402013 0.521973 0.402542 0.521973 0.403602 0.521484 0.403602 0.521484 0.408898 0.520020 0.414725 0.520264 0.417903 0.521240 0.419492 0.521240 0.414725 0.522461 0.411547 0.524414 0.410487 0.524658 0.411017 0.524902 0.409428 0.525879 0.408369 0.527100 0.409428 0.526855 0.406780 0.527344 0.405720 0.527588 0.406250 0.527344 0.405720 0.527832 0.404131 0.528564 0.404661 0.529297 0.407309 0.530762 0.407309 0.530518 0.403602 0.532227 0.402013 0.532715 0.400953
1 0.328125 0.400424 0.329834 0.400953 0.330078 0.402013 0.332764 0.401483 0.333496 0.402542 0.334229 0.402542 0.334961 0.400424 0.335693 0.401483 0.335449 0.399894 0.333740 0.400424 0.333740 0.398305 0.331543 0.397775 0.330566 0.399364 0.330078 0.398305 0.328613 0.398305 0.328613 0.399894
1 0.206787 0.395127 0.205811 0.395657 0.205566 0.394597 0.204346 0.394597 0.204102 0.395657 0.202881 0.395127 0.204346 0.395657 0.204346 0.396716 0.202148 0.396716 0.202881 0.397775 0.203125 0.400953 0.202148 0.404661 0.202148 0.409428 0.202393 0.405191 0.203613 0.402013 0.204102 0.398305 0.205322 0.397246 0.205811 0.398305 0.206299 0.397246 0.206299 0.395657
1 0.248779 0.393538 0.249512 0.397246 0.249023 0.398835 0.249512 0.399894 0.250000 0.399364 0.250977 0.403072 0.253906 0.404131 0.254639 0.402542 0.254639 0.400424 0.252686 0.396186 0.251221 0.395127 0.250000 0.393008
1 0.379150 0.392479 0.377441 0.395127 0.377686 0.396716 0.378906 0.396716 0.378662 0.396186 0.379639 0.394597
1 0.505859 0.390890 0.505371 0.389831 0.504150 0.389301 0.504639 0.389301 0.504639 0.390890 0.505371 0.391949 0.503906 0.394597 0.502197 0.393008 0.501221 0.395127 0.499756 0.395127 0.497803 0.389831 0.496826 0.392479 0.495605 0.393538 0.494873 0.393538 0.492920 0.390890 0.493164 0.392479 0.492676 0.393008 0.492676 0.394597 0.493896 0.395657 0.494141 0.397246 0.493652 0.399894 0.492432 0.400953 0.492188 0.402013 0.493652 0.403602 0.493896 0.406780 0.494873 0.409428 0.494629 0.411547 0.495850 0.411017 0.496826 0.407309 0.498047 0.406250 0.498047 0.405191 0.498779 0.404131 0.500000 0.405191 0.499756 0.407839 0.500244 0.406780 0.502930 0.405191 0.501465 0.402542 0.501465 0.396716 0.501953 0.395657 0.502197 0.397246 0.503418 0.395657 0.504150 0.398835 0.504639 0.398305 0.505371 0.399364 0.506104 0.393538
1 0.314209 0.389831 0.314453 0.390890 0.315430 0.390360 0.318359 0.393538 0.320557 0.393538 0.321045 0.394597 0.322021 0.394597 0.321289 0.393538 0.318848 0.392479 0.317871 0.390890 0.316650 0.390890 0.316406 0.389831 0.316895 0.389301 0.315918 0.387712 0.314941 0.387712
1 0.186768 0.387712 0.187500 0.388242 0.187500 0.390890 0.188477 0.390890 0.189209 0.389831 0.188965 0.388771 0.189453 0.387182 0.187500 0.386123 0.187500 0.387182
1 0.561035 0.380297 0.560547 0.379767 0.560059 0.381356 0.558594 0.381886 0.557373 0.383475 0.557617 0.384534 0.558594 0.383475 0.560547 0.384004 0.561035 0.382415
1 0.527344 0.381886 0.526367 0.385064 0.530029 0.389301 0.531250 0.391949 0.532471 0.397246 0.532959 0.398305 0.533691 0.398305 0.533691 0.394597 0.534180 0.394068 0.534912 0.390360 0.531982 0.389831 0.530762 0.387712 0.531250 0.384534 0.530518 0.383475 0.530518 0.379237 0.529785 0.379767 0.529541 0.382415 0.528564 0.384004
1 0.519043 0.377119 0.519043 0.379767 0.520020 0.382415 0.520996 0.380826 0.520752 0.379237 0.520020 0.377648 0.519775 0.378178 0.519531 0.377119
1 0.190674 0.377119 0.188477 0.377648 0.185791 0.381886 0.184814 0.381356 0.184570 0.382415 0.185059 0.382945 0.185791 0.381886 0.186523 0.383475 0.187012 0.383475 0.188477 0.380826 0.190674 0.379767
1 0.379639 0.376589 0.378906 0.376589 0.377686 0.382945 0.378906 0.383475
1 0.563232 0.382945 0.563721 0.385593 0.564697 0.385593 0.565674 0.382945 0.570068 0.380297 0.567139 0.378708 0.565186 0.376059 0.564209 0.376589
1 0.487061 0.376059 0.487061 0.378708 0.488281 0.378708 0.489746 0.380826 0.489746 0.377648 0.489258 0.376059
1 0.456787 0.376589 0.457520 0.378708 0.459473 0.380826 0.460449 0.384534 0.461182 0.385593 0.461426 0.382415 0.462158 0.384004 0.461182 0.380297 0.460449 0.380297 0.459473 0.378178 0.457520 0.376059
1 0.329590 0.376059 0.327393 0.377648 0.326904 0.378708 0.327148 0.381356 0.326416 0.382945 0.328369 0.380826 0.328613 0.378708
1 0.506348 0.375530 0.505859 0.375530 0.505615 0.376589 0.505371 0.375530 0.505127 0.376589 0.504639 0.376589 0.504395 0.380297 0.502930 0.380297 0.503174 0.384534 0.502441 0.387182 0.502686 0.388242 0.505615 0.386653 0.505371 0.379767
1 0.448730 0.373411 0.449707 0.377119 0.451416 0.378178 0.452148 0.377648 0.451904 0.373941 0.449707 0.374470
1 0.476074 0.374470 0.474854 0.372881 0.474121 0.372881 0.473145 0.374470 0.473145 0.375530 0.471924 0.378708 0.472412 0.379767 0.472412 0.381356 0.473145 0.380826 0.473389 0.378708 0.474365 0.376589 0.475586 0.377119
1 0.179199 0.375530 0.177490 0.371822 0.174805 0.371292 0.171387 0.375000 0.169922 0.378178 0.169922 0.379767 0.170654 0.380826 0.171631 0.380826 0.171875 0.381886 0.173828 0.381886 0.174316 0.380826 0.176514 0.379767 0.176758 0.378708 0.177734 0.378178
1 0.247070 0.372881 0.245850 0.370763 0.243164 0.370763 0.242432 0.371292 0.241943 0.372881 0.240234 0.372881 0.239502 0.375000 0.238770 0.372881 0.238525 0.373411 0.237793 0.371822 0.237061 0.372352 0.236572 0.378708 0.236816 0.384534 0.234375 0.389831 0.233887 0.393538 0.233398 0.394597 0.233398 0.396716 0.236572 0.396716 0.237305 0.397775 0.240479 0.397246 0.240234 0.396716 0.240723 0.396186 0.241211 0.393538 0.240723 0.389301 0.242676 0.386653 0.243164 0.382415 0.242920 0.381356 0.243896 0.380826 0.244629 0.377648
1 0.214355 0.369703 0.214111 0.370763 0.214844 0.373941 0.216553 0.375530 0.217285 0.370763
1 0.581787 0.370233 0.579346 0.370233 0.577881 0.369174 0.577393 0.369703 0.577393 0.378178 0.577881 0.378178 0.580322 0.371822 0.581543 0.371822
1 0.257324 0.368114 0.257812 0.371292 0.257568 0.371822 0.258057 0.373411 0.256836 0.375000 0.256592 0.374470 0.258057 0.377648 0.259033 0.382945 0.261475 0.383475 0.262207 0.378178 0.261719 0.377119 0.260742 0.378178 0.260254 0.377119 0.260498 0.374470 0.258789 0.368644
1 0.464111 0.367585 0.463379 0.368644 0.463135 0.370763 0.462158 0.373411 0.460693 0.373411 0.461182 0.374470 0.460938 0.376059 0.461914 0.376059 0.462646 0.377648 0.462646 0.382415 0.463135 0.384004 0.464600 0.380297 0.464600 0.378708 0.463867 0.377119 0.462646 0.376589 0.462646 0.375000 0.464355 0.368644
1 0.519287 0.364936 0.519775 0.367055 0.521484 0.367585 0.522705 0.364407 0.520752 0.363877 0.519531 0.365466
1 0.322510 0.362818 0.322510 0.363877 0.323975 0.365466 0.324219 0.364936 0.325928 0.369703 0.328613 0.366525 0.330566 0.366525 0.330322 0.363877 0.329590 0.362288 0.326660 0.362818 0.324951 0.360699 0.322998 0.361758
1 0.303223 0.361758 0.303955 0.362818 0.304443 0.364936 0.306152 0.364936 0.306641 0.363877 0.306641 0.362818 0.305908 0.362818 0.305176 0.360699
1 0.202393 0.361758 0.202393 0.369703 0.204102 0.367585 0.206543 0.366525 0.206055 0.364407 0.204834 0.363347 0.204834 0.361229 0.202881 0.360699
1 0.532715 0.361758 0.531738 0.360169 0.530762 0.360169 0.529053 0.363877 0.527832 0.364407 0.526367 0.367055 0.526855 0.367585 0.527344 0.365996 0.529297 0.365466 0.530029 0.363877
1 0.259277 0.360169 0.258789 0.358581 0.257568 0.358581 0.256592 0.359640 0.255371 0.359110 0.254883 0.360169 0.253662 0.360169 0.253418 0.360699 0.253906 0.361229 0.253418 0.363347 0.253662 0.362818 0.253906 0.363877 0.254639 0.363877 0.255127 0.362818 0.256104 0.364936 0.255859 0.365466 0.256104 0.363877 0.255371 0.363347 0.255371 0.362288 0.256836 0.361758 0.257080 0.363347
1 0.316162 0.359110 0.316895 0.361229 0.319336 0.361758 0.319336 0.360169 0.320557 0.359110 0.319092 0.357521 0.317139 0.357521
1 0.225098 0.358581 0.223633 0.357521 0.222168 0.359110 0.222168 0.361229 0.224854 0.361229
1 0.263672 0.356992 0.264404 0.359640 0.263672 0.361229 0.265869 0.361229 0.265381 0.358051
1 0.514648 0.356992 0.514404 0.358051 0.515625 0.360169 0.517090 0.360169 0.516602 0.356462
1 0.249756 0.356462 0.249268 0.357521 0.249756 0.358051 0.249268 0.358581 0.248779 0.361229 0.249512 0.363347 0.250244 0.363347 0.251221 0.360169 0.250732 0.360169 0.249512 0.357521
1 0.582275 0.356462 0.581543 0.354873 0.581299 0.356462 0.580322 0.355932 0.578613 0.357521 0.578857 0.358581 0.581543 0.358581
1 0.559570 0.352225 0.559570 0.356992 0.561035 0.362818 0.561768 0.363877 0.562012 0.361758
1 0.574707 0.350636 0.574463 0.358051 0.573975 0.359640 0.572998 0.360169 0.573975 0.362818 0.573242 0.365466 0.570312 0.367585 0.569824 0.367055 0.569092 0.368114 0.566895 0.367055 0.566650 0.367585 0.565674 0.366525 0.565186 0.368114 0.565186 0.370233 0.565674 0.370763 0.568359 0.368644 0.571289 0.371822 0.572266 0.373941 0.572754 0.378178 0.573730 0.380826 0.573486 0.381356 0.572754 0.380297 0.570801 0.380297 0.570801 0.381356 0.572266 0.380297 0.572754 0.381356 0.572510 0.382415 0.573242 0.382415 0.573730 0.381356 0.574463 0.381886 0.573242 0.378708 0.572998 0.372881 0.573730 0.371822 0.573730 0.369174 0.574951 0.365996 0.574951 0.364407 0.575684 0.363877 0.577881 0.358051 0.576172 0.354873
1 0.560303 0.349576 0.563232 0.358581 0.563232 0.355932 0.561523 0.350106 0.562500 0.349576 0.563232 0.350636 0.564209 0.350636 0.562744 0.349576
1 0.192871 0.350106 0.192383 0.348517 0.191650 0.350636 0.190186 0.351695 0.188721 0.350106 0.188721 0.351695 0.187988 0.353284 0.187988 0.355403 0.189209 0.355403 0.190186 0.353284 0.190186 0.352225 0.191650 0.352225
1 0.260742 0.346928 0.260742 0.349047 0.262207 0.353284 0.263184 0.349047 0.262207 0.347458
1 0.490723 0.345869 0.489502 0.349576 0.488525 0.350636 0.488525 0.352754 0.489746 0.354873 0.489502 0.355932 0.488525 0.355932 0.489746 0.356992 0.490723 0.353814
1 0.202148 0.345869 0.202393 0.347987 0.201904 0.350636 0.202637 0.353814 0.203369 0.353814 0.204346 0.351695 0.203125 0.347987 0.202393 0.347987 0.202637 0.346928
1 0.367676 0.345339 0.367188 0.345869 0.366455 0.344809 0.365234 0.345869 0.365723 0.350106 0.364746 0.351165 0.364746 0.358581 0.365479 0.358051 0.365723 0.352754 0.365967 0.352225 0.366211 0.353284 0.366455 0.351165 0.367676 0.349047 0.368164 0.349576 0.368652 0.348517
1 0.507080 0.342161 0.506348 0.343220 0.507324 0.345339 0.507080 0.348517 0.508545 0.350636 0.509521 0.354873 0.509277 0.351165 0.508789 0.350636 0.509277 0.350106 0.509033 0.347987 0.508545 0.349047 0.507812 0.343220
1 0.499023 0.343220 0.498535 0.342161 0.497559 0.342161 0.496826 0.343750 0.496338 0.343750 0.496094 0.346398 0.497559 0.346398 0.498779 0.344809
1 0.256592 0.341631 0.256836 0.346928 0.258057 0.346398 0.258057 0.344809 0.259277 0.345339 0.259033 0.343750 0.258057 0.342161
1 0.481201 0.340042 0.480225 0.342161 0.478760 0.342161 0.477783 0.343220 0.479980 0.347458 0.479004 0.350106 0.478271 0.350636 0.478516 0.351165 0.480957 0.350636 0.480957 0.347458 0.482422 0.346398 0.482422 0.344280
1 0.566895 0.336864 0.566650 0.337924 0.567627 0.339513 0.567627 0.341102 0.566650 0.342691 0.566895 0.343750 0.567627 0.342691 0.567871 0.343220 0.568604 0.340572 0.568604 0.339513
1 0.523682 0.336335 0.523193 0.342691 0.524414 0.347458 0.523926 0.358581 0.524902 0.360699 0.526367 0.359110 0.527344 0.354873 0.527344 0.353284 0.524414 0.341631
1 0.266602 0.336864 0.268311 0.340042 0.269287 0.344280 0.269531 0.343220 0.271729 0.342161 0.270264 0.340042 0.270264 0.338453 0.268555 0.335805 0.267090 0.335805
1 0.580566 0.335805 0.580322 0.335275 0.579590 0.337394 0.578369 0.338453 0.577148 0.335805 0.575684 0.338453 0.575684 0.340042 0.576904 0.341631 0.578613 0.340572 0.579102 0.338983 0.579590 0.340042 0.580322 0.338453
1 0.475830 0.326801 0.476562 0.331038 0.478271 0.332097 0.478760 0.329979 0.480225 0.328919 0.479980 0.326801 0.478516 0.327331 0.476074 0.325742 0.476318 0.326271
1 0.207031 0.336864 0.208496 0.338983 0.209961 0.344809 0.211182 0.347458 0.213379 0.350106 0.219727 0.349047 0.220703 0.347458 0.224365 0.345869 0.227051 0.342691 0.227539 0.343220 0.227539 0.342161 0.230225 0.343220 0.230957 0.345339 0.230957 0.346928 0.229736 0.350106 0.230957 0.352225 0.231934 0.352225 0.232666 0.353284 0.232178 0.358581 0.231445 0.360699 0.231445 0.365996 0.230957 0.367585 0.231689 0.368114 0.232178 0.367055 0.233643 0.367055 0.234375 0.365996 0.233154 0.362288 0.233154 0.348517 0.232422 0.347458 0.232910 0.346398 0.234131 0.347458 0.231689 0.342161 0.230469 0.343220 0.229492 0.341631 0.228516 0.341631 0.227539 0.338453 0.226562 0.337394 0.224609 0.337394 0.220215 0.332627 0.218262 0.332627 0.215820 0.326801 0.215820 0.325742 0.215576 0.326801 0.211670 0.329979 0.212158 0.334746 0.211426 0.336335 0.208984 0.336864 0.208740 0.337924
1 0.576172 0.323093 0.575195 0.322034 0.573486 0.322564 0.573242 0.327860 0.573730 0.328390
1 0.276367 0.322034 0.275146 0.325742 0.277588 0.331038 0.278076 0.333157 0.279785 0.333686 0.281494 0.325742 0.281494 0.323623 0.280762 0.322564 0.280518 0.323093 0.278564 0.322034
1 0.478760 0.318856 0.478516 0.320975 0.479248 0.320975 0.479980 0.322564 0.480957 0.321504 0.480469 0.318326
1 0.487061 0.318326 0.485840 0.316737 0.484375 0.317797 0.484131 0.322034 0.484375 0.322564 0.485107 0.320445 0.485352 0.320975 0.486084 0.319915 0.487305 0.319915
1 0.384277 0.316737 0.384033 0.318856 0.385986 0.322034 0.385986 0.320445 0.385010 0.316737
1 0.195557 0.329449 0.196533 0.332097 0.198975 0.331038 0.201172 0.331038 0.201660 0.332097 0.202637 0.332097 0.203613 0.335805 0.204102 0.335805 0.204346 0.334746 0.205078 0.334746 0.204590 0.332627 0.206543 0.327860 0.209473 0.328390 0.210205 0.327331 0.210449 0.325212 0.207764 0.325212 0.207031 0.323093 0.207275 0.320445 0.206055 0.319915 0.205811 0.318856 0.204346 0.318856 0.202881 0.320445 0.201904 0.319915 0.200928 0.322034 0.200195 0.321504 0.200684 0.320445 0.200684 0.318326 0.200195 0.317267 0.197021 0.316208 0.196533 0.317267 0.197266 0.320445 0.198730 0.321504 0.198975 0.320445 0.200195 0.322034 0.200195 0.323623 0.199463 0.324682 0.199219 0.324153 0.198975 0.328919 0.195801 0.328390
1 0.367432 0.313559 0.366211 0.316208 0.364502 0.315678 0.364990 0.317797 0.364746 0.319386 0.365234 0.320975 0.365234 0.327331 0.365723 0.333157 0.366211 0.332097 0.366699 0.319386 0.365723 0.317797 0.366943 0.317267 0.367676 0.314619
1 0.242188 0.310381 0.243408 0.312500 0.243164 0.315148 0.242188 0.315678 0.242188 0.320445 0.243408 0.320445 0.244385 0.322564 0.243652 0.324682 0.246338 0.324682 0.247314 0.325742 0.247314 0.322564 0.248779 0.318326 0.248047 0.315678 0.246338 0.315678 0.245117 0.313030 0.245117 0.310381
1 0.230957 0.311441 0.229980 0.309852 0.229492 0.310911 0.228760 0.309852 0.228760 0.310911 0.228271 0.310911 0.227783 0.313030 0.226318 0.314619 0.222656 0.316208 0.222168 0.318326 0.222168 0.323623 0.222656 0.324153 0.222656 0.325212 0.227539 0.326271 0.229248 0.324153 0.230225 0.324153 0.230713 0.321504 0.230469 0.319915 0.232422 0.317267 0.231689 0.317267 0.230469 0.319386 0.229248 0.318856 0.229736 0.318326 0.229980 0.314619
1 0.467529 0.309322 0.466797 0.312500 0.468262 0.313559 0.468994 0.315148 0.468018 0.319386 0.468018 0.322034 0.468750 0.320975 0.471436 0.320975 0.471680 0.319915 0.469971 0.316737 0.469971 0.315678 0.468994 0.315148 0.469482 0.314089 0.468994 0.309322
1 0.346436 0.309322 0.345215 0.306674 0.343750 0.306674 0.342773 0.308263 0.340820 0.307203 0.339111 0.309852 0.339355 0.310381 0.339844 0.309322 0.341064 0.308792 0.342773 0.310911 0.343506 0.313030 0.344727 0.313030
1 0.458740 0.306144 0.457520 0.306674 0.456543 0.308792 0.457031 0.309852 0.456299 0.310381 0.456299 0.313030 0.455322 0.312500 0.456055 0.315678 0.456299 0.319915 0.456787 0.319386 0.456299 0.315678 0.456787 0.314089 0.456543 0.312500 0.457031 0.310381 0.458496 0.308263
1 0.588867 0.304555 0.587891 0.308263 0.586426 0.310381 0.586182 0.312500 0.588135 0.312500 0.589111 0.313559 0.590088 0.317797 0.590332 0.316208 0.589600 0.314619 0.588867 0.310911
1 0.464600 0.302436 0.463623 0.302966 0.461670 0.308263 0.461670 0.310911 0.462402 0.310911 0.464600 0.307733
1 0.359619 0.300847 0.359131 0.302436 0.360107 0.305614 0.360352 0.308792 0.361084 0.309322 0.361328 0.307733 0.360596 0.305085 0.359863 0.304555 0.360596 0.302966 0.360840 0.300847
1 0.257080 0.300318 0.255371 0.299258 0.253906 0.300847 0.253906 0.301907 0.252441 0.304555 0.251221 0.304555 0.250488 0.305614 0.251709 0.308792 0.253418 0.308792 0.253906 0.306674 0.254883 0.306674 0.256836 0.304025
1 0.186035 0.298729 0.184814 0.299788 0.183350 0.304025 0.183594 0.307733 0.185059 0.309322 0.186523 0.308263 0.185547 0.304555 0.185791 0.302436 0.186768 0.300847
1 0.322998 0.300318 0.323242 0.301377 0.324463 0.302436 0.325195 0.302436 0.326416 0.300847 0.326172 0.299258 0.324951 0.297669 0.324219 0.297669
1 0.300781 0.300847 0.300293 0.299258 0.300049 0.299788 0.299316 0.298729 0.298096 0.298729 0.298096 0.297669 0.297363 0.297140 0.296387 0.298729 0.295410 0.298729 0.295166 0.299788 0.294189 0.299788 0.291992 0.302436 0.291992 0.305614 0.292480 0.307733 0.292969 0.303496 0.293457 0.302436 0.296387 0.301377 0.300049 0.305614
1 0.373779 0.295551 0.373535 0.297140 0.374512 0.298729 0.374268 0.305614 0.375000 0.308263 0.374756 0.310381 0.376709 0.311970 0.378906 0.317267 0.379395 0.317267 0.379150 0.316208 0.379639 0.313559 0.378174 0.310381 0.378418 0.306674 0.377686 0.307203 0.376221 0.305614 0.376465 0.301377 0.375244 0.300318 0.374512 0.297140 0.373779 0.297140
1 0.334961 0.295551 0.333008 0.296081 0.331543 0.299258 0.330322 0.299788 0.331299 0.301377 0.331299 0.305085 0.332031 0.304025 0.332520 0.300318
1 0.307373 0.290784 0.308838 0.293962 0.310791 0.294492 0.311523 0.295551 0.311768 0.295021 0.312744 0.296610 0.312988 0.296081 0.312012 0.294492 0.312012 0.293432 0.310547 0.293962 0.310059 0.292373 0.309814 0.293432 0.308105 0.289725
1 0.583496 0.289195 0.583008 0.291314 0.583496 0.292903 0.583984 0.292903 0.585449 0.295551 0.586670 0.295021 0.586426 0.292903 0.584717 0.289195
1 0.210693 0.291843 0.212646 0.289725 0.213379 0.289725 0.216553 0.293962 0.217529 0.292903 0.218750 0.296610 0.222168 0.300318 0.222412 0.299788 0.223145 0.301377 0.224365 0.301907 0.225586 0.299788 0.222656 0.297669 0.220703 0.295021 0.220459 0.295551 0.214844 0.289195 0.214355 0.288136 0.214844 0.287076 0.213135 0.287076 0.212402 0.286017 0.212402 0.288665 0.211670 0.289195
1 0.252686 0.283369 0.252686 0.284428 0.254639 0.286547 0.255859 0.286017 0.255859 0.284428 0.256348 0.283898 0.255127 0.283898 0.254395 0.282839
1 0.290771 0.287606 0.289307 0.286017 0.288574 0.283898 0.286377 0.283898 0.285400 0.282309 0.284424 0.284958 0.284424 0.287076 0.282715 0.288665 0.281982 0.290254 0.278076 0.292373 0.275391 0.292373 0.274902 0.293432 0.274170 0.293432 0.273926 0.295551 0.272949 0.296081 0.272949 0.297140 0.273926 0.298199 0.274658 0.295551 0.278076 0.295551 0.279053 0.296081 0.280273 0.298199 0.281738 0.298199 0.283447 0.302436 0.283203 0.302966 0.284668 0.309322 0.285156 0.309322 0.285400 0.308263 0.285645 0.308792 0.285156 0.306674 0.285889 0.306674 0.285400 0.305614 0.285889 0.299788 0.284668 0.297669 0.284668 0.296610 0.284180 0.297140 0.284424 0.296610 0.284668 0.297669 0.283936 0.298729 0.282959 0.297669 0.283936 0.292373 0.285645 0.289195 0.285645 0.287606
1 0.562744 0.282309 0.561768 0.282839 0.561279 0.280191 0.558838 0.290784 0.559570 0.290784 0.560791 0.287606 0.562256 0.287606 0.562256 0.286017 0.561768 0.286547 0.560791 0.284958 0.561768 0.282839 0.562744 0.284428
1 0.207031 0.279131 0.204590 0.276483 0.205566 0.278602 0.205322 0.279131 0.202393 0.280191 0.199707 0.278602 0.197510 0.278602 0.198730 0.279661 0.199219 0.281250 0.199707 0.279131 0.200684 0.279131 0.202637 0.281250 0.203125 0.280191 0.204834 0.280191 0.205566 0.281250 0.206055 0.280720 0.206055 0.279131
1 0.477539 0.275424 0.477051 0.276483 0.477051 0.278602 0.477295 0.277542 0.478027 0.280191 0.477295 0.284428 0.477539 0.285487 0.478271 0.285487 0.479004 0.280191 0.479492 0.279131 0.480225 0.279131 0.480713 0.277542 0.479248 0.278602
1 0.350098 0.272775 0.349121 0.273305 0.348877 0.275424 0.348389 0.275953 0.348389 0.279131 0.349121 0.280191 0.349365 0.277013 0.350586 0.273305
1 0.482910 0.271716 0.481934 0.275424 0.481934 0.277013 0.483154 0.279661 0.483643 0.279131 0.484131 0.280191 0.484131 0.281780 0.484863 0.275424 0.484131 0.272246
1 0.477539 0.270127 0.475342 0.269068 0.474609 0.270127 0.474365 0.271716 0.475342 0.276483 0.475098 0.277542 0.475830 0.277013 0.478027 0.271186
1 0.361328 0.269068 0.357910 0.272246 0.357422 0.271716 0.357422 0.272775 0.358643 0.274364 0.358887 0.276483 0.359375 0.277013 0.358643 0.279131 0.357910 0.279131 0.358154 0.280191 0.358887 0.280191 0.362061 0.271716 0.362061 0.270657
1 0.217773 0.281250 0.219482 0.281780 0.222168 0.279661 0.222656 0.280191 0.223877 0.278602 0.224121 0.279131 0.224365 0.278072 0.224609 0.278602 0.225586 0.277542 0.227051 0.277542 0.228027 0.274364 0.228027 0.272775 0.227539 0.271186 0.227539 0.275953 0.226562 0.276483 0.226318 0.277542 0.223877 0.277013 0.222412 0.278602 0.218506 0.279131 0.218506 0.273835 0.220703 0.269068 0.219238 0.270657 0.218018 0.274894
1 0.210205 0.269068 0.211670 0.270657 0.212402 0.273835 0.213135 0.273835 0.213623 0.274894 0.213867 0.278072 0.214355 0.278602 0.214355 0.280191 0.213867 0.281250 0.214355 0.281780 0.213379 0.283369 0.214111 0.283898 0.214844 0.282309 0.214355 0.276483 0.211670 0.270657
1 0.181396 0.267479 0.182861 0.267479 0.183105 0.265890 0.182617 0.265360 0.183350 0.264301 0.185547 0.266419 0.186768 0.270127 0.187500 0.270657 0.186523 0.267479 0.184082 0.263242 0.182129 0.265360
1 0.340332 0.264831 0.341064 0.266419 0.342529 0.265890 0.343750 0.266949 0.344727 0.266949 0.345215 0.265360 0.343018 0.263771 0.342773 0.262712 0.340820 0.263242
1 0.551270 0.261653 0.550781 0.261653 0.551025 0.263242 0.549805 0.265890 0.549561 0.268008 0.548096 0.270127 0.548096 0.271716 0.550049 0.273835 0.550293 0.271186 0.549805 0.270127 0.549805 0.268008 0.550293 0.266949 0.551270 0.267479 0.550781 0.266419 0.551025 0.265360 0.551514 0.265360
1 0.230225 0.260593 0.229736 0.262182 0.229004 0.262182 0.229980 0.262712 0.229736 0.265360 0.229248 0.263771 0.228271 0.263771 0.227539 0.264831 0.231445 0.267479 0.230713 0.269597 0.230225 0.269597 0.229248 0.273835 0.229736 0.279661 0.231689 0.279131 0.232178 0.280191 0.232178 0.283369 0.233154 0.290784 0.232910 0.291843 0.233887 0.291843 0.234375 0.292903 0.234375 0.300847 0.234619 0.301377 0.234619 0.299788 0.235107 0.299258 0.235107 0.297669 0.234619 0.297140 0.235596 0.296081 0.235840 0.302436 0.236328 0.304555 0.237061 0.304555 0.237061 0.299788 0.236084 0.295021 0.235596 0.295021 0.233887 0.291843 0.234131 0.290784 0.233398 0.288136 0.232666 0.278602 0.234619 0.273305 0.235352 0.274894 0.236328 0.279661 0.239258 0.284958 0.239014 0.283898 0.239746 0.280720 0.239746 0.275424 0.238525 0.277013 0.237793 0.275953 0.237305 0.277013 0.237549 0.278602 0.236572 0.278602 0.235107 0.274364 0.235107 0.271716 0.232422 0.266949 0.233154 0.265890 0.233154 0.264831 0.232666 0.265890 0.231689 0.265890 0.231201 0.264831 0.231201 0.263771 0.231934 0.262712 0.233154 0.263242 0.233643 0.260593 0.232910 0.261653 0.231934 0.261653 0.231201 0.260064 0.230957 0.261123
1 0.418945 0.259004 0.420654 0.264831 0.427002 0.264831 0.427002 0.263242 0.426270 0.260593 0.424072 0.261123 0.423340 0.260064 0.422607 0.260593 0.420898 0.259534 0.420410 0.258475
1 0.354004 0.258475 0.354004 0.260064 0.355469 0.260593 0.355225 0.262712 0.354736 0.262712 0.354736 0.263771 0.355225 0.264301 0.355225 0.267479 0.355469 0.266419 0.355957 0.266419 0.357178 0.269597 0.357178 0.262182 0.355469 0.260593 0.354980 0.259004 0.354736 0.259534
1 0.238525 0.259004 0.236328 0.258475 0.236328 0.262182 0.235352 0.262712 0.235352 0.264831 0.236572 0.263771 0.237305 0.262182 0.237549 0.260064
1 0.338623 0.262712 0.336182 0.257415 0.336182 0.255826 0.335205 0.255826 0.333984 0.260064 0.333252 0.261123 0.332275 0.260593 0.330078 0.256356 0.329834 0.260064 0.328369 0.262712 0.328125 0.264831 0.330566 0.266419 0.331543 0.263242 0.333740 0.263242 0.334961 0.260593 0.336182 0.260593 0.338379 0.264831
1 0.295898 0.255826 0.294434 0.255297 0.293945 0.256356 0.293213 0.256356 0.292236 0.257945 0.290527 0.259004 0.291992 0.260593 0.294678 0.259534 0.294678 0.256886
1 0.225342 0.253178 0.224609 0.254237 0.223633 0.254237 0.223145 0.255297 0.224365 0.254767 0.225098 0.256886 0.223633 0.259534 0.223877 0.260064 0.223389 0.261123 0.222412 0.259534 0.222656 0.256356 0.222168 0.255826 0.221680 0.259004 0.221924 0.262182 0.222656 0.263771 0.223633 0.263242 0.223877 0.262182 0.224121 0.262712 0.225342 0.259004 0.225342 0.256356 0.224854 0.254767
1 0.185547 0.251059 0.187500 0.252119 0.187744 0.251589 0.189453 0.254767 0.190918 0.255826 0.191406 0.257415 0.193359 0.257945 0.190674 0.253708 0.190918 0.252648 0.192627 0.253178 0.193359 0.251589 0.192383 0.251589 0.192627 0.252119 0.192139 0.252648 0.190674 0.251059 0.190674 0.252119
1 0.432617 0.250530 0.431885 0.251589 0.432129 0.253708 0.431641 0.254237 0.432373 0.256356 0.433350 0.254237 0.433350 0.252119
1 0.466797 0.250530 0.465332 0.248411 0.464600 0.251589 0.464844 0.255826 0.462646 0.257945 0.464844 0.256356 0.464844 0.252119 0.466309 0.250000
1 0.411621 0.248941 0.412109 0.250000 0.414307 0.251059 0.414551 0.250530 0.415283 0.253178 0.415527 0.252648 0.415283 0.251059 0.413574 0.248411
1 0.276123 0.247352 0.276123 0.248941 0.277100 0.251589 0.279785 0.252119 0.279541 0.251059 0.278076 0.250000 0.277100 0.247352
1 0.517822 0.245763 0.517090 0.248411 0.516602 0.253708 0.517090 0.254237 0.516357 0.256886 0.516357 0.258475 0.515137 0.260593 0.514893 0.262712 0.514160 0.262712 0.513672 0.264831 0.512695 0.265360 0.512451 0.269597 0.511963 0.270127 0.512451 0.272246 0.514648 0.273305 0.515625 0.275424 0.515625 0.278602 0.514648 0.279661 0.515137 0.281250 0.514404 0.282309 0.515137 0.283369 0.515381 0.282839 0.515625 0.283898 0.515625 0.282309 0.516357 0.280720 0.516357 0.278072 0.516846 0.276483 0.516357 0.274364 0.518555 0.270127 0.518555 0.263242 0.519043 0.262182 0.520020 0.262712 0.520020 0.267479 0.521484 0.265890 0.522217 0.267479 0.524902 0.266949 0.526123 0.271186 0.525635 0.273305 0.527832 0.269597 0.528564 0.266419 0.529297 0.266419 0.529541 0.265360 0.529053 0.262712 0.528076 0.263242 0.527588 0.264831 0.526611 0.263242 0.526123 0.263771 0.524658 0.260593 0.522461 0.258475 0.519775 0.257415 0.518311 0.253708 0.518311 0.249470
1 0.264893 0.241525 0.264648 0.244703 0.265137 0.254237 0.269043 0.246292 0.268555 0.246822 0.267090 0.245763
1 0.288086 0.243114 0.285156 0.240996 0.285400 0.245233 0.284668 0.247881 0.282227 0.253178 0.281494 0.252119 0.280273 0.252648 0.280029 0.254237 0.280518 0.255826 0.281494 0.252119 0.281738 0.253178 0.282471 0.253178 0.285156 0.247352 0.287109 0.245763
1 0.239746 0.244174 0.238281 0.240466 0.236816 0.240466 0.235352 0.243644 0.235352 0.245233 0.234619 0.245763 0.234863 0.248411 0.236084 0.247352 0.236328 0.248411 0.236816 0.247881 0.236328 0.247352 0.237549 0.245233 0.238770 0.245763 0.239746 0.245233
1 0.529541 0.237288 0.528076 0.239407 0.527832 0.238877 0.527832 0.240996 0.527344 0.241525 0.527344 0.245233 0.525391 0.244703 0.524414 0.245763 0.524170 0.245233 0.523438 0.246822 0.525146 0.247352 0.525391 0.251059 0.526611 0.252119 0.527832 0.245233 0.529297 0.242055
1 0.476562 0.237818 0.476562 0.238877 0.478516 0.242055 0.480957 0.240996 0.478516 0.238347 0.477539 0.236229
1 0.471436 0.235169 0.470703 0.236229 0.469727 0.240466 0.468750 0.242585 0.467529 0.243644 0.468018 0.248941 0.468750 0.243644 0.471191 0.238877 0.471680 0.236758
1 0.327148 0.231992 0.327148 0.234110 0.326660 0.235169 0.324707 0.236229 0.328125 0.236229 0.328369 0.237288 0.327881 0.238347 0.324707 0.237818 0.324707 0.238877 0.326172 0.239936 0.327881 0.239407 0.328125 0.240466 0.327881 0.239407 0.328613 0.237818 0.329346 0.238877 0.329834 0.237288 0.328369 0.236758 0.327881 0.233051
1 0.423584 0.230403 0.422852 0.230932 0.420410 0.235699 0.419922 0.235699 0.420166 0.240466 0.418945 0.242055 0.418945 0.244703 0.420166 0.244174 0.420654 0.242055 0.421875 0.241525 0.422363 0.239936 0.424316 0.237818 0.424805 0.238347 0.425293 0.237288 0.425293 0.235699
1 0.333984 0.230403 0.333496 0.231992 0.332520 0.231992 0.333008 0.233581 0.332031 0.234640 0.332764 0.236229 0.332520 0.237288 0.334717 0.241525 0.334229 0.237288 0.333252 0.236758 0.332764 0.234640 0.333008 0.233051 0.333740 0.232521
1 0.526611 0.230403 0.525146 0.227225 0.523438 0.227754 0.520264 0.230932 0.519775 0.229873 0.520020 0.228284 0.519531 0.228284 0.519043 0.230403 0.518066 0.231462 0.514648 0.231462 0.513672 0.233581 0.509766 0.234110 0.508789 0.236229 0.508789 0.237818 0.510742 0.240466 0.514404 0.234110 0.515137 0.236758 0.515137 0.238347 0.515625 0.238347 0.516357 0.236229 0.519287 0.233051 0.520020 0.233051 0.521240 0.236758 0.521729 0.236229 0.521484 0.235169 0.521973 0.233581 0.523193 0.233051 0.525146 0.234640 0.526855 0.237818
1 0.476074 0.225636 0.475586 0.228814 0.476562 0.230932 0.477539 0.230932 0.477783 0.228284 0.477051 0.225636
1 0.547607 0.224576 0.547363 0.227754 0.545898 0.230403 0.544922 0.237288 0.546631 0.241525 0.548096 0.240996 0.549561 0.238877 0.550293 0.242585 0.551270 0.244174 0.551514 0.246822 0.551270 0.248411 0.549561 0.251589 0.548584 0.251589 0.547607 0.253708 0.547119 0.253178 0.547852 0.254767 0.548584 0.254767 0.549805 0.251589 0.550781 0.251589 0.551270 0.253708 0.553223 0.253708 0.552490 0.251589 0.553223 0.250000 0.552002 0.248411 0.552002 0.246292 0.553467 0.240996 0.554443 0.239407 0.554199 0.238877 0.554932 0.237288 0.554932 0.235169 0.556396 0.233581 0.556396 0.232521 0.555908 0.231992 0.555664 0.228284 0.555176 0.229343 0.554932 0.233051 0.553955 0.231992 0.551758 0.231992 0.550537 0.229873 0.549072 0.231462 0.547852 0.228284
1 0.444336 0.222987 0.442871 0.226165 0.442871 0.227754 0.443848 0.228814 0.443848 0.233051 0.445557 0.236229 0.446777 0.234110 0.446777 0.227754 0.446289 0.224576
1 0.219971 0.220339 0.221924 0.225636 0.222656 0.221928 0.221436 0.220339
1 0.187500 0.219280 0.191162 0.224576 0.192383 0.223517 0.193115 0.221398 0.192627 0.221928 0.192383 0.221398 0.192871 0.220339 0.192383 0.220869 0.191162 0.218220 0.190430 0.218750 0.189941 0.217691 0.189697 0.218750 0.189209 0.217691 0.187744 0.218220
1 0.300537 0.218220 0.300537 0.220339 0.301025 0.220869 0.303711 0.220869 0.301270 0.216631
1 0.326416 0.216631 0.327148 0.217161 0.327637 0.218750 0.326660 0.222458 0.326660 0.224047 0.327148 0.224576 0.326904 0.227225 0.328125 0.227225 0.328369 0.228284 0.328613 0.227754 0.330322 0.230403 0.332031 0.231462 0.328369 0.227225 0.327637 0.225106 0.329102 0.225106 0.327881 0.220869 0.327881 0.219809 0.328613 0.218220 0.328613 0.215572 0.328369 0.215042 0.327393 0.217161
1 0.459717 0.214513 0.457520 0.217691 0.457275 0.220339 0.456299 0.222458 0.455811 0.222458 0.455078 0.224576 0.454590 0.223517 0.455078 0.224576 0.455078 0.227754 0.455566 0.229343 0.454590 0.231992 0.454346 0.238877 0.455078 0.240996 0.455811 0.240996 0.456299 0.242055 0.456787 0.241525 0.456299 0.238347 0.456299 0.234110 0.457031 0.229873 0.456787 0.227225 0.457031 0.226695 0.457520 0.227754 0.458252 0.227754 0.457520 0.223517 0.458252 0.221398 0.458984 0.222458 0.460938 0.222458 0.460938 0.220869 0.459473 0.218750
1 0.261719 0.215572 0.260498 0.215572 0.260010 0.214513 0.259766 0.219280 0.255859 0.226165 0.256836 0.227754 0.257812 0.226695 0.258545 0.224576 0.259277 0.224576 0.260986 0.221398 0.260742 0.218750 0.261719 0.216631
1 0.310303 0.213983 0.309082 0.213983 0.307373 0.216102 0.306641 0.216102 0.307373 0.217161 0.309570 0.217691 0.310303 0.216102
1 0.470215 0.212394 0.468994 0.215572 0.468506 0.215572 0.468506 0.218220 0.469238 0.217691 0.470215 0.215042
1 0.492188 0.209216 0.491211 0.209216 0.490234 0.210805 0.490967 0.215042 0.491699 0.215042 0.492920 0.210805
1 0.375977 0.213453 0.375732 0.211864 0.374268 0.209216 0.373291 0.209746 0.372314 0.212924 0.372803 0.211335
1 0.530518 0.208686 0.528076 0.211864 0.528809 0.214513 0.530029 0.216631 0.530518 0.222458 0.531006 0.222458 0.533936 0.213453 0.531250 0.208686
1 0.290771 0.215042 0.291504 0.216631 0.292969 0.217691 0.293701 0.219809 0.294922 0.219809 0.295898 0.221398 0.297607 0.220869 0.297607 0.213983 0.296387 0.209746 0.294434 0.208686 0.294678 0.210275 0.293701 0.213983 0.291992 0.213983
1 0.424316 0.207627 0.425781 0.208686 0.426758 0.210805 0.427002 0.213453 0.426514 0.215572 0.428223 0.222987 0.428955 0.224576 0.429199 0.222987 0.430420 0.225636 0.431885 0.225636 0.433838 0.229873 0.435059 0.229873 0.437988 0.231992 0.438721 0.231462 0.439453 0.228284 0.439209 0.225636 0.438477 0.225636 0.437500 0.228284 0.437012 0.228284 0.435059 0.223517 0.434082 0.224576 0.433350 0.222987 0.433350 0.221398 0.431641 0.221928 0.430664 0.220339 0.431885 0.216102 0.428223 0.212924 0.425537 0.206568
1 0.481689 0.206038 0.481934 0.210805 0.482666 0.209216 0.482910 0.210275 0.483643 0.210275 0.485352 0.208157 0.484619 0.206038 0.483887 0.207097 0.482666 0.207097
1 0.442871 0.206568 0.442383 0.206038 0.440918 0.207627 0.438477 0.207627 0.438232 0.208686 0.439697 0.211335 0.439941 0.214513 0.442627 0.208157
1 0.524170 0.205508 0.521484 0.205508 0.520508 0.207627 0.518311 0.209746 0.517334 0.213453 0.517822 0.214513 0.518799 0.214513 0.519287 0.213453 0.522217 0.213983 0.524170 0.212924
1 0.435059 0.202331 0.433594 0.202331 0.432373 0.203919 0.432617 0.207097 0.433350 0.208686 0.435303 0.203390
1 0.343750 0.200212 0.339111 0.202331 0.339355 0.211335 0.338379 0.217691 0.337646 0.219280 0.338135 0.220869 0.340332 0.221928 0.341064 0.218220 0.341064 0.216102 0.341797 0.213983 0.341797 0.209216 0.343262 0.203919
1 0.352539 0.201801 0.355957 0.202860 0.356201 0.201801 0.355225 0.199682 0.353516 0.199682
1 0.323975 0.201271 0.324951 0.202860 0.326660 0.202860 0.325439 0.198093 0.325439 0.199682
1 0.269531 0.191737 0.269531 0.194386 0.270508 0.195445 0.270508 0.199682 0.269531 0.200742 0.270264 0.200742 0.270752 0.199682 0.270996 0.200742 0.271729 0.200212 0.272705 0.201801 0.273193 0.200742 0.273682 0.201271 0.271240 0.198623 0.270752 0.196504 0.270752 0.193326
1 0.512207 0.191208 0.510986 0.191208 0.510498 0.192267 0.510498 0.195975 0.511475 0.197034 0.512695 0.193856 0.512695 0.192267
1 0.391113 0.189619 0.389648 0.193856 0.388672 0.194386 0.388672 0.195445 0.387695 0.196504 0.389160 0.197564 0.390625 0.200742 0.390869 0.202860 0.391602 0.204449 0.394287 0.207627 0.394531 0.206568 0.392334 0.202331 0.391357 0.199153 0.391113 0.192797 0.391846 0.189619
1 0.482422 0.189089 0.481689 0.189089 0.481934 0.195975 0.481445 0.197564 0.480713 0.197564 0.481201 0.195975 0.480713 0.194386 0.480957 0.193326 0.480713 0.192797 0.480225 0.194915 0.480713 0.197034 0.480469 0.202331 0.481201 0.201271 0.481445 0.198623 0.483643 0.198093 0.483887 0.195445 0.482666 0.192797
1 0.200928 0.188559 0.199951 0.190678 0.199463 0.189619 0.199951 0.188559 0.199219 0.189619 0.199707 0.191208 0.198242 0.192797 0.197754 0.194915 0.194824 0.190678 0.196045 0.194386 0.196289 0.196504 0.197510 0.194386 0.197754 0.194915
1 0.379639 0.188030 0.378906 0.188030 0.377197 0.191208 0.376953 0.203390 0.378174 0.204979 0.380615 0.204449 0.381348 0.201801 0.381348 0.200212 0.380615 0.199682 0.379639 0.196504 0.380127 0.190148
1 0.458008 0.188030 0.457764 0.186970 0.454346 0.189089 0.453857 0.190148 0.453369 0.190148 0.452637 0.188559 0.451904 0.189619 0.451904 0.191208 0.454346 0.191208 0.455811 0.193326 0.457520 0.193856 0.458008 0.192797 0.457520 0.192267 0.458008 0.191737
1 0.360840 0.187500 0.361328 0.189619 0.360840 0.191208 0.360840 0.193856 0.362793 0.195975 0.363525 0.195445 0.364502 0.192267 0.364014 0.190148 0.361572 0.186970
1 0.161133 0.186441 0.161133 0.187500 0.170898 0.209216 0.169189 0.205508 0.169189 0.204449 0.163574 0.192267 0.163330 0.190678 0.161865 0.187500 0.162109 0.186441
1 0.473389 0.182203 0.472656 0.182203 0.471436 0.184322 0.471191 0.189089 0.472168 0.189619 0.474365 0.188030 0.474365 0.186441
1 0.412109 0.181674 0.411621 0.181674 0.411377 0.182733 0.411377 0.187500 0.410156 0.191737 0.410400 0.195445 0.410889 0.195445 0.411377 0.192267 0.412598 0.192267 0.413574 0.190678 0.413574 0.189619 0.412354 0.186441 0.412598 0.185381
1 0.479980 0.177436 0.479980 0.180614 0.480469 0.182733 0.481934 0.181674 0.483154 0.182203 0.483643 0.181144 0.483643 0.179025 0.482910 0.179025 0.482422 0.180614 0.482666 0.181144 0.481934 0.181674 0.480957 0.180085 0.480469 0.177436
1 0.465576 0.177436 0.465088 0.177966 0.465576 0.180085 0.464844 0.180614 0.463379 0.183792 0.463379 0.185381 0.460449 0.191208 0.462158 0.195445 0.462158 0.198623 0.461670 0.199682 0.460449 0.199682 0.459717 0.198093 0.458740 0.197564 0.458496 0.202331 0.459961 0.205508 0.462891 0.202860 0.464600 0.202860 0.467041 0.205508 0.467529 0.207627 0.468262 0.207627 0.468506 0.205508 0.467773 0.203919 0.468018 0.195445 0.469482 0.190678 0.469482 0.189089 0.468018 0.184322 0.467285 0.183263 0.467529 0.182733 0.466797 0.181144 0.466797 0.180085
1 0.334229 0.177436 0.333984 0.179555 0.333008 0.181674 0.333008 0.185911 0.332275 0.186441 0.332764 0.187500 0.333496 0.192797 0.333008 0.200212 0.333252 0.201801 0.332764 0.203919 0.333008 0.209746 0.334229 0.213983 0.333984 0.214513 0.335205 0.218220 0.335205 0.215042 0.335693 0.213453 0.335449 0.212924 0.335205 0.213983 0.334717 0.211864 0.335449 0.211335 0.335449 0.210275 0.334717 0.209746 0.334229 0.211335 0.333740 0.210805 0.333740 0.209746 0.334229 0.209216 0.333984 0.205508 0.334229 0.204979 0.334473 0.206038 0.334229 0.197034 0.334473 0.194386 0.334961 0.193326 0.333984 0.191208 0.334229 0.189619 0.333740 0.186970 0.333740 0.183792 0.334229 0.183263
1 0.428711 0.178496 0.428955 0.180614 0.429443 0.181144 0.430176 0.180085 0.431152 0.180614 0.430420 0.177966 0.430420 0.176377 0.429688 0.176377
1 0.348145 0.174258 0.347656 0.175318 0.345947 0.175847 0.347168 0.183792 0.347900 0.181674 0.347656 0.176377
1 0.445068 0.172669 0.443848 0.170021 0.443115 0.175318 0.440430 0.180614 0.440918 0.183263 0.439453 0.187500 0.434082 0.182203 0.433594 0.182203 0.433594 0.184322 0.432373 0.186441 0.434326 0.188559 0.436279 0.188559 0.436768 0.187500 0.438965 0.189619 0.439941 0.189619 0.440430 0.188030 0.442139 0.188030 0.442627 0.189619 0.443359 0.190148 0.443848 0.189089 0.443115 0.183792 0.443115 0.179555 0.444092 0.175318 0.444336 0.176907 0.444580 0.175847 0.445068 0.176377
1 0.463379 0.168962 0.460938 0.172669 0.460693 0.172140 0.458984 0.174258 0.458984 0.177966 0.459717 0.179555 0.461670 0.174258 0.463867 0.171610
1 0.407715 0.167903 0.406250 0.171081 0.408691 0.171610 0.409180 0.172669 0.409180 0.176907 0.408447 0.179555 0.409424 0.177436 0.410400 0.176907 0.409912 0.173729 0.410156 0.170021 0.409180 0.168432
1 0.400146 0.164195 0.400146 0.166314 0.401855 0.177436 0.401611 0.174788 0.402344 0.174788 0.402344 0.173729 0.401855 0.173199 0.402100 0.171610 0.401367 0.167903 0.401611 0.165254
1 0.459961 0.157309 0.459229 0.158369 0.458740 0.160487 0.458984 0.161547 0.458496 0.162606 0.459717 0.162076 0.460693 0.163136 0.460693 0.160487
1 0.470703 0.155720 0.470947 0.159428 0.472168 0.160487 0.472412 0.157309 0.471680 0.155720
1 0.409424 0.155720 0.409424 0.158898 0.410645 0.161547 0.411133 0.161547 0.411865 0.159958 0.412598 0.160487 0.413574 0.156780 0.413574 0.155720 0.410400 0.154661
1 0.531982 0.154661 0.531494 0.153602 0.531006 0.154661 0.528809 0.154661 0.528809 0.158369 0.527588 0.158898 0.527344 0.159958 0.528320 0.160487 0.528809 0.158369 0.531006 0.158369 0.531494 0.159428 0.531982 0.158369
1 0.522461 0.152542 0.521484 0.155720 0.521484 0.162606 0.521973 0.163665 0.520996 0.164725 0.521240 0.165254 0.520752 0.168432 0.519043 0.173199 0.522217 0.172669 0.523193 0.173729 0.524658 0.169492 0.524902 0.170551 0.525391 0.169492 0.525879 0.170021 0.525879 0.171081 0.526367 0.171610 0.526123 0.173729 0.528076 0.171610 0.531006 0.173199 0.530518 0.171610 0.530762 0.170021 0.529785 0.168432 0.529785 0.165784 0.529053 0.163136 0.528320 0.163136 0.528076 0.162076 0.526611 0.162606 0.526367 0.161547 0.526123 0.162606 0.525879 0.161547 0.525635 0.162606 0.524902 0.161547 0.525635 0.159428 0.526123 0.154131 0.523193 0.153602 0.522949 0.152542
1 0.356689 0.153072 0.355713 0.152542 0.355469 0.154131 0.356201 0.154661 0.355713 0.155720 0.353271 0.155720 0.351562 0.158898 0.352295 0.157839 0.352783 0.158898 0.353271 0.157309 0.355225 0.157309 0.355713 0.156250 0.356445 0.156250 0.355957 0.155191
1 0.451172 0.145127 0.450684 0.148305 0.451904 0.152013 0.452393 0.152013 0.452637 0.147775 0.452148 0.146186
1 0.386230 0.142479 0.386719 0.143538 0.387451 0.143538 0.387451 0.145127 0.388428 0.145657 0.389404 0.147775 0.390381 0.154131 0.390137 0.154661 0.388672 0.153072 0.387695 0.153072 0.385498 0.150424 0.385986 0.152542 0.386230 0.152013 0.390869 0.155720 0.393799 0.155720 0.396729 0.161017 0.398926 0.162606 0.396973 0.161017 0.392822 0.150953 0.392334 0.150953 0.393555 0.153072 0.393555 0.154661 0.392090 0.155191 0.391602 0.154131 0.391602 0.151483 0.391113 0.152542 0.390381 0.152013 0.390625 0.148835 0.389160 0.147246 0.389160 0.146186 0.387939 0.144068 0.388428 0.143538 0.387207 0.141949
1 0.511475 0.141419 0.508545 0.144597 0.507080 0.144068 0.506592 0.145657 0.507812 0.148835 0.507080 0.153072 0.507080 0.157309 0.508789 0.159428 0.508545 0.161017 0.509033 0.162606 0.510010 0.163136 0.509766 0.166314 0.509277 0.166843 0.509033 0.168962 0.511230 0.172669 0.511963 0.169492 0.510986 0.168432 0.511719 0.167373 0.512939 0.168962 0.513672 0.168962 0.513916 0.168432 0.512939 0.166843 0.513428 0.165254 0.513184 0.164725 0.513672 0.164195 0.513428 0.163665 0.513916 0.162606 0.514648 0.163136 0.516602 0.161547 0.517090 0.157309 0.516846 0.153602 0.516113 0.152542 0.515869 0.153072 0.514404 0.150424 0.514404 0.148835 0.513672 0.147246 0.513672 0.145657 0.513184 0.145127 0.513428 0.144068
1 0.527588 0.139831 0.527344 0.144068 0.525879 0.147246 0.526855 0.149894 0.526855 0.152013 0.528809 0.150424 0.529541 0.148835 0.529297 0.146716 0.527588 0.143008 0.528320 0.142479
1 0.523682 0.140890 0.520508 0.139831 0.518799 0.141419 0.518799 0.147246 0.518066 0.148835 0.518066 0.149894 0.519043 0.147246 0.519043 0.144068 0.520752 0.141419 0.521973 0.141949 0.521973 0.140890 0.523193 0.140890 0.523193 0.141949 0.522461 0.141949 0.523438 0.141949
1 0.514404 0.139831 0.514160 0.140360 0.514893 0.140360 0.516357 0.143538 0.516602 0.146186 0.517334 0.148305 0.516846 0.142479 0.515869 0.139831
1 0.468750 0.136653 0.468262 0.136653 0.466309 0.142479 0.466553 0.145127 0.467529 0.147246 0.469727 0.142479
1 0.422363 0.135064 0.421631 0.136653 0.422119 0.144068 0.423096 0.146716 0.424316 0.146716 0.425293 0.144597 0.423584 0.140360 0.423096 0.135593
1 0.457031 0.133475 0.456543 0.134534 0.456299 0.137182 0.457764 0.138771 0.458496 0.135064 0.458008 0.133475
1 0.399902 0.133475 0.400391 0.137182 0.402344 0.137712 0.403809 0.139301 0.404541 0.141419 0.404541 0.144068 0.402100 0.146186 0.403564 0.154661 0.404541 0.148305 0.405518 0.145657 0.406494 0.144597 0.408691 0.144597 0.408691 0.136653 0.407715 0.136653 0.407471 0.135593 0.406006 0.135593 0.405518 0.138242 0.405029 0.139301 0.404297 0.139301 0.403320 0.137182 0.402588 0.137712 0.401611 0.135064 0.400635 0.135593
1 0.376221 0.132415 0.375732 0.131886 0.374756 0.133475 0.373779 0.137182 0.372559 0.138771 0.372314 0.141419 0.372559 0.140890 0.373535 0.142479 0.374512 0.141949 0.375488 0.143538 0.375977 0.143008 0.375732 0.141419
1 0.352539 0.131886 0.352539 0.135064 0.352051 0.135064 0.352051 0.134004 0.350586 0.134004 0.350830 0.135064 0.349854 0.136653 0.348145 0.142479 0.348633 0.143538 0.348389 0.144068 0.347656 0.143538 0.346191 0.144597 0.347412 0.145127 0.347656 0.144068 0.348877 0.144068 0.349365 0.142479 0.349121 0.140360 0.350586 0.136653 0.350342 0.136123 0.351074 0.135064 0.352295 0.136123 0.353027 0.134004
1 0.517090 0.131356 0.517822 0.132945 0.522217 0.135064 0.522461 0.138242 0.523926 0.137712 0.523682 0.135593 0.522461 0.134534 0.522217 0.133475 0.521484 0.133475 0.521240 0.132415 0.520020 0.132415 0.519775 0.131356
1 0.335693 0.142479 0.335205 0.141419 0.333496 0.141419 0.332275 0.138771 0.330811 0.138771 0.330078 0.137712 0.329834 0.136123 0.330566 0.135064 0.330811 0.133475 0.331055 0.134534 0.331299 0.131886 0.330078 0.128708 0.329102 0.128178 0.328613 0.131356 0.329346 0.135064 0.328125 0.135593 0.327148 0.137712 0.326172 0.137712 0.325684 0.138771 0.324707 0.137182 0.325195 0.138771 0.324707 0.143538 0.321289 0.149364 0.320312 0.149894 0.319336 0.152542 0.318115 0.153072 0.314209 0.148305 0.313965 0.153072 0.313477 0.154131 0.312744 0.153072 0.311279 0.153072 0.310059 0.151483 0.308594 0.151483 0.308350 0.152542 0.310303 0.155191 0.311035 0.155191 0.312744 0.158369 0.315918 0.155191 0.317871 0.159958 0.319580 0.154131 0.322266 0.154131 0.323975 0.152542 0.326416 0.154131 0.327393 0.156250 0.327148 0.157839 0.327881 0.159958 0.327637 0.161547 0.328369 0.163136 0.331299 0.164725 0.331543 0.164195 0.330811 0.161547 0.331055 0.160487 0.330566 0.156780 0.330811 0.153072 0.331787 0.148835 0.332031 0.149894 0.332764 0.149364 0.333984 0.150953 0.335938 0.149364 0.335693 0.149894 0.334717 0.148835 0.334717 0.146716 0.335449 0.145127
1 0.488281 0.127648 0.488525 0.129237 0.487305 0.132945 0.487305 0.135593 0.488037 0.137712 0.489502 0.138771 0.491455 0.141949 0.491455 0.143008 0.491943 0.141949 0.491943 0.138771 0.491211 0.133475 0.489990 0.130826 0.489746 0.128708
1 0.461426 0.126059 0.464600 0.135064 0.465332 0.133475 0.465088 0.130297 0.463623 0.130297 0.462402 0.128178 0.463135 0.127648 0.462158 0.127648
1 0.373535 0.125000 0.373535 0.127119 0.375000 0.127648 0.376465 0.130826 0.377197 0.127648 0.376953 0.126059 0.375732 0.127119 0.374268 0.123941
1 0.328369 0.120233 0.327637 0.121292 0.328125 0.124470 0.329346 0.126059 0.329834 0.125000 0.329834 0.123411 0.329102 0.120763
1 0.429199 0.119703 0.429932 0.123941 0.431152 0.124470 0.431641 0.123411 0.431641 0.121822 0.429932 0.119703
1 0.390137 0.119703 0.389404 0.123411 0.391113 0.125000 0.391357 0.126059 0.394043 0.126059 0.394775 0.126589 0.395996 0.129767 0.398926 0.131356 0.398193 0.131356 0.397949 0.130297 0.396484 0.130297 0.395264 0.125530 0.394043 0.123941 0.390869 0.123941 0.390381 0.120233 0.390625 0.118644 0.391357 0.117585
1 0.443848 0.117055 0.440918 0.117055 0.439697 0.119174 0.439209 0.121822 0.439941 0.123411 0.440918 0.123411 0.441162 0.121822
1 0.448242 0.116525 0.448730 0.119174 0.449463 0.120763 0.450195 0.120763 0.449951 0.125530 0.450684 0.128178 0.451416 0.128708 0.450928 0.126059 0.451172 0.119174 0.450684 0.118114 0.450195 0.118644
1 0.475342 0.115996 0.474121 0.117055 0.473877 0.116525 0.473877 0.118114 0.474609 0.120763 0.475830 0.117055
1 0.466553 0.115466 0.466309 0.117585 0.468018 0.125530 0.468018 0.118644 0.467773 0.117055
1 0.323730 0.111229 0.321045 0.117055 0.321289 0.119703 0.322021 0.120763 0.321533 0.122881 0.320312 0.120763 0.320312 0.129767 0.321289 0.130826 0.322754 0.130826 0.323975 0.129237 0.323975 0.123941 0.325439 0.114936
1 0.509277 0.110699 0.509766 0.111229 0.509766 0.112818 0.512207 0.115466 0.512695 0.114936 0.512207 0.111229 0.510742 0.111229 0.510254 0.110169 0.509766 0.111229
1 0.320068 0.115996 0.319336 0.111229 0.318359 0.110699 0.317871 0.109640 0.317871 0.107521 0.317383 0.106992 0.315918 0.108051 0.315674 0.109640 0.313965 0.112818 0.312988 0.113347 0.311523 0.111229 0.311279 0.113347 0.311523 0.118114 0.314941 0.122881 0.313965 0.119703 0.313721 0.117055 0.313965 0.113877 0.314453 0.112818 0.316895 0.113877 0.318848 0.117055 0.318115 0.115466 0.318848 0.114936 0.319580 0.116525
1 0.464844 0.104343 0.463867 0.110169 0.465576 0.112288 0.465088 0.107521 0.465332 0.106462
1 0.441406 0.105403 0.439697 0.104343 0.438965 0.105932 0.438721 0.108051 0.437500 0.105403 0.437256 0.108051 0.435547 0.108051 0.435547 0.111229 0.436035 0.113877 0.436768 0.112288 0.437744 0.112818 0.439209 0.108051 0.441650 0.106462
1 0.487061 0.101695 0.486816 0.108581 0.485840 0.110169 0.487549 0.110169 0.489746 0.112818 0.490723 0.108581 0.488525 0.103284 0.488281 0.101695
1 0.407715 0.100636 0.408691 0.106462 0.408447 0.111229 0.407471 0.112818 0.406250 0.113347 0.405518 0.115466 0.408203 0.120233 0.409424 0.118644 0.409668 0.119174 0.409668 0.118114 0.413086 0.118114 0.414062 0.119174 0.414795 0.121822 0.413086 0.126059 0.412109 0.126589 0.411621 0.129767 0.412109 0.130826 0.412842 0.130826 0.414551 0.126059 0.415771 0.125000 0.416748 0.128708 0.416992 0.134004 0.418213 0.134004 0.419434 0.130297 0.418701 0.126059 0.416748 0.125000 0.416260 0.123941 0.416260 0.120763 0.414551 0.120233 0.410889 0.113877 0.410889 0.112288 0.412354 0.109640 0.412354 0.106462 0.413086 0.103814 0.413086 0.102225 0.411865 0.100636 0.410889 0.100636 0.409668 0.102754
1 0.495361 0.099047 0.494873 0.101165 0.495361 0.102754 0.495117 0.103284 0.495605 0.105403 0.495605 0.108581 0.494385 0.111229 0.495605 0.117055 0.497070 0.118114 0.497314 0.116525 0.499512 0.111758 0.500244 0.113877 0.500732 0.112818 0.500732 0.111229 0.500244 0.110699 0.500244 0.106992 0.499512 0.106992 0.497803 0.102754 0.497559 0.100636 0.497070 0.100636 0.496826 0.099047
1 0.474854 0.099047 0.473145 0.103814 0.472412 0.103814 0.471436 0.105932 0.471924 0.104873 0.474609 0.105932 0.477051 0.110699 0.478027 0.114407 0.479980 0.116525 0.480225 0.122881 0.479980 0.124470 0.479248 0.125000 0.479248 0.127119 0.478271 0.127648 0.479004 0.131356 0.479004 0.129237 0.481201 0.124470 0.481689 0.124470 0.482666 0.121822 0.484131 0.122352 0.484375 0.121292 0.482666 0.117055 0.482178 0.112288 0.483887 0.108051 0.480713 0.108581 0.479492 0.112818 0.478271 0.110699 0.477051 0.106992 0.476807 0.101695 0.476074 0.102225
1 0.503906 0.097458 0.503662 0.098517 0.502930 0.098517 0.501953 0.101165 0.501465 0.106462 0.502197 0.107521 0.502197 0.109110 0.503662 0.110699 0.503906 0.113347 0.505127 0.113877 0.505859 0.117055 0.505859 0.114407 0.506348 0.113347 0.506836 0.113877 0.508057 0.111758 0.507568 0.109640 0.507812 0.107521 0.506836 0.103284 0.505859 0.101695 0.505127 0.101695 0.504639 0.100636 0.504639 0.098517
1 0.435059 0.095869 0.433838 0.097987 0.434570 0.102225 0.435791 0.102754 0.435791 0.096928 0.435547 0.095869
1 0.336182 0.095869 0.336182 0.105932 0.335938 0.107521 0.334961 0.108581 0.334961 0.113347 0.334473 0.114407 0.335205 0.115996 0.334961 0.117055 0.336182 0.118644 0.336426 0.120233 0.335449 0.120763 0.335205 0.125000 0.334473 0.125000 0.334229 0.123941 0.332764 0.123941 0.333496 0.129767 0.335205 0.128708 0.335205 0.127119 0.335938 0.126589 0.336426 0.127648 0.335938 0.129767 0.334473 0.130826 0.335693 0.130826 0.335938 0.131886 0.336670 0.131886 0.336182 0.130826 0.336670 0.129767 0.336182 0.128178 0.337891 0.128178 0.335693 0.124470 0.335693 0.122881 0.336670 0.120233 0.337158 0.120763 0.337646 0.119703 0.340820 0.119703 0.340576 0.118644 0.341553 0.117585 0.342285 0.112818 0.343506 0.109640 0.343506 0.105932 0.339355 0.096928 0.338135 0.097987
1 0.456543 0.092161 0.456299 0.093220 0.452393 0.095869 0.451660 0.099047 0.452637 0.105403 0.452393 0.109640 0.453125 0.112288 0.452881 0.114407 0.452393 0.112288 0.452148 0.112818 0.452148 0.115996 0.452637 0.115466 0.452881 0.116525 0.453125 0.114936 0.453613 0.114936 0.453613 0.111758 0.454590 0.108581 0.453369 0.104873 0.453125 0.102754 0.453857 0.101695 0.452881 0.100636 0.452881 0.099047 0.454590 0.095869 0.457764 0.095339
1 0.307129 0.098517 0.308105 0.099047 0.308105 0.096398 0.308594 0.095339 0.308350 0.094280 0.309570 0.092691 0.312012 0.093750 0.312500 0.092691 0.317139 0.092161 0.317139 0.091102 0.316162 0.087924 0.315430 0.087924 0.312500 0.091631 0.311035 0.092161 0.309570 0.088983 0.309814 0.088453 0.309082 0.089513 0.307861 0.084746 0.307617 0.086335 0.308105 0.088453 0.308105 0.092691 0.307373 0.096398 0.308105 0.097458
1 0.515137 0.082097 0.511719 0.084746 0.511719 0.087924 0.510254 0.091631 0.510498 0.092691 0.511719 0.093220 0.511719 0.097987 0.512695 0.102225 0.512695 0.105403 0.513184 0.105403 0.513428 0.104343 0.514404 0.105403 0.515625 0.103814 0.516357 0.103814 0.517334 0.096928 0.517822 0.095869 0.517334 0.085805 0.516846 0.083686 0.515869 0.083686
1 0.548828 0.078390 0.547363 0.080508 0.548340 0.083686 0.549561 0.082097 0.549072 0.081038
1 0.331543 0.076801 0.331543 0.078390 0.330566 0.081568 0.330811 0.084746 0.330078 0.085275 0.330078 0.086335 0.329590 0.086864 0.329590 0.092161 0.330078 0.092691 0.329346 0.093750 0.328613 0.092691 0.328125 0.093220 0.328125 0.094280 0.327148 0.096398 0.324951 0.098517 0.324463 0.100636 0.325195 0.103284 0.326172 0.104873 0.325684 0.105403 0.326904 0.105932 0.327637 0.103814 0.328369 0.104343 0.328613 0.105932 0.328857 0.103284 0.327393 0.103284 0.327393 0.101695 0.326904 0.102225 0.326416 0.100636 0.326904 0.099576 0.327881 0.100106 0.328857 0.102225 0.328613 0.097458 0.328857 0.096928 0.329102 0.097987 0.328857 0.096398 0.329346 0.095869 0.329346 0.093750 0.330322 0.093750 0.330322 0.092691 0.331543 0.093220 0.331299 0.092161 0.332520 0.087924 0.333008 0.087924 0.332031 0.080508 0.332275 0.079979 0.331787 0.078919 0.332031 0.077860
1 0.367188 0.074153 0.365234 0.075742 0.363770 0.075212 0.364258 0.077860 0.364258 0.081038 0.365479 0.081568 0.365723 0.082627 0.365723 0.081038 0.366699 0.081038 0.367676 0.076271
1 0.339844 0.074153 0.338135 0.077860 0.339844 0.083686 0.342041 0.084746 0.341553 0.082627 0.341309 0.075212
1 0.438477 0.072564 0.436768 0.073623 0.436035 0.073093 0.434570 0.074153 0.433838 0.075742 0.431641 0.075742 0.429688 0.076801 0.429688 0.079979 0.430176 0.081038 0.430176 0.077331 0.430664 0.076271 0.431396 0.077860 0.432861 0.076271 0.435547 0.075212 0.435791 0.075742 0.436035 0.074682
1 0.388916 0.072564 0.388672 0.074153 0.391113 0.082627 0.391602 0.081568
1 0.446289 0.072034 0.445801 0.073093 0.445801 0.075742 0.444824 0.078390 0.444824 0.082097 0.445312 0.082097 0.444824 0.086335 0.443359 0.091631 0.442871 0.092161 0.442871 0.095869 0.442139 0.097987 0.441650 0.097987 0.442871 0.101695 0.443604 0.100106 0.443848 0.092161 0.446533 0.092691 0.448486 0.097987 0.449707 0.092161 0.449463 0.088453 0.448730 0.086335 0.449463 0.081568 0.449219 0.078390 0.448730 0.076801 0.447510 0.076271
1 0.294189 0.067797 0.292969 0.066737 0.291748 0.069915 0.290527 0.070445 0.290283 0.072034 0.290771 0.072564 0.291992 0.070975 0.292480 0.071504 0.293213 0.069915 0.293457 0.070445
1 0.433594 0.065678 0.433594 0.067267 0.434570 0.067797 0.434082 0.069386 0.435059 0.071504 0.435791 0.071504 0.435791 0.068326 0.436279 0.066737 0.435791 0.065678
1 0.315674 0.064089 0.316162 0.066737 0.315918 0.069915 0.316406 0.071504 0.316406 0.074682 0.318848 0.077860 0.317871 0.074682 0.316895 0.074153 0.317383 0.073623 0.316162 0.068326 0.316650 0.066208 0.316406 0.064619
1 0.305908 0.064089 0.304932 0.065148 0.304932 0.066737 0.305664 0.069386 0.306152 0.075742 0.306641 0.076271 0.307129 0.078919 0.307129 0.064619
1 0.342041 0.061970 0.341309 0.060381 0.338867 0.059852 0.338379 0.061441 0.335693 0.061441 0.335449 0.060381 0.335205 0.061441 0.334961 0.060911 0.333984 0.062500 0.333984 0.065148 0.333252 0.066208 0.332764 0.068326 0.333252 0.069386 0.334229 0.069386 0.334961 0.067267 0.335693 0.066737 0.335938 0.065148 0.337646 0.064089 0.338135 0.065148 0.338623 0.064619 0.338867 0.065678 0.339844 0.064089 0.341797 0.063030
1 0.731934 0.059322 0.731934 0.060381 0.731445 0.060911 0.731445 0.064089 0.732422 0.065678 0.732422 0.064089 0.733154 0.064089 0.732910 0.061441 0.733398 0.060381 0.732910 0.060911 0.732666 0.059322
1 0.465088 0.058263 0.464111 0.064089 0.465332 0.063559 0.466309 0.061441 0.466309 0.060381
1 0.544434 0.055085 0.542480 0.054025 0.541748 0.056674 0.541016 0.054555 0.538574 0.054025 0.537842 0.055614 0.537598 0.054025 0.537109 0.054025 0.537598 0.055614 0.536621 0.057203 0.536621 0.059322 0.535645 0.062500 0.536621 0.065678 0.536621 0.070445 0.536133 0.074153 0.536865 0.076271 0.536865 0.077860 0.538086 0.078390 0.538086 0.076271 0.538574 0.075742 0.538818 0.073623 0.538574 0.073093 0.539062 0.072034 0.540039 0.072034 0.542236 0.064619 0.542480 0.067267 0.541992 0.068326 0.542969 0.068326 0.542969 0.065148 0.542480 0.064619 0.543945 0.063559 0.543457 0.059852 0.544189 0.058792
1 0.509277 0.051377 0.509277 0.055614 0.509766 0.056144 0.509521 0.059322 0.510254 0.060381 0.510742 0.064089 0.510742 0.069386 0.512451 0.072034 0.512695 0.075212 0.513672 0.075742 0.514648 0.077860 0.514404 0.078390 0.516113 0.079449 0.516846 0.082097 0.517090 0.078390 0.516602 0.077860 0.517822 0.072564 0.518311 0.071504 0.518555 0.072034 0.518555 0.065148 0.519287 0.064089 0.520508 0.065678 0.521484 0.069386 0.520996 0.069915 0.520996 0.072564 0.521973 0.074153 0.521973 0.078919 0.524170 0.081568 0.524170 0.082627 0.524414 0.082097 0.524902 0.083157 0.524902 0.085275 0.525635 0.085805 0.524170 0.090042 0.524414 0.091631 0.526855 0.090042 0.527344 0.091102 0.527344 0.087394 0.526611 0.085805 0.527100 0.083686 0.526367 0.084746 0.526123 0.082627 0.525635 0.082097 0.525879 0.078919 0.527100 0.077860 0.526855 0.074682 0.527344 0.073623 0.527344 0.069915 0.525879 0.068856 0.523438 0.069386 0.520996 0.060381 0.519531 0.061970 0.518555 0.060911 0.518066 0.059322 0.517578 0.059322 0.517334 0.061441 0.516357 0.063030 0.512939 0.062500 0.512451 0.061441 0.512939 0.059322 0.511475 0.059322 0.512207 0.054555 0.510742 0.054025 0.509766 0.051377
1 0.454834 0.052436 0.455078 0.054025 0.457275 0.052966 0.457520 0.053496 0.457520 0.051907 0.456299 0.049258 0.455811 0.049258
1 0.324951 0.051377 0.325195 0.056144 0.326172 0.057733 0.328125 0.057733 0.329102 0.059852 0.329102 0.061441 0.332031 0.066208 0.332275 0.064089 0.331787 0.063030 0.332520 0.063030 0.332764 0.061970 0.332031 0.060911 0.331543 0.061441 0.331055 0.060381 0.331299 0.059322 0.330811 0.059322 0.330811 0.057203 0.329834 0.056674 0.329102 0.053496 0.328857 0.054025 0.327148 0.049788 0.326172 0.048729
1 0.525879 0.045021 0.526123 0.047140 0.527100 0.047140 0.528320 0.048729 0.529541 0.048729 0.528320 0.047669 0.527100 0.044492
1 0.648438 0.042373 0.648438 0.045551 0.648193 0.046081 0.647949 0.044492 0.647949 0.047140 0.648682 0.045551 0.649170 0.046610 0.648926 0.047140 0.649902 0.047140 0.649902 0.045021 0.649414 0.045551 0.648926 0.044492 0.649902 0.043962 0.649658 0.042903
1 0.482422 0.042373 0.482422 0.044492 0.482910 0.045551 0.483154 0.052966 0.481934 0.058263 0.483398 0.058263 0.483398 0.059322 0.484131 0.059852 0.485352 0.057733 0.485352 0.056674 0.484863 0.055085 0.484131 0.055085 0.483154 0.052436 0.484131 0.050318 0.484131 0.047140 0.484619 0.046081 0.484863 0.043432 0.484131 0.042373
1 0.475830 0.040254 0.475342 0.041314 0.473877 0.041314 0.473877 0.045021 0.475342 0.045021 0.475830 0.043432
1 0.433838 0.040784 0.433594 0.042373 0.434082 0.042903 0.434082 0.043962 0.433594 0.043962 0.434814 0.046081 0.436035 0.046610 0.436523 0.045551 0.436279 0.042373 0.434814 0.040254
1 0.446289 0.039725 0.445801 0.046610 0.446777 0.046081 0.447510 0.043962 0.447266 0.041843
1 0.441162 0.040254 0.440674 0.039195 0.439941 0.041314 0.438232 0.040784 0.437988 0.041843 0.438965 0.043432 0.440430 0.042903 0.440430 0.041843
1 0.319336 0.040254 0.319336 0.041314 0.320557 0.042903 0.322754 0.042373 0.321777 0.039195
1 0.550537 0.032839 0.549072 0.036547 0.549072 0.037606 0.549805 0.039725 0.550537 0.040254 0.551025 0.043432 0.552734 0.045551 0.553467 0.044492 0.553467 0.042903 0.552002 0.038136 0.552246 0.034428 0.551758 0.032309
1 0.488037 0.031780 0.489502 0.034958 0.492432 0.033369 0.491699 0.030720 0.490234 0.029661 0.489014 0.029661 0.489014 0.030720
1 0.430908 0.029661 0.430908 0.035487 0.431885 0.038665 0.431396 0.033898 0.432861 0.033369 0.432373 0.031780 0.431885 0.032839
1 0.473145 0.032839 0.473389 0.033369 0.473633 0.032309 0.474121 0.032309 0.474609 0.033898 0.474609 0.036017 0.474854 0.034428 0.475830 0.033369 0.476318 0.031250 0.476562 0.031780 0.476562 0.042903 0.477783 0.042373 0.478271 0.043432 0.479980 0.043432 0.480469 0.041314 0.481201 0.041314 0.480957 0.039195 0.478760 0.033898 0.479004 0.033369 0.478027 0.031780 0.477295 0.032309 0.476318 0.029131 0.475098 0.030720 0.474609 0.030191 0.474121 0.031780
1 0.385742 0.029131 0.385498 0.032839 0.387939 0.032309 0.387695 0.029661 0.386475 0.030191
1 0.571533 0.024894 0.569824 0.027542 0.568848 0.027542 0.568848 0.028602 0.569824 0.029131 0.571777 0.026483
1 0.458252 0.021186 0.457764 0.022246 0.457031 0.022246 0.458252 0.022246 0.458008 0.023835 0.458984 0.025953 0.458496 0.028072 0.457764 0.028072 0.457520 0.025424 0.457520 0.028602 0.456787 0.029661 0.456055 0.028602 0.456055 0.026483 0.457031 0.024894 0.454346 0.025953 0.454834 0.025424 0.455322 0.026483 0.455322 0.027542 0.454590 0.028072 0.455566 0.028602 0.455566 0.031250 0.456543 0.032839 0.456055 0.038665 0.456787 0.040254 0.456787 0.043432 0.457764 0.033369 0.457520 0.032309 0.457275 0.033898 0.456787 0.033369 0.457520 0.030191 0.458008 0.030720 0.458008 0.031780 0.457764 0.030191 0.458984 0.027542 0.458984 0.024364
1 0.459961 0.020657 0.459961 0.022775 0.460693 0.026483 0.459961 0.031250 0.460693 0.031780 0.462158 0.030720 0.461914 0.029131 0.460938 0.029131 0.460938 0.026483 0.461670 0.025953 0.460938 0.025424 0.460938 0.023305 0.461914 0.022775 0.463135 0.024894 0.463135 0.027013 0.464111 0.028072 0.463867 0.022775 0.462646 0.023835 0.461914 0.022246
1 0.435059 0.020127 0.435547 0.020657 0.435303 0.024894 0.436035 0.028072 0.436523 0.026483 0.437012 0.021186 0.436523 0.022246 0.435791 0.020127
1 0.293701 0.019597 0.292236 0.026483 0.290039 0.025424 0.290527 0.025953 0.290283 0.026483 0.291016 0.025953 0.291748 0.027542 0.292480 0.027013 0.293457 0.028072 0.294434 0.030720 0.293945 0.027542 0.293701 0.028072 0.292725 0.027013 0.293213 0.026483 0.292725 0.024894 0.293213 0.023835 0.293701 0.024894 0.293945 0.023305 0.294189 0.025424
1 0.428223 0.019068 0.427979 0.022246 0.428711 0.023305 0.428711 0.027013 0.429199 0.025953 0.429688 0.027542 0.430176 0.023835 0.429932 0.024894 0.429688 0.024364 0.429688 0.021716 0.428955 0.023305 0.428467 0.022775 0.428711 0.020657
1 0.607422 0.019068 0.608154 0.023835 0.609131 0.024894 0.609131 0.023835 0.609619 0.023835 0.609131 0.021186 0.607910 0.018538
1 0.430420 0.020657 0.432129 0.020657 0.433594 0.019597 0.433838 0.018538 0.433350 0.019068 0.433350 0.018008 0.432129 0.018008 0.431641 0.016419 0.431641 0.018538 0.430664 0.019068
1 0.528320 0.015890 0.527588 0.015890 0.527344 0.017479 0.526367 0.016949 0.526367 0.018538 0.525879 0.018538 0.525879 0.022775 0.526367 0.022775 0.526855 0.024364 0.527344 0.024364 0.527344 0.023305 0.528320 0.021716 0.527100 0.019068 0.527344 0.018008 0.528076 0.018538
1 0.310303 0.016419 0.311035 0.019597 0.311523 0.020127 0.312012 0.023305 0.312500 0.023835 0.312012 0.023305 0.312256 0.021186 0.312988 0.023305 0.312988 0.024894 0.312256 0.026483 0.311768 0.025424 0.311523 0.031780 0.313477 0.035487 0.314453 0.035487 0.315674 0.032839 0.315918 0.024894 0.314453 0.023305 0.312744 0.019068 0.312256 0.020127 0.311279 0.018008 0.311279 0.015890 0.311035 0.016949
1 0.418945 0.014301 0.419434 0.016419 0.420410 0.016419 0.420898 0.018538 0.420410 0.019068 0.420166 0.018008 0.419434 0.018008 0.418457 0.020657 0.418945 0.022246 0.421143 0.022775 0.421875 0.019068
1 0.340820 0.013242 0.340332 0.013771 0.340088 0.018008 0.337158 0.024364 0.336182 0.024364 0.331543 0.012712 0.331543 0.021186 0.331299 0.024364 0.329834 0.026483 0.328369 0.026483 0.326172 0.022775 0.325439 0.022775 0.324951 0.021716 0.326416 0.028602 0.327637 0.029131 0.328125 0.031250 0.330078 0.031250 0.332275 0.035487 0.332031 0.036547 0.332520 0.037076 0.332520 0.039725 0.332031 0.040254 0.331543 0.039195 0.332031 0.045021 0.331055 0.046610 0.331055 0.047669 0.331299 0.046610 0.331787 0.048729 0.331543 0.053496 0.334229 0.056674 0.334717 0.056674 0.335205 0.055085 0.335205 0.045551 0.335693 0.042373 0.336914 0.041314 0.336914 0.039725 0.339111 0.037076 0.339355 0.037606 0.339844 0.036017 0.340576 0.036017 0.340332 0.029131 0.339844 0.027542 0.339844 0.021716 0.340332 0.018538 0.341553 0.015890 0.341553 0.014831
1 0.543457 0.008475 0.541992 0.012182 0.542969 0.013771 0.543701 0.012182 0.543945 0.013771 0.544678 0.013242 0.545410 0.014831 0.545166 0.015890 0.545898 0.017479 0.545898 0.018538 0.546631 0.019068 0.547363 0.017479 0.547363 0.015890 0.546875 0.014831 0.546875 0.009534 0.546387 0.008475 0.544922 0.007945 0.543945 0.009534
1 0.532227 0.006356 0.532227 0.009004 0.532715 0.009534 0.532715 0.010593 0.532715 0.009004 0.533203 0.008475 0.533447 0.011653 0.535645 0.011123 0.536377 0.012712 0.536377 0.014301 0.535889 0.014831 0.535889 0.016949 0.535156 0.016949 0.534912 0.019068 0.533936 0.018538 0.533936 0.016949 0.534668 0.015890 0.531494 0.015890 0.532227 0.016949 0.531982 0.019068 0.530518 0.018008 0.529785 0.019068 0.529785 0.020127 0.529297 0.020127 0.529297 0.022775 0.529785 0.023305 0.529785 0.024894 0.530273 0.025953 0.530273 0.028072 0.528809 0.032309 0.529297 0.036017 0.530029 0.034428 0.531006 0.034428 0.531250 0.032839 0.531982 0.031780 0.534912 0.031780 0.535156 0.033898 0.533691 0.034428 0.533691 0.035487 0.534424 0.035487 0.534668 0.036547 0.534912 0.034958 0.535645 0.034958 0.535889 0.036547 0.535400 0.039195 0.536621 0.043962 0.538574 0.041314 0.538818 0.041843 0.539307 0.039725 0.539551 0.041314 0.540771 0.042373 0.543457 0.036547 0.543457 0.035487 0.542725 0.033898 0.542236 0.030720 0.541504 0.030191 0.541748 0.028602 0.541016 0.027542 0.541260 0.027013 0.538086 0.020127 0.537354 0.016419 0.537598 0.012182 0.538086 0.011123 0.539795 0.011123 0.540283 0.010064 0.539795 0.009004 0.539062 0.009004 0.539551 0.009534 0.538330 0.011123 0.537598 0.010064 0.537109 0.011123 0.536133 0.010064 0.535889 0.008475 0.535400 0.009004 0.534424 0.006886 0.533691 0.006356 0.532959 0.007415 0.532715 0.006356
1 0.431641 0.006356 0.431641 0.007415 0.432617 0.009004 0.433838 0.009004 0.434326 0.011123 0.434570 0.008475 0.435059 0.008475 0.435547 0.010064 0.437012 0.010064 0.437012 0.009004 0.435547 0.007945 0.435303 0.009004 0.433594 0.008475 0.432861 0.006356
1 0.373535 0.005826 0.372070 0.005826 0.371094 0.008475 0.370117 0.007415 0.368896 0.007415 0.369629 0.010593 0.369141 0.012182 0.369141 0.015890 0.369385 0.014301 0.369873 0.014831 0.369385 0.017479 0.370605 0.018538 0.370117 0.018008 0.370850 0.016949 0.371338 0.018538 0.370850 0.016949 0.370850 0.013771 0.371826 0.010593 0.374023 0.006886
1 0.427979 0.004767 0.426025 0.009004 0.426514 0.009534 0.426270 0.010593 0.427002 0.012712 0.427734 0.012712 0.427734 0.007945 0.429199 0.007415 0.427979 0.007415
1 0.385254 0.004767 0.384521 0.005826 0.384033 0.007945 0.384277 0.010064 0.385254 0.012182 0.385742 0.012182 0.385986 0.010593 0.386719 0.011123 0.385986 0.006356
1 0.522461 0.004767 0.521973 0.006356 0.523682 0.009534 0.524170 0.009534 0.524658 0.004767
1 0.661377 0.003708 0.661133 0.011653 0.660645 0.012182 0.659912 0.010593 0.656982 0.016949 0.657959 0.020127 0.657227 0.024894 0.656006 0.025953 0.655029 0.025424 0.654785 0.024364 0.652832 0.023305 0.652344 0.023835 0.652344 0.024894 0.653564 0.024894 0.654297 0.028602 0.655273 0.029661 0.655273 0.031250 0.656006 0.031250 0.657959 0.035487 0.658203 0.030191 0.658691 0.029131 0.659424 0.029131 0.659668 0.028072 0.660645 0.028602 0.661133 0.027542 0.661133 0.026483 0.659912 0.024364 0.660156 0.018008 0.661621 0.014301 0.662842 0.014301 0.663574 0.016419 0.664062 0.016419 0.664062 0.019068 0.662842 0.024894 0.661621 0.027013 0.662109 0.027542 0.661865 0.029131 0.661133 0.029131 0.661621 0.031780 0.661621 0.037606 0.662109 0.037606 0.663330 0.034428 0.664795 0.034428 0.665527 0.036017 0.666504 0.036547 0.666748 0.034428 0.666260 0.033369 0.666260 0.030720 0.664307 0.029661 0.663574 0.028072 0.663574 0.025424 0.664307 0.021716 0.665039 0.023835 0.666504 0.024364 0.664307 0.021716 0.664307 0.016949 0.665283 0.014301 0.664795 0.007415 0.663574 0.004767 0.662354 0.005297 0.661865 0.003708
1 0.659180 0.001059 0.657715 0.001589 0.657227 0.005297 0.658447 0.005826 0.658936 0.004237 0.658691 0.001589
1 0.470215 0.000000 0.470703 0.001059 0.470459 0.001589 0.471191 0.002119 0.472900 0.001589 0.473145 0.003708 0.472656 0.004767 0.473389 0.003708 0.473633 0.005826 0.474121 0.004767 0.474609 0.005297 0.474609 0.006886 0.473877 0.006886 0.474365 0.010064 0.474121 0.010593 0.474365 0.010064 0.474609 0.011123 0.475830 0.011123 0.476074 0.012182 0.476318 0.008475 0.474854 0.008475 0.474365 0.007415 0.476318 0.006886 0.476074 0.005297 0.476562 0.002648 0.477539 0.005297 0.477051 0.006356 0.477051 0.007945 0.478027 0.006886 0.478271 0.007945 0.479004 0.005297 0.479492 0.006356 0.480713 0.006356 0.483154 0.003178 0.482666 0.000000 0.474121 0.000000 0.473877 0.002119 0.473389 0.001589 0.473389 0.000000 0.471680 0.000000 0.471680 0.001059 0.471191 0.000000
1 0.458496 0.000000 0.457275 0.000000 0.456787 0.002648 0.456055 0.002648 0.455811 0.001589 0.455566 0.003178 0.454834 0.004237 0.453857 0.003178 0.453857 0.004767 0.453369 0.004767 0.452393 0.002648 0.452148 0.003178 0.452148 0.005297 0.453125 0.006886 0.452881 0.007415 0.455078 0.004237 0.455566 0.004767 0.455566 0.006886 0.454590 0.009534 0.454590 0.011123 0.455811 0.008475 0.456299 0.004767 0.456787 0.005297 0.456787 0.006886 0.456787 0.005297 0.457520 0.005297 0.457520 0.007945 0.456543 0.008475 0.456055 0.010064 0.455811 0.013242 0.456299 0.016419 0.455078 0.019597 0.454834 0.021716 0.455322 0.021716 0.456055 0.019597 0.456787 0.020127 0.456543 0.021716 0.457275 0.018538 0.457275 0.016419 0.458252 0.013771 0.458252 0.011653 0.459717 0.011123 0.460205 0.010064 0.459717 0.007945 0.459229 0.008475 0.457764 0.006356 0.458008 0.004767 0.458496 0.005826 0.458252 0.005297 0.458740 0.004767
1 0.376465 0.000000 0.376953 0.002648 0.376709 0.004767 0.377197 0.005826 0.378418 0.005826 0.380127 0.002648 0.379883 0.000530 0.378906 0.001059 0.378418 0.003708 0.377930 0.001059 0.378174 0.000000
1 0.341797 0.007415 0.343018 0.011123 0.343506 0.011123 0.344238 0.013242 0.344971 0.013771 0.346436 0.012712 0.349121 0.013242 0.351318 0.011653 0.351562 0.012712 0.354004 0.014301 0.355225 0.014301 0.355713 0.013242 0.356934 0.014301 0.357666 0.016419 0.358154 0.016419 0.358643 0.011653 0.359131 0.011123 0.359863 0.007415 0.360352 0.006356 0.361572 0.006356 0.361816 0.001059 0.361572 0.000000 0.343750 0.000000 0.343506 0.001059 0.343262 0.000000 0.342773 0.000000 0.342773 0.003178 0.343262 0.003708 0.343262 0.004767 0.342285 0.005826 0.342285 0.006886
1 0.326904 0.000000 0.328613 0.001589 0.330078 0.004767 0.330322 0.006886 0.331299 0.009004 0.331299 0.011653 0.332275 0.000000
1 0.305908 0.000000 0.306641 0.001589 0.306641 0.002648 0.307617 0.003708 0.309082 0.007945 0.308105 0.010064 0.309570 0.008475 0.310791 0.011123 0.311035 0.010593 0.311279 0.011653 0.312012 0.011123 0.312744 0.012182 0.313232 0.011123 0.313477 0.006886 0.316162 0.006356 0.317139 0.009534 0.318359 0.009004 0.320312 0.011653 0.320068 0.003708 0.319824 0.003178 0.318604 0.004767 0.316650 0.004767 0.316406 0.003178 0.315674 0.002119 0.315918 0.000000
