0 0.826904 0.996292 0.827148 0.999470 0.837158 0.999470 0.837158 0.996822 0.830566 0.997352
0 0.778076 0.995763 0.778320 0.999470 0.781494 0.999470 0.781250 0.996292
0 0.285645 0.993114 0.284668 0.993114 0.284180 0.992055 0.284180 0.990466 0.283936 0.992055 0.284424 0.994174 0.282715 0.997881 0.281250 0.998941 0.281006 0.997352 0.282715 0.993644 0.282227 0.990996 0.281738 0.991525 0.281738 0.994174 0.280273 0.997881 0.279785 0.997881 0.279541 0.996822 0.279053 0.999470 0.283936 0.999470 0.284180 0.995233 0.285156 0.994703
0 0.615234 0.949682 0.614258 0.951271 0.614258 0.952860 0.614990 0.951801 0.615234 0.949682 0.615723 0.950742 0.615723 0.952860 0.617188 0.957097 0.617188 0.958157 0.616699 0.958686 0.615234 0.954979 0.616455 0.959746 0.616455 0.961335 0.617188 0.962394 0.616699 0.960805 0.617188 0.958157 0.618652 0.959746 0.616943 0.953390
0 0.621094 0.938559 0.621094 0.940148 0.620117 0.940678 0.620117 0.947564 0.619873 0.948093 0.619385 0.945975 0.619385 0.948093 0.619873 0.949682 0.619873 0.951801 0.619873 0.949153 0.621094 0.949153 0.622559 0.958157 0.622314 0.959216 0.621094 0.958157 0.621094 0.959216 0.623047 0.962394 0.623535 0.964513 0.623291 0.968750 0.625488 0.975636 0.625488 0.977225 0.626221 0.978284 0.625732 0.977754 0.625977 0.976165 0.625488 0.972458 0.625977 0.971398 0.626465 0.967691 0.628418 0.974047 0.628418 0.971928 0.627441 0.969280 0.626465 0.962924 0.625732 0.963453 0.624512 0.961864 0.622803 0.957627 0.622803 0.954449 0.623291 0.953919 0.623291 0.949153 0.623779 0.948093 0.624756 0.950212 0.625244 0.950212 0.625977 0.952860 0.625977 0.951271 0.625244 0.948623 0.624268 0.947034 0.624512 0.946504 0.623291 0.942797 0.623291 0.940678 0.622559 0.940678 0.622314 0.938559
0 0.722656 0.932203 0.722656 0.940148 0.723145 0.940678 0.723145 0.942267 0.723877 0.942267 0.724365 0.940678 0.723389 0.940148 0.723389 0.932203
0 0.703857 0.930614 0.703857 0.931674 0.705566 0.935911 0.706055 0.934852 0.707275 0.938030 0.707275 0.934852 0.706543 0.932733 0.705078 0.932203
0 0.706543 0.922669 0.706299 0.921610 0.705566 0.921610 0.705078 0.920551 0.703857 0.923729 0.700928 0.924258 0.699707 0.923199 0.699707 0.925318 0.701416 0.926377 0.701904 0.924788 0.702393 0.925318 0.702637 0.924258 0.703369 0.926377 0.704346 0.926377 0.705566 0.923199
0 0.685303 0.917373 0.684570 0.917373 0.684082 0.918962 0.683350 0.917903 0.682861 0.918962 0.683838 0.920021 0.683594 0.922669 0.683105 0.923729 0.684326 0.924258 0.684326 0.923199 0.683594 0.922140 0.684326 0.920021 0.685303 0.922140 0.685303 0.920021 0.684814 0.918962
0 0.683105 0.914725 0.687988 0.909958 0.689697 0.941737 0.684082 0.953390 0.680420 0.949682 0.684814 0.964513 0.681885 0.962924 0.685547 0.966102 0.685303 0.952860 0.688232 0.969280 0.690430 0.960275 0.692871 0.976165 0.697510 0.972458 0.699951 0.985169 0.687744 0.976695 0.687500 0.985169 0.683350 0.974576 0.681641 0.983581 0.690186 0.984640 0.692871 0.999470 0.693359 0.983581 0.699463 0.999470 0.699707 0.990996 0.701416 0.999470 0.703125 0.991525 0.703613 0.999470 0.705322 0.992055 0.707275 0.999470 0.723877 0.999470 0.724121 0.992585 0.745117 0.999470 0.742432 0.983051 0.745605 0.997352 0.746826 0.990466 0.741211 0.978284 0.739258 0.954449 0.742188 0.950212 0.753662 0.979343 0.753662 0.966102 0.759033 0.981462 0.762207 0.980403 0.760498 0.967161 0.763672 0.979343 0.761475 0.968220 0.765869 0.968220 0.754639 0.952331 0.747559 0.953919 0.736816 0.936441 0.738770 0.927966 0.735352 0.925847 0.732910 0.937500 0.733398 0.926907 0.729004 0.920551 0.729980 0.933263 0.728760 0.926907 0.724121 0.932733 0.730469 0.938030 0.732910 0.958157 0.732178 0.941208 0.735352 0.943856 0.733887 0.960805 0.737793 0.970339 0.730713 0.957097 0.733154 0.986758 0.730225 0.940678 0.723145 0.948093 0.718750 0.940678 0.720947 0.923729 0.718750 0.933263 0.716309 0.918962 0.716309 0.926377 0.713135 0.916314 0.708008 0.916314 0.715820 0.932733 0.711426 0.930614 0.714844 0.935381 0.713135 0.942797 0.708496 0.930614 0.706787 0.948093 0.700928 0.930085 0.702393 0.939619 0.699463 0.942797 0.689941 0.916843 0.698975 0.925318 0.694580 0.905720 0.686523 0.905191
0 0.718506 0.904131 0.716553 0.908369 0.716309 0.909958 0.715332 0.909428 0.714111 0.911017 0.714600 0.912076 0.714111 0.914195 0.715576 0.916314 0.717285 0.916843 0.717285 0.918432 0.717773 0.919492 0.717529 0.914725 0.716309 0.912606 0.716309 0.909958 0.718506 0.909958 0.717285 0.911547 0.717529 0.912606 0.718262 0.911547 0.718750 0.912606 0.718262 0.914195 0.718994 0.914725 0.718506 0.921610 0.718750 0.923199 0.718262 0.924258 0.718750 0.923199 0.719482 0.923199 0.719482 0.915254 0.720459 0.914725 0.720459 0.912076 0.719971 0.911017 0.718994 0.911017 0.718506 0.909428
0 0.730225 0.892479 0.730957 0.893538 0.730469 0.895127 0.730957 0.895657 0.730225 0.896186 0.730469 0.899364 0.730225 0.899894 0.729980 0.898305 0.729980 0.899364 0.729004 0.901483 0.728516 0.900424 0.729004 0.898835 0.728271 0.897775 0.728760 0.898835 0.728027 0.899894 0.728271 0.903072 0.727539 0.903602 0.728271 0.905720 0.727539 0.906780 0.726562 0.906780 0.726562 0.908369 0.727783 0.908369 0.728271 0.909428 0.728027 0.913665 0.729004 0.908369 0.729980 0.908369 0.730225 0.910487 0.730469 0.907309 0.732178 0.907309 0.732666 0.908369 0.732422 0.914725 0.732910 0.914725 0.734375 0.917373 0.735107 0.920551 0.735352 0.917903 0.736328 0.919492 0.736816 0.918962 0.736816 0.917373 0.737549 0.918432 0.737061 0.913136 0.736572 0.912606 0.736816 0.911547 0.737305 0.911547 0.734863 0.911547 0.733887 0.908898 0.733154 0.902542 0.731445 0.897775 0.732666 0.895127 0.731934 0.894068 0.732178 0.893538
0 0.728516 0.891949 0.726318 0.890890 0.726807 0.890890 0.727295 0.892479 0.726562 0.893538 0.726562 0.897775 0.725830 0.898305 0.725342 0.899894 0.724365 0.898305 0.724854 0.897246 0.724365 0.897246 0.723389 0.894068 0.720215 0.894597 0.719727 0.896186 0.719482 0.899894 0.722412 0.899894 0.722656 0.902013 0.723633 0.904131 0.724854 0.904131 0.725342 0.903072 0.724854 0.902013 0.725342 0.900424 0.726807 0.898305 0.727051 0.896186 0.727783 0.896186 0.727295 0.896186 0.727051 0.894597 0.727783 0.894597
0 0.737793 0.872881 0.739258 0.871822 0.739746 0.872881 0.739502 0.873941 0.740479 0.875000 0.741211 0.873941 0.741211 0.871822 0.741943 0.871822 0.742188 0.873411 0.742920 0.872881 0.742920 0.870763 0.744629 0.872352 0.746338 0.869703 0.746826 0.865466 0.745850 0.865466 0.745361 0.866525 0.744629 0.865996 0.743408 0.868644 0.742432 0.866525 0.741943 0.867585 0.740723 0.864936 0.740967 0.864407 0.742432 0.864407 0.742676 0.865466 0.742920 0.864936 0.740967 0.864407
0 0.709717 0.779661 0.709961 0.781250 0.710938 0.783369 0.711426 0.783369 0.712158 0.786017 0.714844 0.788665 0.714600 0.787076 0.712891 0.785487
0 0.717773 0.650424 0.718262 0.652013 0.718750 0.651483 0.719482 0.653602 0.719482 0.656250 0.719482 0.655191 0.719971 0.654661 0.720947 0.658369 0.722412 0.660487 0.720703 0.655191 0.720703 0.650953 0.719727 0.650953 0.718750 0.648835 0.718994 0.650424 0.718506 0.651483
0 0.722168 0.647775 0.722412 0.650424 0.723145 0.651483 0.722656 0.652542 0.723145 0.651483 0.724365 0.654131 0.724609 0.658898 0.726074 0.656780 0.727539 0.659428 0.727783 0.658369 0.728027 0.658898 0.727783 0.657309 0.728271 0.655720 0.729248 0.658369 0.729736 0.657839 0.729492 0.656250 0.730225 0.655720 0.729492 0.654661 0.728760 0.650953 0.728271 0.650953 0.728760 0.652542 0.728271 0.653602 0.726318 0.649894 0.724854 0.648835 0.724609 0.647775 0.723389 0.649364 0.722900 0.649364
0 0.796143 0.605932 0.796387 0.609640 0.794922 0.610169 0.794434 0.611229 0.795410 0.613877 0.796143 0.613877 0.796387 0.614936 0.796875 0.606992
0 0.794189 0.597458 0.794189 0.598517 0.795410 0.601165 0.796387 0.601165 0.796875 0.602225 0.796875 0.603814 0.797607 0.601165 0.797607 0.598517 0.796875 0.597987 0.797607 0.599576 0.797363 0.600636 0.796875 0.600636 0.796631 0.599576 0.795898 0.600636
0 0.830322 0.586335 0.828125 0.587924 0.829102 0.588983 0.829102 0.591631 0.828125 0.593220 0.828125 0.594809 0.827393 0.596398 0.826660 0.596398 0.825928 0.598517 0.825439 0.597987 0.825439 0.595869 0.826172 0.595869 0.824463 0.593220 0.827393 0.592691 0.827393 0.591102 0.828369 0.590572 0.827881 0.589513 0.827393 0.590042 0.826416 0.588983 0.821045 0.592691 0.819336 0.591631 0.818359 0.592161 0.818359 0.591102 0.816162 0.591631 0.816162 0.593220 0.815430 0.592161 0.814453 0.593220 0.814941 0.594809 0.814453 0.596398 0.813965 0.596398 0.813232 0.594280 0.812256 0.595339 0.812744 0.599047 0.812988 0.597987 0.814453 0.599047 0.814453 0.596928 0.815430 0.597458 0.816162 0.599576 0.815918 0.601165 0.813965 0.601695 0.817383 0.606462 0.821289 0.604873 0.822021 0.606462 0.824707 0.608581 0.824707 0.606992 0.825684 0.602754 0.829346 0.592161
0 0.786621 0.585275 0.788818 0.589513 0.788818 0.591102 0.787598 0.591631 0.785645 0.588983 0.785889 0.591631 0.784912 0.593220 0.784424 0.592161 0.784424 0.593220 0.786621 0.597987 0.786621 0.594809 0.787354 0.594809 0.789795 0.599576 0.791016 0.605403 0.791504 0.603284 0.792236 0.603814 0.791504 0.602225 0.791748 0.601695 0.791260 0.599576 0.791992 0.599047 0.792236 0.600636 0.793213 0.596398 0.791992 0.593750 0.792236 0.594280 0.791748 0.594809 0.790527 0.593220 0.789795 0.591102 0.790283 0.590572 0.790527 0.591631 0.791748 0.592691 0.791504 0.591631 0.790283 0.590572 0.790771 0.589513 0.792236 0.590042 0.792969 0.588453 0.792969 0.586864 0.791504 0.585275 0.791748 0.586335 0.791260 0.587924 0.790527 0.586864 0.790771 0.587924 0.790283 0.588983 0.789551 0.588983 0.787354 0.586864
0 0.792969 0.579449 0.792969 0.583686 0.794434 0.585275 0.795654 0.584746 0.794678 0.582627 0.794189 0.582627
0 0.783203 0.575212 0.783447 0.577331 0.782715 0.577331 0.783203 0.578919 0.781494 0.581038 0.781494 0.583686 0.782959 0.586864 0.783691 0.586864 0.781982 0.582627 0.783447 0.582627 0.782715 0.581568 0.782959 0.579979 0.783936 0.579979 0.784912 0.583157 0.785400 0.582627 0.786133 0.584216 0.784912 0.581568 0.783203 0.576271
0 0.761719 0.565678 0.761719 0.570445 0.762451 0.570445 0.763672 0.573623 0.765869 0.576271 0.766357 0.578390 0.767822 0.581038 0.768555 0.581038 0.769043 0.579979 0.769775 0.581568 0.770264 0.581038 0.767578 0.577331 0.766602 0.574682 0.766846 0.573623 0.766357 0.573623 0.765625 0.572034 0.766113 0.570975 0.767822 0.570975 0.768311 0.573093 0.769043 0.573093 0.768799 0.570975 0.767822 0.569915 0.767578 0.567797 0.765869 0.564089 0.766357 0.565678 0.765869 0.566737 0.763184 0.566737 0.762939 0.565678
0 0.811523 0.561970 0.811523 0.565148 0.812256 0.566737 0.812744 0.566737 0.813232 0.564089
0 0.144287 0.560381 0.144043 0.567267 0.145752 0.567267 0.145752 0.564619 0.145264 0.564089 0.145264 0.562500 0.144287 0.561970
0 0.799316 0.505297 0.797852 0.506886 0.797119 0.509004 0.795898 0.509004 0.794922 0.511653 0.793701 0.512712 0.793457 0.513771 0.794434 0.515890 0.793945 0.516949 0.794434 0.519597 0.795410 0.519068 0.796143 0.516949 0.795166 0.516949 0.793701 0.513242 0.794678 0.512712 0.795166 0.514831 0.796387 0.515360 0.797119 0.513242 0.799316 0.510064 0.798340 0.507415 0.798828 0.505826 0.799561 0.505826
0 0.830566 0.497881 0.830566 0.501589 0.831543 0.502648 0.838135 0.503178 0.841797 0.506886 0.845459 0.506356 0.845947 0.505297 0.845703 0.504237 0.844238 0.503708 0.840820 0.500000 0.838379 0.496292 0.836670 0.497352
0 0.124023 0.478284 0.122070 0.476165 0.122803 0.477225 0.122803 0.478284 0.121338 0.481462 0.120361 0.481992 0.119873 0.480932 0.119141 0.480932 0.118652 0.481992 0.118164 0.479873 0.117188 0.480932 0.117432 0.481992 0.116943 0.484110 0.120605 0.483581 0.123047 0.477754
0 0.144287 0.440148 0.144043 0.442797 0.145020 0.444386 0.146729 0.442797 0.146240 0.440148 0.146240 0.442267 0.145752 0.443326 0.145264 0.442797 0.145508 0.441737 0.145264 0.442267 0.145020 0.440678
0 0.156006 0.434852 0.154785 0.434852 0.153564 0.437500 0.153320 0.439619 0.154297 0.438030 0.155273 0.439619 0.154541 0.441737 0.151367 0.443856 0.149902 0.447034 0.150635 0.447034 0.150879 0.445975 0.151367 0.445975 0.151855 0.443856 0.153320 0.443326 0.154785 0.441737 0.155029 0.440678 0.155518 0.441737 0.156494 0.438030 0.155273 0.437500 0.155029 0.435911 0.155762 0.435381 0.156006 0.436441
0 0.888428 0.418432 0.887451 0.416843 0.886230 0.416843 0.885010 0.417903 0.884277 0.420021 0.882568 0.421610 0.883301 0.422669 0.886963 0.421081
0 0.075928 0.412606 0.079590 0.412076 0.080322 0.408369 0.078125 0.408898 0.078125 0.406780 0.076904 0.406780 0.076660 0.407309 0.077148 0.408369 0.077637 0.407839 0.078125 0.408898 0.076172 0.410487
0 0.839844 0.401483 0.837891 0.402542 0.834473 0.402542 0.833496 0.406250 0.835205 0.406250 0.835693 0.410487 0.835693 0.408369 0.836182 0.407839 0.835693 0.407309 0.835693 0.403602
0 0.842773 0.400424 0.842773 0.401483 0.843506 0.403072 0.843750 0.402013 0.844482 0.402013 0.847412 0.405191 0.847412 0.402542 0.846680 0.402542 0.846436 0.401483 0.845215 0.401483 0.844971 0.400424 0.843994 0.399894
0 0.115479 0.365996 0.114746 0.368644 0.114990 0.369703 0.114258 0.374470 0.115479 0.375000
0 0.112305 0.364407 0.112305 0.372352 0.113037 0.372352 0.113037 0.364407
0 0.119873 0.354873 0.118652 0.352754 0.117920 0.353814 0.116699 0.358051 0.114746 0.358051 0.112061 0.360699 0.115723 0.359640 0.116943 0.358051 0.117676 0.358581
0 0.811768 0.353284 0.812012 0.354873 0.813965 0.358051 0.815918 0.357521 0.817139 0.360699 0.818359 0.360699 0.819336 0.362288 0.819336 0.360169 0.817871 0.360169 0.816650 0.358581 0.817139 0.356992 0.818115 0.358581 0.819092 0.358051 0.820557 0.359640 0.822510 0.359640 0.822266 0.358051 0.820801 0.358581 0.818359 0.355403 0.815918 0.354873 0.815674 0.353814 0.814209 0.352225 0.813477 0.353284
0 0.817139 0.349047 0.818115 0.349047 0.818359 0.350636 0.818848 0.350106 0.819336 0.351165 0.819580 0.350636 0.821289 0.351695 0.821777 0.354343 0.823730 0.359640 0.824219 0.363877 0.826904 0.367585 0.827637 0.367055 0.827393 0.363347 0.826172 0.362818 0.823975 0.359110 0.823486 0.356992 0.822510 0.355403 0.822021 0.351695 0.820557 0.350106 0.820068 0.350636 0.819580 0.349576
0 0.616455 0.173199 0.616699 0.174258 0.616211 0.174788 0.616211 0.177436 0.617188 0.177966 0.617188 0.188030 0.618652 0.188030 0.619141 0.189089 0.619385 0.188030 0.624756 0.188030 0.624756 0.192797 0.621094 0.192797 0.621094 0.194386 0.623779 0.194386 0.624023 0.196504 0.624756 0.196504 0.624756 0.194915 0.625244 0.194386 0.625244 0.186441 0.624512 0.185381 0.625244 0.182203 0.625732 0.183263 0.625488 0.184852 0.626709 0.186441 0.625977 0.184852 0.625977 0.181144 0.625244 0.179025 0.625244 0.177436 0.625000 0.176907 0.624756 0.177966 0.624023 0.177966 0.623535 0.176377 0.622559 0.176907 0.623291 0.177436 0.624268 0.180085 0.624268 0.183263 0.622803 0.186441 0.619141 0.186441 0.618896 0.183263 0.618408 0.182733 0.618408 0.181144 0.617920 0.180614 0.617920 0.179025 0.617432 0.177966 0.620361 0.177966 0.620850 0.179025 0.620605 0.183263 0.621582 0.184322 0.621338 0.182733 0.622070 0.180085 0.621094 0.182203 0.621094 0.177966 0.620605 0.178496 0.618652 0.174788
0 0.614502 0.155191 0.614258 0.159428 0.615234 0.161547 0.615967 0.161547 0.614990 0.158898 0.615234 0.157839 0.615967 0.158898 0.615723 0.155191
0 0.786621 0.130297 0.788086 0.134534 0.787598 0.135593 0.787598 0.137182 0.788574 0.139301 0.789307 0.139301 0.789307 0.135593 0.788818 0.135064 0.788818 0.130297
0 0.764160 0.128708 0.763916 0.129767 0.763184 0.129767 0.763672 0.130297 0.763184 0.131886 0.763672 0.132415 0.763672 0.135064 0.764893 0.135064 0.765137 0.137182 0.765625 0.136123 0.765381 0.132415 0.764893 0.131886 0.765137 0.131356 0.763916 0.130826 0.763916 0.129767 0.764404 0.129237
0 0.612305 0.125000 0.610352 0.130297 0.609863 0.128708 0.609375 0.128708 0.609619 0.129767 0.609131 0.130826 0.609131 0.135064 0.612305 0.126059
0 0.601807 0.118644 0.601562 0.121292 0.602539 0.122881 0.602539 0.126059 0.603516 0.127119 0.603516 0.128708 0.604248 0.128708 0.604248 0.125000 0.603760 0.124470 0.603760 0.122881 0.602783 0.121292 0.602783 0.118644
0 0.616943 0.118114 0.618164 0.118114 0.618408 0.119703 0.619873 0.119174 0.619873 0.120763 0.620361 0.120233 0.621826 0.122352 0.622314 0.121822 0.619873 0.119174 0.620361 0.115996 0.619629 0.115996 0.618408 0.118644 0.617920 0.117585
0 0.607910 0.103814 0.607422 0.105932 0.606689 0.105403 0.605225 0.107521 0.605469 0.111758 0.608887 0.111758 0.609131 0.112818 0.607666 0.114936 0.606201 0.114407 0.604980 0.118114 0.604492 0.122352 0.606689 0.116525 0.607422 0.116525 0.607910 0.117585 0.607910 0.119703 0.608154 0.117585 0.608643 0.118114 0.609619 0.117055 0.609863 0.125000 0.610352 0.115466 0.609619 0.113347 0.610352 0.112288 0.610352 0.110699 0.609131 0.110699 0.609131 0.108051 0.609863 0.107521 0.608643 0.106462
0 0.771973 0.099576 0.771729 0.103814 0.769531 0.104343 0.767090 0.108051 0.767090 0.109640 0.768066 0.110169 0.769775 0.106462 0.770752 0.106462 0.771240 0.109640 0.770508 0.112288 0.770996 0.113877 0.769531 0.115466 0.770508 0.118114 0.769531 0.118644 0.769531 0.120233 0.771240 0.121292 0.771484 0.123941 0.767822 0.127119 0.771240 0.124470 0.771973 0.125530 0.770508 0.129767 0.769287 0.129767 0.772217 0.130826 0.771484 0.132415 0.770508 0.131886 0.772217 0.136653 0.773926 0.134534 0.774414 0.137712 0.773438 0.141419 0.774902 0.141419 0.776123 0.138771 0.776611 0.140360 0.780029 0.135593 0.781250 0.138242 0.778564 0.142479 0.780029 0.140360 0.780762 0.143538 0.781738 0.142479 0.782959 0.143538 0.784424 0.140360 0.784424 0.137182 0.783447 0.138771 0.781250 0.137712 0.780029 0.133475 0.781982 0.134004 0.777832 0.129767 0.776367 0.132415 0.778564 0.131356 0.779297 0.134004 0.778076 0.135064 0.776611 0.134004 0.775146 0.136123 0.774170 0.132415 0.772705 0.132415 0.771973 0.127119 0.772461 0.126059 0.773682 0.130826 0.774414 0.127648 0.775391 0.128708 0.774902 0.130297 0.776611 0.129767 0.777832 0.127119 0.779541 0.129767 0.779053 0.128708 0.779541 0.126059 0.786377 0.124470 0.784424 0.122352 0.783203 0.124470 0.780273 0.125000 0.778564 0.121822 0.779053 0.118644 0.778076 0.121822 0.775146 0.116525 0.776123 0.114407 0.780762 0.116525 0.778564 0.114936 0.778320 0.111229 0.774414 0.111229 0.771484 0.109110 0.772705 0.105403 0.773438 0.105932 0.773193 0.107521 0.774658 0.106462 0.775635 0.103284 0.775391 0.101695 0.774902 0.104343 0.773926 0.103814 0.774170 0.101695 0.773193 0.101165 0.773193 0.098517
0 0.636475 0.070975 0.635254 0.073093 0.635254 0.075742 0.634277 0.076271 0.634277 0.084216 0.635498 0.084216 0.635498 0.078390 0.635986 0.077331 0.635742 0.077860 0.635498 0.076271 0.636475 0.075742
0 0.644287 0.063559 0.643799 0.064619 0.642822 0.064619 0.642334 0.066208 0.641602 0.065148 0.642334 0.067267 0.642334 0.069386 0.641357 0.072034 0.640381 0.069915 0.640381 0.068326 0.639893 0.070445 0.640625 0.070975 0.640625 0.075742 0.642090 0.075742 0.642578 0.077331 0.643066 0.077331 0.641846 0.075212 0.642334 0.074682 0.642334 0.071504 0.643066 0.068856 0.643799 0.068326 0.644043 0.069915 0.643555 0.069915 0.644043 0.071504 0.644287 0.070975 0.644043 0.069915 0.644775 0.066208
0 0.143311 0.056144 0.142578 0.056674 0.142334 0.061970 0.144531 0.067797 0.142578 0.061441 0.144287 0.060911 0.144531 0.056674
0 0.594727 0.046610 0.593994 0.050318 0.594238 0.050847 0.594971 0.049788 0.595215 0.050318 0.594727 0.051377 0.595703 0.051907 0.595703 0.054025 0.597168 0.051377 0.596436 0.052436 0.595703 0.051907 0.595459 0.050318 0.596436 0.049258 0.595947 0.047140 0.595215 0.047669
0 0.636963 0.045551 0.636719 0.058792 0.635254 0.059322 0.636230 0.066208 0.636475 0.059322 0.637451 0.058792 0.637451 0.050847 0.637939 0.050318 0.637939 0.048729 0.637451 0.048199 0.637451 0.046610
0 0.599609 0.036547 0.598877 0.037076 0.598633 0.034958 0.598145 0.037606 0.597168 0.039725 0.595703 0.038665 0.596680 0.040254 0.596191 0.041314 0.595703 0.040784 0.595459 0.042373 0.596191 0.041843 0.596680 0.042903 0.596924 0.040784 0.598877 0.038665
0 0.604492 0.033898 0.604492 0.041843 0.607178 0.041843 0.607422 0.045021 0.607910 0.046081 0.609131 0.046081 0.609375 0.048199 0.613037 0.048199 0.613037 0.046610 0.609375 0.046610 0.609131 0.042373 0.607422 0.042373 0.606689 0.040254 0.605469 0.040254 0.605225 0.036017 0.606689 0.035487 0.607178 0.033898
0 0.601562 0.025424 0.601562 0.033369 0.602295 0.033369 0.602295 0.025424
0 0.436523 0.024894 0.439209 0.024894 0.439209 0.023835 0.439941 0.022775 0.438965 0.022246 0.438721 0.021186 0.436768 0.020657 0.437500 0.021716 0.437012 0.022246 0.437012 0.023835
0 0.641113 0.019597 0.640381 0.021186 0.639648 0.021186 0.639648 0.022775 0.639160 0.023305 0.639160 0.027013 0.638672 0.027542 0.638672 0.029131 0.639648 0.031250 0.640381 0.031250 0.640381 0.028072 0.640869 0.027013 0.640381 0.023305 0.640869 0.022775
0 0.603027 0.016949 0.603027 0.024894 0.604248 0.024894 0.604248 0.016949
0 0.636230 0.012182 0.635986 0.014301 0.635254 0.014831 0.635498 0.017479 0.635010 0.018538 0.635498 0.019068 0.635498 0.020657 0.635498 0.016949 0.636475 0.016419 0.636963 0.022775 0.637207 0.017479 0.636475 0.016419 0.636475 0.014831 0.635986 0.014301 0.636230 0.013242 0.636963 0.013771 0.636963 0.012712
0 0.601318 0.004237 0.600830 0.004767 0.600830 0.006356 0.601562 0.007945 0.600098 0.009004 0.600098 0.010064 0.600586 0.010593 0.600586 0.013242 0.601074 0.013771 0.601074 0.016419 0.601318 0.008475 0.602295 0.007945
0 0.595947 0.003178 0.594727 0.004237 0.594727 0.005826 0.594238 0.006356 0.593994 0.008475 0.592285 0.009004 0.593262 0.011123 0.594971 0.011123 0.595459 0.010064 0.595459 0.008475 0.595947 0.007945
0 0.602051 0.004767 0.603760 0.004767 0.604004 0.003708 0.605225 0.003708 0.605225 0.002119 0.603271 0.002119 0.602295 0.003178
0 0.594482 0.000000 0.593750 0.001059 0.593018 0.000000 0.592529 0.001589 0.592529 0.003708 0.591553 0.002119 0.591309 0.000000 0.591309 0.003708 0.592041 0.006886 0.593750 0.001059
0 0.423340 0.000000 0.423828 0.002648 0.423584 0.003708 0.424561 0.004767 0.425049 0.003708 0.425049 0.001589 0.425537 0.000000
0 0.387695 0.000000 0.387939 0.002648 0.388428 0.001589 0.389893 0.002648 0.391846 0.007415 0.391357 0.005826 0.391602 0.004767 0.392578 0.006886 0.394287 0.004767 0.394287 0.003178 0.393799 0.002119 0.393066 0.002119 0.392822 0.001059 0.391602 0.003178 0.391357 0.005297 0.390869 0.003178 0.389893 0.002119 0.389160 0.000000
0 0.000000 0.219809 0.000000 0.500000 0.057373 0.485169 0.113525 0.318326 0.167725 0.419492 0.109131 0.497881 0.166504 0.553496 0.114746 0.639301 0.238770 0.642479 0.157959 0.712924 0.123291 0.999470 0.624268 0.999470 0.614258 0.905191 0.681885 0.999470 0.628662 0.814619 0.675537 0.726165 0.692139 0.831568 0.691895 0.755297 0.713867 0.793962 0.692627 0.682733 0.771973 0.601695 0.762695 0.511123 0.833740 0.578390 0.779785 0.563030 0.772461 0.468220 0.866211 0.493644 0.883301 0.442797 0.837158 0.425318 0.898193 0.421081 0.801514 0.372881 0.818604 0.178496 0.747803 0.151483 0.789795 0.000000 0.645996 0.000000 0.638428 0.116525 0.612793 0.000000 0.619629 0.208157 0.600586 0.000000 0.151123 0.000000 0.155029 0.097987 0.088379 0.063559
0 0.143555 0.000000 0.143555 0.002648 0.144287 0.002648 0.144531 0.004767 0.146729 0.004767 0.145752 0.002648 0.145752 0.001059 0.145264 0.000000
1 0.655029 0.996822 0.654053 0.995233 0.652588 0.996822 0.651611 0.995763 0.651611 0.998411 0.655029 0.997881
1 0.345703 0.992585 0.345459 0.994703 0.345947 0.995763 0.345215 0.996822 0.345215 0.997881 0.346191 0.999470 0.346191 0.997352 0.346924 0.998411 0.347168 0.997881 0.346436 0.996822 0.346436 0.994703 0.346924 0.993644 0.346436 0.992585
1 0.336670 0.992055 0.336914 0.996292 0.336426 0.996822 0.335938 0.999470 0.338623 0.999470 0.339111 0.997881 0.338379 0.994703 0.337891 0.995763 0.337158 0.992585
1 0.328613 0.999470 0.331299 0.999470 0.330811 0.997881 0.331055 0.997352 0.332031 0.999470 0.333984 0.999470 0.335205 0.996822 0.334961 0.995763 0.333740 0.995233 0.333740 0.992055 0.333252 0.992055 0.332520 0.994174 0.331543 0.994703 0.331299 0.993114 0.330811 0.994174 0.330322 0.993114 0.331055 0.991525 0.330078 0.992585 0.329834 0.990996 0.329590 0.993114 0.329102 0.993644 0.329102 0.996292 0.328613 0.996822 0.328613 0.997881 0.329346 0.997881 0.330322 0.996292 0.330811 0.998411 0.330078 0.999470
1 0.285645 0.993114 0.284668 0.993114 0.284180 0.992055 0.284180 0.990466 0.283936 0.992055 0.284424 0.994174 0.282715 0.997881 0.281250 0.998941 0.281006 0.997352 0.282715 0.993644 0.282227 0.990996 0.281738 0.991525 0.281738 0.994174 0.280273 0.997881 0.279785 0.997881 0.279541 0.996822 0.279053 0.999470 0.282715 0.999470 0.282959 0.998411 0.283203 0.999470 0.283936 0.999470 0.284180 0.995233 0.285156 0.994703
1 0.669678 0.988347 0.670410 0.989936 0.669678 0.990996 0.669678 0.995233 0.668701 0.997352 0.669434 0.998411 0.670654 0.998411 0.669922 0.995763 0.670166 0.992585 0.671387 0.988347
1 0.691895 0.986229 0.691406 0.987288 0.691406 0.988877 0.692871 0.991525 0.692871 0.994174 0.693848 0.994703 0.694336 0.996292 0.694336 0.994174 0.693359 0.992585 0.693848 0.991525 0.693848 0.988877 0.693115 0.989407
1 0.732422 0.995763 0.732910 0.997352 0.732422 0.997881 0.732422 0.999470 0.733154 0.999470 0.733398 0.996822 0.734131 0.997881 0.734375 0.999470 0.737305 0.999470 0.737305 0.997881 0.738037 0.999470 0.739258 0.999470 0.738525 0.997881 0.739258 0.997352 0.740234 0.999470 0.745117 0.999470 0.742920 0.994703 0.742676 0.995233 0.743652 0.997352 0.743164 0.999470 0.742432 0.997352 0.739990 0.994703 0.739258 0.994703 0.738281 0.997352 0.738037 0.995233 0.737305 0.996292 0.736816 0.995233 0.737305 0.987288 0.736328 0.985169 0.736816 0.987288 0.736572 0.988877 0.734863 0.985169 0.735840 0.992055 0.735352 0.992585 0.734375 0.990996
1 0.354492 0.984110 0.353271 0.985699 0.353027 0.985169 0.352539 0.986758 0.353027 0.987818 0.351807 0.991525 0.351318 0.990996 0.351318 0.989407 0.350586 0.989407 0.350586 0.990996 0.351318 0.990996 0.351562 0.993644 0.352051 0.993644 0.351562 0.996292 0.352051 0.996292 0.352295 0.995233 0.351807 0.992585 0.352295 0.992055 0.352783 0.993644 0.352783 0.992055 0.352295 0.991525 0.352539 0.988877 0.353027 0.988347 0.353516 0.989936 0.353271 0.987818 0.354492 0.985169 0.355225 0.985699
1 0.743652 0.983051 0.743652 0.985169 0.745850 0.990996 0.746582 0.990996 0.746826 0.990466 0.745361 0.985169 0.744629 0.985169
1 0.614746 0.983051 0.614502 0.984640 0.615234 0.986758 0.615234 0.988347 0.615967 0.989936 0.615723 0.988877 0.616211 0.987818 0.616943 0.987818 0.616943 0.984110 0.616455 0.985169 0.615723 0.985169
1 0.315186 0.981992 0.314697 0.985169 0.313965 0.984110 0.312256 0.989936 0.311279 0.992055 0.311035 0.990996 0.310547 0.991525 0.310791 0.995233 0.309814 0.999470 0.313721 0.999470 0.313721 0.997352 0.314453 0.997352 0.314697 0.995763 0.314453 0.996292 0.313232 0.994174 0.313232 0.991525 0.314209 0.988877 0.313477 0.989936 0.311279 0.997881 0.310791 0.996822 0.311279 0.995233 0.311279 0.993114 0.312012 0.992055 0.313232 0.987818 0.313965 0.987288 0.313965 0.985699 0.314697 0.985699
1 0.140869 0.989407 0.140869 0.990466 0.141602 0.991525 0.140625 0.993114 0.141113 0.993644 0.140625 0.994703 0.140625 0.996292 0.141602 0.994174 0.142334 0.994174 0.143066 0.997352 0.141113 0.997352 0.140625 0.997881 0.140625 0.999470 0.143799 0.999470 0.143799 0.996292 0.144287 0.994703 0.144775 0.997352 0.145508 0.997352 0.145996 0.999470 0.152344 0.999470 0.152588 0.993644 0.152100 0.993114 0.153809 0.989407 0.153564 0.988347 0.151855 0.988347 0.151367 0.987288 0.150879 0.988877 0.152100 0.988877 0.152100 0.991525 0.148682 0.991525 0.148193 0.989407 0.148682 0.988347 0.149902 0.988877 0.149170 0.987288 0.150146 0.986229 0.149658 0.984640 0.149658 0.982521 0.148926 0.982521 0.148682 0.983581 0.148438 0.983051 0.148193 0.985699 0.147461 0.985169 0.146973 0.990996 0.147949 0.990996 0.148438 0.992055 0.148193 0.993644 0.146729 0.993644 0.145996 0.991525 0.145264 0.993644 0.144531 0.993644 0.144043 0.991525 0.143311 0.992585 0.143555 0.994174 0.143066 0.994703 0.142090 0.993114 0.142822 0.992055 0.142334 0.990996 0.142334 0.988347 0.143066 0.986758 0.144287 0.986758 0.145264 0.985699 0.145264 0.983051 0.145996 0.982521 0.146240 0.980932 0.145264 0.983051 0.144043 0.982521 0.143555 0.984640 0.142578 0.986229 0.142578 0.987818 0.141846 0.989407
1 0.667236 0.978284 0.667236 0.979343 0.668213 0.981462 0.667969 0.985699 0.670898 0.985699 0.670166 0.981992 0.670654 0.980403 0.670410 0.979343 0.670166 0.982521 0.669434 0.984110 0.668457 0.982521 0.668457 0.980403 0.667969 0.980403
1 0.141846 0.978284 0.141113 0.981462 0.140625 0.981992 0.140625 0.986229 0.142090 0.984640 0.142578 0.983051 0.142334 0.980932 0.141846 0.980403
1 0.690186 0.982521 0.689209 0.979343 0.687744 0.976695 0.689941 0.983051 0.689941 0.984110 0.689209 0.984640 0.687988 0.981992 0.687744 0.982521 0.688721 0.983581 0.688477 0.985169 0.686035 0.985169 0.685791 0.986229 0.684814 0.985169 0.683594 0.985699 0.686035 0.986229 0.686523 0.987818 0.686768 0.986758 0.689209 0.986758 0.690186 0.984640
1 0.207520 0.976695 0.206543 0.978814 0.205811 0.978284 0.206055 0.976695 0.205811 0.978814 0.205078 0.980403 0.204102 0.980403 0.204102 0.982521 0.203125 0.983051 0.203857 0.984110 0.204102 0.985699 0.204346 0.983581 0.205078 0.981992 0.205811 0.981992
1 0.124512 0.985699 0.124268 0.987818 0.125000 0.988347 0.125000 0.990466 0.125488 0.991525 0.126465 0.990466 0.127441 0.991525 0.127197 0.993114 0.126465 0.993114 0.126953 0.993644 0.126709 0.996292 0.127686 0.995233 0.127930 0.996292 0.127197 0.997881 0.126221 0.996822 0.125732 0.997881 0.125000 0.997881 0.124512 0.993644 0.124023 0.994703 0.124756 0.996822 0.124023 0.997352 0.124023 0.998411 0.126221 0.997881 0.126465 0.999470 0.139893 0.999470 0.139893 0.997881 0.139404 0.997352 0.139404 0.991525 0.140381 0.990996 0.140381 0.989407 0.139404 0.989407 0.139160 0.988347 0.140137 0.987288 0.139648 0.987288 0.139404 0.985699 0.138184 0.989407 0.137451 0.988877 0.138184 0.986229 0.137939 0.983051 0.138428 0.982521 0.139160 0.983581 0.140137 0.980932 0.139893 0.979873 0.139160 0.980932 0.138428 0.980403 0.139648 0.978284 0.139648 0.977225 0.137695 0.977754 0.137207 0.978814 0.136963 0.977754 0.136230 0.977754 0.135498 0.980932 0.135010 0.980403 0.135010 0.977754 0.134521 0.978814 0.134033 0.977754 0.133545 0.980403 0.133789 0.981462 0.133301 0.981992 0.132568 0.980403 0.133057 0.976695 0.131836 0.976695 0.132568 0.979343 0.132324 0.980403 0.132812 0.980932 0.132812 0.982521 0.131836 0.983051 0.131104 0.987288 0.130615 0.984640 0.131348 0.983581 0.131348 0.980932 0.130615 0.979873 0.131104 0.976695 0.130371 0.976695 0.130127 0.979873 0.130615 0.980932 0.130127 0.982521 0.130615 0.984110 0.129639 0.986229 0.128906 0.986229 0.128662 0.985169 0.128174 0.986229 0.127930 0.985169 0.127686 0.986229 0.126709 0.986229 0.125977 0.988877 0.125000 0.988347 0.125732 0.986229 0.125244 0.985169
1 0.692383 0.984110 0.693359 0.983581 0.694336 0.984640 0.694824 0.987818 0.694336 0.989407 0.697510 0.997881 0.697021 0.994174 0.697754 0.993644 0.697998 0.995233 0.698242 0.994174 0.697510 0.993114 0.696533 0.989407 0.697266 0.988877 0.699707 0.994174 0.699463 0.999470 0.700195 0.999470 0.699951 0.997881 0.700439 0.996292 0.699219 0.992055 0.699707 0.990996 0.701904 0.995233 0.701904 0.996822 0.701172 0.997352 0.701416 0.999470 0.702637 0.998941 0.702393 0.994703 0.703125 0.991525 0.703613 0.992055 0.703369 0.992585 0.703857 0.994703 0.703613 0.999470 0.705322 0.999470 0.704590 0.994703 0.705322 0.992055 0.707275 0.999470 0.708008 0.998941 0.707520 0.997881 0.707764 0.997352 0.706787 0.995763 0.707031 0.994703 0.707275 0.995233 0.707275 0.993644 0.706543 0.994703 0.705811 0.992585 0.704102 0.990996 0.705322 0.989407 0.704590 0.988347 0.705811 0.987288 0.704590 0.987818 0.704346 0.986229 0.703125 0.987288 0.701660 0.982521 0.701904 0.981462 0.701660 0.980932 0.701172 0.981992 0.701172 0.980932 0.700928 0.981462 0.700195 0.979873 0.700195 0.978284 0.699219 0.977225 0.698975 0.978284 0.697998 0.976695 0.698486 0.976165 0.698242 0.975106 0.698242 0.976165 0.697754 0.976165 0.697754 0.980403 0.699951 0.985169 0.698975 0.986758 0.697754 0.984110 0.697754 0.982521 0.697510 0.983051 0.698730 0.987288 0.698486 0.989407 0.696289 0.986229 0.695801 0.986758 0.695312 0.985699 0.695312 0.981992 0.695068 0.983581 0.692871 0.983051
1 0.314697 0.972987 0.314209 0.974576 0.313477 0.974576 0.313965 0.975106 0.313965 0.976165 0.313477 0.976695 0.313477 0.980403 0.313232 0.980932 0.312500 0.979343 0.312500 0.980403 0.312988 0.980932 0.312988 0.984640 0.312988 0.983051 0.314453 0.981992 0.314209 0.980932 0.314697 0.980403 0.314697 0.974576 0.315186 0.973517
1 0.588379 0.970339 0.589355 0.974576 0.589355 0.976165 0.588623 0.977225 0.587891 0.974576 0.587158 0.974576 0.588135 0.977225 0.588135 0.978284 0.587402 0.979873 0.587891 0.980932 0.588379 0.980403 0.589111 0.981992 0.589600 0.985699 0.590088 0.986758 0.591309 0.987288 0.591797 0.988347 0.591553 0.989936 0.592041 0.989936 0.592285 0.988347 0.591553 0.980932 0.592041 0.979343 0.592529 0.979343 0.592529 0.978284 0.591553 0.979343
1 0.301270 0.970339 0.298340 0.973517 0.299805 0.974576 0.299805 0.978284 0.300293 0.977225 0.301025 0.978284 0.301025 0.975106 0.300781 0.976165 0.300293 0.975106 0.300537 0.971398 0.301025 0.970869 0.301514 0.971928 0.301025 0.970869
1 0.200684 0.987288 0.201660 0.986758 0.201172 0.984640 0.200684 0.987818 0.201904 0.987818 0.202148 0.990996 0.204590 0.991525 0.206299 0.990996 0.208252 0.986758 0.208984 0.990996 0.207031 0.991525 0.203613 0.998941 0.208252 0.999470 0.210205 0.995233 0.210205 0.992055 0.211182 0.990466 0.212891 0.991525 0.213379 0.987818 0.214600 0.987818 0.216309 0.992055 0.217285 0.990466 0.217773 0.992055 0.216553 0.989936 0.220215 0.984640 0.220459 0.987288 0.219238 0.988877 0.221924 0.988877 0.221436 0.986758 0.222168 0.983581 0.223877 0.986758 0.223633 0.983051 0.221191 0.983581 0.221191 0.980932 0.223877 0.981462 0.224121 0.983051 0.226318 0.978284 0.226562 0.985169 0.225586 0.984110 0.225586 0.986229 0.223145 0.989407 0.220947 0.997881 0.217285 0.997881 0.216797 0.994703 0.214844 0.999470 0.228760 0.999470 0.229736 0.997352 0.227783 0.992585 0.226562 0.994703 0.226318 0.992055 0.224854 0.990996 0.227783 0.983581 0.226318 0.977754 0.224854 0.978284 0.224854 0.974576 0.224365 0.978814 0.224121 0.974576 0.223389 0.977754 0.222412 0.974576 0.219482 0.977754 0.218262 0.975636 0.218750 0.979873 0.217529 0.982521 0.218018 0.986758 0.216553 0.987818 0.215820 0.986758 0.217285 0.979873 0.216309 0.984110 0.214844 0.984110 0.215332 0.979343 0.215576 0.982521 0.216309 0.981992 0.214844 0.975636 0.214844 0.981462 0.213867 0.983051 0.213135 0.977754 0.211182 0.976695 0.212158 0.973517 0.210205 0.970339 0.208984 0.977754 0.207520 0.979343 0.207520 0.986229 0.206055 0.989407 0.204834 0.988347 0.206787 0.984640 0.204102 0.987288 0.205078 0.987818 0.203857 0.990996 0.202393 0.988877 0.202881 0.987818
1 0.618652 0.969280 0.618652 0.970339 0.619385 0.971928 0.619629 0.978284 0.620605 0.984110 0.620117 0.984640 0.619385 0.982521 0.618164 0.982521 0.618652 0.984110 0.617920 0.984640 0.617920 0.986758 0.618896 0.984110 0.620117 0.986229 0.620361 0.987818 0.619629 0.988877 0.619873 0.989936 0.618652 0.991525 0.618652 0.994174 0.618164 0.994703 0.617676 0.999470 0.618408 0.994703 0.618408 0.998941 0.618652 0.996822 0.619385 0.995763 0.619629 0.997881 0.620361 0.999470 0.622070 0.999470 0.621826 0.996292 0.621094 0.994174 0.621094 0.990466 0.621582 0.989407 0.622559 0.989936 0.623291 0.991525 0.622314 0.993114 0.622314 0.995763 0.623047 0.998411 0.623047 0.996292 0.624268 0.999470 0.624268 0.996822 0.623779 0.995763 0.624512 0.993644 0.621094 0.983581 0.620361 0.979343 0.620361 0.974576 0.619873 0.974047 0.619873 0.971928
1 0.333008 0.976695 0.332764 0.979343 0.332031 0.979873 0.331787 0.978814 0.331543 0.980403 0.331055 0.979343 0.331299 0.978814 0.330811 0.979343 0.329834 0.977225 0.329834 0.975106 0.330322 0.973517 0.329590 0.976165 0.329590 0.978284 0.328369 0.979343 0.328125 0.978284 0.328125 0.979343 0.326660 0.983051 0.326416 0.980932 0.327881 0.977225 0.327637 0.976165 0.326904 0.977754 0.326660 0.977225 0.327148 0.971398 0.327637 0.970339 0.327881 0.970869 0.327881 0.969280 0.327148 0.969280 0.327393 0.970339 0.326416 0.974576 0.325195 0.974576 0.324951 0.973517 0.322266 0.974576 0.322266 0.977225 0.320312 0.981462 0.321533 0.978814 0.321777 0.980403 0.322266 0.980403 0.322266 0.981992 0.320557 0.986758 0.320068 0.986229 0.320312 0.984110 0.321533 0.981462 0.320801 0.982521 0.320068 0.986229 0.319580 0.986229 0.319336 0.985169 0.319580 0.987288 0.320312 0.986758 0.320557 0.988347 0.319580 0.990466 0.319336 0.988877 0.319092 0.989936 0.318604 0.988877 0.318604 0.987288 0.317871 0.986758 0.317871 0.989936 0.318359 0.988877 0.318848 0.993114 0.319336 0.993644 0.319336 0.997352 0.319092 0.997881 0.318848 0.995763 0.318359 0.995233 0.317627 0.996822 0.317139 0.996822 0.317139 0.995763 0.316406 0.995763 0.316895 0.997352 0.316895 0.999470 0.317383 0.999470 0.317627 0.996822 0.318359 0.995233 0.318848 0.996292 0.318848 0.999470 0.323975 0.999470 0.323975 0.997881 0.324707 0.996292 0.324707 0.993644 0.325684 0.995233 0.325684 0.997352 0.326660 0.995233 0.327881 0.995233 0.327881 0.991525 0.329346 0.990996 0.329346 0.988877 0.329834 0.987288 0.331055 0.986758 0.331543 0.983581 0.333008 0.980403
1 0.415283 0.966102 0.414062 0.966102 0.415283 0.966631 0.414551 0.968220 0.412598 0.967161 0.413086 0.968750 0.412354 0.969809 0.411865 0.968220 0.411133 0.968220 0.410889 0.969280 0.410156 0.969280 0.410156 0.970869 0.408936 0.972987 0.409668 0.973517 0.409424 0.972458 0.409912 0.971928 0.410156 0.974047 0.410889 0.974047 0.409912 0.971928 0.410645 0.969809 0.411621 0.970869 0.411377 0.971928 0.411865 0.970869 0.412598 0.970869 0.412598 0.969280 0.414551 0.969809 0.413574 0.968750 0.415283 0.967691
1 0.728760 0.963983 0.729004 0.965572 0.728271 0.966631 0.728271 0.968750 0.728760 0.969809 0.729004 0.972458 0.728516 0.972987 0.727539 0.969280 0.727051 0.970339 0.727783 0.971928 0.727539 0.974047 0.728027 0.974576 0.728271 0.979873 0.727539 0.981462 0.727051 0.981462 0.726562 0.979873 0.726318 0.984110 0.726807 0.983581 0.727295 0.985169 0.726318 0.985699 0.727295 0.985699 0.727783 0.987288 0.727539 0.987818 0.728027 0.988347 0.728027 0.992055 0.727539 0.992585 0.727295 0.991525 0.726562 0.991525 0.726562 0.992585 0.728271 0.995233 0.727783 0.996822 0.729004 0.998411 0.728516 0.996822 0.729736 0.996822 0.728516 0.996292 0.728271 0.994703 0.729736 0.994174 0.730225 0.996292 0.730225 0.994174 0.731201 0.996292 0.731689 0.991525 0.730713 0.991525 0.729248 0.988347 0.729004 0.988877 0.728516 0.987818 0.728760 0.986229 0.729248 0.985699 0.730469 0.987818 0.730469 0.988877 0.731201 0.988877 0.732178 0.990996 0.730957 0.988347 0.730957 0.987288 0.731689 0.986758 0.732666 0.989936 0.733154 0.988877 0.733154 0.986758 0.731689 0.982521 0.731445 0.977225 0.730957 0.976165 0.731445 0.977225 0.731201 0.977754 0.730469 0.976695 0.730469 0.974576 0.731445 0.974576 0.730957 0.970339 0.730469 0.969280 0.730713 0.967161 0.729980 0.964513 0.729004 0.965042
1 0.689941 0.962394 0.689941 0.963453 0.691162 0.965572 0.691162 0.968220 0.691162 0.966631 0.692139 0.963453 0.693115 0.965042 0.693604 0.968220 0.694336 0.968750 0.693848 0.965572 0.693359 0.965572 0.691406 0.962394 0.691650 0.962924 0.691162 0.963453 0.690918 0.962394 0.690674 0.963983
1 0.422363 0.969280 0.422363 0.970869 0.423340 0.971928 0.423584 0.973517 0.424561 0.971398 0.424072 0.970869 0.424072 0.968220 0.425049 0.967691 0.425293 0.966631 0.426270 0.967161 0.426270 0.968750 0.425781 0.969280 0.425781 0.970869 0.426270 0.971928 0.426270 0.970869 0.427002 0.970339 0.427734 0.972458 0.427734 0.969809 0.429199 0.968750 0.429443 0.970339 0.428711 0.974047 0.428955 0.972987 0.429443 0.974047 0.428955 0.972987 0.429443 0.970869 0.430420 0.970869 0.430664 0.969809 0.430908 0.970869 0.431885 0.970869 0.432129 0.968750 0.432617 0.971928 0.433350 0.970869 0.433350 0.969280 0.432861 0.968220 0.432617 0.969809 0.432129 0.968750 0.432373 0.967161 0.431396 0.967161 0.431641 0.968750 0.430664 0.969280 0.430420 0.967161 0.429932 0.966631 0.430420 0.965572 0.429932 0.963983 0.429443 0.966102 0.428711 0.966102 0.427979 0.963983 0.427002 0.963453 0.427002 0.961864 0.425781 0.961864 0.425537 0.965042 0.425049 0.963983 0.424316 0.963983 0.423584 0.966102 0.422852 0.966102 0.422852 0.968750
1 0.370117 0.963983 0.370850 0.965042 0.370605 0.965572 0.373291 0.965572 0.372314 0.961864 0.370850 0.961864 0.370850 0.962924
1 0.659180 0.960805 0.658936 0.961864 0.658203 0.961864 0.657471 0.963983 0.656738 0.963983 0.656250 0.965042 0.656738 0.966102 0.656494 0.967161 0.654785 0.967161 0.656006 0.967161 0.656250 0.968750 0.656738 0.968750 0.656738 0.969809 0.657715 0.970339 0.658447 0.971928 0.658447 0.972987 0.657715 0.974047 0.657227 0.972458 0.656738 0.972458 0.657227 0.973517 0.657227 0.975636 0.656738 0.977225 0.655762 0.976165 0.656250 0.973517 0.655273 0.974047 0.654785 0.972987 0.655029 0.970339 0.654297 0.969809 0.654785 0.969280 0.653809 0.969280 0.653564 0.971398 0.653076 0.970339 0.652832 0.970869 0.653320 0.971398 0.653076 0.974576 0.654053 0.982521 0.653320 0.984110 0.653320 0.985699 0.653320 0.984110 0.654541 0.982521 0.655273 0.984640 0.655273 0.988347 0.656494 0.990996 0.657715 0.990466 0.658447 0.985169 0.659180 0.984640 0.660400 0.987288 0.660400 0.990996 0.661133 0.992585 0.661133 0.986229 0.662109 0.984110 0.662109 0.982521 0.661377 0.979873 0.661865 0.978284 0.662354 0.978284 0.663086 0.979873 0.663330 0.979343 0.661621 0.976695 0.660889 0.972987 0.661133 0.970869 0.660156 0.969280 0.660645 0.967161 0.660156 0.967161 0.659912 0.965572 0.660400 0.964513 0.661133 0.965042 0.661133 0.966631 0.661865 0.966102 0.660889 0.964513 0.661133 0.962924 0.660645 0.964513 0.659912 0.963983 0.659912 0.960805
1 0.638916 0.960805 0.639160 0.962394 0.638428 0.963983 0.638184 0.961335 0.638184 0.965042 0.638672 0.966631 0.639160 0.965572 0.639404 0.967691 0.639404 0.966631 0.640381 0.965572 0.640625 0.962924 0.640381 0.961864 0.639893 0.961864 0.639648 0.963453 0.638916 0.961864
1 0.617920 0.960805 0.617920 0.963453 0.619629 0.966631 0.619873 0.968750 0.619873 0.966102 0.620605 0.965042 0.620850 0.963453 0.621094 0.963983 0.621094 0.968750 0.622070 0.971398 0.622803 0.981992 0.622803 0.974047 0.622314 0.972987 0.622314 0.971398 0.623047 0.971398 0.624023 0.975106 0.624023 0.977225 0.624512 0.976695 0.625000 0.978284 0.623535 0.971928 0.621094 0.967161 0.620850 0.961864 0.619141 0.960805 0.620605 0.964513 0.619629 0.966102 0.619141 0.965042 0.619385 0.963983
1 0.423096 0.961335 0.422363 0.960805 0.421631 0.962924 0.417969 0.962924 0.417969 0.964513 0.417480 0.965572 0.417969 0.964513 0.418457 0.965572 0.420654 0.965572 0.421387 0.963453 0.422119 0.964513 0.423096 0.962394
1 0.640869 0.960275 0.642822 0.966631 0.642578 0.968750 0.641846 0.968220 0.642578 0.969280 0.642334 0.970339 0.641113 0.970339 0.641113 0.968220 0.640625 0.968220 0.640381 0.967161 0.640381 0.968220 0.640869 0.968750 0.640869 0.979343 0.641602 0.981462 0.641357 0.978814 0.642090 0.977754 0.643066 0.978284 0.643066 0.984110 0.643066 0.981992 0.643799 0.979873 0.643311 0.977754 0.644043 0.976165 0.644043 0.974047 0.645020 0.972458 0.645752 0.973517 0.645752 0.975636 0.645020 0.976695 0.646973 0.981992 0.647461 0.985169 0.647461 0.983051 0.646484 0.978284 0.646973 0.977225 0.648926 0.982521 0.649170 0.977754 0.650391 0.977225 0.649902 0.977225 0.649170 0.975106 0.649170 0.972458 0.651123 0.975636 0.652100 0.976165 0.652344 0.974576 0.651123 0.975106 0.649658 0.971928 0.649414 0.969280 0.648193 0.971398 0.647949 0.969809 0.648438 0.967691 0.646973 0.968220 0.645996 0.966102 0.646240 0.965042 0.645508 0.962924 0.645020 0.963983 0.644531 0.962924 0.645020 0.962394 0.644531 0.961335 0.644531 0.962394 0.644043 0.962924 0.643555 0.960805 0.642578 0.960805 0.643311 0.961335 0.643555 0.962924 0.644287 0.963453 0.644775 0.965042 0.644043 0.966102 0.644287 0.969809 0.643311 0.970869 0.643066 0.967691 0.643555 0.966631 0.643311 0.965042 0.643799 0.964513 0.642578 0.963453
1 0.161865 0.958686 0.161377 0.958157 0.161377 0.959216 0.161865 0.959746 0.161621 0.960805 0.161133 0.960805 0.160156 0.958686 0.160156 0.964513 0.160889 0.964513 0.161865 0.962394
1 0.376465 0.957627 0.375977 0.958686 0.375977 0.960275 0.375488 0.960805 0.375488 0.962394 0.375977 0.962924 0.375977 0.964513 0.376465 0.965572 0.377197 0.965572 0.376465 0.965042 0.376465 0.963453 0.376953 0.963453 0.376709 0.962394 0.377441 0.961864 0.377686 0.964513 0.378174 0.960805 0.377686 0.960275 0.377686 0.958686 0.377197 0.957627 0.376953 0.959216
1 0.158691 0.957097 0.158203 0.957097 0.158203 0.958157 0.157471 0.959216 0.156982 0.957627 0.156982 0.958686 0.157715 0.960275 0.156494 0.961864 0.155762 0.960805 0.155762 0.958686 0.155273 0.959746 0.155273 0.963453 0.156494 0.962924 0.156982 0.963983 0.155273 0.965042 0.154785 0.967161 0.154297 0.966102 0.154785 0.967161 0.154785 0.969809 0.156250 0.972458 0.155762 0.973517 0.156006 0.974047 0.156006 0.967691 0.156494 0.966631 0.157227 0.968220 0.157959 0.967161 0.159912 0.967691 0.159912 0.966102 0.157227 0.966102 0.156738 0.965042 0.157471 0.964513 0.158203 0.962394 0.158936 0.962394 0.158936 0.960275 0.158447 0.959216
1 0.346191 0.956568 0.347656 0.957627 0.347656 0.960275 0.346924 0.961864 0.346191 0.961864 0.345215 0.965572 0.349365 0.965572 0.349609 0.962924 0.350830 0.963983 0.349609 0.962394 0.348633 0.962924 0.347900 0.961864 0.347900 0.958157 0.348633 0.957627
1 0.343750 0.954449 0.343750 0.956568 0.342529 0.959746 0.343750 0.961864 0.343750 0.964513 0.341553 0.967691 0.341797 0.969809 0.344238 0.965572 0.344238 0.963983 0.343750 0.963453 0.344238 0.956038
1 0.222412 0.953390 0.221436 0.955508 0.219971 0.955508 0.218018 0.961335 0.217285 0.959746 0.215820 0.959746 0.215576 0.957627 0.214844 0.958157 0.214844 0.959216 0.215820 0.959746 0.216064 0.962924 0.216309 0.960275 0.217773 0.961864 0.217285 0.963453 0.217285 0.966631 0.216309 0.967161 0.216797 0.967691 0.216064 0.969280 0.215332 0.969280 0.215332 0.970869 0.217529 0.970869 0.218506 0.974047 0.218506 0.970339 0.219971 0.969809 0.220459 0.968750 0.220703 0.962394 0.222656 0.957097 0.222168 0.954449
1 0.167236 0.954979 0.166504 0.954979 0.166016 0.953390 0.165527 0.954449 0.165039 0.953390 0.164062 0.953390 0.164062 0.954979 0.163330 0.956568 0.162598 0.954449 0.161865 0.956568 0.161133 0.957097 0.161865 0.957097 0.162354 0.956038 0.162842 0.957627 0.163574 0.957627 0.164062 0.959746 0.164062 0.962394 0.163086 0.963453 0.164307 0.963453 0.164551 0.962394 0.166992 0.960275 0.166748 0.956038
1 0.621582 0.952331 0.622559 0.958686 0.622314 0.959216 0.621094 0.958157 0.621094 0.959216 0.623047 0.962394 0.623535 0.966102 0.624023 0.966102 0.624023 0.968750 0.623779 0.969280 0.623291 0.968220 0.623535 0.967161 0.623291 0.968220 0.625488 0.975636 0.625732 0.977754 0.625977 0.976165 0.625488 0.971928 0.625977 0.971398 0.626465 0.967691 0.627197 0.969280 0.628418 0.974047 0.628418 0.971928 0.627441 0.969280 0.626465 0.962924 0.625732 0.963453 0.624512 0.961864 0.623047 0.958686 0.622314 0.952331
1 0.607910 0.951271 0.607910 0.956038 0.608887 0.957627 0.609619 0.956038 0.609131 0.953919 0.609375 0.952860 0.609619 0.953390 0.609619 0.952331 0.608643 0.952331
1 0.673828 0.950742 0.672852 0.958157 0.673828 0.957097 0.674561 0.959216 0.674072 0.961335 0.674316 0.965042 0.673828 0.965572 0.672363 0.962924 0.672119 0.966102 0.671387 0.964513 0.669678 0.966102 0.671875 0.967161 0.671387 0.971928 0.672119 0.977225 0.670654 0.976165 0.669678 0.967691 0.668945 0.969809 0.669922 0.971928 0.670898 0.978284 0.672607 0.981462 0.672363 0.982521 0.671387 0.981462 0.672607 0.983581 0.672119 0.993114 0.673096 0.993114 0.674316 0.989407 0.675293 0.991525 0.675049 0.985699 0.674316 0.983051 0.673096 0.982521 0.673340 0.980403 0.672363 0.974047 0.673340 0.974576 0.673828 0.973517 0.674561 0.976165 0.673828 0.976695 0.674316 0.979343 0.675049 0.979343 0.674805 0.974576 0.675537 0.974047 0.676025 0.971398 0.676514 0.971928 0.676270 0.973517 0.677002 0.972987 0.678223 0.975636 0.679199 0.980403 0.677734 0.983581 0.677002 0.988877 0.677734 0.987288 0.678467 0.990996 0.679688 0.991525 0.679688 0.994174 0.678711 0.994703 0.679443 0.996822 0.680176 0.995233 0.679932 0.989936 0.680420 0.990466 0.680420 0.989407 0.679688 0.989407 0.678711 0.986758 0.677979 0.987818 0.677734 0.986229 0.678955 0.984110 0.680176 0.987288 0.681885 0.988877 0.678955 0.984110 0.679199 0.980932 0.681396 0.981992 0.679688 0.980932 0.679443 0.979873 0.680420 0.978284 0.678955 0.976695 0.679199 0.970339 0.679932 0.969280 0.680664 0.970339 0.680176 0.965042 0.679688 0.968750 0.678955 0.966631 0.679199 0.962394 0.679688 0.961335 0.679932 0.963453 0.680420 0.960275 0.678223 0.958686 0.677979 0.954979 0.676758 0.953390 0.677246 0.956038 0.676270 0.957097 0.675293 0.955508 0.675049 0.957097
1 0.637451 0.950212 0.636719 0.950742 0.635742 0.954979 0.635742 0.959746 0.636230 0.961864 0.636475 0.967161 0.636963 0.961864 0.636475 0.960805 0.636475 0.955508 0.637207 0.953919
1 0.594238 0.950212 0.593750 0.954449 0.594727 0.956038 0.595215 0.954979 0.595947 0.956038 0.596680 0.951271 0.596191 0.952331 0.595947 0.951271 0.594727 0.951271
1 0.152832 0.947034 0.151855 0.949153 0.152588 0.949153 0.153809 0.951801 0.153320 0.952331 0.152588 0.957097 0.153809 0.957097 0.154053 0.956568 0.153564 0.956038 0.154297 0.954449 0.154297 0.953390 0.153564 0.955508 0.153076 0.954979 0.153076 0.953919 0.154785 0.950212 0.154541 0.949153 0.154541 0.950742 0.153809 0.949153 0.152832 0.949153 0.152588 0.948093 0.153564 0.947034
1 0.673828 0.944915 0.673340 0.945975 0.673096 0.948623 0.674072 0.948623 0.675049 0.950742 0.676514 0.951801 0.676758 0.949682 0.677490 0.948623 0.677246 0.946504 0.676758 0.945975 0.676514 0.947034 0.675781 0.947034 0.676270 0.950212 0.676025 0.951271 0.673340 0.946504 0.674072 0.945445
1 0.163818 0.944915 0.162598 0.944915 0.162354 0.943856 0.161621 0.943856 0.161133 0.944915 0.161133 0.948623 0.159668 0.949682 0.160156 0.950742 0.161377 0.950742 0.161621 0.948623 0.163818 0.948623
1 0.623535 0.943326 0.623535 0.948623 0.624023 0.948093 0.624756 0.950212 0.625488 0.950742 0.625977 0.952860 0.625732 0.950212 0.624268 0.947034 0.624512 0.946504
1 0.686035 0.942797 0.686035 0.948093 0.685303 0.948093 0.685303 0.949682 0.684082 0.953390 0.683594 0.952860 0.683594 0.951801 0.682129 0.952331 0.680420 0.949682 0.684814 0.964513 0.684570 0.965572 0.682129 0.960275 0.681641 0.960275 0.681641 0.961864 0.682373 0.964513 0.683350 0.964513 0.684814 0.967161 0.685059 0.965042 0.685547 0.966102 0.684082 0.961335 0.683838 0.959216 0.684326 0.953919 0.685303 0.952860 0.686279 0.956038 0.686035 0.957627 0.686523 0.961864 0.688232 0.963453 0.688232 0.969280 0.688232 0.962924 0.688721 0.962394 0.688965 0.963453 0.689209 0.962394 0.687744 0.959216 0.687744 0.957627 0.688721 0.957097 0.688965 0.958686 0.689453 0.958157 0.689941 0.959216 0.689697 0.960275 0.689453 0.959746 0.689941 0.960805 0.690430 0.960275 0.690430 0.958157 0.690186 0.959216 0.689941 0.958686 0.690186 0.956568 0.689697 0.958157 0.689209 0.957627 0.688232 0.952860 0.688721 0.952331 0.689453 0.953919 0.689453 0.954979 0.689697 0.954449 0.690186 0.948093 0.689209 0.951271 0.688477 0.950742 0.687500 0.952331 0.687256 0.949153 0.686523 0.946504 0.686768 0.944386
1 0.420898 0.942797 0.420654 0.944386 0.419922 0.945445 0.420898 0.947564 0.421631 0.947564 0.421631 0.942797
1 0.195068 0.942797 0.193115 0.949153 0.191650 0.950742 0.190674 0.950742 0.191895 0.951271 0.193359 0.949682 0.193604 0.951271 0.193115 0.952860 0.193604 0.953919 0.193359 0.952860 0.193848 0.950742 0.194580 0.952860 0.194580 0.951271 0.194092 0.950212 0.194336 0.948623 0.193848 0.949153 0.193604 0.948093 0.194336 0.946504 0.194336 0.944386 0.194580 0.943856 0.194824 0.944915
1 0.164795 0.942797 0.166016 0.943326 0.166504 0.944386 0.166016 0.944915 0.166016 0.946504 0.166504 0.947034 0.166504 0.945975 0.167236 0.945445 0.167236 0.947034 0.167725 0.948093 0.167969 0.945445 0.168457 0.946504 0.169189 0.946504 0.168701 0.944915 0.167236 0.944386 0.166748 0.943326 0.166748 0.941737 0.165527 0.941737 0.165527 0.942797
1 0.726074 0.940148 0.725098 0.945975 0.724609 0.947034 0.723877 0.945975 0.724121 0.948623 0.725098 0.947564 0.725586 0.949153 0.725342 0.950742 0.726074 0.951271 0.725830 0.954979 0.726318 0.954979 0.726562 0.951801 0.727051 0.952331 0.727051 0.953919 0.727539 0.953919 0.727295 0.952860 0.728760 0.951801 0.729004 0.949682 0.728027 0.948623 0.726562 0.949153 0.726318 0.947034 0.729980 0.945975 0.729980 0.943856 0.729980 0.944915 0.729248 0.945445 0.727051 0.941208 0.727051 0.942797 0.726318 0.943856 0.725830 0.942797
1 0.419678 0.940678 0.419434 0.941737 0.419189 0.940678 0.417969 0.940678 0.417480 0.941737 0.416504 0.940148 0.415771 0.943856 0.414307 0.945975 0.415283 0.944386 0.415771 0.946504 0.415771 0.944915 0.416504 0.944915 0.416504 0.946504 0.417480 0.949153 0.416992 0.951271 0.416016 0.952331 0.416748 0.952860 0.417236 0.951801 0.417236 0.950212 0.418213 0.948623 0.418213 0.947034 0.417725 0.946504 0.417725 0.943856 0.419189 0.943326
1 0.364990 0.939619 0.364990 0.941208 0.364502 0.942267 0.365234 0.943856 0.365234 0.950742 0.366455 0.949682 0.366455 0.945975 0.365967 0.945445 0.365967 0.943856 0.365479 0.943326 0.365479 0.940678
1 0.189941 0.940148 0.191162 0.937500 0.191895 0.939089 0.192627 0.938030 0.193359 0.938559 0.192139 0.941208 0.193359 0.940678 0.194336 0.938559 0.193604 0.936441 0.190674 0.936441
1 0.657227 0.935381 0.656250 0.935381 0.655762 0.934322 0.656006 0.935911 0.654785 0.938559 0.655273 0.939619 0.655029 0.940678 0.656250 0.936441 0.656982 0.936970 0.657227 0.942797 0.656006 0.945975 0.655273 0.944386 0.654297 0.944386 0.655273 0.945975 0.654785 0.947034 0.653320 0.943856 0.653320 0.946504 0.652832 0.947564 0.652100 0.947564 0.652100 0.951271 0.651367 0.950212 0.651123 0.945975 0.651611 0.944915 0.651123 0.945975 0.650391 0.945975 0.650879 0.948623 0.650635 0.949682 0.649658 0.947564 0.649902 0.947034 0.649414 0.947034 0.648926 0.949153 0.647217 0.949153 0.647217 0.950742 0.646484 0.950742 0.645996 0.948623 0.645508 0.951801 0.645752 0.951271 0.646240 0.952331 0.645508 0.953390 0.645508 0.954979 0.646729 0.954979 0.646973 0.957097 0.646973 0.954449 0.647461 0.952331 0.648193 0.951801 0.648193 0.953919 0.647461 0.954979 0.647949 0.957097 0.647461 0.959216 0.648193 0.959216 0.648438 0.957627 0.649170 0.958157 0.648438 0.954979 0.648926 0.951801 0.649902 0.953919 0.649658 0.954979 0.650391 0.958157 0.650391 0.956038 0.651123 0.956038 0.651367 0.957097 0.653076 0.957097 0.653320 0.956038 0.653809 0.956038 0.653564 0.953390 0.654297 0.952331 0.654297 0.956568 0.654785 0.955508 0.655273 0.956038 0.655518 0.954979 0.656006 0.956568 0.655762 0.957627 0.656250 0.957627 0.655762 0.958686 0.655762 0.960275 0.656494 0.959216 0.657959 0.959216 0.657959 0.957627 0.656738 0.954979 0.657471 0.953919 0.657471 0.951271 0.657959 0.950742 0.658203 0.948623 0.659180 0.948623 0.658936 0.947034 0.659424 0.945975 0.657959 0.945975 0.657471 0.944915 0.657959 0.944386 0.657715 0.943326 0.658203 0.942267 0.659424 0.942267 0.657471 0.941737
1 0.147217 0.933263 0.146973 0.934322 0.146484 0.934322 0.146484 0.937500 0.146973 0.940148 0.146484 0.940148 0.146240 0.941208 0.145996 0.940678 0.145508 0.944386 0.143066 0.949682 0.143066 0.950742 0.144287 0.950742 0.144531 0.952331 0.145020 0.949682 0.147217 0.945445 0.147705 0.946504 0.146484 0.950212 0.144775 0.953390 0.144775 0.954979 0.144287 0.955508 0.144043 0.953390 0.144043 0.954449 0.143066 0.955508 0.143066 0.957097 0.144287 0.957627 0.144287 0.956038 0.145264 0.954979 0.145508 0.957097 0.144775 0.957097 0.145508 0.959216 0.145508 0.956568 0.145752 0.956038 0.146729 0.957097 0.146729 0.955508 0.148193 0.952860 0.148682 0.955508 0.148193 0.960805 0.148682 0.960805 0.148193 0.960275 0.148193 0.959216 0.148682 0.959216 0.148926 0.958157 0.149170 0.960275 0.149658 0.959216 0.149658 0.957627 0.150391 0.957097 0.149658 0.956568 0.149658 0.953390 0.149658 0.954979 0.148926 0.955508 0.148682 0.953390 0.147461 0.951801 0.146729 0.951801 0.147705 0.949153 0.148438 0.948623 0.148193 0.947564 0.148682 0.947034 0.147949 0.942267 0.147461 0.942797 0.147217 0.941208 0.148438 0.938559 0.148926 0.940678 0.149170 0.938559 0.148193 0.938030 0.148926 0.935381 0.148438 0.933792
1 0.703857 0.930614 0.703857 0.931674 0.705566 0.935911 0.706055 0.934852 0.707275 0.938030 0.707275 0.934852 0.706299 0.932733
1 0.387695 0.930614 0.386963 0.931144 0.387207 0.932733 0.385986 0.935381 0.386963 0.935911 0.387695 0.934852
1 0.180176 0.930085 0.179199 0.932733 0.179199 0.935911 0.179688 0.931674 0.180176 0.932733 0.180664 0.931674 0.181152 0.932203 0.181152 0.934852 0.180420 0.937500 0.179688 0.937500 0.179688 0.940148 0.181396 0.940148 0.181641 0.943326 0.180908 0.944915 0.179688 0.944915 0.179199 0.942797 0.177490 0.945975 0.176758 0.945975 0.176270 0.948093 0.174805 0.949153 0.177002 0.949682 0.177246 0.948623 0.179443 0.948623 0.179688 0.949682 0.178711 0.950212 0.180420 0.951271 0.181885 0.950742 0.182129 0.952860 0.183350 0.954449 0.183838 0.953919 0.183838 0.955508 0.184326 0.954979 0.184814 0.956038 0.184570 0.958157 0.186768 0.957097 0.187256 0.958686 0.186035 0.962924 0.186035 0.966631 0.185547 0.967161 0.186523 0.971398 0.187256 0.971398 0.188477 0.969809 0.186768 0.970339 0.186523 0.969280 0.188477 0.964513 0.188477 0.962924 0.189209 0.962394 0.190430 0.963983 0.189941 0.962924 0.190674 0.956568 0.190430 0.954449 0.189941 0.953919 0.189941 0.955508 0.188721 0.959216 0.187744 0.957097 0.189697 0.951271 0.189453 0.943326 0.188721 0.941208 0.188232 0.942797 0.188477 0.944386 0.187988 0.944915 0.187988 0.943856 0.187012 0.946504 0.185791 0.947564 0.185059 0.944915 0.187012 0.940148 0.186279 0.941208 0.185547 0.940678 0.184814 0.942797 0.183594 0.942797 0.183350 0.940678 0.185303 0.939089 0.184814 0.937500 0.183594 0.937500 0.183594 0.939619 0.183105 0.940678 0.181641 0.940678 0.181396 0.937500 0.182129 0.935911 0.183350 0.935911 0.183350 0.930085 0.182617 0.930085 0.182373 0.931144 0.181885 0.930085 0.181396 0.931144
1 0.568848 0.927966 0.567627 0.936970 0.568848 0.944386 0.567383 0.945445 0.570312 0.949153 0.573242 0.961335 0.570801 0.961864 0.570557 0.966102 0.570068 0.960805 0.566406 0.960805 0.566162 0.962924 0.563477 0.956038 0.564941 0.967691 0.563965 0.970339 0.563232 0.964513 0.561279 0.968220 0.562012 0.971928 0.560303 0.970869 0.560303 0.972987 0.562256 0.975106 0.563232 0.970339 0.563965 0.974047 0.566650 0.976695 0.567871 0.971928 0.568359 0.973517 0.566650 0.978284 0.564697 0.975106 0.565674 0.981992 0.564697 0.989936 0.566162 0.989936 0.565918 0.996822 0.563477 0.993114 0.563965 0.997881 0.569580 0.999470 0.565674 0.983051 0.568604 0.979343 0.570312 0.986758 0.570557 0.983051 0.572754 0.987818 0.574219 0.985699 0.576660 0.987288 0.576416 0.991525 0.574463 0.988347 0.572754 0.990466 0.573242 0.994174 0.576172 0.994703 0.576660 0.999470 0.597412 0.999470 0.597656 0.996822 0.596436 0.998411 0.596191 0.995763 0.591553 0.998941 0.590820 0.996292 0.592529 0.995233 0.592529 0.991525 0.590088 0.988347 0.588623 0.989936 0.589355 0.994174 0.588379 0.993114 0.587158 0.996822 0.582275 0.979343 0.583008 0.974576 0.585205 0.982521 0.584229 0.975636 0.585205 0.974576 0.585205 0.967691 0.583740 0.963453 0.581543 0.963453 0.580566 0.953919 0.582031 0.967691 0.579590 0.968220 0.578857 0.962394 0.578369 0.967691 0.574707 0.950742 0.575928 0.948623 0.577637 0.955508 0.577881 0.950742 0.574707 0.945445 0.572510 0.935911 0.569824 0.938030 0.569580 0.932203 0.571045 0.935911 0.570312 0.929555 0.572266 0.933263 0.571045 0.927436
1 0.409180 0.927966 0.410156 0.929025 0.410156 0.930614 0.410889 0.930614 0.410889 0.929555 0.411377 0.929555 0.412598 0.926907 0.413818 0.931144 0.413818 0.926907 0.412354 0.926907 0.411377 0.928496 0.410645 0.928496 0.410156 0.926907 0.409912 0.927966
1 0.604980 0.925847 0.604004 0.927966 0.604980 0.930085 0.604492 0.931144 0.603516 0.929025 0.603027 0.930085 0.603516 0.931144 0.603516 0.932733 0.603760 0.931674 0.604492 0.932203 0.604492 0.933792 0.605225 0.933263 0.604736 0.932203 0.604736 0.931144 0.605225 0.930614
1 0.729004 0.923729 0.730713 0.929555 0.728027 0.934322 0.730469 0.938030 0.732910 0.958157 0.732178 0.941208 0.733887 0.947564 0.734619 0.940148 0.737305 0.940678 0.733643 0.956038 0.737793 0.970339 0.737305 0.974047 0.730713 0.957097 0.733398 0.982521 0.733154 0.972458 0.734131 0.978814 0.735352 0.970869 0.736328 0.979343 0.738770 0.970869 0.736084 0.957627 0.737549 0.955508 0.740723 0.968750 0.740479 0.976165 0.739258 0.973517 0.738770 0.978814 0.741211 0.988877 0.740234 0.978814 0.741943 0.980932 0.739258 0.953390 0.742432 0.956038 0.742188 0.950212 0.746582 0.965572 0.746338 0.961864 0.748291 0.960805 0.753662 0.979343 0.755127 0.978284 0.753662 0.966102 0.757080 0.979873 0.758301 0.974576 0.759766 0.978284 0.759033 0.981462 0.760254 0.978284 0.762207 0.980403 0.760254 0.975636 0.760498 0.967161 0.763672 0.979343 0.760498 0.962924 0.757812 0.960805 0.758545 0.968750 0.757324 0.968750 0.756592 0.954979 0.754395 0.954979 0.753906 0.951801 0.753174 0.956038 0.754639 0.961335 0.753662 0.955508 0.755859 0.957627 0.756836 0.970869 0.753662 0.965572 0.751953 0.956038 0.751465 0.960275 0.750000 0.950212 0.749756 0.954449 0.747803 0.954449 0.743896 0.949153 0.743896 0.942267 0.736816 0.936441 0.739258 0.928496 0.735352 0.925847 0.736328 0.932203 0.734375 0.930085 0.734863 0.933792 0.732422 0.937500 0.731201 0.924788
1 0.173828 0.922669 0.174561 0.923199 0.174561 0.924258 0.175049 0.923199 0.175781 0.923199 0.176025 0.926377 0.176270 0.925318 0.177490 0.925318 0.177002 0.924788 0.177002 0.923199 0.177979 0.920551 0.177490 0.919492 0.176758 0.920551 0.176514 0.919492 0.176270 0.920551 0.176025 0.919492 0.175293 0.919492
1 0.378906 0.920551 0.378906 0.923199 0.378174 0.924258 0.378418 0.926907 0.379150 0.928496 0.379639 0.927436 0.381592 0.931674 0.381348 0.933792 0.380859 0.934322 0.380859 0.936970 0.380371 0.936970 0.380371 0.938030 0.380859 0.936970 0.383057 0.936970 0.383057 0.939089 0.383545 0.940148 0.383789 0.938030 0.384521 0.938030 0.384766 0.939089 0.386475 0.940148 0.386475 0.937500 0.385742 0.939619 0.385254 0.938559 0.385742 0.936441 0.385254 0.936441 0.385254 0.938030 0.384766 0.938559 0.383545 0.936441 0.383545 0.934322 0.383301 0.935381 0.383057 0.934852 0.383057 0.932733 0.383545 0.931674 0.383545 0.930085 0.383057 0.929555 0.383545 0.929025 0.383789 0.926377 0.385010 0.923729 0.384277 0.924258 0.383789 0.923199 0.384033 0.922669 0.383057 0.923729 0.383301 0.927436 0.382812 0.927966 0.382568 0.925847 0.381592 0.925318 0.381592 0.923199 0.382568 0.921610 0.381836 0.920021 0.381836 0.918962 0.380859 0.922669 0.380615 0.921610 0.379883 0.921610 0.379883 0.920551
1 0.710938 0.924788 0.711670 0.927966 0.713623 0.927966 0.713623 0.923199 0.714111 0.922669 0.715332 0.925318 0.714355 0.927966 0.714600 0.931144 0.715576 0.931674 0.716309 0.934322 0.716309 0.936441 0.717041 0.935911 0.717529 0.933263 0.718262 0.934322 0.718262 0.935911 0.718750 0.936441 0.718506 0.931144 0.716309 0.918962 0.715820 0.918962 0.717041 0.923729 0.716309 0.926377 0.715576 0.924788 0.715332 0.922669 0.713135 0.920551 0.713623 0.922669 0.712158 0.927436
1 0.573730 0.918432 0.573730 0.920021 0.573242 0.920551 0.573486 0.923199 0.575928 0.922140 0.575684 0.920021 0.574463 0.921610
1 0.685303 0.917373 0.684570 0.917373 0.684082 0.918962 0.683350 0.917903 0.682861 0.918962 0.683838 0.920021 0.683594 0.922669 0.683105 0.923729 0.684326 0.924258 0.684326 0.923199 0.683594 0.922140 0.684326 0.920021 0.685303 0.922140 0.685303 0.920021 0.684814 0.918962
1 0.400391 0.916843 0.399658 0.915254 0.398438 0.918432 0.397949 0.922140 0.398926 0.921081 0.399170 0.922669 0.398193 0.925318 0.397705 0.925318 0.396973 0.923199 0.397461 0.918962 0.397217 0.917373 0.397705 0.916314 0.396973 0.914725 0.397461 0.913136 0.397949 0.913136 0.398438 0.914725 0.398682 0.913665 0.397461 0.913136 0.395508 0.917903 0.395020 0.917903 0.395020 0.920551 0.396240 0.916314 0.396973 0.916843 0.397217 0.920551 0.396484 0.920551 0.396484 0.922669 0.397461 0.926377 0.396973 0.927436 0.396240 0.925847 0.396484 0.926377 0.395996 0.926907 0.395996 0.929555 0.395508 0.930085 0.395508 0.931674 0.394531 0.932203 0.393799 0.930614 0.394043 0.929025 0.393555 0.929025 0.391846 0.924258 0.392822 0.922140 0.393311 0.923199 0.393799 0.922669 0.392334 0.920551 0.391846 0.922140 0.390869 0.921081 0.392334 0.918432 0.390625 0.914725 0.390625 0.926377 0.389648 0.926907 0.389648 0.928496 0.389160 0.929025 0.389160 0.932733 0.390381 0.932733 0.390869 0.931674 0.391113 0.932733 0.392334 0.932733 0.393555 0.934852 0.395508 0.934852 0.396729 0.931674 0.397217 0.931674 0.396484 0.930085 0.396484 0.928496 0.397461 0.926377 0.397949 0.926907 0.398682 0.930614 0.398438 0.927436 0.398926 0.924788 0.398682 0.925847 0.398438 0.924258 0.399658 0.922669 0.399658 0.921610 0.398926 0.920551 0.398926 0.917903 0.399658 0.915784
1 0.324951 0.912076 0.323242 0.913136 0.323242 0.914725 0.322266 0.916314 0.322266 0.917903 0.321533 0.919492 0.320801 0.919492 0.320557 0.920551 0.317871 0.920551 0.318359 0.920551 0.318604 0.922140 0.317871 0.925847 0.317139 0.927436 0.316895 0.925318 0.317383 0.923729 0.316895 0.923199 0.316650 0.924258 0.316162 0.923199 0.316650 0.919492 0.316406 0.920551 0.316162 0.919492 0.315674 0.920551 0.315186 0.920021 0.315430 0.919492 0.314941 0.920021 0.315186 0.923199 0.314453 0.924258 0.314453 0.927966 0.314697 0.927436 0.314941 0.928496 0.314453 0.929025 0.314453 0.931674 0.313965 0.932733 0.314453 0.931674 0.314941 0.932203 0.314941 0.939089 0.315430 0.940148 0.317627 0.940148 0.318359 0.941737 0.318359 0.943326 0.320312 0.945975 0.320312 0.948623 0.319824 0.949153 0.319824 0.952860 0.320312 0.951801 0.321533 0.951801 0.321533 0.950212 0.322266 0.948623 0.322998 0.948623 0.322998 0.940678 0.323975 0.940148 0.324219 0.936970 0.324951 0.936970 0.325195 0.938030 0.326416 0.938030 0.326660 0.939089 0.327148 0.937500 0.327881 0.939089 0.327881 0.936441 0.328369 0.935911 0.328613 0.936970 0.328857 0.935911 0.329346 0.936970 0.329102 0.938030 0.330811 0.938030 0.330811 0.934322 0.330322 0.933792 0.330322 0.930085 0.330811 0.929555 0.330811 0.927966 0.330322 0.926907 0.328613 0.926907 0.328125 0.927966 0.327881 0.926907 0.326660 0.926907 0.326416 0.925847 0.325439 0.925318 0.325439 0.922669 0.326416 0.921081 0.326416 0.919492 0.326904 0.918962 0.326904 0.915254 0.325439 0.915784 0.324951 0.914725
1 0.714600 0.909958 0.714111 0.911017 0.714600 0.912076 0.714111 0.914195 0.715576 0.916314 0.717285 0.916843 0.717285 0.918432 0.717773 0.919492 0.717529 0.914725 0.716309 0.912606 0.716309 0.909958 0.717041 0.909958 0.717041 0.908898 0.716553 0.908369 0.716309 0.909958
1 0.580811 0.908369 0.579102 0.915784 0.578613 0.916843 0.576416 0.916843 0.576172 0.918962 0.576660 0.916843 0.577637 0.918432 0.579102 0.917373 0.579590 0.914195 0.580078 0.913136 0.580322 0.913665
1 0.231934 0.908369 0.231445 0.908369 0.230469 0.910487 0.229980 0.915784 0.229248 0.917373 0.229248 0.918962 0.229980 0.917373 0.230469 0.917373 0.230713 0.914725 0.231201 0.914725 0.231445 0.916314 0.232178 0.916314 0.231445 0.920021 0.231201 0.926377 0.231689 0.926377 0.231689 0.924258 0.232178 0.923199 0.233887 0.922669 0.233154 0.921610 0.232178 0.923199 0.231934 0.922669 0.232910 0.913136 0.233643 0.912076 0.233398 0.911547 0.232178 0.914195 0.232178 0.915784 0.231201 0.914725
1 0.666504 0.907839 0.666504 0.911547 0.667480 0.913136 0.667725 0.912606 0.666748 0.911547 0.666992 0.910487 0.669189 0.910487 0.670166 0.913136 0.669922 0.912606 0.670654 0.911547 0.672607 0.914725 0.672119 0.911547 0.673096 0.909958 0.671387 0.911547 0.669189 0.908369 0.666748 0.909958 0.666504 0.908369 0.666992 0.907839
1 0.672607 0.906780 0.673584 0.908369 0.674072 0.914195 0.675781 0.913665 0.676025 0.912606 0.676514 0.912606 0.677002 0.914725 0.677734 0.915784 0.677246 0.917903 0.676514 0.916314 0.675781 0.916314 0.675293 0.917373 0.675537 0.917903 0.676025 0.916843 0.677002 0.918432 0.677246 0.920021 0.679688 0.921081 0.679443 0.922669 0.678711 0.921610 0.678711 0.923199 0.678223 0.923729 0.678223 0.926377 0.678711 0.928496 0.677979 0.929025 0.677734 0.927966 0.677734 0.929555 0.679932 0.930614 0.681885 0.933263 0.681152 0.929555 0.680420 0.930085 0.679688 0.928496 0.680176 0.927436 0.680908 0.928496 0.679932 0.924788 0.680420 0.923729 0.680176 0.920551 0.680420 0.920021 0.681152 0.921081 0.679932 0.917373 0.679932 0.911547 0.679199 0.912076 0.678711 0.910487 0.678467 0.912076 0.677490 0.912076
1 0.686523 0.915784 0.687500 0.922669 0.689453 0.922669 0.687744 0.923729 0.688232 0.932203 0.690430 0.932203 0.688232 0.937500 0.692383 0.951271 0.693848 0.943326 0.695801 0.945975 0.694336 0.948093 0.695801 0.948623 0.695801 0.940678 0.698242 0.944915 0.697754 0.949153 0.699463 0.943326 0.701660 0.953390 0.700195 0.949682 0.698486 0.950742 0.700195 0.958157 0.698242 0.959216 0.701172 0.964513 0.703125 0.963983 0.704102 0.958157 0.706543 0.968750 0.711670 0.959746 0.711426 0.962394 0.714111 0.960275 0.715820 0.963453 0.715088 0.956038 0.717285 0.957627 0.716064 0.962394 0.718750 0.968750 0.718018 0.963983 0.724854 0.957097 0.724609 0.951271 0.722168 0.949153 0.722412 0.954979 0.720459 0.952860 0.721191 0.959216 0.718506 0.962924 0.717773 0.959746 0.717041 0.962924 0.718994 0.955508 0.717773 0.957627 0.711914 0.953919 0.710693 0.948093 0.711670 0.943856 0.712646 0.946504 0.713623 0.944386 0.712646 0.945445 0.712891 0.942267 0.709229 0.934322 0.711426 0.935911 0.708984 0.930614 0.709717 0.939089 0.705811 0.938030 0.707275 0.948093 0.702393 0.939619 0.699463 0.939089 0.700684 0.942797 0.699463 0.942797 0.696289 0.935381 0.694580 0.940678 0.692627 0.934322 0.693604 0.940148 0.692383 0.942267 0.691895 0.936441 0.689697 0.936441 0.691650 0.927436 0.689941 0.925318 0.689209 0.918432 0.695068 0.931674 0.693604 0.927966 0.694580 0.926377 0.689941 0.916843 0.690430 0.914725 0.693115 0.917903 0.691162 0.914725 0.691162 0.906780 0.695312 0.921081 0.694824 0.913665 0.698486 0.920551 0.694092 0.905720 0.695068 0.912606 0.692627 0.905720 0.690430 0.905720 0.690918 0.908898 0.689453 0.910487 0.690430 0.914725 0.688232 0.911017 0.688721 0.920021
1 0.357910 0.904661 0.357666 0.908369 0.358398 0.908898 0.358398 0.912606 0.359131 0.912606 0.359131 0.907839 0.358643 0.907309 0.358643 0.905720
1 0.612061 0.902542 0.611816 0.905720 0.611084 0.907309 0.610352 0.906250 0.610107 0.906780 0.613037 0.912606 0.613037 0.908369 0.612549 0.907839 0.612549 0.904661 0.612061 0.904131
1 0.375488 0.898835 0.376465 0.900424 0.375977 0.901483 0.376465 0.902542 0.376465 0.905720 0.378174 0.906250 0.378174 0.904661 0.378662 0.903602 0.377930 0.902542 0.377686 0.899364 0.376221 0.899894
1 0.592285 0.898305 0.593018 0.899894 0.592773 0.900953 0.593750 0.900424 0.594238 0.901483 0.594238 0.905191 0.593506 0.906250 0.593750 0.907309 0.594482 0.905720 0.594727 0.906780 0.594727 0.899894 0.595215 0.898835 0.594238 0.900424 0.593018 0.899894
1 0.728271 0.897775 0.728760 0.898835 0.728027 0.899894 0.728027 0.906250 0.731689 0.906250 0.732666 0.908369 0.732666 0.912606 0.732666 0.910487 0.733154 0.909428 0.732910 0.907839 0.733643 0.907309 0.733887 0.911547 0.734863 0.911547 0.733887 0.908898 0.733643 0.905191 0.732422 0.900424 0.730469 0.900424 0.729980 0.898305 0.729980 0.899364 0.729004 0.901483 0.728271 0.899894 0.729004 0.898835
1 0.168701 0.898305 0.167480 0.897246 0.167969 0.898835 0.166992 0.901483 0.166016 0.901483 0.166504 0.904131 0.168457 0.904131 0.169434 0.902542 0.168213 0.901483 0.168701 0.900424
1 0.371582 0.892479 0.371094 0.893008 0.371094 0.894597 0.371826 0.893538 0.372070 0.895657 0.372559 0.896186 0.372070 0.897246 0.372314 0.899894 0.371826 0.901483 0.372314 0.902013 0.373047 0.899894 0.372803 0.898305 0.373291 0.897775 0.372803 0.894068 0.372070 0.894068
1 0.728516 0.891949 0.726562 0.890890 0.727295 0.892479 0.726562 0.893538 0.726562 0.897775 0.725830 0.898305 0.725342 0.899894 0.723633 0.897246 0.723877 0.896186 0.724121 0.896716 0.723389 0.894068 0.722168 0.894068 0.721680 0.895657 0.720947 0.894597 0.721680 0.896716 0.722656 0.896716 0.722412 0.895127 0.722900 0.894597 0.723633 0.897775 0.725098 0.900424 0.725098 0.901483 0.726807 0.898305 0.727051 0.896186 0.727783 0.896186 0.727295 0.896186 0.727051 0.894597 0.727783 0.894597
1 0.382324 0.885593 0.382812 0.886653 0.381836 0.888242 0.381104 0.891419 0.381104 0.893538 0.379883 0.893538 0.379883 0.896716 0.379395 0.897775 0.378906 0.897246 0.378662 0.895657 0.379395 0.894597 0.379150 0.894068 0.378662 0.895657 0.377930 0.896186 0.379150 0.898835 0.379150 0.902013 0.379639 0.902013 0.380371 0.899894 0.381592 0.902013 0.381592 0.900424 0.383301 0.902013 0.383057 0.903072 0.382812 0.902542 0.382812 0.904131 0.383545 0.901483 0.383789 0.904661 0.383301 0.906250 0.384277 0.906780 0.384277 0.909428 0.383789 0.909958 0.383301 0.908898 0.382812 0.912606 0.386719 0.912606 0.387207 0.913665 0.386963 0.914725 0.389404 0.911547 0.389648 0.915254 0.388916 0.916843 0.388428 0.916843 0.388184 0.915254 0.388184 0.916843 0.389893 0.916314 0.389893 0.917903 0.390137 0.916843 0.389648 0.914725 0.389648 0.912076 0.388916 0.911547 0.388916 0.907839 0.389404 0.907309 0.389893 0.909428 0.389404 0.904661 0.390625 0.900953 0.391113 0.902013 0.391113 0.904661 0.390625 0.906250 0.391113 0.906250 0.391113 0.901483 0.391602 0.900424 0.391602 0.902013 0.391846 0.900424 0.391357 0.899364 0.390625 0.900953 0.389648 0.900953 0.389648 0.898305 0.388672 0.898305 0.388428 0.900424 0.386230 0.899894 0.385986 0.899364 0.386719 0.898835 0.386719 0.897246 0.387451 0.895127 0.387451 0.898305 0.387939 0.897775 0.388184 0.895657 0.388672 0.896716 0.389404 0.895127 0.388672 0.896716 0.388428 0.894068 0.387939 0.893538 0.387939 0.891949 0.387207 0.890890 0.387207 0.889831 0.386475 0.891419 0.385986 0.890360 0.385986 0.887712 0.385254 0.887712 0.385010 0.886653 0.384521 0.887712 0.383789 0.887712 0.383057 0.885593
1 0.363525 0.883475 0.364502 0.886653 0.364746 0.891419 0.365234 0.891419 0.365479 0.890360 0.366455 0.891419 0.365479 0.894068 0.365479 0.895657 0.366699 0.895657 0.366699 0.894068 0.367188 0.893008 0.367188 0.889301 0.367920 0.889301 0.368408 0.888242 0.369385 0.890360 0.370117 0.890360 0.368896 0.887712 0.365723 0.888242 0.365234 0.886653 0.365479 0.884534 0.364990 0.883475
1 0.194336 0.881356 0.194336 0.882945 0.194824 0.883475 0.194824 0.886123 0.195557 0.886123 0.196289 0.889301 0.197021 0.887182 0.196289 0.881356 0.196045 0.885593 0.195557 0.884534 0.195801 0.883475 0.195312 0.884004 0.194824 0.881356
1 0.378906 0.884534 0.379150 0.882945 0.380127 0.882945 0.380371 0.884004 0.380859 0.884004 0.381104 0.882415 0.382080 0.882945 0.382568 0.881886 0.383789 0.881886 0.384521 0.884004 0.385498 0.884004 0.385986 0.885064 0.386475 0.881886 0.385986 0.882415 0.385742 0.884534 0.385254 0.882945 0.385498 0.881356 0.385010 0.880826 0.381836 0.880826 0.381592 0.881886 0.380127 0.881356 0.379883 0.882415 0.378906 0.882945
1 0.393066 0.881356 0.393555 0.884004 0.393799 0.882415 0.395996 0.882945 0.396240 0.885064 0.396729 0.883475 0.397949 0.884004 0.397705 0.882415 0.396973 0.882415 0.395264 0.879237 0.394531 0.879237 0.394287 0.881356
1 0.203125 0.867055 0.202393 0.868644 0.201660 0.868644 0.201660 0.870233 0.200928 0.870233 0.201416 0.870233 0.200928 0.872352 0.200195 0.871292 0.200439 0.870763 0.199219 0.869703 0.199463 0.868644 0.200195 0.869174 0.200684 0.868114 0.199219 0.867585 0.198730 0.869174 0.198975 0.868644 0.199463 0.870763 0.199707 0.869703 0.200195 0.870763 0.200684 0.875000 0.200195 0.876059 0.198486 0.876059 0.197998 0.877648 0.197998 0.871822 0.197754 0.878178 0.198242 0.878708 0.197754 0.878178 0.198486 0.877648 0.198730 0.878708 0.199219 0.878708 0.198730 0.878178 0.199219 0.877648 0.198242 0.877119 0.198486 0.876589 0.199463 0.876589 0.200195 0.878178 0.199951 0.878708 0.201172 0.878178 0.200928 0.876589
1 0.196289 0.867055 0.195801 0.867055 0.196045 0.867585 0.193848 0.871292 0.193848 0.875530 0.194092 0.875000 0.194824 0.877648 0.195557 0.877648 0.195801 0.878708 0.196045 0.877119 0.196777 0.875530 0.197021 0.876059 0.197021 0.873941 0.196045 0.870233 0.196533 0.868644
1 0.216309 0.868644 0.216309 0.873411 0.217041 0.873411 0.217285 0.875530 0.218506 0.875530 0.218750 0.877119 0.219238 0.877119 0.221191 0.880297 0.220947 0.884004 0.222412 0.884004 0.223389 0.881886 0.223389 0.880297 0.222412 0.880297 0.222412 0.878178 0.223389 0.878178 0.222168 0.877648 0.221191 0.875530 0.222656 0.873411 0.224854 0.872881 0.224854 0.871822 0.226318 0.869174 0.224609 0.868644 0.223633 0.866525 0.223633 0.872352 0.222900 0.872881 0.222412 0.868644 0.221191 0.868644 0.220459 0.866525 0.219971 0.867585 0.218262 0.867585 0.217773 0.866525 0.217041 0.868644
1 0.737793 0.872881 0.739258 0.871822 0.739746 0.872881 0.739502 0.873941 0.740479 0.875000 0.741211 0.873941 0.741211 0.871822 0.741943 0.871822 0.742188 0.873411 0.742920 0.872881 0.742920 0.870763 0.744629 0.872352 0.746338 0.869703 0.746826 0.865466 0.745361 0.866525 0.744629 0.865996 0.743408 0.868644 0.742432 0.866525 0.741699 0.867585 0.740967 0.865466 0.740479 0.865466 0.739258 0.869703
1 0.613037 0.864936 0.614258 0.870233 0.614258 0.873411 0.614990 0.875000 0.614990 0.877119 0.614258 0.877119 0.614746 0.879237 0.614746 0.883475 0.614014 0.886653 0.614746 0.889301 0.614502 0.893008 0.614990 0.891419 0.614014 0.886653 0.614746 0.884004 0.615479 0.884004 0.615967 0.885064 0.615723 0.883475 0.616211 0.881886 0.616699 0.881886 0.615967 0.878708 0.616455 0.875530 0.615723 0.875530 0.614502 0.872352 0.614014 0.867055
1 0.605469 0.864407 0.605957 0.875530 0.602783 0.868644 0.601807 0.877119 0.604736 0.885064 0.600586 0.877119 0.597900 0.881886 0.597412 0.867585 0.597656 0.887182 0.593018 0.874470 0.593750 0.884004 0.591553 0.881356 0.593018 0.896716 0.595947 0.894068 0.595947 0.917373 0.592529 0.917903 0.592285 0.906250 0.590332 0.914725 0.585449 0.908898 0.584473 0.899364 0.582520 0.908898 0.587891 0.915784 0.585693 0.923729 0.585938 0.914725 0.580566 0.920021 0.582764 0.939619 0.572266 0.923729 0.578613 0.949153 0.579834 0.938559 0.588135 0.948093 0.586426 0.954979 0.590820 0.969809 0.585938 0.961864 0.593018 0.980403 0.596924 0.979343 0.596191 0.993644 0.600830 0.999470 0.602051 0.979343 0.593018 0.977754 0.595947 0.957627 0.593262 0.967691 0.589600 0.962394 0.591553 0.943326 0.587158 0.932733 0.588135 0.942797 0.584473 0.942797 0.584229 0.935381 0.586670 0.937500 0.583008 0.925847 0.586914 0.921610 0.588379 0.932733 0.587158 0.917373 0.591553 0.914195 0.594971 0.939089 0.594727 0.916843 0.597168 0.931674 0.598633 0.920551 0.598633 0.926377 0.602783 0.922669 0.597168 0.907839 0.603760 0.912606 0.599365 0.898305 0.607910 0.907309 0.606445 0.941208 0.613037 0.951271 0.609863 0.961335 0.614746 0.967691 0.611572 0.962394 0.612793 0.975636 0.609863 0.971928 0.613281 0.980403 0.608398 0.980403 0.614990 0.990466 0.613037 0.971928 0.616211 0.982521 0.617676 0.977225 0.612793 0.955508 0.616455 0.946504 0.613281 0.932733 0.614258 0.922140 0.616943 0.937500 0.617920 0.931674 0.603516 0.896186 0.608643 0.899364 0.601807 0.884534 0.604736 0.888771 0.605225 0.879237 0.610107 0.876059
1 0.206543 0.865996 0.207031 0.867055 0.208984 0.867585 0.208252 0.872352 0.209717 0.867585 0.213623 0.868114 0.210205 0.867055 0.208740 0.864407 0.207275 0.864407 0.207031 0.865466 0.207520 0.865996
1 0.602539 0.861758 0.601562 0.862288 0.601807 0.868644 0.601318 0.869703 0.600586 0.866525 0.600098 0.866525 0.600342 0.869703 0.599854 0.870763 0.599365 0.869174 0.599609 0.870233 0.598877 0.871822 0.598633 0.871292 0.598877 0.872352 0.602295 0.872352 0.602539 0.870763 0.601807 0.869174 0.602295 0.867585 0.601562 0.864936 0.601562 0.863347 0.602051 0.862288 0.602783 0.863347
1 0.614258 0.864407 0.616455 0.873411 0.617188 0.868114 0.621338 0.871292 0.619385 0.871292 0.621582 0.877648 0.620361 0.884534 0.617188 0.872881 0.617920 0.887182 0.614990 0.887712 0.617188 0.897775 0.614258 0.899364 0.617188 0.915254 0.616455 0.907309 0.619873 0.910487 0.615479 0.916843 0.617676 0.923199 0.618652 0.917373 0.622070 0.928496 0.618652 0.929555 0.621582 0.933792 0.622070 0.925847 0.623779 0.929025 0.621094 0.924258 0.624268 0.915784 0.625244 0.926377 0.625488 0.911547 0.627930 0.934322 0.628906 0.917903 0.632812 0.923199 0.631836 0.928496 0.635742 0.929025 0.637207 0.939089 0.634521 0.947564 0.632568 0.936441 0.630371 0.936441 0.630615 0.945975 0.632812 0.943856 0.631348 0.936970 0.633789 0.941737 0.634033 0.953919 0.637451 0.949153 0.639648 0.934852 0.641602 0.950742 0.649658 0.939089 0.654785 0.943326 0.652344 0.935381 0.649170 0.937500 0.651611 0.931674 0.649414 0.933792 0.646729 0.919492 0.643555 0.918432 0.643311 0.898835 0.645752 0.902013 0.645996 0.896186 0.641602 0.894068 0.642578 0.906780 0.639893 0.904131 0.643555 0.916843 0.636719 0.907309 0.639404 0.917373 0.635010 0.910487 0.634277 0.924788 0.633057 0.908369 0.632812 0.923199 0.627930 0.909428 0.626221 0.917373 0.623535 0.895127 0.626465 0.906250 0.626953 0.893538 0.633545 0.906250 0.632812 0.895127 0.636475 0.906250 0.635742 0.895127 0.639648 0.903072 0.637451 0.885593 0.637207 0.891949 0.635742 0.881356 0.632812 0.883475 0.628662 0.874470 0.627441 0.861229 0.628662 0.876059 0.626953 0.866525 0.626465 0.888771 0.618164 0.860169 0.615723 0.867585 0.615967 0.862818
1 0.313965 0.860169 0.313965 0.862288 0.314453 0.862818 0.314453 0.863877 0.316162 0.867055 0.316162 0.863347 0.315430 0.863347
1 0.195068 0.860169 0.193848 0.859640 0.193115 0.861229 0.192627 0.860169 0.189941 0.861229 0.191406 0.862288 0.191650 0.865466 0.193359 0.860699
1 0.618408 0.859110 0.620850 0.862818 0.620605 0.863877 0.621094 0.863877 0.621094 0.865996 0.621094 0.863877 0.621826 0.863347 0.622559 0.861229 0.623291 0.862288 0.624023 0.865466 0.623047 0.858581 0.623047 0.860169 0.622559 0.861229 0.622559 0.859640 0.621094 0.858581 0.620117 0.858581 0.620605 0.859640 0.619873 0.860699
1 0.199219 0.855932 0.198730 0.860169 0.199707 0.860169 0.199219 0.861229 0.199219 0.863877 0.199951 0.863877 0.199463 0.862818 0.199463 0.861229 0.200684 0.861229 0.200928 0.860169 0.199951 0.855932
1 0.644043 0.855403 0.646240 0.865466 0.646240 0.869174 0.646729 0.872352 0.646729 0.865996 0.645752 0.862818 0.645020 0.855932
1 0.634277 0.855932 0.635010 0.859640 0.635986 0.858581 0.637695 0.862288 0.635010 0.862288 0.636719 0.864936 0.635742 0.868114 0.635742 0.864936 0.634521 0.866525 0.632812 0.864407 0.633301 0.871292 0.633789 0.868644 0.635986 0.872352 0.636719 0.869703 0.639404 0.874470 0.639893 0.884534 0.636963 0.882945 0.641602 0.891419 0.642822 0.888242 0.645264 0.889301 0.645020 0.885064 0.646240 0.887712 0.645996 0.891949 0.647461 0.889301 0.647461 0.891419 0.650391 0.892479 0.649414 0.899894 0.652832 0.904131 0.651367 0.904661 0.652100 0.913136 0.650391 0.912076 0.651367 0.909428 0.648438 0.912076 0.646484 0.904661 0.645508 0.906250 0.645752 0.908369 0.647217 0.907309 0.648438 0.916843 0.649902 0.916843 0.649902 0.911017 0.651611 0.916843 0.652588 0.915784 0.652344 0.906250 0.653320 0.906250 0.653320 0.911547 0.654785 0.909428 0.655029 0.913136 0.652344 0.918432 0.651367 0.930614 0.654053 0.924788 0.652588 0.918962 0.655029 0.914725 0.655518 0.908369 0.656250 0.914725 0.655273 0.917373 0.656982 0.914725 0.657715 0.921610 0.658691 0.918962 0.659424 0.921081 0.659424 0.917373 0.657227 0.914725 0.658203 0.911547 0.661377 0.913665 0.660889 0.911547 0.665283 0.909428 0.664062 0.907309 0.661621 0.910487 0.658691 0.906250 0.663818 0.906250 0.662354 0.898305 0.661377 0.899894 0.662842 0.905720 0.660645 0.903602 0.660889 0.896716 0.660156 0.899364 0.658936 0.897775 0.659912 0.904661 0.657715 0.904661 0.654053 0.891949 0.653076 0.898835 0.652100 0.898835 0.652344 0.894597 0.651367 0.896716 0.650391 0.893538 0.651367 0.890360 0.650391 0.891949 0.646240 0.881886 0.649170 0.881356 0.645264 0.876589 0.645752 0.872881 0.642334 0.865466 0.642090 0.855932 0.642090 0.863347 0.639893 0.865466 0.635742 0.855932 0.635498 0.858581
1 0.187256 0.855932 0.187744 0.857521 0.188232 0.857521 0.188477 0.856462 0.191162 0.854873 0.190674 0.853814 0.188965 0.853814 0.188232 0.855932
1 0.210205 0.853284 0.209961 0.852754 0.209717 0.853814 0.209473 0.852225 0.208740 0.853814 0.207520 0.854343 0.206787 0.855403 0.206787 0.858051 0.208008 0.859110 0.208496 0.858051 0.208740 0.858581 0.209717 0.856462 0.209717 0.853814
1 0.500732 0.852754 0.501953 0.852754 0.502930 0.854343 0.504150 0.854343 0.504150 0.852754 0.503174 0.851695 0.500977 0.851695
1 0.482910 0.851695 0.482422 0.852754 0.482422 0.855403 0.481934 0.856462 0.482422 0.856992 0.482422 0.858581 0.483398 0.861229 0.483398 0.864936 0.483887 0.864936 0.483887 0.858581 0.484863 0.858051 0.485352 0.859110 0.485107 0.860699 0.486084 0.860699 0.485840 0.858051 0.484131 0.858051 0.482422 0.853814 0.482910 0.853284 0.483398 0.854873 0.483887 0.852225
1 0.202393 0.851695 0.202637 0.852225 0.202148 0.853284 0.203125 0.853814 0.203125 0.858051 0.203857 0.860169 0.203613 0.855932 0.204346 0.854873 0.203857 0.854343 0.203857 0.852754 0.203369 0.851695
1 0.371094 0.850636 0.372070 0.851695 0.375488 0.851165 0.375000 0.849576 0.374512 0.850106 0.372803 0.849047 0.371582 0.849576
1 0.186279 0.848517 0.185547 0.850106 0.184570 0.850636 0.184814 0.852754 0.184082 0.855403 0.185059 0.853284 0.186035 0.853284
1 0.351562 0.847458 0.350586 0.847987 0.347900 0.852754 0.348633 0.852754 0.349365 0.850636 0.349609 0.851695 0.351318 0.848517 0.351807 0.848517
1 0.473633 0.845339 0.475586 0.847458 0.475098 0.849576 0.475342 0.851695 0.475830 0.850106 0.476562 0.850636 0.476562 0.852225 0.477295 0.852225 0.477783 0.851165 0.477295 0.847458 0.476318 0.846928 0.476562 0.844280 0.475098 0.845339 0.474854 0.846398
1 0.212646 0.844280 0.212402 0.845339 0.211670 0.845339 0.211670 0.846398 0.211182 0.845339 0.210693 0.846928 0.210205 0.845869 0.208496 0.847987 0.208984 0.848517 0.208984 0.849576 0.209229 0.849047 0.209717 0.850106 0.209473 0.850636 0.210938 0.849576 0.211182 0.851165 0.211670 0.846928
1 0.627930 0.843750 0.628418 0.844809 0.628174 0.846928 0.629150 0.849047 0.631348 0.849047 0.629883 0.844280 0.630127 0.845339 0.629639 0.845869 0.628906 0.844280
1 0.196777 0.843750 0.197266 0.846398 0.196777 0.848517 0.196289 0.847458 0.196533 0.853284 0.197510 0.854343 0.198486 0.852754 0.197266 0.850636 0.198486 0.849576 0.197510 0.848517 0.197754 0.846928 0.198242 0.846928
1 0.618896 0.850636 0.620361 0.853814 0.620117 0.856462 0.620605 0.855403 0.620605 0.853284 0.622070 0.854343 0.622559 0.853284 0.622803 0.854343 0.623291 0.854343 0.622803 0.853284 0.623291 0.852225 0.624756 0.853814 0.625732 0.856462 0.626221 0.855403 0.626465 0.851695 0.625000 0.847458 0.624756 0.849047 0.624023 0.849047 0.623535 0.847987 0.623779 0.846928 0.624268 0.847458 0.624268 0.846398 0.623535 0.845869 0.623291 0.843220 0.622559 0.843750 0.622803 0.846928 0.623535 0.847458 0.623535 0.851695 0.623047 0.852754 0.622803 0.852225 0.622803 0.853284 0.622314 0.852754 0.621338 0.853814 0.620605 0.850636
1 0.315430 0.846398 0.315918 0.847987 0.316650 0.847987 0.317139 0.850106 0.318115 0.847987 0.318848 0.849576 0.318604 0.853284 0.320068 0.854873 0.319580 0.856462 0.319336 0.855403 0.317871 0.855932 0.317383 0.854873 0.317383 0.858581 0.319092 0.857521 0.320068 0.855403 0.323486 0.855403 0.322998 0.854343 0.322998 0.852754 0.322510 0.854343 0.321777 0.853814 0.321045 0.851695 0.320557 0.851695 0.320068 0.853814 0.319092 0.853284 0.319824 0.852225 0.320312 0.850106 0.319580 0.849047 0.319580 0.847987 0.318848 0.849576 0.318115 0.847458 0.319824 0.846928 0.320068 0.845339 0.320312 0.846398 0.319580 0.844280 0.318359 0.844280 0.317871 0.843220 0.318359 0.844280 0.318115 0.847458 0.316406 0.847458 0.316162 0.846398
1 0.554199 0.847458 0.552979 0.848517 0.552490 0.847458 0.551025 0.846928 0.552979 0.850106 0.552002 0.850636 0.551514 0.849576 0.551270 0.850636 0.550781 0.850636 0.549805 0.846928 0.549805 0.845339 0.551270 0.841102 0.550781 0.841102 0.550781 0.843220 0.550293 0.844280 0.550049 0.843220 0.549561 0.843220 0.548828 0.844809 0.548828 0.846398 0.547607 0.849047 0.546875 0.845869 0.546875 0.846928 0.546143 0.848517 0.545898 0.847458 0.546143 0.851165 0.547363 0.853284 0.547363 0.851165 0.547607 0.850636 0.548096 0.852225 0.548096 0.851165 0.549072 0.849576 0.549072 0.852225 0.550049 0.854343 0.550293 0.851165 0.551025 0.853284 0.551758 0.850636 0.552734 0.851165
1 0.198730 0.840042 0.199219 0.841102 0.198975 0.842161 0.199219 0.841631 0.199707 0.842691 0.199219 0.844280 0.199463 0.843220 0.199707 0.844280 0.199951 0.843220 0.200439 0.845339 0.202148 0.846398 0.202637 0.844280 0.202393 0.844809 0.201660 0.842691 0.201416 0.843750 0.200195 0.843220 0.200195 0.842161
1 0.342773 0.837924 0.343506 0.837924 0.344238 0.839513 0.343750 0.840572 0.345947 0.840572 0.345947 0.838983 0.345459 0.839513 0.344971 0.837924 0.344727 0.838983 0.343994 0.837394 0.343994 0.834746 0.343750 0.836335
1 0.223877 0.834746 0.223389 0.835805 0.222656 0.835805 0.222656 0.834746 0.222168 0.834746 0.222412 0.835275 0.221436 0.837924 0.222168 0.838983 0.222412 0.847987 0.221680 0.848517 0.223145 0.851165 0.222412 0.852754 0.222412 0.853814 0.221191 0.855932 0.221680 0.856992 0.221191 0.859110 0.222656 0.859110 0.222900 0.860169 0.222656 0.858051 0.223145 0.855932 0.222168 0.854873 0.222412 0.853814 0.224365 0.853284 0.224365 0.855403 0.224365 0.852754 0.225342 0.851165 0.225098 0.847458 0.224365 0.847458 0.223389 0.845869 0.224121 0.844280 0.226562 0.847987 0.226562 0.853284 0.227295 0.852225 0.227295 0.846398 0.226807 0.847458 0.226318 0.846398 0.226318 0.843220 0.225830 0.842161 0.224854 0.843220 0.223389 0.841102 0.223877 0.838983 0.223633 0.837924 0.224365 0.837394 0.224365 0.835805 0.223633 0.835275
1 0.309570 0.836335 0.311279 0.836335 0.311523 0.836864 0.310547 0.838453 0.311279 0.839513 0.312256 0.839513 0.312500 0.838453 0.313477 0.838453 0.313965 0.836335 0.314697 0.836335 0.314941 0.835275 0.315186 0.836335 0.316162 0.834746 0.315430 0.834746 0.315186 0.833686 0.312500 0.833686 0.312256 0.834746 0.311035 0.834746 0.310791 0.835805
1 0.399170 0.832627 0.399902 0.835275 0.399658 0.836864 0.399170 0.836335 0.399170 0.835275 0.399658 0.839513 0.400635 0.838453 0.400879 0.841102 0.402100 0.840572 0.400879 0.840572 0.400879 0.838983 0.401855 0.836864 0.402832 0.837924 0.402832 0.840042 0.403076 0.839513 0.403809 0.841102 0.403320 0.842161 0.402344 0.841631 0.400879 0.843220 0.400879 0.844280 0.401367 0.843220 0.402100 0.844280 0.403564 0.843220 0.404053 0.844809 0.404541 0.844809 0.404541 0.843220 0.405762 0.841631 0.408936 0.841102 0.409424 0.840042 0.408691 0.840042 0.408447 0.841102 0.406738 0.840042 0.406494 0.841102 0.405273 0.842161 0.405029 0.840042 0.405518 0.838983 0.403564 0.839513 0.402344 0.835805 0.401367 0.837924 0.400391 0.833686 0.399658 0.833686
1 0.390381 0.831568 0.389893 0.831568 0.389160 0.833686 0.389160 0.837394 0.389648 0.838453 0.390869 0.835275 0.390869 0.833686 0.390137 0.833157
1 0.232422 0.832097 0.232910 0.833157 0.234619 0.833157 0.235596 0.830508 0.232422 0.830508
1 0.251709 0.828919 0.251221 0.830508 0.250488 0.830508 0.250977 0.831568 0.250488 0.833157 0.249756 0.831568 0.250000 0.831038 0.249268 0.833157 0.250244 0.835275 0.250488 0.833686 0.251709 0.834216 0.251465 0.833157 0.251221 0.834216 0.250977 0.833686 0.250977 0.832097 0.251953 0.832097 0.251953 0.833157 0.252930 0.832097 0.252686 0.831038 0.252197 0.831568 0.251709 0.830508
1 0.625488 0.828390 0.624268 0.832097 0.624023 0.830508 0.624023 0.838453 0.623291 0.839513 0.623535 0.840572 0.623779 0.838983 0.624756 0.837924 0.625000 0.832097 0.625488 0.831568 0.625977 0.833157
1 0.626709 0.827331 0.626221 0.828390 0.626709 0.831038 0.626465 0.833686 0.627197 0.834216 0.626953 0.836864 0.627686 0.838453 0.628174 0.841631 0.627930 0.838983 0.628174 0.838453 0.628662 0.839513 0.628662 0.838453 0.628174 0.836864 0.627930 0.837924 0.627441 0.837394 0.627197 0.833686 0.628174 0.833157 0.630127 0.837394 0.629395 0.833686 0.628174 0.831038 0.628906 0.833157 0.628418 0.833686 0.627441 0.832627 0.627441 0.831038 0.627930 0.829979 0.628662 0.829979 0.628418 0.828919 0.627441 0.831038 0.627441 0.833157 0.626709 0.833157
1 0.282715 0.829449 0.281738 0.829449 0.280762 0.827331 0.279541 0.829449 0.279297 0.828390 0.279297 0.829979 0.278320 0.833157 0.278320 0.836335 0.281006 0.836335 0.281006 0.832097 0.279541 0.834746 0.279053 0.833686 0.279541 0.829449 0.281250 0.830508 0.281250 0.829449
1 0.693848 0.825212 0.693359 0.825212 0.692383 0.827331 0.692871 0.832627 0.694336 0.828390
1 0.294189 0.824153 0.294678 0.825742 0.293701 0.827860 0.294434 0.829449 0.293945 0.831038 0.294434 0.832097 0.294922 0.831038 0.296143 0.831038 0.295410 0.830508 0.295166 0.829449 0.295654 0.828919 0.294678 0.827860 0.295166 0.824153
1 0.356201 0.822034 0.356934 0.826801 0.357422 0.827331 0.357422 0.829979 0.358398 0.829979 0.358887 0.828390 0.358398 0.828390 0.357910 0.829979 0.357666 0.829449 0.358154 0.826271 0.357666 0.825742 0.357422 0.822034
1 0.314209 0.822034 0.312744 0.822034 0.312256 0.825212 0.311768 0.825212 0.311523 0.824153 0.311035 0.825212 0.311035 0.827860 0.312256 0.827860 0.312500 0.825742 0.313721 0.825742 0.314209 0.824682
1 0.291260 0.820975 0.290527 0.821504 0.290771 0.822564 0.290283 0.824682 0.289795 0.824682 0.290039 0.827860 0.289307 0.829449 0.288574 0.828919 0.288330 0.827331 0.289307 0.826271 0.289062 0.824153 0.289795 0.823623 0.289795 0.822034 0.289307 0.822564 0.289062 0.821504 0.288330 0.823623 0.287598 0.824153 0.287598 0.826801 0.288086 0.827331 0.288086 0.828919 0.289062 0.829979 0.288818 0.831038 0.288574 0.830508 0.289062 0.831568 0.289062 0.833157 0.291748 0.828919 0.291016 0.826801 0.290527 0.827331 0.290039 0.826271 0.290771 0.825742 0.291260 0.823623 0.291992 0.825742 0.291992 0.823623 0.291260 0.822564
1 0.280762 0.820445 0.281250 0.820975 0.281006 0.824682 0.281494 0.823623 0.281738 0.824682 0.283447 0.823623 0.283936 0.822564 0.282227 0.822034 0.281494 0.819915
1 0.487793 0.818856 0.487793 0.820445 0.486816 0.822564 0.488281 0.825212 0.488037 0.832627 0.488525 0.833157 0.488525 0.835275 0.487793 0.836864 0.487549 0.835805 0.486572 0.835805 0.486816 0.833686 0.483887 0.833157 0.483398 0.834216 0.483643 0.835275 0.482910 0.839513 0.484131 0.841102 0.484619 0.840572 0.484863 0.841631 0.486084 0.840572 0.487549 0.841631 0.488037 0.840572 0.488525 0.844280 0.488281 0.846398 0.488525 0.843220 0.489258 0.841631 0.490234 0.841631 0.490723 0.840572 0.491455 0.841102 0.491211 0.841631 0.491699 0.842691 0.490723 0.844280 0.490723 0.845869 0.489746 0.846398 0.489502 0.845339 0.489014 0.846398 0.490234 0.847458 0.489746 0.848517 0.489746 0.851695 0.488281 0.854343 0.487305 0.852754 0.488037 0.854873 0.487549 0.857521 0.488281 0.856992 0.488525 0.858581 0.489014 0.856462 0.489014 0.853814 0.489746 0.852225 0.491211 0.850636 0.491699 0.853284 0.491699 0.849047 0.492920 0.847987 0.493408 0.848517 0.493164 0.847458 0.492188 0.846928 0.492676 0.843220 0.491943 0.842691 0.491699 0.839513 0.491943 0.836864 0.493652 0.836335 0.493408 0.832627 0.491943 0.832097 0.491943 0.826271 0.491455 0.826271 0.491211 0.825212 0.490723 0.826801 0.489258 0.826271 0.488770 0.824682 0.489014 0.824153 0.488037 0.823623
1 0.229980 0.818856 0.229980 0.820445 0.230469 0.821504 0.229492 0.822034 0.229004 0.824153 0.229004 0.826801 0.230225 0.828919 0.230225 0.825212 0.231201 0.824682 0.231201 0.823093 0.230713 0.822564 0.231201 0.821504 0.231201 0.819915 0.230469 0.819915
1 0.493164 0.824153 0.493164 0.825742 0.493896 0.825742 0.494629 0.827860 0.495605 0.827860 0.495850 0.826801 0.496338 0.826801 0.497070 0.828919 0.499268 0.829449 0.499512 0.828919 0.498291 0.828390 0.499023 0.826801 0.499756 0.826801 0.500000 0.828919 0.500732 0.829979 0.500244 0.827331 0.500977 0.825212 0.501709 0.824682 0.502197 0.826271 0.501709 0.827860 0.501953 0.828919 0.501221 0.830508 0.502197 0.832627 0.503418 0.832627 0.504395 0.835805 0.503418 0.831568 0.502197 0.830508 0.502197 0.828919 0.502686 0.827860 0.502686 0.824682 0.503174 0.823623 0.503418 0.825212 0.504150 0.826271 0.504639 0.825742 0.503906 0.824153 0.504639 0.822564 0.505371 0.823093 0.505859 0.822034 0.509521 0.821504 0.512451 0.823623 0.514404 0.823623 0.516846 0.825742 0.517334 0.827331 0.519043 0.826801 0.520508 0.828919 0.519287 0.826801 0.519287 0.825212 0.516113 0.823623 0.516113 0.821504 0.515381 0.822564 0.514404 0.820975 0.513916 0.822564 0.510742 0.821504 0.510254 0.820445 0.506348 0.820445 0.505371 0.820975 0.505127 0.822034 0.502686 0.820975 0.502197 0.822564 0.501465 0.822564 0.500244 0.826801 0.499756 0.826271 0.499756 0.825212 0.499268 0.826271 0.496582 0.827331 0.496094 0.825742 0.498047 0.822564 0.496826 0.822034 0.496582 0.816737 0.496094 0.817267 0.496338 0.819915 0.495850 0.821504 0.496826 0.824153 0.496094 0.825212 0.495850 0.824153
1 0.484131 0.815678 0.483398 0.816737 0.483398 0.818326 0.482910 0.818856 0.482910 0.821504 0.481934 0.822034 0.481445 0.823623 0.481934 0.824153 0.481934 0.825742 0.482666 0.824153 0.482910 0.821504 0.484131 0.821504 0.484131 0.818856 0.484619 0.817267
1 0.639648 0.813559 0.640381 0.818326 0.639893 0.818856 0.639404 0.817267 0.638916 0.818856 0.638672 0.814619 0.638916 0.816208 0.638184 0.817267 0.637207 0.814089 0.637207 0.819915 0.636230 0.818326 0.635986 0.814089 0.635254 0.820445 0.631104 0.816737 0.630615 0.815148 0.627930 0.816737 0.627930 0.818326 0.628906 0.818856 0.627441 0.823623 0.628174 0.820975 0.629395 0.820445 0.628662 0.817267 0.629395 0.816208 0.629639 0.817797 0.630371 0.816208 0.632812 0.819915 0.632324 0.821504 0.630371 0.818856 0.632324 0.822034 0.631592 0.824153 0.631836 0.825742 0.633789 0.819915 0.635254 0.821504 0.634766 0.824153 0.636475 0.820445 0.638428 0.825212 0.637695 0.829449 0.636230 0.826801 0.637207 0.831568 0.635742 0.835805 0.635010 0.831568 0.634766 0.833686 0.633301 0.831568 0.633057 0.826801 0.634277 0.824682 0.634033 0.821504 0.632812 0.827331 0.633057 0.833157 0.634033 0.834216 0.633301 0.836335 0.634033 0.836864 0.634033 0.838983 0.634766 0.836335 0.635254 0.837394 0.634521 0.840572 0.634766 0.843220 0.635254 0.838983 0.635986 0.840042 0.635986 0.843220 0.637451 0.841102 0.637207 0.837924 0.637695 0.836335 0.638672 0.837394 0.638184 0.835805 0.638672 0.834746 0.639404 0.836335 0.640625 0.834216 0.640869 0.837924 0.640625 0.830508 0.641357 0.828919 0.642090 0.830508 0.642090 0.836335 0.643555 0.841102 0.643555 0.835805 0.642578 0.831038 0.643555 0.827860 0.644287 0.829449 0.644287 0.833157 0.646240 0.835805 0.644775 0.832097 0.645020 0.828390 0.645752 0.827860 0.644287 0.823093 0.643311 0.824153 0.641846 0.820975 0.641357 0.821504
1 0.308594 0.813559 0.310547 0.816737 0.310547 0.818326 0.309814 0.820445 0.309570 0.819915 0.309570 0.821504 0.310303 0.821504 0.310303 0.819915 0.310791 0.819386 0.310791 0.813559
1 0.474121 0.813030 0.472900 0.815678 0.472168 0.815678 0.472656 0.816737 0.472412 0.817267 0.471191 0.817267 0.471680 0.821504 0.472168 0.822034 0.472168 0.823623 0.471680 0.824682 0.472412 0.825212 0.472412 0.826801 0.472656 0.823623 0.476074 0.823093 0.475342 0.822564 0.475342 0.819915 0.473877 0.817267 0.474365 0.815678 0.473877 0.816737 0.473389 0.816208 0.474121 0.814619
1 0.277344 0.811441 0.277344 0.812500 0.276367 0.813559 0.276367 0.814619 0.276855 0.815148 0.277100 0.817267 0.278076 0.816737 0.279053 0.818326 0.279053 0.817267 0.278320 0.816737 0.278564 0.811970 0.278076 0.812500 0.278320 0.813559 0.277588 0.814089 0.277344 0.812500 0.277832 0.811441
1 0.390137 0.807733 0.389648 0.810381 0.390381 0.811970 0.389893 0.813030 0.389160 0.813030 0.390137 0.813030 0.390625 0.814089 0.389893 0.815148 0.390625 0.815148 0.391602 0.812500 0.391846 0.815148 0.392334 0.816208 0.392334 0.814619 0.391602 0.811970 0.392334 0.809852 0.391357 0.811441 0.390625 0.811441
1 0.318359 0.807203 0.317383 0.809852 0.317871 0.810381 0.317871 0.811970 0.320068 0.811970 0.320312 0.810911 0.320801 0.811441 0.320801 0.813030 0.320312 0.813559 0.320557 0.817267 0.321045 0.816208 0.321045 0.811441 0.320557 0.810911 0.320557 0.809322 0.319824 0.809322 0.319336 0.807733
1 0.206055 0.807203 0.206055 0.809852 0.208008 0.810911 0.208496 0.814089 0.208984 0.813030 0.210693 0.813030 0.210938 0.816208 0.211670 0.816208 0.211914 0.817267 0.212646 0.817267 0.213867 0.819386 0.215088 0.819386 0.216064 0.821504 0.215332 0.819915 0.215576 0.818856 0.214844 0.818856 0.214600 0.817797 0.213379 0.817797 0.212646 0.816208 0.212646 0.813559 0.210938 0.813559 0.210693 0.811441 0.208496 0.811441 0.208252 0.808263 0.207764 0.807203 0.207275 0.808263 0.206787 0.807203
1 0.475586 0.806674 0.475586 0.808263 0.476074 0.808792 0.475098 0.809322 0.474854 0.811970 0.475342 0.812500 0.475586 0.814619 0.476562 0.816208 0.476562 0.819915 0.477295 0.821504 0.477295 0.817797 0.477783 0.817267 0.478516 0.818856 0.478516 0.817267 0.477783 0.817267 0.477783 0.813559 0.478271 0.812500
1 0.470703 0.805085 0.470947 0.806674 0.471924 0.806674 0.472656 0.808792 0.473389 0.808792 0.473877 0.807733 0.473877 0.806144 0.474365 0.805614 0.472656 0.805085 0.472168 0.806144 0.471680 0.805085
1 0.310547 0.807203 0.309814 0.806144 0.308838 0.807203 0.308350 0.805085 0.307617 0.805085 0.306641 0.813030 0.307617 0.813030 0.308105 0.811970 0.308594 0.812500 0.310303 0.808792
1 0.489014 0.802966 0.488525 0.804025 0.488281 0.803496 0.488525 0.808792 0.488281 0.809322 0.487305 0.807733 0.487305 0.809852 0.488037 0.810381 0.488037 0.813030 0.488525 0.806674 0.489014 0.806144 0.489502 0.807733 0.489502 0.806144 0.489990 0.805085
1 0.215820 0.802966 0.216309 0.804555 0.215820 0.807733 0.215820 0.806674 0.216309 0.806674 0.216309 0.809322 0.215820 0.810911 0.215820 0.813030 0.215088 0.814089 0.214844 0.813559 0.215088 0.815148 0.215576 0.814089 0.216064 0.815148 0.216553 0.814089 0.216797 0.815148 0.216797 0.809852 0.217285 0.809852 0.217285 0.811441 0.217773 0.809852 0.216309 0.807733 0.216553 0.806144 0.216797 0.807203 0.217041 0.805085 0.216797 0.802966 0.216553 0.804025
1 0.357666 0.801907 0.355957 0.802436 0.354492 0.801377 0.353271 0.802966 0.354492 0.805085 0.353027 0.806144 0.352295 0.805085 0.351562 0.805614 0.351562 0.806674 0.352539 0.806674 0.353027 0.807733 0.353516 0.806674 0.354248 0.807733 0.355225 0.803496 0.357666 0.803496
1 0.432617 0.800847 0.430908 0.800847 0.430908 0.805614 0.429688 0.803496 0.429443 0.804555 0.429199 0.804025 0.428955 0.805085 0.429688 0.806674 0.428955 0.808263 0.428223 0.806674 0.426270 0.805085 0.426758 0.801907 0.427490 0.803496 0.428223 0.802436 0.426514 0.801377 0.426270 0.804025 0.425781 0.801907 0.425781 0.803496 0.426758 0.806674 0.426025 0.808263 0.425537 0.808263 0.427246 0.810381 0.427490 0.808792 0.428223 0.808263 0.428711 0.809322 0.428223 0.810911 0.428711 0.810911 0.428955 0.809852 0.430176 0.810381 0.430420 0.812500 0.429688 0.813030 0.430176 0.813030 0.430420 0.811441 0.431152 0.810381 0.431152 0.813030 0.431396 0.809322 0.430420 0.807733 0.430420 0.806674 0.431152 0.806144 0.430908 0.802966 0.431641 0.801377 0.432129 0.801907
1 0.325439 0.801377 0.325684 0.809852 0.326172 0.810381 0.326172 0.811970 0.326904 0.811970 0.327148 0.810911 0.328369 0.813030 0.328613 0.811970 0.327881 0.809322 0.329834 0.808792 0.330566 0.807203 0.330566 0.802966 0.330078 0.801907 0.329346 0.805085 0.329590 0.806144 0.328613 0.808263 0.328369 0.804025 0.329102 0.802966 0.327881 0.800318 0.325928 0.801907
1 0.576172 0.799788 0.575684 0.802966 0.575195 0.804025 0.574707 0.802966 0.574707 0.804555 0.575684 0.804555 0.576172 0.805614 0.575928 0.807203 0.577393 0.809852 0.578369 0.809852 0.577881 0.808792 0.578369 0.807733 0.578125 0.806674 0.577393 0.806144 0.577393 0.809322 0.576416 0.807733 0.577393 0.803496 0.577393 0.801907
1 0.170410 0.799788 0.169922 0.799788 0.167969 0.805085 0.165527 0.805085 0.165527 0.806144 0.166748 0.806674 0.167725 0.808263 0.168701 0.805085 0.168701 0.803496 0.169678 0.802966
1 0.393066 0.798729 0.392578 0.804025 0.391602 0.805614 0.392090 0.806144 0.392578 0.804025 0.393311 0.804025 0.393799 0.805614 0.393555 0.807733 0.393799 0.806674 0.394043 0.807733 0.394531 0.806674 0.395020 0.807733 0.395752 0.807733 0.395996 0.808792 0.395508 0.809322 0.395508 0.810381 0.396484 0.809852 0.396973 0.811970 0.396240 0.807203 0.396729 0.806674 0.397217 0.798729 0.395508 0.798729 0.395264 0.799788 0.393555 0.799788
1 0.252686 0.796610 0.250732 0.797669 0.250732 0.795551 0.250488 0.796610 0.248779 0.796610 0.247559 0.799258 0.246582 0.799788 0.247559 0.799258 0.248291 0.800318 0.248047 0.799788 0.248779 0.799258 0.249023 0.800847 0.248047 0.801907 0.249512 0.802966 0.249023 0.801907 0.249512 0.799788 0.249756 0.800318 0.250732 0.798729 0.251709 0.799788
1 0.331055 0.797140 0.332520 0.799788 0.333496 0.796081 0.334229 0.795551 0.334473 0.797140 0.335205 0.797140 0.336182 0.795551 0.335449 0.796081 0.334473 0.794492 0.333496 0.794492 0.333252 0.795551 0.332031 0.795551 0.331787 0.796610 0.331055 0.796081
1 0.491943 0.791843 0.491455 0.793432 0.491455 0.795551 0.489990 0.797669 0.490723 0.796610 0.491699 0.796610 0.492188 0.797669 0.492188 0.799258 0.492676 0.798199 0.492188 0.796610 0.492676 0.795021 0.493408 0.797140 0.492920 0.802966 0.492432 0.804025 0.493164 0.804555 0.493164 0.800847 0.493896 0.799788 0.493896 0.796081 0.493164 0.792373 0.493408 0.795021 0.492920 0.795551 0.492676 0.793432 0.492676 0.794492 0.491943 0.795551 0.491455 0.794492
1 0.199707 0.790784 0.198242 0.791314 0.197510 0.793432 0.196777 0.793962 0.197510 0.793962 0.197754 0.795021 0.198975 0.795021 0.198975 0.793432 0.199463 0.792373 0.199707 0.793432
1 0.566406 0.829979 0.563721 0.824682 0.565674 0.820975 0.562988 0.819915 0.563232 0.817797 0.562012 0.821504 0.558350 0.817797 0.558594 0.816208 0.561279 0.816208 0.561768 0.811441 0.563232 0.809852 0.562500 0.807733 0.563232 0.802966 0.562012 0.804025 0.562988 0.805085 0.562256 0.810381 0.561035 0.805085 0.560303 0.809322 0.558838 0.805085 0.558350 0.807203 0.559082 0.809322 0.558350 0.810381 0.556885 0.805614 0.558105 0.800318 0.558594 0.802436 0.559326 0.800847 0.561279 0.802436 0.562988 0.797669 0.565186 0.799258 0.562988 0.789195 0.562500 0.791314 0.560547 0.790254 0.562256 0.794492 0.562500 0.791843 0.563477 0.792903 0.562988 0.797669 0.561768 0.799258 0.559326 0.790254 0.558594 0.793432 0.560547 0.797140 0.559814 0.799788 0.558350 0.799788 0.558350 0.796610 0.556885 0.793432 0.553223 0.795551 0.551514 0.794492 0.552002 0.798199 0.550293 0.805085 0.552734 0.807733 0.552002 0.812500 0.550537 0.808263 0.550293 0.811970 0.548340 0.811441 0.546631 0.813559 0.546631 0.810911 0.535645 0.806674 0.535889 0.810381 0.540283 0.812500 0.541260 0.809852 0.542969 0.812500 0.542236 0.813559 0.550781 0.815678 0.551025 0.819386 0.552246 0.820975 0.552734 0.817797 0.553955 0.823623 0.553467 0.816737 0.554199 0.814089 0.554688 0.817267 0.553955 0.817797 0.557617 0.817797 0.559814 0.828390 0.559570 0.834216 0.560791 0.832097 0.559326 0.826801 0.559814 0.823093 0.561035 0.825742 0.560547 0.821504 0.562500 0.822034 0.562500 0.824682 0.561035 0.826801 0.562256 0.831038 0.561768 0.833157 0.562988 0.832097 0.562988 0.828919 0.564453 0.831568 0.564453 0.826801 0.565918 0.832097
1 0.364990 0.789725 0.364014 0.789195 0.363525 0.790254 0.363770 0.795021 0.363281 0.796610 0.363037 0.793432 0.362061 0.793432 0.361816 0.794492 0.360352 0.793432 0.360840 0.796081 0.360352 0.796610 0.360107 0.798729 0.361084 0.799258 0.361816 0.798199 0.362305 0.799258 0.363037 0.796610 0.363525 0.797669 0.364990 0.797140 0.364014 0.796610 0.364014 0.793432 0.364502 0.792903 0.364502 0.790254
1 0.331055 0.788665 0.331055 0.790784 0.331787 0.790254 0.332031 0.791314 0.333008 0.790254 0.333984 0.791843 0.334961 0.789725 0.335693 0.789725 0.334717 0.788136 0.335693 0.787076 0.332031 0.787076 0.331543 0.788665
1 0.314209 0.786017 0.313721 0.784958 0.313232 0.786017 0.312500 0.786017 0.312256 0.787076 0.311768 0.786017 0.310547 0.786017 0.310059 0.789725 0.311768 0.790784 0.312012 0.788665 0.313477 0.787076 0.314209 0.787606
1 0.260254 0.783898 0.259521 0.787606 0.258545 0.784428 0.258545 0.787606 0.260498 0.792903 0.255127 0.796081 0.256104 0.798729 0.252441 0.801907 0.251221 0.807203 0.246582 0.806674 0.247559 0.811441 0.244385 0.812500 0.246338 0.814619 0.243164 0.818856 0.243408 0.823093 0.241211 0.828919 0.241943 0.822564 0.239014 0.823093 0.241699 0.811441 0.239990 0.811441 0.239502 0.816208 0.238037 0.812500 0.232422 0.815678 0.234375 0.821504 0.234863 0.815678 0.237549 0.813559 0.238525 0.815678 0.234863 0.818856 0.236328 0.823623 0.238770 0.823623 0.236816 0.825212 0.238281 0.826271 0.236816 0.829979 0.238770 0.831038 0.236816 0.832627 0.237305 0.836335 0.243896 0.834216 0.245117 0.837924 0.242188 0.843750 0.242188 0.853284 0.243652 0.850106 0.245850 0.850636 0.246094 0.841631 0.247803 0.843750 0.248291 0.854343 0.246094 0.856462 0.245117 0.852754 0.243652 0.855932 0.245117 0.859110 0.252197 0.855403 0.253662 0.856992 0.252686 0.860699 0.254883 0.853814 0.267578 0.859110 0.267090 0.855403 0.261719 0.853284 0.259277 0.848517 0.256592 0.850636 0.257812 0.845339 0.255127 0.851165 0.254639 0.845339 0.253174 0.853814 0.249268 0.854873 0.249023 0.837394 0.246582 0.828919 0.244629 0.829449 0.245117 0.826271 0.248291 0.827860 0.246338 0.822564 0.241943 0.833686 0.245361 0.819386 0.248291 0.820975 0.248291 0.811441 0.251709 0.807203 0.253906 0.808792 0.254639 0.802966 0.259766 0.793962 0.264160 0.802966 0.265137 0.801377 0.262207 0.795551
1 0.503418 0.786017 0.505615 0.787606 0.505371 0.787076 0.505859 0.784428 0.507324 0.785487 0.503906 0.782839 0.503906 0.785487
1 0.323242 0.781780 0.323730 0.782309 0.323486 0.783369 0.324707 0.785487 0.324219 0.786547 0.324707 0.786017 0.326172 0.787606 0.326660 0.790784 0.327148 0.790784 0.327637 0.788665 0.328125 0.792373 0.328613 0.791843 0.329102 0.792903 0.329102 0.795021 0.329590 0.796081 0.330322 0.795551 0.328857 0.791314 0.329590 0.790784 0.329834 0.789195 0.329102 0.790254 0.328857 0.788136 0.327148 0.788136 0.325928 0.785487 0.325439 0.782839 0.324463 0.781780
1 0.710449 0.781250 0.712158 0.786017 0.714844 0.788665 0.714600 0.787076 0.712891 0.785487
1 0.372803 0.783898 0.374756 0.786017 0.375244 0.789725 0.375244 0.788665 0.376221 0.788665 0.376465 0.789725 0.376953 0.788136 0.378662 0.788665 0.378906 0.787606 0.379150 0.788665 0.379639 0.788665 0.379639 0.786547 0.380127 0.787076 0.380859 0.791314 0.381348 0.791314 0.381836 0.788665 0.382568 0.788665 0.381592 0.788136 0.381592 0.789725 0.381104 0.790784 0.379395 0.785487 0.379150 0.788136 0.377441 0.786017 0.377686 0.784958 0.378418 0.785487 0.378662 0.783898 0.380127 0.780720 0.378662 0.783898 0.377930 0.783369 0.377930 0.780720 0.377930 0.782309 0.376465 0.786017 0.374756 0.784428 0.375244 0.781780 0.374756 0.781780 0.374268 0.783369
1 0.275635 0.779661 0.274170 0.782839 0.273438 0.781250 0.273193 0.784428 0.271484 0.784428 0.271729 0.786017 0.270996 0.787606 0.270508 0.786547 0.270996 0.784958 0.270020 0.786017 0.270020 0.783369 0.269287 0.783898 0.268066 0.790254 0.266602 0.792373 0.267578 0.793432 0.267090 0.796081 0.267822 0.793432 0.269775 0.792373 0.270020 0.796081 0.269531 0.796081 0.269775 0.799788 0.268555 0.805085 0.267822 0.804025 0.268311 0.801907 0.267822 0.802966 0.267334 0.801907 0.268555 0.796081 0.266846 0.798199 0.267578 0.800318 0.267090 0.799788 0.267334 0.801377 0.265869 0.804555 0.268555 0.807733 0.267822 0.808792 0.269043 0.808263 0.269287 0.810381 0.270996 0.810911 0.271240 0.814089 0.271973 0.814619 0.271729 0.811441 0.275391 0.813030 0.276367 0.810381 0.274414 0.807733 0.272461 0.810381 0.270996 0.808792 0.271484 0.806674 0.272217 0.807733 0.271729 0.806144 0.270752 0.807203 0.269043 0.806144 0.270996 0.798199 0.270020 0.797669 0.270264 0.795551 0.271484 0.797669 0.272705 0.797140 0.272949 0.799258 0.273926 0.799788 0.273193 0.804555 0.274170 0.802436 0.273193 0.796081 0.272949 0.797140 0.272217 0.796081 0.272949 0.793432 0.271973 0.795551 0.270508 0.792903 0.270996 0.787606 0.273682 0.786547 0.275635 0.788665 0.274658 0.796081 0.276367 0.796610 0.276855 0.802436 0.277832 0.804025 0.277344 0.806674 0.279297 0.806674 0.279053 0.805085 0.280273 0.806674 0.280518 0.804025 0.278076 0.804555 0.277588 0.803496 0.278076 0.801907 0.279785 0.801377 0.281006 0.802966 0.280029 0.798729 0.278809 0.800318 0.278809 0.798729 0.278076 0.799788 0.277100 0.798199 0.278076 0.793962 0.277344 0.792903 0.277100 0.794492 0.276123 0.792373 0.277588 0.790254 0.278320 0.786547 0.277588 0.786547 0.277588 0.784958 0.276855 0.787076 0.275879 0.786017 0.276123 0.784428 0.274902 0.784958 0.274658 0.782309
1 0.317871 0.782309 0.319092 0.782309 0.319336 0.779131 0.319824 0.779131 0.320557 0.781250 0.321045 0.781250 0.321533 0.779661 0.320312 0.780191 0.320068 0.778602 0.318359 0.778602 0.317871 0.779661
1 0.554688 0.779661 0.554688 0.782309 0.555176 0.782839 0.555176 0.784428 0.556152 0.788136 0.557861 0.786547 0.558350 0.789195 0.559082 0.787606 0.559814 0.788665 0.559814 0.783898 0.558838 0.781780 0.559082 0.781250 0.559814 0.781250 0.560547 0.782839 0.560547 0.786547 0.561035 0.785487 0.562256 0.785487 0.562500 0.787606 0.563232 0.787606 0.563232 0.786017 0.564209 0.786547 0.564697 0.785487 0.563477 0.782839 0.562500 0.782839 0.562256 0.780720 0.561768 0.781780 0.560059 0.781780 0.559326 0.780191 0.559570 0.779131 0.562256 0.778602 0.559814 0.778072 0.558838 0.778602 0.558105 0.780191 0.556885 0.780191 0.556641 0.779131 0.555664 0.781780 0.554932 0.781250
1 0.546631 0.769068 0.546387 0.771186 0.544434 0.771186 0.544434 0.775953 0.543945 0.776483 0.544189 0.779131 0.543701 0.780191 0.542969 0.780191 0.542969 0.783369 0.541992 0.783898 0.541260 0.780720 0.541260 0.786017 0.541748 0.787606 0.541748 0.789725 0.544189 0.800847 0.545166 0.800847 0.545898 0.802966 0.545654 0.795551 0.545898 0.795021 0.546631 0.796081 0.546631 0.798729 0.546143 0.800318 0.546387 0.800847 0.547119 0.798199 0.546631 0.795551 0.545654 0.793962 0.545654 0.790254 0.546631 0.789725 0.546387 0.788136 0.545654 0.787606 0.545654 0.784958 0.544922 0.785487 0.544189 0.783898 0.543701 0.784958 0.542969 0.784958 0.542725 0.783898 0.543457 0.783369 0.543945 0.781250 0.545166 0.783369 0.545654 0.783369 0.545898 0.781780 0.547363 0.781250 0.547852 0.782309 0.547119 0.784958 0.546631 0.784428 0.546875 0.785487 0.547852 0.785487 0.547852 0.787076 0.547363 0.788136 0.547852 0.787606 0.549561 0.793962 0.549072 0.791314 0.549072 0.787076 0.549561 0.786017 0.550293 0.786547 0.549316 0.783898 0.550049 0.780191 0.550781 0.779661 0.551025 0.782309 0.551514 0.782839 0.551270 0.784428 0.552246 0.786017 0.552490 0.785487 0.551514 0.783369 0.552002 0.781250 0.550537 0.779131 0.551270 0.777013 0.549072 0.777013 0.548096 0.773305 0.547852 0.774894 0.548340 0.775953 0.547363 0.778602 0.547852 0.780191 0.547119 0.780720 0.546631 0.778072 0.546631 0.780191 0.545898 0.780191 0.545654 0.775424 0.546631 0.774894
1 0.537354 0.766419 0.537354 0.767479 0.537842 0.768008 0.536865 0.771716 0.536865 0.773305 0.538574 0.774364 0.538818 0.776483 0.537109 0.780720 0.540039 0.777013 0.540039 0.774894 0.540771 0.772775 0.541260 0.773305 0.541748 0.779131 0.542725 0.779131 0.542725 0.776483 0.541504 0.774364 0.541504 0.772775 0.542236 0.770657 0.542725 0.770657 0.542480 0.769597 0.543701 0.767479 0.543701 0.765890 0.542969 0.764831 0.542725 0.769068 0.541748 0.768538 0.541260 0.766419 0.540283 0.768008 0.539307 0.767479 0.538818 0.766419 0.539062 0.764831 0.538574 0.765890
1 0.328613 0.764831 0.329102 0.766949 0.327393 0.769597 0.327148 0.772775 0.327881 0.772246 0.328125 0.774894 0.328125 0.771186 0.329102 0.769068 0.330078 0.770127 0.330078 0.771716 0.328613 0.774894 0.328613 0.775953 0.329346 0.775953 0.329590 0.778072 0.330078 0.778602 0.329834 0.779661 0.329102 0.779661 0.329102 0.781250 0.330322 0.781780 0.331299 0.781250 0.331543 0.780191 0.333252 0.780191 0.330322 0.779131 0.330322 0.774364 0.331787 0.773835 0.331543 0.768538 0.330811 0.768008 0.330078 0.770127 0.329834 0.768008 0.330566 0.766419 0.330078 0.766949 0.329590 0.765890 0.330322 0.764831
1 0.582275 0.760593 0.582031 0.763242 0.582764 0.765360 0.582520 0.765890 0.583008 0.768008 0.584229 0.767479 0.584473 0.769068 0.585205 0.770127 0.584717 0.769068 0.584717 0.766949 0.583984 0.766949 0.582520 0.763242 0.582520 0.762182 0.583008 0.761123 0.583252 0.761653 0.583252 0.760593
1 0.660400 0.762712 0.660645 0.766949 0.661377 0.769068 0.664551 0.769068 0.663574 0.767479 0.663330 0.764831 0.663574 0.764301 0.664795 0.766949 0.664795 0.768008 0.664795 0.763242 0.664307 0.763771 0.663330 0.761653 0.663086 0.759004 0.662598 0.759004 0.661865 0.760593 0.662598 0.761653 0.661865 0.763242 0.661621 0.768008 0.660645 0.765360 0.660889 0.762712
1 0.365967 0.757415 0.365234 0.759004 0.365723 0.763242 0.366943 0.761123 0.366943 0.759004
1 0.357910 0.757415 0.357910 0.760064 0.357422 0.760593 0.357422 0.762182 0.356445 0.762712 0.356445 0.770657 0.355469 0.772775 0.355469 0.775424 0.356201 0.777013 0.356201 0.775424 0.355713 0.774364 0.356445 0.773305 0.357666 0.773835 0.357910 0.777013 0.357422 0.778072 0.357910 0.777013 0.358643 0.777013 0.359131 0.778602 0.358643 0.776483 0.359375 0.774894 0.358643 0.771716 0.359131 0.770657 0.358887 0.768538 0.359375 0.767479 0.360107 0.767479 0.360107 0.766419 0.361084 0.766419 0.361328 0.768538 0.361816 0.769068 0.361816 0.770657 0.360352 0.771186 0.360352 0.774364 0.361328 0.776483 0.360352 0.778072 0.361572 0.781250 0.361816 0.779661 0.360840 0.779131 0.361084 0.777542 0.363281 0.777542 0.363525 0.778602 0.362793 0.779661 0.363281 0.780720 0.363281 0.782309 0.362305 0.784958 0.362305 0.787606 0.363037 0.787606 0.363525 0.788665 0.363037 0.787606 0.363037 0.783898 0.364014 0.783898 0.364258 0.784428 0.363770 0.785487 0.364502 0.785487 0.365234 0.783369 0.366943 0.784428 0.365967 0.780720 0.365234 0.782839 0.364990 0.781780 0.364014 0.781250 0.364014 0.779661 0.365723 0.779131 0.365967 0.776483 0.367432 0.775424 0.365234 0.776483 0.365234 0.778072 0.364746 0.778602 0.364258 0.777542 0.364746 0.774894 0.363525 0.772246 0.363770 0.771186 0.364258 0.771716 0.363281 0.769597 0.363037 0.766949 0.362305 0.766949 0.361816 0.768008 0.360596 0.765360 0.360352 0.762712 0.359131 0.762182 0.359131 0.759534
1 0.712402 0.756356 0.711914 0.757415 0.712891 0.759004 0.713623 0.761653 0.713867 0.759004 0.715088 0.761123 0.715332 0.763771 0.715088 0.764301 0.714844 0.763242 0.714844 0.766949 0.715088 0.764831 0.716064 0.766419 0.717041 0.772246 0.717285 0.770127 0.715820 0.761653 0.713867 0.757415
1 0.505127 0.755826 0.504639 0.762182 0.506836 0.762182 0.505859 0.757945 0.505127 0.757945 0.505127 0.756886 0.505615 0.756886
1 0.375732 0.756886 0.376709 0.759534 0.378174 0.761653 0.378662 0.761123 0.377930 0.757415 0.377930 0.755297 0.376953 0.755826 0.377686 0.757415 0.377441 0.759004
1 0.298340 0.756356 0.298340 0.757945 0.298828 0.759004 0.303955 0.759004 0.304443 0.757415 0.305176 0.758475 0.304688 0.760064 0.305908 0.762182 0.306396 0.762182 0.306396 0.761123 0.305420 0.761123 0.305420 0.759534 0.306152 0.759004 0.306396 0.760064 0.307129 0.760064 0.307129 0.758475 0.306641 0.758475 0.305908 0.756356 0.305176 0.756356 0.304688 0.757415 0.302979 0.753178 0.302246 0.753708 0.303223 0.754237 0.303467 0.756886 0.302734 0.757415 0.302490 0.759004 0.301270 0.758475 0.300537 0.756886 0.301025 0.754767 0.300537 0.756356 0.299316 0.756356 0.298828 0.755297
1 0.545654 0.752119 0.546143 0.755297 0.545410 0.757415 0.547119 0.756886 0.548340 0.759004 0.547852 0.762182 0.549072 0.762182 0.549072 0.759004 0.547607 0.757945 0.547852 0.755297 0.547607 0.756886 0.547119 0.756356 0.547119 0.753178 0.546387 0.754237
1 0.587402 0.758475 0.587402 0.762182 0.589111 0.762182 0.589600 0.763242 0.589111 0.762182 0.589111 0.755297 0.589600 0.754767 0.589844 0.756886 0.590576 0.756886 0.590576 0.754767 0.591309 0.753708 0.593018 0.756356 0.593506 0.760593 0.593506 0.759534 0.593994 0.759534 0.593018 0.756356 0.592773 0.752119 0.593262 0.751059 0.592773 0.751059 0.592529 0.752119 0.590820 0.752119 0.590576 0.751059 0.589844 0.751059 0.589844 0.752648 0.589111 0.754237 0.588379 0.754237 0.588867 0.755297 0.589111 0.757945 0.588379 0.758475 0.587891 0.756886 0.587891 0.757945
1 0.285156 0.753178 0.285156 0.756356 0.286377 0.756356 0.285889 0.756886 0.285889 0.757945 0.286621 0.757945 0.288574 0.754237 0.289062 0.754767 0.289062 0.755826 0.292725 0.755826 0.292969 0.756886 0.292480 0.757945 0.292969 0.759004 0.291992 0.760593 0.292480 0.762182 0.291260 0.762712 0.291016 0.764301 0.292236 0.764301 0.292725 0.763242 0.292969 0.765360 0.293701 0.765360 0.294434 0.763242 0.295166 0.763242 0.294189 0.762182 0.294189 0.760593 0.293701 0.760064 0.293701 0.756356 0.293213 0.755826 0.293213 0.754767 0.291504 0.754237 0.290283 0.751059 0.288086 0.751059 0.286865 0.753178
1 0.692871 0.751059 0.694824 0.755826 0.693604 0.756886 0.691895 0.755297 0.695557 0.758475 0.696045 0.763771 0.697510 0.764831 0.697266 0.766949 0.700195 0.766419 0.698242 0.771716 0.696777 0.769597 0.695801 0.771186 0.697266 0.775424 0.698975 0.777542 0.699463 0.780191 0.700195 0.772246 0.699219 0.773835 0.698486 0.771716 0.700195 0.769068 0.702881 0.776483 0.702148 0.778602 0.702881 0.783898 0.702393 0.786547 0.703613 0.789725 0.702881 0.793962 0.704834 0.805085 0.703613 0.797669 0.704590 0.796081 0.706055 0.801907 0.705078 0.797140 0.706787 0.797669 0.704590 0.793432 0.704834 0.792373 0.706299 0.795021 0.707031 0.792903 0.708740 0.799258 0.709229 0.794492 0.709961 0.796610 0.711426 0.793432 0.711670 0.796081 0.710938 0.797669 0.713867 0.793962 0.713135 0.791843 0.714355 0.790784 0.712158 0.790254 0.710938 0.785487 0.707031 0.779131 0.707764 0.777013 0.704590 0.769597 0.704102 0.765360 0.703125 0.765890 0.701660 0.762712 0.702881 0.766949 0.701660 0.768008 0.702637 0.770657 0.703857 0.770657 0.703613 0.773835 0.702881 0.772246 0.701660 0.772775 0.700195 0.764831 0.699219 0.764831 0.698975 0.763242 0.698730 0.764831 0.697998 0.764301 0.697754 0.762182 0.697510 0.763242 0.696045 0.760064 0.696289 0.756356 0.697754 0.760064 0.698975 0.759004 0.699707 0.760593 0.698975 0.762182 0.701416 0.761123 0.701904 0.759004 0.700928 0.760593 0.700439 0.759534 0.701904 0.757945 0.702148 0.755297 0.700684 0.754767 0.700439 0.759004 0.699707 0.755297 0.699219 0.757415 0.698975 0.755297 0.697754 0.754237 0.698242 0.756886 0.697266 0.757415 0.695068 0.753708 0.694336 0.750000
1 0.554688 0.750000 0.554688 0.753708 0.555664 0.754237 0.555908 0.765360 0.555908 0.762712 0.556885 0.762182 0.556885 0.754237 0.555664 0.754237
1 0.681152 0.749470 0.680176 0.754237 0.679199 0.754767 0.682373 0.763242 0.681641 0.763771 0.682861 0.771186 0.681396 0.770657 0.684082 0.777013 0.681396 0.776483 0.680420 0.779131 0.681885 0.779131 0.681641 0.782839 0.682617 0.786547 0.682861 0.784428 0.684570 0.786017 0.684570 0.792373 0.685303 0.789195 0.685791 0.791314 0.686768 0.788665 0.687012 0.791843 0.686035 0.792373 0.685547 0.800847 0.686279 0.814619 0.687012 0.817267 0.686523 0.807203 0.687012 0.806144 0.687988 0.808792 0.689209 0.807733 0.691406 0.818856 0.691406 0.822564 0.693115 0.820975 0.692871 0.808792 0.691895 0.802966 0.690430 0.801907 0.688232 0.793962 0.689453 0.796081 0.689697 0.790254 0.691895 0.800318 0.692383 0.798199 0.693359 0.799258 0.693359 0.793962 0.695312 0.806144 0.695801 0.805085 0.694092 0.797140 0.695801 0.799258 0.691162 0.787076 0.689209 0.785487 0.688721 0.782309 0.689697 0.781780 0.691650 0.785487 0.694824 0.784958 0.691162 0.783898 0.690918 0.779131 0.691406 0.781780 0.693604 0.781780 0.688721 0.774364 0.689453 0.766419 0.690430 0.765360 0.691895 0.767479 0.690674 0.764831 0.689453 0.765890 0.688721 0.764301 0.689209 0.757415 0.687988 0.759004 0.688232 0.752119 0.687256 0.753708 0.686035 0.752119 0.685547 0.754237 0.684814 0.750530 0.683594 0.750000 0.684082 0.748411 0.683105 0.750530 0.682617 0.748941
1 0.310303 0.752648 0.311523 0.754767 0.312256 0.754767 0.312012 0.756886 0.312988 0.755297 0.313477 0.756356 0.313477 0.760064 0.312500 0.762182 0.313232 0.760593 0.314209 0.766949 0.315186 0.763771 0.315674 0.764301 0.315918 0.762182 0.317383 0.763242 0.317383 0.765360 0.318359 0.765360 0.319580 0.762712 0.319336 0.761653 0.321045 0.759004 0.322266 0.759534 0.322266 0.765360 0.321533 0.766419 0.321289 0.765890 0.321533 0.762182 0.320068 0.764301 0.319580 0.766419 0.318848 0.766419 0.319336 0.770657 0.318848 0.771186 0.318115 0.770127 0.319092 0.772775 0.318115 0.773305 0.317871 0.772246 0.317871 0.774894 0.318848 0.777013 0.319824 0.777013 0.319824 0.775953 0.321045 0.774364 0.322266 0.779131 0.323975 0.779131 0.323975 0.772775 0.325439 0.772775 0.326416 0.770127 0.326660 0.770657 0.325684 0.767479 0.327637 0.764301 0.324707 0.765360 0.324219 0.763771 0.323242 0.765360 0.322754 0.764301 0.322998 0.759534 0.322266 0.759534 0.321777 0.757945 0.322510 0.753178 0.321289 0.757945 0.320557 0.758475 0.319336 0.753178 0.317871 0.751589 0.318848 0.748941 0.317627 0.748941 0.317383 0.747881 0.315918 0.748941 0.315430 0.750530 0.316895 0.749470 0.317139 0.751059 0.315186 0.752119 0.313965 0.754237 0.312988 0.753708 0.314941 0.749470 0.314209 0.748941 0.313477 0.752119 0.312500 0.753708
1 0.189453 0.746822 0.187500 0.751059 0.187500 0.753708 0.189697 0.753708 0.189941 0.754767 0.190674 0.754767 0.190186 0.753708 0.190186 0.752119 0.189697 0.751589 0.189941 0.746822
1 0.501709 0.746292 0.501221 0.746822 0.501465 0.749470 0.500000 0.750000 0.500000 0.752648 0.500488 0.753708 0.499268 0.754237 0.500000 0.755826 0.500977 0.754767 0.501221 0.758475 0.502197 0.759534 0.502686 0.757945 0.503418 0.757945 0.503906 0.756886 0.503174 0.755826 0.503174 0.754767 0.504395 0.752648 0.502441 0.748411 0.502686 0.746822 0.501953 0.747352
1 0.704102 0.745763 0.703857 0.746822 0.703613 0.746292 0.703613 0.747352 0.703125 0.746822 0.702881 0.747881 0.702148 0.747881 0.702637 0.748941 0.702637 0.750530 0.702148 0.751059 0.702393 0.753708 0.703125 0.753708 0.702637 0.751589 0.702881 0.749470 0.703613 0.749470 0.705078 0.751589 0.703857 0.747352 0.704834 0.746822 0.705566 0.748411 0.705566 0.749470 0.706055 0.749470 0.708008 0.754767 0.707520 0.755826 0.706055 0.753178 0.706055 0.754767 0.707520 0.756886 0.707031 0.759534 0.705322 0.759004 0.705078 0.756356 0.704834 0.757415 0.703125 0.756356 0.703125 0.757945 0.702393 0.758475 0.704102 0.760593 0.704102 0.761653 0.705811 0.765360 0.706299 0.768008 0.706299 0.765890 0.705811 0.765360 0.706299 0.763771 0.706787 0.763771 0.707031 0.769068 0.708252 0.769597 0.708008 0.766419 0.708740 0.765360 0.707764 0.763771 0.707520 0.764301 0.707275 0.762712 0.708252 0.761653 0.708740 0.762182 0.709717 0.760064 0.709717 0.758475 0.709229 0.760064 0.708008 0.758475 0.708008 0.756356 0.708740 0.755297 0.709717 0.756886 0.709473 0.753178 0.706787 0.750530 0.705811 0.746822 0.705322 0.746822 0.704834 0.745233
1 0.193604 0.745763 0.194336 0.747881 0.194336 0.750530 0.195068 0.750530 0.195312 0.752119 0.196777 0.753708 0.198242 0.754237 0.197998 0.756356 0.196777 0.756356 0.196045 0.754237 0.195068 0.754237 0.195312 0.756886 0.196045 0.756886 0.197266 0.760064 0.197266 0.756886 0.198486 0.756886 0.198730 0.757415 0.198242 0.758475 0.198242 0.760064 0.199219 0.760064 0.199219 0.755297 0.199951 0.754767 0.199463 0.753178 0.200439 0.752648 0.200684 0.751589 0.201416 0.751589 0.201660 0.750530 0.202393 0.750530 0.202393 0.748941 0.201660 0.748941 0.201416 0.747881 0.200684 0.747881 0.199463 0.745763 0.198975 0.750000 0.197754 0.750000 0.197510 0.748941 0.196777 0.748941 0.196533 0.748411 0.197266 0.746822 0.195312 0.747881 0.195068 0.746822 0.194092 0.746292 0.194336 0.745233
1 0.156494 0.744703 0.156250 0.745763 0.157227 0.746822 0.156250 0.747881 0.156006 0.750530 0.157227 0.755826 0.157715 0.754767 0.158691 0.756356 0.158203 0.751589 0.158447 0.750000 0.157227 0.749470 0.157959 0.748411 0.157471 0.747352 0.157715 0.745763 0.157227 0.746822 0.157227 0.745233
1 0.193848 0.742585 0.192383 0.742585 0.192383 0.744174 0.191650 0.745763 0.190674 0.745763 0.190430 0.747352 0.190918 0.746292 0.191650 0.747352 0.192627 0.744703 0.193115 0.745763 0.192871 0.745233 0.193604 0.744174
1 0.285645 0.740466 0.285156 0.742055 0.285645 0.748411 0.286377 0.748411 0.287354 0.746822 0.287842 0.747352 0.288086 0.746292 0.287354 0.743114 0.285156 0.743114 0.286133 0.740466
1 0.595215 0.738877 0.594727 0.742055 0.593750 0.742585 0.593750 0.745233 0.594727 0.745763 0.594727 0.753178 0.595703 0.755297 0.594727 0.753178 0.594971 0.750000 0.595703 0.749470 0.595703 0.746292 0.596191 0.745763 0.596924 0.747881 0.596680 0.752119 0.596924 0.751589 0.597412 0.753708 0.597168 0.754237 0.596191 0.753178 0.596191 0.752119 0.595459 0.750530 0.595947 0.753178 0.596924 0.753708 0.596680 0.754767 0.597656 0.754767 0.597168 0.752119 0.598145 0.751589 0.597168 0.750530 0.597168 0.748411 0.598145 0.747881 0.599609 0.751589 0.599121 0.750000 0.599609 0.749470 0.600098 0.751589 0.600098 0.749470 0.600830 0.747881 0.600342 0.748941 0.599365 0.745763 0.599854 0.745233 0.599854 0.743114 0.599609 0.743644 0.599121 0.742055 0.599121 0.744174 0.598633 0.744703 0.598145 0.743114 0.598145 0.744174 0.599365 0.745763 0.600098 0.748941 0.599854 0.749470 0.597656 0.745763 0.596680 0.745763 0.595947 0.744174 0.595947 0.742055 0.596680 0.742055 0.597168 0.743114 0.597168 0.744703 0.597412 0.741525 0.595703 0.741525
1 0.364502 0.739407 0.364258 0.740996 0.364746 0.742055 0.364258 0.743644 0.364990 0.743114 0.365479 0.744174 0.364258 0.745233 0.364990 0.747352 0.365723 0.747352 0.365723 0.748941 0.364746 0.750530 0.364502 0.752119 0.363525 0.750530 0.363281 0.748941 0.363281 0.750530 0.362305 0.751059 0.362305 0.753708 0.361328 0.755826 0.362305 0.753708 0.363037 0.753708 0.363281 0.750530 0.364258 0.752119 0.364258 0.753708 0.364746 0.751589 0.365234 0.752648 0.366455 0.752648 0.367188 0.753708 0.369385 0.753708 0.369629 0.755826 0.370117 0.756356 0.370117 0.760064 0.370361 0.759004 0.371094 0.759534 0.371094 0.761123 0.370605 0.761653 0.371094 0.765360 0.370605 0.765890 0.369873 0.764831 0.370117 0.766419 0.373291 0.768538 0.373779 0.769597 0.373535 0.770657 0.373535 0.769068 0.374268 0.767479 0.375000 0.768538 0.375244 0.770657 0.376221 0.768538 0.376221 0.765360 0.375244 0.764831 0.375732 0.766949 0.375244 0.768008 0.374512 0.768008 0.373291 0.764301 0.374512 0.760064 0.374512 0.756886 0.375244 0.754237 0.373779 0.750530 0.373779 0.744174 0.374756 0.743644 0.375488 0.744703 0.374268 0.743114 0.374023 0.741525 0.373047 0.739936 0.374023 0.743114 0.373535 0.744174 0.373535 0.748941 0.373047 0.749470 0.372314 0.747881 0.372559 0.746822 0.371582 0.745763 0.372314 0.741525 0.371582 0.743114 0.371094 0.739936 0.371338 0.743644 0.370605 0.745233 0.369873 0.745233 0.369873 0.743114 0.368164 0.743644 0.368164 0.742055 0.367920 0.744174 0.368652 0.745763 0.368164 0.746822 0.367432 0.746822 0.366699 0.745233 0.367188 0.743114 0.366455 0.742585 0.366699 0.739407
1 0.200684 0.738347 0.200684 0.745233 0.201904 0.745233 0.201904 0.738347
1 0.492188 0.737288 0.492188 0.741525 0.493164 0.745233 0.493652 0.740996 0.494629 0.739936 0.495361 0.740466 0.496094 0.743644 0.496094 0.740996 0.494873 0.738347 0.494629 0.739407 0.493164 0.739407 0.492676 0.737288
1 0.367188 0.734110 0.366943 0.736229 0.367676 0.739407 0.368408 0.739407 0.368408 0.740996 0.368896 0.739936 0.369873 0.742055 0.368408 0.738347 0.369385 0.737818 0.369629 0.738877 0.370361 0.737288 0.371094 0.737818 0.371338 0.736758 0.371094 0.736229 0.370117 0.737288 0.368896 0.734640 0.368896 0.735699 0.368408 0.736229 0.367920 0.734640
1 0.162109 0.734110 0.162109 0.735699 0.161621 0.736229 0.161621 0.738877 0.162109 0.739407 0.162109 0.740996 0.161621 0.741525 0.162354 0.742055 0.161377 0.743114 0.161133 0.745233 0.160156 0.745233 0.161621 0.745233 0.162354 0.746292 0.162842 0.743644 0.163574 0.745233 0.163086 0.745763 0.163086 0.747881 0.162598 0.747881 0.163574 0.750000 0.163086 0.751059 0.163086 0.754767 0.164062 0.752648 0.165039 0.753178 0.165039 0.751589 0.165527 0.752648 0.165771 0.751059 0.164307 0.750530 0.164062 0.745763 0.164551 0.745233 0.164307 0.744174 0.165283 0.743114 0.164307 0.741525 0.163574 0.743644 0.162109 0.739936 0.162109 0.736758 0.163086 0.738347 0.163330 0.739936 0.163818 0.738877 0.164307 0.740466 0.164307 0.739407 0.163818 0.738877 0.163818 0.735699 0.162354 0.735169
1 0.267334 0.735699 0.271973 0.736758 0.273193 0.740996 0.274414 0.738877 0.275879 0.739407 0.273193 0.743644 0.271973 0.740996 0.271240 0.747352 0.275146 0.745233 0.275146 0.743114 0.277588 0.741525 0.278320 0.743114 0.280273 0.742055 0.281006 0.743644 0.281250 0.740996 0.282227 0.742585 0.281006 0.745763 0.279297 0.745763 0.280762 0.748411 0.278809 0.752648 0.278564 0.757415 0.276855 0.759534 0.275879 0.758475 0.274902 0.760064 0.275879 0.761653 0.274658 0.763242 0.274170 0.761653 0.272217 0.762712 0.273682 0.765360 0.271973 0.766949 0.273682 0.767479 0.270996 0.771186 0.272217 0.770127 0.271973 0.772775 0.272949 0.771186 0.273438 0.772775 0.272705 0.773835 0.275146 0.774364 0.275635 0.773305 0.273438 0.770657 0.276367 0.765360 0.278076 0.765360 0.278076 0.763771 0.276611 0.764831 0.275879 0.762182 0.278320 0.760593 0.279297 0.768538 0.278564 0.773305 0.276123 0.777013 0.277100 0.777542 0.277344 0.781780 0.278320 0.780720 0.277588 0.779131 0.278076 0.776483 0.280518 0.779131 0.279297 0.779661 0.279297 0.786017 0.280518 0.787606 0.279541 0.782839 0.283447 0.773305 0.281738 0.772246 0.282227 0.773835 0.280762 0.774364 0.281250 0.770657 0.282959 0.770127 0.281494 0.768008 0.281006 0.771186 0.279785 0.769597 0.280029 0.762712 0.281494 0.763242 0.281982 0.761653 0.277588 0.759004 0.280518 0.755297 0.279053 0.752119 0.281250 0.747352 0.282715 0.750530 0.281738 0.753708 0.282959 0.753178 0.282471 0.748941 0.283447 0.749470 0.283936 0.744174 0.282959 0.739407 0.283936 0.735699 0.282959 0.733051 0.281494 0.733581 0.281982 0.735699 0.279785 0.735169 0.278076 0.740466 0.272461 0.737288 0.273193 0.733581 0.271240 0.736229 0.270508 0.733051 0.270264 0.735169
1 0.681396 0.731992 0.680664 0.731992 0.681152 0.732521 0.680908 0.733051 0.680176 0.733051 0.679443 0.735169 0.678711 0.735169 0.679443 0.740466 0.679688 0.736229 0.680420 0.736229 0.680908 0.737288 0.680908 0.738877 0.680908 0.734110 0.681396 0.733581
1 0.561035 0.731992 0.560547 0.733051 0.560547 0.735699 0.560059 0.736229 0.560303 0.737288 0.559814 0.738347 0.558594 0.737288 0.558594 0.738877 0.558105 0.739407 0.558105 0.742055 0.558594 0.742585 0.558594 0.744174 0.558105 0.744703 0.559326 0.745763 0.558838 0.747352 0.560059 0.750530 0.561523 0.751589 0.561035 0.751059 0.561523 0.750530 0.561035 0.748941 0.561523 0.747881 0.562256 0.749470 0.562744 0.749470 0.562256 0.748411 0.562256 0.746822 0.561279 0.745763 0.561279 0.746822 0.560791 0.747352 0.560059 0.745763 0.560303 0.743644 0.559570 0.743644 0.559814 0.744174 0.559082 0.745233 0.558594 0.743644 0.558838 0.742055 0.558350 0.742055 0.558594 0.739936 0.559570 0.742055 0.560303 0.740996 0.559814 0.739407 0.560547 0.736758 0.561035 0.737288 0.561279 0.739936 0.561279 0.735169 0.560791 0.734640 0.560791 0.733051 0.561279 0.732521
1 0.280029 0.730932 0.278076 0.730932 0.277588 0.731992 0.275879 0.733051 0.275146 0.732521 0.274414 0.734110 0.276855 0.733581 0.277832 0.732521 0.278076 0.733051
1 0.495605 0.730403 0.495361 0.736758 0.495605 0.733581 0.496826 0.730932 0.497559 0.734640 0.497559 0.736229 0.497070 0.737288 0.497803 0.736758 0.498047 0.739407 0.498535 0.738877 0.499268 0.735699 0.500732 0.738877 0.500488 0.740996 0.499756 0.740466 0.499756 0.738877 0.499512 0.739407 0.500000 0.740996 0.499756 0.743644 0.500732 0.744174 0.500488 0.743114 0.501709 0.737288 0.500488 0.737288 0.500244 0.736229 0.501709 0.734640 0.501709 0.733581 0.500732 0.735699 0.498291 0.734110 0.497314 0.730403
1 0.300781 0.729873 0.300537 0.732521 0.299561 0.734110 0.299561 0.735699 0.300049 0.734640 0.300293 0.735169 0.300049 0.737288 0.301025 0.738347 0.301025 0.739936 0.302246 0.744174 0.301758 0.745233 0.302246 0.745763 0.303223 0.744174 0.301758 0.742585 0.301758 0.740996 0.301025 0.738347 0.301025 0.734110 0.301514 0.730932
1 0.590088 0.729343 0.589844 0.733051 0.588867 0.735169 0.588867 0.736758 0.589355 0.735699 0.590088 0.739407 0.590576 0.736758 0.592041 0.736758 0.592285 0.737818 0.592773 0.737818 0.592285 0.735699 0.593018 0.734640 0.593262 0.733051 0.591797 0.731992 0.591553 0.730932 0.591553 0.731992 0.592041 0.732521 0.591309 0.733051
1 0.360107 0.729343 0.359619 0.733581 0.360840 0.733581 0.360840 0.734640 0.360107 0.734640 0.360840 0.735169 0.360840 0.736229 0.361328 0.736229 0.362305 0.738877 0.363037 0.738877 0.363281 0.736758 0.364258 0.736758 0.365234 0.734640 0.365967 0.735169 0.365967 0.733051 0.364990 0.733051 0.364502 0.731462 0.364502 0.733051 0.363770 0.733581 0.363281 0.732521 0.363281 0.730932 0.362793 0.731992 0.361572 0.729343 0.361084 0.730403
1 0.183594 0.733051 0.184082 0.734640 0.184814 0.734110 0.185059 0.732521 0.185547 0.733581 0.186279 0.733581 0.186523 0.734640 0.188721 0.734110 0.188965 0.732521 0.187988 0.733051 0.187744 0.734110 0.187500 0.730403 0.186035 0.729343 0.185059 0.730932 0.184570 0.733581
1 0.510010 0.727225 0.510254 0.734640 0.510742 0.734110 0.511719 0.735699 0.511475 0.734640 0.511963 0.733581 0.511963 0.731462 0.511230 0.730932
1 0.355225 0.725636 0.354492 0.726695 0.354736 0.728814 0.354004 0.729873 0.354004 0.733581 0.353271 0.733581 0.353271 0.730932 0.352539 0.735169 0.352051 0.735699 0.351562 0.733051 0.351562 0.736229 0.350586 0.737288 0.350586 0.738877 0.351318 0.739407 0.352539 0.738347 0.352783 0.739407 0.353760 0.738877 0.354004 0.739936 0.354736 0.738877 0.355713 0.738877 0.355225 0.737818
1 0.541016 0.725106 0.540527 0.727225 0.540527 0.729873 0.542236 0.734110 0.542236 0.731992 0.541748 0.730932 0.541992 0.729343 0.541504 0.728814
1 0.715332 0.724576 0.716064 0.727754 0.714844 0.727754 0.716064 0.728814 0.715332 0.729873 0.716553 0.735169 0.716064 0.737288 0.718506 0.739936 0.718262 0.737818 0.717529 0.737288 0.716797 0.735169 0.717529 0.733051 0.718018 0.733051 0.718750 0.737288 0.719238 0.736229 0.718506 0.733581 0.719482 0.733581 0.719238 0.732521 0.719727 0.731462 0.720459 0.732521 0.720703 0.731992 0.718994 0.728814 0.716553 0.728814 0.716553 0.727225
1 0.719727 0.725636 0.720459 0.728814 0.723145 0.728814 0.721924 0.724047 0.721191 0.722987 0.721924 0.725106 0.721680 0.726165 0.720459 0.724576 0.720215 0.725636
1 0.189453 0.724576 0.189453 0.728284 0.190430 0.729873 0.190430 0.730932 0.190674 0.729343 0.191895 0.728284 0.193115 0.730932 0.193115 0.732521 0.194092 0.731462 0.194092 0.728814 0.194580 0.728284 0.194336 0.727225 0.195068 0.726695 0.194824 0.724047 0.194336 0.724047 0.194336 0.728284 0.192871 0.728814 0.192139 0.727225 0.192627 0.724047 0.191895 0.724576 0.191406 0.722458 0.190674 0.722987 0.191162 0.724047 0.190674 0.726695 0.189941 0.726165 0.190430 0.725636 0.190430 0.724047
1 0.529053 0.719280 0.529785 0.720869 0.529297 0.721928 0.529053 0.724576 0.528320 0.724576 0.528320 0.728284 0.528809 0.728284 0.529541 0.724047 0.530273 0.722458 0.530518 0.724576 0.531250 0.726165 0.530762 0.733051 0.532471 0.729873 0.531982 0.727225 0.532227 0.724576 0.532715 0.723517 0.533691 0.724576 0.533936 0.727225 0.533936 0.724576 0.532715 0.721928 0.532227 0.721928 0.531738 0.723517 0.531006 0.721928 0.530762 0.719809 0.530273 0.720339
1 0.204834 0.718220 0.203857 0.717691 0.203125 0.719280 0.203125 0.721398 0.202637 0.722458 0.202148 0.720339 0.202637 0.724047 0.203125 0.721928 0.203857 0.721928 0.204590 0.724047 0.204346 0.722458 0.205078 0.720339
1 0.667969 0.717161 0.667969 0.719809 0.668701 0.719809 0.669434 0.721398 0.669434 0.722987 0.669922 0.721928 0.670654 0.721928 0.670654 0.720339 0.669922 0.720339 0.669189 0.717161
1 0.162354 0.715042 0.161377 0.716102 0.162109 0.716631 0.160156 0.721398 0.160400 0.724047 0.160889 0.721928 0.161865 0.721928 0.162842 0.720339 0.162354 0.719809
1 0.713135 0.716102 0.714111 0.717691 0.715576 0.717691 0.715820 0.718750 0.716064 0.716631 0.716553 0.718220 0.717529 0.717691 0.717773 0.718750 0.718506 0.718750 0.718994 0.719809 0.719238 0.718750 0.718506 0.717691 0.718506 0.715572 0.715820 0.715572 0.715332 0.714513 0.715088 0.717161 0.713867 0.715042
1 0.616211 0.713983 0.616211 0.716631 0.616699 0.717161 0.616211 0.719280 0.616699 0.718750 0.620117 0.726165 0.618408 0.720339 0.617188 0.718750 0.616699 0.714513
1 0.262207 0.713983 0.262207 0.715042 0.260742 0.716102 0.260742 0.717691 0.260010 0.719809 0.260498 0.722458 0.259766 0.724047 0.259766 0.725636 0.260254 0.725636 0.260986 0.724047 0.261475 0.726165 0.260986 0.726165 0.261230 0.726695 0.259521 0.729343 0.258789 0.728284 0.258789 0.730403 0.259277 0.730932 0.260010 0.730403 0.259766 0.729343 0.260254 0.728284 0.260986 0.728814 0.261230 0.727754 0.261475 0.728284 0.261719 0.726165 0.262207 0.726695 0.261963 0.732521 0.262451 0.737288 0.261963 0.738347 0.261719 0.737818 0.261719 0.739936 0.263672 0.737818 0.266846 0.736758 0.264893 0.736229 0.264404 0.737288 0.263672 0.737288 0.262451 0.735169 0.263184 0.728284 0.262207 0.727754 0.261963 0.725636 0.261475 0.725106 0.261719 0.723517 0.261475 0.724047 0.261230 0.722458 0.260498 0.721398 0.260742 0.719809 0.261230 0.720339 0.261230 0.721398 0.261475 0.720869 0.261475 0.716631 0.263428 0.715572
1 0.210693 0.713983 0.207764 0.720339 0.206055 0.720339 0.206055 0.721928 0.206787 0.721928 0.207031 0.724047 0.208008 0.724047 0.209229 0.721928 0.209473 0.726165 0.210693 0.724576 0.211182 0.726165 0.211182 0.723517 0.210449 0.724576 0.209717 0.722987 0.209717 0.721398 0.208740 0.719809 0.208984 0.717691 0.210693 0.716631
1 0.634277 0.713453 0.632324 0.713453 0.632080 0.715572 0.633057 0.716102 0.633057 0.718750 0.633545 0.716631 0.634033 0.717161 0.633789 0.715042
1 0.676025 0.711864 0.675537 0.710805 0.674316 0.710805 0.674072 0.711864 0.670410 0.711864 0.670410 0.714513 0.670898 0.713453 0.671631 0.714513 0.671875 0.713453 0.673096 0.713453 0.673340 0.712394 0.675049 0.712394 0.675293 0.711335 0.676025 0.713453
1 0.604492 0.709216 0.604736 0.711864 0.605469 0.711864 0.606201 0.716102 0.605713 0.719809 0.606689 0.717691 0.608154 0.719809 0.608887 0.719809 0.606689 0.714513 0.606689 0.712924 0.606201 0.711864 0.604736 0.711335 0.605225 0.710275 0.605713 0.710805 0.605713 0.709746 0.605469 0.710275
1 0.217285 0.709216 0.216797 0.709216 0.216553 0.710275 0.216309 0.709746 0.215576 0.711335 0.215820 0.713453 0.215332 0.714513 0.214600 0.714513 0.214355 0.711864 0.214355 0.713453 0.212158 0.719280 0.211426 0.718750 0.211914 0.719280 0.211914 0.720339 0.213623 0.717691 0.213379 0.716102 0.213867 0.715572 0.214111 0.716631 0.214600 0.714513 0.215088 0.715572 0.214844 0.716631 0.215332 0.715042 0.215820 0.716102 0.215332 0.717691 0.214844 0.717691 0.215820 0.716631 0.215820 0.713453 0.216309 0.713983 0.216309 0.715042 0.217529 0.715042 0.217773 0.716631 0.214600 0.720869 0.213867 0.720869 0.212891 0.722458 0.212158 0.721928 0.211670 0.723517 0.214111 0.724047 0.212402 0.725106 0.211426 0.727225 0.210938 0.729873 0.209717 0.731992 0.208984 0.731992 0.207520 0.729343 0.208496 0.727754 0.208740 0.726165 0.206787 0.726695 0.206299 0.728814 0.205322 0.728814 0.204590 0.726695 0.204346 0.727754 0.203613 0.727754 0.204102 0.728284 0.203369 0.729343 0.203613 0.730932 0.204102 0.729873 0.204346 0.731462 0.203613 0.731992 0.203613 0.736229 0.203125 0.737818 0.203125 0.745233 0.203613 0.746292 0.203613 0.748411 0.205078 0.747881 0.206299 0.742585 0.208740 0.735699 0.210693 0.731992 0.210938 0.732521 0.211670 0.731462 0.211426 0.729873 0.211914 0.728284 0.212402 0.728814 0.212402 0.730403 0.213135 0.729343 0.212158 0.728284 0.212402 0.725106 0.212891 0.725636 0.212891 0.727225 0.213867 0.727754 0.213867 0.728814 0.217773 0.720339 0.217773 0.719280 0.217041 0.718750 0.217773 0.716631 0.217773 0.710275 0.217285 0.710805
1 0.274414 0.708686 0.275146 0.710275 0.274902 0.710805 0.273926 0.709746 0.273438 0.710805 0.273926 0.712394 0.273682 0.713453 0.274170 0.713453 0.274414 0.715042 0.274902 0.713983 0.275635 0.715042 0.275635 0.720339 0.276611 0.715042 0.275635 0.714513 0.275879 0.713453 0.275635 0.713983 0.274902 0.712394 0.275635 0.710805 0.275146 0.708686
1 0.573486 0.712394 0.574219 0.714513 0.575195 0.715042 0.576904 0.718220 0.576660 0.713453 0.577637 0.712394 0.577148 0.710805 0.577637 0.709746 0.578369 0.711335 0.578369 0.713453 0.577881 0.714513 0.578125 0.716102 0.578857 0.717161 0.578613 0.719809 0.579346 0.721928 0.579102 0.724047 0.579834 0.724047 0.580078 0.722987 0.580322 0.724047 0.580566 0.722987 0.581055 0.724047 0.580811 0.722987 0.579834 0.722987 0.579102 0.721398 0.579102 0.720339 0.579834 0.719280 0.581055 0.721928 0.580322 0.720869 0.579834 0.718750 0.580811 0.716631 0.580811 0.713453 0.580566 0.716631 0.579834 0.717161 0.579590 0.713983 0.578125 0.709746 0.578125 0.708157 0.577148 0.708157 0.576416 0.709746 0.574707 0.710805 0.574707 0.712924 0.573975 0.713453 0.573730 0.711864
1 0.540771 0.707627 0.539795 0.707627 0.537842 0.713453 0.539795 0.708686 0.540283 0.709746 0.540283 0.712394 0.539795 0.712924 0.540039 0.715042 0.539307 0.715572 0.538818 0.714513 0.537598 0.714513 0.537109 0.717691 0.536377 0.718750 0.536621 0.721398 0.534668 0.721398 0.535645 0.721928 0.536133 0.722987 0.535645 0.724047 0.536133 0.724576 0.536621 0.723517 0.536865 0.720339 0.537354 0.719809 0.537842 0.720869 0.537842 0.717161 0.538330 0.716102 0.538818 0.717161 0.538818 0.726165 0.538330 0.728284 0.538086 0.735169 0.539062 0.734110 0.539062 0.725106 0.540039 0.724047 0.539795 0.722458 0.539062 0.722458 0.539307 0.719280 0.540283 0.716631 0.541504 0.719280 0.541504 0.715572 0.540771 0.711864
1 0.570557 0.706568 0.570312 0.710275 0.569580 0.707627 0.568848 0.709216 0.567871 0.708686 0.569336 0.712924 0.569092 0.715572 0.569580 0.717691 0.569336 0.715042 0.570557 0.711864 0.570312 0.710275 0.571045 0.710275 0.571533 0.708157 0.571289 0.707627 0.571289 0.709216 0.570801 0.709746
1 0.684326 0.706038 0.683594 0.707627 0.684326 0.708686 0.684814 0.710805 0.684570 0.714513 0.685059 0.713453 0.685791 0.713453 0.686035 0.714513 0.686523 0.713453 0.686035 0.712924 0.686523 0.710805 0.685303 0.707627 0.685791 0.707097 0.684814 0.707097
1 0.584961 0.705508 0.585205 0.709746 0.583984 0.712394 0.584473 0.713453 0.585205 0.713453 0.585449 0.714513 0.587402 0.713453 0.588135 0.715042 0.587646 0.716631 0.586914 0.716631 0.586670 0.718220 0.585938 0.717161 0.585938 0.718750 0.586426 0.719809 0.586914 0.717691 0.587402 0.718750 0.588623 0.718750 0.588135 0.716631 0.588867 0.716102 0.590088 0.718750 0.589111 0.720339 0.588379 0.720339 0.589111 0.721398 0.588623 0.722458 0.586914 0.722458 0.586670 0.723517 0.585938 0.723517 0.586426 0.725106 0.586670 0.724576 0.587891 0.726695 0.587891 0.728284 0.588623 0.728284 0.588623 0.726695 0.588135 0.726165 0.588623 0.722458 0.589600 0.721928 0.589844 0.719809 0.592529 0.719809 0.592285 0.718750 0.593018 0.717161 0.592529 0.716631 0.592529 0.714513 0.592529 0.717691 0.591553 0.715572 0.591309 0.710275 0.591553 0.715572 0.591064 0.716102 0.589844 0.711864 0.590576 0.713453 0.589844 0.715042 0.589600 0.717161 0.589111 0.716102 0.589111 0.710805 0.589600 0.709746 0.588623 0.708686 0.588623 0.712924 0.586914 0.712394 0.586670 0.711864 0.587891 0.708686 0.587646 0.708157 0.588135 0.707627 0.588135 0.706568 0.586914 0.706568 0.586670 0.705508
1 0.315918 0.702860 0.314941 0.706038 0.315186 0.709746 0.317139 0.706568 0.317139 0.705508 0.316162 0.704979
1 0.280762 0.701271 0.279297 0.704449 0.279053 0.706568 0.277344 0.707097 0.278564 0.707097 0.278564 0.709746 0.277832 0.710275 0.278320 0.711335 0.279785 0.711335 0.280518 0.712924 0.280273 0.713453 0.281006 0.714513 0.281006 0.708686 0.280029 0.709216 0.279541 0.710805 0.278564 0.710275 0.278564 0.708686 0.279297 0.708157 0.280518 0.704979 0.281494 0.707627 0.281494 0.704449
1 0.280273 0.700212 0.279785 0.699153 0.279053 0.701801 0.277344 0.700742 0.276855 0.702860 0.278320 0.703919
1 0.679443 0.698093 0.678223 0.700212 0.678223 0.702331 0.677734 0.703390 0.677002 0.702860 0.677002 0.701271 0.677246 0.700742 0.677490 0.701801 0.677246 0.700212 0.675781 0.700212 0.675781 0.702860 0.676758 0.703390 0.676758 0.704979 0.677246 0.705508 0.677246 0.708157 0.677979 0.708157 0.678467 0.707097 0.678711 0.703919 0.679932 0.703919
1 0.621582 0.697034 0.622314 0.699153 0.622314 0.702860 0.622559 0.701801 0.623047 0.701801 0.624756 0.706568 0.624756 0.708686 0.625488 0.710805 0.625244 0.712394 0.623535 0.711864 0.625244 0.712924 0.627197 0.718750 0.628662 0.720339 0.627686 0.721928 0.626953 0.720339 0.627197 0.724047 0.627930 0.722987 0.628662 0.724047 0.629395 0.726695 0.628906 0.727754 0.629150 0.728284 0.629639 0.726165 0.627930 0.721928 0.628906 0.720339 0.627930 0.718220 0.627930 0.716631 0.627686 0.717691 0.626953 0.717161 0.626221 0.710805 0.625000 0.706568 0.625244 0.702860 0.624512 0.703919 0.622559 0.699153 0.622559 0.697034
1 0.249268 0.699153 0.250000 0.700212 0.249512 0.702860 0.250977 0.702331 0.251221 0.703919 0.251709 0.702860 0.252686 0.702860 0.253418 0.704449 0.254150 0.703919 0.254639 0.705508 0.253174 0.707097 0.254395 0.706038 0.255859 0.706038 0.256348 0.707097 0.255615 0.708686 0.255615 0.709746 0.257568 0.710805 0.259521 0.710275 0.259277 0.707627 0.259766 0.702860 0.260986 0.702860 0.261230 0.703919 0.262451 0.703390 0.262939 0.704979 0.262939 0.703390 0.262451 0.703390 0.261963 0.701271 0.261475 0.703390 0.260986 0.702860 0.261230 0.701271 0.260498 0.701271 0.260986 0.701801 0.260742 0.702331 0.260010 0.701801 0.258545 0.704979 0.255859 0.704979 0.255615 0.703390 0.256104 0.701801 0.254639 0.701271 0.254883 0.701801 0.254395 0.702331 0.252930 0.699682 0.252441 0.699682 0.251953 0.701801 0.251221 0.702860 0.250488 0.701271 0.250732 0.699682 0.251709 0.699682 0.252441 0.698623 0.252197 0.698093 0.251709 0.699153 0.251221 0.697034 0.250000 0.697034 0.250000 0.698623
1 0.569092 0.695975 0.568604 0.700212 0.568115 0.699682 0.568115 0.696504 0.566650 0.698093 0.567383 0.701271 0.567383 0.703390 0.568359 0.706038 0.568359 0.703390 0.569092 0.704979 0.569580 0.704979 0.569580 0.703919 0.568604 0.702860 0.568604 0.700212 0.569092 0.699682
1 0.563477 0.695975 0.562500 0.697564 0.562256 0.699153 0.561768 0.698623 0.562500 0.701271 0.561523 0.703390 0.561035 0.707097 0.561279 0.705508 0.562988 0.701801 0.562744 0.700742
1 0.169434 0.695975 0.168457 0.697034 0.168945 0.698093 0.168213 0.699153 0.168213 0.700742 0.168457 0.701271 0.168945 0.699153 0.169678 0.698623 0.169678 0.702860 0.170166 0.703919 0.170410 0.701801 0.169922 0.701271 0.169922 0.700212 0.171387 0.699682 0.171387 0.698093 0.169434 0.698093
1 0.623535 0.694915 0.623535 0.698093 0.625000 0.699682 0.626221 0.702860 0.626221 0.706568 0.628906 0.713453 0.629639 0.717691 0.629883 0.715572 0.628906 0.709216 0.630127 0.708157 0.631836 0.710275 0.630371 0.706038 0.629395 0.698623 0.629150 0.700742 0.628662 0.701271 0.627686 0.697564 0.628174 0.695975 0.627686 0.694915 0.625488 0.694915 0.625977 0.696504 0.625732 0.700212 0.624756 0.698093 0.624756 0.696504
1 0.606689 0.694915 0.606445 0.695975 0.605957 0.694915 0.605713 0.698093 0.605469 0.695975 0.604736 0.695975 0.604980 0.702860 0.604980 0.699682 0.606201 0.699682 0.606201 0.698093 0.606689 0.697564
1 0.578125 0.694915 0.577393 0.697034 0.576660 0.697034 0.576660 0.699682 0.577393 0.701801 0.578857 0.702331 0.579590 0.700742 0.578125 0.699153 0.579102 0.698623 0.578613 0.697034 0.579346 0.694915
1 0.543457 0.693326 0.544189 0.696504 0.544189 0.699153 0.544678 0.698623 0.545410 0.699682 0.546143 0.697564 0.547119 0.698093 0.546143 0.694915 0.546143 0.697034 0.545654 0.697564 0.544678 0.696504 0.543701 0.692797
1 0.707031 0.691208 0.706787 0.692797 0.705811 0.691208 0.706055 0.692797 0.705566 0.694386 0.704590 0.694386 0.704102 0.692797 0.703613 0.692797 0.703369 0.694386 0.702148 0.693326 0.701416 0.693856 0.703369 0.696504 0.704346 0.696504 0.705078 0.698093 0.705078 0.699153 0.705811 0.700742 0.704834 0.701801 0.704590 0.703919 0.705322 0.701801 0.706299 0.703390 0.706299 0.706568 0.705566 0.708157 0.706543 0.707627 0.706299 0.707097 0.706787 0.706038 0.707520 0.706038 0.708008 0.707097 0.708252 0.706038 0.708008 0.706568 0.707031 0.704979 0.705078 0.697564 0.705322 0.697034 0.706299 0.699153 0.707764 0.698093 0.709229 0.700742 0.707520 0.694915 0.707520 0.692267
1 0.692871 0.694915 0.693359 0.696504 0.695312 0.696504 0.695068 0.694915 0.695801 0.693326 0.696777 0.697564 0.698975 0.697564 0.698975 0.695975 0.699951 0.696504 0.701172 0.699153 0.701172 0.700742 0.702393 0.702860 0.701904 0.704449 0.702881 0.707097 0.704102 0.707097 0.703857 0.705508 0.703369 0.706568 0.702637 0.704979 0.702637 0.702331 0.702148 0.701271 0.702393 0.700212 0.701416 0.699682 0.701904 0.698623 0.701416 0.696504 0.701660 0.695445 0.700195 0.695445 0.699463 0.693326 0.699707 0.691208 0.698730 0.691208 0.699219 0.692797 0.699219 0.695975 0.698486 0.694386 0.697510 0.694915 0.697266 0.693856 0.697266 0.695445 0.696777 0.695975 0.696533 0.693856 0.694824 0.691208 0.693848 0.691737 0.694580 0.692797 0.694580 0.693856 0.693848 0.695445
1 0.628906 0.688559 0.627930 0.688559 0.627686 0.691208 0.626465 0.689089 0.625732 0.690148 0.625244 0.692267 0.627930 0.692267 0.628174 0.691208 0.628662 0.691208 0.628906 0.692267
1 0.201660 0.687500 0.201172 0.690678 0.200195 0.691208 0.199951 0.689619 0.199219 0.690148 0.199219 0.694386 0.199707 0.694386 0.199951 0.692267 0.200439 0.694915 0.199951 0.698093 0.199707 0.696504 0.199219 0.697034 0.199707 0.700212 0.199951 0.698093 0.201904 0.695445 0.200439 0.694386 0.200439 0.693326 0.201904 0.691208
1 0.177734 0.691737 0.177734 0.693856 0.179688 0.694915 0.179688 0.697564 0.180908 0.695445 0.181396 0.697034 0.181152 0.698623 0.182129 0.701271 0.183350 0.700742 0.183350 0.698093 0.183838 0.697564 0.184570 0.702860 0.186279 0.703919 0.186523 0.705508 0.187256 0.704979 0.187256 0.702331 0.188477 0.700742 0.190674 0.701801 0.190918 0.710805 0.192871 0.702860 0.196777 0.702860 0.197266 0.703919 0.196533 0.706568 0.195801 0.706568 0.195801 0.709216 0.197510 0.712394 0.196289 0.713983 0.196289 0.718750 0.196777 0.719280 0.196289 0.720339 0.196289 0.728284 0.196777 0.729873 0.197510 0.728814 0.197021 0.726695 0.198975 0.722987 0.199219 0.716631 0.200684 0.717691 0.200195 0.719280 0.200684 0.720339 0.200439 0.722458 0.201416 0.724047 0.201416 0.716631 0.202393 0.714513 0.202881 0.710805 0.202148 0.709746 0.200439 0.709746 0.199951 0.710805 0.199707 0.709746 0.199219 0.710805 0.199463 0.712394 0.201904 0.712924 0.199463 0.716102 0.197510 0.713453 0.198242 0.711864 0.197998 0.709746 0.198975 0.709216 0.197510 0.703919 0.197998 0.702860 0.197754 0.694386 0.196289 0.694915 0.195801 0.693856 0.195312 0.694915 0.195557 0.697034 0.193848 0.697034 0.192871 0.701271 0.192627 0.695975 0.190430 0.695975 0.189209 0.692797 0.187256 0.692267 0.187256 0.687500 0.186035 0.689619 0.185791 0.692797 0.183594 0.693326 0.183105 0.690678 0.181641 0.690678 0.181396 0.691737 0.178711 0.691737 0.178223 0.693856
1 0.242676 0.686441 0.241455 0.691737 0.241699 0.693856 0.240723 0.695445 0.240723 0.698623 0.241699 0.699682 0.241699 0.700742 0.241211 0.701801 0.240967 0.701271 0.241455 0.702331 0.242920 0.702331 0.242920 0.700742 0.243896 0.700212 0.244629 0.701271 0.244385 0.702331 0.243896 0.702331 0.244873 0.702331 0.245850 0.700742 0.246094 0.702331 0.248535 0.702331 0.249023 0.700212 0.248779 0.699153 0.247559 0.699153 0.247314 0.697034 0.248779 0.694915 0.248779 0.692267 0.248047 0.693326 0.247559 0.695445 0.247070 0.695445 0.246094 0.693856 0.246094 0.691208 0.246826 0.689619 0.247559 0.690678 0.247559 0.692797 0.247559 0.690678 0.248779 0.690678 0.249268 0.689089 0.249756 0.689089 0.249756 0.687500 0.248535 0.689089 0.247314 0.689089 0.247070 0.687500 0.247559 0.686441 0.246094 0.686441 0.245850 0.687500 0.245605 0.686441
1 0.550293 0.686441 0.548828 0.692267 0.550049 0.693856 0.550293 0.690678 0.552002 0.696504 0.550537 0.699153 0.548828 0.695445 0.550049 0.699153 0.546143 0.711335 0.549072 0.705508 0.553223 0.715572 0.550049 0.721398 0.551025 0.712924 0.547852 0.711864 0.548828 0.722458 0.547119 0.725106 0.544922 0.719280 0.542969 0.736758 0.544189 0.737818 0.543213 0.736229 0.544922 0.733051 0.545410 0.736758 0.547852 0.737288 0.546875 0.745233 0.547852 0.741525 0.549561 0.752119 0.548828 0.745233 0.550781 0.742585 0.552490 0.760064 0.552002 0.747881 0.554932 0.745763 0.551514 0.746292 0.549805 0.740996 0.552002 0.744174 0.553467 0.737818 0.552002 0.739407 0.551025 0.733581 0.550293 0.736758 0.549072 0.734110 0.553223 0.726165 0.557373 0.726165 0.556641 0.724047 0.559326 0.722458 0.563965 0.736229 0.564941 0.747352 0.566406 0.747881 0.565430 0.759004 0.566650 0.753708 0.567871 0.760064 0.571289 0.759004 0.569824 0.764301 0.572510 0.759004 0.572998 0.765360 0.575928 0.767479 0.576416 0.762712 0.572998 0.762182 0.574219 0.756356 0.576660 0.757945 0.577881 0.752119 0.576660 0.747881 0.576904 0.751059 0.575439 0.749470 0.574951 0.736229 0.576416 0.735169 0.575928 0.731462 0.578369 0.735699 0.578369 0.748411 0.577881 0.733051 0.579346 0.729343 0.578125 0.726695 0.577148 0.730932 0.576904 0.725106 0.574463 0.724576 0.570801 0.716631 0.569580 0.722987 0.568359 0.715042 0.566895 0.721398 0.564453 0.720339 0.565918 0.710805 0.568359 0.713453 0.566406 0.710275 0.565674 0.701801 0.566406 0.706038 0.563477 0.712394 0.562988 0.722458 0.561035 0.710275 0.557129 0.706568 0.557861 0.691208 0.559326 0.689619 0.554688 0.688559 0.554688 0.684852 0.553467 0.687500 0.554443 0.695445 0.553467 0.691737 0.550537 0.691208 0.552979 0.689089 0.552979 0.684852 0.552246 0.688559
1 0.207031 0.684322 0.207031 0.686441 0.206055 0.687500 0.206055 0.689089 0.206543 0.689619 0.207520 0.688030 0.208008 0.688559 0.208008 0.689619 0.207031 0.691737 0.208252 0.692797 0.208740 0.695445 0.208984 0.693856 0.210449 0.693856 0.210693 0.693326 0.209717 0.692797 0.210693 0.691737 0.210449 0.690678 0.208496 0.690678 0.209229 0.685911 0.208008 0.686441 0.207764 0.684322
1 0.197510 0.685911 0.197510 0.683792 0.197021 0.683263 0.196777 0.687500 0.196533 0.686441 0.195312 0.686441 0.194824 0.684322 0.192871 0.684322 0.193604 0.685911 0.194092 0.685911 0.194824 0.687500 0.194824 0.688559 0.195557 0.688030 0.195801 0.689089 0.196533 0.688559
1 0.562988 0.682203 0.562500 0.683263 0.563477 0.685911 0.564453 0.686441 0.564209 0.687500 0.563477 0.687500 0.563965 0.689619 0.563477 0.690678 0.563965 0.691208 0.563965 0.695975 0.564941 0.699153 0.564941 0.701271 0.565430 0.702860 0.564941 0.700212 0.565918 0.699153 0.564941 0.694915 0.563965 0.693856 0.564209 0.691737 0.564697 0.691737 0.564697 0.693326 0.564941 0.690148 0.565674 0.690678 0.565674 0.692797 0.565918 0.691208 0.566406 0.691737 0.566406 0.694386 0.565918 0.694915 0.565674 0.693856 0.565918 0.696504 0.566406 0.695975 0.566406 0.692797 0.566895 0.691737 0.568115 0.693856 0.566650 0.689619 0.565430 0.688559 0.565186 0.687500 0.564453 0.687500 0.564697 0.685381 0.563721 0.683263 0.563232 0.684322 0.562744 0.683792
1 0.629395 0.686441 0.630127 0.688559 0.630371 0.686441 0.631348 0.686970 0.632080 0.689619 0.631592 0.691208 0.632568 0.691208 0.634277 0.694915 0.635254 0.698623 0.635986 0.699153 0.635498 0.698093 0.635986 0.696504 0.636475 0.697564 0.637207 0.695975 0.638184 0.695975 0.637207 0.695445 0.636230 0.692267 0.635986 0.689619 0.634766 0.686970 0.635254 0.685911 0.636230 0.686441 0.635742 0.684322 0.635742 0.682733 0.636230 0.681674 0.635742 0.682203 0.635498 0.684322 0.633789 0.684322 0.633057 0.682203 0.632324 0.684322 0.631348 0.683263 0.631592 0.685911 0.631104 0.686970 0.630615 0.685911
1 0.604248 0.681674 0.604004 0.684322 0.603027 0.685381 0.604492 0.686970 0.604492 0.689619 0.604004 0.690148 0.602783 0.688559 0.601562 0.688559 0.602051 0.689089 0.601562 0.691208 0.602051 0.692267 0.601562 0.690678 0.602295 0.689619 0.603271 0.692267 0.602783 0.690148 0.603516 0.689089 0.604004 0.690678 0.604492 0.690148 0.604980 0.692267 0.605469 0.691208 0.605957 0.692267 0.606201 0.690678 0.606689 0.691208 0.606689 0.692267 0.606201 0.688030 0.606445 0.687500 0.607178 0.690148 0.606201 0.686970 0.605225 0.686441 0.604492 0.684852
1 0.190430 0.680614 0.191406 0.680614 0.191162 0.679555 0.191650 0.679025 0.191895 0.681144 0.192139 0.679025 0.192627 0.681674 0.192627 0.679025 0.193359 0.681144 0.194092 0.679025 0.194580 0.680614 0.195312 0.680614 0.196045 0.679555 0.196045 0.678496 0.195068 0.680614 0.193115 0.677436 0.192139 0.677436
1 0.649170 0.673729 0.648438 0.673729 0.648926 0.676377 0.648193 0.677966 0.647461 0.677436 0.647705 0.675847 0.645996 0.674788 0.646240 0.677436 0.646973 0.677966 0.647705 0.680614 0.647949 0.679555 0.648193 0.680614 0.648193 0.677966 0.649170 0.676377
1 0.197266 0.673729 0.195557 0.674258 0.195312 0.672669 0.193604 0.675318 0.195068 0.677966 0.196045 0.674788
1 0.604492 0.672140 0.604004 0.672669 0.603760 0.674788 0.602783 0.673729 0.602295 0.674788 0.602539 0.675318 0.601807 0.675847 0.602783 0.679555 0.603516 0.677436 0.604248 0.677436
1 0.635254 0.675847 0.635742 0.677436 0.636230 0.676907 0.636719 0.677966 0.636719 0.679025 0.635986 0.680614 0.635742 0.680085 0.635986 0.680614 0.636475 0.679555 0.637451 0.679555 0.637695 0.677966 0.638428 0.679025 0.638428 0.680614 0.638428 0.679555 0.640381 0.676377 0.640625 0.677966 0.639893 0.679555 0.640869 0.680085 0.640625 0.682733 0.641357 0.682203 0.642334 0.684322 0.642822 0.684322 0.642822 0.682733 0.643799 0.682733 0.642822 0.681144 0.641357 0.681674 0.640869 0.680614 0.641602 0.679025 0.640625 0.676907 0.640869 0.675847 0.641602 0.675847 0.642822 0.678496 0.643311 0.678496 0.644043 0.680085 0.644531 0.683263 0.645020 0.683263 0.644775 0.681144 0.645508 0.680614 0.645264 0.680085 0.645752 0.678496 0.644531 0.675847 0.644287 0.671610 0.641113 0.671610 0.641602 0.671610 0.641846 0.672669 0.640869 0.674258 0.640137 0.671610 0.638672 0.671610 0.637451 0.673729 0.635986 0.673199 0.636475 0.675847 0.635498 0.676907
1 0.605469 0.671610 0.605713 0.674258 0.606689 0.676377 0.606934 0.675847 0.608887 0.677966 0.608887 0.676907 0.607910 0.676907 0.606201 0.672140
1 0.323975 0.667373 0.323242 0.667373 0.322754 0.666314 0.323242 0.667373 0.322998 0.670021 0.320312 0.669492 0.320312 0.671081 0.323975 0.671081
1 0.556641 0.664725 0.556396 0.665254 0.556885 0.667373 0.555420 0.668962 0.554688 0.670551 0.554688 0.672140 0.555664 0.671081 0.556152 0.673199 0.556152 0.671081 0.556641 0.670551 0.557373 0.672669 0.556885 0.671081 0.557373 0.667373 0.556885 0.666843
1 0.622559 0.664195 0.623291 0.667373 0.623047 0.668962 0.621826 0.668962 0.621094 0.670021 0.621094 0.671081 0.621826 0.670021 0.622803 0.673199 0.623779 0.670021 0.623779 0.668432 0.623291 0.667373 0.624268 0.665254 0.623047 0.665254
1 0.605469 0.664195 0.605469 0.665784 0.605713 0.665254 0.605957 0.666843 0.606689 0.666314 0.607178 0.667373 0.606934 0.667903 0.607666 0.667903 0.607910 0.666314 0.608643 0.666843 0.609131 0.665784 0.609131 0.664725 0.608643 0.664195
1 0.210449 0.674258 0.209961 0.674258 0.209229 0.675847 0.208984 0.675318 0.208740 0.676907 0.206543 0.676907 0.207031 0.677966 0.205811 0.680085 0.205078 0.680614 0.204834 0.679025 0.203613 0.680085 0.203369 0.674788 0.201904 0.675847 0.201416 0.675318 0.201416 0.674258 0.202393 0.673199 0.201904 0.671610 0.202148 0.670021 0.203369 0.669492 0.203613 0.671081 0.205322 0.671081 0.205322 0.669492 0.204346 0.666843 0.204346 0.664195 0.203613 0.665784 0.202881 0.664725 0.203613 0.663136 0.203613 0.662076 0.202148 0.664725 0.201660 0.664725 0.199707 0.668962 0.200439 0.667903 0.200439 0.670551 0.199951 0.670021 0.199707 0.671610 0.198242 0.672140 0.198730 0.672669 0.198730 0.673729 0.199219 0.673729 0.199219 0.675318 0.198730 0.675847 0.197754 0.673729 0.198730 0.675847 0.198730 0.677436 0.198242 0.677966 0.197510 0.681674 0.197998 0.681674 0.198242 0.680614 0.198975 0.681674 0.198730 0.679555 0.199463 0.677436 0.200684 0.678496 0.200684 0.681674 0.199707 0.682203 0.200195 0.682733 0.199951 0.683263 0.199219 0.683263 0.199219 0.686441 0.200195 0.685381 0.200439 0.683792 0.200684 0.684322 0.200684 0.682733 0.201172 0.683792 0.202148 0.680614 0.202637 0.681674 0.203125 0.680614 0.204590 0.683792 0.205566 0.681674 0.206299 0.681674 0.206299 0.680085 0.207520 0.677436 0.208008 0.677966 0.208008 0.680614 0.208740 0.681674 0.208252 0.680085 0.208984 0.677966 0.209717 0.677436 0.209473 0.676907 0.210449 0.675318
1 0.534424 0.663136 0.534180 0.665254 0.535645 0.665784 0.534912 0.665784 0.534424 0.664725 0.534912 0.663665 0.535645 0.664195 0.536377 0.661017 0.537842 0.664725 0.537598 0.667903 0.538574 0.669492 0.538330 0.667373 0.538574 0.666843 0.538818 0.667903 0.538818 0.664725 0.538574 0.665254 0.538330 0.663665 0.538818 0.662606 0.537109 0.662606 0.536133 0.660487 0.535889 0.662076
1 0.525635 0.658898 0.525391 0.660487 0.526855 0.660487 0.527832 0.662076 0.527344 0.663136 0.528076 0.666314 0.528564 0.666843 0.528076 0.664725 0.529053 0.664195 0.529053 0.662076 0.528320 0.662606 0.527832 0.661017 0.525879 0.659958
1 0.501221 0.658898 0.500732 0.660487 0.500732 0.663136 0.502441 0.666314 0.502930 0.666314 0.502441 0.664195 0.501709 0.663136
1 0.711914 0.654131 0.711914 0.657309 0.710449 0.657839 0.711426 0.660487 0.712158 0.664725 0.712646 0.663665 0.713379 0.666314 0.714355 0.666843 0.715820 0.669492 0.716553 0.669492 0.713867 0.664195 0.713623 0.660487 0.714111 0.659958 0.715576 0.662606 0.715332 0.661017 0.714844 0.661017 0.714111 0.657839
1 0.144531 0.659958 0.146729 0.658898 0.147217 0.657309 0.147705 0.658369 0.147461 0.656780 0.148438 0.655191 0.149170 0.656250 0.151123 0.656250 0.151611 0.654661 0.151123 0.655720 0.150391 0.655191 0.150146 0.656250 0.147217 0.654131 0.146973 0.655720 0.146484 0.654661 0.145752 0.656780 0.145020 0.656780 0.144531 0.655720
1 0.502686 0.653072 0.502686 0.654131 0.503662 0.654131 0.502930 0.656250 0.503906 0.658369 0.503418 0.661017 0.503906 0.661547 0.503906 0.662606 0.504395 0.662606 0.504639 0.659428 0.506104 0.657839 0.505127 0.656780 0.504395 0.658898 0.504150 0.654661 0.503418 0.653072
1 0.714844 0.650424 0.715088 0.651483 0.714355 0.652542 0.714355 0.654131 0.714844 0.653072 0.715820 0.653602 0.715820 0.659428 0.716553 0.659428 0.717773 0.661547 0.719727 0.667373 0.718750 0.663136 0.718994 0.659428 0.718262 0.658898 0.718262 0.661017 0.717041 0.659958 0.716064 0.656780 0.715820 0.653602 0.716064 0.653072 0.717041 0.655191 0.717773 0.655191 0.717041 0.653602 0.715332 0.652013
1 0.339600 0.650424 0.338379 0.650424 0.338379 0.651483 0.339355 0.651483 0.338867 0.654661 0.338379 0.655720 0.337158 0.655191 0.337402 0.656250 0.336426 0.657839 0.337891 0.658898 0.336914 0.660487 0.338135 0.659958 0.338379 0.661017 0.339111 0.659428 0.338135 0.657839 0.338623 0.656780 0.339600 0.657309
1 0.547363 0.649894 0.549805 0.654661 0.549561 0.656250 0.548340 0.655191 0.548584 0.656780 0.550293 0.656250 0.550049 0.654661 0.550537 0.653602 0.551514 0.655191 0.551514 0.657309 0.550781 0.660487 0.548584 0.662076 0.548340 0.663665 0.547852 0.663136 0.547607 0.660487 0.548096 0.664195 0.548584 0.664195 0.548828 0.665254 0.550293 0.664725 0.549072 0.662076 0.549561 0.661017 0.550293 0.662076 0.550293 0.660487 0.551025 0.661017 0.552002 0.655720 0.550781 0.653072 0.550293 0.650424 0.550049 0.653602 0.549561 0.654131 0.548584 0.651483
1 0.722168 0.647775 0.722412 0.650424 0.724365 0.654131 0.724609 0.658898 0.726074 0.656780 0.727539 0.659428 0.727783 0.658369 0.728027 0.658898 0.727783 0.657309 0.728271 0.655720 0.729248 0.658369 0.729736 0.657839 0.729492 0.656250 0.730225 0.655720 0.728760 0.653072 0.729004 0.651483 0.728271 0.650953 0.728760 0.652542 0.728271 0.653602 0.725830 0.649364 0.724854 0.648835 0.724609 0.647775 0.723389 0.649364 0.722900 0.649364
1 0.714355 0.644068 0.713623 0.645127 0.713135 0.647246 0.713623 0.647775 0.713379 0.649364 0.712646 0.647775 0.712646 0.646716 0.711670 0.647775 0.712402 0.648835 0.713135 0.652542 0.713135 0.650424 0.714355 0.647775 0.714844 0.648835 0.715820 0.648835 0.716553 0.650424 0.716309 0.648305 0.714600 0.645657
1 0.729492 0.641949 0.728516 0.644068 0.729004 0.648305 0.729004 0.645127 0.729736 0.645127 0.730469 0.649894 0.731445 0.650953 0.731445 0.653602 0.731934 0.655191 0.732422 0.653602 0.731934 0.652542 0.731689 0.649364 0.730225 0.647775 0.730225 0.644597
1 0.128174 0.641949 0.126953 0.641949 0.125977 0.644068 0.125977 0.646716 0.126709 0.647246 0.125977 0.648835 0.126709 0.648835 0.126709 0.647775 0.127197 0.647246 0.126709 0.646186 0.127686 0.643538 0.128418 0.643538 0.126953 0.643538
1 0.547852 0.640890 0.547852 0.643008 0.548584 0.645127 0.547852 0.647775 0.549072 0.647775 0.548584 0.649894 0.549805 0.647246 0.549072 0.647775 0.548584 0.644597 0.549805 0.642479 0.548340 0.641949
1 0.525879 0.638771 0.526367 0.640890 0.526123 0.645127 0.526611 0.647775 0.528076 0.649364 0.527588 0.648835 0.527344 0.646186 0.529053 0.643538 0.528076 0.642479 0.527344 0.644597 0.526367 0.643008 0.526855 0.641419 0.526611 0.639831 0.526855 0.639301 0.527344 0.640890 0.528076 0.639831
1 0.500244 0.638771 0.499268 0.644068 0.498291 0.641949 0.497559 0.641949 0.497070 0.645127 0.496582 0.643538 0.496094 0.644068 0.496094 0.646716 0.496582 0.645657 0.497314 0.645657 0.497559 0.644597 0.498779 0.644597 0.499023 0.645657 0.499756 0.645657 0.500000 0.644597 0.501221 0.643538 0.500732 0.642479
1 0.566406 0.638242 0.567139 0.639831 0.566895 0.642479 0.567383 0.642479 0.567139 0.640890 0.567627 0.640360 0.568604 0.642479 0.571533 0.643538 0.571533 0.642479 0.571045 0.643008 0.569824 0.640360 0.569824 0.638771 0.569092 0.638771 0.569336 0.637182 0.569092 0.639301 0.570068 0.640890 0.569824 0.642479 0.568604 0.641419 0.569092 0.640890 0.567627 0.637712 0.567139 0.638771
1 0.635742 0.638771 0.635742 0.640360 0.639404 0.640360 0.639404 0.638242 0.638672 0.636123 0.638916 0.635593 0.638184 0.637182 0.637695 0.636123 0.637939 0.635593 0.637207 0.635593 0.637207 0.636653 0.637695 0.637182 0.636230 0.637712
1 0.549561 0.634004 0.548096 0.635064 0.547363 0.633475 0.546875 0.635064 0.547607 0.635064 0.547852 0.636123 0.546875 0.636653 0.546875 0.639301 0.547852 0.639301 0.547607 0.638771
1 0.729736 0.629237 0.729004 0.629237 0.728271 0.630826 0.727295 0.628708 0.727783 0.629767 0.727783 0.634534 0.726562 0.635593 0.726807 0.640360 0.727295 0.640360 0.726807 0.639301 0.726807 0.637712 0.727783 0.637182 0.727051 0.635593 0.729248 0.635064 0.728271 0.632415 0.729004 0.630297 0.729980 0.630826
1 0.165771 0.628178 0.164062 0.628708 0.162842 0.631356 0.162109 0.631356 0.162109 0.632415 0.162842 0.632945 0.162598 0.635064 0.163330 0.636123 0.162598 0.636653 0.162598 0.637712 0.163574 0.637182 0.164062 0.638242 0.163574 0.641419 0.163086 0.641949 0.163574 0.643538 0.163086 0.644597 0.162598 0.644068 0.163818 0.645657 0.165283 0.645657 0.165283 0.644597 0.166260 0.642479 0.166260 0.640890 0.166748 0.640360 0.166748 0.636653 0.165771 0.635593 0.165527 0.637182 0.164795 0.637712 0.164551 0.634004 0.163818 0.633475 0.164307 0.630826
1 0.514160 0.627648 0.513672 0.630826 0.512695 0.632945 0.513428 0.632945 0.513672 0.635064 0.515381 0.635064 0.515869 0.636653 0.515625 0.638242 0.516846 0.638242 0.516846 0.632945 0.516357 0.634534 0.514893 0.634004 0.514648 0.632945 0.515381 0.631886 0.515381 0.629237 0.514648 0.630297
1 0.723633 0.626589 0.723389 0.631886 0.724365 0.633475 0.725342 0.637712 0.725342 0.635593 0.726074 0.635064 0.725830 0.634004 0.725098 0.634534 0.724121 0.631886 0.724365 0.629237
1 0.507812 0.627119 0.507812 0.629767 0.508545 0.628708 0.509766 0.630297 0.509521 0.631356 0.508789 0.630297 0.508789 0.632945 0.509277 0.632945 0.510010 0.630826 0.510742 0.634004 0.511230 0.634004 0.510498 0.632945 0.510498 0.629237 0.509766 0.627648 0.508545 0.626589
1 0.338379 0.627648 0.338379 0.629767 0.338867 0.630826 0.340576 0.631886 0.340820 0.633475 0.342773 0.636653 0.342285 0.638242 0.342773 0.637182 0.344971 0.638242 0.345947 0.636653 0.344971 0.634534 0.345947 0.631356 0.344971 0.630826 0.344482 0.627119 0.343750 0.627119 0.343262 0.628178 0.343018 0.627119 0.341309 0.631356 0.339355 0.628708 0.339355 0.626589
1 0.503662 0.626059 0.504150 0.627119 0.504150 0.629767 0.504883 0.631356 0.504150 0.631886 0.504150 0.634004 0.503662 0.632945 0.503174 0.634004 0.503906 0.633475 0.504150 0.635593 0.504639 0.636123 0.506348 0.635593 0.506348 0.634004 0.505615 0.632945 0.506348 0.630297 0.506104 0.629767 0.505859 0.631886 0.505371 0.632415 0.504883 0.631356 0.504883 0.627119 0.504395 0.626059
1 0.472168 0.626589 0.473389 0.627119 0.473389 0.629767 0.474365 0.627119 0.475586 0.628708 0.476074 0.623941 0.475342 0.625000 0.474365 0.623411 0.473145 0.623411 0.472900 0.624470 0.473389 0.625530 0.472412 0.625530 0.472656 0.626059
1 0.508057 0.622881 0.508789 0.625530 0.509521 0.625000 0.510010 0.626059 0.510498 0.625530 0.511230 0.626589 0.510498 0.625530 0.510986 0.622881
1 0.154297 0.623411 0.154785 0.623941 0.154785 0.625530 0.156250 0.627648 0.156250 0.628708 0.157715 0.628178 0.157959 0.626589 0.156738 0.626059 0.156006 0.623411
1 0.521973 0.620763 0.519043 0.622881 0.518799 0.646716 0.516602 0.639831 0.513184 0.643008 0.515625 0.645657 0.512207 0.647246 0.511963 0.654131 0.507812 0.650953 0.509766 0.660487 0.511719 0.658369 0.511475 0.660487 0.514404 0.660487 0.515381 0.664195 0.513428 0.672140 0.510742 0.675318 0.511230 0.679025 0.510010 0.677966 0.510254 0.673729 0.509277 0.675847 0.507080 0.673729 0.507812 0.677436 0.505371 0.675318 0.505127 0.671610 0.504150 0.674788 0.504150 0.670551 0.503418 0.675318 0.506348 0.677436 0.506104 0.686970 0.506592 0.677436 0.508545 0.682203 0.507812 0.686970 0.511230 0.680614 0.513672 0.686970 0.511719 0.682203 0.512207 0.676377 0.514648 0.679555 0.515625 0.675318 0.516602 0.678496 0.517822 0.677436 0.517822 0.691208 0.516113 0.687500 0.516846 0.682203 0.513916 0.685381 0.516113 0.686441 0.517822 0.694386 0.519287 0.688030 0.521973 0.686970 0.521484 0.684322 0.522705 0.686441 0.520996 0.689619 0.522461 0.689619 0.524170 0.682733 0.524170 0.693856 0.526123 0.700212 0.525146 0.685911 0.527100 0.691208 0.528076 0.683792 0.525879 0.676377 0.524902 0.679555 0.524170 0.675318 0.521973 0.679025 0.524902 0.680085 0.525391 0.684852 0.524414 0.681674 0.522461 0.684852 0.518799 0.680085 0.520752 0.679555 0.519531 0.676907 0.520996 0.676907 0.520752 0.671081 0.522461 0.675847 0.525146 0.672140 0.527832 0.678496 0.526855 0.673729 0.524414 0.671081 0.523926 0.673199 0.521729 0.667903 0.524414 0.667903 0.520264 0.659428 0.522461 0.657839 0.521240 0.653602 0.522705 0.652013 0.522217 0.646716 0.524170 0.647246 0.520752 0.643538 0.521240 0.639301 0.522705 0.641419 0.523193 0.638242 0.519531 0.637712 0.519287 0.634534 0.523193 0.635064 0.523193 0.630297 0.525635 0.628178 0.526855 0.635064 0.527100 0.630297 0.529541 0.627119 0.524658 0.623941 0.523438 0.627119
1 0.748291 0.619703 0.750000 0.625530 0.752197 0.625000 0.751465 0.623411 0.750000 0.623941 0.749756 0.621822 0.750732 0.621292 0.749023 0.620763 0.748779 0.619703
1 0.528320 0.619703 0.528320 0.624470 0.530518 0.624470 0.530518 0.622881 0.529053 0.619703
1 0.581787 0.618644 0.579590 0.618644 0.580078 0.621292 0.580322 0.628708 0.580078 0.629237 0.578857 0.627648 0.578125 0.628178 0.578857 0.627648 0.580322 0.631356 0.580322 0.632945 0.579590 0.634004 0.579346 0.636653 0.579590 0.635593 0.580078 0.636123 0.579834 0.638242 0.581787 0.636123 0.581787 0.627119 0.580811 0.626589 0.580811 0.623941 0.581787 0.623411 0.582031 0.622352 0.582764 0.622352 0.583252 0.624470 0.583008 0.620763 0.582031 0.620763
1 0.467041 0.622352 0.467041 0.623411 0.467773 0.623941 0.467773 0.626589 0.468750 0.627119 0.468750 0.628708 0.471924 0.628178 0.471191 0.626589 0.471191 0.625000 0.471924 0.624470 0.470459 0.624470 0.470459 0.622881 0.469727 0.620763 0.469971 0.618644 0.468506 0.620233 0.468506 0.623941
1 0.379883 0.618644 0.380371 0.619703 0.380371 0.621292 0.379883 0.621822 0.379883 0.624470 0.378906 0.625530 0.378662 0.628708 0.379639 0.628708 0.379883 0.630826 0.380615 0.630826 0.381104 0.631886 0.380615 0.629767 0.380615 0.627119 0.381104 0.625530 0.381592 0.625530 0.380615 0.624470 0.381104 0.619703 0.380859 0.618644
1 0.408203 0.618114 0.407471 0.617585 0.406250 0.619174 0.406006 0.622352 0.404297 0.626059 0.404785 0.627119 0.404541 0.628178 0.405029 0.627648 0.405029 0.626059 0.406494 0.621292 0.407959 0.622352 0.408447 0.620233 0.407959 0.619174
1 0.131348 0.618644 0.132324 0.622352 0.132568 0.619703 0.133057 0.619174 0.133301 0.620233 0.134766 0.620763 0.134277 0.622352 0.134766 0.623941 0.135498 0.623411 0.135498 0.620763 0.134766 0.620763 0.134521 0.618644 0.133545 0.618114 0.134277 0.617055 0.134033 0.616525 0.133057 0.616525 0.132568 0.618644
1 0.727295 0.615996 0.728027 0.617585 0.727783 0.618644 0.728271 0.622881 0.727295 0.626589 0.728516 0.623941 0.729248 0.625000 0.729248 0.626059 0.730225 0.626059 0.730225 0.623411 0.729980 0.623941 0.729492 0.622881 0.729736 0.624470 0.729248 0.625000 0.728027 0.620763 0.728027 0.618114 0.728516 0.616525 0.728027 0.616525 0.727783 0.615466
1 0.485596 0.617585 0.484863 0.616525 0.485107 0.615466 0.484619 0.613877 0.483887 0.615466 0.483398 0.615466 0.483398 0.612818 0.482666 0.617055 0.481689 0.617055 0.479736 0.614936 0.478760 0.615996 0.479248 0.618114 0.480713 0.618114 0.481201 0.617055 0.481934 0.618644 0.481934 0.617585 0.482666 0.617055 0.483398 0.620233 0.483643 0.617585
1 0.117920 0.612288 0.117188 0.613877 0.117188 0.615466 0.116699 0.616525 0.115723 0.616525 0.113281 0.623411 0.113281 0.626059 0.114014 0.628178 0.113281 0.630297 0.113037 0.627648 0.113037 0.630826 0.113281 0.630297 0.114258 0.631886 0.113525 0.632945 0.114014 0.636123 0.114258 0.634004 0.114746 0.635064 0.115723 0.635064 0.115479 0.633475 0.115967 0.632945 0.115967 0.630297 0.114746 0.628708 0.114990 0.625000 0.115723 0.623411 0.116943 0.623411 0.117432 0.626589 0.117432 0.623941 0.118408 0.622881 0.118408 0.621822 0.118896 0.621292 0.118896 0.620233 0.118408 0.619703 0.118896 0.616525 0.118408 0.615996
1 0.532471 0.610169 0.532227 0.612818 0.533203 0.612818 0.534668 0.616525 0.534668 0.619174 0.533691 0.621292 0.533203 0.620233 0.533203 0.618114 0.532959 0.619703 0.531006 0.619703 0.530762 0.621292 0.532715 0.622352 0.533203 0.621292 0.534912 0.620763 0.535156 0.621822 0.535889 0.619703 0.535400 0.619174 0.534668 0.614407 0.533936 0.613347 0.533936 0.611229 0.533691 0.612818
1 0.147705 0.610169 0.145508 0.610169 0.145508 0.611758 0.144531 0.612288 0.144531 0.614936 0.143555 0.615466 0.143555 0.617055 0.142578 0.618644 0.143066 0.621292 0.144775 0.621292 0.145020 0.622352 0.146240 0.622352 0.146240 0.619703 0.146729 0.619174 0.145508 0.617585 0.146240 0.617055 0.147705 0.613877
1 0.133301 0.608051 0.131592 0.604343 0.132080 0.606462 0.131348 0.608051 0.129883 0.608051 0.129150 0.610169 0.128662 0.609640 0.128662 0.606992 0.127930 0.608581 0.128662 0.611229 0.130859 0.611758 0.130859 0.610169 0.131348 0.609110 0.133057 0.609110
1 0.150635 0.603814 0.149902 0.603814 0.149414 0.604873 0.149414 0.608581 0.149902 0.609640 0.150635 0.607521
1 0.734863 0.603814 0.733887 0.602754 0.732422 0.603284 0.731934 0.604343 0.732422 0.604873 0.732422 0.606462 0.733398 0.606992 0.733887 0.606462 0.733887 0.604873
1 0.179199 0.602754 0.177490 0.604343 0.176270 0.607521 0.177246 0.607521 0.176270 0.611758 0.177246 0.610169 0.177490 0.606992 0.177979 0.605932 0.178223 0.608051 0.179443 0.605932 0.179443 0.604873 0.178711 0.603284
1 0.515869 0.603814 0.514404 0.601695 0.513428 0.603814 0.512939 0.603814 0.512207 0.606992 0.512695 0.605403 0.513916 0.604873 0.514160 0.606992 0.514648 0.606992 0.515869 0.604873
1 0.379883 0.601695 0.379150 0.602225 0.379395 0.604873 0.378662 0.605932 0.375977 0.605932 0.375732 0.601695 0.375244 0.601695 0.374756 0.604343 0.375000 0.605403 0.375977 0.605932 0.375977 0.611758 0.376953 0.612288 0.375977 0.610699 0.376953 0.606992 0.379639 0.605932 0.379883 0.604343 0.379395 0.603284 0.380127 0.602225
1 0.750244 0.599576 0.749756 0.599576 0.749512 0.600636 0.747803 0.600636 0.748535 0.602225 0.747314 0.605932 0.746582 0.605932 0.746338 0.606992 0.745850 0.606462 0.745117 0.602754 0.744629 0.602754 0.745361 0.604873 0.745117 0.606462 0.745605 0.606992 0.745605 0.609640 0.746094 0.610169 0.746094 0.614936 0.747559 0.618114 0.747803 0.612818 0.747314 0.611758 0.747070 0.608581 0.746338 0.608051 0.746582 0.606462 0.747803 0.605932 0.749023 0.609640 0.750488 0.609640 0.750732 0.609110 0.749756 0.609110 0.749268 0.605403 0.749756 0.604873 0.751221 0.607521 0.751221 0.608581 0.751953 0.607521 0.752686 0.608581 0.752686 0.605932 0.751465 0.606462 0.750000 0.603284 0.750244 0.602225 0.751221 0.602225
1 0.735840 0.595869 0.737305 0.599047 0.737305 0.601165 0.736084 0.602225 0.735840 0.601695 0.735596 0.604343 0.735840 0.603814 0.736572 0.606462 0.737549 0.606462 0.738281 0.605403 0.736816 0.603814 0.736572 0.602754 0.737305 0.601165 0.737793 0.601165 0.738037 0.597458
1 0.305664 0.595869 0.305664 0.596928 0.307129 0.596928 0.307617 0.597987 0.306641 0.598517 0.306152 0.599576 0.310059 0.603814 0.312744 0.608581 0.312500 0.612288 0.314209 0.611758 0.314941 0.612818 0.315186 0.614407 0.313477 0.615996 0.313477 0.617055 0.315186 0.614936 0.315674 0.614936 0.315918 0.615996 0.316162 0.614936 0.316406 0.615996 0.316650 0.614936 0.317627 0.614936 0.317871 0.615996 0.318359 0.615996 0.317139 0.612288 0.317139 0.609110 0.315674 0.608581 0.312256 0.603284 0.312012 0.603814 0.310791 0.601165
1 0.768799 0.595339 0.771240 0.602754 0.771973 0.601165 0.770996 0.598517 0.770508 0.595869 0.769775 0.597458 0.769287 0.595339
1 0.183594 0.595339 0.183350 0.596398 0.182861 0.595339 0.181885 0.595339 0.182129 0.596928 0.181641 0.597458 0.181396 0.599576 0.181641 0.599047 0.182129 0.601165 0.182617 0.601165 0.181885 0.600636 0.183838 0.596398
1 0.812256 0.595339 0.812988 0.597458 0.812744 0.597987 0.814453 0.599047 0.814209 0.597458 0.814941 0.596928 0.815918 0.598517 0.816162 0.600106 0.816162 0.595339 0.814941 0.595339 0.814453 0.596398 0.813965 0.596398 0.813232 0.594280 0.812988 0.595339
1 0.519775 0.593750 0.519775 0.595869 0.520264 0.596928 0.519531 0.600636 0.519775 0.602225 0.519531 0.602754 0.518555 0.600636 0.517578 0.602225 0.517578 0.607521 0.518066 0.606462 0.519287 0.607521 0.518311 0.604343 0.520020 0.604343 0.521484 0.601165 0.520752 0.599047 0.520996 0.597458
1 0.300781 0.593220 0.300781 0.594809 0.301758 0.595869 0.304443 0.595869 0.304688 0.594809 0.302979 0.593220
1 0.820312 0.593220 0.821533 0.593750 0.821777 0.595339 0.822754 0.595869 0.823975 0.599047 0.823975 0.597458 0.822754 0.595339 0.822754 0.593220 0.822266 0.592691 0.822510 0.591631 0.823486 0.592691 0.823486 0.591102 0.821777 0.592161 0.822266 0.593220 0.822021 0.593750
1 0.183594 0.590572 0.183838 0.592691 0.184814 0.593750 0.187012 0.593750 0.185547 0.593220 0.186279 0.592691 0.186768 0.591102 0.186035 0.592161 0.185547 0.590042 0.184570 0.590042 0.184082 0.591631
1 0.145752 0.590572 0.145996 0.591102 0.145508 0.593220 0.145996 0.595339 0.145020 0.596928 0.145752 0.596928 0.146729 0.599047 0.146484 0.600106 0.146973 0.599047 0.147461 0.600106 0.149658 0.600636 0.149902 0.599576 0.149658 0.600106 0.149170 0.598517 0.149902 0.597458 0.150146 0.595869 0.149414 0.595869 0.148682 0.592691 0.148926 0.591631 0.149414 0.591631 0.148926 0.591631 0.148682 0.593220 0.148193 0.593220 0.147949 0.594280 0.148193 0.596398 0.149170 0.596928 0.148682 0.597987 0.147461 0.598517 0.146973 0.595339 0.146240 0.596398 0.145996 0.595869 0.146240 0.593220 0.147461 0.593220 0.146484 0.592161 0.146484 0.590042
1 0.179443 0.586864 0.178711 0.586864 0.178711 0.591102 0.176758 0.593750 0.177734 0.595869 0.176758 0.595869 0.176758 0.597987 0.176270 0.598517 0.177246 0.600106 0.177979 0.600106 0.178223 0.601165 0.178223 0.593750 0.178467 0.593220 0.178711 0.594809 0.178467 0.593220 0.179443 0.592161
1 0.542725 0.586864 0.541992 0.591102 0.540039 0.591102 0.540771 0.588983 0.538818 0.586335 0.539062 0.590042 0.532959 0.591102 0.534180 0.595339 0.533203 0.599576 0.531006 0.596928 0.528320 0.598517 0.528076 0.594809 0.525879 0.597458 0.525146 0.602754 0.523438 0.601695 0.524902 0.605403 0.528564 0.607521 0.526611 0.604343 0.528320 0.602225 0.529297 0.607521 0.533936 0.606992 0.534180 0.603284 0.536377 0.612288 0.537354 0.610169 0.538330 0.613877 0.539551 0.613347 0.538330 0.615466 0.537598 0.627648 0.541016 0.632415 0.540039 0.635593 0.540771 0.647246 0.538818 0.644597 0.538818 0.640890 0.536621 0.641949 0.536377 0.644597 0.538086 0.644597 0.536377 0.647246 0.534180 0.644068 0.533691 0.658369 0.531494 0.648305 0.531006 0.652013 0.529297 0.651483 0.529541 0.656250 0.527832 0.652542 0.528564 0.659428 0.530029 0.657309 0.530273 0.662606 0.532471 0.666843 0.531738 0.661017 0.532471 0.659428 0.533936 0.662076 0.533203 0.659428 0.535645 0.655191 0.534668 0.652013 0.537354 0.652542 0.539307 0.660487 0.539062 0.658369 0.541748 0.657309 0.542480 0.662606 0.543701 0.659428 0.540771 0.654661 0.543457 0.657839 0.545166 0.654131 0.545654 0.656780 0.544189 0.660487 0.545410 0.663136 0.544434 0.660487 0.545898 0.657309 0.546875 0.664725 0.546631 0.648305 0.544922 0.647246 0.545898 0.649364 0.545166 0.653072 0.541016 0.646186 0.542236 0.643538 0.544678 0.646186 0.542236 0.640890 0.542236 0.634004 0.543701 0.631356 0.543945 0.636653 0.543945 0.633475 0.548096 0.627648 0.550537 0.631886 0.547852 0.622881 0.545166 0.622352 0.547607 0.620763 0.546631 0.617585 0.547852 0.616525 0.545166 0.617055 0.544189 0.612818 0.545898 0.609640 0.544678 0.611758 0.542236 0.609640 0.544678 0.609110 0.542480 0.603284 0.543701 0.600636 0.543701 0.604343 0.544922 0.602754 0.543945 0.597987 0.546143 0.596928 0.542725 0.595339 0.543701 0.593220 0.542236 0.591631
1 0.525879 0.587924 0.526367 0.591631 0.527100 0.590042 0.528320 0.591102 0.528320 0.592691 0.527832 0.593220 0.528809 0.591631 0.529785 0.593750 0.530762 0.591631 0.529053 0.591631 0.527832 0.588453 0.527832 0.587394 0.528564 0.586864 0.529053 0.587924 0.529053 0.589513 0.530273 0.589513 0.529541 0.585805 0.529297 0.586864 0.528320 0.585805 0.527832 0.587394 0.527344 0.587394 0.527344 0.589513 0.526855 0.590572 0.526855 0.586864 0.526367 0.586335 0.526611 0.585805
1 0.786621 0.585275 0.787598 0.587394 0.788086 0.587394 0.788818 0.589513 0.788818 0.591102 0.787598 0.591631 0.785645 0.588983 0.785889 0.591631 0.784912 0.593220 0.784424 0.592161 0.784424 0.593220 0.786621 0.597987 0.786621 0.594809 0.787354 0.594809 0.789795 0.599576 0.791016 0.605403 0.791504 0.603284 0.792236 0.603814 0.791504 0.602225 0.791748 0.601695 0.791260 0.599576 0.791992 0.599047 0.792236 0.600636 0.793213 0.596398 0.791992 0.593750 0.792236 0.594280 0.791748 0.594809 0.790527 0.593220 0.789795 0.591102 0.790283 0.590572 0.790527 0.591631 0.791748 0.592691 0.791504 0.591631 0.790283 0.590572 0.790771 0.589513 0.792236 0.590042 0.792969 0.588453 0.792969 0.586864 0.791992 0.585275 0.791260 0.587924 0.790527 0.586864 0.790771 0.587924 0.790283 0.588983 0.789551 0.588983 0.787354 0.586864
1 0.601562 0.585275 0.601318 0.586864 0.598633 0.586864 0.597656 0.590572 0.598389 0.590572 0.599365 0.587394 0.600586 0.590042 0.600830 0.586864 0.601562 0.588453 0.602051 0.588453
1 0.737305 0.584746 0.737793 0.586335 0.737793 0.587924 0.737061 0.588453 0.737549 0.591102 0.737305 0.591631 0.738037 0.591631 0.738281 0.592691 0.739258 0.593220 0.740479 0.592691 0.740479 0.591102 0.738281 0.591631 0.737793 0.590572 0.738525 0.589513 0.740479 0.589513 0.740479 0.587924 0.739502 0.586864 0.739746 0.585275 0.739014 0.585805 0.739014 0.587394 0.739502 0.588453 0.738770 0.588983 0.738037 0.586864 0.738037 0.584746
1 0.499756 0.584746 0.499756 0.585805 0.500488 0.586864 0.500488 0.587924 0.500000 0.588983 0.499756 0.588453 0.500732 0.590572 0.500488 0.588983 0.502197 0.586335 0.503174 0.587394 0.502930 0.588453 0.503662 0.587924 0.503662 0.585275 0.502930 0.586335 0.501709 0.586335 0.500977 0.584746
1 0.212402 0.584746 0.211914 0.584746 0.211426 0.586864 0.211426 0.591631 0.211914 0.592691 0.212158 0.590042 0.212646 0.588983
1 0.314941 0.584746 0.316650 0.595869 0.316895 0.599047 0.317627 0.599047 0.317627 0.590042 0.316895 0.592161 0.316895 0.588983 0.316162 0.588983 0.315674 0.584216
1 0.199707 0.589513 0.198975 0.589513 0.198486 0.587924 0.197998 0.590572 0.197266 0.589513 0.197998 0.586864 0.197510 0.586335 0.197510 0.584216 0.197754 0.587394 0.197266 0.587924 0.197021 0.586864 0.196289 0.587924 0.196777 0.590042 0.196289 0.592161 0.195312 0.592161 0.195068 0.591102 0.193604 0.590572 0.194824 0.592161 0.194336 0.593220 0.195068 0.593220 0.196289 0.592161 0.197021 0.592691 0.197754 0.590572 0.198486 0.592161 0.198730 0.591102 0.199463 0.591631 0.198975 0.591102 0.199707 0.590572
1 0.203369 0.586335 0.204102 0.586864 0.203857 0.587924 0.204590 0.585805 0.205811 0.587924 0.205322 0.588983 0.206299 0.588983 0.206787 0.587394 0.208008 0.587924 0.208008 0.589513 0.208740 0.589513 0.208252 0.587924 0.208252 0.585805 0.210205 0.584746 0.209229 0.585275 0.208008 0.583686 0.208496 0.585275 0.207520 0.587924 0.206787 0.586864 0.206299 0.584746 0.206787 0.587394 0.206543 0.587924 0.205078 0.585805 0.204834 0.586335 0.204590 0.583686 0.204102 0.584746 0.204590 0.585805
1 0.792969 0.579449 0.792969 0.583686 0.793701 0.584746 0.795410 0.584746
1 0.200684 0.588453 0.200195 0.587924 0.200195 0.586335 0.199951 0.587924 0.198730 0.586864 0.198730 0.584746 0.199463 0.583686 0.198975 0.583157 0.199219 0.582627 0.198486 0.579449 0.197021 0.581568 0.195312 0.581568 0.195068 0.582627 0.192871 0.583686 0.193359 0.586335 0.195312 0.586335 0.194092 0.587924 0.196533 0.586335 0.196533 0.584746 0.197998 0.582627 0.198975 0.584216 0.198242 0.585275 0.198730 0.585805 0.199219 0.588453
1 0.541260 0.578919 0.541748 0.581038 0.542969 0.581038 0.543701 0.582627 0.543701 0.584216 0.544189 0.584216 0.543945 0.582627 0.544678 0.582097 0.544678 0.580508 0.543701 0.579449 0.543945 0.578390 0.543457 0.579979
1 0.492676 0.576271 0.491943 0.578390 0.488281 0.578390 0.488770 0.579449 0.488770 0.581038 0.489258 0.581568 0.489014 0.584746 0.488525 0.584216 0.488281 0.581568 0.488281 0.586864 0.489014 0.585275 0.489502 0.585805 0.489502 0.586864 0.488770 0.588453 0.489258 0.588453 0.490479 0.585805 0.491699 0.585275 0.490967 0.584216 0.490967 0.581568 0.491455 0.581038 0.491699 0.578919 0.491943 0.581038 0.491943 0.579449 0.492432 0.578919 0.491943 0.578390
1 0.189453 0.576271 0.189941 0.577331 0.189941 0.578919 0.191162 0.579449 0.191162 0.577331 0.191650 0.576801 0.191895 0.579449 0.192139 0.578919 0.193359 0.581038 0.194580 0.581038 0.194092 0.579449 0.192627 0.578919 0.193604 0.577331 0.193115 0.577331 0.192383 0.578919 0.192139 0.576271
1 0.187500 0.577331 0.187256 0.576271 0.186523 0.576271 0.186279 0.582097 0.185547 0.582627 0.185303 0.581568 0.185791 0.581038 0.184814 0.581038 0.184082 0.582627 0.183594 0.582627 0.183350 0.584746 0.181396 0.584746 0.181396 0.581038 0.180908 0.579979 0.180176 0.580508 0.179932 0.579449 0.179688 0.581568 0.178711 0.583686 0.178223 0.583686 0.178223 0.582097 0.176758 0.582627 0.176758 0.584216 0.177246 0.584746 0.177979 0.583686 0.178711 0.585275 0.179443 0.584746 0.179932 0.586335 0.180908 0.584216 0.181152 0.586864 0.180664 0.586864 0.180664 0.588453 0.181152 0.587394 0.182129 0.587394 0.182129 0.589513 0.183350 0.588453 0.183594 0.586335 0.187256 0.583686 0.186768 0.582627 0.187256 0.582097
1 0.180176 0.576801 0.179688 0.576271 0.178955 0.577331 0.177246 0.577860 0.176758 0.579979 0.177979 0.580508 0.179199 0.578390 0.180176 0.578390
1 0.783203 0.575212 0.783447 0.577331 0.782715 0.577331 0.783203 0.578919 0.781494 0.581038 0.781494 0.583686 0.782959 0.586864 0.783691 0.586864 0.781982 0.582627 0.783447 0.582627 0.782715 0.581568 0.782959 0.579979 0.783936 0.579979 0.784912 0.582627 0.785400 0.582627 0.786133 0.584216 0.784912 0.581568 0.783203 0.576271
1 0.535156 0.574153 0.535156 0.575742 0.535645 0.576801 0.536865 0.577331 0.536621 0.578919 0.534180 0.579979 0.535400 0.579979 0.535400 0.581568 0.536133 0.581568 0.536133 0.583157 0.535400 0.584216 0.536377 0.584216 0.536133 0.582627 0.537354 0.581038 0.537842 0.581568 0.537842 0.583157 0.537109 0.586335 0.538086 0.584746 0.538574 0.582627 0.539062 0.584746 0.539795 0.584216 0.539795 0.582097 0.540771 0.582097 0.541260 0.583686 0.541504 0.583157 0.539795 0.581038 0.540527 0.579979 0.539551 0.580508 0.538818 0.579449 0.539307 0.577331 0.537598 0.579979 0.537598 0.577860 0.536621 0.576801 0.536865 0.573623 0.536865 0.575212 0.535889 0.576271 0.535156 0.575742 0.535645 0.574682
1 0.161865 0.573623 0.160400 0.576801 0.160645 0.577860 0.161377 0.577860 0.161621 0.578919 0.161865 0.577860 0.162354 0.578919 0.162842 0.577860 0.162842 0.576271 0.161865 0.575212
1 0.557617 0.575212 0.558838 0.575212 0.558594 0.578390 0.559082 0.579449 0.560059 0.576801 0.560547 0.578390 0.559814 0.579979 0.563232 0.579979 0.563477 0.577860 0.565186 0.577860 0.564697 0.576271 0.560547 0.576801 0.560059 0.575742 0.560303 0.572034 0.559814 0.571504 0.560059 0.573093 0.559326 0.574682 0.559326 0.572034
1 0.759766 0.571504 0.759766 0.577860 0.760986 0.577860 0.761475 0.578919 0.762451 0.585275 0.763672 0.587924 0.762451 0.584216 0.762451 0.582627 0.762939 0.582097 0.764648 0.585805 0.766357 0.592691 0.766357 0.591631 0.766846 0.591102 0.768311 0.594280 0.769043 0.593220 0.769287 0.593750 0.769531 0.592691 0.770508 0.593220 0.766357 0.586864 0.766602 0.584746 0.765869 0.582097 0.765869 0.583157 0.765381 0.583686 0.764404 0.580508 0.763428 0.579979 0.763672 0.578919 0.762939 0.575212 0.762939 0.578919 0.761719 0.576271 0.761719 0.574682 0.760742 0.572034 0.760254 0.572034 0.760010 0.570975
1 0.553711 0.578390 0.552734 0.583157 0.556396 0.584216 0.557617 0.595869 0.564453 0.606992 0.560547 0.617055 0.548828 0.618644 0.549316 0.623411 0.561523 0.620763 0.559082 0.638771 0.556152 0.641949 0.560547 0.644068 0.557861 0.652542 0.557617 0.644068 0.555176 0.643538 0.551514 0.628178 0.555908 0.649894 0.557861 0.647246 0.555664 0.656250 0.557373 0.664725 0.560059 0.665784 0.558350 0.650424 0.560059 0.646186 0.562256 0.653602 0.561035 0.645127 0.564697 0.634004 0.568604 0.636123 0.563477 0.627648 0.563965 0.619174 0.566162 0.619174 0.572510 0.635064 0.572754 0.642479 0.578125 0.645657 0.575439 0.646186 0.575195 0.652013 0.569580 0.644068 0.566895 0.647775 0.565918 0.641949 0.566162 0.647775 0.563965 0.648835 0.566895 0.652013 0.567383 0.660487 0.562500 0.654661 0.560791 0.665784 0.562744 0.662606 0.566162 0.666843 0.570068 0.658369 0.570312 0.662606 0.576904 0.662606 0.577637 0.668962 0.579346 0.664725 0.582520 0.675847 0.583252 0.672140 0.585938 0.676907 0.583740 0.677966 0.585938 0.683792 0.589844 0.684322 0.587891 0.688030 0.592529 0.696504 0.591553 0.669492 0.596191 0.675847 0.594238 0.671610 0.596191 0.669492 0.596680 0.677436 0.599854 0.680614 0.597412 0.668432 0.594482 0.667373 0.595947 0.658898 0.593262 0.661017 0.591553 0.652542 0.590576 0.661017 0.590088 0.654661 0.588867 0.658369 0.582764 0.656250 0.583496 0.652013 0.589355 0.654131 0.587158 0.649894 0.590820 0.647775 0.585938 0.644068 0.586426 0.634534 0.587891 0.643008 0.587402 0.634534 0.584961 0.633475 0.584229 0.638771 0.583008 0.635593 0.582275 0.647246 0.581787 0.639831 0.577881 0.642479 0.578125 0.637182 0.565918 0.604873 0.566406 0.570975 0.566406 0.579979 0.562500 0.585805 0.563232 0.597458
1 0.321289 0.569915 0.321289 0.572564 0.320312 0.575742 0.321289 0.583157 0.321777 0.579979 0.322266 0.581568 0.322266 0.585275 0.321777 0.586335 0.321533 0.584746 0.321777 0.595869 0.320557 0.604873 0.320557 0.608051 0.320068 0.608581 0.319336 0.606992 0.318604 0.602754 0.318115 0.602225 0.318359 0.601165 0.317383 0.600636 0.317627 0.603284 0.317871 0.602225 0.318359 0.602754 0.318115 0.605932 0.319824 0.613877 0.319824 0.616525 0.318848 0.617055 0.319580 0.617055 0.321777 0.621292 0.323975 0.622352 0.324219 0.624470 0.326904 0.624470 0.326904 0.622881 0.326416 0.622352 0.326660 0.621292 0.330322 0.622881 0.330322 0.623941 0.328125 0.624470 0.330811 0.624470 0.331055 0.625530 0.333740 0.624470 0.333008 0.623411 0.333008 0.621822 0.333740 0.620763 0.333008 0.621292 0.332764 0.618644 0.332764 0.620233 0.331787 0.620763 0.329590 0.616525 0.327637 0.617055 0.329346 0.617055 0.330566 0.619174 0.330322 0.620763 0.329102 0.619174 0.328369 0.620763 0.327393 0.618644 0.325684 0.618644 0.325684 0.619703 0.324951 0.620233 0.324219 0.618644 0.322998 0.619174 0.322021 0.613347 0.322266 0.609640 0.322754 0.608581 0.322266 0.606992 0.322998 0.604873 0.323486 0.594280 0.322998 0.585805 0.323730 0.579449 0.323486 0.578919 0.322754 0.580508 0.322266 0.579449
1 0.499756 0.567267 0.498779 0.566208 0.497559 0.568326 0.498535 0.567267 0.499512 0.569386 0.499268 0.570445 0.498047 0.569915 0.497070 0.571504 0.494629 0.571504 0.496582 0.571504 0.496826 0.572564 0.497314 0.570975 0.498047 0.572564 0.498047 0.573623 0.498047 0.572564 0.498779 0.570975 0.500000 0.570445
1 0.718750 0.565678 0.718750 0.567267 0.719727 0.566737 0.721191 0.570445 0.721924 0.570445 0.722168 0.568326 0.720215 0.565678
1 0.763672 0.566737 0.767090 0.567267 0.767578 0.568326 0.767334 0.569915 0.764160 0.569915 0.763672 0.570975 0.764404 0.571504 0.763916 0.573623 0.763672 0.572034 0.762695 0.570975 0.763428 0.573093 0.765869 0.576271 0.767090 0.579979 0.767822 0.581038 0.769287 0.579979 0.770020 0.581568 0.770264 0.580508 0.767578 0.577331 0.766602 0.574682 0.766846 0.573623 0.766357 0.573623 0.765625 0.572034 0.765869 0.570975 0.767822 0.570975 0.768311 0.573093 0.769043 0.573093 0.768799 0.570975 0.767822 0.569915 0.767578 0.567797 0.765869 0.564089 0.766357 0.565678 0.765869 0.566737
1 0.827637 0.564619 0.825195 0.565678 0.825928 0.566737 0.824707 0.568326 0.823486 0.566208 0.822266 0.566737 0.822021 0.565678 0.822510 0.564619 0.821289 0.564089 0.821777 0.563030 0.821289 0.563559 0.821045 0.565678 0.819580 0.565678 0.819336 0.567267 0.820068 0.567267 0.820557 0.568326 0.820312 0.569386 0.817871 0.572034 0.817627 0.569915 0.816406 0.569386 0.817139 0.568326 0.816650 0.567267 0.816650 0.565678 0.816162 0.565148 0.816162 0.563559 0.814697 0.564089 0.813721 0.565148 0.814941 0.565678 0.815918 0.569386 0.815186 0.569915 0.814697 0.568326 0.814209 0.568326 0.813965 0.570445 0.814697 0.570445 0.815186 0.571504 0.816406 0.569386 0.817139 0.572564 0.815918 0.572564 0.816406 0.572564 0.816406 0.574153 0.816895 0.574682 0.817383 0.573623 0.820068 0.574153 0.820068 0.572564 0.822998 0.572564 0.823242 0.575212 0.823975 0.575212 0.823975 0.574153 0.824463 0.573623 0.825195 0.575212 0.825195 0.576271 0.827637 0.575742 0.826416 0.573623 0.826660 0.572564 0.827148 0.572564 0.825928 0.569915 0.826172 0.568856 0.826416 0.569386 0.825928 0.568326 0.826416 0.567267 0.825928 0.565678 0.826660 0.564619
1 0.331543 0.562500 0.330811 0.563030 0.327881 0.568856 0.326660 0.570445 0.326172 0.569915 0.325928 0.572034 0.324463 0.575742 0.324951 0.575742 0.326660 0.570975 0.330078 0.566208
1 0.811523 0.561970 0.811523 0.565148 0.812256 0.566737 0.812744 0.566737 0.813232 0.564089
1 0.155029 0.561441 0.154541 0.561441 0.154297 0.563559 0.153320 0.561970 0.149170 0.561970 0.151367 0.563030 0.149902 0.567267 0.151123 0.564619 0.152588 0.565678 0.153564 0.563030 0.154785 0.567267 0.155762 0.568326 0.155273 0.570975 0.153320 0.572034 0.153320 0.573623 0.151855 0.575742 0.151611 0.574682 0.153320 0.570445 0.153076 0.569386 0.152100 0.570445 0.151611 0.572564 0.150146 0.573623 0.150635 0.574682 0.149414 0.577331 0.148193 0.575742 0.149658 0.572564 0.149170 0.567797 0.148193 0.567267 0.148682 0.568856 0.148438 0.571504 0.144775 0.574682 0.143555 0.574682 0.142090 0.572564 0.139160 0.573623 0.137451 0.572564 0.137451 0.574153 0.136963 0.573093 0.135254 0.573623 0.135254 0.575212 0.136230 0.576271 0.136719 0.573623 0.137695 0.575742 0.139160 0.576271 0.140381 0.574682 0.141357 0.576801 0.140381 0.578919 0.139160 0.578390 0.139160 0.581038 0.140869 0.581038 0.141602 0.577860 0.143066 0.581568 0.142578 0.584216 0.144531 0.583686 0.142578 0.585805 0.143799 0.586864 0.143799 0.588983 0.142822 0.590042 0.141846 0.589513 0.142578 0.588453 0.140869 0.587924 0.140381 0.588983 0.141113 0.596928 0.142334 0.597987 0.143799 0.593750 0.141602 0.593220 0.141357 0.592161 0.142090 0.590572 0.142578 0.591102 0.145508 0.587394 0.147217 0.588453 0.147705 0.586335 0.148682 0.589513 0.150146 0.586335 0.149170 0.583157 0.149414 0.582097 0.150146 0.583157 0.149902 0.580508 0.150879 0.582097 0.152100 0.580508 0.152344 0.581568 0.151611 0.579449 0.152100 0.575212 0.153320 0.574153 0.153809 0.571504 0.155762 0.571504 0.157227 0.568856 0.155762 0.569915 0.156006 0.566208
1 0.565918 0.559322 0.565430 0.559322 0.565186 0.560911 0.564453 0.560381 0.564941 0.561441 0.564941 0.563030 0.564209 0.564619 0.563477 0.564089 0.563477 0.561441 0.563477 0.563030 0.562988 0.564089 0.563232 0.568856 0.562988 0.569386 0.562500 0.567797 0.562500 0.568856 0.563232 0.570445 0.562988 0.572034 0.562012 0.572034 0.561768 0.567797 0.561035 0.567797 0.561035 0.569915 0.561523 0.569915 0.561768 0.572564 0.562988 0.572564 0.563965 0.569915 0.563965 0.573623 0.564453 0.573623 0.564209 0.572034 0.565186 0.570445 0.563965 0.569915 0.563965 0.566208 0.564697 0.565678 0.565186 0.568856 0.565430 0.559852
1 0.361816 0.559322 0.360596 0.559322 0.360352 0.564089 0.359619 0.565678 0.359131 0.565678 0.359131 0.567267 0.359863 0.566737 0.360107 0.567797 0.360596 0.566737 0.360352 0.563030 0.360840 0.561970 0.361816 0.561970
1 0.498535 0.557203 0.499023 0.558792 0.498535 0.560911 0.499023 0.561441 0.499023 0.562500 0.498291 0.564089 0.498779 0.563030 0.499756 0.563030 0.500488 0.566208 0.501953 0.566208 0.500000 0.563030 0.500244 0.561970 0.500732 0.561970 0.499756 0.560911 0.499756 0.558263
1 0.146973 0.561441 0.147461 0.562500 0.147217 0.561441 0.147949 0.559852 0.149414 0.558792 0.152100 0.558792 0.152344 0.559852 0.155029 0.559322 0.152344 0.559322 0.152100 0.557733 0.149414 0.557733 0.148438 0.559322 0.147461 0.557203 0.148193 0.558792
1 0.476807 0.555085 0.476562 0.561441 0.478271 0.560911 0.479492 0.559322 0.480957 0.560381 0.480469 0.561970 0.480469 0.564089 0.480957 0.560911 0.481445 0.564089 0.481445 0.561970 0.482422 0.561970 0.482422 0.563030 0.483154 0.563030 0.483643 0.564089 0.483398 0.559852 0.482666 0.559322 0.479248 0.559322 0.478271 0.560911 0.477783 0.560381 0.478027 0.559322 0.477539 0.559322 0.477783 0.559852 0.476807 0.561441 0.476562 0.557203 0.477539 0.555085
1 0.510010 0.554555 0.509277 0.555085 0.509521 0.556144 0.509033 0.559852 0.508545 0.560381 0.508301 0.558792 0.507812 0.559322 0.508301 0.560911 0.508545 0.565678 0.507080 0.567267 0.507080 0.568326 0.508057 0.567797 0.509033 0.565148 0.509521 0.565148 0.508789 0.563559 0.509277 0.560911 0.510498 0.559852 0.510742 0.560911 0.510986 0.560381 0.510010 0.559852 0.510010 0.557203 0.510498 0.556674 0.510498 0.555614 0.509766 0.555614
1 0.534668 0.556144 0.542969 0.566208 0.551758 0.583157 0.551514 0.581568 0.552002 0.581038 0.552002 0.578390 0.552490 0.577860 0.552490 0.576271 0.551758 0.576271 0.551758 0.574682 0.548096 0.567797 0.546875 0.567797 0.546875 0.565678 0.544678 0.561441 0.538330 0.554025 0.539062 0.555085 0.538818 0.556144 0.537109 0.556144 0.536865 0.555085 0.535156 0.555085
1 0.151123 0.556144 0.152832 0.554555 0.154053 0.556674 0.156494 0.556674 0.153320 0.553496 0.151855 0.554025
1 0.527344 0.565148 0.525635 0.561441 0.524902 0.561441 0.524414 0.560381 0.524658 0.559322 0.526855 0.558792 0.525635 0.555085 0.525391 0.552966 0.524902 0.552966 0.525146 0.553496 0.524658 0.555085 0.524170 0.555085 0.523438 0.552966 0.522461 0.555085 0.522217 0.557203 0.519531 0.557203 0.519043 0.559322 0.518311 0.558792 0.518799 0.557733 0.518799 0.555085 0.518311 0.554025 0.516846 0.554025 0.516113 0.555085 0.516113 0.557733 0.516602 0.558263 0.516357 0.559322 0.515625 0.559322 0.515381 0.558263 0.514648 0.558263 0.514893 0.558792 0.514404 0.559852 0.514160 0.558263 0.512451 0.558263 0.512451 0.559322 0.511719 0.559322 0.512207 0.560381 0.511719 0.560911 0.512451 0.561441 0.511963 0.562500 0.511719 0.561970 0.511719 0.564089 0.512451 0.564089 0.512451 0.560381 0.513428 0.559852 0.513428 0.564089 0.514404 0.561970 0.514893 0.564089 0.514648 0.565148 0.515137 0.566208 0.515381 0.563030 0.514648 0.562500 0.514648 0.560911 0.516357 0.561970 0.516602 0.559322 0.517090 0.558792 0.517090 0.562500 0.518066 0.564089 0.519287 0.564089 0.519287 0.559852 0.519775 0.558792 0.520264 0.559322 0.520508 0.567267 0.521240 0.568326 0.521729 0.567267 0.522461 0.567797 0.521729 0.569915 0.520996 0.569915 0.520508 0.568856 0.520264 0.570975 0.520752 0.573623 0.521484 0.571504 0.521973 0.572034 0.522217 0.569915 0.522949 0.571504 0.522705 0.570975 0.523193 0.570445 0.523193 0.568856 0.523926 0.567797 0.525391 0.569386 0.525635 0.568326 0.526123 0.569386 0.525146 0.566737 0.525391 0.564619 0.526367 0.564619 0.526611 0.565678
1 0.326172 0.551907 0.326172 0.553496 0.325684 0.554025 0.326416 0.556144 0.323730 0.559852 0.322754 0.559322 0.322754 0.560911 0.322998 0.560381 0.323975 0.561970 0.324219 0.569386 0.324951 0.567797 0.324463 0.562500 0.323975 0.560911 0.324219 0.558792 0.325684 0.559322 0.325684 0.563559 0.326660 0.567797 0.327393 0.567267 0.326660 0.566208 0.326416 0.564089 0.327393 0.561970 0.328613 0.561970 0.327881 0.560911 0.327881 0.559852 0.328613 0.559322 0.327148 0.557203 0.327637 0.555614
1 0.558350 0.550847 0.557129 0.550847 0.557617 0.551907 0.557617 0.555614 0.557129 0.556144 0.557373 0.558263 0.556396 0.560381 0.555908 0.559852 0.554932 0.562500 0.554443 0.561970 0.554199 0.559852 0.554688 0.558792 0.555664 0.558792 0.555908 0.554555 0.555176 0.556674 0.554688 0.556674 0.554199 0.554555 0.555176 0.552966 0.554932 0.551907 0.554443 0.552966 0.553467 0.552966 0.553467 0.557203 0.554199 0.557733 0.554443 0.562500 0.552734 0.566208 0.552734 0.567267 0.553467 0.566208 0.553467 0.564619 0.554443 0.562500 0.554688 0.566208 0.556152 0.567267 0.556396 0.565148 0.555908 0.566208 0.555176 0.564619 0.555664 0.561441 0.556641 0.564089 0.557373 0.564089 0.557861 0.560381 0.558838 0.559852 0.559082 0.558792 0.559814 0.558792 0.559326 0.557203 0.558838 0.558263 0.558350 0.557733
1 0.821289 0.549788 0.822021 0.550318 0.822510 0.551907 0.823730 0.552436 0.823486 0.555614 0.822510 0.555085 0.821777 0.553496 0.821289 0.554025 0.822266 0.556144 0.821533 0.557203 0.823975 0.557733 0.823486 0.555614 0.824707 0.555085 0.823242 0.551377
1 0.727051 0.548729 0.726562 0.549788 0.727295 0.549788 0.727539 0.551907 0.727783 0.550847 0.728027 0.552436 0.727295 0.554025 0.726562 0.554025 0.726318 0.552966 0.724609 0.554025 0.725098 0.555614 0.724854 0.556674 0.724121 0.555614 0.724609 0.556144 0.724609 0.558792 0.725342 0.559322 0.725098 0.560381 0.727051 0.560381 0.726562 0.558263 0.727295 0.557733 0.727539 0.559852 0.728271 0.560381 0.728516 0.561970 0.729248 0.560381 0.728027 0.559322 0.728271 0.557203 0.727539 0.556674 0.726562 0.557733 0.725586 0.555614 0.726074 0.554025 0.727539 0.554025 0.728271 0.555085 0.727783 0.552966 0.728760 0.552436 0.728760 0.551377 0.728271 0.551907 0.728027 0.550318 0.729248 0.549788 0.729248 0.548729 0.728760 0.549788 0.728271 0.548729
1 0.720215 0.548729 0.720215 0.550318 0.721680 0.550847 0.721924 0.553496 0.722412 0.553496 0.722656 0.552436 0.724365 0.552436 0.722412 0.551377 0.722412 0.547669 0.721191 0.547669 0.720947 0.548729
1 0.784180 0.547140 0.785156 0.549788 0.784180 0.550318 0.783936 0.551377 0.784668 0.551377 0.787109 0.554555 0.787109 0.556144 0.788330 0.556674 0.787598 0.555614 0.787842 0.555085 0.791016 0.555614 0.790283 0.554025 0.789062 0.554025 0.788818 0.552966 0.787354 0.553496 0.785156 0.549788 0.785889 0.547669 0.784912 0.548199
1 0.795898 0.556144 0.796387 0.555614 0.797119 0.557203 0.797363 0.555085 0.798096 0.558792 0.798584 0.558792 0.798584 0.557203 0.799316 0.556674 0.799072 0.559322 0.800049 0.558792 0.800049 0.557203 0.799316 0.556144 0.799805 0.555085 0.801025 0.555614 0.801270 0.554555 0.802246 0.554555 0.803467 0.559322 0.804443 0.559322 0.804932 0.557733 0.806396 0.557203 0.805908 0.555085 0.807129 0.552966 0.807861 0.554025 0.807861 0.556674 0.806885 0.558792 0.808838 0.557733 0.809814 0.559322 0.809814 0.561970 0.810059 0.559852 0.811035 0.559852 0.809082 0.555085 0.809814 0.554025 0.808838 0.554025 0.807861 0.550318 0.807129 0.550847 0.807129 0.552436 0.805664 0.549788 0.806152 0.548729 0.808838 0.549258 0.809814 0.551907 0.811279 0.552436 0.811279 0.557733 0.813721 0.563030 0.815430 0.561970 0.813477 0.560381 0.813965 0.558792 0.815186 0.557733 0.817383 0.560911 0.816162 0.558792 0.815186 0.554025 0.816406 0.552436 0.816895 0.552966 0.817139 0.551907 0.816650 0.551377 0.818115 0.549788 0.816650 0.548199 0.817139 0.546610 0.814941 0.548729 0.813477 0.548199 0.814453 0.547140 0.813965 0.546610 0.811035 0.547669 0.811035 0.549258 0.810059 0.550847 0.809814 0.548729 0.808350 0.548729 0.808838 0.547140 0.806641 0.547669 0.806396 0.546081 0.805664 0.546610 0.805176 0.549788 0.804443 0.549788 0.803467 0.551907 0.802490 0.551377 0.803955 0.554025 0.803467 0.555085 0.800781 0.552436 0.798340 0.555085 0.798096 0.556674 0.796875 0.551907 0.796875 0.554555
1 0.190430 0.545551 0.189209 0.548199 0.189453 0.547669 0.190430 0.550318 0.190430 0.552436 0.190918 0.552966 0.190674 0.555614 0.191406 0.557203 0.191162 0.559852 0.191650 0.560381 0.191895 0.554025 0.191162 0.553496 0.190918 0.550318 0.191406 0.549258 0.191895 0.549788 0.191650 0.549258 0.192383 0.547669 0.191895 0.546081 0.190918 0.546610
1 0.183594 0.551377 0.182861 0.548199 0.181885 0.546081 0.180664 0.545021 0.180908 0.548199 0.180176 0.549788 0.180420 0.552436 0.179443 0.552966 0.179199 0.551377 0.178467 0.550847 0.177979 0.551907 0.176514 0.550318 0.176514 0.549258 0.175781 0.547669 0.175781 0.545551 0.175049 0.547140 0.175049 0.548729 0.175537 0.549258 0.175293 0.550847 0.175781 0.551377 0.175781 0.552436 0.176758 0.553496 0.176270 0.555085 0.176025 0.554025 0.175049 0.554025 0.174316 0.555614 0.173828 0.554025 0.173096 0.554025 0.172852 0.555614 0.174072 0.557203 0.174316 0.558792 0.175537 0.558792 0.175781 0.561441 0.176270 0.561441 0.177734 0.558792 0.178223 0.558792 0.178223 0.556674 0.177490 0.555614 0.177734 0.552436 0.178223 0.554555 0.179443 0.554025 0.179688 0.555085 0.179199 0.556144 0.179932 0.556674 0.179688 0.554555 0.180664 0.552436 0.181152 0.552966 0.181152 0.554555 0.181885 0.553496 0.183350 0.554555
1 0.519287 0.545021 0.519531 0.547140 0.520020 0.547669 0.519775 0.550318 0.521729 0.550318 0.521973 0.549258 0.522461 0.549258 0.522217 0.546610 0.521240 0.544492 0.520020 0.544492 0.519775 0.545551
1 0.706787 0.545551 0.704834 0.543432 0.705322 0.545551 0.704834 0.546081 0.704834 0.547669 0.704102 0.548729 0.703857 0.550847 0.704834 0.549788 0.706543 0.549788 0.706299 0.547669 0.705566 0.547669 0.705078 0.546081 0.706299 0.545021
1 0.511719 0.541314 0.511719 0.544492 0.511963 0.542373 0.512695 0.542373 0.512695 0.545551 0.511719 0.546081 0.512207 0.545551 0.512695 0.546610 0.512451 0.547140 0.514404 0.546081 0.513916 0.541843 0.511963 0.540784
1 0.194336 0.539195 0.193848 0.538136 0.193359 0.538136 0.193115 0.539195 0.192627 0.538136 0.191162 0.539725 0.190918 0.540784 0.189941 0.540784 0.189453 0.542903 0.187988 0.542903 0.188477 0.546081 0.188965 0.546081 0.189697 0.545021 0.189941 0.541843 0.191162 0.541314 0.191895 0.539725
1 0.168701 0.538136 0.166992 0.541843 0.167969 0.540784 0.169434 0.541843 0.167969 0.544492 0.169678 0.544492 0.170166 0.542373 0.169189 0.540784 0.169189 0.538136
1 0.523438 0.534428 0.523438 0.535487 0.522705 0.537076 0.521973 0.537076 0.521973 0.539725 0.522461 0.541314 0.522217 0.541843 0.522705 0.541843 0.523193 0.540254 0.523926 0.543962 0.525146 0.543962 0.525391 0.545021 0.526123 0.545021 0.526367 0.546081 0.527344 0.546610 0.527100 0.547669 0.526855 0.547140 0.527100 0.548729 0.526855 0.549258 0.526367 0.547669 0.526367 0.549258 0.525879 0.550318 0.526611 0.550318 0.527100 0.548729 0.527588 0.549788 0.527344 0.551907 0.526367 0.553496 0.527832 0.557203 0.528564 0.562500 0.528564 0.558792 0.529053 0.558263 0.529053 0.556144 0.527832 0.551907 0.528076 0.550318 0.528809 0.549788 0.529297 0.550847 0.529053 0.551907 0.529785 0.551907 0.529541 0.554025 0.530273 0.555085 0.530518 0.554555 0.530273 0.554025 0.530029 0.555085 0.529541 0.553496 0.530029 0.552966 0.530029 0.551907 0.529297 0.550847 0.530029 0.548199 0.530762 0.549258 0.530762 0.548199 0.533203 0.548199 0.534180 0.549788 0.531250 0.546081 0.531250 0.547669 0.530273 0.548199 0.530029 0.545551 0.530762 0.545551 0.530273 0.545021 0.530518 0.542373 0.529785 0.544492 0.529297 0.540254 0.530029 0.539195 0.531494 0.542373 0.532471 0.541314 0.532715 0.542903 0.533936 0.544492 0.533447 0.539725 0.533203 0.541314 0.532715 0.540784 0.532959 0.538136 0.533691 0.538136 0.533691 0.537076 0.533203 0.537606 0.532715 0.536017 0.532959 0.536547 0.532471 0.537606 0.532227 0.537076 0.532471 0.538665 0.531738 0.538665 0.531738 0.539725 0.531250 0.540254 0.531006 0.539195 0.528809 0.539195 0.528564 0.538136 0.528320 0.539195 0.526855 0.537076 0.526611 0.538136 0.524902 0.538136 0.524170 0.536547 0.524170 0.534958
1 0.359131 0.533898 0.359375 0.541843 0.360596 0.555085 0.360352 0.556674 0.361816 0.556674 0.360840 0.540784 0.360107 0.540784 0.360596 0.539725 0.360596 0.536547 0.360352 0.536017 0.360352 0.537606 0.359619 0.538136 0.359131 0.536547
1 0.735107 0.534958 0.734131 0.530720 0.733887 0.531780 0.732422 0.531780 0.731934 0.533898 0.731689 0.532839 0.730957 0.532839 0.731445 0.532839 0.731934 0.534428 0.732910 0.535487 0.733398 0.534428
1 0.564941 0.534958 0.565186 0.535487 0.565918 0.533898 0.568848 0.537076 0.568604 0.536547 0.569092 0.534958 0.568115 0.534958 0.567871 0.533369 0.568604 0.532839 0.569092 0.530720 0.568115 0.531780 0.567627 0.530720 0.568115 0.531780 0.567871 0.532309 0.566406 0.530720 0.566406 0.533369
1 0.538818 0.530720 0.538574 0.531780 0.538086 0.530720 0.537842 0.533898 0.537354 0.532839 0.537354 0.538136 0.536865 0.539195 0.536133 0.538665 0.536133 0.533898 0.535889 0.537076 0.534668 0.534428 0.534424 0.535487 0.533691 0.534958 0.534180 0.534958 0.534424 0.537076 0.535645 0.539195 0.537109 0.539725 0.537109 0.538665 0.537598 0.538136 0.537354 0.536017 0.538330 0.536017 0.539062 0.533898 0.538574 0.532839
1 0.348389 0.528602 0.347900 0.530191 0.346680 0.530191 0.346680 0.531250 0.347900 0.533898 0.348145 0.537606 0.348633 0.533898 0.347412 0.531780 0.348877 0.530720
1 0.708008 0.527542 0.708252 0.532839 0.707520 0.534428 0.707520 0.535487 0.709473 0.538136 0.708740 0.539725 0.708008 0.539725 0.708984 0.539725 0.709473 0.538665 0.709717 0.539195 0.708984 0.540784 0.709717 0.540784 0.710205 0.541843 0.709717 0.540784 0.709717 0.539725 0.710449 0.538665 0.709717 0.537606 0.709961 0.536017 0.708496 0.536547 0.707520 0.534958 0.707764 0.533898 0.708008 0.534428 0.708984 0.532839 0.709961 0.533369 0.709473 0.532309 0.708252 0.532309
1 0.165771 0.526483 0.164062 0.528602 0.165039 0.529661 0.164551 0.531250 0.165283 0.531780 0.166748 0.530191 0.166748 0.527542
1 0.300781 0.525953 0.300781 0.528072 0.299805 0.528602 0.300781 0.529661 0.301514 0.531780 0.300537 0.532309 0.299805 0.530720 0.299316 0.530720 0.299316 0.533369 0.299805 0.533898 0.299561 0.542903 0.301758 0.548199 0.300781 0.551377 0.301270 0.551907 0.301025 0.551377 0.301758 0.548729 0.303223 0.551907 0.303467 0.554025 0.306396 0.560381 0.307617 0.565148 0.311279 0.574682 0.312256 0.574682 0.312500 0.575742 0.311768 0.575742 0.314209 0.582097 0.314697 0.580508 0.311523 0.573093 0.309814 0.567267 0.308105 0.564089 0.307373 0.560911 0.304688 0.554025 0.304932 0.552966 0.304443 0.552436 0.304443 0.550847 0.305420 0.549788 0.306641 0.550318 0.307373 0.546081 0.306152 0.548729 0.304932 0.549258 0.304443 0.550847 0.303711 0.550847 0.301514 0.545551 0.300537 0.545021 0.300537 0.542903 0.299805 0.541314 0.299805 0.538136 0.300537 0.537076 0.302490 0.539195 0.302979 0.538665 0.303223 0.535487 0.304443 0.535487 0.304443 0.534428 0.303223 0.532839 0.303467 0.531780 0.301514 0.531250 0.301514 0.528072 0.300781 0.527542
1 0.171387 0.525953 0.171387 0.527013 0.171875 0.527542 0.171387 0.528602 0.173340 0.529661 0.173340 0.531780 0.172607 0.533898 0.172119 0.533898 0.171875 0.536017 0.172119 0.536547 0.172607 0.534428 0.173340 0.534428 0.173828 0.535487 0.172852 0.536547 0.173096 0.537076 0.172607 0.538665 0.173096 0.538665 0.173828 0.540254 0.173828 0.538665 0.174805 0.537076 0.174805 0.535487 0.174072 0.533898 0.174072 0.530191 0.173584 0.528602 0.171875 0.527542
1 0.760254 0.526483 0.763184 0.531250 0.764404 0.531780 0.766113 0.537606 0.765137 0.531250 0.764648 0.530720 0.764893 0.529661 0.765869 0.530191 0.765381 0.529131 0.764893 0.529131 0.764404 0.527542 0.762939 0.525953 0.763916 0.529131 0.763916 0.530720 0.763184 0.531250 0.761475 0.525953 0.760742 0.525424
1 0.705811 0.525424 0.704102 0.525424 0.704590 0.527013 0.704102 0.528602 0.703613 0.527542 0.703125 0.527542 0.702881 0.528602 0.702148 0.527542 0.701660 0.528072 0.702393 0.528072 0.702881 0.529131 0.702393 0.529661 0.702393 0.530720 0.702637 0.529661 0.703369 0.532839 0.702881 0.534428 0.701660 0.532839 0.701660 0.533898 0.701172 0.533898 0.701172 0.535487 0.701660 0.536547 0.701416 0.534958 0.701904 0.533898 0.703613 0.537606 0.702148 0.541843 0.702148 0.543432 0.702637 0.544492 0.702881 0.541843 0.703857 0.539725 0.704590 0.539725 0.703857 0.539195 0.704346 0.538136 0.704102 0.533369 0.705078 0.532839 0.704834 0.531780 0.703613 0.532839 0.702881 0.529661 0.703369 0.528602 0.704834 0.530191 0.706787 0.530191 0.706055 0.530191 0.704834 0.528602
1 0.700928 0.524364 0.699463 0.525953 0.698730 0.524364 0.698975 0.523305 0.698486 0.525424 0.697754 0.523305 0.697754 0.527542 0.698242 0.529131 0.697998 0.530720 0.697021 0.529131 0.695801 0.528602 0.695801 0.525953 0.696289 0.524894 0.697021 0.524894 0.696289 0.524364 0.695068 0.527013 0.695557 0.527542 0.695801 0.530720 0.697021 0.534428 0.697998 0.534958 0.697021 0.533898 0.697754 0.532839 0.698730 0.533369 0.697998 0.533369 0.697510 0.532309 0.697754 0.531250 0.699219 0.529661 0.700195 0.530720 0.699707 0.531250 0.700439 0.530720 0.699707 0.528602 0.699707 0.527013 0.699951 0.526483 0.700439 0.527542 0.700195 0.526483
1 0.375732 0.523305 0.374268 0.526483 0.374023 0.528072 0.374512 0.527013 0.375244 0.527013 0.375488 0.528072 0.375000 0.529131 0.375732 0.530720 0.375488 0.533369 0.377441 0.535487 0.378662 0.530191 0.377930 0.530191 0.377441 0.531250 0.377441 0.534958 0.376465 0.533898 0.376221 0.532839 0.376953 0.530720 0.375244 0.525953 0.376221 0.523835
1 0.140381 0.522246 0.139893 0.523835 0.140137 0.525953 0.139404 0.527542 0.139404 0.524894 0.138916 0.524894 0.138672 0.527542 0.139404 0.527542 0.138672 0.530191 0.139648 0.529131 0.139893 0.531250 0.140381 0.530720 0.139893 0.529131 0.140869 0.526483
1 0.190186 0.523835 0.189453 0.522246 0.188232 0.521716 0.187988 0.522246 0.189209 0.523835 0.188721 0.525424 0.187744 0.525424 0.186035 0.528072 0.185303 0.525424 0.184814 0.528072 0.184082 0.528072 0.183594 0.529131 0.182129 0.529131 0.181641 0.530191 0.181641 0.531780 0.181152 0.532839 0.180420 0.532839 0.180420 0.528602 0.181641 0.527542 0.182129 0.525953 0.183838 0.523835 0.182861 0.522775 0.180664 0.526483 0.180664 0.528072 0.180176 0.528602 0.179443 0.531780 0.178955 0.530720 0.178955 0.529131 0.178223 0.529131 0.177979 0.530720 0.177002 0.529131 0.177002 0.527542 0.176025 0.530720 0.177979 0.530720 0.178711 0.532839 0.178223 0.534428 0.178955 0.534428 0.179443 0.531780 0.180176 0.532309 0.180420 0.536017 0.179688 0.536547 0.180176 0.537606 0.180420 0.536547 0.181152 0.536547 0.181641 0.534958 0.182373 0.536547 0.182617 0.534958 0.182861 0.536547 0.183350 0.536547 0.183594 0.533898 0.182617 0.534428 0.181885 0.533369 0.183105 0.529131 0.183838 0.530720 0.184814 0.530720 0.186523 0.528602 0.187256 0.529661 0.187256 0.530720 0.187744 0.530720 0.187988 0.528602 0.187256 0.528072 0.187744 0.525953 0.187988 0.527013 0.188721 0.527013
1 0.779785 0.524364 0.779785 0.525424 0.781006 0.525953 0.782227 0.529661 0.780762 0.533369 0.779541 0.532309 0.781494 0.534958 0.781738 0.538136 0.783936 0.543432 0.783936 0.545021 0.787109 0.545021 0.788574 0.541843 0.788330 0.540784 0.789062 0.539725 0.792725 0.539725 0.793701 0.537606 0.792725 0.537606 0.792480 0.536547 0.794189 0.534428 0.794922 0.536547 0.794922 0.539725 0.797363 0.542903 0.797119 0.545021 0.795898 0.545551 0.796387 0.546610 0.796631 0.545021 0.798340 0.545551 0.797607 0.543962 0.797363 0.541843 0.796143 0.539725 0.796143 0.536017 0.793701 0.532309 0.794678 0.531250 0.793945 0.528602 0.791992 0.528072 0.791504 0.528602 0.792236 0.530191 0.791748 0.531250 0.791016 0.530720 0.790283 0.532839 0.789795 0.532839 0.788818 0.530191 0.789795 0.528602 0.791016 0.528072 0.788574 0.528602 0.787598 0.525953 0.786865 0.525424 0.787109 0.524364 0.788086 0.524364 0.788818 0.525953 0.791016 0.524364 0.793213 0.525424 0.791260 0.524364 0.790771 0.523305 0.792236 0.521186 0.790527 0.520127 0.789062 0.521716 0.788574 0.523305 0.787354 0.523305 0.785889 0.522246 0.785156 0.520657 0.784912 0.521716 0.785645 0.523305 0.785400 0.524364 0.784424 0.522775 0.781494 0.525953
1 0.356934 0.519597 0.358154 0.526483 0.358398 0.524894 0.359375 0.525424 0.359375 0.530191 0.360352 0.530720 0.360107 0.533369 0.360352 0.529661 0.358887 0.523305 0.357666 0.523305 0.357178 0.522246
1 0.130615 0.518008 0.130615 0.519068 0.131836 0.518538 0.132080 0.519597 0.130615 0.520127 0.129883 0.521716 0.130127 0.522775 0.132568 0.522775 0.132568 0.523835 0.133545 0.525424 0.134766 0.524894 0.134277 0.522775 0.135010 0.520127 0.134766 0.519068 0.134277 0.519068 0.134766 0.520657 0.133789 0.521186 0.133301 0.520127 0.133545 0.519068
1 0.183838 0.515890 0.183105 0.515890 0.182861 0.516949 0.182129 0.516949 0.181641 0.518008 0.181641 0.522246 0.183350 0.521716 0.183594 0.520657 0.184082 0.520657 0.184082 0.519068 0.183350 0.517479
1 0.301270 0.514831 0.301270 0.516419 0.300781 0.516949 0.300781 0.519597 0.302002 0.519597 0.302246 0.518008 0.302979 0.519597 0.304199 0.519597 0.303223 0.519597 0.302002 0.516949 0.302490 0.513771 0.302002 0.514831
1 0.345459 0.510593 0.345703 0.515890 0.346680 0.516949 0.346680 0.521186 0.345947 0.524894 0.345947 0.527013 0.347168 0.518008 0.346924 0.514301 0.347656 0.513242 0.347656 0.511653 0.346436 0.511123 0.345947 0.512712
1 0.306641 0.508475 0.306152 0.509534 0.306152 0.511653 0.305664 0.511653 0.305420 0.510593 0.304688 0.511653 0.305176 0.514831 0.304688 0.516419 0.308105 0.516419 0.308350 0.517479 0.307617 0.519068 0.307129 0.519068 0.306396 0.517479 0.305664 0.517479 0.306641 0.520657 0.306885 0.519068 0.307617 0.520657 0.308594 0.518008 0.308594 0.516419 0.308105 0.515890 0.308594 0.514831 0.307617 0.514301 0.308350 0.511653 0.307861 0.511123 0.307861 0.510064 0.308350 0.509534
1 0.315186 0.507415 0.314697 0.510593 0.314941 0.512712 0.314697 0.513242 0.313965 0.511653 0.313721 0.513242 0.312988 0.513771 0.312500 0.512182 0.312500 0.515360 0.312012 0.516419 0.311035 0.514831 0.311035 0.507945 0.309814 0.508475 0.309570 0.511653 0.310547 0.511653 0.310059 0.512182 0.310059 0.513771 0.311035 0.516949 0.312744 0.516949 0.313232 0.514831 0.313965 0.515360 0.312256 0.520657 0.311768 0.520657 0.310547 0.518008 0.310547 0.519597 0.311035 0.519597 0.311035 0.520657 0.312256 0.522246 0.312256 0.523305 0.311035 0.524894 0.312012 0.525424 0.313965 0.520127 0.314209 0.515360 0.316162 0.513242 0.315674 0.511653 0.316162 0.510593 0.316162 0.509004
1 0.151855 0.507415 0.150879 0.513242 0.154785 0.519597 0.151611 0.525424 0.141602 0.522246 0.142578 0.528072 0.144531 0.523305 0.146729 0.525953 0.144531 0.530720 0.145508 0.541843 0.141846 0.538665 0.143799 0.545021 0.146729 0.541843 0.148926 0.551907 0.149902 0.541843 0.150635 0.551907 0.152344 0.541843 0.166260 0.551907 0.162109 0.553496 0.161621 0.560381 0.158691 0.555085 0.156250 0.564089 0.159912 0.565148 0.161377 0.572564 0.166504 0.567797 0.168945 0.577860 0.166016 0.583686 0.169922 0.579449 0.166016 0.587924 0.166504 0.597987 0.163818 0.594809 0.163818 0.588983 0.159180 0.593220 0.156494 0.583686 0.160400 0.584216 0.160889 0.580508 0.154541 0.577331 0.153076 0.591631 0.150879 0.584746 0.151855 0.591631 0.150146 0.593220 0.152100 0.597987 0.155029 0.592691 0.153564 0.597987 0.155029 0.603284 0.156250 0.599047 0.157959 0.602225 0.159180 0.593220 0.163330 0.592691 0.160156 0.599047 0.164062 0.600106 0.163086 0.619174 0.167725 0.630826 0.169189 0.620233 0.166748 0.623411 0.166748 0.610699 0.168945 0.617055 0.170654 0.613347 0.167480 0.601695 0.172607 0.603814 0.175049 0.593220 0.172363 0.586864 0.175537 0.585275 0.171631 0.584216 0.173340 0.578390 0.171631 0.576271 0.174072 0.570445 0.175537 0.582097 0.175049 0.573093 0.177002 0.570975 0.169189 0.574153 0.173584 0.567267 0.171631 0.564089 0.172607 0.559322 0.169678 0.547669 0.166992 0.550318 0.167725 0.546610 0.165039 0.547140 0.166016 0.542903 0.162598 0.544492 0.167725 0.534428 0.164062 0.537076 0.163818 0.533369 0.162842 0.540254 0.157227 0.541843 0.159668 0.531250 0.156494 0.527013 0.162354 0.526483 0.158691 0.519068 0.156006 0.528602 0.152344 0.528602 0.156494 0.521716 0.154785 0.519597 0.156982 0.511123
1 0.281006 0.506356 0.279785 0.509004 0.278809 0.509534 0.280029 0.513242 0.280518 0.513242 0.280273 0.511653 0.281006 0.509534
1 0.259277 0.506886 0.258545 0.509004 0.257568 0.508475 0.258545 0.505826 0.256836 0.507415 0.256104 0.510064 0.256348 0.512182 0.258057 0.512182 0.258301 0.511123 0.259521 0.511123 0.258789 0.510064
1 0.799316 0.505297 0.797852 0.506886 0.797119 0.509004 0.795898 0.509004 0.794922 0.511653 0.793701 0.512712 0.793457 0.513771 0.794434 0.515890 0.793945 0.516949 0.794434 0.519597 0.795410 0.519068 0.796143 0.516949 0.795166 0.516949 0.793701 0.513242 0.794678 0.512712 0.795166 0.514831 0.796387 0.515360 0.797119 0.513242 0.799316 0.510064 0.798340 0.507415 0.798828 0.505826 0.799561 0.505826
1 0.186523 0.505297 0.186279 0.509004 0.184570 0.511653 0.185059 0.513242 0.186279 0.514301 0.186523 0.515890 0.187256 0.516949 0.187256 0.515360 0.186279 0.514301 0.187500 0.510064 0.187012 0.507415 0.187256 0.505297
1 0.161377 0.507415 0.160400 0.505297 0.159668 0.506886 0.156250 0.506886 0.156494 0.507945
1 0.167236 0.503708 0.166748 0.504767 0.167236 0.505297 0.169189 0.505297 0.169189 0.506356 0.168213 0.507945 0.168213 0.510064 0.168945 0.510064 0.169434 0.507945 0.170654 0.507415 0.169189 0.504767 0.169678 0.504237 0.169678 0.503178 0.169189 0.504237 0.168701 0.503178
1 0.272217 0.501589 0.272217 0.503178 0.272705 0.503708 0.272461 0.509004 0.273193 0.509534 0.273193 0.505826 0.273926 0.503708
1 0.476318 0.501059 0.476807 0.502648 0.476562 0.503178 0.477539 0.504237 0.477539 0.506356 0.478027 0.507945 0.478760 0.506356 0.479004 0.507415 0.479980 0.507945 0.478760 0.506356 0.478516 0.503708 0.477783 0.502648 0.478516 0.501059 0.479248 0.501589 0.479004 0.501059
1 0.147949 0.501059 0.146973 0.501059 0.146973 0.503178 0.145752 0.504767 0.145508 0.507945 0.144775 0.506356 0.144043 0.506356 0.143311 0.507945 0.143311 0.509534 0.142090 0.511653 0.142090 0.512712 0.141357 0.513242 0.142822 0.513242 0.143311 0.514301 0.143066 0.511123 0.143799 0.510064 0.144043 0.511123 0.143555 0.511653 0.143555 0.513242 0.144287 0.514301 0.144043 0.512182 0.144531 0.510593 0.147217 0.510593 0.147461 0.507945 0.146973 0.508475 0.146484 0.506886 0.147461 0.506886 0.147461 0.503178
1 0.567139 0.497881 0.566406 0.497352 0.566895 0.498411 0.566650 0.499470 0.565674 0.498411 0.565430 0.498941 0.564697 0.496822 0.563965 0.497881 0.563965 0.499470 0.563477 0.500000 0.563721 0.507945 0.564209 0.507945 0.564941 0.505297 0.564697 0.502119 0.565918 0.502119 0.566162 0.500000 0.567139 0.499470
1 0.315918 0.496822 0.315918 0.498411 0.315430 0.498941 0.315918 0.500000 0.314941 0.501059 0.315430 0.503178 0.314941 0.503708 0.314941 0.505826 0.317139 0.507945 0.316162 0.505826 0.316162 0.503178 0.315674 0.502648 0.315674 0.501059 0.316650 0.500000 0.317139 0.501059 0.316895 0.502648 0.317383 0.503178 0.317383 0.504767 0.318115 0.504767 0.318604 0.503708 0.318848 0.500000 0.318359 0.499470 0.318604 0.497881 0.318115 0.496822 0.317383 0.496822 0.317383 0.498411 0.316406 0.500000
1 0.146729 0.495763 0.144775 0.495233 0.144043 0.497881 0.143066 0.497881 0.143066 0.501059 0.143799 0.502648 0.145264 0.502648 0.145264 0.501059 0.145752 0.498941 0.146729 0.497352
1 0.259033 0.494703 0.258545 0.494703 0.258789 0.497881 0.258301 0.498941 0.257568 0.497352 0.257568 0.495233 0.257080 0.495233 0.256836 0.496822 0.257568 0.498411 0.257080 0.501589 0.256348 0.500000 0.256104 0.503178 0.255127 0.503178 0.254395 0.504767 0.253662 0.503708 0.254150 0.505826 0.253662 0.507415 0.253174 0.507415 0.253418 0.509004 0.254395 0.508475 0.254395 0.506356 0.258057 0.501059 0.258545 0.498941 0.259521 0.497352 0.259521 0.495763
1 0.530029 0.493644 0.529785 0.495233 0.529053 0.495763 0.529053 0.496822 0.530029 0.497352 0.529541 0.502119 0.529785 0.503708 0.530518 0.503708 0.530762 0.501589 0.530029 0.500000 0.530518 0.499470 0.530762 0.497352
1 0.131836 0.492585 0.131836 0.493644 0.132568 0.495233 0.131836 0.497352 0.131836 0.499470 0.132568 0.499470 0.133057 0.500530 0.132568 0.498941 0.133057 0.498411 0.132812 0.497881 0.133545 0.495763 0.133301 0.496822 0.133057 0.494703
1 0.185059 0.491525 0.184570 0.491525 0.184814 0.494703 0.184082 0.494703 0.183594 0.495763 0.183594 0.497352 0.182617 0.498941 0.183594 0.500000 0.183594 0.501589 0.184326 0.501059 0.183838 0.500530 0.184082 0.499470 0.185303 0.499470 0.185791 0.500530 0.185791 0.498941 0.184326 0.496822 0.185547 0.494174 0.186279 0.494174 0.186279 0.493114 0.185303 0.493644 0.184814 0.492055
1 0.304688 0.488347 0.304688 0.490466 0.303711 0.491525 0.303467 0.493644 0.303223 0.492585 0.303467 0.494174 0.302979 0.494703 0.302734 0.493644 0.301758 0.496292 0.302734 0.498941 0.302979 0.497881 0.303955 0.497881 0.305420 0.500530 0.305664 0.498941 0.306396 0.499470 0.305908 0.498941 0.307373 0.497352 0.307373 0.495763 0.306641 0.497881 0.305908 0.497352 0.306396 0.495763 0.305664 0.496822 0.304688 0.495763 0.304443 0.494174 0.304932 0.493114 0.305664 0.493114 0.305420 0.492055 0.306396 0.490996 0.305664 0.489936 0.305420 0.488347
1 0.176514 0.488347 0.176025 0.488347 0.175781 0.489407 0.174805 0.489407 0.174561 0.491525 0.173828 0.490996 0.174316 0.491525 0.174316 0.493114 0.176025 0.493114 0.177002 0.490996 0.176025 0.489936
1 0.236816 0.490996 0.238770 0.490466 0.239990 0.492055 0.241211 0.488347 0.240234 0.488347 0.239502 0.489936 0.238770 0.488347 0.237305 0.487818 0.236816 0.488347
1 0.118408 0.489407 0.116455 0.489407 0.116211 0.487288 0.115723 0.488347 0.114746 0.488347 0.114014 0.486758 0.113525 0.486758 0.114014 0.488347 0.112305 0.490466 0.112793 0.492055 0.112549 0.493114 0.113037 0.493114 0.113525 0.494703 0.112549 0.495763 0.112061 0.494174 0.111084 0.493644 0.109131 0.497881 0.109131 0.502119 0.110596 0.502119 0.110840 0.503178 0.110352 0.503708 0.111084 0.504237 0.111816 0.501589 0.111572 0.500000 0.112061 0.497881 0.113281 0.500000 0.112793 0.501059 0.113281 0.502119 0.112061 0.504767 0.112793 0.505826 0.114014 0.497881 0.114502 0.497352 0.115479 0.498941 0.115723 0.495763 0.115479 0.496292 0.115234 0.495233 0.118164 0.491525
1 0.750977 0.501589 0.752197 0.501589 0.752686 0.502648 0.753174 0.501059 0.752930 0.497352 0.754395 0.494174 0.755127 0.494174 0.755371 0.495233 0.754395 0.497881 0.754883 0.500000 0.754395 0.501059 0.753662 0.501059 0.754150 0.502648 0.755127 0.502648 0.755859 0.504237 0.756592 0.504237 0.755371 0.498941 0.755859 0.492055 0.757324 0.494703 0.758545 0.494703 0.759521 0.496822 0.759766 0.498941 0.760254 0.497881 0.761230 0.497881 0.761719 0.501589 0.761719 0.498941 0.762939 0.495763 0.762695 0.494703 0.765381 0.494703 0.765137 0.493644 0.763916 0.492585 0.764160 0.491525 0.765625 0.493114 0.764404 0.488877 0.764160 0.489936 0.763672 0.488877 0.762695 0.489936 0.762207 0.489407 0.762451 0.488877 0.761475 0.489407 0.760986 0.486229 0.759521 0.487818 0.758789 0.487288 0.758789 0.488877 0.757080 0.491525 0.755859 0.490466 0.754883 0.490996 0.754639 0.489407 0.755371 0.487288 0.756348 0.488347 0.756104 0.485699 0.753662 0.488347 0.751465 0.488877 0.751953 0.488347 0.753174 0.490466 0.753174 0.494703 0.751953 0.497352 0.752441 0.497352 0.751953 0.498411 0.752686 0.499470 0.750977 0.500000
1 0.171387 0.483051 0.169922 0.485169 0.170654 0.485699 0.170898 0.487288 0.172607 0.490996 0.173096 0.490466 0.173096 0.488347 0.172607 0.487288 0.172363 0.484640 0.173096 0.484110 0.172607 0.483051
1 0.250732 0.481462 0.250000 0.488347 0.251221 0.487818 0.251709 0.486758 0.251709 0.483051 0.250977 0.483051
1 0.495850 0.485699 0.495117 0.485699 0.494385 0.483051 0.492188 0.483051 0.491699 0.479873 0.490723 0.483581 0.492188 0.485169 0.491211 0.486758 0.491943 0.485699 0.492188 0.486758 0.491455 0.488877 0.490479 0.488347 0.490723 0.491525 0.490723 0.489407 0.491455 0.489407 0.492432 0.486229 0.493164 0.486229 0.494385 0.487818 0.494629 0.485169
1 0.735596 0.476695 0.735107 0.478814 0.735352 0.482521 0.736328 0.483581 0.736816 0.485169 0.736572 0.485699 0.738770 0.486229 0.736816 0.483581 0.736328 0.481462 0.735352 0.480403
1 0.282715 0.476695 0.282227 0.479873 0.281250 0.479873 0.281494 0.480403 0.280762 0.482521 0.281250 0.483051 0.281494 0.481992 0.281982 0.481992 0.282715 0.484640 0.283691 0.486229 0.283203 0.487818 0.282715 0.487818 0.281982 0.484640 0.281494 0.484110 0.281250 0.485699 0.281982 0.485699 0.282471 0.486758 0.282227 0.487288 0.283447 0.488877 0.282715 0.490466 0.283203 0.491525 0.282715 0.492055 0.282715 0.494174 0.283203 0.495233 0.283936 0.495233 0.284180 0.494174 0.284912 0.494174 0.284912 0.486758 0.286133 0.483581 0.286865 0.483581 0.285889 0.481992 0.285889 0.478814 0.285156 0.477754 0.285156 0.480403 0.284668 0.480932 0.284668 0.482521 0.283691 0.484110 0.283447 0.481462 0.283936 0.480403 0.283936 0.477754 0.283447 0.476695
1 0.030762 0.476695 0.027832 0.477754 0.027344 0.478814 0.027344 0.481992 0.027344 0.480403 0.028809 0.478284 0.029541 0.478284 0.030029 0.479343 0.028809 0.479873 0.028809 0.480932 0.031250 0.480403 0.030029 0.478284
1 0.124023 0.478284 0.122070 0.476165 0.122803 0.477225 0.122803 0.478284 0.121338 0.481462 0.120361 0.481992 0.119873 0.480932 0.119141 0.480932 0.118652 0.481992 0.118164 0.479873 0.117188 0.480932 0.117432 0.481992 0.116943 0.484110 0.120605 0.483581 0.123047 0.477754
1 0.308838 0.475636 0.308350 0.477754 0.307617 0.477754 0.307373 0.476695 0.306152 0.476695 0.305908 0.477754 0.305664 0.476695 0.305176 0.478284 0.305664 0.482521 0.306396 0.483581 0.307373 0.483581 0.307617 0.485699 0.308838 0.481992 0.309814 0.482521
1 0.135986 0.479873 0.134277 0.481462 0.133057 0.477754 0.131836 0.477754 0.131836 0.483051 0.130127 0.485169 0.129395 0.488347 0.128662 0.487818 0.129150 0.484110 0.127686 0.486229 0.128418 0.488877 0.127686 0.490466 0.129395 0.494703 0.126221 0.496822 0.125977 0.492585 0.127441 0.492585 0.126465 0.490466 0.126953 0.487288 0.125244 0.485699 0.125000 0.483051 0.126465 0.479873 0.127686 0.480403 0.126465 0.482521 0.126465 0.484640 0.127197 0.482521 0.130859 0.481992 0.129883 0.481462 0.129639 0.478814 0.128906 0.480403 0.127441 0.479343 0.127930 0.475106 0.126465 0.479343 0.124268 0.479343 0.125244 0.482521 0.124268 0.483581 0.123779 0.488347 0.124512 0.487288 0.125977 0.490466 0.123291 0.495763 0.123535 0.497881 0.121826 0.496822 0.120117 0.493114 0.118164 0.493114 0.121582 0.496822 0.122803 0.501059 0.124023 0.500530 0.124756 0.502119 0.124023 0.503708 0.124512 0.505826 0.123779 0.511653 0.123047 0.513242 0.121826 0.511653 0.119385 0.513771 0.118896 0.512182 0.120605 0.511653 0.120605 0.510064 0.117676 0.511653 0.116943 0.510064 0.117432 0.507945 0.118164 0.508475 0.115967 0.506886 0.114990 0.508475 0.116699 0.509004 0.117676 0.512182 0.122314 0.516419 0.122559 0.513242 0.124756 0.515360 0.124023 0.510064 0.126953 0.506356 0.127197 0.508475 0.125488 0.511653 0.127686 0.515360 0.125000 0.517479 0.125000 0.519068 0.128418 0.517479 0.127441 0.516419 0.129150 0.507945 0.128662 0.503178 0.126709 0.503178 0.125244 0.500000 0.125977 0.497881 0.128418 0.497352 0.128906 0.498411 0.127930 0.501589 0.129639 0.500530 0.128906 0.497352 0.129639 0.495763 0.129395 0.490996 0.132080 0.486758 0.134521 0.488877 0.134277 0.485699 0.135986 0.485169 0.134521 0.483051 0.135742 0.482521 0.135254 0.481462
1 0.763916 0.475106 0.769043 0.488347 0.766846 0.492055 0.770020 0.492055 0.769043 0.495763 0.766113 0.494174 0.769531 0.500530 0.765381 0.510593 0.761963 0.511653 0.758057 0.505297 0.756348 0.506886 0.763916 0.515360 0.760742 0.514831 0.762695 0.518538 0.760254 0.524894 0.765625 0.522775 0.762451 0.520657 0.764404 0.515360 0.762451 0.511653 0.764648 0.510593 0.764893 0.513242 0.766846 0.510064 0.770020 0.529661 0.766602 0.527013 0.771240 0.534958 0.774170 0.550847 0.779785 0.564619 0.775391 0.564619 0.779541 0.566737 0.782715 0.574682 0.783936 0.573623 0.780273 0.565678 0.781494 0.562500 0.783936 0.564619 0.786377 0.574153 0.787598 0.569386 0.786133 0.565678 0.790039 0.571504 0.791260 0.570445 0.789551 0.567267 0.797119 0.565678 0.796631 0.561441 0.793945 0.563030 0.792969 0.559852 0.793213 0.564619 0.787354 0.565678 0.787354 0.559322 0.784180 0.557203 0.784912 0.553496 0.783203 0.557203 0.780762 0.550847 0.783203 0.559852 0.779785 0.563030 0.774658 0.551377 0.771484 0.534428 0.776855 0.543432 0.770508 0.529661 0.769531 0.521716 0.780273 0.549258 0.770264 0.522246 0.770264 0.496822 0.774414 0.502648 0.770264 0.495233 0.777100 0.493114 0.780029 0.497352 0.777832 0.492585 0.781738 0.492055 0.773193 0.490996 0.775879 0.488877 0.773682 0.488347 0.772461 0.482521 0.777832 0.485699 0.774414 0.480403 0.775879 0.478814 0.770264 0.479343 0.770996 0.483051 0.769043 0.486758 0.767822 0.483051 0.770508 0.481992
1 0.291016 0.474576 0.290039 0.474576 0.289551 0.475636 0.289795 0.476695 0.289062 0.477754 0.289062 0.478814 0.290039 0.480403 0.291748 0.478284 0.291748 0.476695 0.291016 0.477754 0.290771 0.476165 0.291260 0.475636
1 0.228760 0.474576 0.227539 0.476695 0.227295 0.478814 0.226318 0.480403 0.225586 0.480403 0.225098 0.479343 0.225342 0.478284 0.226074 0.478284 0.225342 0.477225 0.225098 0.480932 0.226318 0.481462 0.227539 0.480403
1 0.165039 0.477754 0.166016 0.479343 0.167725 0.479343 0.167969 0.481992 0.169189 0.479343 0.168701 0.477754 0.167725 0.477225 0.167725 0.474576 0.166992 0.474576 0.166504 0.475636 0.166504 0.479343 0.165527 0.477754 0.165527 0.476695
1 0.142578 0.474576 0.143066 0.474576 0.144287 0.478284 0.142334 0.478814 0.142090 0.476695 0.142090 0.480403 0.141602 0.481462 0.142090 0.484640 0.143311 0.484110 0.143555 0.485699 0.144287 0.485699 0.144531 0.484640 0.145752 0.484640 0.145508 0.483581 0.144043 0.483581 0.144287 0.476695 0.143799 0.476165 0.143799 0.474576
1 0.287598 0.483051 0.287598 0.484640 0.288086 0.485169 0.288086 0.486758 0.289062 0.488347 0.289062 0.489936 0.290283 0.489936 0.290527 0.488877 0.291260 0.488877 0.291992 0.486758 0.292725 0.486758 0.292480 0.486229 0.293213 0.485699 0.293457 0.486758 0.294189 0.486758 0.294922 0.488347 0.294922 0.490996 0.295410 0.490466 0.296387 0.493114 0.296631 0.492585 0.296143 0.491525 0.296631 0.490996 0.296875 0.487818 0.297363 0.488877 0.298096 0.488877 0.298340 0.487818 0.300293 0.487818 0.300537 0.486758 0.300537 0.483051 0.298828 0.483051 0.298096 0.485169 0.297119 0.485699 0.296631 0.483581 0.297119 0.481992 0.297607 0.482521 0.297607 0.476695 0.297119 0.479873 0.295898 0.479873 0.295166 0.478284 0.295166 0.474576 0.294678 0.474576 0.294189 0.476165 0.293945 0.474047 0.292969 0.474576 0.292969 0.475636 0.293945 0.476695 0.294189 0.479343 0.293457 0.480932 0.292969 0.484110 0.291992 0.484110 0.291748 0.487288 0.289062 0.487288 0.288818 0.483051
1 0.478027 0.472458 0.477539 0.472458 0.476318 0.475106 0.475830 0.474576 0.476562 0.476165 0.475830 0.477754 0.475098 0.477754 0.475098 0.478814 0.476318 0.478284 0.477539 0.481462 0.477783 0.479873 0.477295 0.479873 0.476807 0.477754 0.477539 0.475106 0.478271 0.475636
1 0.764893 0.472458 0.765625 0.473517 0.765869 0.472458 0.766357 0.473517 0.766113 0.474576 0.767578 0.478284 0.767578 0.475636 0.769287 0.477225 0.767822 0.474576 0.767334 0.474576 0.766846 0.472458
1 0.378662 0.471928 0.377930 0.472987 0.378662 0.475106 0.378418 0.478284 0.379395 0.483051 0.378906 0.479873 0.379395 0.478814 0.379883 0.479343 0.379639 0.474576
1 0.712402 0.471398 0.711914 0.472458 0.711426 0.471398 0.711426 0.473517 0.709473 0.474576 0.709473 0.476165 0.708984 0.477225 0.708252 0.477225 0.708252 0.478814 0.709473 0.479343 0.710205 0.480932 0.710205 0.482521 0.710693 0.482521 0.710693 0.477754 0.710205 0.476695 0.711182 0.474576 0.711914 0.475636 0.711426 0.477225 0.711914 0.478284 0.712646 0.476695 0.713135 0.476695 0.711914 0.474576 0.712402 0.474047
1 0.750000 0.470869 0.749512 0.471928 0.750732 0.475106 0.750000 0.476695 0.750732 0.477754 0.750488 0.481462 0.751709 0.483581 0.752197 0.485699 0.753418 0.486229 0.754395 0.485169 0.753906 0.485169 0.753662 0.483581 0.752930 0.484640 0.752441 0.483051 0.752686 0.484110 0.752197 0.484640 0.751221 0.482521 0.751221 0.481462 0.750732 0.480932 0.750732 0.478814 0.750977 0.478284 0.751953 0.480403 0.751709 0.480932 0.752686 0.479873 0.752686 0.478814 0.752197 0.478814 0.752441 0.477754 0.751953 0.476695 0.751465 0.477754 0.751221 0.477225 0.751221 0.475636 0.750244 0.473517 0.750732 0.472987 0.751465 0.474576 0.750732 0.472458 0.750000 0.471928
1 0.858887 0.470339 0.858398 0.471398 0.858398 0.474047 0.857910 0.475106 0.859375 0.477754 0.859375 0.482521 0.858887 0.483581 0.858154 0.483051 0.858398 0.485699 0.857422 0.487818 0.860107 0.489407 0.861084 0.488347 0.862549 0.488347 0.863525 0.490466 0.864990 0.490996 0.864502 0.488877 0.863525 0.488877 0.862793 0.487288 0.864502 0.486229 0.863770 0.486229 0.862793 0.483051 0.861084 0.483051 0.860107 0.480403 0.859863 0.478814 0.860107 0.476695 0.860596 0.476165 0.860596 0.474576 0.860352 0.475106 0.859375 0.473517
1 0.706055 0.470869 0.707520 0.473517 0.707031 0.475636 0.708496 0.475636 0.708740 0.474576 0.708008 0.475636 0.707520 0.473517 0.708252 0.472987 0.708984 0.470869 0.710205 0.470869 0.710449 0.469809 0.709473 0.469280 0.707764 0.470869 0.707520 0.469280 0.707275 0.470339 0.706055 0.469280
1 0.684814 0.470339 0.683838 0.470869 0.683838 0.469280 0.682373 0.470339 0.682129 0.472987 0.682617 0.474047 0.682129 0.474576 0.683105 0.476695 0.682617 0.477754 0.681152 0.477225 0.683350 0.478284 0.683594 0.476165 0.684326 0.477225 0.683594 0.476165 0.683350 0.473517 0.684082 0.471398 0.684814 0.471398
1 0.864258 0.468220 0.864258 0.470339 0.865479 0.471928 0.866211 0.474047 0.866699 0.471928 0.867188 0.472987 0.867188 0.474576 0.867188 0.473517 0.867920 0.472987 0.867920 0.470869 0.866943 0.471398 0.866211 0.470339 0.866455 0.469280 0.867432 0.469809 0.867188 0.468750 0.864746 0.469280
1 0.275879 0.468220 0.274902 0.470339 0.274902 0.471928 0.273926 0.473517 0.275391 0.474576 0.276123 0.477225 0.276123 0.480403 0.276855 0.480403 0.276123 0.477754 0.276367 0.477225 0.277344 0.478284 0.277588 0.482521 0.279053 0.479343 0.278320 0.477754 0.278809 0.476695 0.279541 0.477225 0.279541 0.475106 0.280029 0.476165 0.280518 0.475106 0.278564 0.475106 0.278320 0.474047 0.277344 0.474576 0.277100 0.472458 0.276367 0.470869 0.277100 0.469280 0.276367 0.469280 0.276123 0.468750 0.276611 0.468220
1 0.828125 0.467161 0.828613 0.469280 0.828125 0.469809 0.828125 0.470869 0.829590 0.470869 0.830811 0.473517 0.830566 0.474576 0.829834 0.473517 0.829590 0.474047 0.830566 0.475106 0.830322 0.476165 0.831055 0.476165 0.831787 0.474576 0.831787 0.473517 0.830322 0.472458 0.829346 0.470339 0.829590 0.467161
1 0.798096 0.472458 0.799561 0.475636 0.802979 0.479343 0.804932 0.479873 0.806641 0.483051 0.806152 0.484640 0.807617 0.484640 0.806885 0.487818 0.808350 0.488877 0.809326 0.492585 0.808838 0.493114 0.807129 0.490466 0.807373 0.489407 0.806641 0.489936 0.807129 0.491525 0.806152 0.491525 0.805176 0.486229 0.804688 0.487818 0.805176 0.489936 0.803955 0.491525 0.803223 0.494703 0.803955 0.498411 0.806152 0.500000 0.805908 0.498941 0.807129 0.495233 0.808838 0.495233 0.808838 0.493644 0.809570 0.493114 0.808594 0.488877 0.810303 0.488877 0.811279 0.487818 0.811035 0.486758 0.812012 0.487288 0.811035 0.486758 0.811035 0.485169 0.812256 0.484640 0.813477 0.487818 0.814697 0.487818 0.813965 0.487818 0.813232 0.485699 0.814209 0.483581 0.815186 0.484640 0.814697 0.483581 0.814941 0.482521 0.816162 0.482521 0.816406 0.485699 0.819092 0.485699 0.818115 0.483051 0.818848 0.480403 0.819336 0.481462 0.821289 0.481462 0.821045 0.479873 0.821777 0.478284 0.823486 0.479343 0.820557 0.476695 0.820312 0.478284 0.819824 0.477754 0.820068 0.474576 0.818359 0.476165 0.816162 0.476695 0.815430 0.477754 0.815674 0.478814 0.814697 0.477225 0.814209 0.478284 0.815430 0.480403 0.814209 0.480932 0.814941 0.481462 0.814209 0.483581 0.813232 0.482521 0.813477 0.481462 0.812988 0.481992 0.811768 0.480403 0.811279 0.482521 0.811768 0.482521 0.812012 0.484110 0.811523 0.485169 0.809570 0.485169 0.807617 0.480932 0.804443 0.477225 0.804199 0.475636 0.803467 0.476165 0.802002 0.472987 0.802979 0.470339 0.800293 0.466631 0.801025 0.468750 0.799316 0.468220
1 0.042480 0.466631 0.042480 0.468750 0.041016 0.471398 0.041504 0.472458 0.041016 0.473517 0.041016 0.475106 0.041992 0.474047 0.043457 0.475106 0.042725 0.474047 0.042480 0.472458
1 0.294678 0.466102 0.294922 0.467691 0.295654 0.467691 0.295898 0.468750 0.295166 0.470339 0.294434 0.470339 0.294434 0.471928 0.294922 0.470869 0.295410 0.471928 0.296143 0.471928 0.296387 0.472987 0.297119 0.471928 0.297607 0.474047 0.297363 0.471398 0.297852 0.469809 0.298584 0.469280 0.299561 0.470869 0.300049 0.470869 0.300293 0.469809 0.300537 0.470339 0.300537 0.468220 0.300049 0.469280 0.297363 0.469280 0.296875 0.470339 0.296631 0.466631 0.295166 0.467161
1 0.388428 0.466102 0.385986 0.466102 0.385986 0.467691 0.386475 0.468220 0.386719 0.470339 0.385742 0.470869 0.385254 0.469280 0.384766 0.470339 0.384521 0.472987 0.384521 0.469280 0.383789 0.471928 0.383545 0.471398 0.383789 0.468220 0.383545 0.471398 0.384033 0.475636 0.384766 0.476165 0.385254 0.479343 0.385742 0.479343 0.385010 0.476695 0.385742 0.472458 0.386719 0.470869 0.387207 0.470869 0.387451 0.471928 0.388916 0.469809 0.389893 0.470339 0.389404 0.468220 0.387695 0.470339 0.387207 0.469809
1 0.787354 0.465042 0.787842 0.466631 0.786377 0.469280 0.785889 0.466102 0.785400 0.467691 0.785645 0.470869 0.786377 0.470869 0.785889 0.473517 0.787109 0.469809 0.788330 0.471398 0.792236 0.470869 0.792969 0.474047 0.791992 0.473517 0.791504 0.474047 0.791992 0.475636 0.790771 0.476165 0.789062 0.472987 0.790527 0.476165 0.790283 0.477225 0.787109 0.474576 0.788086 0.478284 0.790039 0.478284 0.789307 0.479873 0.789795 0.481992 0.788574 0.479873 0.787109 0.479873 0.785645 0.475636 0.785645 0.477225 0.786377 0.477754 0.785889 0.478814 0.784668 0.477754 0.783447 0.478814 0.784180 0.480932 0.785400 0.480932 0.785156 0.482521 0.781738 0.483581 0.781982 0.484640 0.782959 0.484110 0.783203 0.486758 0.783936 0.486229 0.784424 0.489407 0.786133 0.491525 0.785645 0.497352 0.784668 0.495763 0.784912 0.494174 0.782715 0.490466 0.781982 0.486229 0.781494 0.487288 0.783936 0.495233 0.787598 0.500530 0.786133 0.497352 0.786133 0.492055 0.786865 0.491525 0.791504 0.496292 0.791504 0.494703 0.789551 0.490466 0.791992 0.490996 0.791016 0.489407 0.790039 0.490466 0.789551 0.488347 0.791260 0.487288 0.792969 0.490996 0.791260 0.483051 0.795166 0.481992 0.794678 0.480932 0.794434 0.481992 0.790527 0.480403 0.790039 0.478284 0.793701 0.477754 0.796875 0.480932 0.796143 0.479873 0.796387 0.478284 0.799072 0.479873 0.797852 0.477225 0.799316 0.476695 0.796387 0.474576 0.796143 0.472458 0.795166 0.473517 0.792969 0.472458 0.792725 0.470339 0.793701 0.469280 0.793457 0.467691 0.791992 0.468220 0.792480 0.469280 0.791992 0.469809 0.791504 0.468220 0.789062 0.468220 0.788818 0.466102
1 0.047363 0.465042 0.046387 0.466631 0.045166 0.466102 0.044678 0.466631 0.044922 0.467691 0.044189 0.469280 0.043945 0.468750 0.044678 0.469809 0.044922 0.469280 0.044434 0.468750 0.045166 0.467691 0.047119 0.468220 0.046631 0.475636 0.046143 0.477225 0.046387 0.478284 0.046875 0.476165 0.048096 0.476165 0.048828 0.474047 0.049561 0.473517 0.049072 0.472987 0.049072 0.469280 0.047852 0.469809 0.047363 0.468750
1 0.283447 0.465042 0.282959 0.463983 0.280762 0.463983 0.280518 0.465042 0.279297 0.465042 0.278320 0.467161 0.278320 0.472987 0.279541 0.471928 0.280029 0.472987 0.280762 0.472987 0.281006 0.474047 0.280762 0.466102
1 0.480469 0.462924 0.480713 0.465572 0.481445 0.466631 0.480713 0.468220 0.479980 0.467691 0.480225 0.466631 0.479004 0.467691 0.480469 0.468220 0.480713 0.469280 0.480225 0.471398 0.480957 0.471398 0.480469 0.472987 0.479492 0.472458 0.479004 0.470869 0.478516 0.471928 0.479248 0.471928 0.479492 0.473517 0.480225 0.472987 0.480469 0.474047 0.480957 0.472987 0.481689 0.472987 0.482178 0.474576 0.481445 0.476165 0.481934 0.476165 0.482422 0.474576 0.483154 0.475106 0.482178 0.474047 0.482178 0.472458 0.482666 0.471398 0.481689 0.469280 0.482178 0.468750 0.483154 0.470339 0.483643 0.469280 0.482666 0.469809 0.482178 0.468750 0.482666 0.467161 0.481934 0.467161
1 0.818848 0.461864 0.818848 0.465042 0.819336 0.465042 0.820801 0.467691 0.822510 0.468750 0.824219 0.471928 0.823242 0.474047 0.826904 0.474047 0.828369 0.474576 0.828857 0.475636 0.825684 0.476695 0.825195 0.477754 0.825439 0.478814 0.826904 0.480403 0.827881 0.479343 0.827393 0.477754 0.828369 0.476165 0.829346 0.478284 0.829834 0.477754 0.828857 0.475636 0.828857 0.474576 0.827637 0.474576 0.826416 0.472458 0.826416 0.471398 0.825439 0.471928 0.824951 0.470869 0.824219 0.470869 0.823486 0.468750 0.825439 0.468220 0.824463 0.466631 0.822021 0.467161 0.820801 0.465042 0.820801 0.462394
1 0.783691 0.461864 0.783447 0.463983 0.782471 0.466631 0.783691 0.466631 0.784424 0.468220 0.784912 0.467691 0.784912 0.466631 0.784424 0.465572 0.784424 0.462924
1 0.030273 0.461335 0.030518 0.463453 0.031250 0.463983 0.031006 0.466102 0.031250 0.465572 0.031738 0.466631 0.031006 0.469280 0.030518 0.468220 0.030762 0.469809 0.030273 0.470869 0.031982 0.470869 0.032227 0.470339 0.031738 0.469809 0.032715 0.468750 0.031738 0.467161 0.032227 0.465042 0.033203 0.463453 0.033203 0.462394 0.032715 0.461864 0.031738 0.463983 0.030762 0.461335
1 0.128418 0.460805 0.127197 0.460805 0.126953 0.461864 0.126465 0.461864 0.127441 0.462924 0.127441 0.464513 0.126709 0.466102 0.126465 0.468750 0.127441 0.466631 0.128662 0.467691 0.128662 0.466631 0.127686 0.465572 0.127930 0.463453 0.128662 0.462924 0.127441 0.462394
1 0.230225 0.459746 0.230225 0.460805 0.229248 0.462394 0.230225 0.462394 0.230713 0.463453 0.230713 0.467161 0.230225 0.468750 0.229004 0.469809 0.227783 0.468750 0.227539 0.473517 0.226807 0.475636 0.229248 0.469809 0.229980 0.469809 0.230713 0.468220 0.230957 0.462394
1 0.791504 0.462394 0.792236 0.462394 0.792725 0.464513 0.794922 0.465572 0.795166 0.466631 0.795654 0.465042 0.796631 0.465572 0.796875 0.467691 0.798584 0.467691 0.798340 0.466102 0.796875 0.466102 0.796631 0.462924 0.795898 0.462924 0.795410 0.461864 0.795654 0.460275 0.795166 0.460805 0.794189 0.458686 0.793945 0.461335 0.794922 0.461864 0.794434 0.462924 0.794434 0.463983 0.794922 0.464513 0.794678 0.465042 0.793945 0.465042 0.793701 0.462924 0.793213 0.463983 0.792480 0.462394
1 0.830566 0.459746 0.830811 0.460805 0.832031 0.461335 0.832764 0.462924 0.833740 0.462924 0.834229 0.460275 0.832520 0.458686 0.832764 0.457627 0.833984 0.457627 0.832031 0.457627 0.831787 0.459746
1 0.708008 0.458686 0.707764 0.460805 0.709473 0.460805 0.709473 0.462394 0.709961 0.463453 0.709961 0.461864 0.710449 0.461335 0.709229 0.460275 0.708984 0.459216 0.710449 0.458686 0.710693 0.457627 0.709229 0.457627 0.708740 0.459216
1 0.834717 0.459216 0.839600 0.459216 0.839600 0.458157 0.838623 0.458686 0.837402 0.457097 0.835693 0.457627 0.835693 0.459216
1 0.368652 0.456568 0.366943 0.457097 0.367188 0.459216 0.365967 0.461335 0.367432 0.459746 0.367920 0.460275 0.367676 0.467161 0.368408 0.467161 0.368408 0.462394 0.369141 0.462394 0.369629 0.465572 0.368896 0.466631 0.370117 0.466631 0.369385 0.460275 0.368164 0.460275 0.368164 0.458686 0.368896 0.457097
1 0.856934 0.455508 0.856934 0.458157 0.857666 0.459216 0.859131 0.458686 0.858643 0.455508
1 0.800781 0.458157 0.800781 0.459746 0.803223 0.462924 0.804443 0.462394 0.808594 0.465042 0.810791 0.465572 0.814697 0.469280 0.816406 0.468750 0.817139 0.470339 0.816406 0.473517 0.817383 0.471398 0.817627 0.469280 0.820068 0.470869 0.818115 0.468220 0.818115 0.466631 0.817627 0.466631 0.817383 0.468220 0.814697 0.468220 0.812744 0.466102 0.811035 0.465572 0.810791 0.464513 0.811279 0.463983 0.807861 0.463983 0.805176 0.461335 0.802979 0.460805 0.802002 0.458686 0.807129 0.455508 0.807617 0.456038 0.806641 0.455508
1 0.268555 0.456568 0.267822 0.455508 0.267090 0.457627 0.266846 0.455508 0.265625 0.454449 0.265137 0.455508 0.265625 0.457097 0.263672 0.457627 0.263672 0.460275 0.262939 0.461864 0.261963 0.461864 0.261475 0.459746 0.259766 0.460805 0.257568 0.466102 0.257812 0.467691 0.258789 0.466631 0.259766 0.468750 0.259033 0.470339 0.258301 0.469280 0.257812 0.470869 0.255615 0.472458 0.258057 0.471398 0.258057 0.475636 0.259033 0.471928 0.260742 0.471398 0.260986 0.472987 0.257324 0.478814 0.254883 0.480932 0.258057 0.478814 0.258301 0.479873 0.256104 0.483581 0.256836 0.484640 0.257080 0.488347 0.254639 0.490466 0.254395 0.488877 0.254639 0.492055 0.253906 0.494174 0.254395 0.495233 0.258057 0.493644 0.260010 0.491525 0.258545 0.490996 0.258057 0.489936 0.258301 0.488877 0.257324 0.488347 0.256836 0.485699 0.261230 0.478284 0.262451 0.479343 0.262207 0.480932 0.263916 0.478284 0.264404 0.478814 0.263672 0.481992 0.263916 0.484110 0.262451 0.485699 0.262207 0.487288 0.263916 0.488347 0.264404 0.484640 0.265381 0.482521 0.266357 0.483581 0.265869 0.490996 0.266846 0.487288 0.267822 0.487288 0.266602 0.485169 0.266846 0.482521 0.265625 0.481992 0.264893 0.479343 0.268799 0.476695 0.269287 0.478814 0.270264 0.477225 0.270264 0.475636 0.269287 0.476695 0.269043 0.473517 0.268311 0.473517 0.268555 0.472458 0.267822 0.471928 0.267822 0.470339 0.266846 0.472458 0.265869 0.469280 0.267334 0.467691 0.266846 0.463453 0.267334 0.462924 0.267334 0.457627
1 0.859863 0.452331 0.860596 0.452860 0.862305 0.456568 0.862793 0.456568 0.862793 0.457627 0.862061 0.458686 0.861328 0.457627 0.861328 0.459216 0.862305 0.461335 0.864990 0.462924 0.864990 0.461864 0.864502 0.461864 0.863770 0.459746 0.863770 0.457627 0.863037 0.456568 0.863281 0.454979 0.864014 0.454979 0.863525 0.453390 0.862793 0.453390 0.863037 0.452331 0.862305 0.452331 0.862061 0.453919 0.860840 0.452331
1 0.326172 0.452331 0.325684 0.453390 0.325684 0.457097 0.326904 0.457097 0.327148 0.460275 0.328125 0.462394 0.329346 0.462394 0.329590 0.463453 0.329102 0.464513 0.329346 0.463983 0.329590 0.465572 0.330566 0.465572 0.330811 0.465042 0.330566 0.465572 0.330078 0.464513 0.330322 0.462924 0.329346 0.462394 0.330322 0.460275 0.329590 0.459216 0.329834 0.454979 0.327637 0.454449 0.326904 0.452331
1 0.648438 0.458157 0.652344 0.456038 0.652344 0.453390 0.650635 0.454979 0.649658 0.451271 0.650146 0.455508
1 0.257568 0.451271 0.256836 0.451271 0.256592 0.452331 0.255859 0.452331 0.254639 0.454449 0.252441 0.454449 0.251465 0.452860 0.250977 0.453919 0.250977 0.455508 0.251465 0.453919 0.251953 0.453919 0.252441 0.455508 0.252197 0.458157 0.250977 0.458686 0.250244 0.461864 0.248535 0.465572 0.247559 0.465042 0.246582 0.468750 0.247070 0.469809 0.248291 0.466631 0.248779 0.466631 0.249268 0.472458 0.249512 0.470339 0.249023 0.469280 0.249023 0.466631 0.249512 0.465572 0.250244 0.466102 0.250244 0.462394 0.251953 0.459216 0.252197 0.460805 0.251465 0.462924 0.251465 0.471928 0.252197 0.471928 0.252686 0.470869 0.253418 0.465572 0.254883 0.466102 0.254883 0.468220 0.254395 0.469280 0.254639 0.470869 0.255127 0.465572 0.256104 0.463983 0.255371 0.463453 0.255371 0.457097 0.256348 0.453919 0.257080 0.453919 0.257080 0.457627 0.256592 0.458686 0.256836 0.461335 0.257568 0.461864 0.258057 0.459746 0.259033 0.459746 0.258057 0.459216 0.258545 0.455508 0.257568 0.454979
1 0.852295 0.451801 0.852783 0.451801 0.852783 0.452860 0.855225 0.452860 0.854980 0.451801 0.855469 0.450742 0.853027 0.450212
1 0.062500 0.449682 0.062500 0.451801 0.062012 0.452860 0.062988 0.453919 0.062744 0.454449 0.063232 0.456568 0.063477 0.454979 0.063965 0.455508 0.063965 0.457097 0.064453 0.457627 0.064453 0.459216 0.065430 0.461864 0.066406 0.458157 0.063232 0.452860 0.062988 0.451271 0.063721 0.449153 0.063965 0.450212 0.063965 0.448623
1 0.788818 0.447034 0.787109 0.447034 0.787109 0.448093 0.786621 0.448623 0.787842 0.448623 0.788574 0.450212 0.788574 0.451801 0.788086 0.452331 0.787598 0.451271 0.787354 0.453390 0.786621 0.453390 0.785889 0.451271 0.785156 0.451801 0.785400 0.452331 0.784668 0.453390 0.783936 0.451801 0.783936 0.450212 0.782227 0.450212 0.782227 0.451801 0.783691 0.453919 0.783447 0.454979 0.782715 0.454449 0.782715 0.456038 0.784424 0.455508 0.785156 0.457097 0.787842 0.457097 0.787598 0.456038 0.788330 0.454979 0.788330 0.452331 0.788818 0.451801
1 0.685791 0.445975 0.684570 0.445975 0.683350 0.449682 0.681152 0.448093 0.682617 0.450212 0.683594 0.450212 0.682861 0.451801 0.682861 0.453390 0.681152 0.453390 0.682129 0.455508 0.682129 0.457097 0.682617 0.457627 0.682617 0.460275 0.683105 0.461335 0.683350 0.453919 0.683838 0.452860 0.684814 0.452860 0.684814 0.450742 0.685791 0.447564
1 0.377930 0.445975 0.377930 0.448623 0.378418 0.448093 0.378906 0.449682 0.376953 0.450212 0.376953 0.451271 0.377930 0.450742 0.377686 0.453919 0.376221 0.451271 0.376465 0.450212 0.374756 0.449682 0.375732 0.448623 0.375977 0.447034 0.376465 0.448623 0.377197 0.448623 0.376465 0.447564 0.376709 0.447034 0.375244 0.447034 0.373291 0.453390 0.371826 0.455508 0.373047 0.456568 0.372070 0.459746 0.373291 0.459746 0.374023 0.461335 0.374268 0.463453 0.373535 0.463983 0.374023 0.465042 0.373291 0.466631 0.372314 0.465042 0.371582 0.465572 0.371826 0.468750 0.371094 0.470869 0.368652 0.473517 0.367188 0.472458 0.366943 0.474047 0.367920 0.474576 0.367920 0.476695 0.369141 0.478814 0.369629 0.477754 0.370117 0.480403 0.371826 0.476695 0.372559 0.477225 0.372803 0.479873 0.373047 0.478814 0.372314 0.475106 0.371338 0.476165 0.370605 0.475636 0.370850 0.477225 0.370361 0.477754 0.369141 0.474576 0.371338 0.471398 0.371826 0.473517 0.372314 0.472458 0.371826 0.469280 0.372559 0.467691 0.374268 0.468750 0.374512 0.469809 0.373047 0.474047 0.375000 0.479343 0.376221 0.486229 0.375732 0.483051 0.376709 0.476695 0.376953 0.477225 0.376709 0.470869 0.377197 0.469280 0.376221 0.467161 0.376221 0.473517 0.375732 0.474047 0.375244 0.471398 0.375000 0.474576 0.374268 0.475106 0.374023 0.472458 0.375000 0.468750 0.374268 0.468750 0.373779 0.467161 0.375000 0.460275 0.374512 0.456568 0.376221 0.456038 0.376465 0.454449 0.375732 0.453390 0.375977 0.451801 0.376465 0.451801 0.377930 0.456038 0.378662 0.456038 0.379150 0.458686 0.379639 0.457627 0.378662 0.454979 0.378418 0.451271 0.380127 0.448093
1 0.323975 0.447034 0.324463 0.448623 0.326416 0.448623 0.327148 0.446504 0.327637 0.448623 0.328369 0.449153 0.327148 0.446504 0.325928 0.446504 0.325439 0.447564 0.324219 0.445445
1 0.460449 0.444915 0.459961 0.444915 0.460205 0.446504 0.459473 0.447564 0.458008 0.447034 0.458008 0.453919 0.458740 0.455508 0.458252 0.452331 0.459717 0.448093 0.460449 0.449153 0.460693 0.450742 0.460205 0.452860 0.461182 0.452860 0.461182 0.448623 0.460693 0.447034 0.460938 0.445975
1 0.601807 0.444386 0.601074 0.447564 0.601318 0.457097 0.602295 0.454979 0.602295 0.451801 0.601562 0.449153
1 0.753174 0.443856 0.753418 0.445445 0.752930 0.447034 0.753906 0.447564 0.755615 0.452860 0.756592 0.452860 0.755371 0.448623 0.755615 0.447564 0.756104 0.447564 0.758057 0.451271 0.758301 0.453919 0.758789 0.453919 0.758057 0.451271 0.758545 0.445975 0.758301 0.448093 0.757324 0.449153 0.755371 0.444915 0.754395 0.445975 0.753662 0.443856
1 0.834229 0.444386 0.832520 0.443326 0.833008 0.444386 0.832764 0.445445 0.831299 0.447034 0.828613 0.447564 0.827881 0.448623 0.826660 0.448623 0.823730 0.445445 0.823242 0.445975 0.823975 0.448093 0.823730 0.449682 0.823975 0.450212 0.824219 0.448093 0.825439 0.449682 0.823730 0.453390 0.823242 0.453390 0.823242 0.454979 0.824951 0.453919 0.825195 0.452860 0.825928 0.452860 0.825195 0.452331 0.825439 0.451271 0.826904 0.451801 0.826416 0.450212 0.826660 0.448623 0.827881 0.449153 0.828857 0.448093 0.829834 0.448623 0.830078 0.449682 0.829346 0.451271 0.828125 0.451271 0.827881 0.450212 0.827881 0.457097 0.830811 0.457097 0.831543 0.454979 0.834473 0.454979 0.834961 0.454449 0.833740 0.451801 0.833496 0.452860 0.831299 0.452860 0.831543 0.451801 0.832764 0.451271 0.832031 0.451801 0.831299 0.450742 0.831787 0.450212 0.831787 0.447034 0.833252 0.444386
1 0.062988 0.443326 0.061523 0.444915 0.061279 0.445975 0.060059 0.446504 0.059814 0.449153 0.058350 0.452331 0.058350 0.453919 0.055176 0.458686 0.053711 0.458686 0.052979 0.457627 0.052979 0.460275 0.055420 0.458686 0.056152 0.459746 0.055176 0.460275 0.056641 0.460805 0.056641 0.463453 0.055176 0.463983 0.054932 0.465042 0.054688 0.463983 0.054199 0.466102 0.054688 0.467161 0.054688 0.468750 0.055664 0.469280 0.055664 0.470869 0.055908 0.466102 0.055176 0.466102 0.054932 0.465042 0.056885 0.464513 0.057373 0.463453 0.058105 0.465042 0.057617 0.466102 0.057617 0.469809 0.058594 0.471928 0.059082 0.471928 0.059326 0.470339 0.060059 0.470869 0.059570 0.471928 0.060059 0.470869 0.060303 0.471928 0.060791 0.469280 0.060303 0.469280 0.059570 0.466631 0.059326 0.469280 0.059082 0.467691 0.058105 0.466102 0.059082 0.465572 0.058105 0.458686 0.058594 0.456568 0.059326 0.456038 0.059082 0.454979 0.059570 0.453919 0.061035 0.452860 0.060059 0.451801 0.060059 0.448623 0.060547 0.448093 0.060547 0.446504 0.062744 0.444386
1 0.058350 0.443856 0.056885 0.441737 0.056396 0.441737 0.057373 0.443326 0.057129 0.444915 0.055420 0.444386 0.054443 0.442797 0.054443 0.441737 0.053467 0.443326 0.053223 0.442797 0.053467 0.443856 0.055176 0.444915 0.055176 0.446504 0.054688 0.447564 0.054932 0.448093 0.054932 0.447034 0.055420 0.446504 0.056152 0.448623 0.055664 0.451271 0.055908 0.452331 0.055420 0.453390 0.054199 0.453390 0.053467 0.452331 0.053467 0.450742 0.053955 0.449682 0.054199 0.450742 0.055176 0.450742 0.054688 0.450742 0.053955 0.449153 0.053467 0.450742 0.052979 0.449153 0.052246 0.449153 0.052979 0.449682 0.053467 0.451801 0.052490 0.453390 0.049316 0.454449 0.048340 0.458157 0.049316 0.458157 0.050293 0.456038 0.052490 0.456038 0.054443 0.453919 0.056641 0.453390 0.057129 0.452331 0.056641 0.450742 0.056885 0.449153 0.055908 0.447564 0.057373 0.445975 0.058105 0.448623 0.058594 0.447034
1 0.260254 0.440678 0.261475 0.443326 0.261719 0.446504 0.262939 0.446504 0.263672 0.448093 0.263428 0.449153 0.261230 0.449153 0.261719 0.450742 0.262207 0.449682 0.263916 0.449682 0.264160 0.450742 0.265381 0.450742 0.265381 0.449153 0.266602 0.448093 0.267090 0.449682 0.267822 0.449682 0.267578 0.450742 0.268311 0.449682 0.267578 0.447564 0.267822 0.445975 0.267334 0.445445 0.267334 0.443856 0.266113 0.443856 0.265625 0.444915 0.265625 0.446504 0.264648 0.447034 0.264404 0.445975 0.263428 0.445445 0.263916 0.444915 0.262939 0.442797 0.261719 0.442797 0.261230 0.440678
1 0.217041 0.442267 0.217529 0.443326 0.216797 0.444386 0.218750 0.444386 0.219238 0.445445 0.219238 0.447564 0.220703 0.448623 0.218994 0.444386 0.219482 0.443326 0.219971 0.443856 0.220947 0.441208 0.220215 0.441208 0.219238 0.439619 0.218506 0.442267
1 0.849121 0.438559 0.849121 0.440148 0.850098 0.441737 0.850098 0.442797 0.851318 0.442267 0.853271 0.444386 0.852783 0.445445 0.852051 0.445445 0.852539 0.445975 0.852539 0.447034 0.853027 0.445445 0.854004 0.444915 0.855713 0.448623 0.854736 0.444915 0.854980 0.444386 0.857178 0.445975 0.857178 0.444915 0.857666 0.444386 0.857178 0.441208 0.856201 0.441737 0.856689 0.442797 0.856689 0.444386 0.856201 0.444915 0.854980 0.442797 0.854980 0.441737 0.853516 0.441208 0.854004 0.441208 0.854492 0.442797 0.854248 0.443856 0.853516 0.442797 0.852295 0.439089 0.850586 0.439089 0.849854 0.438030
1 0.372803 0.438030 0.373047 0.439619 0.372314 0.440678 0.373291 0.441208 0.373291 0.446504 0.371582 0.450212 0.372314 0.450212 0.373779 0.448093 0.373779 0.444915 0.373291 0.444386 0.373779 0.440678
1 0.596436 0.436441 0.596436 0.437500 0.595215 0.439619 0.593994 0.443326 0.595215 0.442267 0.595459 0.440148 0.596191 0.439089 0.596680 0.441737 0.596191 0.443326 0.597412 0.444386 0.597168 0.439619 0.596924 0.440678 0.596436 0.440148
1 0.154541 0.460275 0.152344 0.462924 0.151367 0.459746 0.147705 0.457097 0.148193 0.453919 0.149658 0.454449 0.151123 0.450742 0.149658 0.450212 0.149170 0.453390 0.145996 0.450212 0.146484 0.452331 0.145752 0.453390 0.145020 0.450212 0.147217 0.448093 0.144287 0.446504 0.144531 0.449153 0.143555 0.450742 0.142822 0.444386 0.141846 0.446504 0.142578 0.447564 0.142334 0.451271 0.139648 0.445445 0.142090 0.440678 0.143555 0.441208 0.142334 0.439089 0.143799 0.436441 0.141113 0.436970 0.139404 0.440678 0.139893 0.442797 0.138672 0.445975 0.135742 0.445445 0.138184 0.440148 0.135742 0.444386 0.132324 0.444915 0.130615 0.449153 0.128906 0.447564 0.132324 0.441737 0.127686 0.447564 0.127686 0.449682 0.129395 0.451271 0.127197 0.458686 0.129395 0.453919 0.130615 0.457627 0.129883 0.456568 0.130859 0.453390 0.130371 0.451801 0.131836 0.452860 0.131104 0.461335 0.132812 0.462924 0.132812 0.465572 0.131836 0.466631 0.133301 0.466102 0.133301 0.474576 0.135498 0.478284 0.134521 0.475106 0.135986 0.472458 0.135986 0.466102 0.134277 0.470869 0.134277 0.466102 0.133057 0.463453 0.134033 0.460805 0.134521 0.464513 0.135498 0.461335 0.136230 0.451801 0.136719 0.454979 0.140381 0.454979 0.142334 0.451801 0.145996 0.455508 0.145752 0.457097 0.143066 0.455508 0.143066 0.466102 0.140381 0.460805 0.139404 0.465572 0.140137 0.467691 0.141113 0.466631 0.142578 0.470869 0.143311 0.470869 0.144043 0.465572 0.144531 0.468750 0.145508 0.466631 0.145996 0.470869 0.144531 0.471398 0.144531 0.474047 0.145996 0.474576 0.145020 0.477754 0.145508 0.481462 0.148193 0.479873 0.148438 0.475636 0.152100 0.474047 0.151367 0.470339 0.149170 0.468220 0.150635 0.467691 0.151367 0.463983 0.153076 0.464513
1 0.472656 0.435381 0.473145 0.438030 0.472656 0.439619 0.473145 0.441737 0.473633 0.442267 0.473877 0.440678 0.474365 0.441208 0.474121 0.445445 0.474365 0.442267 0.474854 0.441737 0.474365 0.440148 0.475098 0.439619 0.475586 0.438030 0.474365 0.439089 0.473633 0.438030 0.473877 0.436970
1 0.068848 0.435381 0.068359 0.435381 0.068115 0.436441 0.066895 0.436441 0.066895 0.437500 0.067139 0.436970 0.067871 0.439089 0.068115 0.438559 0.068848 0.441208 0.068359 0.441737 0.065430 0.440678 0.065430 0.443326 0.066162 0.443326 0.066406 0.441208 0.068359 0.441737 0.068115 0.442797 0.066895 0.443326 0.069092 0.443326 0.069092 0.441737 0.069580 0.440678 0.068848 0.439619
1 0.364014 0.433792 0.362305 0.438030 0.361328 0.439089 0.361328 0.443856 0.360596 0.444915 0.360840 0.445445 0.362061 0.445445 0.361572 0.442797 0.361816 0.439619 0.363525 0.436441
1 0.487061 0.435911 0.486572 0.434852 0.486084 0.435911 0.485107 0.433263 0.482178 0.436441 0.481445 0.434852 0.482178 0.436970 0.482178 0.438559 0.482178 0.436970 0.482666 0.435911 0.483887 0.435911 0.484375 0.437500 0.483887 0.440148 0.484131 0.440678 0.484375 0.438030 0.484863 0.438030 0.485352 0.436441 0.485840 0.436441 0.486328 0.438030 0.487061 0.438030
1 0.370850 0.433263 0.369873 0.433792 0.368652 0.438030 0.369141 0.440148 0.370361 0.442267 0.370361 0.440678 0.369873 0.440148 0.369873 0.435381
1 0.767822 0.432733 0.767334 0.432203 0.767578 0.436441 0.767090 0.437500 0.766113 0.436441 0.765381 0.438030 0.764648 0.438030 0.764160 0.440148 0.763428 0.439619 0.762939 0.440678 0.762451 0.440148 0.761963 0.437500 0.762451 0.436441 0.763184 0.436970 0.765381 0.434852 0.765381 0.432733 0.764893 0.433792 0.764160 0.433263 0.764648 0.433792 0.764404 0.434852 0.762695 0.434322 0.763428 0.435381 0.762939 0.436441 0.761719 0.436441 0.762207 0.439619 0.760498 0.441737 0.761475 0.442267 0.761963 0.441208 0.762939 0.442797 0.762939 0.441208 0.764160 0.441208 0.764160 0.443856 0.766602 0.438559 0.767090 0.438559 0.767822 0.441208 0.768311 0.439619 0.768311 0.437500 0.767822 0.439089 0.767334 0.438030 0.767822 0.435911
1 0.229980 0.434322 0.228027 0.434322 0.227295 0.435381 0.226807 0.433792 0.227295 0.432203 0.226318 0.435381 0.223145 0.434852 0.224365 0.434852 0.224609 0.435911 0.226318 0.435911 0.226807 0.440148 0.228027 0.440148 0.228027 0.438030 0.227539 0.437500 0.228516 0.435911 0.228516 0.434852
1 0.369385 0.431674 0.368652 0.432733 0.366943 0.432203 0.366943 0.433792 0.365479 0.435381 0.364258 0.440148 0.364990 0.440148 0.364502 0.439619 0.364990 0.438030 0.365479 0.439089 0.365967 0.436441 0.367188 0.434852 0.368164 0.434852 0.369141 0.433263
1 0.587646 0.430085 0.585938 0.430085 0.585938 0.432203 0.585449 0.432203 0.585693 0.432733 0.584961 0.433792 0.584473 0.433263 0.584961 0.432203 0.584473 0.432203 0.584717 0.434852 0.583984 0.436441 0.584473 0.437500 0.583984 0.439089 0.585205 0.439089 0.585449 0.440678 0.586182 0.440148 0.585693 0.439619 0.585693 0.435381 0.584717 0.434852 0.585693 0.432733 0.586670 0.435911 0.586670 0.432203 0.587158 0.431674 0.587646 0.433792
1 0.526367 0.429025 0.525146 0.429025 0.524658 0.430085 0.523926 0.430085 0.523438 0.429025 0.523438 0.438030 0.522461 0.438559 0.521973 0.437500 0.521484 0.438559 0.521973 0.438559 0.521729 0.440678 0.520508 0.440678 0.520264 0.439619 0.520752 0.438559 0.519775 0.439619 0.520508 0.440678 0.520508 0.445445 0.521973 0.447564 0.523438 0.447564 0.524414 0.444386 0.524658 0.442267 0.524170 0.442267 0.523682 0.443856 0.522949 0.442797 0.524414 0.439619 0.524902 0.441208 0.525879 0.440148 0.525146 0.440148 0.525146 0.438030 0.525635 0.436970 0.525391 0.435911 0.525879 0.434852 0.525391 0.435381 0.525146 0.434322 0.524414 0.434322 0.524170 0.435381 0.523926 0.433792 0.524658 0.431144 0.525146 0.432203 0.525146 0.429555
1 0.412598 0.429025 0.412842 0.431674 0.413574 0.431674 0.413330 0.430614 0.413818 0.429555 0.414795 0.431674 0.414551 0.433792 0.415039 0.434322 0.415039 0.435911 0.415527 0.436441 0.415527 0.438030 0.416504 0.440678 0.415527 0.444386 0.416016 0.445445 0.418213 0.445445 0.417969 0.444915 0.418457 0.443856 0.419189 0.444386 0.419434 0.443326 0.418457 0.441208 0.418945 0.442797 0.418701 0.443856 0.417725 0.443856 0.416992 0.442267 0.418213 0.440148 0.418213 0.438559 0.418701 0.437500 0.418701 0.434322 0.418213 0.433792 0.418213 0.431674 0.416504 0.431144 0.416260 0.430085 0.414551 0.430085 0.413574 0.427966 0.413330 0.429025
1 0.382324 0.426907 0.380859 0.426907 0.380859 0.433263 0.381104 0.432203 0.381348 0.433263 0.382080 0.431674
1 0.058838 0.427966 0.057617 0.427966 0.057129 0.426907 0.057129 0.427966 0.056641 0.427966 0.056885 0.429025 0.056152 0.429555 0.055908 0.431144 0.055176 0.431144 0.055664 0.432203 0.055664 0.433792 0.055176 0.434322 0.055176 0.435381 0.055664 0.435381 0.055664 0.436970 0.054932 0.437500 0.054688 0.440148 0.056396 0.436970 0.055664 0.435911 0.055664 0.433792 0.056641 0.431674 0.057129 0.431674 0.056885 0.430085
1 0.366455 0.426377 0.365479 0.427966 0.364014 0.429025 0.363525 0.428496 0.362793 0.430085 0.360840 0.431674 0.361328 0.432203 0.360840 0.433263 0.361572 0.433263 0.362061 0.434852 0.364014 0.430614 0.364746 0.432203 0.364746 0.433792 0.365723 0.432203 0.364990 0.430085 0.366211 0.427966
1 0.672852 0.429555 0.673096 0.431144 0.673828 0.431674 0.673584 0.430614 0.674072 0.429555 0.673584 0.430085 0.673340 0.429025 0.674316 0.427436 0.675049 0.427436 0.675537 0.428496 0.675537 0.429555 0.674805 0.430614 0.675293 0.431674 0.676025 0.429025 0.678467 0.429555 0.679443 0.427966 0.677979 0.428496 0.677734 0.426907 0.675781 0.426907 0.675293 0.427966 0.674316 0.426377 0.674561 0.425318 0.673828 0.424788 0.673340 0.425847 0.673340 0.428496
1 0.256104 0.424788 0.255371 0.424788 0.254883 0.425847 0.254883 0.430085 0.255371 0.431674 0.253906 0.432203 0.253906 0.433792 0.253418 0.434322 0.253906 0.435381 0.253906 0.436970 0.252441 0.439619 0.252930 0.440678 0.252930 0.443326 0.254150 0.443326 0.255371 0.446504 0.255615 0.443856 0.256592 0.442267 0.256836 0.440678 0.257080 0.442267 0.257568 0.441208 0.255371 0.440678 0.255127 0.438559 0.256348 0.435911 0.257080 0.435911 0.257568 0.434322 0.257568 0.431674 0.258545 0.431144 0.258545 0.429025 0.257812 0.429025 0.257568 0.430085 0.256592 0.429555 0.256592 0.425847
1 0.378174 0.424258 0.376221 0.425318 0.375488 0.426907 0.375732 0.428496 0.375244 0.430085 0.374268 0.430085 0.373779 0.431674 0.371582 0.431674 0.374268 0.431674 0.375000 0.432733 0.374756 0.433792 0.373535 0.433263 0.373291 0.434322 0.372070 0.434322 0.371582 0.437500 0.372314 0.436970 0.372559 0.434852 0.373535 0.435381 0.373535 0.437500 0.374023 0.439089 0.374023 0.436970 0.375488 0.436441 0.376221 0.438030 0.376465 0.436970 0.376709 0.437500 0.376709 0.435911 0.377686 0.435911 0.377686 0.434322 0.376709 0.433263 0.376221 0.430085 0.375732 0.429555 0.375732 0.426907 0.376465 0.425318 0.377686 0.425318
1 0.758789 0.423729 0.759277 0.424788 0.759277 0.427436 0.759766 0.428496 0.760010 0.425847 0.760498 0.425318 0.760986 0.426377 0.761230 0.423729
1 0.472656 0.424258 0.472656 0.425847 0.473633 0.424788 0.474365 0.424788 0.474854 0.425847 0.474609 0.427966 0.473633 0.426907 0.472656 0.427966 0.472656 0.432733 0.473877 0.434322 0.473877 0.433263 0.472900 0.432733 0.472900 0.431674 0.473633 0.430614 0.473633 0.429025 0.474121 0.428496 0.474365 0.429555 0.475098 0.427966 0.476807 0.430085 0.476562 0.433263 0.477051 0.434852 0.477783 0.435381 0.478760 0.433792 0.479248 0.434852 0.478271 0.427966 0.477295 0.429555 0.476074 0.427966 0.474854 0.425318 0.474854 0.424258
1 0.307373 0.423729 0.306152 0.423729 0.306152 0.427436 0.306641 0.430614 0.306396 0.431674 0.305664 0.431674 0.306152 0.432733 0.307373 0.431674 0.307861 0.430085 0.307861 0.429025 0.307373 0.430085 0.307129 0.429555 0.307617 0.426907
1 0.733154 0.422669 0.733887 0.429025 0.733398 0.430085 0.731445 0.429025 0.730957 0.429555 0.732178 0.429555 0.732666 0.431144 0.733398 0.430614 0.734619 0.431674 0.734131 0.430614 0.734619 0.430085 0.735107 0.431144 0.734619 0.430085 0.735107 0.428496 0.733887 0.427966 0.733887 0.423729
1 0.441162 0.422140 0.439941 0.422140 0.440674 0.423199 0.440674 0.425318 0.440186 0.426377 0.439209 0.426377 0.439209 0.423729 0.438477 0.423729 0.436523 0.427436 0.437012 0.427436 0.437988 0.424788 0.438477 0.424788 0.439209 0.426377 0.437988 0.426907 0.437988 0.427966 0.437500 0.428496 0.437988 0.428496 0.438232 0.427436 0.439209 0.427436 0.439209 0.428496 0.439697 0.428496 0.439941 0.427436 0.441162 0.427436
1 0.069580 0.421610 0.065674 0.422669 0.063965 0.424788 0.062988 0.423729 0.063232 0.424788 0.064209 0.425318 0.066162 0.428496 0.066406 0.427966 0.064697 0.424788 0.065430 0.424258 0.065430 0.423199
1 0.366455 0.420551 0.365234 0.420021 0.365479 0.420551 0.364990 0.421610 0.364014 0.422140 0.363770 0.423729 0.364746 0.426377
1 0.481445 0.420021 0.480469 0.420551 0.480225 0.419492 0.479736 0.421081 0.478516 0.421610 0.479736 0.423199 0.479736 0.431144 0.479980 0.427436 0.479492 0.425318 0.480469 0.423199 0.481201 0.423199 0.481689 0.422140
1 0.656738 0.417373 0.657227 0.418432 0.656982 0.420021 0.656250 0.420021 0.656250 0.421081 0.655762 0.421610 0.656738 0.426907 0.656250 0.427966 0.655518 0.426907 0.653809 0.426377 0.654297 0.427436 0.653809 0.429555 0.654785 0.430614 0.654785 0.429555 0.655518 0.429555 0.655518 0.428496 0.654541 0.427966 0.655762 0.427436 0.656738 0.427966 0.657471 0.429555 0.657471 0.430614 0.657715 0.429555 0.658447 0.429555 0.658203 0.427436 0.658936 0.426377 0.660156 0.429555 0.659668 0.430614 0.660889 0.431674 0.660889 0.429025 0.660400 0.428496 0.660400 0.426907 0.659668 0.426907 0.659424 0.425847 0.659180 0.426907 0.658936 0.424788 0.657471 0.422669 0.657471 0.417373
1 0.555176 0.416843 0.554932 0.423729 0.555664 0.424258 0.556885 0.422669 0.556152 0.422140 0.555664 0.417373
1 0.438965 0.422140 0.439453 0.422140 0.439453 0.420551 0.440918 0.417903 0.441895 0.420021 0.443604 0.419492 0.444092 0.421081 0.442383 0.423729 0.442627 0.424788 0.443359 0.423729 0.444092 0.424258 0.443848 0.422140 0.444336 0.421081 0.445068 0.422140 0.445557 0.421081 0.444824 0.420021 0.445557 0.418432 0.445312 0.416314 0.444824 0.416314 0.444824 0.418432 0.441895 0.419492 0.441406 0.416843 0.440674 0.416314 0.440430 0.417903 0.438965 0.421081
1 0.694824 0.415254 0.690430 0.429555 0.691162 0.429555 0.691406 0.431674 0.689697 0.432203 0.687500 0.437500 0.687988 0.439089 0.689697 0.439089 0.689697 0.436441 0.690674 0.434852 0.695068 0.420551
1 0.364014 0.415254 0.363281 0.417373 0.362549 0.417903 0.362549 0.420021 0.362061 0.420551 0.362549 0.422669 0.364014 0.417903
1 0.179199 0.415254 0.176514 0.418962 0.175781 0.424258
1 0.415527 0.415254 0.416016 0.416314 0.416016 0.417903 0.416504 0.418432 0.416016 0.418962 0.416504 0.422140 0.417236 0.423199 0.417236 0.417373 0.417725 0.416843 0.417969 0.418432 0.418213 0.417373 0.418701 0.417373 0.418701 0.415784 0.417969 0.416314 0.417725 0.415254 0.416748 0.414725
1 0.072510 0.414195 0.072266 0.414725 0.072754 0.416843 0.072266 0.417903 0.072266 0.421081 0.072998 0.420021 0.073242 0.421081 0.075439 0.421081 0.075928 0.423199 0.075439 0.424258 0.075684 0.428496 0.075195 0.429025 0.074951 0.432203 0.077148 0.430614 0.077881 0.431674 0.076904 0.433792 0.075684 0.433263 0.074707 0.435381 0.073975 0.434852 0.074219 0.435381 0.073730 0.436441 0.073242 0.435381 0.072266 0.437500 0.072266 0.439619 0.072266 0.438030 0.072998 0.436970 0.073242 0.437500 0.072754 0.438559 0.073242 0.439089 0.072754 0.439619 0.072754 0.443856 0.073975 0.440148 0.075928 0.441208 0.076660 0.443326 0.078613 0.440148 0.078369 0.440678 0.077881 0.439619 0.077881 0.437500 0.079102 0.434852 0.077393 0.438559 0.076416 0.438559 0.075928 0.439619 0.074707 0.439089 0.076660 0.433792 0.079102 0.432203 0.079102 0.430614 0.077637 0.430614 0.078369 0.427436 0.078125 0.426907 0.078857 0.425318 0.078613 0.414725 0.079102 0.414195 0.074219 0.414195 0.074219 0.415784
1 0.335938 0.414195 0.336914 0.415254 0.336914 0.420021 0.338623 0.421610 0.337891 0.418432 0.338379 0.417373 0.339111 0.418432 0.339111 0.416314 0.337891 0.416314 0.337891 0.417373 0.337158 0.417903 0.336670 0.413665
1 0.526611 0.413136 0.525879 0.415254 0.525879 0.422140 0.526367 0.420551 0.526855 0.421081 0.526855 0.417373 0.526123 0.415784 0.526367 0.414725 0.526855 0.414725
1 0.431396 0.413136 0.432617 0.418962 0.433594 0.418432 0.434082 0.419492 0.433105 0.417373 0.433350 0.416314 0.432617 0.413136
1 0.573730 0.412606 0.572510 0.414725 0.573242 0.416843 0.573242 0.418962 0.573730 0.419492 0.573486 0.420551 0.574219 0.418432 0.575439 0.418962 0.574707 0.416843 0.573730 0.417373 0.573242 0.416314
1 0.547607 0.412606 0.547363 0.414195 0.548340 0.415254 0.548096 0.415784 0.549316 0.417903 0.549316 0.418962 0.550293 0.421081 0.550049 0.422669 0.548828 0.422669 0.549316 0.425318 0.550049 0.423199 0.550293 0.425847 0.550781 0.425847 0.551270 0.424258 0.551025 0.423199 0.552002 0.421610 0.552002 0.420021 0.550049 0.420021 0.549805 0.417903 0.549072 0.417373 0.549561 0.415254 0.549072 0.413136
1 0.304932 0.412076 0.305176 0.415784 0.304199 0.416843 0.305420 0.416843 0.305908 0.418962 0.305664 0.420021 0.306396 0.420021 0.307373 0.417903 0.306885 0.416314 0.307373 0.415254 0.306152 0.415254 0.305664 0.413136
1 0.200195 0.411547 0.200684 0.412076 0.200195 0.413665 0.201416 0.416843 0.201172 0.420021 0.201904 0.420021 0.202148 0.420551 0.201660 0.421081 0.202881 0.421081 0.202393 0.415254 0.201660 0.415254 0.200684 0.411547
1 0.186768 0.424788 0.186279 0.424258 0.186279 0.421610 0.185791 0.420551 0.184814 0.422140 0.183594 0.421610 0.182129 0.423199 0.180664 0.422669 0.180908 0.418432 0.182861 0.418962 0.183350 0.417903 0.183350 0.415254 0.181885 0.414725 0.181885 0.411547 0.180664 0.414195 0.180664 0.416843 0.180176 0.417373 0.180664 0.418432 0.180664 0.420021 0.180420 0.420551 0.179688 0.418432 0.179443 0.419492 0.180176 0.421081 0.178467 0.424788 0.177734 0.424258 0.176758 0.425847 0.176025 0.425847 0.176758 0.426907 0.176270 0.429025 0.177490 0.427436 0.177979 0.428496 0.179199 0.428496 0.178223 0.426907 0.179688 0.424258 0.180908 0.424788 0.181641 0.430085 0.181641 0.427966 0.182617 0.424788
1 0.043457 0.411017 0.041504 0.415254 0.041260 0.417903 0.041748 0.421081 0.041260 0.421610 0.042480 0.423729 0.042480 0.426377 0.042969 0.425318 0.043945 0.425318 0.044434 0.426377 0.045410 0.425847 0.045898 0.423729 0.046387 0.425318 0.047363 0.425318 0.046143 0.424258 0.045898 0.422669 0.046387 0.421081 0.047363 0.421610 0.047363 0.420551 0.046631 0.420551 0.046143 0.419492 0.047119 0.415784 0.047607 0.417373 0.047852 0.413136 0.047363 0.412606 0.047119 0.414725 0.045898 0.417373 0.044922 0.417903 0.044434 0.415784 0.045654 0.414195 0.044922 0.412076 0.045410 0.411547
1 0.459961 0.410487 0.459717 0.411017 0.460449 0.411547 0.460449 0.413665 0.461426 0.414195 0.461426 0.412606 0.462891 0.413136 0.464355 0.418432 0.463867 0.420021 0.462158 0.420021 0.460938 0.422140 0.459229 0.422140 0.459229 0.424788 0.458496 0.423729 0.457031 0.423729 0.457275 0.424788 0.457764 0.423729 0.458984 0.425847 0.459961 0.424258 0.460938 0.427966 0.460693 0.430085 0.459473 0.426907 0.458008 0.426377 0.458008 0.427966 0.459961 0.432733 0.460205 0.431674 0.460693 0.432203 0.460693 0.430085 0.461426 0.430085 0.461182 0.427966 0.462158 0.426377 0.461914 0.424788 0.463135 0.423199 0.462402 0.421081 0.463135 0.420551 0.464111 0.423199 0.463379 0.426377 0.464600 0.425318 0.465820 0.431674 0.467773 0.432203 0.468262 0.433263 0.468506 0.435911 0.467773 0.436970 0.467773 0.438559 0.468506 0.439089 0.468750 0.442267 0.468506 0.438030 0.468994 0.436970 0.469482 0.437500 0.470459 0.435911 0.471191 0.437500 0.469971 0.441737 0.470459 0.442267 0.471436 0.438030 0.471436 0.436441 0.470459 0.434322 0.470703 0.432733 0.471436 0.433263 0.471436 0.431674 0.470703 0.431674 0.470459 0.430614 0.471436 0.429025 0.471436 0.426907 0.470459 0.429025 0.469238 0.429025 0.468750 0.427436 0.469971 0.427436 0.470459 0.426377 0.470215 0.425318 0.472168 0.422669 0.470459 0.423729 0.469482 0.419492 0.469238 0.422669 0.470215 0.424258 0.469482 0.425847 0.468750 0.424258 0.468506 0.425847 0.465088 0.425847 0.464111 0.420021 0.465088 0.419492 0.465576 0.421081 0.467285 0.421081 0.465576 0.417373 0.466309 0.414725 0.464600 0.416843 0.463379 0.414725 0.463623 0.413136 0.462158 0.413136
1 0.775635 0.417373 0.777100 0.417373 0.777344 0.418432 0.776855 0.419492 0.778320 0.420551 0.778564 0.419492 0.777832 0.417373 0.778320 0.416314 0.779053 0.416314 0.779785 0.417903 0.779785 0.421610 0.778564 0.421610 0.778076 0.422669 0.780273 0.421081 0.781006 0.421610 0.781494 0.418962 0.782471 0.419492 0.783447 0.417903 0.782959 0.417373 0.782471 0.418432 0.781250 0.418432 0.780518 0.417373 0.780029 0.418432 0.779297 0.416314 0.778320 0.416314 0.778320 0.412606 0.779053 0.412606 0.778320 0.411017 0.778320 0.409428 0.777832 0.410487 0.777344 0.409958 0.777344 0.415784 0.776855 0.416843
1 0.080322 0.408369 0.076904 0.409428 0.076172 0.410487 0.075928 0.412606 0.079590 0.412076
1 0.847412 0.407309 0.846680 0.407309 0.846680 0.413665 0.847900 0.412606 0.847412 0.411547 0.847900 0.410487 0.848877 0.409958 0.848877 0.408898 0.847656 0.408898
1 0.479248 0.406780 0.478516 0.407309 0.478027 0.408898 0.478516 0.409958 0.478516 0.411547 0.477783 0.413136 0.476807 0.413136 0.477051 0.414195 0.478027 0.413136 0.478516 0.414195 0.479248 0.412606 0.478760 0.411547 0.479248 0.410487 0.479736 0.411017
1 0.713867 0.406250 0.711914 0.406780 0.714111 0.407309 0.715088 0.412076 0.711914 0.409958 0.713867 0.413665 0.712646 0.415254 0.709961 0.408898 0.709961 0.414725 0.711670 0.415784 0.711914 0.420551 0.712891 0.418962 0.715332 0.425847 0.714355 0.423729 0.712646 0.425318 0.712402 0.421610 0.710938 0.424258 0.710693 0.421610 0.709229 0.421081 0.712646 0.427436 0.711914 0.429025 0.708740 0.426907 0.708008 0.424258 0.709473 0.424258 0.708008 0.423729 0.707031 0.419492 0.710449 0.416314 0.708740 0.416843 0.707764 0.409428 0.705566 0.406780 0.705078 0.408898 0.706055 0.409958 0.704590 0.410487 0.707031 0.416843 0.705811 0.416314 0.705811 0.422140 0.703613 0.425318 0.702881 0.422669 0.703857 0.421081 0.702393 0.425847 0.700439 0.424258 0.704346 0.427436 0.705322 0.423199 0.705566 0.427966 0.706055 0.425318 0.708496 0.426907 0.707520 0.429025 0.708496 0.432203 0.707031 0.434852 0.706787 0.428496 0.705566 0.430614 0.706543 0.436441 0.702148 0.433263 0.702637 0.435911 0.700439 0.441208 0.695801 0.436970 0.695557 0.440148 0.698730 0.443326 0.697266 0.440148 0.699951 0.441208 0.699219 0.445975 0.699951 0.447564 0.701416 0.445445 0.700684 0.443856 0.703857 0.434322 0.705078 0.440148 0.707031 0.440148 0.707520 0.442797 0.705322 0.443856 0.706543 0.443856 0.706543 0.446504 0.704590 0.445975 0.704346 0.443856 0.702881 0.445975 0.703125 0.449153 0.706543 0.448623 0.710693 0.444386 0.709229 0.443326 0.709961 0.441737 0.707764 0.444915 0.707031 0.436970 0.708008 0.434852 0.710693 0.436441 0.709961 0.427966 0.711670 0.429555 0.713623 0.427966 0.713867 0.438030 0.717529 0.438030 0.717529 0.435911 0.715088 0.434852 0.715820 0.432203 0.717529 0.433792 0.717041 0.432203 0.718506 0.431674 0.718994 0.428496 0.714111 0.420021 0.714600 0.415254 0.715576 0.414725 0.715576 0.409428
1 0.793457 0.405720 0.793457 0.406780 0.796631 0.411017 0.798584 0.411547 0.799561 0.414195 0.799316 0.411017 0.797119 0.409428 0.797363 0.408369 0.799561 0.408898 0.799561 0.406780 0.797363 0.406780 0.795898 0.408369 0.795166 0.406780 0.793945 0.407309 0.793457 0.406250 0.794189 0.405720
1 0.859375 0.406780 0.859375 0.411547 0.861084 0.409428 0.861816 0.411017 0.861816 0.414725 0.862305 0.412076 0.862793 0.413136 0.862305 0.415254 0.862549 0.414725 0.862793 0.415784 0.861572 0.417373 0.862061 0.418432 0.861816 0.418962 0.863281 0.418962 0.863525 0.417903 0.864990 0.418962 0.864502 0.415254 0.864014 0.413665 0.863281 0.413136 0.863770 0.409958 0.863037 0.407839 0.863037 0.404661 0.862305 0.404661 0.862061 0.406780
1 0.672363 0.406780 0.673096 0.409428 0.673584 0.406780 0.674805 0.405720 0.674805 0.409958 0.675781 0.410487 0.676025 0.411547 0.676514 0.411017 0.676514 0.406780 0.675537 0.407309 0.675049 0.406250 0.675049 0.404661 0.673828 0.404661 0.673096 0.406780
1 0.430176 0.405191 0.430664 0.407309 0.429932 0.408369 0.430908 0.408898 0.431152 0.410487 0.432861 0.410487 0.432861 0.408898 0.433594 0.407839 0.433594 0.409428 0.434326 0.408898 0.434326 0.407839 0.433350 0.407839 0.431885 0.405191 0.431641 0.408369 0.430664 0.405191
1 0.850098 0.408369 0.851318 0.410487 0.852783 0.410487 0.853516 0.409428 0.853760 0.410487 0.853271 0.412606 0.852051 0.413136 0.851562 0.414195 0.853516 0.413136 0.854980 0.415784 0.854492 0.417373 0.855957 0.416843 0.855957 0.414725 0.855713 0.415254 0.854004 0.413136 0.854980 0.410487 0.855713 0.410487 0.856201 0.412076 0.855713 0.408898 0.855469 0.409428 0.854736 0.408369 0.854248 0.405720 0.854736 0.404131 0.852295 0.406250 0.851562 0.407839
1 0.635498 0.405720 0.637939 0.409428 0.635254 0.413665 0.635742 0.414725 0.636963 0.412606 0.637451 0.413136 0.635742 0.418962 0.638428 0.414195 0.639160 0.421081 0.640137 0.421081 0.639648 0.415784 0.640869 0.412076 0.640625 0.411547 0.640625 0.412606 0.640137 0.413136 0.639404 0.411547 0.639893 0.407309 0.639404 0.406780 0.639404 0.407839 0.638428 0.408898 0.637451 0.406780 0.636963 0.406780 0.636719 0.405191 0.637695 0.404131 0.637695 0.405720 0.637939 0.404131
1 0.671631 0.403602 0.670410 0.405720 0.668457 0.405720 0.668213 0.404661 0.666992 0.404661 0.666992 0.405720 0.666504 0.406250 0.666748 0.409958 0.666016 0.409958 0.666016 0.411547 0.665527 0.412076 0.665527 0.414725 0.666016 0.415784 0.665283 0.417373 0.664551 0.417373 0.664062 0.418962 0.664795 0.418962 0.666016 0.421081 0.667725 0.421081 0.668213 0.423199 0.668213 0.418962 0.667725 0.418432 0.668213 0.417373 0.668213 0.415254 0.667725 0.413136 0.668457 0.412606 0.669189 0.410487 0.670166 0.411017 0.670654 0.412606 0.671631 0.412606 0.672119 0.411547 0.671387 0.408898 0.671631 0.407839 0.671875 0.408369
1 0.426514 0.403602 0.426514 0.404661 0.425293 0.406780 0.425293 0.409958 0.424561 0.407839 0.424805 0.406780 0.424316 0.406780 0.424316 0.414725 0.424805 0.415254 0.424316 0.416314 0.424316 0.420551 0.425293 0.421610 0.426025 0.419492 0.426514 0.420021 0.427002 0.418962 0.427979 0.420021 0.428711 0.418962 0.429688 0.421610 0.429443 0.422669 0.427734 0.422669 0.427002 0.421081 0.426758 0.423199 0.425781 0.423729 0.426025 0.427436 0.426514 0.427436 0.426758 0.426377 0.427979 0.426377 0.428223 0.427436 0.427979 0.424258 0.429199 0.424258 0.428955 0.423729 0.429688 0.422669 0.430176 0.423729 0.429688 0.424788 0.430420 0.424788 0.431152 0.426377 0.430176 0.427966 0.430664 0.429025 0.430420 0.429555 0.430908 0.428496 0.431885 0.429555 0.432129 0.428496 0.432617 0.428496 0.433594 0.424788 0.432617 0.423199 0.432617 0.424788 0.431641 0.425847 0.429443 0.420551 0.429443 0.419492 0.428223 0.416314 0.428467 0.412076 0.427979 0.409958 0.428467 0.409428 0.428467 0.404661 0.428223 0.405720 0.427734 0.404131
1 0.293701 0.403602 0.293457 0.406250 0.292725 0.407839 0.296631 0.407839 0.297607 0.409958 0.297363 0.414725 0.297852 0.415784 0.298096 0.415254 0.297363 0.412606 0.297607 0.411547 0.298828 0.411547 0.298584 0.414725 0.299072 0.414725 0.299316 0.413665 0.300049 0.414195 0.300049 0.416843 0.301270 0.418962 0.300293 0.420021 0.300293 0.421610 0.299805 0.422669 0.300537 0.423199 0.300537 0.422140 0.301514 0.420021 0.301514 0.418432 0.300781 0.418432 0.300293 0.416314 0.300537 0.415784 0.301514 0.417373 0.300781 0.415254 0.300049 0.414725 0.300049 0.413136 0.301025 0.411017 0.302002 0.411017 0.302246 0.409428 0.302979 0.410487 0.303467 0.412606 0.303467 0.408898 0.302979 0.408369 0.302979 0.406780 0.302002 0.405191 0.301025 0.405191 0.300537 0.406250 0.298828 0.406250 0.297607 0.405191 0.296143 0.406780 0.294922 0.405191 0.294434 0.403072
1 0.679688 0.404661 0.679688 0.406250 0.680176 0.407309 0.680908 0.407309 0.682129 0.409428 0.684326 0.409428 0.686035 0.406250 0.687256 0.406780 0.687256 0.405720 0.686768 0.406250 0.686035 0.404661 0.682129 0.404661 0.681396 0.402542 0.680664 0.402542
1 0.773193 0.409958 0.774902 0.422140 0.773926 0.423199 0.775391 0.426377 0.771484 0.430614 0.773682 0.429555 0.775635 0.432733 0.779541 0.429555 0.778809 0.434852 0.780273 0.439089 0.783691 0.434852 0.786865 0.437500 0.784912 0.434322 0.787354 0.430614 0.788330 0.431674 0.787842 0.434852 0.793213 0.436970 0.790039 0.441208 0.790039 0.448093 0.792236 0.445975 0.791260 0.442797 0.792480 0.439619 0.792969 0.443326 0.793945 0.442797 0.793457 0.447034 0.796143 0.449682 0.790283 0.450212 0.790039 0.457097 0.792480 0.453919 0.794189 0.457097 0.793213 0.453390 0.795410 0.450212 0.796875 0.451271 0.795654 0.445975 0.797363 0.447564 0.796631 0.445445 0.798828 0.442797 0.796631 0.442797 0.794922 0.438559 0.795654 0.436441 0.797363 0.438559 0.796875 0.436970 0.799072 0.434852 0.801270 0.437500 0.797363 0.432203 0.796143 0.434322 0.790527 0.432733 0.791748 0.430085 0.795166 0.431144 0.793457 0.430085 0.796143 0.426377 0.792969 0.428496 0.792480 0.425847 0.788818 0.423729 0.788086 0.412076 0.789795 0.416843 0.791016 0.414195 0.792969 0.417373 0.790283 0.418962 0.797363 0.423199 0.795166 0.417903 0.800537 0.417903 0.796875 0.417373 0.797607 0.414195 0.793213 0.412076 0.792480 0.408369 0.791260 0.410487 0.791016 0.406780 0.790039 0.408898 0.790771 0.405720 0.789062 0.404661 0.789307 0.402542 0.788086 0.403602 0.788574 0.407309 0.786377 0.404661 0.787842 0.410487 0.785645 0.407309 0.785156 0.408898 0.783447 0.401483 0.782471 0.402013 0.783203 0.405191 0.781494 0.404131 0.779785 0.408369 0.781250 0.411547 0.781738 0.406780 0.784180 0.412606 0.785889 0.410487 0.786865 0.413136 0.784912 0.414725 0.788818 0.420021 0.786133 0.421610 0.785156 0.417373 0.785400 0.421610 0.781494 0.429025 0.775391 0.428496 0.776367 0.421610 0.774170 0.413136 0.776123 0.412076
1 0.202881 0.401483 0.202148 0.401483 0.201416 0.403602 0.200928 0.403072 0.200928 0.401483 0.200439 0.402542 0.199219 0.402542 0.199219 0.406250 0.198730 0.406780 0.198730 0.408369 0.199463 0.406250 0.199707 0.407839 0.200684 0.409958 0.201172 0.409958 0.201172 0.407309 0.201904 0.407839 0.202393 0.405720 0.203125 0.407309 0.203613 0.406780 0.202393 0.405720
1 0.734375 0.406250 0.733398 0.406250 0.731689 0.403072 0.731689 0.401483 0.730713 0.400953 0.729492 0.403072 0.729492 0.408369 0.728271 0.408898 0.728027 0.411017 0.727295 0.412076 0.727051 0.410487 0.726318 0.411547 0.725342 0.409958 0.725586 0.408898 0.726562 0.409428 0.726074 0.406780 0.726074 0.409428 0.725342 0.408898 0.723633 0.411017 0.722656 0.409958 0.722656 0.408369 0.724854 0.403602 0.722656 0.407839 0.720703 0.404661 0.721924 0.408898 0.721436 0.409958 0.718262 0.408898 0.718262 0.407839 0.719727 0.406250 0.718750 0.404661 0.718994 0.405720 0.718506 0.406780 0.717285 0.407309 0.718018 0.408369 0.717285 0.408898 0.717285 0.414195 0.716309 0.415784 0.717529 0.416314 0.716309 0.417373 0.716309 0.418962 0.717285 0.419492 0.717773 0.421610 0.717529 0.422669 0.718750 0.424788 0.719482 0.424788 0.719727 0.426377 0.719482 0.423729 0.718750 0.423729 0.718506 0.421610 0.718262 0.422669 0.717773 0.422140 0.718262 0.418962 0.719727 0.418432 0.718506 0.414725 0.719482 0.414195 0.719727 0.415784 0.720703 0.416314 0.721924 0.411547 0.724365 0.416843 0.723877 0.417373 0.721924 0.415254 0.722412 0.416843 0.721680 0.417373 0.720703 0.422140 0.722900 0.418962 0.723633 0.421081 0.725098 0.420551 0.726074 0.422140 0.726318 0.418962 0.730469 0.420021 0.730469 0.418432 0.727051 0.417373 0.726318 0.415784 0.726318 0.413665 0.727295 0.413136 0.728516 0.416314 0.728027 0.412606 0.730225 0.409428 0.730713 0.409958 0.730957 0.408369 0.732178 0.407839 0.731445 0.406250 0.731689 0.405720 0.733398 0.408369 0.733887 0.408369
1 0.552979 0.400953 0.555420 0.411547 0.557617 0.416843 0.557129 0.417373 0.557129 0.418962 0.557861 0.418962 0.558105 0.418432 0.557617 0.417373 0.558105 0.416314 0.558594 0.416843 0.558594 0.414725 0.558105 0.414725 0.557861 0.415784 0.557129 0.414725 0.555420 0.409428 0.554199 0.402542
1 0.651611 0.399364 0.652832 0.405720 0.651611 0.408369 0.652344 0.408898 0.651611 0.412076 0.648193 0.411017 0.648682 0.408369 0.651123 0.405720 0.649414 0.407309 0.648438 0.406250 0.647705 0.410487 0.646973 0.408369 0.645508 0.408898 0.646240 0.403602 0.645752 0.405720 0.644287 0.402542 0.642090 0.404661 0.643555 0.408369 0.643311 0.411017 0.644775 0.411547 0.642822 0.405720 0.644531 0.403602 0.645020 0.408898 0.647705 0.411547 0.647949 0.413665 0.645508 0.415784 0.646240 0.413665 0.645508 0.412606 0.643555 0.418962 0.644775 0.425847 0.645508 0.422669 0.645752 0.425318 0.646729 0.422669 0.647461 0.423199 0.646729 0.426907 0.647949 0.429025 0.647705 0.433263 0.646973 0.433792 0.648193 0.435911 0.648682 0.432733 0.646973 0.418962 0.647949 0.416843 0.649414 0.431674 0.651123 0.434852 0.652100 0.434322 0.650635 0.442267 0.648438 0.438559 0.648682 0.442267 0.643066 0.443856 0.655762 0.442267 0.655762 0.439619 0.655273 0.440678 0.655029 0.438030 0.653564 0.436970 0.655273 0.435381 0.653320 0.433263 0.653809 0.440148 0.654785 0.441208 0.653076 0.442797 0.652100 0.441737 0.652100 0.429025 0.651611 0.430614 0.649902 0.427436 0.650146 0.423729 0.652100 0.425847 0.652100 0.423199 0.650879 0.423729 0.649902 0.421610 0.652344 0.410487 0.653076 0.409428 0.653809 0.412076 0.653076 0.414725 0.653564 0.415784 0.651855 0.417373 0.652588 0.418962 0.654053 0.415254 0.655518 0.418962 0.656006 0.414725 0.654053 0.410487 0.654053 0.407309 0.652588 0.408369 0.653076 0.403602 0.654053 0.404131
1 0.006592 0.399364 0.006104 0.401483 0.005371 0.401483 0.005859 0.402542 0.005371 0.406780 0.005615 0.406250 0.005859 0.407309 0.005371 0.407839 0.005127 0.409958 0.004395 0.409958 0.004883 0.411017 0.005615 0.411017 0.005859 0.412606 0.006592 0.412606 0.006104 0.411547 0.006104 0.409958 0.006592 0.409428 0.006348 0.404661 0.006836 0.403602 0.009033 0.404131 0.009033 0.401483 0.007568 0.402013
1 0.893555 0.399364 0.894531 0.402013 0.896240 0.402542 0.898438 0.405191 0.898438 0.403602 0.897217 0.402542 0.897217 0.401483 0.898193 0.399364
1 0.749756 0.398835 0.747070 0.400953 0.747803 0.402013 0.747070 0.404131 0.748291 0.404131 0.749268 0.405191 0.749023 0.404131 0.749756 0.404131 0.749756 0.403072 0.749023 0.404131 0.748291 0.402542 0.749512 0.400424
1 0.567383 0.398305 0.566895 0.398835 0.567383 0.400953 0.567139 0.401483 0.565674 0.400424 0.566895 0.403072 0.566895 0.405191 0.566162 0.405191 0.566406 0.406250 0.565674 0.407309 0.564697 0.405720 0.563965 0.406780 0.565186 0.409428 0.566162 0.409428 0.566650 0.407309 0.567627 0.407309 0.567871 0.408369 0.569092 0.407839 0.569336 0.405191 0.567871 0.403072 0.568115 0.399894
1 0.614990 0.398305 0.614990 0.399894 0.615723 0.400424 0.615723 0.404661 0.616211 0.405720 0.616455 0.408369 0.616943 0.407839 0.616943 0.406780 0.616211 0.406250 0.616211 0.404661 0.616943 0.403602 0.616943 0.400953 0.617432 0.399894 0.619385 0.403072 0.621338 0.404661 0.621094 0.403072 0.619873 0.402542 0.618896 0.400424 0.617920 0.399894 0.617676 0.398305 0.617188 0.398305 0.616699 0.400424 0.616211 0.400424 0.615479 0.398835 0.615479 0.397775
1 0.309570 0.398305 0.308838 0.398835 0.308350 0.397775 0.308594 0.398835 0.306396 0.403072 0.306152 0.404661 0.304688 0.404131 0.304932 0.409428 0.305908 0.407309 0.304932 0.405720 0.306396 0.405191 0.306396 0.403602 0.308838 0.399364 0.309326 0.400424 0.309814 0.398835
1 0.058105 0.397246 0.057617 0.398305 0.057617 0.402542 0.058105 0.404131 0.058105 0.406250 0.058594 0.404131 0.059326 0.404131 0.060547 0.406780 0.060547 0.408369 0.061035 0.409428 0.061768 0.409428 0.062012 0.410487 0.062256 0.407839 0.061768 0.406780 0.060791 0.406780 0.061279 0.405191 0.062256 0.406250 0.062012 0.405191 0.060547 0.403602 0.061279 0.402542 0.060303 0.402542 0.059082 0.400424 0.058594 0.401483 0.059082 0.403602 0.058838 0.404131 0.058105 0.403602 0.058105 0.402013 0.057861 0.403072 0.057617 0.402542 0.057617 0.400424 0.058105 0.400424 0.059082 0.397775
1 0.764648 0.396186 0.763672 0.396186 0.763672 0.397775 0.762695 0.398305 0.762451 0.400424 0.761719 0.400953 0.761719 0.406250 0.760986 0.405191 0.760742 0.402542 0.759766 0.404131 0.759521 0.407309 0.758789 0.408369 0.759033 0.409958 0.760010 0.408369 0.761230 0.408369 0.761475 0.411017 0.760986 0.412076 0.760498 0.412076 0.760254 0.410487 0.759521 0.412076 0.758789 0.411017 0.757812 0.411017 0.757568 0.411547 0.758301 0.413136 0.756104 0.417373 0.755127 0.415784 0.754395 0.416314 0.755371 0.416314 0.755859 0.417373 0.755371 0.418962 0.753906 0.420021 0.753906 0.421610 0.754883 0.421610 0.755371 0.419492 0.756104 0.419492 0.756348 0.421081 0.756836 0.420021 0.757568 0.420021 0.757812 0.421081 0.759521 0.421081 0.758789 0.420021 0.758789 0.418962 0.759766 0.416843 0.760742 0.417373 0.761230 0.418962 0.762695 0.417903 0.764648 0.420551 0.764404 0.421081 0.765137 0.419492 0.765625 0.419492 0.764404 0.417373 0.762695 0.417373 0.762207 0.416314 0.762207 0.414195 0.762939 0.412076 0.762451 0.411017 0.761719 0.411017 0.762451 0.408898 0.763672 0.408898 0.762451 0.407309 0.762695 0.405191 0.762207 0.404661 0.761963 0.402013 0.763184 0.399894 0.763672 0.400424 0.763672 0.398305
1 0.637939 0.396716 0.638428 0.398835 0.636963 0.401483 0.638428 0.400424 0.639160 0.402013 0.638916 0.403072 0.639893 0.404131 0.640381 0.405720 0.640625 0.404131 0.641357 0.404131 0.641357 0.402542 0.640869 0.401483 0.641357 0.400953 0.641357 0.399364 0.640381 0.398835 0.640869 0.397775 0.641113 0.398305 0.641113 0.397246 0.639404 0.395657 0.640381 0.398835 0.639893 0.399894 0.640137 0.401483 0.639648 0.402013
1 0.190918 0.395127 0.190918 0.397775 0.191162 0.397246 0.192383 0.399894 0.191650 0.399894 0.191650 0.400953 0.191162 0.399894 0.190674 0.400953 0.189941 0.399364 0.189941 0.398305 0.190430 0.397775 0.189941 0.397246 0.189697 0.398305 0.190430 0.403072 0.190918 0.402013 0.191406 0.404131 0.191895 0.403602 0.191406 0.401483 0.192383 0.401483 0.192139 0.400424 0.192627 0.400424 0.192627 0.397775 0.191895 0.397775
1 0.086914 0.395127 0.085938 0.395127 0.085449 0.396186 0.084717 0.394068 0.084473 0.400424 0.085693 0.399364 0.086914 0.396186
1 0.621094 0.393538 0.621338 0.397775 0.620850 0.399364 0.621338 0.402013 0.622314 0.403072 0.622314 0.398305 0.621338 0.397775 0.621338 0.396186 0.622314 0.394597
1 0.171631 0.400424 0.172119 0.401483 0.173096 0.399364 0.174805 0.399364 0.174805 0.401483 0.174316 0.402542 0.173584 0.402542 0.174561 0.403072 0.175293 0.398835 0.176025 0.397246 0.176758 0.396716 0.177734 0.399364 0.176514 0.400953 0.177979 0.399894 0.178223 0.397775 0.179688 0.397775 0.179688 0.396716 0.175781 0.396186 0.175537 0.395127 0.173828 0.395127 0.173584 0.394068 0.173340 0.395127 0.173096 0.393538
1 0.358154 0.393008 0.358154 0.397775 0.356934 0.400424 0.357422 0.402013 0.356934 0.403072 0.356201 0.400953 0.354736 0.403072 0.354248 0.398835 0.354980 0.397775 0.353027 0.395127 0.354248 0.397775 0.352295 0.401483 0.350098 0.403072 0.351074 0.402542 0.351562 0.404661 0.349365 0.404131 0.349121 0.407839 0.350830 0.411017 0.348877 0.412606 0.348633 0.415784 0.352539 0.425318 0.351318 0.427966 0.353516 0.423199 0.355713 0.423199 0.355469 0.419492 0.357666 0.417373 0.357666 0.422140 0.358154 0.421081 0.357422 0.440148 0.359863 0.440678 0.359619 0.447564 0.360107 0.435381 0.359863 0.437500 0.359131 0.436970 0.359131 0.432203 0.360352 0.432203 0.360596 0.429555 0.359131 0.430614 0.359131 0.424788 0.360107 0.424788 0.359863 0.427436 0.360352 0.424258 0.360596 0.425847 0.362549 0.426377 0.360352 0.422669 0.362061 0.418432 0.360352 0.419492 0.360107 0.418432 0.362549 0.415254 0.362061 0.413136 0.361572 0.415254 0.359863 0.415784 0.360596 0.413136 0.359863 0.411547 0.360352 0.409428 0.362549 0.410487 0.360107 0.404661 0.360352 0.396186 0.360107 0.404131 0.358887 0.405720 0.359863 0.406780 0.359131 0.411017 0.357666 0.410487 0.357910 0.406250 0.357422 0.408369 0.356201 0.408369 0.357666 0.409428 0.357422 0.413665 0.355957 0.409958 0.354980 0.414725 0.353271 0.412076 0.352051 0.416314 0.350098 0.414725 0.350586 0.412076 0.352051 0.412076 0.354004 0.404661 0.354980 0.406250 0.354492 0.405191 0.354980 0.404131 0.357910 0.404661 0.359131 0.403072 0.359131 0.394068 0.358398 0.395127
1 0.755127 0.391949 0.753174 0.394068 0.752686 0.393538 0.752930 0.392479 0.751709 0.392479 0.751953 0.395127 0.750488 0.397775 0.755127 0.393008
1 0.705078 0.391949 0.703613 0.391949 0.702881 0.394068 0.701172 0.393008 0.701172 0.398835 0.698242 0.395127 0.697998 0.398305 0.696777 0.398305 0.696289 0.402013 0.699707 0.402013 0.700195 0.403602 0.697510 0.409958 0.695068 0.408898 0.695557 0.407839 0.693115 0.404661 0.691895 0.408369 0.690918 0.407309 0.691895 0.406250 0.691406 0.404661 0.690430 0.409428 0.689697 0.404661 0.688965 0.404661 0.689453 0.406250 0.687988 0.407309 0.689453 0.408369 0.689941 0.411017 0.687988 0.414725 0.686768 0.411017 0.687012 0.416314 0.685547 0.418432 0.682617 0.413665 0.683105 0.411547 0.680176 0.414195 0.680176 0.416314 0.679443 0.413136 0.677246 0.413136 0.677979 0.415784 0.675781 0.418432 0.675537 0.422140 0.673340 0.422669 0.675781 0.423199 0.675781 0.420021 0.679443 0.417373 0.680664 0.420551 0.678711 0.426377 0.682129 0.427966 0.680176 0.430614 0.691650 0.413136 0.692627 0.414195 0.685303 0.431144 0.683350 0.429025 0.684326 0.432733 0.679688 0.436970 0.678223 0.434852 0.678955 0.437500 0.676270 0.442267 0.679443 0.439089 0.678711 0.438559 0.679199 0.436970 0.681152 0.435911 0.681641 0.438030 0.684814 0.438030 0.683594 0.437500 0.683350 0.435381 0.692871 0.415254 0.693604 0.409958 0.696045 0.409958 0.696289 0.416314 0.698486 0.411017 0.700195 0.413665 0.699219 0.412076 0.698975 0.406780 0.700439 0.406250 0.701660 0.402013 0.702148 0.404131 0.706299 0.404131 0.706787 0.406780 0.708252 0.407309 0.706787 0.406250 0.706787 0.402013 0.705811 0.399894 0.706299 0.397775 0.703857 0.394597
1 0.615723 0.395127 0.616455 0.395657 0.616943 0.394597 0.617188 0.395657 0.617188 0.393008 0.617676 0.391949 0.618408 0.391949 0.618652 0.393008 0.617676 0.394597 0.619629 0.394597 0.620117 0.395657 0.619141 0.396186 0.619873 0.397246 0.620361 0.396716 0.620361 0.393538 0.619873 0.391949 0.617188 0.390890 0.617188 0.393538 0.616455 0.395127
1 0.519043 0.390360 0.519043 0.394597 0.518555 0.395127 0.518555 0.396716 0.519531 0.396186 0.520508 0.398305 0.520264 0.395127 0.521484 0.395127 0.521240 0.399364 0.520020 0.399894 0.519775 0.401483 0.519043 0.402013 0.518799 0.400953 0.519531 0.399894 0.518799 0.398835 0.518311 0.399364 0.518066 0.397775 0.517578 0.398305 0.518066 0.399364 0.517822 0.400953 0.518555 0.401483 0.518555 0.405191 0.518066 0.405720 0.518066 0.406780 0.519531 0.407839 0.519531 0.411547 0.520264 0.411547 0.520508 0.414725 0.521240 0.415254 0.520996 0.416843 0.520264 0.417373 0.520508 0.421081 0.521484 0.423729 0.520508 0.426377 0.521240 0.426377 0.520996 0.429555 0.521729 0.429555 0.522705 0.427436 0.522705 0.425847 0.522217 0.425318 0.522217 0.422140 0.523193 0.421081 0.523193 0.416314 0.522217 0.417373 0.521973 0.415784 0.522461 0.414725 0.523438 0.415254 0.524658 0.413665 0.525391 0.414195 0.525146 0.413136 0.525635 0.412076 0.524658 0.410487 0.524658 0.408898 0.523438 0.408898 0.523682 0.405191 0.525146 0.406250 0.524658 0.405191 0.524658 0.403602 0.523682 0.403072 0.523682 0.401483 0.523193 0.403072 0.522705 0.403072 0.522461 0.402013 0.520752 0.403602 0.519775 0.402013 0.520020 0.400953 0.520752 0.400953 0.521240 0.399364 0.522217 0.398835 0.522217 0.396186 0.521240 0.394068 0.519531 0.393008
1 0.463379 0.402013 0.463379 0.404131 0.463623 0.402542 0.464355 0.402542 0.465576 0.405191 0.466309 0.405191 0.466309 0.403602 0.465576 0.402542 0.465820 0.401483 0.465332 0.402542 0.465088 0.400953 0.469482 0.395657 0.470703 0.396716 0.471680 0.399894 0.470947 0.400953 0.470947 0.402013 0.472900 0.403072 0.474121 0.406780 0.473389 0.402542 0.475342 0.402013 0.475342 0.400953 0.473877 0.401483 0.472656 0.400424 0.471436 0.397246 0.473877 0.396186 0.470703 0.396186 0.470459 0.393538 0.471191 0.393538 0.469727 0.393008 0.468750 0.391949 0.468262 0.390360 0.468750 0.393538 0.468262 0.394068 0.467773 0.393008 0.467041 0.393008 0.468018 0.395127 0.466553 0.395127 0.465820 0.396186 0.465576 0.399364 0.465088 0.399894 0.465088 0.398305 0.464355 0.399364 0.464600 0.402013
1 0.515137 0.389831 0.515625 0.390360 0.515625 0.393538 0.516113 0.392479 0.517334 0.392479 0.517822 0.391419 0.517822 0.389831
1 0.006836 0.389831 0.006348 0.390360 0.006348 0.391949 0.005859 0.393008 0.005859 0.395657 0.006348 0.396186 0.006348 0.397775 0.007080 0.396186 0.007324 0.397246 0.007812 0.397246 0.007812 0.396186 0.007080 0.395657 0.008789 0.394068 0.007568 0.394597 0.007080 0.393008 0.007324 0.390360 0.007080 0.390890
1 0.680908 0.387712 0.680420 0.387712 0.680176 0.389301 0.679443 0.389301 0.679443 0.390890 0.678711 0.391949 0.678711 0.393538 0.679688 0.394068 0.680176 0.393008 0.679932 0.391419 0.680420 0.390360 0.681641 0.390890 0.680908 0.389831
1 0.854736 0.386653 0.854004 0.387712 0.853760 0.389831 0.852783 0.390360 0.852539 0.393008 0.851318 0.395657 0.851318 0.397775 0.852051 0.395657 0.853027 0.396716 0.853516 0.395657 0.854248 0.395657 0.854736 0.398305 0.855225 0.397775 0.855469 0.399364 0.855957 0.397775 0.856689 0.397775 0.855469 0.396716 0.855225 0.397775 0.854492 0.396186 0.854980 0.395657 0.854248 0.394068 0.854248 0.392479 0.854736 0.391419 0.854248 0.390360 0.854248 0.388771 0.854980 0.388242
1 0.783936 0.388771 0.780273 0.390890 0.781250 0.388242 0.781006 0.387182 0.779541 0.389831 0.775879 0.385593 0.775391 0.389301 0.777100 0.389301 0.777344 0.391419 0.778809 0.390890 0.780762 0.393538 0.780029 0.395127 0.778564 0.393538 0.777588 0.394597 0.776611 0.393008 0.775879 0.394068 0.775391 0.393008 0.776611 0.390890 0.775635 0.390890 0.775391 0.392479 0.774414 0.390890 0.774170 0.391949 0.772461 0.391949 0.771973 0.393008 0.772461 0.395657 0.770996 0.397775 0.769775 0.394597 0.770752 0.393008 0.769287 0.391419 0.770508 0.389831 0.769775 0.390360 0.768555 0.388242 0.768066 0.389301 0.768799 0.389301 0.768799 0.390890 0.767090 0.390890 0.765869 0.389301 0.765625 0.394068 0.766602 0.399894 0.765625 0.402013 0.767090 0.400424 0.766846 0.402542 0.765625 0.403072 0.765625 0.404661 0.766846 0.405720 0.766602 0.417373 0.767334 0.417903 0.766602 0.416843 0.766846 0.413136 0.768066 0.410487 0.769531 0.411017 0.769531 0.417903 0.771484 0.418962 0.773193 0.417373 0.772705 0.416314 0.773193 0.414725 0.771973 0.415254 0.772461 0.415784 0.771973 0.417373 0.770752 0.417903 0.770264 0.416843 0.769531 0.396716 0.769043 0.398305 0.769043 0.395657 0.770020 0.395657 0.772949 0.402013 0.771729 0.404131 0.770996 0.403602 0.771484 0.407309 0.772705 0.405191 0.776123 0.410487 0.776855 0.407309 0.778076 0.408369 0.777588 0.406780 0.776611 0.407839 0.775635 0.406780 0.776611 0.404661 0.773926 0.404661 0.775635 0.403072 0.776367 0.395127 0.778320 0.395657 0.779053 0.394597 0.780029 0.397775 0.779785 0.395657 0.780518 0.394068 0.781738 0.394597 0.781250 0.391949 0.783447 0.390360
1 0.609863 0.388242 0.610107 0.389301 0.610107 0.388242 0.610596 0.387712 0.612305 0.390890 0.612793 0.390890 0.613281 0.388771 0.613525 0.389301 0.613037 0.388242 0.613281 0.385593 0.611328 0.385593 0.610596 0.387712
1 0.553223 0.385593 0.552246 0.385593 0.552002 0.386653 0.550781 0.386123 0.550781 0.387712 0.550049 0.387712 0.551025 0.394068 0.553467 0.394068 0.553467 0.389831 0.551514 0.389301 0.552246 0.388242 0.552246 0.386123 0.552734 0.386653 0.552734 0.387712 0.553223 0.387712
1 0.887939 0.384534 0.886719 0.386123 0.884766 0.386653 0.885254 0.387712 0.885254 0.390360 0.884766 0.390890 0.884766 0.394597 0.885254 0.395127 0.885254 0.396716 0.886230 0.396716 0.885498 0.395657 0.885986 0.394068 0.887451 0.394597 0.887451 0.393538 0.886475 0.393008 0.885498 0.389831 0.886475 0.388771 0.886230 0.388242 0.886719 0.387182 0.887451 0.388242
1 0.098145 0.387182 0.097900 0.387712 0.097168 0.386653 0.096924 0.387712 0.096191 0.386653 0.096680 0.386123 0.095703 0.384534 0.094482 0.389301 0.093506 0.389301 0.092773 0.388242 0.092773 0.390890 0.091797 0.394597 0.093506 0.393008 0.093506 0.391419 0.094727 0.391949 0.094482 0.390890 0.096436 0.387712 0.097412 0.389301 0.098145 0.388242
1 0.486816 0.384004 0.484131 0.387712 0.484619 0.388771 0.484375 0.389831 0.483887 0.389831 0.483154 0.387712 0.482422 0.387182 0.482178 0.385064 0.482178 0.386653 0.483398 0.389831 0.483154 0.391419 0.484131 0.390890 0.484619 0.389301 0.485596 0.389831 0.485596 0.390890 0.484375 0.391949 0.483398 0.394597 0.481201 0.389831 0.479980 0.392479 0.481445 0.390890 0.482910 0.395657 0.484375 0.396186 0.484375 0.397246 0.483398 0.398835 0.483154 0.398305 0.482178 0.400953 0.481201 0.399894 0.481201 0.398305 0.480713 0.398305 0.480469 0.399894 0.479736 0.398305 0.479492 0.400424 0.480225 0.402542 0.480225 0.401483 0.479492 0.400424 0.479736 0.399894 0.481445 0.400424 0.481445 0.406250 0.480713 0.406780 0.481201 0.408369 0.481201 0.410487 0.481689 0.409428 0.482422 0.411017 0.482666 0.410487 0.481934 0.408898 0.481934 0.406250 0.482178 0.405720 0.482666 0.406780 0.483154 0.405720 0.482178 0.403072 0.482422 0.400953 0.485352 0.406780 0.485840 0.406780 0.484863 0.404131 0.485352 0.403072 0.486572 0.403602 0.487305 0.402542 0.486816 0.402542 0.486084 0.400953 0.486084 0.399894 0.486816 0.398835 0.487549 0.399364 0.486572 0.397775 0.485352 0.398305 0.484375 0.396186 0.485840 0.394597 0.486816 0.395127 0.486328 0.394068 0.485840 0.394597 0.485107 0.393538 0.485840 0.391419 0.486328 0.391949 0.486084 0.393008 0.486572 0.391949 0.486328 0.390890 0.487061 0.389301 0.485840 0.389301 0.485107 0.387712
1 0.202881 0.385593 0.202148 0.384004 0.202148 0.386123 0.200684 0.388242 0.199951 0.387182 0.199951 0.385593 0.199219 0.385064 0.199463 0.386123 0.198730 0.386653 0.196777 0.390890 0.196777 0.393538 0.197266 0.391419 0.199219 0.390890 0.198242 0.388771 0.198486 0.387712 0.200928 0.389301 0.199463 0.392479 0.199951 0.392479 0.201660 0.387712 0.202148 0.387712
1 0.663818 0.383475 0.663330 0.383475 0.663086 0.384534 0.662598 0.384534 0.662598 0.383475 0.660156 0.384534 0.660156 0.388242 0.661865 0.388242 0.661621 0.391949 0.662354 0.391949 0.662109 0.391419 0.662598 0.389301 0.663818 0.388771
1 0.658691 0.383475 0.658691 0.386123 0.658203 0.386653 0.658203 0.390360 0.658691 0.390890 0.658691 0.397775 0.659180 0.398305 0.658691 0.399364 0.659180 0.401483 0.658203 0.401483 0.657959 0.402542 0.659180 0.402542 0.658203 0.404131 0.658203 0.408369 0.658691 0.408898 0.658691 0.411547 0.659424 0.411547 0.659180 0.411017 0.659912 0.410487 0.659912 0.407839 0.660400 0.409428 0.661865 0.408369 0.661865 0.406780 0.660156 0.406250 0.660400 0.404131 0.660645 0.405191 0.662354 0.405191 0.662598 0.403072 0.662842 0.404131 0.663086 0.403072 0.663818 0.403072 0.664795 0.400424 0.664062 0.400424 0.663818 0.401483 0.662598 0.401483 0.662354 0.400424 0.661377 0.399894 0.661377 0.398305 0.660889 0.400424 0.659668 0.399894 0.659912 0.397246 0.659424 0.396716 0.659424 0.389831 0.658936 0.388771
1 0.337402 0.383475 0.335938 0.384534 0.335938 0.389301 0.337158 0.387712 0.337158 0.386653 0.338135 0.385064 0.337646 0.385064
1 0.276367 0.383475 0.284180 0.405720 0.285156 0.399894 0.286133 0.400953 0.286133 0.406250 0.282959 0.407309 0.273682 0.397775 0.270752 0.398305 0.280518 0.411017 0.283203 0.411017 0.283203 0.414195 0.284180 0.412076 0.286621 0.414725 0.284180 0.416843 0.279053 0.411017 0.281494 0.416314 0.287354 0.417373 0.288330 0.420551 0.288818 0.418432 0.291992 0.424788 0.285889 0.420551 0.286133 0.423729 0.283447 0.424258 0.284180 0.427436 0.281982 0.426907 0.281006 0.423729 0.283691 0.418962 0.275879 0.423199 0.275635 0.415784 0.273926 0.417903 0.274658 0.421081 0.273193 0.425847 0.275391 0.428496 0.274902 0.422140 0.277344 0.427436 0.279785 0.422669 0.281250 0.435911 0.282959 0.431674 0.280762 0.430614 0.281494 0.426907 0.282471 0.429555 0.287109 0.429025 0.289307 0.441208 0.287598 0.443856 0.288086 0.453390 0.289062 0.450742 0.289795 0.453390 0.287354 0.456568 0.284424 0.452331 0.282471 0.457097 0.283936 0.457097 0.283203 0.460275 0.285156 0.462924 0.285156 0.468750 0.286865 0.466631 0.286621 0.462924 0.288574 0.466631 0.288818 0.461335 0.285889 0.462394 0.288086 0.457627 0.290771 0.466631 0.291748 0.465042 0.290527 0.462394 0.293701 0.460275 0.293701 0.453919 0.292480 0.458686 0.291504 0.457097 0.292969 0.450742 0.295654 0.449682 0.297363 0.443856 0.297119 0.449153 0.301270 0.451801 0.299805 0.448093 0.304443 0.447564 0.304443 0.443856 0.302002 0.440148 0.302002 0.432733 0.300537 0.435381 0.298584 0.432733 0.299316 0.429555 0.300537 0.430614 0.298584 0.423199 0.298828 0.416314 0.298340 0.425847 0.292969 0.424788 0.292969 0.421081 0.295898 0.422140 0.292969 0.417903 0.291504 0.419492 0.290283 0.411547 0.289795 0.415254 0.288086 0.415254 0.288330 0.406250 0.286377 0.406250 0.284424 0.396186 0.283203 0.398305 0.280029 0.392479 0.280273 0.389301 0.283203 0.391419 0.279297 0.382415 0.278564 0.385593
1 0.181885 0.381356 0.181152 0.381356 0.179932 0.382945 0.179688 0.381886 0.180664 0.380297 0.180176 0.380297 0.179932 0.381356 0.179688 0.380826 0.179443 0.383475 0.178467 0.383475 0.177979 0.385593 0.176758 0.385593 0.177490 0.388771 0.177246 0.389831 0.176758 0.389301 0.174805 0.390360 0.176025 0.390360 0.176270 0.391419 0.177002 0.391419 0.177734 0.393538 0.179688 0.394597 0.179932 0.394068 0.179443 0.393008 0.180420 0.391419 0.178467 0.390360 0.177979 0.389301 0.177979 0.387712 0.179688 0.382945 0.181885 0.382945
1 0.779785 0.381356 0.780273 0.381886 0.780518 0.380297 0.781494 0.380826 0.781738 0.381886 0.781006 0.383475 0.781738 0.382945 0.781738 0.381886 0.782959 0.382415 0.783447 0.379237 0.782959 0.380297 0.782471 0.379237 0.780518 0.379767
1 0.083496 0.393008 0.082764 0.393008 0.082031 0.398305 0.081787 0.395657 0.080811 0.398305 0.079590 0.398305 0.078857 0.396186 0.076904 0.397246 0.075439 0.392479 0.075928 0.390360 0.076660 0.391419 0.077393 0.390360 0.076416 0.389301 0.076904 0.388242 0.074951 0.383475 0.073730 0.385064 0.072998 0.381886 0.071777 0.381356 0.073486 0.379237 0.071289 0.379237 0.068848 0.381356 0.068604 0.383475 0.067627 0.383475 0.067627 0.385593 0.065430 0.382415 0.064453 0.383475 0.063477 0.387182 0.064941 0.389831 0.064941 0.391949 0.065674 0.387712 0.065674 0.389301 0.069092 0.388771 0.070068 0.380826 0.070801 0.381886 0.070312 0.384534 0.071289 0.381886 0.073486 0.384534 0.072998 0.386653 0.071289 0.386123 0.070557 0.389301 0.071289 0.387182 0.074219 0.389301 0.072021 0.393008 0.070557 0.390890 0.070801 0.391949 0.069092 0.394597 0.066895 0.393538 0.066650 0.392479 0.067383 0.391949 0.066406 0.391419 0.066406 0.394068 0.065186 0.395657 0.063232 0.393538 0.063232 0.389831 0.062500 0.390360 0.062500 0.396186 0.064697 0.395657 0.065918 0.398305 0.064453 0.401483 0.064697 0.405191 0.063477 0.405720 0.063965 0.410487 0.064941 0.408369 0.066406 0.408898 0.066162 0.411017 0.062988 0.414195 0.063965 0.417373 0.063477 0.419492 0.066650 0.416843 0.066162 0.415784 0.067383 0.407309 0.070312 0.414195 0.071289 0.414195 0.068115 0.403072 0.069336 0.400953 0.070068 0.402013 0.069336 0.404661 0.074219 0.402013 0.073730 0.394068 0.074463 0.394068 0.077393 0.400953 0.078857 0.400953 0.083740 0.397246 0.082764 0.395127
1 0.799316 0.401483 0.801514 0.402542 0.802246 0.411017 0.804932 0.411547 0.800781 0.414725 0.812012 0.422669 0.809082 0.424788 0.807373 0.421081 0.807617 0.425847 0.803711 0.428496 0.799805 0.425847 0.801025 0.429025 0.798828 0.433263 0.802002 0.433263 0.803955 0.439619 0.802246 0.434322 0.804932 0.432733 0.801758 0.432203 0.807861 0.432733 0.805908 0.429555 0.813232 0.425318 0.815186 0.433263 0.820068 0.438030 0.825928 0.436441 0.824463 0.433792 0.827393 0.431144 0.830078 0.433792 0.830078 0.430085 0.822754 0.431144 0.823242 0.434852 0.821289 0.435911 0.822021 0.432203 0.816162 0.425318 0.831543 0.419492 0.832520 0.430085 0.830566 0.429555 0.833740 0.435381 0.835449 0.447564 0.837158 0.446504 0.835693 0.440148 0.837158 0.432733 0.841309 0.439089 0.841309 0.446504 0.839355 0.448093 0.843262 0.455508 0.840576 0.450742 0.841797 0.442797 0.843994 0.449682 0.847900 0.446504 0.845459 0.436441 0.839600 0.432203 0.841553 0.429555 0.834961 0.431144 0.833740 0.426377 0.835693 0.425847 0.832764 0.419492 0.837158 0.417373 0.837402 0.424788 0.841797 0.423729 0.840576 0.420551 0.844971 0.424788 0.843750 0.413665 0.845459 0.410487 0.835449 0.411547 0.836426 0.415784 0.832275 0.417373 0.826660 0.397775 0.826416 0.386653 0.821045 0.377119 0.818359 0.381886 0.822998 0.386653 0.823730 0.395657 0.827148 0.402013 0.823242 0.399894 0.828125 0.404661 0.825684 0.406780 0.829590 0.410487 0.830811 0.418962 0.828125 0.416314 0.821045 0.422140 0.814209 0.421081 0.807861 0.408898 0.812744 0.404131 0.810791 0.396186 0.812256 0.398835 0.807129 0.405191 0.804688 0.402013 0.805908 0.409958 0.801270 0.405720 0.804199 0.400953 0.802979 0.396716
1 0.867188 0.380826 0.866211 0.379767 0.865967 0.381356 0.864258 0.381356 0.864014 0.378178 0.864502 0.377648 0.864502 0.376589 0.864258 0.377648 0.863770 0.377119 0.860840 0.378708 0.862305 0.380297 0.860352 0.381886 0.861816 0.382945 0.862061 0.384004 0.863037 0.382945 0.864014 0.385064 0.864502 0.382945 0.866699 0.382945 0.866211 0.382415
1 0.687500 0.383475 0.687012 0.381356 0.685547 0.381886 0.685547 0.379237 0.684326 0.379237 0.683594 0.376059 0.682617 0.377119 0.683350 0.377119 0.683838 0.378178 0.683594 0.379237 0.682861 0.379237 0.682373 0.380297 0.681885 0.379237 0.681152 0.379237 0.681152 0.380826 0.680420 0.380826 0.679932 0.379767 0.679932 0.381886 0.680664 0.382945 0.679688 0.384004 0.680176 0.384534 0.680176 0.385593 0.680908 0.385593 0.682129 0.382945 0.682617 0.382945 0.681641 0.382945 0.681152 0.381886 0.681396 0.380297 0.683105 0.380826 0.683594 0.382415 0.685303 0.381356
1 0.573730 0.376059 0.573242 0.376589 0.573730 0.379767 0.573242 0.380297 0.572998 0.379237 0.572021 0.378708 0.572266 0.379237 0.571289 0.380826 0.572266 0.382945 0.573242 0.381356 0.573975 0.381886 0.574219 0.378708 0.573730 0.377648
1 0.790039 0.375000 0.790527 0.376059 0.790527 0.378178 0.791504 0.378178 0.792236 0.379767 0.791748 0.381356 0.789551 0.381356 0.790039 0.382415 0.790039 0.384004 0.791260 0.383475 0.792480 0.380826 0.792969 0.381356 0.792969 0.382945 0.793701 0.382945 0.794189 0.384004 0.794678 0.382945 0.793457 0.380297 0.794434 0.379237 0.794678 0.380297 0.796387 0.381886 0.796875 0.380826 0.798096 0.380826 0.798584 0.381886 0.797607 0.379767 0.797119 0.376059 0.794678 0.375000 0.794434 0.376059 0.792480 0.377119 0.792236 0.376059 0.791260 0.376589
1 0.177490 0.378708 0.176025 0.376059 0.174316 0.376589 0.173340 0.376059 0.173096 0.375000 0.172852 0.378178 0.172363 0.378708 0.171875 0.376589 0.171875 0.378708 0.171143 0.380297 0.169434 0.380297 0.168457 0.378708 0.168701 0.378178 0.167725 0.377648 0.167725 0.376059 0.166992 0.376059 0.166992 0.378178 0.166016 0.378708 0.166504 0.379767 0.166260 0.380297 0.167480 0.381886 0.167969 0.380826 0.168945 0.381886 0.169434 0.380297 0.171631 0.380826 0.171875 0.378708 0.173584 0.378178 0.173828 0.377119 0.175049 0.377648 0.175049 0.376589 0.176025 0.376589 0.176758 0.378708
1 0.229492 0.374470 0.228271 0.375530 0.228271 0.378708 0.227295 0.381356 0.225586 0.384004 0.225098 0.386123 0.226562 0.384534 0.226562 0.386123 0.227783 0.385593 0.227051 0.384004 0.227783 0.383475 0.228027 0.380297 0.229736 0.377119 0.230713 0.378178
1 0.276123 0.373941 0.275635 0.381356 0.275146 0.379767 0.275635 0.381356 0.277100 0.380826 0.277588 0.377648
1 0.797363 0.390360 0.798584 0.390360 0.800781 0.387182 0.801758 0.387712 0.802002 0.388771 0.802734 0.386123 0.803467 0.386123 0.804199 0.389301 0.802979 0.389831 0.805176 0.391949 0.807861 0.393008 0.808350 0.392479 0.807129 0.391949 0.804443 0.389301 0.804688 0.387712 0.806396 0.387182 0.806885 0.386123 0.804688 0.385593 0.804688 0.382945 0.805908 0.382945 0.806396 0.381886 0.806641 0.383475 0.812744 0.384004 0.817139 0.382415 0.818115 0.378708 0.817383 0.380297 0.815186 0.380826 0.812744 0.377648 0.809326 0.376589 0.810547 0.378178 0.813477 0.378708 0.814697 0.380297 0.814453 0.381356 0.805908 0.381356 0.805908 0.379237 0.809814 0.379237 0.809570 0.378708 0.809082 0.379767 0.808105 0.378178 0.808594 0.377119 0.806641 0.374470 0.805908 0.375000 0.805176 0.373411 0.804199 0.375000 0.805664 0.376059 0.805420 0.378178 0.804688 0.377119 0.804688 0.378708 0.805176 0.379237 0.804688 0.382415 0.803955 0.383475 0.802246 0.383475 0.801758 0.382415 0.801514 0.384534 0.800781 0.383475 0.801025 0.384004 0.800293 0.386653 0.799072 0.386653 0.798340 0.385064 0.797363 0.385593 0.797363 0.387182 0.798340 0.386653 0.799561 0.387712
1 0.184570 0.375000 0.184570 0.377648 0.185547 0.379237 0.185547 0.380826 0.187500 0.382945 0.187012 0.384004 0.187500 0.384534 0.187012 0.386123 0.187744 0.386123 0.187988 0.384004 0.188721 0.386123 0.188232 0.382415 0.187256 0.380297 0.188232 0.378708 0.188965 0.375000 0.189697 0.374470 0.189209 0.374470 0.188477 0.376059 0.188477 0.377648 0.187256 0.380297 0.186279 0.379767 0.186523 0.377648 0.186035 0.377119 0.186523 0.375530 0.187256 0.375000 0.187256 0.373941 0.186279 0.373941 0.185303 0.375530 0.185303 0.376589 0.184814 0.376589
1 0.658203 0.372881 0.658203 0.374470 0.657715 0.375000 0.657715 0.377648 0.658447 0.376059 0.659180 0.376589 0.659180 0.377648 0.659912 0.377119 0.659912 0.375000 0.659424 0.375000 0.659180 0.372881
1 0.485596 0.372881 0.485352 0.374470 0.484375 0.373411 0.484619 0.376059 0.486084 0.376059 0.485352 0.379237 0.487793 0.376589 0.487061 0.376059 0.486572 0.377119 0.485840 0.374470 0.486084 0.373411
1 0.195312 0.373411 0.195801 0.377648 0.197510 0.379237 0.196289 0.380826 0.197266 0.381886 0.197266 0.380826 0.197998 0.380826 0.198730 0.382415 0.198242 0.384004 0.198975 0.384004 0.198730 0.381356 0.198242 0.380297 0.198730 0.379237 0.199707 0.381356 0.199707 0.384004 0.201416 0.384004 0.201416 0.382945 0.200439 0.382415 0.200684 0.377119 0.201172 0.375530 0.202881 0.378178 0.202881 0.379767 0.202393 0.380297 0.202881 0.381886 0.203125 0.375530 0.202637 0.376059 0.202393 0.375000 0.200684 0.375000 0.199951 0.377119 0.198730 0.377648 0.197510 0.375530 0.197754 0.374470 0.198242 0.375000 0.198242 0.373941 0.197266 0.372881
1 0.053711 0.372881 0.054199 0.373411 0.053711 0.373941 0.053711 0.376589 0.054932 0.378708 0.055908 0.378708 0.056152 0.377119 0.057373 0.376589 0.057617 0.375530 0.056152 0.375000 0.055908 0.376059 0.054688 0.376059 0.054443 0.373411
1 0.880859 0.373941 0.881348 0.374470 0.881348 0.375530 0.883057 0.376059 0.884033 0.377648 0.884033 0.375000 0.884521 0.374470 0.883545 0.374470 0.882080 0.371822 0.881592 0.373941
1 0.306641 0.386653 0.309326 0.392479 0.308594 0.394068 0.308838 0.397246 0.309814 0.394068 0.309326 0.390890 0.310059 0.389301 0.310791 0.389831 0.311035 0.392479 0.311523 0.392479 0.311768 0.390890 0.312256 0.393538 0.312988 0.390360 0.314941 0.395127 0.315186 0.397775 0.314209 0.399364 0.315430 0.401483 0.317871 0.399894 0.318115 0.400953 0.317383 0.403072 0.319580 0.402013 0.318115 0.400424 0.319092 0.396716 0.320312 0.398835 0.320312 0.402013 0.320312 0.400424 0.321045 0.399364 0.321045 0.398305 0.319580 0.397246 0.320068 0.391949 0.319824 0.392479 0.319336 0.390890 0.320068 0.389831 0.320068 0.387712 0.320557 0.387182 0.321045 0.389301 0.322510 0.389301 0.322510 0.388242 0.322021 0.388771 0.321289 0.386653 0.321533 0.384534 0.322510 0.386123 0.321777 0.384004 0.320557 0.384534 0.320312 0.387182 0.319336 0.385593 0.318604 0.379767 0.319092 0.378708 0.318604 0.377648 0.319092 0.376059 0.318359 0.375000 0.318359 0.376589 0.317871 0.377119 0.315430 0.371822 0.314453 0.373411 0.314941 0.374470 0.316162 0.374470 0.316406 0.376589 0.317627 0.376589 0.318604 0.379767 0.318359 0.380826 0.318115 0.380297 0.318359 0.384004 0.317871 0.385593 0.318359 0.387182 0.317627 0.391419 0.317383 0.398305 0.316650 0.400424 0.315430 0.399364 0.315430 0.393538 0.314697 0.391949 0.315430 0.390890 0.316162 0.392479 0.316406 0.388242 0.317139 0.387182 0.316406 0.387182 0.315674 0.385593 0.313721 0.386653 0.312744 0.384534 0.313721 0.381886 0.311279 0.386123 0.310303 0.384534 0.310791 0.386123 0.309570 0.387182 0.310303 0.388242 0.309814 0.389301 0.309326 0.388771 0.308838 0.390360 0.308350 0.388771 0.307373 0.388242 0.307373 0.387182 0.308105 0.387712 0.308105 0.386653
1 0.735596 0.371822 0.736084 0.372881 0.736572 0.372881 0.736572 0.371292 0.737549 0.371822 0.739258 0.376589 0.740723 0.378708 0.741211 0.381886 0.742188 0.381356 0.743164 0.383475 0.744141 0.384004 0.743896 0.381356 0.740723 0.376059 0.740479 0.373941 0.740967 0.372352 0.739502 0.373941 0.738770 0.371822
1 0.716064 0.370763 0.715332 0.370763 0.714844 0.371822 0.714844 0.373411 0.713867 0.375000 0.712891 0.375000 0.712891 0.376589 0.712402 0.377119 0.713379 0.377648 0.715332 0.380826 0.715332 0.381886 0.714600 0.383475 0.713623 0.381356 0.711914 0.381356 0.711670 0.382415 0.710938 0.380297 0.711426 0.381356 0.710449 0.384004 0.709961 0.381886 0.709473 0.382415 0.710205 0.384004 0.710693 0.387712 0.709717 0.389831 0.708984 0.389831 0.708740 0.388771 0.707764 0.388242 0.709473 0.391949 0.709473 0.394597 0.708496 0.397775 0.708984 0.398835 0.708252 0.401483 0.708496 0.403072 0.708496 0.400953 0.709473 0.403072 0.708984 0.403602 0.708984 0.406250 0.709473 0.404131 0.709961 0.404661 0.709961 0.403602 0.709229 0.402013 0.709961 0.394597 0.710449 0.393538 0.711182 0.395127 0.712402 0.394597 0.710938 0.393538 0.710449 0.391949 0.711426 0.389831 0.712158 0.390890 0.712402 0.390360 0.711426 0.388242 0.711914 0.383475 0.713867 0.383475 0.714600 0.386123 0.714355 0.387182 0.715088 0.384004 0.716797 0.380826 0.716064 0.377648 0.715088 0.377648 0.714600 0.376059 0.714844 0.374470 0.716309 0.372881 0.715820 0.371292
1 0.019775 0.370763 0.019287 0.372881 0.018555 0.372881 0.018066 0.373941 0.018066 0.375530 0.018555 0.376589 0.017822 0.378178 0.017334 0.377119 0.016846 0.378178 0.016113 0.378178 0.015869 0.377119 0.015137 0.377119 0.013916 0.375000 0.012207 0.375000 0.011719 0.376589 0.012695 0.378178 0.012695 0.379767 0.014404 0.382415 0.014160 0.382945 0.014648 0.384004 0.015137 0.384004 0.015381 0.382945 0.015625 0.384004 0.016357 0.384004 0.016846 0.382945 0.018311 0.382945 0.018555 0.381886 0.019287 0.381886 0.019775 0.380826
1 0.049316 0.370763 0.049316 0.372352 0.049561 0.370763 0.050537 0.371822 0.050049 0.372352 0.050293 0.373411 0.052979 0.372352 0.052979 0.370763 0.052490 0.369703 0.049805 0.369703
1 0.761230 0.369174 0.760742 0.369174 0.760254 0.371292 0.761475 0.372881 0.761230 0.373411 0.760498 0.373411 0.759521 0.370763 0.758301 0.371822 0.758301 0.374470 0.759277 0.377119 0.761963 0.373411 0.761230 0.372352
1 0.437012 0.370763 0.436035 0.370763 0.435791 0.371822 0.434326 0.372881 0.433350 0.371292 0.433350 0.370233 0.434082 0.369174 0.432129 0.371292 0.430908 0.375000 0.429688 0.375000 0.428955 0.378178 0.428467 0.377648 0.428711 0.376059 0.428223 0.376059 0.427734 0.377119 0.427734 0.378708 0.427246 0.379237 0.427246 0.380826 0.428223 0.380826 0.428955 0.379237 0.431152 0.377648
1 0.559082 0.373411 0.559082 0.375000 0.559570 0.376059 0.559326 0.378178 0.559814 0.377648 0.559814 0.376059 0.560303 0.375000 0.562012 0.377648 0.561279 0.378708 0.560791 0.378178 0.560059 0.379767 0.560547 0.380826 0.560547 0.382415 0.561279 0.382415 0.561523 0.384004 0.562256 0.383475 0.562256 0.381356 0.561768 0.380297 0.562012 0.377648 0.562500 0.378178 0.562500 0.379767 0.562500 0.378708 0.563232 0.378178 0.564209 0.378708 0.564697 0.380826 0.565430 0.380826 0.565186 0.379237 0.565918 0.378708 0.565674 0.378178 0.566162 0.377119 0.567139 0.377648 0.566650 0.376059 0.566895 0.374470 0.567383 0.376589 0.567871 0.376589 0.567871 0.374470 0.566895 0.372352 0.566650 0.373941 0.566162 0.373411 0.565186 0.369703 0.563477 0.369703 0.562500 0.370763 0.561279 0.368644 0.561035 0.370233 0.562012 0.369703 0.562500 0.370763 0.561768 0.371822 0.561279 0.371292 0.560791 0.372881
1 0.621826 0.367585 0.620605 0.367585 0.620117 0.369174 0.619385 0.368644 0.621094 0.369703 0.621094 0.373941 0.621826 0.372881 0.622314 0.370763 0.621826 0.370233
1 0.140625 0.367055 0.140625 0.372352 0.140137 0.372881 0.139893 0.371822 0.139404 0.371822 0.139648 0.377119 0.138916 0.379237 0.138672 0.384534 0.140137 0.385593 0.141113 0.384534 0.140869 0.376059 0.139893 0.373941 0.141357 0.371292 0.140869 0.369703 0.141846 0.368114
1 0.502930 0.368644 0.502930 0.370233 0.503906 0.369703 0.504883 0.371292 0.505371 0.369174 0.506348 0.369174 0.504639 0.366525 0.504639 0.368114 0.504150 0.369174
1 0.115479 0.365996 0.114258 0.374470 0.115479 0.375000
1 0.763672 0.364407 0.763184 0.365466 0.763672 0.367055 0.763184 0.367585 0.762451 0.372881 0.763428 0.372881 0.763916 0.373941 0.764160 0.372352 0.764648 0.373411 0.764648 0.376589 0.765381 0.377119 0.764893 0.378178 0.765137 0.380826 0.764893 0.379767 0.765869 0.376589 0.765869 0.372881 0.765381 0.371822 0.764893 0.372881 0.764404 0.372352 0.764404 0.370763 0.764893 0.369703 0.764404 0.370763 0.763916 0.369703 0.763916 0.368644 0.764404 0.368114 0.764404 0.364407
1 0.714600 0.365466 0.713623 0.368644 0.712402 0.368644 0.711670 0.367055 0.711670 0.364407 0.709717 0.364936 0.709473 0.365996 0.710205 0.365996 0.710449 0.364936 0.710938 0.365466 0.710938 0.370233 0.708984 0.371822 0.708984 0.373411 0.708496 0.373941 0.708984 0.377648 0.710205 0.377648 0.710938 0.375000 0.711670 0.375000 0.712402 0.372352 0.713135 0.372352 0.714600 0.369174
1 0.802734 0.368644 0.804688 0.368644 0.805176 0.369703 0.804199 0.371292 0.803223 0.370763 0.803711 0.371822 0.806885 0.370763 0.809814 0.374470 0.812988 0.375530 0.811768 0.373411 0.810303 0.373941 0.808594 0.371822 0.807617 0.371822 0.807617 0.369703 0.808594 0.368644 0.810547 0.371822 0.812988 0.371292 0.814941 0.369174 0.813477 0.370233 0.811035 0.369703 0.810059 0.368114 0.808105 0.367055 0.806641 0.362818 0.805908 0.365996 0.805664 0.364936 0.804443 0.365466 0.804199 0.366525 0.803223 0.366525 0.803223 0.368114
1 0.697266 0.364407 0.699707 0.364407 0.700439 0.366525 0.699951 0.367585 0.699219 0.367055 0.699463 0.365996 0.697998 0.366525 0.698730 0.368114 0.698242 0.369703 0.697754 0.369703 0.697754 0.372352 0.698242 0.372881 0.698242 0.373941 0.698486 0.372881 0.697754 0.371822 0.697754 0.370763 0.698242 0.370233 0.698975 0.371292 0.699219 0.369703 0.700928 0.368114 0.701172 0.368644 0.700195 0.371292 0.701416 0.375530 0.702637 0.372352 0.703125 0.372881 0.703125 0.374470 0.703857 0.374470 0.703369 0.373941 0.703369 0.372352 0.702637 0.370763 0.703125 0.369174 0.704346 0.369703 0.704346 0.366525 0.704834 0.365996 0.704346 0.364407 0.703369 0.364407 0.703613 0.367585 0.702881 0.369174 0.700928 0.365466 0.700928 0.363347 0.700195 0.363347 0.699707 0.362288 0.698486 0.363877 0.697754 0.363347
1 0.793457 0.361229 0.792969 0.361229 0.793213 0.363877 0.791260 0.368644 0.791992 0.370233 0.791992 0.368114 0.793701 0.368644 0.793701 0.365466 0.793213 0.364936 0.794189 0.363877 0.793457 0.362818
1 0.302246 0.360169 0.302979 0.362818 0.301025 0.363877 0.302734 0.364407 0.302490 0.371292 0.300537 0.376589 0.301270 0.375530 0.302246 0.376589 0.303223 0.373411 0.302734 0.372881 0.302734 0.367585 0.303223 0.364936 0.302979 0.362288
1 0.188232 0.360169 0.187500 0.360169 0.187256 0.361229 0.185547 0.360169 0.185303 0.361758 0.184326 0.360169 0.183594 0.360169 0.183350 0.359110 0.182617 0.359110 0.182617 0.361758 0.182129 0.362288 0.182129 0.365996 0.182617 0.366525 0.182617 0.369174 0.183350 0.369174 0.183350 0.367585 0.184326 0.367055 0.184814 0.369703 0.184570 0.371292 0.185059 0.369703 0.184814 0.368114 0.186279 0.364407 0.186523 0.362288
1 0.591797 0.358581 0.591797 0.360169 0.590820 0.361229 0.591797 0.363347 0.592773 0.363877 0.593018 0.361229 0.592773 0.361758 0.592285 0.359110
1 0.691895 0.356462 0.691406 0.355932 0.691162 0.357521 0.690674 0.356462 0.690186 0.357521 0.690186 0.360699 0.689453 0.359640 0.689453 0.360699 0.688721 0.361229 0.688477 0.360169 0.688232 0.361758 0.688721 0.363877 0.687988 0.363877 0.687988 0.366525 0.688477 0.367585 0.689453 0.366525 0.689697 0.364936 0.689209 0.364407 0.690430 0.362288 0.691406 0.364407 0.692383 0.362818 0.692139 0.361229 0.692627 0.360699 0.692627 0.359110
1 0.672119 0.354873 0.671875 0.355932 0.672363 0.356992 0.671875 0.357521 0.671875 0.359110 0.672363 0.359640 0.670898 0.361758 0.671631 0.362818 0.672363 0.360699 0.673340 0.360699 0.673096 0.358581 0.673584 0.358051 0.673340 0.355932 0.672852 0.356992
1 0.022461 0.360699 0.023193 0.359640 0.023682 0.361758 0.024414 0.359640 0.025146 0.359640 0.025391 0.358581 0.026611 0.358581 0.026123 0.357521 0.026123 0.355932 0.027100 0.354873 0.023438 0.354873 0.023438 0.357521 0.022461 0.359110
1 0.772217 0.355932 0.770508 0.354873 0.771240 0.354343 0.771240 0.353284 0.770020 0.353284 0.770020 0.356462 0.769531 0.356992 0.769287 0.355932 0.767090 0.358581 0.766602 0.358051 0.766602 0.359640 0.767090 0.360699 0.765381 0.361229 0.766113 0.363877 0.768555 0.363877 0.768311 0.361229 0.767578 0.360169 0.769043 0.357521
1 0.119873 0.354873 0.119141 0.353284 0.118408 0.353284 0.116699 0.358051 0.114746 0.358051 0.112061 0.360699 0.115723 0.359640 0.118164 0.357521
1 0.811768 0.353284 0.812012 0.354873 0.813965 0.358051 0.815918 0.357521 0.817139 0.360699 0.818359 0.360699 0.819336 0.362288 0.819336 0.360169 0.817871 0.360169 0.816650 0.358581 0.817139 0.356992 0.818115 0.358581 0.819092 0.358051 0.819824 0.359110 0.821533 0.359110 0.822266 0.360169 0.822510 0.358581 0.820801 0.358581 0.818359 0.355403 0.815918 0.354873 0.814697 0.352754
1 0.233643 0.350636 0.235352 0.364407 0.235840 0.365996 0.236328 0.365996 0.235352 0.361758 0.234375 0.351165
1 0.698242 0.353814 0.698242 0.354873 0.699463 0.355932 0.699707 0.354873 0.700684 0.355403 0.700928 0.356992 0.700195 0.359640 0.700928 0.361758 0.701904 0.362818 0.702148 0.361229 0.706787 0.361758 0.707031 0.363347 0.707764 0.363347 0.707764 0.364936 0.707275 0.365466 0.707520 0.365996 0.708252 0.365996 0.708008 0.364936 0.708740 0.364407 0.708008 0.364936 0.707764 0.363877 0.708252 0.363347 0.707764 0.362818 0.707764 0.361758 0.707275 0.361758 0.704834 0.356992 0.705078 0.355403 0.704346 0.353814 0.705078 0.353284 0.704102 0.350106 0.703613 0.351695 0.701904 0.351165 0.700684 0.353814
1 0.761475 0.350106 0.761475 0.355932 0.761963 0.356992 0.761719 0.361758 0.762451 0.361758 0.762695 0.360699 0.764404 0.361758 0.765381 0.360169 0.764648 0.359110 0.765137 0.355932 0.764404 0.358051 0.763672 0.357521 0.763428 0.359640 0.761963 0.357521 0.761963 0.355932 0.763428 0.355403 0.762939 0.354343 0.763672 0.353284 0.765381 0.352754 0.764160 0.352754 0.762207 0.349576 0.761963 0.350636
1 0.817139 0.349047 0.818115 0.349047 0.818359 0.350106 0.819824 0.351165 0.820801 0.350636 0.823730 0.359640 0.823975 0.362818 0.826416 0.367055 0.827393 0.367585 0.826904 0.367055 0.826660 0.364936 0.827393 0.363347 0.826172 0.362818 0.823975 0.359110 0.823486 0.356992 0.822510 0.355403 0.822021 0.351695 0.818604 0.349047
1 0.522705 0.349047 0.521729 0.352754 0.521240 0.351695 0.520996 0.353284 0.521729 0.355403 0.521484 0.357521 0.520020 0.357521 0.521240 0.359110 0.520996 0.360169 0.521484 0.361229 0.521484 0.358581 0.522217 0.357521 0.521973 0.355403 0.522461 0.354873 0.523682 0.356992 0.523193 0.355403 0.525146 0.352754 0.524414 0.353284 0.523682 0.350636 0.523193 0.351165
1 0.139160 0.370763 0.138184 0.370763 0.137451 0.372881 0.136230 0.372881 0.136475 0.368644 0.132324 0.367585 0.129883 0.363877 0.129883 0.359110 0.131104 0.355932 0.131836 0.358051 0.132080 0.361758 0.133789 0.365996 0.134766 0.366525 0.135254 0.363347 0.136230 0.364936 0.135986 0.361758 0.134277 0.358051 0.134766 0.357521 0.134521 0.356462 0.132324 0.355932 0.132812 0.357521 0.133301 0.356462 0.133789 0.356992 0.133789 0.360699 0.133301 0.361229 0.132812 0.360169 0.132812 0.361229 0.132324 0.361229 0.131592 0.357521 0.132080 0.353284 0.131104 0.352225 0.130859 0.347987 0.130615 0.351165 0.129883 0.352225 0.130615 0.355932 0.129639 0.361229 0.127930 0.360169 0.127441 0.362288 0.126465 0.362288 0.125000 0.358581 0.125244 0.360169 0.124756 0.361229 0.121582 0.362818 0.119141 0.361758 0.121826 0.367055 0.121826 0.369703 0.118408 0.375530 0.121094 0.374470 0.122314 0.375530 0.122803 0.372881 0.125977 0.368644 0.128418 0.368644 0.128906 0.369703 0.126709 0.372881 0.130615 0.373941 0.131592 0.368644 0.132324 0.368114 0.132812 0.369174 0.132812 0.373411 0.133301 0.373941 0.132812 0.376589 0.130859 0.376589 0.129395 0.378708 0.133545 0.379767 0.135742 0.382415 0.136230 0.377119 0.137695 0.378708 0.137451 0.373411
1 0.628906 0.352754 0.628906 0.357521 0.630615 0.357521 0.631836 0.355403 0.633057 0.355403 0.633789 0.356462 0.633789 0.357521 0.634521 0.357521 0.635010 0.358581 0.635010 0.356992 0.635498 0.356462 0.633301 0.355932 0.632568 0.354343 0.632568 0.348517 0.632080 0.347458 0.630615 0.351695
1 0.172852 0.360699 0.173340 0.361758 0.174561 0.361758 0.173828 0.359640 0.174072 0.358051 0.175293 0.358051 0.175781 0.356992 0.176270 0.357521 0.176270 0.358581 0.176758 0.358581 0.176758 0.359640 0.177979 0.359640 0.178223 0.358581 0.178955 0.358581 0.178223 0.358051 0.177490 0.355932 0.176025 0.355403 0.176758 0.353284 0.177979 0.353284 0.178223 0.355403 0.179688 0.356462 0.179932 0.360699 0.180176 0.359640 0.180908 0.359640 0.179932 0.358051 0.180420 0.355932 0.181396 0.354873 0.179932 0.353284 0.180420 0.352225 0.181396 0.352754 0.181396 0.351695 0.179932 0.349047 0.179688 0.347458 0.179688 0.350106 0.179199 0.351165 0.177734 0.351165 0.176758 0.349576 0.175781 0.351695 0.175293 0.347458 0.175293 0.349047 0.174805 0.349576 0.174805 0.354343 0.173828 0.355932 0.173828 0.358581 0.172852 0.359110
1 0.707275 0.346928 0.707764 0.349047 0.707520 0.350106 0.707031 0.350106 0.707520 0.351165 0.707275 0.351695 0.708740 0.354873 0.708008 0.356992 0.708984 0.358051 0.708740 0.359110 0.708252 0.359110 0.708740 0.359640 0.708496 0.360699 0.709473 0.358051 0.710449 0.358581 0.710938 0.356462 0.712158 0.356462 0.712646 0.359640 0.713135 0.357521 0.713623 0.357521 0.713379 0.356462 0.714355 0.355403 0.715088 0.355403 0.715332 0.356462 0.717041 0.356462 0.717285 0.357521 0.718262 0.355932 0.717041 0.355403 0.717041 0.353814 0.717529 0.353284 0.717285 0.349576 0.716797 0.350636 0.715332 0.350636 0.715332 0.351695 0.715820 0.351695 0.716309 0.353284 0.715332 0.353814 0.715088 0.354873 0.713379 0.354873 0.713135 0.355932 0.710938 0.356462 0.710449 0.355403 0.710449 0.353814 0.710205 0.356462 0.709473 0.356992 0.708984 0.355932 0.708252 0.349047 0.708740 0.347987
1 0.332275 0.346398 0.331543 0.347458 0.331543 0.348517 0.332275 0.350106 0.331299 0.351165 0.330566 0.350636 0.330322 0.347458 0.329834 0.349576 0.329346 0.347987 0.328613 0.348517 0.329834 0.350106 0.328613 0.352754 0.328613 0.354873 0.329834 0.352225 0.330566 0.353814 0.329834 0.355403 0.329834 0.358051 0.331299 0.357521 0.331787 0.358581 0.331055 0.359640 0.331787 0.359640 0.332031 0.360699 0.333740 0.358581 0.333252 0.356992 0.332275 0.356992 0.332031 0.355403 0.331299 0.355403 0.332031 0.355932 0.331787 0.358051 0.330566 0.355932 0.331299 0.352225 0.332520 0.350636
1 0.625000 0.355932 0.623779 0.353814 0.622803 0.353814 0.622314 0.354873 0.621826 0.353814 0.622314 0.353284 0.621826 0.352754 0.622070 0.351165 0.621826 0.350636 0.621338 0.351695 0.620361 0.350106 0.621338 0.354343 0.622559 0.355932 0.622314 0.356992 0.621094 0.356462 0.619141 0.351695 0.619141 0.349576 0.617920 0.348517 0.618408 0.346928 0.619141 0.347987 0.618896 0.346398 0.617676 0.346928 0.616699 0.345869 0.615723 0.347458 0.613525 0.347458 0.613281 0.349576 0.613770 0.351695 0.613281 0.352754 0.613281 0.355403 0.614014 0.355403 0.614258 0.356462 0.613281 0.356992 0.613037 0.359110 0.611572 0.356992 0.609863 0.356992 0.609375 0.361758 0.608398 0.363877 0.607666 0.362288 0.607666 0.358581 0.606934 0.357521 0.607422 0.362288 0.606934 0.363877 0.608398 0.365466 0.608887 0.367055 0.608154 0.368114 0.605957 0.368114 0.607422 0.370233 0.608887 0.370233 0.608643 0.369174 0.607910 0.370233 0.607178 0.368644 0.609131 0.367585 0.609131 0.365996 0.610107 0.364407 0.609375 0.364407 0.609131 0.362818 0.610107 0.362818 0.610107 0.360699 0.611816 0.360169 0.612061 0.359110 0.613037 0.360169 0.612305 0.362818 0.612793 0.362818 0.613037 0.359110 0.614014 0.360169 0.614014 0.362818 0.614746 0.361758 0.615967 0.361758 0.616211 0.359110 0.617188 0.358581 0.616211 0.356992 0.616211 0.351165 0.617920 0.354873 0.618164 0.359110 0.618652 0.360169 0.617188 0.360699 0.617920 0.361758 0.620605 0.361758 0.621582 0.360699 0.621826 0.362818 0.622314 0.359640 0.623047 0.359110 0.622070 0.358581 0.623535 0.354343 0.624268 0.355932
1 0.713623 0.346398 0.713135 0.346928 0.713135 0.345339 0.712402 0.345339 0.712158 0.344280 0.711182 0.344280 0.711426 0.345339 0.710938 0.346398 0.709229 0.346398 0.709961 0.347458 0.709717 0.348517 0.710205 0.349047 0.709473 0.351695 0.710693 0.352225 0.710693 0.349576 0.711182 0.348517 0.712891 0.349047 0.712891 0.347987
1 0.310059 0.344280 0.306885 0.351695 0.306885 0.358051 0.307617 0.358581 0.307129 0.359640 0.301758 0.355403 0.299561 0.355403 0.302734 0.357521 0.302979 0.359110 0.303955 0.358051 0.305908 0.360169 0.306152 0.361229 0.305176 0.363347 0.305420 0.364407 0.307129 0.361758 0.307617 0.362818 0.305176 0.370233 0.305176 0.371292 0.305420 0.370763 0.306396 0.372881 0.308105 0.373941 0.309570 0.376589 0.309570 0.380297 0.307129 0.382415 0.307617 0.384534 0.310791 0.381886 0.312256 0.382415 0.312256 0.381356 0.312988 0.380826 0.311768 0.381356 0.311279 0.380297 0.311768 0.379237 0.310791 0.377648 0.311035 0.375000 0.312256 0.372881 0.311768 0.369703 0.310791 0.370233 0.310547 0.372352 0.309082 0.373411 0.306885 0.372352 0.305664 0.370233 0.306396 0.368644 0.306396 0.367055 0.308594 0.370233 0.310059 0.367055 0.310791 0.369174 0.311279 0.368644 0.310059 0.365996 0.309570 0.365996 0.308594 0.368644 0.307129 0.365466 0.308105 0.363877 0.308838 0.365996 0.308838 0.362818 0.310791 0.364936 0.310303 0.363877 0.310059 0.360169 0.310547 0.359110 0.311523 0.359110 0.309570 0.358051 0.308350 0.358581 0.307617 0.357521 0.308838 0.355932 0.311035 0.356462 0.310791 0.355403 0.308594 0.355403 0.308105 0.354343 0.308350 0.352754 0.309814 0.351695 0.309570 0.351165 0.308594 0.352754 0.308105 0.351695 0.310303 0.345869
1 0.664795 0.342161 0.664551 0.346398 0.661377 0.353284 0.658447 0.361758 0.659912 0.358581 0.660156 0.360699 0.659424 0.361758 0.660156 0.361758 0.660156 0.360699 0.661377 0.360699 0.661865 0.363877 0.662354 0.362818 0.663818 0.362818 0.665527 0.365466 0.666016 0.367055 0.665527 0.368644 0.663574 0.368644 0.660645 0.370233 0.660156 0.369703 0.660400 0.368644 0.660156 0.370763 0.660889 0.371822 0.661377 0.371292 0.662354 0.373941 0.662109 0.375000 0.661377 0.373941 0.660645 0.375000 0.661133 0.375530 0.661133 0.377648 0.661865 0.376589 0.662598 0.377648 0.665283 0.376589 0.666016 0.378178 0.666016 0.380297 0.667236 0.380826 0.666016 0.382945 0.667236 0.382945 0.667480 0.381886 0.668213 0.381886 0.668213 0.380826 0.669189 0.380826 0.667969 0.380826 0.667480 0.379767 0.668213 0.378178 0.668701 0.379237 0.668945 0.377119 0.670166 0.376589 0.670166 0.373941 0.669678 0.373411 0.670654 0.371292 0.670654 0.367055 0.669922 0.361758 0.670654 0.360169 0.669678 0.360699 0.668945 0.359110 0.669678 0.358581 0.669922 0.355403 0.671143 0.354873 0.669678 0.352225 0.669434 0.353284 0.668701 0.353284 0.668213 0.352225 0.667969 0.353284 0.668457 0.352754 0.668701 0.354873 0.667480 0.356462 0.666016 0.362288 0.663086 0.362818 0.662842 0.361229 0.667236 0.351165 0.666992 0.350636 0.666748 0.351695 0.665527 0.351695 0.664795 0.350106
1 0.609863 0.341102 0.609619 0.342161 0.610107 0.343750 0.610107 0.346398 0.610596 0.347458 0.610352 0.353284 0.610840 0.353814 0.611328 0.352754 0.610352 0.352225 0.611084 0.350636 0.612061 0.351695 0.612061 0.350106 0.611572 0.350106 0.610840 0.348517 0.610840 0.346398 0.612061 0.345339 0.612549 0.343220 0.612061 0.342161 0.611328 0.342161 0.611084 0.341102
1 0.554443 0.341102 0.553711 0.342161 0.553711 0.343750 0.553223 0.344280 0.553223 0.346398 0.553711 0.346928 0.553711 0.347987 0.553223 0.349047 0.552979 0.347458 0.552979 0.349047 0.554443 0.349047 0.554199 0.346928 0.554688 0.345869 0.553955 0.344809 0.554199 0.343750 0.554443 0.344280
1 0.452393 0.341102 0.449951 0.344809 0.450684 0.346398 0.450439 0.347458 0.448975 0.346928 0.449219 0.350106 0.449951 0.350106 0.452881 0.344280 0.452881 0.342161
1 0.175293 0.341102 0.174805 0.342161 0.174805 0.343750 0.176025 0.345869 0.176025 0.346928 0.177490 0.346928 0.177979 0.349047 0.177979 0.346928 0.178467 0.345869 0.177979 0.344280 0.178467 0.343220 0.177979 0.344280 0.176758 0.344280 0.176514 0.345339 0.175781 0.345339 0.175293 0.343750
1 0.028809 0.342691 0.029541 0.344809 0.031006 0.344809 0.030762 0.340572 0.030029 0.340572
1 0.519287 0.340042 0.516846 0.344809 0.516113 0.342161 0.515625 0.342161 0.515381 0.344809 0.513672 0.342691 0.513184 0.343220 0.514648 0.343750 0.514893 0.344809 0.517090 0.344809 0.517334 0.343220 0.518066 0.342161 0.518555 0.342691 0.518311 0.345339 0.517578 0.344280 0.518066 0.345869 0.517578 0.346398 0.517822 0.347458 0.517334 0.348517 0.516846 0.347987 0.516846 0.349047 0.517578 0.349047 0.517822 0.350106 0.515869 0.354343 0.517334 0.352754 0.518311 0.354873 0.518555 0.356992 0.517578 0.359110 0.518066 0.360699 0.518066 0.358581 0.519531 0.358581 0.518555 0.355932 0.518555 0.350636 0.519287 0.349047 0.519775 0.349047 0.519775 0.350636 0.520264 0.351695 0.520996 0.349047 0.522217 0.347458 0.522949 0.347458 0.523193 0.346398 0.522217 0.347458 0.521729 0.346398 0.522461 0.345339 0.520508 0.345339 0.519531 0.342691
1 0.052979 0.340572 0.052246 0.343220 0.052734 0.344280 0.052734 0.345869 0.053955 0.345869 0.054199 0.344809 0.054688 0.346398 0.052246 0.349047 0.052246 0.352225 0.052979 0.353284 0.054443 0.352754 0.054688 0.353814 0.055908 0.353284 0.056396 0.352225 0.056396 0.350636 0.055908 0.350106 0.055664 0.347458 0.057373 0.346928 0.057617 0.351165 0.058105 0.352225 0.057617 0.352754 0.057129 0.355932 0.057861 0.355403 0.058350 0.356462 0.057861 0.358051 0.057373 0.356992 0.056396 0.359110 0.055664 0.358051 0.055664 0.356462 0.055664 0.358581 0.056641 0.360699 0.057617 0.361229 0.057617 0.364936 0.058594 0.365996 0.059082 0.365466 0.059082 0.364407 0.058350 0.362818 0.058350 0.355403 0.058838 0.354873 0.058350 0.354343 0.058350 0.352754 0.060791 0.350106 0.059570 0.350106 0.058838 0.348517 0.058594 0.345869 0.058105 0.347458 0.057861 0.345339 0.055908 0.342691 0.055908 0.340042 0.054688 0.340042 0.054443 0.342161 0.053955 0.341102 0.053223 0.341631
1 0.062012 0.338983 0.061035 0.341102 0.061035 0.342691 0.062500 0.344809 0.062500 0.346398 0.062988 0.346398 0.062500 0.345339 0.063232 0.344809 0.063232 0.343220 0.062256 0.341631 0.062500 0.341102
1 0.696289 0.345339 0.696777 0.346398 0.696533 0.347987 0.696777 0.346928 0.698242 0.346928 0.698486 0.349047 0.700928 0.348517 0.701660 0.347458 0.702393 0.347458 0.702881 0.348517 0.703125 0.347987 0.701904 0.347458 0.701416 0.345339 0.700439 0.345339 0.701416 0.346398 0.700928 0.347458 0.699463 0.347987 0.698975 0.346928 0.698975 0.342161 0.700439 0.341102 0.698486 0.337924 0.698242 0.338453 0.698730 0.338453 0.699463 0.340572 0.698486 0.343750 0.697021 0.343220
1 0.616699 0.337394 0.616211 0.339513 0.616943 0.344280 0.617188 0.341102 0.618164 0.340572 0.621582 0.344809 0.621582 0.346398 0.620605 0.346398 0.619873 0.344809 0.618652 0.344280 0.619873 0.346398 0.619873 0.347987 0.620850 0.347458 0.621094 0.348517 0.621826 0.346928 0.623047 0.346928 0.622314 0.346398 0.621094 0.342691 0.620361 0.342691 0.618652 0.340042 0.617188 0.340042 0.616699 0.338983
1 0.476807 0.336864 0.476074 0.340042 0.476074 0.342691 0.475098 0.345869 0.475830 0.344280 0.476807 0.344809 0.476807 0.351165 0.477295 0.349576 0.477539 0.342691 0.478271 0.341102 0.478271 0.340042 0.477295 0.339513
1 0.304932 0.335805 0.304932 0.340042 0.303711 0.341631 0.303955 0.346398 0.304932 0.344280 0.305664 0.340042
1 0.047852 0.335805 0.047852 0.337394 0.047363 0.337924 0.047852 0.339513 0.046875 0.340042 0.047852 0.341102 0.047852 0.345339 0.048096 0.344280 0.048340 0.345339 0.048584 0.344809 0.048096 0.344280 0.047852 0.341631 0.048584 0.341631 0.049316 0.339513 0.049805 0.340042 0.049805 0.341631 0.050293 0.340572 0.050781 0.341631 0.050781 0.343750 0.051025 0.342691 0.051758 0.342691 0.051270 0.342161 0.050537 0.337924 0.050049 0.338983 0.047852 0.338983
1 0.800781 0.336864 0.801025 0.338453 0.803467 0.337394 0.805420 0.337924 0.804199 0.341102 0.802734 0.341102 0.802246 0.342161 0.803223 0.344809 0.804199 0.345339 0.804932 0.344809 0.805664 0.345869 0.802979 0.343220 0.802979 0.341631 0.805420 0.341631 0.808350 0.343220 0.808105 0.342691 0.808594 0.341631 0.812500 0.341631 0.813232 0.342691 0.815430 0.342691 0.815918 0.344280 0.815674 0.344809 0.814209 0.344809 0.813721 0.343750 0.813721 0.345869 0.812500 0.345339 0.812012 0.346928 0.810059 0.346928 0.810547 0.348517 0.812744 0.349047 0.812988 0.349576 0.812012 0.351165 0.813477 0.350106 0.812500 0.347987 0.812988 0.346928 0.817139 0.346928 0.819092 0.344280 0.818115 0.343220 0.816406 0.344280 0.815918 0.342161 0.812988 0.341631 0.810791 0.340042 0.810059 0.340042 0.809326 0.341631 0.808594 0.340042 0.808105 0.341102 0.807373 0.339513 0.808105 0.337924 0.810547 0.337924 0.810791 0.336335 0.810303 0.337394 0.806885 0.337924 0.805176 0.335275 0.804688 0.335275 0.804443 0.336864
1 0.594238 0.341631 0.593750 0.341631 0.592773 0.344280 0.592041 0.342691 0.592041 0.341102 0.591553 0.341102 0.591309 0.342161 0.589355 0.334746 0.589111 0.335805 0.589600 0.338453 0.590332 0.339513 0.590332 0.341102 0.591064 0.342691 0.588379 0.349047 0.588867 0.349047 0.590820 0.345339 0.593506 0.344280 0.593262 0.343750
1 0.182617 0.340572 0.182617 0.341631 0.183594 0.343220 0.183594 0.344809 0.184326 0.344809 0.185059 0.346928 0.185791 0.346928 0.185303 0.345869 0.185303 0.342161 0.185791 0.340572 0.187988 0.343220 0.189209 0.345869 0.188232 0.346928 0.189209 0.346928 0.190674 0.342691 0.189453 0.340572 0.189697 0.338453 0.190430 0.337394 0.189941 0.336864 0.190674 0.336335 0.190674 0.334746 0.189941 0.334746 0.189941 0.335805 0.189453 0.335805 0.189209 0.334746 0.187500 0.336864 0.186279 0.334746 0.185547 0.334746 0.186523 0.336335 0.186279 0.336864 0.185547 0.336864 0.184814 0.338983 0.184082 0.338983 0.183594 0.337394 0.183594 0.339513 0.183105 0.339513 0.182861 0.341102
1 0.092285 0.334746 0.092773 0.335805 0.092773 0.337924 0.091797 0.339513 0.092285 0.341631 0.093018 0.341631 0.093506 0.336335 0.093018 0.334746
1 0.514648 0.336335 0.514893 0.338453 0.514648 0.337394 0.515625 0.335805 0.516846 0.338453 0.518799 0.338453 0.518311 0.337394 0.518311 0.335805 0.517578 0.336335 0.517334 0.335275 0.516602 0.335275 0.516113 0.334216
1 0.676758 0.333686 0.676514 0.334746 0.677246 0.336335 0.678223 0.336864 0.678223 0.337924 0.677734 0.338453 0.678955 0.338453 0.677734 0.341102 0.677979 0.342161 0.679688 0.339513 0.679688 0.338453 0.679199 0.338453
1 0.675049 0.333686 0.675049 0.336335 0.674561 0.336864 0.674316 0.334746 0.674316 0.337924 0.673584 0.338983 0.673340 0.338453 0.673340 0.341631 0.674561 0.341631 0.674561 0.338983 0.675537 0.338983
1 0.226074 0.333686 0.223389 0.334746 0.223145 0.336864 0.222412 0.337394 0.223389 0.338983 0.222656 0.341631 0.223633 0.339513 0.223389 0.336335 0.224365 0.335805 0.225342 0.337394 0.226074 0.336335
1 0.633789 0.333157 0.634277 0.333686 0.634277 0.335275 0.633789 0.336335 0.636475 0.336335 0.636963 0.338453 0.635742 0.341102 0.635742 0.342691 0.635254 0.343220 0.634766 0.346398 0.637207 0.343220 0.636963 0.341102 0.637939 0.338983 0.638428 0.339513 0.636963 0.337394 0.636719 0.333686 0.636719 0.335275 0.635742 0.335805 0.635498 0.334746 0.634766 0.334746
1 0.681885 0.333157 0.682373 0.340042 0.681396 0.340042 0.682373 0.342161 0.682129 0.343220 0.682617 0.343750 0.682861 0.342691 0.682373 0.340572 0.683105 0.337924 0.684570 0.340042 0.684814 0.338453 0.685791 0.337394 0.686768 0.340042 0.686279 0.341631 0.687500 0.341631 0.687744 0.342161 0.687256 0.343220 0.688232 0.343750 0.687744 0.342691 0.687988 0.341631 0.689209 0.340572 0.689697 0.341631 0.689697 0.340042 0.690186 0.339513 0.688477 0.338983 0.687500 0.341102 0.687256 0.338983 0.686279 0.338453 0.686768 0.337394 0.685303 0.333686 0.685303 0.332627 0.685059 0.333157 0.685547 0.334216 0.684570 0.334216 0.684326 0.335805 0.683105 0.332627 0.684814 0.337394 0.683838 0.338453 0.682129 0.334746
1 0.301270 0.333157 0.300781 0.334216 0.300537 0.336864 0.299316 0.336864 0.298584 0.335275 0.298584 0.333686 0.299561 0.332097 0.297852 0.332097 0.298096 0.337394 0.296875 0.343750 0.298096 0.340572 0.298340 0.338453 0.300537 0.336864 0.301514 0.334746
1 0.604248 0.331568 0.605957 0.336335 0.607178 0.337394 0.606689 0.336335 0.606689 0.333686 0.606201 0.333686 0.605469 0.331568 0.605225 0.332627 0.604492 0.332627
1 0.367676 0.331568 0.368164 0.334216 0.366455 0.336864 0.368408 0.334216 0.369141 0.334216 0.369385 0.335275 0.368408 0.337924 0.368164 0.340042 0.369629 0.336335 0.369873 0.332627 0.368896 0.333686
1 0.582275 0.330508 0.582275 0.333686 0.581055 0.335805 0.581543 0.336335 0.581543 0.337394 0.582275 0.337394 0.582764 0.338453 0.582520 0.340042 0.581787 0.340042 0.582031 0.341631 0.583252 0.342161 0.583252 0.337924 0.583984 0.337394 0.583252 0.336864
1 0.804688 0.332627 0.807373 0.334746 0.806641 0.333686 0.807129 0.332627 0.809326 0.334216 0.808594 0.332627 0.809814 0.331568 0.808594 0.331568 0.808350 0.332627 0.807617 0.332627 0.806396 0.329979 0.804932 0.329449 0.806152 0.330508 0.806641 0.332627
1 0.473633 0.329449 0.473389 0.330508 0.473877 0.331568 0.474121 0.336335 0.473633 0.336864 0.474854 0.335275 0.475098 0.337924 0.475586 0.335275 0.474854 0.334746 0.474121 0.329449
1 0.318848 0.328919 0.317627 0.329979 0.317627 0.334746 0.316406 0.338453 0.314941 0.337924 0.316162 0.329449 0.314941 0.332627 0.313721 0.332627 0.313477 0.340572 0.312256 0.342161 0.313232 0.342161 0.313721 0.345339 0.312500 0.344280 0.311523 0.348517 0.309814 0.349047 0.311035 0.352225 0.312256 0.351165 0.311035 0.351695 0.311035 0.349047 0.312256 0.349576 0.312500 0.346928 0.313477 0.347458 0.313721 0.358051 0.312500 0.360699 0.313965 0.361758 0.314941 0.360699 0.315430 0.363877 0.316162 0.363877 0.316406 0.359640 0.319336 0.356992 0.322266 0.357521 0.324463 0.360699 0.323730 0.359640 0.323975 0.358051 0.324463 0.359110 0.326172 0.356992 0.326660 0.358051 0.325684 0.359110 0.325928 0.360699 0.325928 0.359110 0.327393 0.358581 0.326172 0.354873 0.327881 0.352225 0.327881 0.349576 0.326904 0.352754 0.324707 0.354343 0.325684 0.355403 0.324707 0.358051 0.323486 0.358581 0.321045 0.355403 0.321533 0.350106 0.322998 0.347987 0.324219 0.343220 0.325439 0.344280 0.324951 0.344809 0.329590 0.346928 0.329346 0.344809 0.326660 0.344809 0.325195 0.343220 0.325195 0.339513 0.323975 0.337394 0.322754 0.338983 0.322021 0.346398 0.320801 0.341102 0.321045 0.338983 0.320312 0.340042 0.320557 0.353284 0.319580 0.353814 0.320557 0.355403 0.316162 0.359110 0.314209 0.354873 0.313965 0.344280 0.314697 0.342691 0.315918 0.345869 0.315186 0.352225 0.317383 0.347987 0.317139 0.345869 0.318604 0.338983 0.317139 0.342691 0.315918 0.343220 0.314453 0.340572 0.315430 0.338983 0.316650 0.340042 0.317627 0.337924 0.318359 0.331568 0.319336 0.329979
1 0.160156 0.327860 0.160400 0.328919 0.159912 0.330508 0.158691 0.330508 0.158691 0.338453 0.159912 0.338983 0.159912 0.336864 0.160889 0.336335 0.161133 0.338453 0.160156 0.340042 0.160156 0.341631 0.160889 0.340572 0.161133 0.341631 0.160645 0.342691 0.161377 0.342691 0.161133 0.344809 0.162354 0.344809 0.162842 0.345869 0.163330 0.344809 0.162842 0.343750 0.164062 0.341102 0.163574 0.340572 0.164062 0.337394 0.163818 0.335805 0.164795 0.334746 0.164062 0.334746 0.163330 0.336864 0.162842 0.335805 0.162354 0.336864 0.161621 0.336864 0.161377 0.329449 0.160645 0.330508
1 0.291748 0.326801 0.293945 0.330508 0.295654 0.331038 0.293701 0.327860
1 0.631104 0.327331 0.630127 0.332627 0.628662 0.330508 0.628662 0.326271 0.627930 0.327331 0.628662 0.331038 0.629150 0.331038 0.630127 0.333686 0.630127 0.335275 0.629639 0.335805 0.629639 0.337924 0.628174 0.343220 0.627686 0.342161 0.626953 0.343220 0.627686 0.345339 0.627686 0.347458 0.626465 0.351695 0.626709 0.352225 0.627441 0.350106 0.627930 0.351165 0.628662 0.350106 0.628662 0.347458 0.629395 0.344809 0.630127 0.344809 0.630859 0.342691 0.631348 0.343220 0.631348 0.344809 0.632080 0.344809 0.631836 0.344280 0.632324 0.343220 0.632568 0.343750 0.632812 0.342161 0.633057 0.342691 0.632568 0.337924 0.631836 0.337924 0.631592 0.339513 0.631592 0.335805 0.630859 0.334746 0.630859 0.336335 0.630127 0.336335 0.629883 0.333157 0.630615 0.332097
1 0.091064 0.330508 0.089355 0.329979 0.088867 0.328919 0.088867 0.326271 0.088623 0.327860 0.088379 0.326801 0.088135 0.327860 0.087891 0.326801 0.088867 0.329449 0.088867 0.331038 0.088135 0.331568 0.087158 0.334216 0.086670 0.333157 0.086670 0.328390 0.086182 0.328390 0.085938 0.331038 0.086182 0.329979 0.086426 0.332097 0.085938 0.332627 0.085938 0.334746 0.083984 0.337394 0.084717 0.337924 0.084229 0.339513 0.082031 0.338983 0.081787 0.337924 0.081299 0.338983 0.079102 0.338983 0.078369 0.336864 0.077148 0.336864 0.076904 0.335805 0.076172 0.335805 0.077393 0.337924 0.076416 0.338983 0.076660 0.339513 0.075439 0.342161 0.074707 0.342161 0.074219 0.344280 0.076660 0.345339 0.076172 0.344809 0.077148 0.341631 0.077881 0.342691 0.079346 0.342161 0.079346 0.341102 0.078125 0.340572 0.078125 0.338453 0.078857 0.338453 0.080566 0.341102 0.080078 0.343750 0.081543 0.338453 0.082031 0.338983 0.082031 0.341631 0.083008 0.339513 0.084717 0.340572 0.084961 0.341631 0.084473 0.342691 0.085205 0.341631 0.085449 0.343750 0.084961 0.344280 0.084961 0.345869 0.084473 0.346928 0.085693 0.347458 0.084961 0.349576 0.084961 0.351165 0.085938 0.352754 0.086426 0.354873 0.085938 0.355932 0.085938 0.360169 0.085938 0.358581 0.086670 0.358581 0.085938 0.357521 0.086426 0.355932 0.086182 0.353814 0.086670 0.353284 0.086914 0.354343 0.086914 0.352225 0.086426 0.351165 0.086426 0.346928 0.086914 0.344809 0.086182 0.342691 0.087158 0.340042 0.086426 0.341102 0.085693 0.339513 0.087402 0.336864 0.087158 0.335805 0.088867 0.332097
1 0.074219 0.327860 0.073975 0.331568 0.074463 0.333157 0.075195 0.333157 0.074463 0.331038 0.075684 0.327860 0.077148 0.327860 0.079590 0.335275 0.081787 0.335275 0.083008 0.337394 0.083008 0.334216 0.084229 0.331568 0.084229 0.329449 0.083252 0.329979 0.082275 0.328390 0.081543 0.328919 0.080811 0.331038 0.079834 0.331568 0.079346 0.330508 0.079590 0.329449 0.079102 0.327331 0.078857 0.328390 0.078369 0.327331 0.077637 0.328390 0.077393 0.327331 0.075684 0.326271 0.075439 0.327331
1 0.099121 0.325742 0.098145 0.325212 0.097412 0.327331 0.096680 0.326801 0.097412 0.325212 0.096924 0.326271 0.096191 0.326271 0.095947 0.327331 0.093262 0.326801 0.092041 0.329449 0.093262 0.329449 0.093750 0.327331 0.094482 0.328390 0.095459 0.328390 0.095703 0.328919 0.095215 0.329979 0.094482 0.329979 0.095459 0.329979 0.096191 0.328919 0.096436 0.327331 0.096680 0.328390 0.097656 0.328390 0.097900 0.326801 0.098633 0.326801
1 0.538574 0.324153 0.531006 0.330508 0.529785 0.325742 0.529785 0.342691 0.523438 0.340042 0.528809 0.358051 0.529053 0.343750 0.535889 0.352225 0.535400 0.360699 0.533936 0.354343 0.534424 0.360699 0.531494 0.361229 0.534912 0.364407 0.531250 0.372352 0.527832 0.360699 0.529785 0.374470 0.527344 0.381356 0.530518 0.372881 0.530029 0.377648 0.533691 0.379237 0.531250 0.373411 0.533936 0.367585 0.537354 0.369174 0.535645 0.382945 0.531494 0.384534 0.531250 0.378708 0.527344 0.384004 0.525879 0.371292 0.524170 0.379237 0.518799 0.372352 0.518555 0.365466 0.518555 0.374470 0.515869 0.374470 0.520508 0.391419 0.523438 0.386653 0.523682 0.395127 0.532959 0.385064 0.526367 0.398305 0.531250 0.404131 0.527344 0.409958 0.527344 0.425318 0.532959 0.424258 0.529053 0.419492 0.531738 0.415254 0.534424 0.424258 0.531250 0.427966 0.532227 0.435911 0.529053 0.443856 0.526855 0.442267 0.529785 0.446504 0.530762 0.438559 0.534912 0.436970 0.533936 0.426377 0.538818 0.429555 0.539062 0.437500 0.541016 0.425847 0.539795 0.435911 0.543457 0.434852 0.545654 0.409958 0.542725 0.411017 0.542480 0.403072 0.548340 0.400424 0.547607 0.395127 0.544189 0.399894 0.544434 0.387712 0.542236 0.391419 0.541992 0.386123 0.540527 0.397246 0.537598 0.390360 0.541748 0.373411 0.540039 0.367585 0.538818 0.375530 0.537842 0.354343 0.540527 0.364936 0.545166 0.364936 0.542725 0.344280 0.546875 0.357521 0.549072 0.349576 0.551270 0.355932 0.549072 0.342691 0.551025 0.344809 0.552246 0.337394 0.543457 0.340572 0.543213 0.335805 0.547852 0.337394 0.541016 0.337394
1 0.050781 0.325212 0.052246 0.328390 0.052246 0.329979 0.052734 0.331038 0.054688 0.330508 0.053955 0.329979 0.053955 0.327331 0.054688 0.325742 0.055176 0.326271 0.055420 0.328390 0.054443 0.328390 0.055420 0.329979 0.055420 0.325212 0.054199 0.325212 0.053955 0.324153 0.052734 0.324153 0.052490 0.323093
1 0.707031 0.324682 0.706543 0.323623 0.705811 0.323623 0.705811 0.322564 0.704102 0.322564 0.703857 0.323623 0.703369 0.323093 0.703613 0.322564 0.701904 0.322564 0.701172 0.324682 0.699219 0.323623 0.698242 0.324153 0.697998 0.325212 0.696777 0.325212 0.695801 0.326801 0.697998 0.326801 0.698242 0.327860 0.699219 0.328390 0.699219 0.329979 0.699951 0.329979 0.700684 0.327860 0.701416 0.327860 0.701660 0.326801 0.704102 0.326801 0.704590 0.325742 0.705078 0.326801 0.707031 0.326801 0.706543 0.326271 0.707031 0.325742
1 0.723145 0.322034 0.722900 0.323093 0.722656 0.322034 0.722412 0.327331 0.721680 0.327331 0.721191 0.326271 0.721191 0.327331 0.720703 0.327331 0.719482 0.330508 0.718750 0.330508 0.718506 0.328390 0.717773 0.329449 0.718750 0.330508 0.718750 0.332097 0.718262 0.333157 0.718750 0.333686 0.718506 0.335805 0.716553 0.331568 0.715820 0.331568 0.715332 0.333157 0.713379 0.333686 0.715332 0.334216 0.713867 0.338453 0.713135 0.336864 0.711426 0.336864 0.710693 0.335805 0.710938 0.338453 0.711670 0.338453 0.712402 0.340572 0.713135 0.340572 0.714844 0.344809 0.715820 0.345339 0.715088 0.347458 0.714600 0.347458 0.716064 0.347458 0.716797 0.348517 0.718018 0.347987 0.717041 0.346398 0.718506 0.344809 0.718750 0.352225 0.719482 0.353284 0.720459 0.351165 0.720703 0.349047 0.722412 0.349047 0.722656 0.350106 0.723389 0.350106 0.723877 0.349047 0.723877 0.346398 0.723389 0.349576 0.722900 0.349047 0.722900 0.347458 0.722412 0.348517 0.721191 0.348517 0.720459 0.344280 0.718506 0.341631 0.718994 0.340572 0.719238 0.341631 0.719727 0.341631 0.719238 0.340042 0.719482 0.339513 0.721436 0.339513 0.721436 0.340572 0.722412 0.341102 0.722168 0.341631 0.722168 0.339513 0.722412 0.338983 0.722656 0.340042 0.723877 0.337394 0.723633 0.336864 0.721680 0.340042 0.721680 0.338453 0.720459 0.335805 0.718994 0.334216 0.719238 0.332097 0.720459 0.332097 0.719482 0.330508 0.720703 0.328919 0.724854 0.329449 0.723389 0.327860 0.723877 0.326801 0.722900 0.325212 0.723389 0.324153
1 0.588135 0.322034 0.588623 0.325212 0.587891 0.326801 0.588623 0.326271 0.589355 0.328919 0.588379 0.329449 0.588867 0.329449 0.588867 0.331038 0.589355 0.331568 0.590088 0.328919 0.589844 0.329449 0.589600 0.328390 0.590576 0.327860 0.590332 0.324153 0.589844 0.324153 0.590088 0.326271 0.589600 0.328390
1 0.586182 0.322034 0.586182 0.323093 0.585449 0.323093 0.585693 0.324153 0.584473 0.324682 0.584473 0.325742 0.584961 0.325212 0.585693 0.326801 0.586182 0.326801 0.586914 0.328919 0.587402 0.328390 0.586670 0.327860 0.587158 0.326801 0.586914 0.322034
1 0.197266 0.322034 0.196777 0.325742 0.197510 0.326801 0.197021 0.327860 0.196777 0.327331 0.196777 0.328919 0.197510 0.328390 0.197510 0.329979 0.198486 0.330508 0.197754 0.328919 0.197998 0.327331 0.198730 0.327331 0.199219 0.328919 0.199707 0.327860 0.200439 0.327860 0.200439 0.325742 0.200928 0.324682 0.200439 0.324682 0.199707 0.326271 0.198975 0.326271 0.197754 0.323623 0.198486 0.322034
1 0.789062 0.321504 0.789062 0.323623 0.790283 0.323623 0.790527 0.322564 0.791260 0.322564 0.791504 0.323623 0.792725 0.323623 0.791992 0.322564 0.791992 0.320975 0.791016 0.322034 0.791016 0.319915 0.790527 0.319915 0.790527 0.320975
1 0.621826 0.319915 0.622314 0.323093 0.624268 0.326801 0.624512 0.325742 0.623779 0.322564
1 0.308594 0.319915 0.308594 0.322034 0.308105 0.323093 0.307129 0.322034 0.307129 0.324682 0.307617 0.325212 0.307617 0.326801 0.308350 0.326801 0.308105 0.326271 0.308838 0.324682 0.309570 0.326271 0.309814 0.328919 0.309814 0.325742 0.309082 0.322564 0.310059 0.320975 0.311035 0.322564 0.311523 0.322034 0.310547 0.321504 0.310059 0.320445 0.310303 0.319915
1 0.214111 0.319386 0.213135 0.319386 0.212891 0.321504 0.211426 0.324153 0.212402 0.326271 0.212402 0.327860 0.211670 0.328390 0.210938 0.327331 0.211426 0.328390 0.212158 0.328390 0.212646 0.326801 0.212891 0.328919 0.212402 0.329979 0.213135 0.329979 0.214111 0.326801 0.215332 0.325742 0.214600 0.324153 0.214600 0.323093 0.213623 0.326271 0.212158 0.323093 0.213623 0.320445 0.214111 0.320445
1 0.162842 0.319386 0.162109 0.320975 0.163086 0.322564 0.163086 0.324153 0.162842 0.324682 0.162598 0.323623 0.162598 0.324682 0.163086 0.325742 0.163818 0.325742 0.164795 0.327860 0.164795 0.326271 0.165771 0.324682 0.165771 0.323093 0.165283 0.322564 0.165039 0.320445 0.165039 0.323623 0.164062 0.324153 0.163818 0.319915
1 0.634277 0.322034 0.634277 0.325742 0.635742 0.328390 0.635742 0.329979 0.637451 0.330508 0.638916 0.329979 0.639404 0.328919 0.638916 0.327331 0.637939 0.326801 0.637939 0.324153 0.637695 0.325742 0.636719 0.327331 0.635986 0.325742 0.635986 0.324153 0.635010 0.322564 0.635254 0.321504 0.635986 0.321504 0.635986 0.319915 0.636475 0.318856 0.635498 0.320975
1 0.010254 0.317267 0.008545 0.319915 0.008301 0.321504 0.008789 0.323093 0.009521 0.323093 0.010498 0.321504 0.010010 0.320445 0.010498 0.318856
1 0.678711 0.321504 0.676514 0.320975 0.677734 0.319386 0.677246 0.318856 0.677490 0.316737 0.676758 0.315678 0.676758 0.318326 0.675781 0.318856 0.675781 0.321504 0.673584 0.321504 0.673340 0.323623 0.673828 0.322564 0.676514 0.322564 0.677002 0.323623 0.676514 0.322564 0.676758 0.321504
1 0.055908 0.317797 0.054932 0.315678 0.054443 0.316737 0.052246 0.316737 0.051758 0.317797 0.051758 0.321504 0.054688 0.322034 0.054932 0.319915 0.054199 0.320445 0.052490 0.318856 0.053467 0.317797 0.052979 0.317797 0.052979 0.316737 0.054443 0.316737 0.054932 0.318856 0.055664 0.318856 0.055420 0.321504 0.055908 0.321504
1 0.699219 0.319915 0.699463 0.318856 0.700195 0.318856 0.700684 0.320445 0.703369 0.319915 0.704102 0.320975 0.703857 0.319386 0.704834 0.318326 0.706299 0.318856 0.706543 0.317797 0.707275 0.317797 0.708008 0.319915 0.708740 0.319915 0.709229 0.318326 0.708252 0.318856 0.707764 0.317797 0.707764 0.316208 0.706055 0.317267 0.703613 0.317267 0.703369 0.316208 0.703125 0.317267 0.702393 0.317267 0.701660 0.315148 0.702148 0.317267 0.700928 0.319915 0.700439 0.318856 0.699707 0.318856 0.699463 0.317797
1 0.413086 0.315148 0.412354 0.318326 0.412842 0.318326 0.414795 0.321504 0.414307 0.327331 0.415039 0.324153 0.414795 0.320975 0.415771 0.317267 0.414795 0.315148 0.414551 0.316737 0.415039 0.318856 0.414307 0.319915 0.413086 0.316737
1 0.295654 0.313559 0.294434 0.313559 0.294434 0.315148 0.293457 0.316737 0.294434 0.318856 0.294678 0.317797 0.295654 0.317267
1 0.100342 0.316737 0.098633 0.313559 0.097656 0.313559 0.096191 0.316208 0.095459 0.314619 0.094971 0.314619 0.095215 0.316208 0.094238 0.318856 0.094971 0.318326 0.095215 0.319915 0.095215 0.318856 0.095703 0.318326 0.095215 0.317797 0.095703 0.317267 0.095703 0.315678 0.096680 0.316737 0.096191 0.318326 0.096436 0.317797 0.096924 0.319386 0.097168 0.318326 0.096924 0.319386 0.096680 0.317267 0.097168 0.316208 0.098633 0.317267 0.098389 0.316737 0.099121 0.315148
1 0.538086 0.312500 0.538086 0.316737 0.539551 0.318856 0.539551 0.320445 0.540527 0.322564 0.540527 0.316208 0.541016 0.315148 0.541504 0.320445 0.542236 0.319386 0.541504 0.313559 0.541016 0.314089 0.540527 0.313030 0.540283 0.314619 0.539062 0.314619 0.539062 0.317797 0.538574 0.315678 0.538818 0.312500
1 0.361328 0.312500 0.360596 0.316737 0.360107 0.317797 0.359863 0.317267 0.359863 0.318326 0.359375 0.318856 0.360107 0.319915 0.360352 0.321504 0.360352 0.320445 0.361084 0.321504 0.362549 0.321504 0.360596 0.319915 0.360840 0.318856 0.361328 0.318856 0.361084 0.315678 0.361816 0.313030
1 0.478027 0.310381 0.478027 0.313559 0.477539 0.314619 0.477295 0.313559 0.476807 0.314619 0.477539 0.315678 0.477539 0.317267 0.476562 0.318326 0.476807 0.319915 0.476074 0.321504 0.474609 0.321504 0.474121 0.323623 0.474365 0.325212 0.473877 0.326271 0.473389 0.325742 0.472412 0.327860 0.472900 0.326801 0.474121 0.326271 0.474609 0.328390 0.475342 0.329449 0.474365 0.325212 0.474854 0.324153 0.476318 0.323623 0.476807 0.321504 0.477295 0.321504 0.477539 0.323093 0.478760 0.319386 0.479980 0.318856 0.478516 0.318326 0.479248 0.316737 0.478760 0.316208 0.478760 0.312500
1 0.183350 0.309322 0.182861 0.309322 0.182861 0.310911 0.182129 0.311441 0.182129 0.313030 0.182617 0.313030 0.182861 0.314089 0.182129 0.315678 0.181641 0.315678 0.181885 0.318856 0.181641 0.319386 0.180176 0.318326 0.180664 0.318856 0.180664 0.320445 0.181152 0.321504 0.180176 0.322034 0.180176 0.323623 0.180664 0.324682 0.181152 0.322564 0.181641 0.323623 0.181885 0.322034 0.181152 0.321504 0.182129 0.319386 0.182861 0.319386 0.183350 0.318326
1 0.548096 0.308792 0.546875 0.308792 0.546387 0.309852 0.545410 0.309322 0.546143 0.310911 0.546143 0.311970 0.545654 0.312500 0.545166 0.311441 0.543945 0.313030 0.545166 0.313030 0.545654 0.314089 0.545166 0.316208 0.545898 0.315678 0.546875 0.317267 0.545898 0.312500 0.546631 0.309852 0.547852 0.309852
1 0.287354 0.308792 0.286621 0.309852 0.285889 0.313559 0.283691 0.313559 0.283447 0.312500 0.285156 0.315678 0.284912 0.316737 0.285400 0.316208 0.286133 0.317797 0.285889 0.318856 0.284912 0.318326 0.285645 0.319386 0.285400 0.320445 0.286133 0.320975 0.285889 0.322034 0.285400 0.322034 0.285400 0.323093 0.285889 0.323623 0.287354 0.322034 0.287842 0.322564 0.289307 0.318856 0.288818 0.318326 0.289062 0.315678 0.288330 0.314619 0.288330 0.312500 0.287354 0.310911
1 0.044434 0.309322 0.045898 0.313030 0.047119 0.312500 0.047119 0.310381 0.046875 0.310911 0.045898 0.307733 0.045654 0.310381 0.045166 0.309322
1 0.201172 0.307203 0.201172 0.309852 0.201904 0.310911 0.201660 0.311970 0.202148 0.309852 0.202881 0.310911 0.203125 0.307733 0.203613 0.308263 0.203613 0.309322 0.203857 0.307733 0.203125 0.307203
1 0.164795 0.307203 0.163574 0.307203 0.163086 0.308263 0.163086 0.309852 0.162598 0.310381 0.164062 0.310381 0.164062 0.313030 0.163086 0.313559 0.163330 0.315148 0.164062 0.315678 0.163818 0.313559 0.164795 0.312500
1 0.085449 0.307203 0.084473 0.309322 0.084229 0.313559 0.082031 0.313559 0.082031 0.315148 0.082764 0.316208 0.083008 0.314089 0.084229 0.314089 0.084473 0.315148 0.086182 0.316208 0.087158 0.311441 0.086426 0.313559 0.085205 0.310911 0.086182 0.308263
1 0.733154 0.308263 0.732422 0.306674 0.731934 0.307203 0.731689 0.310911 0.731201 0.311970 0.729492 0.311441 0.729004 0.312500 0.728027 0.311441 0.727539 0.312500 0.727539 0.310381 0.726562 0.310381 0.727051 0.310911 0.726562 0.311441 0.726562 0.313559 0.727783 0.312500 0.728027 0.313030 0.727539 0.315148 0.728271 0.315678 0.726318 0.317797 0.724609 0.317797 0.723633 0.316208 0.723633 0.317267 0.724609 0.318856 0.724854 0.321504 0.727539 0.320975 0.728271 0.322034 0.728760 0.320975 0.730225 0.320445 0.730713 0.319386 0.728760 0.320445 0.726074 0.319915 0.726807 0.318326 0.730713 0.315678 0.730225 0.314619 0.728516 0.315678 0.728027 0.314619 0.728516 0.313030 0.730469 0.311970 0.731445 0.313559 0.732666 0.312500 0.731934 0.309322 0.732422 0.308263
1 0.625244 0.306674 0.624756 0.307203 0.625244 0.308792 0.622559 0.314619 0.621826 0.314089 0.621826 0.316208 0.622314 0.316737 0.623047 0.315148 0.624023 0.315148 0.624512 0.317797 0.624756 0.317267 0.625732 0.319386 0.626221 0.319386 0.626465 0.317797 0.625732 0.316208 0.625732 0.313559 0.626221 0.312500 0.626221 0.308263
1 0.807861 0.307203 0.807129 0.307203 0.806885 0.306144 0.805664 0.306144 0.806152 0.307733 0.804932 0.308792 0.804443 0.308263 0.804688 0.310381 0.804199 0.311441 0.803223 0.307203 0.802734 0.307203 0.803711 0.311441 0.803223 0.312500 0.802246 0.311441 0.802734 0.314619 0.804443 0.313559
1 0.346680 0.305085 0.346191 0.305085 0.346191 0.310381 0.345703 0.311441 0.345703 0.313030 0.346924 0.311441 0.347656 0.311970 0.347412 0.306674
1 0.182617 0.347458 0.182129 0.352225 0.188232 0.350106 0.191406 0.358581 0.194580 0.357521 0.197266 0.370763 0.202393 0.363347 0.206787 0.363877 0.208008 0.369174 0.212402 0.354343 0.216309 0.352225 0.225342 0.363877 0.233643 0.382945 0.231689 0.373941 0.236816 0.377648 0.237305 0.387712 0.229004 0.390360 0.234863 0.389831 0.237305 0.397775 0.237793 0.378708 0.241943 0.379767 0.236572 0.368644 0.236328 0.373941 0.230469 0.372881 0.225342 0.355932 0.222900 0.354873 0.223877 0.352225 0.221191 0.350636 0.223877 0.360169 0.217041 0.348517 0.219238 0.346928 0.217041 0.340042 0.218506 0.338983 0.215576 0.330508 0.211182 0.334216 0.206787 0.323623 0.207031 0.319386 0.210205 0.318856 0.208008 0.313559 0.210693 0.311970 0.209229 0.305085 0.206055 0.306144 0.208496 0.317797 0.206055 0.320445 0.205566 0.312500 0.204102 0.317797 0.206787 0.323623 0.203125 0.324153 0.206787 0.324682 0.210938 0.333686 0.208984 0.340572 0.212646 0.349576 0.210205 0.358051 0.207520 0.358581 0.207275 0.364407 0.202881 0.362818 0.204102 0.358581 0.199463 0.353814 0.202393 0.360169 0.201416 0.364407 0.199951 0.358051 0.197998 0.361758 0.197754 0.356992 0.193359 0.355932 0.198975 0.352225 0.194336 0.350636 0.194336 0.346398 0.197754 0.350106 0.197754 0.345339 0.202148 0.349576 0.201172 0.354873 0.204590 0.354873 0.200928 0.346928 0.201660 0.342161 0.198730 0.339513 0.201904 0.340572 0.200195 0.334216 0.205811 0.336335 0.201660 0.334746 0.200928 0.329449 0.194824 0.333686 0.194580 0.338983 0.191406 0.333686 0.190918 0.340572 0.195312 0.340042 0.193359 0.348517 0.190918 0.345339 0.189941 0.349047 0.194580 0.354873
1 0.769775 0.307733 0.768311 0.304555 0.767578 0.304555 0.766602 0.306674 0.765869 0.306674 0.765869 0.309852 0.764648 0.310381 0.766602 0.310381 0.767090 0.311970 0.767578 0.310911 0.769043 0.311441 0.769775 0.310911
1 0.789062 0.314089 0.786865 0.312500 0.783203 0.314089 0.782471 0.312500 0.784180 0.310381 0.782471 0.310381 0.781982 0.311970 0.779541 0.308263 0.780762 0.304555 0.781738 0.305085 0.779297 0.304025 0.779785 0.307203 0.777588 0.309322 0.778076 0.312500 0.780518 0.312500 0.781494 0.314619 0.782471 0.313559 0.783203 0.315678 0.784424 0.314089 0.786133 0.315148 0.781982 0.318856 0.780762 0.317797 0.781494 0.319386 0.781006 0.320975 0.778320 0.322034 0.779297 0.324153 0.782471 0.323093 0.783203 0.326271 0.781738 0.326801 0.782227 0.330508 0.781006 0.329979 0.781494 0.328390 0.779785 0.329979 0.779297 0.327331 0.778564 0.327860 0.779297 0.330508 0.778320 0.332627 0.776855 0.332097 0.777100 0.333686 0.775146 0.335275 0.774658 0.338983 0.772705 0.339513 0.773682 0.336335 0.772705 0.333686 0.772949 0.335805 0.771729 0.338983 0.770264 0.337394 0.769287 0.339513 0.767578 0.336335 0.766846 0.338983 0.764648 0.341102 0.763428 0.339513 0.766846 0.335805 0.765869 0.334746 0.762695 0.338453 0.761719 0.342691 0.757812 0.343220 0.759033 0.342691 0.759766 0.344809 0.761963 0.342691 0.765381 0.343750 0.766357 0.342161 0.769531 0.344809 0.770020 0.346928 0.770264 0.345339 0.770752 0.346928 0.770996 0.345869 0.772461 0.346928 0.772949 0.345869 0.770752 0.344809 0.770996 0.343220 0.772461 0.342691 0.774902 0.345339 0.773926 0.347987 0.775391 0.349576 0.775146 0.347987 0.776611 0.346398 0.775391 0.342691 0.776123 0.340042 0.778564 0.337394 0.778320 0.335275 0.780029 0.335275 0.778564 0.333157 0.779541 0.333157 0.780029 0.331038 0.781982 0.332097 0.783691 0.326801 0.785400 0.327860 0.787354 0.324682 0.786133 0.325742 0.785889 0.323093 0.785156 0.323093 0.785156 0.324682 0.784180 0.325212 0.783203 0.320445 0.786865 0.314619
1 0.596191 0.304025 0.596680 0.307203 0.595947 0.309322 0.595215 0.309322 0.595947 0.310381 0.597412 0.309322 0.597656 0.310381 0.596924 0.310381 0.596924 0.311970 0.597656 0.312500 0.597412 0.313559 0.597900 0.314619 0.599121 0.314619 0.597656 0.309852 0.599121 0.304555 0.597900 0.307733 0.596924 0.308263 0.596680 0.305085
1 0.553711 0.304025 0.552979 0.305614 0.554688 0.308792 0.553223 0.309322 0.552979 0.307733 0.552246 0.307203 0.552246 0.309852 0.552734 0.311441 0.552734 0.313559 0.554199 0.313559 0.555176 0.315148 0.554199 0.319915 0.552246 0.319915 0.551270 0.321504 0.550781 0.326271 0.551758 0.325212 0.552979 0.326271 0.553955 0.324153 0.555664 0.324153 0.555908 0.322564 0.557373 0.321504 0.555908 0.322564 0.554199 0.321504 0.555664 0.314619 0.554688 0.307203 0.553955 0.307203 0.553223 0.305614 0.553711 0.305085
1 0.628662 0.302966 0.627930 0.304555 0.627930 0.308263 0.628418 0.309852 0.629883 0.306674 0.630371 0.307203 0.630371 0.308263 0.629395 0.309852 0.629639 0.311441 0.630615 0.312500 0.629883 0.317267 0.630127 0.319386 0.630615 0.313559 0.631348 0.313559 0.631104 0.311441 0.630615 0.310911 0.630859 0.310381 0.630127 0.311441 0.629883 0.309322 0.631104 0.308792 0.631836 0.310911 0.632080 0.309852 0.631348 0.308792 0.631348 0.307733 0.632324 0.305614 0.633057 0.306674 0.633545 0.305085 0.632324 0.305085 0.632080 0.306144 0.631592 0.305614 0.631836 0.306674 0.631348 0.306674 0.630615 0.308263 0.629883 0.306144 0.630615 0.305614 0.630127 0.305614 0.629883 0.304555 0.628662 0.305085 0.628906 0.308263 0.628418 0.308792 0.628174 0.304555
1 0.771240 0.316737 0.768799 0.318856 0.763672 0.309322 0.761719 0.313030 0.762939 0.308792 0.759277 0.302966 0.758057 0.313030 0.752930 0.312500 0.757080 0.317797 0.751465 0.322034 0.748535 0.314089 0.751953 0.308263 0.744141 0.308263 0.740967 0.302436 0.738770 0.306144 0.742676 0.305085 0.737305 0.319915 0.734131 0.318326 0.734375 0.325212 0.726562 0.333686 0.725586 0.340572 0.732910 0.330508 0.734619 0.321504 0.740967 0.323623 0.738281 0.319386 0.746338 0.316737 0.741455 0.316208 0.747803 0.309852 0.750488 0.326271 0.742676 0.323093 0.743896 0.327331 0.739014 0.334216 0.737305 0.327860 0.732422 0.333157 0.753174 0.345869 0.751709 0.351695 0.750000 0.349047 0.753174 0.354343 0.749756 0.358051 0.750244 0.354343 0.736816 0.348517 0.737549 0.352754 0.729980 0.355403 0.725098 0.345339 0.724609 0.350106 0.728516 0.354343 0.726074 0.361758 0.722656 0.354873 0.720215 0.356992 0.720947 0.363347 0.726074 0.367585 0.727539 0.363347 0.731445 0.374470 0.734131 0.372881 0.735352 0.385064 0.734131 0.372352 0.738037 0.369174 0.731201 0.371292 0.728027 0.361758 0.733154 0.363877 0.732666 0.369174 0.736328 0.363347 0.729736 0.359640 0.730957 0.355932 0.743408 0.352225 0.742188 0.357521 0.749023 0.356992 0.757812 0.365466 0.760986 0.357521 0.758301 0.359110 0.755615 0.349576 0.760010 0.354873 0.761475 0.347987 0.751709 0.343220 0.748047 0.331038 0.753174 0.332097 0.754639 0.326801 0.754639 0.332627 0.758057 0.327331 0.761963 0.333686 0.759277 0.319915 0.762451 0.325212 0.761230 0.322564 0.764404 0.319915 0.770264 0.324682
1 0.505127 0.301377 0.510010 0.309322 0.509277 0.306674 0.510498 0.304555 0.512695 0.308792 0.512451 0.309852 0.511230 0.308792 0.510986 0.309852 0.512695 0.313559 0.512207 0.314619 0.510742 0.315678 0.510254 0.311441 0.510254 0.315148 0.510742 0.316208 0.513428 0.314089 0.512207 0.311441 0.513184 0.307733 0.512939 0.306144 0.511963 0.306674 0.510986 0.305085 0.510986 0.303496 0.508789 0.306144 0.507812 0.305085 0.507080 0.302966
1 0.513672 0.302966 0.514160 0.304025 0.513916 0.304555 0.516602 0.309852 0.516846 0.311970 0.518311 0.313030 0.518066 0.310381 0.518555 0.308263 0.518555 0.305614 0.517822 0.300847 0.517822 0.302436 0.516846 0.304025 0.516846 0.305614 0.517334 0.305614 0.517578 0.304025 0.518066 0.305085 0.518066 0.309852 0.517578 0.310911 0.515625 0.306674 0.516357 0.300318 0.515625 0.300847 0.515869 0.303496 0.515381 0.304555 0.514404 0.302966
1 0.817383 0.299788 0.817871 0.301907 0.816650 0.302436 0.816895 0.304555 0.818359 0.305614 0.819824 0.309852 0.818115 0.310381 0.815918 0.307203 0.813965 0.309322 0.814941 0.311970 0.813965 0.312500 0.812988 0.309322 0.811523 0.308263 0.811279 0.309322 0.813965 0.313559 0.812988 0.315678 0.813232 0.318856 0.813965 0.319386 0.811768 0.319915 0.809082 0.315678 0.808105 0.319915 0.809082 0.322034 0.812988 0.324153 0.809570 0.322034 0.808594 0.319915 0.809326 0.317797 0.812012 0.321504 0.815430 0.323093 0.817383 0.327860 0.816895 0.329449 0.813721 0.325742 0.812256 0.327331 0.810791 0.325742 0.818359 0.331038 0.818115 0.337394 0.816650 0.334746 0.814941 0.335275 0.816650 0.335805 0.821045 0.344280 0.821045 0.341102 0.819092 0.335275 0.819336 0.329979 0.818604 0.328390 0.819824 0.328390 0.820801 0.333157 0.821777 0.334216 0.822021 0.331568 0.820801 0.328390 0.822754 0.327331 0.822510 0.326271 0.817871 0.325212 0.816162 0.320445 0.819092 0.322034 0.815430 0.318856 0.813965 0.319386 0.813721 0.315148 0.815674 0.316737 0.817139 0.315148 0.819580 0.321504 0.820801 0.319915 0.822510 0.321504 0.821289 0.317267 0.818115 0.314619 0.820801 0.313030 0.819580 0.310381 0.820312 0.307203 0.822998 0.313030 0.821289 0.316208 0.823730 0.314089 0.821533 0.309322 0.822998 0.309322 0.821777 0.304025 0.817871 0.304555 0.817383 0.302966 0.818115 0.301377 0.820557 0.300847
1 0.740479 0.299788 0.739258 0.299788 0.738525 0.303496 0.737305 0.304025 0.737549 0.305614 0.736084 0.308263 0.735107 0.308263 0.734619 0.306144 0.733643 0.305085 0.734619 0.307203 0.734375 0.312500 0.735596 0.311970 0.736084 0.310381 0.736572 0.310911 0.736816 0.309852 0.737549 0.309852 0.737793 0.310911 0.738037 0.309852 0.736572 0.309322 0.738037 0.307203 0.738037 0.305085
1 0.765381 0.300847 0.764404 0.299258 0.763184 0.298729 0.763916 0.300318 0.764160 0.302436 0.763916 0.302966 0.763428 0.301907 0.763428 0.302966 0.761475 0.306144 0.762451 0.305614 0.763184 0.304025 0.765137 0.304025
1 0.749023 0.302966 0.749512 0.304555 0.752197 0.304555 0.752441 0.305614 0.753174 0.305614 0.753418 0.306674 0.752441 0.307203 0.753174 0.307733 0.754395 0.306144 0.755127 0.306144 0.755615 0.304555 0.757080 0.305085 0.757080 0.302966 0.756348 0.302436 0.756348 0.301377 0.757080 0.299788 0.756104 0.301907 0.755371 0.300847 0.753906 0.305085 0.752197 0.304555 0.752686 0.303496 0.752686 0.301907 0.753174 0.301377 0.753174 0.299788 0.752686 0.298729 0.752197 0.299788 0.750000 0.300847 0.750000 0.302436
1 0.474854 0.298729 0.474121 0.298729 0.473877 0.300318 0.472656 0.302436 0.472656 0.308263 0.471436 0.306674 0.471680 0.305085 0.466309 0.315148 0.465088 0.316737 0.463867 0.315678 0.463135 0.317797 0.462402 0.317797 0.462158 0.318856 0.463135 0.319915 0.462402 0.322034 0.461670 0.322034 0.460938 0.320445 0.461670 0.323093 0.453857 0.338453 0.454102 0.342691 0.456787 0.337394 0.459229 0.335805 0.459229 0.332627 0.463135 0.324682 0.464600 0.324153 0.464111 0.323093 0.464844 0.321504 0.465576 0.323623 0.465088 0.328919 0.466064 0.326801 0.465820 0.324682 0.467041 0.323093 0.470459 0.325742 0.471436 0.323093 0.473145 0.323623 0.471191 0.319915 0.471436 0.317267 0.470215 0.317797 0.469482 0.316208 0.469727 0.315148 0.468994 0.314619 0.468994 0.313559 0.470703 0.310381 0.471680 0.310381 0.473389 0.317267 0.474121 0.317267 0.471924 0.311970 0.471924 0.310911 0.473877 0.305085 0.473389 0.304555 0.473389 0.302966
1 0.619873 0.296610 0.621094 0.299258 0.620850 0.300318 0.620117 0.300318 0.619873 0.298199 0.619873 0.299788 0.620605 0.301377 0.621094 0.300318 0.622559 0.300318 0.623779 0.302966 0.624512 0.301377 0.625000 0.302436 0.625732 0.299788 0.625488 0.298729 0.625488 0.300318 0.625000 0.300847 0.623779 0.298199 0.623779 0.296610 0.623047 0.298199 0.622070 0.298199 0.621582 0.299258 0.620361 0.297140 0.621826 0.296610
1 0.335938 0.296610 0.334961 0.296610 0.334961 0.298199 0.333740 0.300847 0.332764 0.299788 0.333252 0.302436 0.334717 0.301377 0.334717 0.303496 0.335205 0.304025 0.334717 0.302966 0.335693 0.301377 0.335449 0.299258
1 0.149902 0.298199 0.147705 0.296610 0.148438 0.297669 0.148193 0.298729 0.145996 0.298729 0.145508 0.300847 0.144531 0.300318 0.143555 0.300847 0.143311 0.301907 0.142334 0.301907 0.143311 0.305614 0.145264 0.308263 0.145264 0.309852 0.146240 0.309852 0.147217 0.307203 0.145996 0.307203 0.144775 0.305085 0.148438 0.304555 0.149170 0.305614 0.149658 0.304555 0.150146 0.305614 0.149658 0.304025 0.149170 0.305085 0.147949 0.304025 0.149170 0.300318 0.148926 0.299258
1 0.126465 0.296610 0.125000 0.299788 0.125000 0.304025 0.125244 0.304555 0.125244 0.303496 0.126709 0.300318 0.127441 0.301377 0.127441 0.305614 0.126465 0.306674 0.127686 0.306144 0.127686 0.307733 0.128906 0.307733 0.129150 0.305614 0.128662 0.305085 0.128174 0.307203 0.127686 0.305614 0.127441 0.299788 0.126953 0.296610
1 0.802246 0.296081 0.802979 0.297140 0.802734 0.298199 0.803223 0.299258 0.802734 0.299788 0.802734 0.301377 0.801514 0.303496 0.801758 0.304555 0.801270 0.306144 0.800049 0.305085 0.798584 0.300847 0.797607 0.301377 0.798340 0.307733 0.797852 0.317267 0.799072 0.319915 0.798584 0.318856 0.798584 0.315678 0.799805 0.312500 0.799561 0.310381 0.800537 0.308792 0.801025 0.306674 0.802490 0.305614 0.802490 0.302436 0.802979 0.303496 0.802979 0.299788 0.803467 0.298729 0.802979 0.298199 0.803223 0.296610
1 0.186035 0.299788 0.183838 0.296081 0.183105 0.297669 0.183594 0.299258 0.182861 0.300318 0.183350 0.300847 0.182617 0.302436 0.182129 0.301377 0.181641 0.301907 0.181396 0.304025 0.180908 0.302966 0.179932 0.302966 0.180176 0.304555 0.181885 0.304555 0.182129 0.302436 0.182861 0.302436 0.183838 0.304025 0.184082 0.302436 0.185547 0.301907 0.185303 0.300847
1 0.020264 0.295551 0.018066 0.296610 0.019531 0.300318 0.019531 0.302966 0.019043 0.304555 0.019531 0.304555 0.019775 0.300318 0.020020 0.302436 0.020508 0.300318 0.021240 0.301377 0.022217 0.300847 0.022217 0.299788 0.021240 0.299258 0.020996 0.298199 0.018799 0.298199 0.019531 0.296081 0.020508 0.296081
1 0.195068 0.293432 0.194092 0.295551 0.193604 0.294492 0.192871 0.295551 0.193848 0.295551 0.194336 0.296610 0.194092 0.298729 0.189453 0.298729 0.189209 0.297669 0.187744 0.297669 0.187500 0.299258 0.188721 0.299258 0.189941 0.301377 0.191895 0.301377 0.192871 0.299258 0.194092 0.299258 0.194336 0.300318 0.195068 0.300318
1 0.545654 0.298199 0.544922 0.298199 0.544678 0.296610 0.543945 0.295551 0.544678 0.298199 0.545654 0.298729 0.544678 0.299258 0.544678 0.300318 0.543701 0.301907 0.543457 0.300318 0.542480 0.299258 0.542725 0.297669 0.540527 0.297140 0.540039 0.296081 0.540771 0.292903 0.540039 0.294492 0.539551 0.297669 0.540039 0.297140 0.540527 0.298729 0.541260 0.299258 0.541260 0.300318 0.540527 0.301377 0.540527 0.303496 0.539795 0.305085 0.538818 0.305085 0.538818 0.303496 0.538086 0.303496 0.538574 0.304555 0.537842 0.306144 0.537109 0.305085 0.537109 0.308792 0.536621 0.309322 0.536621 0.311441 0.535889 0.310911 0.535889 0.308263 0.535400 0.307203 0.536377 0.306144 0.535645 0.306144 0.535156 0.307203 0.535156 0.308263 0.535889 0.308263 0.535889 0.316208 0.536865 0.316208 0.536621 0.311441 0.536865 0.309322 0.537842 0.306674 0.538818 0.307203 0.538330 0.309322 0.539062 0.311441 0.539551 0.310911 0.539551 0.305614 0.540039 0.304555 0.540527 0.305085 0.540771 0.304025 0.542236 0.304025 0.542969 0.305614 0.542969 0.307733 0.543457 0.304555 0.543945 0.304555 0.544922 0.306674 0.545166 0.305085 0.544678 0.304555 0.544434 0.301377 0.545654 0.299788
1 0.009033 0.296610 0.007812 0.296610 0.007568 0.297669 0.006592 0.296610 0.006592 0.293432 0.007324 0.293432 0.006592 0.293432 0.005859 0.295551 0.006348 0.296610 0.006348 0.298199 0.005371 0.298729 0.004883 0.300318 0.007568 0.299788 0.008545 0.298199 0.007812 0.298729 0.007568 0.297669
1 0.629883 0.293432 0.630371 0.294492 0.630371 0.296081 0.631348 0.296610 0.631348 0.298199 0.631836 0.296081 0.632812 0.296610 0.632812 0.302436 0.634521 0.302436 0.634766 0.301377 0.636475 0.300318 0.635986 0.298729 0.635254 0.298729 0.634521 0.297140 0.634766 0.296081 0.636230 0.296610 0.635498 0.294492 0.635010 0.295551 0.634277 0.295551 0.634033 0.296610 0.632812 0.296610 0.631592 0.292373 0.630371 0.292373
1 0.554688 0.293432 0.553223 0.296081 0.552490 0.294492 0.552490 0.292903 0.553467 0.292373 0.552246 0.292373 0.551514 0.295551 0.551025 0.301907 0.552490 0.296610 0.553955 0.296081 0.553955 0.295021
1 0.062500 0.291314 0.062500 0.304555 0.061523 0.306144 0.061523 0.308792 0.062500 0.306674 0.063477 0.307733 0.064697 0.306674 0.064453 0.308792 0.065430 0.310381 0.065430 0.313030 0.066650 0.309852 0.067871 0.313030 0.065918 0.314619 0.066650 0.316737 0.066162 0.317797 0.065430 0.316737 0.065918 0.318326 0.066406 0.317267 0.068115 0.318326 0.069336 0.315148 0.070557 0.316208 0.072021 0.314089 0.073730 0.319386 0.074219 0.317267 0.076904 0.317267 0.077148 0.321504 0.075195 0.322034 0.075684 0.323623 0.079102 0.324682 0.078857 0.316737 0.080811 0.314089 0.079834 0.313030 0.078857 0.315148 0.079102 0.311970 0.078125 0.314089 0.078125 0.316737 0.077148 0.317797 0.076904 0.313559 0.074951 0.312500 0.075684 0.309852 0.076904 0.309852 0.077148 0.304555 0.078125 0.305614 0.078125 0.311970 0.080078 0.304555 0.081787 0.308792 0.081787 0.304025 0.082764 0.303496 0.083740 0.299788 0.082764 0.297669 0.081299 0.298199 0.081543 0.292373 0.080566 0.292373 0.080566 0.296081 0.079590 0.296610 0.078613 0.304025 0.077881 0.304025 0.077881 0.301907 0.076660 0.301907 0.074219 0.308263 0.072266 0.307203 0.072021 0.305085 0.073975 0.304555 0.074219 0.300318 0.077881 0.299258 0.077881 0.297669 0.073975 0.297140 0.076416 0.296081 0.076416 0.293962 0.074219 0.294492 0.070312 0.291314 0.070312 0.293962 0.068848 0.294492 0.067871 0.298729 0.069092 0.299258 0.068604 0.296610 0.070068 0.296081 0.070312 0.301907 0.068359 0.302966 0.067383 0.300847 0.067383 0.304555 0.066650 0.305085 0.065918 0.302966 0.064941 0.307203 0.064697 0.305614 0.062988 0.305085 0.062744 0.298729 0.064697 0.296610 0.063232 0.296081 0.063721 0.293432
1 0.794678 0.292373 0.793701 0.290784 0.793945 0.290254 0.793457 0.290254 0.791992 0.293432 0.791016 0.293432 0.790771 0.291314 0.790039 0.292903 0.789551 0.292903 0.789795 0.293962 0.790527 0.293962 0.791016 0.295551 0.790283 0.297140 0.789551 0.296081 0.791748 0.298729 0.791992 0.297140 0.791504 0.297140 0.791016 0.295021 0.791992 0.295021 0.792725 0.296610 0.792725 0.293432 0.793213 0.292373
1 0.761475 0.290254 0.760742 0.290254 0.760498 0.291314 0.760254 0.290784 0.760498 0.291843 0.759521 0.294492 0.758301 0.294492 0.758057 0.295551 0.757812 0.294492 0.757568 0.295551 0.756104 0.295551 0.757080 0.296081 0.757324 0.298199 0.757812 0.298729 0.757812 0.300318 0.757324 0.300847 0.757568 0.302436 0.758301 0.300847 0.757812 0.297140 0.758301 0.295551 0.759033 0.295551 0.760498 0.293432 0.760742 0.296081 0.759521 0.296610 0.760498 0.299258 0.761230 0.298729 0.760498 0.298199 0.761230 0.296081 0.761719 0.297140 0.762451 0.296081 0.762695 0.293962 0.762207 0.294492 0.762451 0.295021 0.761963 0.296610 0.761475 0.296081
1 0.801270 0.289195 0.801270 0.291314 0.801758 0.291843 0.801758 0.292903 0.800781 0.295551 0.803467 0.294492 0.802979 0.293962 0.802734 0.291314
1 0.704346 0.294492 0.705078 0.296081 0.704834 0.297140 0.708252 0.301377 0.708740 0.300847 0.708740 0.299258 0.709473 0.299258 0.710449 0.297669 0.711182 0.298199 0.712158 0.295021 0.713135 0.297140 0.713867 0.296081 0.712402 0.293962 0.709229 0.295021 0.708252 0.294492 0.707764 0.292373 0.708496 0.290784 0.708984 0.290784 0.708496 0.289195 0.708984 0.288136 0.707275 0.288665 0.706543 0.291843
1 0.626709 0.289725 0.625977 0.287606 0.625488 0.288136 0.626465 0.289195 0.625977 0.290784 0.625732 0.294492 0.625244 0.294492 0.624756 0.292903 0.625244 0.291843 0.623047 0.291843 0.622803 0.290254 0.620605 0.295021 0.621338 0.295021 0.621582 0.293432 0.622314 0.294492 0.622070 0.295021 0.622803 0.295021 0.622803 0.293962 0.623535 0.292373 0.624268 0.292373 0.624512 0.293432 0.623779 0.295021 0.624512 0.295021 0.624756 0.292903 0.625244 0.296081 0.625977 0.293962 0.625977 0.291314
1 0.772949 0.288136 0.771484 0.288136 0.771240 0.287076 0.763672 0.288665 0.763672 0.289725 0.762695 0.290784 0.763672 0.290784 0.764160 0.289725 0.765381 0.289725 0.765869 0.288665 0.768066 0.287606 0.770996 0.287606 0.771973 0.289195
1 0.299805 0.286017 0.299805 0.287606 0.299316 0.288136 0.299316 0.290784 0.300537 0.292903 0.300537 0.290254 0.301514 0.289725 0.302002 0.288136 0.300781 0.288136 0.300537 0.286017
1 0.571777 0.284958 0.569824 0.284958 0.569092 0.289725 0.570068 0.292903 0.569580 0.295551 0.570312 0.294492 0.571533 0.294492 0.571289 0.292373 0.572021 0.291843 0.572021 0.288665 0.571533 0.289195 0.571289 0.288136 0.572510 0.287606 0.572510 0.286547 0.572021 0.286547
1 0.127686 0.285487 0.127441 0.284958 0.126953 0.287076 0.125000 0.287076 0.124756 0.288136 0.124023 0.288136 0.124512 0.289195 0.124512 0.290784 0.125732 0.290784 0.125977 0.291843 0.126221 0.290784 0.126953 0.290784 0.127441 0.289195
1 0.739258 0.284958 0.739990 0.286017 0.739746 0.287076 0.739258 0.286547 0.739258 0.287606 0.739746 0.287606 0.739990 0.288665 0.741699 0.287606 0.742188 0.286547 0.743164 0.288136 0.743164 0.285487 0.742676 0.284428 0.742188 0.286547 0.740723 0.287076 0.739746 0.283898
1 0.326416 0.284958 0.325928 0.283898 0.324707 0.283898 0.325439 0.284428 0.326172 0.287076 0.325928 0.288136 0.325195 0.288136 0.324951 0.290254 0.323975 0.287606 0.323975 0.284958 0.323486 0.286017 0.322266 0.286017 0.323486 0.288136 0.323242 0.289195 0.320801 0.287076 0.322266 0.288665 0.320557 0.290784 0.320312 0.288136 0.319336 0.290254 0.320068 0.291843 0.320068 0.294492 0.321045 0.295551 0.320557 0.294492 0.320801 0.292903 0.322754 0.293432 0.324463 0.291314 0.324707 0.292903 0.325684 0.293962 0.324463 0.290784 0.325439 0.290254 0.326172 0.288665
1 0.062012 0.288136 0.061279 0.288665 0.061035 0.287076 0.060547 0.287606 0.060303 0.286547 0.061035 0.285487 0.060547 0.284958 0.058594 0.284958 0.058350 0.286017 0.057129 0.283898 0.056641 0.285487 0.057373 0.285487 0.057861 0.286547 0.055908 0.287076 0.055176 0.288665 0.054199 0.288136 0.054199 0.289725 0.053223 0.291314 0.053223 0.292903 0.052246 0.293432 0.051758 0.295021 0.051270 0.294492 0.052246 0.295551 0.051514 0.297140 0.050781 0.296081 0.050781 0.295021 0.050537 0.296081 0.050293 0.294492 0.050781 0.293962 0.050293 0.293432 0.050537 0.290784 0.049072 0.290784 0.049072 0.292903 0.048340 0.291314 0.047852 0.292903 0.048340 0.291843 0.049072 0.292903 0.048340 0.295021 0.048828 0.300318 0.049561 0.300318 0.050049 0.298199 0.050781 0.298199 0.051514 0.301377 0.048828 0.301907 0.047852 0.304025 0.050293 0.305085 0.051025 0.304555 0.051270 0.306144 0.052490 0.307733 0.052246 0.307203 0.052734 0.306674 0.052002 0.305614 0.053223 0.303496 0.054199 0.304025 0.053467 0.303496 0.054199 0.301907 0.052490 0.296610 0.052979 0.295021 0.053467 0.295021 0.055664 0.290784 0.056641 0.290784 0.056152 0.290254 0.056396 0.289195 0.057373 0.290784 0.057129 0.293962 0.058838 0.293432 0.060059 0.294492 0.060547 0.293962 0.060791 0.295021 0.061279 0.293962 0.061279 0.290254
1 0.611816 0.284428 0.612061 0.288136 0.611084 0.290254 0.609863 0.289195 0.610107 0.292373 0.608398 0.295551 0.608643 0.297140 0.605957 0.300318 0.607422 0.300318 0.607178 0.302966 0.606445 0.302966 0.606689 0.307203 0.605957 0.307733 0.605469 0.305614 0.605225 0.307733 0.605957 0.308792 0.605957 0.310911 0.604004 0.314619 0.603516 0.317797 0.606201 0.311441 0.607666 0.313030 0.606445 0.310381 0.607178 0.308263 0.608887 0.309852 0.608398 0.312500 0.610352 0.309852 0.610840 0.311970 0.609863 0.316208 0.611084 0.314619 0.612549 0.315148 0.610352 0.322034 0.612061 0.321504 0.613037 0.319386 0.613037 0.316208 0.613770 0.315148 0.614502 0.320445 0.614746 0.318326 0.615723 0.317797 0.615234 0.325742 0.615723 0.326271 0.615967 0.322034 0.616699 0.320975 0.620361 0.329979 0.619385 0.325742 0.620117 0.321504 0.619385 0.318326 0.620605 0.317267 0.621094 0.318856 0.621094 0.317797 0.618164 0.315148 0.618164 0.317797 0.617676 0.318326 0.617432 0.317267 0.617188 0.319386 0.616211 0.314619 0.615723 0.315148 0.614990 0.313030 0.617676 0.307203 0.616699 0.306144 0.615723 0.310911 0.614258 0.311970 0.612549 0.308263 0.609375 0.307733 0.608643 0.306144 0.610352 0.305085 0.612061 0.306144 0.610596 0.304555 0.610596 0.302436 0.613037 0.299788 0.614014 0.300318 0.613525 0.301377 0.613770 0.305085 0.614502 0.303496 0.614746 0.300318 0.611328 0.292373 0.611328 0.290254 0.614746 0.283898 0.613281 0.284428 0.612549 0.287606 0.611816 0.287076
1 0.759277 0.282839 0.759766 0.282839 0.760010 0.284428 0.761719 0.284428 0.761719 0.285487 0.764893 0.284428 0.762939 0.283369 0.761963 0.283898 0.759766 0.282309
1 0.507324 0.282309 0.507080 0.283369 0.507812 0.284428 0.506836 0.285487 0.506836 0.287606 0.507812 0.289195 0.507812 0.290254 0.506348 0.290254 0.506348 0.292903 0.507568 0.294492 0.507568 0.291314 0.508545 0.290784 0.508789 0.292903 0.509521 0.294492 0.510498 0.295021 0.510010 0.291843 0.508789 0.291314 0.508545 0.288665 0.507568 0.287606 0.507568 0.284958 0.508545 0.283898 0.508057 0.283898
1 0.610596 0.281780 0.609375 0.283898 0.606934 0.284428 0.606445 0.282309 0.606201 0.283898 0.607666 0.287076 0.608643 0.286017 0.609375 0.286547 0.609375 0.284958
1 0.538818 0.281250 0.538330 0.281780 0.538086 0.280720 0.536865 0.283898 0.535645 0.283898 0.535156 0.282839 0.535156 0.285487 0.536377 0.285487 0.536621 0.284428 0.538086 0.284428 0.538330 0.285487 0.539062 0.285487 0.538086 0.284428 0.538818 0.283369
1 0.156494 0.280720 0.156006 0.281780 0.155029 0.281780 0.154297 0.284958 0.151367 0.290784 0.153564 0.287606 0.155029 0.288665 0.155273 0.287606 0.156738 0.287606 0.156006 0.286547 0.156006 0.284428 0.155518 0.286547 0.154541 0.284428 0.155518 0.281780 0.156494 0.283369
1 0.137695 0.282309 0.138184 0.282839 0.138184 0.286547 0.139893 0.289195 0.140137 0.293432 0.139160 0.296081 0.140137 0.296081 0.141357 0.299788 0.142822 0.299258 0.142334 0.297140 0.142578 0.296610 0.140869 0.296610 0.139893 0.295551 0.139893 0.294492 0.140869 0.292903 0.141357 0.295021 0.141357 0.293432 0.142334 0.291843 0.139893 0.281250 0.139160 0.280720 0.139160 0.282309
1 0.006348 0.280720 0.006836 0.281780 0.006836 0.284428 0.006348 0.285487 0.006836 0.286017 0.006836 0.287606 0.007812 0.288136 0.007324 0.289195 0.007324 0.290784 0.008545 0.290254 0.009766 0.292903 0.010498 0.292903 0.010498 0.291314 0.010986 0.290784 0.010986 0.288136 0.008301 0.288136 0.008057 0.287076 0.008789 0.285487 0.009766 0.285487 0.010010 0.287076 0.010254 0.285487 0.010986 0.285487 0.011475 0.284428 0.011475 0.281780 0.007812 0.281780 0.007568 0.280720
1 0.285400 0.279131 0.284180 0.279661 0.283936 0.278602 0.283447 0.279661 0.283447 0.280720 0.283691 0.279131 0.284180 0.279661 0.283936 0.282839 0.282715 0.283369 0.282715 0.284958 0.283936 0.286547 0.284912 0.283898 0.284912 0.279661
1 0.622070 0.277542 0.622314 0.279661 0.621826 0.280720 0.621094 0.280191 0.621094 0.282839 0.622070 0.282309 0.622559 0.283369 0.622559 0.287076 0.623291 0.287606 0.623535 0.281780 0.623291 0.282309 0.623047 0.280720 0.623535 0.280720 0.623535 0.279131 0.622803 0.279131
1 0.193359 0.277542 0.191406 0.280191 0.191650 0.282309 0.193115 0.282309 0.194092 0.280191
1 0.553711 0.276483 0.551514 0.281250 0.551514 0.283898 0.550537 0.284428 0.550293 0.285487 0.551025 0.284428 0.552246 0.287606 0.551758 0.288136 0.552246 0.289195 0.554199 0.289725 0.554688 0.287606 0.555420 0.287606 0.554932 0.286017 0.554443 0.288136 0.553467 0.286017 0.553711 0.285487 0.552979 0.285487 0.553467 0.283898 0.553223 0.282309 0.552246 0.281780 0.552979 0.281250 0.553467 0.278072 0.554688 0.278072
1 0.567871 0.276483 0.567627 0.279131 0.568359 0.279661 0.567871 0.280191 0.568604 0.280191 0.568848 0.279131 0.570068 0.279131 0.570068 0.276483 0.569336 0.276483 0.569092 0.275424 0.568359 0.275424
1 0.555176 0.275953 0.555176 0.278602 0.555420 0.278072 0.555664 0.279131 0.555908 0.277542 0.556152 0.278602 0.558350 0.279661 0.558105 0.280720 0.557617 0.280191 0.558350 0.282309 0.557373 0.282309 0.557617 0.284428 0.558350 0.284428 0.558594 0.286017 0.559082 0.286017 0.559082 0.284428 0.558105 0.284428 0.557861 0.283369 0.558838 0.283369 0.559326 0.282309 0.559326 0.281250 0.560059 0.280191 0.559814 0.278602 0.558105 0.277542 0.557373 0.275424
1 0.317383 0.275424 0.317871 0.275953 0.318359 0.279131 0.318848 0.278072 0.319824 0.278072 0.320801 0.281250 0.321533 0.280720 0.320801 0.280191 0.318848 0.275424
1 0.546631 0.274894 0.546387 0.276483 0.545410 0.274364 0.545898 0.278072 0.544678 0.280720 0.544678 0.284428 0.542480 0.280720 0.541016 0.280720 0.540527 0.281780 0.540527 0.283369 0.540039 0.283898 0.540527 0.284958 0.540527 0.287606 0.539551 0.288136 0.540283 0.288665 0.540039 0.290784 0.540527 0.291843 0.541260 0.291843 0.541016 0.289725 0.541748 0.287076 0.542236 0.287606 0.541504 0.286017 0.541992 0.284428 0.542236 0.284958 0.541992 0.283898 0.542480 0.282839 0.545166 0.284428 0.545166 0.282839 0.545654 0.281780 0.546631 0.282309 0.546631 0.280720 0.546143 0.280191 0.546387 0.279661 0.545654 0.279131 0.545898 0.278072 0.547607 0.278072 0.547363 0.277013 0.546875 0.277542 0.546387 0.276483
1 0.598877 0.273835 0.597656 0.275953 0.598145 0.277013 0.597656 0.278072 0.598633 0.279131 0.597900 0.282839 0.597412 0.281780 0.597656 0.281250 0.596680 0.282839 0.596680 0.285487 0.597168 0.285487 0.596680 0.283369 0.597168 0.282309 0.598145 0.284428 0.598633 0.282839 0.599365 0.283369 0.598877 0.279661 0.599121 0.277542 0.599854 0.275953 0.601074 0.283369 0.601318 0.282309 0.600098 0.275424 0.599365 0.275424
1 0.356445 0.273835 0.355957 0.274364 0.355713 0.273305 0.354980 0.273305 0.354980 0.274894 0.354004 0.276483 0.354248 0.281250 0.353516 0.283898 0.352295 0.281780 0.352295 0.283369 0.353760 0.286017 0.353516 0.290784 0.352783 0.291843 0.354980 0.291843 0.355225 0.288136 0.354492 0.288136 0.354248 0.286017 0.355225 0.285487 0.355713 0.280191 0.357422 0.280720 0.355957 0.277013 0.356445 0.275953
1 0.785645 0.273305 0.785400 0.275424 0.786133 0.275953 0.785889 0.277013 0.786377 0.278072 0.786133 0.283369 0.788330 0.286017 0.789062 0.284958 0.790771 0.285487 0.790527 0.284428 0.789551 0.284428 0.788818 0.280720 0.787842 0.282309 0.787598 0.281780 0.787354 0.282839 0.786377 0.281250 0.787109 0.273835 0.786865 0.272775 0.786133 0.273835
1 0.668701 0.273305 0.666260 0.273305 0.666260 0.274894 0.665039 0.277013 0.665039 0.278072 0.666260 0.275953 0.666504 0.276483 0.665771 0.278602 0.666260 0.279131 0.666504 0.277013 0.666992 0.276483 0.666748 0.274364 0.668457 0.274364
1 0.337402 0.272246 0.337158 0.273835 0.339111 0.278072 0.339355 0.275424 0.339844 0.274894 0.339600 0.273305
1 0.201172 0.294492 0.202637 0.299258 0.202637 0.296610 0.203857 0.298199 0.205078 0.304555 0.207520 0.301377 0.210693 0.302436 0.212646 0.307203 0.211914 0.316208 0.214111 0.315148 0.212402 0.314089 0.212891 0.311970 0.215820 0.310381 0.218262 0.316208 0.219971 0.315678 0.224121 0.321504 0.221924 0.318326 0.222656 0.316208 0.223633 0.319386 0.223877 0.316208 0.225830 0.315678 0.228027 0.320445 0.226807 0.325212 0.230469 0.331038 0.231689 0.338453 0.231201 0.330508 0.229248 0.325742 0.229980 0.324153 0.226562 0.311970 0.229004 0.311970 0.230957 0.320445 0.230957 0.309852 0.235107 0.314619 0.235107 0.311970 0.237061 0.313030 0.236816 0.316737 0.238281 0.316208 0.237305 0.313559 0.246826 0.315678 0.240234 0.310911 0.238525 0.313559 0.238281 0.310381 0.242432 0.304555 0.239746 0.302436 0.241211 0.304555 0.239746 0.306144 0.238037 0.303496 0.238525 0.300318 0.236084 0.301907 0.239258 0.308263 0.238037 0.310381 0.233398 0.309322 0.229248 0.301907 0.228516 0.305085 0.224365 0.300847 0.217773 0.271716 0.218262 0.279661 0.214111 0.273305 0.212158 0.273305 0.212402 0.278072 0.213135 0.275953 0.215576 0.279131 0.214355 0.282839 0.218506 0.281250 0.219971 0.284428 0.218506 0.285487 0.220215 0.287076 0.223145 0.299258 0.215576 0.289195 0.214600 0.284428 0.213867 0.287076 0.212402 0.280720 0.210449 0.281780 0.210693 0.277542 0.209473 0.280191 0.209473 0.275424 0.210693 0.274894 0.208740 0.273835 0.209717 0.272246 0.207520 0.275424 0.207031 0.283898 0.210938 0.283898 0.210938 0.293432 0.208496 0.289195 0.207031 0.291314 0.208740 0.290784 0.209717 0.295021 0.207764 0.293432 0.206299 0.296081 0.203125 0.292373
1 0.632324 0.271186 0.631836 0.271186 0.630859 0.273305 0.630859 0.275424 0.630615 0.274364 0.629883 0.275424 0.630371 0.279131 0.631348 0.279131 0.632568 0.277013 0.632568 0.274364 0.632080 0.274894 0.631592 0.273835 0.631836 0.272775 0.632568 0.272775
1 0.551514 0.271186 0.550781 0.271186 0.550537 0.274894 0.551025 0.277013 0.549316 0.280720 0.550293 0.281250 0.550049 0.279131 0.551270 0.278602 0.551025 0.277542 0.551514 0.276483 0.551025 0.273305 0.552002 0.272775
1 0.490479 0.272246 0.489746 0.271186 0.488037 0.271186 0.488281 0.276483 0.487793 0.277542 0.486328 0.277542 0.486084 0.276483 0.485840 0.277013 0.486328 0.277542 0.485596 0.278602 0.484619 0.278602 0.484619 0.275424 0.484131 0.274894 0.484131 0.273835 0.483398 0.273835 0.483154 0.274894 0.483887 0.275424 0.484131 0.277013 0.483398 0.277013 0.483154 0.279661 0.481689 0.280191 0.482910 0.282309 0.483887 0.278072 0.484131 0.279131 0.485352 0.279131 0.486816 0.282309 0.487793 0.282309 0.487793 0.279661 0.488525 0.275424 0.489502 0.274894 0.489014 0.274364 0.489258 0.273835 0.490234 0.274364 0.489990 0.272775
1 0.332031 0.272246 0.332520 0.273835 0.333252 0.273835 0.335938 0.279661 0.335938 0.281250 0.336182 0.279131 0.336914 0.281250 0.337646 0.281250 0.337158 0.280191 0.337158 0.278072 0.335693 0.278072 0.336182 0.276483 0.336670 0.277013 0.336914 0.275953 0.335693 0.273305 0.335205 0.273835 0.334473 0.272775 0.334473 0.271186 0.333984 0.272775 0.332520 0.271186 0.333008 0.272246 0.332764 0.273835
1 0.292969 0.270127 0.292480 0.271716 0.292969 0.272246 0.292969 0.273835 0.291992 0.274364 0.291992 0.277013 0.291504 0.277542 0.291992 0.278602 0.291992 0.282309 0.292725 0.282309 0.293457 0.284428 0.295166 0.284428 0.293457 0.283898 0.291992 0.278602 0.292969 0.277013 0.293213 0.272246 0.292725 0.271186 0.293701 0.270657
1 0.469238 0.270127 0.471436 0.273305 0.471924 0.274894 0.472412 0.272246 0.473145 0.273835 0.472900 0.274894 0.473877 0.278072 0.475342 0.279661 0.475830 0.279131 0.475830 0.278072 0.475342 0.277542 0.476318 0.276483 0.476562 0.280191 0.477295 0.279131 0.476562 0.277542 0.477295 0.275424 0.477295 0.271716 0.476562 0.273835 0.475586 0.273305 0.475098 0.274364 0.473877 0.270127 0.473145 0.270127 0.472900 0.271186 0.471680 0.270127 0.471680 0.272246 0.470215 0.269597
1 0.157227 0.269068 0.157227 0.271716 0.156738 0.272775 0.156250 0.271186 0.156006 0.273305 0.157227 0.274894 0.157959 0.274894 0.157227 0.273305 0.158447 0.271716 0.158447 0.269068
1 0.230957 0.268008 0.230469 0.269068 0.230713 0.270657 0.229736 0.271716 0.229492 0.273305 0.230957 0.272246 0.231689 0.273835 0.231201 0.274364 0.232178 0.277013 0.232910 0.274894 0.231689 0.272775 0.232178 0.271716 0.232422 0.268538 0.231445 0.269068
1 0.163574 0.268008 0.162354 0.271186 0.163086 0.271716 0.163330 0.270657 0.163574 0.273305 0.163818 0.272775 0.164795 0.274364 0.163818 0.275953 0.165283 0.275424 0.165283 0.274364 0.164307 0.273305 0.165771 0.273305 0.166260 0.272775 0.166260 0.271716 0.165771 0.271186 0.166016 0.272246 0.165283 0.273305 0.164795 0.272246 0.165283 0.269068 0.164551 0.271186 0.163818 0.270657 0.164551 0.269068 0.164062 0.269597
1 0.564697 0.266949 0.564209 0.265890 0.562500 0.265890 0.562500 0.269597 0.562988 0.270127 0.562744 0.271186 0.562012 0.271186 0.561279 0.269597 0.561035 0.266949 0.560547 0.268008 0.560547 0.270657 0.561523 0.272775 0.562500 0.272775 0.562744 0.271716 0.564209 0.270127 0.563965 0.269068
1 0.603271 0.264831 0.602295 0.266949 0.603027 0.269597 0.603516 0.269068 0.604492 0.271716 0.604492 0.277013 0.605469 0.275424 0.606934 0.278602 0.606934 0.280191 0.607178 0.278072 0.605713 0.275953 0.605713 0.273835 0.605957 0.274364 0.605469 0.275424 0.605225 0.274894 0.605225 0.271186 0.603271 0.268538
1 0.481201 0.264831 0.480713 0.264831 0.480225 0.266419 0.479248 0.264831 0.478760 0.266949 0.477051 0.267479 0.476807 0.268538 0.474121 0.268008 0.475098 0.269597 0.475342 0.271186 0.476318 0.270657 0.475830 0.270657 0.475342 0.269068 0.476562 0.268008 0.476807 0.268538 0.477295 0.267479 0.477539 0.268538 0.478027 0.267479 0.479004 0.267479 0.479004 0.268538 0.481201 0.268538
1 0.645752 0.263242 0.645264 0.266419 0.645020 0.265890 0.643555 0.269068 0.643066 0.268008 0.642334 0.270127 0.642334 0.279131 0.644287 0.278072 0.644287 0.274364 0.643311 0.275953 0.642578 0.272775 0.643066 0.270657 0.644287 0.269068 0.644043 0.268538 0.644531 0.267479 0.645264 0.268538 0.645264 0.269597
1 0.278320 0.263242 0.277832 0.263771 0.278320 0.264301 0.278320 0.267479 0.278809 0.268008 0.278809 0.269068 0.278320 0.269597 0.279297 0.270657 0.280029 0.269068 0.279297 0.268008 0.279541 0.266419 0.278564 0.264831
1 0.185303 0.265890 0.183594 0.262712 0.183350 0.264831 0.181152 0.264831 0.180664 0.266419 0.181885 0.268538 0.183105 0.266419
1 0.553955 0.261653 0.551514 0.266949 0.550781 0.266949 0.550781 0.268538 0.553467 0.268538
1 0.613281 0.260593 0.613281 0.262182 0.613770 0.263242 0.612793 0.264301 0.612305 0.266419 0.610352 0.265890 0.610352 0.268538 0.609863 0.269597 0.610596 0.270127 0.610107 0.269068 0.610352 0.268538 0.611328 0.268538 0.611816 0.269597 0.611328 0.271716 0.610107 0.272246 0.611084 0.273835 0.610840 0.275424 0.612305 0.272775 0.612549 0.269597 0.613281 0.267479 0.614258 0.266419 0.614258 0.262182
1 0.571045 0.264831 0.571289 0.266949 0.572266 0.268538 0.572754 0.267479 0.571777 0.265890 0.572510 0.265360 0.572998 0.263771 0.573242 0.264831 0.574219 0.264831 0.574219 0.266949 0.573730 0.267479 0.574463 0.267479 0.574707 0.266419 0.575684 0.268538 0.576416 0.267479 0.575928 0.264831 0.573975 0.264301 0.573975 0.262712 0.574707 0.262182 0.574951 0.260593 0.574219 0.260593 0.573975 0.262712 0.572266 0.260593 0.572754 0.261653 0.572510 0.264301 0.571777 0.264831 0.571289 0.263242
1 0.782959 0.263242 0.782471 0.261123 0.781494 0.260593 0.781250 0.259534 0.781250 0.261653 0.780762 0.261653 0.780273 0.263771 0.778076 0.262712 0.777588 0.263771 0.770020 0.264301 0.769287 0.263242 0.769775 0.262182 0.768555 0.263771 0.763672 0.266419 0.763428 0.264831 0.762695 0.263771 0.762207 0.264831 0.761230 0.264831 0.760498 0.266949 0.759521 0.266419 0.758789 0.267479 0.760498 0.267479 0.760742 0.268008 0.759766 0.269068 0.760254 0.269597 0.760010 0.270127 0.760742 0.268538 0.764404 0.266949 0.764893 0.265890 0.766602 0.264831 0.772705 0.264831 0.773438 0.263771 0.778809 0.263242 0.781006 0.263771 0.781738 0.261123 0.782715 0.262712 0.782715 0.264301
1 0.705322 0.259004 0.705322 0.264301 0.704834 0.264831 0.704590 0.263771 0.703613 0.264831 0.703613 0.266419 0.704834 0.265890 0.705811 0.269597 0.706299 0.267479 0.706787 0.267479 0.707031 0.269068 0.707764 0.269068 0.707275 0.265890 0.707764 0.265360 0.707764 0.263771 0.708252 0.262712 0.708008 0.263242 0.707275 0.262182 0.706299 0.263242 0.705811 0.262182 0.706543 0.260064 0.707764 0.261123 0.707764 0.259534
1 0.661865 0.258475 0.661621 0.261123 0.661133 0.261653 0.661133 0.264301 0.660156 0.265890 0.660156 0.270127 0.660400 0.269068 0.660889 0.269597 0.660400 0.265890 0.661133 0.264301 0.661865 0.264301 0.662354 0.265360 0.662109 0.262182 0.663086 0.261123 0.662354 0.261123
1 0.643311 0.257415 0.642090 0.257415 0.642090 0.261123 0.641113 0.262182 0.641602 0.264301 0.641846 0.262712 0.643311 0.260593 0.643311 0.259534 0.642822 0.259004
1 0.579834 0.257415 0.579834 0.258475 0.580811 0.257945 0.581299 0.259004 0.581055 0.260064 0.580566 0.259534 0.581787 0.262712 0.582275 0.262182 0.582520 0.263242 0.583008 0.263242 0.582764 0.262712 0.583252 0.261653 0.582275 0.259534 0.581543 0.259534 0.580811 0.257415
1 0.700928 0.256356 0.700439 0.257415 0.699707 0.257415 0.699463 0.258475 0.699219 0.257945 0.699219 0.260064 0.696533 0.265890 0.695312 0.266419 0.695312 0.269597 0.694824 0.270127 0.695312 0.271186 0.695312 0.275953 0.695801 0.274894 0.696777 0.275424 0.696289 0.276483 0.696533 0.279661 0.696045 0.280720 0.695801 0.280191 0.695801 0.281250 0.696289 0.281780 0.695801 0.283369 0.696289 0.282309 0.697021 0.282309 0.696777 0.281250 0.697754 0.279131 0.699463 0.279131 0.699463 0.275424 0.699951 0.274364 0.698975 0.274364 0.698975 0.275424 0.697998 0.276483 0.697510 0.275424 0.698486 0.274364 0.698242 0.273835 0.699463 0.271186 0.696289 0.271186 0.696045 0.270127 0.696533 0.269597 0.696777 0.267479 0.699951 0.267479 0.700195 0.271716 0.700684 0.270657 0.701172 0.271186 0.700684 0.273305 0.701904 0.273835 0.702881 0.272246 0.701172 0.271716 0.701416 0.270127 0.702881 0.269597 0.702881 0.266419 0.701660 0.266949 0.701416 0.269068 0.700928 0.268538 0.700928 0.266949 0.700439 0.268008 0.699951 0.267479 0.699951 0.262712 0.700684 0.260064 0.701416 0.260064 0.701904 0.259004
1 0.489014 0.256356 0.489014 0.259534 0.488281 0.260064 0.488770 0.261123 0.488281 0.261653 0.488281 0.262712 0.487793 0.262712 0.487305 0.264831 0.486816 0.263771 0.485840 0.264301 0.486328 0.266419 0.488037 0.266419 0.488281 0.267479 0.489014 0.267479 0.489014 0.262712 0.488525 0.262182 0.489014 0.261123
1 0.285156 0.256356 0.284912 0.257415 0.283936 0.256356 0.282959 0.259004 0.282227 0.259004 0.282959 0.260064 0.282715 0.261123 0.283447 0.261653 0.282959 0.262712 0.281982 0.262712 0.282715 0.264831 0.282715 0.267479 0.283447 0.266419 0.283447 0.262712 0.284424 0.262182 0.284424 0.259534 0.285156 0.257945
1 0.706299 0.256356 0.705566 0.256356 0.705322 0.255297 0.704346 0.257415 0.703369 0.256356 0.703125 0.260064 0.702637 0.260593 0.702637 0.263242 0.703369 0.261653 0.704834 0.260593 0.704834 0.259534 0.704346 0.259004 0.704590 0.257415
1 0.353760 0.255297 0.353027 0.255826 0.353027 0.257415 0.353516 0.258475 0.352783 0.259534 0.353516 0.263771 0.352539 0.266949 0.354004 0.264831 0.354004 0.261123 0.354980 0.260064 0.354980 0.259004 0.354248 0.259004 0.354736 0.257945 0.353760 0.256886
1 0.164795 0.255297 0.163574 0.255297 0.162354 0.257415 0.159180 0.257415 0.160156 0.257415 0.161377 0.259004 0.161133 0.260064 0.158691 0.260064 0.159180 0.264301 0.159668 0.265360 0.160400 0.265360 0.161377 0.263242 0.161377 0.261653 0.162354 0.261123 0.162598 0.263242 0.163086 0.263242 0.163086 0.265360 0.163818 0.265360 0.164307 0.266419 0.163818 0.262712 0.164307 0.262182 0.164062 0.260593 0.164795 0.260064
1 0.776611 0.254237 0.778076 0.255826 0.778564 0.257415 0.777588 0.257945 0.776855 0.259534 0.778076 0.259534 0.780029 0.262182 0.780029 0.260593 0.778564 0.259004 0.778564 0.257415 0.779297 0.257415 0.779541 0.255826 0.780029 0.256356 0.780029 0.258475 0.780029 0.255826 0.779297 0.255297 0.780029 0.254767
1 0.099121 0.255297 0.099365 0.255826 0.099854 0.254767 0.101074 0.257415 0.101074 0.259004 0.101562 0.257945 0.103516 0.257945 0.103027 0.255297 0.102783 0.256356 0.102539 0.255297 0.102295 0.256356 0.101562 0.256356 0.100098 0.254237
1 0.763184 0.253178 0.761963 0.253178 0.760986 0.254237 0.761230 0.255297 0.759277 0.256356 0.759277 0.257945 0.760254 0.260064 0.761719 0.260593 0.763428 0.257415 0.761963 0.257415 0.760986 0.260064 0.760498 0.257415 0.762695 0.253178
1 0.570801 0.254237 0.570801 0.255826 0.571289 0.256356 0.571289 0.259004 0.572998 0.259004 0.572510 0.257945 0.572510 0.256356 0.572998 0.255826 0.572510 0.254767 0.572510 0.253178
1 0.775146 0.255826 0.773682 0.252119 0.772705 0.251589 0.771729 0.257945 0.772461 0.258475 0.771973 0.257945 0.771973 0.255826 0.772461 0.254237 0.773193 0.255826 0.772949 0.257945 0.773438 0.256886 0.774658 0.256886
1 0.613770 0.256886 0.612793 0.255297 0.612793 0.253178 0.612061 0.251059 0.611328 0.252648 0.609863 0.252119 0.609619 0.254237 0.609131 0.253178 0.608398 0.254237 0.607422 0.254237 0.607422 0.256356 0.605957 0.257415 0.604980 0.259534 0.605225 0.261123 0.604736 0.262182 0.605713 0.263242 0.606445 0.261653 0.606201 0.260064 0.607178 0.257945 0.608643 0.259534 0.606934 0.260593 0.607178 0.262712 0.606689 0.264301 0.608154 0.260593 0.609619 0.262182 0.609863 0.263242 0.609131 0.264301 0.609863 0.264301 0.610107 0.263242 0.611572 0.264301 0.611084 0.263242 0.611084 0.259534 0.611572 0.258475 0.610596 0.257945 0.610352 0.254237 0.612305 0.252119 0.612549 0.257945 0.613037 0.256356
1 0.281738 0.251059 0.281738 0.253708 0.283447 0.253708 0.283936 0.252648 0.284912 0.253178 0.284668 0.251059
1 0.415039 0.250000 0.414062 0.252119 0.414062 0.253708 0.414551 0.254237 0.414795 0.253178 0.416260 0.256886 0.416748 0.256886 0.416260 0.254767 0.416748 0.253708 0.416260 0.254237 0.415771 0.253178 0.416016 0.250000 0.415527 0.252119 0.415039 0.251589
1 0.274902 0.251059 0.274902 0.255826 0.275635 0.255826 0.276123 0.256886 0.275391 0.254767 0.276367 0.253708 0.277832 0.256356 0.278076 0.260064 0.279541 0.262182 0.279053 0.263242 0.279297 0.264301 0.280518 0.264831 0.280029 0.262712 0.280762 0.261653 0.279297 0.261653 0.278076 0.259004 0.278076 0.255297 0.277344 0.254237 0.278076 0.253178 0.278076 0.252119 0.276855 0.251589 0.276611 0.250000
1 0.010742 0.251589 0.010742 0.252648 0.011963 0.252648 0.012451 0.251589 0.012695 0.253178 0.015381 0.253708 0.014648 0.252119 0.014893 0.251059 0.014160 0.251059 0.013672 0.252119 0.012939 0.250000 0.011963 0.249470 0.011230 0.250000
1 0.565430 0.248941 0.564941 0.250530 0.563721 0.250530 0.562988 0.249470 0.562988 0.251589 0.563477 0.252119 0.563477 0.256886 0.563965 0.256886 0.565186 0.253178 0.565674 0.249470
1 0.433350 0.250000 0.432617 0.250000 0.432373 0.248941 0.431152 0.248941 0.431152 0.250000 0.430176 0.250000 0.431152 0.253178 0.430420 0.255297 0.431396 0.255826 0.431641 0.253708 0.432861 0.253708 0.432861 0.251589
1 0.000000 0.248941 0.000000 0.250000 0.000732 0.251589 0.000000 0.252648 0.000000 0.256886 0.000977 0.258475 0.000488 0.260064 0.000000 0.260064 0.000732 0.260064 0.000977 0.259004 0.001709 0.260064 0.003174 0.256886 0.001953 0.253708 0.001953 0.255297 0.000977 0.256886 0.000000 0.255297 0.000244 0.254237 0.001465 0.253178 0.000977 0.252119 0.000977 0.250530 0.000488 0.250530
1 0.187012 0.250000 0.188232 0.250530 0.188477 0.251589 0.189697 0.252648 0.189697 0.251059 0.190674 0.250530 0.190674 0.248941 0.188477 0.248941 0.188232 0.247881 0.187500 0.247881 0.187500 0.249470
1 0.749023 0.247352 0.748535 0.247352 0.748291 0.249470 0.747070 0.250530 0.746582 0.252648 0.745605 0.252648 0.745117 0.254237 0.746582 0.257945 0.746826 0.256356 0.747803 0.255826 0.747803 0.254237 0.748291 0.253708 0.748779 0.259004 0.748535 0.253708 0.747803 0.253708 0.747559 0.254767 0.746582 0.254237 0.747314 0.253178 0.747559 0.251589 0.748535 0.250000 0.748779 0.250530 0.748535 0.248941
1 0.438477 0.246822 0.437500 0.247881 0.437256 0.250000 0.435547 0.251059 0.436035 0.252119 0.435547 0.253178 0.434326 0.251059 0.434082 0.253708 0.436035 0.253708 0.437500 0.250530 0.438477 0.253708 0.438965 0.252648 0.437988 0.249470 0.438721 0.248411
1 0.353760 0.246292 0.353027 0.246822 0.353027 0.248411 0.352051 0.249470 0.352539 0.251059 0.352539 0.253708 0.353027 0.254237 0.353760 0.252648 0.354248 0.252648 0.353516 0.251589 0.353516 0.250000 0.354248 0.247881
1 0.270996 0.245763 0.270508 0.246822 0.271484 0.248411 0.270996 0.249470 0.270996 0.253708 0.271240 0.250530 0.271484 0.253708 0.272705 0.251589 0.273193 0.253708 0.274170 0.254767 0.273438 0.253708 0.273193 0.252119 0.271973 0.250530 0.272705 0.248941
1 0.784180 0.245233 0.782471 0.246822 0.782471 0.247881 0.781494 0.248941 0.782227 0.249470 0.781738 0.251059 0.781250 0.251059 0.781738 0.252119 0.781738 0.253708 0.781250 0.254237 0.781494 0.255826 0.782471 0.255297 0.782715 0.256356 0.782715 0.254237 0.783691 0.254237 0.784424 0.251589 0.784668 0.252119 0.784424 0.251059 0.784912 0.249470 0.783936 0.252648 0.782959 0.250530 0.783203 0.248411 0.784180 0.248411 0.783691 0.247881 0.784424 0.246292
1 0.408936 0.242055 0.408447 0.242055 0.408447 0.243114 0.407715 0.244703 0.406250 0.242585 0.407227 0.244703 0.407715 0.247352 0.407715 0.249470 0.406494 0.252648 0.406982 0.253708 0.407959 0.252648 0.407959 0.245763
1 0.289795 0.242055 0.289307 0.243114 0.288086 0.243114 0.286865 0.245763 0.286621 0.248411 0.287109 0.249470 0.287842 0.248941 0.287354 0.248941 0.286865 0.247352 0.288818 0.247352 0.289307 0.245233 0.289062 0.244174 0.289795 0.243114
1 0.191895 0.242585 0.192139 0.245233 0.194336 0.245763 0.194336 0.242585
1 0.610352 0.242585 0.611328 0.244703 0.610352 0.246822 0.611572 0.246292 0.612061 0.247352 0.612305 0.245233 0.615234 0.245233 0.614990 0.248941 0.613037 0.248941 0.614746 0.252119 0.614258 0.254767 0.614990 0.253708 0.616211 0.256356 0.615479 0.258475 0.614014 0.257945 0.615234 0.260593 0.614746 0.259004 0.615479 0.258475 0.616211 0.261123 0.615967 0.262712 0.614990 0.262182 0.616455 0.262712 0.615479 0.265890 0.616455 0.266419 0.617676 0.264831 0.616699 0.262712 0.616699 0.259004 0.618408 0.260064 0.618408 0.262712 0.619141 0.262712 0.619141 0.265360 0.618408 0.265890 0.619141 0.267479 0.617676 0.269068 0.619873 0.270657 0.619141 0.272775 0.619629 0.274894 0.618896 0.276483 0.617920 0.275424 0.617676 0.278602 0.616699 0.277013 0.616211 0.277542 0.616943 0.279131 0.615723 0.281780 0.618164 0.279131 0.620117 0.279131 0.619385 0.278602 0.619873 0.277013 0.620361 0.278072 0.619629 0.273835 0.622314 0.273835 0.622803 0.274894 0.623291 0.273305 0.622314 0.271716 0.622559 0.270657 0.625732 0.271716 0.624756 0.270657 0.624756 0.269068 0.622559 0.270127 0.621094 0.268538 0.621582 0.265360 0.623779 0.266419 0.623291 0.265360 0.624023 0.263771 0.622803 0.263771 0.618408 0.253178 0.618652 0.250530 0.619629 0.251589 0.621338 0.256356 0.621582 0.259004 0.622070 0.256356 0.622803 0.257415 0.622803 0.260064 0.624023 0.257415 0.625000 0.257945 0.624512 0.256356 0.624268 0.257415 0.623779 0.256886 0.624268 0.255297 0.623779 0.256356 0.623291 0.255297 0.621582 0.255826 0.619385 0.250530 0.617432 0.251059 0.616943 0.250000 0.617432 0.249470 0.614502 0.244174 0.615234 0.243114 0.614014 0.243114 0.614990 0.239407 0.614258 0.241525 0.613281 0.240996 0.613037 0.242585 0.611816 0.239407 0.612305 0.242055 0.611572 0.243644
1 0.514404 0.242585 0.514404 0.241525 0.513428 0.239407 0.512939 0.240466 0.511475 0.239936 0.510742 0.240996 0.512207 0.240996 0.512451 0.241525 0.511719 0.242055 0.511963 0.243644 0.513184 0.243114 0.513428 0.244703 0.513672 0.243114
1 0.755859 0.239936 0.755127 0.242585 0.757324 0.242055 0.758057 0.245233 0.759277 0.247352 0.759766 0.246822 0.759033 0.245763 0.758545 0.243644 0.759277 0.243644 0.758057 0.240996 0.758545 0.239936 0.757324 0.238877
1 0.714111 0.238347 0.714844 0.241525 0.713867 0.243114 0.711914 0.243114 0.712891 0.244703 0.712402 0.245763 0.712646 0.247352 0.711914 0.247881 0.712158 0.248941 0.714355 0.244174 0.715332 0.243644 0.715332 0.240996
1 0.485107 0.242055 0.483398 0.242055 0.482178 0.237288 0.481201 0.237818 0.482910 0.243644 0.482422 0.244703 0.481201 0.243644 0.480713 0.246292 0.481934 0.246822 0.481201 0.249470 0.482422 0.251059 0.482422 0.253708 0.481934 0.254237 0.480469 0.251059 0.478271 0.254237 0.477051 0.250000 0.479980 0.249470 0.477295 0.242055 0.478516 0.246292 0.477539 0.247352 0.477539 0.245763 0.477051 0.247881 0.476074 0.248411 0.475586 0.247352 0.476074 0.245233 0.474609 0.244703 0.473389 0.240996 0.473389 0.242585 0.472412 0.240996 0.473145 0.239936 0.472900 0.238347 0.471191 0.238347 0.474365 0.245763 0.473389 0.247352 0.474121 0.246822 0.478027 0.254767 0.476074 0.255297 0.474854 0.253178 0.474854 0.251059 0.474365 0.251059 0.474854 0.254767 0.473633 0.255297 0.475586 0.255297 0.475586 0.257415 0.474121 0.258475 0.472168 0.262712 0.471436 0.261653 0.470947 0.262712 0.468750 0.262182 0.468018 0.263242 0.470703 0.262712 0.470947 0.263771 0.470459 0.264301 0.473633 0.261653 0.475098 0.262182 0.476318 0.260064 0.475830 0.258475 0.476807 0.256886 0.477051 0.259004 0.478027 0.259534 0.477539 0.260064 0.478027 0.261653 0.480225 0.263771 0.478760 0.260593 0.479980 0.259004 0.481201 0.259004 0.481445 0.255826 0.482422 0.257415 0.482422 0.259004 0.482910 0.259534 0.483398 0.258475 0.482910 0.254237 0.484131 0.252119 0.482666 0.253708 0.482422 0.251059 0.484131 0.250000 0.483398 0.246822 0.484131 0.244703 0.485107 0.248411 0.486084 0.248411 0.484619 0.244174
1 0.429932 0.237288 0.428955 0.239936 0.428467 0.239407 0.428711 0.238347 0.428467 0.239407 0.427246 0.239407 0.426758 0.240466 0.426758 0.243114 0.428467 0.244174 0.428955 0.245233 0.428223 0.245763 0.428711 0.246822 0.429199 0.245233 0.429932 0.245233 0.429199 0.243644 0.429932 0.242585 0.430420 0.243114 0.429443 0.242055 0.429443 0.240466 0.429932 0.239936
1 0.316895 0.237288 0.316650 0.238347 0.318115 0.241525 0.317871 0.242585 0.316895 0.243114 0.318604 0.244174 0.318848 0.242585 0.318604 0.240466 0.317627 0.238347 0.317871 0.237288
1 0.330566 0.236229 0.332031 0.242055 0.331787 0.244174 0.330811 0.243114 0.329346 0.244174 0.328613 0.243644 0.330078 0.240466 0.330078 0.238347 0.328125 0.240996 0.328125 0.242055 0.327393 0.243114 0.327393 0.244174 0.329102 0.244703 0.329590 0.245763 0.329346 0.246822 0.328369 0.247881 0.325928 0.246822 0.325439 0.244703 0.325439 0.248941 0.326416 0.247881 0.328125 0.250000 0.327637 0.251589 0.328125 0.253708 0.327393 0.255297 0.325684 0.254237 0.325684 0.250000 0.325195 0.250530 0.325195 0.254237 0.323242 0.250000 0.322266 0.250530 0.323486 0.252119 0.324219 0.254767 0.325439 0.254767 0.326660 0.256886 0.327393 0.256886 0.327637 0.255826 0.327881 0.256886 0.328369 0.254767 0.330566 0.254767 0.331299 0.256886 0.332031 0.257415 0.332031 0.259004 0.332764 0.261123 0.332275 0.263242 0.333008 0.261123 0.333496 0.261653 0.333496 0.263771 0.334229 0.265360 0.333984 0.266419 0.334473 0.266949 0.334473 0.269597 0.334717 0.268538 0.335205 0.270657 0.335205 0.269068 0.334473 0.266949 0.335693 0.266419 0.335693 0.265360 0.334229 0.265360 0.333496 0.262712 0.334961 0.259004 0.335693 0.259004 0.335938 0.261123 0.336670 0.262182 0.336182 0.260064 0.334717 0.257415 0.333008 0.256886 0.333008 0.257945 0.332520 0.258475 0.331299 0.255297 0.331543 0.253708 0.333740 0.252119 0.333984 0.247881 0.333496 0.246822 0.334229 0.245763 0.334473 0.242585 0.333740 0.243114 0.332520 0.246292 0.332275 0.245763 0.333008 0.243644 0.331787 0.239407 0.331787 0.236229
1 0.177246 0.235169 0.175781 0.235169 0.175537 0.237288 0.173340 0.237288 0.173096 0.238347 0.172363 0.237818 0.172363 0.238877 0.173584 0.238877 0.173584 0.240996 0.173828 0.239936 0.175537 0.238877 0.175537 0.237288 0.176025 0.236229 0.176514 0.236758
1 0.514893 0.236758 0.514160 0.234640 0.511963 0.235699 0.511230 0.237288 0.512939 0.237818 0.513184 0.236229 0.514160 0.237288 0.513916 0.238877 0.514648 0.236229
1 0.750244 0.234640 0.749756 0.236229 0.751221 0.238347 0.750732 0.239936 0.750000 0.239936 0.749512 0.238347 0.749023 0.239407 0.746826 0.239936 0.746094 0.242055 0.749023 0.239936 0.749512 0.240996 0.748535 0.241525 0.748047 0.243114 0.748535 0.243644 0.750000 0.242055 0.750488 0.244174 0.749268 0.245233 0.750732 0.245763 0.751465 0.247352 0.749756 0.248411 0.750488 0.248411 0.750000 0.250000 0.751221 0.249470 0.751465 0.248411 0.753174 0.249470 0.753418 0.250530 0.752930 0.251589 0.753906 0.253178 0.754150 0.254767 0.754883 0.253708 0.753906 0.253178 0.753906 0.251589 0.753418 0.251059 0.753662 0.250000 0.752686 0.248941 0.752686 0.246822 0.753418 0.244174 0.753418 0.242055 0.752686 0.239407 0.753418 0.237288 0.754395 0.236229 0.753662 0.236229 0.752197 0.238347 0.751465 0.236758 0.751953 0.235699 0.752686 0.235699 0.753174 0.234110 0.752197 0.234640 0.750977 0.236758 0.750244 0.236229
1 0.183594 0.235169 0.182861 0.233051 0.182129 0.233051 0.180908 0.235699 0.179688 0.234110 0.179443 0.237288 0.177734 0.237288 0.177734 0.239936 0.177002 0.241525 0.175781 0.242055 0.176514 0.242055 0.176758 0.243114 0.177490 0.242585 0.178223 0.245233 0.179443 0.244703 0.179932 0.245763 0.180176 0.244703 0.180420 0.245233 0.180420 0.237288 0.183594 0.236758
1 0.778320 0.230932 0.777832 0.232521 0.777344 0.231992 0.777344 0.233581 0.776123 0.234640 0.776123 0.235699 0.776855 0.234640 0.777100 0.237818 0.778076 0.237288 0.779053 0.239407 0.779541 0.238877 0.781250 0.240996 0.781250 0.242055 0.780518 0.243114 0.780762 0.246292 0.779053 0.246292 0.780029 0.246292 0.780518 0.247352 0.779297 0.250000 0.780029 0.252119 0.779541 0.250000 0.781006 0.246822 0.781494 0.244174 0.781250 0.242585 0.782227 0.241525 0.779785 0.237818 0.779785 0.236758 0.779297 0.236758 0.778809 0.234640 0.778564 0.235699 0.778076 0.234110 0.778564 0.233581 0.778809 0.230932
1 0.638428 0.228814 0.638428 0.234640 0.638672 0.236758 0.639160 0.237288 0.638672 0.238347 0.638184 0.237288 0.637939 0.238347 0.638184 0.245233 0.637207 0.246292 0.635742 0.243644 0.635742 0.247352 0.636475 0.247352 0.636963 0.246292 0.637695 0.246822 0.638184 0.248411 0.638428 0.246822 0.637939 0.246292 0.638672 0.245233 0.639893 0.245233 0.639893 0.243644 0.640625 0.242055 0.640625 0.236229 0.640381 0.235169 0.638428 0.234640
1 0.328857 0.230932 0.329102 0.231462 0.329834 0.230403 0.329834 0.232521 0.333496 0.233051 0.333740 0.238347 0.334229 0.238877 0.333496 0.240466 0.333740 0.240996 0.334229 0.239407 0.334473 0.239936 0.335938 0.237288 0.335938 0.234640 0.335205 0.234110 0.335693 0.232521 0.336670 0.232521 0.337158 0.233581 0.337646 0.233051 0.337402 0.231992 0.335938 0.230932 0.335205 0.228814 0.333984 0.228814 0.335205 0.231992 0.334961 0.233051 0.331543 0.229343 0.331543 0.230403 0.331055 0.230932 0.330322 0.228814 0.329834 0.228814
1 0.801270 0.228284 0.801025 0.229343 0.800781 0.228284 0.800293 0.228814 0.800293 0.230403 0.799805 0.230932 0.799805 0.232521 0.800293 0.233581 0.800781 0.232521 0.801270 0.233051 0.802002 0.231992 0.801514 0.230932
1 0.327637 0.226695 0.327393 0.227754 0.326904 0.226695 0.326416 0.227225 0.327393 0.228814 0.326660 0.229343 0.326172 0.228284 0.325439 0.229873 0.325439 0.231992 0.324463 0.230932 0.327148 0.234640 0.326904 0.236229 0.325928 0.234640 0.325684 0.240466 0.327637 0.236229 0.329346 0.237288 0.328613 0.235699 0.328857 0.233581 0.327881 0.234640 0.327148 0.233581 0.327637 0.231992
1 0.574219 0.226695 0.573242 0.224576 0.572754 0.224576 0.572021 0.225636 0.571045 0.225106 0.571045 0.226165 0.571777 0.226695 0.571533 0.228814 0.568848 0.227754 0.570557 0.231462 0.572510 0.230403 0.572754 0.228284 0.574219 0.228284
1 0.364014 0.225636 0.363281 0.224576 0.363037 0.226695 0.359619 0.226695 0.359619 0.228284 0.360107 0.228284 0.360840 0.230403 0.363037 0.230403 0.363525 0.231462 0.363525 0.229873 0.364014 0.229343
1 0.192139 0.226695 0.191406 0.226695 0.190674 0.224576 0.188232 0.224576 0.190186 0.226695 0.190918 0.228284 0.190674 0.228814 0.188965 0.228814 0.187500 0.225636 0.187012 0.226695 0.187500 0.229343 0.186768 0.230403 0.186035 0.228814 0.186035 0.231992 0.186768 0.233581 0.186523 0.235699 0.187256 0.236229 0.187256 0.235169 0.188232 0.233581 0.188721 0.235169 0.188721 0.236229 0.187744 0.237288 0.186523 0.240466 0.186523 0.242055 0.186035 0.243114 0.186768 0.243114 0.187256 0.242055 0.187256 0.238877 0.187744 0.238877 0.187744 0.237288 0.188477 0.236758 0.188965 0.237818 0.188721 0.238877 0.189941 0.238877 0.190674 0.237818 0.189209 0.238877 0.188721 0.238347 0.189697 0.236758 0.188965 0.237288 0.188721 0.235169 0.190186 0.234640 0.190186 0.230403 0.189697 0.229873 0.190186 0.228814 0.191406 0.228814 0.191406 0.231992 0.191895 0.232521 0.191406 0.233581 0.191406 0.235699 0.192627 0.233581 0.192627 0.230932 0.192139 0.230403
1 0.514160 0.224047 0.515137 0.226165 0.516113 0.226695 0.516846 0.226165 0.517334 0.224576 0.518311 0.224047 0.519043 0.225106 0.518555 0.226165 0.518311 0.225636 0.517822 0.227754 0.516357 0.228284 0.519287 0.228284 0.518555 0.227225 0.518555 0.226165 0.519775 0.225106 0.519287 0.224047 0.519775 0.222458 0.519287 0.223517 0.518066 0.223517 0.517822 0.222458 0.516846 0.223517 0.515869 0.222458 0.516113 0.224047 0.516602 0.223517 0.517090 0.224576 0.516602 0.225636 0.515381 0.226165
1 0.319336 0.222458 0.320068 0.225636 0.322021 0.228284 0.321289 0.225636 0.321777 0.222458
1 0.704834 0.220339 0.703125 0.223517 0.702881 0.222458 0.702148 0.222987 0.702637 0.225106 0.702148 0.225636 0.702148 0.227225 0.701660 0.228284 0.702393 0.228284 0.702637 0.227225 0.702881 0.227754 0.703125 0.224047 0.704346 0.224047 0.704834 0.222987
1 0.021484 0.220339 0.022461 0.221928 0.022461 0.222987 0.021729 0.224047 0.021973 0.226165 0.022461 0.226165 0.021973 0.225106 0.022461 0.222987 0.023926 0.224047 0.024902 0.226165 0.025635 0.226165 0.026855 0.228284 0.026123 0.227225 0.026123 0.226165 0.025391 0.225636 0.025391 0.224576 0.024658 0.222987
1 0.620605 0.220339 0.622559 0.225106 0.622070 0.225636 0.622070 0.231462 0.623047 0.233051 0.623535 0.237818 0.625000 0.240466 0.625000 0.243114 0.626465 0.246822 0.626465 0.248411 0.627930 0.250530 0.627197 0.247352 0.629395 0.245763 0.629883 0.247352 0.628906 0.247881 0.629150 0.251589 0.629639 0.248411 0.630615 0.249470 0.629883 0.246822 0.630615 0.245763 0.631348 0.246822 0.631104 0.247881 0.631836 0.250000 0.631348 0.253708 0.632568 0.253708 0.632324 0.252648 0.633545 0.251589 0.633545 0.248941 0.632812 0.249470 0.631836 0.247881 0.631592 0.244174 0.632324 0.243644 0.633301 0.245233 0.633545 0.242585 0.633057 0.244703 0.631348 0.242585 0.631104 0.240996 0.631836 0.240996 0.631836 0.238877 0.631104 0.236758 0.632324 0.235699 0.632812 0.233581 0.633301 0.234640 0.633301 0.238347 0.634521 0.239407 0.633789 0.240996 0.635010 0.239936 0.635010 0.237288 0.635986 0.235169 0.637451 0.234640 0.635986 0.233051 0.637207 0.230403 0.637207 0.228814 0.636963 0.230403 0.636719 0.229343 0.635742 0.230932 0.635254 0.225636 0.634521 0.227225 0.634033 0.223517 0.633301 0.225636 0.633301 0.232521 0.631592 0.231462 0.629639 0.231992 0.630859 0.235169 0.629639 0.238347 0.629150 0.237818 0.629395 0.234640 0.628662 0.235169 0.628906 0.239936 0.628418 0.240996 0.629150 0.240996 0.629395 0.242585 0.629150 0.238877 0.629639 0.238347 0.630859 0.244703 0.630127 0.245233 0.629883 0.243644 0.629395 0.245233 0.627441 0.246292 0.623291 0.228284 0.623291 0.225106 0.624268 0.224047 0.623779 0.219809 0.623047 0.221928 0.622803 0.220339 0.621582 0.220339 0.622070 0.221398 0.621826 0.222987
1 0.269043 0.219280 0.269531 0.220339 0.269531 0.225106 0.270264 0.226165 0.271240 0.223517 0.270752 0.222987 0.270752 0.221398 0.270020 0.220339 0.269775 0.220869
1 0.027832 0.222987 0.028564 0.223517 0.028809 0.222458 0.030762 0.222458 0.031494 0.225106 0.032715 0.224576 0.033936 0.227225 0.033936 0.226165 0.032715 0.224047 0.032227 0.221928 0.030518 0.219280 0.029053 0.219280 0.030029 0.220339 0.029297 0.221928
1 0.757080 0.216631 0.756348 0.222458 0.756836 0.222987 0.756836 0.225106 0.756836 0.223517 0.757812 0.222458 0.758545 0.224576 0.758545 0.226165 0.758545 0.221398 0.758057 0.221398 0.757812 0.220339 0.758789 0.218750 0.757812 0.218220
1 0.750000 0.216102 0.748535 0.216102 0.748047 0.221398 0.748535 0.220869 0.749023 0.221928 0.749023 0.225636 0.749023 0.222987 0.750732 0.218220 0.750000 0.217691
1 0.424316 0.219280 0.425293 0.219809 0.425537 0.220869 0.426025 0.219809 0.426514 0.221398 0.426758 0.220339 0.427490 0.222458 0.428467 0.221928 0.429199 0.223517 0.428955 0.224576 0.430420 0.226165 0.430176 0.229343 0.430664 0.230403 0.432617 0.230403 0.433350 0.228284 0.434082 0.228284 0.434570 0.226165 0.436279 0.225106 0.435547 0.224576 0.435303 0.225636 0.434326 0.226165 0.433350 0.224576 0.433594 0.221398 0.433350 0.223517 0.432129 0.223517 0.431885 0.222458 0.430420 0.220869 0.430420 0.219280 0.429688 0.219809 0.429443 0.221928 0.429199 0.220869 0.427246 0.221398 0.425781 0.218220 0.425781 0.216102 0.425293 0.217691 0.424805 0.217161 0.424805 0.218750
1 0.017822 0.217161 0.018311 0.218220 0.018311 0.219809 0.018799 0.220339 0.018555 0.220869 0.019043 0.220869 0.019531 0.222987 0.020508 0.222987 0.020264 0.220869 0.020996 0.217691 0.025146 0.220869 0.026855 0.220339 0.027100 0.219280 0.025391 0.218220 0.025146 0.219280 0.024414 0.219280 0.023682 0.217691 0.022461 0.217691 0.019531 0.215572 0.019775 0.217691 0.019287 0.218750 0.018799 0.217161
1 0.770508 0.219809 0.770752 0.220339 0.772217 0.217691 0.773926 0.218750 0.774170 0.220869 0.773438 0.221928 0.774414 0.222458 0.773926 0.224576 0.774414 0.221928 0.775391 0.220339 0.775635 0.222458 0.775146 0.222987 0.775635 0.222987 0.776855 0.225636 0.778076 0.225636 0.778320 0.228284 0.778564 0.227754 0.778809 0.228814 0.778809 0.227225 0.780273 0.224576 0.779785 0.224576 0.779541 0.225636 0.779053 0.224576 0.779297 0.222987 0.778809 0.222458 0.778809 0.221398 0.780273 0.218220 0.779785 0.218220 0.778809 0.216102 0.779785 0.218750 0.778809 0.220339 0.778076 0.219280 0.777832 0.219809 0.778320 0.224047 0.777588 0.224576 0.776855 0.222458 0.777100 0.220869 0.776611 0.220869 0.774902 0.217161 0.775635 0.215572 0.775146 0.213983 0.775146 0.216102 0.773926 0.215042 0.774170 0.216631 0.773682 0.217691 0.771484 0.217691
1 0.410889 0.215042 0.411377 0.215572 0.411133 0.217161 0.411621 0.215572 0.413086 0.215572 0.413330 0.216631 0.413574 0.215042 0.414062 0.216102 0.414062 0.220869 0.414795 0.218750 0.414795 0.217161 0.415283 0.216631 0.414307 0.213983 0.413818 0.215042 0.413330 0.213983 0.411621 0.213983 0.411377 0.215042
1 0.045898 0.217161 0.045166 0.217161 0.044678 0.216102 0.045410 0.214513 0.044922 0.213983 0.045410 0.213453 0.044678 0.213453 0.044434 0.212394 0.043701 0.212394 0.043457 0.214513 0.041748 0.213983 0.040771 0.215572 0.044189 0.216631 0.044189 0.217691
1 0.773193 0.211864 0.772217 0.215042 0.770508 0.215042 0.770020 0.217161 0.768311 0.216102 0.768799 0.218750 0.767578 0.219280 0.768799 0.219809 0.769043 0.220869 0.768066 0.221398 0.767578 0.222987 0.769043 0.222458 0.769287 0.224047 0.767090 0.226695 0.766357 0.224576 0.765137 0.225106 0.764893 0.224047 0.764160 0.224047 0.764648 0.222458 0.765137 0.222987 0.765381 0.221398 0.763184 0.221398 0.762939 0.222987 0.762207 0.222458 0.764160 0.225106 0.763916 0.226165 0.763184 0.226165 0.760986 0.222987 0.761475 0.222458 0.761475 0.221398 0.760742 0.220869 0.760742 0.219809 0.759521 0.219280 0.759277 0.219809 0.760254 0.220869 0.760498 0.223517 0.762207 0.228284 0.761475 0.228814 0.761230 0.227754 0.759766 0.227754 0.759521 0.228814 0.758545 0.228814 0.760010 0.228814 0.760254 0.230403 0.759033 0.230932 0.759521 0.233051 0.758301 0.235169 0.757324 0.234110 0.757324 0.231992 0.756836 0.231992 0.756592 0.233581 0.756104 0.233581 0.755615 0.231992 0.755127 0.233051 0.755615 0.233051 0.755859 0.234640 0.755127 0.235699 0.755127 0.236758 0.756104 0.236229 0.757324 0.237818 0.757568 0.236758 0.758789 0.236229 0.759521 0.237288 0.760742 0.235699 0.761719 0.236229 0.761230 0.235699 0.761963 0.234640 0.764648 0.233581 0.762695 0.230932 0.765381 0.230403 0.765625 0.229343 0.766113 0.229343 0.765625 0.227225 0.766357 0.226165 0.768311 0.227225 0.768066 0.226695 0.768799 0.225636 0.770020 0.226165 0.770752 0.222987 0.769775 0.222987 0.770020 0.220869 0.769287 0.218220 0.773193 0.214513
1 0.516602 0.212394 0.516602 0.217161 0.517822 0.219280 0.518555 0.219280 0.519043 0.220339 0.519287 0.219809 0.519531 0.220869 0.519531 0.218750 0.518799 0.219809 0.517090 0.217161 0.518066 0.217161 0.518311 0.216102 0.518799 0.216102 0.519287 0.217691 0.519287 0.214513 0.518799 0.213983 0.519775 0.213453 0.518799 0.211864 0.518555 0.214513
1 0.556641 0.212394 0.557129 0.212924 0.556885 0.213983 0.556396 0.213983 0.556885 0.217691 0.558594 0.217691 0.559570 0.219809 0.560059 0.219809 0.560303 0.218750 0.560547 0.221398 0.560059 0.221928 0.560547 0.222987 0.560791 0.221928 0.561035 0.222987 0.562744 0.222987 0.562012 0.224047 0.562012 0.226165 0.562256 0.225106 0.563721 0.224047 0.563965 0.222458 0.563477 0.220869 0.564453 0.220339 0.564941 0.218750 0.564697 0.216631 0.565186 0.215572 0.565918 0.216102 0.565186 0.212394 0.565674 0.211335 0.565430 0.210275 0.564697 0.210275 0.564697 0.214513 0.564209 0.215042 0.563721 0.213983 0.563477 0.219280 0.562744 0.218220 0.562744 0.216102 0.562256 0.215042 0.561523 0.215042 0.561279 0.213983 0.560547 0.213983 0.561035 0.215572 0.560303 0.216102 0.558838 0.213453 0.557373 0.213453 0.557129 0.212394 0.558350 0.211335 0.558350 0.209746
1 0.745361 0.250530 0.740234 0.257945 0.747803 0.277542 0.739258 0.272246 0.743896 0.264831 0.718994 0.269597 0.736816 0.254237 0.724854 0.253708 0.715820 0.271186 0.717041 0.256356 0.710938 0.254237 0.696777 0.294492 0.690674 0.260064 0.700928 0.224047 0.696533 0.209216 0.692383 0.223517 0.688965 0.215572 0.689209 0.231992 0.697754 0.233581 0.666748 0.265360 0.673340 0.271716 0.664062 0.279661 0.663818 0.294492 0.659912 0.272246 0.660400 0.290254 0.648926 0.288136 0.647949 0.298199 0.648682 0.280720 0.643066 0.280191 0.638672 0.323623 0.643555 0.349047 0.636719 0.361758 0.646484 0.347458 0.639404 0.371822 0.651855 0.388771 0.645508 0.398835 0.652588 0.381356 0.645264 0.364407 0.654297 0.380826 0.659912 0.365996 0.657715 0.343750 0.670166 0.343750 0.659912 0.334216 0.659668 0.314089 0.670898 0.312500 0.663818 0.325212 0.669678 0.326801 0.686035 0.298729 0.680420 0.293962 0.688232 0.275424 0.695068 0.287076 0.687988 0.304025 0.695068 0.295021 0.692383 0.304555 0.705078 0.313559 0.696045 0.299788 0.713623 0.290254 0.710205 0.278602 0.718262 0.269068 0.714111 0.290784 0.720215 0.291843 0.711670 0.312500 0.718018 0.319386 0.707031 0.328390 0.712402 0.333686 0.726318 0.303496 0.738281 0.301907 0.733643 0.282839 0.743652 0.276483 0.743164 0.292373 0.750732 0.292903 0.748291 0.263771 0.741211 0.256356
1 0.478516 0.209216 0.479004 0.210805 0.480469 0.212394 0.479248 0.215042 0.480225 0.217161 0.480957 0.215572 0.481689 0.216631 0.481689 0.219809 0.480469 0.221398 0.480957 0.220869 0.482178 0.222458 0.482178 0.226165 0.482178 0.225106 0.482910 0.224576 0.482910 0.222458 0.483643 0.221928 0.482910 0.220869 0.482910 0.221928 0.482422 0.222458 0.481689 0.220869 0.482666 0.216631 0.481201 0.213983 0.482666 0.211864 0.480225 0.211335
1 0.674072 0.209746 0.673340 0.208686 0.672852 0.210275 0.672852 0.214513 0.672363 0.215042 0.672119 0.217161 0.671631 0.216631 0.671631 0.214513 0.671143 0.216102 0.668945 0.215042 0.667480 0.219280 0.667725 0.219809 0.669922 0.218220 0.669922 0.220869 0.670410 0.219809 0.671631 0.219809 0.671875 0.220869 0.674072 0.212394
1 0.406250 0.213453 0.406982 0.211864 0.407471 0.212394 0.407471 0.213453 0.407959 0.213453 0.408447 0.211864 0.409668 0.212924 0.410156 0.211335 0.412354 0.211335 0.412598 0.210275 0.413818 0.210275 0.413818 0.208686 0.410156 0.208686 0.409912 0.209746 0.409668 0.208686 0.408447 0.211864 0.407715 0.211864 0.406738 0.209746 0.406250 0.210805
1 0.484131 0.207627 0.483398 0.210805 0.483398 0.212924 0.484131 0.213983 0.484131 0.215042 0.485352 0.212394 0.485107 0.210805 0.484375 0.209746
1 0.421143 0.207627 0.420654 0.209746 0.420166 0.209216 0.420410 0.208157 0.419434 0.209216 0.419434 0.211335 0.420166 0.209216 0.420410 0.209746 0.420410 0.211335 0.420898 0.211864 0.419922 0.213983 0.419434 0.212924 0.419189 0.213983 0.417480 0.213983 0.416504 0.216102 0.417236 0.218750 0.418457 0.217691 0.419678 0.217691 0.419922 0.218750 0.420410 0.217691 0.421631 0.217691 0.421631 0.216102 0.420654 0.215042 0.420898 0.212394 0.421631 0.211335 0.422363 0.212394 0.421875 0.215042 0.423096 0.214513 0.422852 0.212394 0.421875 0.211335
1 0.730713 0.207097 0.723877 0.217161 0.719727 0.218220 0.717285 0.221398 0.716309 0.219280 0.714844 0.223517 0.712891 0.225106 0.712402 0.222458 0.712158 0.226165 0.710938 0.225106 0.709717 0.226695 0.710205 0.228284 0.714600 0.226165 0.714844 0.224047 0.718018 0.221928 0.718018 0.224047 0.719482 0.223517 0.721924 0.226695 0.720947 0.228284 0.717773 0.226695 0.719482 0.228814 0.718994 0.230932 0.719971 0.234110 0.718750 0.235699 0.718018 0.233581 0.718750 0.235699 0.718262 0.236758 0.717529 0.235169 0.716553 0.235699 0.720459 0.240996 0.719727 0.243114 0.721436 0.243644 0.720947 0.239936 0.723389 0.239407 0.722412 0.236229 0.721680 0.237288 0.720947 0.236229 0.722168 0.234640 0.725098 0.236758 0.726562 0.235699 0.727539 0.238347 0.727051 0.239936 0.727539 0.240996 0.725586 0.243644 0.724121 0.242055 0.724609 0.245233 0.723145 0.248941 0.721436 0.247352 0.722900 0.248941 0.722656 0.250530 0.717285 0.260064 0.718750 0.263771 0.719482 0.262712 0.718506 0.262182 0.718506 0.257945 0.719238 0.257415 0.719238 0.260064 0.722412 0.254767 0.724365 0.248941 0.727295 0.246822 0.726074 0.245233 0.726807 0.242585 0.729492 0.247352 0.727295 0.242585 0.729004 0.238347 0.731445 0.245233 0.730957 0.241525 0.734131 0.237288 0.733643 0.236229 0.733398 0.238347 0.731689 0.235169 0.733154 0.234640 0.731201 0.234110 0.730225 0.230403 0.728027 0.231992 0.725830 0.230403 0.725342 0.228814 0.726807 0.226695 0.723877 0.220869 0.724121 0.216631 0.727051 0.213983
1 0.009521 0.207097 0.009521 0.208157 0.010498 0.208157 0.010742 0.209216 0.013916 0.208686 0.012207 0.206038 0.010986 0.206038 0.010986 0.207097
1 0.765869 0.217691 0.765625 0.216631 0.765137 0.217691 0.764404 0.216631 0.764648 0.215572 0.765137 0.215572 0.765137 0.214513 0.764404 0.216102 0.763184 0.216102 0.762939 0.213983 0.760254 0.213983 0.760254 0.211864 0.761475 0.211864 0.761963 0.208686 0.761230 0.209746 0.760498 0.208157 0.760498 0.206568 0.759766 0.206038 0.760010 0.205508 0.760010 0.206568 0.757324 0.211335 0.756836 0.211335 0.756592 0.209746 0.754883 0.207627 0.754150 0.208686 0.751221 0.208686 0.752686 0.209216 0.752930 0.210275 0.753906 0.209746 0.755371 0.213453 0.756348 0.214513 0.755859 0.216102 0.755371 0.216102 0.755859 0.217161 0.756348 0.215042 0.756836 0.215572 0.757080 0.213983 0.757812 0.213453 0.758057 0.214513 0.757568 0.216102 0.758057 0.215572 0.759521 0.217161 0.760742 0.217161 0.761719 0.218750 0.761475 0.219280 0.763184 0.218750 0.764160 0.216631 0.765137 0.218220 0.765381 0.217691 0.765625 0.218750
1 0.319824 0.207627 0.320312 0.209746 0.319824 0.211335 0.320557 0.211864 0.320312 0.213453 0.321045 0.213983 0.321289 0.215572 0.322998 0.215572 0.323242 0.213453 0.325195 0.215042 0.325439 0.212924 0.324951 0.212394 0.323242 0.212394 0.321777 0.213453 0.321289 0.212394 0.322021 0.211864 0.322021 0.210805 0.321045 0.211864 0.320312 0.211335 0.321045 0.210275 0.320801 0.207097 0.322021 0.206568 0.321533 0.204449 0.320801 0.205508 0.321045 0.206568 0.320557 0.207627
1 0.537109 0.203390 0.537354 0.206568 0.538330 0.207627 0.539307 0.207097 0.538574 0.203390 0.538086 0.203390 0.537842 0.204449
1 0.210693 0.203390 0.210205 0.203390 0.209717 0.205508 0.208984 0.205508 0.209473 0.206568 0.209473 0.208157 0.210449 0.208686 0.209473 0.211335 0.210938 0.211335 0.210693 0.206038 0.210205 0.204449
1 0.582031 0.209746 0.582031 0.211335 0.583008 0.210275 0.583008 0.212924 0.582031 0.214513 0.584473 0.212924 0.585205 0.208686 0.586182 0.210805 0.585693 0.211864 0.586182 0.213983 0.583984 0.217161 0.583984 0.219809 0.585205 0.218750 0.584229 0.217161 0.585938 0.214513 0.588379 0.215572 0.589355 0.219280 0.589844 0.216631 0.591309 0.217161 0.592041 0.222987 0.591309 0.223517 0.590576 0.220339 0.591064 0.222987 0.590332 0.223517 0.590332 0.226165 0.588867 0.226695 0.590820 0.230403 0.590332 0.231462 0.590820 0.234640 0.591309 0.233051 0.591553 0.234640 0.592529 0.233581 0.591309 0.232521 0.592285 0.230403 0.592529 0.224576 0.594971 0.224047 0.595947 0.226695 0.595459 0.228814 0.593750 0.228814 0.594238 0.232521 0.594971 0.231462 0.596191 0.235169 0.597412 0.234110 0.597900 0.235169 0.596924 0.235699 0.597168 0.237288 0.599121 0.235699 0.599854 0.238877 0.600342 0.238877 0.599854 0.235169 0.601562 0.236229 0.602783 0.238877 0.602539 0.242585 0.603271 0.238877 0.604248 0.239407 0.602051 0.235699 0.602783 0.235169 0.602295 0.234110 0.601562 0.235699 0.600098 0.233581 0.600342 0.231992 0.599609 0.231992 0.600098 0.230403 0.601074 0.231992 0.601318 0.228814 0.602051 0.232521 0.602539 0.231462 0.602051 0.228814 0.600342 0.228284 0.600342 0.220339 0.599365 0.222458 0.598877 0.220869 0.596436 0.221398 0.596924 0.221928 0.596436 0.224047 0.595459 0.222987 0.595947 0.221398 0.595215 0.220869 0.596680 0.219280 0.596924 0.216631 0.595947 0.219280 0.595215 0.216631 0.594482 0.216631 0.594971 0.213453 0.595947 0.213983 0.594482 0.212394 0.593994 0.209746 0.591797 0.208686 0.592529 0.207097 0.592041 0.203919 0.590820 0.202860 0.589600 0.203919 0.589600 0.204979 0.591064 0.203919 0.591553 0.206038 0.589600 0.206568 0.587646 0.211335 0.586426 0.211864 0.586182 0.210805 0.589111 0.205508 0.589111 0.203390 0.588135 0.203919 0.587158 0.207097 0.586426 0.201801 0.586426 0.204449 0.584473 0.206038 0.584961 0.208686 0.583984 0.208686 0.584229 0.211335 0.582764 0.208686
1 0.440674 0.200742 0.439941 0.201271 0.440430 0.202860 0.439697 0.203919 0.439453 0.206038 0.438477 0.208686 0.439697 0.208686 0.439941 0.210805 0.440186 0.209216 0.439453 0.206038 0.441162 0.202331
1 0.653809 0.200212 0.653320 0.202331 0.653320 0.204979 0.653809 0.206038 0.655029 0.206038 0.655273 0.204979 0.656006 0.205508 0.655029 0.203390 0.654541 0.200212
1 0.275391 0.201271 0.275879 0.233581 0.280029 0.234640 0.280762 0.239936 0.282471 0.236758 0.282715 0.243114 0.285400 0.239407 0.285645 0.245233 0.286377 0.235169 0.289307 0.238347 0.287598 0.241525 0.290771 0.240996 0.293457 0.251059 0.292725 0.258475 0.290039 0.255826 0.296387 0.268538 0.297363 0.262182 0.302246 0.269068 0.300049 0.276483 0.300537 0.268538 0.297852 0.267479 0.302490 0.287606 0.304443 0.283369 0.305908 0.290254 0.307373 0.280720 0.304199 0.278072 0.301758 0.281780 0.301270 0.274894 0.310059 0.275953 0.310059 0.267479 0.312500 0.268538 0.311279 0.285487 0.316162 0.283369 0.314697 0.279661 0.317139 0.280191 0.317383 0.270657 0.320312 0.276483 0.322510 0.273835 0.317871 0.269068 0.318359 0.265360 0.321045 0.267479 0.320068 0.263771 0.323242 0.264301 0.325195 0.275953 0.327881 0.271186 0.325684 0.271186 0.326416 0.268008 0.331543 0.270127 0.330322 0.260593 0.327637 0.263771 0.324219 0.258475 0.321045 0.245763 0.318604 0.245763 0.321533 0.253708 0.317627 0.254237 0.318115 0.248941 0.307617 0.242055 0.312988 0.236758 0.314209 0.229343 0.318848 0.233581 0.318604 0.238877 0.321777 0.238347 0.319092 0.232521 0.321533 0.234110 0.321289 0.229873 0.317139 0.222458 0.312500 0.222458 0.310791 0.217161 0.311523 0.220869 0.309326 0.221398 0.312500 0.226165 0.309082 0.228814 0.309814 0.218220 0.307129 0.218220 0.308350 0.231462 0.304443 0.231992 0.304688 0.243114 0.308105 0.243114 0.306152 0.246822 0.309326 0.251059 0.304443 0.251589 0.304443 0.244174 0.298828 0.241525 0.303955 0.232521 0.298828 0.225636 0.301514 0.215042 0.298340 0.220339 0.297607 0.211864 0.296631 0.216631 0.292969 0.212924 0.289795 0.222458 0.286377 0.212394 0.288574 0.207097 0.289062 0.211335 0.294189 0.211335 0.291504 0.208686 0.292725 0.206568 0.290527 0.209216 0.286621 0.202331 0.285645 0.213453 0.281250 0.213983 0.281982 0.203390
1 0.269531 0.199153 0.269531 0.200742 0.268555 0.202331 0.268555 0.206038 0.269043 0.206568 0.269043 0.208157 0.268066 0.210805 0.268555 0.211864 0.268066 0.213453 0.269043 0.213983 0.268555 0.215042 0.268555 0.216631 0.269287 0.216631 0.269775 0.214513 0.270020 0.215572 0.270752 0.215572 0.272217 0.218750 0.271973 0.220869 0.273193 0.222987 0.272461 0.220869 0.272705 0.218750 0.271729 0.216631 0.271973 0.215042 0.270264 0.212394 0.270996 0.210805 0.271973 0.211335 0.271484 0.210275 0.271729 0.208157 0.270996 0.207627 0.270996 0.204449 0.271484 0.202860 0.270752 0.201271 0.270752 0.200212 0.270020 0.200212
1 0.206543 0.200212 0.207764 0.201271 0.209229 0.198623 0.209473 0.200742 0.211914 0.200742 0.211914 0.202860 0.211426 0.203390 0.211426 0.204979 0.211914 0.205508 0.211426 0.206038 0.212158 0.206038 0.212402 0.206568 0.211914 0.207097 0.213623 0.207627 0.213379 0.205508 0.214111 0.203390 0.213623 0.202860 0.213623 0.201271 0.213379 0.201801 0.212646 0.200742 0.212646 0.199153 0.212158 0.200212 0.211670 0.198093 0.209961 0.198093 0.209473 0.199153 0.209229 0.197564 0.208740 0.199153 0.208008 0.198623 0.208496 0.199682 0.208008 0.199682 0.207764 0.200742 0.207275 0.199682
1 0.678467 0.197034 0.677734 0.198093 0.677490 0.197034 0.677002 0.197034 0.673828 0.207097 0.675293 0.203919 0.675781 0.204449 0.675781 0.206038
1 0.289551 0.197034 0.289551 0.198623 0.290283 0.198623 0.291016 0.200212 0.291748 0.199682 0.292236 0.200742 0.292725 0.199682 0.292480 0.198093 0.291992 0.199153 0.290771 0.197034
1 0.257324 0.197034 0.254883 0.197034 0.255127 0.198093 0.254395 0.198093 0.253906 0.199682 0.253906 0.200742 0.254150 0.200212 0.254883 0.202331 0.254395 0.203919 0.253906 0.203919 0.253906 0.204979 0.254395 0.206038 0.255127 0.206038 0.256104 0.208157 0.256104 0.203390 0.255371 0.203390 0.255127 0.202331 0.256836 0.198623 0.257568 0.198093
1 0.043213 0.195975 0.043945 0.197034 0.043945 0.200212 0.045654 0.197034 0.046387 0.197034 0.046875 0.198093 0.046875 0.200212 0.048096 0.199682 0.048096 0.198093 0.048584 0.197034 0.048096 0.198093 0.046875 0.198093 0.046387 0.196504 0.045654 0.195975
1 0.688965 0.194386 0.686768 0.194915 0.688232 0.197034 0.687988 0.200742 0.688965 0.202860 0.689941 0.203390 0.689453 0.204449 0.689453 0.206038 0.687256 0.211335 0.686035 0.211335 0.686523 0.212394 0.686279 0.213453 0.685547 0.212394 0.685547 0.210275 0.686768 0.207627 0.685791 0.207097 0.685059 0.209216 0.685059 0.212394 0.686279 0.217691 0.686035 0.215042 0.686523 0.213983 0.687988 0.213983 0.688477 0.215042 0.687988 0.213983 0.688232 0.212394 0.691162 0.210805 0.691406 0.206038 0.693115 0.206568 0.691406 0.206038 0.690918 0.204979 0.691895 0.202331 0.691406 0.202331 0.691162 0.203390 0.689941 0.203390 0.689697 0.202331 0.690186 0.201801 0.689941 0.200212 0.689209 0.201271 0.688721 0.200212 0.689209 0.198623 0.689697 0.199153 0.689453 0.197034 0.688721 0.195975
1 0.302002 0.194386 0.302490 0.196504 0.303467 0.196504 0.304199 0.198093 0.304199 0.200212 0.305908 0.200742 0.305420 0.198623 0.304443 0.197034 0.304443 0.194915
1 0.581299 0.191737 0.580566 0.194386 0.581543 0.196504 0.580566 0.197564 0.580322 0.195975 0.578125 0.194915 0.579102 0.195975 0.578613 0.196504 0.578857 0.198623 0.578369 0.199682 0.578857 0.199682 0.579102 0.198623 0.580566 0.199153 0.580566 0.200742 0.581299 0.200742 0.581787 0.199153
1 0.600098 0.189089 0.599854 0.189619 0.600830 0.193856 0.600342 0.194915 0.599609 0.194915 0.599121 0.195975 0.599609 0.195445 0.599854 0.197034 0.599121 0.198623 0.597656 0.199153 0.597412 0.201271 0.596680 0.202331 0.598145 0.203919 0.599609 0.208686 0.599121 0.206568 0.599365 0.203390 0.598389 0.201271 0.598633 0.200212 0.599609 0.201271 0.599609 0.200212 0.599121 0.199682 0.599854 0.199153 0.600586 0.197564 0.601562 0.197564 0.601562 0.199682 0.602539 0.200212 0.602051 0.201271 0.600586 0.200212 0.601562 0.201271 0.601318 0.204449 0.601562 0.202860 0.602539 0.201271 0.603760 0.201801 0.602783 0.200742 0.601562 0.196504 0.600830 0.195445 0.601074 0.191737
1 0.717041 0.188559 0.716064 0.188559 0.713867 0.198093 0.711914 0.201801 0.712402 0.200742 0.713623 0.200742 0.714600 0.198623 0.716309 0.191208 0.716064 0.190678
1 0.664062 0.188559 0.664062 0.190148 0.665039 0.190678 0.665771 0.192267 0.665527 0.193326 0.666992 0.193326 0.669434 0.198623 0.670410 0.198623 0.667969 0.194915 0.667969 0.193856 0.666504 0.190148 0.666504 0.188559 0.665771 0.190148 0.665283 0.188559
1 0.047363 0.188559 0.048828 0.191737 0.048340 0.194386 0.050537 0.193856 0.050537 0.192797 0.049561 0.192267 0.049561 0.188559 0.048584 0.190678 0.048096 0.190148 0.047852 0.188030 0.048584 0.186970
1 0.305908 0.186441 0.305176 0.188030 0.305176 0.189619 0.305664 0.190148 0.306396 0.189089 0.306641 0.187500 0.307617 0.190678 0.307129 0.194386 0.307617 0.194915 0.307617 0.196504 0.308350 0.194386 0.309326 0.196504 0.308594 0.193856 0.308838 0.192797 0.308350 0.192267 0.308838 0.191208 0.308350 0.188559 0.307373 0.189619 0.307373 0.188030 0.306885 0.186441 0.306396 0.186441 0.306152 0.189089 0.305420 0.189619 0.305176 0.188559 0.305664 0.188559
1 0.564697 0.199682 0.565186 0.199682 0.565918 0.197564 0.566895 0.197564 0.567139 0.194386 0.568359 0.195975 0.569092 0.195445 0.569092 0.197564 0.569824 0.194915 0.570801 0.196504 0.571289 0.196504 0.571777 0.194915 0.572510 0.195445 0.571777 0.190678 0.572021 0.190148 0.572998 0.191208 0.572998 0.189619 0.573486 0.189089 0.572021 0.190148 0.571289 0.189089 0.570312 0.189089 0.569824 0.190148 0.571289 0.190148 0.571289 0.191737 0.569092 0.191737 0.568848 0.192797 0.567139 0.192797 0.566406 0.190148 0.566895 0.189089 0.567139 0.190148 0.567627 0.190148 0.567627 0.186441 0.567139 0.185911 0.565918 0.188030 0.566650 0.194386 0.565674 0.195445 0.565186 0.197034 0.564697 0.196504 0.565186 0.198093
1 0.444580 0.185911 0.445801 0.189089 0.445801 0.192267 0.445557 0.192797 0.445068 0.191737 0.445068 0.190148 0.444092 0.188030 0.443848 0.189089 0.444824 0.190148 0.444092 0.191737 0.444580 0.191737 0.445557 0.194386 0.446533 0.194386 0.446533 0.189619 0.446045 0.189089 0.446045 0.187500
1 0.404297 0.185911 0.403320 0.186441 0.403564 0.194386 0.404297 0.194386 0.404297 0.193326 0.403320 0.191737 0.403320 0.190678 0.404297 0.188559 0.404785 0.191737 0.405029 0.191208 0.405029 0.186441 0.404785 0.186970
1 0.589844 0.186441 0.590820 0.189089 0.590820 0.194386 0.589844 0.194915 0.589600 0.191737 0.589111 0.190678 0.588135 0.190678 0.588379 0.193856 0.587402 0.194915 0.586914 0.193856 0.586670 0.194386 0.587402 0.195975 0.587158 0.197564 0.588135 0.200742 0.587646 0.198623 0.588623 0.197034 0.588623 0.194386 0.589355 0.193856 0.591309 0.198093 0.592285 0.202331 0.593018 0.203390 0.593506 0.202331 0.593750 0.202860 0.593506 0.204449 0.593994 0.207097 0.594727 0.204979 0.595459 0.204979 0.595459 0.203390 0.593994 0.203390 0.593506 0.201271 0.595459 0.200742 0.595947 0.202860 0.596191 0.202331 0.595703 0.201271 0.597656 0.195445 0.595215 0.200212 0.594238 0.198623 0.594482 0.197034 0.593750 0.197564 0.591797 0.192267 0.592529 0.189089 0.593018 0.190148 0.592529 0.191737 0.593018 0.193326 0.593506 0.191208 0.593018 0.189089 0.593506 0.188030 0.593506 0.185911 0.593018 0.185381 0.593262 0.187500 0.591797 0.189619 0.591064 0.189619
1 0.274902 0.184322 0.275879 0.185381 0.278320 0.191208 0.278809 0.190148 0.280029 0.190148 0.280273 0.189089 0.281250 0.188559 0.282471 0.189089 0.281982 0.187500 0.280518 0.186970 0.280029 0.188559 0.279541 0.188559 0.278564 0.184322 0.277100 0.184322 0.276611 0.183263
1 0.607910 0.183263 0.609375 0.186441 0.608887 0.190678 0.611328 0.191737 0.611816 0.198623 0.612793 0.196504 0.614746 0.198093 0.613770 0.200212 0.614746 0.202860 0.613281 0.206038 0.612549 0.203390 0.609375 0.203390 0.607666 0.200212 0.609131 0.193326 0.608643 0.192267 0.608154 0.194915 0.607178 0.191737 0.608154 0.197564 0.605957 0.198093 0.609375 0.203919 0.605713 0.211864 0.602783 0.211335 0.605469 0.213983 0.605225 0.216631 0.603271 0.217691 0.607422 0.216631 0.607178 0.219280 0.603271 0.220869 0.601318 0.212924 0.605225 0.203390 0.603760 0.204979 0.603027 0.202860 0.603027 0.207097 0.601562 0.210805 0.600098 0.205508 0.601318 0.214513 0.600098 0.211864 0.597656 0.213983 0.597412 0.209746 0.596191 0.212394 0.598633 0.218220 0.600342 0.217691 0.601074 0.220869 0.602783 0.219809 0.604980 0.224047 0.604248 0.221398 0.605225 0.220869 0.605469 0.222987 0.605713 0.220869 0.606445 0.225106 0.605469 0.225636 0.605957 0.228284 0.604980 0.230403 0.607178 0.231462 0.606445 0.229343 0.607178 0.228284 0.608398 0.230932 0.607910 0.232521 0.610596 0.235699 0.608154 0.232521 0.609375 0.228814 0.610352 0.233581 0.611328 0.233581 0.610840 0.229873 0.612549 0.231462 0.612305 0.233051 0.613770 0.229873 0.614990 0.234110 0.612305 0.236229 0.613037 0.235169 0.614014 0.237818 0.616211 0.234110 0.615479 0.232521 0.616455 0.232521 0.614502 0.222458 0.616943 0.221928 0.616943 0.218220 0.614746 0.221398 0.614014 0.220339 0.614258 0.212394 0.616943 0.211335 0.617188 0.214513 0.620117 0.218220 0.619873 0.211864 0.620850 0.211335 0.621582 0.215572 0.624268 0.218220 0.620850 0.211335 0.620361 0.206038 0.619629 0.208157 0.618652 0.205508 0.616455 0.206568 0.617920 0.203390 0.614746 0.199153 0.611816 0.182733
1 0.430664 0.182203 0.429688 0.183792 0.428467 0.193326 0.427734 0.194915 0.426758 0.191208 0.427734 0.190148 0.428223 0.184852 0.427246 0.185381 0.427002 0.183263 0.425293 0.184322 0.424561 0.182203 0.421875 0.184322 0.421875 0.185911 0.424072 0.185911 0.424316 0.186970 0.423340 0.191208 0.422363 0.190678 0.421631 0.195975 0.424316 0.192797 0.424805 0.194915 0.422119 0.198623 0.420898 0.198093 0.420410 0.195975 0.421143 0.192797 0.421143 0.186441 0.420410 0.186441 0.420654 0.188559 0.419678 0.190678 0.420410 0.192797 0.419922 0.193856 0.418945 0.193326 0.418945 0.195975 0.419434 0.195445 0.420654 0.199153 0.420166 0.199682 0.419434 0.198093 0.418945 0.199682 0.417969 0.199153 0.417725 0.193856 0.416260 0.195975 0.416260 0.192797 0.415527 0.194386 0.415039 0.193856 0.416016 0.194915 0.415771 0.197034 0.414307 0.197034 0.414062 0.194915 0.413574 0.197564 0.412842 0.196504 0.413086 0.198623 0.415039 0.197034 0.415771 0.199682 0.415039 0.200742 0.414062 0.199682 0.414307 0.202331 0.413086 0.203390 0.412598 0.201271 0.413330 0.204449 0.412109 0.206038 0.413818 0.206038 0.416260 0.211335 0.415771 0.208686 0.416260 0.203919 0.416748 0.203919 0.415771 0.202860 0.415771 0.201271 0.416504 0.199682 0.418945 0.201271 0.418457 0.202860 0.419189 0.202860 0.420166 0.205508 0.419678 0.207627 0.421143 0.202860 0.421875 0.203390 0.422607 0.197564 0.424316 0.197564 0.425049 0.195975 0.427002 0.201271 0.426270 0.209216 0.425537 0.210275 0.425537 0.211335 0.426514 0.211335 0.427002 0.203919 0.428711 0.197034 0.428223 0.195975 0.428955 0.190148 0.429688 0.188559 0.430176 0.189089 0.431152 0.185911 0.429932 0.183792
1 0.318115 0.182733 0.317627 0.183792 0.316650 0.183792 0.317627 0.185911 0.316162 0.186441 0.315674 0.188030 0.313232 0.183792 0.315186 0.183792 0.314453 0.182203 0.312256 0.181674 0.312256 0.184322 0.310791 0.184322 0.311279 0.187500 0.313477 0.192797 0.312500 0.196504 0.311523 0.196504 0.312500 0.197564 0.312988 0.194915 0.313721 0.193856 0.315186 0.198093 0.314941 0.199682 0.313965 0.199153 0.314453 0.199153 0.314697 0.200212 0.313965 0.200212 0.313232 0.202331 0.312256 0.202331 0.311035 0.197564 0.311523 0.199682 0.311035 0.200212 0.310547 0.199153 0.310791 0.200212 0.310303 0.201271 0.310059 0.200742 0.310059 0.202860 0.310791 0.202860 0.311523 0.204979 0.312012 0.204979 0.312500 0.206038 0.312500 0.207627 0.313721 0.207097 0.313721 0.204449 0.314209 0.203919 0.313721 0.202860 0.313965 0.200742 0.314697 0.200742 0.314941 0.199682 0.316162 0.199682 0.316650 0.201271 0.316650 0.203919 0.316895 0.201801 0.317627 0.201801 0.318604 0.200212 0.319092 0.200742 0.319580 0.199153 0.319092 0.198093 0.319336 0.197034 0.320068 0.197564 0.318848 0.195445 0.318604 0.198623 0.316406 0.195975 0.316162 0.196504 0.315430 0.194915 0.315186 0.195975 0.314453 0.194915 0.313232 0.190678 0.313721 0.188559 0.314697 0.187500 0.315186 0.188559 0.314697 0.189089 0.315674 0.188559 0.316162 0.189619 0.316406 0.192267 0.317383 0.194915 0.316895 0.190148 0.316162 0.187500 0.317139 0.186441 0.318359 0.188030 0.318359 0.184852 0.318848 0.183792
1 0.085449 0.182203 0.084473 0.181144 0.083740 0.182733 0.083008 0.182203 0.082520 0.183792 0.081543 0.184322 0.081055 0.186441 0.083252 0.186441
1 0.763184 0.182733 0.761963 0.185911 0.761475 0.185911 0.760742 0.184852 0.761475 0.184322 0.761963 0.182733 0.760986 0.180614 0.760498 0.181674 0.759521 0.181144 0.759521 0.182733 0.758545 0.182733 0.756592 0.184852 0.757568 0.185911 0.758301 0.184322 0.759521 0.184322 0.757812 0.187500 0.758301 0.188559 0.759033 0.188559 0.758789 0.190678 0.758057 0.190148 0.758057 0.192267 0.758545 0.192797 0.758545 0.193856 0.760986 0.194386 0.760742 0.192797 0.759521 0.193326 0.759033 0.191737 0.760498 0.190148 0.760986 0.188559 0.761719 0.188559 0.762207 0.190148 0.763184 0.186970 0.762451 0.185911
1 0.319336 0.180614 0.319336 0.183263 0.321289 0.184852 0.320557 0.186441 0.320068 0.185381 0.320068 0.188030 0.321045 0.189089 0.320557 0.189619 0.321289 0.191208 0.320801 0.191737 0.319824 0.190148 0.319092 0.190148 0.319580 0.191737 0.319092 0.192797 0.319824 0.194386 0.320557 0.193856 0.321777 0.195975 0.322021 0.197564 0.322266 0.196504 0.322754 0.196504 0.322021 0.195445 0.322021 0.193856 0.321533 0.192797 0.321777 0.190678 0.320801 0.188559 0.321289 0.187500 0.322021 0.187500 0.322754 0.189089 0.322754 0.185911 0.321777 0.186441 0.321289 0.183263 0.320312 0.182733
1 0.587646 0.179555 0.587402 0.180614 0.587891 0.181144 0.587891 0.182733 0.587402 0.183263 0.586914 0.182203 0.586182 0.184322 0.585693 0.183263 0.584473 0.182733 0.584229 0.181674 0.583740 0.182203 0.583984 0.181674 0.584473 0.182733 0.583740 0.183263 0.583740 0.184852 0.584473 0.184322 0.584717 0.185381 0.584229 0.186441 0.584961 0.187500 0.584229 0.190148 0.583496 0.188559 0.583740 0.187500 0.582520 0.186441 0.583008 0.185381 0.582764 0.184852 0.582275 0.185911 0.582520 0.186970 0.582031 0.189089 0.582764 0.189089 0.583252 0.188030 0.583496 0.190148 0.583984 0.190678 0.583740 0.191737 0.582031 0.191737 0.582520 0.193326 0.583008 0.192797 0.583984 0.194386 0.583984 0.198093 0.584473 0.198623 0.583252 0.200212 0.583740 0.204979 0.584229 0.204979 0.583984 0.203390 0.585205 0.195975 0.586914 0.191208 0.587402 0.192267 0.586914 0.190678 0.586182 0.190678 0.585938 0.191737 0.585449 0.191208 0.585205 0.189619 0.585693 0.188559 0.584717 0.186970 0.584717 0.185911 0.585205 0.184852 0.585938 0.184852 0.587891 0.189089 0.588623 0.188030 0.588623 0.186441 0.589355 0.185911 0.587646 0.180614
1 0.795166 0.181144 0.793701 0.183263 0.792969 0.183263 0.792725 0.182203 0.793213 0.181674 0.793213 0.177966 0.792480 0.181674 0.791260 0.178496 0.791504 0.177966 0.790039 0.177966 0.790039 0.179555 0.791748 0.181674 0.790527 0.184852 0.789307 0.185911 0.789795 0.187500 0.789795 0.189619 0.788818 0.191208 0.787598 0.190678 0.788086 0.191737 0.788086 0.193326 0.787109 0.194915 0.787109 0.196504 0.786621 0.197034 0.786865 0.199153 0.786133 0.199682 0.785645 0.198623 0.785645 0.199682 0.787109 0.199153 0.787598 0.200212 0.787354 0.201271 0.786621 0.201271 0.786621 0.202860 0.787109 0.203919 0.784424 0.204449 0.783447 0.202331 0.783691 0.201271 0.783203 0.199682 0.784912 0.199153 0.784912 0.197034 0.784180 0.197034 0.783936 0.195445 0.783203 0.194915 0.782715 0.195975 0.782715 0.197564 0.782227 0.198093 0.783203 0.199153 0.782227 0.201801 0.783203 0.202331 0.782715 0.203390 0.783203 0.204449 0.783203 0.206038 0.783691 0.207097 0.784668 0.206038 0.785156 0.203919 0.787598 0.204979 0.789551 0.202860 0.789795 0.201271 0.789307 0.200212 0.791260 0.197564 0.791016 0.197034 0.790283 0.199153 0.789551 0.199153 0.789062 0.200212 0.789062 0.202331 0.788086 0.203390 0.787842 0.200742 0.788330 0.200212 0.787354 0.199682 0.787354 0.194915 0.789062 0.193326 0.790771 0.193326 0.788818 0.192267 0.789062 0.191208 0.789795 0.191208 0.790527 0.189089 0.791016 0.189089 0.791748 0.191208 0.792480 0.191208 0.790039 0.186441 0.791016 0.185381 0.790771 0.184322 0.791504 0.182733 0.792480 0.183792 0.791748 0.184322 0.793213 0.183792 0.794189 0.186441 0.795166 0.184322
1 0.077881 0.177436 0.076660 0.177966 0.076416 0.179025 0.076172 0.177966 0.074707 0.177966 0.074707 0.179555 0.075684 0.181144 0.074707 0.183263 0.075684 0.184852 0.076904 0.184322 0.076660 0.180085 0.077881 0.179555
1 0.623047 0.176377 0.623535 0.176907 0.623047 0.177436 0.624268 0.180085 0.624023 0.183792 0.624512 0.182733 0.625000 0.183263 0.625244 0.182203 0.625732 0.183263 0.625488 0.184852 0.626709 0.186441 0.625977 0.184852 0.625977 0.181144 0.625244 0.179025 0.625244 0.177436 0.625000 0.176907 0.624756 0.177966 0.624023 0.177966 0.623535 0.176377
1 0.313721 0.174788 0.311768 0.176907 0.311523 0.178496 0.310059 0.179555 0.309326 0.181144 0.311035 0.181144 0.312256 0.179555
1 0.078125 0.175847 0.079102 0.177436 0.080566 0.177966 0.079346 0.182203 0.079834 0.183263 0.079834 0.184852 0.080566 0.184322 0.081055 0.182733 0.080566 0.181144 0.080811 0.178496 0.082275 0.179555 0.082520 0.180614 0.083740 0.178496 0.085205 0.179025 0.086426 0.177436 0.085938 0.176907 0.084961 0.177966 0.084229 0.176377 0.084229 0.175318 0.083496 0.175847 0.082275 0.173199 0.082764 0.172669 0.083008 0.173729 0.083252 0.172669 0.081055 0.172669 0.081055 0.175318 0.080322 0.176907 0.079102 0.176907 0.078857 0.175847
1 0.259277 0.171610 0.258789 0.172669 0.258789 0.175318 0.260498 0.175318 0.260498 0.171610
1 0.538086 0.170551 0.529541 0.191208 0.534424 0.199153 0.526123 0.198093 0.520508 0.232521 0.515381 0.232521 0.518555 0.277542 0.509766 0.276483 0.515381 0.291314 0.519287 0.281250 0.523438 0.289195 0.521729 0.307733 0.518555 0.299258 0.522217 0.319386 0.502686 0.309852 0.505127 0.294492 0.497559 0.279131 0.505371 0.282309 0.500000 0.264301 0.512207 0.269597 0.509521 0.261123 0.514404 0.256886 0.504883 0.240466 0.500000 0.244703 0.503662 0.255297 0.498535 0.252119 0.504883 0.261653 0.496094 0.268008 0.501709 0.297140 0.496826 0.288136 0.491211 0.318856 0.482910 0.307203 0.482422 0.357521 0.472656 0.356992 0.478027 0.363877 0.478760 0.354343 0.480957 0.370763 0.491699 0.378708 0.495361 0.367585 0.494629 0.399364 0.494141 0.382945 0.498779 0.386123 0.494873 0.360699 0.500732 0.366525 0.499756 0.353814 0.507812 0.346398 0.505859 0.365466 0.516846 0.383475 0.511230 0.369174 0.514160 0.347458 0.501709 0.353814 0.501953 0.335805 0.507812 0.336864 0.505615 0.344280 0.515625 0.333157 0.514404 0.320445 0.525635 0.338453 0.528564 0.315678 0.533936 0.322564 0.527588 0.307203 0.533936 0.308792 0.538818 0.291843 0.528809 0.291314 0.527832 0.303496 0.514404 0.249470 0.519287 0.252119 0.520508 0.230932 0.527100 0.225106 0.524902 0.208157 0.533447 0.219809 0.531006 0.202331 0.536865 0.208157 0.533447 0.201801 0.541748 0.178496
1 0.283447 0.171610 0.283447 0.173199 0.283936 0.174258 0.284424 0.173729 0.286377 0.174788 0.286377 0.172669 0.284912 0.170551
1 0.229980 0.169492 0.229492 0.170551 0.229492 0.172140 0.229004 0.172669 0.229004 0.174258 0.229492 0.174788 0.229492 0.176377 0.230957 0.177436 0.231689 0.175318 0.231201 0.174258 0.231201 0.171610
1 0.209229 0.170551 0.208496 0.169492 0.208496 0.171610 0.209229 0.172140 0.208984 0.173199 0.207520 0.172669 0.207275 0.171610 0.206787 0.173199 0.206299 0.171610 0.206543 0.171081 0.206055 0.170551 0.206055 0.173729 0.206543 0.173729 0.206543 0.174788 0.207031 0.175318 0.208740 0.175318 0.208740 0.174258 0.208252 0.173729 0.209229 0.173199
1 0.626953 0.177436 0.628174 0.188030 0.620850 0.203919 0.623047 0.202331 0.626465 0.211335 0.624756 0.222987 0.627686 0.205508 0.624756 0.203919 0.628418 0.192797 0.629883 0.211335 0.628174 0.218220 0.630127 0.220339 0.628662 0.213983 0.631836 0.209216 0.631836 0.219809 0.633545 0.219809 0.632812 0.190678 0.636963 0.184322 0.640625 0.208686 0.638184 0.225106 0.640625 0.219809 0.641113 0.224047 0.642090 0.216631 0.642090 0.242055 0.643799 0.239936 0.641357 0.255826 0.647705 0.255297 0.649658 0.247352 0.648193 0.267479 0.652100 0.267479 0.655273 0.279131 0.657959 0.277542 0.652832 0.273835 0.657959 0.273305 0.659424 0.264831 0.656738 0.269068 0.657471 0.262712 0.660400 0.263242 0.657715 0.259534 0.658691 0.255826 0.663330 0.256886 0.665283 0.267479 0.677979 0.215572 0.675781 0.213983 0.673340 0.228814 0.669189 0.222458 0.665527 0.232521 0.667236 0.226165 0.663086 0.226695 0.665771 0.220869 0.661133 0.221928 0.666504 0.215042 0.656250 0.225106 0.653076 0.207627 0.651855 0.227754 0.647949 0.231462 0.651123 0.230932 0.650391 0.240466 0.645508 0.234110 0.646484 0.221398 0.646484 0.227754 0.643799 0.229343 0.643066 0.219280 0.645752 0.217161 0.641846 0.216102 0.642334 0.193856 0.645996 0.200212 0.643799 0.193856 0.645996 0.188559 0.643555 0.192797 0.641602 0.189619 0.644287 0.176907 0.646729 0.186970 0.645264 0.171610 0.642090 0.184322 0.641357 0.174788 0.637939 0.175318 0.640625 0.180085 0.638672 0.189619 0.636963 0.172669 0.635254 0.177966 0.633301 0.173199 0.634766 0.168962 0.631592 0.178496 0.630615 0.174258 0.630859 0.179555
1 0.426758 0.167903 0.426514 0.168962 0.427246 0.169492 0.426514 0.171610 0.426758 0.173199 0.427490 0.172669 0.428223 0.169492 0.428955 0.169492 0.429443 0.170551 0.428711 0.172669 0.428467 0.171610 0.427734 0.174258 0.429443 0.174258 0.429932 0.175318 0.429688 0.176377 0.430908 0.174258 0.431152 0.175847 0.432129 0.176907 0.432129 0.175318 0.431152 0.174788 0.429932 0.171081 0.430176 0.170551 0.428711 0.169492 0.428467 0.168432 0.427734 0.168432 0.427490 0.167373
1 0.182373 0.183263 0.184814 0.201801 0.178711 0.202860 0.190430 0.216631 0.195557 0.207097 0.199463 0.233051 0.193848 0.232521 0.215088 0.244174 0.214600 0.270657 0.219238 0.261653 0.227295 0.282839 0.230469 0.251059 0.239990 0.268008 0.256836 0.358581 0.255615 0.384534 0.239258 0.388242 0.255371 0.387712 0.251709 0.419492 0.262695 0.415784 0.270752 0.434852 0.270264 0.414725 0.261719 0.411017 0.271973 0.395657 0.265381 0.388771 0.270020 0.370763 0.265137 0.388771 0.258545 0.384004 0.259277 0.342691 0.272705 0.372352 0.284424 0.318856 0.276123 0.313559 0.284912 0.310911 0.273438 0.303496 0.273438 0.329449 0.278564 0.328919 0.273682 0.360169 0.272705 0.341102 0.269287 0.353284 0.265381 0.312500 0.273682 0.296081 0.265869 0.277013 0.277588 0.286017 0.275879 0.300847 0.278076 0.273305 0.265381 0.274894 0.270264 0.237818 0.263428 0.234110 0.270996 0.229343 0.257080 0.228284 0.256592 0.216102 0.253906 0.228814 0.248291 0.204979 0.255371 0.190148 0.261475 0.200742 0.260498 0.184322 0.251221 0.180085 0.258545 0.166314 0.250244 0.184322 0.246338 0.168432 0.234375 0.177966 0.250244 0.188559 0.234375 0.199153 0.232422 0.181144 0.224121 0.208157 0.232422 0.222987 0.236084 0.198623 0.238037 0.237288 0.223633 0.222458 0.211182 0.226695 0.216797 0.237818 0.210449 0.240466 0.204834 0.219280 0.211426 0.212924 0.203125 0.217161 0.208740 0.234110 0.197510 0.213983 0.206787 0.207097 0.208740 0.181144 0.200439 0.167373 0.187744 0.198623
1 0.587402 0.168432 0.588135 0.168962 0.589111 0.167373 0.589844 0.167373 0.590088 0.168432 0.590576 0.167903 0.591309 0.168962 0.590820 0.167373 0.591797 0.166314 0.591309 0.164195 0.589844 0.166843 0.588867 0.164195 0.588379 0.166843
1 0.259277 0.168432 0.260498 0.168962 0.260986 0.167903 0.261230 0.168962 0.261963 0.166843 0.261475 0.165784 0.262451 0.165254 0.261230 0.164195 0.260498 0.166843 0.259766 0.166843 0.259766 0.164195 0.259277 0.165254
1 0.768555 0.161017 0.767578 0.163136 0.767578 0.166843 0.768066 0.167373 0.767578 0.168962 0.768066 0.168432 0.768555 0.169492 0.768555 0.171610 0.769043 0.172669 0.768799 0.173199 0.770264 0.173199 0.770752 0.171610 0.771484 0.173199 0.771240 0.171081 0.769287 0.170551 0.769287 0.166843 0.769775 0.165784 0.770508 0.167903 0.771484 0.168432 0.771973 0.166843 0.772705 0.167903 0.772949 0.170021 0.772217 0.170021 0.772217 0.171610 0.772705 0.170551 0.773193 0.171081 0.772705 0.172669 0.773438 0.175318 0.772705 0.175847 0.771973 0.174788 0.770996 0.176377 0.770264 0.175847 0.770264 0.177436 0.770996 0.178496 0.770752 0.177966 0.771973 0.175847 0.772949 0.177966 0.772949 0.176377 0.774414 0.177436 0.773438 0.180085 0.773682 0.182203 0.772705 0.185911 0.771973 0.186441 0.771973 0.189089 0.774170 0.189089 0.774902 0.187500 0.774414 0.185381 0.774414 0.187500 0.773926 0.188559 0.772705 0.188559 0.772217 0.187500 0.773193 0.183792 0.773926 0.182733 0.773926 0.180085 0.776367 0.175318 0.775635 0.173199 0.774902 0.172669 0.774902 0.171610 0.774902 0.173199 0.776123 0.174788 0.775391 0.175847 0.774170 0.173199 0.773193 0.169492 0.773193 0.167903 0.774902 0.165254 0.775391 0.166314 0.774902 0.166843 0.775879 0.166314 0.776123 0.167373 0.776367 0.165784 0.777100 0.165784 0.777588 0.168962 0.777344 0.170021 0.778564 0.170021 0.778564 0.167903 0.781250 0.169492 0.781006 0.166314 0.777344 0.166314 0.777100 0.164725 0.775146 0.165254 0.774170 0.164195 0.772461 0.165254 0.772217 0.164195 0.771240 0.164195 0.771729 0.162606 0.772217 0.162606 0.771729 0.161017
1 0.683350 0.162606 0.681641 0.163136 0.680664 0.160487 0.680908 0.162606 0.681396 0.162606 0.681641 0.163665 0.680664 0.165784 0.677979 0.167373 0.676758 0.167373 0.676025 0.165254 0.674316 0.163136 0.675781 0.166843 0.676025 0.168962 0.677490 0.168962 0.677734 0.167903 0.678223 0.168962 0.678223 0.167373 0.681641 0.167903 0.681396 0.166314 0.682373 0.165254 0.682617 0.163665
1 0.525146 0.169492 0.522217 0.174788 0.522461 0.165784 0.518799 0.157309 0.520996 0.163665 0.519287 0.167903 0.518066 0.164725 0.517822 0.169492 0.518066 0.160487 0.510986 0.159428 0.511230 0.164725 0.515625 0.162606 0.513672 0.166843 0.515869 0.175318 0.514160 0.171610 0.513184 0.176377 0.515625 0.176907 0.513184 0.179555 0.516113 0.194386 0.514404 0.198093 0.514893 0.192797 0.511719 0.191737 0.510986 0.202331 0.510498 0.198093 0.505127 0.201801 0.508545 0.195975 0.507568 0.182203 0.505615 0.187500 0.503662 0.179555 0.500000 0.184322 0.499023 0.175847 0.497559 0.182733 0.500977 0.186441 0.500000 0.195445 0.502441 0.200742 0.499268 0.203390 0.500244 0.209746 0.495117 0.211864 0.496094 0.221928 0.501709 0.220869 0.505371 0.206038 0.505615 0.221398 0.502197 0.221398 0.501221 0.227754 0.496094 0.227754 0.494141 0.234110 0.494873 0.213983 0.493164 0.219280 0.490967 0.214513 0.495361 0.202331 0.490723 0.213453 0.488525 0.207097 0.489014 0.239407 0.486328 0.241525 0.490479 0.242055 0.492188 0.234110 0.493164 0.238877 0.494385 0.234640 0.498291 0.236758 0.496094 0.233581 0.497559 0.227225 0.502197 0.235699 0.503418 0.228284 0.504150 0.239407 0.506836 0.230403 0.511475 0.233051 0.505615 0.228814 0.509521 0.220339 0.506592 0.220869 0.506592 0.212924 0.510010 0.211335 0.509766 0.217691 0.512451 0.211335 0.513184 0.215572 0.510254 0.218750 0.515137 0.216631 0.515869 0.211864 0.514404 0.215042 0.513184 0.207097 0.514893 0.199682 0.517578 0.197034 0.518555 0.200742 0.518555 0.196504 0.522461 0.199682 0.519043 0.195445 0.523438 0.191737 0.519775 0.191737 0.522217 0.185911 0.524170 0.190148 0.527344 0.188559 0.527100 0.184322 0.523682 0.184852 0.526611 0.177436 0.522949 0.177436
1 0.231689 0.156250 0.232422 0.158369 0.231445 0.158898 0.232178 0.158898 0.232422 0.160487 0.230957 0.160487 0.230469 0.161017 0.230469 0.162606 0.232178 0.161547 0.232422 0.164725 0.232910 0.165784 0.234131 0.165784 0.234375 0.166843 0.235107 0.166843 0.235107 0.165254 0.236084 0.162606 0.236084 0.161017 0.235352 0.161017 0.235107 0.158898 0.236572 0.157839 0.232422 0.157839
1 0.614502 0.155191 0.614258 0.159428 0.615234 0.161547 0.615967 0.161547 0.614990 0.158898 0.615234 0.157839 0.615967 0.158898 0.615723 0.155191
1 0.358398 0.155191 0.357910 0.155191 0.357666 0.158898 0.356689 0.158369 0.356934 0.162076 0.358398 0.162076 0.357422 0.161547 0.358887 0.158369
1 0.172607 0.157309 0.171875 0.158898 0.171631 0.154661 0.170898 0.154661 0.170410 0.155720 0.170898 0.156780 0.170898 0.158369 0.169922 0.158898 0.168457 0.157839 0.168945 0.158369 0.168945 0.159958 0.166504 0.164725 0.166992 0.163665 0.167725 0.163665 0.167725 0.162076 0.168701 0.160487 0.169434 0.161017 0.168945 0.163136 0.172607 0.158369
1 0.045410 0.152542 0.046143 0.158369 0.046875 0.158369 0.047607 0.156250 0.048340 0.155720 0.050293 0.155720 0.049316 0.155720 0.048096 0.153602 0.047607 0.154661 0.046875 0.154661 0.046387 0.152542
1 0.646484 0.152013 0.645264 0.152013 0.645752 0.154131 0.644531 0.155720 0.644531 0.157309 0.643311 0.158898 0.642578 0.158898 0.642578 0.160487 0.642822 0.159958 0.643311 0.161547 0.642578 0.162606 0.641846 0.161547 0.641846 0.157839 0.641357 0.157309 0.641357 0.155720 0.640869 0.155720 0.640625 0.165784 0.641113 0.166843 0.640137 0.167373 0.639648 0.166314 0.639648 0.172140 0.639893 0.167903 0.640137 0.168962 0.641846 0.167903 0.641846 0.172140 0.642822 0.167373 0.642334 0.166314 0.642822 0.165784 0.642822 0.163136 0.643311 0.162606 0.643311 0.158898 0.643799 0.158369 0.644287 0.159958 0.644287 0.157839 0.645752 0.155191 0.645752 0.153602
1 0.214844 0.151483 0.215820 0.152542 0.215820 0.157309 0.216553 0.158369 0.216309 0.157309 0.217041 0.157309 0.217529 0.156250 0.217041 0.155191 0.217041 0.153602 0.215820 0.152542 0.215576 0.151483
1 0.541748 0.151483 0.540527 0.150953 0.540283 0.152542 0.539062 0.152542 0.538330 0.153602 0.537598 0.153602 0.537109 0.152542 0.537109 0.154131 0.536377 0.155720 0.535156 0.155720 0.534912 0.156780 0.534424 0.156780 0.534424 0.158369 0.534912 0.158369 0.535156 0.157309 0.535645 0.157309 0.535889 0.158369 0.535889 0.156250 0.536377 0.156250 0.537109 0.154131 0.538330 0.154131 0.538818 0.155191 0.539062 0.153072 0.539551 0.154131 0.540283 0.154131 0.540527 0.152013
1 0.408203 0.150424 0.408936 0.152542 0.408447 0.153602 0.409912 0.155191 0.409912 0.154131 0.411377 0.154131 0.411621 0.153072 0.412109 0.154131 0.412354 0.150953 0.411621 0.151483 0.411133 0.150424 0.411621 0.153072 0.410889 0.153602 0.408691 0.149894
1 0.197266 0.150424 0.196777 0.152013 0.198242 0.152542 0.198242 0.157309 0.197754 0.158369 0.198486 0.158369 0.198975 0.159958 0.198730 0.161017 0.197754 0.161017 0.198242 0.162606 0.198975 0.162076 0.198242 0.161547 0.199219 0.160487 0.199951 0.160487 0.200195 0.161547 0.200928 0.161547 0.201416 0.162606 0.201416 0.161017 0.200439 0.160487 0.200928 0.156780 0.199951 0.156250 0.199951 0.153072 0.200439 0.152013 0.202148 0.152013 0.202393 0.150424 0.199707 0.149364 0.199463 0.152542 0.198242 0.152542 0.197998 0.150424
1 0.438965 0.148305 0.438965 0.150953 0.438477 0.152013 0.439209 0.153602 0.438477 0.156780 0.439209 0.156250 0.439209 0.153602 0.439941 0.154661 0.439941 0.156250 0.440918 0.154131 0.441650 0.156250 0.442139 0.152542 0.441406 0.152542 0.440674 0.150424 0.439941 0.150424
1 0.548340 0.147246 0.547119 0.149894 0.545410 0.149364 0.545410 0.152013 0.543945 0.152542 0.543945 0.155191 0.543213 0.156780 0.542725 0.155720 0.541992 0.156780 0.542236 0.158898 0.541016 0.158898 0.541016 0.160487 0.542725 0.162606 0.542236 0.163665 0.542969 0.165254 0.542236 0.165254 0.543457 0.171610 0.542480 0.174258 0.541504 0.173199 0.540771 0.175847 0.541992 0.173729 0.542969 0.179555 0.543701 0.179555 0.543945 0.176907 0.544678 0.175847 0.544922 0.177966 0.545654 0.178496 0.545410 0.180614 0.547119 0.182733 0.545654 0.176907 0.546875 0.177966 0.548340 0.175847 0.549072 0.178496 0.548584 0.179555 0.550049 0.181674 0.549316 0.186970 0.550293 0.188030 0.551270 0.186441 0.551514 0.183792 0.549316 0.179555 0.551514 0.177966 0.549561 0.177966 0.548340 0.173729 0.546875 0.172140 0.548584 0.171081 0.549561 0.173199 0.549561 0.174788 0.551758 0.172669 0.551270 0.171610 0.550293 0.172669 0.548584 0.171081 0.549072 0.168962 0.550049 0.168962 0.548828 0.165254 0.547119 0.169492 0.545166 0.163665 0.546143 0.159428 0.544678 0.162606 0.543945 0.161547 0.544922 0.158369 0.543945 0.158898 0.544434 0.160487 0.543457 0.162076 0.544922 0.164195 0.545166 0.166843 0.546387 0.170021 0.545898 0.170551 0.544922 0.168432 0.544922 0.170021 0.543945 0.171081 0.543457 0.170021 0.543701 0.164725 0.542480 0.162076 0.543701 0.156250 0.544922 0.154661 0.545898 0.155191 0.546631 0.157839 0.547363 0.156250 0.548340 0.156250 0.548584 0.158369 0.549316 0.154661 0.551270 0.153602 0.549316 0.154661 0.548828 0.153072 0.549561 0.150953 0.548828 0.150424 0.549072 0.148305
1 0.225586 0.147246 0.225586 0.149894 0.226562 0.152013 0.227783 0.152013 0.227783 0.149364 0.227295 0.148305 0.226562 0.148305 0.226318 0.147246
1 0.658691 0.146716 0.659180 0.146716 0.660400 0.149364 0.660645 0.151483 0.661621 0.148835 0.662354 0.148835 0.662598 0.147775 0.660156 0.146186
1 0.529053 0.144068 0.528320 0.144068 0.528320 0.146186 0.529297 0.146186 0.527832 0.147246 0.527344 0.153072 0.524414 0.152542 0.524170 0.148305 0.522705 0.148835 0.522705 0.147246 0.521484 0.146716 0.522461 0.149894 0.520996 0.149364 0.520508 0.150424 0.521729 0.152013 0.520264 0.154661 0.521484 0.155191 0.520752 0.157309 0.520996 0.158898 0.521973 0.158369 0.521484 0.155720 0.522705 0.154131 0.523438 0.155720 0.522949 0.160487 0.524414 0.160487 0.524658 0.156780 0.526123 0.161547 0.525146 0.164195 0.523682 0.162076 0.523926 0.164725 0.522461 0.163136 0.522949 0.165784 0.529053 0.166843 0.526367 0.174258 0.528320 0.173729 0.528564 0.179555 0.527100 0.178496 0.526123 0.181144 0.526855 0.181144 0.527344 0.179025 0.527832 0.180614 0.528564 0.180085 0.528809 0.174258 0.529785 0.171081 0.531250 0.172140 0.530762 0.170551 0.531250 0.168962 0.532959 0.171081 0.532959 0.168962 0.532471 0.169492 0.532227 0.167903 0.533203 0.167373 0.533691 0.165254 0.534912 0.166314 0.533691 0.170021 0.534180 0.171081 0.534912 0.166314 0.535156 0.167373 0.536865 0.165784 0.536133 0.163665 0.536621 0.162076 0.537842 0.161547 0.539062 0.163136 0.537842 0.165254 0.537842 0.167373 0.538574 0.166314 0.539062 0.167373 0.538574 0.168962 0.541016 0.164725 0.541016 0.163136 0.538818 0.161547 0.538574 0.157839 0.537354 0.162076 0.536377 0.160487 0.536133 0.161547 0.535156 0.161017 0.534912 0.163136 0.535645 0.163665 0.534912 0.164725 0.532471 0.162606 0.533203 0.164195 0.531738 0.166843 0.531250 0.165784 0.531494 0.159958 0.529785 0.160487 0.529297 0.158898 0.530518 0.156250 0.530273 0.153072 0.531738 0.154661 0.532227 0.157309 0.531982 0.155191 0.533447 0.154661 0.532715 0.153072 0.533447 0.151483 0.531250 0.152542 0.529785 0.149894 0.530029 0.148305
1 0.772705 0.151483 0.773438 0.153072 0.774170 0.153072 0.774414 0.154661 0.775879 0.156780 0.775879 0.158898 0.776611 0.158898 0.776855 0.159958 0.779785 0.159958 0.780518 0.158369 0.781250 0.158369 0.781250 0.157309 0.780518 0.156250 0.780762 0.155720 0.782715 0.155191 0.783203 0.156780 0.784180 0.157839 0.784180 0.158898 0.781738 0.158898 0.781982 0.160487 0.783447 0.160487 0.783203 0.163136 0.782227 0.162076 0.782715 0.163136 0.782471 0.164195 0.784424 0.163136 0.784424 0.162076 0.784912 0.162076 0.785156 0.161017 0.785645 0.161547 0.785645 0.162606 0.785645 0.158369 0.784912 0.160487 0.784912 0.158898 0.784424 0.157839 0.785156 0.156780 0.783691 0.156780 0.783203 0.155720 0.784424 0.153602 0.782959 0.153602 0.781738 0.155191 0.779785 0.155191 0.779785 0.156250 0.779297 0.156780 0.780273 0.157839 0.779785 0.159428 0.778076 0.159428 0.777832 0.158898 0.778564 0.157839 0.777100 0.156780 0.777588 0.155191 0.777100 0.154131 0.777100 0.152542 0.778076 0.151483 0.778076 0.148305 0.779053 0.146716 0.778809 0.145657 0.779785 0.144068 0.779785 0.143008 0.778809 0.144597 0.778076 0.143538 0.776123 0.147246 0.776367 0.147775 0.777344 0.145657 0.778076 0.146716 0.777588 0.149364 0.776855 0.149364 0.777100 0.150424 0.776123 0.152542 0.775635 0.150953 0.776123 0.148835 0.774414 0.150953
1 0.527588 0.143008 0.526367 0.145127 0.526367 0.146716 0.525879 0.147246 0.525879 0.149894 0.526367 0.150953 0.527100 0.150953 0.527100 0.144597
1 0.508789 0.143008 0.508057 0.144597 0.508301 0.145657 0.507812 0.146186 0.508301 0.146716 0.508545 0.145127 0.508789 0.146186 0.509033 0.145657 0.509521 0.146716 0.509277 0.147775 0.509766 0.148305 0.509766 0.149894 0.510498 0.151483 0.510498 0.147246 0.509766 0.147246 0.509277 0.146186 0.510010 0.144068 0.509277 0.144068
1 0.362061 0.144068 0.363525 0.147775 0.364014 0.147775 0.364014 0.144597 0.363525 0.142479 0.363037 0.144068
1 0.766846 0.167903 0.760742 0.170551 0.765381 0.162606 0.763184 0.166843 0.759521 0.165254 0.759033 0.168432 0.761475 0.167903 0.757080 0.172669 0.754883 0.171081 0.755859 0.166314 0.752930 0.168962 0.751465 0.164195 0.754639 0.159428 0.750488 0.162076 0.754150 0.154661 0.750732 0.154661 0.750732 0.145657 0.747070 0.153602 0.748291 0.161017 0.745605 0.159958 0.745605 0.154661 0.739746 0.159958 0.744629 0.161017 0.741943 0.167903 0.738037 0.161017 0.735107 0.166314 0.732910 0.159958 0.738037 0.157839 0.733398 0.157839 0.736328 0.152542 0.733154 0.148835 0.735352 0.140890 0.730713 0.159958 0.720703 0.174258 0.721680 0.166314 0.717285 0.172140 0.718750 0.175847 0.717041 0.183792 0.724365 0.174788 0.719238 0.184322 0.720459 0.186970 0.714844 0.207097 0.707275 0.203919 0.706787 0.211335 0.701660 0.219809 0.705566 0.215572 0.703857 0.214513 0.705078 0.211864 0.707520 0.213983 0.708252 0.206038 0.711914 0.207627 0.710449 0.215572 0.711914 0.209216 0.714355 0.210805 0.711182 0.221928 0.716797 0.216102 0.714844 0.211864 0.717529 0.206038 0.736816 0.203390 0.733154 0.224576 0.728760 0.225106 0.729736 0.219809 0.727539 0.226165 0.735596 0.233051 0.732666 0.227754 0.738281 0.216631 0.735840 0.216631 0.737793 0.203919 0.746582 0.205508 0.749512 0.211335 0.750488 0.206038 0.757812 0.208157 0.759033 0.204449 0.755859 0.203390 0.761963 0.198623 0.752930 0.193326 0.756348 0.201801 0.750000 0.201801 0.751953 0.192267 0.747070 0.190148 0.755371 0.184852 0.748779 0.184322 0.748047 0.179025 0.749756 0.179025 0.747803 0.174788 0.756104 0.176377
1 0.390137 0.140890 0.389893 0.141949 0.388672 0.143008 0.386963 0.143008 0.388672 0.144068 0.388184 0.145127 0.388428 0.148835 0.388916 0.149894 0.388672 0.153072 0.389893 0.153072 0.388916 0.152013 0.388916 0.143538 0.390381 0.141949
1 0.210205 0.141949 0.209717 0.143538 0.208740 0.143008 0.209473 0.141419 0.209229 0.140890 0.207764 0.140890 0.207520 0.141949 0.207031 0.141949 0.207520 0.143008 0.207031 0.144068 0.207031 0.147246 0.207275 0.147775 0.207520 0.145657 0.209229 0.145657 0.208740 0.144068 0.209961 0.143538
1 0.417725 0.139831 0.418213 0.143538 0.419434 0.144068 0.419434 0.146716 0.418945 0.147246 0.418945 0.148835 0.417969 0.150424 0.417725 0.155720 0.416504 0.154131 0.416504 0.153072 0.415771 0.152013 0.415527 0.148835 0.415039 0.149364 0.414795 0.148305 0.414795 0.149894 0.415283 0.150424 0.415039 0.152542 0.415771 0.154131 0.415527 0.157309 0.416016 0.158369 0.415527 0.159428 0.416260 0.159428 0.416260 0.157839 0.415771 0.156780 0.416504 0.154661 0.416992 0.155191 0.417236 0.159428 0.417969 0.157309 0.418701 0.158369 0.418701 0.152542 0.420166 0.152013 0.420166 0.149364 0.420654 0.148835 0.420654 0.147246 0.420166 0.146716 0.420166 0.145127 0.419189 0.143538 0.419189 0.141949 0.418213 0.141949
1 0.265381 0.139831 0.264648 0.140890 0.264648 0.143008 0.264160 0.143538 0.264160 0.145657 0.265137 0.148305 0.264893 0.148835 0.265381 0.148835
1 0.671875 0.138771 0.672607 0.143538 0.671387 0.146716 0.671387 0.148305 0.672607 0.150424 0.672363 0.148305 0.672852 0.147246 0.673584 0.147775 0.674316 0.150953 0.674316 0.154131 0.675049 0.155720 0.675049 0.157839 0.676025 0.158898 0.675781 0.161017 0.674561 0.161017 0.675537 0.162606 0.676270 0.160487 0.676758 0.160487 0.675537 0.156250 0.675781 0.154131 0.675293 0.154661 0.674805 0.153602 0.674805 0.149364 0.675293 0.148305 0.674805 0.146186 0.674805 0.147775 0.674316 0.148835 0.673340 0.146186 0.673340 0.143538
1 0.795166 0.141949 0.794189 0.141419 0.793701 0.138242 0.791992 0.143538 0.790527 0.143008 0.790283 0.141949 0.791260 0.140890 0.791260 0.139831 0.790527 0.141419 0.789795 0.141419 0.790527 0.145657 0.791016 0.146186 0.790771 0.147246 0.789795 0.146186 0.789307 0.144597 0.787598 0.144068 0.788574 0.145657 0.787598 0.146186 0.786865 0.148305 0.786377 0.147246 0.784424 0.149364 0.783691 0.149364 0.782715 0.147775 0.782715 0.148835 0.781494 0.148305 0.781494 0.146716 0.781006 0.146716 0.781250 0.148835 0.779785 0.152013 0.780273 0.153072 0.782715 0.152542 0.782227 0.152013 0.782715 0.150953 0.784424 0.149364 0.785400 0.152013 0.785400 0.154131 0.785645 0.153072 0.786133 0.154131 0.787109 0.152013 0.788330 0.152013 0.787109 0.151483 0.786621 0.152542 0.786621 0.149894 0.788086 0.148305 0.789307 0.148835 0.789795 0.149894 0.789551 0.148835 0.791016 0.146716 0.793701 0.147246 0.793213 0.146186
1 0.430664 0.137712 0.430908 0.138771 0.430176 0.139831 0.431152 0.141949 0.431641 0.145657 0.429688 0.146186 0.429199 0.144068 0.429443 0.146716 0.428711 0.147246 0.428955 0.149364 0.428223 0.150424 0.427979 0.152542 0.427246 0.152542 0.427246 0.154131 0.426758 0.154661 0.427002 0.158898 0.426514 0.161017 0.427002 0.160487 0.427002 0.158898 0.427734 0.157309 0.428467 0.158369 0.429443 0.156780 0.429688 0.155191 0.431152 0.155191 0.431396 0.154131 0.431396 0.146186 0.431885 0.144068 0.432861 0.143008 0.430908 0.141419 0.431152 0.138771
1 0.410156 0.137712 0.410400 0.140360 0.410889 0.140360 0.412354 0.143538 0.413330 0.143538 0.413574 0.144597 0.413330 0.143008 0.413818 0.142479 0.413818 0.140890 0.413330 0.139831 0.413086 0.141949 0.412598 0.142479 0.412598 0.139831 0.411133 0.140890 0.410889 0.138771
1 0.677002 0.137182 0.675781 0.137182 0.674561 0.140360 0.675049 0.142479 0.674316 0.145127 0.675293 0.143538 0.675293 0.141419 0.675781 0.142479 0.676270 0.140890 0.677246 0.139831 0.676514 0.139301 0.675781 0.140360 0.675293 0.139301
1 0.762207 0.136123 0.762207 0.137712 0.763672 0.141419 0.763672 0.142479 0.762207 0.143008 0.761963 0.144068 0.760498 0.145657 0.759277 0.145657 0.759277 0.147246 0.760498 0.145657 0.761230 0.145657 0.761719 0.146716 0.761963 0.145127 0.762939 0.146186 0.762695 0.147246 0.759521 0.152013 0.757568 0.152542 0.757568 0.153602 0.756348 0.152542 0.755859 0.154131 0.757812 0.154661 0.757080 0.156250 0.755859 0.156780 0.757568 0.156780 0.757812 0.158898 0.758789 0.158369 0.759033 0.156780 0.759766 0.157309 0.760254 0.158898 0.761963 0.158898 0.762451 0.159958 0.763916 0.157309 0.764893 0.156780 0.764893 0.158898 0.763428 0.159958 0.763672 0.162606 0.764893 0.162076 0.766113 0.158369 0.766846 0.159428 0.767334 0.158898 0.767334 0.160487 0.767822 0.160487 0.768311 0.156250 0.769531 0.153602 0.769531 0.152542 0.770020 0.151483 0.771973 0.151483 0.768555 0.148835 0.768311 0.146716 0.766846 0.148305 0.763184 0.149894 0.762695 0.148835 0.762939 0.147775 0.764893 0.147775 0.764893 0.146716 0.763916 0.145657 0.763672 0.144068 0.765381 0.142479 0.764648 0.143008
1 0.655273 0.135593 0.652832 0.143538 0.655273 0.143008
1 0.342529 0.135593 0.341797 0.135593 0.341553 0.137182 0.341064 0.135593 0.341553 0.138771 0.340820 0.140360 0.339844 0.140890 0.340332 0.142479 0.339600 0.144068 0.339111 0.144068 0.339600 0.145127 0.339600 0.146716 0.338379 0.149894 0.338867 0.148835 0.339600 0.148835 0.339844 0.149894 0.340820 0.150424 0.341064 0.147775 0.341797 0.146186 0.342529 0.146716 0.342041 0.145657 0.342041 0.144068 0.342773 0.141949 0.343506 0.142479 0.343506 0.140890 0.342529 0.138242
1 0.334961 0.136123 0.333496 0.135593 0.332275 0.138771 0.331787 0.137712 0.331055 0.137712 0.330811 0.139831 0.329834 0.141949 0.329834 0.143538 0.330566 0.141419 0.331787 0.141419 0.332764 0.143538 0.333496 0.140890 0.333984 0.140890 0.334717 0.142479 0.334229 0.140360 0.334961 0.139301
1 0.184570 0.135593 0.184570 0.138242 0.185059 0.138771 0.184570 0.139301 0.184570 0.140360 0.183838 0.139831 0.184082 0.140890 0.183594 0.141419 0.184326 0.141419 0.184570 0.140360 0.185303 0.140360 0.185547 0.141419 0.187256 0.141419 0.187256 0.139831 0.186523 0.139831
1 0.750244 0.135064 0.748535 0.134534 0.747070 0.136123 0.747070 0.137182 0.748047 0.138771 0.748047 0.141419 0.747559 0.141949 0.747559 0.143008 0.748535 0.144068 0.748535 0.148835 0.748047 0.149364 0.748779 0.149364 0.749268 0.145127 0.748779 0.143008 0.748047 0.143008 0.747803 0.141949 0.748047 0.140360 0.749023 0.139301 0.748535 0.138771 0.748535 0.137182 0.749512 0.135593 0.750488 0.136123
1 0.491211 0.132415 0.490723 0.134004 0.490967 0.133475 0.491211 0.135064 0.490723 0.135593 0.491211 0.135593 0.491943 0.137182 0.492920 0.136123 0.493408 0.137182 0.492676 0.138771 0.492920 0.140360 0.494141 0.140890 0.494385 0.138771 0.493896 0.136123 0.491455 0.136123 0.491211 0.134534 0.491699 0.133475 0.492432 0.134004 0.491943 0.132415
1 0.264893 0.132415 0.265381 0.134004 0.266602 0.134534 0.266602 0.136123 0.266113 0.136653 0.266113 0.139301 0.267822 0.137182 0.269287 0.137712 0.269287 0.136123 0.268799 0.137712 0.267822 0.136123 0.267090 0.136653 0.266846 0.135593 0.267822 0.135064 0.267334 0.133475 0.266602 0.134534 0.266113 0.132945 0.265869 0.133475
1 0.257568 0.132415 0.256104 0.135064 0.255127 0.133475 0.253906 0.133475 0.253906 0.136123 0.253174 0.137182 0.253906 0.138242 0.253906 0.141419 0.255127 0.139301 0.255127 0.137712 0.255615 0.137182 0.255859 0.135064 0.257568 0.135064
1 0.726318 0.131886 0.725342 0.135593 0.724365 0.136653 0.723877 0.135593 0.723877 0.137182 0.722656 0.141419 0.724121 0.141419 0.724609 0.139831 0.725586 0.138771 0.726318 0.139301 0.726318 0.136653 0.725586 0.138242 0.724854 0.138242 0.726318 0.134534
1 0.436768 0.131356 0.434570 0.131886 0.434570 0.135064 0.434082 0.135593 0.434326 0.136653 0.433594 0.140890 0.433350 0.138771 0.432373 0.137182 0.433105 0.141419 0.434326 0.142479 0.433838 0.140890 0.434814 0.139301 0.434814 0.137182 0.434326 0.136653 0.434570 0.135064 0.435791 0.135064 0.436035 0.136123 0.436523 0.135064 0.437012 0.136123 0.436768 0.137182 0.437256 0.137182
1 0.759277 0.130826 0.758301 0.130297 0.757568 0.131356 0.757324 0.130297 0.756592 0.130297 0.756592 0.131886 0.754883 0.132415 0.753662 0.135593 0.754639 0.137712 0.753906 0.139301 0.755859 0.136123 0.757812 0.134004 0.756836 0.133475 0.757568 0.131886 0.758301 0.132415 0.758301 0.130826
1 0.400146 0.130297 0.399902 0.130826 0.399658 0.129237 0.398926 0.130297 0.397949 0.130297 0.397949 0.132415 0.396973 0.132415 0.396973 0.134004 0.396484 0.134534 0.396973 0.135593 0.396484 0.137182 0.397705 0.137182 0.397705 0.136123 0.398193 0.136123 0.398193 0.133475
1 0.494385 0.128178 0.494385 0.129767 0.493652 0.130297 0.493896 0.134534 0.495850 0.135593 0.495361 0.137712 0.495850 0.139831 0.496338 0.135064 0.495605 0.134004 0.495361 0.135064 0.494385 0.134534 0.494873 0.131356 0.494873 0.128178
1 0.433838 0.128178 0.433350 0.129237 0.431152 0.129237 0.431152 0.130826 0.430664 0.131356 0.430908 0.132945 0.431885 0.134534 0.432129 0.132945 0.433350 0.132945 0.433350 0.129237
1 0.418213 0.127119 0.416992 0.127119 0.415527 0.130297 0.415527 0.131886 0.415039 0.132415 0.415283 0.134534 0.414062 0.135064 0.414307 0.136123 0.414795 0.136123 0.414795 0.135064 0.415771 0.135064 0.415771 0.132415 0.416260 0.131886 0.416260 0.130297 0.417236 0.129767
1 0.304199 0.127119 0.304199 0.131886 0.303711 0.132415 0.303711 0.135064 0.305420 0.134004 0.306152 0.138771 0.307129 0.137712 0.307373 0.138242 0.307129 0.139831 0.306152 0.139831 0.306641 0.143008 0.307373 0.141419 0.307861 0.141419 0.308350 0.143008 0.308350 0.141949 0.308838 0.141419 0.309082 0.144597 0.309082 0.143538 0.309814 0.143538 0.310059 0.145657 0.311279 0.145127 0.311523 0.145657 0.311035 0.146716 0.312256 0.146716 0.312256 0.145127 0.311768 0.144068 0.310303 0.143538 0.310303 0.141949 0.310791 0.139831 0.311279 0.139831 0.311279 0.137712 0.312256 0.135064 0.311279 0.131886 0.311035 0.129237 0.310547 0.129767 0.311279 0.131886 0.311768 0.136123 0.310791 0.136653 0.310303 0.138242 0.309814 0.137182 0.310059 0.138771 0.309082 0.140360 0.307861 0.138242 0.308838 0.137182 0.308838 0.135064 0.309326 0.133475 0.308350 0.132945 0.308105 0.131356 0.307617 0.133475 0.306641 0.134534 0.306396 0.130826 0.305420 0.128178 0.305664 0.131356 0.304688 0.131356
1 0.769287 0.129767 0.771484 0.129767 0.772217 0.130826 0.771484 0.132415 0.770508 0.131886 0.772461 0.136123 0.772217 0.136653 0.773438 0.134004 0.773926 0.134534 0.773682 0.136123 0.774414 0.137712 0.773682 0.138771 0.774170 0.139831 0.773438 0.141419 0.773926 0.141419 0.774170 0.140360 0.774658 0.141419 0.775146 0.139831 0.776123 0.138771 0.776611 0.139301 0.776611 0.140360 0.777588 0.139831 0.778809 0.136653 0.779785 0.135593 0.778320 0.135593 0.777344 0.134004 0.776611 0.134004 0.775635 0.136123 0.775146 0.136123 0.774170 0.132415 0.772705 0.132415 0.772461 0.128178 0.771973 0.127119 0.772217 0.125000 0.770508 0.129767
1 0.612305 0.125000 0.610352 0.130297 0.609863 0.128708 0.609375 0.128708 0.609619 0.129767 0.609131 0.130826 0.609131 0.135064 0.612305 0.126059
1 0.301758 0.125000 0.301758 0.129767 0.302490 0.129767 0.302979 0.131886 0.302979 0.125000 0.302490 0.126059
1 0.550049 0.125000 0.549561 0.124470 0.550049 0.126059 0.549561 0.127119 0.547852 0.127119 0.547852 0.128708 0.548584 0.129237 0.548340 0.129767 0.548828 0.131886 0.548340 0.133475 0.548096 0.131356 0.546875 0.131886 0.546875 0.134534 0.547363 0.135064 0.546875 0.136123 0.545898 0.135593 0.545898 0.138242 0.545166 0.138771 0.545654 0.140890 0.546631 0.139301 0.546875 0.140360 0.548096 0.140360 0.547607 0.139301 0.548584 0.137182 0.548584 0.135593 0.549561 0.135064 0.549561 0.129767 0.550049 0.129237 0.549561 0.127648
1 0.551025 0.123941 0.550781 0.128178 0.552246 0.128708 0.552490 0.127119 0.551514 0.125530 0.551758 0.123941
1 0.298828 0.123941 0.298340 0.124470 0.298828 0.128708 0.299316 0.129767 0.298828 0.131886 0.299316 0.132945 0.300049 0.132945 0.300049 0.131356 0.300537 0.130826 0.299561 0.128178 0.299561 0.125000
1 0.231689 0.123941 0.230957 0.127119 0.231689 0.125530 0.232422 0.127648 0.231689 0.129237 0.230957 0.129237 0.230225 0.127119 0.229980 0.128708 0.229248 0.129767 0.229492 0.132415 0.229980 0.133475 0.229980 0.131886 0.230469 0.130826 0.231201 0.131886 0.230469 0.134004 0.230469 0.137182 0.231201 0.135064 0.231201 0.132415 0.231934 0.131356 0.231201 0.131356 0.231201 0.130297 0.232178 0.130297 0.233398 0.134004 0.234131 0.132945 0.234131 0.130297 0.233154 0.129767 0.233154 0.128708 0.231689 0.125530
1 0.401855 0.122881 0.402344 0.123941 0.402344 0.125530 0.404297 0.128178 0.404297 0.129767 0.406006 0.129767 0.406250 0.132415 0.407227 0.133475 0.406982 0.135593 0.404785 0.134534 0.404541 0.133475 0.404297 0.137182 0.403320 0.138242 0.402344 0.137182 0.402344 0.135593 0.403564 0.135064 0.403809 0.134004 0.403564 0.134534 0.402588 0.132415 0.401855 0.135593 0.399902 0.135593 0.400635 0.136123 0.402344 0.139831 0.401855 0.141419 0.402344 0.141419 0.402344 0.140360 0.403320 0.140360 0.403320 0.138242 0.404053 0.138242 0.404297 0.137182 0.407227 0.137182 0.407471 0.136123 0.407715 0.137182 0.409424 0.137182 0.409180 0.135593 0.407471 0.135064 0.407471 0.133475 0.408203 0.131886 0.408691 0.132945 0.409424 0.132945 0.409424 0.131356 0.407959 0.128178 0.407471 0.129237 0.406250 0.129237 0.405762 0.127119 0.403809 0.127119 0.403076 0.125530 0.403076 0.123941 0.402344 0.123941
1 0.392090 0.122881 0.392090 0.125530 0.393799 0.127119 0.393555 0.128708 0.392578 0.127648 0.392578 0.128708 0.393066 0.129237 0.393066 0.131886 0.393799 0.132945 0.394287 0.131886 0.394287 0.126059 0.392578 0.125000
1 0.316895 0.122881 0.317139 0.126059 0.318359 0.128178 0.318359 0.130826 0.317871 0.130826 0.317627 0.128178 0.317627 0.130826 0.318604 0.132415 0.318604 0.134534 0.319580 0.132945 0.319092 0.129237 0.317871 0.127119
1 0.215088 0.121822 0.214355 0.123941 0.214844 0.126059 0.213867 0.127119 0.213623 0.131356 0.210449 0.131356 0.209961 0.132415 0.209961 0.135064 0.210938 0.136123 0.210938 0.138242 0.211670 0.138242 0.211670 0.135593 0.212158 0.135064 0.212402 0.132945 0.213135 0.132945 0.213867 0.130826 0.214600 0.130826 0.214600 0.126589 0.215576 0.124470 0.215576 0.122881
1 0.482178 0.121292 0.480469 0.123411 0.478760 0.127119 0.478027 0.126589 0.478027 0.128178 0.477295 0.129767 0.479248 0.129767 0.479736 0.128708 0.481445 0.128178 0.481689 0.127648 0.479980 0.127648 0.479736 0.126589 0.481201 0.123941 0.482422 0.124470
1 0.040039 0.122881 0.041992 0.127119 0.043945 0.126589 0.041992 0.126059 0.041016 0.124470 0.043945 0.120763 0.045166 0.120763 0.042969 0.120763 0.042725 0.121822 0.041992 0.121822 0.041748 0.120763 0.041504 0.121822 0.040039 0.120763
1 0.326904 0.124470 0.327148 0.126059 0.328125 0.124470 0.328613 0.125530 0.328125 0.127119 0.328857 0.128178 0.328125 0.129767 0.328369 0.130826 0.327393 0.132415 0.328125 0.131886 0.328613 0.132945 0.331543 0.133475 0.331543 0.132415 0.331055 0.132945 0.330322 0.131886 0.331787 0.131356 0.333008 0.131886 0.333496 0.132945 0.335693 0.132945 0.335938 0.135064 0.337158 0.135064 0.337158 0.133475 0.336670 0.132415 0.335938 0.133475 0.334961 0.131356 0.334961 0.130297 0.334473 0.131356 0.333740 0.129237 0.329590 0.129767 0.328613 0.127119 0.329102 0.125530 0.329346 0.120763 0.330078 0.120233 0.330566 0.123941 0.329590 0.126589 0.329834 0.127119 0.331299 0.127119 0.331787 0.126589 0.331299 0.126059 0.332031 0.124470 0.333008 0.123941 0.334717 0.126589 0.334229 0.125530 0.335449 0.124470 0.336670 0.126589 0.336182 0.128708 0.336670 0.126589 0.335693 0.123411 0.335693 0.121822 0.336182 0.121292 0.335938 0.120763 0.334473 0.120763 0.334229 0.122352 0.333008 0.120763 0.333496 0.122352 0.332031 0.123941 0.331543 0.121822 0.330566 0.121822 0.330322 0.119703 0.329834 0.119703 0.328613 0.121292 0.328125 0.120763 0.328613 0.122352 0.328369 0.124470
1 0.694580 0.118644 0.693848 0.120233 0.693359 0.120233 0.693848 0.120233 0.694336 0.122352 0.694580 0.129767 0.693848 0.132415 0.692139 0.135064 0.692871 0.136123 0.693848 0.136123 0.693359 0.135064 0.694580 0.132415 0.695801 0.131356 0.694580 0.126059 0.694336 0.121292 0.695068 0.119174
1 0.267578 0.119174 0.268799 0.119174 0.269043 0.120233 0.267578 0.122352 0.268066 0.122881 0.268066 0.124470 0.267090 0.125000 0.266602 0.126589 0.268066 0.127119 0.267578 0.128178 0.267578 0.129767 0.268555 0.131886 0.270264 0.131886 0.269775 0.130826 0.270264 0.129767 0.270264 0.127119 0.271240 0.126059 0.270752 0.125530 0.270752 0.123941 0.270264 0.127119 0.269287 0.126059 0.269287 0.118644
1 0.751953 0.116525 0.751953 0.119174 0.752686 0.119703 0.753174 0.121292 0.754639 0.122881 0.755615 0.121822 0.755127 0.121292 0.755127 0.118644 0.754639 0.118114 0.754639 0.116525
1 0.616943 0.118114 0.618164 0.118114 0.618408 0.119703 0.619873 0.119174 0.621826 0.122352 0.622314 0.121822 0.619873 0.119174 0.620361 0.117055 0.620117 0.115996 0.618896 0.117055 0.618408 0.118644 0.617920 0.117585
1 0.656982 0.115466 0.656250 0.117585 0.656250 0.118644 0.656982 0.119174 0.656982 0.125530 0.656494 0.126589 0.656250 0.129237 0.656250 0.138242 0.657471 0.138242 0.657715 0.136123 0.658203 0.135593 0.658691 0.137182 0.659424 0.137712 0.659424 0.138771 0.659912 0.138771 0.659424 0.137182 0.659668 0.126589 0.660156 0.126059 0.661865 0.127648 0.662842 0.127119 0.665283 0.122352 0.665039 0.121292 0.662354 0.122881 0.661133 0.120233 0.661621 0.119174 0.660889 0.120233 0.658936 0.120233 0.657471 0.117055 0.657471 0.118114 0.656738 0.118644 0.656494 0.117585 0.657471 0.115996
1 0.290039 0.115466 0.290039 0.117055 0.289551 0.117585 0.289062 0.116525 0.289062 0.117585 0.289795 0.118644 0.290527 0.123411 0.289062 0.125530 0.287842 0.126059 0.288574 0.126059 0.290283 0.128178 0.290771 0.129767 0.291260 0.129767 0.291992 0.131356 0.291992 0.135064 0.292480 0.135064 0.292969 0.132945 0.293945 0.131886 0.294434 0.132415 0.294678 0.130826 0.293457 0.127119 0.292725 0.127648 0.292725 0.129237 0.291504 0.127648 0.291992 0.126589 0.291748 0.125530 0.292236 0.124470 0.292725 0.125000 0.292725 0.123941 0.291992 0.123941 0.291260 0.122352 0.291748 0.120763 0.290039 0.118114
1 0.383789 0.114936 0.384521 0.115466 0.385498 0.118644 0.384277 0.119703 0.384033 0.118644 0.384521 0.118114 0.383789 0.117055 0.384277 0.118114 0.383789 0.119174 0.385498 0.119174 0.386230 0.120763 0.385254 0.123411 0.386475 0.123411 0.386719 0.121292 0.388184 0.120233 0.388184 0.118644 0.386230 0.118644 0.385986 0.117585 0.385498 0.118644 0.384766 0.117055 0.385010 0.115996
1 0.398682 0.113347 0.399170 0.115466 0.399170 0.118644 0.399658 0.118114 0.400879 0.119703 0.401367 0.119174 0.403076 0.121292 0.402832 0.118114 0.401855 0.118644 0.401123 0.117055 0.400879 0.114936 0.400146 0.117055 0.399658 0.115996 0.399658 0.113347 0.399170 0.112288
1 0.239990 0.112288 0.238281 0.113347 0.237793 0.114936 0.237305 0.114407 0.237305 0.115996 0.236328 0.116525 0.236816 0.119174 0.235352 0.123411 0.233887 0.123941 0.233398 0.122881 0.233887 0.124470 0.232422 0.125000 0.233154 0.126589 0.235107 0.126589 0.235352 0.123411 0.236816 0.123941 0.236816 0.126589 0.235352 0.128178 0.235352 0.135064 0.233887 0.136123 0.234375 0.137182 0.238037 0.137182 0.238281 0.139301 0.234619 0.139831 0.234375 0.141419 0.235840 0.141419 0.235840 0.143008 0.234131 0.142479 0.234131 0.139831 0.233154 0.141949 0.230957 0.141949 0.231445 0.145657 0.231934 0.144597 0.233398 0.146186 0.232910 0.146716 0.233887 0.149894 0.234375 0.146716 0.234619 0.147775 0.235596 0.147775 0.236328 0.149364 0.236328 0.152013 0.237793 0.152542 0.237793 0.156250 0.238037 0.149364 0.237549 0.148835 0.238037 0.148305 0.238037 0.146186 0.237305 0.145657 0.238525 0.143538 0.238037 0.142479 0.238037 0.139831 0.239746 0.136653 0.240723 0.137182 0.240967 0.138242 0.240479 0.136653 0.240723 0.135593 0.242188 0.136123 0.242432 0.137182 0.242432 0.135593 0.241943 0.136123 0.240479 0.135064 0.240479 0.132415 0.241211 0.130826 0.241943 0.130826 0.240967 0.130297 0.241943 0.129767 0.242188 0.127648 0.242676 0.127119 0.243408 0.128178 0.242920 0.127119 0.242920 0.122881 0.242432 0.121822 0.241943 0.125000 0.240723 0.125000 0.239990 0.123411 0.239990 0.121822 0.240723 0.120233 0.241943 0.120233 0.240479 0.119174 0.240967 0.114407
1 0.192139 0.112288 0.191406 0.112288 0.191406 0.113877 0.190430 0.114407 0.190430 0.118114 0.191162 0.118114 0.191162 0.116525 0.191895 0.114936 0.192627 0.114936 0.192627 0.113347
1 0.190186 0.112288 0.188965 0.112288 0.188477 0.111229 0.188477 0.118114 0.187500 0.119174 0.187256 0.115466 0.187744 0.114936 0.187744 0.112288 0.186523 0.114407 0.186523 0.117055 0.187012 0.117585 0.186523 0.119174 0.186523 0.122352 0.188232 0.121292 0.187988 0.119703 0.188721 0.119174 0.188721 0.116525
1 0.722412 0.111758 0.722656 0.115466 0.724609 0.114407 0.725586 0.115996 0.725098 0.114936 0.725098 0.112288 0.724365 0.111229 0.724609 0.110699 0.724121 0.110699 0.723877 0.112288 0.723145 0.112288 0.722656 0.111229
1 0.610352 0.110699 0.609375 0.111229 0.609131 0.112818 0.607666 0.114936 0.606201 0.114407 0.604980 0.118114 0.604492 0.122352 0.606689 0.116525 0.607422 0.116525 0.607910 0.117585 0.607910 0.119703 0.608154 0.117585 0.608643 0.118114 0.609619 0.117055 0.609863 0.125000 0.610352 0.115466 0.609619 0.113347 0.610352 0.112288
1 0.539795 0.110699 0.539062 0.111229 0.539062 0.114936 0.540283 0.117055 0.541016 0.115996 0.540527 0.116525 0.540039 0.115466 0.540527 0.114936 0.540527 0.113877 0.539795 0.112288
1 0.410645 0.110699 0.410645 0.118114 0.410400 0.118644 0.409912 0.116525 0.409180 0.115466 0.409424 0.123941 0.410156 0.120233 0.411377 0.120233 0.411377 0.118644 0.410889 0.118114
1 0.657227 0.110169 0.657227 0.112818 0.658691 0.113347 0.658691 0.116525 0.658936 0.113877 0.659912 0.113347 0.659912 0.112288 0.658447 0.111229 0.658447 0.110169
1 0.524414 0.110169 0.524414 0.114936 0.523926 0.115466 0.523682 0.114407 0.522949 0.114407 0.522949 0.115996 0.522705 0.116525 0.522461 0.115466 0.522461 0.118114 0.521240 0.118644 0.520508 0.120763 0.520996 0.122352 0.521973 0.121292 0.522705 0.122881 0.522461 0.123411 0.523438 0.125000 0.523193 0.129767 0.522949 0.130297 0.522705 0.129237 0.521973 0.129237 0.521729 0.130297 0.521973 0.129767 0.522217 0.130826 0.523193 0.130826 0.523438 0.129767 0.523926 0.129767 0.524414 0.131886 0.525635 0.134004 0.525391 0.135064 0.526123 0.135064 0.526367 0.136123 0.527588 0.136123 0.528076 0.137182 0.527588 0.135593 0.526123 0.135064 0.526123 0.132415 0.525146 0.130826 0.525146 0.129237 0.524658 0.128708 0.524658 0.125000 0.525879 0.122352 0.526611 0.122352 0.527100 0.123411 0.526611 0.121822 0.527100 0.120763 0.527344 0.118114 0.528320 0.118644 0.528320 0.121292 0.528809 0.121292 0.528809 0.122352 0.529541 0.121822 0.529785 0.123411 0.530518 0.123411 0.529785 0.122881 0.529541 0.120763 0.531006 0.119174 0.528809 0.118644 0.528320 0.117055 0.528564 0.116525 0.528076 0.115996 0.528320 0.114936 0.530029 0.115996 0.529785 0.115466 0.530273 0.113347 0.529785 0.113877 0.528809 0.111229 0.528320 0.111229 0.528320 0.112818 0.526855 0.115466 0.526611 0.114407 0.525391 0.114407
1 0.292969 0.109110 0.293701 0.109640 0.294189 0.111229 0.293701 0.115466 0.293701 0.114407 0.294434 0.112818 0.294922 0.113877 0.296631 0.113877 0.296631 0.111758 0.296387 0.112288 0.295654 0.110699 0.295898 0.109640 0.296631 0.110169 0.296631 0.109110
1 0.751465 0.108051 0.752930 0.110169 0.752686 0.114407 0.753174 0.114936 0.753662 0.113347 0.754639 0.112288 0.756104 0.113877 0.756592 0.113347 0.756592 0.111758 0.755615 0.111229 0.756104 0.110169 0.754639 0.111758 0.753662 0.110169 0.752930 0.110169 0.752686 0.108581
1 0.509033 0.109640 0.508545 0.108051 0.507324 0.109640 0.504150 0.109640 0.502197 0.111229 0.508545 0.110699
1 0.511230 0.107521 0.510010 0.110169 0.510986 0.113347 0.510498 0.114936 0.507812 0.114407 0.507568 0.113347 0.505859 0.112288 0.505859 0.114407 0.506592 0.116525 0.506592 0.121292 0.504883 0.123941 0.504883 0.126589 0.506104 0.123941 0.507568 0.124470 0.507812 0.126059 0.508545 0.127119 0.508545 0.128708 0.508545 0.127648 0.509033 0.127648 0.508545 0.126589 0.508545 0.125000 0.509033 0.124470 0.509277 0.125530 0.509033 0.123941 0.509766 0.122881 0.509033 0.122352 0.509033 0.123941 0.507812 0.123411 0.507568 0.124470 0.506348 0.123941 0.505859 0.122881 0.506348 0.121822 0.507080 0.121822 0.506836 0.120763 0.507568 0.119703 0.507080 0.119703 0.507080 0.117585 0.506348 0.114936 0.507568 0.114407 0.508057 0.115996 0.508301 0.115466 0.508301 0.118644 0.510498 0.118114 0.510742 0.119174 0.510742 0.118114 0.509521 0.118114 0.509277 0.116525 0.510986 0.114936 0.511230 0.117055 0.512207 0.115466 0.511963 0.113877 0.510742 0.111758
1 0.770752 0.108051 0.770996 0.109110 0.772949 0.110169 0.773438 0.111229 0.772705 0.113877 0.774170 0.116525 0.772949 0.118114 0.774902 0.118114 0.774414 0.122352 0.773682 0.123941 0.772705 0.124470 0.773438 0.125000 0.773438 0.126059 0.772949 0.127119 0.772705 0.126589 0.773682 0.128708 0.773682 0.130826 0.773682 0.129237 0.774414 0.127648 0.775391 0.128708 0.774902 0.129767 0.775146 0.130297 0.776611 0.129767 0.777832 0.127119 0.781006 0.125000 0.781494 0.125530 0.786377 0.124470 0.784424 0.122352 0.783203 0.124470 0.780273 0.125000 0.780029 0.123941 0.779053 0.123411 0.778564 0.121822 0.778076 0.121822 0.775146 0.117055 0.776123 0.114407 0.777588 0.114407 0.778076 0.115466 0.779297 0.115466 0.780762 0.117055 0.780029 0.115466 0.779785 0.115996 0.779297 0.114936 0.778564 0.114936 0.778076 0.113877 0.778809 0.112818 0.778076 0.111229 0.774414 0.111229 0.772949 0.109110 0.771484 0.109110 0.771240 0.108051 0.772461 0.105932 0.771729 0.105932
1 0.669678 0.105932 0.669189 0.105932 0.669678 0.106462 0.669434 0.108581 0.668213 0.110169 0.667969 0.109110 0.667236 0.110169 0.667969 0.111758 0.666748 0.112818 0.666504 0.113877 0.667480 0.112818 0.669189 0.112818 0.669189 0.110169 0.669678 0.109640
1 0.575439 0.104873 0.573975 0.106992 0.575928 0.105932 0.576172 0.107521 0.574951 0.108581 0.575928 0.108581 0.576172 0.110169 0.574219 0.114407 0.573486 0.114936 0.573975 0.114936 0.574219 0.116525 0.575195 0.115466 0.575928 0.117585 0.576660 0.118114 0.574951 0.113877 0.575439 0.112288 0.576172 0.112288 0.577148 0.110169 0.575928 0.108581 0.576416 0.107521 0.576172 0.104873
1 0.123535 0.102225 0.123535 0.104343 0.123779 0.103814 0.124023 0.105403 0.124512 0.105403 0.125488 0.107521 0.125000 0.109640 0.126465 0.109640 0.126953 0.111758 0.128174 0.113877 0.126465 0.115996 0.128174 0.115996 0.128906 0.113877 0.129639 0.113347 0.129639 0.112288 0.128906 0.113347 0.127686 0.112288 0.127441 0.110169 0.128418 0.110169 0.128418 0.109110 0.128174 0.110169 0.127197 0.106992 0.126465 0.106992 0.125977 0.108051 0.125244 0.106462 0.125732 0.105403 0.125488 0.104873 0.125000 0.105932 0.124756 0.104343 0.124023 0.103814
1 0.741943 0.101695 0.741943 0.103814 0.741211 0.103284 0.740234 0.104873 0.741211 0.105932 0.740967 0.106992 0.742188 0.107521 0.742188 0.109110 0.743896 0.113347 0.744629 0.113347 0.744141 0.111229 0.745117 0.109640 0.745850 0.109640 0.745361 0.108051 0.744629 0.108051 0.744385 0.108581 0.745117 0.109110 0.744873 0.110169 0.743408 0.110169 0.743164 0.109110 0.743652 0.106992 0.744385 0.106992
1 0.167725 0.104873 0.166748 0.104873 0.166260 0.103814 0.166504 0.101165 0.165283 0.103284 0.164062 0.103284 0.164062 0.105403
1 0.721191 0.100636 0.719971 0.100636 0.720703 0.103814 0.718994 0.109110 0.717285 0.106992 0.717773 0.104873 0.715332 0.106462 0.715576 0.107521 0.717041 0.106992 0.718750 0.110699 0.716797 0.115996 0.717529 0.115996 0.718018 0.114936 0.717773 0.114407 0.718994 0.110699 0.719727 0.110699 0.719482 0.108051 0.720947 0.104343 0.721436 0.101695
1 0.347412 0.100636 0.347900 0.103284 0.347900 0.107521 0.348633 0.108581 0.350586 0.108051 0.350830 0.105932 0.349365 0.102225 0.348877 0.102225 0.348145 0.100636
1 0.653076 0.099576 0.651367 0.101695 0.651367 0.104343 0.651855 0.104873 0.651855 0.105932 0.652588 0.104343 0.653564 0.104873 0.653809 0.106462 0.654541 0.106992 0.654541 0.108051 0.654053 0.108581 0.652344 0.107521 0.653809 0.110699 0.652832 0.111758 0.651855 0.109640 0.651123 0.111758 0.651855 0.111758 0.652832 0.113877 0.652832 0.115996 0.651855 0.117585 0.653320 0.116525 0.653809 0.117585 0.653809 0.119174 0.655762 0.121822 0.656006 0.121292 0.655518 0.120233 0.655518 0.118644 0.655273 0.119703 0.654785 0.119703 0.653564 0.116525 0.653809 0.113877 0.655029 0.117585 0.655029 0.111758 0.654541 0.111229 0.654541 0.108051 0.655029 0.107521 0.655518 0.101695 0.654541 0.101695 0.654297 0.099576 0.653564 0.101695
1 0.579590 0.100636 0.580322 0.107521 0.583984 0.107521 0.587158 0.111229 0.584229 0.106992 0.583008 0.107521 0.581787 0.105932 0.580566 0.106992 0.580322 0.104873 0.581299 0.101165 0.581299 0.099047 0.581299 0.100106 0.580322 0.102225
1 0.334961 0.099047 0.332520 0.099576 0.333252 0.101695 0.333008 0.103814 0.333740 0.103814 0.333496 0.105403 0.332520 0.105403 0.333252 0.107521 0.332764 0.109110 0.331787 0.108051 0.331543 0.106462 0.331055 0.108051 0.330811 0.107521 0.330566 0.103284 0.330566 0.107521 0.331055 0.108051 0.330811 0.109110 0.332031 0.111229 0.332031 0.114936 0.331055 0.115466 0.331055 0.118114 0.331787 0.118114 0.332031 0.119174 0.332031 0.115996 0.334473 0.115996 0.335205 0.114407 0.335938 0.114407 0.335693 0.113877 0.334717 0.115466 0.332520 0.115466 0.332275 0.113347 0.333252 0.112818 0.333496 0.110699 0.334229 0.110699 0.334961 0.113347 0.335205 0.111758 0.336670 0.111758 0.336670 0.110169 0.335205 0.111229 0.334229 0.109110 0.334473 0.106992 0.335205 0.105932 0.335693 0.106462 0.335693 0.105403 0.334229 0.105932 0.333740 0.104873 0.333740 0.102754 0.334229 0.101695 0.334961 0.101695 0.333984 0.100106 0.334717 0.099047 0.336182 0.102754
1 0.737305 0.098517 0.735352 0.110699 0.730957 0.113347 0.733887 0.118644 0.732666 0.120763 0.730469 0.118644 0.731445 0.122352 0.733154 0.122881 0.731445 0.124470 0.731934 0.130826 0.731201 0.128178 0.727051 0.126589 0.727051 0.130826 0.728027 0.127648 0.728760 0.128708 0.728027 0.132415 0.729004 0.131886 0.729248 0.135593 0.726562 0.144068 0.726562 0.148305 0.727539 0.144597 0.729248 0.145127 0.728271 0.143008 0.729248 0.139831 0.730225 0.143008 0.731445 0.140890 0.732910 0.143008 0.730713 0.136653 0.733154 0.133475 0.735596 0.133475 0.733398 0.139301 0.732422 0.138771 0.733154 0.141419 0.735840 0.136123 0.736572 0.139831 0.738037 0.135593 0.736816 0.134534 0.736816 0.130826 0.737793 0.128708 0.739014 0.131886 0.740234 0.127119 0.740479 0.132945 0.739014 0.138242 0.739258 0.140360 0.741211 0.138771 0.741211 0.144068 0.739258 0.144068 0.738525 0.140890 0.737549 0.142479 0.739502 0.146186 0.736816 0.151483 0.737549 0.155191 0.740234 0.152013 0.742920 0.153072 0.741943 0.150424 0.739746 0.151483 0.739746 0.149364 0.743164 0.145657 0.745361 0.146716 0.745605 0.144597 0.742920 0.141419 0.743652 0.135064 0.745850 0.137182 0.744385 0.132945 0.742188 0.135593 0.741943 0.139831 0.739990 0.135064 0.743896 0.131886 0.744141 0.127648 0.746094 0.126059 0.744873 0.124470 0.745850 0.121822 0.742920 0.121822 0.741211 0.118114 0.744629 0.114936 0.745605 0.118114 0.747314 0.118114 0.748047 0.113877 0.750977 0.109640 0.749023 0.109110 0.747803 0.113347 0.746094 0.113347 0.747559 0.114407 0.746338 0.116525 0.745361 0.114407 0.741943 0.114936 0.740723 0.111758 0.740234 0.114407 0.741455 0.115466 0.739746 0.121822 0.742676 0.123411 0.743164 0.126059 0.741211 0.128708 0.740967 0.125530 0.739258 0.125000 0.739014 0.120763 0.737061 0.125000 0.735596 0.119703 0.734131 0.119174 0.737061 0.117055 0.736572 0.115466 0.739258 0.111758 0.737793 0.109110 0.739502 0.103814 0.736084 0.109110
1 0.710693 0.104873 0.707520 0.111758 0.703369 0.105932 0.701904 0.111229 0.702393 0.106462 0.699951 0.105932 0.701904 0.101695 0.700195 0.099576 0.698486 0.102754 0.697266 0.097458 0.697754 0.103284 0.695068 0.104873 0.696777 0.109110 0.700439 0.101165 0.698730 0.106462 0.699951 0.114407 0.703125 0.111758 0.704834 0.115466 0.700195 0.127648 0.695312 0.152013 0.691895 0.152542 0.689941 0.143538 0.692871 0.115996 0.695312 0.112818 0.692871 0.112818 0.694336 0.109110 0.693115 0.108581 0.693604 0.102754 0.692383 0.106462 0.690186 0.103814 0.690674 0.110699 0.692383 0.109110 0.692139 0.122881 0.689941 0.130297 0.690186 0.121822 0.688721 0.130297 0.684570 0.128178 0.687500 0.130297 0.686523 0.134534 0.690918 0.130826 0.688232 0.156780 0.685547 0.150424 0.687988 0.163136 0.684082 0.172140 0.685059 0.174258 0.687256 0.165254 0.687500 0.171081 0.685303 0.177436 0.682861 0.175847 0.681641 0.180085 0.678223 0.171610 0.678223 0.182203 0.679932 0.179555 0.680908 0.183263 0.678711 0.190148 0.678711 0.194386 0.680908 0.191737 0.678711 0.207627 0.679443 0.199153 0.682373 0.198623 0.681396 0.194915 0.679932 0.197564 0.680908 0.192797 0.684326 0.192267 0.685059 0.177966 0.687988 0.175318 0.694336 0.153602 0.696289 0.153602 0.700439 0.138242 0.706055 0.129237 0.702148 0.131356 0.706299 0.119174 0.707520 0.120763 0.705078 0.126589 0.708252 0.122881 0.709961 0.125000 0.708008 0.127119 0.715576 0.120233 0.714600 0.118114 0.710938 0.124470 0.707520 0.121822
1 0.682617 0.097458 0.683105 0.100106 0.683594 0.099576 0.684082 0.100636 0.683838 0.102225 0.684570 0.101695 0.685059 0.102754 0.684082 0.104873 0.685791 0.103814 0.685791 0.102225 0.684814 0.101165 0.684326 0.097987 0.683594 0.099576
1 0.381836 0.095339 0.380859 0.097987 0.381348 0.098517 0.381348 0.100106 0.381592 0.097987 0.382080 0.097987 0.382324 0.099576 0.381348 0.102225 0.382568 0.104343 0.381836 0.101165 0.382812 0.099576 0.383545 0.099576 0.382568 0.099047 0.382324 0.095339
1 0.255371 0.095339 0.253906 0.095339 0.253906 0.097987 0.254883 0.098517 0.254639 0.099576 0.253906 0.099576 0.253906 0.101165 0.254639 0.101165 0.254883 0.100106 0.255615 0.100106 0.256104 0.099047 0.254639 0.097987 0.254883 0.096928 0.256104 0.096928
1 0.656250 0.101695 0.656494 0.106462 0.662354 0.106462 0.663818 0.110169 0.661621 0.111229 0.664307 0.113877 0.663330 0.116525 0.664551 0.116525 0.666016 0.122881 0.662842 0.130297 0.663574 0.132945 0.666504 0.123941 0.669434 0.129767 0.667236 0.135593 0.665527 0.131886 0.664062 0.134004 0.667236 0.136653 0.666016 0.139831 0.664551 0.136123 0.666016 0.140360 0.665771 0.146186 0.666748 0.139301 0.669434 0.131886 0.671631 0.137712 0.671143 0.134004 0.672852 0.127648 0.673340 0.130826 0.675293 0.129767 0.677002 0.134004 0.678223 0.132415 0.679932 0.140890 0.681641 0.139831 0.682129 0.141419 0.683105 0.137182 0.683594 0.141949 0.681885 0.144068 0.684326 0.142479 0.684326 0.139831 0.687012 0.139301 0.686279 0.144068 0.685547 0.141949 0.684814 0.143538 0.687012 0.146716 0.686279 0.144597 0.688965 0.138242 0.684814 0.137182 0.685547 0.132415 0.683350 0.132945 0.682617 0.128178 0.683350 0.128178 0.683350 0.123941 0.682373 0.121822 0.681152 0.126589 0.682617 0.127119 0.682617 0.130826 0.679688 0.128178 0.679688 0.131886 0.678711 0.132415 0.678467 0.120763 0.679443 0.120233 0.678711 0.118644 0.677734 0.120763 0.678223 0.126589 0.677246 0.132415 0.676514 0.129767 0.674072 0.129237 0.675781 0.120763 0.674072 0.122881 0.674561 0.120763 0.672607 0.114407 0.672119 0.117055 0.670410 0.115466 0.666016 0.119174 0.663330 0.108051 0.664307 0.106462 0.666016 0.111758 0.667725 0.105932 0.665527 0.110169 0.664307 0.104873 0.664795 0.101165 0.663818 0.101695 0.663818 0.105403 0.663330 0.102754 0.661133 0.101165 0.662598 0.096398 0.661133 0.094280 0.658691 0.096398 0.660889 0.097458 0.661377 0.100106 0.659424 0.104343 0.657959 0.102754 0.657227 0.104343
1 0.489014 0.094280 0.488770 0.103814 0.488281 0.104873 0.487061 0.104343 0.487061 0.105932 0.485840 0.103814 0.486084 0.105932 0.485352 0.106462 0.484131 0.109640 0.483643 0.109640 0.483887 0.110169 0.484863 0.109640 0.485596 0.107521 0.486572 0.107521 0.486816 0.106462 0.488037 0.106462 0.488281 0.107521 0.489258 0.104873 0.489990 0.104873 0.489990 0.103814 0.489258 0.103284 0.489746 0.097458 0.489014 0.095869
1 0.352051 0.093220 0.352051 0.095869 0.350586 0.097458 0.350342 0.099047 0.352295 0.100636 0.353027 0.099047 0.352295 0.097987 0.353027 0.096398 0.352783 0.094280
1 0.297363 0.093220 0.297363 0.095869 0.297852 0.096928 0.298340 0.095869 0.298828 0.097987 0.300293 0.098517 0.300293 0.100106 0.299561 0.102225 0.298828 0.100636 0.299316 0.102225 0.300537 0.102754 0.300293 0.104343 0.300537 0.099576 0.301270 0.099047 0.300537 0.097458 0.300537 0.095339 0.299561 0.095339
1 0.283936 0.093220 0.285156 0.094280 0.285156 0.096928 0.285645 0.097458 0.285645 0.099047 0.287354 0.099047 0.287354 0.097458 0.286377 0.095339 0.285645 0.095339 0.284668 0.093220
1 0.763916 0.095339 0.763916 0.096398 0.764648 0.096928 0.766113 0.096398 0.766357 0.095339 0.767090 0.097987 0.766846 0.093750 0.766113 0.092161 0.765381 0.092161 0.766357 0.093220 0.765381 0.096398 0.765137 0.095339
1 0.715088 0.092161 0.714355 0.092161 0.713135 0.095339 0.712402 0.095339 0.711914 0.096398 0.711670 0.099047 0.710938 0.100636 0.710938 0.103284 0.711670 0.103284 0.712646 0.100636 0.713135 0.097458 0.714111 0.096928 0.713623 0.095339
1 0.208496 0.093220 0.208984 0.094809 0.210205 0.094809 0.210693 0.093750 0.210938 0.095869 0.211670 0.095869 0.211670 0.093220 0.210938 0.093220 0.210693 0.091102 0.210205 0.093220
1 0.057129 0.092161 0.059814 0.094280 0.060303 0.093220 0.059814 0.091102 0.057861 0.091102
1 0.402100 0.090572 0.402588 0.092161 0.402344 0.094280 0.402832 0.095869 0.402832 0.096928 0.402344 0.096928 0.402100 0.097987 0.402832 0.099576 0.402832 0.101165 0.402344 0.101695 0.402344 0.105403 0.401611 0.106992 0.400879 0.105403 0.400146 0.108581 0.400879 0.110169 0.400879 0.111758 0.402100 0.111758 0.402344 0.107521 0.402832 0.109640 0.403809 0.111229 0.403564 0.111758 0.404053 0.111758 0.404785 0.113347 0.404541 0.114407 0.404053 0.113347 0.403320 0.113877 0.404053 0.113877 0.404541 0.114936 0.405518 0.112818 0.407471 0.111758 0.407471 0.108051 0.406494 0.106462 0.406006 0.101695 0.406494 0.100636 0.407715 0.101165 0.407715 0.100106 0.407227 0.099047 0.407227 0.097458 0.407471 0.100106 0.406494 0.100106 0.406494 0.095339 0.406006 0.094809 0.406250 0.096928 0.405762 0.097458 0.405518 0.096398 0.405518 0.097987 0.404541 0.099047 0.403809 0.096928 0.404053 0.095339 0.404785 0.095339 0.405029 0.094280 0.403809 0.093750 0.402832 0.091102 0.402588 0.091631
1 0.433594 0.091102 0.434326 0.092161 0.434082 0.094280 0.433350 0.095339 0.433594 0.099047 0.434082 0.099576 0.434082 0.100636 0.435059 0.101695 0.437012 0.100636 0.437500 0.101165 0.437500 0.098517 0.437744 0.097987 0.438232 0.099047 0.437988 0.096928 0.437744 0.097458 0.437500 0.096398 0.436279 0.098517 0.435547 0.097458 0.435303 0.091631 0.435791 0.091102 0.435791 0.090042 0.435059 0.089513 0.434082 0.091631
1 0.663574 0.088983 0.663086 0.090042 0.663086 0.092691 0.664307 0.094809 0.665039 0.094809 0.665283 0.092691 0.664795 0.090572 0.663818 0.090572
1 0.765381 0.102225 0.762451 0.097458 0.762695 0.095339 0.760742 0.099047 0.760498 0.098517 0.759277 0.099576 0.759033 0.099047 0.760742 0.095339 0.759521 0.095869 0.759277 0.094809 0.760986 0.092161 0.760254 0.092161 0.759766 0.093220 0.759033 0.091631 0.759033 0.090042 0.758545 0.089513 0.759033 0.088453 0.758789 0.087924 0.758301 0.088983 0.758789 0.090572 0.757812 0.091102 0.757568 0.093220 0.756592 0.093220 0.756348 0.092161 0.756348 0.095869 0.755371 0.097458 0.755615 0.097987 0.755127 0.099047 0.754395 0.098517 0.753662 0.100106 0.752930 0.099576 0.753174 0.096398 0.754395 0.095869 0.754639 0.094280 0.752930 0.096398 0.752930 0.102225 0.751953 0.102754 0.752441 0.103284 0.752441 0.104343 0.751465 0.105403 0.751709 0.104873 0.752686 0.106462 0.752686 0.104873 0.753662 0.104343 0.753906 0.106462 0.755859 0.107521 0.754150 0.104343 0.753906 0.102754 0.755127 0.102225 0.755615 0.100636 0.756592 0.100106 0.755859 0.097987 0.756348 0.095869 0.757568 0.099576 0.757324 0.101165 0.758545 0.101165 0.759277 0.103814 0.760498 0.105403 0.758545 0.100106 0.760742 0.099047 0.761719 0.097458 0.762695 0.097987 0.764160 0.101165 0.763916 0.102225 0.761719 0.103284
1 0.711670 0.087924 0.711182 0.088983 0.709961 0.088983 0.709961 0.091631 0.710693 0.091631 0.711182 0.092691 0.711670 0.091102
1 0.159424 0.087924 0.160400 0.090042 0.159424 0.092161 0.158936 0.094809 0.157959 0.096398 0.156982 0.093220 0.157715 0.097458 0.156250 0.097987 0.157715 0.097987 0.158936 0.100636 0.158447 0.099047 0.158691 0.096398 0.159424 0.095339 0.160889 0.097458 0.160889 0.096398 0.160400 0.096398 0.159668 0.094280 0.161377 0.090042
1 0.567383 0.086335 0.567383 0.087394 0.568359 0.087924 0.567627 0.088983 0.567383 0.090572 0.568359 0.090572 0.568115 0.095869 0.568848 0.095869 0.569824 0.093750 0.570557 0.094280 0.569580 0.093750 0.569092 0.095339 0.568604 0.094809 0.568604 0.088453 0.569580 0.086864
1 0.650146 0.084746 0.650146 0.086335 0.652344 0.088453 0.653320 0.091102 0.652832 0.092691 0.653320 0.093220 0.653320 0.094809 0.653809 0.095869 0.654785 0.095339 0.655518 0.093220 0.656006 0.093750 0.655029 0.093220 0.654541 0.094809 0.653809 0.094809 0.654541 0.092691 0.654541 0.091102 0.655029 0.090572 0.655029 0.086864 0.654053 0.087924 0.653320 0.086864 0.653076 0.087924 0.652344 0.087924 0.652100 0.085275 0.650879 0.085805 0.650635 0.084746
1 0.277344 0.084746 0.277344 0.090572 0.277832 0.091631 0.278320 0.090572 0.278809 0.091102 0.278564 0.093220 0.276855 0.093220 0.277344 0.094280 0.277588 0.096928 0.278320 0.093750 0.278809 0.094809 0.279541 0.094809 0.279053 0.092691 0.279785 0.091102 0.281006 0.091631 0.281494 0.092691 0.280518 0.090572 0.281982 0.090042 0.281494 0.088983 0.280273 0.090042 0.280029 0.088453 0.279541 0.088983 0.279053 0.087924 0.279297 0.086864 0.278320 0.087394 0.277588 0.086335
1 0.069336 0.084746 0.069336 0.086335 0.070068 0.086864 0.069824 0.087394 0.070068 0.086864 0.070312 0.087924 0.070801 0.086864 0.071533 0.088453 0.071533 0.090572 0.071777 0.089513 0.072754 0.090042 0.073730 0.092161 0.074951 0.092691 0.075684 0.094809 0.075684 0.093220 0.074951 0.092691 0.075439 0.090042 0.076416 0.091102 0.079346 0.091102 0.081787 0.089513 0.082764 0.089513 0.083252 0.090572 0.083740 0.088983 0.085693 0.091102 0.083740 0.086864 0.080566 0.086335 0.079834 0.087924 0.078125 0.087924 0.077881 0.090042 0.076416 0.090042 0.075684 0.088983 0.074707 0.089513 0.072021 0.083157 0.071533 0.083157 0.071777 0.083686 0.070801 0.086864 0.070312 0.086864
1 0.687500 0.083157 0.687256 0.093750 0.687744 0.093750 0.687988 0.091631 0.688721 0.095869 0.689697 0.095869 0.689697 0.093220 0.690186 0.092161 0.690674 0.093750 0.691162 0.093750 0.691406 0.090572 0.693115 0.090572 0.692627 0.086864 0.691895 0.086864 0.691406 0.084746 0.691406 0.088983 0.690186 0.090572 0.689941 0.090042 0.689941 0.091631 0.688965 0.093220 0.688721 0.091102 0.688232 0.090572 0.688477 0.089513 0.688721 0.090042 0.688721 0.085805 0.688232 0.085275 0.688721 0.084216 0.688721 0.082627
1 0.755615 0.082097 0.755127 0.084746 0.753906 0.084216 0.754150 0.083157 0.754639 0.083157 0.754639 0.081568 0.753662 0.083686 0.751465 0.084746 0.752686 0.088453 0.752441 0.086335 0.752930 0.085275 0.754150 0.084746 0.754883 0.086864 0.754639 0.087924 0.754150 0.087394 0.754150 0.089513 0.754150 0.088453 0.754639 0.088453 0.755615 0.086335 0.755371 0.085805 0.756104 0.085275
1 0.479004 0.081568 0.477539 0.084216 0.477051 0.082627 0.477539 0.084746 0.476807 0.086335 0.476318 0.084746 0.474609 0.084746 0.474609 0.086335 0.475342 0.086335 0.475586 0.087394 0.474365 0.091102 0.473633 0.091102 0.473389 0.088983 0.472656 0.088983 0.472900 0.091631 0.472412 0.093220 0.472168 0.092691 0.472656 0.094280 0.472412 0.101695 0.471191 0.101695 0.470947 0.098517 0.470215 0.098517 0.469727 0.100636 0.470947 0.101165 0.471191 0.103284 0.471680 0.102225 0.472168 0.102754 0.471680 0.109640 0.472656 0.109640 0.472656 0.104343 0.473389 0.100636 0.473145 0.098517 0.473389 0.096398 0.473877 0.095869 0.474365 0.096928 0.474365 0.099576 0.475342 0.101165 0.475342 0.103814 0.474121 0.107521 0.473877 0.111758 0.474365 0.109640 0.475830 0.106992 0.476562 0.110699 0.476318 0.111229 0.475342 0.109640 0.476074 0.111758 0.475586 0.112818 0.476562 0.114407 0.477539 0.109640 0.476074 0.107521 0.475342 0.104873 0.476074 0.103284 0.477295 0.104873 0.477539 0.106462 0.478760 0.108581 0.477295 0.102225 0.479248 0.101165 0.477051 0.100636 0.477295 0.101695 0.476318 0.102225 0.476318 0.097458 0.475830 0.096398 0.475830 0.099047 0.475098 0.100106 0.474854 0.095869 0.475586 0.092691 0.476074 0.092691 0.476562 0.094809 0.477051 0.092691 0.476807 0.093220 0.476318 0.092161 0.478027 0.091102 0.478516 0.092691 0.478516 0.091631 0.476807 0.088453 0.476807 0.086864 0.478027 0.085805 0.478760 0.083686 0.479980 0.084746 0.480225 0.084216
1 0.373291 0.084216 0.371338 0.080508 0.369629 0.084216 0.369141 0.083157 0.369141 0.084216 0.370605 0.084746 0.369629 0.086864 0.370850 0.085275 0.371338 0.083157
1 0.696533 0.079449 0.695801 0.079449 0.695312 0.078390 0.695068 0.080508 0.693359 0.080508 0.692383 0.084216 0.696777 0.084216
1 0.668213 0.077860 0.666504 0.079979 0.666504 0.084216 0.667725 0.083686 0.667725 0.081568 0.668457 0.079979
1 0.399170 0.077331 0.399170 0.081568 0.400146 0.084216 0.400146 0.086335 0.401611 0.083686 0.402344 0.085805 0.402344 0.087394 0.403076 0.087394 0.402588 0.085805 0.403320 0.084216 0.403320 0.082097 0.402832 0.081568 0.402100 0.082627 0.401855 0.080508 0.401123 0.080508 0.401367 0.083157 0.400635 0.083686 0.400391 0.081038 0.399902 0.079979 0.400391 0.077860
1 0.510498 0.080508 0.508301 0.078919 0.507568 0.080508 0.506592 0.080508 0.506592 0.078390 0.505615 0.076271 0.504883 0.076271 0.504883 0.078390 0.504395 0.079979 0.505371 0.081568 0.505371 0.084216 0.506348 0.085275 0.504883 0.090042 0.504883 0.092161 0.505127 0.092691 0.505127 0.091102 0.506836 0.086335 0.507324 0.086335 0.507812 0.084216 0.508301 0.084216 0.509766 0.086864 0.510010 0.086335 0.508789 0.083157 0.509277 0.080508 0.509766 0.082627 0.510498 0.082627
1 0.388184 0.076801 0.388184 0.079449 0.388916 0.081038 0.390381 0.081038 0.390625 0.082097 0.390625 0.079449 0.391602 0.081038 0.391113 0.076801
1 0.379639 0.076271 0.378662 0.076801 0.379395 0.078919 0.378906 0.079449 0.378174 0.082627 0.378662 0.086335 0.379639 0.086335 0.379639 0.084746 0.379150 0.083686 0.379395 0.082097 0.378906 0.081038 0.380127 0.078919 0.380127 0.077331
1 0.286133 0.076271 0.286865 0.079449 0.286621 0.081038 0.285645 0.082627 0.285400 0.084746 0.284668 0.080508 0.283691 0.084216 0.284912 0.084216 0.285156 0.087394 0.288818 0.088453 0.288818 0.085805 0.289307 0.085275 0.289795 0.086335 0.289795 0.084746 0.289062 0.084746 0.287842 0.082097 0.287842 0.080508 0.286865 0.077860 0.287109 0.076801 0.288818 0.076801
1 0.135498 0.076271 0.127441 0.152542 0.113770 0.138771 0.109375 0.216631 0.117188 0.256886 0.083008 0.288136 0.090332 0.319386 0.104004 0.314619 0.094727 0.332627 0.104004 0.334746 0.107910 0.367585 0.100098 0.386123 0.111328 0.372352 0.103516 0.328919 0.116943 0.317797 0.106934 0.306674 0.118164 0.299258 0.123779 0.353284 0.137939 0.345869 0.135010 0.319386 0.146240 0.320975 0.121338 0.306144 0.117920 0.279661 0.139893 0.278602 0.131348 0.273835 0.134766 0.254237 0.151123 0.285487 0.156006 0.248941 0.148682 0.266419 0.134033 0.252648 0.157227 0.235699 0.153809 0.219809 0.162354 0.228814 0.156250 0.247881 0.168701 0.255826 0.170410 0.229873 0.184326 0.220339 0.166260 0.237818 0.161377 0.212394 0.168457 0.222987 0.171387 0.188030 0.174316 0.203390 0.192627 0.175318 0.187988 0.144068 0.193359 0.157839 0.172607 0.185381 0.150879 0.184852 0.156250 0.197564 0.121338 0.222458 0.137939 0.196504 0.120117 0.192267 0.138428 0.179555 0.122559 0.181674 0.123291 0.160487 0.133789 0.174788 0.130127 0.156780 0.142578 0.147246 0.142090 0.181674 0.153564 0.159428 0.167236 0.175318 0.157471 0.153602 0.163330 0.138771 0.140137 0.121822 0.145508 0.099576 0.133545 0.097987
1 0.702148 0.075212 0.702148 0.076801 0.702637 0.077860 0.702637 0.079449 0.702148 0.080508 0.702393 0.083157 0.702881 0.082097 0.707275 0.081568 0.706787 0.081568 0.706299 0.079979 0.704102 0.081568 0.703369 0.078390 0.702637 0.077331 0.702637 0.075742
1 0.680664 0.075212 0.681641 0.075742 0.682129 0.076801 0.682129 0.079979 0.682861 0.079449 0.683350 0.081038 0.683594 0.077860 0.685547 0.078919 0.685059 0.082097 0.685547 0.082627 0.685547 0.092691 0.686035 0.092691 0.685791 0.090572 0.686279 0.090042 0.685791 0.078390 0.685303 0.077860 0.685303 0.076271 0.685059 0.077860 0.684082 0.077860 0.683350 0.076271 0.683594 0.074153
1 0.773193 0.074682 0.774658 0.075742 0.773926 0.076801 0.774414 0.077331 0.774414 0.078390 0.776123 0.078390 0.775146 0.076801 0.774902 0.074153 0.773926 0.073623
1 0.753906 0.073093 0.749756 0.078390 0.745361 0.077331 0.741943 0.084216 0.739502 0.084746 0.737305 0.080508 0.735352 0.084216 0.737549 0.082627 0.738037 0.084746 0.734131 0.091102 0.733398 0.088453 0.727295 0.088453 0.728516 0.090042 0.726318 0.092161 0.726562 0.082627 0.728760 0.081038 0.728271 0.078390 0.724121 0.078390 0.723389 0.074153 0.722656 0.077331 0.726562 0.082627 0.724365 0.085275 0.723633 0.081568 0.721924 0.083157 0.720947 0.081038 0.721924 0.076271 0.720215 0.076271 0.719238 0.083686 0.721191 0.082097 0.723145 0.086864 0.718262 0.091102 0.719971 0.092161 0.716064 0.097458 0.714600 0.096398 0.712402 0.108051 0.714111 0.106992 0.713135 0.103284 0.722412 0.088983 0.721680 0.098517 0.723633 0.099576 0.723145 0.093220 0.725586 0.089513 0.725586 0.093750 0.723877 0.096928 0.725830 0.099576 0.724854 0.101695 0.726562 0.100636 0.728027 0.103814 0.723145 0.108051 0.727051 0.107521 0.729248 0.111229 0.729736 0.106992 0.735107 0.102754 0.731934 0.103814 0.732178 0.101165 0.736572 0.099047 0.736572 0.088453 0.739502 0.088453 0.740234 0.092691 0.739258 0.093750 0.740234 0.095869 0.740967 0.094280 0.741943 0.099047 0.743652 0.094809 0.745850 0.096928 0.745361 0.092691 0.740723 0.093750 0.740234 0.090572 0.741699 0.086864 0.742920 0.087924 0.742188 0.090572 0.743896 0.088453 0.745850 0.091102 0.745850 0.087394 0.743652 0.088453 0.742432 0.085275 0.746826 0.078390 0.749512 0.079979 0.746338 0.083686 0.752197 0.078390 0.746338 0.086335 0.748779 0.091631 0.748047 0.092691 0.751221 0.092691 0.751221 0.095869 0.751709 0.091631 0.749268 0.084746 0.752930 0.081038
1 0.736816 0.074153 0.736816 0.076271 0.737305 0.077331 0.738770 0.076801 0.739502 0.078390 0.740479 0.078390 0.740723 0.079979 0.739990 0.081038 0.740967 0.079979 0.742676 0.079979 0.742188 0.078390 0.741211 0.077860 0.741455 0.078390 0.740967 0.078919 0.740723 0.077860 0.738281 0.075742 0.737549 0.074153 0.738037 0.072034
1 0.346680 0.073093 0.346680 0.075742 0.346191 0.076271 0.346680 0.079979 0.348145 0.080508 0.348633 0.081568 0.349854 0.081038 0.350342 0.082097 0.350586 0.079979 0.349854 0.078919 0.349854 0.076801 0.349121 0.076271 0.347412 0.072034 0.347412 0.073623 0.347900 0.073623 0.348145 0.075742 0.347656 0.075742 0.347412 0.076801 0.346924 0.076271
1 0.257568 0.069915 0.256836 0.069915 0.256592 0.070975 0.255859 0.070975 0.255615 0.072034 0.253906 0.073093 0.253662 0.075212 0.253174 0.074153 0.251953 0.074153 0.251953 0.075742 0.252930 0.076271 0.252441 0.079979 0.253174 0.082097 0.253418 0.081038 0.253906 0.082097 0.253906 0.079979 0.256104 0.078919 0.256104 0.077331 0.255127 0.078390 0.254639 0.079979 0.253662 0.079979 0.252930 0.078390 0.252930 0.077331 0.253662 0.075742 0.255859 0.074153 0.256592 0.075742 0.257080 0.075742 0.257568 0.074682
1 0.315430 0.069915 0.315430 0.071504 0.316162 0.069915 0.317627 0.070975 0.318115 0.072034 0.317871 0.073623 0.318604 0.072034 0.319580 0.073093 0.318848 0.069386 0.317139 0.069915 0.316406 0.068856
1 0.743896 0.067797 0.743164 0.067797 0.741699 0.072034 0.739990 0.070445 0.739258 0.071504 0.740479 0.071504 0.740967 0.072564 0.741211 0.072034 0.741699 0.073623 0.742920 0.072034 0.743164 0.069386
1 0.241699 0.067797 0.241699 0.071504 0.239990 0.071504 0.239990 0.072564 0.241455 0.074153 0.241943 0.076271 0.243408 0.076801 0.241943 0.074682 0.242188 0.073093 0.242676 0.074153 0.243652 0.073093 0.242920 0.071504 0.242432 0.071504 0.242188 0.073093 0.241943 0.072564 0.241943 0.069915 0.242920 0.069915 0.242432 0.067797
1 0.558594 0.067267 0.558350 0.068326 0.558105 0.067797 0.558105 0.069386 0.557617 0.069386 0.557617 0.070445 0.558594 0.072034 0.558838 0.073623 0.558838 0.070975 0.559570 0.070975 0.560059 0.069915
1 0.708252 0.067267 0.707764 0.066208 0.707275 0.067797 0.706787 0.066737 0.706787 0.067797 0.705566 0.069915 0.705322 0.072034 0.703613 0.068856 0.703125 0.069386 0.703125 0.070975 0.703857 0.070445 0.704102 0.072034 0.704834 0.071504 0.705811 0.073623 0.705811 0.069915 0.706299 0.068856 0.706787 0.069915
1 0.720459 0.065678 0.718994 0.068326 0.717041 0.067797 0.716797 0.070445 0.717285 0.071504 0.719482 0.070445 0.719482 0.067797 0.720459 0.067267
1 0.644775 0.065678 0.644531 0.065148 0.644287 0.066737 0.642822 0.068326 0.642578 0.066737 0.643311 0.064619 0.642822 0.064619 0.642334 0.066208 0.641846 0.065148 0.642334 0.067267 0.642334 0.069915 0.641602 0.071504 0.642334 0.071504 0.642822 0.069386 0.643555 0.068326 0.644043 0.068856 0.644043 0.070445
1 0.437988 0.064619 0.438232 0.066737 0.437500 0.067267 0.438232 0.067267 0.438477 0.068326 0.437256 0.070445 0.437988 0.069386 0.439453 0.070975 0.439209 0.072034 0.438721 0.071504 0.438965 0.073623 0.439453 0.074153 0.439453 0.075742 0.436523 0.077331 0.437012 0.076801 0.437744 0.077860 0.437988 0.076801 0.438721 0.076801 0.438965 0.077860 0.439697 0.077860 0.439697 0.074153 0.440186 0.073093 0.439697 0.072564 0.439697 0.069386 0.439453 0.069915 0.438965 0.068856 0.439697 0.067797 0.438965 0.067797
1 0.377441 0.064619 0.377197 0.066737 0.376465 0.066737 0.375977 0.065678 0.376465 0.068326 0.376221 0.075212 0.376953 0.076801 0.377197 0.082097 0.376709 0.083157 0.375732 0.082627 0.374268 0.086864 0.373535 0.086864 0.373047 0.087924 0.374268 0.087924 0.374756 0.086864 0.375488 0.088453 0.375732 0.091631 0.374756 0.094280 0.373779 0.091631 0.373047 0.091102 0.373047 0.092691 0.373535 0.091631 0.375000 0.094809 0.375000 0.097458 0.375732 0.096928 0.375244 0.095869 0.375244 0.094280 0.376221 0.091631 0.376709 0.091631 0.375732 0.087394 0.376709 0.086335 0.377441 0.086864 0.375977 0.085275 0.376221 0.086335 0.375488 0.087924 0.374756 0.086335 0.375488 0.084216 0.377197 0.084216 0.376953 0.076801 0.376465 0.075212 0.376465 0.069915 0.377197 0.069386 0.377197 0.067797 0.377686 0.067267
1 0.358154 0.064619 0.356934 0.067797 0.357178 0.068856 0.356689 0.069386 0.356445 0.072034 0.354980 0.072034 0.354980 0.074682 0.354004 0.076801 0.352539 0.077860 0.352295 0.075742 0.352051 0.076801 0.352783 0.078919 0.352783 0.077860 0.354248 0.077860 0.354492 0.075742 0.356201 0.075742 0.356201 0.073623 0.356934 0.072034 0.356934 0.070445 0.357666 0.069915 0.357666 0.068856 0.357178 0.068326
1 0.236328 0.064619 0.236328 0.067267 0.236816 0.067797 0.236816 0.069386 0.237305 0.070445 0.238037 0.070445 0.239258 0.067267 0.239990 0.067267 0.239502 0.066208 0.239502 0.064619
1 0.220215 0.064089 0.220703 0.064619 0.220703 0.066208 0.221191 0.067267 0.219238 0.067797 0.219238 0.069386 0.218750 0.069915 0.219238 0.070975 0.219238 0.073623 0.220215 0.075742 0.220947 0.075742 0.221680 0.077860 0.222412 0.077860 0.221924 0.076801 0.222412 0.076271 0.221191 0.075742 0.221436 0.073093 0.220703 0.072564 0.221436 0.070445 0.221436 0.068856 0.222168 0.067267 0.222168 0.065678 0.221191 0.065678
1 0.759521 0.063559 0.758789 0.063559 0.758789 0.065148 0.758301 0.066208 0.757812 0.065678 0.757812 0.064089 0.757812 0.065148 0.756836 0.065678 0.756104 0.067797 0.755127 0.067797 0.756348 0.070445 0.756592 0.067797 0.757324 0.066208 0.758301 0.067797 0.759521 0.065148
1 0.542725 0.066737 0.541504 0.067267 0.541260 0.065148 0.540283 0.063559 0.539795 0.065678 0.538086 0.064089 0.538330 0.068856 0.537842 0.071504 0.536621 0.074153 0.537354 0.073093 0.538330 0.073093 0.538818 0.071504 0.539062 0.065678 0.539551 0.066208 0.539551 0.067267 0.539795 0.066208 0.540527 0.066737 0.540527 0.070445 0.541504 0.069386 0.541504 0.067797 0.541748 0.068326
1 0.375732 0.063559 0.375977 0.064619 0.375488 0.063559 0.374756 0.065678 0.373535 0.065148 0.374268 0.065678 0.373535 0.067797 0.374023 0.069386 0.373779 0.070445 0.372314 0.067797 0.372559 0.069386 0.373291 0.069915 0.373047 0.070975 0.373291 0.069915 0.374023 0.071504 0.374023 0.072564 0.371582 0.073093 0.371094 0.074153 0.373047 0.074682 0.373535 0.077331 0.374512 0.077860 0.374268 0.078919 0.373535 0.078390 0.374023 0.079449 0.374512 0.078390 0.376221 0.079449 0.375488 0.078390 0.375488 0.070445 0.374268 0.069915 0.373779 0.068326 0.375244 0.067267 0.375000 0.065148
1 0.174561 0.063559 0.174072 0.064619 0.172852 0.064619 0.172607 0.067797 0.173584 0.069386 0.173828 0.070975 0.175537 0.069386 0.175049 0.067267 0.175537 0.066737 0.174805 0.067797 0.174072 0.066737 0.174805 0.064619
1 0.324219 0.062500 0.323242 0.063559 0.323242 0.065678 0.321777 0.064619 0.320068 0.069915 0.319336 0.067797 0.320068 0.069915 0.321533 0.069386 0.322266 0.070975 0.322266 0.072564 0.321045 0.074153 0.321045 0.082627 0.321533 0.084746 0.324219 0.082097 0.325928 0.083157 0.323975 0.087394 0.324951 0.086864 0.325195 0.088453 0.323242 0.093220 0.324463 0.093220 0.325195 0.090042 0.327881 0.088983 0.327637 0.086864 0.329346 0.089513 0.329346 0.091631 0.327393 0.093220 0.326172 0.091631 0.326416 0.095339 0.325439 0.097458 0.323486 0.097987 0.322266 0.103284 0.321289 0.102225 0.321533 0.100636 0.320557 0.104343 0.321533 0.103814 0.321777 0.105403 0.323486 0.103284 0.322998 0.102225 0.323975 0.102225 0.323242 0.100106 0.324951 0.097458 0.326904 0.096398 0.327148 0.099047 0.327881 0.097458 0.328613 0.101695 0.328369 0.110169 0.327148 0.110169 0.326416 0.108051 0.327393 0.107521 0.326904 0.101695 0.322510 0.106462 0.323975 0.107521 0.322754 0.110169 0.324219 0.110699 0.324707 0.113347 0.326660 0.115466 0.326660 0.113877 0.325195 0.113877 0.324951 0.111758 0.326904 0.111229 0.327393 0.112818 0.328857 0.109640 0.328857 0.101695 0.331543 0.101165 0.332031 0.096398 0.333496 0.095869 0.332764 0.093220 0.331299 0.095869 0.330322 0.093220 0.331543 0.092691 0.332520 0.089513 0.334229 0.090572 0.333740 0.088453 0.332764 0.089513 0.332520 0.087394 0.334717 0.085275 0.334717 0.083686 0.334229 0.085275 0.332031 0.081568 0.332520 0.084746 0.331543 0.086335 0.329102 0.084746 0.328125 0.079979 0.329834 0.079979 0.330566 0.076271 0.328857 0.075212 0.330322 0.074682 0.330811 0.072034 0.328613 0.070975 0.328125 0.074682 0.327637 0.067797 0.326416 0.067797 0.325684 0.069915 0.325439 0.064619
1 0.701172 0.061970 0.701172 0.064089 0.699219 0.068326 0.698242 0.067797 0.698242 0.069386 0.698975 0.067797 0.699219 0.070975 0.700195 0.072564 0.701416 0.072564 0.701660 0.074682 0.701904 0.073093 0.702637 0.072034 0.701904 0.072034 0.702393 0.067267 0.703613 0.066208 0.703125 0.065678 0.703125 0.064619 0.702393 0.064619
1 0.231689 0.061441 0.231201 0.061441 0.231689 0.063030 0.230957 0.064619 0.230469 0.063030 0.229980 0.063559 0.229492 0.062500 0.229492 0.065148 0.229980 0.065678 0.229492 0.066208 0.229492 0.067797 0.229980 0.067797 0.230713 0.066208 0.230713 0.065148 0.232178 0.064089 0.232178 0.062500 0.231934 0.063559
1 0.289551 0.060381 0.289062 0.061441 0.289062 0.065148 0.289795 0.065148 0.290039 0.067267 0.290771 0.067267 0.291260 0.068326 0.291016 0.069386 0.291260 0.066737 0.292236 0.066737 0.290771 0.065148 0.291748 0.062500 0.290771 0.060381
1 0.691650 0.059322 0.691162 0.059322 0.691162 0.061441 0.689697 0.059322 0.688965 0.061441 0.688965 0.063030 0.688477 0.063559 0.688477 0.065148 0.688965 0.064089 0.689941 0.064619 0.689941 0.062500 0.690674 0.061441 0.691162 0.063030 0.691650 0.063030
1 0.680664 0.060381 0.681152 0.061441 0.681152 0.063030 0.681885 0.063030 0.682129 0.064089 0.683105 0.062500 0.683350 0.063030 0.682373 0.061970 0.682617 0.060911 0.683350 0.060911 0.682373 0.059322 0.681885 0.059322 0.681641 0.060911
1 0.556641 0.065148 0.557129 0.061970 0.558105 0.064619 0.558350 0.062500 0.559814 0.059322 0.558594 0.059322 0.558350 0.062500 0.557373 0.061970 0.557373 0.060381 0.557861 0.059322 0.556396 0.059322 0.556885 0.060381
1 0.394287 0.058263 0.393555 0.059852 0.393799 0.065678 0.393311 0.066737 0.392334 0.064619 0.392578 0.061970 0.391602 0.063030 0.391846 0.065678 0.393555 0.068326 0.394043 0.067267 0.394775 0.068326 0.394287 0.067267 0.394531 0.065148 0.394043 0.064619
1 0.297119 0.056674 0.296875 0.057203 0.297119 0.056674 0.298828 0.061441 0.298340 0.063559 0.297852 0.061441 0.297363 0.061441 0.298096 0.064619 0.297607 0.065678 0.298096 0.066208 0.298096 0.064089 0.299316 0.064089 0.299316 0.062500 0.300049 0.061441 0.299316 0.061441 0.298828 0.059322 0.297852 0.058792 0.298340 0.057733
1 0.205322 0.057203 0.203125 0.056674 0.203125 0.058792 0.203613 0.059322 0.203369 0.060381 0.202637 0.060381 0.201660 0.057733 0.201660 0.058792 0.202148 0.059322 0.201660 0.060911 0.202637 0.062500 0.203125 0.065148 0.204834 0.063030 0.203613 0.060911 0.203857 0.058263 0.205078 0.057733 0.205566 0.058792
1 0.115723 0.056674 0.115723 0.061441 0.116211 0.062500 0.116211 0.064089 0.117920 0.064089 0.118164 0.065678 0.118652 0.064619 0.119873 0.065148 0.120117 0.069386 0.121338 0.068856 0.121582 0.069915 0.121094 0.070975 0.121582 0.069915 0.122559 0.072034 0.122314 0.072564 0.123779 0.072564 0.124023 0.073623 0.124756 0.073623 0.125488 0.075212 0.125000 0.077860 0.124512 0.078390 0.125000 0.078919 0.124512 0.079449 0.125000 0.079449 0.126953 0.083686 0.126709 0.084746 0.125977 0.084746 0.125977 0.086335 0.125488 0.086335 0.125488 0.087394 0.126465 0.089513 0.126953 0.089513 0.126465 0.088983 0.127197 0.088453 0.127441 0.089513 0.128662 0.089513 0.129150 0.092161 0.128906 0.089513 0.126465 0.088453 0.125732 0.086864 0.126465 0.086864 0.127197 0.084746 0.128906 0.086864 0.129883 0.090042 0.130127 0.089513 0.131592 0.091102 0.130371 0.085805 0.128174 0.079449 0.128174 0.078390 0.128906 0.077860 0.128906 0.076271 0.130615 0.070975 0.129883 0.069915 0.129639 0.070975 0.129150 0.070975 0.129150 0.073093 0.128418 0.075212 0.127930 0.075212 0.127441 0.074153 0.127930 0.073093 0.126953 0.071504 0.127197 0.068856 0.126465 0.068856 0.126221 0.067797 0.124756 0.066737 0.123535 0.067797 0.122070 0.066208 0.121338 0.064089 0.120605 0.065148 0.119873 0.064089 0.120117 0.063030 0.120605 0.063030 0.119629 0.061441 0.119385 0.062500 0.117432 0.061441
1 0.710449 0.056144 0.710205 0.057203 0.709229 0.057203 0.708984 0.059322 0.707275 0.057203 0.707275 0.056144 0.706055 0.056144 0.707031 0.056674 0.707520 0.059322 0.708008 0.059322 0.708496 0.060911 0.709473 0.059852 0.709473 0.063559 0.708496 0.063559 0.708252 0.061970 0.706787 0.060381 0.707031 0.060911 0.706543 0.061970 0.705566 0.061441 0.705078 0.063559 0.705078 0.060381 0.703125 0.060381 0.702637 0.057203 0.702148 0.057203 0.702393 0.058792 0.701904 0.059852 0.701660 0.058263 0.701172 0.058263 0.701660 0.060381 0.704590 0.061970 0.704102 0.063559 0.703613 0.063559 0.705078 0.065148 0.704590 0.067267 0.705566 0.065678 0.706543 0.061970 0.707764 0.061970 0.708496 0.064089 0.709229 0.064619 0.708740 0.066737 0.709717 0.067267 0.709961 0.071504 0.707520 0.074153 0.707275 0.073093 0.708496 0.070975 0.708496 0.068856 0.707275 0.072564 0.707275 0.074153 0.705811 0.076271 0.706055 0.077860 0.707031 0.077331 0.708008 0.075212 0.709473 0.074682 0.709717 0.073093 0.710693 0.071504 0.710693 0.069915 0.709961 0.068326 0.710693 0.066737 0.709717 0.065678 0.709717 0.062500 0.710449 0.059852 0.709717 0.058792 0.710693 0.056674
1 0.530029 0.056144 0.527832 0.061970 0.530273 0.064089 0.527588 0.070445 0.526367 0.068856 0.527100 0.065678 0.522217 0.070975 0.524170 0.071504 0.524902 0.068326 0.526367 0.070975 0.525391 0.076801 0.522461 0.077860 0.525391 0.079979 0.524902 0.086335 0.527344 0.088983 0.527832 0.094280 0.529053 0.092161 0.528809 0.098517 0.525879 0.099047 0.527344 0.095339 0.525879 0.095339 0.522949 0.086864 0.521973 0.090572 0.524902 0.093750 0.522949 0.094280 0.521729 0.099576 0.520508 0.095869 0.521973 0.094280 0.519287 0.092691 0.519531 0.087924 0.520264 0.097987 0.518066 0.099576 0.516846 0.096928 0.517090 0.084746 0.511475 0.086864 0.511719 0.090042 0.512207 0.087394 0.514648 0.088453 0.512695 0.092691 0.515381 0.089513 0.516846 0.096928 0.514893 0.102225 0.513428 0.100636 0.514404 0.096928 0.512695 0.096928 0.512451 0.102225 0.507568 0.102225 0.505859 0.106462 0.513184 0.101695 0.513184 0.104873 0.514648 0.102225 0.515625 0.104343 0.517334 0.100106 0.518311 0.105403 0.516846 0.109640 0.513672 0.111229 0.516846 0.110699 0.515381 0.115466 0.513184 0.113347 0.513428 0.118114 0.511719 0.118644 0.511963 0.121292 0.513916 0.120763 0.514160 0.115996 0.516602 0.117585 0.517822 0.113877 0.518555 0.117055 0.520020 0.114936 0.520020 0.119174 0.522217 0.107521 0.521729 0.102754 0.519775 0.101695 0.520752 0.099047 0.524170 0.102225 0.523438 0.105932 0.527100 0.102754 0.531250 0.110169 0.529297 0.099047 0.532959 0.099047 0.532715 0.095869 0.535156 0.096928 0.533691 0.099576 0.534668 0.101165 0.536133 0.096928 0.537354 0.099047 0.536621 0.093220 0.535889 0.096928 0.534912 0.089513 0.532227 0.086335 0.537598 0.081568 0.534668 0.082097 0.533936 0.076271 0.532227 0.079449 0.532471 0.076271 0.530273 0.074682 0.530762 0.070975 0.529785 0.075212 0.528809 0.072034 0.529053 0.066208 0.531250 0.065678 0.529053 0.061441
1 0.312744 0.056674 0.312744 0.059852 0.313232 0.061970 0.312744 0.064089 0.312744 0.067797 0.312012 0.068326 0.313477 0.069386 0.314941 0.067797 0.314941 0.066208 0.316162 0.063559 0.319092 0.066208 0.318115 0.064619 0.319092 0.064089 0.319092 0.063030 0.317383 0.063559 0.316895 0.062500 0.317871 0.059852 0.318604 0.059322 0.316895 0.059852 0.314697 0.064089 0.314209 0.059852 0.314697 0.056144 0.313965 0.056674 0.313232 0.058792
1 0.720947 0.055085 0.720215 0.055085 0.718750 0.058792 0.720947 0.059322
1 0.693848 0.055085 0.694336 0.058792 0.692383 0.063030 0.692871 0.063559 0.692871 0.065148 0.694336 0.067797 0.694336 0.069386 0.695312 0.069915 0.695068 0.072034 0.693848 0.072034 0.694336 0.073623 0.694824 0.073623 0.695312 0.071504 0.696045 0.071504 0.696045 0.067797 0.695312 0.068326 0.693604 0.064619 0.693604 0.063030 0.695068 0.061441 0.695068 0.063030 0.695801 0.063030 0.696045 0.064089 0.696533 0.063030 0.696533 0.061441 0.696045 0.061441 0.695068 0.059322 0.694824 0.057203
1 0.540039 0.056144 0.539795 0.058263 0.541016 0.058263 0.541504 0.060381 0.542236 0.061441 0.541992 0.063030 0.541260 0.062500 0.541748 0.064089 0.542480 0.064089 0.542725 0.063559 0.542236 0.062500 0.542725 0.061970 0.542725 0.060381 0.541748 0.058792 0.541748 0.055085 0.541504 0.056144
1 0.717041 0.054025 0.715332 0.054025 0.714844 0.056144 0.716309 0.055085 0.716553 0.058263 0.714111 0.064619 0.715088 0.064619 0.714600 0.067797 0.713623 0.068856 0.712646 0.067797 0.712646 0.066208 0.713135 0.065678 0.712646 0.064619 0.712646 0.062500 0.713379 0.061970 0.713379 0.059852 0.713867 0.058792 0.713135 0.059322 0.712158 0.063559 0.711182 0.061970 0.710938 0.062500 0.711670 0.063559 0.711670 0.065678 0.712158 0.066737 0.712402 0.069386 0.713867 0.069386 0.716797 0.064619 0.718018 0.065148 0.719238 0.063559 0.719238 0.062500 0.718750 0.063559 0.717529 0.063559 0.717285 0.061970 0.716797 0.061970 0.716064 0.064619 0.715088 0.064619 0.715576 0.063559 0.715576 0.061970 0.717041 0.058792 0.717041 0.057203 0.717529 0.056674 0.717529 0.055085
1 0.531250 0.053496 0.531250 0.058263 0.532227 0.059322 0.531982 0.061441 0.531494 0.060381 0.531494 0.062500 0.532959 0.063030 0.533203 0.061970 0.535889 0.061970 0.535889 0.064619 0.535156 0.064619 0.534912 0.063559 0.534180 0.064089 0.534912 0.065148 0.536377 0.064089 0.536621 0.065678 0.537354 0.065678 0.537354 0.060381 0.537842 0.059322 0.538574 0.060381 0.538574 0.057733 0.538086 0.058263 0.538574 0.057733 0.538574 0.059322 0.535645 0.059322 0.535156 0.058263 0.535645 0.059322 0.535645 0.060911 0.533691 0.061441 0.532715 0.059852 0.532959 0.059322 0.531982 0.058792
1 0.485840 0.052966 0.483643 0.058263 0.483398 0.056144 0.484131 0.054025 0.483154 0.052436 0.481445 0.056674 0.483398 0.057203 0.482910 0.058792 0.482910 0.063559 0.483398 0.061970 0.484131 0.062500 0.484131 0.059852 0.484863 0.058792 0.484619 0.057733
1 0.372559 0.052436 0.371826 0.054025 0.371338 0.054025 0.372803 0.059852 0.371094 0.063559 0.371338 0.064089 0.371582 0.063030 0.372559 0.061970 0.373047 0.062500 0.373291 0.061441 0.374023 0.061970 0.373535 0.063030 0.374756 0.060381 0.373779 0.060911 0.373047 0.059322 0.373047 0.056674 0.372314 0.054555
1 0.354248 0.051907 0.354492 0.054025 0.353516 0.056144 0.354492 0.057203 0.354004 0.057733 0.354004 0.058792 0.354980 0.058792 0.355225 0.057733 0.355957 0.057733 0.356445 0.058792 0.357422 0.057733 0.358154 0.058792 0.355225 0.055614 0.356201 0.052966 0.356934 0.055614 0.357178 0.055085 0.356201 0.052966
1 0.292969 0.051907 0.292236 0.054025 0.292969 0.059852 0.294434 0.060911 0.294678 0.059322 0.294189 0.058792 0.294189 0.057203 0.293701 0.056674 0.293213 0.053496 0.293701 0.052436
1 0.756592 0.053496 0.754639 0.053496 0.754150 0.052436 0.754639 0.050847 0.753418 0.050847 0.752686 0.051907 0.751465 0.051907 0.750488 0.054025 0.750977 0.058263 0.750244 0.060381 0.747559 0.057733 0.748047 0.059852 0.746582 0.063030 0.748535 0.059852 0.749268 0.060381 0.747803 0.065678 0.748291 0.066208 0.747803 0.067267 0.746582 0.064089 0.746582 0.066208 0.747559 0.066737 0.745117 0.070445 0.744873 0.068856 0.744385 0.068856 0.744385 0.072564 0.743896 0.073093 0.745361 0.074682 0.746826 0.074682 0.747803 0.075742 0.747314 0.074153 0.746582 0.074153 0.745605 0.070975 0.747559 0.067267 0.748535 0.067797 0.747314 0.070445 0.747803 0.070445 0.748291 0.068856 0.750244 0.069386 0.750732 0.068326 0.750000 0.068856 0.748291 0.067267 0.748291 0.065678 0.749023 0.064619 0.749023 0.062500 0.751465 0.058792 0.750977 0.058263 0.750732 0.055614 0.751465 0.054555 0.753174 0.054555 0.753906 0.055614 0.753906 0.056674 0.754395 0.056674 0.754395 0.054555 0.755615 0.054555 0.755859 0.053496
1 0.623535 0.050847 0.623535 0.092691 0.619385 0.070445 0.624023 0.105403 0.617676 0.107521 0.623047 0.111229 0.624512 0.138242 0.620605 0.151483 0.618164 0.139301 0.621582 0.136653 0.616455 0.135593 0.618652 0.122352 0.615967 0.133475 0.611816 0.129767 0.620605 0.153072 0.616699 0.164725 0.624756 0.163136 0.626709 0.175847 0.627930 0.161017 0.630615 0.172669 0.638916 0.165784 0.639404 0.156250 0.632568 0.167373 0.627197 0.151483 0.621826 0.152542 0.625244 0.145657 0.630127 0.155191 0.628418 0.145127 0.638428 0.134534 0.637451 0.120233 0.640625 0.118644 0.643311 0.128708 0.639404 0.152542 0.649902 0.145127 0.655762 0.169492 0.653076 0.181674 0.649658 0.175847 0.648926 0.188030 0.656006 0.185911 0.654541 0.197564 0.657471 0.180085 0.662842 0.186970 0.662354 0.180085 0.666748 0.185911 0.667480 0.177436 0.672363 0.188030 0.673828 0.175847 0.665283 0.178496 0.668457 0.171610 0.662354 0.166314 0.669434 0.162606 0.666748 0.150953 0.670898 0.152542 0.670654 0.143538 0.666504 0.146186 0.666748 0.162606 0.660400 0.161017 0.663574 0.146186 0.659668 0.163665 0.656738 0.144068 0.655029 0.155720 0.651611 0.141949 0.645020 0.145657 0.651611 0.118644 0.650879 0.108051 0.646729 0.119703 0.643311 0.112288 0.649414 0.092161 0.640381 0.096398 0.643311 0.084746 0.637939 0.086335 0.642334 0.099576 0.638428 0.106462 0.645264 0.104873 0.634277 0.117055 0.634277 0.105403 0.629883 0.111758 0.632324 0.108051 0.632568 0.117585 0.628662 0.114936 0.630127 0.103814 0.624756 0.109110
1 0.682617 0.050318 0.682373 0.051377 0.681885 0.050847 0.680664 0.052436 0.680176 0.051907 0.679932 0.054025 0.679443 0.053496 0.679688 0.051907 0.678955 0.053496 0.677490 0.054025 0.676270 0.052436 0.675049 0.055085 0.674561 0.054555 0.674561 0.051907 0.673828 0.052966 0.673828 0.054555 0.673340 0.055085 0.673340 0.058792 0.674072 0.058792 0.674072 0.055614 0.675049 0.055614 0.675537 0.057203 0.677002 0.054555 0.679443 0.054555 0.678711 0.057203 0.676758 0.059322 0.676514 0.060381 0.677246 0.058792 0.677979 0.058792 0.678223 0.059852 0.676270 0.063559 0.676514 0.065678 0.675781 0.067797 0.675781 0.069386 0.676514 0.069386 0.676758 0.070445 0.677002 0.068856 0.677734 0.069386 0.677490 0.070445 0.678467 0.069386 0.678467 0.067797 0.677734 0.068326 0.676758 0.067267 0.677002 0.065678 0.676514 0.065148 0.676514 0.063559 0.677246 0.061970 0.679199 0.061970 0.679443 0.061441 0.678955 0.059322 0.679443 0.058792 0.679443 0.057733 0.678955 0.057203 0.679443 0.056144 0.680176 0.056144 0.680420 0.054025 0.682129 0.051377 0.682861 0.051907
1 0.411621 0.049788 0.411621 0.050847 0.413330 0.054555 0.413818 0.054555 0.414307 0.051377 0.413818 0.050847 0.413818 0.049788
1 0.369385 0.055085 0.368652 0.056674 0.367676 0.056674 0.367188 0.055085 0.366211 0.057203 0.365479 0.055614 0.365234 0.057733 0.364502 0.056674 0.363525 0.048729 0.363037 0.048729 0.363037 0.053496 0.361572 0.052966 0.362061 0.054555 0.361084 0.056144 0.359375 0.055614 0.362549 0.057733 0.363037 0.059852 0.362061 0.062500 0.362305 0.065148 0.360352 0.061970 0.360352 0.075742 0.359375 0.076271 0.359131 0.079449 0.357910 0.078390 0.358643 0.079979 0.357178 0.084216 0.357422 0.085275 0.357422 0.083686 0.358154 0.084216 0.358398 0.086864 0.357666 0.088453 0.357178 0.086335 0.357422 0.088453 0.356689 0.089513 0.359619 0.088453 0.358643 0.084746 0.359619 0.079449 0.359863 0.083686 0.360596 0.082097 0.361328 0.084216 0.361084 0.087394 0.359863 0.086864 0.361084 0.087394 0.362305 0.082627 0.363037 0.084216 0.362793 0.081568 0.363770 0.082097 0.362305 0.080508 0.363525 0.079979 0.364746 0.076801 0.365479 0.077860 0.365234 0.076271 0.363037 0.077860 0.362305 0.080508 0.362061 0.079449 0.360840 0.079979 0.360352 0.077331 0.362549 0.077860 0.361816 0.076801 0.361084 0.071504 0.363037 0.072564 0.362793 0.068326 0.364014 0.067267 0.364502 0.068856 0.364502 0.061970 0.366699 0.056674 0.369141 0.058263 0.369873 0.065678 0.369629 0.067797 0.368408 0.067797 0.366943 0.061970 0.366211 0.063030 0.365723 0.066737 0.366455 0.069386 0.367188 0.067267 0.367920 0.068856 0.369629 0.068856 0.369629 0.075212 0.367432 0.076271 0.367676 0.078919 0.366943 0.076271 0.366699 0.077331 0.369873 0.081568 0.369629 0.079449 0.370850 0.077860 0.369873 0.076801 0.369385 0.072034 0.370361 0.069915 0.369385 0.068326 0.369873 0.067797
1 0.235107 0.048729 0.234375 0.048729 0.234375 0.052436 0.233887 0.054025 0.233154 0.054555 0.232910 0.056144 0.232422 0.055085 0.232910 0.056674 0.233398 0.056144 0.234375 0.057733 0.233887 0.059852 0.234863 0.058263 0.235596 0.058263 0.236572 0.055614 0.236572 0.051907 0.236084 0.050847 0.235352 0.050847
1 0.160400 0.047669 0.160645 0.054555 0.154053 0.058792 0.155029 0.061441 0.152832 0.065148 0.163818 0.066208 0.160156 0.081038 0.164307 0.084746 0.164062 0.088453 0.167969 0.087924 0.168945 0.095869 0.167969 0.097987 0.167236 0.093750 0.166260 0.098517 0.163086 0.096928 0.162598 0.100106 0.167236 0.099047 0.168945 0.105403 0.168945 0.099047 0.171875 0.107521 0.169678 0.119703 0.165283 0.111229 0.163330 0.112818 0.166992 0.118644 0.164795 0.120233 0.172363 0.121822 0.170654 0.127119 0.169434 0.123411 0.161621 0.125000 0.166260 0.126589 0.170410 0.134004 0.166016 0.136653 0.164307 0.143008 0.174072 0.145657 0.169189 0.147775 0.177490 0.155191 0.177246 0.161547 0.179443 0.164725 0.182129 0.154131 0.187256 0.150424 0.179932 0.150953 0.184814 0.148305 0.183105 0.144068 0.179688 0.144597 0.178711 0.132415 0.176025 0.130297 0.178467 0.126589 0.179199 0.131356 0.181396 0.130826 0.181152 0.141419 0.182373 0.129237 0.179443 0.126059 0.181885 0.128178 0.182373 0.123941 0.178467 0.122881 0.177979 0.115996 0.176758 0.118114 0.170898 0.101165 0.180176 0.118114 0.185303 0.111758 0.181152 0.110169 0.180664 0.103284 0.183105 0.109110 0.195068 0.110169 0.187256 0.102225 0.182373 0.105932 0.179199 0.099576 0.177246 0.103814 0.177002 0.091102 0.171875 0.084216 0.172363 0.078390 0.170898 0.081568 0.169434 0.077860 0.169678 0.070975 0.174561 0.074682 0.169678 0.066737 0.171631 0.071504 0.168945 0.069386 0.168213 0.074682 0.166748 0.071504 0.166748 0.083157 0.164307 0.082627 0.166016 0.067267 0.164062 0.065678 0.167236 0.067267 0.166016 0.061970 0.171143 0.065148 0.170166 0.060381 0.171631 0.061970 0.172119 0.058263 0.166748 0.061441 0.165527 0.054025 0.162842 0.057203 0.163086 0.049258
1 0.322754 0.047140 0.322998 0.048199 0.324219 0.048729 0.324219 0.051377 0.325195 0.054025 0.325684 0.054025 0.326416 0.052436 0.326904 0.053496 0.326904 0.050847 0.326172 0.050847 0.324951 0.047669
1 0.594727 0.046610 0.594727 0.048199 0.593994 0.050318 0.594238 0.050847 0.594971 0.049788 0.595215 0.050318 0.594727 0.051377 0.595703 0.051907 0.595703 0.054025 0.597168 0.051377 0.596436 0.052436 0.595703 0.051907 0.595459 0.050318 0.596436 0.049258 0.595947 0.047140 0.595215 0.047669
1 0.557861 0.046610 0.557373 0.048199 0.557861 0.047669 0.558105 0.049788 0.557373 0.049788 0.557861 0.050847 0.557373 0.051907 0.556152 0.049788 0.556641 0.053496 0.557373 0.054555 0.557617 0.052436 0.558350 0.051907 0.558594 0.056144 0.559082 0.055085 0.559326 0.056674 0.560303 0.056674 0.559326 0.054555 0.558350 0.047140
1 0.304443 0.046610 0.303223 0.048729 0.303223 0.050318 0.302246 0.052966 0.302002 0.055614 0.302490 0.058792 0.302246 0.060911 0.301758 0.060911 0.301758 0.062500 0.303467 0.063030 0.303467 0.059322 0.303955 0.058792 0.303955 0.055085 0.303467 0.054025 0.304199 0.053496 0.304443 0.054555 0.304443 0.052966 0.303955 0.051907 0.304688 0.049788
1 0.208740 0.046610 0.207031 0.048729 0.206787 0.057203 0.207520 0.058792 0.208496 0.055085 0.206787 0.055085 0.207764 0.054555 0.208008 0.053496 0.209717 0.054025 0.209717 0.048729
1 0.724121 0.048729 0.724365 0.049788 0.725342 0.049258 0.726562 0.051377 0.727783 0.051377 0.728027 0.052436 0.727051 0.053496 0.727051 0.054555 0.728271 0.053496 0.728516 0.054555 0.728027 0.055614 0.728760 0.055085 0.728760 0.050847 0.729248 0.050318 0.729248 0.047140 0.727783 0.048729 0.727539 0.047669 0.728271 0.046081 0.727539 0.046081 0.727783 0.048729 0.727295 0.050847 0.726318 0.050318 0.726318 0.048199 0.725830 0.049258
1 0.217285 0.045551 0.217285 0.047140 0.216797 0.047669 0.216797 0.050318 0.217285 0.050318 0.217285 0.049258 0.218262 0.050318 0.218506 0.045551
1 0.763916 0.044492 0.762695 0.044492 0.762451 0.045551 0.761719 0.045551 0.761963 0.048199 0.761230 0.050318 0.761230 0.052436 0.761475 0.050847 0.762695 0.048729 0.762451 0.046610 0.763184 0.045021 0.763672 0.046081
1 0.525146 0.054025 0.524170 0.055085 0.523193 0.053496 0.524658 0.052966 0.521484 0.049788 0.521484 0.055614 0.519531 0.056144 0.519531 0.058792 0.521729 0.057733 0.522705 0.063030 0.520264 0.069386 0.518555 0.069386 0.518066 0.066208 0.516602 0.068326 0.513184 0.059852 0.514160 0.064089 0.511719 0.069915 0.510986 0.059322 0.506348 0.060381 0.505859 0.058263 0.510010 0.056144 0.511963 0.059852 0.513184 0.055085 0.514404 0.058263 0.516602 0.052966 0.516113 0.061441 0.519287 0.059852 0.518066 0.057203 0.517334 0.058792 0.517334 0.051907 0.515869 0.047669 0.513672 0.046081 0.512451 0.052966 0.510498 0.048729 0.510254 0.052436 0.508545 0.052966 0.507324 0.050847 0.509521 0.049258 0.508301 0.046610 0.509033 0.044492 0.506592 0.049258 0.503906 0.048199 0.503662 0.051907 0.501709 0.052436 0.501221 0.048729 0.498535 0.055614 0.502686 0.052966 0.503418 0.056674 0.500488 0.055614 0.500488 0.058263 0.495850 0.059852 0.496826 0.056674 0.493652 0.059852 0.492188 0.057733 0.491943 0.063559 0.489746 0.061441 0.485107 0.065678 0.482910 0.064619 0.482910 0.067267 0.488037 0.065148 0.490967 0.070445 0.491943 0.069386 0.492432 0.072564 0.492920 0.067797 0.494873 0.072034 0.495605 0.068856 0.493652 0.063030 0.494873 0.063030 0.496338 0.068856 0.496094 0.063030 0.497559 0.065678 0.500488 0.058792 0.503662 0.058263 0.503662 0.063030 0.501709 0.060381 0.500977 0.061970 0.502686 0.061970 0.505371 0.068326 0.503662 0.063559 0.506348 0.061970 0.508301 0.064619 0.508301 0.069386 0.508789 0.066208 0.510010 0.066737 0.512207 0.073623 0.511230 0.075212 0.512207 0.079979 0.513672 0.080508 0.511230 0.079979 0.514648 0.084746 0.514893 0.077860 0.517822 0.077860 0.518066 0.082097 0.519287 0.082097 0.519531 0.075742 0.523926 0.076801 0.523438 0.074682 0.516357 0.073093 0.521240 0.071504 0.523926 0.060911 0.521240 0.056144
1 0.408691 0.044492 0.408691 0.046081 0.409912 0.048729 0.410889 0.049258 0.411377 0.047140 0.411621 0.048199 0.412598 0.048199 0.412598 0.045551 0.411621 0.046610 0.411133 0.044492 0.409912 0.044492 0.410400 0.046081 0.409668 0.046610 0.409424 0.044492
1 0.352051 0.048199 0.355225 0.048199 0.355225 0.050318 0.356201 0.050318 0.356689 0.049258 0.357178 0.050318 0.358154 0.050318 0.357666 0.048729 0.355469 0.048729 0.354980 0.046081 0.355225 0.045021 0.354248 0.043962 0.354736 0.042903 0.355225 0.043432 0.354248 0.042373 0.353760 0.044492 0.353027 0.044492 0.353027 0.046081 0.352539 0.046610 0.352783 0.047669
1 0.672119 0.040784 0.671631 0.042373 0.671143 0.042373 0.670654 0.045551 0.669678 0.045021 0.668945 0.043432 0.668945 0.047140 0.667969 0.047669 0.667725 0.050847 0.668701 0.049788 0.668701 0.047669 0.669189 0.047140 0.669434 0.045021 0.670166 0.045021 0.670410 0.047140 0.670898 0.046081 0.671631 0.046081 0.671875 0.047140 0.673096 0.046610 0.671631 0.043962
1 0.358154 0.039725 0.358398 0.040784 0.359863 0.042373 0.360840 0.045021 0.361084 0.043962 0.361572 0.044492 0.362061 0.043432 0.361572 0.042373 0.360840 0.042373 0.360596 0.039725
1 0.526367 0.039725 0.528076 0.043432 0.529053 0.042903 0.529297 0.040784 0.528320 0.039195
1 0.376953 0.038665 0.378418 0.040784 0.376953 0.044492 0.376221 0.042373 0.374268 0.042373 0.374512 0.042903 0.374023 0.045021 0.375000 0.046610 0.375488 0.051377 0.375000 0.052436 0.373779 0.051377 0.373535 0.052436 0.375244 0.052436 0.375732 0.053496 0.375488 0.055614 0.374023 0.055614 0.374512 0.055614 0.374756 0.056674 0.376221 0.053496 0.377197 0.053496 0.376465 0.051907 0.376709 0.048199 0.378174 0.051907 0.378662 0.057203 0.379639 0.057733 0.378906 0.054555 0.379150 0.054025 0.380127 0.055614 0.381104 0.051377 0.381592 0.052436 0.381592 0.054555 0.381592 0.051907 0.380371 0.051377 0.380859 0.051907 0.380127 0.052966 0.379639 0.051907 0.379883 0.050847 0.378662 0.051377 0.378174 0.050318 0.378418 0.049258 0.378906 0.049258 0.378174 0.048729 0.378418 0.046610 0.378906 0.046081 0.378906 0.043962 0.380127 0.042373 0.378174 0.038665
1 0.750000 0.039195 0.748535 0.039725 0.747070 0.041843 0.746826 0.040784 0.747559 0.039195 0.746582 0.038136 0.745361 0.041843 0.746826 0.042373 0.745850 0.044492 0.746094 0.046081 0.745117 0.046081 0.745117 0.047669 0.745605 0.046610 0.747803 0.047140 0.746582 0.046610 0.746582 0.044492 0.749512 0.039195
1 0.763916 0.037076 0.762695 0.039725 0.762939 0.041314 0.762207 0.041843 0.764404 0.041843 0.764648 0.042903 0.765381 0.042903 0.765869 0.046081 0.766357 0.045021 0.766357 0.040254 0.765381 0.042373 0.764648 0.042373 0.764404 0.037076
1 0.682373 0.038136 0.680908 0.037076 0.680420 0.038136 0.678711 0.039195 0.679932 0.038136 0.680664 0.039195 0.680420 0.041314 0.679443 0.042903 0.680176 0.043432 0.681152 0.040254 0.682373 0.040254 0.682373 0.039195 0.681885 0.038665
1 0.669678 0.038136 0.669189 0.037076 0.668457 0.038665 0.667725 0.038136 0.666748 0.042373 0.665039 0.042373 0.664795 0.043432 0.664307 0.043432 0.663818 0.041843 0.664062 0.045021 0.665771 0.045021 0.666260 0.043962 0.667236 0.045021 0.666992 0.042903 0.667725 0.042903
1 0.171143 0.037076 0.171631 0.038665 0.171143 0.039725 0.170654 0.039195 0.169678 0.040254 0.171631 0.046081 0.171387 0.047140 0.171875 0.045551 0.171631 0.045021 0.172363 0.043962 0.171387 0.044492 0.171143 0.042903 0.172607 0.041314 0.171631 0.039725 0.172119 0.038136
1 0.599609 0.036547 0.598877 0.037076 0.598633 0.034958 0.597412 0.039725 0.595703 0.038665 0.596680 0.040254 0.596191 0.041314 0.595703 0.040784 0.595459 0.042373 0.596191 0.041843 0.596680 0.042903 0.596924 0.040784 0.598877 0.038665
1 0.546143 0.037076 0.544922 0.037076 0.543945 0.034958 0.544434 0.036017 0.544434 0.037606 0.543945 0.038136 0.543945 0.039725 0.542236 0.042903 0.541992 0.041843 0.543213 0.038136 0.542725 0.037606 0.542725 0.034958 0.542236 0.033898 0.541504 0.033898 0.541504 0.036547 0.541016 0.037606 0.541992 0.034958 0.542480 0.036017 0.542236 0.037606 0.542725 0.038665 0.541748 0.041314 0.539551 0.042373 0.539551 0.040784 0.538818 0.039725 0.538574 0.038136 0.538574 0.041843 0.537109 0.045021 0.536621 0.044492 0.536865 0.046081 0.536377 0.046610 0.536377 0.048199 0.534668 0.049258 0.535645 0.050318 0.536621 0.048199 0.537842 0.048199 0.538574 0.046610 0.538574 0.045551 0.537842 0.046610 0.537598 0.045021 0.537842 0.043432 0.538818 0.041843 0.539062 0.042903 0.539551 0.042373 0.540771 0.043962 0.542236 0.042903 0.542969 0.045021 0.542969 0.042903 0.543457 0.041843 0.545166 0.041314 0.545654 0.042903 0.546143 0.041843 0.546143 0.040254 0.545654 0.039725 0.545654 0.038136
1 0.685059 0.031780 0.684570 0.032839 0.684570 0.034428 0.685059 0.034958 0.684570 0.036017 0.685791 0.036547 0.686279 0.037606 0.685791 0.031780
1 0.250732 0.031780 0.250000 0.031780 0.250000 0.033369 0.249512 0.033898 0.249512 0.036547 0.250000 0.037076 0.250000 0.041843 0.250488 0.042373 0.250000 0.043432 0.250000 0.049258 0.250488 0.049788 0.250000 0.050847 0.250000 0.058792 0.248535 0.059322 0.248535 0.060911 0.247559 0.061441 0.247314 0.062500 0.246338 0.061970 0.246582 0.060381 0.246094 0.062500 0.245605 0.062500 0.245361 0.061441 0.243652 0.061441 0.243164 0.062500 0.243164 0.065148 0.241943 0.065148 0.242188 0.066208 0.243408 0.066208 0.244141 0.067797 0.243896 0.069386 0.244629 0.071504 0.247314 0.070445 0.248535 0.073093 0.248535 0.075742 0.248291 0.076271 0.247314 0.074153 0.246582 0.074682 0.246826 0.076271 0.248047 0.077860 0.248779 0.075742 0.249268 0.075742 0.249512 0.076801 0.250000 0.075742 0.251221 0.075742 0.251221 0.073093 0.252686 0.072564 0.251953 0.070445 0.250977 0.069915 0.250977 0.073623 0.250488 0.074153 0.249756 0.072564 0.249756 0.067797 0.248047 0.067267 0.248535 0.064089 0.249756 0.064089 0.250488 0.066208 0.251221 0.066208 0.251709 0.068326 0.252930 0.070445 0.252930 0.068326 0.253662 0.068856 0.254150 0.067267 0.254639 0.067267 0.253418 0.063030 0.252441 0.064089 0.252197 0.063559 0.252197 0.061441 0.251709 0.060381 0.250488 0.060381 0.250244 0.061441 0.249756 0.060911 0.249756 0.059322 0.251709 0.055614 0.251709 0.054025 0.253174 0.051377 0.251709 0.050318 0.251221 0.032839
1 0.220459 0.030720 0.219727 0.031780 0.219727 0.033369 0.220703 0.036017 0.220703 0.038665 0.219971 0.040254 0.219238 0.040254 0.219727 0.041314 0.219727 0.043962 0.220459 0.045021 0.219727 0.046610 0.219727 0.048199 0.220215 0.047140 0.220947 0.047140 0.221191 0.046081 0.221924 0.046081 0.221924 0.044492 0.221191 0.042373 0.220703 0.042903 0.220215 0.041843 0.221924 0.040784 0.222900 0.042903 0.221924 0.039195 0.223389 0.037606 0.224365 0.042373 0.224121 0.043962 0.224854 0.043432 0.224854 0.039725 0.224121 0.037606 0.224609 0.037076 0.225098 0.038136 0.224854 0.036017 0.224365 0.035487 0.224365 0.033898 0.224365 0.035487 0.223877 0.036547 0.222900 0.036017
1 0.322266 0.030191 0.323242 0.034428 0.324219 0.035487 0.324219 0.039725 0.322266 0.042903 0.323975 0.045021 0.325195 0.042373 0.324951 0.041843 0.324219 0.042903 0.323975 0.040254 0.324707 0.038665 0.325439 0.038665 0.326416 0.036017 0.324707 0.036017 0.324463 0.033898 0.324707 0.033369 0.324951 0.034428 0.325439 0.032839 0.324707 0.032839 0.324219 0.033898 0.323242 0.030720
1 0.617676 0.029661 0.617676 0.039725 0.618652 0.041314 0.618408 0.042373 0.617676 0.042373 0.617676 0.043962 0.618652 0.044492 0.618652 0.047140 0.617188 0.049788 0.618164 0.053496 0.619141 0.066737 0.620361 0.067267 0.619873 0.064619 0.619873 0.061441 0.619385 0.060911 0.619385 0.055614 0.618652 0.048729 0.618652 0.030720 0.618408 0.029661
1 0.503174 0.029661 0.502197 0.029661 0.502197 0.030720 0.502686 0.031250 0.502197 0.033369 0.502441 0.036547 0.501221 0.038136 0.500977 0.034958 0.500488 0.034428 0.500732 0.037606 0.500000 0.037606 0.500000 0.041314 0.501221 0.042373 0.501221 0.043962 0.500244 0.044492 0.500732 0.045021 0.500732 0.046081 0.500977 0.045021 0.502197 0.045021 0.502441 0.043962 0.502930 0.043962 0.502441 0.042903 0.504639 0.036547 0.504639 0.034428 0.503906 0.036017 0.502686 0.034958
1 0.534912 0.028602 0.534180 0.028602 0.533691 0.029661 0.533936 0.030720 0.534424 0.030191 0.534912 0.031250 0.533936 0.033369 0.534424 0.034958 0.533691 0.037076 0.533691 0.038665 0.534912 0.035487 0.535889 0.034428 0.535400 0.033369 0.535400 0.031780 0.535889 0.030720
1 0.172607 0.028602 0.175537 0.034428 0.175781 0.033369 0.176514 0.033369 0.176758 0.034428 0.175293 0.036547 0.174316 0.035487 0.175537 0.037076 0.175293 0.038665 0.172607 0.038665 0.174072 0.040254 0.175293 0.039725 0.177246 0.034958 0.177979 0.034958 0.176270 0.039195 0.176270 0.040784 0.175049 0.041314 0.174316 0.043432 0.176270 0.043432 0.176758 0.044492 0.176758 0.045551 0.175781 0.047140 0.176025 0.048199 0.177002 0.046081 0.177002 0.043432 0.176514 0.042373 0.177734 0.040254 0.178467 0.040784 0.177734 0.038136 0.178955 0.037606 0.178955 0.036017 0.178223 0.036017 0.177490 0.033898 0.177979 0.031780 0.177002 0.031250 0.177490 0.030191 0.176758 0.029661 0.176758 0.031250 0.176025 0.032839 0.175537 0.031780 0.175537 0.029131 0.174316 0.028072 0.175293 0.030720 0.175293 0.032309 0.174805 0.032839 0.173828 0.030720 0.174072 0.029661 0.173584 0.029131 0.173584 0.028072
1 0.373291 0.027542 0.371826 0.027542 0.370850 0.029131 0.370117 0.029131 0.370605 0.029661 0.370605 0.031780 0.371826 0.028602 0.372314 0.029131 0.373535 0.036017 0.373779 0.040784 0.370850 0.046610 0.370361 0.041314 0.368408 0.039195 0.369873 0.041314 0.370117 0.043432 0.369385 0.045551 0.367188 0.044492 0.367188 0.046081 0.368896 0.046610 0.369873 0.045551 0.370605 0.046081 0.370605 0.047140 0.371094 0.047669 0.371582 0.046081 0.372559 0.045021 0.373779 0.041314 0.374023 0.032309
1 0.511719 0.027542 0.511963 0.029131 0.511230 0.030191 0.510986 0.033369 0.511475 0.034428 0.511230 0.036547 0.511963 0.037076 0.512207 0.040784 0.512695 0.041314 0.513916 0.037606 0.513428 0.037606 0.512695 0.039195 0.511719 0.036547 0.511719 0.035487 0.512451 0.033898 0.512939 0.033898 0.512939 0.030720 0.513672 0.030191 0.513916 0.032309 0.512939 0.036017 0.513672 0.034958 0.514160 0.034958 0.514404 0.036017 0.514648 0.034958 0.514893 0.035487 0.515137 0.033369 0.515869 0.037076 0.515381 0.038665 0.515625 0.037606 0.515869 0.038136 0.515869 0.041314 0.516357 0.041314 0.516357 0.033898 0.515869 0.033369 0.516357 0.031780 0.515137 0.031780 0.514893 0.029661 0.514160 0.031250 0.513428 0.029131 0.514160 0.027542 0.513916 0.026483 0.513184 0.028602 0.512939 0.026483 0.512451 0.027542
1 0.678467 0.025953 0.677490 0.027542 0.677002 0.027013 0.677490 0.028072 0.677246 0.029131 0.676758 0.029131 0.676514 0.027542 0.675537 0.027542 0.675293 0.028602 0.675781 0.030720 0.676025 0.029131 0.677002 0.030191 0.678223 0.029131 0.678467 0.030720
1 0.322021 0.025424 0.319336 0.025953 0.319824 0.030191 0.316895 0.038136 0.315430 0.036017 0.311035 0.042373 0.311768 0.038136 0.309570 0.037076 0.305664 0.042373 0.304688 0.058792 0.306152 0.063030 0.302734 0.067797 0.305176 0.083157 0.304199 0.086335 0.298828 0.075212 0.299072 0.069915 0.294922 0.075212 0.295166 0.079449 0.291992 0.077860 0.291016 0.081038 0.294922 0.082627 0.291992 0.084216 0.296387 0.082627 0.292969 0.088453 0.295654 0.088453 0.294678 0.086335 0.296875 0.082097 0.299072 0.087394 0.301514 0.081038 0.303711 0.090042 0.300293 0.092691 0.303223 0.094809 0.305420 0.081038 0.304688 0.095339 0.305908 0.096398 0.308350 0.087924 0.306885 0.082627 0.309570 0.086335 0.309814 0.081568 0.306641 0.082097 0.304199 0.070975 0.306885 0.068326 0.308350 0.078390 0.308594 0.072564 0.311035 0.075742 0.312012 0.084746 0.310303 0.084746 0.310547 0.093220 0.307617 0.093220 0.307617 0.101165 0.303955 0.099576 0.306152 0.102225 0.302246 0.105932 0.302246 0.109640 0.303467 0.106462 0.306396 0.111758 0.303223 0.111758 0.304199 0.119703 0.300781 0.119703 0.305908 0.121292 0.303711 0.115466 0.307373 0.117585 0.305420 0.107521 0.307373 0.104343 0.310059 0.117055 0.309082 0.126589 0.310791 0.126589 0.310791 0.120233 0.313232 0.130826 0.311768 0.115996 0.316406 0.119703 0.313477 0.107521 0.316162 0.108051 0.317627 0.102754 0.315918 0.103284 0.316406 0.099047 0.320312 0.099047 0.318848 0.095869 0.314697 0.099576 0.313965 0.105403 0.311768 0.098517 0.311768 0.087394 0.313965 0.089513 0.312500 0.086335 0.313721 0.076271 0.310547 0.068856 0.312012 0.052966 0.320068 0.056674 0.321045 0.061970 0.322021 0.052966 0.320068 0.045551
1 0.206543 0.025424 0.206055 0.025953 0.206055 0.033369 0.204590 0.033898 0.204590 0.035487 0.204102 0.036017 0.204102 0.037606 0.205078 0.039195 0.205078 0.041843 0.204102 0.042373 0.204590 0.043432 0.204102 0.047140 0.205322 0.046081 0.205322 0.043432 0.206055 0.041843 0.207764 0.041843 0.208008 0.042903 0.207520 0.043962 0.208252 0.043962 0.208984 0.041843 0.209717 0.041843 0.209717 0.040254 0.209229 0.039195 0.208008 0.039195 0.207764 0.040254 0.206787 0.039725 0.206787 0.036017 0.206299 0.035487 0.206299 0.033898 0.206787 0.033369 0.206787 0.030720 0.207275 0.029661 0.206787 0.029131
1 0.501709 0.028602 0.501465 0.024894 0.500244 0.027542 0.499756 0.027013 0.499756 0.025424 0.498535 0.025424 0.498047 0.027013 0.499268 0.026483 0.500000 0.028072 0.500000 0.030191 0.500732 0.028602
1 0.464355 0.024364 0.463379 0.026483 0.463379 0.032839 0.463867 0.034958 0.464600 0.036017 0.464111 0.034428 0.464844 0.032309 0.466064 0.033369 0.466064 0.032309 0.465576 0.032839 0.465088 0.031250 0.464355 0.031780 0.463379 0.030720 0.464111 0.028602 0.465088 0.029661 0.464600 0.029131 0.465088 0.025953
1 0.770264 0.024364 0.769775 0.024364 0.770020 0.024894 0.769531 0.025424 0.769043 0.023305 0.768799 0.026483 0.767578 0.025953 0.766846 0.027542 0.765625 0.027542 0.766846 0.029131 0.766357 0.030720 0.765625 0.030720 0.765625 0.032309 0.766113 0.032839 0.766113 0.033898 0.765625 0.034428 0.766113 0.035487 0.765625 0.037606 0.766357 0.036547 0.766357 0.033898 0.766846 0.033369 0.766846 0.029661 0.767334 0.029131 0.767578 0.031250 0.768555 0.028072 0.769043 0.028072 0.769287 0.027013 0.769775 0.028072 0.769775 0.025424
1 0.589600 0.022775 0.589111 0.023835 0.588379 0.023835 0.588379 0.025424 0.587402 0.025953 0.587646 0.028072 0.589111 0.028072 0.589600 0.027013
1 0.166260 0.023305 0.166992 0.024364 0.167236 0.026483 0.169189 0.031250 0.169189 0.032309 0.169922 0.033369 0.169678 0.032309 0.170654 0.031780 0.173584 0.034958 0.172607 0.032839 0.171387 0.032839 0.170898 0.031780 0.170898 0.030720 0.171875 0.029661 0.171387 0.028072 0.172119 0.025424 0.173096 0.025424 0.173584 0.026483 0.173584 0.025424 0.174072 0.024894 0.174561 0.025953 0.174561 0.023835 0.173828 0.024364 0.173096 0.023305 0.173340 0.021716 0.171875 0.022246 0.171143 0.027013 0.171387 0.028602 0.170654 0.031250 0.169922 0.030191 0.168945 0.025953 0.169189 0.023835 0.170166 0.022775 0.170166 0.021716 0.169434 0.022246 0.168701 0.024364 0.168213 0.023305
1 0.717285 0.022246 0.716553 0.022246 0.716797 0.024364 0.716064 0.025424 0.715576 0.024364 0.715576 0.022246 0.716064 0.021186 0.715576 0.022246 0.714844 0.021716 0.714600 0.023305 0.713867 0.023305 0.713379 0.025424 0.712402 0.026483 0.712402 0.028072 0.713623 0.028072 0.712402 0.030191 0.712891 0.031250 0.712402 0.032309 0.712891 0.032839 0.712891 0.035487 0.713867 0.033369 0.713135 0.030720 0.713623 0.030191 0.714111 0.031250 0.714355 0.028072 0.713379 0.027542 0.714355 0.024364 0.715088 0.024364 0.715088 0.025953 0.714600 0.027013 0.715576 0.028072 0.714844 0.028602 0.715576 0.028602 0.715820 0.027542 0.717285 0.026483 0.717285 0.024894 0.716797 0.024364
1 0.735840 0.021716 0.733887 0.020657 0.732666 0.022246 0.731689 0.024894 0.732666 0.026483 0.732666 0.027542 0.731201 0.029131 0.732178 0.030720 0.732910 0.030720 0.734131 0.033898 0.734131 0.035487 0.733643 0.036017 0.731934 0.032309 0.730713 0.033369 0.731201 0.034958 0.730713 0.036017 0.731445 0.035487 0.732178 0.037076 0.730713 0.042373 0.729980 0.042903 0.729736 0.045551 0.731201 0.042373 0.731934 0.044492 0.731689 0.045021 0.732666 0.045021 0.731445 0.041843 0.733154 0.038665 0.733154 0.037076 0.733887 0.036547 0.734131 0.033898 0.735107 0.032309 0.735107 0.027542 0.735352 0.027013 0.736084 0.028072 0.737061 0.025424 0.736572 0.025424 0.735596 0.027542 0.735596 0.024894 0.732910 0.025953 0.732422 0.024364 0.733643 0.021716
1 0.386963 0.022246 0.387939 0.028072 0.388184 0.024894 0.388916 0.024894 0.390137 0.027542 0.390625 0.029661 0.389893 0.031250 0.390137 0.033369 0.390625 0.033369 0.390625 0.031250 0.391113 0.030191 0.391846 0.030720 0.391846 0.027542 0.391113 0.025424 0.389160 0.025424 0.388916 0.024364 0.389648 0.022775 0.390137 0.022775 0.390381 0.021186 0.391602 0.022246 0.390869 0.023835 0.392090 0.023305 0.393066 0.021186 0.391602 0.020127 0.389404 0.020127 0.388916 0.021186 0.389404 0.022775 0.388916 0.023835 0.388184 0.022246
1 0.657715 0.019068 0.657715 0.023835 0.657227 0.024894 0.659912 0.024894 0.659912 0.021186 0.659424 0.021186 0.658447 0.019068
1 0.551270 0.019068 0.551025 0.020127 0.551514 0.020657 0.551758 0.023835 0.552246 0.024364 0.551758 0.028602 0.552490 0.028602 0.552979 0.029661 0.552490 0.033369 0.553467 0.033369 0.553467 0.030191 0.552979 0.028602 0.553711 0.028072 0.554688 0.025424 0.554688 0.027013 0.555908 0.027013 0.556396 0.025424 0.554688 0.025424 0.554443 0.024364 0.553955 0.024364 0.552979 0.025953 0.552246 0.023835 0.552490 0.021186 0.551514 0.019597 0.552002 0.019068
1 0.377686 0.018008 0.377686 0.019068 0.375977 0.021716 0.375977 0.022775 0.376465 0.023305 0.376709 0.028072 0.376709 0.026483 0.377686 0.025424 0.378174 0.023835 0.377930 0.023305 0.377441 0.025424 0.376709 0.024364 0.376709 0.022775 0.378174 0.021186
1 0.626221 0.016949 0.625732 0.016949 0.625000 0.019597 0.625244 0.027013 0.625977 0.029661 0.625977 0.033898 0.625244 0.036547 0.624756 0.042903 0.624023 0.046081 0.624023 0.049258 0.624756 0.042903 0.625244 0.041843 0.625488 0.037606 0.625977 0.036547 0.626465 0.032839 0.626465 0.030720 0.625732 0.027542 0.625732 0.019068
1 0.765869 0.015890 0.766113 0.018538 0.765625 0.020127 0.766602 0.022775 0.767578 0.020657 0.768799 0.021716 0.768799 0.020127 0.767822 0.019597 0.768311 0.018008 0.767578 0.016419 0.767090 0.018008
1 0.730957 0.025424 0.729980 0.026483 0.729248 0.025424 0.729492 0.024364 0.729004 0.024364 0.729248 0.026483 0.727051 0.029131 0.726318 0.026483 0.724854 0.025953 0.722900 0.023305 0.724609 0.018008 0.723389 0.018538 0.723389 0.015890 0.722656 0.015890 0.722412 0.016949 0.723389 0.018538 0.723389 0.020127 0.721924 0.020657 0.721680 0.023305 0.724121 0.025953 0.723633 0.028072 0.722412 0.028072 0.723389 0.028602 0.723877 0.030191 0.721924 0.032309 0.720947 0.031780 0.719971 0.033898 0.719238 0.033369 0.717285 0.036547 0.717041 0.034428 0.716309 0.033369 0.717529 0.029661 0.715576 0.034958 0.714844 0.034958 0.716064 0.037076 0.714844 0.038665 0.715332 0.038665 0.715576 0.040254 0.714600 0.040784 0.713379 0.039195 0.714355 0.041314 0.713867 0.042903 0.715088 0.045021 0.715820 0.041843 0.716309 0.042373 0.717529 0.039725 0.718506 0.039725 0.719238 0.037606 0.719727 0.039195 0.718750 0.040784 0.718506 0.042903 0.720459 0.041314 0.721436 0.042373 0.720459 0.040254 0.720947 0.037606 0.723633 0.034428 0.722900 0.034428 0.721924 0.032309 0.724365 0.030720 0.724854 0.027542 0.726318 0.028602 0.726562 0.030720 0.724365 0.036547 0.723145 0.037606 0.723389 0.039195 0.723633 0.037606 0.724365 0.038665 0.724365 0.041843 0.725342 0.038665 0.726318 0.039725 0.726562 0.038665 0.728516 0.038665 0.729492 0.040784 0.730225 0.036547 0.728516 0.034958 0.728027 0.038136 0.725586 0.038665 0.725098 0.037606 0.726074 0.033898 0.727295 0.033898 0.726562 0.031780 0.727539 0.029661 0.729248 0.029661
1 0.315186 0.016419 0.315430 0.017479 0.316650 0.018538 0.316650 0.020127 0.318848 0.023835 0.319824 0.023835 0.319092 0.021186 0.317871 0.020127 0.318115 0.019068 0.319092 0.018538 0.319092 0.017479 0.317871 0.017479 0.317383 0.015890 0.317139 0.016949
1 0.145752 0.014831 0.147217 0.018008 0.145264 0.016949 0.149170 0.021716 0.153076 0.024894 0.153076 0.022246 0.154785 0.020127 0.155762 0.023305 0.154541 0.029661 0.153076 0.025953 0.153320 0.030191 0.151855 0.032839 0.149658 0.031250 0.149170 0.032839 0.147705 0.028072 0.148438 0.032839 0.147705 0.038136 0.145996 0.036017 0.142578 0.039195 0.143799 0.040784 0.145264 0.038665 0.145020 0.041843 0.146240 0.041843 0.148682 0.037076 0.151855 0.037606 0.153320 0.040254 0.150635 0.040254 0.153320 0.044492 0.148926 0.044492 0.148926 0.052966 0.147949 0.054555 0.149170 0.056674 0.146973 0.060381 0.146484 0.056144 0.145752 0.061970 0.152588 0.059852 0.155029 0.050847 0.156250 0.051907 0.154785 0.055085 0.156006 0.058263 0.155762 0.053496 0.156494 0.051907 0.157471 0.053496 0.155518 0.047669 0.156738 0.046081 0.158691 0.047669 0.161621 0.043962 0.156250 0.034428 0.157715 0.038136 0.155029 0.039725 0.155518 0.034428 0.154541 0.030720 0.157959 0.031780 0.156494 0.028072 0.163330 0.032839 0.164307 0.035487 0.163330 0.037076 0.162598 0.034958 0.162109 0.038136 0.165283 0.035487 0.166016 0.043962 0.164551 0.045551 0.165771 0.047669 0.166748 0.043962 0.169434 0.048729 0.169189 0.051377 0.167480 0.049258 0.169434 0.055614 0.171631 0.052436 0.172607 0.056674 0.171387 0.049788 0.165771 0.039195 0.166504 0.034958 0.168701 0.036017 0.166016 0.033898 0.163818 0.026483 0.160156 0.028602 0.158203 0.022246 0.157227 0.023305 0.159668 0.027013 0.156006 0.027542 0.156982 0.025424 0.155273 0.020127 0.152344 0.018008 0.151367 0.021716
1 0.301025 0.014301 0.301025 0.015360 0.302002 0.016949 0.302002 0.019597 0.302979 0.022246 0.303467 0.020127 0.302490 0.018538 0.302490 0.017479 0.302979 0.016949 0.303467 0.018008 0.303711 0.016419
1 0.720215 0.012712 0.720459 0.013771 0.719727 0.014301 0.719238 0.017479 0.719971 0.016419 0.720215 0.018538 0.721436 0.019597 0.721924 0.018538 0.721436 0.017479 0.721436 0.012712
1 0.453857 0.010593 0.453857 0.016949 0.453125 0.022775 0.453857 0.023835 0.453857 0.018538 0.454346 0.017479 0.454834 0.018538 0.454590 0.023305 0.455566 0.023835 0.454834 0.020657 0.455811 0.020127 0.457764 0.028602 0.457031 0.028602 0.457520 0.029661 0.457031 0.032839 0.457764 0.034958 0.457275 0.035487 0.456299 0.033898 0.455811 0.025424 0.454102 0.025424 0.453125 0.027542 0.452393 0.024894 0.451416 0.027013 0.451416 0.029131 0.452637 0.025424 0.453125 0.033369 0.453369 0.030720 0.455811 0.033369 0.455322 0.035487 0.456299 0.036017 0.456055 0.034958 0.456543 0.034428 0.457031 0.037606 0.458252 0.038136 0.459473 0.040784 0.460693 0.040784 0.460938 0.037606 0.461670 0.037606 0.462891 0.040254 0.462646 0.041843 0.464111 0.039725 0.464111 0.041843 0.464844 0.040254 0.465576 0.040784 0.465088 0.042373 0.466064 0.040254 0.466309 0.042373 0.465332 0.043962 0.466553 0.043962 0.467041 0.040784 0.466064 0.039195 0.464844 0.040254 0.464111 0.037606 0.463379 0.039725 0.462646 0.039195 0.462891 0.033898 0.462158 0.030720 0.460938 0.029661 0.460693 0.032839 0.460205 0.029131 0.459717 0.028602 0.459961 0.029661 0.459473 0.030191 0.458740 0.027013 0.459717 0.025424 0.458496 0.024894 0.458984 0.022775 0.459717 0.022775 0.459229 0.020657 0.460693 0.017479 0.461182 0.019597 0.461182 0.016419 0.463867 0.016419 0.463867 0.014831 0.460938 0.014831 0.461182 0.016419 0.460205 0.017479 0.459229 0.013242 0.459473 0.017479 0.458984 0.018538 0.459473 0.019597 0.458740 0.021716 0.457764 0.019597 0.458496 0.018008 0.456787 0.017479 0.457764 0.015890 0.458496 0.016419 0.457764 0.015360 0.458252 0.013242 0.456787 0.013771 0.456299 0.016419 0.456787 0.015360 0.457031 0.016949 0.455811 0.017479 0.454102 0.013771 0.454590 0.012182 0.456299 0.012712 0.455811 0.010593
1 0.647949 0.009534 0.646729 0.012712 0.646240 0.010593 0.644531 0.013242 0.645264 0.012712 0.645508 0.013771 0.644287 0.018008 0.645264 0.014831 0.645752 0.014831 0.646240 0.016419 0.646973 0.015360 0.647949 0.016419 0.647705 0.014831 0.646729 0.013771
1 0.423828 0.009534 0.424561 0.011653 0.424561 0.013242 0.426270 0.015360 0.425537 0.013242 0.425537 0.012182 0.426270 0.012182 0.426270 0.011123
1 0.393799 0.009534 0.392578 0.009534 0.392578 0.011123 0.390137 0.014301 0.393799 0.011653
1 0.654541 0.009004 0.653564 0.020127 0.652344 0.018538 0.652588 0.016949 0.652100 0.020127 0.648438 0.017479 0.648438 0.019068 0.650391 0.019068 0.652100 0.021716 0.651611 0.024894 0.652588 0.020657 0.653320 0.021716 0.652588 0.023835 0.653320 0.032839 0.651123 0.033898 0.651123 0.036547 0.648438 0.041314 0.648193 0.033898 0.649658 0.033369 0.649902 0.036547 0.650391 0.032309 0.652344 0.031250 0.651855 0.027542 0.651123 0.027542 0.651123 0.030191 0.650391 0.027542 0.647705 0.028602 0.647949 0.025424 0.646973 0.036017 0.647705 0.037606 0.645752 0.038665 0.645508 0.042903 0.643555 0.038136 0.646729 0.033898 0.645752 0.033369 0.645752 0.028072 0.645020 0.029131 0.645752 0.031780 0.644287 0.036547 0.643555 0.032309 0.642578 0.033898 0.642090 0.040254 0.642578 0.041843 0.642822 0.039195 0.644043 0.043962 0.645020 0.044492 0.644531 0.049258 0.646973 0.051377 0.648193 0.055085 0.648193 0.060911 0.645752 0.063559 0.645752 0.065678 0.647949 0.063030 0.646240 0.067267 0.647217 0.067797 0.647949 0.065678 0.649414 0.068856 0.650635 0.067797 0.652100 0.074153 0.651123 0.077331 0.648682 0.076271 0.645752 0.082097 0.644531 0.081038 0.644531 0.084216 0.645996 0.084216 0.646729 0.081568 0.647217 0.084216 0.648193 0.084216 0.649414 0.078390 0.652100 0.079979 0.654297 0.070445 0.656250 0.068326 0.656738 0.071504 0.655518 0.072564 0.655029 0.076801 0.655518 0.074153 0.657471 0.072564 0.656494 0.062500 0.657959 0.058792 0.657471 0.054025 0.658447 0.053496 0.658447 0.050847 0.657471 0.050318 0.657471 0.046610 0.659180 0.038136 0.658447 0.036017 0.657227 0.038136 0.655762 0.036547 0.656494 0.033369 0.657471 0.033369 0.656982 0.030720 0.655273 0.029661 0.654053 0.032309 0.653564 0.031250 0.654541 0.027013 0.656006 0.028072 0.655029 0.025424 0.656006 0.024894 0.656006 0.017479 0.656982 0.016419 0.655029 0.015360 0.656006 0.012712
1 0.152588 0.009004 0.152588 0.010593 0.152100 0.011123 0.152344 0.011653 0.151611 0.013771 0.150879 0.012712 0.149170 0.014831 0.149902 0.014831 0.151123 0.018538 0.151123 0.016949 0.150391 0.015360 0.150391 0.014301 0.153564 0.013242
1 0.771729 0.013242 0.771729 0.012182 0.770264 0.011653 0.770996 0.010593 0.770996 0.009534 0.771484 0.009004 0.771240 0.008475 0.770996 0.010064 0.770508 0.010064 0.770752 0.010593 0.770020 0.013242 0.769531 0.012182 0.769775 0.011123 0.769043 0.012712 0.769043 0.013771 0.768311 0.013242 0.768799 0.010593 0.767090 0.011123 0.768066 0.012712 0.768066 0.014301 0.769531 0.012712 0.769775 0.014301
1 0.312012 0.011123 0.310791 0.010064 0.310303 0.008475 0.308594 0.008475 0.308105 0.006356 0.307617 0.009004 0.308350 0.010593 0.307861 0.011123 0.307129 0.009534 0.307129 0.011123 0.306641 0.011653 0.307129 0.013242 0.306396 0.013771 0.306396 0.014831 0.307129 0.016419 0.308350 0.016419 0.307861 0.014831 0.308350 0.014301 0.308594 0.012182 0.309570 0.011123 0.310791 0.013242 0.311523 0.013242
1 0.573242 0.004767 0.572754 0.006886 0.573486 0.008475 0.573486 0.011653 0.571777 0.017479 0.572754 0.016419 0.573730 0.011123 0.574219 0.010593 0.573975 0.009004 0.574463 0.007945
1 0.489746 0.004237 0.489258 0.005297 0.489258 0.007945 0.488281 0.010593 0.488281 0.014831 0.489014 0.016419 0.489502 0.016419 0.489990 0.014831 0.490234 0.011653 0.491943 0.014301 0.491943 0.011653 0.491211 0.011123 0.490723 0.008475 0.490723 0.005297
1 0.207031 0.004237 0.207031 0.006886 0.206543 0.007945 0.207764 0.007945 0.208008 0.009004 0.207520 0.010064 0.210205 0.010064 0.209473 0.008475 0.208496 0.008475 0.207764 0.006886 0.207764 0.005297
1 0.549805 0.003708 0.549561 0.006886 0.548828 0.004237 0.548828 0.006886 0.547852 0.007415 0.549316 0.008475 0.548340 0.010593 0.549316 0.011653 0.549316 0.014301 0.548584 0.016419 0.547607 0.016419 0.547607 0.012712 0.546631 0.012712 0.545410 0.014831 0.545410 0.016419 0.546875 0.016949 0.546875 0.023305 0.547363 0.023305 0.547852 0.025424 0.548828 0.025424 0.548096 0.028602 0.547119 0.030191 0.547363 0.031250 0.548584 0.031250 0.548584 0.032839 0.549561 0.030720 0.550781 0.031250 0.548584 0.031250 0.548340 0.028602 0.548828 0.024894 0.548096 0.022246 0.546875 0.021716 0.547119 0.016949 0.547607 0.016419 0.547852 0.018538 0.550049 0.019597 0.550537 0.018538 0.550537 0.016949 0.549805 0.018008 0.549805 0.016949 0.549072 0.016419 0.549072 0.014831 0.549561 0.014301 0.549805 0.015360 0.550537 0.015360 0.550781 0.012182 0.551270 0.013242 0.552246 0.012182 0.552979 0.013242 0.552246 0.010593 0.552979 0.009004 0.553467 0.009004 0.552979 0.009004 0.552246 0.006886 0.552490 0.010064 0.551270 0.010593 0.551270 0.009004 0.550781 0.009004 0.551025 0.004237 0.550293 0.005297
1 0.333984 0.003178 0.334473 0.004767 0.333984 0.005297 0.333984 0.007945 0.336670 0.007945 0.336670 0.005297 0.335938 0.005297 0.335693 0.004237 0.334717 0.004237
1 0.667969 0.002119 0.667969 0.005826 0.669922 0.006356 0.669678 0.008475 0.668213 0.008475 0.667969 0.010064 0.668457 0.010064 0.669189 0.008475 0.669434 0.010064 0.670166 0.011123 0.670166 0.010064 0.669434 0.009004 0.670410 0.005826 0.670898 0.006356 0.670898 0.009534 0.670898 0.008475 0.671875 0.007415 0.673584 0.010064 0.674072 0.012712 0.673340 0.014831 0.673584 0.015890 0.672852 0.018538 0.672119 0.018538 0.672607 0.019597 0.673096 0.018538 0.673096 0.016949 0.674316 0.014301 0.673828 0.013242 0.674805 0.011653 0.675537 0.011653 0.675537 0.006886 0.674316 0.009534 0.673828 0.009534 0.673828 0.008475 0.673096 0.007945 0.673584 0.006886 0.673096 0.006356 0.673096 0.005297 0.672363 0.006886 0.671631 0.005826 0.672363 0.004237 0.672363 0.003178 0.672119 0.004237 0.671631 0.003178 0.670898 0.004767 0.670410 0.004767 0.670166 0.003178 0.669922 0.003708 0.669189 0.003178 0.669189 0.002119
1 0.321777 0.021186 0.325439 0.026483 0.325684 0.022775 0.329102 0.025424 0.328369 0.027542 0.327148 0.025424 0.326416 0.029661 0.323242 0.025424 0.323730 0.028602 0.322754 0.028602 0.324463 0.029131 0.324219 0.031250 0.326416 0.031250 0.326904 0.033369 0.327881 0.028072 0.329102 0.031250 0.330811 0.031250 0.331299 0.029131 0.329102 0.028602 0.331055 0.027013 0.332031 0.029131 0.331787 0.021716 0.330078 0.016419 0.330322 0.014301 0.331543 0.015360 0.329834 0.011653 0.331543 0.012712 0.331055 0.010064 0.332275 0.011653 0.335693 0.022775 0.333252 0.027542 0.332764 0.025424 0.332520 0.029131 0.333984 0.030720 0.335449 0.038665 0.338623 0.040784 0.337402 0.040784 0.338379 0.050318 0.338867 0.046610 0.339600 0.048729 0.338623 0.046081 0.338379 0.033898 0.337646 0.031250 0.335449 0.036017 0.333984 0.031250 0.335938 0.026483 0.336914 0.028072 0.336670 0.024364 0.339844 0.030191 0.341553 0.028072 0.343262 0.036547 0.344238 0.033369 0.346436 0.036547 0.345459 0.030720 0.347412 0.029131 0.348389 0.031250 0.349854 0.025953 0.347412 0.024364 0.348877 0.021716 0.348389 0.019068 0.347412 0.021716 0.343750 0.017479 0.344727 0.014301 0.345215 0.017479 0.347412 0.016419 0.347168 0.014301 0.344238 0.014831 0.343262 0.012182 0.343506 0.014831 0.340820 0.014831 0.337158 0.009534 0.333496 0.010593 0.331543 0.003178 0.332520 0.005826 0.330322 0.006886 0.334473 0.010593 0.333252 0.012712 0.329834 0.007945 0.328857 0.004767 0.330322 0.002648 0.329346 0.002119 0.328369 0.004237 0.325195 0.002119 0.325684 0.014301 0.326660 0.011653 0.325928 0.008475 0.326904 0.007945 0.330078 0.014831 0.331543 0.024894 0.329590 0.027013 0.327637 0.023835 0.328125 0.022246 0.324707 0.021186 0.323975 0.018008
1 0.321777 0.002119 0.322266 0.003178 0.322266 0.004767 0.321289 0.006356 0.321777 0.007415 0.321533 0.008475 0.321045 0.008475 0.321533 0.009534 0.321533 0.011123 0.322021 0.010064 0.322266 0.012182 0.323242 0.013242 0.322266 0.009534 0.322510 0.006886 0.323486 0.006356 0.323730 0.007415 0.323242 0.008475 0.323730 0.009004 0.323730 0.010064 0.324219 0.009534 0.324707 0.010593 0.324219 0.011653 0.324951 0.011653 0.324707 0.009534 0.323975 0.007945 0.323975 0.004237 0.323486 0.004237 0.322998 0.002119
1 0.686035 0.000530 0.686523 0.002648 0.686035 0.003178 0.686035 0.004237 0.686279 0.003178 0.686523 0.003708 0.686035 0.006886 0.686279 0.006356 0.687012 0.008475 0.685547 0.009004 0.685303 0.010593 0.684814 0.010064 0.685059 0.008475 0.684570 0.009004 0.684082 0.013242 0.684570 0.013771 0.684570 0.015360 0.685059 0.015360 0.685059 0.018538 0.686279 0.018538 0.685791 0.018008 0.686279 0.016949 0.686279 0.014831 0.686768 0.014301 0.687012 0.015360 0.687012 0.013771 0.686768 0.014301 0.686279 0.013242 0.685547 0.015890 0.685059 0.015360 0.685059 0.011653 0.686035 0.009534 0.686768 0.010593 0.686279 0.011653 0.687500 0.012182 0.687500 0.014301 0.689941 0.014301 0.690674 0.013242 0.691162 0.014301 0.691162 0.012182 0.691650 0.011123 0.692871 0.013771 0.692383 0.014831 0.692383 0.016419 0.692871 0.016419 0.693604 0.013771 0.693115 0.013242 0.693115 0.011653 0.692871 0.012182 0.692139 0.010593 0.692383 0.007945 0.691650 0.006356 0.691162 0.007415 0.690674 0.006886 0.691162 0.005297 0.690918 0.004237 0.691406 0.004237 0.690918 0.003178 0.691162 0.002119 0.688721 0.005297 0.688232 0.004237 0.688721 0.002648 0.688232 0.001059 0.688232 0.003708 0.687256 0.004237
1 0.312500 0.004237 0.312744 0.007945 0.313965 0.007945 0.312988 0.007415 0.312500 0.005297 0.312744 0.004767 0.313721 0.004767 0.314453 0.006356 0.314453 0.011123 0.314941 0.012182 0.316162 0.012182 0.315430 0.011653 0.315186 0.009534 0.316162 0.007945 0.316650 0.009534 0.316406 0.011123 0.317383 0.014301 0.318115 0.014301 0.318604 0.013242 0.318359 0.010593 0.319336 0.008475 0.319092 0.006356 0.320068 0.006356 0.320068 0.003178 0.317871 0.003178 0.317383 0.004767 0.316895 0.004237 0.317383 0.004767 0.317871 0.003708 0.318604 0.003708 0.318848 0.004767 0.318359 0.004767 0.318359 0.006886 0.317627 0.008475 0.316406 0.008475 0.316406 0.004237 0.315918 0.004767 0.315674 0.003708 0.316650 0.002119 0.316162 0.001589 0.316650 0.000530 0.315674 0.002119 0.314941 0.002119 0.314697 0.003178 0.313965 0.003178 0.313721 0.004237
1 0.788818 0.000000 0.788574 0.002648 0.786865 0.006356 0.786133 0.006886 0.786377 0.007945 0.787354 0.007945 0.787598 0.009004 0.789062 0.009534 0.790283 0.009004 0.791748 0.012182 0.790039 0.007945 0.788086 0.008475 0.787109 0.006886 0.788574 0.002648 0.789307 0.003708
1 0.763184 0.000000 0.762939 0.002119 0.762207 0.001589 0.762207 0.004237 0.761475 0.005297 0.760986 0.004767 0.761230 0.007945 0.761963 0.006886 0.762207 0.004767 0.762695 0.005297 0.762695 0.006886 0.763184 0.007415 0.762695 0.008475 0.763184 0.009534 0.762695 0.010593 0.762695 0.016419 0.763184 0.015360 0.763672 0.015360 0.763672 0.016419 0.764893 0.016419 0.764404 0.015360 0.764404 0.013771 0.763428 0.012182 0.763672 0.011123 0.764404 0.011123 0.764404 0.008475 0.763916 0.009534 0.763428 0.008475 0.764648 0.006886 0.765137 0.007945 0.765381 0.006886 0.763428 0.005826 0.762939 0.002119 0.763672 0.000530
1 0.761719 0.000000 0.760498 0.000000 0.758789 0.002119 0.758789 0.004237 0.759521 0.003708 0.760010 0.005826 0.759521 0.006886 0.759033 0.006356 0.759033 0.007415 0.760010 0.007945 0.760010 0.002119 0.760498 0.001589 0.760742 0.003708 0.760986 0.002648 0.761475 0.003178
1 0.746094 0.008475 0.746338 0.010064 0.746582 0.009004 0.747314 0.009004 0.748291 0.005297 0.749512 0.003708 0.750488 0.003708 0.750488 0.005297 0.748779 0.007945 0.751709 0.009004 0.753418 0.013242 0.753906 0.012182 0.755127 0.012182 0.755859 0.013771 0.755859 0.015890 0.757080 0.016419 0.757324 0.017479 0.756836 0.018008 0.757568 0.018538 0.757568 0.020127 0.757080 0.021186 0.755371 0.021716 0.756104 0.021716 0.756348 0.022775 0.757568 0.022775 0.757568 0.016949 0.759033 0.015360 0.757812 0.014831 0.757080 0.013242 0.756836 0.010593 0.753906 0.012182 0.752930 0.010064 0.753174 0.007415 0.754883 0.005297 0.755859 0.005826 0.755615 0.002648 0.753174 0.006886 0.752441 0.005297 0.752441 0.002648 0.752930 0.001589 0.753174 0.002119 0.752441 0.000000 0.751953 0.000000 0.752197 0.001059 0.750977 0.003708 0.750000 0.002648 0.747559 0.006356 0.747314 0.008475
1 0.729492 0.000000 0.730225 0.001059 0.731201 0.006886 0.731934 0.008475 0.732178 0.007945 0.732666 0.009534 0.733398 0.009534 0.733643 0.011653 0.734131 0.012182 0.735596 0.011653 0.736328 0.010064 0.738037 0.010593 0.739502 0.006886 0.739990 0.007415 0.739502 0.009534 0.740234 0.011123 0.739502 0.012712 0.738037 0.012712 0.737793 0.014831 0.737061 0.016419 0.735840 0.015360 0.733887 0.015890 0.734619 0.016949 0.734131 0.018008 0.735352 0.018538 0.736328 0.016949 0.738037 0.016949 0.738281 0.014301 0.738770 0.014831 0.738770 0.017479 0.740479 0.013771 0.740967 0.013771 0.741211 0.015360 0.739014 0.021186 0.739746 0.021716 0.740234 0.020657 0.741943 0.020657 0.741943 0.019068 0.743408 0.017479 0.742676 0.016949 0.741699 0.019068 0.740723 0.018538 0.741211 0.016419 0.741943 0.016419 0.740967 0.013242 0.740967 0.010593 0.740479 0.010593 0.740479 0.007415 0.740967 0.006886 0.740967 0.005297 0.740234 0.005297 0.739502 0.003708 0.738037 0.004767 0.737549 0.003708 0.738037 0.000000 0.736816 0.000000 0.737061 0.001059 0.735352 0.006886 0.736328 0.007415 0.736572 0.008475 0.735107 0.010593 0.733643 0.009004 0.730469 0.002119 0.730469 0.000000
1 0.722656 0.000000 0.722656 0.004767 0.723145 0.005297 0.722656 0.006886 0.720215 0.006356 0.720947 0.007945 0.720947 0.010064 0.721436 0.009004 0.722412 0.010064 0.722656 0.012712 0.723633 0.010593 0.725586 0.011123 0.728271 0.019597 0.729004 0.019597 0.730225 0.022246 0.730225 0.023305 0.730713 0.023305 0.731201 0.019597 0.730469 0.020127 0.729980 0.019068 0.729736 0.015360 0.729248 0.013771 0.729492 0.011653 0.727539 0.011653 0.726807 0.009534 0.726807 0.004237 0.727783 0.004237 0.726562 0.003178 0.726562 0.000000 0.725098 0.000000 0.724121 0.001059 0.723145 0.001059
1 0.676758 0.003178 0.676758 0.007945 0.677734 0.007945 0.676758 0.005297 0.676758 0.004237 0.677734 0.002648 0.678467 0.003178 0.678467 0.007945 0.679443 0.007945 0.679688 0.009004 0.680176 0.007945 0.680908 0.007945 0.679688 0.005826 0.679688 0.003708 0.679932 0.006886 0.679443 0.007945 0.678467 0.006356 0.679199 0.000000 0.678711 0.000000
1 0.666992 0.000000 0.666504 0.000000 0.666260 0.001059 0.665771 0.000000 0.665771 0.001589 0.664307 0.005826 0.664795 0.005826 0.665527 0.007415 0.663574 0.007415 0.663574 0.009004 0.664307 0.009004 0.664551 0.007945 0.667725 0.007945 0.667725 0.006886 0.667236 0.007415 0.664795 0.005826 0.665039 0.004767 0.666260 0.004767 0.666016 0.003708
1 0.660156 0.000000 0.658691 0.002648 0.658691 0.003708 0.659424 0.002648 0.660156 0.004237 0.660400 0.008475 0.660156 0.007945 0.660889 0.007415 0.660889 0.006356 0.660400 0.005826 0.660400 0.003178 0.660889 0.002648 0.660889 0.001059
1 0.655518 0.000000 0.654053 0.001059 0.654053 0.002648 0.653564 0.003708 0.653076 0.000000 0.652344 0.000530 0.652832 0.004237 0.650635 0.008475 0.652100 0.007945 0.653320 0.010064 0.652588 0.010064 0.652588 0.011653 0.651611 0.010593 0.651123 0.011123 0.650391 0.009534 0.650635 0.011123 0.649414 0.013771 0.650879 0.012182 0.652344 0.013242 0.653076 0.012182 0.653320 0.009534 0.652100 0.007415 0.653320 0.006886 0.654053 0.004237 0.654541 0.004767 0.654053 0.005826 0.654297 0.006886 0.655762 0.002648 0.655273 0.002648 0.655029 0.004237 0.654297 0.002119
1 0.612793 0.000000 0.613770 0.001589 0.614014 0.003178 0.615723 0.005297 0.616943 0.009004 0.616943 0.012712 0.617676 0.015890 0.617432 0.022775 0.617676 0.024894 0.618408 0.024894 0.618408 0.009534 0.617676 0.006886 0.617676 0.004237 0.618896 0.004237 0.617676 0.002119 0.617920 0.000000 0.615479 0.000000 0.614258 0.001059
1 0.594482 0.000000 0.593750 0.001059 0.593018 0.000000 0.592529 0.001589 0.592529 0.003708 0.591553 0.002119 0.591309 0.000000 0.591309 0.003708 0.592041 0.006886 0.593750 0.001059
1 0.578369 0.000000 0.582275 0.031250 0.580566 0.032309 0.576172 0.010593 0.579834 0.032839 0.577148 0.041843 0.581787 0.044492 0.587646 0.070975 0.583496 0.048199 0.583496 0.037076 0.584961 0.037076 0.590576 0.072034 0.588379 0.074682 0.593262 0.106992 0.591309 0.103284 0.590332 0.106462 0.601807 0.142479 0.601074 0.152013 0.605469 0.161017 0.604004 0.162606 0.605469 0.170021 0.603271 0.166314 0.602783 0.171610 0.609619 0.177436 0.605225 0.186970 0.610596 0.179555 0.609619 0.175847 0.611084 0.177436 0.611572 0.173199 0.605225 0.168962 0.605469 0.163665 0.607666 0.167903 0.608643 0.158898 0.605469 0.161017 0.604248 0.152542 0.601562 0.150953 0.604736 0.149894 0.606201 0.156780 0.603760 0.141949 0.602051 0.142479 0.603027 0.136653 0.599121 0.115996 0.600098 0.109110 0.598389 0.109110 0.592041 0.064089 0.594238 0.055614 0.592773 0.051907 0.594727 0.029131 0.594727 0.039725 0.597412 0.034428 0.596191 0.018008 0.600586 0.000000 0.594238 0.020127 0.593994 0.030191 0.591553 0.028602 0.593750 0.032839 0.591553 0.038136 0.591553 0.061441 0.588135 0.042903 0.588623 0.031780 0.584717 0.025953 0.584229 0.017479 0.582520 0.019597 0.583496 0.008475 0.582031 0.013771 0.580322 0.007945 0.581787 0.002119 0.580078 0.000000 0.579834 0.004767
1 0.568115 0.000000 0.556885 0.007945 0.556152 0.018008 0.566162 0.020657 0.563477 0.023835 0.568359 0.039725 0.562744 0.050847 0.564697 0.058792 0.560547 0.058792 0.560547 0.076801 0.566406 0.075212 0.559570 0.082627 0.564209 0.101165 0.560059 0.104873 0.556885 0.094280 0.555664 0.105403 0.557373 0.097987 0.561035 0.106992 0.556152 0.120763 0.562256 0.120763 0.558838 0.115466 0.565430 0.111229 0.561279 0.108581 0.564697 0.103284 0.573486 0.135064 0.569336 0.143008 0.565674 0.132945 0.568359 0.144068 0.565430 0.146186 0.572998 0.149894 0.566162 0.157309 0.567139 0.167903 0.564209 0.163665 0.559814 0.174258 0.558838 0.162606 0.555664 0.173729 0.552490 0.168432 0.555176 0.178496 0.553223 0.173199 0.552002 0.183263 0.558594 0.183263 0.556152 0.198623 0.564453 0.190148 0.559082 0.185911 0.565430 0.171610 0.571777 0.181674 0.576416 0.168962 0.575684 0.181144 0.581787 0.184852 0.575439 0.161017 0.569580 0.166843 0.573730 0.152542 0.583496 0.172669 0.579590 0.177966 0.587158 0.178496 0.581543 0.158898 0.585938 0.167903 0.588135 0.159958 0.580811 0.156780 0.576172 0.126589 0.584717 0.112288 0.577881 0.109110 0.582275 0.118114 0.576660 0.115466 0.574951 0.130297 0.571289 0.105932 0.571289 0.116525 0.567139 0.104343 0.569336 0.097458 0.566895 0.102225 0.561523 0.084216 0.565674 0.085275 0.565430 0.067267 0.569824 0.058792 0.563721 0.063030 0.571289 0.056674 0.567383 0.050318 0.570557 0.040254 0.582520 0.078919 0.577148 0.090042 0.582031 0.083686 0.579834 0.090042 0.590332 0.101165 0.572754 0.040254
1 0.521484 0.001059 0.521729 0.002119 0.522217 0.001059 0.522949 0.002119 0.523682 0.000000 0.525635 0.001589 0.525391 0.003708 0.525879 0.002119 0.526855 0.003178 0.527344 0.005297 0.526855 0.006886 0.527100 0.010593 0.526611 0.011653 0.525879 0.011653 0.526367 0.014301 0.525391 0.014301 0.525391 0.016419 0.526367 0.016949 0.526367 0.018538 0.525879 0.019068 0.525879 0.021716 0.526855 0.022775 0.527344 0.019597 0.528564 0.020657 0.528809 0.021716 0.528809 0.020657 0.529541 0.020127 0.529541 0.018008 0.528564 0.020657 0.528076 0.020657 0.527344 0.016949 0.526855 0.016419 0.527588 0.012712 0.527344 0.011653 0.528564 0.009534 0.527344 0.011123 0.526855 0.007415 0.527588 0.004767 0.528564 0.007945 0.528564 0.006356 0.528076 0.005826 0.528076 0.003178 0.527588 0.002119 0.529541 0.001589 0.529541 0.000000 0.529053 0.001059 0.528564 0.000000 0.522217 0.000000
1 0.480225 0.000000 0.479492 0.000000 0.480225 0.002119 0.479004 0.004767 0.478027 0.003708 0.478516 0.000000 0.478027 0.001589 0.477051 0.000000 0.476318 0.001589 0.476318 0.003708 0.475342 0.001589 0.475830 0.000000 0.475098 0.001059 0.474854 0.000000 0.473877 0.000000 0.473145 0.002119 0.472412 0.000530 0.470703 0.004237 0.470215 0.011653 0.468994 0.011653 0.468506 0.010593 0.468262 0.006886 0.468506 0.006356 0.468750 0.007415 0.468994 0.004767 0.468750 0.005826 0.467773 0.005297 0.468262 0.007945 0.467773 0.008475 0.468018 0.010064 0.466797 0.014301 0.467285 0.015360 0.468506 0.013771 0.469238 0.014831 0.468506 0.015360 0.468750 0.019597 0.467285 0.020127 0.466309 0.022246 0.466309 0.024894 0.467529 0.024894 0.467773 0.028072 0.468262 0.025953 0.469971 0.025953 0.471191 0.027542 0.470947 0.029661 0.471436 0.030191 0.471436 0.027542 0.472168 0.024894 0.472656 0.025424 0.472656 0.027013 0.473877 0.027013 0.474121 0.025953 0.475830 0.027013 0.476074 0.020657 0.476562 0.020127 0.477539 0.023835 0.477539 0.027013 0.476807 0.029131 0.477783 0.028072 0.478760 0.025424 0.478760 0.022246 0.479492 0.021186 0.479980 0.017479 0.479004 0.014831 0.478760 0.015890 0.479736 0.018008 0.478760 0.019068 0.479248 0.019597 0.478516 0.020127 0.477539 0.019068 0.477539 0.020127 0.478760 0.021716 0.478760 0.023305 0.478271 0.023835 0.476562 0.020127 0.476562 0.016949 0.477295 0.014831 0.476807 0.010593 0.476318 0.011653 0.475586 0.010593 0.475586 0.013242 0.474609 0.013771 0.474121 0.015360 0.473389 0.010593 0.472656 0.010593 0.472412 0.008475 0.473633 0.005826 0.474365 0.007945 0.474365 0.006886 0.475342 0.006886 0.475586 0.007945 0.476318 0.004237 0.477295 0.004767 0.477295 0.007945 0.477051 0.006356 0.477783 0.005297 0.479248 0.006356 0.480225 0.003708
1 0.460693 0.000000 0.459961 0.002119 0.460693 0.003708 0.460449 0.005297 0.460938 0.006356 0.460938 0.012182 0.462158 0.012182 0.461426 0.009534 0.461914 0.007945 0.463379 0.008475 0.463379 0.011123 0.462891 0.012182 0.463623 0.012182 0.463623 0.008475 0.465576 0.005297 0.464355 0.006886 0.463867 0.005826 0.464355 0.004767 0.463867 0.003708 0.464111 0.000000 0.463379 0.000000 0.463379 0.004767 0.462402 0.007415 0.462158 0.000000 0.461914 0.004767 0.461426 0.005826 0.460938 0.005297 0.461182 0.000530
1 0.456543 0.000000 0.456543 0.002648 0.455811 0.003178 0.455566 0.002119 0.455566 0.003708 0.456787 0.005297 0.457031 0.004767 0.457764 0.006356 0.458496 0.011123 0.458740 0.007945 0.459229 0.006886 0.458984 0.005297 0.459961 0.004767 0.459229 0.002648 0.458740 0.002648 0.458008 0.001059 0.457764 0.001589 0.458496 0.005297 0.458252 0.007945 0.456787 0.003178 0.456787 0.001059 0.457275 0.000000
1 0.423340 0.000000 0.423828 0.002648 0.423584 0.003708 0.424561 0.004767 0.425049 0.003708 0.425049 0.001589 0.425537 0.000000
1 0.421875 0.000000 0.421631 0.001589 0.420898 0.002648 0.420898 0.007945 0.419434 0.007945 0.420654 0.010593 0.421143 0.009534 0.421631 0.010593 0.421631 0.004237 0.423096 0.002648
1 0.145996 0.376059 0.435059 0.770127 0.194092 0.999470 0.557617 0.999470 0.774414 0.472987 0.557129 0.289725 0.662598 0.685381 0.480469 0.870763 0.527100 0.476165 0.403076 0.425847 0.521240 0.003178 0.363525 0.013771 0.418701 0.341102 0.298828 0.179025 0.421143 0.637712
1 0.357422 0.000000 0.357422 0.002648 0.356934 0.003708 0.357422 0.004767 0.359131 0.004767 0.359375 0.005826 0.359863 0.005826 0.360352 0.010064 0.364502 0.010064 0.365234 0.007945 0.365967 0.007945 0.365967 0.004767 0.364746 0.004237 0.364014 0.005297 0.363281 0.004767 0.360840 0.010064 0.360352 0.009534 0.360107 0.006356 0.360840 0.004767 0.361572 0.004767 0.361328 0.003178 0.362061 0.001589 0.363770 0.001589 0.364258 0.000000 0.365967 0.000000
1 0.349121 0.003708 0.349854 0.005826 0.350586 0.006356 0.349854 0.004767 0.350098 0.002648 0.351562 0.004767 0.352783 0.004767 0.353760 0.002648 0.353760 0.001589 0.353027 0.000000 0.351562 0.000000 0.351562 0.001589 0.350830 0.002119 0.350342 0.000000 0.349365 0.000000 0.349854 0.002648
1 0.336914 0.000000 0.336426 0.003178 0.336914 0.003708 0.337158 0.006356 0.338379 0.007945 0.338135 0.003178
1 0.225342 0.000000 0.221680 0.021716 0.231445 0.038665 0.231934 0.016419 0.238770 0.020127 0.234863 0.030191 0.241943 0.036547 0.245850 0.025424 0.242920 0.015360 0.252930 0.027013 0.261719 0.020127 0.254883 0.041843 0.261963 0.051907 0.258789 0.073623 0.263184 0.077860 0.255371 0.081568 0.254883 0.093750 0.261230 0.093750 0.262695 0.081568 0.266846 0.100636 0.259766 0.095339 0.264404 0.111229 0.260010 0.114407 0.260498 0.103814 0.257812 0.113347 0.262207 0.115466 0.264160 0.137182 0.263916 0.115466 0.274414 0.117585 0.270020 0.137182 0.280029 0.146716 0.281006 0.126589 0.288818 0.141949 0.284912 0.161017 0.277588 0.153072 0.282959 0.152013 0.281250 0.145127 0.270508 0.146716 0.277344 0.158369 0.271973 0.153602 0.264160 0.168432 0.282471 0.177436 0.280518 0.162606 0.289551 0.175318 0.294189 0.161017 0.298584 0.176907 0.297119 0.148305 0.287842 0.139301 0.284668 0.117055 0.284912 0.130297 0.274170 0.127648 0.282471 0.121292 0.278076 0.106462 0.288818 0.110169 0.282471 0.096398 0.275391 0.101695 0.276367 0.058792 0.281982 0.058792 0.283691 0.072034 0.278320 0.079979 0.284912 0.067797 0.291504 0.072034 0.284912 0.064089 0.291748 0.056674 0.283203 0.032309 0.289307 0.036547 0.294678 0.011653 0.304443 0.002119 0.257080 0.000000 0.257324 0.020127 0.253662 0.000000 0.231934 0.000000 0.237793 0.018538
1 0.215332 0.000000 0.215332 0.002648 0.216064 0.003178 0.215820 0.005826 0.216309 0.003708 0.216797 0.004237 0.216797 0.007945 0.216309 0.007945 0.216309 0.012182 0.216797 0.012712 0.216553 0.013242 0.217529 0.014301 0.218018 0.013242 0.217529 0.012182 0.218018 0.011653 0.218506 0.012712 0.218506 0.010593 0.219238 0.010064 0.219727 0.012182 0.221191 0.013771 0.220703 0.015360 0.219727 0.013771 0.219727 0.015360 0.219238 0.015890 0.219971 0.015360 0.220459 0.016419 0.220215 0.018538 0.220703 0.019597 0.221924 0.019597 0.221924 0.018538 0.222412 0.018008 0.222412 0.016949 0.221924 0.017479 0.221436 0.016419 0.221436 0.013771 0.222412 0.012182 0.222656 0.014831 0.223389 0.015360 0.222656 0.012182 0.223145 0.011123 0.224365 0.011653 0.222900 0.011123 0.222412 0.010064 0.222656 0.008475 0.225342 0.007945 0.225830 0.009004 0.224854 0.007415 0.223633 0.006886 0.222656 0.004767 0.222168 0.005297 0.220215 0.002648 0.221436 0.001059 0.219727 0.001589 0.219727 0.000000 0.219238 0.000000 0.219238 0.001059 0.219727 0.001589 0.218750 0.002119 0.218750 0.007945 0.219238 0.007945 0.219727 0.009534 0.218750 0.009534 0.218262 0.010593 0.217529 0.009004 0.217529 0.000000
1 0.209473 0.000000 0.209961 0.001059 0.209961 0.003708 0.211670 0.003708 0.211182 0.002648 0.211670 0.001589 0.211670 0.000000
2 0.978271 0.994703 0.977051 0.992585 0.974121 0.992055 0.971436 0.993644 0.967285 0.994174 0.970215 0.995233 0.975098 0.994703 0.976807 0.995763
2 0.793457 0.596398 0.791748 0.602225 0.792969 0.605932 0.795898 0.605932 0.796143 0.604873 0.795654 0.602225
2 0.852783 0.448093 0.852051 0.446504 0.850830 0.446504 0.848877 0.444915 0.848145 0.447034 0.844727 0.449682 0.842773 0.453390 0.843750 0.457097 0.844482 0.458157 0.849365 0.457097 0.851562 0.454449 0.851807 0.452331 0.852783 0.450212
2 0.999756 0.403072 0.978760 0.396186 0.967041 0.413665 0.953125 0.411547 0.938965 0.453390 0.890869 0.410487 0.852295 0.418962 0.843994 0.428496 0.853027 0.440678 0.883545 0.442797 0.882080 0.474047 0.865479 0.476695 0.875000 0.488347 0.852295 0.482521 0.852295 0.460805 0.831543 0.463453 0.830811 0.477754 0.791992 0.522246 0.799805 0.550847 0.817627 0.546081 0.827148 0.564089 0.850586 0.567797 0.834473 0.579979 0.803467 0.559852 0.786133 0.575212 0.797607 0.581038 0.791748 0.591631 0.797852 0.597987 0.801270 0.637182 0.795654 0.650953 0.809082 0.681674 0.808594 0.699682 0.795166 0.726695 0.802490 0.779131 0.784668 0.820975 0.726074 0.887182 0.740234 0.914725 0.734375 0.922140 0.737549 0.935381 0.781494 0.996292 0.836670 0.996822 0.847900 0.979873 0.852539 0.984110 0.844482 0.994703 0.964355 0.995763 0.999756 0.975106 0.994629 0.958157 0.984375 0.968750 0.972412 0.959746 0.994141 0.953919 0.979492 0.944915 0.999756 0.926907 0.992432 0.907839 0.995605 0.841631 0.990479 0.838453 0.999756 0.788665
2 0.898926 0.000000 0.893799 0.032309 0.906982 0.049258 0.913086 0.066737 0.914795 0.082627 0.928955 0.095869 0.931396 0.105403 0.911621 0.133475 0.895020 0.146716 0.900879 0.161547 0.923584 0.179025 0.928223 0.188559 0.924805 0.210275 0.912354 0.231992 0.906738 0.254767 0.928711 0.260064 0.937012 0.251589 0.937012 0.229873 0.942139 0.215572 0.956543 0.215042 0.963867 0.234640 0.980957 0.252119 0.974854 0.275424 0.975342 0.304025 0.982422 0.320445 0.982910 0.345339 0.994629 0.373941 0.997559 0.324153 0.999756 0.320975 0.999756 0.191208 0.997803 0.190148 0.994629 0.159958 0.999756 0.148835 0.999756 0.051907 0.996826 0.050318 0.995117 0.039725 0.999756 0.028072 0.999756 0.017479 0.993164 0.000000
2 0.999756 0.817267 0.994141 0.803496 0.987305 0.800318 0.981689 0.811970 0.965820 0.832097 0.959961 0.880297 0.954834 0.887182 0.957275 0.897246 0.953857 0.911017 0.950684 0.915254 0.946045 0.944386 0.938477 0.927966 0.932129 0.922669 0.914795 0.921081 0.894043 0.933263 0.882080 0.928496 0.865723 0.941737 0.856934 0.971398 0.845215 0.983581 0.842529 0.994703 0.843750 0.999470 0.890625 0.999470 0.904053 0.995233 0.919678 0.999470 0.986084 0.999470 0.999756 0.993644 0.999756 0.975106 0.997070 0.973517 0.999756 0.971928 0.999756 0.913665 0.996826 0.907839 0.995117 0.870233 0.996094 0.850636 0.999756 0.842691
