0 0.131836 0.358051 0.154541 0.418962 0.182373 0.415254 0.155518 0.479343 0.163818 0.557733 0.131836 0.590572 0.112549 0.645127 0.126221 0.664195 0.099854 0.722987 0.116455 0.718750 0.133789 0.773835 0.151367 0.784958 0.155029 0.889301 0.169678 0.890360 0.198975 0.777542 0.242920 0.691208 0.259766 0.678496 0.272217 0.708686 0.270752 0.666314 0.285156 0.671610 0.266602 0.636123 0.302734 0.605932 0.259521 0.785487 0.273438 0.834746 0.307373 0.891419 0.335449 0.779661 0.390137 0.745763 0.406738 0.797669 0.384033 0.944915 0.425781 0.962394 0.426025 0.999470 0.440430 0.999470 0.450684 0.966102 0.464355 0.999470 0.563965 0.999470 0.566650 0.940148 0.580078 0.958686 0.578125 0.999470 0.597168 0.979873 0.636475 0.999470 0.641113 0.930085 0.670898 0.915254 0.700684 0.973517 0.727295 0.960275 0.716553 0.918432 0.728027 0.787606 0.701172 0.645127 0.685547 0.623411 0.668457 0.535487 0.613037 0.494703 0.587402 0.403602 0.588623 0.348517 0.526123 0.283898 0.530029 0.201271 0.491211 0.161017 0.498047 0.126589 0.477539 0.099576 0.431641 0.141949 0.409668 0.113877 0.360596 0.120233 0.329590 0.087394 0.273682 0.093750 0.261475 0.073093 0.224609 0.203919 0.194336 0.243644 0.178223 0.223517 0.167969 0.290254 0.200439 0.280191 0.202148 0.318856
1 0.553467 0.986758 0.552734 0.987288 0.552979 0.991525 0.552246 0.993644 0.552002 0.996292 0.551514 0.997352 0.551270 0.996822 0.551270 0.998411 0.549805 0.997881 0.549561 0.999470 0.552490 0.999470 0.552979 0.998411 0.552734 0.994174 0.552979 0.993644 0.553223 0.994703 0.553467 0.993114
1 0.561768 0.980403 0.561523 0.981462 0.562256 0.981992 0.562744 0.984110 0.562744 0.987288 0.563965 0.992585 0.564453 0.992585 0.564941 0.990996 0.564941 0.988877 0.563965 0.988877 0.563477 0.987818 0.563232 0.983581 0.562744 0.981462
1 0.476318 0.960805 0.476562 0.962924 0.476807 0.961864 0.477051 0.962394 0.476807 0.965042 0.477783 0.965042 0.478027 0.965572 0.477539 0.966631 0.478027 0.966631 0.478271 0.962924 0.477783 0.960275
1 0.602051 0.957627 0.601074 0.958157 0.600830 0.959216 0.600098 0.959216 0.599121 0.957097 0.598389 0.958157 0.598145 0.962924 0.598389 0.963453 0.598633 0.962394 0.599121 0.964513 0.597412 0.965042 0.597168 0.963983 0.597168 0.965572 0.597656 0.966631 0.597168 0.971928 0.597412 0.974576 0.596436 0.976165 0.595703 0.975636 0.595703 0.980932 0.594971 0.981992 0.596191 0.980932 0.596436 0.978284 0.597412 0.975636 0.599121 0.973517 0.599365 0.969809 0.600342 0.968220 0.600342 0.966631 0.603027 0.963453
1 0.504395 0.956038 0.504150 0.957097 0.506104 0.961864 0.507568 0.963453 0.508301 0.966102 0.508545 0.961864 0.507324 0.960805 0.505371 0.956038
1 0.629150 0.953919 0.628418 0.954449 0.627930 0.956568 0.624512 0.962924 0.623779 0.961864 0.622803 0.962924 0.623047 0.963453 0.622559 0.963983 0.623047 0.964513 0.622559 0.965042 0.622559 0.966102 0.623535 0.966631 0.624268 0.963983 0.625488 0.963983 0.625244 0.962924 0.625732 0.961864 0.626709 0.961864 0.627197 0.960805 0.629150 0.960805 0.629883 0.958686
1 0.610840 0.952860 0.610596 0.956038 0.611572 0.958157 0.611572 0.960275 0.612549 0.961864 0.613770 0.961335 0.614014 0.959216 0.613525 0.957097 0.612305 0.954449 0.611572 0.954449
1 0.636719 0.953390 0.637939 0.955508 0.639404 0.954979 0.638916 0.952331 0.637695 0.952331 0.637451 0.953390
1 0.599609 0.950212 0.599854 0.952860 0.600586 0.953919 0.600098 0.954979 0.601074 0.956038 0.603760 0.954449 0.603760 0.953390 0.602051 0.950742 0.601562 0.950742 0.601074 0.952331 0.600098 0.952331 0.599854 0.951271 0.600342 0.950212 0.600586 0.950742 0.600586 0.949682
1 0.596680 0.948623 0.596191 0.947564 0.594971 0.947564 0.594727 0.946504 0.594727 0.947564 0.593994 0.948623 0.593506 0.947034 0.592773 0.949153 0.591553 0.950212 0.591309 0.951271 0.592041 0.951271 0.591553 0.953919 0.590820 0.954979 0.590820 0.956568 0.593994 0.953390 0.597168 0.953390 0.596436 0.951271
1 0.558838 0.944386 0.558594 0.945445 0.559082 0.946504 0.558594 0.947034 0.558594 0.948093 0.559326 0.948093 0.560059 0.949682 0.560059 0.951801 0.561523 0.947034 0.561523 0.945445 0.561279 0.946504 0.560791 0.946504 0.560547 0.945445 0.559326 0.945445
1 0.601562 0.927436 0.601318 0.929025 0.603516 0.933792 0.604004 0.932203 0.602295 0.927966
1 0.705811 0.923729 0.703857 0.923729 0.702393 0.926907 0.702637 0.927436 0.703125 0.925847 0.704834 0.926907 0.705566 0.925847
1 0.626221 0.926907 0.624756 0.927966 0.623779 0.925847 0.623291 0.923199 0.622803 0.923199 0.623047 0.924788 0.622559 0.925318 0.623779 0.928496 0.622559 0.932203 0.624023 0.931674 0.624023 0.929555 0.625244 0.927436
1 0.555664 0.922669 0.555176 0.924258 0.555176 0.927436 0.554199 0.929025 0.556152 0.931144 0.556885 0.931144 0.556152 0.927436 0.556396 0.924258
1 0.582031 0.927966 0.582520 0.930085 0.583252 0.930085 0.585205 0.925847 0.590820 0.925847 0.592773 0.927436 0.594727 0.931144 0.595459 0.931144 0.594727 0.923199 0.594238 0.921610 0.587891 0.921081 0.585938 0.918962 0.585693 0.922140 0.584717 0.922669 0.583740 0.925847 0.583008 0.925847
1 0.546631 0.917903 0.545410 0.920551 0.545654 0.921081 0.545166 0.922669 0.545654 0.925318 0.544922 0.926377 0.544434 0.923729 0.544678 0.927436 0.546387 0.927436 0.546143 0.922669 0.546631 0.920551
1 0.614258 0.914725 0.613037 0.912076 0.611328 0.905191 0.610596 0.905720 0.610352 0.907309 0.610107 0.906780 0.610352 0.908369 0.609619 0.909958 0.607910 0.910487 0.606445 0.914725 0.605469 0.915254 0.605469 0.916314 0.606201 0.917373 0.605469 0.917903 0.604980 0.920021 0.605469 0.920551 0.607178 0.918962 0.609619 0.920021 0.610107 0.919492 0.610352 0.920551 0.611816 0.921081 0.612549 0.923199 0.613525 0.922140
1 0.582275 0.904131 0.582031 0.906250 0.580322 0.909958 0.579834 0.908898 0.580078 0.910487 0.581299 0.911017 0.582275 0.909428
1 0.158691 0.891419 0.161377 0.893538 0.162842 0.893538 0.165283 0.895127 0.166748 0.894068 0.165771 0.893008 0.166016 0.891419 0.167725 0.891419 0.168213 0.890360 0.168457 0.892479 0.167725 0.893538 0.168213 0.893538 0.169922 0.889301 0.169189 0.889301 0.168457 0.890890 0.168213 0.889831 0.164307 0.889831 0.163818 0.887712 0.163086 0.887712 0.162598 0.888771 0.163086 0.890360 0.162598 0.891949 0.162109 0.891949 0.161133 0.889831 0.160889 0.890890 0.160645 0.889831 0.159180 0.889831
1 0.573975 0.881886 0.574219 0.883475 0.573730 0.883475 0.573486 0.886653 0.573730 0.887712 0.574219 0.887182 0.574219 0.886123 0.574951 0.886123 0.574951 0.887712 0.575439 0.888242 0.575195 0.888771 0.576172 0.891419 0.575684 0.891949 0.575684 0.893008 0.576904 0.896186 0.576660 0.896716 0.577393 0.895657 0.578125 0.896716 0.578125 0.895127 0.578613 0.894068 0.578125 0.893538 0.578369 0.893008 0.579102 0.893008 0.579590 0.894068 0.580322 0.893538 0.580811 0.891949 0.580811 0.888771 0.579590 0.884534 0.577393 0.884534 0.576904 0.883475 0.577148 0.885064 0.576660 0.885593 0.575684 0.881886 0.575195 0.881886 0.574951 0.882945
1 0.171387 0.871292 0.170410 0.873411 0.169678 0.877648 0.170410 0.878708 0.170654 0.880826
1 0.150146 0.868644 0.149902 0.877119 0.150635 0.877648 0.151123 0.875000 0.151611 0.874470 0.151611 0.872881 0.150635 0.871292 0.150635 0.869703
1 0.601807 0.867585 0.600586 0.867585 0.600098 0.869174 0.600098 0.871292 0.598633 0.876059 0.599609 0.876059 0.600342 0.873411 0.600586 0.875530 0.601318 0.873941 0.601074 0.872352 0.601807 0.869703
1 0.443115 0.866525 0.442383 0.866525 0.442139 0.869174 0.441650 0.868114 0.439697 0.871822 0.439697 0.872881 0.439209 0.872881 0.442627 0.869174 0.442871 0.869703
1 0.603760 0.853284 0.603271 0.854873 0.604004 0.858051 0.604980 0.859110 0.604980 0.863347 0.605469 0.861758 0.606445 0.861758 0.607666 0.865996 0.609375 0.867585 0.609863 0.865466 0.609619 0.859110 0.608643 0.855403 0.607910 0.853814 0.607422 0.853814 0.607422 0.855932 0.606689 0.856462 0.605957 0.854343 0.604736 0.854873
1 0.622070 0.849576 0.621094 0.851695 0.621338 0.854873 0.620850 0.855403 0.622559 0.861758 0.623291 0.860699 0.623535 0.859110 0.623047 0.856992 0.622559 0.850106
1 0.509521 0.847987 0.509766 0.849576 0.509033 0.850106 0.509033 0.852754 0.507324 0.855932 0.506836 0.854873 0.505859 0.854873 0.505615 0.855932 0.505127 0.855932 0.506104 0.857521 0.506348 0.856462 0.507568 0.856992 0.507812 0.859640 0.509277 0.858581 0.510498 0.854873 0.510498 0.853814 0.510010 0.853814 0.510254 0.852225 0.510010 0.853284 0.509766 0.852754 0.510010 0.849047
1 0.615967 0.846928 0.615967 0.851695 0.616943 0.853284 0.617432 0.851695 0.617432 0.847987
1 0.154053 0.843220 0.152344 0.846398 0.152832 0.846928 0.152832 0.850106 0.152100 0.850106 0.152100 0.851695 0.151367 0.851165 0.151611 0.854873 0.151123 0.856462 0.153320 0.851695 0.153320 0.847987
1 0.613770 0.843220 0.613281 0.844809 0.614258 0.847458 0.614990 0.847987 0.615479 0.846928 0.615234 0.843750 0.614746 0.842691
1 0.605469 0.836864 0.605469 0.838453 0.604492 0.839513 0.604492 0.842161 0.605225 0.843220 0.606201 0.842691 0.605469 0.839513
1 0.157959 0.831568 0.157227 0.833686 0.157227 0.835275 0.156006 0.838453 0.155029 0.837394 0.155029 0.835805 0.153809 0.835805 0.153809 0.836864 0.152832 0.836864 0.152344 0.837924 0.152344 0.840572 0.152832 0.838453 0.156006 0.838983 0.155273 0.840042 0.155029 0.842161 0.155518 0.845339 0.155518 0.849047 0.154785 0.851695 0.155029 0.852225 0.155762 0.848517 0.156494 0.837924 0.157959 0.833686
1 0.496582 0.822034 0.495605 0.821504 0.495850 0.822034 0.495361 0.822564 0.496094 0.823093 0.494873 0.826271 0.494629 0.825742 0.494629 0.826801 0.493896 0.827331 0.493408 0.829449 0.493164 0.828919 0.492432 0.830508 0.494141 0.831568 0.495117 0.828390 0.496094 0.828919 0.496094 0.826801 0.497070 0.825212
1 0.574707 0.818326 0.574219 0.818326 0.574219 0.822034 0.573486 0.823093 0.573975 0.824153 0.572266 0.826801 0.572510 0.828390 0.574707 0.823623
1 0.195801 0.817797 0.194336 0.817797 0.193848 0.816737 0.192627 0.818856 0.191650 0.818856 0.195068 0.820445
1 0.570068 0.810381 0.569824 0.814089 0.569580 0.814619 0.569336 0.813559 0.569092 0.816208 0.570312 0.817797 0.570068 0.818856 0.571045 0.819386 0.571045 0.820445 0.570557 0.820445 0.570801 0.822034 0.571777 0.820975 0.572021 0.823093 0.572021 0.821504 0.570801 0.818326 0.571045 0.816737
1 0.303711 0.810381 0.303467 0.812500 0.306152 0.818326 0.306885 0.816208 0.306885 0.813559
1 0.645996 0.807733 0.645752 0.808263 0.645020 0.807203 0.644531 0.808263 0.644531 0.809322 0.643799 0.810911 0.644043 0.812500 0.645996 0.809322
1 0.611816 0.805085 0.610840 0.808263 0.611084 0.810381 0.612793 0.814619 0.613770 0.814619 0.614258 0.813030 0.614258 0.810911 0.613770 0.809852 0.614014 0.808792 0.612061 0.807203 0.611816 0.806144 0.612305 0.805614
1 0.562500 0.805085 0.562012 0.805614 0.562012 0.808792 0.563477 0.811970 0.563477 0.815678 0.563965 0.815148 0.564209 0.811441 0.562988 0.808263
1 0.327881 0.804555 0.327148 0.805085 0.326416 0.802966 0.324707 0.805614 0.323730 0.804025 0.321289 0.804025 0.321777 0.804555 0.319824 0.806144 0.319824 0.814089 0.318604 0.818326 0.317627 0.817797 0.317871 0.818856 0.319824 0.820445 0.324463 0.809852
1 0.499512 0.801907 0.499512 0.804555 0.500000 0.805614 0.501709 0.804555 0.501221 0.802436 0.500000 0.801377
1 0.313965 0.797669 0.313477 0.798729 0.313477 0.802966 0.314697 0.802966 0.315430 0.805085 0.315186 0.810381 0.316162 0.811970 0.316406 0.807203 0.317139 0.805614 0.317139 0.803496 0.314941 0.801907 0.316650 0.800318 0.317139 0.801377 0.317139 0.797669 0.316162 0.799788 0.315674 0.798729 0.314941 0.798729 0.314697 0.797669
1 0.646729 0.797140 0.645508 0.798729 0.645996 0.803496 0.646729 0.801907
1 0.414307 0.796610 0.413818 0.797669 0.412598 0.797140 0.412109 0.797669 0.412109 0.799258 0.411621 0.799258 0.412598 0.800318 0.411377 0.800847 0.411133 0.805614 0.411621 0.807733 0.412354 0.807203 0.411865 0.804025 0.412354 0.801907 0.412842 0.801377 0.413574 0.802966 0.414062 0.802436 0.413818 0.798729
1 0.553711 0.793432 0.553711 0.795021 0.554932 0.797140 0.554932 0.798729 0.556885 0.798729 0.557373 0.799788 0.557129 0.800847 0.557617 0.802966 0.559814 0.805614 0.559814 0.807733 0.560791 0.806144 0.561035 0.804555 0.561279 0.806144 0.561279 0.804555 0.561768 0.804555 0.562256 0.801377 0.561035 0.798729 0.561523 0.797140 0.562500 0.797669 0.562500 0.795021 0.562988 0.793962 0.562744 0.792373 0.560547 0.791843 0.559814 0.792903 0.558838 0.790784 0.557129 0.789725 0.556396 0.792373 0.554443 0.794492
1 0.259521 0.786017 0.259521 0.787076 0.260010 0.787606 0.263916 0.787606 0.263916 0.786017 0.263428 0.784958
1 0.300293 0.782839 0.298584 0.787076 0.296875 0.788665 0.295410 0.791843 0.295410 0.792903 0.297119 0.795021 0.297119 0.793962 0.298828 0.791314 0.300293 0.791843 0.301758 0.795021 0.301758 0.797140 0.300537 0.799258 0.300537 0.800847 0.300293 0.800318 0.301514 0.798729 0.303711 0.793432 0.302734 0.794492 0.302490 0.793962 0.302734 0.791843 0.302002 0.790784 0.301514 0.786017
1 0.405029 0.770127 0.404053 0.771186 0.404053 0.775953 0.405029 0.774894 0.405518 0.773305
1 0.322998 0.769068 0.321289 0.769068 0.321045 0.768008 0.320312 0.768008 0.320312 0.771186 0.322266 0.771186 0.321533 0.774364 0.320312 0.774364 0.320801 0.775424 0.320312 0.776483 0.322998 0.772775 0.323242 0.770657 0.323730 0.771716 0.323486 0.770127 0.322754 0.769597
1 0.148193 0.765890 0.144287 0.770127 0.144043 0.771186 0.145020 0.772246 0.146729 0.769597 0.147705 0.766419 0.148193 0.766949 0.147705 0.768008 0.147949 0.768538
1 0.326904 0.763242 0.325195 0.763242 0.325195 0.769597 0.326904 0.765360
1 0.299072 0.760064 0.299316 0.761653 0.298828 0.766419 0.299072 0.768538 0.299561 0.768538 0.300049 0.764831 0.300537 0.763771 0.300537 0.761653
1 0.410156 0.756886 0.408936 0.757415 0.408691 0.755826 0.407715 0.757945 0.407471 0.760064 0.408203 0.763771 0.409424 0.761653 0.409912 0.762712 0.409668 0.760064 0.410400 0.759534
1 0.438232 0.751589 0.438477 0.753178 0.437988 0.754237 0.437744 0.753178 0.437744 0.755297 0.437256 0.755297 0.437256 0.752648 0.437256 0.754237 0.436035 0.756886 0.438965 0.760064 0.439453 0.757945 0.439209 0.753178
1 0.564209 0.750000 0.563721 0.751059 0.564209 0.752119 0.563721 0.756356 0.563965 0.757945 0.564697 0.759004 0.565186 0.757945 0.564697 0.754767 0.564941 0.752648
1 0.429932 0.750000 0.428955 0.753178 0.429932 0.753708 0.430664 0.755297 0.430664 0.756886 0.429932 0.758475 0.430664 0.761123 0.431396 0.761123 0.432373 0.759534 0.433350 0.759534 0.434082 0.757415 0.433838 0.757945 0.432617 0.755297 0.431641 0.755297 0.431396 0.753178 0.430420 0.752119 0.430420 0.750000
1 0.410889 0.746822 0.410156 0.748941 0.410645 0.751059 0.411865 0.750530 0.412109 0.751059 0.411621 0.753178 0.413086 0.753708 0.413330 0.752119
1 0.422852 0.744703 0.422119 0.744703 0.420898 0.746292 0.420410 0.748941 0.421387 0.749470
1 0.416504 0.744703 0.415771 0.745763 0.414551 0.750000 0.415039 0.751589 0.416016 0.750530 0.416992 0.747352 0.416992 0.745763
1 0.291260 0.740996 0.290771 0.740996 0.288818 0.744703 0.288330 0.744703 0.286377 0.748941 0.283203 0.752119 0.281250 0.752119 0.280762 0.751059 0.280762 0.753708 0.280273 0.754237 0.279785 0.752119 0.279785 0.753178 0.279053 0.754767 0.278809 0.753708 0.278076 0.756356 0.276367 0.757415 0.275635 0.759534 0.274902 0.758475 0.274902 0.760064 0.275391 0.760593 0.275391 0.763242 0.276367 0.765890 0.276367 0.770127 0.277344 0.772775 0.279053 0.770657 0.279297 0.769068 0.278809 0.768538 0.280518 0.766949 0.282715 0.760064 0.284424 0.759004 0.285889 0.755297 0.287842 0.754237 0.288330 0.751589 0.287842 0.751059 0.288574 0.750530 0.289795 0.745763 0.291504 0.742055
1 0.323730 0.740996 0.322754 0.742055 0.322266 0.739936 0.322510 0.743644 0.321777 0.745763 0.321777 0.747352 0.321289 0.747881 0.321289 0.749470 0.322266 0.749470 0.322754 0.747881 0.322266 0.746292 0.322754 0.744174 0.323975 0.742055
1 0.460205 0.740996 0.458740 0.739407 0.457764 0.740466 0.456299 0.739936 0.456055 0.742585 0.455566 0.742585 0.455566 0.743644 0.456787 0.746292 0.458008 0.746292 0.459717 0.743114
1 0.177979 0.739407 0.177246 0.739407 0.175781 0.743644 0.175781 0.746292 0.176270 0.746822 0.176270 0.750530 0.177246 0.751059 0.178223 0.748941 0.178711 0.746292 0.179199 0.746292 0.179199 0.747352 0.180908 0.744703 0.181152 0.745233 0.180908 0.743644 0.180176 0.743644 0.179199 0.745763 0.178955 0.740996
1 0.335205 0.738347 0.334961 0.739407 0.336182 0.740996 0.335449 0.743114 0.336182 0.743114 0.336182 0.746822 0.337158 0.746292 0.337158 0.748411 0.338379 0.748411 0.337646 0.746822 0.337646 0.744703 0.338379 0.743644 0.340576 0.747881 0.339600 0.745763 0.340576 0.744703 0.338867 0.742055 0.339355 0.743114 0.338135 0.743644 0.337891 0.742055 0.338379 0.741525 0.337646 0.740466 0.337646 0.739407 0.335938 0.739936
1 0.334229 0.739407 0.333252 0.739407 0.331787 0.737818 0.330078 0.739407 0.330078 0.740996 0.329590 0.742055 0.331299 0.739936
1 0.381592 0.737288 0.380859 0.739407 0.380859 0.742055 0.381592 0.742055 0.382080 0.744174 0.381836 0.742585 0.382324 0.738347 0.382080 0.737288
1 0.467773 0.739407 0.468506 0.740466 0.469238 0.740466 0.469727 0.739407 0.472168 0.739936 0.470947 0.737288 0.468994 0.737818 0.468018 0.735699
1 0.409424 0.734110 0.408691 0.734110 0.407471 0.737818 0.408447 0.738347 0.408447 0.741525 0.408447 0.739407 0.408936 0.738347 0.408691 0.737818 0.409424 0.735699
1 0.179688 0.734110 0.179688 0.736758 0.180664 0.736758 0.181152 0.738877 0.182373 0.738877 0.182129 0.736758 0.181885 0.737818 0.181396 0.735169
1 0.335938 0.734110 0.338135 0.735699 0.338623 0.737818 0.339355 0.737288 0.341797 0.738877 0.344482 0.744703 0.344482 0.746292 0.344971 0.745763 0.345215 0.746822 0.346436 0.747352 0.346436 0.749470 0.345459 0.750000 0.344971 0.748941 0.341797 0.746822 0.343262 0.748411 0.342773 0.748941 0.343262 0.750530 0.343994 0.749470 0.345215 0.752648 0.346191 0.753708 0.347412 0.751589 0.347656 0.753708 0.348633 0.753178 0.349121 0.754237 0.348633 0.756356 0.349365 0.754767 0.347900 0.751059 0.348389 0.749470 0.349365 0.748411 0.348145 0.750000 0.347656 0.750000 0.347412 0.748411 0.346924 0.748941 0.346191 0.746822 0.346680 0.745763 0.346191 0.743644 0.344727 0.743644 0.343994 0.742055 0.343750 0.738877 0.343018 0.736758 0.341797 0.735169 0.340088 0.734640 0.339600 0.733581
1 0.365479 0.738877 0.364746 0.735169 0.363770 0.733051 0.363281 0.735169 0.362061 0.735169 0.361572 0.737288 0.359863 0.739407 0.359131 0.738877 0.359131 0.737288 0.357422 0.737288 0.355469 0.743114 0.355713 0.744174 0.357422 0.743644 0.359131 0.740466 0.359619 0.741525 0.361572 0.740466 0.363525 0.742055 0.365234 0.742055
1 0.163818 0.732521 0.162842 0.732521 0.162354 0.734110 0.161865 0.733051 0.160889 0.735169 0.160645 0.734640 0.160645 0.736758 0.159668 0.737288 0.159180 0.740996 0.160889 0.740996 0.163818 0.734110
1 0.402588 0.731992 0.401123 0.735169 0.400635 0.734640 0.400635 0.733051 0.400391 0.734110 0.400879 0.735169 0.400879 0.737818 0.400391 0.740466 0.398438 0.744703 0.396729 0.745763 0.396484 0.747881 0.394775 0.748941 0.394775 0.750000 0.394043 0.751589 0.394531 0.752648 0.394531 0.754237 0.395752 0.755826 0.396240 0.755297 0.396729 0.756886 0.400146 0.761123 0.401855 0.761123 0.402344 0.757945 0.404297 0.757415 0.405029 0.756356 0.403076 0.753178 0.402344 0.750000 0.403320 0.746292 0.404053 0.745233 0.403809 0.737288
1 0.396973 0.731992 0.397217 0.733051 0.398438 0.734110 0.399902 0.733051 0.399658 0.732521 0.400146 0.731992 0.400146 0.730403 0.398193 0.730403
1 0.636475 0.729873 0.635498 0.731462 0.635010 0.734110 0.635254 0.736758 0.636719 0.739407 0.636719 0.737818 0.637207 0.737288 0.637207 0.731462
1 0.648682 0.727754 0.647705 0.730403 0.646973 0.730403 0.646484 0.734640 0.647217 0.734640 0.648193 0.731992
1 0.323242 0.723517 0.322510 0.724047 0.322021 0.726695 0.322021 0.728284 0.322998 0.729873 0.322510 0.730932 0.322998 0.730403
1 0.126953 0.723517 0.126709 0.724576 0.125977 0.724576 0.125977 0.726165 0.126465 0.726695 0.125977 0.730403 0.126465 0.731462 0.128174 0.731462 0.127197 0.730403 0.127197 0.727754 0.127686 0.727225 0.128174 0.723517
1 0.500977 0.724047 0.501465 0.726165 0.501709 0.725106 0.502441 0.726695 0.502441 0.729343 0.502930 0.729873 0.503174 0.727754 0.504150 0.728284 0.504883 0.727225 0.504639 0.724576 0.503662 0.723517 0.502930 0.724047 0.501465 0.722987
1 0.132568 0.720869 0.131836 0.720339 0.131836 0.721928 0.131104 0.723517 0.130371 0.723517 0.129883 0.727754 0.129883 0.726165 0.130615 0.725106 0.130859 0.728284 0.129883 0.728814 0.130127 0.729343 0.129639 0.731462 0.128906 0.730932 0.129395 0.731462 0.128906 0.731992 0.128662 0.734110 0.128174 0.733581 0.128418 0.733051 0.127930 0.733051 0.127930 0.734640 0.127441 0.735699 0.127930 0.734640 0.128174 0.735699 0.127441 0.737818 0.129639 0.733051 0.131348 0.731462 0.132324 0.722987 0.132812 0.721928
1 0.230469 0.718220 0.229492 0.720339 0.229004 0.726695 0.228027 0.729343 0.228760 0.728814 0.229492 0.726165 0.230225 0.726165
1 0.490723 0.724047 0.490234 0.726165 0.490723 0.730403 0.491455 0.729343 0.492676 0.729343 0.493896 0.727754 0.495850 0.730932 0.496826 0.730403 0.497314 0.731462 0.497314 0.733051 0.495850 0.736229 0.496094 0.738877 0.498291 0.739936 0.498779 0.738877 0.499512 0.733051 0.500244 0.731462 0.499512 0.728814 0.499512 0.730932 0.499023 0.732521 0.498535 0.731462 0.498779 0.727225 0.498535 0.726695 0.498291 0.727754 0.497559 0.727754 0.497314 0.726695 0.498291 0.724576 0.500000 0.724576 0.499756 0.722458 0.500244 0.721928 0.500488 0.722987 0.500244 0.718750 0.497803 0.717691 0.495117 0.722987 0.493408 0.722458 0.492432 0.722987 0.492432 0.724047
1 0.474854 0.718750 0.474121 0.722458 0.474609 0.722458 0.475830 0.726165 0.474365 0.729343 0.474365 0.735169 0.476074 0.738877 0.476074 0.740996 0.476562 0.739407 0.476318 0.738347 0.476807 0.737818 0.476318 0.736229 0.477051 0.735699 0.477783 0.737818 0.477539 0.739936 0.478516 0.742055 0.478516 0.740996 0.479004 0.740996 0.479492 0.738877 0.481445 0.737818 0.480713 0.736758 0.479004 0.737818 0.477051 0.734110 0.479248 0.732521 0.479736 0.730403 0.480469 0.729343 0.482178 0.729873 0.483154 0.728284 0.483887 0.728284 0.484131 0.727225 0.482666 0.725636 0.481201 0.725636 0.480713 0.728814 0.479736 0.726165 0.479004 0.725636 0.479492 0.721398 0.479248 0.718750 0.478760 0.717691 0.478027 0.718750 0.477539 0.721398 0.477783 0.721928 0.477295 0.722987 0.476807 0.721398 0.476318 0.722458
1 0.105225 0.720869 0.104248 0.718750 0.104248 0.717161 0.103271 0.717161 0.102539 0.718220 0.102539 0.720869 0.101807 0.722458 0.101074 0.720869 0.101074 0.721928 0.100098 0.722987 0.102783 0.724047 0.103027 0.722987 0.103760 0.722987
1 0.344482 0.715042 0.343994 0.716631 0.343750 0.715572 0.343506 0.717161 0.342773 0.716102 0.341797 0.716102 0.341553 0.717161 0.339844 0.717161 0.339844 0.718220 0.340820 0.717161 0.341797 0.719280 0.340576 0.721928 0.341797 0.719809 0.342041 0.717161 0.343018 0.719280 0.342529 0.719809 0.342773 0.721398 0.342529 0.720869 0.343018 0.719280 0.343506 0.720339 0.343262 0.720869 0.343750 0.720869 0.343750 0.723517 0.344238 0.724047
1 0.487549 0.712394 0.487305 0.711864 0.486328 0.714513 0.484131 0.714513 0.483887 0.713453 0.482666 0.714513 0.482178 0.716102 0.482422 0.719280 0.482910 0.719809 0.484375 0.718220 0.485352 0.721928 0.486084 0.721928 0.486084 0.720869 0.486572 0.720339 0.486328 0.717161 0.486816 0.715042 0.487305 0.715042
1 0.406494 0.717161 0.406006 0.716102 0.403809 0.716102 0.403320 0.713453 0.401611 0.711864 0.401367 0.712394 0.401855 0.713983 0.401123 0.715572 0.400879 0.717691 0.400146 0.718750 0.397949 0.718220 0.398193 0.719280 0.397461 0.720339 0.396973 0.724576 0.397461 0.725636 0.397705 0.725106 0.398193 0.726695 0.399170 0.726165 0.399414 0.728284 0.400391 0.728284 0.400391 0.725636 0.400879 0.725106 0.400391 0.724576 0.400391 0.722458 0.400879 0.720869 0.401855 0.721398 0.402832 0.720339 0.403320 0.721928 0.405029 0.723517 0.406006 0.722458 0.406494 0.720869
1 0.617676 0.707627 0.616943 0.713453 0.616211 0.715042 0.616211 0.716102 0.617432 0.718220 0.618408 0.718220 0.618652 0.719809 0.619629 0.720869 0.619385 0.720339 0.620117 0.718750 0.620605 0.720339 0.621826 0.720339 0.622803 0.717691 0.623047 0.718750 0.623535 0.718220 0.625977 0.722987 0.626465 0.721928 0.628174 0.722987 0.628174 0.720869 0.627197 0.717691 0.627197 0.716102 0.626709 0.716102 0.625732 0.713453 0.625000 0.713983 0.624756 0.711335 0.624268 0.710275 0.621094 0.709746 0.620117 0.705508 0.619141 0.705508 0.618164 0.707627
1 0.292725 0.705508 0.291992 0.707097 0.291992 0.708686 0.291504 0.709746 0.291260 0.709216 0.290527 0.711335 0.290039 0.714513 0.289062 0.716102 0.288574 0.719809 0.287842 0.720339 0.287109 0.725106 0.288818 0.720339 0.289307 0.716631 0.290527 0.715042 0.290527 0.712924 0.292236 0.708686
1 0.380859 0.704449 0.380859 0.706038 0.380371 0.706568 0.380371 0.711335 0.381104 0.711335 0.381592 0.712924 0.381592 0.718750 0.382324 0.720869 0.383057 0.716102 0.382568 0.714513 0.382568 0.711335 0.381592 0.709216 0.381592 0.706038
1 0.318115 0.704449 0.316895 0.704449 0.314941 0.709216 0.314941 0.710275 0.316650 0.711335 0.318359 0.707097 0.317871 0.704979
1 0.327148 0.703390 0.327148 0.704979 0.328125 0.706568 0.328857 0.709216 0.330811 0.709216 0.330078 0.707097 0.329346 0.706568 0.329346 0.705508 0.328369 0.705508 0.327881 0.704449 0.328369 0.703919 0.328369 0.702331
1 0.240234 0.700742 0.239014 0.702331 0.238525 0.701271 0.238281 0.701801 0.238281 0.704449 0.237549 0.706568 0.237793 0.707627 0.236328 0.712394 0.236328 0.715572 0.235352 0.716102 0.235107 0.717161 0.234619 0.717161 0.234375 0.716102 0.234863 0.714513 0.235840 0.713983 0.234863 0.713983 0.234131 0.715572 0.235107 0.718220 0.236328 0.718750 0.237305 0.716631 0.237305 0.715042 0.237793 0.714513 0.237305 0.710275 0.238281 0.708686 0.239014 0.706038 0.238525 0.703919
1 0.289307 0.699682 0.287842 0.700742 0.287598 0.700212 0.286865 0.701271 0.286133 0.703919 0.284912 0.706568 0.283691 0.707627 0.282959 0.709746 0.284180 0.713983 0.282959 0.714513 0.282715 0.716102 0.283936 0.716102 0.284668 0.717161 0.284180 0.718220 0.283447 0.717691 0.284180 0.718220 0.283691 0.719809 0.284424 0.719809 0.286377 0.716631 0.286377 0.714513 0.287109 0.712394 0.287598 0.707097 0.288086 0.707097 0.288330 0.704449 0.288818 0.703390 0.288818 0.700212
1 0.636719 0.697564 0.635986 0.697564 0.634277 0.702860 0.633301 0.702331 0.632812 0.704449 0.633301 0.706568 0.632812 0.707627 0.632812 0.709746 0.633789 0.709746 0.632812 0.711864 0.633057 0.713453 0.635010 0.712924 0.635986 0.714513 0.637939 0.710805 0.637939 0.707627 0.636963 0.707097 0.636719 0.708157 0.636475 0.707097 0.635986 0.707097 0.635742 0.704449 0.636963 0.702331 0.637451 0.700212
1 0.606445 0.697034 0.606201 0.698093 0.605957 0.697564 0.605713 0.700212 0.604492 0.701801 0.604980 0.704979 0.604248 0.705508 0.603760 0.704449 0.603027 0.705508 0.603271 0.707097 0.602295 0.708686 0.602051 0.712394 0.602295 0.713983 0.603516 0.716102 0.603271 0.717161 0.603760 0.719809 0.604248 0.719809 0.604248 0.721928 0.604736 0.722458 0.604736 0.720869 0.607178 0.724047 0.606689 0.720869 0.603760 0.716631 0.604248 0.716102 0.604248 0.714513 0.604980 0.712394 0.604980 0.707627 0.605957 0.707627 0.606445 0.702860 0.607666 0.698623 0.607422 0.697564
1 0.163086 0.707627 0.162354 0.705508 0.162354 0.703390 0.161865 0.702331 0.161377 0.698623 0.159912 0.697034 0.158203 0.698093 0.156982 0.700212 0.156250 0.700212 0.156250 0.701801 0.155273 0.702331 0.156006 0.703390 0.156250 0.707097 0.157471 0.707097 0.157715 0.708686
1 0.357178 0.695445 0.355225 0.698623 0.352539 0.700212 0.350098 0.704979 0.350830 0.703919 0.351807 0.704979 0.352051 0.702860 0.352539 0.703390 0.352539 0.704449 0.352783 0.703390 0.352295 0.702331 0.353027 0.700742 0.354248 0.700742 0.354492 0.699682 0.356934 0.697034 0.357178 0.699682
1 0.115479 0.694386 0.114014 0.696504 0.113281 0.696504 0.109619 0.702860 0.105469 0.711864 0.106934 0.711864 0.106689 0.712924 0.105957 0.712924 0.105469 0.713983 0.105469 0.717691 0.105957 0.718750 0.106689 0.718750 0.107178 0.719809 0.108887 0.718220 0.109863 0.718220 0.111816 0.715042 0.110352 0.715042 0.110352 0.716631 0.110107 0.717161 0.109863 0.716102 0.109375 0.716102 0.108887 0.718220 0.108643 0.717161 0.107910 0.717161 0.107178 0.715572 0.107178 0.713983 0.108154 0.713453 0.108643 0.714513 0.109131 0.713453 0.109375 0.708157 0.109863 0.708686 0.109863 0.711335 0.111084 0.711335 0.111084 0.709746 0.110107 0.708157 0.110840 0.703390 0.110352 0.702860 0.111572 0.699682 0.112793 0.699682 0.113525 0.696504 0.114502 0.696504
1 0.626465 0.693856 0.625488 0.693326 0.625244 0.695445 0.623291 0.694386 0.621826 0.695445 0.621826 0.697564 0.623535 0.699682 0.624756 0.699153 0.625488 0.698093 0.625488 0.695445
1 0.613281 0.691737 0.612793 0.691737 0.612549 0.693856 0.612061 0.693326 0.612305 0.694386 0.611328 0.697034 0.611328 0.699153 0.612793 0.700742 0.613281 0.695445 0.612793 0.693326
1 0.406006 0.692267 0.405273 0.691737 0.404541 0.694386 0.402832 0.695975 0.400146 0.704979 0.400635 0.705508 0.400635 0.707097 0.401123 0.707097 0.405762 0.694386
1 0.197021 0.691737 0.196289 0.691737 0.195801 0.690678 0.194580 0.696504 0.192871 0.690678 0.192383 0.691737 0.192383 0.694386 0.191650 0.695445 0.191162 0.694386 0.191895 0.692797 0.191895 0.689619 0.191895 0.691208 0.191406 0.691737 0.191162 0.693856 0.190186 0.694915 0.189697 0.693856 0.188477 0.694386 0.188721 0.698093 0.190674 0.698623 0.190186 0.700212 0.189453 0.699153 0.188477 0.700212 0.189453 0.701801 0.189209 0.702860 0.188232 0.702860 0.187744 0.703919 0.187500 0.702860 0.187744 0.706568 0.187256 0.707627 0.186523 0.707627 0.186035 0.710805 0.183594 0.715042 0.183594 0.718750 0.182129 0.721928 0.182373 0.726695 0.181396 0.728814 0.180664 0.728814 0.181641 0.730932 0.181641 0.732521 0.182129 0.733051 0.182617 0.736229 0.184326 0.736758 0.184814 0.735169 0.187500 0.735169 0.189941 0.733051 0.188965 0.727754 0.188965 0.722987 0.188477 0.721398 0.187744 0.720869 0.188477 0.718750 0.188232 0.713983 0.189209 0.713453 0.189209 0.707627 0.190186 0.706038 0.189209 0.705508 0.190186 0.703919 0.190430 0.704979 0.190918 0.703919 0.192871 0.704979 0.195068 0.704979 0.195312 0.702331 0.194092 0.700212 0.195068 0.699682 0.195557 0.697564 0.194824 0.694915 0.195068 0.694386 0.196777 0.695445 0.196289 0.694386 0.197021 0.692797
1 0.629395 0.688559 0.628662 0.692267 0.628906 0.693326 0.627930 0.694915 0.627930 0.700212 0.627197 0.701801 0.627930 0.706038 0.628906 0.708686 0.630127 0.709216 0.630127 0.706568 0.631348 0.705508 0.632324 0.700742 0.632324 0.697034 0.632812 0.694915 0.632080 0.691737 0.632568 0.690678 0.633545 0.691737 0.633545 0.690678 0.632080 0.689619 0.632324 0.691208 0.630859 0.692797 0.630859 0.690678 0.629883 0.688559
1 0.267578 0.688559 0.268555 0.689619 0.268311 0.690678 0.267578 0.690678 0.267578 0.694386 0.269531 0.698093 0.269775 0.695975 0.270264 0.695445 0.270508 0.697564 0.270996 0.698093 0.270996 0.699682 0.271729 0.698623 0.272461 0.700212 0.272217 0.701271 0.271484 0.701271 0.270996 0.702860 0.272949 0.702860 0.272949 0.696504 0.270752 0.692797 0.269531 0.692797 0.269043 0.693856 0.268311 0.691208 0.268799 0.690148 0.268311 0.688559
1 0.446777 0.686441 0.447510 0.692267 0.448975 0.693326 0.449707 0.691208 0.449463 0.686970 0.447998 0.688559 0.447754 0.688030 0.448486 0.686441 0.447754 0.686441 0.447510 0.689089
1 0.431152 0.683263 0.431641 0.686441 0.431396 0.687500 0.432129 0.689089 0.430420 0.691737 0.429688 0.691737 0.429199 0.690678 0.429199 0.692267 0.433105 0.692267 0.433594 0.693856 0.433105 0.694915 0.431152 0.694915 0.431152 0.699682 0.431641 0.700212 0.431641 0.701271 0.430908 0.701801 0.430176 0.700212 0.429443 0.704449 0.429932 0.705508 0.430420 0.705508 0.430664 0.704449 0.431152 0.706038 0.430908 0.703390 0.431396 0.702860 0.431641 0.703919 0.432617 0.704449 0.432617 0.706038 0.433105 0.704979 0.437256 0.706038 0.437500 0.702331 0.438721 0.704449 0.438477 0.707097 0.439453 0.708686 0.439453 0.710805 0.440186 0.711864 0.440186 0.713453 0.440674 0.713453 0.441650 0.715572 0.439941 0.716102 0.439209 0.714513 0.438965 0.711864 0.438965 0.713453 0.438477 0.713983 0.438477 0.717691 0.441650 0.716631 0.441895 0.717691 0.441406 0.718220 0.441406 0.719809 0.443115 0.722987 0.443115 0.721398 0.441650 0.719809 0.442139 0.715042 0.442627 0.714513 0.442627 0.712924 0.442139 0.711864 0.443115 0.711335 0.442627 0.710805 0.442627 0.709216 0.441650 0.706568 0.441162 0.703390 0.442139 0.702860 0.442139 0.700212 0.441406 0.700212 0.441162 0.701801 0.439453 0.698093 0.439453 0.695975 0.439453 0.697564 0.438721 0.699153 0.437500 0.699153 0.437256 0.697034 0.435791 0.693326 0.435303 0.693326 0.435303 0.695445 0.436768 0.698093 0.437012 0.699682 0.436035 0.700212 0.434814 0.697564 0.434814 0.691737 0.434326 0.691208 0.434570 0.689089 0.434082 0.686970 0.432129 0.686441
1 0.451904 0.682733 0.450684 0.683263 0.450195 0.684852 0.450684 0.689619 0.452637 0.685381 0.451904 0.686441 0.451660 0.685911
1 0.191895 0.685911 0.192871 0.685911 0.194336 0.689089 0.194824 0.689089 0.196045 0.686441 0.194580 0.684852 0.194580 0.685911 0.194092 0.686441 0.193604 0.683263 0.192871 0.682203 0.192383 0.682733
1 0.365967 0.681144 0.363525 0.682203 0.360840 0.685911 0.360352 0.685381 0.360352 0.686441 0.360596 0.685911 0.362061 0.687500 0.362061 0.686441 0.362549 0.686970 0.362793 0.685911 0.363037 0.686441 0.365967 0.682203
1 0.264893 0.677966 0.264893 0.685381 0.266602 0.690148 0.266357 0.686441 0.266846 0.685911 0.266846 0.683263 0.264893 0.679555
1 0.241699 0.691208 0.243408 0.689089 0.243896 0.690148 0.246094 0.686970 0.250488 0.682733 0.250977 0.683263 0.250732 0.682733 0.253906 0.676907 0.253174 0.676907 0.251221 0.680085 0.250732 0.679025 0.250732 0.677436 0.250000 0.676907 0.247314 0.683792 0.246338 0.681674 0.247559 0.677966 0.246582 0.677966 0.246582 0.679555 0.246094 0.680085 0.245117 0.676907 0.245117 0.680085 0.244141 0.681674 0.244629 0.682203 0.244629 0.685911 0.242676 0.689619 0.241943 0.689619
1 0.323486 0.676907 0.319336 0.676907 0.320557 0.676377 0.320801 0.677436 0.322266 0.677966 0.321533 0.680085 0.320801 0.680085 0.320312 0.685911 0.320557 0.683263 0.322021 0.680085 0.322998 0.679025 0.323486 0.679555 0.323975 0.678496
1 0.395508 0.674258 0.397461 0.679025 0.399414 0.677436 0.399902 0.674788 0.397949 0.676907 0.397461 0.675847 0.397949 0.675318 0.397217 0.675847 0.396973 0.674258 0.395996 0.674258 0.395752 0.673199
1 0.428223 0.674788 0.429443 0.675318 0.429443 0.673729 0.430176 0.673729 0.431152 0.681674 0.431641 0.680614 0.432373 0.680614 0.432617 0.678496 0.433350 0.678496 0.433594 0.683792 0.435791 0.686970 0.437256 0.693856 0.439209 0.694386 0.438721 0.692267 0.437500 0.690678 0.436035 0.686441 0.437256 0.685911 0.437500 0.689089 0.438721 0.689089 0.438721 0.687500 0.439453 0.685911 0.440186 0.685911 0.439697 0.684852 0.439697 0.681144 0.439209 0.680085 0.438477 0.680085 0.438965 0.681674 0.437744 0.684322 0.437012 0.683263 0.436768 0.684322 0.435059 0.685381 0.433838 0.682733 0.433838 0.681144 0.434326 0.680614 0.434326 0.679025 0.434814 0.677966 0.432129 0.677966 0.431396 0.676377 0.431396 0.674788 0.430908 0.673729 0.430176 0.673729 0.429932 0.672669 0.428955 0.674788
1 0.355225 0.672669 0.354248 0.672140 0.354492 0.673199 0.353516 0.675847 0.351074 0.680085 0.348389 0.683263 0.346924 0.683792 0.345947 0.681144 0.346191 0.679025 0.347412 0.679025 0.347656 0.677966 0.347412 0.679025 0.345215 0.677966 0.343018 0.680085 0.342773 0.681674 0.343262 0.682203 0.343262 0.683792 0.343994 0.685381 0.343750 0.688559 0.344971 0.690148 0.347168 0.685911 0.348633 0.685381 0.351074 0.680614 0.352295 0.679555 0.353271 0.680614 0.354004 0.685911 0.354492 0.683792 0.353760 0.682733 0.353271 0.678496 0.354248 0.676907 0.354492 0.675318 0.355225 0.675318
1 0.269775 0.669492 0.270020 0.672140 0.270508 0.672669 0.270508 0.673729 0.271484 0.675847 0.271484 0.677436 0.271973 0.677966 0.271973 0.685911 0.270996 0.687500 0.271484 0.689089 0.270508 0.690678 0.273438 0.691737 0.273193 0.683792 0.272705 0.680614 0.270752 0.672669 0.270752 0.671081
1 0.242920 0.666314 0.242432 0.667903 0.242188 0.666314 0.240967 0.667373 0.240723 0.668962 0.241455 0.670551 0.240967 0.671610 0.239746 0.672140 0.240234 0.672140 0.240967 0.673729 0.239746 0.676377 0.240234 0.676907 0.240967 0.675847 0.240967 0.678496 0.239990 0.680614 0.239014 0.680614 0.238281 0.679025 0.237793 0.679025 0.237793 0.677436 0.237549 0.677966 0.238037 0.680085 0.239258 0.681144 0.239014 0.682203 0.238281 0.682203 0.239258 0.684852 0.239258 0.689619 0.239746 0.691208 0.239746 0.693856 0.239258 0.694915 0.239014 0.694386 0.239258 0.696504 0.238770 0.697034 0.238525 0.700212 0.239014 0.700212 0.239258 0.698093 0.240234 0.698623 0.239502 0.697564 0.239502 0.695975 0.240479 0.692267 0.240234 0.684322 0.239502 0.683263 0.239502 0.682203 0.244385 0.669492 0.244141 0.668432 0.242920 0.669492
1 0.378418 0.668432 0.377686 0.666843 0.377686 0.665784 0.376953 0.666843 0.376465 0.666314 0.375488 0.667903 0.375244 0.667373 0.374756 0.669492 0.371826 0.674258 0.376709 0.672669 0.377441 0.669492
1 0.450684 0.666843 0.450684 0.670021 0.449707 0.674788 0.449707 0.676907 0.450684 0.678496 0.451416 0.678496 0.451904 0.680085 0.452393 0.677966 0.452637 0.681144 0.454102 0.681674 0.454834 0.680085 0.456055 0.679555 0.456299 0.676907 0.456787 0.677436 0.456787 0.679555 0.457275 0.680085 0.457520 0.676377 0.457031 0.675318 0.456055 0.676907 0.454346 0.674258 0.454346 0.665784 0.453613 0.665784 0.452881 0.663665
1 0.342773 0.663136 0.341797 0.664725 0.341797 0.665784 0.342773 0.668962 0.343750 0.669492 0.343750 0.672140 0.342773 0.672669 0.342285 0.674788 0.341797 0.673729 0.341553 0.675847 0.342773 0.678496 0.343262 0.677436 0.343262 0.674258 0.343994 0.672140 0.343262 0.664195
1 0.335693 0.662606 0.332520 0.668432 0.334717 0.670021 0.334717 0.668432 0.335693 0.665254
1 0.345947 0.665784 0.347900 0.665254 0.347168 0.664195 0.347412 0.663665 0.349365 0.664725 0.347900 0.662606 0.348145 0.661017 0.347168 0.661017 0.345947 0.664195
1 0.395264 0.663136 0.395508 0.664195 0.396240 0.664195 0.397461 0.662076 0.397461 0.661017 0.395508 0.660487
1 0.339844 0.659958 0.339600 0.661547 0.338867 0.661017 0.338623 0.667903 0.339111 0.666843 0.339111 0.663136 0.339844 0.662076 0.340088 0.660487 0.340576 0.660487 0.341064 0.661547 0.341064 0.664195 0.340576 0.664725 0.340332 0.663136 0.339844 0.664195 0.339844 0.668962 0.340332 0.668962 0.341309 0.666843 0.341064 0.661547 0.342041 0.661547
1 0.589111 0.657309 0.589844 0.659958 0.592041 0.661017 0.593750 0.658898 0.593994 0.656250 0.592529 0.656780 0.591797 0.654661 0.591064 0.654661 0.590088 0.656250 0.589355 0.656250 0.589600 0.656780
1 0.290527 0.653602 0.285156 0.654661 0.285156 0.655720 0.285889 0.655191 0.289062 0.656250 0.289062 0.655191 0.290527 0.654661 0.290039 0.654131
1 0.373047 0.656250 0.373535 0.656780 0.372314 0.657839 0.373291 0.657839 0.373535 0.659428 0.374268 0.658898 0.374512 0.659958 0.376221 0.657839 0.377441 0.658369 0.377930 0.657309 0.378906 0.657839 0.378906 0.661017 0.379639 0.658898 0.380127 0.659428 0.380127 0.660487 0.379395 0.661547 0.378906 0.663665 0.378906 0.668432 0.380127 0.668962 0.380371 0.671081 0.378906 0.675318 0.378906 0.677966 0.378418 0.678496 0.378418 0.679555 0.379150 0.679555 0.379395 0.680614 0.381836 0.681144 0.381592 0.680614 0.382812 0.676907 0.383301 0.669492 0.383057 0.668962 0.383545 0.665254 0.384277 0.663665 0.384766 0.663665 0.384766 0.661017 0.384033 0.660487 0.384766 0.659428 0.384277 0.658898 0.384277 0.659958 0.383789 0.660487 0.382812 0.657309 0.381348 0.656780 0.380127 0.653072 0.379150 0.653072 0.379395 0.654131 0.378418 0.654661 0.376465 0.652542
1 0.450195 0.649894 0.449707 0.650424 0.449463 0.653602 0.448975 0.654661 0.448486 0.654131 0.448486 0.653072 0.446777 0.653072 0.447266 0.655191 0.448242 0.655720 0.448242 0.656780 0.447754 0.656780 0.448730 0.659428 0.450439 0.659428 0.450439 0.657839 0.450928 0.656780 0.451660 0.656780 0.451660 0.655191 0.451416 0.656250 0.451172 0.655191 0.450439 0.655191
1 0.145020 0.652013 0.144043 0.650424 0.144043 0.649364 0.142822 0.650424 0.141357 0.649894 0.140625 0.650953 0.141602 0.652542 0.142822 0.651483 0.143555 0.652542 0.143799 0.651483 0.144043 0.652542
1 0.324707 0.646716 0.323242 0.646716 0.322266 0.648305 0.321289 0.648305 0.322021 0.648305 0.322510 0.649364 0.322266 0.650424 0.321777 0.650424 0.321777 0.652013 0.322754 0.652542 0.322754 0.654131 0.322021 0.655720 0.321289 0.655720 0.320557 0.652542 0.320068 0.654661 0.318604 0.655720 0.321777 0.656250 0.322754 0.655191 0.322998 0.652542
1 0.254883 0.646186 0.254639 0.646716 0.254395 0.644597 0.253906 0.644068 0.252441 0.646186 0.252197 0.648305 0.252686 0.647775 0.252930 0.648835 0.253418 0.648835
1 0.343750 0.641949 0.343506 0.644597 0.342285 0.647775 0.338623 0.654661 0.337891 0.654661 0.338135 0.655720 0.337646 0.657309 0.337402 0.656780 0.336182 0.658898 0.333740 0.661017 0.333496 0.662076 0.333252 0.661547 0.333252 0.662606 0.335693 0.659958 0.336182 0.659958 0.336426 0.661017 0.337646 0.660487 0.338379 0.658898 0.337158 0.658369 0.337891 0.656780 0.339355 0.656780 0.340088 0.654661 0.340576 0.656780 0.341064 0.654131 0.341797 0.655720 0.343262 0.655720 0.342529 0.654131 0.342529 0.653072 0.341553 0.652013 0.341309 0.650424 0.341797 0.650424 0.341553 0.649364 0.342529 0.647775 0.343018 0.645657 0.344482 0.645657 0.343750 0.643538
1 0.415283 0.641949 0.415039 0.643538 0.415527 0.644597 0.415527 0.647775 0.416016 0.648835 0.416748 0.648835 0.416992 0.650953 0.417480 0.651483 0.417969 0.649894 0.418457 0.650424 0.418701 0.652013 0.418213 0.653072 0.418701 0.653072 0.419922 0.656250 0.419922 0.660487 0.421387 0.660487 0.421631 0.657839 0.422119 0.657309 0.422852 0.658898 0.422852 0.660487 0.422119 0.661017 0.421875 0.662606 0.425537 0.662606 0.425781 0.666843 0.429443 0.666843 0.428467 0.665254 0.427734 0.665254 0.426514 0.662606 0.426758 0.661547 0.425537 0.659428 0.425537 0.656780 0.424805 0.656780 0.424072 0.654661 0.423584 0.655720 0.422363 0.655720 0.422119 0.656780 0.420654 0.655191 0.420654 0.651483 0.421143 0.650953 0.421143 0.647246 0.421631 0.646716 0.421631 0.645127 0.421143 0.644068 0.418945 0.644068 0.418701 0.640890 0.417969 0.640890 0.417725 0.641949
1 0.407471 0.643008 0.406982 0.642479 0.406982 0.640890 0.406250 0.639831 0.404541 0.644068 0.403320 0.644597 0.404785 0.645657 0.405762 0.642479 0.406250 0.643008 0.406250 0.644597 0.406982 0.644597
1 0.140381 0.638771 0.137451 0.639301 0.133789 0.643538 0.132568 0.647246 0.132324 0.646716 0.131836 0.648305 0.132080 0.655191 0.132568 0.654661 0.132812 0.656780 0.133789 0.654131 0.134521 0.654131 0.134277 0.653072 0.135986 0.649894 0.136719 0.647246 0.139404 0.645127
1 0.355225 0.640360 0.354004 0.637712 0.354004 0.636653 0.353271 0.638771 0.352051 0.638771 0.351318 0.640890 0.350586 0.640890 0.350342 0.642479 0.348145 0.644597 0.350586 0.643538 0.352539 0.644597 0.353271 0.644068 0.354248 0.645127 0.354980 0.644597 0.354736 0.643008 0.355225 0.641949
1 0.308838 0.636123 0.308350 0.638771 0.307617 0.639831 0.308594 0.643008 0.307617 0.644597 0.307617 0.646186 0.309326 0.643538 0.310303 0.644068 0.309814 0.644068 0.309082 0.642479 0.309570 0.637182 0.309082 0.637712
1 0.344482 0.637712 0.343750 0.638242 0.343506 0.635593 0.341309 0.638771 0.340820 0.640360 0.342285 0.640890 0.343750 0.638771 0.344238 0.639301
1 0.260742 0.645127 0.261230 0.645657 0.261719 0.644068 0.262451 0.644597 0.262939 0.643538 0.263916 0.645127 0.263916 0.646186 0.262695 0.647775 0.262695 0.648835 0.263672 0.648835 0.264404 0.647246 0.264648 0.648835 0.265381 0.648835 0.265381 0.646186 0.264648 0.647775 0.264404 0.647246 0.264404 0.644597 0.265381 0.643538 0.266602 0.646186 0.266602 0.648835 0.267090 0.649894 0.268311 0.649894 0.268555 0.650953 0.269287 0.650424 0.270020 0.652013 0.270752 0.652013 0.270996 0.654131 0.271973 0.656250 0.272705 0.656250 0.273438 0.658369 0.273682 0.657839 0.274658 0.659958 0.274414 0.660487 0.276855 0.661547 0.275879 0.662076 0.275879 0.663665 0.274658 0.667373 0.273438 0.667373 0.274658 0.667373 0.275391 0.668962 0.277100 0.666843 0.277344 0.668962 0.275879 0.669492 0.280029 0.673199 0.284180 0.673199 0.285156 0.672140 0.283936 0.670021 0.279541 0.666314 0.281250 0.663665 0.282471 0.663665 0.280762 0.661017 0.277832 0.658898 0.274658 0.658898 0.271729 0.653072 0.269043 0.642479 0.268799 0.644597 0.267334 0.646186 0.266602 0.644597 0.266846 0.642479 0.265625 0.640890 0.266846 0.634534 0.265625 0.637712 0.264893 0.637182 0.265625 0.635064 0.265137 0.634534 0.264893 0.635593 0.264160 0.635593 0.264160 0.638242 0.263672 0.638771 0.264160 0.640360 0.263672 0.640890 0.263916 0.641419
1 0.401611 0.633475 0.400879 0.634534 0.400391 0.633475 0.400879 0.632945 0.400635 0.632415 0.400146 0.633475 0.399414 0.632415 0.399414 0.636123 0.398926 0.636653 0.398926 0.638242 0.398438 0.638771 0.398193 0.637712 0.396973 0.637712 0.396484 0.638771 0.397461 0.640360 0.398682 0.640360 0.398193 0.643008 0.396729 0.641419 0.395752 0.641949 0.394043 0.639831 0.393555 0.640360 0.394531 0.641419 0.394043 0.642479 0.393311 0.641419 0.392822 0.642479 0.394531 0.643538 0.394775 0.644597 0.395508 0.644597 0.395996 0.643538 0.398682 0.643008 0.398926 0.641419 0.399658 0.641419 0.399658 0.637712 0.400146 0.637182 0.400146 0.635593
1 0.478760 0.635593 0.478027 0.634534 0.477295 0.635064 0.476074 0.631356 0.475586 0.631356 0.475098 0.633475 0.474121 0.630297 0.472900 0.632945 0.472412 0.631356 0.471680 0.631356 0.470703 0.632945 0.470459 0.634534 0.470459 0.643008 0.470947 0.643538 0.471924 0.640360 0.472656 0.640890 0.474609 0.638771 0.474365 0.637712 0.474854 0.636653 0.475586 0.636653 0.476807 0.634534 0.478271 0.637182
1 0.400879 0.630297 0.401611 0.630826 0.402344 0.632945 0.403564 0.632945 0.403809 0.634004 0.404541 0.634004 0.405029 0.635064 0.404785 0.636123 0.405273 0.636653 0.405273 0.638242 0.406006 0.637712 0.406250 0.635064 0.407227 0.636123 0.407227 0.638242 0.407715 0.636123 0.408203 0.637182 0.409912 0.637182
1 0.356445 0.630297 0.355713 0.631356 0.355713 0.632415 0.357178 0.633475 0.357178 0.636653 0.357666 0.638771 0.357422 0.637712 0.357910 0.637182 0.357910 0.634004 0.358398 0.633475 0.357666 0.630826 0.356689 0.631356
1 0.248291 0.627648 0.247559 0.627648 0.246826 0.629237 0.246826 0.631356 0.247559 0.632415 0.248779 0.629767
1 0.416016 0.627119 0.416016 0.631886 0.416504 0.632945 0.417725 0.632945 0.417969 0.635064 0.418701 0.634534 0.418213 0.634004 0.418213 0.632415 0.416748 0.629767 0.416748 0.627119
1 0.395996 0.627119 0.396484 0.628178 0.396484 0.629767 0.397461 0.630297 0.397461 0.635064 0.398193 0.635593 0.398193 0.630297 0.397217 0.629767 0.397217 0.627119
1 0.126221 0.627119 0.125000 0.627119 0.124512 0.628178 0.124268 0.627119 0.123291 0.626589 0.123779 0.625000 0.122070 0.627119 0.123535 0.627119 0.122314 0.631356 0.121582 0.631356 0.120850 0.633475 0.119629 0.633475 0.119385 0.631886 0.118164 0.634004 0.117920 0.635593 0.117432 0.635593 0.118408 0.636123 0.118652 0.637182 0.119385 0.637182 0.119629 0.639301 0.117676 0.639831 0.117432 0.640890 0.116211 0.640890 0.115967 0.642479 0.117432 0.640890 0.120605 0.641419 0.122803 0.637712 0.121094 0.637712 0.121094 0.635064 0.126465 0.635064 0.126465 0.632415 0.124756 0.631886 0.124756 0.629237 0.126221 0.628708
1 0.377197 0.624470 0.376709 0.624470 0.376221 0.626059 0.376465 0.635064 0.375977 0.640890 0.374268 0.644068 0.372559 0.646186 0.372070 0.647775 0.371094 0.646716 0.370117 0.649364 0.368652 0.646716 0.367432 0.643008 0.366211 0.643008 0.366211 0.653602 0.364746 0.660487 0.364990 0.664195 0.364014 0.666843 0.365234 0.668432 0.364502 0.670021 0.365967 0.670021 0.366211 0.671081 0.368408 0.670021 0.369629 0.670551 0.370850 0.667903 0.371094 0.668432 0.371826 0.665254 0.373047 0.663665 0.372559 0.664195 0.372314 0.663136 0.372803 0.662606 0.372070 0.662606 0.371826 0.661547 0.371338 0.661547 0.371338 0.664195 0.370605 0.663136 0.367188 0.663136 0.366943 0.661547 0.368164 0.658369 0.368896 0.658369 0.370850 0.654661 0.371094 0.655191 0.372314 0.654131 0.373291 0.652013 0.372803 0.650424 0.373779 0.647246 0.377686 0.646186 0.377686 0.645127 0.376953 0.644068 0.377441 0.643538 0.376709 0.634534 0.376709 0.629237 0.377197 0.627119
1 0.407715 0.622881 0.406982 0.622881 0.406494 0.623941 0.406250 0.629767 0.406738 0.629237 0.407471 0.626059 0.408203 0.625530 0.407715 0.624470
1 0.335449 0.628178 0.329834 0.640890 0.328369 0.630826 0.327637 0.629767 0.326660 0.624470 0.325684 0.624470 0.323975 0.621822 0.327637 0.630297 0.329102 0.636123 0.328613 0.636653 0.329102 0.641419 0.328125 0.644068 0.329102 0.646716 0.328125 0.646186 0.327637 0.647246 0.326660 0.646186 0.326904 0.650424 0.325928 0.654131 0.322266 0.662076 0.320312 0.670551 0.318359 0.673729 0.318848 0.674788 0.320312 0.672140 0.324463 0.670021 0.325684 0.670551 0.326172 0.669492 0.324219 0.669492 0.320801 0.671610 0.320557 0.670021 0.323242 0.660487 0.326904 0.652013 0.327637 0.652542 0.328125 0.657839 0.326172 0.661547 0.326904 0.661547 0.327881 0.664195 0.327881 0.666843 0.326660 0.668962 0.327881 0.668962 0.328125 0.666843 0.329834 0.668432 0.330322 0.667903 0.329590 0.667903 0.330078 0.665784 0.332764 0.663136 0.332764 0.662076 0.330078 0.665254 0.328857 0.664725 0.328613 0.661547 0.331055 0.658369 0.332031 0.658898 0.331055 0.652542 0.330322 0.654661 0.328857 0.654131 0.328369 0.655720 0.327393 0.648835 0.329102 0.646716 0.329834 0.648305 0.329590 0.642479
1 0.293945 0.621822 0.295410 0.623941 0.295166 0.626059 0.293945 0.629237 0.296143 0.623941 0.297119 0.622881 0.298096 0.622881 0.298584 0.623941 0.297852 0.626059 0.298096 0.626589 0.297607 0.627119 0.297852 0.627648 0.297363 0.629767 0.296143 0.632415 0.294434 0.632415 0.294922 0.633475 0.297363 0.633475 0.297363 0.632415 0.298828 0.628708 0.298340 0.627119 0.298340 0.625000 0.299316 0.622881 0.295654 0.623411
1 0.601562 0.621292 0.601562 0.623411 0.602539 0.625000 0.602783 0.624470 0.603027 0.625530 0.604004 0.623941 0.603760 0.621822
1 0.421143 0.620763 0.419434 0.620763 0.418457 0.622881 0.418457 0.626589 0.417969 0.626589 0.417969 0.629767 0.418457 0.630826 0.419189 0.627119 0.418701 0.626589 0.419922 0.623411 0.420410 0.623411 0.421143 0.621822
1 0.390869 0.620763 0.390381 0.626059 0.390625 0.626589 0.390137 0.627119 0.389893 0.626059 0.389160 0.626059 0.389160 0.628708 0.390137 0.628708 0.390869 0.627648 0.391357 0.628708 0.391357 0.626589 0.390869 0.625000 0.391357 0.621822 0.391113 0.622352
1 0.385254 0.618644 0.385254 0.620233 0.386230 0.622352 0.387451 0.622352 0.388184 0.624470 0.388916 0.624470 0.388428 0.623411 0.388916 0.621292 0.389893 0.621292 0.388428 0.621822 0.387207 0.619703 0.386963 0.620763 0.385742 0.620763
1 0.315186 0.618644 0.312988 0.618644 0.310059 0.622352 0.310303 0.622881 0.309570 0.624470 0.309326 0.626589 0.310791 0.630297 0.310059 0.635593 0.311035 0.634534 0.312256 0.635064 0.312500 0.634534 0.312012 0.634004 0.312988 0.631356 0.313965 0.631356 0.314209 0.632945 0.314209 0.630826 0.315430 0.628708 0.315186 0.628178 0.314209 0.629237 0.313965 0.628178 0.314453 0.626589 0.312988 0.628708 0.312256 0.628708 0.310547 0.624470 0.311279 0.622352 0.312012 0.622352 0.312012 0.620233 0.313232 0.619703 0.313477 0.618644
1 0.410645 0.617585 0.409912 0.617585 0.408447 0.619703 0.408691 0.620763 0.409912 0.621292 0.409424 0.622352 0.410156 0.622881 0.411377 0.620233
1 0.163574 0.614407 0.163330 0.625000 0.164551 0.625530 0.165527 0.623411 0.165527 0.620233
1 0.238037 0.629237 0.237793 0.620763 0.237305 0.619174 0.236328 0.618114 0.237793 0.613347 0.236084 0.618114 0.234863 0.619703 0.234131 0.619703 0.233398 0.617585 0.232910 0.619703 0.231934 0.621292 0.226807 0.621292 0.228027 0.622881 0.228027 0.626059 0.229248 0.625530 0.229736 0.627648 0.230225 0.626589 0.231201 0.627119 0.230957 0.628708 0.229980 0.629767 0.230469 0.629237 0.231934 0.630297 0.233398 0.630297 0.234131 0.629237 0.231445 0.629767 0.231201 0.628708 0.232422 0.626059 0.234619 0.626589 0.235352 0.625530 0.235352 0.623411 0.236084 0.621822 0.237305 0.621822 0.237793 0.623941 0.236572 0.626589 0.236084 0.626589 0.236328 0.627648 0.236816 0.627119 0.237793 0.629767
1 0.205322 0.612288 0.204834 0.612288 0.203125 0.615466 0.203613 0.616525 0.203125 0.619174 0.202148 0.621292 0.202148 0.624470 0.203857 0.622352 0.204834 0.619703 0.205322 0.619703 0.205811 0.615466
1 0.272217 0.610169 0.271240 0.611229 0.271240 0.612818 0.270752 0.613877 0.270508 0.612818 0.269775 0.613347 0.269531 0.616525 0.270508 0.617585 0.269775 0.620763 0.270752 0.621292 0.271484 0.623411 0.271973 0.622881 0.272949 0.624470 0.272461 0.622881 0.272461 0.619174 0.272949 0.617585 0.272217 0.615996
1 0.435303 0.608051 0.433594 0.608051 0.433350 0.606992 0.432617 0.606992 0.431885 0.609640 0.431152 0.609640 0.430908 0.610699 0.430664 0.609640 0.430176 0.610699 0.431152 0.611229 0.431152 0.612818 0.430176 0.614936 0.432129 0.614936 0.432861 0.613877 0.432861 0.610699 0.433838 0.609640 0.435303 0.609640
1 0.335693 0.606462 0.329346 0.611758 0.327393 0.611229 0.324707 0.607521 0.321777 0.610169 0.321777 0.611758 0.321289 0.612288 0.321289 0.616525 0.321777 0.619174 0.322266 0.619703 0.322266 0.621292 0.322998 0.622352 0.322998 0.620233 0.322266 0.619174 0.323730 0.615996 0.322998 0.615996 0.322998 0.609640 0.324707 0.610169 0.324951 0.612288 0.326416 0.612288 0.328369 0.615996 0.329834 0.614936 0.330566 0.613347 0.330811 0.613877 0.331055 0.612818 0.331299 0.613347 0.331543 0.612288 0.331787 0.612818 0.332031 0.611758 0.332275 0.612288 0.333496 0.610169 0.334473 0.610169 0.334473 0.609110 0.335449 0.608581
1 0.414307 0.603814 0.413330 0.604343 0.413330 0.608581 0.414062 0.609110 0.413330 0.610169 0.413574 0.614936 0.413086 0.616525 0.413086 0.620763 0.411133 0.623941 0.411133 0.627648 0.411621 0.628708 0.412354 0.628708 0.412354 0.627119 0.413330 0.626589 0.413330 0.625000 0.412354 0.624470 0.413330 0.622352 0.414062 0.622881 0.414062 0.626059 0.414795 0.625530 0.415039 0.622352 0.417725 0.622352 0.417480 0.620763 0.414062 0.620763 0.413818 0.621822 0.413330 0.621292 0.414062 0.618114 0.415771 0.618114 0.415283 0.617055 0.415283 0.615466 0.415771 0.614407 0.413818 0.612818 0.414307 0.611758 0.418213 0.611758 0.417725 0.610169 0.415527 0.610169 0.414795 0.608581 0.414795 0.605932 0.414307 0.605403
1 0.382568 0.603814 0.380127 0.604873 0.379883 0.606992 0.379395 0.607521 0.381104 0.609640 0.382080 0.608581 0.382324 0.609110 0.383057 0.605932
1 0.390625 0.603284 0.390137 0.604343 0.389893 0.603814 0.390137 0.604343 0.389160 0.607521 0.389160 0.609640 0.388428 0.610169 0.387695 0.613347 0.387695 0.615466 0.388184 0.615466 0.388672 0.616525 0.388428 0.617585 0.388184 0.617055 0.388672 0.618114 0.389404 0.618114 0.389648 0.619703 0.390869 0.619703 0.391846 0.617055 0.391357 0.615466 0.391846 0.614936 0.392090 0.610169 0.391602 0.605932 0.390869 0.604873 0.391357 0.604343
1 0.285645 0.602225 0.285156 0.606992 0.283936 0.609640 0.283936 0.611229 0.282959 0.612288 0.283203 0.612818 0.282715 0.615466 0.283936 0.613347 0.284912 0.610169 0.284424 0.609640 0.285156 0.609110 0.284912 0.608581 0.285645 0.607521 0.285156 0.607521 0.285156 0.605932 0.285889 0.604343
1 0.250732 0.597458 0.250244 0.598517 0.250000 0.601695 0.249023 0.603284 0.249023 0.604873 0.249512 0.605403 0.250488 0.603284 0.251221 0.599576
1 0.537598 0.595339 0.536621 0.596928 0.536865 0.599047 0.536377 0.601695 0.536377 0.603814 0.537109 0.605932 0.538574 0.605403 0.539307 0.602225 0.538818 0.601165 0.538818 0.596928
1 0.474854 0.593750 0.474365 0.595869 0.475830 0.597458 0.476318 0.595339
1 0.334229 0.597458 0.332520 0.592691 0.332275 0.595339 0.333008 0.598517 0.333008 0.600636 0.332520 0.601695 0.330078 0.600106 0.329102 0.601695 0.327148 0.602225 0.325195 0.606462 0.325928 0.606462 0.326172 0.607521 0.327148 0.605403 0.326904 0.604873 0.327637 0.603814 0.327637 0.602754 0.329346 0.602754 0.329590 0.600636 0.331055 0.600636 0.332031 0.602754 0.333252 0.603284 0.334473 0.601695 0.333740 0.600636
1 0.154541 0.590042 0.153320 0.591631 0.151367 0.592161 0.150879 0.593220 0.151611 0.593750 0.151367 0.595869 0.152100 0.593750 0.152344 0.595869 0.151855 0.596928 0.152344 0.595869 0.153076 0.595869 0.153564 0.594809 0.153320 0.594280 0.154053 0.593750 0.154053 0.591102
1 0.163086 0.588983 0.163574 0.590042 0.163086 0.590572 0.163086 0.591631 0.163574 0.592161 0.163086 0.593750 0.163818 0.593750 0.164062 0.592691 0.166260 0.592691 0.166748 0.591631 0.166992 0.593220 0.166504 0.593750 0.166504 0.594809 0.168213 0.597987 0.168701 0.596928 0.168701 0.587924 0.167725 0.586335 0.167480 0.584746 0.166748 0.586864 0.165527 0.586864 0.164307 0.588983
1 0.151123 0.582627 0.149658 0.583686 0.145996 0.591631 0.144287 0.588983 0.135254 0.588453 0.135742 0.588983 0.135742 0.591631 0.135254 0.592161 0.135254 0.594809 0.134277 0.595339 0.134033 0.596398 0.135254 0.599047 0.136719 0.599576 0.136963 0.601695 0.137939 0.600106 0.139648 0.600106 0.141602 0.598517 0.143311 0.598517 0.144287 0.599576 0.144287 0.596398 0.143555 0.597458 0.143311 0.595339 0.144287 0.593750 0.144287 0.592161 0.144775 0.591631 0.145020 0.592691 0.145996 0.592691 0.145508 0.597987 0.145996 0.599047 0.146484 0.597987 0.147705 0.597987 0.147217 0.596928 0.147217 0.594809 0.147949 0.593750 0.149414 0.594280 0.149658 0.593220 0.146729 0.593220 0.145996 0.591631 0.147217 0.590042 0.149658 0.588983 0.149658 0.587924 0.150146 0.587394 0.150146 0.585275 0.150635 0.584216 0.150391 0.583686
1 0.321045 0.576801 0.319824 0.578919 0.318848 0.582097 0.318848 0.584216 0.318115 0.586335 0.318359 0.587924 0.317871 0.589513 0.318604 0.591631 0.318359 0.593750 0.318848 0.594280 0.318604 0.594809 0.319092 0.596398 0.319092 0.598517 0.320557 0.601695 0.320801 0.601165 0.321777 0.602225 0.321777 0.597987 0.322266 0.599047 0.323486 0.599047 0.323975 0.600636 0.323730 0.601165 0.324707 0.599047 0.325195 0.599047 0.324463 0.597987 0.324951 0.596928 0.325439 0.597987 0.323730 0.592691 0.324219 0.591631 0.322998 0.585275 0.321533 0.582627 0.323242 0.581568 0.324707 0.584746 0.325439 0.587924 0.325684 0.587394 0.323242 0.581038 0.321777 0.581038 0.321533 0.576801
1 0.280273 0.575212 0.280762 0.576271 0.280762 0.578919 0.281250 0.579449 0.281250 0.583157 0.281738 0.584216 0.282471 0.584216 0.282715 0.586335 0.283447 0.586335 0.283447 0.584746 0.282959 0.584216 0.282959 0.581568 0.281982 0.581038 0.281982 0.578390 0.281494 0.577860 0.281494 0.576271
1 0.372559 0.574153 0.371094 0.572564 0.368652 0.575212 0.368408 0.576271 0.366943 0.576271 0.366455 0.577331 0.366699 0.582097 0.367676 0.583157 0.369385 0.579979 0.371582 0.578390 0.372803 0.575742
1 0.284668 0.572034 0.285400 0.574682 0.285156 0.580508 0.285889 0.582097 0.285889 0.572034 0.285400 0.573093
1 0.171631 0.576801 0.170898 0.576271 0.170654 0.574682 0.170166 0.574682 0.170654 0.576801 0.169922 0.578919 0.169678 0.577331 0.169678 0.578390 0.169189 0.578919 0.168945 0.576801 0.169434 0.575212 0.169434 0.572034 0.168457 0.572034 0.167725 0.574153 0.166992 0.573623 0.165283 0.575212 0.164062 0.578390 0.163086 0.578390 0.161865 0.580508 0.159180 0.581568 0.157715 0.583686 0.157471 0.583157 0.156982 0.584746 0.158936 0.585275 0.156738 0.586864 0.156982 0.587924 0.159912 0.586864 0.159912 0.588453 0.157959 0.590042 0.158691 0.592161 0.160156 0.591631 0.161621 0.590042 0.161377 0.587924 0.161865 0.587394 0.160156 0.586864 0.159668 0.584746 0.160156 0.583686 0.160889 0.584216 0.162842 0.583157 0.163086 0.584216 0.163818 0.584216 0.163818 0.582627 0.165527 0.579449 0.167480 0.578390 0.169678 0.579449 0.170898 0.576801 0.171387 0.577860
1 0.397217 0.569915 0.396484 0.571504 0.395508 0.575742 0.395508 0.577860 0.394531 0.579979 0.394775 0.581038 0.394043 0.583686 0.394531 0.586335 0.395264 0.587394 0.395508 0.589513 0.396973 0.591102 0.398193 0.601695 0.397949 0.609640 0.398438 0.610169 0.400879 0.606462 0.400635 0.606992 0.400146 0.605932 0.400391 0.604343 0.399902 0.603814 0.399414 0.600636 0.399414 0.597987 0.400146 0.595339 0.399902 0.592691 0.397217 0.587394 0.396729 0.584216 0.397217 0.581568 0.399170 0.579449 0.399414 0.578390 0.399170 0.574682 0.398682 0.573623 0.398682 0.571504 0.399170 0.569915
1 0.282715 0.569915 0.281738 0.571504 0.282227 0.575742 0.282959 0.575742 0.282959 0.573623 0.283447 0.572034
1 0.368408 0.568856 0.366211 0.570975 0.365234 0.573093 0.364746 0.575742 0.365234 0.575742 0.365967 0.573093 0.366211 0.575212 0.366943 0.573093 0.366943 0.571504
1 0.319580 0.604343 0.314941 0.599047 0.315674 0.601695 0.311523 0.604873 0.312500 0.599047 0.314453 0.599047 0.311523 0.597458 0.310547 0.599576 0.305420 0.585805 0.308594 0.598517 0.304443 0.603284 0.301270 0.603284 0.295166 0.591102 0.297363 0.586864 0.301514 0.587924 0.298096 0.586864 0.298584 0.583157 0.308105 0.584746 0.303711 0.572034 0.305420 0.567797 0.302246 0.569915 0.303223 0.575742 0.300781 0.574153 0.300293 0.579979 0.295166 0.590572 0.293701 0.588453 0.292480 0.574153 0.292969 0.586864 0.288574 0.588983 0.290039 0.589513 0.290527 0.596928 0.291504 0.596398 0.290283 0.601695 0.288574 0.601165 0.289062 0.603814 0.291260 0.605932 0.292480 0.604343 0.293457 0.595869 0.292236 0.596398 0.290771 0.591631 0.292725 0.590572 0.299805 0.605932 0.287354 0.620233 0.284424 0.618644 0.283936 0.620233 0.285400 0.621292 0.283447 0.623411 0.280762 0.620763 0.281738 0.616525 0.280762 0.615996 0.280029 0.626059 0.277344 0.636653 0.273438 0.639301 0.276611 0.641949 0.280029 0.630826 0.279785 0.625530 0.281006 0.622352 0.280762 0.626589 0.281982 0.623411 0.288818 0.620233 0.290039 0.617585 0.291992 0.618644 0.291504 0.616525 0.305420 0.602754 0.308350 0.602225 0.308594 0.604343 0.313232 0.606992
1 0.210449 0.566737 0.209961 0.568326 0.210205 0.570975 0.212158 0.570975
1 0.187500 0.565148 0.185059 0.568856 0.182373 0.569386 0.182373 0.571504 0.182861 0.569915 0.183105 0.570975 0.184570 0.570445 0.184814 0.571504 0.184082 0.572564 0.184082 0.573623 0.184814 0.572564 0.185059 0.573623 0.185791 0.573623 0.185791 0.572034 0.186768 0.570445 0.187256 0.567797 0.186768 0.566737
1 0.160889 0.565678 0.159180 0.567797 0.158936 0.566737 0.159912 0.564619 0.158936 0.566737 0.156738 0.568326 0.153320 0.573093 0.150146 0.581038 0.151123 0.579979 0.151855 0.581038 0.151611 0.582097 0.152100 0.581038 0.152100 0.576801 0.152588 0.575742 0.153320 0.576801 0.153320 0.577860 0.156006 0.577860 0.156250 0.576271 0.156982 0.577860 0.156982 0.576271 0.157959 0.575212 0.157471 0.574682 0.157471 0.573093 0.156494 0.572564 0.156494 0.570975 0.158936 0.570445 0.158936 0.569386 0.159912 0.569386 0.159668 0.567797 0.160156 0.566737 0.160889 0.567267
1 0.177246 0.564619 0.177246 0.567267 0.178955 0.568326 0.179443 0.567797 0.179688 0.569386 0.181641 0.569915 0.181152 0.569915 0.180664 0.567797 0.181396 0.567797 0.182617 0.566208 0.179932 0.565148 0.178955 0.563559 0.178955 0.561970
1 0.371094 0.563030 0.369873 0.560911 0.367432 0.559322 0.366943 0.561441 0.365967 0.559852 0.366699 0.558792 0.366211 0.558263 0.364258 0.563559 0.362793 0.561970 0.363281 0.563030 0.363037 0.565678 0.361816 0.566737 0.361328 0.565148 0.361328 0.568326 0.361816 0.568856 0.363037 0.566208 0.363770 0.566208 0.364014 0.564619 0.364990 0.563030 0.366943 0.562500 0.368408 0.563030 0.369629 0.565678 0.369629 0.567267 0.370605 0.567267 0.370850 0.566737 0.370117 0.566737 0.369873 0.565678
1 0.196777 0.557733 0.195068 0.559322 0.193359 0.559322 0.192871 0.562500 0.193604 0.563030 0.193359 0.565148 0.193848 0.566208 0.195312 0.564089
1 0.278320 0.554025 0.278320 0.555614 0.277344 0.556674 0.276855 0.559322 0.276367 0.559322 0.276367 0.561970 0.277100 0.561970 0.277832 0.564089 0.278320 0.563559 0.279785 0.567797 0.280762 0.568856 0.280762 0.567267 0.281494 0.565148 0.281006 0.562500 0.280029 0.560911 0.280518 0.557733 0.280029 0.557733 0.279785 0.556674 0.279297 0.557203 0.279053 0.556674 0.279541 0.555614
1 0.250488 0.551907 0.252930 0.554555 0.255615 0.554555 0.255615 0.552966 0.254639 0.554025 0.254395 0.551907 0.253906 0.552966 0.252441 0.552966 0.250977 0.550847 0.251465 0.551907
1 0.230469 0.550318 0.229492 0.551377 0.229492 0.557733 0.229980 0.558792 0.229492 0.558792 0.229248 0.560381 0.228516 0.560381 0.228271 0.559322 0.228027 0.560381 0.227783 0.559322 0.227539 0.560381 0.226562 0.560381 0.226562 0.561441 0.227783 0.560381 0.229492 0.560381 0.230469 0.558792 0.229980 0.558263 0.230225 0.551907 0.230713 0.551377
1 0.228760 0.551377 0.228271 0.550318 0.228271 0.551377 0.224609 0.557733 0.223145 0.561441 0.222656 0.561441 0.222656 0.563559 0.224121 0.562500 0.225342 0.559322 0.227051 0.558792 0.226562 0.558263 0.227295 0.557733 0.227295 0.556674 0.227051 0.557203 0.226807 0.556144 0.227295 0.555614 0.227295 0.554025 0.228027 0.551907
1 0.310059 0.549788 0.308594 0.549788 0.308594 0.551377 0.308105 0.551907 0.309082 0.554025 0.308594 0.555614 0.308105 0.555614 0.307617 0.554025 0.307617 0.555614 0.306396 0.557733 0.305908 0.556674 0.305908 0.555614 0.306396 0.555085 0.306152 0.554025 0.305908 0.555614 0.305664 0.554555 0.305664 0.556144 0.305176 0.556144 0.305420 0.558263 0.306152 0.559322 0.306152 0.561441 0.306885 0.561970 0.306152 0.564619 0.306152 0.566737 0.307373 0.566737 0.308105 0.563030 0.308105 0.560381 0.308594 0.559322 0.308594 0.557733 0.308105 0.558263 0.307617 0.557203 0.308105 0.556144 0.308838 0.556674 0.309570 0.553496 0.309326 0.552436
1 0.313965 0.549258 0.313965 0.550318 0.314697 0.551377 0.315186 0.549788 0.317139 0.549788 0.317871 0.551377 0.317139 0.552436 0.316406 0.551907 0.316406 0.552966 0.316650 0.552436 0.317139 0.554025 0.317627 0.552966 0.318359 0.554025 0.319336 0.554025 0.318848 0.552436 0.318604 0.548729 0.316406 0.548729 0.316162 0.549788 0.315186 0.549788 0.314697 0.550847
1 0.426025 0.545551 0.425293 0.545551 0.424072 0.547669 0.421875 0.547669 0.421875 0.550318 0.420898 0.550847 0.420898 0.552436 0.421875 0.555085 0.421875 0.557733 0.420410 0.558263 0.420410 0.560911 0.420898 0.561970 0.421631 0.561970 0.421631 0.559322 0.423096 0.558792 0.423340 0.556674 0.424072 0.556674 0.424316 0.555614 0.425537 0.555614 0.425781 0.558792 0.425293 0.559852 0.425781 0.560381 0.425781 0.564089 0.426270 0.549788
1 0.167236 0.546081 0.164795 0.546081 0.164795 0.550318 0.166748 0.549258 0.166748 0.547669 0.165771 0.546610 0.166260 0.545551 0.167236 0.547140
1 0.449951 0.545551 0.448486 0.544492 0.447266 0.547669 0.448975 0.547669
1 0.200684 0.543962 0.199707 0.543962 0.197998 0.545551 0.196777 0.548729 0.196533 0.550847 0.197021 0.551907 0.197998 0.551907
1 0.406494 0.542373 0.405273 0.547140 0.405518 0.546081 0.406250 0.546081 0.407227 0.547669 0.407227 0.549258 0.406006 0.553496 0.406250 0.554555 0.406982 0.554555 0.406982 0.549788 0.407471 0.545551
1 0.344238 0.542373 0.343506 0.543962 0.342285 0.543962 0.341797 0.545551 0.342529 0.548729 0.343506 0.548729 0.343994 0.549788 0.344727 0.547669 0.344238 0.547140 0.344238 0.545551 0.344971 0.543962
1 0.219238 0.541314 0.218750 0.542373 0.218750 0.545551 0.219727 0.547669 0.219727 0.550318 0.220215 0.551377 0.218994 0.552966 0.218506 0.555085 0.217773 0.555085 0.217285 0.557203 0.218994 0.556674 0.218994 0.554555 0.220459 0.555614 0.220703 0.556674 0.222168 0.557203 0.220459 0.552436 0.219971 0.548729 0.218750 0.545021
1 0.178223 0.550318 0.179199 0.552436 0.179932 0.552436 0.178223 0.555614 0.178467 0.557203 0.179199 0.556144 0.182861 0.556144 0.184326 0.557733 0.186279 0.561441 0.187256 0.559852 0.188232 0.564089 0.188232 0.560381 0.186768 0.557733 0.186523 0.555614 0.185547 0.554555 0.185547 0.553496 0.186523 0.551907 0.186523 0.550318 0.187256 0.550318 0.187500 0.551377 0.188721 0.550318 0.188232 0.549258 0.187988 0.546610 0.185547 0.550847 0.185547 0.552436 0.184814 0.554555 0.180908 0.555085 0.180664 0.554025 0.179443 0.554025 0.179932 0.551377 0.180908 0.551377 0.180908 0.552966 0.181885 0.551377 0.183594 0.546081 0.185547 0.541843 0.186279 0.541314 0.185303 0.542373 0.185059 0.541314 0.184326 0.543432 0.182617 0.545551 0.183105 0.546610 0.181396 0.550847 0.180664 0.551377
1 0.297852 0.539195 0.297852 0.541843 0.298340 0.542903 0.299316 0.541843 0.300293 0.542373 0.300293 0.543962 0.300781 0.544492 0.300781 0.547140 0.300781 0.545021 0.302002 0.544492 0.300781 0.544492 0.300537 0.541843 0.301270 0.540784 0.302979 0.540784 0.302979 0.539725 0.299805 0.540254 0.299072 0.539195
1 0.457031 0.536547 0.458008 0.538136 0.458008 0.540784 0.456787 0.542903 0.458252 0.541843 0.459473 0.543432 0.459473 0.545021 0.459961 0.546081 0.460693 0.543432 0.459473 0.542373 0.458252 0.539725 0.457764 0.537076 0.458008 0.536547
1 0.403809 0.536017 0.402344 0.536017 0.401611 0.537606 0.399658 0.546610 0.398438 0.549258 0.395020 0.551377 0.397705 0.550318 0.398926 0.554025 0.398438 0.556674 0.399170 0.556144 0.399414 0.554555 0.399902 0.555085 0.399902 0.556144 0.401855 0.557203 0.403320 0.555614 0.403076 0.554025 0.403564 0.552966 0.402100 0.556144 0.401123 0.556674 0.399414 0.552966 0.398926 0.550318 0.401855 0.543962 0.405029 0.540784 0.405029 0.538136 0.404541 0.537076 0.404053 0.537076 0.403320 0.539195 0.402832 0.538136 0.402832 0.537076
1 0.267578 0.536017 0.267578 0.537606 0.266602 0.538136 0.266113 0.540254 0.267090 0.540254 0.268066 0.541843 0.268799 0.541843 0.268311 0.538136
1 0.319824 0.534428 0.318359 0.533898 0.317627 0.537076 0.316650 0.537076 0.316650 0.539195 0.317627 0.541843 0.318359 0.540784
1 0.223633 0.532839 0.223389 0.533898 0.222900 0.533898 0.223145 0.534958 0.222656 0.535487 0.223145 0.536017 0.222656 0.537076 0.221436 0.537076 0.222656 0.538136 0.221924 0.539195 0.221924 0.540254 0.221191 0.539725 0.221191 0.538136 0.220703 0.538136 0.220215 0.539195 0.220459 0.539725 0.219727 0.540254 0.221924 0.540784 0.222412 0.539195 0.222900 0.541843 0.223877 0.542903 0.224365 0.541843 0.224609 0.542373 0.224609 0.543962 0.224121 0.544492 0.224854 0.543962 0.225586 0.545551 0.225098 0.547669 0.224854 0.546610 0.224365 0.546610 0.225098 0.548199 0.224609 0.548729 0.223145 0.546081 0.222900 0.543432 0.223145 0.546610 0.222656 0.547140 0.222656 0.548199 0.223389 0.547140 0.224121 0.547669 0.224121 0.549258 0.223633 0.550318 0.224121 0.550847 0.225586 0.548729 0.226074 0.546610 0.226074 0.542903 0.225586 0.540784 0.226074 0.539195 0.225342 0.539725 0.224121 0.537076
1 0.355713 0.534428 0.355957 0.537606 0.357178 0.537606 0.358643 0.539725 0.357910 0.540254 0.357910 0.541843 0.358887 0.543962 0.359619 0.543962 0.360840 0.547140 0.362061 0.546081 0.361816 0.543962 0.360107 0.540784 0.359619 0.538136 0.359131 0.537606 0.358887 0.533898 0.358154 0.532839 0.358154 0.531780 0.357178 0.531780 0.355957 0.534958
1 0.270020 0.531780 0.269531 0.532839 0.270996 0.533369 0.271484 0.535487 0.270996 0.536017 0.270508 0.534958 0.270508 0.536547 0.269531 0.537076 0.269043 0.533898 0.269043 0.536547 0.269775 0.537606 0.269531 0.538665 0.270752 0.538665 0.272461 0.542373 0.273438 0.542373 0.273926 0.543432 0.272949 0.546610 0.271484 0.545551 0.271973 0.546610 0.271973 0.549788 0.272461 0.550318 0.272461 0.549258 0.273682 0.546610 0.274170 0.547669 0.274170 0.546610 0.275146 0.546081 0.275635 0.544492 0.275146 0.543962 0.275146 0.541314 0.274658 0.540254 0.272949 0.540254 0.272461 0.538665 0.271729 0.538665 0.272217 0.537076 0.271729 0.533898 0.271240 0.533369 0.271484 0.532839
1 0.424072 0.530720 0.422852 0.531780 0.422607 0.530720 0.421875 0.530720 0.420898 0.536547 0.421875 0.538665 0.422852 0.538136 0.423096 0.536547 0.423584 0.537606 0.423340 0.536547 0.424561 0.534428
1 0.450684 0.529131 0.450684 0.530191 0.451660 0.529131 0.452881 0.529131 0.453125 0.532839 0.452637 0.534428 0.453613 0.536547 0.454346 0.536547 0.455566 0.539725 0.456299 0.539725 0.456787 0.540784 0.456787 0.537606 0.456299 0.538136 0.455322 0.536547 0.455811 0.535487 0.455322 0.534428 0.455811 0.533369 0.455811 0.531780 0.455078 0.531780 0.455078 0.533369 0.454102 0.533898 0.453369 0.531780 0.453857 0.528602 0.451172 0.528072
1 0.437744 0.528072 0.437256 0.529131 0.437500 0.530720 0.438965 0.533898 0.438721 0.534428 0.439453 0.534958 0.439697 0.532839 0.440186 0.532309 0.440186 0.529131 0.439209 0.528072
1 0.336182 0.528072 0.334961 0.527542 0.334229 0.525424 0.333740 0.525424 0.332764 0.527542 0.331543 0.527542 0.329834 0.530720 0.327637 0.530720 0.326904 0.532839 0.324951 0.534428 0.325684 0.533369 0.329346 0.533369 0.329590 0.533898 0.329102 0.534428 0.329590 0.535487 0.329834 0.534958 0.330078 0.536547 0.330078 0.534428 0.330811 0.532839 0.332520 0.532839 0.333740 0.531250 0.334473 0.531250 0.335938 0.529661
1 0.373047 0.522246 0.372803 0.527013 0.373535 0.528072 0.373535 0.530191 0.372803 0.534428 0.373291 0.534428 0.373535 0.536017 0.370850 0.545021 0.369141 0.545021 0.368652 0.543962 0.367188 0.545551 0.365723 0.543962 0.364258 0.547669 0.363281 0.546610 0.363281 0.550318 0.362549 0.550847 0.363037 0.551907 0.364014 0.548199 0.366699 0.546610 0.374756 0.558792 0.376465 0.559852 0.376221 0.555085 0.376465 0.558792 0.374756 0.558792 0.374756 0.556144 0.374023 0.555614 0.373535 0.556674 0.373291 0.555085 0.373779 0.554025 0.372803 0.552436 0.373291 0.550318 0.374268 0.550318 0.375732 0.554555 0.376221 0.553496 0.375977 0.551377 0.371826 0.546610 0.371582 0.545021 0.373047 0.544492 0.373535 0.545551 0.374023 0.544492 0.376465 0.544492 0.376709 0.542373 0.377930 0.542373 0.379639 0.546081 0.380127 0.545551 0.381592 0.548199 0.382568 0.551377 0.382812 0.549788 0.381104 0.547140 0.381104 0.544492 0.379883 0.542903 0.381592 0.542373 0.381836 0.545021 0.383301 0.545551 0.383301 0.548729 0.384521 0.546081 0.384766 0.543432 0.379883 0.542373 0.379150 0.540784 0.380127 0.538665 0.382080 0.537076 0.381104 0.538136 0.380127 0.537076 0.378662 0.537606 0.376953 0.533898 0.375977 0.533898 0.375488 0.531780 0.373779 0.532839 0.373535 0.531780 0.374268 0.530191 0.373779 0.529131 0.373779 0.523305
1 0.343750 0.522246 0.343018 0.525424 0.343506 0.529131 0.343994 0.529131 0.345703 0.533369 0.345703 0.541843 0.346191 0.544492 0.346924 0.544492 0.347168 0.545551 0.348633 0.545021 0.348633 0.546081 0.349609 0.544492 0.350098 0.546081 0.350586 0.545021 0.351318 0.545551 0.351318 0.546610 0.349609 0.550318 0.348633 0.550847 0.348877 0.552966 0.347900 0.556144 0.347900 0.558263 0.348633 0.558792 0.350586 0.556144 0.351562 0.556674 0.351807 0.555614 0.354980 0.554555 0.355225 0.553496 0.354736 0.551907 0.355225 0.551377 0.355225 0.549788 0.354492 0.551907 0.352539 0.547140 0.352295 0.539195 0.351562 0.537606 0.351318 0.538136 0.350586 0.537076 0.350830 0.534958 0.348877 0.528602 0.347900 0.527013 0.347656 0.525424 0.346924 0.524894 0.346924 0.523305 0.345215 0.523305 0.344971 0.522246
1 0.227539 0.519068 0.227539 0.520657 0.228516 0.521186 0.228516 0.523305 0.228027 0.525953 0.227051 0.528072 0.226807 0.532309 0.226074 0.532309 0.225342 0.533898 0.225830 0.534958 0.226074 0.537606 0.227051 0.534958 0.227783 0.537076 0.229004 0.537076 0.230225 0.538665 0.229736 0.539725 0.227539 0.539725 0.231445 0.540784 0.232422 0.541843 0.234131 0.541843 0.234375 0.540784 0.235352 0.540784 0.235596 0.542373 0.235596 0.539195 0.234619 0.539725 0.234131 0.541314 0.232422 0.540254 0.232910 0.537076 0.232910 0.533369 0.233398 0.531780 0.233154 0.529131 0.234131 0.526483 0.234619 0.526483 0.234863 0.524364 0.234375 0.523305 0.233154 0.523835 0.229248 0.520657 0.228516 0.521186 0.228271 0.519597
1 0.415527 0.516419 0.416504 0.518008 0.416504 0.519597 0.416748 0.518538 0.417969 0.520657 0.419678 0.520657 0.419678 0.518538 0.418945 0.516949 0.417725 0.516949 0.417480 0.515890
1 0.204590 0.515360 0.202393 0.517479 0.201904 0.518538 0.201904 0.520127 0.202881 0.520657 0.204834 0.516949
1 0.637451 0.517479 0.636963 0.521186 0.637939 0.522775 0.639160 0.521716 0.640869 0.522246 0.642334 0.524364 0.643311 0.524364 0.644043 0.525953 0.644531 0.530720 0.646729 0.531250 0.647217 0.530191 0.646973 0.524894 0.645264 0.521186 0.644775 0.516949 0.643555 0.515360 0.642822 0.513242 0.640381 0.514301 0.638672 0.517479
1 0.249756 0.511653 0.249023 0.513771 0.249023 0.516419 0.250000 0.516949 0.250000 0.519068 0.249023 0.520127 0.249512 0.521716 0.248047 0.524894 0.248779 0.525953 0.249023 0.525424 0.249268 0.526483 0.249756 0.526483 0.249268 0.524364 0.250732 0.515890 0.250732 0.513771 0.250244 0.515890 0.249756 0.515360
1 0.228027 0.512712 0.228027 0.516419 0.228516 0.517479 0.228271 0.515890 0.229004 0.514301 0.230225 0.514301 0.230713 0.515890 0.230469 0.516949 0.231201 0.518008 0.231689 0.517479 0.230713 0.516419 0.230713 0.513771 0.230225 0.512712 0.229004 0.512712 0.228760 0.511653
1 0.275879 0.505297 0.274902 0.507415 0.276367 0.508475 0.276367 0.516949 0.276855 0.515890 0.277832 0.516419 0.278320 0.514301 0.278320 0.507415 0.277832 0.508475 0.277100 0.505297
1 0.338135 0.514831 0.337646 0.514301 0.337646 0.512712 0.334961 0.507945 0.335205 0.506886 0.334961 0.507415 0.333496 0.505826 0.332764 0.503178 0.332031 0.504767 0.332031 0.507945 0.331055 0.508475 0.330566 0.507415 0.331055 0.506886 0.329834 0.506886 0.329590 0.509534 0.328125 0.511653 0.327148 0.515360 0.327637 0.516949 0.328857 0.516949 0.329590 0.518538 0.333740 0.518538 0.334473 0.517479 0.337402 0.516949 0.337646 0.515890 0.338135 0.515890
1 0.257568 0.501589 0.255859 0.502119 0.255859 0.505826 0.256348 0.506356 0.256348 0.508475 0.255859 0.510064 0.256592 0.507945 0.257080 0.507945 0.257568 0.505826 0.257812 0.506356
1 0.208008 0.500000 0.207764 0.499470 0.206787 0.502648 0.206299 0.508475 0.205811 0.509004 0.205322 0.507945 0.203613 0.507945 0.205322 0.507945 0.206055 0.510064 0.206787 0.510064 0.207031 0.511123 0.207520 0.510064 0.208252 0.510593 0.208740 0.508475 0.208008 0.508475 0.207031 0.510593 0.206543 0.506356 0.207275 0.504237 0.207764 0.505826 0.207520 0.502648 0.208252 0.501059 0.207520 0.500530
1 0.407715 0.493644 0.407715 0.497352 0.408203 0.497881 0.408203 0.499470 0.407227 0.499470 0.407227 0.501589 0.408203 0.503178 0.407715 0.504237 0.407715 0.507945 0.408447 0.507945 0.408447 0.506356 0.407959 0.505826 0.408203 0.503708 0.409180 0.505297 0.409180 0.507945 0.409668 0.509004 0.409180 0.513242 0.409912 0.513242 0.410156 0.515890 0.411377 0.516949 0.411865 0.515890 0.412109 0.516949 0.412598 0.516419 0.413574 0.518538 0.414795 0.518538 0.414551 0.514831 0.415527 0.513242 0.414795 0.511653 0.414307 0.511653 0.413574 0.513771 0.413330 0.512712 0.413086 0.513242 0.412354 0.512182 0.412109 0.507945 0.409668 0.504237 0.410156 0.503708 0.409668 0.503178 0.409912 0.502648 0.409424 0.501059 0.409912 0.500530 0.409180 0.498411 0.409424 0.497352 0.408936 0.496822 0.408936 0.495233 0.408203 0.493644
1 0.308105 0.498941 0.306885 0.497352 0.307129 0.494703 0.304932 0.493644 0.306152 0.499470 0.302246 0.503178 0.301025 0.502119 0.301270 0.503708 0.299561 0.505297 0.298096 0.502648 0.298584 0.498411 0.297363 0.498411 0.298096 0.502119 0.295654 0.512182 0.284180 0.526483 0.281250 0.521716 0.275635 0.521186 0.275635 0.516949 0.274414 0.517479 0.274902 0.519597 0.273438 0.522246 0.272461 0.511653 0.271729 0.517479 0.273193 0.521716 0.271973 0.523305 0.272949 0.525953 0.271484 0.529661 0.273682 0.526483 0.276123 0.528072 0.282227 0.527013 0.283203 0.528602 0.282227 0.530720 0.289062 0.534958 0.289551 0.541843 0.291016 0.545551 0.291016 0.556144 0.297119 0.549788 0.297119 0.548199 0.294434 0.548199 0.295654 0.546081 0.295654 0.544492 0.294678 0.545021 0.295166 0.540254 0.296143 0.539725 0.295654 0.537606 0.294434 0.539195 0.294189 0.537606 0.292236 0.538665 0.290771 0.536547 0.291748 0.525953 0.293457 0.524364 0.296631 0.527542 0.298828 0.526483 0.297363 0.522775 0.297852 0.521186 0.299316 0.524894 0.302246 0.522775 0.302734 0.525424 0.304199 0.526483 0.304199 0.530191 0.302734 0.531780 0.302979 0.527542 0.301758 0.527013 0.302979 0.528602 0.301270 0.529661 0.301514 0.533898 0.304443 0.533898 0.303955 0.530720 0.304932 0.529661 0.304199 0.527542 0.306885 0.523305 0.304932 0.522246 0.303955 0.525953 0.301514 0.520657 0.302246 0.509534 0.301025 0.510593 0.300537 0.507945 0.302734 0.502648 0.304199 0.503178 0.303711 0.505826 0.304688 0.500530 0.305908 0.501059 0.304932 0.504237
1 0.201416 0.494174 0.203125 0.497352 0.204346 0.497352 0.204590 0.498411 0.204834 0.496822 0.207275 0.496822 0.207764 0.497881 0.207520 0.496292 0.206543 0.496822 0.205322 0.493644 0.204346 0.495233 0.203613 0.493644 0.202637 0.494174 0.202148 0.493114 0.201904 0.494174
1 0.307129 0.491525 0.307129 0.493114 0.308594 0.494703 0.308594 0.499470 0.308838 0.495763 0.310303 0.494703 0.309326 0.493114 0.309326 0.492055 0.308594 0.493644 0.308105 0.493644 0.307617 0.492585 0.307861 0.491525
1 0.211426 0.491525 0.209473 0.495763 0.208496 0.496292 0.208984 0.496822 0.208984 0.498411 0.209961 0.499470 0.210449 0.498411 0.210938 0.501059 0.211182 0.500530 0.211670 0.501589 0.211426 0.502648 0.210938 0.502119 0.210938 0.503708 0.212891 0.504767 0.213135 0.503178 0.213867 0.503178 0.213379 0.503178 0.212646 0.501589 0.212646 0.500000 0.211914 0.500000 0.212158 0.500530 0.211670 0.501589 0.210693 0.499470 0.210693 0.496292 0.211670 0.495233 0.210693 0.494174 0.211670 0.493114
1 0.280762 0.485699 0.280273 0.486229 0.281006 0.488877 0.280762 0.490996 0.278809 0.491525 0.279297 0.492585 0.278809 0.493114 0.279297 0.493644 0.280029 0.492585 0.280518 0.494174 0.281982 0.491525 0.281738 0.487818 0.281006 0.487818
1 0.271240 0.483581 0.270508 0.483581 0.270020 0.484640 0.269531 0.484110 0.268555 0.485699 0.268555 0.492055 0.268555 0.489936 0.269287 0.488877 0.269287 0.486758 0.270996 0.486758 0.271240 0.486229 0.270752 0.485169
1 0.350830 0.483051 0.349609 0.483051 0.349365 0.484110 0.348633 0.484110 0.348389 0.483051 0.345703 0.483051 0.346191 0.484640 0.346924 0.484640 0.347656 0.486758 0.346680 0.487288 0.346436 0.488347 0.345703 0.488347 0.345215 0.489936 0.346436 0.489936 0.346680 0.488877 0.347900 0.488877 0.348145 0.489936 0.347168 0.490466 0.346680 0.491525 0.346680 0.493114 0.345215 0.494703 0.344482 0.497352 0.344482 0.498411 0.344971 0.498941 0.344727 0.501589 0.343994 0.501589 0.344238 0.502648 0.343506 0.502648 0.343506 0.504237 0.342529 0.503708 0.342773 0.504767 0.342041 0.504767 0.342041 0.502119 0.342773 0.500530 0.343506 0.500530 0.343262 0.499470 0.341309 0.500000 0.340576 0.503178 0.339844 0.503178 0.339600 0.502119 0.338867 0.503178 0.338867 0.506886 0.339355 0.507945 0.338379 0.509004 0.339844 0.510593 0.339844 0.512182 0.338867 0.513771 0.338867 0.516419 0.339600 0.516419 0.339844 0.514301 0.343262 0.514301 0.342529 0.513242 0.342773 0.512182 0.343750 0.512712 0.343750 0.516419 0.344727 0.516419 0.345215 0.514301 0.345703 0.515360 0.346924 0.513771 0.346680 0.511653 0.347412 0.505297 0.346680 0.505297 0.346436 0.506356 0.345947 0.505826 0.347412 0.502119 0.348145 0.502119 0.348145 0.498941 0.348877 0.497881 0.348633 0.496822 0.349365 0.494703 0.348633 0.492585 0.349121 0.489936 0.349609 0.489936 0.348633 0.489407 0.348389 0.488347 0.349854 0.487818 0.349854 0.485169
1 0.263184 0.476695 0.260498 0.481462 0.257324 0.480403 0.258789 0.481992 0.259033 0.481462 0.260254 0.483581 0.259766 0.485699 0.256836 0.492055 0.256836 0.493114 0.258057 0.489407 0.260254 0.486758
1 0.227295 0.476695 0.226318 0.476165 0.226074 0.476695 0.226562 0.477754 0.224609 0.480932 0.224609 0.482521 0.222656 0.484110 0.222412 0.488347 0.220947 0.487818 0.221924 0.485169 0.220703 0.485169 0.219482 0.487288 0.218750 0.486758 0.218750 0.489936 0.222412 0.489936 0.222656 0.488877 0.223145 0.489407 0.222900 0.491525 0.221680 0.491525 0.220703 0.493644 0.221680 0.497352 0.222412 0.497352 0.222412 0.493114 0.222900 0.492055 0.223389 0.493114 0.223633 0.491525 0.225098 0.488877 0.228271 0.488877 0.228027 0.486229 0.227295 0.486758 0.226318 0.485169 0.225098 0.485169 0.224365 0.483581 0.224609 0.482521 0.226074 0.483051 0.227783 0.478814
1 0.271973 0.470339 0.271484 0.471398 0.271729 0.472458 0.270996 0.473517 0.270996 0.478284 0.271240 0.475636 0.271729 0.475106 0.271973 0.477225 0.272461 0.477754 0.272461 0.479343 0.272949 0.479873 0.272949 0.482521 0.274658 0.482521 0.274902 0.483581 0.273926 0.484110 0.275391 0.485169 0.275391 0.478814 0.275146 0.479873 0.273682 0.480403 0.273193 0.479343 0.273193 0.475106 0.272217 0.474047 0.273193 0.472458 0.273193 0.471398 0.272461 0.471928
1 0.289307 0.469809 0.288086 0.469809 0.288574 0.470869 0.287598 0.473517 0.288818 0.474047 0.289062 0.475636 0.287598 0.476165 0.287354 0.477225 0.289795 0.475636 0.289307 0.472458 0.290039 0.471398
1 0.299316 0.467691 0.299316 0.472458 0.299805 0.473517 0.299072 0.474576 0.299316 0.475636 0.298340 0.478284 0.300537 0.479343 0.301514 0.477225 0.302002 0.477225 0.302002 0.473517 0.302490 0.472987 0.302490 0.471398 0.301025 0.468220
1 0.402344 0.469280 0.402344 0.470869 0.404541 0.475106 0.405029 0.474047 0.405029 0.468220 0.406006 0.466631 0.406250 0.477225 0.406982 0.477225 0.406982 0.475636 0.407471 0.475106 0.407715 0.476165 0.408203 0.474576 0.408447 0.476165 0.407959 0.477225 0.408203 0.476695 0.408447 0.478284 0.408936 0.478284 0.409424 0.476165 0.408936 0.475106 0.408691 0.475636 0.408203 0.474047 0.410156 0.470339 0.410400 0.467161 0.409668 0.469280 0.408936 0.468220 0.408447 0.466102 0.406738 0.466102 0.406494 0.465042 0.405762 0.465042 0.405518 0.466102 0.403809 0.466102 0.403809 0.467691
1 0.336426 0.466102 0.333984 0.463983 0.333984 0.465572 0.334473 0.463983 0.335938 0.466631 0.335938 0.467691 0.335449 0.468220 0.334961 0.467161 0.333740 0.469809 0.334473 0.469809 0.334717 0.470869 0.333008 0.474576 0.334717 0.474047 0.336182 0.468750 0.336426 0.470869
1 0.357910 0.462924 0.357910 0.465042 0.356689 0.466631 0.356445 0.468750 0.355225 0.471398 0.354492 0.469280 0.354492 0.474047 0.354004 0.474576 0.354492 0.476165 0.355713 0.476165 0.356445 0.478284 0.355957 0.478814 0.356201 0.479873 0.355713 0.480403 0.355957 0.480932 0.354980 0.484640 0.358398 0.484640 0.359375 0.481992 0.359863 0.481992 0.360107 0.483581 0.359375 0.484640 0.359375 0.485699 0.361084 0.481992 0.361084 0.480932 0.360596 0.482521 0.359375 0.479873 0.360107 0.477225 0.359863 0.476165 0.360352 0.475106 0.360840 0.475106 0.361816 0.477225 0.361328 0.478284 0.361816 0.478814 0.364258 0.478284 0.363770 0.476695 0.362549 0.476695 0.361084 0.473517 0.360352 0.470339 0.359131 0.468220 0.358398 0.464513 0.358643 0.462924
1 0.384766 0.461864 0.384033 0.462394 0.383789 0.465572 0.383301 0.466631 0.381836 0.466102 0.382324 0.467161 0.380615 0.474047 0.380615 0.475636 0.381592 0.477754 0.381348 0.478814 0.382080 0.483051 0.382812 0.483581 0.383545 0.481462 0.384277 0.481462 0.385010 0.483051 0.384521 0.484110 0.383789 0.483581 0.383301 0.484640 0.383301 0.485699 0.383545 0.484640 0.384277 0.485169 0.384521 0.490466 0.383789 0.491525 0.384277 0.492585 0.384033 0.494174 0.384521 0.495763 0.385254 0.494703 0.385010 0.492585 0.385498 0.491525 0.385742 0.488877 0.388428 0.483051 0.389893 0.482521 0.390625 0.483581 0.390869 0.485699 0.391602 0.486229 0.391602 0.487818 0.391602 0.486229 0.392578 0.485169 0.393555 0.480403 0.392578 0.477754 0.391846 0.472458 0.390625 0.472458 0.389404 0.475106 0.388184 0.474047 0.387695 0.471398 0.387939 0.466102 0.387451 0.465042 0.386475 0.465572
1 0.274902 0.460805 0.275391 0.462394 0.275391 0.465042 0.274902 0.466102 0.273926 0.466102 0.273926 0.467691 0.273438 0.468220 0.273438 0.469809 0.275146 0.472987 0.274902 0.476165 0.277100 0.476695 0.277100 0.474576 0.275391 0.474047 0.275879 0.472987 0.278076 0.472987 0.278320 0.471928 0.279541 0.471928 0.280273 0.473517 0.279785 0.475636 0.279541 0.474576 0.277832 0.474576 0.277832 0.479343 0.279297 0.483581 0.279785 0.483581 0.280518 0.481992 0.280518 0.480932 0.281250 0.480932 0.281494 0.479873 0.283447 0.481992 0.284180 0.481462 0.284424 0.479343 0.283447 0.477754 0.283447 0.476695 0.282227 0.474576 0.281250 0.474576 0.280273 0.471928 0.279785 0.472458 0.279541 0.470869 0.278564 0.470869 0.277832 0.469809 0.273926 0.469280 0.274170 0.468220 0.276367 0.466102 0.277100 0.466631 0.277344 0.465572 0.277832 0.466102 0.277588 0.467161 0.278076 0.467161 0.278809 0.465042 0.277832 0.465042 0.277344 0.463983 0.277344 0.465572 0.276367 0.466102 0.275635 0.464513 0.275635 0.461864
1 0.212402 0.459216 0.211914 0.460275 0.213135 0.460275 0.214355 0.461864 0.215820 0.466102 0.216064 0.471398 0.212402 0.486229 0.211182 0.487818 0.209717 0.487818 0.212158 0.487818 0.212402 0.488347 0.211426 0.489936 0.212646 0.488877 0.213379 0.486758 0.214111 0.487288 0.213867 0.486758 0.215576 0.480932 0.215576 0.478814 0.217773 0.471398 0.217041 0.470869 0.217529 0.470339 0.217529 0.469280 0.216553 0.467691 0.216797 0.466631 0.215332 0.465042 0.216064 0.462924 0.215332 0.461864 0.214600 0.462394 0.214111 0.460805 0.213379 0.460805
1 0.431885 0.457627 0.431152 0.457627 0.431152 0.460275 0.430664 0.460805 0.430664 0.462394 0.430176 0.463453 0.431396 0.463453 0.432373 0.461335 0.432373 0.458686
1 0.378906 0.456568 0.377197 0.458157 0.376709 0.462924 0.375244 0.462924 0.376953 0.466102 0.376953 0.467691 0.377441 0.468750 0.379150 0.469280 0.379639 0.468220 0.379639 0.466631 0.380859 0.465042 0.380859 0.460275 0.379883 0.457627
1 0.349854 0.453390 0.348633 0.456038 0.348633 0.457097 0.350098 0.458157 0.349854 0.459746 0.349121 0.458686 0.349609 0.461335 0.350586 0.460805 0.350586 0.458686 0.350342 0.459746 0.350098 0.458157 0.350830 0.457097
1 0.406982 0.451801 0.406982 0.453390 0.406250 0.453390 0.405762 0.458157 0.406494 0.457097 0.406982 0.457627 0.407471 0.460805 0.407959 0.459746 0.407471 0.457097 0.408447 0.454979 0.407471 0.453390 0.408203 0.452860
1 0.325439 0.452860 0.325439 0.455508 0.327881 0.456568 0.328125 0.454449 0.327637 0.452331 0.326172 0.451801
1 0.308350 0.449153 0.308105 0.450212 0.308594 0.451271 0.308350 0.452331 0.309082 0.456568 0.309326 0.455508 0.310791 0.454449 0.311035 0.451801 0.310791 0.452331 0.310059 0.450212
1 0.219971 0.449153 0.218750 0.449153 0.218506 0.457627 0.217529 0.456038 0.217529 0.454449 0.216797 0.454449 0.216309 0.455508 0.217529 0.465572 0.218506 0.465572 0.218506 0.464513 0.218994 0.464513 0.219238 0.462924 0.219971 0.463453 0.220459 0.462394 0.219971 0.461335 0.220459 0.460275 0.220459 0.458686 0.219971 0.458157 0.219971 0.456568 0.220459 0.455508 0.219482 0.454979 0.219482 0.451271 0.219971 0.450742
1 0.222656 0.448093 0.223145 0.449153 0.222656 0.450212 0.222656 0.454449 0.225342 0.454449 0.225830 0.453390 0.225342 0.451271 0.224854 0.451271 0.224854 0.452860 0.224121 0.453390 0.223389 0.451801 0.223389 0.450212
1 0.178467 0.448093 0.177490 0.445975 0.176758 0.445975 0.177246 0.447564 0.176514 0.448093 0.176758 0.449682 0.176025 0.451271 0.175537 0.450742 0.175537 0.449153 0.174805 0.448623 0.175293 0.447564 0.175537 0.448093 0.175537 0.447034 0.172119 0.450742 0.170410 0.454979 0.170410 0.457097 0.169434 0.458686 0.169189 0.460805 0.168457 0.460805 0.168213 0.461864 0.167725 0.461335 0.167725 0.460275 0.166992 0.460805 0.167480 0.461864 0.166992 0.462394 0.166992 0.464513 0.166260 0.466102 0.165283 0.463983 0.164795 0.465572 0.165771 0.465572 0.166016 0.466631 0.165527 0.467161 0.165283 0.469280 0.164551 0.469280 0.164551 0.470869 0.166748 0.470869 0.166992 0.471928 0.167725 0.470869 0.167725 0.466102 0.169189 0.465572 0.170166 0.463453 0.170166 0.457627 0.173096 0.457097 0.172607 0.456038 0.172607 0.452331 0.173340 0.450742 0.175049 0.450212 0.175293 0.451801 0.176514 0.453919 0.177979 0.450742 0.177490 0.449153
1 0.205322 0.443856 0.204590 0.443856 0.204102 0.448093 0.201660 0.452860 0.201172 0.454979 0.201660 0.456038 0.202393 0.452860 0.202881 0.454979 0.203125 0.451801 0.203857 0.451801 0.204590 0.454979 0.205322 0.453919 0.205322 0.452331 0.204346 0.450742 0.205811 0.447564
1 0.276123 0.448093 0.274414 0.449153 0.274170 0.448093 0.275146 0.444915 0.274170 0.442797 0.273438 0.444915 0.272949 0.441737 0.271484 0.444915 0.271973 0.448623 0.270996 0.449682 0.273438 0.453919 0.272461 0.454449 0.271729 0.452331 0.270996 0.452860 0.270264 0.458157 0.269287 0.457097 0.269775 0.455508 0.269043 0.456568 0.267090 0.455508 0.266602 0.457627 0.266357 0.455508 0.265381 0.454979 0.266113 0.452860 0.265625 0.452331 0.263672 0.453390 0.263184 0.454449 0.263184 0.457627 0.259766 0.457097 0.259521 0.458157 0.258545 0.456568 0.258789 0.455508 0.259766 0.456038 0.258789 0.453919 0.258789 0.447034 0.258301 0.445975 0.258789 0.449153 0.258057 0.450212 0.257568 0.456568 0.258301 0.460275 0.258789 0.459216 0.259277 0.459746 0.259277 0.462394 0.258789 0.462924 0.258301 0.461864 0.257568 0.465042 0.257324 0.462924 0.256592 0.462394 0.257080 0.459746 0.254395 0.465572 0.254395 0.467691 0.253418 0.468220 0.252930 0.470339 0.255371 0.466631 0.257324 0.466631 0.257812 0.471398 0.255615 0.474576 0.256104 0.475106 0.261230 0.473517 0.263184 0.470869 0.266357 0.470869 0.265381 0.469809 0.266113 0.467691 0.267090 0.466631 0.269287 0.466631 0.269531 0.465572 0.270264 0.465572 0.271484 0.468750 0.272217 0.468750 0.272705 0.465042 0.271729 0.466102 0.270752 0.465572 0.271729 0.455508 0.272461 0.454449 0.273193 0.454979 0.273438 0.453919 0.273926 0.454979 0.275635 0.454979 0.276123 0.453919 0.276123 0.450212 0.275635 0.449682
1 0.332764 0.442267 0.332764 0.444915 0.333496 0.446504 0.334473 0.447034 0.335938 0.451801 0.336426 0.450742 0.338135 0.450742 0.338379 0.451801 0.339844 0.453390 0.339355 0.454449 0.337891 0.454979 0.339111 0.456038 0.337891 0.459216 0.336670 0.457627 0.337158 0.454449 0.335938 0.453390 0.335449 0.456568 0.336426 0.457097 0.336670 0.458686 0.336182 0.460805 0.335693 0.460805 0.334961 0.459216 0.334961 0.460275 0.335449 0.460805 0.334961 0.462394 0.336426 0.462924 0.336182 0.461864 0.337646 0.459746 0.338379 0.460275 0.339111 0.459216 0.341797 0.458686 0.341797 0.457627 0.341309 0.458686 0.339111 0.457627 0.339600 0.453919 0.340088 0.452860 0.340576 0.452860 0.340820 0.453919 0.341064 0.453390 0.341309 0.454979 0.342285 0.456038 0.342529 0.454449 0.341309 0.453919 0.341797 0.452860 0.340576 0.452860 0.338867 0.450742 0.339111 0.451271 0.338623 0.451801 0.338135 0.449682 0.336914 0.449153 0.336182 0.446504 0.335449 0.445445 0.335693 0.444386 0.334961 0.444386 0.334717 0.445445 0.333496 0.445445 0.332764 0.443856 0.332764 0.442797 0.333496 0.441208
1 0.350342 0.440678 0.349121 0.440678 0.349121 0.442267 0.347656 0.443856 0.347656 0.446504 0.348877 0.446504 0.349365 0.445445 0.349365 0.443856 0.350342 0.443326 0.350586 0.442267 0.351074 0.443326
1 0.339355 0.440678 0.337891 0.441737 0.338379 0.443856 0.338135 0.445975 0.338379 0.445445 0.338623 0.446504 0.339600 0.444915 0.339600 0.442797 0.340332 0.442267
1 0.267578 0.440678 0.269043 0.443856 0.268799 0.445445 0.268066 0.443326 0.268066 0.444386 0.268555 0.444915 0.268555 0.446504 0.269287 0.448623 0.270020 0.446504 0.270752 0.446504 0.269775 0.443856 0.269287 0.443856
1 0.401123 0.441208 0.402344 0.443856 0.402344 0.447564 0.404541 0.447564 0.404785 0.446504 0.405518 0.447564 0.406494 0.447564 0.406738 0.449153 0.407471 0.449153 0.407715 0.450212 0.408691 0.448623 0.409668 0.450212 0.410400 0.450212 0.410645 0.447034 0.410156 0.445975 0.410156 0.447564 0.409180 0.448093 0.408447 0.446504 0.408447 0.444915 0.408447 0.446504 0.407471 0.447034 0.405273 0.444915 0.405029 0.443856 0.404297 0.443856 0.404053 0.442797 0.403320 0.442797 0.403076 0.441208 0.403809 0.440148 0.404053 0.437500 0.402588 0.440678
1 0.293701 0.448093 0.292969 0.448093 0.292725 0.447034 0.288818 0.449682 0.288574 0.451271 0.286621 0.452331 0.286377 0.451271 0.287354 0.448093 0.288330 0.446504 0.289795 0.447034 0.290771 0.445445 0.288574 0.443326 0.289307 0.441737 0.287354 0.444915 0.286621 0.441208 0.287109 0.437500 0.286377 0.439619 0.286865 0.440148 0.286621 0.445975 0.285889 0.448093 0.286133 0.452331 0.284424 0.454449 0.282227 0.453919 0.281982 0.456038 0.281006 0.457627 0.280273 0.456038 0.280273 0.450742 0.281494 0.444386 0.281250 0.443856 0.280273 0.445975 0.279785 0.451801 0.278564 0.454449 0.277344 0.454449 0.277344 0.456568 0.278809 0.457627 0.278809 0.461335 0.279785 0.462924 0.280518 0.461335 0.281494 0.461335 0.281738 0.457627 0.282715 0.459746 0.282715 0.462394 0.280762 0.466631 0.282471 0.463983 0.284424 0.466102 0.284912 0.465042 0.285889 0.465572 0.286133 0.464513 0.290039 0.464513 0.289795 0.462394 0.290527 0.460805 0.291748 0.460275 0.291504 0.458686 0.290283 0.458157 0.292725 0.456038 0.287354 0.457627 0.286865 0.459216 0.287598 0.459216 0.287598 0.460275 0.285400 0.459216 0.284912 0.460275 0.283936 0.460275 0.283691 0.458686 0.285156 0.458157 0.286133 0.456038 0.293701 0.450212
1 0.179443 0.435381 0.175537 0.440678 0.177002 0.441737 0.177979 0.441208 0.178467 0.437500 0.179199 0.436970
1 0.238525 0.434322 0.238037 0.434322 0.237061 0.440148 0.235352 0.443856 0.235107 0.445445 0.237061 0.442267 0.237061 0.440678 0.237793 0.439089 0.238281 0.440148 0.238525 0.439619
1 0.387207 0.432203 0.386719 0.439619 0.387451 0.439089 0.387451 0.436441 0.388428 0.435911 0.387939 0.434852 0.387939 0.433263 0.388428 0.432733 0.389648 0.435381 0.389648 0.442267 0.390381 0.442267 0.390625 0.440148 0.392334 0.440148 0.392578 0.441208 0.391846 0.442797 0.390869 0.442797 0.391602 0.445445 0.390625 0.445975 0.390381 0.447034 0.390137 0.445975 0.389160 0.445445 0.388672 0.442797 0.387451 0.442797 0.387451 0.447564 0.385986 0.447034 0.386475 0.443856 0.385254 0.441737 0.384521 0.443326 0.384766 0.444386 0.383789 0.445975 0.383301 0.449153 0.385742 0.450742 0.386719 0.452331 0.387451 0.452331 0.387939 0.450742 0.389648 0.450742 0.389893 0.451271 0.388672 0.453919 0.389893 0.451801 0.391357 0.454979 0.393311 0.454979 0.394043 0.457627 0.394531 0.457627 0.395752 0.460275 0.396973 0.459746 0.397217 0.457627 0.396240 0.455508 0.394043 0.453390 0.393799 0.452331 0.392334 0.452331 0.391846 0.451271 0.392334 0.450212 0.390381 0.448093 0.391357 0.447564 0.390869 0.447564 0.390869 0.446504 0.392822 0.447034 0.392334 0.443856 0.393066 0.442267 0.394775 0.442267 0.395020 0.441208 0.396240 0.443856 0.396240 0.445975 0.397217 0.447034 0.397705 0.446504 0.398926 0.447564 0.400146 0.445445 0.400146 0.443856 0.398682 0.442267 0.396484 0.441737 0.395752 0.439619 0.395264 0.440678 0.392578 0.440678 0.392334 0.438559 0.391357 0.436970 0.391357 0.435381 0.391846 0.434852 0.391602 0.432203 0.390625 0.432203 0.390381 0.431144 0.388184 0.431144 0.387939 0.433263
1 0.237549 0.430085 0.236816 0.430085 0.234375 0.432733 0.234131 0.435381 0.232422 0.435381 0.232666 0.436970 0.231934 0.439089 0.232666 0.438030 0.233398 0.439619 0.232910 0.440678 0.232910 0.442267 0.233398 0.443326 0.234375 0.442267 0.234375 0.440678 0.235596 0.436970 0.235596 0.432733 0.236084 0.431674 0.237549 0.431674
1 0.435547 0.426907 0.436523 0.429025 0.436523 0.430614 0.437500 0.432203 0.437500 0.436970 0.437988 0.437500 0.438721 0.436970 0.438477 0.435911 0.439453 0.433792 0.440430 0.434322 0.441162 0.432203 0.440918 0.430085 0.439209 0.428496 0.439209 0.426907 0.437988 0.426907 0.437988 0.427966 0.438965 0.429025 0.438232 0.431144 0.437256 0.429555 0.437500 0.427436
1 0.374023 0.426377 0.374023 0.427436 0.373535 0.427436 0.373535 0.429555 0.374023 0.431674 0.374756 0.431674 0.375000 0.427436 0.374756 0.426377
1 0.283203 0.425847 0.282227 0.425847 0.281982 0.426907 0.280762 0.426907 0.280518 0.427966 0.279785 0.427966 0.279785 0.431674 0.278809 0.432733 0.278320 0.432203 0.278320 0.433792 0.278564 0.433263 0.279053 0.434322 0.278320 0.435911 0.279541 0.433792 0.279785 0.434852 0.278076 0.438559 0.277344 0.438559 0.277588 0.442267 0.278076 0.442267 0.278076 0.440678 0.278564 0.440148 0.278564 0.438559 0.279297 0.436970 0.280273 0.437500 0.280518 0.440148 0.280518 0.437500 0.281006 0.436970 0.281006 0.435381 0.281982 0.434852 0.281006 0.433263 0.281006 0.431674 0.280273 0.430614 0.280273 0.429555 0.281250 0.427966 0.282471 0.428496 0.282227 0.427966
1 0.345215 0.421610 0.345215 0.423199 0.344727 0.423729 0.345215 0.425318 0.344727 0.425847 0.346924 0.426377 0.346924 0.424788 0.347900 0.422669 0.347412 0.423729 0.345703 0.423729
1 0.185303 0.419492 0.181885 0.423199 0.181396 0.430614 0.180420 0.432203 0.179443 0.432203 0.180176 0.434852 0.180908 0.434852 0.181396 0.433792 0.181396 0.432203 0.181885 0.431674 0.182373 0.427966 0.183350 0.426377 0.184082 0.423729 0.184326 0.424258 0.183838 0.422669
1 0.328613 0.418432 0.326904 0.423729 0.325439 0.424258 0.325684 0.425318 0.325195 0.427436 0.325684 0.426907 0.328857 0.430614 0.328857 0.429555 0.328125 0.429555 0.326416 0.426377 0.326416 0.425318 0.327393 0.423729
1 0.223877 0.417903 0.222900 0.418432 0.223877 0.418962 0.222656 0.420551 0.219727 0.420551 0.221680 0.421081 0.221924 0.422669 0.220215 0.425847 0.219238 0.425847 0.219482 0.426907 0.218994 0.430085 0.218506 0.429555 0.218506 0.428496 0.217285 0.428496 0.218262 0.430085 0.218262 0.431144 0.218994 0.432733 0.219971 0.432733 0.221680 0.438030 0.222412 0.438030 0.222412 0.436441 0.221924 0.434322 0.220947 0.432733 0.220947 0.430085 0.221436 0.429555 0.219971 0.430085 0.219482 0.427966 0.219971 0.426907 0.220703 0.426907 0.222900 0.422140 0.223145 0.420551 0.224365 0.418432
1 0.337891 0.414195 0.337891 0.416843 0.337402 0.417373 0.337402 0.418962 0.336426 0.420021 0.337646 0.421081 0.337646 0.423199 0.338135 0.421610 0.338867 0.422140 0.339111 0.424258 0.339844 0.425847 0.339844 0.428496 0.338379 0.429025 0.338135 0.430085 0.337646 0.429025 0.336182 0.430085 0.333984 0.429025 0.333252 0.431674 0.330566 0.431674 0.331055 0.432733 0.331787 0.432203 0.332031 0.434852 0.333740 0.438030 0.334229 0.436441 0.333496 0.436441 0.332764 0.434852 0.333252 0.432733 0.333496 0.433263 0.333984 0.432203 0.335205 0.434852 0.335693 0.433263 0.336426 0.432733 0.337402 0.434322 0.338623 0.433792 0.338867 0.436441 0.340332 0.436441 0.340332 0.440678 0.341064 0.442267 0.341064 0.440678 0.340576 0.440148 0.340576 0.432203 0.339600 0.431674 0.340332 0.430614 0.339355 0.430614 0.339600 0.429555 0.340332 0.429555 0.340332 0.428496 0.340820 0.427966 0.340820 0.425318 0.340088 0.424258 0.340576 0.423199 0.340088 0.422140 0.340088 0.420021 0.340576 0.419492 0.339844 0.418962 0.338867 0.416314 0.339111 0.415784 0.338135 0.415254
1 0.269043 0.416314 0.269043 0.423199 0.270020 0.423729 0.270264 0.422669 0.272461 0.420021 0.273193 0.421081 0.272949 0.420551 0.273682 0.418962 0.273926 0.421081 0.274902 0.421610 0.274902 0.423199 0.276611 0.423729 0.278076 0.421610 0.278320 0.422669 0.279053 0.420551 0.279297 0.421610 0.281006 0.421610 0.281006 0.418432 0.281494 0.416843 0.281250 0.415784 0.281006 0.416314 0.280029 0.414725 0.279297 0.416314 0.278809 0.415784 0.278564 0.416843 0.277832 0.414725 0.277588 0.415254 0.276611 0.413136 0.276611 0.412076 0.275879 0.412076 0.275146 0.409958 0.271973 0.409958 0.271729 0.411017 0.270752 0.411017 0.270020 0.412606 0.269775 0.416314
1 0.412354 0.409428 0.411865 0.414725 0.413330 0.414725 0.413818 0.416843 0.413330 0.418432 0.412109 0.418432 0.411621 0.416843 0.411133 0.419492 0.411621 0.420021 0.411621 0.421081 0.412109 0.420551 0.412354 0.421610 0.412354 0.420551 0.412842 0.420021 0.413574 0.422140 0.414062 0.418962 0.415771 0.421081 0.415771 0.419492 0.416504 0.418432 0.416260 0.418962 0.416016 0.417373 0.415283 0.416843 0.416016 0.416314 0.414551 0.414725 0.414307 0.411547 0.413818 0.413136 0.413574 0.412076 0.413086 0.413136 0.412842 0.409428
1 0.395020 0.409428 0.394775 0.410487 0.395508 0.412076 0.395508 0.415254 0.395996 0.416314 0.396729 0.416314 0.396729 0.414725 0.395752 0.412606 0.395996 0.411017
1 0.209473 0.410487 0.209961 0.412606 0.211426 0.413136 0.211914 0.414725 0.215332 0.414195 0.214600 0.411017 0.213623 0.409428 0.213623 0.408369 0.212891 0.406780 0.210938 0.408898 0.210205 0.408898
1 0.384277 0.402542 0.384277 0.403602 0.383545 0.404661 0.383545 0.406780 0.382812 0.407839 0.383057 0.408369 0.383545 0.407309 0.383789 0.409428 0.382812 0.410487 0.383545 0.410487 0.383789 0.412606 0.385986 0.414725 0.385986 0.413136 0.386475 0.412606 0.386475 0.409958 0.387451 0.406780 0.386963 0.407309 0.386475 0.406250 0.386719 0.404661 0.386230 0.403072
1 0.292725 0.401483 0.292236 0.402542 0.290039 0.402542 0.289795 0.403602 0.288818 0.403602 0.287842 0.404661 0.287354 0.406780 0.286621 0.407309 0.287109 0.408369 0.287842 0.407839 0.288086 0.409958 0.288574 0.409958 0.288818 0.408898 0.289062 0.409428 0.290527 0.407309 0.291748 0.403602 0.291992 0.404661 0.292725 0.404131
1 0.314941 0.398835 0.315186 0.399364 0.314209 0.402013 0.312744 0.401483 0.312500 0.400424 0.312500 0.404131 0.314697 0.408898 0.315674 0.407309 0.315918 0.407839 0.316406 0.406250 0.316162 0.405191 0.314941 0.406250 0.314453 0.405191 0.314453 0.402013 0.315674 0.400424 0.317139 0.403602 0.317139 0.401483 0.316406 0.400424 0.316162 0.400953
1 0.196777 0.399894 0.197266 0.401483 0.197998 0.399894 0.198486 0.402542 0.198975 0.402013 0.202637 0.406250 0.203857 0.404131 0.204346 0.400953 0.203857 0.403602 0.202637 0.404131 0.197266 0.398835
1 0.275391 0.396186 0.274902 0.395127 0.273926 0.396186 0.273193 0.398305 0.272461 0.398305 0.272705 0.399894 0.271729 0.401483 0.270020 0.399894 0.269775 0.400424 0.269043 0.398835 0.269043 0.397775 0.267334 0.397775 0.267090 0.403072 0.267578 0.404131 0.270752 0.404131 0.271729 0.402013 0.273193 0.402542 0.275146 0.399894
1 0.305664 0.395657 0.303955 0.394068 0.303955 0.395127 0.303223 0.395657 0.302734 0.397775 0.301758 0.398305 0.301758 0.402013 0.301758 0.400424 0.302979 0.399894 0.302979 0.398305 0.303711 0.396716
1 0.240967 0.393008 0.240234 0.391949 0.236816 0.393008 0.236328 0.394068 0.237061 0.397775 0.236816 0.400424 0.235352 0.402013 0.234863 0.400424 0.235107 0.402542 0.236328 0.403072 0.235107 0.403602 0.235352 0.405191 0.233887 0.406780 0.233643 0.403602 0.232910 0.402542 0.231934 0.404661 0.232422 0.409428 0.231689 0.411017 0.229248 0.410487 0.229248 0.407839 0.226807 0.410487 0.227051 0.411547 0.227783 0.409428 0.228516 0.410487 0.228027 0.412606 0.230225 0.411547 0.230469 0.414195 0.231934 0.415254 0.230957 0.417373 0.231689 0.418962 0.229980 0.421081 0.229248 0.419492 0.230225 0.417903 0.229980 0.416314 0.227783 0.419492 0.225830 0.420551 0.228271 0.423199 0.222656 0.428496 0.228027 0.424258 0.229004 0.425318 0.225830 0.434322 0.223633 0.438030 0.223633 0.440148 0.224854 0.439089 0.225098 0.441208 0.226318 0.437500 0.230957 0.440678 0.231201 0.443856 0.231689 0.440148 0.227295 0.437500 0.226562 0.435911 0.229492 0.428496 0.229980 0.430085 0.230957 0.430085 0.230713 0.426377 0.231689 0.425318 0.235107 0.425847 0.236572 0.420551 0.238037 0.421081 0.237793 0.423199 0.239014 0.423199 0.239502 0.425318 0.239990 0.423199 0.241943 0.423199 0.242188 0.424258 0.242432 0.422669 0.243164 0.423199 0.242676 0.422140 0.243408 0.419492 0.241943 0.417903 0.241943 0.413665 0.240723 0.415784 0.239990 0.415254 0.240967 0.413136 0.240234 0.411017 0.240479 0.409428 0.242188 0.409958 0.242920 0.406780 0.241943 0.406780 0.242188 0.408898 0.240967 0.407309 0.240234 0.408369 0.239990 0.407309 0.240967 0.405191 0.239746 0.403072 0.239990 0.400953 0.238525 0.398835 0.240723 0.393008 0.240967 0.394597
1 0.193848 0.391949 0.193359 0.393008 0.193604 0.397775 0.192871 0.398305 0.192871 0.402013 0.193359 0.403072 0.192871 0.400424 0.193115 0.398305 0.195068 0.403072 0.194092 0.395657 0.194336 0.394068
1 0.182129 0.391949 0.186279 0.409958 0.187744 0.413136 0.186279 0.406250 0.186279 0.402542 0.184326 0.398835 0.184814 0.397775 0.184814 0.394068 0.184326 0.393008 0.183594 0.393008 0.183350 0.391949
1 0.301025 0.390890 0.300293 0.391949 0.300537 0.392479 0.299805 0.394068 0.297363 0.394068 0.295898 0.392479 0.295898 0.393538 0.296387 0.394068 0.296387 0.396716 0.297852 0.397775 0.298096 0.395127 0.298828 0.394068 0.299316 0.395127 0.299316 0.396186 0.297852 0.399894 0.298340 0.401483 0.298340 0.399364 0.299072 0.397775 0.299805 0.397775 0.299805 0.396716 0.300537 0.395127 0.302002 0.394597 0.302002 0.393008 0.301270 0.392479
1 0.175049 0.389301 0.174316 0.390890 0.174805 0.392479 0.174561 0.395127 0.173828 0.395127 0.173340 0.394068 0.173584 0.394597 0.172852 0.396716 0.169189 0.398305 0.169189 0.399364 0.170654 0.400953 0.174561 0.400424
1 0.255859 0.388242 0.253418 0.387712 0.252686 0.389301 0.252686 0.390360 0.251953 0.390360 0.251709 0.393008 0.252930 0.394068 0.254883 0.391949 0.255615 0.390360
1 0.336914 0.387712 0.336914 0.388771 0.337646 0.390360 0.339600 0.390360 0.339600 0.387712 0.338623 0.385593 0.337891 0.385593
1 0.197266 0.385593 0.196777 0.387182 0.196289 0.392479 0.197754 0.393008 0.198242 0.396186 0.198242 0.391949 0.199951 0.389831 0.200195 0.390890 0.199707 0.393008 0.200439 0.392479 0.200684 0.390360 0.201172 0.390360 0.201660 0.391419 0.201416 0.392479 0.202148 0.393538 0.202393 0.395127 0.202148 0.397246 0.201416 0.398835 0.203125 0.400424 0.203857 0.391949 0.203369 0.391949 0.202637 0.389301 0.203369 0.388771 0.201172 0.389831 0.199463 0.386653 0.198730 0.387712 0.197998 0.386123 0.197998 0.385064
1 0.315918 0.384004 0.315674 0.384534 0.313965 0.382415 0.312500 0.384004 0.312988 0.384534 0.312988 0.387182 0.312256 0.388771 0.311768 0.387182 0.312012 0.388242 0.311035 0.389301 0.311035 0.390360 0.311523 0.390890 0.311035 0.391949 0.311035 0.393538 0.311768 0.394597 0.312012 0.396716 0.312988 0.395127 0.313965 0.395657 0.315186 0.394597 0.316650 0.394597 0.316162 0.391949 0.315674 0.391419 0.316406 0.389301 0.316650 0.386123
1 0.146240 0.381356 0.145752 0.383475 0.143555 0.388242 0.144043 0.390360 0.144287 0.387712 0.145752 0.386123 0.145752 0.383475 0.146240 0.382945
1 0.171387 0.381356 0.171631 0.382945 0.172607 0.382415 0.174072 0.383475 0.174316 0.385064 0.173828 0.386123 0.175537 0.384004 0.175537 0.381356 0.173096 0.381356 0.172363 0.379767 0.172119 0.381356
1 0.310059 0.378178 0.309326 0.380297 0.308838 0.379237 0.309082 0.380297 0.308350 0.381356 0.308594 0.382945 0.310303 0.382945 0.310059 0.381356 0.310791 0.380297
1 0.152100 0.376059 0.149902 0.377119 0.148682 0.380297 0.147461 0.380297 0.147949 0.380826 0.147949 0.381886 0.147461 0.382415 0.147461 0.385064 0.146973 0.385593 0.146484 0.389301 0.145020 0.390890 0.147705 0.392479 0.151367 0.392479 0.153076 0.393538 0.153564 0.389831 0.154053 0.388771 0.153076 0.390890 0.151123 0.391949 0.146729 0.390890 0.147705 0.387712 0.152100 0.378708
1 0.285156 0.374470 0.285156 0.375530 0.286377 0.375000 0.290039 0.376589 0.291748 0.375530 0.286621 0.373941
1 0.164551 0.370233 0.166504 0.370763 0.167236 0.370233 0.167480 0.368644 0.165771 0.367585
1 0.325439 0.365996 0.325439 0.367055 0.327881 0.368114 0.328125 0.369174 0.328369 0.368644 0.329590 0.371292 0.330322 0.370763 0.330811 0.373411 0.330566 0.372881 0.331787 0.371292 0.332520 0.372352 0.333740 0.372352 0.334473 0.374470 0.335693 0.374470 0.336182 0.376589 0.337402 0.377648 0.337891 0.380826 0.340088 0.380826 0.340332 0.382945 0.340820 0.382415 0.342285 0.385593 0.342285 0.387712 0.341797 0.388242 0.342285 0.388771 0.342529 0.390890 0.341797 0.391949 0.344482 0.390360 0.345459 0.390360 0.345947 0.391419 0.343750 0.396186 0.347168 0.390890 0.346191 0.390890 0.345947 0.389831 0.344971 0.389831 0.343506 0.387182 0.342285 0.386653 0.343018 0.384534 0.343750 0.384534 0.344482 0.382945 0.344238 0.382415 0.341553 0.381886 0.338135 0.377648 0.335205 0.372352 0.334961 0.372881 0.330566 0.367585 0.327881 0.365996
1 0.218018 0.363877 0.215820 0.363347 0.216553 0.363347 0.216797 0.364407 0.215332 0.366525 0.213867 0.365466 0.214355 0.364936 0.213379 0.363347 0.212402 0.364407 0.212891 0.367055 0.212402 0.367585 0.212158 0.370233 0.210938 0.369703 0.210693 0.367585 0.209961 0.367585 0.210449 0.368644 0.209961 0.370233 0.210449 0.373411 0.211426 0.375000 0.211426 0.376059 0.212158 0.376589 0.212646 0.379237 0.212158 0.380297 0.209717 0.380826 0.209473 0.379767 0.209229 0.380826 0.208740 0.380297 0.208252 0.381886 0.208496 0.382945 0.207031 0.385064 0.207031 0.386123 0.208008 0.387182 0.207031 0.390890 0.207764 0.390360 0.208740 0.393008 0.208496 0.397775 0.208984 0.398835 0.208984 0.403072 0.209473 0.405720 0.211914 0.404131 0.212646 0.402542 0.211670 0.393008 0.210693 0.391949 0.211182 0.390360 0.211670 0.390890 0.211182 0.390360 0.213135 0.385593 0.212646 0.384534 0.213135 0.381886 0.214355 0.381356 0.214844 0.380297 0.215576 0.376589 0.215576 0.372881 0.216064 0.372881 0.216064 0.371292 0.215576 0.370763 0.216064 0.369703 0.215576 0.368644 0.216309 0.367055 0.217529 0.366525 0.217773 0.364936 0.218262 0.364936
1 0.238525 0.360169 0.238037 0.362818 0.237549 0.360699 0.237549 0.361758 0.237061 0.361758 0.238525 0.363877 0.238770 0.365466 0.239746 0.367055 0.238525 0.367055 0.238037 0.369703 0.236328 0.370233 0.236084 0.372881 0.236572 0.376589 0.238037 0.378708 0.239014 0.376589 0.240234 0.371292 0.239746 0.369174 0.240723 0.368114 0.241943 0.368114 0.241455 0.364936
1 0.184570 0.360169 0.185059 0.361229 0.185059 0.363877 0.185547 0.364407 0.185547 0.365996 0.186523 0.368114 0.188721 0.368114 0.188965 0.370233 0.189697 0.370233 0.190674 0.367585 0.190674 0.364407 0.191650 0.364407 0.191650 0.363347 0.190430 0.363347 0.189209 0.361758 0.188965 0.362288 0.187988 0.360169
1 0.164062 0.361229 0.164062 0.362288 0.164795 0.362288 0.165039 0.363877 0.167236 0.363877 0.167236 0.362288 0.166260 0.361229 0.165771 0.359640 0.165283 0.361229
1 0.343750 0.358051 0.343750 0.359640 0.344238 0.360699 0.345459 0.360699 0.345703 0.361758 0.345703 0.359640 0.346924 0.359640 0.346680 0.358051 0.346191 0.359110
1 0.536133 0.356462 0.535400 0.357521 0.535156 0.359110 0.535400 0.371292 0.535889 0.373941 0.536621 0.375000 0.537109 0.374470 0.537842 0.362288 0.536621 0.356462
1 0.261963 0.355403 0.260986 0.359110 0.259766 0.359110 0.258301 0.362818 0.257812 0.362818 0.257568 0.365996 0.256836 0.366525 0.255615 0.369703 0.254883 0.370233 0.254150 0.367585 0.252441 0.368644 0.252441 0.370233 0.251709 0.370763 0.252930 0.371292 0.250977 0.375000 0.256592 0.377119 0.258789 0.374470 0.259033 0.373411 0.259521 0.373411 0.260010 0.372352 0.259521 0.369703 0.261475 0.368644 0.261475 0.363347 0.261963 0.362288
1 0.586182 0.354343 0.585938 0.355403 0.586914 0.357521 0.586914 0.358581 0.588135 0.360699 0.588135 0.363347 0.588867 0.364936 0.588623 0.365996 0.590088 0.371292 0.591064 0.367055 0.590332 0.363347 0.589844 0.362818 0.589844 0.361229 0.590576 0.360169 0.589600 0.360169 0.586914 0.356462
1 0.173828 0.357521 0.175781 0.360699 0.177002 0.360699 0.177002 0.361758 0.177734 0.361758 0.178955 0.358051 0.177490 0.354873 0.177490 0.353814 0.175781 0.353814 0.175537 0.355932 0.174561 0.357521
1 0.199219 0.353814 0.200195 0.357521 0.201172 0.358051 0.201660 0.360169 0.203857 0.359640 0.205322 0.358051 0.204834 0.357521 0.205078 0.356992 0.204346 0.354343 0.205078 0.353284 0.204834 0.352225 0.203857 0.352225 0.203125 0.353814 0.202881 0.351695 0.200928 0.351165 0.200439 0.352225 0.201172 0.352754 0.201172 0.353814 0.200195 0.354873 0.199951 0.352225
1 0.172607 0.347987 0.171875 0.348517 0.171631 0.352754 0.171143 0.352225 0.171143 0.350636 0.170654 0.350636 0.169189 0.355403 0.167480 0.354343 0.167480 0.355403 0.167969 0.355932 0.167969 0.365466 0.169678 0.364936 0.169678 0.361229 0.170410 0.359640 0.171631 0.359640 0.171875 0.356992 0.173096 0.357521 0.173096 0.355932 0.172119 0.355932 0.171631 0.354873 0.171631 0.352754 0.172607 0.351165
1 0.210205 0.347458 0.209229 0.346398 0.207031 0.349576 0.206543 0.351695 0.206055 0.351165 0.206055 0.354873 0.208252 0.349576 0.208984 0.351165 0.208984 0.352225 0.209717 0.352754 0.210449 0.351165
1 0.295166 0.363347 0.294678 0.362818 0.294678 0.361229 0.293457 0.361229 0.292969 0.360169 0.292725 0.360699 0.292969 0.360169 0.293457 0.361229 0.293213 0.361758 0.291992 0.361229 0.292236 0.360699 0.291748 0.359110 0.292480 0.358051 0.291992 0.358051 0.291260 0.356462 0.291748 0.355403 0.291748 0.352754 0.291260 0.352225 0.291992 0.350636 0.290771 0.347987 0.290527 0.348517 0.289795 0.345869 0.289062 0.345869 0.287842 0.347987 0.288086 0.350636 0.291504 0.358051 0.291016 0.359640 0.290527 0.359640 0.290527 0.360699 0.289795 0.362288 0.289062 0.362818 0.288574 0.361229 0.287354 0.361229 0.286865 0.360169 0.286133 0.360169 0.285400 0.361758 0.284912 0.360699 0.284912 0.359110 0.284180 0.359640 0.283447 0.358581 0.282471 0.358581 0.280762 0.354873 0.281250 0.356992 0.282715 0.359110 0.282715 0.360169 0.281982 0.360699 0.280762 0.358051 0.279541 0.362288 0.277588 0.363347 0.277588 0.364407 0.278809 0.363347 0.279785 0.363877 0.280029 0.366525 0.279297 0.366525 0.279541 0.369703 0.279053 0.370233 0.280029 0.370233 0.280273 0.367585 0.280029 0.368114 0.279785 0.367055 0.280762 0.365466 0.281738 0.365466 0.283691 0.368114 0.284180 0.367585 0.284424 0.368644 0.282959 0.364936 0.283203 0.363347 0.289795 0.363347 0.290039 0.364407 0.291260 0.364407 0.291748 0.363347 0.292480 0.363347 0.292969 0.364407 0.293457 0.363877 0.293457 0.362818 0.293945 0.363877
1 0.148926 0.341631 0.154297 0.341631 0.155273 0.342161 0.155762 0.343750 0.157227 0.342691 0.157959 0.343750 0.158691 0.341631 0.159424 0.341102 0.157715 0.340042 0.157471 0.341102 0.156738 0.341102 0.156250 0.342161 0.156006 0.341102 0.154785 0.341102 0.154541 0.340042 0.153564 0.339513 0.151611 0.341102
1 0.318359 0.344280 0.318604 0.347987 0.323242 0.347458 0.322266 0.355932 0.327148 0.352754 0.323486 0.367585 0.329590 0.353284 0.333496 0.354343 0.338135 0.360699 0.348389 0.384004 0.346680 0.389831 0.349121 0.387712 0.349854 0.394597 0.351562 0.391419 0.353027 0.393008 0.354492 0.405191 0.356934 0.399894 0.359863 0.399894 0.359131 0.398305 0.361572 0.394068 0.363525 0.397775 0.360352 0.400953 0.366699 0.403072 0.364502 0.400424 0.368896 0.398835 0.368164 0.384004 0.373779 0.380826 0.373535 0.378178 0.372803 0.381356 0.371094 0.379767 0.372559 0.377119 0.372314 0.350106 0.374512 0.355403 0.374268 0.346398 0.372314 0.345339 0.371826 0.338453 0.371826 0.347987 0.367676 0.355932 0.371582 0.350636 0.371826 0.378178 0.363770 0.373941 0.364258 0.369703 0.362793 0.371822 0.353027 0.353814 0.355469 0.360169 0.354004 0.368644 0.355469 0.370763 0.354980 0.373941 0.356201 0.372352 0.357178 0.376589 0.360107 0.372881 0.362549 0.374470 0.361816 0.377119 0.362793 0.373941 0.366699 0.376059 0.364990 0.379237 0.366943 0.381886 0.362549 0.391419 0.361084 0.389831 0.362061 0.378178 0.357178 0.379767 0.355225 0.377119 0.356689 0.379767 0.354492 0.380297 0.351318 0.373941 0.353271 0.368644 0.352539 0.370763 0.350098 0.364407 0.348877 0.367585 0.345947 0.365996 0.349365 0.372881 0.343750 0.370763 0.334717 0.352225 0.334229 0.343750 0.330811 0.342691 0.331543 0.337924 0.327881 0.345869 0.321289 0.342161
1 0.250000 0.337394 0.250000 0.338453 0.250488 0.338983 0.250244 0.340572 0.250977 0.340572 0.251465 0.341631 0.251465 0.340572 0.252197 0.340572 0.252441 0.341631 0.252686 0.340572 0.252930 0.342691 0.254150 0.346398 0.255615 0.347987 0.256836 0.346928 0.257568 0.345339 0.257568 0.344280 0.259033 0.342161 0.259277 0.338983 0.260010 0.337924 0.259521 0.336864 0.257812 0.336864 0.256348 0.335805 0.255371 0.335805 0.253662 0.338453 0.253174 0.336864 0.252197 0.336335
1 0.534668 0.329979 0.535400 0.333686 0.536377 0.334746 0.537354 0.334746 0.537598 0.333686 0.538086 0.333686 0.538330 0.334746 0.539795 0.335275 0.539795 0.331038 0.538330 0.327860 0.536621 0.327331 0.535889 0.328390 0.535645 0.330508 0.534912 0.329449
1 0.370361 0.328919 0.368896 0.326271 0.368164 0.328390 0.365234 0.331568 0.365234 0.332627 0.366455 0.335805 0.366455 0.333686 0.367188 0.332097 0.368896 0.331038 0.369141 0.329979
1 0.222900 0.326271 0.222656 0.329449 0.223633 0.329449 0.223633 0.334216 0.223145 0.334746 0.223145 0.335805 0.224609 0.336864 0.224854 0.338453 0.225586 0.338453 0.226074 0.339513 0.227051 0.339513 0.227783 0.338453 0.228027 0.338983 0.228271 0.334746 0.226807 0.333157 0.227295 0.331568 0.226562 0.329979 0.226074 0.330508 0.225830 0.329449 0.224609 0.329449 0.224365 0.327331 0.223877 0.327860
1 0.560791 0.326801 0.561035 0.331038 0.561523 0.330508 0.561768 0.331568 0.562256 0.331568 0.564209 0.334746 0.565430 0.334746 0.566162 0.333686 0.565918 0.329449 0.563721 0.325212 0.561768 0.325212
1 0.358154 0.325212 0.357666 0.330508 0.357910 0.332097 0.357910 0.330508 0.358643 0.331038 0.358398 0.332097 0.359863 0.332627 0.360352 0.331568 0.361084 0.331568 0.361328 0.330508 0.362061 0.331038 0.361572 0.329449 0.358887 0.326801
1 0.208252 0.325742 0.207764 0.325742 0.206787 0.323623 0.206787 0.322564 0.205811 0.323093 0.204834 0.321504 0.203613 0.321504 0.204102 0.322034 0.204590 0.325742 0.203857 0.327331 0.203125 0.327331 0.202637 0.324153 0.202393 0.325742 0.201660 0.326271 0.202393 0.326801 0.203125 0.328390 0.203125 0.329449 0.201416 0.332097 0.201172 0.334216 0.201904 0.334216 0.202637 0.332097 0.203369 0.332097 0.203613 0.332627 0.203125 0.333157 0.203857 0.333157 0.203857 0.331568 0.204834 0.329979 0.205322 0.329979 0.206055 0.331568 0.206055 0.333157 0.206787 0.333157 0.206543 0.330508 0.205811 0.329979 0.206299 0.328919 0.205811 0.327860 0.205811 0.324153 0.206787 0.323623 0.207031 0.326801 0.208252 0.326801
1 0.200928 0.320975 0.200195 0.323623 0.199219 0.324682 0.197754 0.324682 0.197754 0.331568 0.199707 0.326801 0.200928 0.325212 0.201172 0.325742 0.200439 0.324153 0.200439 0.322034
1 0.356689 0.317797 0.356201 0.318856 0.355469 0.318856 0.355225 0.319915 0.354004 0.319915 0.354004 0.321504 0.354736 0.321504 0.354980 0.322564 0.354004 0.325212 0.354004 0.328390 0.353027 0.329979 0.354248 0.329979 0.355225 0.327860 0.355225 0.324682 0.355713 0.323623 0.355469 0.324153 0.355225 0.322564 0.355713 0.321504 0.356445 0.321504
1 0.268311 0.317797 0.265381 0.319386 0.266113 0.322034 0.267822 0.321504 0.267822 0.319915 0.267334 0.319386
1 0.544922 0.317267 0.544922 0.319386 0.546631 0.325742 0.546387 0.331038 0.547119 0.334216 0.548340 0.335805 0.548096 0.332627 0.547363 0.331568 0.547119 0.329979 0.546631 0.329979 0.546631 0.327331 0.547852 0.324153 0.548096 0.322034 0.547119 0.318856
1 0.302246 0.317797 0.301514 0.317797 0.301514 0.316737 0.300049 0.319915 0.297852 0.319915 0.297119 0.321504 0.296387 0.319915 0.296387 0.321504 0.295654 0.322034 0.295410 0.323623 0.295898 0.324153 0.295898 0.326801 0.296387 0.327860 0.297119 0.327860 0.297363 0.329979 0.296387 0.330508 0.296143 0.332627 0.295410 0.330508 0.295410 0.332097 0.293457 0.336864 0.293457 0.340572 0.294678 0.337924 0.294678 0.335805 0.295410 0.335275 0.295654 0.333686 0.296387 0.333157 0.296387 0.332097 0.297363 0.329979 0.300049 0.329979 0.299072 0.327331 0.297607 0.326801 0.297607 0.322034 0.299561 0.321504 0.299805 0.323623 0.300781 0.325742 0.301270 0.324153 0.300781 0.323623 0.300781 0.322034 0.302490 0.320975 0.302002 0.320445 0.302246 0.318856 0.301758 0.318326
1 0.360840 0.317267 0.359863 0.315678 0.359375 0.315678 0.359131 0.316737 0.358154 0.316737 0.358643 0.318326 0.358398 0.321504 0.360107 0.317797 0.360840 0.319386
1 0.530762 0.315148 0.531250 0.317797 0.531982 0.317267 0.533691 0.321504 0.535400 0.321504 0.535645 0.319915 0.533936 0.315678 0.532715 0.314619 0.531738 0.315678
1 0.346191 0.313559 0.345703 0.314089 0.346436 0.314619 0.345703 0.315148 0.346191 0.316208 0.344727 0.316737 0.345947 0.317267 0.346191 0.319386 0.346924 0.317267 0.347412 0.317797 0.347412 0.314619 0.346680 0.314619
1 0.344238 0.313030 0.343506 0.313030 0.342285 0.309322 0.340332 0.313030 0.339600 0.313030 0.339111 0.314089 0.340576 0.316737 0.341797 0.317267 0.341309 0.316737 0.341553 0.316208 0.342529 0.316737
1 0.545166 0.302966 0.544189 0.302966 0.543213 0.306674 0.544678 0.306674 0.545410 0.304025
1 0.385986 0.306674 0.387695 0.309852 0.388672 0.308792 0.388916 0.309322 0.388184 0.310911 0.389404 0.313559 0.390381 0.312500 0.390381 0.311441 0.389404 0.309852 0.390137 0.306674 0.390869 0.307733 0.390625 0.309852 0.391113 0.309852 0.391357 0.308263 0.392090 0.308263 0.392822 0.306144 0.394531 0.304555 0.393799 0.302436 0.393311 0.303496 0.392822 0.302966 0.392578 0.304025 0.391846 0.301377 0.390625 0.304025 0.389893 0.304025 0.388672 0.300847 0.388184 0.300847 0.387207 0.305085 0.385986 0.305085
1 0.281006 0.303496 0.280273 0.302966 0.279541 0.300847 0.278076 0.299258 0.277100 0.299258 0.277344 0.300847 0.278320 0.302436 0.277344 0.302966 0.277344 0.304555 0.278809 0.305085 0.275146 0.308263 0.274414 0.309852 0.272705 0.311441 0.271729 0.315148 0.271240 0.314089 0.270508 0.314619 0.269775 0.319386 0.271240 0.320975 0.269775 0.323093 0.272217 0.322034 0.271729 0.322034 0.270752 0.319915 0.271484 0.318326 0.273438 0.318326 0.272217 0.315148 0.272461 0.314619 0.274170 0.316208 0.274902 0.314089 0.276367 0.313559 0.278564 0.310911 0.279541 0.308263 0.280273 0.307733 0.279053 0.305085 0.281250 0.305085
1 0.529297 0.298199 0.528564 0.299788 0.528320 0.304025 0.527832 0.305614 0.528076 0.307733 0.528564 0.307733 0.529785 0.304555 0.529785 0.300318
1 0.332764 0.298199 0.331787 0.297140 0.331055 0.297669 0.330078 0.302966 0.329102 0.305085 0.329590 0.306674 0.332031 0.306674 0.333008 0.305614 0.334229 0.305614 0.333740 0.300847
1 0.231445 0.296610 0.230957 0.296610 0.229492 0.299788 0.229248 0.305614 0.228516 0.310911 0.229004 0.311441 0.228271 0.314089 0.229004 0.315148 0.229980 0.313030 0.229736 0.311441 0.230469 0.307203 0.230225 0.305614 0.231689 0.298729
1 0.208740 0.295021 0.208252 0.299258 0.207031 0.302436 0.206299 0.302966 0.206055 0.306674 0.206787 0.306144 0.207031 0.307203 0.205566 0.309322 0.204590 0.312500 0.204590 0.314089 0.204102 0.314619 0.204102 0.316208 0.203369 0.317797 0.202881 0.316737 0.202148 0.318326 0.202637 0.318856 0.202637 0.321504 0.202881 0.319915 0.204102 0.317797 0.205811 0.318856 0.206055 0.318326 0.204834 0.316737 0.206055 0.315678 0.206055 0.314619 0.207764 0.310911 0.208496 0.310911 0.208740 0.309322 0.207031 0.306674 0.207031 0.305085 0.207520 0.304555
1 0.345215 0.294492 0.343750 0.294492 0.343262 0.295551 0.343262 0.297140 0.342773 0.297669 0.342773 0.299258 0.343262 0.300318 0.344971 0.296610
1 0.377441 0.288665 0.377441 0.289725 0.376709 0.290784 0.376953 0.291843 0.376465 0.292373 0.376709 0.296610 0.377686 0.300318 0.378662 0.301907 0.379639 0.298729 0.379395 0.295551 0.380127 0.293962 0.380371 0.291843 0.380127 0.289195 0.379395 0.290254
1 0.345703 0.288665 0.345703 0.290254 0.346191 0.291314 0.346191 0.292903 0.345703 0.293432 0.345947 0.293962 0.346680 0.292373 0.347168 0.293432 0.346924 0.293962 0.348389 0.293962 0.349121 0.295551 0.348877 0.296610 0.347656 0.296610 0.347656 0.299258 0.347168 0.299788 0.346924 0.298729 0.346680 0.299788 0.347168 0.300318 0.347168 0.301907 0.347656 0.299258 0.349609 0.299788 0.349609 0.301377 0.348877 0.302966 0.348145 0.302966 0.348145 0.304555 0.349609 0.307733 0.349854 0.299788 0.350342 0.299258 0.350342 0.297669 0.352051 0.296081 0.352051 0.295021 0.351074 0.292373 0.348633 0.292373 0.347900 0.290784 0.348145 0.289725 0.349121 0.289725 0.347656 0.287606
1 0.261963 0.292903 0.262451 0.293432 0.262939 0.292373 0.263184 0.293962 0.263428 0.293432 0.263916 0.295551 0.264893 0.296610 0.265869 0.300318 0.266602 0.298729 0.266113 0.298199 0.266357 0.297669 0.265137 0.297669 0.263184 0.292373 0.264160 0.291843 0.264893 0.290254 0.265137 0.287606 0.265625 0.289195 0.266846 0.289195 0.266602 0.290784 0.265869 0.291843 0.266602 0.292373 0.268066 0.289725 0.269287 0.289725 0.269531 0.288665 0.270020 0.289725 0.270996 0.289725 0.272949 0.288136 0.268555 0.288136 0.268311 0.289195 0.267578 0.289195 0.266602 0.287606 0.266357 0.288665 0.266113 0.287606 0.265869 0.288665 0.265381 0.285487 0.264893 0.285487 0.264404 0.287606
1 0.247070 0.280720 0.247559 0.281780 0.247559 0.283369 0.248047 0.283898 0.248047 0.287076 0.247070 0.288665 0.247070 0.295551 0.248047 0.296610 0.248047 0.299258 0.247559 0.300318 0.247559 0.303496 0.247070 0.304025 0.247070 0.305614 0.246338 0.306144 0.252197 0.311970 0.252441 0.313559 0.251953 0.314089 0.252686 0.313559 0.252930 0.314619 0.253662 0.314089 0.253906 0.311970 0.255615 0.311970 0.256836 0.310381 0.257568 0.310381 0.257812 0.308792 0.259521 0.308792 0.259766 0.307733 0.260254 0.307733 0.258057 0.305085 0.258789 0.306144 0.258545 0.307733 0.257812 0.307733 0.257324 0.306144 0.255859 0.306144 0.255859 0.307733 0.255127 0.308792 0.254639 0.307733 0.254639 0.306144 0.254150 0.308263 0.253418 0.308263 0.252197 0.305085 0.253662 0.304555 0.253906 0.303496 0.254883 0.304555 0.255127 0.300847 0.253906 0.300318 0.248047 0.293962 0.247559 0.292373 0.248291 0.291314 0.249512 0.293432 0.254395 0.298729 0.254639 0.298199 0.251221 0.294492 0.251221 0.291314 0.250244 0.290784 0.250488 0.291843 0.249756 0.292373 0.248535 0.290254 0.248779 0.289195 0.248047 0.287606 0.248535 0.284428 0.248291 0.282839
1 0.202637 0.279661 0.203613 0.283369 0.204102 0.287606 0.205078 0.290254 0.206299 0.288136 0.205322 0.287076 0.205322 0.286017 0.204346 0.284428 0.204346 0.282839
1 0.504395 0.273835 0.504150 0.275424 0.504883 0.279661 0.504883 0.283369 0.505371 0.284428 0.506348 0.284428 0.507080 0.282839 0.507324 0.283369 0.507568 0.279131 0.507080 0.276483 0.505859 0.274364
1 0.255371 0.273305 0.254150 0.273305 0.254150 0.274894 0.254883 0.275953 0.253906 0.281250 0.252686 0.279661 0.252686 0.275424 0.252197 0.274894 0.252441 0.280191 0.254150 0.282309 0.254150 0.284428 0.254639 0.284428
1 0.329590 0.273835 0.328125 0.270127 0.326904 0.271186 0.325928 0.268538 0.326904 0.266949 0.323975 0.262182 0.323975 0.260593 0.322754 0.260064 0.322266 0.261123 0.323486 0.262712 0.323975 0.262182 0.324219 0.263242 0.323242 0.263771 0.322021 0.262712 0.322510 0.263771 0.322266 0.265360 0.321289 0.263771 0.321045 0.264831 0.320312 0.264831 0.320312 0.266419 0.319824 0.267479 0.319580 0.266949 0.319336 0.268008 0.317383 0.269068 0.317383 0.270127 0.316650 0.271186 0.317383 0.272775 0.317383 0.273835 0.316406 0.275424 0.316162 0.274364 0.316650 0.273305 0.315430 0.275424 0.315430 0.280191 0.316162 0.281250 0.317627 0.281250 0.318115 0.277542 0.318604 0.277013 0.318359 0.276483 0.320312 0.273835 0.322510 0.274364 0.324463 0.272775 0.325928 0.273835 0.325928 0.274894 0.326660 0.276483 0.328613 0.275953
1 0.343750 0.266419 0.346191 0.266949 0.345459 0.266949 0.344727 0.265360 0.344482 0.265890 0.343750 0.263771 0.343994 0.263242 0.345703 0.264831 0.346191 0.262712 0.348145 0.262182 0.348389 0.260593 0.347168 0.257945 0.343994 0.257945 0.343750 0.258475 0.344727 0.260593 0.345703 0.260593 0.345703 0.262182 0.344971 0.262712 0.343750 0.261653
1 0.339355 0.261123 0.340088 0.261653 0.341309 0.260064 0.342529 0.260593 0.342773 0.259534 0.341797 0.260593 0.340820 0.257415 0.339844 0.257415 0.340088 0.258475
1 0.328125 0.256356 0.328125 0.260064 0.327637 0.261123 0.329102 0.263771 0.329102 0.265360 0.329834 0.266949 0.330566 0.271716 0.332520 0.275424 0.336914 0.275953 0.339111 0.271716 0.340088 0.272246 0.340088 0.270657 0.339600 0.269597 0.339844 0.267479 0.341309 0.269597 0.340820 0.270127 0.341553 0.269597 0.341797 0.270657 0.342773 0.270657 0.343750 0.272775 0.344727 0.272246 0.345459 0.270657 0.345215 0.269068 0.342529 0.269068 0.341797 0.267479 0.340820 0.266949 0.340820 0.265890 0.342529 0.265360 0.342529 0.263771 0.341553 0.262712 0.338135 0.263242 0.338867 0.264301 0.338135 0.266419 0.337646 0.266419 0.337402 0.265360 0.336914 0.265890 0.335938 0.263242 0.335693 0.264831 0.334473 0.262712 0.335938 0.259004 0.336670 0.259534 0.337158 0.257945 0.336182 0.256356 0.332520 0.255297 0.332031 0.254237 0.332764 0.253178 0.332031 0.253178 0.331787 0.254237 0.330566 0.253708 0.329102 0.255297 0.329346 0.256886 0.328857 0.258475
1 0.316895 0.249470 0.318848 0.254237 0.318848 0.256886 0.320068 0.258475 0.319580 0.261123 0.320801 0.262182 0.321289 0.260064 0.321045 0.257945 0.321533 0.256886 0.321045 0.255826 0.320068 0.256356 0.320068 0.254767 0.318359 0.251059 0.318115 0.251589
1 0.517334 0.248411 0.516846 0.249470 0.516846 0.251059 0.517822 0.251589 0.519531 0.255297 0.519775 0.251059 0.519287 0.248941
1 0.197021 0.246292 0.195801 0.247881 0.195557 0.251589 0.196045 0.251589 0.196289 0.250530 0.197510 0.250530
1 0.381104 0.238347 0.379883 0.238347 0.379395 0.239936 0.378906 0.239936 0.378906 0.241525 0.379883 0.242055
1 0.325684 0.235169 0.325684 0.236758 0.326660 0.237818 0.327148 0.242055 0.327881 0.242055 0.328125 0.244174 0.328857 0.244174 0.327637 0.238877
1 0.373291 0.233581 0.371582 0.236229 0.372070 0.238347 0.373535 0.236229
1 0.321289 0.229343 0.322266 0.231992 0.322266 0.234640 0.325195 0.234640 0.323486 0.231462 0.322754 0.231462 0.322266 0.229873 0.322021 0.230403
1 0.394043 0.237288 0.392334 0.234640 0.392334 0.232521 0.393066 0.229343 0.392090 0.227225 0.391846 0.228814 0.390625 0.228814 0.389404 0.230403 0.388916 0.229343 0.388428 0.226165 0.388428 0.222458 0.388916 0.221928 0.388184 0.222987 0.386230 0.229343 0.384521 0.229873 0.382812 0.233051 0.381836 0.233051 0.381836 0.234640 0.382568 0.234640 0.382812 0.233581 0.384766 0.234110 0.386963 0.232521 0.389404 0.233581 0.391602 0.232521 0.392334 0.234110 0.392578 0.236229 0.393066 0.235169 0.393555 0.237288
1 0.207275 0.222458 0.206055 0.221398 0.205566 0.221928 0.205566 0.222987 0.205078 0.222458 0.201904 0.232521 0.201172 0.233051 0.200439 0.231462 0.199951 0.231992 0.198730 0.236758 0.200195 0.237818 0.200195 0.242055 0.198975 0.243644 0.199219 0.244174 0.198730 0.245233 0.200195 0.244174 0.200195 0.242055 0.201904 0.237818 0.201416 0.236229 0.201904 0.235699 0.201904 0.234110 0.202881 0.233051 0.202881 0.231462 0.204102 0.226165 0.205811 0.222987 0.206787 0.222458 0.207031 0.223517
1 0.345947 0.216102 0.345215 0.216102 0.343994 0.217691 0.342285 0.217691 0.338867 0.221398 0.336426 0.221398 0.335449 0.222458 0.334961 0.221928 0.333008 0.224576 0.331787 0.224047 0.332275 0.225106 0.330811 0.227225 0.330566 0.226695 0.330566 0.227754 0.331299 0.227754 0.331055 0.227225 0.331787 0.226165 0.334229 0.225636 0.334473 0.226695 0.335938 0.227225 0.337158 0.228814 0.335693 0.226165 0.335449 0.226695 0.335449 0.225106 0.340576 0.222458 0.340820 0.223517 0.341797 0.221928 0.342041 0.222458 0.342529 0.220869 0.343506 0.221928 0.343994 0.223517 0.344238 0.222987 0.344482 0.224047 0.345459 0.224047 0.344482 0.220869 0.344727 0.220339 0.343506 0.220869 0.341797 0.219809 0.342529 0.218750 0.343506 0.218750 0.343994 0.217691 0.345215 0.217691
1 0.213867 0.217161 0.214600 0.216102 0.216064 0.216102 0.218750 0.214513 0.221436 0.215042 0.220703 0.215042 0.220459 0.213983 0.218750 0.213983 0.218506 0.215042 0.217773 0.215042 0.217529 0.213983 0.216309 0.213983 0.216064 0.212924 0.214844 0.212394 0.214844 0.215572
1 0.259277 0.212924 0.259521 0.213983 0.260010 0.213983 0.260254 0.215042 0.260498 0.213983 0.260742 0.215042 0.260986 0.213983 0.261230 0.214513 0.261719 0.212924 0.262207 0.212924 0.262207 0.211864 0.259766 0.211864
1 0.390137 0.207097 0.387695 0.208686 0.386963 0.210805 0.386719 0.210275 0.386230 0.212924 0.388672 0.211864 0.389404 0.210805 0.389160 0.209216 0.390137 0.208157
1 0.228271 0.204449 0.227051 0.203390 0.227051 0.204979 0.226807 0.204449 0.226318 0.205508 0.225586 0.205508 0.225342 0.204449 0.226318 0.203390 0.225586 0.202860 0.225342 0.203919 0.224365 0.203919 0.223389 0.207627 0.222656 0.207097 0.223145 0.208157 0.223633 0.208157 0.223877 0.207097 0.225098 0.208157 0.226562 0.207097 0.228271 0.207097 0.228271 0.205508 0.227783 0.204979
1 0.528564 0.200742 0.529297 0.203390 0.529297 0.204979 0.530273 0.207097 0.530273 0.209216 0.530762 0.209746 0.530029 0.201801 0.529053 0.201801
1 0.270508 0.197034 0.270996 0.198093 0.270508 0.199153 0.270996 0.200742 0.271729 0.199682 0.272461 0.201271 0.272461 0.202860 0.273438 0.204449 0.273438 0.205508 0.274170 0.203919 0.274902 0.206038 0.275635 0.206038 0.276123 0.208157 0.276123 0.205508 0.275635 0.204979 0.276123 0.202860 0.276123 0.198093 0.274414 0.194915 0.274414 0.195975 0.274902 0.196504 0.274658 0.197034 0.273438 0.197034 0.273193 0.196504 0.273682 0.195975 0.272949 0.195975 0.271729 0.198093 0.270996 0.198093
1 0.290527 0.190678 0.290283 0.194915 0.290771 0.196504 0.292236 0.195975 0.292969 0.197564 0.293701 0.196504 0.293701 0.193856 0.293213 0.191737 0.292725 0.192797 0.291992 0.192797 0.291748 0.191737 0.291016 0.191737
1 0.523926 0.189089 0.523682 0.191737 0.524658 0.192267 0.526367 0.196504 0.527100 0.197034 0.527100 0.192797
1 0.232422 0.184322 0.231689 0.186441 0.231445 0.185381 0.229248 0.189619 0.229004 0.191208 0.229492 0.191737 0.229492 0.193326 0.229980 0.194386 0.230225 0.192797 0.229736 0.192267 0.229736 0.191208 0.230225 0.190148 0.230225 0.188559 0.230713 0.187500 0.231689 0.188030 0.232666 0.185911
1 0.343750 0.186441 0.336182 0.189619 0.333252 0.182203 0.331543 0.184322 0.330566 0.177966 0.330322 0.183263 0.326416 0.181674 0.329346 0.186970 0.332275 0.185911 0.330566 0.188559 0.331787 0.191208 0.330078 0.189089 0.319336 0.190678 0.318359 0.195975 0.314453 0.198093 0.311523 0.203919 0.311035 0.194915 0.308594 0.194915 0.308838 0.198623 0.310059 0.195975 0.311035 0.203919 0.309326 0.210805 0.307617 0.209746 0.308594 0.211335 0.307373 0.228814 0.306396 0.225636 0.305176 0.227225 0.307129 0.230403 0.304688 0.231462 0.303223 0.237818 0.305420 0.238877 0.305420 0.233581 0.310059 0.240996 0.312988 0.240996 0.310059 0.235169 0.315186 0.239936 0.309570 0.232521 0.310547 0.229343 0.313721 0.231462 0.320557 0.216631 0.322754 0.219280 0.322754 0.222458 0.323242 0.218750 0.327637 0.220869 0.324463 0.218220 0.324219 0.211335 0.326416 0.206568 0.324951 0.209216 0.324219 0.207097 0.324219 0.210805 0.323242 0.209216 0.321045 0.216102 0.317871 0.216102 0.319336 0.217691 0.315918 0.225106 0.308838 0.227225 0.308105 0.222987 0.310547 0.218220 0.310059 0.216102 0.314941 0.215572 0.309570 0.215042 0.310303 0.209216 0.316406 0.207627 0.311279 0.207627 0.313965 0.202860 0.313477 0.200742 0.319580 0.198623 0.320312 0.201271 0.317383 0.207097 0.326172 0.203390 0.326904 0.205508 0.334229 0.199682 0.320801 0.204449 0.319336 0.194386 0.325684 0.191208 0.334473 0.191737
1 0.297852 0.174258 0.297607 0.176377 0.297363 0.175318 0.295898 0.176377 0.296387 0.179555 0.295898 0.180085 0.295898 0.182203 0.295410 0.183263 0.295410 0.184852 0.294922 0.185381 0.295410 0.186441 0.296143 0.185911 0.296875 0.187500 0.297852 0.186441 0.298584 0.181674 0.300537 0.181674 0.300781 0.179555 0.299072 0.175847 0.298584 0.176377
1 0.400391 0.171610 0.399902 0.172669 0.398193 0.171610 0.397705 0.170551 0.396729 0.173729 0.396484 0.172669 0.395752 0.172669 0.395996 0.173199 0.395508 0.174788 0.394043 0.176907 0.393555 0.176377 0.392578 0.178496 0.391602 0.184852 0.391846 0.186441 0.391357 0.187500 0.393066 0.190148 0.393799 0.193856 0.394531 0.193856 0.395508 0.189619 0.395996 0.189089 0.396973 0.183792 0.398193 0.181144 0.398926 0.177966 0.398682 0.176907 0.400146 0.174258 0.400146 0.172669 0.400635 0.172140
1 0.287354 0.170021 0.287109 0.172140 0.286621 0.172669 0.286621 0.174258 0.287109 0.174788 0.286865 0.177966 0.285889 0.177966 0.285400 0.176907 0.285400 0.175847 0.285889 0.175318 0.285889 0.173729 0.285400 0.172669 0.284912 0.172669 0.285156 0.173729 0.284668 0.174788 0.284180 0.174258 0.284180 0.173199 0.283691 0.173729 0.284180 0.174788 0.284180 0.177436 0.284668 0.178496 0.285400 0.178496 0.285645 0.179555 0.287354 0.179555 0.287354 0.177966 0.287842 0.177436 0.287842 0.173199 0.287354 0.172140
1 0.343018 0.171081 0.341309 0.170551 0.340332 0.168432 0.340088 0.169492 0.339355 0.169492 0.339111 0.172669 0.337891 0.172669 0.337646 0.173729 0.337158 0.172669 0.335938 0.172669 0.336914 0.172669 0.338135 0.176907 0.337402 0.178496 0.337646 0.179555 0.336426 0.182203 0.335938 0.182203 0.336426 0.184322 0.336182 0.182733 0.336670 0.181674 0.337402 0.182733 0.337402 0.180085 0.338623 0.180085 0.338623 0.181674 0.339111 0.182203 0.338867 0.182733 0.339355 0.181144 0.340088 0.180614 0.340576 0.182733 0.342285 0.185381 0.342041 0.183263 0.341553 0.182733 0.341553 0.180085 0.342285 0.178496 0.342285 0.177436 0.343506 0.175318 0.342773 0.176907 0.341064 0.174788 0.340576 0.172140 0.341064 0.171081
1 0.245361 0.163136 0.244141 0.163665 0.242920 0.168962 0.243652 0.170021 0.242920 0.171610 0.242432 0.171610 0.242188 0.173199 0.243408 0.171610
1 0.307129 0.160487 0.305420 0.164195 0.304688 0.163665 0.304443 0.165254 0.303711 0.165254 0.304199 0.166314 0.303955 0.166843 0.302734 0.165784 0.301514 0.167903 0.302734 0.170551 0.301270 0.171081 0.301758 0.173199 0.301758 0.176377 0.301270 0.176907 0.301270 0.185911 0.303223 0.190148 0.303223 0.193326 0.303223 0.188030 0.302979 0.189089 0.302490 0.187500 0.302979 0.186970 0.302246 0.186441 0.302734 0.185911 0.302490 0.177966 0.302979 0.177436 0.303223 0.175318 0.303955 0.175318 0.305664 0.171610 0.305664 0.170021 0.306152 0.168962 0.307129 0.168432 0.307861 0.166843 0.307129 0.165784 0.307861 0.164725 0.307373 0.162076 0.306885 0.161547
1 0.362061 0.163136 0.362549 0.163136 0.362793 0.161017 0.363525 0.159428 0.364746 0.161017 0.364258 0.162076 0.364014 0.164725 0.364746 0.162076 0.365234 0.162606 0.365234 0.163665 0.366699 0.162606 0.366943 0.160487 0.366211 0.159958 0.365967 0.161547 0.365234 0.162076 0.364258 0.158369 0.363770 0.157839 0.363281 0.158898 0.362793 0.157839
1 0.351318 0.165784 0.353027 0.165784 0.354248 0.163665 0.357666 0.160487 0.357666 0.159428 0.354980 0.162076 0.354980 0.159428 0.354736 0.159958 0.354004 0.158898 0.353027 0.159958 0.352295 0.157309 0.352539 0.164725 0.352051 0.165784
1 0.373291 0.158898 0.372559 0.162076 0.374512 0.161547 0.375000 0.162606 0.375977 0.162606 0.376709 0.161547 0.377686 0.161547 0.377930 0.162606 0.377441 0.165254 0.379150 0.167373 0.380127 0.171081 0.379639 0.164195 0.380615 0.161547 0.379639 0.158898 0.378906 0.161017 0.377930 0.159428 0.377441 0.156780 0.375732 0.161017 0.374756 0.159958 0.374512 0.157839
1 0.371582 0.156780 0.369629 0.159428 0.368652 0.158898 0.368652 0.162076 0.370117 0.162076 0.370850 0.159428 0.371826 0.160487 0.371338 0.158898
1 0.347900 0.154661 0.347412 0.155720 0.346924 0.154661 0.345215 0.157309 0.344238 0.154661 0.343994 0.151483 0.343750 0.156250 0.344238 0.156780 0.344238 0.160487 0.343750 0.161017 0.343262 0.159958 0.343262 0.157839 0.343018 0.158898 0.342285 0.158898 0.342041 0.161017 0.341309 0.161017 0.341309 0.162606 0.341797 0.161547 0.344482 0.163136 0.346436 0.162606 0.346436 0.161017 0.345459 0.158369
1 0.252930 0.147775 0.251953 0.147775 0.251465 0.150424 0.251221 0.149364 0.249023 0.153602 0.248047 0.153602 0.248535 0.154131 0.248047 0.154661 0.248047 0.156250 0.250000 0.154131 0.250488 0.155191 0.250977 0.154661 0.251709 0.150424 0.252686 0.149894
1 0.323975 0.147246 0.323242 0.149894 0.323242 0.151483 0.325195 0.153072 0.326172 0.156250 0.327393 0.157309 0.326416 0.154661 0.326416 0.153072 0.325684 0.151483 0.325684 0.150424 0.324951 0.148305 0.324707 0.148835
1 0.265625 0.144068 0.264404 0.144597 0.263184 0.148835 0.264648 0.151483 0.264648 0.153072 0.265625 0.151483 0.266113 0.147775 0.266113 0.145657 0.265625 0.145127
1 0.280273 0.137712 0.280273 0.139301 0.280762 0.139831 0.280273 0.140890 0.280273 0.146716 0.281250 0.148835 0.280273 0.150424 0.280518 0.152013 0.279541 0.152542 0.280273 0.155720 0.278320 0.157309 0.281006 0.158369 0.281006 0.156250 0.281494 0.155191 0.282959 0.155191 0.282959 0.153602 0.283936 0.153072 0.284912 0.150424 0.284180 0.149364 0.284912 0.147775 0.285156 0.148835 0.285645 0.147775 0.285156 0.147246 0.285645 0.146186 0.284424 0.146716 0.283447 0.144597 0.284424 0.141949 0.281738 0.141949 0.282715 0.144068 0.281738 0.146186 0.281738 0.147775 0.282471 0.148305 0.282471 0.150953 0.282959 0.152013 0.282959 0.153602 0.281982 0.154661 0.281006 0.152542 0.281006 0.150424 0.281738 0.149894 0.281006 0.147775 0.281006 0.137712
1 0.337646 0.127648 0.337646 0.128708 0.336914 0.130297 0.336426 0.129237 0.334961 0.131356 0.333984 0.134534 0.332031 0.136653 0.332520 0.139301 0.334961 0.143008 0.334961 0.144597 0.335938 0.147246 0.335938 0.148835 0.336670 0.148835 0.337158 0.149894 0.336670 0.148835 0.336914 0.147775 0.337402 0.147775 0.336670 0.145127 0.337402 0.141419 0.337158 0.137712 0.337891 0.137182 0.338135 0.133475 0.338623 0.132415
1 0.351562 0.126589 0.351562 0.129767 0.352051 0.131356 0.351807 0.133475 0.352539 0.131886 0.353271 0.133475 0.353027 0.135064 0.352051 0.134534 0.352539 0.135593 0.352539 0.137182 0.353760 0.135064 0.353271 0.132945 0.353516 0.129237 0.352783 0.127119 0.352051 0.127119 0.351807 0.128178
1 0.330322 0.125000 0.330566 0.126059 0.331787 0.127119 0.331543 0.128708 0.332031 0.129237 0.334229 0.127648 0.333496 0.127648 0.333496 0.126589 0.331787 0.123941
1 0.280029 0.129237 0.279541 0.128178 0.278076 0.127648 0.276855 0.125530 0.276367 0.125530 0.276855 0.126059 0.276611 0.127119 0.275879 0.127119 0.275635 0.125000 0.273193 0.122881 0.273193 0.126059 0.275146 0.126589 0.275391 0.127648 0.274658 0.129237 0.273438 0.129237 0.272949 0.128178 0.270996 0.133475 0.271240 0.137182 0.271973 0.139831 0.271973 0.143008 0.273438 0.144068 0.273438 0.138242 0.273926 0.137182 0.274414 0.138771 0.274414 0.136653 0.275391 0.135593 0.275879 0.133475 0.276611 0.134004 0.276367 0.135593 0.276855 0.135593 0.277100 0.136653 0.277100 0.131356 0.278564 0.130826 0.278809 0.129767 0.279541 0.130826
1 0.347656 0.115466 0.348633 0.116525 0.348389 0.118644 0.346924 0.119174 0.349121 0.119703 0.351074 0.125000 0.351074 0.123941 0.352295 0.124470 0.352539 0.125530 0.353271 0.125530 0.353760 0.124470 0.350586 0.122881 0.350586 0.118114
1 0.343750 0.115466 0.342773 0.115996 0.342041 0.113877 0.342285 0.113347 0.341309 0.113347 0.342041 0.114407 0.341797 0.116525 0.340332 0.117585 0.340088 0.118644 0.339600 0.117585 0.339600 0.119174 0.338867 0.120233 0.339600 0.122352 0.340088 0.122352 0.340088 0.121292 0.341064 0.121292 0.341064 0.120233 0.340576 0.120233 0.340332 0.118644 0.341553 0.117585 0.342285 0.118114 0.342529 0.120233 0.342285 0.118114 0.343018 0.116525 0.343750 0.116525
1 0.321777 0.111758 0.320801 0.112288 0.321045 0.112818 0.320312 0.114407 0.319824 0.114407 0.320068 0.115996 0.317871 0.120233 0.318359 0.125000 0.317383 0.126059 0.318359 0.128178 0.318115 0.128708 0.318604 0.127648 0.324219 0.127648 0.325684 0.125000 0.325684 0.120233 0.325195 0.119174 0.324951 0.120233 0.324219 0.119174 0.324707 0.118644 0.323975 0.117585 0.323730 0.115996 0.322266 0.114407 0.322266 0.112818
1 0.286133 0.109110 0.285645 0.109640 0.285889 0.112818 0.285156 0.114407 0.285645 0.115466 0.285889 0.119174 0.287354 0.120763 0.286377 0.117055 0.286865 0.116525 0.286621 0.115466 0.287598 0.113877 0.287842 0.110699 0.287354 0.109640
1 0.281738 0.104343 0.280762 0.106462 0.281006 0.106992 0.281494 0.105403 0.282715 0.108581 0.282227 0.109110 0.281494 0.108051 0.280273 0.112818 0.279541 0.113877 0.279053 0.112818 0.279297 0.115996 0.279785 0.116525 0.279785 0.117585 0.279297 0.118114 0.280029 0.118644 0.280518 0.120763 0.281738 0.120763 0.281494 0.121822 0.281250 0.121292 0.281494 0.123411 0.281006 0.124470 0.280518 0.122881 0.281006 0.124470 0.280518 0.125530 0.280029 0.123411 0.278320 0.120763 0.278320 0.118644 0.278809 0.118114 0.277344 0.116525 0.277344 0.117585 0.278320 0.118644 0.278320 0.120233 0.277832 0.120763 0.277832 0.121822 0.278076 0.121292 0.278320 0.122352 0.277588 0.123941 0.276367 0.123941 0.277344 0.125000 0.278564 0.124470 0.279541 0.127119 0.280762 0.126589 0.281494 0.128708 0.282227 0.126589 0.282959 0.126589 0.282715 0.124470 0.283203 0.123411 0.283691 0.124470 0.283691 0.126059 0.284668 0.124470 0.285156 0.125000 0.285156 0.126059 0.285400 0.124470 0.282959 0.118644 0.283203 0.117055 0.284180 0.117055 0.284424 0.115996 0.283936 0.114936 0.283691 0.111758 0.282959 0.110699 0.282471 0.112818 0.282227 0.111758 0.281006 0.110699 0.281982 0.109110 0.282227 0.110169 0.283203 0.106992 0.282471 0.106462
1 0.258545 0.100636 0.257812 0.099576 0.257568 0.097987 0.256836 0.099047 0.256348 0.098517 0.255371 0.101165 0.250732 0.106992 0.252441 0.106462 0.252930 0.104343 0.255127 0.105403 0.255615 0.103284 0.256836 0.103814 0.257080 0.102225 0.258057 0.103284 0.258545 0.102225
1 0.283203 0.097458 0.282959 0.098517 0.284180 0.100106 0.284912 0.100106 0.285889 0.102225 0.285400 0.103814 0.284424 0.103814 0.283936 0.102225 0.283447 0.105403 0.284912 0.104873 0.286133 0.106462 0.285645 0.107521 0.286377 0.106462 0.287354 0.107521 0.286865 0.105403 0.287842 0.102754 0.286865 0.101165 0.285400 0.101165 0.284424 0.099576 0.284424 0.097987
2 0.867188 0.907839 0.864258 0.914725 0.865479 0.918432 0.868896 0.921610 0.868896 0.925318 0.865723 0.929025 0.865723 0.939089 0.868408 0.945975 0.867188 0.949682 0.869629 0.952860 0.866211 0.954449 0.865234 0.957097 0.866211 0.962394 0.869629 0.966631 0.868896 0.970869 0.869873 0.973517 0.868652 0.976695 0.869873 0.979343 0.873291 0.980932 0.873047 0.981992 0.869629 0.981462 0.868652 0.984110 0.869141 0.986758 0.876465 0.994703 0.879883 0.995763 0.887939 0.994703 0.890381 0.990996 0.894043 0.992055 0.895020 0.989407 0.897461 0.987288 0.897217 0.984110 0.894043 0.985699 0.893066 0.984110 0.890137 0.983581 0.888428 0.980932 0.887207 0.972987 0.884521 0.968750 0.883789 0.956568 0.881104 0.952860 0.882812 0.949153 0.881592 0.939089 0.882812 0.935381 0.880371 0.931144 0.878662 0.923729 0.881836 0.915254 0.878174 0.912076 0.876709 0.906780 0.873047 0.909958 0.869629 0.904661
2 0.855225 0.879767 0.857422 0.879767 0.858398 0.878178 0.860107 0.877648 0.860352 0.876589 0.855957 0.875530 0.855225 0.877119
2 0.875732 0.862288 0.876465 0.863347 0.880615 0.863347 0.881836 0.862288 0.880371 0.859110 0.878418 0.859110 0.876953 0.858051 0.876221 0.859110
2 0.869629 0.845339 0.870605 0.849047 0.872559 0.851165 0.874512 0.851695 0.876221 0.853814 0.876709 0.853814 0.877441 0.852225 0.877441 0.847987 0.876953 0.845339 0.876221 0.844280 0.874512 0.843220 0.871338 0.843220
2 0.855957 0.776483 0.858887 0.780191 0.861572 0.779661 0.862549 0.777542 0.862305 0.775953 0.856934 0.775424
2 0.833984 0.751059 0.834717 0.753708 0.837891 0.755297 0.838379 0.754767 0.838379 0.752119 0.837158 0.750530 0.834717 0.749470
2 0.849121 0.689619 0.847412 0.691208 0.846680 0.693326 0.846680 0.695975 0.848633 0.698623 0.850098 0.695975 0.849854 0.692267
2 0.458984 0.077860 0.456299 0.074153 0.454102 0.077860 0.453857 0.081568 0.449707 0.081038 0.448242 0.078390 0.446289 0.076801 0.440186 0.074682 0.439209 0.073623 0.434814 0.077331 0.434814 0.081568 0.436279 0.084746 0.436035 0.088453 0.434570 0.090042 0.434326 0.093750 0.433594 0.095869 0.430420 0.099047 0.428467 0.104343 0.426758 0.112288 0.428467 0.122352 0.427734 0.126589 0.428467 0.127648 0.432373 0.127648 0.432861 0.126589 0.432617 0.122881 0.434082 0.119703 0.433594 0.115466 0.435791 0.107521 0.442871 0.106992 0.443848 0.105403 0.445068 0.099576 0.445068 0.097987 0.443359 0.095339 0.443848 0.094280 0.449707 0.088453 0.453125 0.088453 0.455078 0.085275 0.456787 0.084746 0.457031 0.083686 0.456543 0.081568 0.458496 0.079449
2 0.431641 0.005297 0.414795 0.081568 0.459473 0.058792 0.470947 0.027013 0.490967 0.018538 0.503418 0.056674 0.497314 0.112288 0.511963 0.136653 0.505127 0.153072 0.533691 0.196504 0.537842 0.278072 0.601074 0.362288 0.597168 0.409428 0.621826 0.487288 0.674316 0.528072 0.683350 0.573093 0.700928 0.583157 0.723145 0.632945 0.716064 0.667903 0.767334 0.747881 0.780273 0.825742 0.775879 0.859110 0.800293 0.994703 0.846191 0.987818 0.843750 0.910487 0.858398 0.900953 0.840332 0.886123 0.840576 0.824153 0.823486 0.771186 0.842773 0.681674 0.870361 0.663665 0.866211 0.634004 0.914307 0.629237 0.939453 0.683263 0.956543 0.628178 0.987793 0.630826 0.994385 0.605932 0.999756 0.034428 0.977539 0.007415 0.469971 0.003708 0.463379 0.018008
2 0.384766 0.992585 0.385498 0.994703 0.386963 0.995763 0.391846 0.997352 0.392334 0.999470 0.406006 0.999470 0.406494 0.997352 0.409912 0.994703 0.411377 0.991525 0.413574 0.990996 0.413086 0.984110 0.414795 0.980932 0.418945 0.978814 0.422852 0.969809 0.423340 0.966631 0.426025 0.963453 0.425293 0.962394 0.415771 0.962924 0.408936 0.965042 0.404541 0.965042 0.399414 0.960275 0.397705 0.956568 0.388916 0.956568 0.387207 0.958157 0.384277 0.963453 0.384521 0.967691 0.383789 0.969809 0.383789 0.980932 0.384521 0.984640
2 0.376953 0.776483 0.365967 0.775424 0.361572 0.785487 0.364746 0.796610 0.362793 0.800847 0.352539 0.793962 0.347900 0.783898 0.335449 0.780191 0.329346 0.796610 0.328369 0.808263 0.317383 0.827331 0.315186 0.842691 0.307617 0.861229 0.310547 0.882945 0.309082 0.891419 0.300293 0.890890 0.296387 0.876589 0.297607 0.865996 0.293701 0.861229 0.265625 0.878178 0.261963 0.876589 0.256592 0.886653 0.255371 0.898305 0.249756 0.903602 0.250488 0.911547 0.249023 0.914725 0.250488 0.918432 0.248291 0.924258 0.291748 0.934852 0.293457 0.999470 0.326660 0.999470 0.331055 0.994174 0.346436 0.999470 0.369141 0.999470 0.375244 0.994703 0.378906 0.963983 0.375977 0.945975 0.377441 0.939619 0.378418 0.869703
2 0.390625 0.758475 0.387939 0.762182 0.385254 0.775953 0.385742 0.796610 0.386963 0.807733 0.384766 0.825742 0.385010 0.845339 0.383789 0.859110 0.384521 0.889301 0.386719 0.897775 0.390625 0.896186 0.394287 0.889301 0.398926 0.876059 0.399170 0.865466 0.398438 0.856462 0.395264 0.841631 0.397217 0.830508 0.397705 0.820445 0.399170 0.814619 0.398682 0.807203 0.399902 0.804025 0.404297 0.800847 0.405029 0.797140 0.401367 0.784428 0.401611 0.774894 0.401123 0.772246 0.397217 0.766419 0.395020 0.765890 0.393555 0.761653
2 0.159180 0.019068 0.158203 0.017479 0.155273 0.019068 0.156006 0.020127 0.157715 0.020657
2 0.000000 0.052436 0.033203 0.043962 0.045654 0.081038 0.072510 0.081568 0.075684 0.099047 0.050049 0.195975 0.058838 0.237288 0.075928 0.248411 0.098389 0.223517 0.103516 0.192267 0.116211 0.176377 0.117432 0.136123 0.125000 0.113347 0.152100 0.084216 0.154053 0.045021 0.167969 0.057203 0.167725 0.076801 0.162598 0.082097 0.185547 0.152013 0.180664 0.199682 0.203857 0.208686 0.222656 0.195445 0.232666 0.174788 0.237793 0.139831 0.232178 0.121292 0.258301 0.066737 0.275879 0.086864 0.318115 0.091631 0.334961 0.079449 0.351807 0.105403 0.377441 0.103284 0.398682 0.076271 0.397949 0.039725 0.409424 0.033369 0.413574 0.009004 0.395508 0.000000 0.169434 0.000000 0.162842 0.027013 0.150879 0.036547 0.147949 0.000000 0.000000 0.000000
2 0.872559 0.636123 0.864990 0.654661 0.858887 0.657309 0.845215 0.678496 0.848145 0.692797 0.845459 0.699153 0.843262 0.750000 0.847168 0.763771 0.844482 0.789195 0.844727 0.831568 0.852051 0.869174 0.856934 0.872881 0.859131 0.912076 0.865967 0.938559 0.865967 0.954979 0.868896 0.959746 0.868408 0.979343 0.876709 0.984110 0.880859 0.978814 0.883545 0.991525 0.886963 0.984110 0.891357 0.994703 0.904541 0.995233 0.915283 0.987818 0.917236 0.976695 0.925049 0.970339 0.928467 0.960275 0.942627 0.968220 0.961182 0.967161 0.970459 0.942267 0.970703 0.928496 0.975342 0.914725 0.974121 0.889301 0.977539 0.876589 0.972412 0.872881 0.977539 0.869703 0.977295 0.855403 0.970947 0.827860 0.963379 0.820975 0.966553 0.802966 0.948730 0.801377 0.946533 0.789725 0.939209 0.783369 0.938477 0.774894 0.942383 0.761653 0.951660 0.766949 0.959717 0.751589 0.959229 0.740996 0.970215 0.722987 0.968994 0.706568 0.963623 0.703390 0.961182 0.713983 0.956055 0.718220 0.957764 0.706038 0.952881 0.695445 0.953125 0.677966 0.956543 0.668432 0.950928 0.648835 0.945801 0.647775 0.939209 0.658369 0.934814 0.654131 0.933105 0.643008 0.911621 0.629237 0.898438 0.628708 0.895508 0.622881 0.888672 0.622881
