0 0.962402 0.192797 0.960693 0.188030 0.960205 0.185381 0.952393 0.185381 0.949951 0.189619 0.946777 0.191208 0.944824 0.190678 0.942871 0.188559 0.940430 0.187500 0.939453 0.185911 0.936279 0.186441 0.933838 0.188030 0.933838 0.189619 0.935791 0.195975 0.940186 0.195975 0.943115 0.197564 0.946777 0.197564 0.949707 0.200742 0.951416 0.206038 0.952637 0.207097 0.959961 0.206568 0.960938 0.200742 0.960938 0.197564
0 0.000000 0.568326 0.036377 0.618114 0.066650 0.600106 0.164551 0.670021 0.164795 0.779661 0.143066 0.876059 0.170166 0.877119 0.175293 0.850106 0.197998 0.885064 0.163086 0.939089 0.164795 0.999470 0.191406 0.974047 0.187500 0.999470 0.210205 0.977225 0.213135 0.999470 0.575928 0.999470 0.580811 0.959216 0.656006 0.840042 0.745850 0.802436 0.765625 0.748411 0.767578 0.663136 0.835205 0.612288 0.845215 0.551907 0.796875 0.567267 0.790039 0.615996 0.739746 0.635064 0.748291 0.554025 0.865234 0.466631 0.870850 0.442267 0.839600 0.395657 0.863037 0.366525 0.857910 0.300318 0.880127 0.313030 0.898682 0.281250 0.889893 0.233051 0.915039 0.195975 0.891113 0.136123 0.999756 0.110699 0.999756 0.000000 0.158447 0.000000 0.153076 0.028602 0.176514 0.070445 0.134277 0.119703 0.122314 0.220339 0.144531 0.293962 0.094482 0.271716 0.000244 0.326801
1 0.524902 0.998941 0.528564 0.999470 0.528320 0.997881 0.525391 0.997881
1 0.489746 0.995233 0.488525 0.995763 0.487061 0.999470 0.488770 0.999470 0.489990 0.996292
1 0.519531 0.994703 0.520020 0.995763 0.519531 0.996822 0.519531 0.999470 0.520264 0.999470 0.520508 0.998411 0.522217 0.997352 0.522217 0.994703 0.521484 0.994703 0.521240 0.993644 0.520752 0.995233 0.520264 0.993644
1 0.188477 0.993644 0.187744 0.992055 0.186035 0.992055 0.185547 0.993114 0.184814 0.993114 0.182617 0.997352 0.183105 0.997352 0.184570 0.994174 0.186279 0.993114 0.186768 0.994703 0.185791 0.997881 0.187500 0.995763 0.188232 0.993114
1 0.248291 0.991525 0.246826 0.994174 0.246338 0.993644 0.246582 0.994174 0.245361 0.996292 0.245117 0.995233 0.244141 0.995233 0.243164 0.997352 0.242188 0.996822 0.241943 0.999470 0.247314 0.999470 0.246826 0.997881
1 0.199707 0.988877 0.199463 0.989407 0.200439 0.989936 0.200684 0.990996 0.201904 0.990996 0.201660 0.990466 0.202148 0.989936 0.203125 0.992055 0.202637 0.993644 0.202148 0.993644 0.201904 0.992585 0.200439 0.992585 0.200928 0.993114 0.200684 0.993644 0.201416 0.996292 0.202881 0.999470 0.204102 0.999470 0.204102 0.992585 0.202637 0.989407
1 0.574707 0.988347 0.574219 0.990466 0.574219 0.993114 0.573730 0.994174 0.574707 0.996822 0.574707 0.999470 0.575195 0.998411 0.575928 0.999470 0.575928 0.994703 0.574951 0.993114 0.575439 0.989407
1 0.224365 0.984640 0.223145 0.987288 0.222412 0.986758 0.222412 0.985699 0.223145 0.984640 0.222656 0.984640 0.221924 0.986229 0.222656 0.989936 0.222656 0.996292 0.221924 0.997881 0.222656 0.999470 0.223877 0.996822 0.223633 0.995233 0.223145 0.995233 0.223145 0.990466 0.222412 0.987818 0.223877 0.986229 0.224121 0.986758 0.224609 0.985699 0.224121 0.985699
1 0.233887 0.981992 0.232422 0.984640 0.231689 0.987818 0.232666 0.991525 0.233398 0.992055 0.232422 0.993644 0.232422 0.995233 0.234131 0.993114 0.234619 0.990996 0.234863 0.991525 0.235596 0.990466 0.235352 0.989407 0.232666 0.988347 0.232910 0.986229 0.234131 0.983051 0.232910 0.985169 0.232666 0.986758 0.232178 0.986229 0.232422 0.984640
1 0.568359 0.980932 0.568359 0.982521 0.567871 0.983581 0.568359 0.986229 0.567871 0.993644 0.566895 0.996822 0.566650 0.999470 0.572266 0.999470 0.572266 0.998411 0.572021 0.999470 0.571533 0.998411 0.572021 0.996292 0.571533 0.995233 0.571533 0.993644 0.571045 0.993114 0.571045 0.988347 0.572021 0.986229 0.571045 0.988347 0.570557 0.987288 0.570068 0.988347 0.569580 0.987288 0.569580 0.983051
1 0.541992 0.977754 0.541016 0.986229 0.543701 0.994703 0.543945 0.999470 0.545410 0.999470 0.545410 0.994174 0.545898 0.994703 0.545898 0.999470 0.550537 0.999470 0.550537 0.996822 0.548828 0.998941 0.547607 0.996292 0.547607 0.994703 0.548828 0.992055 0.549561 0.993114 0.549561 0.991525 0.550537 0.990466 0.546875 0.990466 0.546631 0.988347 0.546143 0.989407 0.545410 0.989407 0.545898 0.990996 0.546875 0.991525 0.546875 0.993114 0.547363 0.990996 0.547852 0.991525 0.547852 0.994174 0.547363 0.994703 0.547119 0.996822 0.545166 0.992585 0.543945 0.992585 0.544678 0.988347 0.545166 0.987818 0.545166 0.985169 0.543945 0.982521 0.544189 0.979873 0.543213 0.977754
1 0.515137 0.977754 0.514893 0.983051 0.513672 0.983051 0.513184 0.981992 0.512939 0.983051 0.511719 0.983581 0.512939 0.986758 0.514648 0.994703 0.514893 0.999470 0.519043 0.999470 0.519043 0.997881 0.518555 0.997881 0.517822 0.996292 0.517822 0.993644 0.516357 0.992055 0.516846 0.990996 0.518799 0.990466 0.518066 0.990466 0.517822 0.989407 0.516846 0.988877 0.516846 0.985699 0.516357 0.984110 0.516113 0.985169 0.515381 0.984640 0.515381 0.983581 0.515869 0.982521 0.516602 0.982521 0.516846 0.980932 0.516113 0.980932
1 0.239258 0.977754 0.239746 0.978284 0.239990 0.977225 0.240723 0.978814 0.241455 0.978284 0.241699 0.979873 0.242432 0.979873 0.242676 0.981462 0.243408 0.982521 0.243408 0.984640 0.244385 0.984640 0.243896 0.981992 0.244141 0.979343 0.243652 0.980403 0.241699 0.977225
1 0.211914 0.971928 0.212891 0.973517 0.214111 0.973517 0.212646 0.975106 0.212402 0.976695 0.215088 0.972458 0.216309 0.972987 0.216797 0.974047 0.217041 0.972987 0.217285 0.974047 0.218262 0.974576 0.218262 0.976165 0.217041 0.978814 0.216553 0.978814 0.215576 0.981462 0.215576 0.983051 0.217041 0.984640 0.217529 0.984110 0.217773 0.985169 0.217773 0.984110 0.216797 0.983581 0.216309 0.981462 0.217285 0.979873 0.218750 0.979343 0.218506 0.978814 0.219482 0.973517 0.217773 0.974047 0.217529 0.972987 0.218018 0.971928 0.219727 0.970869 0.219971 0.969280 0.220703 0.969280 0.219238 0.969280 0.218506 0.970869 0.218262 0.969809 0.218018 0.970869 0.217773 0.970339 0.216553 0.971398 0.215088 0.971398 0.214600 0.968750 0.213379 0.970339 0.214600 0.970339 0.214600 0.971928
1 0.249268 0.967161 0.247314 0.971928 0.247314 0.974576 0.247803 0.976165 0.249512 0.975636 0.250488 0.976695 0.250977 0.978284 0.250488 0.980403 0.252197 0.981462 0.251465 0.979873 0.251465 0.976695 0.250977 0.976695 0.250488 0.974576 0.247559 0.974047 0.247803 0.971398
1 0.529297 0.971398 0.530029 0.974047 0.531738 0.976165 0.531738 0.977754 0.532715 0.980403 0.533691 0.981462 0.533691 0.982521 0.537842 0.982521 0.537842 0.974047 0.538574 0.971398 0.535889 0.977225 0.535400 0.976165 0.535645 0.967161 0.534668 0.967161 0.532715 0.972458 0.531494 0.972458 0.531006 0.974576 0.530518 0.974047 0.530029 0.971398
1 0.255371 0.981462 0.259277 0.980403 0.260010 0.978814 0.261230 0.978284 0.261230 0.977225 0.263184 0.975636 0.268311 0.976695 0.268555 0.977754 0.268066 0.977754 0.268066 0.979873 0.268799 0.979873 0.269043 0.978284 0.270020 0.977225 0.270996 0.974047 0.271484 0.974047 0.271973 0.976165 0.272949 0.975106 0.273682 0.976165 0.274902 0.976165 0.275879 0.975106 0.275146 0.973517 0.274170 0.973517 0.274170 0.972458 0.275146 0.970339 0.275146 0.968750 0.274170 0.970339 0.273193 0.970339 0.271484 0.972458 0.270508 0.971398 0.268799 0.974047 0.266846 0.974047 0.266113 0.972458 0.265381 0.973517 0.264893 0.972987 0.265137 0.971928 0.264648 0.971398 0.265381 0.970869 0.265137 0.969809 0.261719 0.970339 0.260986 0.971928 0.260498 0.971928 0.259766 0.970869 0.260254 0.968220 0.260010 0.968750 0.259766 0.967161 0.257568 0.965042 0.257080 0.966102 0.257080 0.968220 0.255859 0.970869 0.255859 0.974047 0.255371 0.974576 0.255371 0.976695 0.255859 0.978284
1 0.218750 0.962924 0.218018 0.962924 0.217041 0.964513 0.215576 0.964513 0.215332 0.966102 0.215820 0.966631 0.215332 0.967691 0.216553 0.966631 0.217773 0.967161 0.218262 0.965572 0.218750 0.965572 0.217773 0.965042
1 0.221680 0.960275 0.221680 0.962394 0.222168 0.962394 0.223145 0.964513 0.223877 0.962924 0.225586 0.961864 0.225830 0.962924 0.225098 0.963983 0.227051 0.964513 0.228271 0.962924 0.228271 0.961864 0.226562 0.962394 0.226562 0.960805 0.224365 0.960805 0.223633 0.962924 0.222412 0.962924 0.221924 0.961335 0.222168 0.960275
1 0.369141 0.959216 0.367432 0.958157 0.366943 0.960275 0.365967 0.960805 0.365967 0.967161 0.364746 0.972987 0.364258 0.973517 0.365723 0.973517 0.365967 0.971398 0.367188 0.968750 0.367920 0.962924 0.369629 0.960275
1 0.203613 0.959216 0.205811 0.957627 0.206299 0.958686 0.205566 0.960275 0.206055 0.959216 0.206787 0.959216 0.207275 0.957627 0.206787 0.956568 0.206055 0.956568 0.205566 0.957627 0.205566 0.956038 0.204346 0.956568
1 0.575195 0.953390 0.574951 0.954449 0.574219 0.954449 0.575195 0.955508 0.575195 0.956568 0.573975 0.958157 0.574219 0.960275 0.572754 0.960805 0.572754 0.962394 0.573975 0.962394 0.573975 0.960805 0.574951 0.958157 0.575195 0.961335 0.574707 0.961864 0.574951 0.965572 0.575684 0.965572 0.575684 0.953390
1 0.440918 0.952331 0.439941 0.954449 0.440430 0.954979 0.439209 0.957097 0.438477 0.954449 0.437256 0.954979 0.437744 0.957627 0.438477 0.958686 0.438477 0.961335 0.439453 0.961335 0.440674 0.959216 0.441162 0.959746 0.440918 0.960805 0.441895 0.960275 0.441895 0.958157 0.441650 0.958686 0.441162 0.957627 0.441162 0.955508 0.440430 0.953919 0.441162 0.953919 0.440674 0.952860
1 0.369629 0.951801 0.369385 0.956568 0.370605 0.958157 0.370117 0.959216 0.370850 0.959216 0.370605 0.958686 0.371338 0.957627 0.370605 0.956568 0.370361 0.953390
1 0.208984 0.950212 0.208252 0.952331 0.207031 0.953390 0.207520 0.956038 0.208252 0.956038 0.208984 0.954449 0.208252 0.953919 0.208496 0.952331 0.209229 0.953390 0.209473 0.952860
1 0.256592 0.947034 0.255615 0.948093 0.255127 0.949682 0.254883 0.949153 0.254639 0.950742 0.255371 0.952331 0.255859 0.957097 0.255371 0.957097 0.256104 0.957627 0.255859 0.958686 0.257568 0.959746 0.258545 0.958157 0.258545 0.956038 0.259033 0.954449 0.258789 0.952860 0.259277 0.951271 0.259521 0.951801 0.257324 0.949153 0.256836 0.949682
1 0.545898 0.945975 0.545898 0.948623 0.545410 0.949153 0.545898 0.952860 0.546875 0.954979 0.548096 0.954979 0.549316 0.957627 0.549316 0.959216 0.548096 0.960805 0.546875 0.960805 0.546631 0.959746 0.542969 0.960805 0.542236 0.965042 0.543457 0.967691 0.544189 0.967691 0.544434 0.966631 0.545654 0.967691 0.546143 0.966631 0.546875 0.968220 0.546875 0.971928 0.547119 0.969280 0.548340 0.966631 0.549561 0.966631 0.550781 0.968220 0.550781 0.974047 0.551758 0.974576 0.551758 0.999470 0.558838 0.999470 0.558350 0.998411 0.558350 0.992055 0.558838 0.990996 0.558838 0.983051 0.560303 0.981992 0.560303 0.979873 0.559814 0.979343 0.560059 0.973517 0.559082 0.971398 0.559570 0.975106 0.558838 0.976695 0.558105 0.974576 0.556641 0.974576 0.556396 0.971398 0.554932 0.966631 0.555420 0.963983 0.554443 0.962394 0.554443 0.960805 0.555420 0.959216 0.555908 0.955508 0.556885 0.953390 0.558105 0.956568 0.557617 0.958157 0.558105 0.959216 0.558838 0.958686 0.558838 0.955508 0.558105 0.951801 0.557129 0.950742 0.556641 0.947034 0.557129 0.950212 0.556152 0.952331 0.556152 0.953919 0.555176 0.954449 0.555176 0.957097 0.554688 0.957627 0.554443 0.954449 0.553711 0.954449 0.552979 0.951801 0.552979 0.949153 0.553467 0.948623 0.552979 0.945975 0.550781 0.945975 0.550537 0.951271 0.549316 0.951271 0.547852 0.949153 0.547607 0.945975
1 0.380127 0.944386 0.378906 0.946504 0.378662 0.945975 0.376465 0.948623 0.375977 0.948093 0.375977 0.949682 0.375000 0.948623 0.374023 0.950742 0.374756 0.949682 0.375000 0.950212 0.374512 0.952860 0.374023 0.952331 0.373535 0.953390 0.373291 0.952331 0.372803 0.952860 0.371338 0.951801 0.371094 0.955508 0.371826 0.956038 0.372070 0.953919 0.372803 0.954449 0.375488 0.952860 0.376465 0.953390 0.377930 0.949682 0.378418 0.949682 0.378906 0.947034 0.380127 0.947034
1 0.479980 0.943856 0.479004 0.943856 0.479004 0.945445 0.478271 0.947034 0.478271 0.953919 0.479492 0.953390 0.479980 0.951801 0.479248 0.949682 0.480469 0.945445
1 0.263672 0.943326 0.265625 0.943326 0.265869 0.941208 0.266602 0.943326 0.267578 0.941208 0.265381 0.940678
1 0.234131 0.941737 0.235840 0.942797 0.237549 0.941737 0.236572 0.939619 0.235352 0.939619
1 0.583008 0.945445 0.583740 0.942797 0.584717 0.941208 0.584961 0.941737 0.585205 0.940148 0.585449 0.941737 0.585693 0.940678 0.587646 0.940678 0.587158 0.941208 0.585205 0.940148 0.583984 0.938559 0.583008 0.943326
1 0.226318 0.941737 0.228271 0.942267 0.229736 0.941208 0.229980 0.939619 0.229004 0.940678 0.228271 0.938559 0.226807 0.937500 0.226562 0.938030 0.227295 0.940148 0.226807 0.941208 0.226318 0.940678
1 0.226562 0.934852 0.226318 0.935911 0.225586 0.935381 0.223389 0.939619 0.222412 0.939619 0.222168 0.937500 0.221436 0.938559 0.220215 0.938559 0.218994 0.936970 0.218750 0.937500 0.219238 0.936970 0.219727 0.938030 0.219482 0.939619 0.220459 0.940148 0.220703 0.941208 0.219482 0.943856 0.218750 0.943856 0.218994 0.945445 0.219238 0.944386 0.220459 0.944386 0.220703 0.945445 0.221191 0.945445 0.220703 0.943326 0.220947 0.941737 0.222656 0.940678 0.222900 0.939619 0.224121 0.940678 0.223877 0.941737 0.222900 0.942267 0.222900 0.943856 0.224365 0.941208 0.224854 0.941737 0.224609 0.939619 0.225342 0.937500 0.226074 0.937500 0.225830 0.936441 0.226562 0.935911
1 0.540039 0.936441 0.540039 0.938030 0.540527 0.938559 0.540039 0.942267 0.540527 0.942797 0.540527 0.944386 0.541016 0.944915 0.541504 0.948623 0.542480 0.949153 0.542480 0.950742 0.542725 0.945975 0.542236 0.945445 0.542236 0.941737 0.541748 0.941208 0.541992 0.940148 0.543701 0.940148 0.543945 0.943326 0.545166 0.943326 0.545166 0.940678 0.544678 0.939619 0.546631 0.936970 0.546875 0.939619 0.548340 0.940678 0.548340 0.943326 0.549561 0.943326 0.549561 0.940678 0.548340 0.940678 0.547119 0.935381 0.546631 0.936441 0.545898 0.936441 0.544678 0.934322 0.542480 0.934322 0.542236 0.933263 0.541016 0.933263 0.540527 0.934322 0.540527 0.935911
1 0.253906 0.927966 0.252930 0.927966 0.252441 0.929025 0.252441 0.931674 0.251465 0.932203 0.251465 0.935911 0.251953 0.936441 0.251465 0.937500 0.251465 0.939089 0.251953 0.940678 0.252441 0.940148 0.252441 0.937500 0.252930 0.936970 0.251953 0.936441 0.251709 0.935381 0.252441 0.933792 0.252197 0.932203 0.253418 0.930614 0.253418 0.929025
1 0.168457 0.929025 0.169434 0.930614 0.169189 0.932203 0.169922 0.930614 0.170166 0.932203 0.170654 0.931144 0.170898 0.931674 0.170898 0.930614 0.170410 0.930085 0.170410 0.927966
1 0.230713 0.926377 0.230469 0.927966 0.229736 0.928496 0.229980 0.931674 0.229248 0.932203 0.230225 0.932733 0.230469 0.939619 0.230469 0.938030 0.233154 0.932733 0.231201 0.933792 0.230469 0.933263 0.230469 0.932203 0.231445 0.930614 0.230469 0.929555
1 0.200195 0.926377 0.200684 0.927436 0.200928 0.930085 0.200439 0.931144 0.200928 0.930085 0.201172 0.931674 0.201904 0.931674 0.202393 0.932733 0.202393 0.933792 0.201416 0.935381 0.200684 0.934852 0.200928 0.935381 0.200195 0.938030 0.199219 0.939619 0.199951 0.941208 0.199951 0.942267 0.200195 0.940678 0.201172 0.939619 0.201904 0.940678 0.201660 0.942797 0.202637 0.942267 0.203369 0.943856 0.205811 0.943326 0.206543 0.944386 0.207520 0.944386 0.208252 0.942267 0.209229 0.942267 0.208740 0.940678 0.209473 0.939089 0.208252 0.938030 0.208252 0.936441 0.207275 0.936441 0.206299 0.939089 0.203857 0.933792 0.203369 0.934322 0.202881 0.933263 0.203125 0.931144 0.202637 0.930085 0.201904 0.930085 0.200684 0.927966 0.200684 0.926377
1 0.250488 0.924788 0.250244 0.924258 0.248291 0.926377 0.246582 0.931674 0.247070 0.930614 0.248291 0.930614 0.248535 0.931674 0.250244 0.931674 0.250000 0.931144 0.250732 0.930614 0.251221 0.929025 0.250000 0.931144 0.248779 0.931144 0.248535 0.930085
1 0.307617 0.930614 0.307861 0.932203 0.308594 0.932733 0.309082 0.934322 0.310059 0.933263 0.310547 0.934852 0.311523 0.934322 0.311035 0.932733 0.311279 0.932203 0.312256 0.932203 0.312500 0.932733 0.312012 0.933263 0.312012 0.934322 0.313721 0.936441 0.313232 0.938030 0.312988 0.937500 0.313477 0.938559 0.314941 0.939089 0.317139 0.937500 0.318604 0.931674 0.319092 0.931144 0.318848 0.930085 0.317139 0.929555 0.316895 0.933263 0.316406 0.934322 0.315186 0.934852 0.314941 0.933263 0.316162 0.931144 0.314697 0.930085 0.313232 0.931674 0.312988 0.930614 0.313477 0.929555 0.312744 0.931144 0.312256 0.931144 0.312012 0.930085 0.312988 0.929025 0.312744 0.927966 0.313477 0.925847 0.312744 0.924788 0.313477 0.923729 0.312012 0.924258 0.311035 0.926377 0.311279 0.927966 0.310303 0.928496 0.309814 0.930085 0.308594 0.929555
1 0.260986 0.924788 0.260254 0.924788 0.259766 0.923729 0.259277 0.926377 0.258789 0.926907 0.258789 0.928496 0.259521 0.927436 0.260254 0.928496 0.260742 0.927966 0.260254 0.926907
1 0.202148 0.922669 0.203125 0.925847 0.205078 0.923199 0.203613 0.921610
1 0.267822 0.920021 0.265625 0.922669 0.263184 0.922669 0.264893 0.922669 0.265625 0.924258 0.264893 0.925847 0.263916 0.925847 0.263428 0.924788 0.261475 0.927436 0.262207 0.929025 0.261230 0.931144 0.260254 0.931144 0.259277 0.932203 0.258789 0.933792 0.257812 0.934322 0.257812 0.935911 0.260010 0.932203 0.260986 0.932733 0.261719 0.932203 0.262207 0.930614 0.263428 0.931144 0.263916 0.932203 0.262451 0.933792 0.263672 0.933792 0.264648 0.936441 0.265869 0.935911 0.265869 0.936970 0.267334 0.936970 0.267822 0.934322 0.268311 0.934852 0.268311 0.935911 0.269287 0.934852 0.269531 0.933263 0.268555 0.930614 0.268799 0.929025 0.269043 0.929555 0.268799 0.929025 0.265869 0.930614 0.263672 0.930614 0.263184 0.929555 0.263916 0.929025 0.264404 0.926377 0.266602 0.927966 0.266113 0.925318 0.267334 0.923199 0.268311 0.922669
1 0.489258 0.919492 0.488281 0.920021 0.487305 0.917373 0.486328 0.918432 0.485107 0.918432 0.485107 0.919492 0.484131 0.921081 0.484375 0.922669 0.482910 0.924788 0.482178 0.927436 0.481201 0.928496 0.481689 0.929025 0.483643 0.925318 0.484375 0.925318 0.485840 0.927966 0.486328 0.927966 0.487061 0.925847 0.487305 0.926377 0.487305 0.923729 0.487793 0.924258 0.489258 0.922669
1 0.299805 0.920551 0.300049 0.920021 0.301270 0.923729 0.301514 0.921610 0.302246 0.920021 0.303467 0.919492 0.305176 0.923729 0.305664 0.925847 0.305664 0.929025 0.305908 0.929555 0.306152 0.928496 0.307129 0.930085 0.307617 0.929025 0.306885 0.929555 0.305908 0.927436 0.306396 0.925318 0.308105 0.922669 0.309082 0.918962 0.307129 0.920551 0.306885 0.919492 0.305908 0.918962 0.306152 0.916314 0.304688 0.917373 0.302734 0.915254 0.302002 0.916843 0.302490 0.917373 0.302246 0.917903 0.301514 0.917903
1 0.479492 0.914725 0.478760 0.915784 0.478516 0.915254 0.477783 0.917373 0.476807 0.916843 0.477783 0.914725 0.475586 0.915254 0.475342 0.916314 0.475830 0.917373 0.475342 0.919492 0.473633 0.918432 0.473389 0.919492 0.472656 0.919492 0.472656 0.920551 0.473145 0.921610 0.474365 0.921610 0.475586 0.920551 0.477295 0.920551 0.477539 0.919492 0.479004 0.919492 0.479736 0.917903 0.479248 0.915784
1 0.578613 0.913136 0.577881 0.915784 0.577148 0.915784 0.575684 0.917373 0.575439 0.918432 0.576172 0.919492 0.577637 0.916843 0.578613 0.916314
1 0.321045 0.910487 0.319580 0.913136 0.315918 0.915784 0.315674 0.925847 0.316406 0.927436 0.319092 0.921610 0.318848 0.918962 0.319824 0.916314 0.319824 0.914195 0.321289 0.911017
1 0.472656 0.909958 0.472412 0.914195 0.472168 0.914725 0.471924 0.913665 0.472168 0.917903 0.472656 0.915784 0.473145 0.916843 0.473389 0.915784 0.473633 0.916843 0.474121 0.916843 0.474121 0.915784 0.474854 0.915784 0.474121 0.915784 0.473633 0.914725
1 0.606445 0.909958 0.605225 0.909958 0.604736 0.912076 0.604004 0.912076 0.604004 0.914195 0.603516 0.913136 0.603760 0.915254 0.603027 0.916314 0.603027 0.917903 0.604248 0.918432 0.603516 0.920551 0.603027 0.920551 0.601807 0.924258 0.601074 0.922669 0.601074 0.923729 0.600586 0.924258 0.600830 0.924788 0.602783 0.924258 0.604736 0.919492 0.607178 0.919492 0.606934 0.912076
1 0.521484 0.905720 0.520020 0.905720 0.519287 0.907309 0.517334 0.906780 0.517334 0.908369 0.518311 0.910487 0.518799 0.909958 0.519043 0.907839 0.519775 0.907839 0.520264 0.908898 0.519531 0.909958 0.519775 0.910487 0.521240 0.908898
1 0.281982 0.905191 0.281250 0.905720 0.280762 0.908369 0.280273 0.907839 0.280273 0.910487 0.279785 0.911017 0.279785 0.914725 0.279297 0.915254 0.279297 0.916314 0.280762 0.915784 0.281494 0.917373 0.281738 0.916843 0.282471 0.917903 0.281738 0.914725 0.281738 0.911017 0.282471 0.907309
1 0.465576 0.903602 0.465576 0.905191 0.464355 0.905720 0.464844 0.907309 0.463379 0.910487 0.462646 0.914725 0.463379 0.915784 0.463379 0.916843 0.465576 0.916843 0.465576 0.917903 0.466064 0.917373 0.466309 0.918962 0.466797 0.918962 0.467529 0.916314 0.468018 0.916314 0.468262 0.917373 0.468994 0.916843 0.469238 0.917903 0.469482 0.916843 0.469727 0.917903 0.469971 0.915784 0.469238 0.914195 0.470215 0.909958 0.469238 0.911547 0.468994 0.910487 0.469482 0.908898 0.469238 0.908369 0.470459 0.905720 0.468506 0.904661 0.466553 0.906780
1 0.390625 0.910487 0.391846 0.908898 0.392090 0.909958 0.392822 0.909428 0.394043 0.906250 0.394531 0.906780 0.394531 0.910487 0.395020 0.909428 0.395020 0.906780 0.396484 0.907309 0.396240 0.903602 0.395020 0.903602 0.394775 0.904661 0.394287 0.904661 0.394043 0.903072 0.394287 0.902542 0.394531 0.903602 0.394531 0.902542 0.392578 0.902013 0.392578 0.906780 0.392090 0.908369 0.390625 0.908369
1 0.583740 0.903072 0.584229 0.904131 0.585693 0.904661 0.586670 0.907309 0.587891 0.907839 0.588623 0.906780 0.587646 0.904661 0.587646 0.902013 0.587158 0.900424 0.586670 0.900424 0.586182 0.902013 0.584961 0.900424
1 0.279541 0.900424 0.279053 0.900424 0.278320 0.902013 0.277588 0.902013 0.277832 0.902542 0.277344 0.903602 0.276367 0.903602 0.276611 0.904131 0.275879 0.905191 0.276611 0.905191 0.276611 0.906780 0.273438 0.906780 0.273438 0.905191 0.272949 0.905720 0.273438 0.906780 0.273438 0.908369 0.272949 0.908898 0.274170 0.908369 0.274414 0.909428 0.275146 0.909428 0.275391 0.908369 0.276123 0.908369 0.276855 0.906250 0.277832 0.906250 0.277588 0.903602
1 0.564941 0.896186 0.564941 0.897775 0.566162 0.898305 0.566406 0.900424 0.564453 0.900424 0.564209 0.901483 0.563965 0.900424 0.563477 0.900424 0.562988 0.903072 0.564209 0.905191 0.563965 0.904661 0.564453 0.902542 0.565186 0.902013 0.566162 0.903072 0.566162 0.905720 0.564697 0.905720 0.565674 0.906250 0.566406 0.909428 0.564941 0.911017 0.565430 0.916843 0.564941 0.918432 0.564697 0.917903 0.565430 0.925318 0.563477 0.928496 0.565918 0.935381 0.565674 0.941208 0.566162 0.943856 0.565918 0.945975 0.566406 0.945975 0.565918 0.947564 0.565918 0.949682 0.566650 0.948623 0.566895 0.946504 0.567627 0.946504 0.568359 0.948093 0.568115 0.949153 0.567383 0.949153 0.567871 0.957097 0.568359 0.957097 0.568604 0.955508 0.568115 0.954979 0.568115 0.949153 0.568604 0.948623 0.569336 0.944915 0.569336 0.941208 0.568604 0.939619 0.569092 0.939089 0.569092 0.937500 0.569824 0.936970 0.570068 0.934322 0.570068 0.924788 0.569580 0.924258 0.569580 0.918962 0.569092 0.917373 0.569092 0.915254 0.569580 0.914195 0.568604 0.911547 0.568604 0.906780 0.568115 0.906250 0.568115 0.898835 0.567139 0.898305 0.567139 0.899894 0.566650 0.900424 0.566162 0.897246 0.565674 0.896186
1 0.406006 0.896186 0.404053 0.896186 0.403076 0.897775 0.400879 0.898835 0.400879 0.899894 0.400146 0.900424 0.400635 0.901483 0.401611 0.900424 0.402100 0.901483 0.402100 0.899894 0.403564 0.897775 0.404785 0.898305
1 0.365234 0.894597 0.364502 0.893538 0.364014 0.894597 0.363281 0.894068 0.362549 0.895127 0.362793 0.897775 0.364014 0.898305 0.365234 0.897246 0.364746 0.896186
1 0.321289 0.894597 0.320801 0.894597 0.320557 0.893538 0.318604 0.894068 0.317871 0.896716 0.319092 0.896716 0.319336 0.898835 0.317871 0.899364 0.317871 0.902013 0.319580 0.899894 0.320557 0.899894 0.320801 0.899364 0.320068 0.897775
1 0.400146 0.894068 0.398682 0.892479 0.397949 0.894068 0.395508 0.896186 0.394043 0.896186 0.393799 0.897775 0.394531 0.898835 0.394531 0.899894 0.395020 0.898305 0.395752 0.899894 0.396484 0.899894 0.399902 0.895657
1 0.189697 0.891419 0.190430 0.893538 0.191406 0.894068 0.191406 0.896716 0.192383 0.894597 0.193359 0.895127 0.194336 0.893538 0.193848 0.892479 0.192383 0.892479 0.190918 0.890890
1 0.275635 0.890890 0.271484 0.890890 0.270264 0.892479 0.269287 0.895657 0.271240 0.894597 0.271484 0.892479 0.273193 0.892479 0.273438 0.893538 0.275146 0.892479
1 0.221924 0.888771 0.219482 0.888242 0.218506 0.890360 0.215820 0.890360 0.214355 0.891949 0.213623 0.891419 0.213867 0.889831 0.212158 0.889831 0.210938 0.890890 0.210449 0.892479 0.210693 0.891419 0.213623 0.891419 0.215332 0.892479 0.218018 0.890360 0.218994 0.891949 0.219727 0.890890 0.220947 0.890890
1 0.580078 0.889831 0.579102 0.887712 0.577881 0.886653 0.577148 0.888242 0.576416 0.891949 0.575928 0.891949 0.577148 0.893538 0.579102 0.893008
1 0.232910 0.889831 0.231934 0.888242 0.231689 0.888771 0.230469 0.887182 0.229980 0.887712 0.229736 0.886653 0.228516 0.886653 0.227539 0.888771 0.227539 0.889831 0.228027 0.889301 0.228516 0.890360 0.228516 0.892479 0.229248 0.894597 0.228760 0.896186 0.229004 0.896716 0.228027 0.899364 0.226807 0.897775 0.226074 0.900953 0.226318 0.902542 0.229004 0.901483 0.229736 0.899894 0.230469 0.899894 0.230957 0.900953 0.231445 0.899364 0.230957 0.898305 0.230225 0.898305 0.230469 0.896186 0.231201 0.896186 0.231445 0.897246 0.232422 0.895657 0.233154 0.895657 0.233643 0.894597 0.233887 0.895127 0.233887 0.893538 0.233398 0.893538 0.232910 0.891949
1 0.202637 0.886123 0.201416 0.888242 0.201904 0.887182 0.202393 0.887712 0.201172 0.890360 0.200684 0.889831 0.200928 0.891419 0.199951 0.894068 0.199219 0.893008 0.199463 0.892479 0.198730 0.893008 0.198975 0.894597 0.198242 0.896186 0.198242 0.897775 0.197266 0.899894 0.197266 0.900953 0.197754 0.898835 0.198975 0.897246 0.200439 0.892479 0.202637 0.888242
1 0.583984 0.884004 0.583252 0.885593 0.582520 0.885593 0.583008 0.886653 0.583008 0.889831 0.583496 0.891419 0.583984 0.891419 0.585449 0.888771 0.584473 0.886653 0.584473 0.885064
1 0.271973 0.884004 0.269531 0.885593 0.268066 0.888771 0.267578 0.894068 0.268555 0.893538 0.271240 0.888242
1 0.326172 0.883475 0.325684 0.884534 0.325684 0.887182 0.326416 0.888242 0.326172 0.888771 0.326904 0.889301 0.326660 0.890360 0.326416 0.889831 0.326660 0.891419 0.328369 0.891419 0.328857 0.890360 0.328857 0.886653 0.328125 0.886123 0.327637 0.884534
1 0.318115 0.877119 0.317871 0.878708 0.316895 0.880297 0.317139 0.880826 0.316406 0.881356 0.317383 0.883475 0.316895 0.884534 0.317139 0.885064 0.316406 0.885593 0.316406 0.886653 0.317383 0.888771 0.316650 0.889831 0.316650 0.894068 0.315674 0.896716 0.315430 0.896186 0.313721 0.898305 0.313965 0.898835 0.314209 0.898305 0.315186 0.899364 0.316650 0.895657 0.317139 0.896186 0.317627 0.895127 0.317139 0.894597 0.317871 0.893008 0.317383 0.891419 0.317871 0.889831 0.317627 0.889301 0.319824 0.886123 0.320312 0.887182 0.321045 0.887182 0.321289 0.887712 0.320557 0.888771 0.320557 0.890360 0.322021 0.890890 0.322510 0.889301 0.322021 0.884004 0.321289 0.884534 0.321045 0.881886 0.319336 0.881356 0.319092 0.878178 0.318848 0.878708
1 0.245361 0.881886 0.245605 0.884004 0.246094 0.884534 0.245605 0.885593 0.246094 0.886123 0.245117 0.887182 0.245117 0.889301 0.246094 0.886653 0.250000 0.887712 0.251465 0.886123 0.249756 0.882945 0.247559 0.882945 0.247559 0.881356 0.248047 0.880297 0.249512 0.879237 0.247803 0.876589 0.247070 0.876589 0.247559 0.878178 0.247559 0.883475 0.247070 0.884004 0.246338 0.882415
1 0.219482 0.875530 0.217285 0.879767 0.217041 0.879237 0.217285 0.879767 0.216553 0.881356 0.215820 0.881356 0.216309 0.885593 0.217773 0.882415
1 0.266113 0.875000 0.265137 0.876059 0.264893 0.875530 0.264160 0.877119 0.264160 0.879767 0.264648 0.880297 0.264404 0.883475 0.263428 0.883475 0.262695 0.881356 0.263672 0.886653 0.265137 0.881356 0.265625 0.876589 0.265381 0.876059
1 0.332520 0.872881 0.331299 0.876589 0.331787 0.880826 0.333008 0.880826 0.333984 0.882945 0.334717 0.881886 0.335205 0.878178 0.333008 0.872881
1 0.479736 0.873411 0.477539 0.872352 0.477539 0.874470 0.476318 0.877648 0.475098 0.879237 0.474121 0.879237 0.474609 0.880826 0.473877 0.881356 0.473389 0.883475 0.473877 0.885064 0.473633 0.889301 0.474365 0.889301 0.474609 0.890890 0.473633 0.891949 0.473633 0.894597 0.474121 0.894597 0.475098 0.890360 0.474609 0.888242 0.475342 0.887182 0.475586 0.888242 0.475830 0.886653 0.476074 0.888242 0.476318 0.887182 0.476074 0.885593 0.475830 0.886653 0.475342 0.886123 0.474609 0.881886 0.475342 0.880826 0.475830 0.882945 0.476562 0.884004 0.476562 0.885593 0.476562 0.881356 0.477295 0.880826 0.478027 0.882415 0.477783 0.880297 0.478516 0.877648 0.479980 0.875530
1 0.271240 0.871822 0.273438 0.875530 0.274170 0.875530 0.274414 0.876059 0.273926 0.876589 0.275635 0.876589 0.275635 0.873941 0.273682 0.874470 0.272949 0.872352 0.271973 0.872881 0.271729 0.871822
1 0.267334 0.875000 0.270752 0.878178 0.270508 0.875000 0.270020 0.874470 0.270264 0.873941 0.270020 0.874470 0.269531 0.873411 0.269775 0.871822 0.269531 0.875000 0.269043 0.875000 0.268799 0.873941 0.268311 0.876059 0.268066 0.874470
1 0.221924 0.873941 0.221924 0.876059 0.222412 0.876589 0.222168 0.877648 0.222900 0.880826 0.224365 0.877119 0.227783 0.880826 0.227051 0.882415 0.225098 0.881356 0.224121 0.881886 0.224121 0.882945 0.225830 0.881886 0.227051 0.883475 0.228516 0.881356 0.229980 0.881886 0.230713 0.879767 0.232178 0.879767 0.232422 0.880826 0.231934 0.881886 0.232666 0.881886 0.232666 0.878708 0.231689 0.874470 0.230469 0.876589 0.229980 0.879237 0.229248 0.880826 0.228760 0.880826 0.224609 0.875530 0.225098 0.871822 0.223633 0.871822 0.223633 0.875530 0.222900 0.877119 0.222412 0.876589 0.222656 0.875530
1 0.237793 0.871292 0.236328 0.872881 0.235352 0.875530 0.235840 0.874470 0.236572 0.874470 0.236816 0.876589 0.237305 0.876589 0.238037 0.873411
1 0.430908 0.868644 0.429199 0.869174 0.429199 0.873411 0.429932 0.873411
1 0.252930 0.867055 0.252686 0.869703 0.253906 0.876059 0.253662 0.875000 0.254639 0.873941 0.255127 0.870763 0.253906 0.870763 0.253906 0.872352 0.253418 0.872881 0.252930 0.871822 0.253418 0.867585
1 0.628418 0.864936 0.628662 0.871292 0.628906 0.870233 0.629883 0.870233 0.630371 0.869174 0.630371 0.867585
1 0.242432 0.864936 0.240723 0.868114 0.239502 0.872352 0.239502 0.875000 0.238525 0.877119 0.239258 0.876059 0.239990 0.872881 0.239990 0.870763 0.241211 0.868114 0.242920 0.869174
1 0.210693 0.864936 0.209473 0.864936 0.209473 0.863877 0.208984 0.863877 0.208496 0.865996 0.207031 0.865466 0.205322 0.868644 0.205811 0.870233 0.207275 0.870763 0.207520 0.868644 0.208740 0.868114 0.208984 0.867055 0.209961 0.867585
1 0.323486 0.862818 0.322998 0.864407 0.321777 0.864407 0.322754 0.865466 0.322510 0.866525 0.322021 0.866525 0.322021 0.870233 0.321533 0.870763 0.322510 0.871822 0.323975 0.871822 0.324707 0.870763 0.323975 0.867585 0.322998 0.867585 0.322510 0.866525 0.323486 0.865996 0.322998 0.865466 0.323242 0.864936 0.323975 0.864936
1 0.227051 0.862818 0.227051 0.868114 0.226562 0.868644 0.225830 0.865466 0.225830 0.866525 0.225098 0.868114 0.225586 0.868114 0.225342 0.869174 0.226318 0.868114 0.226318 0.872352 0.227539 0.873411 0.227051 0.874470 0.228760 0.876059 0.228760 0.870233 0.227539 0.866525 0.227783 0.863347
1 0.257568 0.861229 0.257568 0.865996 0.256836 0.871292 0.256836 0.884004 0.258545 0.894597 0.258545 0.896716 0.257080 0.898305 0.256836 0.896186 0.255859 0.898305 0.255859 0.899894 0.256592 0.900424 0.256348 0.899894 0.257080 0.898835 0.257568 0.900424 0.258301 0.900953 0.257812 0.902013 0.258301 0.902013 0.260010 0.899894 0.260986 0.899894 0.260986 0.898835 0.261475 0.898305 0.261719 0.900424 0.262695 0.900424 0.263184 0.901483 0.263184 0.903072 0.262695 0.904131 0.265137 0.902013 0.268799 0.903072 0.269043 0.904131 0.269531 0.903072 0.271240 0.903072 0.271240 0.902013 0.270264 0.902013 0.270264 0.899364 0.269531 0.897775 0.268555 0.897775 0.268799 0.898835 0.268066 0.899364 0.267822 0.901483 0.267090 0.901483 0.266846 0.900424 0.265625 0.899364 0.265869 0.897246 0.266113 0.898305 0.266113 0.895127 0.264404 0.893008 0.262451 0.893008 0.263428 0.897246 0.263184 0.898305 0.261719 0.898305 0.261230 0.897246 0.261475 0.896186 0.259277 0.895657 0.257812 0.887182 0.257568 0.883475 0.260498 0.878178 0.261230 0.875000 0.260498 0.877119 0.260010 0.876589 0.260254 0.876059 0.259521 0.878178 0.258789 0.877119 0.259277 0.876589 0.258545 0.875530 0.257812 0.880826 0.257080 0.880826 0.257080 0.872352 0.257568 0.871822 0.257324 0.867055 0.258057 0.865466 0.257568 0.864407
1 0.226318 0.859640 0.224365 0.861758 0.223633 0.861229 0.223633 0.863877 0.224365 0.863347 0.224854 0.864407 0.224121 0.864936 0.225342 0.864936 0.225098 0.862818 0.226318 0.861229
1 0.288818 0.860169 0.287598 0.859110 0.287354 0.861229 0.286133 0.861229 0.284912 0.863877 0.283691 0.863347 0.283691 0.864407 0.285156 0.864936 0.287842 0.862288
1 0.312988 0.859110 0.311035 0.858581 0.311523 0.859110 0.311523 0.861758 0.311035 0.862288 0.311279 0.864407 0.312256 0.862288 0.312744 0.862288 0.313232 0.860699
1 0.281006 0.858581 0.279541 0.859110 0.279541 0.861229 0.278809 0.863347 0.279785 0.864407 0.279785 0.865996 0.279297 0.866525 0.279297 0.869174 0.277344 0.873411 0.279297 0.873411 0.279541 0.875000 0.280029 0.873941 0.280762 0.873941 0.279785 0.874470 0.278809 0.872352 0.279053 0.871292 0.281250 0.869174 0.282715 0.866525 0.282227 0.864407 0.280518 0.864407 0.280029 0.863347 0.280518 0.862818 0.280029 0.861758 0.280273 0.860699 0.281006 0.860699 0.281250 0.862288 0.281982 0.862818
1 0.229004 0.856992 0.229004 0.858581 0.228516 0.858581 0.228516 0.860169 0.227783 0.861229 0.229004 0.861758 0.230713 0.869174 0.230469 0.870233 0.232178 0.872881 0.232910 0.872352 0.232910 0.868644 0.232178 0.865466 0.231445 0.864407 0.231201 0.865996 0.230469 0.865996 0.230225 0.864407 0.230957 0.863347 0.229248 0.862818 0.229492 0.861229 0.230225 0.861229 0.230469 0.858581 0.229492 0.860169
1 0.427002 0.856992 0.426270 0.856992 0.425781 0.855403 0.424316 0.856992 0.424072 0.858051 0.423340 0.856462 0.420898 0.859110 0.419922 0.861758 0.420410 0.862818 0.422119 0.862818 0.422363 0.863877 0.421875 0.864936 0.417969 0.864936 0.417480 0.862818 0.417480 0.865466 0.416992 0.865466 0.416260 0.867055 0.412842 0.867585 0.411621 0.871822 0.411133 0.871822 0.410645 0.874470 0.410645 0.879767 0.409180 0.880826 0.409668 0.880297 0.410156 0.882415 0.408691 0.882415 0.407715 0.884534 0.407471 0.887712 0.406738 0.887712 0.406494 0.888771 0.405762 0.888771 0.405518 0.888242 0.406006 0.887712 0.405273 0.887712 0.405029 0.888771 0.404297 0.888771 0.403809 0.890360 0.404297 0.891419 0.406250 0.891949 0.407471 0.890360 0.408936 0.890360 0.409912 0.888771 0.409424 0.888242 0.409912 0.886123 0.410889 0.886123 0.411377 0.884534 0.411621 0.885064 0.411377 0.884004 0.411865 0.882945 0.412109 0.883475 0.411865 0.882945 0.413330 0.877648 0.413818 0.878178 0.414307 0.876589 0.415039 0.876589 0.415039 0.875530 0.415771 0.873941 0.416016 0.875000 0.416260 0.873941 0.415771 0.873411 0.416504 0.872881 0.417236 0.870763 0.420166 0.870233 0.419922 0.869703 0.420654 0.867585 0.420898 0.868644 0.421631 0.864936 0.423584 0.864936 0.423096 0.863877 0.424561 0.860169 0.425293 0.861758 0.426514 0.860699 0.426025 0.860169 0.427002 0.858051
1 0.244873 0.855403 0.244385 0.858051 0.244385 0.860169 0.244873 0.861229 0.244629 0.862288 0.245605 0.865466 0.247559 0.869174 0.247314 0.870763 0.246582 0.870763 0.246094 0.871822 0.246582 0.872881 0.246582 0.874470 0.247314 0.871822 0.248779 0.869174 0.247314 0.868114 0.247314 0.865466 0.247803 0.864407 0.246338 0.864407 0.245850 0.863347 0.247314 0.861758 0.245850 0.859640
1 0.241211 0.854343 0.239990 0.856462 0.239746 0.858051 0.238525 0.859640 0.238281 0.862288 0.236572 0.864407 0.236084 0.865996 0.234375 0.865996 0.234131 0.864936 0.234131 0.868114 0.234375 0.868644 0.235352 0.867585 0.236816 0.864407 0.238281 0.863347 0.239014 0.861758 0.239014 0.859110
1 0.155273 0.854873 0.156006 0.854873 0.156250 0.855932 0.155762 0.856462 0.155273 0.859640 0.155518 0.859110 0.155762 0.860699 0.155029 0.861758 0.156250 0.862818 0.156494 0.861758 0.156738 0.862818 0.157715 0.859110 0.156982 0.858051 0.156250 0.854343
1 0.320557 0.853814 0.320312 0.859110 0.319824 0.860699 0.320312 0.859640 0.322021 0.859640 0.322021 0.858051 0.320801 0.856992 0.321533 0.855932
1 0.353760 0.853284 0.353271 0.853284 0.352783 0.854873 0.352539 0.854343 0.352539 0.858051 0.351807 0.861229 0.352539 0.861229 0.352783 0.858581 0.354004 0.855403
1 0.389648 0.851165 0.390381 0.854873 0.392578 0.855932 0.391846 0.851165
1 0.340820 0.849576 0.341553 0.852754 0.341309 0.855403 0.342041 0.855932 0.341797 0.860699 0.343018 0.855932 0.342529 0.854873 0.343018 0.854343 0.342041 0.853814
1 0.362061 0.848517 0.361572 0.848517 0.360352 0.851695 0.359131 0.852225 0.359131 0.855403 0.359863 0.856462 0.359863 0.858051 0.361816 0.854873
1 0.302734 0.847987 0.300781 0.848517 0.296631 0.852225 0.295166 0.855403 0.295654 0.855403 0.295898 0.854343 0.296631 0.854873 0.296631 0.853814 0.297363 0.852225 0.298584 0.852225 0.299316 0.853814 0.299316 0.854873 0.298584 0.855932 0.297119 0.855932 0.297363 0.856992 0.296875 0.858051 0.296631 0.855932 0.296387 0.856992 0.295898 0.856992 0.296875 0.858051 0.296631 0.859110 0.295166 0.858051 0.294922 0.861758 0.297607 0.857521 0.299561 0.855932
1 0.488281 0.847458 0.488281 0.849047 0.487305 0.850106 0.488281 0.851695 0.488281 0.855403 0.489258 0.856992 0.489258 0.858581 0.489746 0.859110 0.490479 0.863877 0.490967 0.860169 0.491943 0.859640 0.492188 0.858581 0.493408 0.858581 0.493408 0.856992 0.493896 0.855932 0.491211 0.855932 0.490967 0.851695 0.489746 0.851695 0.489014 0.850106 0.489014 0.848517
1 0.626953 0.846928 0.627197 0.847987 0.626465 0.850106 0.629150 0.850636 0.627686 0.846398
1 0.270264 0.846398 0.269287 0.846928 0.269531 0.851165 0.268555 0.851695 0.268311 0.853284 0.268066 0.852754 0.268066 0.853814 0.268799 0.853814 0.268311 0.855403 0.269775 0.855932 0.270264 0.852754 0.272217 0.851695 0.271973 0.850106 0.270508 0.849576 0.269775 0.847987
1 0.162109 0.846398 0.161133 0.846928 0.160889 0.848517 0.159668 0.849576 0.160156 0.851695 0.162354 0.851165 0.161865 0.850636
1 0.230713 0.845339 0.230713 0.847458 0.229736 0.850106 0.230225 0.850106 0.231201 0.852225 0.231445 0.848517
1 0.262207 0.846398 0.262207 0.847458 0.262939 0.849047 0.264648 0.848517 0.264404 0.846398 0.264893 0.845869 0.263184 0.844809
1 0.486084 0.844280 0.485352 0.845339 0.485107 0.848517 0.484375 0.846928 0.484131 0.847987 0.483887 0.846928 0.482910 0.847458 0.483398 0.848517 0.484863 0.848517 0.484863 0.852225 0.485596 0.851165 0.485596 0.849576 0.486084 0.849047
1 0.325684 0.843750 0.323242 0.847987 0.324219 0.850106 0.324951 0.846928 0.325439 0.846928 0.326172 0.848517 0.325684 0.849576 0.326172 0.850636 0.325928 0.852225 0.326904 0.852754 0.326660 0.855403 0.327148 0.856462 0.327148 0.857521 0.326660 0.858051 0.326660 0.860169 0.327881 0.856992 0.328369 0.856992 0.327881 0.855932 0.328369 0.852754 0.329346 0.853284 0.329590 0.854873 0.330322 0.854873 0.330566 0.853284 0.330078 0.851695 0.327637 0.851695 0.328125 0.851165 0.327881 0.846928 0.327637 0.847987 0.328125 0.848517 0.328125 0.850636 0.327881 0.851165 0.327637 0.850106 0.326904 0.851165 0.326416 0.850106 0.326416 0.848517 0.325439 0.846928 0.326416 0.845869 0.326416 0.844809
1 0.571533 0.843220 0.571533 0.847987 0.571777 0.849047 0.572998 0.849576 0.573242 0.848517 0.572754 0.845339 0.572021 0.843220
1 0.431641 0.842161 0.431152 0.842161 0.430908 0.843220 0.429932 0.843220 0.429199 0.845339 0.428223 0.845869 0.428223 0.847987 0.429199 0.850106 0.429932 0.849047 0.430664 0.851165 0.431152 0.851165 0.431885 0.850106 0.430908 0.847987 0.431396 0.846928 0.432373 0.846398 0.432617 0.847458 0.432861 0.846398 0.433105 0.847458 0.433105 0.846398 0.432617 0.846398 0.432373 0.845339 0.430664 0.844809 0.431641 0.843220
1 0.463379 0.846928 0.464111 0.846928 0.464355 0.845339 0.465576 0.845339 0.467041 0.843750 0.467285 0.842691 0.465820 0.842161 0.465576 0.843220 0.464844 0.843220 0.464600 0.841631 0.464111 0.841631 0.464600 0.842691 0.464355 0.845339
1 0.266602 0.841102 0.266113 0.842161 0.266113 0.844280 0.266846 0.845869 0.267334 0.845869 0.267822 0.844280 0.267334 0.843750 0.267334 0.841631
1 0.578125 0.840042 0.576416 0.841102 0.576172 0.842161 0.576416 0.843750 0.575928 0.845869 0.576416 0.845339 0.576660 0.846398 0.576172 0.847458 0.575439 0.847458 0.575928 0.850636 0.575684 0.851695 0.576172 0.849576 0.577881 0.846928 0.577393 0.843750
1 0.425293 0.840042 0.422363 0.846928 0.422852 0.850106 0.422363 0.850636 0.422363 0.852225 0.422363 0.851165 0.424072 0.847987 0.422852 0.846928 0.423340 0.844280 0.423828 0.845339 0.424805 0.843220 0.425293 0.843220
1 0.236328 0.840042 0.236328 0.841102 0.235840 0.841631 0.236084 0.842161 0.234619 0.845339 0.233887 0.843750 0.232910 0.844280 0.235352 0.846928 0.235840 0.846398 0.235840 0.844809 0.236816 0.843220
1 0.344238 0.841631 0.342529 0.839513 0.340088 0.839513 0.339111 0.840572 0.340576 0.840572 0.340576 0.842691 0.339844 0.844280 0.339355 0.844280 0.339111 0.843220 0.337891 0.843220 0.337402 0.844280 0.337891 0.845869 0.337158 0.846928 0.338867 0.844809 0.341797 0.844280
1 0.241943 0.839513 0.241211 0.840572 0.241699 0.841102 0.241211 0.841631 0.242188 0.842691 0.242188 0.845339 0.241699 0.846928 0.241943 0.849576 0.242676 0.849576 0.242432 0.850636 0.243164 0.847987 0.244629 0.846928 0.244385 0.845339 0.243652 0.846928 0.242432 0.846398 0.243652 0.843220 0.242188 0.841102
1 0.280273 0.838453 0.280029 0.839513 0.279297 0.839513 0.279785 0.842691 0.279297 0.843220 0.278809 0.842161 0.278809 0.843750 0.278320 0.844809 0.279297 0.846928 0.279785 0.846398 0.280762 0.847458 0.281494 0.849576 0.281738 0.853284 0.282471 0.853284 0.281494 0.851165 0.282227 0.849576 0.281494 0.849576 0.281006 0.848517 0.281494 0.847987 0.280029 0.844280 0.280273 0.842691 0.281494 0.842161 0.281006 0.841631 0.281738 0.841102 0.280762 0.838453
1 0.601074 0.837924 0.601318 0.840042 0.602295 0.841631 0.603027 0.846398 0.603027 0.841102 0.602539 0.839513
1 0.494141 0.837924 0.493408 0.843220 0.492432 0.843750 0.491211 0.842691 0.490967 0.843750 0.490723 0.843220 0.490723 0.844809 0.491455 0.845339 0.492676 0.847987 0.492676 0.849047 0.493408 0.849047 0.493652 0.851165 0.494629 0.853284 0.495361 0.852225 0.496094 0.853814 0.496094 0.856462 0.497070 0.857521 0.497070 0.854873 0.496338 0.854873 0.496826 0.853814 0.495850 0.851695 0.495850 0.849576 0.494873 0.847987 0.493408 0.847987 0.492920 0.846398 0.493164 0.844280 0.494141 0.844280 0.494141 0.845339 0.494629 0.845339 0.494629 0.837924
1 0.328369 0.837924 0.327148 0.840572 0.326660 0.843220 0.328369 0.840572 0.330566 0.841102 0.330811 0.845869 0.329834 0.846928 0.331055 0.847458 0.330566 0.848517 0.331055 0.849576 0.331299 0.853284 0.332031 0.854343 0.332764 0.857521 0.333740 0.857521 0.334229 0.855403 0.335205 0.855403 0.335205 0.846928 0.334717 0.846398 0.333984 0.847987 0.333984 0.850106 0.333496 0.850636 0.333740 0.855932 0.333252 0.856992 0.332275 0.855403 0.332275 0.854343 0.333008 0.852754 0.332275 0.853814 0.331543 0.852754 0.333008 0.850106 0.332764 0.848517 0.332031 0.847987 0.332031 0.846398 0.333252 0.842691 0.333252 0.839513 0.331787 0.838453 0.331787 0.837394 0.330811 0.837394 0.330322 0.838453
1 0.271484 0.836335 0.269775 0.836864 0.269287 0.840042 0.270996 0.840042 0.271484 0.838453
1 0.498535 0.837924 0.498047 0.839513 0.498047 0.841631 0.497559 0.842161 0.497559 0.845869 0.499756 0.845869 0.500000 0.847987 0.498047 0.848517 0.497803 0.849576 0.497070 0.849576 0.497070 0.851165 0.498047 0.851165 0.498291 0.850106 0.499023 0.851695 0.499023 0.854343 0.498535 0.854343 0.499023 0.855403 0.499756 0.854343 0.500732 0.856462 0.500977 0.865466 0.501221 0.865996 0.500977 0.864936 0.502197 0.863877 0.502441 0.865996 0.501953 0.867055 0.502441 0.867585 0.502441 0.869174 0.502930 0.870233 0.503662 0.869174 0.504395 0.870763 0.503906 0.871822 0.505127 0.872352 0.505371 0.874470 0.506104 0.873411 0.507324 0.875530 0.507812 0.872881 0.508545 0.873941 0.508301 0.877648 0.509766 0.877648 0.509521 0.877119 0.510010 0.876059 0.510010 0.874470 0.508545 0.873411 0.507812 0.869174 0.507324 0.868644 0.507812 0.867055 0.507324 0.861758 0.508301 0.861758 0.508057 0.862288 0.507568 0.861229 0.507812 0.860169 0.507324 0.860169 0.506104 0.857521 0.506592 0.854873 0.507568 0.855403 0.507324 0.845339 0.508301 0.842691 0.508301 0.838983 0.507568 0.841631 0.507080 0.841102 0.505859 0.842161 0.505615 0.843220 0.504883 0.843220 0.503662 0.840572 0.503662 0.839513 0.504395 0.838453 0.503906 0.837394 0.502441 0.837924 0.502197 0.835805 0.501465 0.835805 0.501465 0.837394 0.500488 0.837924 0.501465 0.839513 0.500000 0.840042 0.499756 0.842161 0.499268 0.841102 0.498047 0.840572
1 0.351318 0.836864 0.351562 0.839513 0.353516 0.840042 0.352051 0.835805
1 0.446045 0.840572 0.444580 0.836864 0.443848 0.836335 0.444092 0.835805 0.443604 0.835805 0.443604 0.834746 0.442871 0.834746 0.442627 0.835805 0.441895 0.835805 0.442383 0.836864 0.442139 0.837394 0.441406 0.836864 0.441650 0.837394 0.440918 0.838983 0.440430 0.838983 0.439697 0.841102 0.438477 0.841102 0.437500 0.838983 0.437012 0.840572 0.437988 0.840572 0.438232 0.842691 0.436768 0.845339 0.435791 0.845339 0.435303 0.844280 0.435059 0.846398 0.435547 0.845869 0.436523 0.848517 0.437744 0.848517 0.439453 0.846928 0.438721 0.845339 0.440430 0.840572 0.441650 0.840572 0.442383 0.841631 0.443359 0.841631 0.444580 0.840042
1 0.349854 0.834746 0.349365 0.833686 0.347900 0.834746 0.346436 0.837924 0.345703 0.841102 0.347900 0.838453
1 0.295654 0.831038 0.295654 0.832627 0.294922 0.832627 0.292480 0.835805 0.291992 0.840042 0.292969 0.844809 0.292969 0.846928 0.292236 0.852754 0.293213 0.850106 0.292725 0.843750 0.294189 0.843750 0.293945 0.841631 0.292969 0.839513 0.292969 0.837924 0.293701 0.836864 0.295166 0.836864 0.294678 0.836335 0.295166 0.835275 0.296875 0.833686 0.297363 0.834746 0.296875 0.835805 0.297852 0.834216
1 0.334717 0.829979 0.333008 0.832097 0.333008 0.837394 0.334229 0.836864 0.333740 0.834216 0.334473 0.832627 0.334717 0.833157
1 0.246582 0.829449 0.243652 0.829449 0.244385 0.830508 0.243896 0.834746 0.244873 0.835275 0.245361 0.833157 0.246094 0.833157 0.245850 0.832627 0.246582 0.831568
1 0.384766 0.827860 0.384521 0.826801 0.383789 0.826801 0.382568 0.829449 0.380127 0.828919 0.378418 0.830508 0.377197 0.833157 0.377930 0.834216 0.379150 0.834216 0.379639 0.833157 0.379639 0.831568 0.380615 0.829979 0.382080 0.830508 0.382324 0.833157 0.382812 0.833157 0.383057 0.831038
1 0.369385 0.824682 0.368652 0.825742 0.368164 0.825212 0.368408 0.824682 0.367676 0.825742 0.367676 0.832097 0.368164 0.835275 0.367188 0.835805 0.366699 0.834746 0.365967 0.834746 0.364746 0.836864 0.364014 0.833686 0.364502 0.837394 0.365479 0.836335 0.369385 0.836335 0.368408 0.834216 0.368408 0.832627 0.369141 0.832627 0.368896 0.831568 0.369385 0.830508 0.369141 0.831038 0.368896 0.829449 0.369629 0.829449 0.368164 0.828390 0.368164 0.827331
1 0.321045 0.824682 0.319336 0.824153 0.317871 0.825742 0.316650 0.829449 0.317139 0.830508 0.318848 0.827331 0.319336 0.827860 0.320068 0.826271 0.320312 0.826801
1 0.496094 0.822034 0.495605 0.823623 0.496582 0.825742 0.496826 0.829979 0.497803 0.829449 0.498291 0.826271 0.497803 0.825212 0.497070 0.825212
1 0.439697 0.825212 0.438965 0.825212 0.438721 0.824153 0.437500 0.824153 0.437500 0.825742 0.437012 0.826271 0.436279 0.824682 0.436768 0.823623 0.436279 0.822034 0.435791 0.822034 0.435303 0.825742 0.436035 0.826271 0.436035 0.827860 0.435547 0.828919 0.435059 0.828390 0.435303 0.827860 0.434570 0.828390 0.433838 0.830508 0.433838 0.832097 0.434326 0.832097 0.435059 0.834746 0.434082 0.835805 0.432861 0.838983 0.432129 0.837394 0.430176 0.836864 0.429688 0.838983 0.432373 0.838453 0.432617 0.840572 0.433594 0.840572 0.433594 0.842161 0.432617 0.843220 0.433350 0.844809 0.433594 0.842161 0.434814 0.842691 0.433838 0.841631 0.434082 0.840572 0.434814 0.840572 0.434326 0.839513 0.435303 0.837924 0.435547 0.838983 0.435791 0.837924 0.436035 0.838983 0.436523 0.837394 0.437256 0.837394 0.437256 0.834746 0.437988 0.833157 0.438965 0.835275 0.439697 0.834216 0.440430 0.835805 0.440674 0.834746 0.441162 0.835805 0.441162 0.832627 0.440430 0.832627 0.439697 0.834216 0.438232 0.832627 0.439209 0.828390 0.440186 0.827860 0.439697 0.826801
1 0.389648 0.822034 0.388672 0.822564 0.388184 0.821504 0.385498 0.827331 0.385498 0.830508 0.386719 0.829449 0.385986 0.827860 0.386963 0.824153 0.389160 0.824153
1 0.422119 0.826801 0.423340 0.826801 0.424805 0.824682 0.426514 0.824682 0.426514 0.822034 0.424561 0.823093 0.423340 0.820975 0.422607 0.822034 0.422852 0.824153 0.422119 0.825742
1 0.183594 0.827860 0.183594 0.828919 0.183838 0.827860 0.184814 0.829979 0.184326 0.830508 0.185059 0.831568 0.185547 0.834216 0.187256 0.835805 0.187988 0.832627 0.188232 0.833686 0.188477 0.833157 0.187988 0.832627 0.188477 0.831568 0.188721 0.832097 0.187988 0.829979 0.190186 0.826801 0.192139 0.825742 0.194336 0.826801 0.194824 0.828390 0.194336 0.828390 0.194092 0.829979 0.192383 0.830508 0.192383 0.831568 0.193115 0.831568 0.193115 0.832627 0.194336 0.833686 0.193848 0.839513 0.191895 0.841102 0.191162 0.842691 0.188477 0.842161 0.187744 0.843220 0.186279 0.840572 0.186035 0.841102 0.186523 0.842691 0.185547 0.844280 0.185547 0.846928 0.186035 0.847458 0.186035 0.849047 0.186768 0.845869 0.187256 0.846928 0.186768 0.848517 0.187012 0.851165 0.187744 0.848517 0.189941 0.849047 0.191406 0.846398 0.195068 0.845869 0.195312 0.846928 0.194824 0.847458 0.196777 0.850636 0.196777 0.855403 0.197021 0.855932 0.197998 0.854873 0.198242 0.852225 0.197021 0.851695 0.197510 0.847987 0.197266 0.844809 0.198975 0.842161 0.197266 0.841102 0.197754 0.840572 0.197510 0.837924 0.197998 0.836864 0.197266 0.834216 0.197021 0.834746 0.196533 0.833686 0.196533 0.831568 0.197754 0.829449 0.197754 0.827331 0.197266 0.825742 0.196533 0.825742 0.196777 0.824153 0.196289 0.823093 0.196045 0.819915 0.194580 0.820975 0.192627 0.819915 0.191162 0.821504 0.189209 0.826801 0.187256 0.828919 0.187256 0.831568 0.185547 0.827860 0.185303 0.828919 0.185059 0.827860 0.184814 0.828919 0.184326 0.827331
1 0.435303 0.820975 0.434326 0.818856 0.433594 0.818856 0.433350 0.819915 0.431152 0.820445 0.430908 0.821504 0.429688 0.822564 0.429443 0.824153 0.429932 0.825212 0.431396 0.823623 0.432617 0.825212 0.432129 0.826801 0.433105 0.826801 0.433838 0.825212 0.434814 0.824682 0.434814 0.823093 0.434326 0.822034
1 0.257080 0.826801 0.256104 0.825212 0.255615 0.826271 0.254639 0.825742 0.254639 0.823623 0.253662 0.822034 0.253906 0.819386 0.252930 0.818856 0.251953 0.821504 0.252686 0.822034 0.252197 0.824153 0.251465 0.822034 0.250488 0.822034 0.250244 0.823093 0.250000 0.822034 0.249023 0.822034 0.248291 0.819915 0.247803 0.820975 0.247070 0.819915 0.246582 0.822564 0.245850 0.824153 0.244629 0.824153 0.244385 0.825742 0.247559 0.825742 0.248047 0.827331 0.248779 0.827331 0.249268 0.825742 0.249512 0.826271 0.250000 0.825212 0.252197 0.824682 0.252930 0.825742 0.254150 0.831038 0.255371 0.830508 0.254395 0.829979 0.255371 0.828919 0.255859 0.829449 0.255615 0.828390
1 0.223389 0.824153 0.225098 0.825212 0.225830 0.824153 0.226807 0.825212 0.228027 0.825212 0.229004 0.822564 0.226562 0.823093 0.226318 0.822564 0.227295 0.821504 0.227295 0.819915 0.226074 0.819915 0.225098 0.818856 0.224121 0.819915 0.224609 0.820975
1 0.508789 0.818856 0.509277 0.820975 0.510010 0.822034 0.510986 0.822034 0.510742 0.821504 0.511230 0.819386 0.510498 0.819915 0.509277 0.818326
1 0.415527 0.826271 0.415039 0.819386 0.415283 0.818326 0.414795 0.819915 0.412598 0.822564 0.409912 0.823093 0.413330 0.827860 0.414307 0.827860
1 0.318115 0.818326 0.318604 0.820975 0.320557 0.820975 0.320557 0.822034 0.321045 0.821504 0.321777 0.822564 0.322510 0.820445 0.321289 0.817797 0.318848 0.818856
1 0.257568 0.816737 0.256348 0.818856 0.256348 0.821504 0.257080 0.821504 0.257080 0.822564 0.258301 0.820445 0.258057 0.817797
1 0.722412 0.819386 0.721436 0.816208 0.719238 0.818326 0.719727 0.820445 0.722168 0.820445
1 0.543701 0.816208 0.543945 0.820445 0.544922 0.820975 0.544189 0.822034 0.544434 0.824153 0.544678 0.823623 0.547363 0.825742 0.548828 0.825212 0.548584 0.825742 0.548340 0.824682 0.545654 0.822564 0.545410 0.820975 0.544434 0.819386 0.543945 0.815678
1 0.547119 0.815148 0.546143 0.819915 0.546875 0.819386 0.547607 0.820445 0.548584 0.820445 0.548828 0.818856 0.548340 0.816208
1 0.328125 0.815148 0.325928 0.815678 0.324463 0.817267 0.322998 0.821504 0.323486 0.821504 0.323730 0.820445 0.324463 0.821504 0.326660 0.819915
1 0.390869 0.814619 0.390137 0.814619 0.389404 0.817267 0.389648 0.820445 0.390137 0.820975 0.390137 0.818326 0.391113 0.816208 0.391846 0.817797 0.391602 0.815678
1 0.177246 0.814619 0.176514 0.816208 0.176025 0.815148 0.176270 0.816208 0.175781 0.816208 0.175781 0.817267 0.175293 0.816737 0.175293 0.817797 0.174316 0.817797 0.174805 0.823093 0.175537 0.823093 0.177246 0.819915 0.177979 0.816737 0.177490 0.817797 0.177002 0.817267 0.177490 0.815678
1 0.379883 0.813559 0.378906 0.813559 0.378906 0.816208 0.379395 0.815148 0.379883 0.815678 0.379639 0.818856 0.378418 0.819386 0.377930 0.817797 0.377197 0.817267 0.377441 0.818856 0.378906 0.820445 0.379150 0.821504 0.380127 0.820975 0.380371 0.815148
1 0.184570 0.816208 0.184814 0.815678 0.185059 0.816737 0.186035 0.814619 0.187256 0.814089 0.187744 0.815148 0.188232 0.814089 0.185059 0.812500 0.185059 0.814619
1 0.395020 0.811970 0.396729 0.815678 0.396240 0.816737 0.397705 0.815148 0.397705 0.814089 0.396973 0.812500
1 0.213135 0.812500 0.212158 0.811970 0.210693 0.814089 0.210938 0.815148 0.211914 0.815678 0.213135 0.814089
1 0.572998 0.810911 0.572510 0.811441 0.572510 0.813559 0.571533 0.814619 0.571777 0.815678 0.571289 0.816208 0.571289 0.817267 0.570312 0.818326 0.570557 0.819915 0.570801 0.819386 0.571777 0.820975 0.571777 0.822564 0.571289 0.823093 0.571289 0.825212 0.571777 0.826271 0.572510 0.825212 0.573730 0.825212 0.576172 0.817797 0.573730 0.821504 0.573242 0.821504 0.572754 0.823623 0.572266 0.823623 0.571533 0.822034 0.572510 0.820445 0.572266 0.819915 0.572754 0.818856 0.572754 0.817267 0.574219 0.813559
1 0.231201 0.810381 0.230469 0.810381 0.230225 0.811970 0.229492 0.813030 0.228760 0.812500 0.229004 0.813030 0.228027 0.814089 0.228271 0.814619 0.227539 0.817267 0.229248 0.815678 0.230469 0.815678 0.231689 0.812500 0.230957 0.811441
1 0.482422 0.808263 0.481934 0.809852 0.483398 0.812500 0.483398 0.813559 0.484375 0.813559 0.484619 0.810911 0.482910 0.809852
1 0.241943 0.808263 0.241455 0.815678 0.242920 0.812500 0.242432 0.808792
1 0.702637 0.807203 0.701660 0.807733 0.701416 0.811970 0.701172 0.810381 0.700439 0.810911 0.700439 0.816208 0.699951 0.817267 0.700439 0.816737 0.700684 0.817797 0.700195 0.818326 0.701172 0.819915 0.702881 0.818326 0.702881 0.817267 0.701904 0.815148 0.702393 0.814089 0.701660 0.813030 0.701904 0.810381 0.703613 0.810381 0.703613 0.809322
1 0.379639 0.810911 0.380127 0.810911 0.380371 0.809852 0.381104 0.809852 0.381592 0.810911 0.384033 0.809852 0.383301 0.807733 0.381592 0.807203 0.381592 0.808263 0.380859 0.807733 0.381348 0.808263 0.381104 0.809322 0.380371 0.809322
1 0.549805 0.806674 0.549316 0.807733 0.549072 0.810911 0.550293 0.814619 0.549805 0.810381 0.550537 0.809322 0.550781 0.807733
1 0.183838 0.806674 0.184326 0.808792 0.184082 0.809852 0.184570 0.810911 0.185547 0.810911 0.186279 0.809852 0.185547 0.806674 0.185303 0.807733 0.184814 0.806674
1 0.239014 0.815148 0.238525 0.814089 0.238037 0.815148 0.237305 0.813559 0.236328 0.813030 0.236572 0.811441 0.236816 0.812500 0.236816 0.810911 0.237305 0.809852 0.236816 0.807733 0.236328 0.807733 0.236816 0.805614 0.236328 0.806674 0.234619 0.806674 0.235596 0.809852 0.235107 0.810911 0.234375 0.808792 0.233887 0.808792 0.233643 0.809852 0.233398 0.808792 0.231689 0.810911 0.232666 0.810911 0.233398 0.809852 0.234131 0.810911 0.234375 0.810381 0.235352 0.812500 0.235352 0.815148 0.236572 0.817797
1 0.324951 0.809322 0.323486 0.807733 0.323242 0.810381 0.322754 0.811441 0.321777 0.810381 0.320068 0.811441 0.319336 0.806144 0.317871 0.805085 0.316895 0.806674 0.317383 0.807733 0.316650 0.809322 0.315918 0.809322 0.315674 0.810381 0.315186 0.809852 0.315186 0.808792 0.314209 0.809322 0.312744 0.813030 0.312012 0.819386 0.312744 0.821504 0.312256 0.822034 0.312500 0.822564 0.312988 0.821504 0.312744 0.820975 0.314453 0.817797 0.315430 0.813030 0.316162 0.811970 0.318359 0.815148 0.318115 0.810911 0.318848 0.810381 0.320068 0.811441 0.320312 0.813559 0.322021 0.813030 0.322998 0.815148 0.323486 0.813030 0.323486 0.810381
1 0.287598 0.805085 0.286133 0.805085 0.286133 0.806674 0.285400 0.807733 0.285156 0.806144 0.284668 0.806144 0.284424 0.809852 0.285889 0.808792
1 0.330078 0.805085 0.329590 0.804555 0.329834 0.804025 0.328369 0.804555 0.326904 0.806674 0.327881 0.808792 0.329590 0.808792 0.329346 0.806144
1 0.205566 0.805614 0.205078 0.805085 0.205322 0.804555 0.204346 0.804025 0.204102 0.805085 0.202881 0.805085 0.202637 0.806144 0.204102 0.807733
1 0.433594 0.804025 0.434326 0.805614 0.434326 0.806674 0.434326 0.805614 0.435303 0.806674 0.434814 0.807733 0.436279 0.807733 0.436279 0.806144 0.435303 0.802966 0.434570 0.804025
1 0.250000 0.802966 0.250488 0.805085 0.250000 0.806144 0.251221 0.807733 0.251221 0.806674 0.252686 0.806674 0.252930 0.808263 0.254395 0.807203 0.252197 0.803496
1 0.439697 0.813030 0.443604 0.813030 0.447266 0.815678 0.449463 0.814619 0.452393 0.817267 0.453125 0.819386 0.451904 0.820975 0.449219 0.819915 0.450195 0.822034 0.449219 0.824153 0.450195 0.826801 0.448730 0.831038 0.451660 0.833157 0.451172 0.834216 0.452881 0.833157 0.453125 0.831038 0.461182 0.833157 0.464600 0.828919 0.466797 0.835275 0.468506 0.835275 0.468506 0.832627 0.469971 0.832097 0.468506 0.829449 0.470947 0.826801 0.472900 0.829449 0.472656 0.839513 0.474854 0.840572 0.476318 0.843750 0.476318 0.841102 0.474854 0.840572 0.475098 0.838453 0.479248 0.838453 0.476562 0.832627 0.475830 0.828919 0.476318 0.825212 0.475830 0.830508 0.472900 0.829979 0.473145 0.825212 0.472168 0.824153 0.473633 0.822564 0.472900 0.820445 0.470215 0.822564 0.472168 0.823623 0.470459 0.826271 0.469482 0.822034 0.465576 0.823623 0.464600 0.819915 0.464355 0.823093 0.461914 0.824153 0.461914 0.820445 0.462891 0.819386 0.462402 0.816737 0.460693 0.824153 0.457031 0.824153 0.455322 0.818856 0.453613 0.818326 0.453369 0.815678 0.455811 0.809852 0.457275 0.811441 0.458740 0.806144 0.456543 0.808263 0.455566 0.805614 0.453369 0.811441 0.452881 0.808263 0.454346 0.805614 0.453369 0.801907 0.453125 0.804025 0.454102 0.804025 0.452881 0.807203 0.450195 0.808263 0.449951 0.811441 0.448242 0.810381 0.447754 0.812500 0.446533 0.810911 0.448975 0.808263 0.448975 0.804555 0.449463 0.807203 0.448975 0.801377 0.448486 0.806674 0.447021 0.808792 0.446045 0.808263 0.445312 0.803496 0.444092 0.807733 0.441650 0.808263
1 0.248535 0.801377 0.246582 0.801377 0.246094 0.802436 0.246094 0.801377 0.245605 0.800847 0.245605 0.802436 0.244385 0.805085 0.243652 0.805085 0.242432 0.802436 0.241699 0.803496 0.241943 0.805614 0.243408 0.805085 0.244385 0.805614 0.244629 0.806674 0.245361 0.806674 0.245605 0.807733 0.244629 0.808263 0.244141 0.809322 0.244385 0.810381 0.247559 0.805085 0.247070 0.805085 0.247070 0.804025 0.248047 0.804025 0.248047 0.805085 0.248779 0.804555 0.248291 0.804025
1 0.684570 0.801377 0.684570 0.802436 0.685791 0.802436 0.686035 0.803496 0.686523 0.802966 0.687500 0.805085 0.687012 0.806674 0.687012 0.809852 0.687500 0.805614 0.689209 0.805085 0.687744 0.802436 0.688232 0.800318
1 0.739014 0.799788 0.739746 0.804555 0.740967 0.803496 0.744629 0.804025 0.745117 0.802436 0.745605 0.802436 0.743896 0.799788 0.742920 0.802966 0.742188 0.802966 0.741943 0.801907 0.740234 0.801907
1 0.162598 0.799258 0.160889 0.801907 0.160645 0.801377 0.158936 0.803496 0.158936 0.804555 0.160889 0.804555
1 0.439453 0.798729 0.438477 0.799788 0.438721 0.804025 0.437744 0.806144 0.437744 0.807203 0.438232 0.807733 0.441406 0.803496 0.441406 0.802436
1 0.268311 0.805085 0.269287 0.804555 0.269287 0.803496 0.270020 0.802436 0.271484 0.804025 0.271484 0.806674 0.272461 0.808263 0.272461 0.809852 0.277100 0.809322 0.277344 0.809852 0.276611 0.810381 0.277588 0.811441 0.279297 0.810911 0.279541 0.810381 0.278564 0.810381 0.279785 0.808792 0.281982 0.808792 0.281006 0.806144 0.278564 0.804025 0.276123 0.805085 0.274658 0.807733 0.272705 0.806674 0.272217 0.804555 0.270996 0.802966 0.272949 0.798199 0.271729 0.798199 0.269775 0.800318
1 0.207520 0.796610 0.206787 0.798729 0.205078 0.798199 0.204590 0.799258 0.204590 0.801377 0.205566 0.801907 0.206055 0.800318 0.206787 0.800318 0.206787 0.798729 0.207520 0.798199
1 0.250244 0.796610 0.251953 0.797140 0.253906 0.796081 0.254150 0.794492 0.251953 0.794492
1 0.476074 0.792373 0.476074 0.793962 0.474854 0.796610 0.475098 0.798199 0.476074 0.799788 0.476074 0.802436 0.475342 0.804025 0.474609 0.802966 0.474365 0.807203 0.476074 0.810381 0.476562 0.812500 0.477539 0.812500 0.477539 0.817797 0.477051 0.819386 0.477051 0.821504 0.478027 0.822564 0.477539 0.823093 0.477539 0.824682 0.479492 0.828390 0.479248 0.830508 0.478271 0.828390 0.478027 0.828919 0.479004 0.830508 0.479004 0.832097 0.479980 0.831038 0.479492 0.830508 0.479980 0.829979 0.478760 0.826271 0.479248 0.825742 0.480469 0.828390 0.480469 0.831038 0.481201 0.832097 0.481934 0.829979 0.482666 0.829979 0.482666 0.828390 0.482178 0.827860 0.482178 0.825212 0.481445 0.825212 0.479736 0.821504 0.479980 0.820445 0.480957 0.821504 0.481201 0.820975 0.480225 0.820445 0.480225 0.814619 0.479736 0.815148 0.479492 0.813559 0.479248 0.814089 0.478760 0.812500 0.479248 0.811970 0.479248 0.810381 0.478760 0.809322 0.477539 0.808792 0.476807 0.806674 0.477539 0.804025 0.477051 0.804025 0.476807 0.805085 0.476318 0.804555 0.476318 0.802966 0.477295 0.802436 0.477295 0.798729 0.476562 0.797140 0.476318 0.799788 0.475342 0.798199 0.475342 0.796610 0.475830 0.796081 0.475586 0.795021 0.476318 0.793962
1 0.261230 0.793962 0.260010 0.793962 0.259766 0.792373 0.259033 0.793432 0.258301 0.792373 0.257812 0.793432 0.257812 0.796081 0.257324 0.797140 0.257812 0.801377 0.259766 0.800847 0.260498 0.797669 0.260986 0.797140 0.260254 0.795551 0.260254 0.793962
1 0.230469 0.791843 0.229980 0.791314 0.229736 0.792373 0.227051 0.792373 0.226807 0.793432 0.224365 0.795551 0.223633 0.797140 0.221680 0.794492 0.221680 0.795551 0.220215 0.796610 0.219971 0.798199 0.220459 0.798729 0.220215 0.799788 0.221680 0.802966 0.222412 0.801377 0.223389 0.802436 0.223877 0.801907 0.224609 0.804555 0.225098 0.802436 0.224609 0.801907 0.224854 0.799788 0.224365 0.798729 0.226318 0.798199 0.226807 0.799258 0.228271 0.799258 0.228760 0.797669 0.228027 0.797669 0.227783 0.796610 0.228760 0.795551 0.229004 0.796610 0.229248 0.793432 0.229980 0.791843
1 0.530273 0.790254 0.530273 0.793962 0.530762 0.795021 0.531250 0.793962 0.532471 0.793962 0.532715 0.795021 0.533447 0.795021 0.534668 0.792903 0.535889 0.795021 0.536865 0.795021 0.536377 0.791843 0.535889 0.791843 0.535156 0.793432 0.532959 0.789195 0.530762 0.789195
1 0.323975 0.789725 0.323486 0.789195 0.322510 0.790254 0.321777 0.793432 0.320068 0.795551 0.319824 0.798199 0.320068 0.798729 0.321045 0.796081 0.324219 0.795551 0.323975 0.793962 0.322754 0.792903
1 0.162109 0.789195 0.163086 0.790254 0.163330 0.789725 0.164062 0.791314 0.163574 0.792373 0.164795 0.791314 0.166748 0.791314 0.167236 0.793432 0.166992 0.793962 0.167725 0.792903 0.167480 0.791314 0.166748 0.790254 0.166748 0.791314 0.165283 0.791314 0.164307 0.789195
1 0.619141 0.789195 0.619385 0.789725 0.618896 0.790254 0.620117 0.793962 0.621338 0.793962 0.622070 0.792373 0.621582 0.788136 0.620117 0.788136
1 0.515625 0.786017 0.515381 0.787076 0.517090 0.790784 0.516846 0.791314 0.518066 0.793962 0.518555 0.792903 0.518555 0.790784 0.517578 0.789195 0.517578 0.788136
1 0.330322 0.790254 0.327148 0.791314 0.326904 0.785487 0.325439 0.788136 0.324951 0.790784 0.325195 0.793432 0.325928 0.794492 0.322998 0.798199 0.322021 0.801377 0.319336 0.800847 0.318848 0.799788 0.318848 0.797669 0.317383 0.799788 0.316650 0.799788 0.315430 0.797669 0.315918 0.796081 0.315674 0.795551 0.314697 0.798729 0.310059 0.804025 0.310791 0.805085 0.309326 0.807733 0.310059 0.808263 0.311035 0.806674 0.312256 0.806674 0.312500 0.809852 0.312012 0.810381 0.312012 0.812500 0.313477 0.808792 0.315186 0.806674 0.314453 0.806144 0.314941 0.804555 0.317383 0.804555 0.318848 0.800847 0.321533 0.801907 0.322021 0.802966 0.321777 0.804025 0.322510 0.802436 0.323730 0.805614 0.324219 0.804555 0.326172 0.805085 0.326416 0.804555 0.324707 0.804555 0.323486 0.803496 0.323242 0.801907 0.324707 0.798199 0.325195 0.798199 0.326172 0.800847 0.328125 0.801907 0.327637 0.798199 0.326416 0.795551 0.328125 0.794492
1 0.744141 0.790254 0.744873 0.790784 0.745361 0.788665 0.747803 0.787606 0.746338 0.784958 0.745117 0.784958 0.744629 0.786017 0.744629 0.787606 0.744141 0.788136
1 0.492432 0.783369 0.492188 0.786017 0.492676 0.788136 0.491211 0.795021 0.493408 0.799788 0.494873 0.800318 0.495605 0.797140 0.493896 0.798199 0.493164 0.797140 0.493164 0.796081 0.492920 0.796610 0.492432 0.795551 0.493164 0.793962 0.493164 0.790784 0.495117 0.790784 0.494873 0.787076 0.493652 0.783898 0.493408 0.784428 0.493164 0.783369
1 0.504639 0.782309 0.504150 0.783369 0.503418 0.782309 0.503174 0.782839 0.503174 0.793962 0.504150 0.797140 0.504395 0.792903 0.503418 0.789725 0.503906 0.788665 0.504395 0.789195 0.504639 0.786547 0.505859 0.784428 0.506104 0.782839
1 0.241455 0.783898 0.240479 0.782309 0.238770 0.782839 0.238281 0.783898 0.238281 0.788136 0.239014 0.787606 0.239746 0.788665 0.239746 0.786547 0.240234 0.785487 0.241211 0.785487
1 0.686279 0.781780 0.685547 0.781780 0.684814 0.785487 0.684082 0.787076 0.681641 0.789725 0.680908 0.792903 0.679932 0.792903 0.679199 0.793962 0.679199 0.795551 0.680176 0.798199 0.680908 0.798729 0.682129 0.795021 0.681885 0.793962 0.682617 0.792373 0.683594 0.791843 0.684326 0.788665 0.686035 0.787076 0.687256 0.788136 0.687744 0.787076
1 0.709229 0.780191 0.705566 0.780191 0.704834 0.781780 0.704834 0.782839 0.705322 0.783898 0.706543 0.783898
1 0.475098 0.779661 0.475586 0.780720 0.475586 0.782309 0.476562 0.783898 0.477051 0.783898 0.478027 0.781780 0.478271 0.782309 0.478027 0.781250 0.477783 0.782309 0.477051 0.780720 0.476562 0.781780 0.476318 0.779661
1 0.268066 0.784958 0.270752 0.783898 0.272949 0.781250 0.273682 0.781250 0.273926 0.780191 0.274414 0.781250 0.274170 0.781780 0.276367 0.781780 0.275879 0.780191 0.275879 0.781250 0.275391 0.781780 0.274658 0.780191 0.270996 0.779661 0.269775 0.780191 0.269287 0.781780 0.268066 0.781780
1 0.730713 0.776483 0.730469 0.779661 0.730957 0.781250 0.731689 0.781250 0.732422 0.783898 0.736084 0.784958 0.734863 0.781780 0.734375 0.782309 0.733154 0.780720 0.731934 0.777013
1 0.254639 0.776483 0.253906 0.778602 0.253906 0.781780 0.253418 0.781780 0.253174 0.780720 0.253174 0.782309 0.252441 0.783369 0.249756 0.783369 0.248291 0.784428 0.249756 0.785487 0.250000 0.786547 0.250488 0.785487 0.250977 0.786547 0.251465 0.785487 0.253418 0.786547 0.253662 0.782309 0.254639 0.782309 0.254883 0.783369 0.254395 0.783898 0.255127 0.783369 0.255127 0.780720 0.254639 0.780191
1 0.644287 0.780720 0.647461 0.780720 0.648438 0.781250 0.648682 0.782309 0.649902 0.778602 0.648926 0.779661 0.645752 0.779661 0.645020 0.777542 0.645508 0.775953 0.645020 0.775953 0.645020 0.778072 0.644531 0.778602
1 0.261963 0.775953 0.261475 0.777542 0.263428 0.780191 0.264160 0.777013
1 0.191162 0.802436 0.191406 0.804025 0.192871 0.804025 0.194824 0.798729 0.195801 0.798729 0.197754 0.796081 0.198730 0.791843 0.200439 0.797669 0.199707 0.798729 0.199463 0.796610 0.198975 0.797140 0.201416 0.801377 0.202881 0.801377 0.202148 0.799788 0.202881 0.799258 0.203613 0.796610 0.204590 0.795551 0.205322 0.796081 0.205566 0.793962 0.206543 0.792903 0.207031 0.790784 0.208496 0.793432 0.209473 0.792903 0.209229 0.791843 0.209961 0.790784 0.211670 0.791843 0.211914 0.792903 0.211182 0.793432 0.211182 0.795021 0.212402 0.798199 0.212646 0.795551 0.213623 0.794492 0.213623 0.791314 0.212891 0.789725 0.214600 0.787606 0.215088 0.788136 0.214844 0.787606 0.216553 0.783898 0.218262 0.783369 0.217285 0.781780 0.215576 0.783369 0.215332 0.782309 0.215088 0.783369 0.214844 0.780191 0.213867 0.779131 0.213379 0.775953 0.210449 0.780191 0.210205 0.781780 0.208984 0.782309 0.208008 0.781250 0.208252 0.780191 0.207520 0.780191 0.207031 0.781250 0.207520 0.781780 0.207031 0.782309 0.207520 0.784958 0.206787 0.786547 0.206055 0.786017 0.206055 0.783898 0.203125 0.783898 0.201904 0.785487 0.201416 0.782839 0.199707 0.779661 0.199707 0.778602 0.201172 0.776483 0.198975 0.775953 0.198242 0.778072 0.198486 0.779131 0.197510 0.780720 0.197754 0.783369 0.195312 0.784958 0.194336 0.787076 0.195557 0.787076 0.198242 0.782309 0.200439 0.783898 0.201172 0.783369 0.201660 0.785487 0.200684 0.787076 0.199707 0.784428 0.199219 0.787606 0.198486 0.788665 0.197754 0.788136 0.195801 0.791314 0.195801 0.795021 0.194580 0.798199 0.193115 0.800318 0.191406 0.800318
1 0.581543 0.774894 0.581055 0.774894 0.580811 0.776483 0.579346 0.779131 0.579590 0.781250 0.578857 0.781250 0.579590 0.782839 0.578369 0.782839 0.577881 0.783898 0.578369 0.787076 0.579346 0.787076 0.581055 0.790254 0.582520 0.788136 0.583984 0.782309 0.583740 0.780720 0.582520 0.781780 0.581787 0.784958 0.581055 0.783898 0.581543 0.781780 0.581299 0.782309 0.580566 0.779661
1 0.561279 0.774894 0.560303 0.778072 0.561279 0.778072 0.561035 0.779661 0.560059 0.779131 0.559814 0.780720 0.559082 0.779661 0.557129 0.782839 0.558350 0.783369 0.559326 0.780191 0.560547 0.780720 0.560059 0.785487 0.561523 0.787606 0.560547 0.787076 0.560059 0.788665 0.561279 0.788136 0.560303 0.793962 0.561035 0.798199 0.560547 0.799258 0.560303 0.797669 0.561279 0.804025 0.557861 0.803496 0.558105 0.805085 0.560791 0.806674 0.561279 0.819386 0.562012 0.821504 0.561035 0.827331 0.562744 0.829449 0.562012 0.834746 0.564941 0.838983 0.563721 0.844280 0.563232 0.838983 0.562500 0.838983 0.562744 0.844809 0.562012 0.849576 0.562500 0.850636 0.563477 0.847987 0.564941 0.849576 0.564697 0.851695 0.563477 0.851165 0.564941 0.853814 0.563965 0.860699 0.566406 0.864407 0.566162 0.866525 0.565430 0.865466 0.565918 0.880826 0.567139 0.869703 0.567383 0.880297 0.567871 0.864936 0.567383 0.866525 0.567383 0.860699 0.566895 0.863347 0.567139 0.855932 0.566406 0.855403 0.566406 0.850106 0.566162 0.851165 0.565674 0.848517 0.564941 0.849576 0.564209 0.847987 0.566650 0.846398 0.565918 0.844809 0.566162 0.839513 0.565186 0.838453 0.565918 0.835805 0.564697 0.832627 0.565186 0.795551 0.564209 0.792903 0.564697 0.788665 0.563721 0.785487 0.564209 0.783898 0.562500 0.782309 0.562256 0.778602 0.561279 0.778072
1 0.501221 0.774894 0.501465 0.775424 0.500977 0.777542 0.500488 0.777542 0.499023 0.780191 0.499512 0.782309 0.499268 0.783369 0.498291 0.781250 0.497559 0.783369 0.497559 0.788665 0.498535 0.787606 0.499512 0.787606 0.500000 0.788665 0.500000 0.790254 0.497559 0.794492 0.498291 0.796610 0.498291 0.798199 0.497314 0.800318 0.497314 0.801907 0.498291 0.803496 0.497559 0.805085 0.497559 0.806144 0.498291 0.806144 0.499023 0.804555 0.499512 0.804555 0.500000 0.802436 0.501221 0.802966 0.501709 0.801907 0.501465 0.797669 0.501953 0.796081 0.501709 0.793432 0.502197 0.791843 0.501953 0.783369 0.502441 0.775424
1 0.696289 0.774364 0.695801 0.774894 0.695801 0.776483 0.694336 0.778072 0.694336 0.779131 0.693604 0.780720 0.695801 0.780191 0.696289 0.779131
1 0.711914 0.773835 0.711914 0.776483 0.713623 0.776483 0.715576 0.779131 0.716064 0.779131 0.716553 0.777542 0.715576 0.775424 0.714600 0.775424 0.713379 0.773835
1 0.471191 0.774364 0.471191 0.775953 0.471680 0.776483 0.475342 0.775953 0.475342 0.774364 0.474609 0.775424 0.473877 0.773305
1 0.544434 0.787606 0.545410 0.787606 0.545410 0.786547 0.546387 0.784958 0.545898 0.782839 0.547607 0.778602 0.548096 0.778602 0.547607 0.778072 0.548340 0.776483 0.547119 0.774894 0.547363 0.773835 0.549561 0.773835 0.550049 0.775953 0.551270 0.775953 0.551758 0.778072 0.553223 0.778072 0.553223 0.779131 0.554688 0.780191 0.554932 0.781250 0.555420 0.780191 0.554932 0.780191 0.554199 0.778072 0.553467 0.778602 0.552979 0.775424 0.552246 0.774364 0.549561 0.772775 0.546631 0.772246 0.545898 0.773305 0.545898 0.775953 0.545166 0.778602 0.545410 0.780720 0.544922 0.781780 0.545654 0.783369 0.545410 0.785487
1 0.602539 0.775953 0.603027 0.777013 0.604736 0.777013 0.604980 0.774894 0.606201 0.775424 0.604492 0.771716 0.603027 0.772246 0.603027 0.774894
1 0.206055 0.772775 0.206055 0.773835 0.206543 0.773835 0.207275 0.775424 0.208740 0.773305 0.208496 0.771716 0.207031 0.771716
1 0.251465 0.770657 0.249268 0.774364 0.250488 0.774364 0.249512 0.776483 0.248535 0.777013 0.250244 0.777013 0.250488 0.778072 0.249023 0.778602 0.249023 0.780191 0.248047 0.781780 0.249023 0.780191 0.249268 0.780720 0.250488 0.779661 0.250244 0.778602 0.251221 0.777542 0.251953 0.772775 0.250977 0.772246
1 0.267578 0.770657 0.268555 0.771186 0.268555 0.775953 0.269043 0.775953 0.269287 0.777542 0.271240 0.774894 0.271240 0.773835 0.270264 0.772246 0.269287 0.772246 0.270020 0.770127
1 0.228516 0.770657 0.229004 0.772246 0.229492 0.772246 0.229492 0.774894 0.229980 0.775424 0.229736 0.776483 0.229004 0.775424 0.229004 0.777542 0.229492 0.778072 0.230225 0.777542 0.230713 0.775953 0.230957 0.777013 0.232178 0.777013 0.232422 0.778072 0.233398 0.777013 0.235107 0.777013 0.235352 0.775953 0.235840 0.775953 0.233643 0.777013 0.233154 0.775953 0.233398 0.775424 0.234863 0.775424 0.232666 0.771186 0.232178 0.771186 0.232910 0.772246 0.232910 0.773835 0.231934 0.774364 0.231201 0.772775 0.231201 0.771186 0.231689 0.770657
1 0.614746 0.769068 0.614258 0.773835 0.615967 0.772246 0.617188 0.775424 0.617676 0.778602 0.618652 0.780191 0.618408 0.780720 0.620361 0.780191 0.620850 0.779131 0.620605 0.776483 0.619141 0.773835 0.618896 0.774364 0.617676 0.773305 0.616699 0.769068
1 0.499756 0.766419 0.497803 0.769068 0.497559 0.770127 0.498291 0.772775 0.498535 0.771716 0.499756 0.772246 0.499756 0.771186 0.499268 0.770657 0.500244 0.768538
1 0.604980 0.764831 0.603760 0.765890 0.603271 0.764831 0.602783 0.765360 0.602783 0.770657 0.603516 0.770657 0.604492 0.768008 0.604248 0.767479 0.604980 0.766419
1 0.258301 0.764831 0.257568 0.768008 0.258057 0.768538 0.258057 0.770657 0.260498 0.771716 0.260010 0.770657 0.260498 0.769068 0.258789 0.769068 0.258057 0.767479 0.258789 0.765360 0.259766 0.764831
1 0.605225 0.770657 0.607178 0.775424 0.609131 0.775953 0.609375 0.773835 0.610596 0.770657 0.612305 0.768538 0.613281 0.768538 0.611572 0.767479 0.610352 0.764831 0.608643 0.765360 0.607666 0.763771 0.606445 0.766419 0.605957 0.766419 0.605225 0.768538
1 0.571289 0.765360 0.572266 0.766419 0.572754 0.768538 0.574219 0.769068 0.573242 0.770657 0.573975 0.770657 0.574951 0.769068 0.576416 0.769068 0.577881 0.770657 0.578369 0.772246 0.579834 0.771716 0.578613 0.771186 0.578613 0.769597 0.581543 0.769597 0.575195 0.769068 0.573730 0.766949 0.574219 0.766419 0.573730 0.765890 0.574219 0.765360 0.573486 0.764301 0.573486 0.763242 0.573242 0.764301 0.572510 0.763242
1 0.384766 0.764831 0.382568 0.763242 0.382324 0.764301 0.382812 0.763771 0.383789 0.765890 0.383057 0.767479 0.381836 0.768008 0.381592 0.772246 0.380127 0.774364 0.380127 0.775424 0.378906 0.775424 0.378418 0.778602 0.381104 0.775953 0.380859 0.774894 0.381348 0.773835 0.384277 0.773835 0.384033 0.772246 0.382568 0.769068 0.382568 0.768008
1 0.685059 0.761653 0.684814 0.762182 0.685547 0.763242 0.685303 0.763771 0.686035 0.766419 0.685791 0.770657 0.687012 0.772246 0.687500 0.771716 0.688477 0.773305 0.687744 0.774894 0.686279 0.775953 0.688232 0.777013 0.689209 0.778602 0.691650 0.779131 0.691406 0.773305 0.687744 0.766419 0.687012 0.762712
1 0.473389 0.761653 0.472656 0.761653 0.472168 0.762712 0.472168 0.764301 0.471680 0.764831 0.471680 0.767479 0.472168 0.768008 0.472168 0.769597 0.471680 0.770127 0.471436 0.769068 0.470459 0.769068 0.470459 0.768008 0.469727 0.770657 0.469971 0.771716 0.470703 0.770657 0.471436 0.770657 0.471436 0.772246 0.471924 0.771716 0.472412 0.769597 0.472412 0.765890 0.473389 0.765360 0.472900 0.764301
1 0.575684 0.762712 0.576416 0.762182 0.577637 0.763242 0.578125 0.764301 0.577881 0.765360 0.578613 0.765890 0.578369 0.764831 0.578857 0.762182 0.578125 0.760593 0.577393 0.760064
1 0.581055 0.757945 0.580566 0.761653 0.581543 0.763242 0.583008 0.763242 0.583252 0.761123 0.581543 0.761653
1 0.508057 0.757415 0.507812 0.757945 0.508545 0.759534 0.506592 0.764301 0.507324 0.765890 0.509521 0.759534 0.509277 0.758475 0.508545 0.758475
1 0.379883 0.760064 0.381836 0.759534 0.383057 0.757945 0.382080 0.756356 0.380371 0.755826 0.380859 0.756886 0.380371 0.757415
1 0.473145 0.753178 0.472656 0.754767 0.473389 0.755297 0.472656 0.756356 0.472656 0.757415 0.473877 0.759534 0.473877 0.760593 0.474854 0.761123 0.474854 0.759004 0.475586 0.757415 0.474121 0.755297 0.473389 0.755297
1 0.463135 0.752648 0.462402 0.753708 0.462402 0.755297 0.460938 0.760064 0.460938 0.762182 0.460449 0.763771 0.462646 0.759004
1 0.214355 0.751589 0.214600 0.754237 0.214111 0.755297 0.213379 0.755297 0.215088 0.757945 0.215820 0.756886 0.215820 0.753708 0.215332 0.752119
1 0.685547 0.750530 0.684570 0.751059 0.684082 0.752648 0.684082 0.756356 0.684570 0.757415 0.685059 0.754767 0.686035 0.753178 0.686035 0.751059
1 0.467773 0.750530 0.467285 0.751059 0.467529 0.753178 0.468262 0.754767 0.468018 0.756886 0.466797 0.759534 0.467529 0.761123 0.467529 0.763242 0.468994 0.764301 0.469727 0.763771 0.470215 0.764831 0.470215 0.766949 0.470459 0.758475 0.469482 0.757945 0.469238 0.759534 0.468750 0.757415 0.469482 0.756886 0.468506 0.755297 0.468994 0.753708 0.469971 0.753708 0.469971 0.752119 0.468750 0.751059 0.468994 0.751589 0.468506 0.753178
1 0.723389 0.750000 0.722656 0.748411 0.720947 0.748411 0.720459 0.750000 0.718262 0.749470 0.717773 0.750000 0.717773 0.751589 0.718018 0.752119 0.718750 0.751059 0.718994 0.753178 0.719971 0.753178 0.721680 0.751059 0.723145 0.751059
1 0.508789 0.748411 0.508789 0.753708 0.509033 0.753178 0.510010 0.756356 0.510986 0.757415 0.510986 0.755826 0.510010 0.753708 0.510010 0.752119
1 0.458740 0.748411 0.458008 0.749470 0.457764 0.757945 0.458496 0.757945 0.458984 0.756886 0.458496 0.754237
1 0.330811 0.751589 0.332031 0.754767 0.333252 0.750530 0.333984 0.750000 0.335449 0.755297 0.335205 0.757415 0.334229 0.759534 0.333496 0.759534 0.333008 0.760593 0.331299 0.760593 0.332031 0.761123 0.334229 0.760064 0.336914 0.756356 0.337891 0.756356 0.338623 0.757945 0.339355 0.755297 0.339355 0.754237 0.338379 0.755826 0.336182 0.756356 0.333740 0.749470 0.333740 0.747881 0.332031 0.753178
1 0.179688 0.747881 0.179199 0.749470 0.178711 0.749470 0.178467 0.751589 0.178955 0.753178 0.180176 0.753708 0.181152 0.751059
1 0.363037 0.747352 0.362549 0.750530 0.363281 0.751589 0.363281 0.753178 0.362549 0.756356 0.363525 0.755826 0.364014 0.756886 0.365234 0.754767 0.365723 0.752648 0.364746 0.752648 0.363770 0.750000 0.363525 0.747881
1 0.562744 0.745763 0.561768 0.747352 0.561768 0.748941 0.562500 0.750000 0.562500 0.751589 0.561523 0.753178 0.562012 0.753178 0.562500 0.754767 0.561523 0.754767 0.561035 0.755826 0.561035 0.756886 0.562256 0.756886 0.562500 0.759004 0.561279 0.759534 0.561035 0.760593 0.561523 0.761653 0.560791 0.762712 0.561279 0.769068 0.562500 0.770127 0.561523 0.771186 0.561523 0.772246 0.562500 0.773305 0.562012 0.773835 0.562012 0.774894 0.562500 0.775424 0.562500 0.777013 0.563232 0.777013 0.562744 0.773305 0.563477 0.771186 0.563721 0.771716 0.563721 0.768008 0.562988 0.770127 0.562988 0.768008 0.562256 0.766949 0.562500 0.766419 0.562012 0.766949 0.561523 0.764831 0.562256 0.762182 0.563232 0.762712 0.562744 0.758475 0.562988 0.757945 0.563477 0.758475 0.563721 0.761123 0.563232 0.756356 0.562500 0.755826 0.562744 0.753178 0.562012 0.752648 0.562744 0.752119 0.562744 0.748411 0.562256 0.747881 0.562744 0.747352
1 0.506104 0.745763 0.505615 0.745763 0.504639 0.748411 0.504883 0.749470 0.504639 0.750000 0.504150 0.748941 0.503662 0.751059 0.503662 0.753708 0.504150 0.753708 0.504639 0.754767 0.504395 0.755826 0.505615 0.756356 0.505615 0.754767 0.506348 0.753178 0.506592 0.746822
1 0.213867 0.745763 0.212891 0.745763 0.212646 0.746822 0.213135 0.747881 0.212646 0.749470 0.210938 0.748941 0.211426 0.752648 0.212158 0.753178 0.212646 0.750000 0.213379 0.748411 0.213135 0.747352
1 0.399170 0.745233 0.398438 0.748941 0.398682 0.750000 0.401367 0.750000 0.403809 0.748411 0.405029 0.750530 0.405762 0.753708 0.404785 0.755297 0.403320 0.755297 0.403809 0.760593 0.403076 0.761653 0.402832 0.765360 0.402100 0.766949 0.402588 0.768538 0.403320 0.768538 0.403809 0.767479 0.403564 0.761653 0.404785 0.758475 0.406006 0.756886 0.406250 0.755297 0.406250 0.751059 0.405762 0.749470 0.406006 0.746292 0.405029 0.744174 0.402100 0.744174 0.400391 0.746292
1 0.322754 0.744174 0.321533 0.750530 0.324219 0.748411 0.323975 0.747352 0.323486 0.747881 0.322998 0.746822
1 0.198486 0.743114 0.197510 0.742585 0.197510 0.741525 0.197021 0.742585 0.195557 0.742585 0.194824 0.745763 0.194092 0.745763 0.192871 0.747881 0.192871 0.753178 0.194336 0.755297 0.196777 0.755297 0.197021 0.754237 0.199219 0.753178 0.199219 0.751589 0.199463 0.751059 0.199707 0.752119 0.199707 0.748411 0.199219 0.747881 0.198975 0.745763 0.198242 0.745233
1 0.309570 0.740466 0.308594 0.743114 0.307373 0.744703 0.308838 0.743644 0.308838 0.746822 0.309570 0.748411 0.310303 0.747881 0.309082 0.746292 0.309814 0.742585
1 0.541992 0.738347 0.541504 0.739936 0.541504 0.744703 0.542725 0.744703 0.543213 0.746292 0.543945 0.743644 0.544434 0.744174 0.543457 0.743114 0.543701 0.742055 0.542969 0.738877
1 0.181885 0.737288 0.181152 0.737288 0.180420 0.739407 0.179688 0.739407 0.179443 0.740466 0.178223 0.740466 0.177734 0.741525 0.177734 0.743114 0.178711 0.744703 0.177734 0.746292 0.179688 0.746292 0.179688 0.744174 0.180420 0.744174 0.180664 0.743114 0.182373 0.742055 0.182373 0.739407 0.181885 0.738877
1 0.256104 0.736229 0.255127 0.738347 0.254883 0.742585 0.255615 0.746292 0.256348 0.747881 0.256348 0.749470 0.256836 0.748411 0.256104 0.747352 0.256104 0.743644 0.255615 0.743114 0.255859 0.738877 0.256348 0.737288 0.255859 0.736758
1 0.201660 0.735169 0.198730 0.735169 0.198730 0.737288 0.199707 0.737288 0.198730 0.738877 0.199707 0.738347 0.199951 0.736758 0.201172 0.736758
1 0.342041 0.734110 0.340576 0.733581 0.338379 0.735699 0.338379 0.738877 0.337891 0.739407 0.338379 0.740996 0.337402 0.742585 0.337402 0.744703 0.336914 0.745763 0.336426 0.745233 0.335449 0.747352 0.335938 0.747881 0.337158 0.746822 0.337646 0.743644 0.338623 0.741525 0.338623 0.737288 0.339600 0.735169
1 0.531494 0.733051 0.531006 0.735169 0.530273 0.733581 0.530029 0.736229 0.529297 0.736229 0.529053 0.737288 0.531250 0.746822 0.531982 0.744703 0.534668 0.743644 0.535156 0.742585 0.534912 0.737818 0.533936 0.737288 0.533203 0.734640 0.532471 0.734640
1 0.266357 0.733051 0.265625 0.733051 0.265381 0.734110 0.263672 0.735169 0.263184 0.738877 0.263672 0.739936 0.264404 0.739936 0.264648 0.736758 0.266357 0.736758
1 0.361572 0.732521 0.359619 0.735699 0.358398 0.739936 0.359619 0.739407
1 0.677002 0.732521 0.676758 0.734110 0.677246 0.737818 0.678467 0.738877 0.679199 0.734110 0.677979 0.731992
1 0.183594 0.731992 0.183594 0.736229 0.185303 0.736758 0.185303 0.734110 0.185791 0.733051 0.185303 0.731992
1 0.312256 0.730932 0.311035 0.731992 0.310547 0.731462 0.310059 0.733581 0.310791 0.735169 0.311279 0.735169 0.312256 0.733051
1 0.173584 0.731992 0.173096 0.730932 0.171875 0.730932 0.171631 0.731992 0.169922 0.731992 0.169922 0.733581 0.170898 0.735699 0.172119 0.735699
1 0.712646 0.729343 0.712402 0.734640 0.712891 0.736758 0.713623 0.736758 0.713379 0.735699 0.714355 0.734110 0.716553 0.735169 0.716309 0.733581 0.714844 0.732521 0.713623 0.733051 0.713623 0.729873
1 0.504883 0.729343 0.505127 0.730403 0.504639 0.731992 0.504883 0.734110 0.505371 0.734640 0.505127 0.735699 0.505615 0.736229 0.506104 0.731462
1 0.178711 0.728814 0.178711 0.730403 0.179688 0.730932 0.179688 0.733581 0.180420 0.733581 0.180908 0.732521 0.180908 0.729873 0.180420 0.728814
1 0.637451 0.728284 0.637207 0.729343 0.637695 0.732521 0.639160 0.735169 0.639893 0.733051 0.639648 0.730932 0.638916 0.728814
1 0.516357 0.728284 0.515137 0.729343 0.515625 0.732521 0.516113 0.733051 0.517090 0.731992 0.517090 0.729343
1 0.386719 0.728284 0.387207 0.733051 0.385742 0.733051 0.385254 0.731462 0.385254 0.733051 0.385986 0.733581 0.386475 0.735169 0.385986 0.736229 0.386475 0.738877 0.386475 0.737818 0.386963 0.737288 0.387939 0.739407 0.388184 0.737288 0.389648 0.734110 0.391357 0.733581 0.388428 0.731992
1 0.441162 0.723517 0.440674 0.724047 0.440918 0.728814 0.439941 0.731462 0.439941 0.732521 0.440918 0.734640 0.441406 0.727754 0.442627 0.725636 0.441650 0.725106
1 0.248535 0.723517 0.249512 0.728814 0.250000 0.728284 0.250488 0.729343 0.250977 0.732521 0.250244 0.735169 0.251953 0.734110 0.252930 0.734110 0.252930 0.735169 0.254150 0.735169 0.255371 0.734110 0.254639 0.733581 0.255127 0.732521 0.255127 0.730403 0.255127 0.731992 0.254639 0.732521 0.254150 0.730932 0.254150 0.728814 0.253418 0.731992 0.253174 0.730932 0.252441 0.730932 0.252197 0.729343 0.251709 0.729343 0.251221 0.727754 0.250000 0.727754 0.250000 0.726165 0.249268 0.723517
1 0.726807 0.724576 0.726807 0.726695 0.727783 0.728814 0.728027 0.727754 0.728760 0.730403 0.729736 0.729873 0.731689 0.733581 0.733154 0.733581 0.733154 0.730932 0.731445 0.730932 0.730225 0.727754 0.730225 0.726165 0.727783 0.722458
1 0.484863 0.722458 0.483154 0.724047 0.483398 0.727225 0.481934 0.728814 0.482178 0.730403 0.482666 0.730932 0.483887 0.729343 0.483887 0.727225 0.484863 0.725106
1 0.307129 0.721398 0.304199 0.728284 0.303711 0.734640 0.305176 0.733581 0.305908 0.730403 0.307129 0.730403 0.306396 0.728814 0.307373 0.726695
1 0.266602 0.721398 0.265137 0.721398 0.265381 0.725636 0.264648 0.728284 0.264893 0.730403 0.263916 0.730403 0.263428 0.731462 0.262451 0.730932 0.260742 0.734640 0.260498 0.739936 0.260498 0.737288 0.260986 0.736758 0.261475 0.733581 0.261719 0.736758 0.264160 0.731462 0.265381 0.731462 0.265381 0.722458 0.265869 0.721928 0.266357 0.722987
1 0.231934 0.722987 0.232422 0.724047 0.234863 0.724047 0.235107 0.721928 0.233887 0.721398 0.233643 0.722458 0.233398 0.721398
1 0.311523 0.720869 0.311035 0.720869 0.311035 0.722458 0.310303 0.722987 0.309814 0.724576 0.309814 0.725636 0.311035 0.727754
1 0.465820 0.719809 0.466309 0.719809 0.466797 0.721928 0.466309 0.722458 0.466309 0.724047 0.466797 0.725106 0.468262 0.725106 0.468506 0.722987 0.467041 0.721398 0.466553 0.719280
1 0.568115 0.717161 0.566895 0.719280 0.567383 0.720339 0.567383 0.722987 0.567871 0.723517 0.567871 0.726695 0.566895 0.728814 0.567139 0.742055 0.567139 0.739407 0.567627 0.738347 0.567139 0.735169 0.568115 0.734640 0.568604 0.736758 0.568359 0.731992 0.567139 0.729343 0.567383 0.728284 0.568359 0.728284 0.568115 0.723517 0.568848 0.720339 0.568359 0.719809
1 0.230957 0.753178 0.249512 0.761653 0.237549 0.775953 0.247559 0.774894 0.262451 0.753178 0.267090 0.769597 0.268066 0.757415 0.273438 0.764831 0.280518 0.740996 0.318848 0.777013 0.315918 0.794492 0.320312 0.777542 0.357422 0.796081 0.335693 0.819915 0.330322 0.810911 0.315430 0.835275 0.302490 0.825742 0.308350 0.809322 0.292480 0.828390 0.271973 0.815678 0.278076 0.833686 0.312256 0.836335 0.306152 0.858581 0.293457 0.866525 0.310303 0.864936 0.308105 0.875530 0.313965 0.846398 0.320068 0.850636 0.317383 0.839513 0.327637 0.836335 0.321533 0.833686 0.338867 0.824153 0.340088 0.834746 0.341064 0.813030 0.361816 0.813030 0.364014 0.825212 0.371338 0.806144 0.355957 0.807203 0.375244 0.799258 0.370361 0.825212 0.376465 0.800318 0.398682 0.803496 0.403076 0.817797 0.401611 0.804555 0.417725 0.807733 0.427979 0.790254 0.432129 0.805085 0.431152 0.790254 0.441406 0.777013 0.432617 0.772246 0.431396 0.786017 0.407715 0.796610 0.407959 0.785487 0.393555 0.778072 0.388672 0.745763 0.389404 0.780720 0.359619 0.779661 0.356689 0.766949 0.344971 0.775953 0.329834 0.764301 0.327637 0.745763 0.321289 0.760593 0.307129 0.752648 0.299072 0.728814 0.279785 0.730932 0.281250 0.717161 0.274170 0.750000 0.268555 0.734110 0.250000 0.758475 0.255615 0.752119 0.245605 0.728284 0.239014 0.733051 0.246338 0.755826 0.235840 0.737288
1 0.732422 0.726695 0.734131 0.730403 0.735840 0.730403 0.736816 0.727754 0.737793 0.728284 0.737793 0.726695 0.738281 0.725636 0.740479 0.725106 0.740723 0.726695 0.740234 0.729343 0.740479 0.730403 0.741699 0.730932 0.740967 0.732521 0.742188 0.734110 0.742188 0.736229 0.741699 0.737288 0.740967 0.737288 0.741211 0.738877 0.744873 0.739407 0.744385 0.737288 0.743652 0.737288 0.742432 0.735699 0.742676 0.734640 0.743896 0.734640 0.744385 0.731992 0.743652 0.731992 0.743408 0.730932 0.742432 0.730403 0.742676 0.729343 0.741943 0.729343 0.741943 0.727225 0.742676 0.725636 0.742432 0.723517 0.742920 0.721398 0.744141 0.719280 0.744141 0.717161 0.742188 0.716631 0.736816 0.717691 0.735840 0.721398 0.736084 0.722458 0.735596 0.723517 0.735596 0.726165 0.735107 0.725636 0.735107 0.724576 0.733643 0.724576
1 0.458252 0.715572 0.458252 0.717161 0.458740 0.718220 0.458252 0.719809 0.459473 0.722458 0.459229 0.724576 0.459717 0.726695 0.457764 0.726695 0.456543 0.728284 0.455322 0.733051 0.453369 0.733051 0.452881 0.734110 0.453125 0.734640 0.454834 0.733051 0.455811 0.735169 0.455811 0.737288 0.457520 0.738347 0.458008 0.737818 0.458008 0.736758 0.456055 0.734640 0.455811 0.732521 0.457031 0.730403 0.458496 0.730403 0.458496 0.729343 0.459717 0.726695 0.460205 0.731462 0.458496 0.735699 0.458496 0.736758 0.458984 0.737818 0.458984 0.739407 0.459961 0.740996 0.459717 0.741525 0.460449 0.744174 0.460205 0.745763 0.461426 0.745763 0.461914 0.746822 0.461914 0.748411 0.462402 0.748411 0.462402 0.746822 0.461914 0.746292 0.462158 0.743644 0.462646 0.742585 0.464600 0.743644 0.464844 0.741525 0.465820 0.740466 0.465088 0.739936 0.465088 0.738347 0.464111 0.736229 0.464111 0.730932 0.464355 0.730403 0.464600 0.731462 0.464600 0.728814 0.464111 0.727754 0.463135 0.729343 0.462646 0.727754 0.463135 0.724576 0.464600 0.724576 0.465088 0.726165 0.465088 0.723517 0.464600 0.722458 0.465332 0.721398 0.465088 0.720339 0.464355 0.720869 0.463135 0.718750 0.463379 0.717691 0.462402 0.716631 0.461914 0.717161 0.462158 0.719809 0.461182 0.721928 0.460693 0.717161 0.459961 0.717161 0.459717 0.718220 0.458984 0.715572
1 0.378906 0.715042 0.380127 0.717161 0.380859 0.719809 0.381836 0.720339 0.381592 0.721398 0.382080 0.721928 0.382324 0.724047 0.383057 0.724047 0.384277 0.726695 0.384277 0.727754 0.385010 0.728814 0.384766 0.730403 0.385010 0.729343 0.385742 0.729343 0.385010 0.726695 0.384277 0.726695 0.383545 0.725106 0.383545 0.724047 0.381836 0.721398 0.381836 0.719809 0.380859 0.716102
1 0.561523 0.714513 0.561035 0.720869 0.561523 0.731992 0.561035 0.736758 0.561768 0.735699 0.562256 0.728284 0.562500 0.727754 0.563477 0.728814 0.563477 0.732521 0.562988 0.733051 0.562744 0.736758 0.562988 0.738877 0.563477 0.739407 0.563477 0.740996 0.563965 0.741525 0.564209 0.747352 0.564209 0.740466 0.563721 0.739936 0.563721 0.737818 0.564209 0.736758 0.564209 0.731992 0.563721 0.731462 0.563721 0.728814 0.564209 0.728284 0.564209 0.720339 0.562988 0.720339 0.561523 0.716631 0.562256 0.715042
1 0.291260 0.713983 0.290527 0.717691 0.291992 0.718220 0.292725 0.716631 0.292725 0.715572
1 0.450684 0.713453 0.450928 0.716102 0.454346 0.716102 0.453613 0.714513 0.451660 0.714513 0.451416 0.713453
1 0.296387 0.713453 0.295898 0.713983 0.295654 0.716102 0.296631 0.718220 0.296631 0.722458 0.297363 0.724047 0.298340 0.724047 0.298828 0.719809 0.297852 0.717691 0.297119 0.713983
1 0.449707 0.710275 0.449219 0.709746 0.448486 0.711335 0.447510 0.711864 0.447754 0.716102 0.448242 0.715572 0.448242 0.713983 0.448975 0.712394 0.449951 0.711864
1 0.220215 0.709746 0.220215 0.713453 0.220703 0.713983 0.220703 0.717161 0.221436 0.718220 0.221191 0.719280 0.221191 0.717161 0.222168 0.716631 0.221436 0.712394 0.221680 0.710805 0.221191 0.709746
1 0.177002 0.708686 0.177246 0.709746 0.177734 0.709746 0.177246 0.711864 0.178711 0.713983 0.179688 0.713983 0.180664 0.712394 0.180664 0.710805 0.179199 0.708157 0.178955 0.709216 0.178711 0.708157 0.178467 0.709216 0.178223 0.708157 0.177979 0.709216
1 0.635010 0.711864 0.634521 0.711864 0.632568 0.708157 0.631592 0.707627 0.630859 0.713983 0.630127 0.714513 0.627197 0.713453 0.626465 0.717161 0.627930 0.720869 0.630127 0.721928 0.633789 0.718750 0.634766 0.716102
1 0.260986 0.707097 0.258301 0.709746 0.257080 0.712394 0.256348 0.715042 0.257324 0.715572 0.257812 0.717691 0.255127 0.720869 0.254395 0.720339 0.253662 0.714513 0.252441 0.711864 0.252441 0.715572 0.252930 0.716102 0.252930 0.717691 0.253418 0.717691 0.253418 0.720869 0.252441 0.723517 0.252441 0.726165 0.253662 0.726165 0.253906 0.727225 0.254639 0.726165 0.253662 0.725106 0.253906 0.721928 0.254883 0.724047 0.255615 0.724047 0.255859 0.728284 0.257324 0.728814 0.257080 0.731992 0.256348 0.729873 0.256348 0.731462 0.255859 0.731992 0.256348 0.733051 0.257568 0.731462 0.258301 0.728284 0.261230 0.720339 0.261230 0.717691 0.261719 0.716631 0.260986 0.715572 0.260986 0.712924 0.260498 0.712394 0.260498 0.708686 0.260986 0.708157
1 0.483398 0.708157 0.483398 0.709216 0.484375 0.710275 0.483643 0.713983 0.484375 0.715572 0.485352 0.715572 0.485596 0.719809 0.486084 0.719809 0.487061 0.717691 0.488525 0.718220 0.489014 0.719280 0.489258 0.718220 0.490234 0.717161 0.490479 0.717691 0.490967 0.716102 0.490967 0.715042 0.490234 0.715042 0.489990 0.716102 0.488037 0.716102 0.487305 0.714513 0.487305 0.712924 0.485840 0.711864 0.486816 0.710275 0.486328 0.709216 0.486084 0.710275 0.484863 0.708686 0.484863 0.706568
1 0.558105 0.704449 0.557129 0.706038 0.556641 0.708686 0.558105 0.709216 0.558838 0.711335 0.558594 0.705508
1 0.635742 0.702331 0.636475 0.708686 0.637207 0.711335 0.636963 0.711864 0.638672 0.713983 0.638672 0.710275 0.640137 0.706038 0.639893 0.704449 0.638672 0.704449 0.638428 0.702331
1 0.260498 0.701271 0.260010 0.700212 0.259277 0.700212 0.259033 0.701271 0.258301 0.700212 0.255859 0.701271 0.254883 0.703390 0.254883 0.706038 0.254150 0.707627 0.252441 0.708686 0.252441 0.710805 0.253662 0.710275 0.253662 0.708686 0.255615 0.708686 0.255615 0.709746 0.257324 0.707627 0.255615 0.704979 0.255615 0.702860 0.256348 0.702860 0.256836 0.701271 0.257568 0.701271 0.259521 0.703390 0.260742 0.706038 0.260498 0.705508 0.260986 0.704979 0.260254 0.703390
1 0.284912 0.700742 0.286377 0.702331 0.287842 0.700212 0.287109 0.698623 0.286133 0.698623
1 0.482422 0.698093 0.483398 0.700742 0.485107 0.700742 0.485352 0.702860 0.485840 0.703919 0.486572 0.703919 0.486084 0.700742 0.485352 0.700742 0.484131 0.698623 0.483643 0.699682
1 0.197998 0.699153 0.198486 0.702331 0.199707 0.703390 0.200195 0.702860 0.200439 0.701271 0.199707 0.698623 0.198730 0.698093 0.198486 0.699153
1 0.249512 0.697564 0.248779 0.699153 0.249512 0.704979 0.247314 0.705508 0.246582 0.708686 0.248047 0.713453 0.249756 0.711864 0.250244 0.714513 0.250732 0.713453 0.250488 0.711335 0.250977 0.710275 0.250000 0.709216 0.249756 0.703390 0.250488 0.703390 0.250977 0.702331 0.250732 0.701801 0.251465 0.701271 0.251465 0.699682 0.250977 0.698623 0.250244 0.699153
1 0.450439 0.703919 0.449707 0.702331 0.449463 0.700212 0.449951 0.698093 0.449463 0.697034 0.448975 0.697564 0.448975 0.699153 0.447510 0.701801 0.445557 0.701271 0.444824 0.699682 0.443604 0.701801 0.442383 0.701801 0.441406 0.699682 0.440430 0.699153 0.437500 0.701271 0.439941 0.703390 0.441895 0.707097 0.444336 0.707097 0.444580 0.708686 0.447510 0.706568 0.448486 0.706568 0.448975 0.708157 0.449463 0.708157 0.450195 0.707097 0.449951 0.704449
1 0.374512 0.697034 0.373047 0.697034 0.373047 0.698623 0.372314 0.699153 0.372070 0.700742 0.371094 0.701271 0.371094 0.702331 0.372070 0.703919 0.372559 0.707097 0.374268 0.706038 0.374023 0.704979 0.373291 0.704979 0.373535 0.702860 0.372803 0.701801 0.373047 0.698623 0.373779 0.698623 0.374512 0.700212 0.374512 0.701801 0.374023 0.702860 0.375244 0.703390 0.374756 0.700212 0.374268 0.699682 0.374756 0.698623
1 0.210938 0.697034 0.210938 0.698093 0.212402 0.700742 0.211670 0.702331 0.211182 0.702331 0.210693 0.704449 0.212402 0.703919 0.214355 0.701801 0.215332 0.701801 0.215088 0.699682 0.214600 0.698623 0.213379 0.699153 0.212891 0.698093 0.212891 0.696504 0.211914 0.696504 0.211914 0.697564
1 0.479980 0.695445 0.479736 0.698093 0.480713 0.700742 0.480225 0.703390 0.479980 0.702331 0.479980 0.703390 0.480469 0.703390 0.481689 0.707097 0.482178 0.703919 0.481201 0.702331 0.481689 0.701801 0.481445 0.699682 0.481445 0.701801 0.480713 0.701801
1 0.266602 0.693856 0.266602 0.698093 0.267090 0.700212 0.268066 0.701271 0.269043 0.700742 0.269043 0.699153 0.267578 0.697034 0.267578 0.694386
1 0.632568 0.692797 0.631836 0.692797 0.631348 0.695445 0.629883 0.697034 0.630371 0.699153 0.630859 0.699682 0.631592 0.698623 0.632080 0.695445 0.632812 0.693856
1 0.525635 0.692797 0.525146 0.693326 0.524902 0.697034 0.525146 0.696504 0.525391 0.698093 0.527100 0.695445
1 0.421387 0.693856 0.417969 0.694386 0.416504 0.691737 0.416504 0.693856 0.415527 0.695445 0.416016 0.698623 0.415771 0.699682 0.415527 0.699153 0.415527 0.700742 0.414551 0.701271 0.414307 0.703390 0.413574 0.701271 0.411865 0.704979 0.411133 0.703390 0.410645 0.704449 0.411133 0.706568 0.410645 0.710805 0.408936 0.709746 0.408691 0.711864 0.407471 0.712394 0.406006 0.709216 0.405029 0.709746 0.405273 0.711864 0.406006 0.712394 0.406494 0.714513 0.406006 0.716102 0.404297 0.716631 0.405273 0.718220 0.406982 0.718220 0.406250 0.720339 0.406250 0.722458 0.407471 0.724576 0.406982 0.726165 0.406494 0.725636 0.406738 0.726695 0.405762 0.729343 0.407227 0.731992 0.405518 0.734640 0.406006 0.736229 0.405518 0.742585 0.406982 0.740996 0.406982 0.737288 0.407471 0.736229 0.409912 0.736758 0.410645 0.734640 0.410156 0.730932 0.408203 0.731992 0.407471 0.730403 0.407959 0.727225 0.408691 0.726165 0.408447 0.723517 0.410156 0.722458 0.410156 0.720339 0.408447 0.719280 0.408691 0.717691 0.406738 0.717691 0.407715 0.715042 0.408691 0.714513 0.407959 0.715572 0.407715 0.713983 0.409668 0.712924 0.410156 0.715572 0.409180 0.717691 0.411133 0.717161 0.413330 0.724047 0.415527 0.724047 0.415771 0.722987 0.414062 0.719280 0.416260 0.713983 0.416260 0.710275 0.416992 0.708686 0.416992 0.706568 0.417725 0.705508 0.417725 0.702860 0.417725 0.704979 0.417236 0.706038 0.416504 0.702860 0.416992 0.702331 0.416016 0.698623 0.417480 0.696504 0.419678 0.697034
1 0.412354 0.691737 0.411621 0.691208 0.410156 0.694386 0.409912 0.696504 0.408936 0.698093 0.408936 0.702860 0.409424 0.700212 0.411865 0.700212 0.412354 0.699153
1 0.730957 0.688030 0.730957 0.690148 0.732178 0.692797 0.732178 0.694386 0.732910 0.694386 0.731934 0.688030
1 0.363525 0.685381 0.363037 0.685381 0.360596 0.689619 0.359863 0.689619 0.360352 0.691737 0.359131 0.693856 0.358887 0.693326 0.358643 0.694915 0.358154 0.692267 0.358643 0.690678 0.358887 0.691737 0.359375 0.690678 0.358887 0.687500 0.358643 0.688559 0.355225 0.688030 0.354736 0.689089 0.354492 0.695445 0.353760 0.696504 0.353516 0.698093 0.354004 0.700742 0.353027 0.701271 0.352539 0.703919 0.353271 0.704449 0.353027 0.706038 0.354248 0.708686 0.354248 0.710275 0.353516 0.711864 0.354004 0.717161 0.352783 0.720339 0.355225 0.722987 0.356934 0.727225 0.360596 0.725106 0.361572 0.725636 0.361816 0.724576 0.361572 0.720869 0.362305 0.718750 0.362305 0.708157 0.364014 0.703919 0.364014 0.702331 0.364502 0.701271 0.364014 0.700742 0.364014 0.699682 0.364990 0.697564 0.364990 0.694915 0.364258 0.694915 0.362549 0.691737 0.364014 0.687500 0.363281 0.685911
1 0.257324 0.686441 0.257812 0.688030 0.258545 0.687500 0.259766 0.690678 0.261963 0.688030 0.261230 0.686970 0.260742 0.688559 0.260498 0.685381 0.259033 0.685911 0.257568 0.684852 0.257812 0.685381
1 0.423584 0.683263 0.421875 0.690148 0.421875 0.694386 0.422363 0.694386 0.422607 0.692267 0.424072 0.690148 0.423828 0.686441 0.423096 0.685911
1 0.391357 0.683263 0.391602 0.684322 0.392822 0.684852 0.393799 0.682203 0.391602 0.681674
1 0.551025 0.682733 0.551025 0.683792 0.552979 0.687500 0.554199 0.686970 0.554688 0.685911 0.555420 0.686970 0.555664 0.689619 0.554443 0.690678 0.554688 0.692797 0.555420 0.691737 0.557129 0.692267 0.557617 0.691208 0.558350 0.691208 0.558838 0.689619 0.558838 0.686441 0.558105 0.684322 0.557129 0.685911 0.555908 0.685911 0.555176 0.684852 0.554932 0.683263 0.554199 0.683792 0.553467 0.681144 0.552734 0.684322 0.551758 0.681674
1 0.323486 0.680614 0.322754 0.682203 0.322754 0.685381 0.322021 0.686441 0.322021 0.688559 0.323730 0.685911 0.323242 0.684852 0.323975 0.683792 0.323975 0.681144
1 0.489746 0.680614 0.489014 0.680614 0.488281 0.679025 0.488525 0.678496 0.486816 0.680085 0.486816 0.685381 0.487549 0.683792 0.487549 0.682733 0.488281 0.683792 0.488037 0.684322 0.490234 0.684322 0.489258 0.683263
1 0.380127 0.679555 0.379395 0.677966 0.377197 0.677436 0.374268 0.680085 0.374268 0.682733 0.373779 0.683792 0.374023 0.688559 0.374268 0.689089 0.375732 0.686441 0.377197 0.686441 0.377930 0.688030 0.379150 0.688030 0.381104 0.684322 0.380615 0.684322 0.380127 0.682733
1 0.566406 0.674788 0.566162 0.677966 0.565674 0.677436 0.565674 0.675847 0.565186 0.676907 0.564453 0.675847 0.564209 0.676907 0.565430 0.677966 0.565430 0.680614 0.565918 0.679555 0.566406 0.680085 0.566406 0.684852 0.565918 0.685381 0.565430 0.683263 0.565430 0.688030 0.564941 0.688559 0.564941 0.692267 0.565430 0.692797 0.565430 0.703919 0.564941 0.704449 0.564941 0.706038 0.566162 0.706038 0.566650 0.704979 0.566895 0.706038 0.567871 0.706568 0.567871 0.710275 0.567383 0.711335 0.567871 0.712394 0.567871 0.714513 0.568359 0.714513 0.568604 0.711335 0.568115 0.707627 0.569092 0.703390 0.568604 0.702331 0.568604 0.694915 0.568115 0.694386 0.568115 0.686441 0.567627 0.685911 0.567627 0.677966 0.568115 0.677436 0.568115 0.675847
1 0.539307 0.674788 0.538818 0.674788 0.538086 0.676377 0.538086 0.678496 0.537109 0.680614 0.537109 0.681674 0.538818 0.683263 0.539307 0.680614 0.538818 0.679025 0.538818 0.677436 0.539551 0.675847
1 0.679199 0.674258 0.679199 0.676377 0.677979 0.681674 0.676758 0.682733 0.676758 0.684852 0.677734 0.688030 0.677979 0.690678 0.678467 0.690678 0.678467 0.688559 0.677734 0.686441 0.678467 0.682733 0.679932 0.681144 0.680176 0.677966 0.679932 0.675847
1 0.214600 0.674258 0.213867 0.674788 0.212646 0.677436 0.212891 0.677966 0.210938 0.681144 0.213135 0.681674 0.213135 0.677966 0.214355 0.677436
1 0.501953 0.673729 0.501953 0.675318 0.500977 0.679025 0.502686 0.683263 0.503418 0.683792 0.503662 0.682733 0.502930 0.681144 0.503418 0.677966
1 0.237793 0.673729 0.237305 0.675318 0.238037 0.674258 0.238770 0.676377 0.237305 0.677966 0.236816 0.681144 0.238037 0.682733 0.240479 0.682733 0.240479 0.681144 0.239502 0.679025 0.239502 0.677966 0.240234 0.677436 0.240479 0.675847 0.239258 0.675847 0.239014 0.674788 0.238281 0.674788
1 0.364258 0.672669 0.364746 0.675847 0.366211 0.679025 0.366699 0.682733 0.368408 0.683792 0.367920 0.682733 0.367920 0.681144 0.367188 0.680085 0.367432 0.679555 0.365234 0.674788 0.364746 0.674788
1 0.708496 0.672140 0.706543 0.671610 0.706299 0.672669 0.705811 0.672669 0.704590 0.671081 0.702881 0.671610 0.702148 0.673729 0.702393 0.676907 0.702881 0.677966 0.702637 0.679555 0.701904 0.681144 0.700684 0.680614 0.700684 0.683792 0.702148 0.682733 0.702637 0.683263 0.702637 0.680614 0.703125 0.679025 0.704102 0.679025 0.705566 0.681144 0.708008 0.680614
1 0.542725 0.670021 0.541504 0.670021 0.541016 0.674258 0.540039 0.675847 0.540527 0.676907 0.543213 0.672669
1 0.563477 0.667903 0.563232 0.669492 0.561035 0.668432 0.561035 0.669492 0.561768 0.671081 0.561523 0.675847 0.562500 0.677436 0.562500 0.679025 0.561768 0.681674 0.561768 0.684322 0.562256 0.685381 0.562012 0.691208 0.562744 0.693326 0.562744 0.694386 0.562256 0.694915 0.562012 0.693856 0.562256 0.695445 0.561768 0.695445 0.562256 0.697564 0.562012 0.702860 0.562500 0.703390 0.562500 0.710275 0.562012 0.710805 0.562012 0.711864 0.563965 0.711335 0.564453 0.709746 0.563721 0.709746 0.564209 0.708157 0.563477 0.707627 0.563232 0.705508 0.562744 0.704979 0.562988 0.702860 0.563965 0.702860 0.563965 0.699682 0.563477 0.698623 0.563477 0.694915 0.562744 0.694386 0.562988 0.693326 0.563721 0.693326 0.563721 0.690148 0.562744 0.689089 0.563477 0.688559 0.563477 0.687500 0.562744 0.688559 0.562744 0.686441 0.562256 0.685911 0.562256 0.684852 0.563477 0.683263 0.563477 0.679555 0.563232 0.681674 0.562744 0.679555 0.563477 0.677966 0.563477 0.675847 0.563965 0.674788 0.563965 0.672669 0.563477 0.672669
1 0.590576 0.667903 0.589355 0.667373 0.590332 0.670021 0.588867 0.671081 0.588867 0.673199 0.582520 0.674258 0.582275 0.675318 0.583008 0.676907 0.586426 0.676907 0.586914 0.675847 0.590332 0.676377 0.590332 0.675318 0.589111 0.673729 0.590088 0.670551 0.590576 0.671081
1 0.404053 0.672140 0.404053 0.673199 0.404785 0.672140 0.405518 0.672669 0.406494 0.675318 0.407471 0.675318 0.407715 0.674258 0.408691 0.676907 0.410889 0.674788 0.412109 0.674788 0.411621 0.673199 0.411133 0.673729 0.410645 0.672669 0.410400 0.674788 0.409668 0.675318 0.407715 0.670551 0.407715 0.667373 0.406250 0.670551 0.405029 0.670551
1 0.237061 0.666314 0.236328 0.669492 0.238770 0.670551 0.238525 0.669492 0.239502 0.668432 0.239014 0.667903 0.239014 0.666314
1 0.680908 0.665254 0.680664 0.666843 0.680176 0.666843 0.680664 0.668962 0.681396 0.670021 0.682373 0.668962 0.682373 0.666843
1 0.277588 0.664725 0.275879 0.664195 0.275391 0.665254 0.275146 0.663665 0.274170 0.665254 0.274902 0.666843 0.274902 0.668432 0.274414 0.669492 0.275391 0.669492 0.275146 0.670551 0.274414 0.670551 0.274902 0.671610 0.274902 0.676377 0.274414 0.676907 0.274902 0.677966 0.276123 0.677436 0.275391 0.674258 0.275391 0.671081 0.276367 0.669492 0.275391 0.667373 0.275879 0.666314 0.278076 0.665784
1 0.731201 0.665254 0.731689 0.666314 0.733154 0.666843 0.733398 0.667903 0.733887 0.666843 0.733887 0.665254 0.732666 0.663136
1 0.360352 0.664195 0.359619 0.663136 0.359131 0.663665 0.358887 0.665254 0.359619 0.666843 0.359131 0.667903 0.357666 0.668962 0.356445 0.668432 0.356201 0.670021 0.355713 0.669492 0.355957 0.670551 0.355225 0.673729 0.354248 0.673199 0.353271 0.668962 0.351807 0.667373 0.352295 0.670021 0.352295 0.673199 0.351562 0.675318 0.351807 0.674788 0.353027 0.675847 0.352295 0.679025 0.352539 0.680085 0.355469 0.679555 0.356445 0.677966 0.356445 0.676907 0.358887 0.673729 0.360107 0.671081 0.360107 0.669492 0.359375 0.668962 0.359375 0.667373 0.360352 0.666314
1 0.579834 0.662606 0.578369 0.662606 0.578125 0.665784 0.577637 0.666314 0.577637 0.668962 0.578369 0.668962 0.579102 0.666843 0.580566 0.665784
1 0.530762 0.662606 0.530518 0.664725 0.531494 0.666314 0.531250 0.667373 0.531982 0.665784 0.532227 0.667373 0.532715 0.667373 0.532715 0.666314 0.531982 0.665784 0.532227 0.663665 0.531250 0.662076
1 0.250244 0.663136 0.249268 0.663665 0.248047 0.663136 0.247559 0.662076 0.246582 0.664195 0.245605 0.663136 0.245117 0.664195 0.244873 0.663136 0.244385 0.663665 0.244385 0.664725 0.245117 0.665254 0.245117 0.666843 0.245605 0.667373 0.246094 0.671081 0.245605 0.671610 0.244385 0.668432 0.243408 0.667903 0.244141 0.667373 0.244141 0.666314 0.242188 0.667373 0.242188 0.668962 0.243652 0.669492 0.243652 0.670551 0.243164 0.670551 0.243652 0.671610 0.242432 0.672669 0.241943 0.672140 0.241455 0.673199 0.242676 0.672669 0.243652 0.674258 0.244385 0.674258 0.244873 0.672140 0.245361 0.673729 0.244873 0.674788 0.246338 0.674258 0.247803 0.676907 0.248779 0.674788 0.249756 0.675318 0.249756 0.670551 0.249268 0.669492 0.250244 0.668962 0.250732 0.667373 0.250244 0.666843
1 0.629395 0.661547 0.631104 0.665254 0.629639 0.668962 0.630127 0.668432 0.630615 0.671081 0.629395 0.671610 0.629150 0.673199 0.630859 0.673729 0.631104 0.671081 0.632080 0.668962 0.632324 0.664725
1 0.307373 0.661547 0.307129 0.662076 0.306152 0.661017 0.304932 0.661017 0.304688 0.662606 0.305176 0.663665 0.303955 0.666314 0.304199 0.670021 0.304688 0.671081 0.304688 0.672140 0.304199 0.672669 0.304443 0.674258 0.304443 0.672669 0.305176 0.671610 0.305176 0.669492 0.304199 0.667903 0.304199 0.666843 0.306885 0.664195 0.307861 0.666314 0.308594 0.663665 0.308350 0.664195 0.307861 0.663136 0.308105 0.662606 0.307617 0.662606
1 0.192139 0.661017 0.189941 0.660487 0.190674 0.662076 0.189941 0.662076 0.189209 0.664725 0.188477 0.663136 0.188965 0.664725 0.188721 0.665784 0.188477 0.665254 0.189453 0.666843 0.189941 0.666843 0.190186 0.665784 0.190430 0.666314 0.190430 0.662606 0.191162 0.661547 0.191650 0.663136
1 0.588867 0.659958 0.588867 0.661547 0.589844 0.664725 0.590576 0.663136 0.591309 0.666314 0.592773 0.663136 0.592285 0.661547 0.591309 0.663665 0.590820 0.663665 0.589600 0.662076
1 0.446289 0.658898 0.445801 0.663136 0.447266 0.666843 0.447754 0.666843 0.448486 0.664195 0.447021 0.663665 0.446533 0.661547 0.446777 0.659958
1 0.243652 0.661017 0.243896 0.662606 0.246826 0.662076 0.246338 0.658898 0.245117 0.658898 0.244873 0.659958
1 0.493164 0.656780 0.492920 0.657839 0.492188 0.657309 0.491943 0.659958 0.492676 0.661017 0.492676 0.664725 0.491943 0.665784 0.491211 0.664195 0.490723 0.666843 0.490723 0.669492 0.491211 0.670551 0.490234 0.672669 0.490967 0.671081 0.491455 0.673199 0.492188 0.674258 0.491699 0.675318 0.491699 0.677436 0.489502 0.677436 0.491943 0.677436 0.492432 0.678496 0.491455 0.681674 0.491211 0.681144 0.492188 0.683263 0.491699 0.683792 0.491943 0.684322 0.492432 0.683263 0.492920 0.685381 0.493408 0.685381 0.492920 0.682203 0.494873 0.678496 0.494141 0.676907 0.495850 0.672140 0.494629 0.665784 0.494141 0.664725 0.493408 0.665784 0.493164 0.665254 0.492920 0.661017 0.493896 0.659958
1 0.435303 0.656780 0.434570 0.656780 0.434082 0.657839 0.434326 0.660487 0.433838 0.661547 0.434814 0.661547 0.435547 0.660487 0.435791 0.658369
1 0.578125 0.656780 0.576660 0.656780 0.576416 0.655720 0.576660 0.656780 0.575928 0.657309 0.575684 0.660487 0.576172 0.663665 0.577637 0.661017 0.577393 0.658898 0.578125 0.657839
1 0.616455 0.655191 0.614990 0.655720 0.614258 0.657309 0.613770 0.657309 0.614258 0.659428 0.614258 0.668962 0.613525 0.670551 0.613770 0.671081 0.613037 0.674258 0.613281 0.676377 0.614014 0.672669 0.614990 0.671610 0.616699 0.666314 0.616699 0.663136 0.617676 0.661017 0.617676 0.659428
1 0.292236 0.658369 0.291016 0.656780 0.291260 0.655720 0.291748 0.656250 0.291504 0.655191 0.291016 0.656250 0.289062 0.657309 0.289307 0.658369 0.290771 0.659958
1 0.300537 0.654131 0.300537 0.656780 0.301758 0.658369 0.302734 0.657839 0.302002 0.653602 0.301514 0.654661
1 0.657959 0.658369 0.658936 0.659958 0.660400 0.659958 0.660889 0.661017 0.662842 0.661547 0.666260 0.657309 0.666504 0.656250 0.664307 0.655720 0.663818 0.656780 0.662598 0.657309 0.662354 0.658369 0.661621 0.657839 0.659668 0.653072 0.658691 0.654131 0.658936 0.654661
1 0.698242 0.653072 0.697021 0.653072 0.695801 0.655720 0.695801 0.656780 0.697266 0.657839 0.698242 0.654661
1 0.521484 0.649894 0.518799 0.652542 0.518311 0.654661 0.517578 0.652542 0.517334 0.653072 0.517578 0.655191 0.518555 0.656250 0.518311 0.657309 0.520264 0.655191 0.520752 0.655720 0.520508 0.656780 0.521240 0.655720 0.520996 0.651483
1 0.320312 0.648835 0.320312 0.652013 0.321289 0.653072 0.321289 0.654131 0.320557 0.655720 0.320068 0.655191 0.320068 0.653602 0.319092 0.652542 0.319092 0.651483 0.317871 0.651483 0.317627 0.652542 0.316895 0.652542 0.315674 0.654661 0.314697 0.654661 0.313232 0.657309 0.313721 0.657309 0.313965 0.656250 0.314697 0.656780 0.315186 0.655720 0.316895 0.659428 0.317871 0.659428 0.317871 0.660487 0.318604 0.661547 0.318115 0.662076 0.318115 0.663136 0.319580 0.664725 0.319336 0.666843 0.318604 0.668432 0.319092 0.668962 0.319336 0.672669 0.320557 0.672140 0.321777 0.669492 0.322998 0.668962 0.323486 0.667903 0.322266 0.666843 0.321777 0.667373 0.321045 0.665784 0.321045 0.663665 0.322266 0.660487 0.322021 0.657309 0.322510 0.657309 0.322754 0.656250 0.324707 0.658898 0.325928 0.655191 0.325195 0.652542 0.324463 0.653072 0.324219 0.652013 0.323242 0.652542 0.322998 0.651483 0.321045 0.651483
1 0.403320 0.649894 0.401855 0.650953 0.401367 0.648835 0.400391 0.648305 0.400146 0.649894 0.401123 0.649364 0.403076 0.654131 0.402100 0.656250 0.401367 0.656250 0.401123 0.655191 0.401611 0.654661 0.400879 0.653602 0.399170 0.656780 0.398193 0.657309 0.398926 0.657309 0.399658 0.655720 0.402100 0.656780 0.403320 0.654131 0.402832 0.652542 0.403564 0.650953
1 0.729980 0.647246 0.729980 0.652013 0.728760 0.652542 0.729492 0.654131 0.730469 0.654131 0.730957 0.653072 0.731445 0.653602 0.732422 0.651483 0.732422 0.648835 0.731689 0.647246
1 0.244629 0.649364 0.242920 0.648305 0.241699 0.649894 0.241455 0.647246 0.240234 0.647246 0.239014 0.649894 0.238281 0.648835 0.236084 0.649894 0.235840 0.649364 0.235840 0.650953 0.236572 0.654131 0.237305 0.654661 0.239990 0.652013 0.239258 0.650424 0.240479 0.649364 0.242188 0.650424
1 0.290527 0.648305 0.289795 0.648305 0.288574 0.646186 0.286621 0.648305 0.288818 0.648835 0.289062 0.649894 0.289795 0.649894
1 0.357178 0.645127 0.355469 0.648835 0.355469 0.650424 0.356689 0.652013 0.358398 0.647775 0.358154 0.646186 0.357422 0.646186
1 0.295410 0.645127 0.294189 0.645657 0.294678 0.646186 0.293701 0.647775 0.292480 0.647775 0.293701 0.648305 0.292969 0.648835 0.292969 0.649894 0.295166 0.649894 0.295898 0.647246 0.294434 0.647246
1 0.598145 0.646186 0.599365 0.648835 0.599854 0.652013 0.599609 0.655191 0.600098 0.654661 0.599609 0.653072 0.601318 0.649894 0.602783 0.649364 0.603760 0.652542 0.604004 0.650953 0.603760 0.652013 0.603516 0.651483 0.603516 0.649364 0.604004 0.647775 0.602051 0.648305 0.601318 0.649364 0.600342 0.648835 0.600098 0.643008 0.599365 0.643008 0.599365 0.645657 0.598877 0.646716
1 0.531494 0.644068 0.530273 0.643008 0.529297 0.647775 0.529785 0.649364 0.529297 0.650424 0.528564 0.650424 0.528809 0.653602 0.530762 0.650424 0.531006 0.647246 0.531494 0.646716
1 0.222412 0.642479 0.220215 0.643008 0.218506 0.646186 0.217773 0.645657 0.217285 0.646716 0.219727 0.647246
1 0.693115 0.641949 0.696533 0.648305 0.696045 0.643008 0.697021 0.643008 0.695557 0.641949
1 0.304199 0.644068 0.302246 0.643008 0.302002 0.641949 0.301758 0.645657 0.300293 0.646186 0.299805 0.647246 0.299805 0.648835 0.300293 0.649894 0.301514 0.648835 0.303223 0.644597
1 0.658936 0.641419 0.659180 0.644597 0.658447 0.645127 0.658691 0.646186 0.661621 0.646186 0.660645 0.643008
1 0.314941 0.640890 0.313477 0.643008 0.313477 0.644597 0.314453 0.645127 0.313965 0.646186 0.313965 0.647775 0.314941 0.649364 0.314941 0.650953 0.314453 0.651483 0.314209 0.653602 0.313477 0.653072 0.312744 0.654131 0.313965 0.654131 0.315186 0.652013 0.316162 0.652013 0.316162 0.649894 0.317627 0.647775 0.317627 0.646716 0.316650 0.646716 0.316650 0.644068 0.315674 0.645127 0.314209 0.643538
1 0.323486 0.639831 0.323242 0.644597 0.326416 0.644597 0.325684 0.640890 0.324707 0.639831
1 0.787109 0.639301 0.787109 0.640360 0.787598 0.640890 0.788086 0.640360 0.789307 0.641419 0.789551 0.643538 0.790039 0.644068 0.793457 0.644597 0.793457 0.641419 0.789307 0.640360 0.788330 0.638242
1 0.744141 0.637712 0.738525 0.638242 0.736084 0.639831 0.735352 0.641949 0.736328 0.643008 0.736572 0.642479 0.735596 0.641419 0.737061 0.639301 0.742676 0.639301
1 0.583496 0.643008 0.584717 0.646716 0.585449 0.646716 0.585938 0.645127 0.586670 0.646716 0.586670 0.647775 0.587646 0.649364 0.590088 0.646716 0.593018 0.649364 0.595947 0.648835 0.596436 0.649894 0.597168 0.655191 0.595703 0.656250 0.597412 0.655720 0.597656 0.654131 0.596191 0.649364 0.597412 0.647246 0.597656 0.645657 0.594971 0.642479 0.594238 0.642479 0.596191 0.644068 0.596924 0.645657 0.596436 0.648835 0.594238 0.645657 0.592041 0.645657 0.591064 0.647246 0.590332 0.645127 0.591064 0.641419 0.590820 0.640360 0.591797 0.639831 0.591309 0.638771 0.590576 0.639831 0.588623 0.637712 0.587891 0.638242 0.589600 0.642479 0.588867 0.645127 0.588135 0.643538 0.588379 0.641949 0.587402 0.642479 0.587158 0.640360 0.586914 0.641949 0.586426 0.639301 0.585205 0.641419 0.584961 0.643008 0.585693 0.641419 0.586426 0.642479 0.586426 0.640360 0.586914 0.641949 0.586914 0.644597 0.587402 0.645657 0.588135 0.645127 0.588623 0.646186 0.587646 0.648305 0.586914 0.647775 0.586670 0.645657
1 0.413330 0.637712 0.413574 0.640890 0.416260 0.642479 0.416016 0.644597 0.417236 0.649364 0.418213 0.648835 0.418945 0.647246 0.418213 0.645127 0.418457 0.643538 0.417480 0.641419 0.416260 0.641949 0.415771 0.638771 0.414307 0.639301 0.413818 0.637712
1 0.799805 0.636653 0.798096 0.637712 0.797607 0.639831 0.798340 0.641419 0.799561 0.640890 0.800049 0.639831
1 0.567383 0.635593 0.566895 0.636653 0.566895 0.638242 0.565674 0.639831 0.565674 0.641949 0.566406 0.643008 0.565918 0.645657 0.565918 0.647246 0.566406 0.648305 0.566406 0.650953 0.565918 0.651483 0.566406 0.652542 0.566406 0.657309 0.565918 0.657839 0.566406 0.661017 0.566406 0.668962 0.565430 0.670021 0.565918 0.670551 0.565918 0.672140 0.566406 0.668962 0.567627 0.668962 0.567871 0.670021 0.570068 0.670021 0.570312 0.666843 0.572510 0.666843 0.572510 0.652542 0.571533 0.652013 0.571533 0.650424 0.571045 0.649894 0.571045 0.648305 0.570557 0.647246 0.568848 0.647246 0.568604 0.646186 0.567627 0.645657 0.567627 0.643008 0.568604 0.641419 0.568848 0.636123
1 0.779541 0.635064 0.778564 0.635064 0.775635 0.638242 0.777344 0.641419 0.779053 0.640890
1 0.301270 0.635593 0.301758 0.637182 0.302979 0.636123 0.305176 0.636123 0.306152 0.638242 0.306396 0.640360 0.305908 0.641419 0.304932 0.641419 0.304688 0.643008 0.305664 0.643008 0.306641 0.640890 0.307373 0.641419 0.306885 0.642479 0.307129 0.643008 0.308105 0.643008 0.307373 0.641419 0.308105 0.640890 0.308105 0.639831 0.307129 0.638242 0.307129 0.637182 0.307617 0.636653 0.307373 0.635593 0.306885 0.637182 0.306396 0.637182 0.306396 0.636123 0.305664 0.635064 0.302490 0.634534
1 0.197998 0.635593 0.198730 0.636653 0.205322 0.636653 0.202393 0.635064 0.201660 0.635593 0.201172 0.634534 0.200928 0.635593 0.200195 0.635593 0.199707 0.634534
1 0.542725 0.634004 0.541992 0.634004 0.540771 0.638242 0.540771 0.639301 0.541504 0.640360 0.541260 0.642479 0.541748 0.641949 0.541748 0.637182 0.542725 0.636653
1 0.438965 0.637712 0.438232 0.644597 0.440674 0.647246 0.441650 0.644597 0.443848 0.650953 0.445801 0.650424 0.443359 0.654661 0.443848 0.657309 0.446533 0.656250 0.447510 0.653072 0.446533 0.648835 0.447754 0.649364 0.449219 0.660487 0.448242 0.662076 0.450195 0.661547 0.448975 0.665254 0.451172 0.672669 0.449707 0.677436 0.451660 0.677966 0.449219 0.682203 0.442383 0.680614 0.442627 0.684322 0.439453 0.684322 0.441406 0.689089 0.440918 0.691737 0.442627 0.686970 0.447754 0.689089 0.446289 0.685911 0.451172 0.684852 0.451660 0.687500 0.448975 0.688030 0.448730 0.692267 0.451904 0.693856 0.452881 0.700212 0.453369 0.695445 0.456055 0.702331 0.455811 0.705508 0.454102 0.704449 0.454590 0.706568 0.459961 0.710805 0.459473 0.714513 0.461426 0.713983 0.461426 0.716102 0.461426 0.709746 0.459717 0.713453 0.460205 0.709216 0.458740 0.705508 0.460449 0.703390 0.458984 0.701801 0.457275 0.686970 0.459473 0.694386 0.459473 0.689619 0.462158 0.702860 0.463135 0.699682 0.461670 0.694386 0.465088 0.686970 0.466797 0.687500 0.464844 0.690678 0.465088 0.694386 0.471680 0.692797 0.472168 0.696504 0.473633 0.693856 0.476074 0.699153 0.477051 0.692267 0.478271 0.697564 0.480225 0.694386 0.478760 0.688559 0.472656 0.687500 0.472900 0.684322 0.470703 0.683263 0.471680 0.679555 0.470459 0.681144 0.465332 0.669492 0.465088 0.677966 0.463135 0.675318 0.462891 0.678496 0.458984 0.679555 0.461670 0.670551 0.461182 0.663665 0.458496 0.671081 0.458252 0.668962 0.455566 0.672140 0.455322 0.663136 0.453125 0.664725 0.451904 0.657309 0.453613 0.653072 0.451172 0.657309 0.449707 0.653602 0.450684 0.650424 0.448730 0.650424 0.447754 0.643008 0.445312 0.637712 0.444092 0.639301 0.443359 0.634534 0.441650 0.635064 0.442627 0.640890 0.440918 0.640890 0.440186 0.636653
1 0.683350 0.633475 0.682617 0.633475 0.682373 0.635593 0.681152 0.635064 0.681152 0.636123 0.681396 0.635593 0.681641 0.637182 0.683594 0.638771 0.684326 0.640360 0.683105 0.643008 0.683105 0.645657 0.683594 0.647246 0.682861 0.647775 0.679199 0.646716 0.679688 0.647775 0.677490 0.651483 0.676270 0.648305 0.676270 0.645127 0.675781 0.646186 0.675293 0.644068 0.677246 0.643008 0.676270 0.641949 0.676025 0.644068 0.675049 0.642479 0.675049 0.640890 0.674561 0.639831 0.672363 0.639831 0.673584 0.641949 0.675537 0.648835 0.675537 0.650424 0.673828 0.652542 0.673828 0.654661 0.675293 0.654131 0.675293 0.653072 0.675781 0.654131 0.676514 0.653602 0.675781 0.651483 0.676025 0.650424 0.676758 0.652013 0.677734 0.652013 0.677979 0.650424 0.679199 0.650424 0.679932 0.649364 0.681885 0.653072 0.681885 0.652013 0.682861 0.651483 0.681885 0.649894 0.681885 0.648835 0.682373 0.647775 0.684326 0.646716 0.684570 0.644597 0.684082 0.646186 0.683594 0.645657 0.683594 0.644597 0.684570 0.643538 0.684326 0.639301 0.683838 0.639301 0.683105 0.637182 0.683350 0.636653 0.682861 0.636123 0.683350 0.635064
1 0.668701 0.633475 0.666992 0.634534 0.665039 0.638771 0.666748 0.637712 0.666992 0.638242 0.667725 0.635593 0.667969 0.636653
1 0.294678 0.634004 0.293457 0.633475 0.292725 0.635064 0.292236 0.638771 0.292480 0.637712 0.294189 0.638242
1 0.463867 0.632415 0.463623 0.633475 0.461914 0.633475 0.463379 0.634534 0.462646 0.635593 0.462402 0.637712 0.463623 0.638242 0.463623 0.635064 0.464111 0.634004 0.464844 0.634534
1 0.277588 0.632415 0.277344 0.635064 0.278076 0.635064 0.278809 0.637182 0.279053 0.636123 0.279541 0.637182 0.279297 0.637712 0.279541 0.635593 0.278809 0.632945
1 0.775879 0.631356 0.775146 0.630297 0.773682 0.630297 0.772949 0.634534 0.771973 0.636123 0.771729 0.637712 0.771240 0.637712 0.770264 0.639831 0.769287 0.639831 0.768799 0.638771 0.768066 0.638771 0.767578 0.639831 0.764160 0.639831 0.762939 0.642479 0.763184 0.646716 0.764648 0.649894 0.766846 0.647775 0.766846 0.648835 0.767334 0.648835 0.768799 0.653072 0.769775 0.651483 0.770020 0.649894 0.770508 0.650424 0.770996 0.648835 0.771729 0.648835 0.772461 0.647246 0.773682 0.648305 0.774658 0.646716 0.772949 0.644068 0.772705 0.641949 0.771973 0.641419 0.772217 0.639831 0.773438 0.638242 0.773926 0.635064
1 0.637207 0.629237 0.636963 0.630826 0.637451 0.630826 0.637695 0.632945 0.638184 0.633475 0.638184 0.635064 0.637207 0.636123 0.636963 0.638242 0.636230 0.638771 0.637207 0.643538 0.639160 0.646716 0.640381 0.645657 0.640869 0.646716 0.640381 0.648835 0.642090 0.653602 0.643799 0.651483 0.642578 0.648835 0.642090 0.645127 0.641113 0.644068 0.641602 0.643008 0.641602 0.640890 0.641113 0.639301 0.641846 0.638242 0.641846 0.635064 0.640869 0.632415 0.640137 0.632415 0.640625 0.632945 0.640625 0.635593 0.641602 0.636653 0.641357 0.637712 0.640869 0.637182 0.641113 0.642479 0.640137 0.644597 0.638916 0.641949 0.638916 0.640890 0.639404 0.640360 0.639404 0.637712 0.638916 0.637182 0.638916 0.635593 0.639404 0.635064 0.639404 0.632415 0.638916 0.631886 0.638916 0.630297
1 0.341309 0.629767 0.340576 0.629237 0.339111 0.631886 0.338867 0.631356 0.338379 0.632945 0.339355 0.634004
1 0.326904 0.629767 0.326416 0.631356 0.327393 0.633475 0.328857 0.632945 0.329102 0.631886 0.328613 0.629767
1 0.215332 0.628708 0.214600 0.628708 0.214111 0.629767 0.213379 0.635064 0.212646 0.636653 0.211914 0.636653 0.211670 0.635593 0.212158 0.635064 0.212158 0.632945 0.212891 0.631356 0.212402 0.630826 0.212402 0.629767 0.212158 0.630826 0.211914 0.629767 0.210938 0.629237 0.210693 0.630297 0.209717 0.630826 0.209229 0.632945 0.208496 0.632415 0.208252 0.633475 0.206543 0.633475 0.206543 0.634534 0.205811 0.635593 0.205566 0.638242 0.205811 0.637712 0.207275 0.639831 0.207031 0.640890 0.208008 0.641949 0.207764 0.644068 0.208740 0.644597 0.209473 0.646186 0.209473 0.647775 0.210205 0.645127 0.208740 0.644068 0.208496 0.643008 0.209229 0.641419 0.210449 0.642479 0.210938 0.645127 0.211426 0.645657 0.213379 0.645657 0.213867 0.645127 0.213379 0.644597 0.214111 0.644068 0.214355 0.645127 0.214600 0.643538 0.215332 0.643538 0.214600 0.639301 0.215088 0.636123 0.214600 0.634004 0.215820 0.630297
1 0.630859 0.627648 0.630615 0.630826 0.631104 0.630297 0.631836 0.631356 0.633057 0.631356 0.632812 0.628178 0.631836 0.628178 0.631104 0.629767
1 0.537842 0.627119 0.537354 0.627119 0.537109 0.628708 0.536133 0.630297 0.537598 0.635593
1 0.452148 0.630297 0.451660 0.631356 0.451660 0.632945 0.452637 0.633475 0.453857 0.636123 0.455566 0.643008 0.455811 0.640890 0.457031 0.641949 0.456543 0.642479 0.456543 0.644068 0.457275 0.644068 0.458496 0.647246 0.458984 0.652013 0.459961 0.653602 0.460205 0.657839 0.460938 0.655720 0.461426 0.656780 0.461182 0.658369 0.461426 0.657839 0.461914 0.658898 0.461914 0.660487 0.462646 0.662606 0.462646 0.661017 0.463379 0.661017 0.463623 0.659958 0.462158 0.658898 0.461914 0.652013 0.460693 0.649894 0.460693 0.648305 0.462158 0.645127 0.463135 0.645657 0.463379 0.644068 0.462402 0.642479 0.462402 0.644068 0.461670 0.645127 0.461426 0.643008 0.461914 0.641949 0.461182 0.642479 0.460449 0.644597 0.457764 0.638771 0.458008 0.636653 0.459473 0.636653 0.458496 0.635593 0.459961 0.634004 0.460449 0.635064 0.459961 0.636653 0.461182 0.637182 0.461670 0.638242 0.461426 0.639301 0.461914 0.637182 0.461182 0.637182 0.460449 0.635593 0.460449 0.633475 0.457764 0.636123 0.457031 0.635593 0.456543 0.637182 0.455322 0.636653 0.454834 0.638771 0.453857 0.636653 0.453857 0.635064 0.454590 0.635064 0.454590 0.632945 0.455078 0.634004 0.456299 0.634004 0.456543 0.632945 0.457031 0.634004 0.458252 0.634004 0.459473 0.631886 0.460693 0.631886 0.461182 0.634004 0.461182 0.632415 0.460693 0.631356 0.457031 0.632415 0.456787 0.631356 0.457520 0.629767 0.459229 0.628708 0.458984 0.627119 0.457520 0.626589 0.456787 0.629237 0.456299 0.628178 0.455078 0.628178 0.454346 0.631356 0.453857 0.630826 0.453857 0.629237 0.453125 0.630826
1 0.273682 0.627648 0.271729 0.626059 0.270996 0.627648 0.268066 0.627648 0.268799 0.632945 0.265137 0.640890 0.263916 0.639301 0.264893 0.634534 0.263672 0.632415 0.264160 0.643538 0.262207 0.644068 0.261963 0.646186 0.260742 0.646186 0.257568 0.653072 0.255859 0.651483 0.256348 0.657309 0.254395 0.661547 0.253174 0.656780 0.251465 0.664725 0.252197 0.665784 0.253418 0.663665 0.253662 0.665784 0.254639 0.661547 0.255615 0.662606 0.255859 0.660487 0.257080 0.660487 0.257324 0.665784 0.255859 0.668962 0.257568 0.671081 0.256836 0.668962 0.257324 0.667373 0.259521 0.667903 0.257568 0.658898 0.260742 0.657309 0.261963 0.660487 0.261719 0.664725 0.263428 0.663665 0.264404 0.666843 0.264160 0.664195 0.265625 0.662606 0.267822 0.664195 0.267090 0.666843 0.269287 0.665784 0.269287 0.668962 0.270508 0.669492 0.270020 0.672140 0.268066 0.672669 0.267822 0.669492 0.267090 0.671081 0.267822 0.673199 0.270020 0.673729 0.272949 0.668432 0.272461 0.663665 0.270996 0.664195 0.271729 0.665254 0.270752 0.668962 0.269775 0.666843 0.270020 0.663136 0.269287 0.663665 0.268555 0.661017 0.265869 0.662076 0.266357 0.659428 0.264648 0.659428 0.264404 0.656250 0.268311 0.655720 0.269287 0.658898 0.272217 0.658369 0.271240 0.656250 0.273926 0.649364 0.269531 0.654661 0.264648 0.654131 0.267578 0.645657 0.271729 0.648835 0.270264 0.644597 0.270508 0.642479 0.268799 0.642479 0.268066 0.640360 0.269287 0.637712 0.270752 0.640890 0.273438 0.636123 0.274170 0.637182 0.271973 0.643008 0.273193 0.641949 0.275146 0.636123
1 0.772461 0.627648 0.771484 0.625530 0.770508 0.625000 0.770508 0.626059 0.769531 0.627648 0.769531 0.628708 0.768799 0.630297 0.769043 0.632415 0.770752 0.629767 0.770996 0.630297 0.771973 0.629237
1 0.705322 0.624470 0.704834 0.626059 0.703369 0.626589 0.704102 0.629767 0.704834 0.628178 0.705566 0.628708 0.704590 0.630826 0.705078 0.631356 0.705078 0.633475 0.705811 0.636653 0.705811 0.641949 0.705078 0.643538 0.703369 0.640890 0.703369 0.646716 0.706543 0.649894 0.707520 0.648305 0.709229 0.650424 0.709717 0.652013 0.710449 0.652013 0.711670 0.648305 0.710449 0.647246 0.710205 0.647775 0.709229 0.645657 0.709229 0.644068 0.711426 0.638242 0.711426 0.636123 0.711914 0.635064 0.711670 0.633475 0.712646 0.632945 0.712891 0.631886 0.713623 0.631886 0.714355 0.630297 0.714600 0.628178 0.713135 0.625000 0.711914 0.625000 0.711182 0.627119 0.710693 0.626589 0.710693 0.625000 0.708984 0.625000 0.708252 0.627119 0.708008 0.626589 0.707031 0.631356 0.706299 0.631886 0.705566 0.629237 0.706543 0.628178 0.707031 0.625530 0.706543 0.623941
1 0.265381 0.623941 0.263916 0.627119 0.263184 0.627648 0.263184 0.629767 0.263672 0.630826 0.264404 0.630826 0.264893 0.629767 0.264648 0.628708 0.264893 0.626059 0.265381 0.626059
1 0.552490 0.626589 0.553955 0.627648 0.554443 0.625530 0.556396 0.627648 0.557617 0.630297 0.558105 0.629237 0.558105 0.627648 0.557861 0.628708 0.557617 0.628178 0.557617 0.626059 0.558105 0.626059 0.558350 0.625000 0.558105 0.624470 0.557617 0.625530 0.557617 0.623941 0.556641 0.624470 0.555908 0.623411 0.554443 0.623411 0.553955 0.622352 0.553467 0.624470 0.553711 0.625000
1 0.807617 0.626059 0.808350 0.626589 0.808838 0.624470 0.809082 0.625530 0.811279 0.625530 0.811768 0.624470 0.810059 0.621292 0.809082 0.620763 0.808594 0.623941
1 0.774902 0.622881 0.776855 0.629237 0.780273 0.628178 0.780762 0.628708 0.780762 0.627648 0.780518 0.628708 0.779785 0.627119 0.778564 0.627119 0.777100 0.625000 0.777100 0.622881 0.777588 0.621292 0.777100 0.620233 0.776367 0.620763 0.776123 0.623411 0.775391 0.622352
1 0.527832 0.619174 0.526855 0.621292 0.525879 0.620763 0.525879 0.622352 0.525391 0.622881 0.525879 0.624470 0.526855 0.624470 0.527832 0.626059 0.528320 0.625000 0.528320 0.621822 0.528809 0.620763
1 0.268311 0.618644 0.267578 0.620763 0.267578 0.622881 0.266602 0.625000 0.266602 0.629767 0.265625 0.631356 0.265625 0.634534 0.266602 0.633475 0.267334 0.630297 0.266602 0.627648 0.266602 0.625530 0.268311 0.623941
1 0.368408 0.617585 0.366455 0.618114 0.366455 0.622881
1 0.468994 0.615996 0.468750 0.617585 0.469238 0.619174 0.469238 0.622881 0.468750 0.623941 0.468262 0.627648 0.468750 0.629237 0.469482 0.628708 0.470215 0.630297 0.470459 0.629767 0.471924 0.630826 0.472412 0.629237 0.471924 0.629237 0.471924 0.628178 0.471436 0.627648 0.471680 0.625530 0.473145 0.622352 0.474365 0.622352 0.474609 0.620233 0.473633 0.619703 0.473389 0.620763 0.472412 0.619174 0.472656 0.618114 0.471924 0.618114 0.471191 0.615996 0.470215 0.617055 0.469482 0.617055
1 0.728027 0.615996 0.728760 0.618114 0.731445 0.619174 0.732422 0.620763 0.734131 0.626059 0.734619 0.625530 0.734619 0.623941 0.734131 0.625000 0.733643 0.624470 0.733887 0.623411 0.733154 0.621822 0.733643 0.620763 0.733154 0.619703 0.732910 0.616525 0.732666 0.618114 0.730957 0.617585 0.730713 0.618644 0.729980 0.618644 0.729004 0.616525 0.729004 0.615466 0.728516 0.615466 0.728271 0.616525
1 0.594238 0.620763 0.591797 0.615466 0.591797 0.617055 0.591064 0.618644 0.591797 0.620233 0.589844 0.623411 0.591797 0.623411 0.591797 0.618644 0.592285 0.617585
1 0.275635 0.616525 0.274414 0.616525 0.273926 0.615466 0.274414 0.617585 0.273682 0.619174 0.272461 0.618644 0.272217 0.621822 0.269531 0.621292 0.269531 0.622352 0.270264 0.623411 0.270264 0.625000 0.270508 0.623941 0.271484 0.623411 0.272705 0.625530 0.272705 0.623941 0.273438 0.622352 0.273926 0.622881 0.273926 0.624470 0.276123 0.624470 0.275635 0.623411 0.275635 0.618644 0.275146 0.618114
1 0.304443 0.614407 0.301270 0.614936 0.298828 0.619703 0.298828 0.621292 0.299561 0.621292 0.299805 0.620233 0.300293 0.621292 0.301270 0.621292 0.301758 0.618114
1 0.230225 0.617055 0.228760 0.616525 0.228516 0.614407 0.227783 0.616525 0.225830 0.617055 0.225098 0.618644 0.224121 0.619174 0.224121 0.620233 0.225342 0.618644 0.226807 0.618644 0.228516 0.620763 0.229004 0.622352 0.229736 0.622352 0.230225 0.621292 0.230225 0.618644 0.229492 0.618114
1 0.690430 0.613347 0.690918 0.614407 0.690674 0.615466 0.691895 0.615996 0.692627 0.618114 0.692139 0.619703 0.691406 0.620233 0.691650 0.622881 0.692871 0.622881 0.693604 0.621292 0.693115 0.619703 0.693115 0.615996 0.691895 0.613347
1 0.150146 0.613877 0.148438 0.614407 0.146973 0.612818 0.146973 0.615466 0.145508 0.619703 0.145996 0.620233 0.145508 0.622352 0.146484 0.622881 0.150391 0.618114 0.150635 0.617055
1 0.606689 0.610699 0.605713 0.610699 0.605225 0.611758 0.606445 0.613347 0.606445 0.614936 0.605713 0.616525 0.604980 0.615466 0.604248 0.615996 0.604004 0.613877 0.604004 0.617055 0.605225 0.617585 0.606201 0.621292 0.606201 0.615466 0.606934 0.613877 0.607422 0.613877
1 0.163330 0.612288 0.162109 0.611758 0.162109 0.610169 0.161865 0.611229 0.160156 0.610699 0.160156 0.612288 0.158936 0.613877 0.158936 0.615466 0.159424 0.615996 0.159180 0.616525 0.159668 0.618114 0.161377 0.618114 0.163330 0.613347
1 0.125977 0.610699 0.125977 0.611758 0.126709 0.612818 0.129883 0.613347 0.129150 0.615466 0.128662 0.614936 0.128418 0.615996 0.129395 0.616525 0.130127 0.620233 0.131104 0.620233 0.131836 0.619174 0.132080 0.617055 0.131592 0.617055 0.130371 0.612288 0.130127 0.612818 0.128906 0.610169 0.128418 0.610699 0.127686 0.609110
1 0.229492 0.608581 0.229492 0.611758 0.229004 0.612288 0.229492 0.613347 0.229492 0.614936 0.232422 0.614936 0.230713 0.612818 0.231934 0.611229 0.231934 0.610169 0.232422 0.610169 0.230957 0.610169 0.230713 0.608581
1 0.617920 0.608051 0.616943 0.611229 0.617188 0.612818 0.618896 0.611758 0.619385 0.613347 0.619629 0.617585 0.620117 0.618644 0.621582 0.618114 0.622314 0.616525 0.622314 0.615466 0.621094 0.616525 0.619873 0.612288 0.617676 0.609640
1 0.269287 0.610169 0.268311 0.609640 0.267578 0.608051 0.264893 0.610699 0.263916 0.610699 0.263672 0.609640 0.263184 0.609640 0.261719 0.611758 0.261719 0.614936 0.263428 0.617055 0.265381 0.612818 0.267334 0.613347 0.268799 0.611758
1 0.155273 0.608051 0.154785 0.610169 0.155029 0.612288 0.156738 0.611758 0.156982 0.608581
1 0.712891 0.606992 0.711426 0.608051 0.711182 0.611758 0.711670 0.611758 0.711914 0.612818 0.713135 0.609640
1 0.331299 0.606462 0.331299 0.607521 0.332520 0.607521 0.333252 0.606462 0.333984 0.607521 0.333008 0.610699 0.332031 0.609640 0.332275 0.608581 0.332031 0.611229 0.334717 0.611758 0.335693 0.609640 0.336670 0.609640 0.335449 0.607521 0.334961 0.608051 0.333984 0.605932 0.332764 0.606462 0.331787 0.604873
1 0.163574 0.605932 0.163574 0.607521 0.164062 0.608051 0.163574 0.609110 0.165527 0.609640 0.166992 0.613877 0.167725 0.613877 0.168945 0.616525 0.168457 0.617585 0.169434 0.617585 0.169922 0.620233 0.171631 0.620233 0.172119 0.621822 0.172607 0.621292 0.173828 0.622881 0.173828 0.626589 0.172852 0.626589 0.173828 0.628708 0.174805 0.628178 0.175293 0.629237 0.174805 0.631886 0.175537 0.633475 0.178467 0.631886 0.179199 0.632945 0.179932 0.630826 0.181885 0.631886 0.182129 0.632945 0.183350 0.632945 0.183838 0.631356 0.184082 0.632415 0.184326 0.631356 0.185547 0.631356 0.185791 0.632415 0.186279 0.630297 0.184814 0.629237 0.184082 0.627119 0.184570 0.625000 0.185059 0.626059 0.185059 0.625000 0.184570 0.625000 0.184570 0.622352 0.182861 0.622352 0.182617 0.618644 0.181885 0.618644 0.180420 0.621292 0.179932 0.620763 0.179932 0.618644 0.178467 0.614936 0.178711 0.613877 0.181641 0.614936 0.181641 0.613877 0.179932 0.613347 0.181885 0.611229 0.179932 0.609110 0.180420 0.605403 0.179443 0.604343 0.176025 0.605403 0.174805 0.604343 0.173828 0.606462 0.174316 0.607521 0.174316 0.610169 0.173096 0.608581 0.173340 0.607521 0.172119 0.608051 0.171875 0.610169 0.172119 0.609640 0.172852 0.612288 0.174072 0.612818 0.174805 0.610699 0.176758 0.613347 0.176514 0.614407 0.174316 0.613877 0.175293 0.616525 0.175049 0.618644 0.172607 0.616525 0.171143 0.617055 0.169922 0.612818 0.170654 0.612288 0.170410 0.611229 0.169922 0.612818 0.168457 0.610169 0.168701 0.608051 0.169434 0.607521 0.167969 0.607521 0.166748 0.609640 0.166016 0.607521 0.165771 0.608581 0.164062 0.608051
1 0.201416 0.618644 0.200439 0.619174 0.198975 0.622352 0.197754 0.622881 0.197510 0.619703 0.198242 0.618114 0.197021 0.617055 0.196289 0.615466 0.196289 0.613877 0.195801 0.613347 0.196289 0.611758 0.198486 0.610699 0.198486 0.609640 0.196777 0.609640 0.195068 0.603284 0.194092 0.603284 0.191895 0.607521 0.191650 0.606992 0.190674 0.608581 0.190430 0.610699 0.189453 0.613347 0.189697 0.614407 0.189209 0.614936 0.189209 0.615996 0.187256 0.615996 0.186768 0.617055 0.186523 0.620763 0.188477 0.622881 0.189209 0.621292 0.189453 0.621822 0.189697 0.620763 0.190186 0.620763 0.189697 0.618644 0.190186 0.616525 0.191650 0.615996 0.192139 0.614936 0.192871 0.615466 0.193115 0.614407 0.193604 0.616525 0.193359 0.619174 0.193604 0.618644 0.194336 0.621292 0.194824 0.621292 0.196045 0.624470 0.196777 0.625000 0.197510 0.623411 0.198730 0.623941 0.200439 0.622352
1 0.805664 0.602754 0.805664 0.604873 0.805176 0.605403 0.806152 0.605932 0.807373 0.608051 0.805664 0.612818 0.807861 0.612288 0.808838 0.608581 0.808105 0.609110 0.807373 0.607521 0.807861 0.606462 0.806885 0.604873 0.806641 0.603284 0.806396 0.603814
1 0.491699 0.602754 0.491699 0.612288 0.492188 0.613877 0.491699 0.615996 0.492432 0.617055 0.492188 0.619174 0.493408 0.619174 0.493896 0.620233 0.493896 0.618644 0.492920 0.618114 0.492920 0.616525 0.493408 0.615996 0.492920 0.610699 0.494385 0.609110 0.493652 0.607521 0.493408 0.608581 0.492432 0.606462
1 0.550781 0.604343 0.551514 0.605403 0.552490 0.604873 0.553467 0.606462 0.552734 0.609110 0.552979 0.610699 0.555664 0.608051 0.555664 0.605932 0.554932 0.603814 0.553223 0.604873 0.551758 0.603284 0.551270 0.601695
1 0.144043 0.604343 0.142822 0.601695 0.142334 0.601695 0.143066 0.602754 0.140137 0.605403 0.140137 0.606462 0.144043 0.606462
1 0.682129 0.601165 0.680176 0.602754 0.678711 0.605932 0.677002 0.604873 0.675781 0.602754 0.675293 0.603284 0.677490 0.605403 0.678467 0.608581 0.679443 0.606462 0.679688 0.606992 0.681396 0.605403
1 0.236816 0.604343 0.235596 0.604343 0.234619 0.605403 0.234375 0.604343 0.235352 0.602225 0.235352 0.601165 0.234619 0.601165 0.232910 0.604873 0.232178 0.605403 0.233887 0.605403 0.234619 0.606462
1 0.207764 0.600636 0.208740 0.602225 0.210205 0.601165 0.209961 0.599576 0.208740 0.598517
1 0.804932 0.601695 0.804688 0.602225 0.802246 0.599576 0.801514 0.597458 0.800781 0.597458 0.799805 0.595339 0.799316 0.595339 0.799316 0.601165 0.798828 0.605403 0.798096 0.607521 0.795898 0.606462 0.794922 0.610169 0.795410 0.611758 0.796387 0.611758 0.798340 0.609640 0.799805 0.610169
1 0.529785 0.594809 0.531006 0.596928 0.531250 0.599047 0.530518 0.599576 0.531982 0.600106 0.531982 0.597987 0.531006 0.595339 0.531250 0.593750
1 0.336426 0.595339 0.336426 0.597458 0.337158 0.600106 0.336426 0.600106 0.336182 0.602754 0.337158 0.600636 0.338867 0.602225 0.338135 0.600636 0.339111 0.599576 0.339600 0.601165 0.340576 0.600636 0.340088 0.599576 0.338379 0.599576 0.338135 0.598517 0.338623 0.597458 0.338623 0.595869 0.337402 0.593750
1 0.513184 0.594280 0.513672 0.595869 0.517090 0.599576 0.516113 0.598517 0.516113 0.595339 0.516602 0.594809 0.515137 0.596398 0.514648 0.595339 0.514648 0.593220
1 0.244629 0.593220 0.243164 0.593220 0.241943 0.594280 0.241943 0.596398 0.241455 0.597458 0.242188 0.600636 0.244385 0.596398 0.244873 0.594280
1 0.191406 0.593220 0.190918 0.594809 0.189941 0.594809 0.189697 0.595869 0.190186 0.597987 0.189697 0.598517 0.190186 0.599047 0.190430 0.601165 0.191406 0.603814 0.191895 0.603814 0.192871 0.601695 0.192871 0.599576 0.191406 0.598517 0.191406 0.597458 0.192383 0.595339 0.192139 0.593220
1 0.511475 0.591631 0.511230 0.592691 0.511963 0.595339 0.511475 0.598517 0.512939 0.605403 0.513184 0.601165 0.513672 0.601165 0.513916 0.600106 0.514648 0.600106 0.515137 0.601165 0.511475 0.593750
1 0.183350 0.592161 0.183350 0.594809 0.185791 0.594809 0.185547 0.592161
1 0.206787 0.608581 0.210205 0.606462 0.214844 0.606462 0.216064 0.608051 0.217529 0.608581 0.217529 0.607521 0.218750 0.607521 0.218506 0.606992 0.218994 0.606462 0.218262 0.606462 0.216064 0.603284 0.216309 0.602225 0.217529 0.602225 0.218262 0.604873 0.218506 0.602754 0.218018 0.599576 0.217529 0.602225 0.214600 0.600106 0.215332 0.598517 0.214600 0.596398 0.215820 0.593220 0.214844 0.594280 0.213867 0.596928 0.213379 0.596928 0.212158 0.594280 0.211426 0.596398 0.210449 0.593220 0.210693 0.590572 0.209961 0.592691 0.210938 0.595339 0.210938 0.598517 0.211182 0.599047 0.212158 0.597458 0.211426 0.596928 0.211914 0.595869 0.212646 0.595869 0.213867 0.598517 0.213623 0.599576 0.213379 0.599047 0.213379 0.600106 0.214844 0.602754 0.214844 0.604873 0.214111 0.605932 0.212891 0.604873 0.211914 0.604873 0.211182 0.605932 0.210205 0.604343 0.209229 0.605403 0.208008 0.605403 0.208496 0.605932 0.208252 0.606462 0.207031 0.606462
1 0.656738 0.589513 0.656494 0.592161 0.657471 0.593220 0.656738 0.593750 0.656982 0.597458 0.657715 0.599047 0.659180 0.597458 0.659424 0.595869 0.657715 0.590042
1 0.430908 0.588453 0.431152 0.592161 0.430664 0.593220 0.429688 0.591631 0.429688 0.594280 0.428711 0.594809 0.429688 0.596398 0.429932 0.594809 0.430908 0.594809 0.430908 0.593220 0.431641 0.592691 0.431885 0.599047 0.431885 0.596398 0.432373 0.595869 0.431641 0.594809 0.432129 0.594280 0.432861 0.595869 0.433350 0.595869 0.432861 0.595339 0.432373 0.592691 0.432861 0.591631 0.433594 0.591631 0.432617 0.591102 0.432373 0.590042 0.431641 0.591102 0.431641 0.588453
1 0.231934 0.593220 0.233887 0.595339 0.236816 0.595339 0.239746 0.591631 0.239990 0.590572 0.240723 0.590572 0.239502 0.588983 0.238525 0.591102 0.236816 0.591102 0.236328 0.592161 0.236084 0.588983 0.237793 0.588453 0.236084 0.588453 0.232910 0.591102
1 0.316406 0.593220 0.320557 0.593750 0.319092 0.592691 0.319092 0.590042 0.318604 0.589513 0.318604 0.587924 0.317871 0.587924 0.317383 0.592161
1 0.223389 0.587394 0.224609 0.587924 0.225342 0.590042 0.226807 0.588453 0.227295 0.586864 0.225098 0.586335
1 0.507568 0.584746 0.506348 0.584746 0.507324 0.588453 0.506592 0.590042 0.505859 0.590042 0.504883 0.593750 0.504883 0.598517 0.505371 0.599576 0.505371 0.601165 0.506104 0.600106 0.506104 0.598517 0.506836 0.596928 0.507568 0.597987 0.507568 0.594280 0.507080 0.595339 0.506104 0.594809 0.506104 0.593750 0.507080 0.592691 0.507080 0.590042 0.508057 0.587394 0.507568 0.586335
1 0.210938 0.586864 0.210938 0.588983 0.211182 0.587924 0.211670 0.587924 0.214111 0.591102 0.213623 0.589513 0.213623 0.587394 0.212402 0.584746 0.212891 0.586335 0.212646 0.587394
1 0.073975 0.584746 0.072998 0.585805 0.073242 0.589513 0.073486 0.587924 0.073975 0.590042 0.072510 0.594280 0.074707 0.592161 0.074707 0.590572 0.075439 0.588983 0.074707 0.590042 0.074707 0.588453 0.074463 0.588983 0.073730 0.587924
1 0.661133 0.588983 0.661621 0.589513 0.662842 0.587924 0.663574 0.585275 0.663086 0.584216 0.660889 0.584216 0.660645 0.585805
1 0.517334 0.585805 0.516357 0.584216 0.516846 0.585275 0.516357 0.586864 0.514160 0.587394 0.513428 0.588453 0.512939 0.588453 0.512695 0.587394 0.512207 0.588453 0.512695 0.588983 0.512207 0.590042 0.512451 0.589513 0.512695 0.590572 0.514160 0.590572 0.514648 0.589513 0.516357 0.589513 0.516846 0.587924 0.517334 0.587924
1 0.535645 0.583686 0.535156 0.583686 0.535645 0.584746 0.535156 0.593750 0.534180 0.596398 0.534424 0.596928 0.534668 0.595339 0.535156 0.595869 0.535156 0.598517 0.537109 0.601695 0.537109 0.603284 0.536133 0.605932 0.535889 0.601695 0.535156 0.601695 0.534912 0.604873 0.533936 0.603284 0.533691 0.601695 0.533691 0.609640 0.534180 0.610699 0.533203 0.613347 0.533691 0.614407 0.533691 0.615996 0.534424 0.615996 0.534668 0.614936 0.535156 0.616525 0.535400 0.614936 0.534912 0.614407 0.534668 0.612288 0.535400 0.610169 0.534912 0.609640 0.534912 0.608051 0.536621 0.608051 0.536621 0.609640 0.535645 0.611229 0.535889 0.613877 0.536865 0.608051 0.537598 0.606992 0.538330 0.603814 0.538330 0.601695 0.537842 0.600636 0.538330 0.600106 0.538330 0.596398 0.537354 0.594809 0.537354 0.591631 0.536865 0.590572 0.536865 0.587924 0.537842 0.584746 0.536133 0.584746
1 0.136475 0.584216 0.134033 0.584216 0.133301 0.586864 0.133545 0.588983 0.135010 0.588983 0.135254 0.585805
1 0.188965 0.585275 0.189697 0.586864 0.188965 0.587394 0.191895 0.587394 0.192627 0.585805 0.192383 0.584216 0.190918 0.584216 0.190674 0.583157 0.189697 0.583686
1 0.354980 0.582627 0.353760 0.583157 0.353271 0.584216 0.353516 0.587394 0.355225 0.585805 0.355469 0.584216
1 0.427246 0.581568 0.427490 0.582097 0.427002 0.583157 0.427490 0.587924 0.427979 0.588983 0.427734 0.591102 0.428223 0.592691 0.428955 0.592691 0.428955 0.586335 0.428467 0.586335 0.428711 0.583686 0.428467 0.584746 0.427734 0.581568
1 0.471680 0.583157 0.473877 0.599576 0.476074 0.593220 0.474121 0.602754 0.475830 0.602225 0.475586 0.612288 0.478027 0.615466 0.473877 0.618114 0.479004 0.619703 0.476562 0.623411 0.479492 0.625000 0.478027 0.632945 0.480469 0.633475 0.481201 0.641419 0.480957 0.635064 0.485107 0.635064 0.483398 0.640890 0.487793 0.646716 0.490967 0.643538 0.494141 0.654661 0.498047 0.657839 0.498047 0.662606 0.501709 0.661547 0.502930 0.669492 0.501709 0.664195 0.499756 0.665254 0.508789 0.681144 0.508301 0.702860 0.503418 0.721928 0.506836 0.725636 0.509277 0.740996 0.510742 0.737288 0.511230 0.754767 0.513672 0.754237 0.514160 0.764831 0.516357 0.762182 0.517578 0.770657 0.519531 0.766949 0.519043 0.775953 0.520264 0.773835 0.521484 0.781250 0.523193 0.781250 0.524902 0.771716 0.528076 0.779131 0.529053 0.761653 0.525146 0.754237 0.529053 0.743644 0.522461 0.742585 0.520752 0.734110 0.513184 0.737288 0.512695 0.728284 0.514404 0.716631 0.512939 0.705508 0.515381 0.703919 0.515381 0.694915 0.527100 0.673199 0.526611 0.656780 0.519287 0.672669 0.511719 0.666314 0.511963 0.662076 0.513428 0.663665 0.510010 0.660487 0.510498 0.656250 0.507812 0.656780 0.506836 0.648305 0.504639 0.650953 0.505127 0.641949 0.497803 0.638242 0.500977 0.631356 0.497803 0.635593 0.491943 0.632945 0.495361 0.629237 0.491211 0.632415 0.491943 0.627119 0.489746 0.629237 0.482422 0.612288 0.480713 0.613877 0.481689 0.609110 0.476074 0.595339 0.477783 0.591631 0.475342 0.589513 0.474854 0.581038 0.474854 0.584746
1 0.667480 0.579979 0.666992 0.583157 0.667725 0.584216 0.669434 0.584746 0.670166 0.583686 0.669678 0.581568 0.668945 0.581568 0.667969 0.579449
1 0.654297 0.579449 0.654297 0.582097 0.656006 0.582097 0.656982 0.583686 0.656982 0.582097 0.656006 0.579979
1 0.823730 0.577860 0.823242 0.579979 0.823730 0.580508 0.823730 0.582097 0.824951 0.583157 0.825684 0.585805 0.826904 0.586335 0.830322 0.590572 0.831299 0.590572 0.830078 0.585805 0.830078 0.584216 0.830566 0.583686 0.830078 0.582097 0.828125 0.579449 0.827148 0.579979
1 0.701904 0.579449 0.701416 0.578390 0.700439 0.578919 0.700195 0.577860 0.700439 0.578919 0.699463 0.583157 0.696777 0.584216 0.700439 0.584216 0.700928 0.585275 0.702148 0.582097
1 0.518555 0.574153 0.517822 0.575742 0.517822 0.576801 0.519043 0.578390 0.519287 0.582627 0.518799 0.583157 0.519043 0.594280 0.518555 0.594809 0.519043 0.594809 0.519043 0.593220 0.519775 0.592161 0.520020 0.593220 0.520508 0.593220 0.520508 0.595869 0.519531 0.596398 0.518555 0.599047 0.519287 0.599576 0.519531 0.607521 0.518311 0.610169 0.516602 0.610699 0.517822 0.610699 0.517822 0.611758 0.518311 0.610169 0.519775 0.609640 0.520508 0.611229 0.520996 0.614936 0.521729 0.615996 0.521729 0.613347 0.522705 0.612288 0.521973 0.612288 0.521240 0.610169 0.522217 0.609640 0.522217 0.606992 0.522949 0.605403 0.523438 0.605932 0.523438 0.608581 0.523926 0.608581 0.524170 0.607521 0.524414 0.608581 0.524658 0.607521 0.525635 0.606992 0.526367 0.608051 0.526367 0.609640 0.527588 0.607521 0.526611 0.609110 0.526123 0.607521 0.526611 0.606462 0.526123 0.607521 0.524658 0.604343 0.524658 0.603284 0.525391 0.602225 0.524170 0.600106 0.524414 0.595869 0.523682 0.588983 0.523438 0.591631 0.521729 0.587924 0.521240 0.588983 0.520752 0.588453 0.520752 0.586864 0.521240 0.586335 0.521240 0.584746 0.520752 0.583686 0.520996 0.581568 0.520508 0.581568 0.520264 0.580508 0.519775 0.581568 0.519287 0.581038 0.519287 0.576271
1 0.122070 0.578390 0.119873 0.576271 0.120850 0.575212 0.120850 0.574153 0.120117 0.574153 0.120117 0.575212 0.118896 0.576271 0.118652 0.575212 0.118164 0.576271 0.117676 0.575212 0.118652 0.578390 0.118164 0.579449 0.117432 0.578919 0.117188 0.580508 0.120850 0.580508 0.121826 0.579979
1 0.212402 0.573623 0.211914 0.573093 0.211670 0.574153 0.211426 0.573093 0.210693 0.573093 0.210938 0.573623 0.210449 0.574682 0.211182 0.576271 0.210205 0.578390 0.210449 0.580508 0.211914 0.577860 0.210938 0.576801 0.211426 0.574682
1 0.657715 0.572034 0.657471 0.573623 0.658691 0.575212 0.658691 0.576801 0.657959 0.577331 0.657715 0.576271 0.657471 0.577860 0.658447 0.577860 0.659180 0.579979 0.660400 0.581568 0.660400 0.583157 0.661133 0.582097 0.660645 0.577331 0.658936 0.573093
1 0.385498 0.572034 0.384521 0.572564 0.383789 0.576801 0.382812 0.578919 0.384521 0.581038 0.386230 0.577331 0.386230 0.576271 0.385498 0.574682
1 0.437988 0.614407 0.434082 0.617585 0.431885 0.602225 0.428711 0.597987 0.429443 0.605932 0.427002 0.611229 0.428711 0.603814 0.425781 0.601165 0.426758 0.592161 0.424072 0.607521 0.416504 0.601695 0.426025 0.592161 0.417480 0.597458 0.414795 0.588453 0.414062 0.596398 0.410156 0.570975 0.407715 0.576271 0.407715 0.596928 0.402100 0.603814 0.390137 0.601695 0.389160 0.596398 0.382568 0.593220 0.378662 0.597458 0.371094 0.593750 0.370117 0.599576 0.369629 0.593220 0.362305 0.597458 0.353027 0.589513 0.351074 0.596398 0.346680 0.594809 0.351074 0.591102 0.346680 0.592161 0.344971 0.584746 0.345459 0.590042 0.338867 0.587924 0.339111 0.592161 0.332031 0.588453 0.345703 0.600106 0.364502 0.600636 0.364014 0.596928 0.384766 0.604343 0.385254 0.612818 0.384277 0.596928 0.386719 0.608581 0.391357 0.601165 0.394043 0.611758 0.404053 0.609110 0.403809 0.601165 0.406006 0.610699 0.410400 0.604343 0.411865 0.614407 0.408691 0.612288 0.409180 0.618114 0.405762 0.618644 0.404541 0.628178 0.387207 0.628178 0.386230 0.635064 0.388672 0.636123 0.385742 0.638771 0.397461 0.638771 0.399902 0.646716 0.396240 0.634534 0.399902 0.627648 0.406006 0.627648 0.406250 0.621292 0.409668 0.626589 0.414795 0.622881 0.414062 0.615996 0.421631 0.615996 0.417236 0.622352 0.424072 0.619174 0.423340 0.623411 0.429443 0.624470 0.427734 0.629237 0.433350 0.634004 0.431885 0.629237 0.435303 0.627648 0.433350 0.622881
1 0.701660 0.569915 0.701172 0.568856 0.699463 0.574153 0.697754 0.572564 0.697510 0.573623 0.697998 0.575742 0.699951 0.575742
1 0.292480 0.568856 0.291504 0.569915 0.291260 0.573623 0.291992 0.575212 0.292725 0.575212 0.293701 0.572564
1 0.114258 0.568856 0.113281 0.571504 0.114746 0.574682 0.114746 0.575742 0.115234 0.574153 0.115967 0.573623 0.115967 0.572564 0.114990 0.570975 0.115234 0.570445 0.114990 0.570975 0.114258 0.569915
1 0.063965 0.568326 0.063477 0.569386 0.063477 0.572034 0.064941 0.574153 0.064453 0.574682 0.064453 0.576271 0.064941 0.577331 0.064697 0.578919 0.067139 0.578919 0.067871 0.579979 0.068115 0.579449 0.068359 0.580508 0.070068 0.576271 0.069824 0.573623 0.070557 0.573623 0.068604 0.573093 0.066406 0.569915 0.065918 0.568326 0.065674 0.569915
1 0.245850 0.567797 0.244629 0.567797 0.242188 0.570445 0.244385 0.571504 0.244385 0.569915
1 0.187988 0.568856 0.187988 0.571504 0.189453 0.574682 0.191406 0.575212 0.191406 0.574153 0.189209 0.567797
1 0.321289 0.566737 0.319336 0.566737 0.319092 0.568326 0.319824 0.569915 0.319824 0.570975 0.320801 0.569386
1 0.393555 0.566208 0.393066 0.568326 0.395020 0.571504 0.395264 0.569386 0.396240 0.567267
1 0.418945 0.566208 0.419922 0.569386 0.419678 0.569915 0.420410 0.569915 0.420654 0.570975 0.421875 0.572034 0.423828 0.570975 0.424072 0.571504 0.424072 0.570445 0.422363 0.569915 0.421631 0.568326 0.422119 0.567267 0.422363 0.567797 0.422119 0.567267 0.422607 0.566208
1 0.576416 0.565148 0.575195 0.567797 0.575195 0.572564 0.576660 0.576801 0.577637 0.577860 0.577637 0.575212 0.578125 0.575212 0.578125 0.573093 0.577637 0.571504 0.576904 0.572034 0.576416 0.570445 0.576904 0.565148
1 0.710449 0.567797 0.709717 0.567267 0.709717 0.564619 0.708496 0.564619 0.707275 0.566737 0.704590 0.565678 0.704590 0.567267 0.705566 0.567797 0.705078 0.569386 0.705322 0.571504 0.706787 0.571504 0.705811 0.568856 0.706299 0.566737 0.707031 0.567797 0.707031 0.569386 0.708740 0.569386 0.708740 0.567797 0.709473 0.567267 0.709961 0.568326 0.709717 0.569386 0.709229 0.569386 0.709717 0.570975 0.709473 0.570445 0.710205 0.569386 0.709961 0.568856
1 0.359619 0.564619 0.359131 0.565678 0.360107 0.567267 0.360107 0.568326 0.360352 0.567797 0.360840 0.568856 0.359863 0.570975 0.360840 0.571504 0.361816 0.570445 0.361816 0.566737 0.361084 0.565678 0.360107 0.566737 0.359619 0.565678 0.360107 0.565148
1 0.477539 0.563559 0.477051 0.566737 0.478760 0.568856 0.479492 0.570975 0.477783 0.572034 0.479004 0.572564 0.479248 0.571504 0.480225 0.572564 0.479980 0.581038 0.480957 0.581568 0.481445 0.582627 0.481201 0.584746 0.481934 0.586335 0.482422 0.586335 0.482178 0.582627 0.481201 0.580508 0.483398 0.580508 0.485840 0.575742 0.485840 0.574682 0.484863 0.573093 0.485107 0.570445 0.484863 0.569386 0.483887 0.569386 0.483398 0.570445 0.483887 0.572564 0.483887 0.575212 0.482910 0.576271 0.481689 0.576271 0.481201 0.575212 0.481201 0.573093 0.480225 0.572034 0.480225 0.570975 0.480957 0.569386 0.480225 0.567797 0.478516 0.567267 0.478271 0.564089
1 0.402100 0.564089 0.399414 0.563559 0.397949 0.567267 0.397705 0.566737 0.398193 0.567797 0.398193 0.569915 0.397705 0.569915 0.397949 0.571504 0.397461 0.572034 0.397705 0.573093 0.395996 0.576271 0.397217 0.577860 0.398682 0.577331 0.398926 0.576271 0.398438 0.575742 0.398193 0.571504 0.398682 0.570975 0.398438 0.570445 0.399414 0.568856 0.399658 0.567267 0.400635 0.568326 0.402344 0.565148
1 0.124512 0.564619 0.125000 0.565148 0.125000 0.568856 0.126221 0.568856 0.127930 0.566208 0.126465 0.563559 0.125977 0.563559 0.125732 0.564619 0.125244 0.563559
1 0.591797 0.561441 0.591064 0.563559 0.591553 0.567797 0.592529 0.565678
1 0.212402 0.574682 0.214844 0.581568 0.216797 0.573623 0.223145 0.572564 0.239746 0.587394 0.242432 0.584746 0.245605 0.590572 0.250488 0.590042 0.250000 0.599576 0.246338 0.596928 0.248047 0.592691 0.241211 0.605403 0.234619 0.610699 0.235596 0.615466 0.236084 0.611229 0.238281 0.612288 0.236084 0.618644 0.232910 0.614407 0.234375 0.620233 0.239746 0.624470 0.238770 0.619174 0.240967 0.619174 0.241211 0.614407 0.238281 0.617585 0.239258 0.609640 0.247559 0.611229 0.246582 0.604873 0.241699 0.605932 0.244873 0.599047 0.249756 0.600636 0.252686 0.595869 0.252197 0.602754 0.248535 0.608051 0.251465 0.608051 0.253418 0.602225 0.253906 0.609110 0.256592 0.601165 0.253906 0.600106 0.255127 0.595869 0.260742 0.606462 0.266113 0.602225 0.259277 0.601695 0.261963 0.595869 0.273926 0.596928 0.279297 0.606992 0.278809 0.614407 0.280518 0.605932 0.284668 0.601165 0.297607 0.602225 0.299072 0.597987 0.302734 0.603284 0.307373 0.597987 0.307861 0.601695 0.316162 0.589513 0.313721 0.584216 0.310791 0.590042 0.305420 0.586864 0.300293 0.592161 0.300293 0.587924 0.302246 0.588983 0.299316 0.587924 0.297852 0.593750 0.300293 0.597458 0.291016 0.595339 0.284668 0.600636 0.282227 0.593220 0.279541 0.596398 0.267822 0.590042 0.266602 0.593220 0.263428 0.583686 0.260986 0.585805 0.261475 0.581038 0.260742 0.585275 0.258789 0.580508 0.257812 0.583686 0.253174 0.579449 0.249023 0.586335 0.247314 0.578390 0.250244 0.575742 0.244873 0.579449 0.245117 0.573623 0.239990 0.576801 0.218750 0.564619 0.218506 0.560381 0.218750 0.569386 0.213867 0.574153 0.215332 0.577860
1 0.414551 0.560381 0.415527 0.561441 0.416748 0.560381 0.416748 0.561970 0.417969 0.563559 0.417480 0.564619 0.417480 0.566208 0.417725 0.564089 0.418701 0.561441 0.418701 0.559852 0.417969 0.559852 0.417480 0.560911 0.415771 0.559852
1 0.157227 0.559322 0.157471 0.562500 0.158447 0.562500 0.159668 0.560911 0.158447 0.559322
1 0.189453 0.562500 0.191162 0.563030 0.191406 0.564089 0.193604 0.564089 0.194336 0.565148 0.196045 0.564089 0.197266 0.566208 0.197754 0.565148 0.198975 0.565148 0.199219 0.567267 0.200928 0.567267 0.201660 0.565148 0.202393 0.565148 0.201904 0.563559 0.200195 0.563559 0.199951 0.564619 0.199219 0.564619 0.198730 0.562500 0.197754 0.562500 0.197266 0.561441 0.195801 0.561441 0.195557 0.562500 0.193848 0.562500 0.193604 0.563559 0.192871 0.563559 0.192139 0.561970 0.192139 0.560381 0.192627 0.559852 0.192383 0.559322 0.191162 0.559852 0.189941 0.558263 0.190430 0.559322 0.189941 0.560381 0.190430 0.561970
1 0.512939 0.557203 0.512451 0.561441 0.513916 0.561970 0.514160 0.559322 0.513428 0.557203
1 0.435303 0.557203 0.435303 0.562500 0.435303 0.561441 0.436279 0.559322 0.436768 0.560381 0.436523 0.563559 0.437256 0.563559 0.438965 0.566208 0.438477 0.566737 0.439209 0.567267 0.438965 0.566208 0.439453 0.565148 0.438965 0.562500 0.437500 0.562500 0.437256 0.560911 0.436035 0.559322
1 0.432617 0.555085 0.431885 0.556144 0.431885 0.558263 0.431152 0.560911 0.431641 0.560381 0.432373 0.561970 0.433105 0.565678 0.433105 0.569386 0.431396 0.573623 0.430664 0.573623 0.431152 0.574682 0.430664 0.575742 0.429199 0.574153 0.428711 0.575212 0.429199 0.577860 0.429932 0.575212 0.430176 0.576271 0.432373 0.575742 0.431396 0.573623 0.432373 0.571504 0.432617 0.573093 0.433594 0.570975 0.433838 0.571504 0.433350 0.573623 0.434082 0.571504 0.435059 0.573623 0.435059 0.574682 0.435303 0.572034 0.436279 0.568856 0.435547 0.569915 0.434814 0.567797 0.434570 0.568326 0.433350 0.566737 0.434570 0.565148 0.433350 0.565678 0.431885 0.559852
1 0.556641 0.552436 0.556641 0.558792 0.557129 0.558792 0.558105 0.555614 0.557373 0.554555 0.557373 0.552966
1 0.247559 0.552966 0.246582 0.552966 0.246094 0.554025 0.245605 0.552436 0.245117 0.552436 0.245361 0.552966 0.244873 0.554025 0.244629 0.552966 0.244385 0.555614 0.244141 0.554555 0.243896 0.555614 0.243652 0.554555 0.244141 0.557203 0.244385 0.556144 0.244629 0.556674 0.244629 0.558263 0.245850 0.556674 0.246094 0.558792 0.245117 0.559322 0.244873 0.560911 0.244629 0.559852 0.244141 0.560381 0.243652 0.559322 0.243164 0.561441 0.244141 0.561970 0.244385 0.560911 0.245117 0.561441 0.246338 0.559322 0.247314 0.559322 0.247803 0.558263 0.247803 0.556144 0.248291 0.555614 0.247314 0.554025
1 0.230957 0.551907 0.231201 0.553496 0.230957 0.552966 0.231689 0.550847 0.233643 0.551377 0.235596 0.555085 0.236816 0.553496 0.238281 0.553496 0.238770 0.554555 0.240479 0.554555 0.241455 0.553496 0.241699 0.554555 0.242188 0.553496 0.242920 0.554025 0.242432 0.553496 0.242432 0.551377 0.241943 0.552966 0.241211 0.552966 0.240723 0.554025 0.238770 0.553496 0.238281 0.552436 0.238770 0.550318 0.236328 0.551907 0.236084 0.552966 0.234131 0.550847 0.233643 0.551377 0.232910 0.549788
1 0.151367 0.549788 0.152588 0.552436 0.154541 0.550318 0.155029 0.551377 0.154297 0.553496 0.153564 0.552966 0.153809 0.553496 0.153076 0.553496 0.152832 0.554555 0.150879 0.554555 0.150879 0.555614 0.152100 0.555614 0.152344 0.554555 0.153076 0.554555 0.153809 0.556144 0.153564 0.557203 0.152344 0.557203 0.152344 0.558792 0.151367 0.559852 0.152100 0.559852 0.152588 0.560911 0.154297 0.560911 0.154785 0.559852 0.155762 0.559852 0.154053 0.556674 0.154541 0.554555 0.154053 0.554025 0.154541 0.552966 0.155273 0.552966 0.154541 0.549788
1 0.397705 0.549788 0.397217 0.551377 0.397705 0.553496 0.398682 0.555614 0.399658 0.555614 0.400146 0.554555 0.401367 0.557203 0.401367 0.559322 0.402344 0.560381 0.402344 0.562500 0.403076 0.563030 0.403809 0.565148 0.405029 0.565148 0.405273 0.567267 0.406250 0.568326 0.405762 0.568856 0.405762 0.571504 0.405273 0.572034 0.405762 0.573623 0.405762 0.575742 0.405273 0.576801 0.406250 0.578919 0.406494 0.583157 0.406250 0.579449 0.406982 0.576271 0.406738 0.575742 0.406494 0.576801 0.406006 0.575212 0.406006 0.573093 0.406494 0.572564 0.406494 0.567797 0.405762 0.567267 0.406006 0.563559 0.406494 0.563030 0.407471 0.566208 0.407959 0.565148 0.407715 0.563559 0.408203 0.563030 0.406982 0.560911 0.406494 0.557203 0.406250 0.560911 0.405029 0.560911 0.405029 0.555085 0.406006 0.552966 0.405762 0.550847 0.405762 0.552436 0.405273 0.552966 0.404297 0.549788 0.404541 0.549258 0.404297 0.549788 0.403809 0.548199 0.404053 0.550318 0.403320 0.550847 0.403809 0.552436 0.402832 0.552966 0.402588 0.554025 0.401855 0.554025 0.402344 0.555614 0.401367 0.556144 0.401123 0.555085 0.400391 0.555085 0.399902 0.554025 0.400635 0.553496 0.400635 0.551907 0.399902 0.552966 0.399170 0.550318
1 0.507324 0.547669 0.505615 0.547669 0.505371 0.551377 0.505859 0.551907 0.507324 0.548729
1 0.045166 0.550847 0.045654 0.551907 0.046143 0.549788 0.046875 0.549788 0.046631 0.548729 0.047119 0.547669 0.048096 0.548729 0.047852 0.549788 0.048828 0.549788 0.049316 0.550847 0.049805 0.550318 0.049805 0.551907 0.051025 0.554025 0.052490 0.552436 0.051514 0.551907 0.051025 0.550847 0.051270 0.549788 0.051025 0.550318 0.050537 0.549258 0.050781 0.548729 0.050049 0.548729 0.049561 0.549788 0.047852 0.546610 0.046875 0.547140 0.046875 0.548199 0.046387 0.549258 0.046143 0.548729 0.045654 0.550318 0.045410 0.549788
1 0.683350 0.546081 0.683594 0.549258 0.683105 0.550847 0.685791 0.550847 0.688721 0.554555 0.687500 0.550847 0.686523 0.550847 0.685059 0.546081
1 0.489746 0.547140 0.488037 0.545021 0.487061 0.546610 0.485840 0.545021 0.485107 0.545021 0.484619 0.547669 0.485840 0.548199 0.486572 0.549788 0.486328 0.551377 0.485352 0.551377 0.485596 0.551907 0.485107 0.553496 0.485596 0.554555 0.485596 0.556144 0.483643 0.558263 0.481445 0.558792 0.481201 0.561441 0.481689 0.563030 0.480225 0.563559 0.480225 0.565678 0.481689 0.563559 0.482910 0.564619 0.484375 0.564619 0.484863 0.561970 0.485596 0.560911 0.486084 0.561970 0.487549 0.561970 0.488525 0.559852 0.489746 0.561970 0.490479 0.558792 0.490479 0.552966
1 0.711182 0.545551 0.710449 0.544492 0.708008 0.545551 0.708740 0.548199 0.707764 0.549788 0.704102 0.550318 0.702881 0.549258 0.702637 0.548199 0.702393 0.549258 0.702148 0.548199 0.701172 0.549788 0.701172 0.551377 0.700684 0.551907 0.700439 0.554025 0.700684 0.554555 0.700928 0.553496 0.702393 0.553496 0.704102 0.558263 0.703613 0.560911 0.704834 0.563030 0.706787 0.563030 0.707275 0.564089 0.709229 0.560911 0.708740 0.559852 0.708984 0.558263 0.710693 0.558263 0.710205 0.555085 0.709473 0.555614 0.708252 0.550847 0.709229 0.550318 0.709229 0.548729 0.711182 0.546610
1 0.442871 0.544492 0.443359 0.546610 0.444092 0.547669 0.445312 0.547140 0.444580 0.543962 0.443359 0.543432
1 0.047119 0.544492 0.048340 0.546081 0.049316 0.546081 0.050049 0.545021 0.050781 0.546610 0.051514 0.546610 0.051758 0.547140 0.051025 0.547669 0.052246 0.549788 0.053223 0.549788 0.052734 0.547669 0.053467 0.546610 0.053711 0.547140 0.053223 0.546081 0.052002 0.546081 0.050537 0.544492 0.047363 0.543432 0.047607 0.543962
1 0.528564 0.542903 0.528320 0.546610 0.528809 0.547669 0.529785 0.547669 0.529785 0.543962 0.529297 0.542903
1 0.233887 0.543432 0.232910 0.542373 0.231445 0.542373 0.229492 0.545551 0.229492 0.546610 0.230225 0.547140 0.231445 0.545551 0.233398 0.545551
1 0.072021 0.542903 0.073486 0.543962 0.073730 0.546081 0.074219 0.543962 0.074707 0.545021 0.075928 0.544492 0.075928 0.545551 0.076904 0.544492 0.077148 0.545021 0.076416 0.543962 0.075928 0.544492 0.075928 0.542903
1 0.687500 0.541314 0.687500 0.545021 0.688721 0.546081 0.689941 0.545551 0.689941 0.543432 0.689209 0.541314
1 0.361328 0.541314 0.359619 0.541843 0.358643 0.545021 0.359375 0.548729 0.360352 0.550847 0.361084 0.550318 0.362793 0.545551 0.362793 0.543432
1 0.556152 0.540784 0.555176 0.542903 0.556152 0.545021 0.555908 0.549788 0.554688 0.547140 0.554199 0.544492 0.553711 0.543432 0.553467 0.543962 0.553955 0.554025 0.554443 0.555085 0.555176 0.555085 0.554932 0.552966 0.556152 0.550318 0.558105 0.547669 0.558838 0.548729 0.559326 0.547140 0.559082 0.545021 0.558105 0.544492
1 0.246338 0.547669 0.246094 0.547140 0.246094 0.548199 0.245361 0.549788 0.244873 0.549258 0.244629 0.546081 0.244141 0.546081 0.243652 0.544492 0.244385 0.543962 0.244629 0.545021 0.245117 0.545021 0.244629 0.544492 0.244141 0.541314 0.240723 0.541314 0.240234 0.542903 0.240723 0.546610 0.239258 0.546610 0.239258 0.549788 0.240479 0.547669 0.241699 0.547669 0.241211 0.549788 0.241699 0.548199 0.242188 0.548199 0.240967 0.545551 0.240723 0.543432 0.241211 0.542373 0.242432 0.542373 0.242676 0.543432 0.243408 0.543432 0.243896 0.546081 0.244629 0.546610 0.244629 0.550318 0.244141 0.550847 0.244141 0.551907 0.244385 0.550847 0.245850 0.551377 0.245361 0.550847 0.245850 0.550318 0.245605 0.549258
1 0.427734 0.540254 0.427734 0.541314 0.427246 0.541314 0.427734 0.543432 0.427734 0.547140 0.426270 0.547669 0.426025 0.546610 0.424561 0.546081 0.425049 0.551377 0.425781 0.552436 0.426025 0.555085 0.425781 0.560381 0.426270 0.562500 0.426025 0.563559 0.426514 0.567797 0.426270 0.571504 0.426514 0.570975 0.427246 0.572564 0.429199 0.572564 0.428711 0.572034 0.428467 0.567797 0.429688 0.565678 0.430664 0.561441 0.429443 0.564089 0.428467 0.561441 0.427490 0.560911 0.427490 0.559322 0.427002 0.558263 0.426514 0.550847 0.427490 0.549258 0.427490 0.547669 0.429443 0.544492 0.428955 0.543962 0.428955 0.542373 0.428223 0.541843
1 0.703369 0.540254 0.702148 0.539725 0.701660 0.540784 0.701660 0.542903 0.700928 0.544492 0.700195 0.544492 0.700684 0.545551 0.700439 0.546081 0.701172 0.547140 0.702393 0.546081 0.702637 0.547140 0.703125 0.545551 0.703613 0.545551 0.703857 0.543962 0.703369 0.542903
1 0.210938 0.540254 0.210938 0.541843 0.211182 0.541314 0.212402 0.542373 0.212891 0.544492 0.212402 0.546081 0.213623 0.548199 0.214111 0.547140 0.214844 0.549258 0.214111 0.551377 0.213867 0.550847 0.214111 0.552966 0.214355 0.551907 0.214844 0.553496 0.214355 0.554025 0.214355 0.555085 0.215332 0.554555 0.216309 0.556674 0.216309 0.558792 0.217773 0.558792 0.216797 0.554555 0.215332 0.550847 0.214844 0.547669 0.214600 0.548729 0.214355 0.548199 0.214355 0.545551 0.213623 0.545021 0.213623 0.541843 0.213135 0.541843 0.212891 0.540254
1 0.536621 0.538665 0.536865 0.540784 0.536133 0.542373 0.536133 0.543962 0.534180 0.543432 0.533691 0.546081 0.533691 0.548199 0.534424 0.548199 0.534668 0.547140 0.535156 0.547669 0.535156 0.550318 0.535645 0.550847 0.535156 0.551907 0.535156 0.557733 0.535889 0.556674 0.536133 0.558792 0.534424 0.558792 0.534424 0.557203 0.533936 0.556674 0.534424 0.550847 0.533691 0.550847 0.533691 0.558263 0.534668 0.559322 0.534668 0.567267 0.533691 0.567267 0.533936 0.565678 0.533447 0.565148 0.533447 0.562500 0.533203 0.567797 0.533691 0.568856 0.533691 0.577860 0.533936 0.576271 0.534668 0.576271 0.534912 0.575212 0.534424 0.574153 0.534668 0.570445 0.535156 0.570975 0.535156 0.573093 0.536133 0.576801 0.535400 0.578390 0.534668 0.577331 0.534668 0.579979 0.533691 0.581568 0.533447 0.586864 0.532715 0.583157 0.533447 0.579449 0.532227 0.580508 0.532227 0.582627 0.531250 0.581568 0.532715 0.588453 0.532715 0.592161 0.531738 0.593220 0.531982 0.594809 0.532959 0.594809 0.533203 0.591631 0.534424 0.586864 0.534424 0.581568 0.535156 0.579979 0.536377 0.581038 0.536621 0.583157 0.537598 0.583157 0.538086 0.582097 0.538086 0.581038 0.537842 0.581568 0.536621 0.579449 0.536133 0.576801 0.536621 0.575742 0.536865 0.572034 0.536377 0.564089 0.536621 0.557733 0.535889 0.556674 0.536621 0.548729 0.536133 0.548729 0.535645 0.550847 0.535400 0.546081 0.536133 0.543962 0.536621 0.543962
1 0.286621 0.537076 0.285645 0.537076 0.284668 0.538665 0.284424 0.541843 0.284912 0.543962 0.285400 0.543962 0.285889 0.541314 0.286865 0.540254 0.287109 0.538136
1 0.087158 0.537606 0.087891 0.539195 0.087646 0.539725 0.088379 0.540254 0.088135 0.540784 0.089600 0.539195 0.089111 0.537076
1 0.741211 0.547669 0.742432 0.546081 0.743408 0.542903 0.742432 0.541314 0.743408 0.539195 0.743408 0.541843 0.743652 0.541314 0.744141 0.543432 0.743896 0.543962 0.745117 0.543962 0.746582 0.541314 0.748291 0.542373 0.747803 0.540784 0.747803 0.538136 0.746094 0.536547 0.745850 0.539195 0.744141 0.539195 0.743896 0.538136 0.743164 0.538665 0.742676 0.537076 0.741943 0.536547 0.741211 0.538136 0.741211 0.540254 0.742188 0.541843 0.742188 0.542903 0.741699 0.544492 0.741943 0.546081
1 0.563721 0.536017 0.562988 0.536017 0.562988 0.538665 0.563477 0.539195 0.563477 0.553496 0.562500 0.554555 0.562500 0.556674 0.561768 0.558263 0.562500 0.559322 0.562500 0.564089 0.561768 0.564089 0.562012 0.560381 0.561279 0.560381 0.560547 0.564619 0.560059 0.565148 0.559326 0.564089 0.559570 0.563559 0.558594 0.563559 0.557861 0.566208 0.557861 0.568856 0.554932 0.567797 0.555176 0.570975 0.553711 0.574153 0.553467 0.576271 0.553223 0.574153 0.552490 0.573623 0.551758 0.570975 0.552002 0.575742 0.552734 0.576801 0.551025 0.577860 0.554443 0.577860 0.554688 0.579979 0.555420 0.578919 0.556885 0.582627 0.558350 0.581038 0.557373 0.578390 0.557617 0.576801 0.556885 0.575212 0.556885 0.573093 0.557373 0.572564 0.558105 0.574153 0.558105 0.576271 0.558594 0.574682 0.558105 0.574682 0.558350 0.572034 0.559814 0.571504 0.560059 0.573093 0.559570 0.574153 0.560059 0.573093 0.560791 0.573623 0.561279 0.575742 0.559570 0.575212 0.559570 0.578390 0.560059 0.578919 0.560791 0.577331 0.561523 0.579449 0.562256 0.578919 0.562744 0.579979 0.562500 0.582097 0.562988 0.582627 0.562988 0.584216 0.562256 0.585275 0.561523 0.584746 0.561279 0.586335 0.561768 0.601165 0.561768 0.587394 0.562500 0.585275 0.563477 0.586864 0.564453 0.592691 0.565918 0.592691 0.565186 0.578390 0.564697 0.577860 0.564697 0.574153 0.565186 0.573623 0.565186 0.554025 0.564697 0.553496 0.564697 0.550847 0.565186 0.550318 0.565186 0.539195
1 0.412354 0.534958 0.412598 0.537076 0.414062 0.539725 0.414062 0.540784 0.414551 0.540254 0.415283 0.537076 0.413818 0.537076
1 0.396729 0.531780 0.395752 0.533369 0.395508 0.537606 0.395996 0.538665 0.396973 0.538136 0.396729 0.534958 0.397217 0.533898
1 0.207275 0.530720 0.206787 0.531780 0.205078 0.530720 0.204590 0.532309 0.204590 0.534428 0.204102 0.535487 0.204102 0.538136 0.202881 0.540784 0.203369 0.541843 0.203857 0.541843 0.205322 0.537606 0.207031 0.537606 0.207764 0.536017 0.208252 0.537606 0.208252 0.533369
1 0.045410 0.531250 0.045166 0.530720 0.043701 0.533369 0.042480 0.533369 0.041992 0.535487 0.042725 0.535487 0.043457 0.537606 0.044922 0.536547 0.045166 0.532839 0.044678 0.532309
1 0.544922 0.528072 0.543457 0.532309 0.543945 0.531780 0.545166 0.534958 0.545166 0.537076 0.547119 0.539725 0.547363 0.536017 0.545898 0.534428 0.545654 0.529661
1 0.430420 0.524894 0.429932 0.525953 0.429932 0.528072 0.431396 0.530191 0.432129 0.529131 0.432129 0.525424
1 0.292480 0.524894 0.291260 0.527542 0.291260 0.529131 0.293457 0.531780 0.294434 0.529131 0.294922 0.529131 0.294922 0.528072 0.293945 0.525953
1 0.399414 0.520657 0.399170 0.523305 0.397949 0.525424 0.397949 0.528072 0.398682 0.529661 0.399414 0.527542 0.399414 0.529131 0.399658 0.528602 0.400146 0.530191 0.400391 0.533369 0.399170 0.533898 0.399170 0.530720 0.398438 0.530720 0.398438 0.532839 0.399902 0.536547 0.398438 0.537606 0.397949 0.537076 0.397949 0.538665 0.397461 0.539195 0.397949 0.540254 0.397705 0.540784 0.397949 0.540254 0.398926 0.542373 0.397949 0.544492 0.398193 0.545021 0.398438 0.543962 0.399170 0.543962 0.399902 0.541843 0.400391 0.541843 0.399658 0.537076 0.400635 0.534958 0.400635 0.539195 0.401855 0.539195 0.401855 0.540784 0.401367 0.540784 0.401367 0.541843 0.402588 0.545021 0.402344 0.545551 0.403320 0.546081 0.403564 0.545021 0.403809 0.546610 0.405273 0.549258 0.405029 0.549788 0.407471 0.544492 0.409180 0.545551 0.410645 0.542373 0.410400 0.538136 0.408936 0.538665 0.407715 0.541314 0.406006 0.540254 0.406494 0.530191 0.406738 0.529661 0.406982 0.530720 0.408203 0.530720 0.408691 0.529661 0.407959 0.528072 0.405762 0.526483 0.404541 0.528602 0.404297 0.530191 0.403809 0.529131 0.402344 0.530720 0.401367 0.530191 0.400391 0.527013 0.400391 0.525424 0.399902 0.524894 0.399902 0.522246
1 0.538574 0.519597 0.538574 0.525424 0.539551 0.527542 0.540771 0.524364 0.541260 0.524364 0.541016 0.523835 0.541504 0.521716 0.540527 0.521186 0.540283 0.522246 0.540039 0.521716 0.538818 0.523835 0.538574 0.522246 0.539062 0.520127 0.538818 0.520657
1 0.058350 0.520127 0.058105 0.519597 0.055908 0.520657 0.053467 0.520657 0.053223 0.521716 0.054199 0.523835 0.055176 0.524364 0.056396 0.522775 0.056885 0.523305 0.056641 0.522775 0.057129 0.521716 0.058350 0.521716
1 0.577637 0.519068 0.576904 0.521186 0.578125 0.526483 0.579346 0.524364 0.579346 0.522246
1 0.556152 0.519068 0.556641 0.522246 0.557861 0.524364 0.557617 0.520127 0.556641 0.518538
1 0.775879 0.514301 0.775391 0.516419 0.776123 0.516949 0.775146 0.521186 0.776611 0.521716 0.776611 0.516419
1 0.075439 0.514301 0.076172 0.516419 0.076904 0.516419 0.077148 0.518008 0.078125 0.518008 0.078857 0.519068 0.078857 0.520127 0.079346 0.520657 0.078613 0.521186 0.078125 0.519597 0.077637 0.519597 0.077637 0.520657 0.079590 0.522246 0.079834 0.521716 0.077881 0.516949 0.077881 0.515360 0.075928 0.515360
1 0.697754 0.514831 0.696777 0.513771 0.695801 0.516419 0.695312 0.516419 0.694580 0.520657 0.692871 0.524364 0.691895 0.524364 0.690918 0.522775 0.689697 0.522246 0.689697 0.524894 0.690674 0.527013 0.691406 0.527013 0.691895 0.525953 0.694824 0.525953 0.695557 0.524364 0.695557 0.519068 0.698242 0.518008
1 0.404053 0.511653 0.403320 0.513242 0.403320 0.514831 0.403809 0.515360 0.403809 0.518008 0.405029 0.517479 0.404297 0.515360 0.404541 0.512182
1 0.042725 0.511653 0.040039 0.510593 0.038818 0.512712 0.037598 0.512712 0.038086 0.514301 0.038086 0.516419 0.037598 0.517479 0.038086 0.524894 0.038574 0.524894 0.038818 0.521716 0.041016 0.516949 0.042969 0.516949
1 0.712646 0.511123 0.713135 0.512182 0.714600 0.512712 0.716064 0.515360 0.717041 0.513242 0.716309 0.511123 0.714844 0.510064 0.714844 0.511123 0.714355 0.511653 0.713867 0.509534 0.713379 0.509534
1 0.057617 0.510064 0.059570 0.511123 0.060547 0.512712 0.061523 0.515890 0.061523 0.518008 0.061768 0.516949 0.062988 0.517479 0.062256 0.516419 0.062256 0.514831 0.062744 0.513771 0.062012 0.515360 0.061279 0.514831 0.061768 0.514301 0.062012 0.512182 0.061279 0.512712 0.058105 0.509534
1 0.289307 0.509004 0.289062 0.511123 0.289551 0.512182 0.288818 0.513242 0.288574 0.512712 0.288330 0.514301 0.288086 0.513242 0.287598 0.514301 0.289795 0.514301 0.290039 0.515890 0.289307 0.517479 0.290771 0.517479 0.291748 0.515890 0.290771 0.514301 0.291016 0.513771 0.289795 0.513771 0.292725 0.510593 0.291260 0.510593 0.289795 0.513242 0.289551 0.511653 0.290283 0.510593 0.290283 0.509534
1 0.450684 0.508475 0.450684 0.511653 0.451416 0.515360 0.451172 0.520127 0.451904 0.521716 0.452393 0.520657 0.452393 0.518008 0.451904 0.517479 0.452148 0.516419 0.452881 0.516419 0.453369 0.518008 0.453857 0.517479 0.454102 0.518538 0.454102 0.517479 0.453369 0.516419 0.453369 0.514301
1 0.705811 0.506886 0.705322 0.509004 0.705566 0.512182 0.705078 0.514831 0.705811 0.514831 0.706787 0.516419 0.707275 0.518538 0.707275 0.521186 0.705811 0.525424 0.706299 0.527013 0.707764 0.524364 0.707520 0.521716 0.707764 0.520127 0.708496 0.519068 0.708496 0.516419 0.707031 0.511653 0.707031 0.510064 0.706543 0.509534 0.706543 0.507415
1 0.089844 0.506356 0.089844 0.509004 0.090332 0.509534 0.090820 0.513771 0.091553 0.513771 0.092285 0.514831 0.092285 0.515890 0.092529 0.514831 0.093018 0.515890 0.092529 0.514831 0.093018 0.511653 0.092529 0.512182 0.091797 0.510593 0.092041 0.510064
1 0.070312 0.505826 0.070801 0.507415 0.070312 0.508475 0.070312 0.510064 0.069336 0.510593 0.069824 0.511653 0.071045 0.511123 0.071289 0.512712 0.073730 0.512712 0.071777 0.511653 0.071289 0.510593 0.071777 0.508475
1 0.522949 0.505297 0.522949 0.507415 0.523438 0.507945 0.522705 0.509534 0.524414 0.509534 0.524902 0.507415 0.523682 0.505297
1 0.739502 0.502119 0.738770 0.502119 0.738525 0.503178 0.738281 0.502648 0.737305 0.505297 0.737061 0.511123 0.737549 0.513242 0.739258 0.511123 0.739014 0.509534 0.739746 0.507945 0.738281 0.506356 0.739746 0.503178
1 0.784180 0.500000 0.781494 0.504237 0.781250 0.505826 0.781982 0.505826 0.782715 0.507415 0.782715 0.508475 0.783936 0.507945 0.784180 0.509004 0.784668 0.507945 0.784180 0.507945 0.783203 0.504767
1 0.013184 0.500530 0.013672 0.505826 0.014893 0.506356 0.015625 0.505297 0.014160 0.501589 0.014160 0.500000 0.013916 0.501589
1 0.800781 0.500530 0.799316 0.500000 0.798828 0.498941 0.797852 0.500000 0.796875 0.502648 0.795410 0.502648 0.797607 0.502648 0.797852 0.503708 0.799805 0.502648
1 0.706543 0.498941 0.706055 0.500000 0.706543 0.503178 0.708740 0.505297 0.708984 0.504767 0.707764 0.501059 0.708252 0.500000 0.709961 0.499470 0.708252 0.498941 0.708008 0.500000 0.707520 0.498941 0.707275 0.500000 0.706787 0.500000
1 0.194580 0.497881 0.194580 0.500000 0.195801 0.499470 0.196289 0.500530 0.196289 0.502648 0.195312 0.504237 0.195312 0.505826 0.196045 0.504767 0.196289 0.503178 0.197754 0.505297 0.197266 0.505826 0.197754 0.506356 0.197510 0.507415 0.196777 0.506886 0.195801 0.509004 0.196289 0.510064 0.197754 0.506886 0.198486 0.509004 0.201904 0.513771 0.203369 0.518008 0.204102 0.518538 0.206055 0.523305 0.206055 0.524894 0.208008 0.528602 0.208008 0.530191 0.209229 0.530191 0.209229 0.528602 0.208740 0.528072 0.208740 0.523835 0.208008 0.520657 0.209961 0.515360 0.209717 0.512182 0.209473 0.513242 0.208984 0.513242 0.208740 0.511653 0.205811 0.516949 0.205322 0.516949 0.201904 0.512712 0.201416 0.510593 0.199707 0.508475 0.199463 0.507415 0.199951 0.506886 0.199463 0.505297 0.198486 0.505297 0.197510 0.502648
1 0.544922 0.500000 0.543945 0.498941 0.543457 0.497352 0.542725 0.500000 0.541992 0.500000 0.541504 0.498941 0.538574 0.498941 0.537598 0.500000 0.537598 0.501589 0.536133 0.503708 0.536377 0.507415 0.535889 0.508475 0.535400 0.507945 0.534912 0.509534 0.533936 0.508475 0.533447 0.511653 0.533936 0.512182 0.533691 0.513242 0.534424 0.512182 0.534912 0.513242 0.534668 0.512182 0.536133 0.510593 0.536377 0.509004 0.536865 0.509004 0.537109 0.510593 0.536621 0.512182 0.538574 0.518008 0.541748 0.515360 0.541992 0.515890 0.543213 0.512712 0.542969 0.511653 0.539795 0.511123 0.539307 0.509004 0.538330 0.509534 0.538086 0.508475 0.539551 0.507945 0.541260 0.505297 0.542480 0.505297 0.543213 0.506886 0.542969 0.508475 0.543701 0.508475 0.544189 0.507415 0.543945 0.504237 0.545166 0.501589
1 0.518311 0.497881 0.517334 0.497352 0.515869 0.499470 0.515381 0.501589 0.516357 0.502648 0.516602 0.501589 0.517090 0.502648 0.517822 0.502648 0.518555 0.501059
1 0.078125 0.497352 0.077148 0.497881 0.077393 0.499470 0.076904 0.501059 0.076416 0.501059 0.077637 0.504237 0.077637 0.502648 0.079102 0.501059 0.078613 0.500530 0.079102 0.498941
1 0.218994 0.496822 0.217529 0.497881 0.216797 0.500530 0.217285 0.501059 0.217285 0.503708 0.216309 0.505826 0.216797 0.506886 0.218750 0.506886 0.219971 0.505297 0.220215 0.503178 0.219238 0.501589 0.219727 0.500530 0.219727 0.498941 0.218994 0.497881
1 0.719727 0.501059 0.719727 0.502119 0.720459 0.503178 0.721680 0.502648 0.721924 0.504767 0.724121 0.505297 0.724121 0.507415 0.725098 0.509004 0.725098 0.512182 0.724609 0.513242 0.726562 0.516949 0.728027 0.516419 0.729248 0.520127 0.729248 0.522775 0.730469 0.522775 0.730957 0.516419 0.732910 0.516949 0.732910 0.523835 0.733643 0.525424 0.734375 0.524364 0.734375 0.522775 0.736572 0.519068 0.736572 0.517479 0.736084 0.516419 0.736572 0.515360 0.735596 0.514301 0.735596 0.510593 0.735107 0.510064 0.735107 0.508475 0.734131 0.508475 0.733398 0.509534 0.734375 0.511653 0.734131 0.512712 0.733398 0.512712 0.733154 0.513771 0.731934 0.513771 0.730713 0.515890 0.730225 0.515360 0.730469 0.510593 0.730957 0.509534 0.731445 0.510593 0.731689 0.509004 0.732910 0.507945 0.732910 0.506886 0.733643 0.505297 0.734131 0.505826 0.734619 0.503708 0.735352 0.503708 0.734619 0.502119 0.733887 0.502119 0.733398 0.500000 0.732666 0.499470 0.731689 0.495763 0.730957 0.494703 0.729492 0.494703 0.729492 0.504237 0.728516 0.506356 0.728760 0.507415 0.727539 0.509004 0.727051 0.508475 0.726318 0.509534 0.725342 0.507415 0.725586 0.506886 0.724854 0.505297 0.724854 0.503178 0.724121 0.501589 0.724609 0.499470 0.724365 0.497881 0.723633 0.497881 0.723877 0.498411 0.722900 0.499470 0.722412 0.498941 0.722656 0.500000 0.721680 0.502648 0.720215 0.500530
1 0.533203 0.494703 0.531250 0.494174 0.530273 0.495763 0.530273 0.498411 0.529785 0.500530 0.531250 0.502648 0.530518 0.504767 0.531250 0.504237 0.532227 0.501589
1 0.809082 0.497352 0.811279 0.498941 0.812988 0.497881 0.813232 0.496822 0.812256 0.494703 0.811035 0.493644 0.811035 0.495233 0.810059 0.497352
1 0.102295 0.492585 0.103516 0.496822 0.103027 0.502119 0.103760 0.502119 0.105225 0.498941 0.104980 0.497352 0.104004 0.496292 0.104004 0.495233 0.103271 0.494174 0.103516 0.493114 0.102783 0.493644
1 0.549805 0.492055 0.548828 0.494703 0.550049 0.501059 0.551758 0.502119 0.552246 0.501589 0.552246 0.498941 0.550293 0.497352 0.550293 0.492055
1 0.816650 0.489936 0.816406 0.491525 0.815430 0.490466 0.814941 0.491525 0.815186 0.496292 0.816162 0.498411 0.815918 0.501059 0.816650 0.500530 0.816162 0.499470 0.816162 0.494174 0.816650 0.494174
1 0.198242 0.488347 0.197510 0.489936 0.197754 0.490996 0.195801 0.494174 0.196777 0.494174 0.196777 0.493114 0.197510 0.492055 0.199219 0.493114 0.199219 0.495763 0.199951 0.496822 0.199951 0.502119 0.201660 0.502648 0.200684 0.500530 0.200439 0.496822 0.201172 0.495763 0.200928 0.493114 0.202148 0.489936 0.200439 0.488877 0.200439 0.489936 0.199707 0.490996
1 0.799316 0.488347 0.798584 0.487288 0.796875 0.488347 0.797119 0.489407 0.796631 0.490996 0.794922 0.492055 0.796143 0.492585 0.796875 0.490996 0.798828 0.489407 0.799072 0.487818
1 0.189941 0.487288 0.189941 0.492055 0.190918 0.490466 0.191650 0.493114 0.193115 0.495233 0.193115 0.494174 0.191650 0.490996 0.191650 0.489936 0.190918 0.489407 0.190674 0.487288
1 0.217773 0.487288 0.218018 0.488877 0.217285 0.490466 0.217773 0.489936 0.218750 0.490996 0.220459 0.490996 0.220947 0.492055 0.221680 0.492055 0.221680 0.488877 0.222412 0.487818 0.222168 0.486229 0.219238 0.486229
1 0.399414 0.485699 0.395996 0.487818 0.397949 0.489407 0.399414 0.486758
1 0.057373 0.486229 0.057617 0.489936 0.058105 0.490466 0.059570 0.489936 0.060059 0.488347 0.058594 0.485699
1 0.104736 0.485699 0.103760 0.485699 0.103516 0.489936 0.103027 0.489407 0.102539 0.490466 0.102051 0.489407 0.102783 0.492055 0.103760 0.492055 0.103271 0.490466 0.103760 0.489407 0.105225 0.489407 0.105469 0.487818
1 0.085938 0.487818 0.085938 0.490466 0.087158 0.491525 0.087158 0.493114 0.088135 0.495763 0.087891 0.496292 0.092041 0.495763 0.094727 0.497352 0.095215 0.494174 0.094971 0.495233 0.094727 0.494174 0.093994 0.494174 0.092529 0.490996 0.093262 0.490466 0.093262 0.487818 0.093018 0.488877 0.091797 0.485699 0.090820 0.484640 0.089844 0.484640 0.089355 0.483581 0.088623 0.484110 0.088379 0.483051 0.087646 0.485169 0.086914 0.485169
1 0.822021 0.480932 0.821045 0.480932 0.819092 0.486229 0.820312 0.490996 0.820312 0.494174 0.820801 0.491525 0.820068 0.490466 0.820068 0.486229 0.820557 0.485699 0.820801 0.483581 0.821777 0.482521 0.822266 0.483581
1 0.720459 0.480932 0.716309 0.480932 0.715820 0.483051 0.714844 0.484640 0.712158 0.486758 0.711182 0.486229 0.710449 0.488877 0.709717 0.488877 0.709961 0.492055 0.708984 0.492585 0.709473 0.493644 0.712646 0.493644 0.713623 0.492585 0.713867 0.489936 0.714600 0.488877 0.714600 0.487818 0.715088 0.486758 0.715576 0.487288 0.715820 0.486229 0.718994 0.489936 0.720703 0.487288 0.720703 0.485169 0.720215 0.483581
1 0.043457 0.479873 0.043213 0.482521 0.043701 0.483581 0.044922 0.483581 0.045898 0.482521 0.045410 0.479873
1 0.743896 0.477754 0.744629 0.478814 0.744141 0.480403 0.745605 0.484640 0.745850 0.487818 0.746582 0.488877 0.748047 0.487288 0.748291 0.484640 0.749756 0.484110 0.750488 0.482521 0.752197 0.481992 0.751709 0.480932 0.745605 0.480403
1 0.333008 0.476695 0.332764 0.478814 0.332031 0.479873 0.332031 0.484110 0.332520 0.484640 0.332275 0.488347 0.333008 0.487818 0.333496 0.488877 0.333496 0.491525 0.334229 0.493114 0.335938 0.493114 0.337158 0.494703 0.337158 0.501059 0.336426 0.502648 0.337402 0.504237 0.338379 0.502648 0.337891 0.502119 0.338379 0.501589 0.338379 0.493644 0.338867 0.492585 0.339844 0.492585 0.340576 0.490466 0.337891 0.485169 0.338135 0.480932 0.337646 0.479873 0.334717 0.479873
1 0.821777 0.476165 0.820068 0.475636 0.819092 0.476695 0.817627 0.481462 0.818848 0.481462 0.820801 0.478814
1 0.734375 0.478284 0.734619 0.481462 0.737061 0.481462 0.737793 0.479343 0.738281 0.480403 0.740967 0.480403 0.741455 0.479343 0.742432 0.479343 0.742188 0.477754 0.741455 0.478284 0.740234 0.476165 0.738770 0.475636 0.738037 0.477225 0.737549 0.475106 0.737061 0.476695 0.735352 0.475636 0.735107 0.476695 0.734619 0.476695
1 0.773438 0.474047 0.774658 0.478284 0.775879 0.478284 0.775146 0.474576
1 0.812256 0.472987 0.811523 0.475106 0.809814 0.476695 0.809082 0.478284 0.809570 0.477754 0.810059 0.479343 0.809326 0.479873 0.809570 0.479343 0.809814 0.480403 0.809082 0.480932 0.808350 0.483051 0.808105 0.482521 0.808838 0.484640 0.809814 0.483581 0.809814 0.479873 0.811035 0.477225 0.812256 0.477225
1 0.164062 0.472458 0.164062 0.475106 0.163330 0.477225 0.164795 0.476695 0.166504 0.479343 0.166016 0.479873 0.166016 0.482521 0.167236 0.482521 0.167236 0.483581 0.167969 0.482521 0.169922 0.483581 0.172363 0.482521 0.172119 0.479873 0.172607 0.478814 0.170898 0.476695 0.170654 0.475106 0.166260 0.474576 0.165527 0.472458
1 0.206299 0.472458 0.206787 0.475636 0.206299 0.480403 0.207031 0.481992 0.211670 0.481462 0.211182 0.479343 0.210449 0.479343 0.209229 0.480932 0.208984 0.480403 0.209473 0.478284 0.208740 0.477225 0.208496 0.475636 0.207520 0.474576 0.207520 0.472987 0.206787 0.471928
1 0.042725 0.471928 0.042480 0.476695 0.042969 0.475106 0.043945 0.477754 0.044434 0.476165 0.044434 0.473517 0.043945 0.472458 0.043701 0.472987
1 0.852295 0.470339 0.851074 0.472458 0.851074 0.474576 0.851562 0.474576 0.851562 0.476695 0.850830 0.478284 0.851074 0.480403 0.852295 0.480403 0.851807 0.478814 0.852051 0.476695 0.851562 0.474047 0.851562 0.472458
1 0.500977 0.466102 0.501953 0.469280 0.503418 0.469809 0.503906 0.470869 0.503906 0.472458 0.503174 0.474047 0.503418 0.475106 0.504395 0.474047 0.505615 0.477754 0.507568 0.479873 0.507812 0.476695 0.506592 0.476695 0.505859 0.475106 0.506836 0.474047 0.505859 0.471398 0.505127 0.474576 0.504395 0.474047 0.504395 0.472458 0.505127 0.470869 0.505127 0.469809 0.504395 0.469280 0.503906 0.470339 0.503662 0.466631 0.502686 0.468220 0.501953 0.468220
1 0.745605 0.467161 0.745605 0.469809 0.746582 0.469809 0.747070 0.472987 0.748535 0.475636 0.752197 0.475636 0.753174 0.474047 0.753662 0.471398 0.753174 0.467161 0.752441 0.467161 0.752197 0.466102 0.751709 0.466102 0.750732 0.469280 0.748779 0.467161 0.748535 0.465572 0.747803 0.467161
1 0.333740 0.464513 0.333008 0.464513 0.332031 0.466631 0.332031 0.470339 0.334229 0.467691 0.333740 0.466631
1 0.205566 0.464513 0.205322 0.467161 0.206055 0.468750 0.208252 0.471398 0.208984 0.470339 0.208008 0.463983 0.206787 0.463453 0.206299 0.464513
1 0.760986 0.463453 0.762939 0.464513 0.764404 0.467691 0.765381 0.468220 0.765869 0.467161 0.765869 0.466102 0.764893 0.463983 0.762939 0.461864 0.761719 0.461864 0.761963 0.462394
1 0.552246 0.461864 0.551025 0.464513 0.551025 0.466102 0.551758 0.467691 0.551758 0.472987 0.552246 0.473517 0.552979 0.464513
1 0.748047 0.459216 0.748047 0.463983 0.749756 0.465042 0.750000 0.460805 0.749268 0.459216
1 0.059570 0.459746 0.060059 0.462924 0.059326 0.465572 0.059082 0.464513 0.059326 0.466631 0.058594 0.468220 0.058350 0.467691 0.057617 0.468750 0.058594 0.468220 0.058838 0.469280 0.059814 0.468220 0.060547 0.473517 0.062500 0.476165 0.063232 0.474047 0.066406 0.472458 0.066162 0.470339 0.064697 0.466631 0.064453 0.463983 0.062988 0.460275 0.061035 0.458686 0.060059 0.458686
1 0.787109 0.457097 0.786133 0.458157 0.786133 0.461335 0.786621 0.461864 0.786621 0.463453 0.786133 0.463983 0.785889 0.466102 0.784424 0.466102 0.783691 0.465042 0.783203 0.462924 0.782227 0.462924 0.782227 0.465042 0.784180 0.469280 0.784180 0.470339 0.783691 0.470869 0.783936 0.473517 0.785400 0.472987 0.785400 0.470339 0.786377 0.469809 0.785889 0.468750 0.786377 0.467691 0.786133 0.464513 0.786865 0.464513 0.787842 0.462394 0.787842 0.460805 0.787109 0.459746
1 0.828613 0.456038 0.826660 0.458686 0.824707 0.460275 0.824463 0.459746 0.824219 0.460805 0.823486 0.459746 0.823730 0.458686 0.822998 0.459216 0.823486 0.460275 0.821777 0.461864 0.821533 0.462924 0.820312 0.462924 0.820068 0.463983 0.819580 0.462924 0.818359 0.462924 0.817383 0.465572 0.818604 0.463983 0.819580 0.465042 0.818848 0.466631 0.821289 0.467161 0.821533 0.466631 0.820557 0.466102 0.820068 0.463983 0.821777 0.462924 0.822266 0.465572 0.822754 0.465572 0.822266 0.463453 0.822998 0.461864 0.824707 0.460275 0.824951 0.460805 0.825195 0.459746 0.826416 0.458686 0.827393 0.458686 0.828857 0.462924 0.827637 0.468220 0.827881 0.471398 0.827393 0.472458 0.824463 0.472458 0.823486 0.474576 0.824951 0.475106 0.828369 0.473517 0.828125 0.472458 0.829102 0.466631 0.828857 0.461864 0.827881 0.458157
1 0.810791 0.455508 0.809814 0.460275 0.809570 0.459746 0.809326 0.460805 0.808838 0.460805 0.808594 0.459746 0.809082 0.459216 0.808350 0.459746 0.809570 0.464513 0.810791 0.464513 0.811279 0.462924 0.811279 0.458686
1 0.753418 0.455508 0.752441 0.457097 0.752686 0.458686 0.753662 0.459746 0.754883 0.457627
1 0.791992 0.454979 0.789551 0.462924 0.790283 0.465572 0.789551 0.469809 0.790039 0.470339 0.790039 0.472458 0.788086 0.472987 0.788574 0.474047 0.790283 0.474047 0.790771 0.472987 0.791260 0.473517 0.792725 0.472458 0.796631 0.473517 0.796875 0.472987 0.796387 0.471398 0.796387 0.469280 0.795166 0.468220 0.791992 0.459746 0.792725 0.457097 0.792725 0.455508
1 0.326172 0.453919 0.325439 0.453919 0.324707 0.456038 0.324951 0.459746 0.325439 0.459746 0.326172 0.457627
1 0.499512 0.453390 0.498535 0.455508 0.497803 0.455508 0.498047 0.456038 0.497559 0.456568 0.497070 0.460275 0.496338 0.460275 0.495117 0.465042 0.494141 0.464513 0.493896 0.460805 0.493164 0.463453 0.493164 0.467161 0.493652 0.465572 0.493896 0.466631 0.494385 0.465042 0.495605 0.465572 0.496094 0.467161 0.497559 0.466102 0.498047 0.466631 0.498291 0.465572 0.496338 0.466631 0.495605 0.465042 0.496094 0.461864 0.496826 0.461864 0.497803 0.463983 0.498047 0.463453 0.497559 0.462924 0.498779 0.460275 0.498535 0.457627 0.499023 0.456568 0.499756 0.458157 0.498779 0.456038 0.499268 0.454449 0.499756 0.454979 0.499512 0.456038
1 0.493164 0.452331 0.494629 0.456568 0.493896 0.458157 0.493896 0.459746 0.494873 0.461335 0.494385 0.460275 0.495117 0.460275 0.495117 0.457097 0.494385 0.454979 0.494385 0.452331
1 0.533447 0.452331 0.531494 0.452331 0.530762 0.453390 0.530518 0.455508 0.531250 0.456568 0.531494 0.455508 0.532227 0.456038 0.533447 0.453390
1 0.821777 0.454449 0.820801 0.451271 0.820068 0.451271 0.819092 0.452860 0.818115 0.452860 0.817383 0.454979 0.821045 0.456038
1 0.782959 0.451271 0.781494 0.452331 0.781250 0.453919 0.782227 0.457097 0.782715 0.457097 0.783203 0.454979
1 0.372314 0.448623 0.372803 0.450742 0.372559 0.451271 0.373535 0.452860 0.374023 0.454979 0.374756 0.454979 0.375000 0.456568 0.376221 0.458157 0.376953 0.463453 0.377686 0.464513 0.376953 0.462924 0.376709 0.458686 0.375732 0.456038 0.376221 0.454449 0.374756 0.452331 0.375244 0.451271 0.374756 0.450212 0.374268 0.451271 0.373291 0.449153
1 0.556152 0.444915 0.553711 0.447034 0.554199 0.449153 0.553223 0.450742 0.553223 0.452331 0.553955 0.452860 0.553711 0.453390 0.554199 0.453919 0.554199 0.456568 0.554443 0.454449 0.555664 0.452860 0.556152 0.448623 0.557129 0.448093 0.557129 0.446504
1 0.830322 0.444386 0.830566 0.445975 0.831543 0.447034 0.832275 0.449153 0.832764 0.448623 0.833252 0.449682 0.834229 0.448093 0.833984 0.444915 0.831787 0.443326
1 0.304688 0.443856 0.304932 0.444915 0.306152 0.445975 0.305664 0.447034 0.305664 0.448623 0.306152 0.449153 0.308350 0.447564 0.308105 0.445975 0.306885 0.445975 0.305664 0.443326
1 0.287109 0.440678 0.286621 0.442267 0.286865 0.443856 0.287842 0.445445 0.288574 0.445445 0.288086 0.441737
1 0.774902 0.440148 0.772461 0.443326 0.770752 0.447564 0.770752 0.455508 0.773438 0.452860 0.774902 0.447034 0.775146 0.448623 0.775391 0.443326
1 0.271729 0.440678 0.272217 0.442267 0.274170 0.442267 0.273926 0.440678 0.273193 0.439619
1 0.789551 0.438030 0.786377 0.438559 0.785645 0.440678 0.787354 0.444386 0.786377 0.452331 0.786621 0.452860 0.788818 0.450212 0.788574 0.445975 0.789062 0.442267 0.788330 0.441208 0.789795 0.438559
1 0.495117 0.437500 0.494141 0.439619 0.494141 0.442267 0.495117 0.440678 0.496094 0.441737 0.495605 0.448623 0.495117 0.449682 0.495605 0.450212 0.495361 0.450742 0.496094 0.452860 0.496826 0.452860 0.496582 0.452331 0.497070 0.451801 0.497314 0.449682 0.496338 0.445975 0.497559 0.445975 0.498047 0.443856 0.498779 0.443856 0.497803 0.443326 0.496582 0.441208 0.496582 0.438030 0.496094 0.438559 0.495850 0.437500
1 0.339844 0.438559 0.338867 0.437500 0.337402 0.438559 0.337402 0.441737 0.338135 0.441737
1 0.772949 0.437500 0.769775 0.437500 0.767334 0.441737 0.766846 0.444386 0.765625 0.443326 0.766602 0.445975 0.766602 0.448093 0.765137 0.449153 0.764893 0.451801 0.765381 0.451801 0.765137 0.451271 0.766602 0.448623 0.767578 0.448623 0.767578 0.445975 0.768066 0.444915 0.770508 0.442797
1 0.369629 0.436441 0.369141 0.437500 0.369629 0.438559 0.369141 0.439619 0.370117 0.439619 0.369385 0.440678 0.369629 0.441737 0.370361 0.442267 0.370850 0.443856 0.371826 0.442267 0.372559 0.444915 0.372070 0.447034 0.372803 0.447564 0.372803 0.440678 0.371826 0.440678 0.371094 0.438030 0.370850 0.439089
1 0.297119 0.435911 0.296143 0.435911 0.295410 0.437500 0.295410 0.440148 0.296875 0.440148 0.297363 0.439089
1 0.550293 0.437500 0.550293 0.438559 0.551270 0.439619 0.551270 0.441208 0.552734 0.440678 0.553711 0.439619 0.554199 0.438030 0.553711 0.435911 0.551758 0.435381
1 0.453125 0.434322 0.452637 0.435911 0.452881 0.438559 0.452148 0.439619 0.452393 0.441208 0.453369 0.441737 0.453857 0.441208 0.453125 0.439089 0.453613 0.436970 0.453613 0.434852
1 0.446533 0.434322 0.446045 0.435911 0.446777 0.436970 0.446777 0.439619 0.448730 0.440148 0.447754 0.436970 0.447754 0.434852
1 0.761963 0.433263 0.760986 0.433792 0.760254 0.435381 0.760254 0.436970 0.759277 0.437500 0.759033 0.438559 0.754883 0.438030 0.754639 0.440148 0.756348 0.442267 0.758057 0.442267 0.759766 0.441208 0.760254 0.440148 0.761230 0.440678 0.762207 0.438559 0.761475 0.436970
1 0.150391 0.433792 0.151367 0.435911 0.151367 0.441208 0.152100 0.440678 0.154785 0.442797 0.156006 0.441737 0.157715 0.442267 0.157715 0.444386 0.156250 0.442797 0.155762 0.443856 0.155518 0.447034 0.156494 0.449682 0.156738 0.449153 0.157471 0.450212 0.158203 0.453390 0.159668 0.452331 0.159180 0.450742 0.159912 0.449153 0.160400 0.444915 0.158691 0.442797 0.158203 0.443856 0.157959 0.443326 0.158203 0.441208 0.159180 0.442267 0.159424 0.441208 0.156006 0.441208 0.154297 0.439089 0.153320 0.435911 0.154785 0.433792 0.154541 0.433263 0.153320 0.433792 0.153320 0.432733 0.152588 0.433792
1 0.545898 0.431674 0.544434 0.432203 0.544922 0.433792 0.543945 0.436441 0.542969 0.436441 0.541992 0.438559 0.541748 0.441737 0.541016 0.443326 0.541016 0.445445 0.541504 0.446504 0.543701 0.447034 0.544922 0.444386 0.544922 0.442797 0.543945 0.441208 0.544434 0.440148 0.545654 0.440678 0.545898 0.438559 0.547119 0.435911 0.547119 0.434322 0.546143 0.434322
1 0.554688 0.431144 0.554199 0.432733 0.553223 0.433263 0.553955 0.433792 0.554932 0.437500 0.554932 0.436441 0.555420 0.436970 0.556152 0.439619 0.555664 0.440148 0.555664 0.441208 0.556641 0.442267 0.557129 0.440678 0.555908 0.435911 0.555664 0.431144
1 0.781982 0.430085 0.781250 0.430085 0.781250 0.431674 0.780273 0.432203 0.780273 0.434322 0.779785 0.435911 0.780273 0.435911 0.781250 0.432733 0.782471 0.433263
1 0.523438 0.430085 0.523438 0.432203 0.524902 0.434852 0.524902 0.439619 0.525391 0.439619 0.528320 0.433792 0.527832 0.431144 0.526367 0.434322 0.525879 0.434322 0.524658 0.430085
1 0.303223 0.429025 0.302002 0.429025 0.301270 0.431144 0.302246 0.432733 0.303223 0.431144
1 0.780029 0.428496 0.779053 0.430614 0.776611 0.431674 0.775391 0.433792 0.775879 0.433792 0.776855 0.435911 0.775391 0.439619 0.776367 0.438030 0.777832 0.438030 0.778076 0.439089 0.777588 0.440678 0.778809 0.445445 0.778076 0.438030 0.776855 0.435381 0.777832 0.433263 0.777832 0.432203 0.778320 0.433263 0.779053 0.431674 0.779541 0.432733 0.780029 0.430085 0.780762 0.430085
1 0.530518 0.428496 0.530762 0.432203 0.532227 0.431674 0.531494 0.427966
1 0.144043 0.427966 0.143311 0.429025 0.143311 0.431144 0.145020 0.433792 0.145508 0.433263 0.145508 0.432203 0.145020 0.431144 0.145020 0.429555
1 0.810547 0.428496 0.810303 0.435381 0.811035 0.436441 0.811035 0.437500 0.811279 0.436441 0.813965 0.437500 0.814697 0.438559 0.815430 0.438030 0.815430 0.439089 0.816162 0.439619 0.815918 0.440678 0.817383 0.443856 0.818115 0.448093 0.819580 0.446504 0.821289 0.442797 0.820801 0.440678 0.816650 0.439089 0.815674 0.437500 0.815918 0.436970 0.815430 0.437500 0.814941 0.435381 0.813965 0.434852 0.812500 0.432203 0.812500 0.430614 0.811035 0.427436
1 0.171631 0.430085 0.172119 0.431674 0.174316 0.431144 0.174561 0.430085 0.175049 0.430614 0.173340 0.426907 0.172119 0.427436
1 0.496338 0.434852 0.496826 0.436970 0.498047 0.436970 0.499023 0.439619 0.499023 0.436970 0.499512 0.435911 0.500488 0.436441 0.500977 0.435381 0.501953 0.439619 0.502441 0.439619 0.502930 0.438559 0.502686 0.437500 0.503418 0.436441 0.503906 0.434322 0.505371 0.432203 0.506836 0.431674 0.507812 0.433263 0.508057 0.432733 0.509521 0.434322 0.509521 0.430085 0.510498 0.429025 0.511230 0.431144 0.510742 0.441737 0.510986 0.442267 0.509521 0.445445 0.510010 0.445445 0.510254 0.446504 0.509521 0.447564 0.505127 0.446504 0.505615 0.447034 0.505371 0.448623 0.508789 0.448623 0.509521 0.450212 0.508545 0.452860 0.508301 0.455508 0.508789 0.453919 0.510498 0.452331 0.510986 0.450212 0.509766 0.450212 0.509521 0.448623 0.510010 0.447564 0.510254 0.448093 0.510010 0.447034 0.510986 0.444386 0.511475 0.444915 0.511230 0.438559 0.511475 0.433263 0.512207 0.430614 0.512207 0.428496 0.509766 0.429025 0.509521 0.430614 0.508545 0.431674 0.507812 0.430614 0.508545 0.429025 0.507812 0.429025 0.507568 0.430614 0.506104 0.429025 0.505127 0.426377 0.505615 0.429555 0.505127 0.430614 0.504395 0.430085 0.503906 0.431144 0.502441 0.426907 0.502197 0.429025 0.501465 0.429025 0.501221 0.430085 0.500732 0.429025 0.500732 0.432733 0.500000 0.434322 0.499268 0.433263 0.497314 0.435381 0.496826 0.434322
1 0.826416 0.426377 0.824951 0.425847 0.823730 0.428496 0.825195 0.429555 0.826172 0.427966
1 0.370605 0.424258 0.371094 0.424788 0.371094 0.426377 0.372070 0.427966 0.372070 0.431674 0.371582 0.433792 0.372314 0.433792 0.373047 0.432203 0.372803 0.425847
1 0.542480 0.422669 0.540771 0.422669 0.539551 0.426907 0.539795 0.426377 0.540527 0.427436 0.541992 0.427436 0.542480 0.426377
1 0.258789 0.420551 0.258789 0.422140 0.259277 0.422669 0.258789 0.423199 0.258789 0.426377 0.259521 0.427436 0.260010 0.425847 0.260986 0.425847 0.262695 0.430085 0.264160 0.430085 0.264893 0.429025 0.261963 0.426907 0.262207 0.422669 0.261230 0.419492
1 0.149902 0.418962 0.150146 0.420551 0.149414 0.421081 0.150146 0.422669 0.150391 0.422140 0.152344 0.424258 0.152100 0.425318 0.149414 0.424788 0.149414 0.426377 0.149902 0.426907 0.149902 0.428496 0.150635 0.430085 0.152100 0.426377 0.153320 0.425318 0.153564 0.424258 0.152588 0.423729 0.150146 0.419492 0.150391 0.418962
1 0.806641 0.418432 0.806641 0.420021 0.807617 0.422669 0.809570 0.422669 0.809570 0.419492
1 0.288086 0.416314 0.290283 0.419492 0.291016 0.418962 0.290039 0.415784
1 0.296631 0.415254 0.295410 0.415254 0.294434 0.414195 0.294678 0.415254 0.294189 0.417373 0.293457 0.416843 0.293945 0.416314 0.293945 0.415254 0.292969 0.415784 0.292236 0.418962 0.292480 0.421081 0.293213 0.421610 0.293701 0.420021 0.295410 0.420551 0.296631 0.419492
1 0.759766 0.413136 0.759766 0.414725 0.760254 0.415254 0.760254 0.416843 0.760742 0.417903 0.760742 0.420021 0.761230 0.420551 0.761230 0.423199 0.759766 0.423199 0.758545 0.424258 0.761963 0.425847 0.762451 0.427966 0.762695 0.426907 0.762939 0.427436 0.762695 0.423199 0.763184 0.422140 0.762207 0.417903 0.762451 0.417373 0.760742 0.413136
1 0.369873 0.413136 0.369629 0.414725 0.368652 0.415254 0.368652 0.416843 0.368164 0.417373 0.368408 0.419492 0.368652 0.417373 0.369141 0.418432 0.369141 0.420021 0.368652 0.420551 0.368408 0.422669 0.368896 0.423199 0.368652 0.427436 0.367920 0.429025 0.367432 0.427966 0.367676 0.430614 0.368164 0.428496 0.368896 0.429555 0.369873 0.427436 0.369385 0.425847 0.369629 0.424788 0.370361 0.425318 0.369629 0.423729 0.369873 0.420551 0.370361 0.420021 0.370361 0.415254 0.369873 0.416843 0.369629 0.416314
1 0.523926 0.413136 0.524902 0.414725 0.524658 0.415784 0.525879 0.417903 0.526855 0.417903 0.526855 0.415254 0.527344 0.414195 0.526855 0.413136 0.527100 0.412606 0.524658 0.412076
1 0.148438 0.412606 0.148438 0.414725 0.149170 0.413665 0.150146 0.417903 0.150879 0.417903 0.154053 0.422140 0.154785 0.422140 0.156006 0.419492 0.154541 0.416843 0.154541 0.415254 0.154053 0.417373 0.152832 0.414195 0.153076 0.413136 0.151855 0.413136 0.151367 0.412076 0.151123 0.413136 0.150391 0.412076 0.149170 0.412076 0.148682 0.413136
1 0.531738 0.409958 0.531250 0.409958 0.528320 0.415254 0.527832 0.419492 0.528320 0.420551 0.527832 0.419492 0.528076 0.418962 0.529053 0.418962 0.529785 0.417903 0.530029 0.418432 0.530762 0.416314 0.531250 0.417373 0.532227 0.415254 0.532227 0.411017
1 0.326660 0.411017 0.327393 0.412606 0.328125 0.412606 0.328125 0.414195 0.327637 0.415254 0.327881 0.414725 0.329346 0.417373 0.330566 0.415784 0.333252 0.417373 0.332764 0.420021 0.332764 0.423729 0.333252 0.424258 0.332764 0.426377 0.333008 0.430614 0.334229 0.429555 0.335938 0.430085 0.335693 0.427436 0.336914 0.427436 0.338379 0.424258 0.337891 0.424258 0.337158 0.422669 0.337891 0.421081 0.341309 0.421610 0.342041 0.420021 0.344971 0.420021 0.344971 0.418432 0.343994 0.417373 0.343262 0.418432 0.342529 0.417903 0.342285 0.416843 0.342773 0.416314 0.342773 0.415254 0.342285 0.414725 0.340820 0.416843 0.340088 0.414195 0.340332 0.413136 0.338867 0.411017 0.338135 0.411017 0.337646 0.412606 0.336914 0.413136 0.333740 0.413136 0.330322 0.410487 0.328369 0.412076 0.327637 0.409958
1 0.791504 0.409958 0.791016 0.411017 0.791016 0.414195 0.791504 0.416314 0.794434 0.417373 0.793457 0.415254 0.793213 0.412076 0.793701 0.409958 0.792969 0.408898
1 0.438965 0.406780 0.438477 0.407839 0.438965 0.408369 0.438965 0.409958 0.437988 0.409958 0.437744 0.411017 0.437988 0.414195 0.438965 0.415784 0.438965 0.416843 0.439697 0.418432 0.441406 0.419492 0.441895 0.418432 0.441162 0.414725 0.440918 0.408898 0.440186 0.409428 0.439697 0.407309
1 0.302246 0.406780 0.302246 0.408898 0.301758 0.409428 0.301758 0.410487 0.302490 0.411547 0.303955 0.411547 0.304932 0.413136 0.304688 0.415784 0.305420 0.415784 0.305908 0.414725 0.305664 0.413665 0.306396 0.413665 0.306152 0.410487 0.305176 0.408898 0.305664 0.408369 0.304688 0.407839 0.304199 0.409958 0.304199 0.407309
1 0.147461 0.406780 0.147949 0.409428 0.148926 0.411017 0.149902 0.410487 0.149902 0.409428 0.148193 0.406780
1 0.817627 0.406780 0.816162 0.406250 0.816162 0.407309 0.815186 0.408898 0.813721 0.408898 0.812012 0.411547 0.813232 0.412606 0.814941 0.409428 0.816895 0.409428 0.816895 0.407839
1 0.188965 0.406250 0.189453 0.414725 0.191162 0.415254 0.191650 0.416314 0.193115 0.416314 0.193359 0.414725 0.192627 0.412076 0.192627 0.410487 0.191895 0.409428 0.191406 0.409958 0.189697 0.406250
1 0.132080 0.407839 0.132568 0.409428 0.131836 0.410487 0.133301 0.411547 0.134277 0.414195 0.135010 0.414725 0.135254 0.412076 0.134277 0.406250
1 0.805420 0.405720 0.803467 0.406780 0.802734 0.409428 0.802734 0.411017 0.803955 0.411017
1 0.765625 0.404661 0.764404 0.406780 0.763428 0.407309 0.762207 0.405720 0.758789 0.406780 0.762207 0.406250 0.763916 0.408369 0.765625 0.407839
1 0.748535 0.403602 0.748779 0.405191 0.750244 0.408369 0.752930 0.409428 0.753906 0.407839 0.753418 0.405720 0.751953 0.405720 0.751465 0.404661 0.750732 0.405191 0.749756 0.403602
1 0.525146 0.402542 0.524658 0.403602 0.524902 0.406250 0.523682 0.409958 0.524658 0.409958 0.525146 0.408369 0.524902 0.406780 0.525635 0.404661
1 0.502197 0.402542 0.500244 0.404661 0.499268 0.409428 0.499756 0.409958 0.499512 0.411017 0.500488 0.410487 0.501709 0.408369 0.502441 0.403072
1 0.533691 0.402013 0.533203 0.403602 0.533203 0.406250 0.534912 0.406250 0.535156 0.402542
1 0.787109 0.413136 0.786377 0.414725 0.786865 0.416843 0.787354 0.415784 0.786621 0.415254 0.787354 0.414725 0.786377 0.411547 0.779541 0.417903 0.779053 0.414195 0.777832 0.412076 0.777588 0.416843 0.778320 0.417903 0.776855 0.420551 0.776367 0.419492 0.776855 0.416843 0.774902 0.420021 0.773926 0.420021 0.773193 0.418432 0.773438 0.415784 0.776123 0.408898 0.777832 0.408898 0.777100 0.402013 0.776367 0.401483 0.776611 0.406780 0.775146 0.406780 0.773438 0.403602 0.773438 0.405191 0.775391 0.408369 0.773193 0.412076 0.772461 0.414725 0.772705 0.418432 0.771729 0.420021 0.769043 0.413665 0.769775 0.411547 0.770508 0.412076 0.771973 0.404661 0.770508 0.407309 0.769775 0.411017 0.767334 0.405720 0.768799 0.409958 0.768555 0.412076 0.767578 0.413665 0.765625 0.412606 0.767822 0.417903 0.767334 0.420551 0.765137 0.423729 0.766602 0.424788 0.765625 0.427966 0.763428 0.426907 0.764648 0.429025 0.762695 0.435911 0.763428 0.436970 0.763184 0.435381 0.765625 0.429555 0.769531 0.425847 0.769775 0.427436 0.771729 0.425847 0.772217 0.430614 0.773682 0.433263 0.774902 0.433263 0.774414 0.430085 0.774902 0.429555 0.772705 0.427436 0.772949 0.425318 0.774658 0.426377 0.775391 0.422140 0.778564 0.421081 0.778809 0.422140 0.775635 0.427436 0.776123 0.428496 0.778809 0.422140 0.780029 0.424258 0.780029 0.422140 0.778320 0.420021 0.778809 0.418962 0.780518 0.418962 0.781982 0.416314 0.782227 0.417373 0.782715 0.415254 0.786377 0.412076
1 0.307129 0.402013 0.308105 0.403602 0.307617 0.405720 0.308594 0.407309 0.308838 0.406780 0.309814 0.407839 0.310303 0.407309 0.310303 0.406250 0.311279 0.406250 0.311768 0.408369 0.313232 0.408369 0.314453 0.406250 0.315186 0.406250 0.315430 0.408369 0.316650 0.407309 0.316162 0.407839 0.315918 0.406780 0.312500 0.405191 0.311523 0.403602 0.310303 0.403602 0.309570 0.402542 0.308594 0.402542 0.308105 0.401483
1 0.289795 0.400424 0.289307 0.401483 0.289551 0.405720 0.290771 0.408369 0.291992 0.407839 0.291992 0.404661 0.290527 0.400953
1 0.786133 0.398305 0.785645 0.399364 0.783447 0.400953 0.783203 0.400424 0.781982 0.402013 0.781494 0.403602 0.782227 0.404131 0.781250 0.406250 0.780518 0.412606 0.781982 0.411547 0.783447 0.406250 0.783203 0.405720 0.784668 0.403602 0.785645 0.405191 0.785645 0.406250 0.784424 0.409428 0.783936 0.409428 0.783936 0.410487 0.784912 0.411017 0.786133 0.409958 0.785400 0.407309 0.785645 0.402542 0.785400 0.403602 0.785156 0.403072 0.785156 0.400424 0.785645 0.400424
1 0.194092 0.400424 0.195312 0.403602 0.195557 0.403072 0.196777 0.404661 0.196533 0.406250 0.194336 0.406250 0.194336 0.408898 0.195312 0.408369 0.196533 0.406250 0.198242 0.407839 0.198730 0.407309 0.198730 0.401483 0.196289 0.399364 0.195557 0.399894 0.195068 0.398305
1 0.691162 0.398305 0.690674 0.397775 0.689697 0.399894 0.689209 0.399364 0.688721 0.400424 0.688965 0.402013 0.687744 0.404661 0.689941 0.403602 0.690918 0.401483
1 0.441650 0.398305 0.441162 0.397246 0.440674 0.397775 0.440674 0.399364 0.438965 0.398305 0.438477 0.399364 0.438477 0.401483 0.438965 0.402542 0.438477 0.404131 0.439697 0.404131 0.440186 0.403072 0.440918 0.405191 0.441162 0.403602 0.441895 0.403072
1 0.238281 0.397246 0.237305 0.397775 0.237549 0.400953 0.236572 0.403072 0.236816 0.405191 0.236084 0.406780 0.236816 0.407839 0.237793 0.407309 0.237793 0.404661 0.238525 0.403602
1 0.835938 0.397775 0.835938 0.399364 0.836426 0.398305 0.837891 0.398305 0.838867 0.400424 0.839600 0.398835 0.839600 0.397775 0.839111 0.398305 0.838135 0.396186
1 0.418701 0.395127 0.417969 0.395657 0.418213 0.399364 0.419678 0.398305 0.419678 0.396716
1 0.294922 0.395127 0.295166 0.399894 0.296143 0.399894 0.297363 0.397246 0.296875 0.395127 0.296631 0.396186 0.295898 0.395127
1 0.784424 0.393008 0.785156 0.394068 0.785156 0.395657 0.786133 0.397246 0.786133 0.395657 0.786865 0.394068 0.787354 0.394068 0.785889 0.392479
1 0.436035 0.391949 0.436035 0.393538 0.436768 0.393538 0.437500 0.395127 0.437744 0.397775 0.438965 0.395657 0.440430 0.396716 0.439941 0.395127 0.438232 0.395127 0.437500 0.393008
1 0.288086 0.391949 0.288574 0.393538 0.289307 0.392479 0.289551 0.393538 0.290283 0.393538 0.291016 0.395127 0.291260 0.394068 0.294434 0.395127 0.293457 0.393538 0.292480 0.394068 0.290771 0.391949
1 0.225098 0.391949 0.222656 0.393008 0.221924 0.394597 0.222168 0.396716 0.224365 0.395127
1 0.826660 0.393538 0.827393 0.395657 0.828857 0.395657 0.828857 0.394068 0.830078 0.391949 0.827881 0.390890
1 0.464844 0.390360 0.464600 0.391949 0.465088 0.393008 0.464600 0.394068 0.464355 0.393538 0.464355 0.395127 0.463867 0.396186 0.464111 0.396716 0.463135 0.397775 0.463135 0.399364 0.463623 0.399894 0.463623 0.402542 0.464600 0.403072 0.465088 0.405191 0.466309 0.406780 0.466553 0.403072 0.465576 0.399894 0.466064 0.398835 0.467529 0.398835 0.468262 0.399894 0.468750 0.398835 0.469482 0.398835 0.469727 0.396186 0.468262 0.393538 0.466797 0.394068 0.466797 0.392479 0.466553 0.393008 0.465820 0.390890
1 0.645264 0.390360 0.644531 0.389831 0.643555 0.390890 0.643555 0.394597 0.645752 0.394068
1 0.472412 0.388242 0.471680 0.389301 0.471680 0.391949 0.472168 0.393538 0.473145 0.393538 0.473633 0.392479 0.473389 0.391419 0.474121 0.389831 0.473877 0.390360 0.472900 0.388242
1 0.494873 0.390890 0.496094 0.392479 0.497314 0.391949 0.497559 0.393008 0.497559 0.389831 0.496582 0.387712 0.496094 0.387712 0.496094 0.388771
1 0.213379 0.390360 0.213623 0.391949 0.213135 0.393538 0.215088 0.396186 0.216553 0.396186 0.218506 0.394068 0.218262 0.391949 0.217773 0.391949 0.217041 0.390360 0.217041 0.388771 0.216309 0.387712 0.214844 0.387712 0.214355 0.389831
1 0.434082 0.385064 0.434082 0.387182 0.435791 0.389831 0.436523 0.389831 0.435303 0.386123
1 0.364014 0.386653 0.363525 0.386653 0.363037 0.388771 0.362061 0.388771 0.360840 0.386123 0.360840 0.385064 0.359131 0.387712 0.358154 0.388242 0.353027 0.387182 0.352539 0.389831 0.354248 0.395657 0.354736 0.395657 0.354492 0.393538 0.355225 0.391949 0.355469 0.395657 0.354736 0.397246 0.354492 0.400424 0.352783 0.406250 0.353271 0.406780 0.354004 0.405720 0.355957 0.405191 0.357178 0.400424 0.355957 0.400424 0.355713 0.399364 0.357666 0.398305 0.357910 0.399364 0.358154 0.398835 0.357910 0.397775 0.357178 0.398835 0.356445 0.396716 0.356689 0.396186 0.358154 0.396716 0.358887 0.398835 0.359863 0.399364 0.359863 0.401483 0.360840 0.402013 0.361328 0.400953 0.361328 0.398305 0.360840 0.397246 0.361572 0.395657 0.362061 0.397246 0.362061 0.400953 0.362549 0.402013 0.363281 0.401483 0.364502 0.398305 0.364502 0.395127 0.364014 0.394597 0.364502 0.393538 0.364502 0.389831 0.363525 0.388242
1 0.819824 0.385064 0.820801 0.390890 0.820801 0.394068 0.822266 0.394068 0.822998 0.392479 0.822021 0.386653 0.820801 0.384534
1 0.272949 0.384534 0.264648 0.384534 0.263184 0.385064 0.262695 0.386123 0.267822 0.386123 0.270020 0.385064 0.270996 0.385593 0.271729 0.384534 0.271973 0.385593
1 0.807129 0.381356 0.807861 0.384004 0.807617 0.385064 0.809814 0.386123 0.809326 0.387712 0.807617 0.389301 0.809326 0.391419 0.809082 0.393008 0.808105 0.393008 0.807129 0.394597 0.808105 0.394597 0.809326 0.393008 0.809814 0.389831 0.810791 0.388242 0.810059 0.387712 0.809814 0.386123 0.811035 0.385593 0.808105 0.383475 0.808105 0.381356
1 0.473877 0.381886 0.472656 0.381356 0.472656 0.383475 0.471191 0.385064 0.469971 0.382945 0.469238 0.383475 0.468750 0.385064 0.468994 0.386123 0.470215 0.386123 0.470703 0.384534 0.473389 0.386123 0.473389 0.384004 0.472900 0.383475
1 0.274658 0.384534 0.276123 0.385064 0.278076 0.384004 0.278320 0.385064 0.279785 0.386123 0.282227 0.385593 0.281494 0.384534 0.280273 0.385064 0.280029 0.384004 0.279053 0.384004 0.277100 0.381356 0.276367 0.381356 0.277344 0.382415 0.277100 0.384534 0.276611 0.383475 0.275391 0.383475 0.275146 0.384534
1 0.791992 0.381356 0.790527 0.380297 0.790283 0.381886 0.790039 0.380826 0.788818 0.381886 0.788574 0.380826 0.788330 0.381886 0.786865 0.381356 0.788330 0.384004 0.791748 0.383475
1 0.795898 0.379237 0.795654 0.381356 0.796387 0.381356 0.797119 0.382945 0.796387 0.384534 0.795654 0.384004 0.795410 0.385064 0.796387 0.386123 0.797119 0.384004 0.799072 0.384534 0.797119 0.380826 0.797852 0.379237 0.796631 0.378178
1 0.812256 0.377119 0.811768 0.378178 0.811035 0.378178 0.810791 0.379237 0.810303 0.378178 0.809570 0.379237 0.810791 0.380297 0.810547 0.383475 0.812256 0.382945 0.812744 0.381886 0.810791 0.380826 0.811523 0.378708 0.812256 0.379767
1 0.171631 0.376589 0.171631 0.377648 0.172363 0.379237 0.172607 0.378708 0.173828 0.379767 0.175293 0.379767 0.176270 0.380826 0.177246 0.380297 0.177246 0.378708 0.176270 0.376059 0.173340 0.375000
1 0.810791 0.373411 0.807617 0.373411 0.806396 0.375000 0.805420 0.375000 0.806641 0.375530 0.805908 0.377119 0.805664 0.376059 0.805420 0.378178 0.804199 0.376059 0.804688 0.373941 0.802490 0.373941 0.800781 0.375530 0.801025 0.376059 0.800293 0.378178 0.800781 0.384534 0.800293 0.386123 0.801025 0.386123 0.800537 0.385593 0.800781 0.384534 0.801758 0.384004 0.802246 0.381356 0.802002 0.381886 0.801025 0.379237 0.802246 0.376589 0.803467 0.375530 0.804932 0.378708 0.803223 0.381886 0.804932 0.379767 0.806396 0.380826 0.806396 0.379237 0.806885 0.378708 0.806885 0.375000 0.807617 0.375000 0.807373 0.374470 0.807861 0.373411 0.808350 0.374470 0.808105 0.375000 0.809570 0.375000 0.810059 0.373411
1 0.478760 0.372881 0.478516 0.376589 0.479980 0.377119 0.480225 0.374470 0.479736 0.372881
1 0.820068 0.372352 0.817627 0.372352 0.817139 0.374470 0.816406 0.374470 0.816895 0.376059 0.817383 0.376059 0.817627 0.374470 0.818359 0.374470
1 0.654541 0.369703 0.654053 0.371822 0.654297 0.373941 0.654785 0.372352 0.655762 0.373411 0.655029 0.375000 0.654541 0.375000 0.655762 0.379767 0.655762 0.384534 0.656250 0.385593 0.656738 0.385064 0.656738 0.382415 0.656250 0.380826 0.656250 0.375000 0.656738 0.370763 0.656250 0.370233 0.656006 0.371292 0.655518 0.371292
1 0.765381 0.369174 0.765869 0.371292 0.765381 0.373411 0.766113 0.374470 0.765869 0.375000 0.767090 0.375000 0.766357 0.375000 0.765625 0.371822 0.766357 0.371292 0.766602 0.373941 0.766846 0.371822 0.767090 0.372881 0.767334 0.371292 0.767578 0.372352 0.768066 0.371822 0.766846 0.369174
1 0.517578 0.369174 0.517334 0.370233 0.517090 0.369703 0.517578 0.371292 0.519043 0.373411 0.519043 0.375530 0.519775 0.376059 0.518555 0.378708 0.518311 0.382415 0.518066 0.381886 0.517822 0.382945 0.517090 0.381356 0.514160 0.387182 0.515869 0.390360 0.515625 0.391419 0.516113 0.389301 0.516602 0.389831 0.518066 0.397775 0.517090 0.398305 0.517334 0.400953 0.516602 0.403602 0.515625 0.403602 0.515625 0.406250 0.514648 0.409428 0.512207 0.411017 0.513184 0.412606 0.516602 0.412076 0.517334 0.413136 0.517578 0.415784 0.518311 0.415784 0.518555 0.414195 0.517822 0.411547 0.516846 0.411017 0.515869 0.408898 0.518311 0.407309 0.519043 0.408898 0.518555 0.411547 0.519531 0.412076 0.519531 0.414195 0.520020 0.412606 0.520752 0.412606 0.521484 0.414195 0.520752 0.416314 0.521973 0.414725 0.522705 0.414725 0.523193 0.416314 0.523438 0.415784 0.520508 0.408898 0.519531 0.409958 0.519287 0.407839 0.518555 0.407839 0.517578 0.406250 0.519287 0.403602 0.520020 0.405720 0.519287 0.406780 0.520020 0.407839 0.520264 0.405720 0.521973 0.404131 0.522949 0.399894 0.522949 0.398305 0.521973 0.397246 0.521973 0.395127 0.523193 0.388242 0.522217 0.386123 0.520752 0.387182 0.520020 0.386653 0.519531 0.384004 0.520508 0.380826 0.519775 0.376059 0.520996 0.375000 0.520508 0.374470 0.520752 0.373411 0.519775 0.372881 0.519043 0.370233
1 0.640869 0.374470 0.642090 0.375530 0.641357 0.373941 0.644043 0.372352 0.644531 0.370233 0.643311 0.369703 0.642334 0.371292 0.641602 0.368644 0.641113 0.368644
1 0.198242 0.368644 0.197021 0.371292 0.196777 0.370763 0.196289 0.371822 0.195557 0.371822 0.195557 0.372881 0.196533 0.374470 0.197510 0.374470 0.197754 0.375530 0.199219 0.376589 0.198975 0.378178 0.198242 0.378178 0.198730 0.379237 0.197266 0.381886 0.197754 0.382945 0.197021 0.384004 0.197021 0.385593 0.198975 0.387182 0.199219 0.389301 0.200195 0.389301 0.201172 0.387182 0.201904 0.387182 0.202393 0.386123 0.201416 0.385064 0.201660 0.380826 0.200684 0.372881 0.199707 0.370763 0.199219 0.370763 0.198730 0.368644
1 0.364746 0.364407 0.363770 0.364407 0.364258 0.365466 0.364258 0.369174 0.363281 0.369703 0.363281 0.371292 0.364990 0.370233 0.365967 0.368114
1 0.268066 0.364407 0.269775 0.368644 0.270752 0.368114 0.270996 0.370763 0.271729 0.371292 0.271484 0.368644 0.270996 0.368644 0.269287 0.364936
1 0.289795 0.361758 0.288574 0.360699 0.288086 0.363347 0.286133 0.364936 0.285400 0.367055 0.285400 0.368644 0.286377 0.368644 0.286621 0.367055 0.287842 0.364936 0.288818 0.367055 0.289307 0.367055 0.290283 0.364407
1 0.194580 0.360699 0.194092 0.363877 0.194092 0.367585 0.195068 0.369174 0.195557 0.368114 0.197510 0.368644 0.196533 0.363347 0.195312 0.360699
1 0.840820 0.359110 0.840576 0.360169 0.840088 0.360169 0.840088 0.361758 0.840576 0.363347 0.841309 0.363877 0.841797 0.363347 0.841797 0.361758
1 0.807129 0.359110 0.807861 0.361229 0.807617 0.362288 0.810303 0.370763 0.810791 0.370233 0.811523 0.371292 0.814453 0.372352 0.814209 0.370763 0.813477 0.369703 0.812500 0.369703 0.812012 0.370763 0.809326 0.364936 0.809570 0.363347 0.808838 0.363347
1 0.217529 0.375000 0.215576 0.376059 0.214844 0.378178 0.213135 0.379767 0.211426 0.378178 0.210693 0.376589 0.210938 0.375530 0.210449 0.372881 0.209961 0.372352 0.210449 0.371292 0.210205 0.368114 0.209961 0.369174 0.209717 0.368644 0.209961 0.365996 0.210938 0.367055 0.210449 0.366525 0.210693 0.365996 0.209717 0.362818 0.209961 0.362288 0.209473 0.360169 0.208252 0.359110 0.208008 0.360699 0.208984 0.368114 0.208496 0.368644 0.208496 0.374470 0.208008 0.374470 0.208008 0.372881 0.207031 0.373411 0.207520 0.381886 0.205078 0.387182 0.205566 0.388771 0.203369 0.389831 0.202881 0.388242 0.202393 0.388242 0.201904 0.389831 0.201172 0.389301 0.200195 0.391419 0.199951 0.390360 0.198730 0.390890 0.198486 0.393008 0.197021 0.389831 0.195312 0.389831 0.195312 0.390890 0.194336 0.391949 0.194336 0.394068 0.197754 0.394597 0.198486 0.393008 0.199707 0.396186 0.199219 0.396716 0.199463 0.397775 0.201172 0.398835 0.203125 0.398305 0.204102 0.400424 0.203613 0.401483 0.204102 0.403072 0.204834 0.403072 0.205078 0.404131 0.205566 0.403072 0.207275 0.403072 0.208008 0.404131 0.208984 0.402542 0.209229 0.400953 0.208984 0.397775 0.208008 0.396186 0.207275 0.393008 0.208252 0.391419 0.208496 0.391949 0.211670 0.389831 0.211182 0.388771 0.211914 0.387182 0.213135 0.387182 0.213379 0.386123 0.214111 0.387182 0.214355 0.385593 0.215576 0.385593 0.215576 0.383475 0.214844 0.384534 0.214111 0.381886 0.215088 0.380826 0.216309 0.382945 0.217041 0.380297 0.216309 0.379767 0.215332 0.381356 0.215088 0.379767
1 0.744141 0.358581 0.743896 0.360169 0.742676 0.361229 0.742676 0.363347 0.744141 0.363877 0.744141 0.368114 0.745361 0.369703 0.745117 0.367585 0.745605 0.366525 0.745605 0.364407 0.744385 0.360169 0.744873 0.359640
1 0.738037 0.360169 0.737305 0.358581 0.736572 0.358581 0.736084 0.362818 0.735596 0.363347 0.737061 0.362818
1 0.680664 0.358581 0.679199 0.359110 0.678711 0.360169 0.678711 0.361758 0.679932 0.363347
1 0.168213 0.358051 0.166992 0.356462 0.166260 0.356992 0.165039 0.360169 0.166504 0.361758 0.167236 0.360699 0.167480 0.358581
1 0.836426 0.356992 0.835449 0.354873 0.834473 0.354873 0.833496 0.357521 0.833740 0.358051 0.833252 0.358581 0.833496 0.359640 0.832764 0.361229 0.833496 0.361758 0.834473 0.359110 0.835693 0.358581
1 0.199707 0.354873 0.201416 0.356992 0.204834 0.356462 0.207275 0.360169 0.207275 0.353814 0.206055 0.352225 0.204834 0.353284 0.204346 0.352754 0.203613 0.353814 0.202637 0.351695 0.202393 0.352754 0.201172 0.351695
1 0.769531 0.349576 0.769531 0.352225 0.770508 0.354343 0.770996 0.352225 0.770508 0.349047
1 0.321289 0.346398 0.321777 0.349576 0.324219 0.353284 0.324707 0.353284 0.325439 0.351695 0.325195 0.350636 0.325684 0.349576 0.326416 0.350106 0.327637 0.347458 0.326172 0.347987 0.324707 0.350636 0.323486 0.349047 0.322510 0.346398
1 0.852051 0.345869 0.852295 0.346928 0.854248 0.349047 0.854980 0.349047 0.855469 0.350636 0.857422 0.350636 0.858398 0.351695 0.859131 0.351165 0.859375 0.352754 0.860596 0.354343 0.859863 0.352225 0.858643 0.350636 0.857422 0.350636 0.857178 0.349576
1 0.433350 0.345339 0.431641 0.349047 0.432373 0.351165 0.432373 0.353814 0.433838 0.353814 0.434570 0.351165 0.435303 0.351165 0.434814 0.349576 0.435303 0.348517
1 0.211914 0.344809 0.212158 0.346928 0.212891 0.346928 0.213867 0.348517 0.214111 0.347987 0.213623 0.347458 0.214600 0.345339 0.213623 0.344280
1 0.494629 0.342691 0.493408 0.345339 0.494385 0.350106 0.494873 0.349576
1 0.248535 0.340572 0.248535 0.343750 0.249512 0.344280 0.250244 0.347458 0.250732 0.346928 0.250732 0.343750 0.250000 0.342161 0.250244 0.341631 0.249512 0.340572
1 0.813477 0.342691 0.812744 0.342161 0.812012 0.340042 0.811279 0.340042 0.809082 0.344809 0.810303 0.343220 0.812256 0.343220 0.812500 0.344280 0.812988 0.342691
1 0.771240 0.340042 0.770508 0.339513 0.769775 0.341102 0.769775 0.343750 0.769287 0.344280 0.769531 0.345869 0.771484 0.343750 0.771729 0.341631
1 0.358887 0.339513 0.358887 0.340572 0.358154 0.342161 0.357422 0.341102 0.357178 0.342691 0.357666 0.343750 0.357910 0.348517 0.358643 0.350106 0.358887 0.353284 0.359863 0.356462 0.359619 0.361758 0.360352 0.362288 0.361084 0.367585 0.361328 0.366525 0.361572 0.367055 0.361328 0.374470 0.361816 0.376589 0.361084 0.378708 0.361084 0.380826 0.362793 0.384004 0.362061 0.385593 0.362793 0.386123 0.362305 0.385064 0.362549 0.384534 0.364014 0.385064 0.363525 0.384004 0.363525 0.381356 0.362305 0.381356 0.362305 0.380297 0.362793 0.379237 0.363037 0.379767 0.363525 0.376589 0.364258 0.378178 0.364258 0.379767 0.364746 0.380826 0.365479 0.378708 0.365479 0.377119 0.364502 0.375000 0.363770 0.375000 0.363525 0.376059 0.363281 0.373411 0.362061 0.371822 0.362061 0.369703 0.362549 0.369174 0.362549 0.367585 0.362061 0.367055 0.362061 0.364407 0.363037 0.363347 0.363037 0.361229 0.363525 0.360699 0.363525 0.356992 0.363037 0.356462 0.363770 0.355403 0.363770 0.353814 0.362549 0.351165 0.362549 0.346928 0.361572 0.343750 0.361572 0.342161 0.360840 0.342161 0.359863 0.343750 0.359619 0.341102
1 0.508301 0.338453 0.507568 0.340042 0.508301 0.341631 0.508545 0.347458 0.509521 0.347987 0.510010 0.346928 0.509766 0.340572 0.509277 0.338453
1 0.436035 0.338453 0.435059 0.340572 0.435547 0.343220 0.436523 0.343220 0.437012 0.342161 0.437012 0.340572
1 0.852539 0.337394 0.855469 0.338453 0.855469 0.339513 0.856201 0.340042 0.858398 0.340042 0.860107 0.341102 0.862061 0.340572 0.862793 0.338983 0.858398 0.339513
1 0.244629 0.337394 0.243896 0.337394 0.242676 0.339513 0.242676 0.343220 0.243652 0.342691 0.244629 0.340572
1 0.229492 0.335275 0.228760 0.336335 0.229004 0.338453 0.230225 0.340572 0.230713 0.340042 0.230713 0.337394 0.230225 0.335275
1 0.174805 0.334746 0.174805 0.335805 0.173340 0.335805 0.172119 0.337924 0.170898 0.337924 0.170654 0.338453 0.171387 0.338453 0.171387 0.339513 0.169678 0.339513 0.167969 0.341102 0.166992 0.341102 0.168213 0.340572 0.169434 0.342691 0.171875 0.343220 0.171631 0.345339 0.170410 0.345339 0.169678 0.346928 0.171143 0.346928 0.171387 0.347458 0.170654 0.349047 0.168945 0.347458 0.167725 0.347458 0.166992 0.349576 0.167969 0.351165 0.168213 0.353284 0.168945 0.353284 0.169434 0.354343 0.169434 0.356462 0.170166 0.358581 0.172607 0.360699 0.175293 0.359110 0.175537 0.358051 0.177490 0.356462 0.179199 0.356992 0.179688 0.355403 0.180176 0.355403 0.179688 0.350106 0.178467 0.347987 0.176758 0.341102 0.176758 0.336335
1 0.458008 0.335805 0.458496 0.338453 0.457275 0.340042 0.457031 0.343750 0.458008 0.344809 0.458252 0.346398 0.459473 0.347987 0.459473 0.349047 0.461182 0.348517 0.462158 0.349576 0.462158 0.350636 0.463135 0.350636 0.463379 0.351165 0.462891 0.351695 0.463379 0.351695 0.463623 0.350636 0.463867 0.351165 0.464355 0.349576 0.464600 0.350106 0.464111 0.350106 0.463379 0.347987 0.463623 0.345869 0.463135 0.344809 0.463623 0.343750 0.463135 0.343220 0.463867 0.342691 0.463867 0.337924 0.464600 0.336335 0.462646 0.336335 0.462402 0.335275 0.462158 0.335805 0.461670 0.334216 0.461426 0.334746 0.460938 0.333686 0.459717 0.333686 0.458984 0.335805
1 0.217529 0.333686 0.216797 0.335275 0.216797 0.336335 0.217285 0.337394 0.218018 0.337394 0.218994 0.335805 0.218750 0.334746
1 0.378662 0.331568 0.376953 0.332097 0.375732 0.334746 0.377930 0.335275 0.378662 0.334216
1 0.756348 0.331038 0.755615 0.335275 0.755859 0.336864 0.758057 0.337394 0.758301 0.335805 0.757812 0.337394 0.757324 0.336335 0.757324 0.333686
1 0.813965 0.343750 0.814697 0.344809 0.815674 0.343220 0.816162 0.340572 0.816650 0.341631 0.817139 0.340572 0.817383 0.337394 0.818848 0.334216 0.819580 0.334216 0.819824 0.333157 0.821289 0.333686 0.822510 0.332627 0.821777 0.333157 0.819092 0.331038 0.815674 0.331038 0.814453 0.329449 0.814453 0.336335 0.815186 0.341102
1 0.325684 0.329449 0.324951 0.329449 0.325195 0.331038 0.323242 0.334216 0.321045 0.336335 0.319336 0.336864 0.318359 0.340042 0.318848 0.340572 0.321289 0.336864 0.322754 0.336864 0.325439 0.331038
1 0.270264 0.329979 0.272705 0.335805 0.274170 0.337924 0.273682 0.340572 0.272949 0.338983 0.272949 0.342161 0.274414 0.346928 0.274658 0.350106 0.275635 0.352754 0.278076 0.347458 0.277832 0.346398 0.278809 0.344809 0.279785 0.344809 0.281006 0.349047 0.280762 0.351695 0.281494 0.349576 0.282471 0.349576 0.283447 0.351165 0.284180 0.351165 0.284668 0.349576 0.284424 0.345339 0.285156 0.343750 0.286865 0.344280 0.287109 0.345339 0.288086 0.343750 0.289307 0.343750 0.289551 0.342691 0.289062 0.340572 0.284424 0.340572 0.283936 0.339513 0.284180 0.338453 0.285889 0.335805 0.284668 0.334746 0.282227 0.336335 0.282227 0.338453 0.281250 0.338983 0.279541 0.336335 0.278320 0.336335 0.278076 0.337394 0.277344 0.337394 0.275879 0.334746 0.273438 0.332627 0.272705 0.329979
1 0.617676 0.328390 0.617188 0.329449 0.617676 0.330508 0.618164 0.334746 0.618652 0.335275 0.618652 0.331038 0.618164 0.328390
1 0.495605 0.328919 0.495117 0.329449 0.493652 0.327860 0.493164 0.329979 0.492188 0.331038 0.491699 0.329449 0.489746 0.328919 0.488770 0.329979 0.488281 0.328390 0.487793 0.330508 0.486572 0.330508 0.487061 0.333157 0.486572 0.333686 0.487305 0.334746 0.489502 0.334216 0.489990 0.333157 0.491455 0.333686 0.493408 0.330508 0.495117 0.330508 0.495117 0.329449
1 0.845703 0.327331 0.845215 0.328390 0.845215 0.329979 0.844727 0.330508 0.844727 0.333157 0.845459 0.333157 0.845703 0.335275 0.846924 0.335275 0.847168 0.334216 0.847900 0.335275 0.847900 0.330508 0.848389 0.329979 0.847656 0.329449 0.846924 0.331038 0.846191 0.330508
1 0.843506 0.329449 0.843018 0.328390 0.842285 0.328390 0.841797 0.329449 0.841309 0.327331 0.840576 0.329979 0.839355 0.328390 0.839355 0.329449 0.838135 0.331568 0.839111 0.333157 0.840088 0.332097 0.840332 0.333157 0.840820 0.332097 0.841553 0.332097 0.842041 0.329979
1 0.114746 0.331038 0.116455 0.332097 0.116455 0.329979 0.117676 0.331038 0.118652 0.329979 0.118652 0.328390 0.118408 0.327860 0.117188 0.329449 0.116699 0.327331 0.115723 0.328919 0.115723 0.324682 0.115723 0.327331
1 0.025391 0.335275 0.025391 0.337394 0.025879 0.337924 0.025635 0.338453 0.029053 0.344809 0.030029 0.345339 0.033691 0.345339 0.034424 0.344280 0.034668 0.344809 0.035400 0.343750 0.040039 0.341631 0.041504 0.340042 0.041260 0.335805 0.039551 0.333686 0.037842 0.333157 0.037598 0.332097 0.036377 0.332627 0.035645 0.331568 0.036133 0.331038 0.035645 0.330508 0.036377 0.329449 0.036621 0.330508 0.036865 0.329449 0.035645 0.329449 0.035400 0.330508 0.034180 0.330508 0.033936 0.328390 0.033203 0.328390 0.032959 0.329449 0.032471 0.328390 0.031738 0.328390 0.031250 0.329449 0.031006 0.326801 0.031982 0.326801 0.031982 0.325742 0.031250 0.324682 0.031250 0.325742 0.030273 0.327331 0.030273 0.330508 0.029785 0.330508 0.029053 0.333157 0.028320 0.332627 0.027588 0.334216 0.027100 0.333686 0.026611 0.334746
1 0.233887 0.322564 0.233398 0.329449 0.234131 0.330508 0.235352 0.335275 0.237549 0.335275 0.238770 0.333157 0.240234 0.332097 0.239014 0.329449 0.237061 0.328919 0.236572 0.326801 0.235352 0.325742 0.234619 0.323093
1 0.602051 0.322034 0.602051 0.327331 0.601318 0.328390 0.602051 0.327331 0.604492 0.327331 0.605225 0.328390 0.604980 0.328919 0.604980 0.325212
1 0.570068 0.322034 0.569336 0.323623 0.569336 0.324682 0.570801 0.326271 0.572021 0.329449 0.572266 0.327331 0.571289 0.324682 0.571533 0.322564
1 0.686768 0.321504 0.686035 0.320445 0.684570 0.320975 0.683838 0.323623 0.686035 0.324153 0.686768 0.322564
1 0.704590 0.322564 0.704590 0.324153 0.705078 0.324682 0.706055 0.322564 0.707275 0.324682 0.708740 0.324153 0.708984 0.325212 0.709717 0.325212 0.708740 0.327331 0.708008 0.325742 0.707275 0.326271 0.707275 0.327331 0.708496 0.327331 0.708496 0.329449 0.708496 0.327860 0.709229 0.326271 0.709961 0.326801 0.709717 0.332097 0.710693 0.333686 0.710449 0.336335 0.708984 0.339513 0.710449 0.339513 0.711670 0.336864 0.714111 0.334216 0.716309 0.328390 0.715820 0.327860 0.716064 0.327331 0.714600 0.328390 0.714600 0.327331 0.713867 0.326271 0.713379 0.324153 0.712891 0.324682 0.711914 0.323093 0.710938 0.325212 0.710449 0.325212 0.710205 0.323093 0.708984 0.320445 0.706299 0.319915 0.705566 0.321504 0.705078 0.320975
1 0.821533 0.321504 0.820557 0.322034 0.820557 0.319386 0.818115 0.323093 0.813721 0.323093 0.812988 0.324153 0.815430 0.324153 0.815674 0.325212 0.817139 0.324153 0.817627 0.324682 0.817627 0.323623 0.818359 0.322564
1 0.115234 0.319915 0.115723 0.322564 0.115479 0.323093 0.118652 0.323093 0.118652 0.321504 0.117920 0.319915 0.116699 0.318856
1 0.132324 0.317267 0.132324 0.318856 0.135742 0.320975 0.134766 0.318326 0.135254 0.317797 0.133789 0.316737
1 0.123779 0.318326 0.124512 0.320975 0.126709 0.320445 0.126953 0.319386 0.127441 0.319386 0.125977 0.316737 0.125000 0.316737
1 0.756348 0.316737 0.755615 0.316208 0.752441 0.317267 0.751709 0.319386 0.750732 0.320445 0.748291 0.320445 0.747803 0.325212 0.746094 0.327331 0.743896 0.327331 0.743408 0.329979 0.744141 0.331038 0.744629 0.337394 0.745117 0.338453 0.744385 0.338983 0.743652 0.337394 0.741943 0.336335 0.740723 0.336864 0.740479 0.338453 0.740967 0.342161 0.739990 0.345339 0.739990 0.347458 0.741699 0.347987 0.742188 0.346928 0.744385 0.346928 0.746094 0.351165 0.746094 0.352225 0.748291 0.352754 0.750488 0.350106 0.750488 0.349047 0.751465 0.346928 0.753906 0.349576 0.754395 0.348517 0.754395 0.338983 0.753662 0.336335 0.753662 0.328919 0.755127 0.326271 0.755371 0.327860 0.756836 0.327331 0.755615 0.324153 0.756348 0.320975
1 0.835205 0.314089 0.834473 0.314089 0.833740 0.315678 0.834473 0.316737 0.834473 0.317797 0.833496 0.319915 0.833496 0.320975 0.834229 0.319386 0.834473 0.319915 0.835449 0.317267
1 0.111816 0.315148 0.111084 0.314089 0.111328 0.313559 0.110840 0.314089 0.110107 0.312500 0.105469 0.311970 0.103271 0.318326 0.103027 0.317267 0.102539 0.317267 0.102539 0.315678 0.101562 0.315678 0.101318 0.313559 0.099365 0.313559 0.098145 0.315148 0.095947 0.316208 0.095703 0.317267 0.094238 0.316737 0.092529 0.319386 0.092529 0.321504 0.093018 0.322564 0.091797 0.325212 0.091553 0.328390 0.091797 0.329449 0.093262 0.331038 0.094971 0.329979 0.096191 0.330508 0.094727 0.328919 0.093994 0.326271 0.095947 0.326271 0.096191 0.324682 0.097656 0.321504 0.099609 0.320445 0.102051 0.320445 0.104736 0.318326 0.108398 0.319386 0.108643 0.318856 0.109375 0.319915 0.109131 0.318856 0.110596 0.316737 0.110840 0.317267
1 0.692871 0.310381 0.691650 0.311441 0.690918 0.314619 0.691406 0.317797 0.692383 0.319386 0.692383 0.327860 0.693359 0.329449 0.694092 0.327860 0.694092 0.326271 0.695068 0.322564 0.695801 0.323623 0.696289 0.323093 0.696289 0.324682 0.696533 0.324153 0.697266 0.325742 0.697754 0.324682 0.697021 0.324682 0.696533 0.322564 0.697266 0.316737 0.696533 0.315678 0.696533 0.314619 0.695312 0.314089 0.696045 0.313030 0.694824 0.312500 0.693604 0.310381
1 0.349365 0.310381 0.349121 0.313030 0.350830 0.318326 0.351807 0.324682 0.352539 0.324682 0.353027 0.325742 0.352783 0.326271 0.353271 0.329449 0.354248 0.332097 0.354004 0.333686 0.354736 0.335275 0.355713 0.334216 0.356689 0.335275 0.355713 0.331038 0.355225 0.332627 0.354492 0.331568 0.354736 0.328919 0.354004 0.326271 0.354248 0.324153 0.354736 0.323623 0.354736 0.322034 0.354248 0.320975 0.356201 0.320445 0.356445 0.321504 0.355957 0.322034 0.355957 0.326801 0.356934 0.327331 0.356934 0.329979 0.358398 0.330508 0.358398 0.332097 0.357910 0.332627 0.357910 0.335275 0.359131 0.335275 0.359375 0.329979 0.359863 0.331038 0.359863 0.335275 0.360840 0.336864 0.360840 0.338453 0.361572 0.338453 0.361572 0.336864 0.360840 0.334746 0.360352 0.325212 0.359863 0.325212 0.359619 0.327331 0.358643 0.325212 0.357422 0.325212 0.357422 0.326801 0.356934 0.327331 0.356689 0.320975 0.355225 0.319386 0.355469 0.318326 0.356689 0.317797 0.355225 0.315148 0.354980 0.313559 0.354736 0.314619 0.353516 0.314619 0.353271 0.316737 0.352783 0.315678 0.352051 0.316737 0.349854 0.312500 0.349854 0.310381
1 0.490234 0.311441 0.489746 0.309852 0.489014 0.309852 0.488525 0.310911 0.488525 0.313559 0.487061 0.313030 0.486084 0.315678 0.485352 0.315678 0.484863 0.316737 0.483154 0.317797 0.480713 0.315148 0.478516 0.318326 0.479248 0.320445 0.479248 0.322034 0.480469 0.324682 0.481934 0.323093 0.482666 0.325742 0.484131 0.325742 0.484863 0.324682 0.484131 0.322564 0.485107 0.320975 0.484863 0.318326 0.486572 0.315678 0.487549 0.315678 0.488037 0.317267 0.487793 0.317797 0.489014 0.320445 0.489746 0.320445 0.490723 0.317797 0.490723 0.315678 0.490234 0.315148
1 0.065918 0.309852 0.065918 0.312500 0.066406 0.311970 0.066895 0.313559 0.068848 0.313559 0.070068 0.314619 0.071777 0.318326 0.073730 0.316208 0.071533 0.312500 0.069092 0.311970 0.067383 0.309852
1 0.247803 0.309852 0.247070 0.309322 0.246338 0.310381 0.246094 0.312500 0.245117 0.314089 0.245117 0.315148 0.248291 0.313030
1 0.466309 0.309322 0.466797 0.312500 0.466553 0.314619 0.467041 0.315678 0.466309 0.317267 0.468994 0.317267 0.470215 0.319915 0.470215 0.322564 0.469727 0.324153 0.470703 0.325212 0.472168 0.328390 0.472168 0.329449 0.473145 0.328919 0.473633 0.324682 0.475098 0.322034 0.475830 0.319386 0.475830 0.316737 0.476318 0.316208 0.476807 0.317267 0.476562 0.317797 0.477295 0.318326 0.476807 0.317267 0.477051 0.314089 0.475098 0.307733 0.473389 0.309322 0.471924 0.308792 0.470215 0.310381 0.469971 0.311441 0.468750 0.311441 0.468506 0.312500 0.467285 0.309852
1 0.699951 0.306674 0.699219 0.307203 0.699463 0.310381 0.697754 0.313559 0.697754 0.315148 0.698486 0.316737 0.699219 0.316208 0.699951 0.313030 0.699463 0.310911 0.700439 0.310381 0.700684 0.309322 0.700439 0.307203
1 0.130859 0.305085 0.133545 0.306674 0.134766 0.309852 0.136475 0.309852 0.136719 0.310911 0.141357 0.310911 0.138672 0.309852 0.137695 0.310381 0.134277 0.305614 0.132568 0.304555
1 0.321045 0.302966 0.318604 0.307203 0.321533 0.315678 0.323242 0.315678 0.323242 0.316737 0.321533 0.320445 0.322021 0.320975 0.325439 0.318326 0.324707 0.316737 0.324951 0.313559 0.323730 0.310911 0.322266 0.304555 0.322510 0.304025 0.322021 0.302966
1 0.543213 0.302436 0.542725 0.303496 0.541748 0.303496 0.541504 0.305614 0.541016 0.306144 0.543213 0.309852 0.543945 0.308263 0.542969 0.306144 0.543457 0.303496
1 0.190430 0.301907 0.188477 0.302436 0.188965 0.306144 0.187988 0.307203 0.187988 0.308263 0.188965 0.310381 0.189941 0.308263 0.189941 0.303496 0.190430 0.302966
1 0.156494 0.301377 0.159424 0.301377 0.160156 0.302966 0.159912 0.305085 0.160400 0.305085 0.162109 0.301907 0.160645 0.301907 0.160400 0.299788 0.162842 0.299258 0.159424 0.299258
1 0.119385 0.299258 0.117920 0.299258 0.116455 0.301377 0.116699 0.303496 0.117188 0.304025 0.118408 0.302966
1 0.142822 0.297669 0.144775 0.301377 0.145752 0.300318 0.145752 0.297669 0.146240 0.296610 0.147705 0.299258 0.148193 0.299258 0.147217 0.297140 0.144531 0.293962
1 0.841797 0.293432 0.841064 0.293432 0.840820 0.295551 0.840088 0.296610 0.839111 0.296610 0.838623 0.294492 0.837891 0.294492 0.837402 0.293432 0.837402 0.295021 0.836914 0.295551 0.837402 0.297140 0.835938 0.298729 0.834473 0.298729 0.833984 0.296610 0.832275 0.297140 0.833740 0.298199 0.833984 0.299258 0.837646 0.299258 0.838623 0.298199 0.838379 0.297669 0.838867 0.296610 0.839844 0.297140 0.839355 0.298199
1 0.716309 0.293432 0.716309 0.295021 0.715332 0.296081 0.715820 0.297669 0.717041 0.298199 0.717529 0.293962
1 0.333496 0.292903 0.332764 0.292903 0.332031 0.297140 0.331299 0.298199 0.331299 0.301377 0.331787 0.301377 0.334717 0.296081
1 0.263184 0.292903 0.263672 0.293962 0.263428 0.296081 0.263916 0.297669 0.265381 0.297140 0.265381 0.294492 0.264160 0.294492 0.264160 0.292903
1 0.105957 0.292373 0.106201 0.295551 0.105957 0.297140 0.105225 0.298199 0.105713 0.300847 0.107666 0.301377 0.108154 0.300318 0.110596 0.299258 0.110596 0.297140 0.109619 0.295021 0.109863 0.293962 0.109375 0.291843 0.109863 0.290784 0.107178 0.290254
1 0.344238 0.289195 0.344238 0.290784 0.345703 0.295021 0.345703 0.296081 0.346191 0.295551 0.346680 0.297140 0.348389 0.296081 0.347900 0.294492 0.346191 0.294492 0.345703 0.293432 0.344971 0.288136
1 0.153320 0.287606 0.151855 0.289195 0.150635 0.291843 0.150146 0.294492 0.152100 0.289725 0.153320 0.289725 0.154297 0.291314 0.154785 0.293432 0.154541 0.297669 0.155029 0.293962 0.154297 0.289195
1 0.718018 0.291843 0.719727 0.291843 0.720947 0.292903 0.721191 0.293962 0.721680 0.293432 0.721680 0.289195 0.720703 0.287076 0.719727 0.287076 0.718994 0.288136
1 0.322998 0.284958 0.321533 0.287076 0.323730 0.290784 0.323975 0.286017
1 0.604248 0.282839 0.604004 0.286017 0.605469 0.289195 0.605957 0.289195 0.606445 0.284428 0.605957 0.284958
1 0.298828 0.282309 0.298828 0.283898 0.299805 0.286547 0.301025 0.286017 0.302002 0.288665 0.302002 0.286017 0.301270 0.283898 0.300049 0.283898 0.299805 0.282839
1 0.230469 0.281780 0.229004 0.284958 0.227539 0.292903 0.226318 0.292903 0.225830 0.293962 0.226807 0.297140 0.229004 0.301377 0.229736 0.299788 0.230469 0.300318 0.230957 0.298199 0.231689 0.298199 0.232910 0.296081 0.232666 0.292903 0.231934 0.292373 0.231445 0.290784 0.231934 0.285487
1 0.385986 0.280191 0.384521 0.283369 0.384277 0.284958 0.384766 0.286017 0.385742 0.285487 0.386230 0.286547 0.386230 0.289195 0.387207 0.289725 0.387207 0.282839 0.386963 0.281250
1 0.256104 0.279131 0.257324 0.281780 0.258057 0.281250 0.259277 0.282839 0.260254 0.282309 0.260010 0.281250 0.260498 0.279661 0.260986 0.281250 0.261963 0.281250 0.261719 0.279661 0.259766 0.279661 0.258057 0.278072 0.256592 0.278072
1 0.861328 0.277542 0.859131 0.282309 0.858154 0.287606 0.858398 0.288665 0.857910 0.289195 0.857666 0.291314 0.857910 0.293432 0.858398 0.293432 0.858154 0.294492 0.859131 0.295551 0.859131 0.296610 0.859619 0.296081 0.860107 0.297669 0.860352 0.296610 0.863770 0.296610 0.862549 0.296610 0.861328 0.294492 0.859619 0.294492 0.858643 0.292903 0.858398 0.290254 0.859131 0.287606 0.859863 0.282839 0.859619 0.282309
1 0.223877 0.278072 0.222900 0.276483 0.221191 0.279661 0.222656 0.280720
1 0.171875 0.274894 0.169434 0.274894 0.168701 0.276483 0.168457 0.275953 0.166992 0.279661 0.166992 0.281250 0.166504 0.281250 0.165771 0.286017 0.165283 0.286017 0.164795 0.288665 0.163574 0.290254 0.163818 0.294492 0.164062 0.290784 0.165527 0.287606 0.165771 0.285487 0.167725 0.281250 0.167969 0.283369 0.171631 0.283369 0.171875 0.281250 0.172852 0.283898 0.172852 0.287076 0.173828 0.288136 0.173828 0.289725 0.174316 0.290784 0.175293 0.290784 0.174805 0.290784 0.173828 0.288665 0.173096 0.282309 0.173340 0.280720 0.173096 0.281780 0.172852 0.281250 0.173096 0.277542
1 0.833008 0.273305 0.835449 0.278602 0.835449 0.280191 0.834473 0.281780 0.835449 0.282309 0.835449 0.284958 0.834473 0.286017 0.837891 0.284428 0.838623 0.286017 0.838623 0.288136 0.837891 0.290254 0.835449 0.290254 0.835449 0.291314 0.836670 0.290784 0.836914 0.291843 0.837646 0.291843 0.838623 0.289725 0.839111 0.284958 0.839844 0.283898 0.842529 0.282309 0.842529 0.284428 0.844482 0.286017 0.844727 0.285487 0.844238 0.284428 0.844727 0.283369 0.845459 0.283369 0.843750 0.281780 0.843750 0.279661 0.843262 0.279131 0.842529 0.280191 0.840088 0.280191 0.840820 0.280191 0.841553 0.281780 0.841064 0.283369 0.839600 0.283898 0.838867 0.282309 0.839600 0.280720 0.839355 0.279661 0.837891 0.280191 0.835449 0.276483 0.836426 0.273305 0.835449 0.274364
1 0.263184 0.271716 0.263184 0.272775 0.264160 0.274894 0.264893 0.274894 0.265381 0.275953 0.266602 0.275424 0.266357 0.272775 0.265869 0.273305 0.265381 0.271186 0.263916 0.270657
1 0.855225 0.270127 0.853516 0.273305 0.851074 0.275424 0.852295 0.274364 0.853027 0.275424 0.852051 0.277542 0.852783 0.277542 0.853027 0.281780 0.854736 0.286547 0.855469 0.285487 0.854248 0.282839 0.853760 0.280191 0.853760 0.276483 0.854248 0.274894 0.854980 0.274364
1 0.230713 0.269068 0.230225 0.269597 0.229736 0.272775 0.230225 0.275424 0.230957 0.275953 0.232178 0.274364 0.232422 0.271186
1 0.837891 0.271716 0.839844 0.269597 0.841064 0.269597 0.842285 0.270657 0.842285 0.271716 0.843018 0.271186 0.843018 0.272246 0.846436 0.272246 0.846436 0.270127 0.846191 0.269597 0.844727 0.271186 0.842529 0.270657 0.841553 0.268008 0.841064 0.268008
1 0.181885 0.266419 0.182129 0.267479 0.182861 0.267479 0.184082 0.269068 0.185059 0.268538 0.186035 0.270127 0.188477 0.270127 0.186279 0.268008
1 0.770752 0.265360 0.769043 0.265890 0.768311 0.267479 0.768555 0.270127 0.769775 0.270657 0.770752 0.267479
1 0.253906 0.265360 0.253906 0.266419 0.253418 0.266949 0.253418 0.274364 0.254639 0.274894 0.254639 0.270657 0.255127 0.268008
1 0.381592 0.264831 0.379883 0.268538 0.381104 0.270657 0.382324 0.270657 0.383057 0.265890 0.382568 0.264831
1 0.838135 0.262712 0.837158 0.267479 0.833984 0.266949 0.833496 0.269068 0.835693 0.268538 0.837158 0.270657 0.837402 0.269597 0.837891 0.269597 0.838135 0.268008
1 0.588623 0.262712 0.587891 0.263771 0.587646 0.266949 0.588867 0.269597 0.589355 0.269597 0.588623 0.268008 0.589355 0.266419 0.590088 0.266419 0.590088 0.265360 0.589600 0.263771
1 0.386719 0.262712 0.385986 0.267479 0.388184 0.266949 0.387939 0.264831
1 0.278809 0.259004 0.279297 0.260064 0.278320 0.261653 0.279053 0.264301 0.280273 0.264301 0.281494 0.267479 0.280029 0.268538 0.280273 0.269068 0.279541 0.271186 0.278809 0.270127 0.277832 0.271186 0.278076 0.272246 0.277100 0.274364 0.275879 0.274894 0.275879 0.275953 0.274902 0.277542 0.274902 0.279131 0.275635 0.279661 0.277100 0.283369 0.276367 0.284958 0.276367 0.287606 0.274902 0.288136 0.274170 0.289725 0.273682 0.289195 0.273193 0.291314 0.272461 0.290784 0.272705 0.292903 0.273926 0.294492 0.274658 0.294492 0.276611 0.299258 0.279053 0.298729 0.279053 0.297669 0.277832 0.296610 0.279053 0.294492 0.279053 0.292903 0.279785 0.290784 0.282715 0.289195 0.288574 0.289725 0.288574 0.286017 0.289795 0.285487 0.288574 0.280720 0.287598 0.283369 0.286133 0.283898 0.285889 0.280191 0.285400 0.279131 0.284424 0.279131 0.282227 0.275953 0.282471 0.274894 0.284668 0.273835 0.284668 0.272246 0.283447 0.270657 0.281982 0.262182 0.280762 0.260593 0.279541 0.260593
1 0.585449 0.254237 0.585449 0.257415 0.584961 0.258475 0.584717 0.261123 0.586426 0.263771 0.586914 0.261653 0.585938 0.262182 0.585449 0.260593 0.586182 0.258475 0.586426 0.259004 0.586914 0.256886 0.586182 0.256356
1 0.309082 0.254767 0.309814 0.254767 0.310303 0.256886 0.310791 0.255826 0.311279 0.257945 0.311035 0.258475 0.312256 0.259534 0.313232 0.259004 0.313965 0.260064 0.314941 0.260064 0.315918 0.258475 0.315918 0.256356 0.314453 0.256356 0.313721 0.254767
1 0.251221 0.255826 0.250732 0.254237 0.248535 0.254767 0.248291 0.256356 0.246826 0.257945 0.248291 0.261123 0.249512 0.262182 0.249756 0.260064 0.251221 0.256886
1 0.331787 0.253708 0.331299 0.259004 0.331787 0.260064 0.331787 0.261653 0.333008 0.262182 0.333496 0.261653 0.333740 0.259004 0.333252 0.258475 0.333008 0.255297 0.332275 0.253708
1 0.292480 0.252648 0.291504 0.254237 0.290771 0.261123 0.290283 0.263242 0.289307 0.264831 0.289307 0.265890 0.289795 0.266419 0.292236 0.266419 0.291748 0.265360 0.292480 0.263771 0.292969 0.264301 0.294189 0.262712 0.293457 0.258475 0.292480 0.255826
1 0.273193 0.254237 0.273438 0.255826 0.274902 0.256356 0.275146 0.254767 0.276123 0.254767 0.276367 0.255826 0.277588 0.256886 0.277832 0.254237 0.278320 0.253708 0.277344 0.252119 0.275146 0.251589 0.275879 0.253178 0.275635 0.254237
1 0.219971 0.250000 0.220459 0.252119 0.219482 0.255297 0.223633 0.255297 0.224365 0.256886 0.225342 0.256886 0.223633 0.255297 0.223877 0.254237 0.223145 0.250000 0.222168 0.248411 0.220703 0.248411
1 0.176270 0.246292 0.176270 0.247352 0.177002 0.247352 0.177246 0.248411 0.180176 0.251589 0.180908 0.254767 0.183594 0.259534 0.183594 0.261123 0.182861 0.262712 0.181885 0.263242 0.182373 0.263242 0.182373 0.264301 0.183350 0.263771 0.182861 0.263771 0.182861 0.262712 0.184326 0.262712 0.184814 0.261653 0.187012 0.260593 0.189453 0.260593 0.189697 0.261653 0.193115 0.261123 0.191650 0.259534 0.191162 0.257945 0.192139 0.254237 0.193359 0.253178 0.193115 0.252119 0.190430 0.255826 0.189209 0.258475 0.189453 0.259004 0.188965 0.260593 0.188232 0.260593 0.185547 0.257415 0.185059 0.257945 0.183105 0.256356 0.180908 0.252648 0.181396 0.252119 0.180908 0.251059 0.179932 0.250530 0.179443 0.248941 0.179199 0.249470 0.177490 0.246292
1 0.400391 0.245233 0.400879 0.247352 0.401611 0.246822 0.402588 0.248411 0.403320 0.248411 0.403076 0.245763 0.400879 0.245763 0.400635 0.244703
1 0.361084 0.243644 0.361328 0.248411 0.361816 0.249470 0.362549 0.249470 0.363037 0.248411
1 0.170166 0.242055 0.170898 0.250530 0.170898 0.257945 0.172363 0.257945 0.172363 0.256886 0.171387 0.255297 0.171631 0.244703
1 0.355469 0.239936 0.355225 0.242055 0.354736 0.240996 0.354248 0.242055 0.354492 0.241525 0.354980 0.243644 0.354004 0.243644 0.356689 0.250530 0.356689 0.248411 0.355469 0.241525 0.356445 0.240996 0.355957 0.240466 0.356201 0.239936
1 0.299316 0.238877 0.298096 0.239407 0.298340 0.240996 0.299561 0.243114 0.297852 0.245233 0.300049 0.245233 0.300293 0.246292 0.298828 0.246822 0.298584 0.247881 0.299561 0.247352 0.299805 0.249470 0.298828 0.250000 0.299316 0.251059 0.299316 0.253708 0.297852 0.254237 0.297607 0.256886 0.298340 0.257945 0.299316 0.254767 0.300049 0.254767 0.300781 0.253178 0.300781 0.252119 0.302246 0.252648 0.302979 0.251059 0.302734 0.250000 0.301514 0.250000 0.300537 0.248411 0.300537 0.246822 0.301270 0.246292 0.300293 0.245763 0.300049 0.244703 0.301025 0.242055 0.300537 0.239407
1 0.180176 0.242055 0.183105 0.240466 0.183594 0.240996 0.180664 0.237288 0.180664 0.240466
1 0.602783 0.236229 0.601074 0.239407 0.600830 0.246822 0.601318 0.244703 0.602295 0.243114 0.602051 0.238347
1 0.862305 0.236229 0.864746 0.238877 0.865234 0.240466 0.865479 0.239936 0.865723 0.241525 0.867188 0.244174 0.866943 0.244703 0.867676 0.244703 0.867676 0.239936 0.867188 0.237818 0.866943 0.238877 0.866699 0.238347 0.866699 0.236229 0.866211 0.235169 0.863281 0.234640
1 0.181641 0.236229 0.187012 0.242055 0.188965 0.243114 0.189941 0.244703 0.190430 0.243644 0.186768 0.239407 0.186279 0.239936 0.184570 0.238347 0.182373 0.233051
1 0.571777 0.231462 0.571533 0.233581 0.573486 0.236229 0.575195 0.235169 0.575684 0.233581 0.573975 0.230932
1 0.305176 0.231992 0.306152 0.233581 0.307861 0.233581 0.308350 0.230403 0.306152 0.229873 0.306152 0.231462
1 0.212402 0.229873 0.211670 0.229873 0.208984 0.233581 0.208984 0.235169 0.209473 0.236229 0.211670 0.236758 0.212891 0.238347 0.212891 0.242055 0.211670 0.242055 0.211426 0.243644 0.210938 0.243114 0.210938 0.244174 0.211914 0.246292 0.210938 0.247881 0.211426 0.248941 0.212158 0.247352 0.213379 0.247881 0.213379 0.244703 0.212891 0.242055 0.213379 0.238877 0.217529 0.239936 0.217285 0.237288 0.216553 0.236229 0.212646 0.235169 0.212402 0.234110 0.212891 0.230932
1 0.348145 0.230403 0.346680 0.229343 0.344482 0.233581 0.344238 0.238347 0.342773 0.240466 0.340820 0.240466 0.340332 0.249470 0.341309 0.251059 0.341309 0.253708 0.340088 0.254767 0.342773 0.254237 0.342773 0.259004 0.342285 0.259534 0.341309 0.256356 0.340820 0.259534 0.341309 0.262182 0.340576 0.262712 0.341797 0.266419 0.341797 0.271186 0.339111 0.276483 0.332031 0.270127 0.331299 0.272246 0.331055 0.269597 0.329102 0.269068 0.326660 0.275424 0.326904 0.280191 0.328857 0.281250 0.328613 0.279131 0.330322 0.274364 0.331543 0.275424 0.331787 0.279131 0.333984 0.274894 0.335693 0.277542 0.335205 0.280191 0.336182 0.281250 0.341064 0.279661 0.342041 0.277013 0.342773 0.279131 0.343994 0.278072 0.345215 0.279661 0.344482 0.281780 0.343994 0.280720 0.342773 0.281780 0.341553 0.279661 0.343994 0.285487 0.344971 0.284428 0.346924 0.287606 0.347656 0.291843 0.348877 0.289725 0.348877 0.288136 0.348145 0.288136 0.347656 0.291314 0.347656 0.287606 0.347168 0.288136 0.346924 0.286017 0.345459 0.284428 0.346924 0.282309 0.345947 0.280191 0.346436 0.274364 0.345459 0.271716 0.343750 0.271716 0.343506 0.276483 0.342529 0.274894 0.342529 0.265890 0.343262 0.265890 0.343506 0.268538 0.343018 0.262712 0.344727 0.260064 0.347900 0.259534 0.347412 0.257415 0.345703 0.257415 0.344971 0.259004 0.343262 0.257415 0.343506 0.254767 0.344482 0.254237 0.344482 0.251059 0.349365 0.251059 0.351074 0.253178 0.352295 0.247881 0.352295 0.243644 0.351562 0.243644 0.348877 0.237288 0.349121 0.233581
1 0.579834 0.228814 0.579346 0.228814 0.578369 0.230932 0.576904 0.229343 0.576660 0.235169 0.576904 0.234640 0.577393 0.235699 0.578125 0.232521 0.579590 0.230403
1 0.374023 0.227754 0.374023 0.228814 0.373291 0.230403 0.373535 0.232521 0.372803 0.234640 0.371582 0.234640 0.370850 0.237288 0.369141 0.237288 0.368652 0.238347 0.369385 0.239936 0.369141 0.240996 0.370117 0.243114 0.369141 0.245763 0.368408 0.245763 0.368164 0.247881 0.367432 0.248941 0.367188 0.254237 0.367676 0.254237 0.368652 0.251589 0.368652 0.247352 0.369385 0.246292 0.369629 0.247352 0.370850 0.248411 0.372314 0.245233 0.372803 0.246292 0.373047 0.245763 0.375244 0.247352 0.375732 0.249470 0.375000 0.252119 0.374756 0.257945 0.375977 0.257945 0.376709 0.256356 0.377930 0.249470 0.377441 0.250000 0.376709 0.248941 0.376953 0.246822 0.377930 0.247881 0.378418 0.246822 0.379639 0.247881 0.382568 0.248411 0.380615 0.245233 0.381104 0.240996 0.382080 0.239936 0.382324 0.238347 0.381836 0.237288 0.380371 0.237288 0.379639 0.238347 0.379150 0.237818 0.377686 0.240996 0.376221 0.240996 0.375732 0.237288 0.375977 0.231462 0.374756 0.227754
1 0.322754 0.228284 0.323486 0.230403 0.326416 0.229873 0.326416 0.228814 0.325195 0.227225 0.323486 0.227225
1 0.194092 0.226695 0.195557 0.228814 0.195068 0.229343 0.195312 0.229873 0.197021 0.230403 0.197754 0.231992 0.196533 0.234640 0.196533 0.236758 0.197266 0.236758 0.199219 0.238877 0.198975 0.236758 0.198242 0.235169 0.198486 0.233581 0.199463 0.236229 0.200195 0.236229 0.200684 0.237288 0.201660 0.237818 0.202148 0.235699 0.202881 0.236229 0.202393 0.235169 0.201416 0.235169 0.201172 0.234640 0.201660 0.233581 0.200439 0.233581 0.199707 0.232521 0.198975 0.233051 0.197021 0.230403 0.197266 0.229343 0.196777 0.226695 0.197754 0.222987 0.196533 0.226695
1 0.878174 0.221928 0.877441 0.221398 0.876465 0.224047 0.875977 0.228284 0.876953 0.228284 0.878662 0.224576
1 0.393066 0.221398 0.392578 0.222458 0.392578 0.224047 0.393555 0.225636 0.393555 0.227225 0.394043 0.226165 0.395264 0.227225 0.395020 0.224576 0.394531 0.223517 0.393555 0.223517
1 0.305908 0.219280 0.305664 0.219809 0.306152 0.219809 0.306152 0.223517 0.305664 0.224047 0.306152 0.225106 0.304932 0.225106 0.308838 0.227225 0.309082 0.226165
1 0.336426 0.218220 0.336182 0.219280 0.335938 0.218750 0.335693 0.221398 0.335938 0.220869 0.336914 0.222987 0.336914 0.224576 0.337646 0.226165 0.337402 0.227754 0.338379 0.228814 0.337646 0.230932 0.338379 0.232521 0.339111 0.232521 0.338135 0.231462 0.338135 0.229873 0.338867 0.228284 0.339355 0.228814 0.339600 0.227754 0.339355 0.223517 0.339111 0.224576 0.338379 0.224576 0.337646 0.222987 0.337646 0.221398 0.337158 0.220869 0.338623 0.219280 0.338135 0.218220 0.337646 0.219280 0.337158 0.218220
1 0.125977 0.214513 0.126709 0.214513 0.128906 0.217691 0.130615 0.217691 0.132568 0.218750 0.133057 0.219809 0.134766 0.219809 0.135742 0.221928 0.135498 0.224047 0.136719 0.223517 0.136719 0.221398 0.135986 0.220339 0.132080 0.218750 0.131104 0.217161 0.130371 0.217691 0.130127 0.216631 0.129395 0.217161 0.129150 0.216102 0.128906 0.216631 0.127441 0.214513
1 0.204346 0.214513 0.204590 0.217161 0.205566 0.218220 0.206299 0.220869 0.207275 0.220339 0.208252 0.221928 0.209473 0.222458 0.210938 0.221398 0.211182 0.219280 0.209717 0.217161 0.209717 0.216102 0.208252 0.211864 0.205566 0.211864
1 0.386230 0.211864 0.386230 0.213983 0.387207 0.215572 0.387939 0.215572 0.388184 0.217691 0.388916 0.219280 0.388916 0.218220 0.389893 0.217691 0.390137 0.216631 0.390869 0.219809 0.391357 0.219809 0.391602 0.217691 0.392090 0.218220 0.392090 0.219809 0.393799 0.219809 0.393555 0.217691 0.392578 0.216102 0.391357 0.215572 0.391357 0.213983 0.391846 0.212924 0.391113 0.213453 0.390869 0.211864 0.388672 0.211864 0.388428 0.212924 0.386719 0.211335
1 0.430664 0.210805 0.429932 0.210805 0.429199 0.212394 0.429688 0.216631 0.430908 0.213983
1 0.866211 0.209746 0.865234 0.211864 0.865234 0.217691 0.866211 0.219280 0.867920 0.219280 0.868652 0.218220 0.869141 0.216102 0.868652 0.215042 0.868652 0.213453
1 0.494629 0.209216 0.492920 0.210275 0.492432 0.209746 0.491699 0.212394 0.492676 0.212924 0.494629 0.210275
1 0.246094 0.208157 0.246582 0.210805 0.248535 0.211335 0.247559 0.208157
1 0.216553 0.215572 0.219727 0.219809 0.219971 0.221398 0.218994 0.221928 0.222656 0.224576 0.223389 0.222458 0.225830 0.219809 0.227539 0.219809 0.229004 0.217161 0.228760 0.213983 0.228027 0.213453 0.227051 0.208686 0.225830 0.209216 0.225098 0.214513 0.224121 0.216102 0.224121 0.218220 0.222412 0.221398 0.221191 0.221398 0.220703 0.220339 0.220703 0.217691 0.219971 0.216102 0.219482 0.212394 0.219482 0.210275 0.220459 0.208157 0.219482 0.207097 0.217773 0.210275
1 0.789551 0.205508 0.788086 0.208686 0.787598 0.211335 0.788086 0.213983 0.789795 0.213453 0.791016 0.216102 0.791992 0.215042 0.792725 0.211335 0.792725 0.209216 0.790771 0.205508
1 0.370361 0.205508 0.369629 0.205508 0.369385 0.207097 0.367432 0.208686 0.367676 0.210805 0.368164 0.210805 0.369141 0.212924 0.368896 0.217161 0.369385 0.213453 0.370117 0.212394 0.370850 0.207097
1 0.308594 0.204449 0.308838 0.208157 0.309082 0.206038 0.309570 0.207097 0.309814 0.211335 0.308594 0.212394 0.308105 0.211864 0.306152 0.215042 0.309326 0.216102 0.309326 0.215042 0.309814 0.214513 0.311523 0.217691 0.311279 0.218220 0.312988 0.222458 0.313965 0.222458 0.314697 0.219280 0.312500 0.215042
1 0.209473 0.201271 0.208984 0.202860 0.210449 0.203390 0.210449 0.204979 0.209473 0.207097 0.209961 0.208157 0.210693 0.208157 0.210938 0.209216 0.210938 0.203919 0.209961 0.201271
1 0.187500 0.203390 0.187256 0.203919 0.186523 0.201801 0.186035 0.202331 0.185547 0.201271 0.184814 0.203390 0.184082 0.202331 0.184570 0.203390 0.184082 0.204449 0.183594 0.203919 0.183838 0.204449 0.183105 0.206568 0.182373 0.203390 0.181641 0.203919 0.181641 0.206568 0.181885 0.206038 0.182373 0.207627 0.181885 0.209216 0.182373 0.210275 0.181641 0.212924 0.182129 0.213983 0.183594 0.213983 0.183594 0.211335 0.186279 0.210805 0.186523 0.212394 0.187500 0.210275 0.187744 0.210805 0.187500 0.209746 0.187988 0.206568 0.187500 0.205508
1 0.243652 0.199153 0.243652 0.201801 0.244629 0.203390 0.247314 0.202860 0.246826 0.201801 0.247070 0.200742 0.248291 0.201801 0.247070 0.199153 0.245605 0.199153 0.245361 0.200212 0.244141 0.200212
1 0.325928 0.201271 0.329590 0.203919 0.329346 0.203390 0.330322 0.201271 0.330566 0.199153 0.329590 0.199153 0.328613 0.201801 0.327881 0.201801 0.326416 0.198093 0.325928 0.198093
1 0.229980 0.197034 0.230713 0.201271 0.231201 0.200742 0.231934 0.201801 0.233154 0.200212 0.233887 0.200212 0.233643 0.197034 0.232178 0.195445 0.230957 0.195445 0.230957 0.196504
1 0.900879 0.193856 0.900391 0.197034 0.901367 0.198623 0.902100 0.198623 0.901611 0.194386
1 0.251221 0.194386 0.249512 0.193856 0.247803 0.198093 0.249023 0.201801 0.249756 0.202331 0.250244 0.200742 0.250977 0.200212
1 0.394531 0.199682 0.395264 0.200212 0.395996 0.198623 0.398193 0.198093 0.398438 0.197034 0.399170 0.197034 0.399902 0.195445 0.400391 0.195445 0.400635 0.193856 0.399902 0.193326 0.398926 0.195445 0.397705 0.195975 0.396729 0.193326 0.395996 0.192797 0.395264 0.193856 0.395264 0.197564
1 0.224365 0.193326 0.224854 0.195445 0.224609 0.196504 0.223145 0.197564 0.224121 0.199153 0.225098 0.198093 0.226318 0.199153 0.225830 0.193856 0.225342 0.192797
1 0.960449 0.194386 0.959717 0.193856 0.959473 0.192267 0.957764 0.192267 0.957031 0.194386 0.957031 0.197034 0.957520 0.198623 0.958984 0.197564
1 0.177490 0.186441 0.177002 0.188559 0.176758 0.187500 0.175781 0.189089 0.177002 0.192797 0.177002 0.194386 0.177734 0.192267 0.177734 0.190148 0.178467 0.189619 0.177979 0.189089
1 0.363770 0.185911 0.362305 0.186441 0.361816 0.188559 0.363037 0.189619 0.363525 0.189089
1 0.302490 0.184322 0.301758 0.185381 0.301514 0.187500 0.302979 0.191208 0.303467 0.191208 0.304199 0.186441 0.303467 0.184852
1 0.258057 0.184322 0.257568 0.184322 0.257568 0.186970 0.256348 0.188559 0.257324 0.192267 0.258301 0.190678 0.258545 0.185381
1 0.478027 0.183263 0.477539 0.184322 0.477295 0.186970 0.478271 0.189089 0.478760 0.187500 0.478760 0.183792
1 0.157715 0.183263 0.156982 0.182203 0.155762 0.182203 0.155029 0.183792 0.153564 0.183792 0.153320 0.185381 0.154541 0.187500 0.156250 0.188030 0.156738 0.184852
1 0.226562 0.181144 0.227783 0.183263 0.228760 0.183263 0.230469 0.188030 0.230469 0.189089 0.229492 0.191208 0.228027 0.190148 0.228027 0.192267 0.227539 0.192797 0.227539 0.193856 0.229004 0.193856 0.229248 0.194915 0.230225 0.195445 0.230225 0.194386 0.229004 0.192267 0.230469 0.190148 0.230713 0.188559 0.232178 0.188559 0.232178 0.187500 0.231689 0.186970 0.231934 0.186441 0.229248 0.180085
1 0.206055 0.187500 0.205811 0.190678 0.207031 0.192797 0.207275 0.191737 0.208252 0.192267 0.208740 0.191208 0.208984 0.192267 0.210938 0.193326 0.211670 0.194915 0.211914 0.194386 0.213867 0.195445 0.216553 0.199153 0.216553 0.198093 0.217041 0.197564 0.217041 0.195975 0.216553 0.195975 0.215576 0.193856 0.215576 0.187500 0.216309 0.186441 0.215332 0.185911 0.216553 0.182203 0.216064 0.183263 0.215088 0.182733 0.214355 0.184322 0.214355 0.188030 0.214844 0.189619 0.214600 0.193856 0.209961 0.191208 0.208740 0.189089 0.208740 0.188030 0.207275 0.188030 0.207520 0.186970 0.208984 0.186970 0.211182 0.180614 0.209473 0.180085 0.209229 0.185381 0.207520 0.185381 0.207031 0.184322 0.207031 0.186970
1 0.319092 0.180614 0.319336 0.182733 0.321533 0.187500 0.322021 0.190678 0.322510 0.190148 0.323730 0.191737 0.323730 0.190148 0.324707 0.189619 0.325195 0.191208 0.325684 0.191208 0.326172 0.189089 0.326904 0.189089 0.327637 0.191208 0.329102 0.192267 0.324707 0.185381 0.324707 0.183792 0.324463 0.184852 0.323730 0.184852 0.324219 0.185381 0.323975 0.186441 0.322510 0.186970 0.321533 0.184852 0.321533 0.183263 0.322021 0.182733 0.321289 0.181144 0.320312 0.181144 0.320312 0.179555
1 0.480469 0.177966 0.480225 0.181144 0.481689 0.181674 0.482178 0.180085 0.481934 0.179025
1 0.333984 0.176907 0.333740 0.177966 0.332520 0.178496 0.333496 0.181144 0.333008 0.182203 0.333008 0.185911 0.333740 0.185911 0.334473 0.188030 0.331787 0.188030 0.331787 0.180085 0.331543 0.185911 0.330811 0.187500 0.330078 0.186441 0.329102 0.186441 0.329590 0.189089 0.330566 0.189619 0.331299 0.191208 0.331543 0.190148 0.332031 0.190678 0.332031 0.194386 0.332520 0.194386 0.333008 0.196504 0.333984 0.195975 0.334473 0.194386 0.335938 0.194915 0.335205 0.198093 0.337402 0.199153 0.337158 0.202331 0.336426 0.202331 0.335938 0.201271 0.335938 0.202331 0.335449 0.202860 0.335449 0.204449 0.336914 0.205508 0.336182 0.207627 0.335449 0.206568 0.335693 0.205508 0.335205 0.207627 0.334229 0.206038 0.334717 0.201271 0.334229 0.201801 0.333252 0.198093 0.332520 0.199153 0.333984 0.202331 0.333740 0.203390 0.334229 0.208157 0.335449 0.210275 0.336182 0.208157 0.336426 0.209746 0.337402 0.211335 0.337158 0.204979 0.337646 0.203919 0.338135 0.207097 0.337646 0.203919 0.338135 0.199153 0.337402 0.194386 0.338135 0.191737 0.337646 0.190148 0.338135 0.185911 0.337402 0.184852 0.337402 0.189089 0.336914 0.189619 0.335938 0.187500 0.335693 0.184852 0.337402 0.183263 0.336426 0.181144 0.336670 0.180085 0.335938 0.179025 0.335938 0.180614 0.336426 0.181674 0.335449 0.184322 0.334229 0.181674 0.334717 0.180614 0.334717 0.179025 0.335205 0.178496
1 0.273438 0.177966 0.274170 0.179555 0.274902 0.183792 0.276123 0.185911 0.277100 0.184852 0.279297 0.188030 0.281006 0.185911 0.283447 0.186441 0.283447 0.182203 0.282959 0.181144 0.282471 0.183263 0.281982 0.182203 0.280762 0.182203 0.280029 0.180614 0.280029 0.177436 0.278564 0.174788 0.278076 0.174788 0.277832 0.175847 0.278320 0.176907 0.278076 0.180085 0.276367 0.180085 0.276123 0.179025 0.275635 0.179555
1 0.355225 0.174258 0.354248 0.174258 0.353760 0.175318 0.353516 0.178496 0.354004 0.179555 0.354980 0.176907
1 0.728516 0.173729 0.726807 0.175318 0.726562 0.179025 0.725342 0.182203 0.725586 0.182733 0.726562 0.182733 0.727539 0.184322 0.728027 0.183792 0.728027 0.180614 0.727539 0.177966 0.729004 0.174258
1 0.413330 0.173199 0.413330 0.175318 0.413818 0.176907 0.415527 0.177436 0.415283 0.174258
1 0.211670 0.173729 0.214355 0.176377 0.217773 0.177966 0.215088 0.174258 0.214111 0.175318 0.212402 0.173199
1 0.242188 0.170551 0.242432 0.174788 0.241699 0.175318 0.240723 0.178496 0.240723 0.179555 0.241943 0.178496 0.242188 0.180085 0.241455 0.181674 0.241211 0.180614 0.239746 0.183792 0.239746 0.185911 0.238525 0.188030 0.238770 0.187500 0.239258 0.188559 0.241211 0.189619 0.241455 0.189089 0.242188 0.190678 0.242188 0.192797 0.242676 0.192797 0.243164 0.191737 0.241943 0.190148 0.241943 0.185911 0.244385 0.185381 0.243896 0.180614 0.242432 0.175847 0.242920 0.175318 0.242676 0.173199 0.243408 0.171081
1 0.641602 0.167903 0.640137 0.166314 0.639648 0.168962 0.639893 0.171081 0.640869 0.170551 0.641602 0.168962
1 0.497559 0.165784 0.497803 0.166843 0.498291 0.166314 0.498535 0.167903 0.499512 0.169492 0.500488 0.167373 0.500000 0.165254 0.498291 0.166314 0.497803 0.165254
1 0.183105 0.167903 0.183838 0.170021 0.185303 0.171081 0.186279 0.170021 0.187012 0.171081 0.187256 0.170551 0.187256 0.168962 0.186523 0.168962 0.186035 0.167373 0.185791 0.167903 0.185059 0.166843 0.185547 0.166314 0.185303 0.164195 0.185303 0.165784 0.184570 0.165784
1 0.897461 0.164195 0.897461 0.168432 0.896973 0.168962 0.897217 0.173199 0.898682 0.173199 0.900879 0.175318 0.902100 0.174788 0.902344 0.175847 0.902588 0.174788 0.903564 0.175847 0.904053 0.175318 0.904297 0.176907 0.905518 0.176907 0.904785 0.175847 0.905029 0.173729 0.905518 0.173199 0.904785 0.173729 0.902832 0.171610 0.901855 0.168962 0.901611 0.169492 0.900635 0.166843 0.900146 0.163665 0.897949 0.163136
1 0.235352 0.166314 0.234619 0.164725 0.233398 0.164195 0.232910 0.163136 0.232178 0.164195 0.231689 0.167373 0.230713 0.168432 0.227051 0.168432 0.225098 0.173199 0.223145 0.172669 0.221924 0.173729 0.221680 0.175318 0.222168 0.176907 0.222900 0.175318 0.224121 0.175318 0.224854 0.176907 0.225830 0.176907 0.227783 0.173729 0.232910 0.176907 0.233887 0.173199 0.234131 0.170021 0.233398 0.168962 0.233398 0.167903 0.234375 0.166843 0.234375 0.168432
1 0.532227 0.162076 0.531982 0.164195 0.532959 0.166843 0.533691 0.167373 0.534180 0.164195
1 0.527344 0.161017 0.526855 0.161017 0.526611 0.162606 0.525391 0.162606 0.523438 0.165254 0.523438 0.167903 0.523926 0.170021 0.524170 0.167903 0.526855 0.162606 0.527344 0.162606
1 0.265137 0.158898 0.264160 0.161547 0.264160 0.163136 0.265381 0.164725 0.266113 0.164195 0.266357 0.162606 0.265137 0.159958
1 0.219727 0.155720 0.218994 0.156250 0.218018 0.158898 0.218506 0.161547 0.218994 0.161547 0.219727 0.159428
1 0.536621 0.154131 0.536133 0.155720 0.535156 0.156250 0.535156 0.157839 0.536865 0.161017 0.537354 0.155191
1 0.194580 0.153072 0.192871 0.157839 0.194092 0.162076 0.193848 0.164725 0.195312 0.166314 0.195801 0.168962 0.196777 0.170021 0.196533 0.171610 0.195312 0.170551 0.196045 0.171610 0.195801 0.172669 0.196533 0.174788 0.192871 0.174258 0.192627 0.175318 0.191650 0.175318 0.192871 0.175847 0.195068 0.180085 0.196289 0.178496 0.196289 0.176377 0.196777 0.177436 0.196777 0.179555 0.196045 0.181144 0.195557 0.180614 0.196045 0.182203 0.194336 0.183792 0.195312 0.184322 0.195068 0.186441 0.195801 0.188030 0.195068 0.189089 0.195312 0.193856 0.196289 0.195445 0.195312 0.199153 0.196533 0.200212 0.197510 0.202860 0.198242 0.202860 0.198486 0.198623 0.200684 0.196504 0.200195 0.195975 0.198486 0.198093 0.196289 0.193326 0.196045 0.190148 0.196289 0.193326 0.195557 0.192797 0.195801 0.188030 0.197998 0.188030 0.195801 0.185381 0.196045 0.184322 0.198975 0.184322 0.201172 0.186970 0.202393 0.186970 0.202393 0.188030 0.204102 0.189619 0.203369 0.191208 0.203369 0.193326 0.205322 0.189619 0.204590 0.189089 0.204590 0.186970 0.201416 0.184852 0.197754 0.179555 0.197510 0.174788 0.198730 0.176377 0.199707 0.175847 0.201416 0.178496 0.201904 0.177436 0.203125 0.178496 0.197998 0.168432 0.194580 0.163665 0.196045 0.162606 0.195312 0.161017 0.197754 0.156780 0.195557 0.158898 0.195312 0.161017 0.194336 0.161017 0.193115 0.156250
1 0.464844 0.149894 0.464844 0.155191 0.467041 0.155720 0.467529 0.154131 0.465820 0.153072 0.465820 0.151483
1 0.276123 0.149364 0.275391 0.149364 0.275391 0.150424 0.274414 0.151483 0.274414 0.156780 0.275146 0.157839 0.276855 0.152542
1 0.219238 0.150424 0.220703 0.150424 0.221436 0.151483 0.221924 0.157309 0.222412 0.154661 0.222900 0.154131 0.223145 0.155191 0.223389 0.154131 0.223145 0.151483 0.222656 0.152013 0.221924 0.150424 0.221191 0.150424 0.220947 0.149364
1 0.157715 0.152542 0.159180 0.156250 0.159668 0.155191 0.161377 0.156250 0.162109 0.154661 0.162109 0.150953 0.160156 0.149364
1 0.166992 0.148835 0.166260 0.148835 0.166748 0.149894 0.166016 0.150953 0.166016 0.152013 0.163330 0.153072 0.163330 0.157839 0.164307 0.158369 0.165527 0.160487 0.167725 0.159958 0.168701 0.158369 0.168701 0.156780 0.167969 0.155191 0.168213 0.154661 0.167725 0.154131 0.167725 0.153072 0.166260 0.151483 0.167236 0.149364
1 0.473389 0.148305 0.472168 0.150953 0.471680 0.156250 0.470947 0.155720 0.468506 0.157309 0.469238 0.159428 0.470947 0.161547 0.471191 0.161017 0.472656 0.162076 0.472656 0.161017 0.473633 0.158898 0.474854 0.158898 0.475586 0.157839 0.475586 0.156780 0.474121 0.154661 0.472656 0.154131 0.473877 0.151483
1 0.476562 0.146716 0.476074 0.150424 0.476562 0.151483 0.476318 0.153602 0.477051 0.154131 0.478516 0.152013 0.478516 0.150953
1 0.230225 0.147775 0.228760 0.146716 0.227539 0.148305 0.227539 0.151483 0.227051 0.152542 0.228027 0.153072 0.230469 0.151483 0.230713 0.150424
1 0.431641 0.146186 0.431641 0.149894 0.430908 0.151483 0.431152 0.152542 0.433594 0.153072 0.435059 0.152013 0.435791 0.148835 0.435303 0.147775 0.432861 0.147775 0.432129 0.146186
1 0.388428 0.146186 0.388184 0.147775 0.388672 0.150953 0.390381 0.151483 0.390381 0.147775
1 0.200195 0.146186 0.198975 0.149894 0.198730 0.149364 0.198975 0.150424 0.198242 0.151483 0.199219 0.153072 0.199951 0.153072 0.200439 0.154131 0.199951 0.155720 0.200684 0.156250 0.200684 0.153602 0.198975 0.150424 0.199219 0.149364 0.199707 0.149894 0.200928 0.148835 0.200439 0.148305 0.200684 0.147775
1 0.734131 0.150424 0.732422 0.150424 0.732178 0.149364 0.730469 0.148305 0.729736 0.146716 0.729736 0.145127 0.729248 0.146186 0.727539 0.146186 0.727051 0.145127 0.725830 0.147246 0.724854 0.146186 0.724365 0.147246 0.722656 0.146716 0.722412 0.148305 0.718750 0.148305 0.718994 0.149894 0.719971 0.149894 0.720703 0.151483 0.720459 0.152542 0.718994 0.152542 0.718506 0.151483 0.716797 0.152013 0.718262 0.152013 0.718750 0.153602 0.724365 0.153072 0.725342 0.152013 0.726074 0.153072 0.725098 0.153602 0.725098 0.154661 0.726318 0.155191 0.727783 0.154661 0.728271 0.153602 0.728516 0.154131 0.728760 0.153602 0.727783 0.153072 0.728027 0.152013 0.729248 0.152013 0.729492 0.153072 0.733887 0.152542 0.733643 0.151483
1 0.235107 0.145657 0.235352 0.149364 0.235840 0.150424 0.239258 0.152542 0.239258 0.150953 0.238037 0.148835 0.238281 0.148305 0.237793 0.147246 0.237549 0.147775 0.237305 0.146716 0.236572 0.146716 0.236328 0.144597
1 0.212402 0.144068 0.213867 0.147775 0.213867 0.150953 0.214600 0.149894 0.214844 0.152013 0.215576 0.152013 0.216309 0.153602 0.215088 0.156250 0.215820 0.157839 0.216064 0.156780 0.216553 0.156780 0.216064 0.155720 0.216064 0.154131 0.218262 0.150953 0.217773 0.150424 0.218262 0.149364 0.215820 0.148305 0.214844 0.146186 0.213623 0.146186
1 0.483398 0.143538 0.482178 0.144068 0.481445 0.145127 0.481445 0.146186 0.482178 0.147775 0.483154 0.147775 0.483643 0.146716
1 0.277100 0.143538 0.278320 0.147246 0.280273 0.148305 0.282227 0.151483 0.283691 0.161017 0.283691 0.163665 0.282959 0.165254 0.282471 0.164725 0.282227 0.165784 0.283691 0.168962 0.283447 0.166314 0.284180 0.165254 0.285156 0.165784 0.286133 0.163136 0.285645 0.158898 0.284668 0.156780 0.284668 0.152013 0.283447 0.148835 0.283691 0.147775 0.282959 0.146716 0.280518 0.147246 0.279541 0.145127
1 0.519531 0.143008 0.518799 0.144597 0.519043 0.146716 0.518555 0.146716 0.517822 0.148835 0.515869 0.148835 0.516113 0.149894 0.516846 0.149894 0.517578 0.151483 0.517090 0.154131 0.516846 0.152542 0.516602 0.156780 0.518311 0.154131 0.518311 0.150953 0.518799 0.149894 0.519043 0.151483 0.519531 0.148305 0.520264 0.146716 0.520264 0.144597
1 0.273682 0.141949 0.273438 0.142479 0.273926 0.143538 0.273926 0.145657 0.275635 0.146716 0.276123 0.144068 0.275391 0.144068 0.274902 0.142479
1 0.349365 0.140890 0.348877 0.143538 0.349121 0.149894 0.350342 0.154661 0.350586 0.153072 0.349854 0.151483 0.350342 0.150953 0.349854 0.149364 0.349854 0.144068 0.350342 0.143008
1 0.215332 0.140890 0.215088 0.143538 0.216064 0.144068 0.217041 0.146186 0.217529 0.143008 0.216309 0.141949 0.216064 0.140890
1 0.349365 0.158369 0.345703 0.154661 0.341553 0.147246 0.338623 0.138242 0.337158 0.140890 0.335938 0.140360 0.335693 0.143538 0.336914 0.144597 0.336182 0.146186 0.335449 0.145127 0.335938 0.149894 0.333984 0.151483 0.335449 0.152542 0.334229 0.156780 0.333252 0.156780 0.331543 0.154661 0.333740 0.157839 0.333496 0.159958 0.331787 0.156780 0.331299 0.157839 0.330078 0.157839 0.329346 0.155720 0.328613 0.156780 0.327881 0.154661 0.329834 0.154131 0.330322 0.151483 0.331543 0.150424 0.330322 0.148835 0.329590 0.141949 0.327637 0.143008 0.325684 0.139831 0.326172 0.140890 0.325684 0.141949 0.326172 0.145657 0.327148 0.146186 0.326660 0.147246 0.327393 0.156250 0.326904 0.157309 0.327637 0.159958 0.327148 0.162606 0.328125 0.164195 0.328369 0.170551 0.329590 0.171081 0.330078 0.173199 0.330811 0.173199 0.331543 0.171081 0.333008 0.171081 0.333740 0.174258 0.333496 0.167373 0.334229 0.164195 0.335449 0.162606 0.335693 0.164725 0.336670 0.165254 0.335693 0.161017 0.334229 0.160487 0.334473 0.158369 0.335693 0.158369 0.335693 0.152542 0.335205 0.151483 0.335938 0.149894 0.336914 0.151483 0.336426 0.152542 0.337402 0.159428 0.336426 0.159958 0.339600 0.162606 0.338379 0.157309 0.338867 0.155720 0.339600 0.155720 0.345703 0.162606 0.346680 0.166843 0.347656 0.161017 0.348389 0.161017 0.347900 0.159958
1 0.437744 0.137182 0.436523 0.137712 0.436279 0.143008 0.437012 0.144597 0.437988 0.139831 0.437500 0.137712
1 0.344727 0.135593 0.343750 0.139831 0.343750 0.142479 0.344238 0.143538 0.345947 0.144068 0.347168 0.141949 0.346680 0.141949 0.344971 0.138771 0.345459 0.135593
1 0.864258 0.134534 0.865234 0.136123 0.865967 0.136123 0.866211 0.137182 0.867188 0.136123 0.868896 0.136123 0.868408 0.134534 0.866699 0.134534 0.866455 0.133475 0.864746 0.133475
1 0.285889 0.135064 0.285645 0.136123 0.287109 0.138242 0.289307 0.138242 0.290283 0.139301 0.290527 0.142479 0.290039 0.143538 0.290527 0.145127 0.293701 0.145657 0.293457 0.142479 0.292236 0.140360 0.292236 0.138771 0.291260 0.137182 0.291748 0.135593 0.292236 0.135593 0.291992 0.134004 0.290039 0.133475 0.289307 0.134534 0.287842 0.134004
1 0.173828 0.133475 0.173828 0.136123 0.174072 0.135593 0.174561 0.136653 0.176270 0.137182 0.176270 0.135064 0.175293 0.132945
1 0.444824 0.131356 0.442871 0.132415 0.442383 0.134004 0.442871 0.138771 0.443359 0.139831 0.443115 0.141949 0.444336 0.143538 0.444580 0.141419 0.444092 0.140360 0.444580 0.139301 0.444092 0.137712 0.444580 0.136653 0.444824 0.137182 0.445312 0.135593
1 0.279541 0.131886 0.279785 0.132945 0.281982 0.131356 0.285645 0.132415 0.286133 0.130826 0.284668 0.128178 0.281738 0.128178 0.281250 0.129237 0.280518 0.129237
1 0.422119 0.127648 0.422119 0.130297 0.423340 0.131886 0.424072 0.130297 0.424072 0.129237 0.423340 0.127648 0.422363 0.128708
1 0.433838 0.127119 0.433838 0.130297 0.435303 0.131886 0.436523 0.130826 0.438477 0.131356 0.439209 0.129767 0.438721 0.128178 0.437988 0.128178 0.437012 0.125530 0.436768 0.126059 0.436035 0.125000 0.435303 0.125000
1 0.480713 0.126059 0.479248 0.123411 0.479248 0.122352 0.478516 0.120763 0.476318 0.122881 0.474854 0.125530 0.475586 0.127648 0.478027 0.127119 0.478760 0.128178 0.479492 0.128178
1 0.391357 0.120233 0.391113 0.125530 0.389893 0.127119 0.389893 0.128178 0.391846 0.128708 0.393555 0.130297 0.393555 0.129237 0.391602 0.126059 0.392334 0.125000 0.391846 0.122352 0.392090 0.120233
1 0.272949 0.120233 0.272217 0.122881 0.272949 0.128708 0.274170 0.128708 0.274414 0.129767 0.273926 0.130297 0.274414 0.132415 0.275146 0.132415 0.276123 0.130826 0.276123 0.129237 0.274658 0.125000 0.274658 0.122352
1 0.252197 0.119174 0.251465 0.119703 0.250732 0.121822 0.250244 0.121822 0.250000 0.126059 0.249756 0.126589 0.249512 0.125530 0.249512 0.127119 0.249023 0.128178 0.250488 0.130826 0.252686 0.129767 0.254150 0.126059 0.254150 0.122352
1 0.385742 0.118644 0.385742 0.122352 0.388184 0.122352 0.387451 0.118644
1 0.408691 0.116525 0.407715 0.117055 0.406738 0.122352 0.405518 0.123941 0.405273 0.123411 0.404785 0.125000 0.404297 0.125000 0.403564 0.122881 0.403320 0.123941 0.401123 0.125000 0.399414 0.128708 0.397949 0.130297 0.396484 0.130297 0.396240 0.131356 0.395996 0.130826 0.395508 0.132945 0.394531 0.134534 0.394775 0.137712 0.395508 0.139301 0.397217 0.137712 0.399414 0.139301 0.402588 0.134534 0.402832 0.136123 0.404053 0.138242 0.404053 0.139831 0.403076 0.141419 0.403076 0.143538 0.404053 0.145657 0.404297 0.147775 0.405273 0.149364 0.405518 0.146186 0.406494 0.145127 0.406494 0.143008 0.405273 0.140890 0.405029 0.138771 0.404297 0.137182 0.404297 0.133475 0.405762 0.131886 0.407471 0.135064 0.408936 0.136123 0.408936 0.132415 0.409668 0.130826 0.410156 0.131356 0.410889 0.130297 0.410400 0.123941 0.409180 0.121292
1 0.965576 0.117585 0.964600 0.117585 0.964355 0.115466 0.964111 0.117585 0.960938 0.117585 0.959961 0.119174 0.962158 0.119174
1 0.282227 0.114936 0.280518 0.115466 0.281006 0.120763 0.282227 0.118644
1 0.982178 0.114407 0.981689 0.114407 0.981934 0.114936 0.981201 0.115996 0.980469 0.115466 0.980957 0.115466 0.980957 0.116525 0.977539 0.116525 0.976807 0.118114 0.975098 0.117585 0.974854 0.116525 0.973633 0.116525 0.973389 0.117585 0.972656 0.117585 0.972412 0.115996 0.971924 0.117055 0.971680 0.115996 0.971436 0.117055 0.971191 0.115996 0.970459 0.117055 0.969238 0.117055 0.969971 0.117055 0.970459 0.118644 0.978027 0.119703 0.981445 0.117585
1 0.985352 0.113347 0.986328 0.114936 0.987793 0.115466 0.994629 0.114407 0.993652 0.114407 0.993408 0.113347 0.992920 0.113877 0.992676 0.112818 0.992432 0.113877 0.992188 0.112818 0.991943 0.113877 0.991699 0.112818 0.991455 0.113877 0.991211 0.112818 0.990723 0.114407 0.990234 0.113877 0.990234 0.112818 0.989990 0.113877 0.989746 0.112818 0.989258 0.114407 0.988281 0.113877 0.987793 0.114936 0.987305 0.114407 0.987305 0.112818 0.987061 0.113877 0.986816 0.112818
1 0.405273 0.110169 0.404541 0.111229 0.403809 0.110699 0.403320 0.112818 0.402588 0.113877 0.401855 0.112288 0.401367 0.113347 0.401855 0.115466 0.401611 0.117055 0.403564 0.121292 0.405029 0.119174 0.405029 0.118114 0.405762 0.117055 0.406494 0.113347
1 0.364746 0.109640 0.363770 0.110169 0.362793 0.114407 0.363525 0.117585 0.364014 0.117585 0.364502 0.114407 0.364990 0.113877 0.364990 0.111229 0.364502 0.110169
1 0.365479 0.106992 0.365723 0.109640 0.366699 0.106992 0.367188 0.108051 0.366699 0.109110 0.367676 0.110169 0.367676 0.112288 0.369141 0.114936 0.369629 0.113877 0.369629 0.110699 0.366943 0.105403 0.366699 0.106992
1 0.999756 0.109110 0.999756 0.106462 0.999512 0.106992 0.998779 0.105932 0.999268 0.104873 0.999756 0.105403 0.999512 0.103284 0.999023 0.104343 0.998535 0.103814 0.998535 0.105403 0.997803 0.106992 0.996826 0.106462 0.998291 0.107521 0.998535 0.108581 0.999268 0.108581 0.999512 0.109640
1 0.395996 0.102754 0.396240 0.104343 0.397949 0.104873 0.398193 0.108051 0.398926 0.108051 0.399414 0.106992 0.398926 0.103284
1 0.385498 0.100106 0.385254 0.104343 0.385986 0.104873 0.386719 0.101695 0.386230 0.100106
1 0.985596 0.100636 0.983887 0.099576 0.983643 0.101695 0.982422 0.101695 0.982422 0.103284 0.981445 0.103814 0.981201 0.104873 0.980469 0.104873 0.980225 0.103814 0.979492 0.103814 0.979248 0.104873 0.976562 0.104873 0.976562 0.107521 0.977051 0.106462 0.977783 0.106462 0.978271 0.108581 0.978516 0.107521 0.979248 0.107521 0.980469 0.105403 0.981689 0.105403 0.981934 0.104343 0.982666 0.104343 0.983887 0.102225 0.984375 0.102754 0.984375 0.105403 0.985107 0.105403 0.985107 0.102754 0.984619 0.101695
1 0.841797 0.101695 0.844238 0.103814 0.842773 0.105403 0.845703 0.107521 0.847412 0.105403 0.847656 0.107521 0.849854 0.106462 0.850586 0.108051 0.849854 0.111229 0.846191 0.111229 0.846680 0.118114 0.848389 0.119174 0.847412 0.117585 0.850098 0.115466 0.850098 0.120233 0.851074 0.122352 0.850342 0.124470 0.849121 0.124470 0.850342 0.125000 0.849609 0.127119 0.852539 0.124470 0.851074 0.125000 0.851074 0.120763 0.851562 0.121822 0.851807 0.119174 0.853027 0.121292 0.855225 0.119174 0.855469 0.122352 0.857178 0.121292 0.859375 0.123941 0.859375 0.126589 0.860596 0.127119 0.860840 0.124470 0.863037 0.123411 0.863037 0.120763 0.862305 0.120763 0.861816 0.118114 0.863770 0.118644 0.863770 0.124470 0.869385 0.124470 0.868408 0.121292 0.869385 0.115466 0.865234 0.113347 0.865234 0.111758 0.866943 0.110699 0.869629 0.112818 0.874756 0.112818 0.871094 0.112288 0.871094 0.110699 0.875244 0.110699 0.872803 0.109110 0.875977 0.107521 0.878662 0.108581 0.876709 0.105932 0.867188 0.105932 0.866699 0.103284 0.860596 0.103814 0.859619 0.102225 0.860107 0.099576 0.859375 0.099576 0.859863 0.105403 0.859131 0.108051 0.857666 0.104343 0.858154 0.102225 0.855469 0.101695 0.856934 0.105932 0.856201 0.109110 0.854492 0.109110 0.855225 0.106992 0.853760 0.106462 0.854248 0.102754 0.851074 0.099576 0.850830 0.101165 0.850098 0.099576 0.849365 0.101695 0.847900 0.101695 0.847656 0.100106 0.844238 0.099047 0.844238 0.101165 0.845215 0.101695 0.844971 0.103814 0.843750 0.102754 0.843506 0.100636
1 0.993408 0.098517 0.992188 0.098517 0.992188 0.100106 0.991211 0.102754 0.991211 0.106462 0.992920 0.106462 0.992920 0.103814 0.993408 0.103284
1 0.877686 0.101695 0.875977 0.101695 0.875732 0.098517 0.875000 0.098517 0.874756 0.101695 0.873535 0.101695 0.874023 0.102225 0.873779 0.102754 0.871094 0.103284 0.874756 0.103284 0.875488 0.101165 0.875977 0.101695 0.875488 0.103284
1 0.486328 0.097458 0.486084 0.100636 0.484863 0.104343 0.485840 0.106462 0.487305 0.107521 0.487549 0.105932 0.487061 0.104873 0.487061 0.102225 0.487793 0.099576 0.487793 0.097458
1 0.939453 0.108051 0.939453 0.109640 0.940430 0.110169 0.939941 0.113877 0.942139 0.112818 0.942871 0.109640 0.946777 0.110169 0.948975 0.107521 0.948975 0.111229 0.945312 0.111229 0.943848 0.114936 0.945068 0.115996 0.945557 0.113877 0.947998 0.113877 0.948975 0.115466 0.948730 0.116525 0.944336 0.117585 0.949707 0.118644 0.949219 0.118114 0.950439 0.117055 0.950195 0.118644 0.953369 0.119174 0.953857 0.117585 0.955566 0.117585 0.956055 0.119174 0.957275 0.117585 0.959229 0.117055 0.959961 0.118114 0.959473 0.116525 0.960449 0.115996 0.959473 0.115466 0.959961 0.114936 0.958740 0.111758 0.959473 0.109640 0.962402 0.111758 0.964600 0.111758 0.965820 0.109640 0.967773 0.111758 0.971924 0.110699 0.970947 0.104873 0.967285 0.105932 0.966553 0.104343 0.966553 0.101695 0.967529 0.101165 0.967529 0.098517 0.966064 0.096398 0.963379 0.097458 0.960693 0.101695 0.958496 0.101695 0.958984 0.104343 0.957275 0.106992 0.956299 0.101695 0.954590 0.101695 0.953613 0.108581 0.952881 0.108581 0.952881 0.104873 0.952148 0.104873 0.950928 0.110169 0.950439 0.106992 0.948975 0.107521 0.949463 0.099576 0.948975 0.101695 0.948242 0.101695 0.947510 0.096398 0.946777 0.096398 0.946045 0.101695 0.945068 0.101165 0.945068 0.097458 0.944336 0.098517 0.944824 0.106462 0.943604 0.109110 0.942383 0.109110 0.941162 0.106992
1 0.932617 0.096398 0.932617 0.097987 0.933105 0.099047 0.937256 0.099047 0.937256 0.095339 0.933105 0.095339
1 0.432861 0.097458 0.433838 0.100106 0.434814 0.100636 0.435303 0.103814 0.436523 0.103814 0.437988 0.110169 0.437256 0.111758 0.437256 0.113877 0.437744 0.115466 0.438477 0.115466 0.438721 0.114407 0.437500 0.107521 0.438477 0.105403 0.439453 0.104873 0.442139 0.105932 0.444092 0.112818 0.444824 0.112818 0.446289 0.110699 0.446289 0.113347 0.447021 0.115466 0.448486 0.114936 0.448242 0.112818 0.447266 0.110169 0.447510 0.109110 0.446777 0.108051 0.445312 0.108051 0.445068 0.109110 0.444092 0.106992 0.444580 0.104343 0.444336 0.101695 0.442383 0.100636 0.442139 0.101695 0.440918 0.101695 0.440674 0.102754 0.438721 0.101695 0.437744 0.103284 0.436523 0.101165 0.436279 0.096928 0.435303 0.095339 0.434082 0.095339
1 0.371094 0.095339 0.370361 0.096398 0.370117 0.097987 0.370605 0.100636 0.370361 0.106462 0.370850 0.108051 0.372559 0.107521 0.372314 0.103284 0.372803 0.101165 0.372314 0.099576 0.372559 0.097987 0.372070 0.095869
1 0.265137 0.095339 0.264893 0.097987 0.265381 0.099047 0.265869 0.098517 0.266113 0.099576 0.267090 0.099576 0.267090 0.096398 0.266357 0.094809
1 0.178467 0.095869 0.178467 0.098517 0.179688 0.101165 0.183105 0.100106 0.184082 0.101165 0.184326 0.100636 0.184814 0.102225 0.185547 0.102754 0.187988 0.102754 0.187012 0.100636 0.186768 0.101165 0.186035 0.100106 0.184814 0.100106 0.183105 0.094809 0.179688 0.094280
1 0.193848 0.097987 0.193848 0.099047 0.195312 0.100636 0.194824 0.101695 0.195312 0.102754 0.195557 0.101695 0.195801 0.102754 0.196045 0.101695 0.196533 0.102225 0.197998 0.101165 0.199219 0.102225 0.199463 0.101165 0.198242 0.095869 0.196533 0.093750 0.195312 0.093750
1 0.931396 0.096398 0.930420 0.093220 0.925781 0.096398 0.925049 0.092691 0.920166 0.097458 0.919189 0.096928 0.919678 0.095339 0.916260 0.098517 0.915283 0.096398 0.910645 0.097458 0.911133 0.101165 0.913818 0.101165 0.913574 0.103814 0.910156 0.103814 0.907959 0.101165 0.909424 0.098517 0.906006 0.096928 0.905518 0.101695 0.903809 0.101695 0.904053 0.099576 0.902344 0.099576 0.902100 0.096928 0.899658 0.099576 0.896729 0.098517 0.894287 0.103814 0.892578 0.102754 0.890869 0.110169 0.890381 0.104873 0.888916 0.103814 0.880859 0.105932 0.882812 0.106992 0.881348 0.108051 0.882812 0.111758 0.885498 0.111758 0.882812 0.110169 0.882812 0.107521 0.889648 0.107521 0.886475 0.115466 0.883789 0.113347 0.883057 0.118644 0.881836 0.114407 0.880615 0.117585 0.879150 0.114936 0.876465 0.115466 0.874023 0.119174 0.876221 0.118114 0.881348 0.121822 0.878906 0.127119 0.878906 0.129767 0.880371 0.130297 0.878906 0.131356 0.879395 0.134004 0.884521 0.133475 0.888916 0.128178 0.906982 0.125000 0.910156 0.127119 0.913330 0.123411 0.915039 0.126589 0.915771 0.120763 0.918213 0.122352 0.917969 0.124470 0.919434 0.123941 0.918457 0.122881 0.919922 0.120763 0.918457 0.118114 0.929932 0.115996 0.930420 0.113347 0.928711 0.114407 0.927002 0.106992 0.925537 0.110169 0.926514 0.109640 0.926514 0.112288 0.923828 0.113347 0.923096 0.110699 0.925049 0.109640 0.924072 0.105932 0.925537 0.103814 0.923340 0.102754 0.921875 0.104873 0.921631 0.101695 0.927979 0.100106 0.930420 0.104343 0.929443 0.101695
1 0.960693 0.098517 0.959717 0.097987 0.959717 0.096398 0.959229 0.095869 0.959229 0.093220 0.958008 0.093220 0.957764 0.092161 0.957031 0.092161 0.956787 0.093220 0.951660 0.093220 0.951660 0.094809 0.953125 0.096398 0.953125 0.099047 0.952637 0.100106 0.953125 0.099047
1 0.473877 0.091631 0.473145 0.091631 0.472656 0.093220 0.474609 0.096398 0.474121 0.097458 0.475830 0.100106 0.475586 0.101165 0.473389 0.101695 0.472900 0.100636 0.473389 0.099576 0.470215 0.099576 0.469238 0.100106 0.468994 0.101695 0.469238 0.104343 0.470947 0.105403 0.471680 0.107521 0.471436 0.110169 0.470215 0.113347 0.470459 0.115996 0.469971 0.118114 0.470703 0.118644 0.470703 0.116525 0.471680 0.113877 0.472656 0.114407 0.473877 0.112288 0.475098 0.112818 0.475586 0.113877 0.474365 0.117055 0.473877 0.117055 0.473145 0.119174 0.472168 0.120233 0.472656 0.122352 0.473145 0.122352 0.475342 0.117585 0.480713 0.115466 0.481934 0.111758 0.482178 0.109110 0.481689 0.108051 0.479004 0.106992 0.478516 0.109110 0.477783 0.110169 0.476318 0.110699 0.474854 0.109110 0.475342 0.108581 0.475342 0.104873 0.476074 0.103284 0.476074 0.101695 0.477051 0.100636 0.476562 0.099047 0.477051 0.098517 0.477051 0.096928 0.476074 0.095339 0.475342 0.095339
1 0.405273 0.089513 0.404541 0.092161 0.403564 0.092161 0.403564 0.094809 0.402832 0.096928 0.405762 0.100636 0.405273 0.105403 0.406250 0.106462 0.409424 0.106462 0.409668 0.105932 0.408936 0.104343 0.408447 0.104343 0.408447 0.102225 0.408936 0.100636 0.410156 0.100636 0.410889 0.099047 0.410889 0.097987 0.409668 0.097987 0.408691 0.095869 0.408203 0.095869 0.407959 0.098517 0.406250 0.100636 0.405762 0.099576 0.405762 0.097987 0.404785 0.096928 0.404297 0.094809 0.404297 0.093220 0.405029 0.091631 0.406250 0.092691 0.406494 0.092161 0.406494 0.090572 0.406006 0.089513
1 0.240234 0.085275 0.240234 0.086335 0.239502 0.087924 0.240234 0.091631 0.243896 0.091102 0.244141 0.089513 0.242676 0.084746
1 0.479492 0.080508 0.479004 0.081038 0.478516 0.085275 0.478760 0.087394 0.479980 0.083686
1 0.186035 0.082097 0.186523 0.082627 0.186035 0.083686 0.186523 0.082627 0.186768 0.084216 0.188965 0.083686 0.187500 0.080508
1 0.967041 0.081038 0.966553 0.081038 0.966309 0.079449 0.964844 0.079449 0.964111 0.081568 0.962402 0.082097 0.963135 0.081568 0.963379 0.082627 0.963623 0.081568 0.963867 0.082627 0.964111 0.081568 0.964355 0.082627 0.964844 0.082097 0.964844 0.081038 0.965576 0.081038 0.965820 0.083686 0.966553 0.081568 0.966797 0.082627
1 0.499512 0.078919 0.498047 0.080508 0.498291 0.086335 0.499756 0.084746 0.500000 0.081568
1 0.409180 0.079449 0.410156 0.084216 0.411865 0.084216 0.412109 0.079979 0.411133 0.078919
1 0.414307 0.078919 0.414062 0.081038 0.415527 0.083686 0.416504 0.083686 0.417725 0.080508 0.417480 0.078919 0.416504 0.077860
1 0.198730 0.073093 0.198486 0.074153 0.199219 0.076271 0.200928 0.076271 0.199951 0.074153 0.199951 0.073093
1 0.393311 0.072564 0.391846 0.072564 0.391357 0.073093 0.391357 0.074682 0.390625 0.074153 0.390137 0.077331 0.391113 0.078390 0.392578 0.077860 0.392578 0.075212
1 0.383057 0.069915 0.382324 0.069915 0.381348 0.072034 0.381348 0.074153 0.382080 0.074153 0.383301 0.072034
1 0.312500 0.070975 0.312500 0.072564 0.313965 0.075212 0.312500 0.076801 0.313965 0.079449 0.313965 0.084216 0.313477 0.085275 0.314209 0.084216 0.314453 0.085275 0.316406 0.086864 0.316162 0.087924 0.314941 0.087924 0.314697 0.088983 0.313965 0.088983 0.313477 0.087924 0.312744 0.089513 0.312988 0.088983 0.316162 0.090572 0.316406 0.092161 0.317139 0.093220 0.317383 0.095869 0.319092 0.099576 0.319336 0.097987 0.319824 0.098517 0.319580 0.099576 0.320068 0.100636 0.319580 0.101695 0.319092 0.101165 0.318848 0.102225 0.319336 0.103284 0.319336 0.106462 0.320068 0.106992 0.321045 0.109640 0.321777 0.109640 0.321777 0.112288 0.322754 0.114407 0.322266 0.117585 0.323242 0.118644 0.323242 0.120763 0.323730 0.122352 0.324463 0.120233 0.324707 0.123411 0.325928 0.125530 0.326416 0.124470 0.326172 0.119174 0.326660 0.118114 0.326660 0.108051 0.325928 0.103814 0.326660 0.103284 0.326660 0.101695 0.325928 0.101165 0.325928 0.097458 0.326416 0.096928 0.326904 0.093220 0.325928 0.092691 0.326416 0.091102 0.325684 0.091631 0.324951 0.090042 0.326660 0.087394 0.326904 0.085275 0.324463 0.084746 0.323730 0.082097 0.324463 0.086335 0.323730 0.088453 0.322021 0.090042 0.321045 0.087394 0.321045 0.085805 0.321533 0.084746 0.321045 0.085275 0.319336 0.083686 0.318115 0.081038 0.318359 0.079979 0.316650 0.074153 0.315918 0.075212 0.314209 0.071504 0.314209 0.069915 0.313965 0.070975 0.313721 0.069915 0.313477 0.070975
1 0.440430 0.068326 0.440430 0.070445 0.441162 0.071504 0.442627 0.071504 0.443359 0.074682 0.445068 0.075212 0.446045 0.076801 0.447510 0.076271 0.447754 0.075212 0.447510 0.072564 0.443359 0.065678 0.441406 0.066208
1 0.253662 0.064089 0.253906 0.065148 0.255371 0.066208 0.255859 0.067267 0.255615 0.068326 0.256348 0.069915 0.256348 0.067797 0.258057 0.066208 0.257080 0.065148 0.255615 0.065148 0.255371 0.064089 0.255127 0.064619 0.254395 0.063559
1 0.205322 0.064089 0.204590 0.065678 0.204834 0.068856 0.205566 0.070445 0.206299 0.070445 0.206787 0.072564 0.208008 0.072034 0.207764 0.065148 0.207031 0.063559
1 0.399170 0.063030 0.398193 0.065148 0.397705 0.064619 0.397461 0.065678 0.395996 0.066208 0.395508 0.067797 0.395020 0.067797 0.395264 0.070975 0.395996 0.072564 0.397217 0.073623 0.397949 0.073093 0.396973 0.069386 0.398438 0.066737 0.399414 0.066737 0.399902 0.065678 0.399902 0.064619
1 0.343994 0.064089 0.342773 0.063030 0.342041 0.063030 0.341797 0.064089 0.341309 0.063559 0.340576 0.065678 0.340576 0.067267 0.340088 0.067797 0.339844 0.070445 0.340820 0.068326 0.343018 0.066208 0.343506 0.067267 0.343262 0.069915 0.343750 0.070975 0.344238 0.068856
1 0.190918 0.065148 0.191895 0.070445 0.192627 0.070975 0.193359 0.073093 0.193359 0.071504 0.194580 0.071504 0.194824 0.072564 0.196777 0.069386 0.197754 0.068856 0.197754 0.067267 0.197266 0.066208 0.195801 0.065148 0.195557 0.065678 0.194336 0.063559 0.193604 0.064089 0.192871 0.063030 0.191406 0.063030
1 0.405273 0.061970 0.405273 0.063030 0.407715 0.067267 0.408691 0.065678 0.408447 0.062500 0.407471 0.061441
1 0.305664 0.061441 0.304688 0.062500 0.304199 0.066737 0.304932 0.067267 0.305176 0.065148 0.305908 0.063559 0.306152 0.064089 0.306152 0.062500
1 0.380371 0.060381 0.380127 0.061441 0.380371 0.063559 0.380859 0.064089 0.380859 0.066208 0.381348 0.067267 0.382324 0.067267 0.382324 0.062500
1 0.990723 0.061441 0.991211 0.067267 0.990234 0.068326 0.991211 0.070445 0.989746 0.070975 0.989746 0.072564 0.990479 0.072564 0.991699 0.074682 0.992188 0.073623 0.992920 0.073623 0.993652 0.075212 0.994141 0.078919 0.995361 0.078919 0.995605 0.079979 0.996094 0.077860 0.997803 0.077860 0.998535 0.075742 0.999756 0.075742 0.999512 0.072564 0.998047 0.072564 0.995117 0.069386 0.992920 0.062500 0.991943 0.061970 0.991699 0.059322
1 0.967773 0.071504 0.972412 0.069915 0.972900 0.068856 0.975098 0.067797 0.980225 0.068326 0.980469 0.071504 0.981201 0.071504 0.981201 0.069915 0.982178 0.069386 0.981689 0.068326 0.982178 0.067267 0.983643 0.067267 0.983887 0.068326 0.982910 0.069386 0.984131 0.069386 0.984375 0.070445 0.983398 0.070975 0.983398 0.072564 0.984131 0.072564 0.984375 0.073623 0.985596 0.073623 0.985107 0.072034 0.986084 0.071504 0.986328 0.070445 0.987061 0.070445 0.987061 0.068856 0.986572 0.069915 0.985840 0.069915 0.985107 0.067797 0.986572 0.067267 0.986816 0.065148 0.988037 0.065148 0.988037 0.062500 0.987305 0.062500 0.987061 0.063559 0.984375 0.063559 0.984375 0.067267 0.983887 0.067797 0.983643 0.065678 0.983154 0.064619 0.982422 0.064619 0.982178 0.062500 0.981445 0.062500 0.980713 0.060911 0.980713 0.059322 0.980469 0.064089 0.979736 0.065678 0.979248 0.065148 0.979736 0.064089 0.979248 0.063030 0.979248 0.059322 0.978027 0.059322 0.976562 0.062500 0.976318 0.059322 0.975098 0.059322 0.975098 0.061970 0.974121 0.062500 0.973877 0.064089 0.973389 0.063559 0.972656 0.064619 0.972412 0.062500 0.970703 0.062500 0.970215 0.063559 0.970703 0.065148 0.969238 0.066737 0.969727 0.068326 0.968506 0.069386
1 0.432617 0.058792 0.432129 0.059852 0.432373 0.061441 0.433594 0.063559 0.434326 0.063030 0.434814 0.064089 0.434570 0.065678 0.435303 0.067267 0.437500 0.065148 0.438965 0.062500 0.437988 0.061441 0.437744 0.062500 0.436768 0.062500 0.436768 0.060381 0.436279 0.061441 0.436279 0.059322 0.435303 0.057203 0.434814 0.058263
1 0.752197 0.056674 0.751465 0.056674 0.750244 0.058792 0.750488 0.060911 0.751465 0.063559 0.751465 0.065148 0.752686 0.063559 0.752686 0.061970 0.753418 0.061970 0.752686 0.060381 0.752930 0.057733
1 0.762207 0.056144 0.762695 0.057203 0.762207 0.057733 0.762451 0.060911 0.763672 0.061441 0.764160 0.060381 0.764160 0.057733 0.763184 0.056144 0.762695 0.057203
1 0.385742 0.057203 0.385986 0.059322 0.386719 0.060381 0.387939 0.060381 0.388672 0.058792 0.390381 0.059322 0.390137 0.060911 0.388916 0.059852 0.388428 0.061441 0.389160 0.064089 0.387695 0.067267 0.390137 0.067797 0.391846 0.066737 0.391846 0.061970 0.391113 0.059322 0.389648 0.058263 0.388916 0.056144 0.388184 0.056144 0.387939 0.055085 0.386719 0.055085 0.386719 0.056674
1 0.926025 0.054555 0.925049 0.055085 0.924316 0.057203 0.924316 0.061970 0.925049 0.061970 0.926514 0.059852 0.926758 0.056144
1 0.444092 0.053496 0.443359 0.054555 0.443604 0.055614 0.442871 0.057733 0.442871 0.059852 0.443848 0.060381 0.444092 0.059322
1 0.288574 0.054025 0.288086 0.059852 0.288818 0.059852 0.289062 0.060911 0.290039 0.061441 0.291260 0.060381 0.291748 0.058792 0.291748 0.056144 0.290527 0.054555 0.290283 0.055085 0.289795 0.053496
1 0.754150 0.054555 0.754639 0.056144 0.754395 0.058263 0.754883 0.060911 0.757080 0.058792 0.757812 0.060381 0.757812 0.061441 0.759766 0.062500 0.760254 0.063559 0.760010 0.064089 0.760742 0.063030 0.760254 0.061441 0.760498 0.057203 0.760010 0.057203 0.759521 0.055085 0.759033 0.056144 0.758301 0.056144 0.757812 0.058263 0.757324 0.057203 0.757080 0.058263 0.756592 0.056674 0.756836 0.055085 0.755859 0.052966 0.755615 0.054555 0.755371 0.053496 0.755127 0.054555
1 0.321777 0.048199 0.321533 0.050318 0.322266 0.051377 0.322510 0.052966 0.323242 0.052966 0.324219 0.050318 0.324219 0.048729 0.323730 0.047669
1 0.380859 0.045021 0.380859 0.047140 0.381348 0.048199 0.380127 0.049788 0.379395 0.049788 0.379150 0.050847 0.379639 0.051377 0.380615 0.048729 0.381348 0.048729 0.382080 0.050318 0.382080 0.053496 0.382568 0.052436 0.383545 0.054555 0.382568 0.052436 0.382568 0.050847 0.383057 0.050318 0.383057 0.051377 0.384033 0.049788 0.382812 0.049788 0.382568 0.047140
1 0.285645 0.045021 0.285156 0.046610 0.285400 0.048199 0.287109 0.052966 0.286865 0.050318 0.286377 0.049258 0.286621 0.047140 0.286133 0.045021
1 0.383057 0.046610 0.384033 0.046610 0.384277 0.047669 0.384766 0.046610 0.384766 0.047669 0.385254 0.048199 0.384521 0.049258 0.385742 0.048729 0.386230 0.049788 0.385986 0.050318 0.387451 0.049258 0.387695 0.050318 0.388672 0.050847 0.388672 0.052436 0.389893 0.052436 0.388428 0.049258 0.386475 0.048729 0.387451 0.047140 0.387695 0.047669 0.386719 0.043432
1 0.366699 0.043432 0.366699 0.048199 0.365967 0.049788 0.365723 0.051907 0.365967 0.053496 0.366699 0.052436 0.366943 0.050318 0.368408 0.049788 0.368652 0.048199 0.368164 0.047669 0.368164 0.046081 0.367920 0.047140 0.367432 0.044492
1 0.409180 0.042373 0.409180 0.045021 0.408691 0.045551 0.409180 0.046081 0.409180 0.049788 0.410400 0.049258 0.410645 0.045021
1 0.440186 0.039725 0.439453 0.041843 0.439453 0.048199 0.439697 0.049258 0.440918 0.049258 0.441406 0.047669 0.441162 0.046081 0.440430 0.045551
1 0.326660 0.035487 0.326904 0.036017 0.326416 0.037606 0.326904 0.042903 0.327637 0.044492 0.328125 0.043962 0.329102 0.045021 0.329590 0.042903 0.328613 0.041314 0.328125 0.038136 0.328613 0.037606 0.328125 0.037076 0.328125 0.036017
1 0.376465 0.033369 0.373779 0.033898 0.373047 0.035487 0.373047 0.037606 0.374023 0.039725 0.373779 0.040254 0.374756 0.039195 0.374756 0.037076 0.374268 0.036017 0.375244 0.035487 0.375488 0.034428 0.376465 0.035487
1 0.398926 0.031780 0.397217 0.031780 0.395996 0.036547 0.396729 0.038136 0.399658 0.034428
1 0.295410 0.031780 0.295898 0.033369 0.296875 0.034428 0.298096 0.033898 0.298096 0.031780 0.297607 0.030720 0.296387 0.030720
1 0.256348 0.035487 0.256592 0.037076 0.257812 0.038665 0.258545 0.038665 0.260254 0.036547 0.260742 0.040254 0.261230 0.041314 0.262939 0.041314 0.261963 0.033369 0.261230 0.032839 0.259521 0.029131 0.259033 0.030720 0.258057 0.030720 0.258301 0.033369 0.257568 0.034958
1 0.591553 0.027542 0.590576 0.027013 0.589355 0.028602 0.589355 0.031780 0.589844 0.033369 0.590332 0.032839 0.590576 0.030720 0.591797 0.029661
1 0.394043 0.026483 0.393311 0.031780 0.390869 0.032839 0.389893 0.033898 0.389648 0.036017 0.388428 0.037076 0.388916 0.040784 0.389893 0.042903 0.393311 0.045551 0.392090 0.044492 0.393311 0.042373 0.392578 0.039725 0.391846 0.040254 0.391357 0.039195 0.390869 0.036547 0.391357 0.035487 0.392334 0.035487 0.392578 0.036547 0.393066 0.034958 0.393799 0.036547 0.393799 0.037606 0.393311 0.033898 0.392334 0.033369 0.393311 0.032309 0.393799 0.030720
1 0.686035 0.025953 0.686035 0.028072 0.686768 0.028072 0.687256 0.027013 0.687744 0.028602 0.686279 0.030191 0.686523 0.031250 0.686035 0.032309 0.686035 0.033369 0.687500 0.035487 0.687744 0.030191 0.687256 0.030720 0.687012 0.029661 0.687988 0.028602 0.687256 0.026483
1 0.374756 0.025953 0.375000 0.028602 0.374512 0.028602 0.374756 0.030191 0.374268 0.030720 0.375488 0.032309 0.375977 0.030720 0.376465 0.030720 0.375732 0.027542
1 0.692627 0.028072 0.693115 0.029131 0.694824 0.029661 0.695557 0.028072 0.694092 0.025953 0.692871 0.025424
1 0.321289 0.021186 0.321777 0.024364 0.322998 0.024364 0.323975 0.023305 0.323730 0.021186 0.322998 0.021716 0.322021 0.020127
1 0.253662 0.019597 0.254395 0.022775 0.255615 0.024894 0.256348 0.024894 0.256104 0.020127 0.255127 0.020657
1 0.379150 0.019068 0.378906 0.019597 0.379883 0.020127 0.381104 0.027542 0.381104 0.034958 0.380615 0.039195 0.382568 0.041843 0.382080 0.040784 0.381836 0.037606 0.382080 0.032839 0.381348 0.027542 0.380371 0.023835 0.380615 0.021716 0.381348 0.021716 0.382080 0.024894 0.382568 0.022775 0.381836 0.022775 0.381592 0.021186 0.381348 0.021716
1 0.354248 0.019068 0.354492 0.020657 0.356201 0.022246 0.356934 0.023835 0.357666 0.023835 0.358887 0.026483 0.359375 0.025953 0.359619 0.023835 0.361816 0.026483 0.361816 0.028072 0.360352 0.030191 0.360107 0.031780 0.361084 0.038665 0.362305 0.039195 0.364502 0.036017 0.364746 0.034428 0.364014 0.032309 0.364990 0.028602 0.364746 0.028072 0.365967 0.024894 0.365967 0.022775 0.365234 0.021186 0.364014 0.021716 0.363281 0.020657 0.362305 0.021186 0.361572 0.019597 0.359863 0.019597 0.358643 0.022775 0.356445 0.020127 0.355469 0.018008
1 0.279785 0.015890 0.279785 0.016949 0.280762 0.019068 0.280762 0.020657 0.279785 0.022246 0.279785 0.024894 0.281250 0.026483 0.282959 0.022775 0.284912 0.026483 0.287109 0.024894 0.286377 0.023835 0.286377 0.022246 0.284424 0.020657 0.282715 0.015890 0.281738 0.017479
1 0.686768 0.014831 0.685547 0.015890 0.685547 0.020657 0.684570 0.022775 0.681396 0.022775 0.681396 0.029131 0.680176 0.033898 0.680908 0.034958 0.681641 0.034428 0.682129 0.028602 0.685303 0.023305 0.685547 0.024894 0.686035 0.024894 0.685303 0.022775 0.686768 0.021186 0.687256 0.015890
1 0.257568 0.014831 0.257324 0.015890 0.258301 0.017479 0.258301 0.018538 0.260010 0.021186 0.259521 0.018538 0.260010 0.015890 0.259521 0.016949 0.258789 0.015360 0.258301 0.015890
1 0.207764 0.014831 0.206543 0.017479 0.206543 0.019068 0.208740 0.020127 0.208252 0.019597 0.209229 0.016949 0.208252 0.014831
1 0.386230 0.012712 0.384277 0.014831 0.384277 0.015890 0.385010 0.016949 0.384766 0.019597 0.384277 0.020127 0.384277 0.022775 0.383545 0.023305 0.384277 0.027013 0.385254 0.027013 0.384277 0.022775 0.384277 0.021716 0.384766 0.021186 0.385498 0.024364 0.385254 0.016419 0.385986 0.015890 0.386719 0.018008 0.386719 0.016949 0.386230 0.016419
1 0.276367 0.011123 0.276367 0.016419 0.275391 0.017479 0.275391 0.024364 0.276123 0.025424 0.278809 0.025953 0.277100 0.022775 0.277100 0.020127 0.278076 0.018008 0.277344 0.017479 0.277344 0.019068 0.276855 0.020127 0.276367 0.018008 0.276611 0.016419 0.277100 0.016419 0.277832 0.014301 0.278564 0.013771 0.277588 0.013242
1 0.341064 0.009534 0.340088 0.012712 0.339600 0.011653 0.339111 0.012712 0.338623 0.016949 0.339111 0.020657 0.337646 0.022246 0.337402 0.024894 0.337891 0.025953 0.336914 0.025953 0.334717 0.034428 0.333984 0.040784 0.333008 0.042903 0.333008 0.045021 0.333984 0.047669 0.333008 0.048729 0.333008 0.052436 0.331787 0.052436 0.332275 0.049788 0.331299 0.047140 0.332031 0.044492 0.331543 0.048199 0.328857 0.051907 0.330078 0.051377 0.330811 0.052966 0.329834 0.061970 0.329346 0.063030 0.328369 0.060911 0.327637 0.052966 0.326416 0.055085 0.326904 0.058792 0.324463 0.061441 0.327881 0.066208 0.329102 0.073093 0.327881 0.081038 0.325684 0.083157 0.328857 0.082097 0.330322 0.085805 0.330322 0.082627 0.329346 0.082097 0.330322 0.078919 0.331543 0.078919 0.332031 0.081038 0.333008 0.081038 0.331543 0.077860 0.332031 0.066737 0.333008 0.064089 0.334717 0.062500 0.334229 0.061970 0.334717 0.056674 0.335205 0.055614 0.336426 0.056674 0.335449 0.055614 0.335449 0.052966 0.334229 0.051377 0.333740 0.048729 0.334473 0.048199 0.333740 0.045551 0.334473 0.042903 0.335205 0.042903 0.335449 0.044492 0.335693 0.042373 0.334717 0.041843 0.335449 0.038665 0.335693 0.040784 0.336914 0.039195 0.335205 0.037606 0.337646 0.036547 0.336670 0.033898 0.337646 0.033369 0.338623 0.023305 0.339600 0.020657 0.339111 0.016419 0.339844 0.016949 0.339844 0.019068 0.340332 0.017479 0.340088 0.015890 0.341064 0.012712
1 0.326904 0.007945 0.327148 0.013771 0.328613 0.014831 0.328857 0.014301 0.329102 0.015360 0.329590 0.015360 0.329346 0.009534
1 0.927734 0.007415 0.927246 0.007415 0.927246 0.009004 0.926758 0.010064 0.926758 0.013242 0.928223 0.012182
1 0.381104 0.007415 0.381104 0.015890 0.381592 0.018538 0.382568 0.019068 0.383057 0.018538 0.382568 0.017479 0.382568 0.007415 0.382080 0.009534 0.382324 0.010064 0.381592 0.012182
1 0.235352 0.007415 0.235352 0.011653 0.235840 0.013242 0.238037 0.014831 0.238281 0.013242 0.239502 0.013242 0.239258 0.011123 0.238281 0.009534 0.238525 0.007415 0.237793 0.007945 0.237549 0.006886 0.236328 0.005826
1 0.200439 0.009004 0.200439 0.010593 0.201660 0.012712 0.202148 0.011653 0.202637 0.012182 0.203369 0.011123 0.204102 0.012182 0.206299 0.011653 0.205566 0.009004 0.204834 0.008475 0.204102 0.006356 0.202637 0.005826
1 0.187500 0.007945 0.187744 0.010593 0.189941 0.010593 0.190430 0.011653 0.191406 0.011653 0.192383 0.007415 0.191162 0.004767 0.189453 0.004767 0.188721 0.005826 0.188721 0.006886
1 0.361328 0.002119 0.360107 0.004237 0.359375 0.004237 0.359131 0.006356 0.359375 0.011653 0.360596 0.013242 0.361328 0.011123 0.360840 0.008475 0.361816 0.006886 0.361572 0.004237 0.362549 0.003708 0.363037 0.004767
1 0.274414 0.001059 0.274170 0.002648 0.274658 0.004767 0.276123 0.004237 0.277100 0.005826 0.277832 0.005297 0.277100 0.003178 0.275879 0.003178 0.274902 0.001059
1 0.429932 0.000000 0.428467 0.000000 0.427979 0.001589 0.427490 0.001059 0.426025 0.005297 0.426270 0.005826 0.428223 0.003178 0.429932 0.003178
1 0.402344 0.012712 0.404053 0.014831 0.404785 0.014831 0.404053 0.012182 0.405518 0.008475 0.410400 0.008475 0.410400 0.013242 0.411133 0.016419 0.410645 0.018008 0.411133 0.023835 0.412598 0.024364 0.414307 0.019597 0.416748 0.016419 0.418213 0.015890 0.417480 0.012182 0.416016 0.011653 0.414795 0.009004 0.415283 0.006886 0.416748 0.005826 0.417969 0.007945 0.419922 0.008475 0.421631 0.004237 0.423096 0.002648 0.424805 0.004237 0.424805 0.002648 0.425537 0.000000 0.402344 0.000000
1 0.392578 0.000000 0.394775 0.004767 0.396973 0.004767 0.399170 0.006356 0.398438 0.009004 0.398438 0.010593 0.400146 0.007945 0.401123 0.003708 0.401123 0.002119 0.401611 0.001589 0.401611 0.000000
1 0.306152 0.003178 0.306641 0.004237 0.306641 0.006886 0.307617 0.007945 0.309082 0.006886 0.309326 0.004237 0.310059 0.002648 0.311523 0.003708 0.312012 0.007415 0.312744 0.007415 0.313965 0.004767 0.315918 0.004237 0.316406 0.001589 0.317139 0.000530 0.317383 0.002648 0.318848 0.005297 0.320068 0.011123 0.318359 0.015360 0.319336 0.016419 0.321289 0.011123 0.322510 0.010064 0.322754 0.010593 0.323730 0.009004 0.323730 0.007415 0.322510 0.006356 0.321533 0.003708 0.321533 0.002119 0.322021 0.001589 0.321533 0.001059 0.321777 0.000000 0.320801 0.000000 0.320557 0.005826 0.320068 0.005297 0.319824 0.003178 0.319336 0.003178 0.319092 0.004237 0.317627 0.001059 0.318115 0.000000 0.307129 0.000000 0.307129 0.002648
1 0.294922 0.000000 0.294189 0.002119 0.295898 0.002119 0.296875 0.004237 0.297607 0.007945 0.297607 0.010064 0.298096 0.010593 0.298584 0.013242 0.298584 0.016419 0.299316 0.017479 0.298828 0.018008 0.298340 0.022775 0.298828 0.023305 0.299316 0.027542 0.298828 0.028602 0.298828 0.034428 0.299805 0.036547 0.298828 0.038665 0.304932 0.050318 0.305420 0.050318 0.306885 0.055614 0.307861 0.054555 0.306885 0.050847 0.308350 0.050847 0.308594 0.054555 0.309570 0.054555 0.310059 0.055614 0.310059 0.057733 0.308594 0.058792 0.310303 0.058792 0.311279 0.060911 0.311523 0.059322 0.310791 0.059322 0.311035 0.055614 0.309326 0.051377 0.308105 0.044492 0.307373 0.042903 0.307129 0.039725 0.305176 0.029661 0.305420 0.026483 0.305908 0.025424 0.306152 0.026483 0.307129 0.024364 0.306152 0.021186 0.305176 0.021186 0.305176 0.024364 0.304688 0.024364 0.304443 0.020657 0.303467 0.019597 0.303467 0.017479 0.302490 0.015890 0.302490 0.011653 0.301514 0.009534 0.300537 0.009004 0.301514 0.007945 0.301270 0.000000
1 0.262939 0.000000 0.263672 0.003178 0.263916 0.002648 0.263428 0.001589 0.264404 0.000000 0.264648 0.001059 0.264893 0.000000 0.266602 0.001589 0.268066 0.005826 0.271240 0.005826 0.271240 0.004237 0.269287 0.000000
2 0.702881 0.840572 0.701172 0.845339 0.702393 0.848517 0.712158 0.853284 0.718750 0.872352 0.719727 0.882945 0.714111 0.894068 0.718018 0.914195 0.720703 0.918432 0.731201 0.921081 0.736084 0.934852 0.739014 0.952860 0.730469 0.965042 0.735107 0.980932 0.736572 0.990996 0.740234 0.993114 0.753662 0.993114 0.755127 0.985169 0.758057 0.984110 0.754883 0.981992 0.754639 0.970869 0.750488 0.951801 0.751465 0.942797 0.750732 0.934322 0.752686 0.929025 0.751221 0.921610 0.751709 0.916314 0.750732 0.914725 0.751709 0.909958 0.748291 0.907309 0.747314 0.901483 0.744385 0.898305 0.743164 0.890360 0.743408 0.872881 0.748291 0.859110 0.743896 0.830508 0.744873 0.824682 0.748291 0.817797 0.744873 0.815148 0.738525 0.817267 0.735840 0.822564 0.732178 0.824153 0.728271 0.829449 0.712891 0.831038
2 0.747314 0.824682 0.746094 0.849047 0.747803 0.856992 0.743408 0.868644 0.743164 0.904131 0.750000 0.924788 0.748291 0.935381 0.750488 0.942267 0.750488 0.953390 0.755615 0.973517 0.755127 0.985169 0.765625 0.987818 0.770508 0.995233 0.786865 0.996822 0.788086 0.989936 0.784668 0.977225 0.786377 0.974576 0.791504 0.984110 0.793701 0.995763 0.811279 0.999470 0.860840 0.997352 0.870117 0.994703 0.873779 0.988347 0.868408 0.953390 0.869385 0.943856 0.855225 0.926377 0.852295 0.918432 0.856689 0.914195 0.858154 0.907839 0.854004 0.894068 0.848145 0.883475 0.850098 0.872881 0.833252 0.863877 0.829590 0.841631 0.816406 0.813559 0.815186 0.803496 0.803955 0.792373 0.789551 0.792903 0.779297 0.788665 0.758057 0.806674
2 0.878418 0.942267 0.880859 0.956568 0.889893 0.972987 0.891113 0.977225 0.891357 0.988347 0.889893 0.993644 0.889893 0.999470 0.917236 0.999470 0.917725 0.997352 0.918701 0.997352 0.918945 0.999470 0.951904 0.999470 0.956055 0.990466 0.956543 0.984110 0.954346 0.980403 0.946045 0.979343 0.936279 0.957097 0.927734 0.947564 0.921875 0.938030 0.909424 0.932733 0.902832 0.925847 0.900391 0.921081 0.897705 0.919492 0.892090 0.920551 0.891357 0.922140 0.891113 0.932203 0.890381 0.934322 0.883301 0.935911 0.880127 0.938559
2 0.999756 0.337924 0.998291 0.337924 0.995361 0.332097 0.989746 0.329449 0.988525 0.324682 0.987061 0.323623 0.979004 0.331568 0.975586 0.338983 0.973877 0.347458 0.966797 0.343220 0.962158 0.343220 0.952881 0.350636 0.951416 0.354873 0.951660 0.357521 0.957764 0.365996 0.953613 0.376589 0.952881 0.391949 0.943848 0.396716 0.942627 0.400424 0.941895 0.411547 0.935547 0.420551 0.933594 0.428496 0.937012 0.432733 0.940186 0.440148 0.945068 0.443856 0.948242 0.456568 0.952148 0.461864 0.957275 0.459746 0.966797 0.440678 0.970459 0.450742 0.975586 0.458157 0.980713 0.462394 0.994629 0.461864 0.997070 0.456038 0.999756 0.455508
2 0.996094 0.268538 0.996338 0.271716 0.998047 0.274364 0.999756 0.274364 0.999756 0.266949 0.997314 0.266949
2 0.998291 0.255826 0.997559 0.258475 0.998291 0.261123 0.999756 0.261123 0.999756 0.255826
2 0.986572 0.218750 0.986084 0.217161 0.984131 0.217161 0.982666 0.219280 0.980469 0.220339 0.985107 0.220869 0.986328 0.220339
