0 0.715820 0.522246 0.715576 0.522775 0.717529 0.526483 0.719482 0.532309 0.719727 0.527542 0.718994 0.524364 0.717285 0.522246
0 0.000000 0.000000 0.000000 0.671081 0.011719 0.702331 0.032471 0.683792 0.028564 0.724047 0.054932 0.783369 0.122803 0.752648 0.117676 0.775953 0.129883 0.782839 0.101807 0.818856 0.110352 0.882945 0.171143 0.889301 0.185547 0.970339 0.222656 0.969809 0.235352 0.999470 0.980957 0.999470 0.976318 0.961335 0.999756 0.957097 0.999756 0.923199 0.974121 0.877648 0.999756 0.814619 0.915039 0.831568 0.849121 0.761653 0.793457 0.777542 0.797119 0.687500 0.751221 0.634534 0.762207 0.609110 0.755859 0.566737 0.712646 0.533898 0.711182 0.473517 0.735840 0.459746 0.736816 0.400424 0.656494 0.421081 0.627686 0.334216 0.651855 0.279131 0.645752 0.155720 0.687012 0.042903 0.678223 0.000000 0.570557 0.074153 0.556396 0.164725 0.529297 0.101695 0.509033 0.103814 0.475830 0.000000 0.442139 0.000000 0.434814 0.117055 0.394287 0.000000 0.098877 0.000000 0.091797 0.021716
1 0.923340 0.992585 0.923584 0.993644 0.922852 0.994703 0.922852 0.996822 0.925293 0.999470 0.924561 0.996822 0.924561 0.993644 0.923828 0.993644
1 0.331543 0.985169 0.331055 0.987288 0.331543 0.990996 0.332031 0.991525 0.331787 0.998941 0.336670 0.999470 0.336670 0.995233 0.335449 0.993114 0.335205 0.994174 0.334961 0.993114 0.333740 0.993114 0.335449 0.987818 0.334229 0.987818 0.333252 0.990466 0.332275 0.990466 0.331787 0.988877
1 0.504150 0.997352 0.504395 0.999470 0.506104 0.997881 0.506836 0.998411 0.506348 0.999470 0.507324 0.999470 0.507324 0.996292 0.508057 0.998411 0.507812 0.999470 0.508545 0.999470 0.508789 0.998411 0.509277 0.999470 0.520020 0.999470 0.520020 0.996822 0.519287 0.994703 0.517578 0.995763 0.517090 0.997352 0.516602 0.997352 0.516357 0.999470 0.515137 0.996822 0.515869 0.995763 0.515869 0.994174 0.515137 0.995233 0.515625 0.995233 0.515625 0.996292 0.514648 0.995763 0.513916 0.992585 0.513184 0.991525 0.513428 0.990466 0.513916 0.990996 0.513916 0.988877 0.511963 0.984640 0.511963 0.983581 0.511963 0.987818 0.510986 0.989936 0.510986 0.992055 0.510254 0.993114 0.510254 0.995763 0.508789 0.996822 0.508789 0.995763 0.508301 0.995763 0.508057 0.994703 0.506836 0.994703 0.506104 0.995763 0.504639 0.995763 0.504639 0.996822
1 0.532715 0.980932 0.531982 0.983581 0.532715 0.986758 0.532715 0.990996 0.533447 0.993114 0.534668 0.994174 0.536377 0.994174 0.538574 0.992055 0.539062 0.992585 0.538818 0.990996 0.537354 0.988347 0.534912 0.988877 0.534180 0.987288 0.533447 0.980932
1 0.963867 0.978284 0.964844 0.983581 0.966064 0.985169 0.968262 0.989936 0.968262 0.990996 0.969238 0.992055 0.969971 0.999470 0.973877 0.999470 0.973877 0.998411 0.972656 0.995763 0.972412 0.993644 0.970947 0.992585 0.969238 0.987288 0.967041 0.983581 0.965820 0.982521
1 0.451416 0.975636 0.449707 0.975636 0.449463 0.976695 0.448975 0.975636 0.447754 0.975636 0.448975 0.976165 0.449219 0.977225 0.447510 0.980932 0.447021 0.980403 0.447021 0.978814 0.446533 0.979873 0.445312 0.979873 0.444580 0.981992 0.444092 0.981462 0.444336 0.981992 0.443359 0.983051 0.443115 0.985169 0.442139 0.984110 0.442139 0.981992 0.444580 0.979873 0.443359 0.978284 0.442627 0.980932 0.440918 0.981992 0.438965 0.987288 0.438477 0.986758 0.438721 0.985169 0.437500 0.985169 0.437256 0.986229 0.435059 0.985169 0.434814 0.983051 0.434326 0.983051 0.434814 0.979873 0.433350 0.982521 0.433838 0.984110 0.434326 0.983051 0.434814 0.984110 0.434082 0.985169 0.433105 0.985169 0.432861 0.984110 0.432129 0.985169 0.431885 0.983581 0.429688 0.984110 0.427979 0.985699 0.426758 0.988877 0.428711 0.990996 0.430664 0.988347 0.430420 0.987288 0.431641 0.984110 0.432617 0.986229 0.432373 0.986758 0.433594 0.987818 0.433350 0.990466 0.432617 0.989407 0.431641 0.990996 0.432861 0.989936 0.433105 0.991525 0.431396 0.993644 0.428711 0.993644 0.426514 0.996822 0.425781 0.996822 0.425537 0.995763 0.424316 0.999470 0.437744 0.999470 0.437988 0.998411 0.439209 0.999470 0.439941 0.997352 0.441895 0.997352 0.443848 0.993644 0.445068 0.994174 0.443115 0.990996 0.443115 0.989407 0.443848 0.987818 0.445068 0.987818 0.447266 0.985169 0.446777 0.984640 0.447998 0.982521 0.447998 0.979873 0.448730 0.978284 0.449219 0.978814 0.449463 0.981992 0.449463 0.979873
1 0.872803 0.977225 0.876221 0.981992 0.877686 0.982521 0.878906 0.984640 0.881104 0.985699 0.882080 0.987818 0.883789 0.986758 0.883545 0.986229 0.884521 0.984110 0.884033 0.979873 0.883057 0.979343 0.882324 0.977754 0.880859 0.977225 0.879639 0.975106 0.878906 0.975106 0.878662 0.976695 0.877441 0.976695 0.877197 0.975636 0.875000 0.977225
1 0.276611 0.975106 0.275146 0.976695 0.274414 0.979873 0.273926 0.979343 0.275146 0.979343 0.275391 0.980932 0.274902 0.981462 0.275391 0.982521 0.275391 0.980403 0.276855 0.976165
1 0.784912 0.977225 0.783936 0.976165 0.783936 0.974576 0.782715 0.974576 0.782471 0.975636 0.781250 0.975636 0.781250 0.977225 0.780518 0.977754 0.780518 0.978814 0.781494 0.979873 0.781494 0.978814 0.784668 0.978284
1 0.470947 0.971928 0.470459 0.972458 0.470459 0.975636 0.469727 0.978284 0.469727 0.982521 0.470459 0.982521 0.469971 0.980932 0.469971 0.979343 0.471191 0.977754 0.471924 0.978814 0.471436 0.977225 0.471436 0.972458
1 0.913086 0.967161 0.913574 0.968750 0.914551 0.968750 0.915527 0.971398 0.916504 0.971928 0.918945 0.975636 0.917236 0.972458 0.917725 0.971928 0.917480 0.970869 0.916016 0.969280 0.915283 0.969809 0.915039 0.968750 0.914062 0.968750 0.913574 0.967161
1 0.799316 0.966102 0.799316 0.968750 0.799805 0.969280 0.799805 0.970869 0.799316 0.971398 0.799316 0.973517 0.797852 0.975636 0.797852 0.977754 0.797363 0.978284 0.797852 0.978814 0.797852 0.981462 0.800049 0.983051 0.801270 0.985699 0.802490 0.985699 0.802490 0.984110 0.803223 0.982521 0.802979 0.980932 0.805176 0.979343 0.805908 0.976695 0.805176 0.976695 0.804932 0.974576 0.805908 0.974047 0.806396 0.972458 0.805908 0.972458 0.804443 0.968750 0.804199 0.966102 0.802734 0.966102 0.802246 0.965042 0.801514 0.965042 0.801025 0.966631
1 0.789307 0.966102 0.788818 0.965042 0.788086 0.965042 0.787354 0.966631 0.786377 0.966102 0.786133 0.967161 0.785156 0.966102 0.785156 0.968750 0.784180 0.969280 0.783691 0.971398 0.784912 0.973517 0.784912 0.969280 0.785645 0.967691 0.787354 0.966631 0.787598 0.967691 0.788330 0.967691 0.788818 0.968750
1 0.451660 0.968750 0.450439 0.968750 0.449463 0.970339 0.449219 0.969809 0.450439 0.966631 0.450928 0.967691 0.449463 0.964513 0.449219 0.966102 0.449707 0.968750 0.449463 0.969280 0.448975 0.968220 0.448242 0.968220 0.447266 0.969280 0.447266 0.971928 0.446289 0.974047 0.447754 0.974047 0.448730 0.970869 0.450439 0.970869 0.450684 0.972987 0.450195 0.973517 0.450195 0.974576 0.450928 0.972987 0.450928 0.971398 0.451660 0.970339 0.451172 0.969809
1 0.226074 0.967161 0.225342 0.966102 0.225342 0.964513 0.223877 0.968220 0.222900 0.968220 0.221924 0.969809 0.225098 0.971928 0.224854 0.970869 0.225586 0.970339
1 0.257568 0.973517 0.253906 0.973517 0.253662 0.974576 0.251465 0.974576 0.251221 0.970339 0.250732 0.969809 0.250732 0.966631 0.250244 0.966631 0.249268 0.963983 0.248535 0.963983 0.248291 0.962924 0.247803 0.963983 0.247070 0.963983 0.247070 0.965572 0.247559 0.966631 0.246826 0.968220 0.245850 0.966631 0.244629 0.966631 0.244141 0.967691 0.244385 0.968750 0.243652 0.969280 0.244141 0.969809 0.242432 0.971928 0.240723 0.970339 0.239502 0.971398 0.239258 0.970869 0.238770 0.972987 0.241699 0.972458 0.242432 0.973517 0.240967 0.977754 0.241211 0.980403 0.240234 0.980932 0.239746 0.982521 0.240479 0.982521 0.240234 0.984110 0.239258 0.986229 0.238281 0.986229 0.238281 0.987818 0.237305 0.989407 0.237305 0.991525 0.236328 0.993114 0.236816 0.994174 0.237793 0.994174 0.238770 0.996822 0.239502 0.996292 0.239746 0.994174 0.240234 0.993644 0.240234 0.996292 0.240723 0.991525 0.240723 0.985169 0.242188 0.983581 0.244141 0.985169 0.246094 0.981992 0.245850 0.982521 0.245605 0.981462 0.246826 0.976165 0.248047 0.976695 0.248047 0.980403 0.248535 0.980403 0.248535 0.982521 0.248047 0.983581 0.248535 0.984110 0.248779 0.989936 0.249756 0.987818 0.250977 0.988347 0.251953 0.986229 0.253174 0.985169 0.252197 0.978814 0.253662 0.977225 0.253906 0.979343 0.254639 0.979343 0.254883 0.980403 0.256592 0.980403 0.256592 0.976695 0.256104 0.976165 0.256104 0.974576
1 0.756104 0.962924 0.756348 0.963453 0.755859 0.963983 0.755615 0.967691 0.756592 0.968750 0.756836 0.967691 0.758789 0.967691 0.760986 0.973517 0.761475 0.973517 0.761963 0.971928 0.762207 0.972987 0.762695 0.972987 0.763184 0.974047 0.763184 0.976165 0.764404 0.978284 0.763672 0.976695 0.765137 0.975106 0.763184 0.972458 0.763672 0.971928 0.762939 0.970869 0.763428 0.970339 0.761719 0.970339 0.760742 0.968220 0.761475 0.967691 0.761475 0.966631 0.760498 0.965572 0.760498 0.963453 0.759766 0.961864 0.759277 0.961864 0.759033 0.962924
1 0.501953 0.961864 0.499756 0.968220 0.498291 0.970869 0.497070 0.971398 0.496582 0.972458 0.497070 0.974047 0.496826 0.974576 0.495605 0.974576 0.494629 0.972458 0.494629 0.973517 0.495117 0.973517 0.495605 0.975106 0.494873 0.975636 0.494873 0.976695 0.493896 0.977225 0.493652 0.976165 0.493164 0.977225 0.492920 0.981992 0.493164 0.984110 0.494141 0.985699 0.493164 0.986229 0.492920 0.989407 0.492188 0.988877 0.491699 0.985699 0.490479 0.985699 0.488281 0.980932 0.487793 0.980932 0.487549 0.982521 0.486572 0.983581 0.486328 0.988347 0.484863 0.990466 0.485840 0.991525 0.485840 0.994174 0.487305 0.998411 0.487305 0.999470 0.488525 0.999470 0.488281 0.995233 0.488525 0.994703 0.488770 0.995763 0.489258 0.991525 0.490967 0.988347 0.491699 0.988347 0.493652 0.990466 0.494385 0.990466 0.494873 0.989407 0.495605 0.990466 0.496094 0.988877 0.497314 0.987818 0.498535 0.988877 0.499756 0.992055 0.499268 0.999470 0.500977 0.998941 0.499756 0.997881 0.499756 0.996822 0.500244 0.996292 0.500244 0.994174 0.501709 0.992585 0.501953 0.990996 0.502686 0.989936 0.502441 0.989407 0.502930 0.988877 0.501465 0.986758 0.501465 0.984640 0.500732 0.981992 0.501709 0.980403 0.502686 0.982521 0.504395 0.983051 0.504395 0.980403 0.503906 0.977754 0.503418 0.977225 0.503418 0.975106 0.502930 0.973517 0.502686 0.965042
1 0.298096 0.961864 0.296631 0.965042 0.297119 0.970339 0.296387 0.975636 0.295654 0.974047 0.299072 0.985169 0.300049 0.990466 0.299561 0.987818 0.300049 0.986229 0.300293 0.986758 0.300781 0.985169 0.301514 0.985699 0.301758 0.984640 0.302246 0.985699 0.302246 0.983581 0.303223 0.984640 0.302246 0.981462 0.301758 0.982521 0.301270 0.981992 0.299316 0.974576 0.299316 0.966631 0.299072 0.965572 0.298828 0.966102 0.298096 0.965042 0.298584 0.964513 0.297852 0.963453
1 0.480957 0.961335 0.479492 0.962924 0.479492 0.966631 0.480957 0.970339 0.480957 0.972458 0.479248 0.968220 0.476318 0.968220 0.476562 0.969809 0.478760 0.969809 0.480713 0.974576 0.481689 0.972987 0.481201 0.968750 0.481201 0.963453 0.481689 0.961864
1 0.777832 0.960275 0.778564 0.961335 0.778076 0.962924 0.777344 0.962924 0.777344 0.963983 0.778564 0.964513 0.779541 0.966102 0.781250 0.965572 0.782471 0.967161 0.782959 0.969280 0.783447 0.968750 0.782959 0.967161 0.782227 0.967161 0.780762 0.963983 0.780518 0.964513 0.779785 0.961335
1 0.333008 0.960275 0.331055 0.960805 0.330078 0.962394 0.330566 0.963453 0.332520 0.963983 0.333008 0.962394
1 0.788818 0.959216 0.788574 0.961335 0.790039 0.965042 0.789795 0.966102 0.791260 0.967161 0.791748 0.966102 0.791992 0.967691 0.791748 0.966102 0.792969 0.966102 0.793457 0.965042 0.793457 0.963453 0.794189 0.961864 0.794922 0.961864 0.795166 0.960805 0.793945 0.960805 0.793457 0.961864 0.792725 0.959746 0.791992 0.959746 0.791260 0.958157 0.790039 0.958686 0.789795 0.959746
1 0.290039 0.957097 0.289307 0.957097 0.289062 0.959216 0.288574 0.959216 0.288574 0.961335 0.287354 0.963983 0.286865 0.962394 0.285645 0.966102 0.286621 0.963983 0.287109 0.964513 0.284180 0.970339 0.283691 0.969280 0.283936 0.970339 0.282227 0.972987 0.280762 0.971928 0.281494 0.974047 0.281006 0.975636 0.283936 0.970339 0.284180 0.970869 0.283447 0.974576 0.282715 0.974576 0.281982 0.976695 0.280273 0.978284 0.280029 0.979873 0.279297 0.979343 0.279785 0.978814 0.279541 0.977754 0.278564 0.979873 0.278320 0.982521 0.279297 0.983051 0.279785 0.981462 0.279297 0.980932 0.281006 0.979343 0.281250 0.981462 0.282227 0.981992 0.281494 0.984110 0.280029 0.983051 0.279541 0.984110 0.278320 0.984110 0.278320 0.985699 0.277344 0.986229 0.276855 0.983581 0.276367 0.985169 0.276855 0.987818 0.277588 0.986758 0.279297 0.989407 0.279297 0.990996 0.278809 0.991525 0.279297 0.999470 0.279785 0.996292 0.280273 0.996822 0.280273 0.999470 0.280762 0.997352 0.281494 0.997352 0.281738 0.999470 0.282715 0.997352 0.283203 0.999470 0.284424 0.997352 0.285156 0.998411 0.285645 0.996292 0.286865 0.994703 0.286865 0.991525 0.289062 0.985169 0.288818 0.984110 0.289795 0.983051 0.290039 0.980932 0.291504 0.979873 0.292236 0.977754 0.292725 0.978284 0.293213 0.976165 0.293701 0.976695 0.294189 0.972458 0.295410 0.971928 0.294922 0.970339 0.294678 0.971398 0.294189 0.970869 0.292969 0.974576 0.291992 0.974576 0.291260 0.976695 0.290039 0.976695 0.289307 0.975106 0.289795 0.973517 0.290039 0.974576 0.291260 0.972987 0.291260 0.963983 0.289307 0.961335 0.290283 0.959746 0.290039 0.958157 0.290283 0.957627 0.290527 0.958686
1 0.266602 0.956568 0.266113 0.957627 0.266113 0.959216 0.267090 0.960805 0.266846 0.965042 0.266113 0.964513 0.266357 0.961864 0.265869 0.963983 0.265381 0.962394 0.265137 0.956568 0.264648 0.957627 0.264648 0.959216 0.265137 0.959746 0.265137 0.962394 0.263916 0.965042 0.262695 0.965042 0.262451 0.963983 0.259766 0.963983 0.259277 0.965572 0.262451 0.965572 0.262695 0.966631 0.261719 0.967161 0.261719 0.970869 0.262939 0.970869 0.264160 0.972987 0.265381 0.972987 0.265381 0.969809 0.265869 0.968750 0.268799 0.966631 0.267822 0.965042 0.268066 0.962394 0.267578 0.960805 0.267578 0.958686
1 0.364014 0.955508 0.362793 0.955508 0.362061 0.957097 0.362305 0.957627 0.361816 0.959216 0.362793 0.960275 0.363281 0.959746
1 0.314697 0.956568 0.315674 0.957627 0.316406 0.955508 0.316895 0.957627 0.317139 0.956568 0.318359 0.957627 0.318848 0.957097 0.318604 0.955508 0.317627 0.954979 0.316650 0.952860 0.316406 0.954979 0.315674 0.956568 0.315430 0.954449
1 0.771973 0.951801 0.771973 0.952860 0.772705 0.952860 0.773438 0.954449 0.773438 0.955508 0.774658 0.958157 0.774414 0.959746 0.775391 0.960805 0.775391 0.962394 0.776367 0.965042 0.777100 0.958686 0.773926 0.952860 0.772949 0.951801 0.772705 0.952860 0.772461 0.951801
1 0.959961 0.944915 0.959717 0.945975 0.958496 0.945975 0.958252 0.947034 0.957520 0.947034 0.957031 0.945975 0.957520 0.947034 0.957520 0.949682 0.957031 0.950212 0.956055 0.949153 0.957520 0.950742 0.956543 0.952331 0.956299 0.953919 0.952148 0.951271 0.952148 0.953390 0.952881 0.956568 0.952881 0.959746 0.953613 0.961335 0.955566 0.962924 0.959229 0.961335 0.960449 0.961864 0.960693 0.961335 0.959717 0.958686 0.959961 0.958157 0.958740 0.956038 0.959229 0.954979 0.958740 0.954449 0.959229 0.952331 0.959473 0.953390 0.959717 0.952331 0.961426 0.952860 0.960693 0.950742 0.961182 0.949153 0.960205 0.946504 0.960693 0.945445
1 0.784912 0.944915 0.782227 0.946504 0.781494 0.948093 0.781006 0.947564 0.780273 0.949153 0.780273 0.950212 0.782471 0.949153
1 0.354004 0.944386 0.352783 0.944915 0.351807 0.946504 0.349609 0.945975 0.348877 0.947034 0.348877 0.949153 0.348145 0.951801 0.349365 0.951801 0.349609 0.953919 0.348633 0.954979 0.351318 0.954979 0.351318 0.953919 0.351807 0.953919 0.353760 0.949153
1 0.217529 0.949153 0.215576 0.947034 0.214844 0.945445 0.214844 0.944386 0.214355 0.945445 0.214355 0.947034 0.213623 0.947034 0.212891 0.948623 0.211914 0.949153 0.211426 0.950742 0.214600 0.950742 0.215088 0.952860 0.216309 0.950742 0.217285 0.950212
1 0.277588 0.943856 0.276855 0.943856 0.275146 0.946504 0.273438 0.945975 0.272949 0.947034 0.272461 0.951271 0.273193 0.953390 0.271973 0.957627 0.275635 0.957627 0.275879 0.953919 0.277588 0.948623
1 0.963623 0.945975 0.964111 0.948093 0.964600 0.948093 0.964355 0.946504 0.965332 0.944386 0.967041 0.944386 0.966309 0.943326 0.964355 0.943326 0.963867 0.943856
1 0.601562 0.941737 0.601562 0.943326 0.603271 0.947564 0.604004 0.945975 0.604004 0.944386 0.602783 0.944386
1 0.790283 0.940678 0.789307 0.938559 0.788086 0.939619 0.788086 0.941208 0.787598 0.942267 0.789551 0.943326 0.790283 0.942267
1 0.549316 0.938559 0.549316 0.939619 0.550781 0.942797 0.550781 0.940148 0.552246 0.941208 0.552246 0.943326 0.551025 0.943856 0.551270 0.944386 0.552490 0.944386 0.552490 0.945445 0.553955 0.944915 0.553711 0.940678 0.551758 0.938559 0.551025 0.938559 0.550781 0.940148 0.550049 0.940678 0.549805 0.938559
1 0.576172 0.937500 0.575684 0.938559 0.576172 0.939619 0.575928 0.940678 0.575439 0.940678 0.575195 0.942797 0.574463 0.943326 0.574463 0.946504 0.575195 0.948623 0.575684 0.952331 0.577637 0.954979 0.579834 0.954979 0.580078 0.956038 0.581055 0.954979 0.581543 0.955508 0.577148 0.948623 0.577148 0.945975 0.576660 0.945975 0.576660 0.944386 0.576172 0.943856 0.576660 0.943326 0.575928 0.941208 0.578613 0.940148 0.577881 0.939089 0.577637 0.937500
1 0.238770 0.935381 0.241211 0.938030 0.239258 0.941208 0.240234 0.942797 0.240234 0.945445 0.241699 0.947564 0.242432 0.946504 0.242920 0.947564 0.242920 0.946504 0.242188 0.945975 0.242432 0.944386 0.242920 0.944386 0.243896 0.946504 0.244385 0.942797 0.245361 0.942267 0.245605 0.940148 0.246826 0.940148 0.246826 0.937500 0.245850 0.936970 0.245605 0.940148 0.243896 0.941208 0.242920 0.940148 0.242920 0.936441 0.240967 0.937500 0.239502 0.935381
1 0.205811 0.936441 0.204834 0.936441 0.204590 0.935381 0.204346 0.936441 0.203613 0.936441 0.204102 0.937500 0.203857 0.938559 0.201416 0.937500 0.199951 0.940148 0.199707 0.941737 0.199951 0.942267 0.201416 0.939089 0.204102 0.939619 0.205566 0.941737 0.206055 0.941208 0.206055 0.940148 0.205322 0.939089 0.205322 0.937500
1 0.218262 0.934322 0.218750 0.941208 0.219482 0.941208 0.219482 0.942267 0.222656 0.942267 0.225342 0.938030 0.222656 0.938030 0.220703 0.939089 0.220459 0.938030 0.222168 0.935911 0.222168 0.933792 0.221436 0.934852 0.220459 0.934852 0.220215 0.933263 0.219482 0.932733 0.219238 0.934322
1 0.506348 0.932203 0.504395 0.935381 0.504395 0.938030 0.505615 0.936441 0.506348 0.936441
1 0.968750 0.931674 0.969727 0.933792 0.969727 0.934852 0.972656 0.938559 0.973389 0.938559 0.973633 0.937500 0.974609 0.937500 0.975342 0.938559 0.975342 0.940678 0.976318 0.940678 0.976807 0.941737 0.975098 0.943856 0.975830 0.945445 0.976807 0.945445 0.977051 0.940678 0.978516 0.940678 0.979248 0.942267 0.978516 0.944386 0.979492 0.947034 0.979492 0.945445 0.979004 0.945975 0.978516 0.944386 0.979492 0.943856 0.978760 0.943326 0.979248 0.942797 0.979248 0.940678 0.978760 0.940148 0.978760 0.935381 0.978271 0.935911 0.978271 0.937500 0.977539 0.936970 0.978760 0.938030 0.979004 0.939089 0.978516 0.940148 0.976807 0.939619 0.975342 0.935911 0.973877 0.934322 0.973145 0.936441 0.972168 0.936441 0.970459 0.934852
1 0.532959 0.931674 0.531006 0.931674 0.530273 0.934852 0.529785 0.935381 0.529785 0.936970 0.533447 0.936970 0.532471 0.934852 0.532471 0.932203
1 0.860352 0.930614 0.860352 0.931674 0.861816 0.933792 0.862793 0.933263 0.863037 0.932203 0.862305 0.930614
1 0.759277 0.931674 0.759766 0.934852 0.759766 0.932203 0.760254 0.931674 0.761719 0.935381 0.761230 0.936441 0.761963 0.938030 0.761719 0.939089 0.761963 0.936441 0.762939 0.935911 0.763672 0.937500 0.763184 0.939089 0.763672 0.939619 0.763916 0.938559 0.764404 0.940148 0.764893 0.940148 0.765137 0.943326 0.765869 0.942267 0.765869 0.940148 0.765381 0.939089 0.765625 0.938559 0.765137 0.938030 0.765625 0.936441 0.765137 0.933263 0.763184 0.934852 0.761230 0.931144 0.760254 0.930614
1 0.533203 0.934322 0.534180 0.936441 0.534180 0.938030 0.534912 0.936970 0.535156 0.934852 0.535889 0.934852 0.536133 0.935911 0.535645 0.936441 0.535645 0.939619 0.538818 0.936970 0.539307 0.938030 0.541992 0.938030 0.542480 0.936970 0.543457 0.937500 0.544922 0.936441 0.544434 0.936441 0.544189 0.935381 0.543701 0.936441 0.541992 0.935381 0.541748 0.936970 0.541016 0.935381 0.540771 0.936441 0.539795 0.936441 0.538330 0.933263 0.537598 0.932733 0.537842 0.931674 0.538818 0.931674 0.539307 0.932733 0.538818 0.930614 0.536865 0.931674 0.535400 0.931144 0.535156 0.932733 0.535889 0.932733 0.536133 0.933792 0.535156 0.934322 0.534424 0.936441 0.533936 0.935911 0.533936 0.934322
1 0.548828 0.929025 0.547363 0.929025 0.547363 0.927436 0.545166 0.929025 0.544922 0.930614 0.547363 0.930614 0.547852 0.932733 0.547363 0.934852 0.546875 0.934852 0.546387 0.932733 0.546143 0.933792 0.545410 0.933263 0.544922 0.935381 0.546875 0.935911 0.548584 0.931144
1 0.999023 0.931674 0.997559 0.929025 0.997803 0.927966 0.997070 0.926907 0.996094 0.927436 0.996582 0.929025 0.995850 0.929025 0.995850 0.932203 0.995117 0.929555 0.994873 0.930614 0.994629 0.929555 0.994385 0.930614 0.993652 0.929025 0.992920 0.931144 0.991211 0.931144 0.993164 0.933792 0.995117 0.932733 0.996094 0.933792 0.996094 0.934852 0.998047 0.933263 0.998291 0.931674
1 0.195068 0.926377 0.193604 0.929025 0.193359 0.931674 0.194092 0.933792 0.195312 0.933792 0.197021 0.935911 0.197754 0.935911 0.197510 0.935381 0.197998 0.934322 0.198730 0.935911 0.198242 0.938030 0.196533 0.940678 0.197021 0.940678 0.197754 0.942797 0.197998 0.942267 0.198730 0.943856 0.199951 0.938559 0.199707 0.936441 0.200684 0.933792 0.200684 0.931144 0.199219 0.930085 0.199219 0.927966 0.198730 0.926907 0.197510 0.927436 0.196533 0.926377
1 0.304443 0.925847 0.303711 0.927436 0.302734 0.927966 0.302734 0.930085 0.303711 0.931144 0.302002 0.935381 0.300537 0.933792 0.301514 0.929555 0.299561 0.929555 0.299805 0.931674 0.299072 0.933792 0.299561 0.934322 0.299316 0.935381 0.300293 0.935381 0.300537 0.936441 0.299561 0.939089 0.299316 0.941208 0.297852 0.943856 0.296387 0.944915 0.295410 0.947564 0.295166 0.947034 0.294434 0.948093 0.294678 0.949153 0.294189 0.949682 0.294922 0.951271 0.294434 0.952331 0.294922 0.953390 0.294922 0.957097 0.295898 0.957627 0.295410 0.958686 0.295410 0.960275 0.294922 0.960805 0.294922 0.964513 0.295410 0.962394 0.296631 0.961864 0.296387 0.960275 0.296875 0.958157 0.297852 0.959216 0.297852 0.960805 0.298340 0.959746 0.298096 0.959216 0.298828 0.957627 0.298096 0.956568 0.299072 0.956038 0.298828 0.953919 0.299316 0.953390 0.298340 0.952860 0.298828 0.951801 0.299561 0.951801 0.300537 0.949682 0.301025 0.952860 0.300293 0.954449 0.300293 0.955508 0.301270 0.953390 0.301514 0.951801 0.300781 0.951801 0.301025 0.949153 0.302246 0.946504 0.302490 0.942797 0.303467 0.940678 0.303467 0.939619 0.302979 0.939089 0.303223 0.937500 0.302734 0.936970 0.302979 0.934322 0.304688 0.934322 0.304932 0.939619 0.305420 0.939619 0.306396 0.937500 0.306396 0.934852 0.305664 0.936441 0.305176 0.935381 0.305176 0.933792 0.304932 0.934852 0.304443 0.933792 0.304443 0.931144 0.303467 0.930085
1 0.547852 0.926377 0.549561 0.927436 0.549561 0.929025 0.551514 0.926907 0.551025 0.925847 0.549561 0.925318
1 0.490723 0.927966 0.491699 0.928496 0.492432 0.926377 0.493652 0.928496 0.494629 0.928496 0.495117 0.929555 0.494873 0.930085 0.493164 0.930085 0.493652 0.931144 0.493652 0.932733 0.495361 0.935911 0.496582 0.934852 0.497314 0.936441 0.496338 0.936441 0.496826 0.937500 0.497559 0.936970 0.497070 0.935381 0.497559 0.934852 0.497070 0.934322 0.497314 0.933792 0.499023 0.935911 0.498047 0.934322 0.498047 0.931674 0.497803 0.932733 0.497070 0.930614 0.498291 0.930614 0.497559 0.929555 0.498291 0.928496 0.497070 0.927436 0.496582 0.927966 0.496338 0.925847 0.495850 0.925318 0.495850 0.923729 0.495117 0.923729 0.496094 0.925847 0.495850 0.929025 0.494873 0.926907 0.492676 0.926907 0.492432 0.925847 0.491455 0.927966
1 0.325928 0.920551 0.324707 0.920551 0.324707 0.922140 0.323730 0.924788 0.323242 0.924258 0.323242 0.923199 0.322021 0.922140 0.321533 0.927436 0.320312 0.928496 0.319580 0.931144 0.318604 0.931674 0.317139 0.934322 0.316650 0.931144 0.315918 0.930085 0.313477 0.930085 0.313232 0.931144 0.312256 0.931674 0.312256 0.933792 0.313477 0.935911 0.313477 0.939619 0.313965 0.941737 0.312988 0.942797 0.312988 0.944386 0.311279 0.947034 0.310547 0.950742 0.311768 0.950212 0.313477 0.945975 0.313232 0.944386 0.313965 0.942797 0.314209 0.943326 0.314209 0.942267 0.316162 0.942797 0.316650 0.940678 0.316895 0.943326 0.317627 0.944386 0.317383 0.945445 0.317871 0.944386 0.319092 0.946504 0.318848 0.949682 0.319336 0.950742 0.319824 0.950212 0.319824 0.951271 0.321533 0.946504 0.322510 0.945445 0.322754 0.945975 0.323730 0.944386 0.323975 0.941737 0.324951 0.938559 0.324707 0.935911 0.321045 0.935381 0.320801 0.934322 0.320557 0.935381 0.320068 0.934322 0.320068 0.931674 0.322754 0.930614 0.323486 0.928496 0.323730 0.929555 0.324951 0.929555 0.325684 0.927966 0.326660 0.928496 0.326660 0.926377 0.324463 0.926377 0.323486 0.927436 0.323242 0.926907 0.324219 0.924258 0.324707 0.924258 0.324463 0.923729
1 0.335205 0.920551 0.334473 0.919492 0.331543 0.920551 0.331299 0.922140 0.331787 0.924788 0.330811 0.926377 0.330566 0.923729 0.330566 0.928496 0.330078 0.929025 0.330811 0.929025 0.331299 0.927966 0.331543 0.925318 0.332031 0.927966 0.333008 0.929025 0.333496 0.930614 0.333984 0.930614 0.333984 0.931674 0.334229 0.928496 0.332520 0.924258 0.332520 0.922669 0.333252 0.921081
1 0.498047 0.925847 0.499023 0.926377 0.499512 0.925318 0.500000 0.926377 0.500000 0.928496 0.499512 0.929555 0.500244 0.932203 0.499756 0.933792 0.500000 0.935381 0.500000 0.932733 0.500732 0.931674 0.500488 0.929025 0.501953 0.925318 0.503662 0.925318 0.503906 0.926377 0.502930 0.926907 0.503418 0.928496 0.504883 0.927966 0.506104 0.929555 0.509521 0.929555 0.509766 0.930614 0.509277 0.931144 0.510742 0.931144 0.511230 0.932733 0.514893 0.931674 0.515137 0.932733 0.514404 0.933792 0.515137 0.935911 0.516357 0.935381 0.516846 0.936970 0.517334 0.936441 0.518311 0.937500 0.518555 0.936441 0.519043 0.937500 0.520264 0.936441 0.522949 0.937500 0.527100 0.936970 0.528076 0.938030 0.528564 0.935381 0.527832 0.934852 0.528076 0.933263 0.527588 0.932733 0.528076 0.931674 0.529053 0.931674 0.520264 0.929025 0.519531 0.927966 0.519287 0.928496 0.519043 0.927436 0.518799 0.928496 0.518555 0.925847 0.519043 0.924258 0.518555 0.923729 0.517334 0.925318 0.512695 0.924258 0.512451 0.926907 0.511963 0.926377 0.511719 0.924258 0.511475 0.926907 0.510254 0.926907 0.510010 0.925847 0.510986 0.924788 0.509766 0.924788 0.509766 0.923729 0.510498 0.923729 0.509766 0.922669 0.509033 0.922669 0.507812 0.920551 0.505615 0.920551 0.503174 0.918962 0.503174 0.923199 0.500977 0.922140 0.501465 0.923729 0.501221 0.926907 0.499756 0.925318 0.499512 0.923729 0.500488 0.922669 0.498535 0.923729 0.499512 0.924788 0.499268 0.925847
1 0.878906 0.920021 0.879395 0.921081 0.879639 0.918432 0.879883 0.921081 0.880615 0.922669 0.881348 0.923199 0.882324 0.922140 0.881836 0.920551 0.880371 0.920021 0.879639 0.918432
1 0.820557 0.923199 0.821777 0.925847 0.822266 0.929025 0.823730 0.931144 0.825684 0.931674 0.826904 0.931144 0.826660 0.930614 0.827637 0.926377 0.828125 0.926907 0.828125 0.927966 0.831299 0.926377 0.831299 0.923199 0.832031 0.923199 0.832275 0.921610 0.831055 0.918432 0.829590 0.918962 0.828369 0.917903 0.827881 0.918962 0.825195 0.918962 0.824463 0.917903 0.823730 0.919492 0.822266 0.919492 0.821777 0.922140 0.821045 0.922140
1 0.752686 0.917373 0.752441 0.917903 0.752930 0.918432 0.752930 0.920021 0.753906 0.921081 0.754150 0.923199 0.755371 0.923729 0.755371 0.924788 0.754883 0.924788 0.755859 0.926907 0.755127 0.931144 0.755127 0.934852 0.755615 0.935381 0.757324 0.933792 0.757568 0.932733 0.757812 0.933263 0.757568 0.932733 0.759033 0.930614 0.758545 0.926907 0.757812 0.925847 0.756104 0.926377 0.755615 0.924258 0.754639 0.922669 0.753662 0.918432
1 0.203857 0.917373 0.202637 0.919492 0.201172 0.918962 0.200439 0.921610 0.200928 0.922669 0.200684 0.923199 0.202393 0.921081 0.203125 0.921610 0.203125 0.920021
1 0.308594 0.915784 0.307617 0.915784 0.307617 0.917903 0.306152 0.920551 0.306152 0.922140 0.305176 0.926377 0.305664 0.925318 0.306396 0.926377 0.306641 0.923199 0.307373 0.923199 0.307861 0.925318 0.307861 0.923729 0.307373 0.923199 0.307373 0.918432
1 0.230713 0.915254 0.230225 0.919492 0.229248 0.917903 0.229248 0.915254 0.228760 0.914195 0.227051 0.915254 0.227539 0.916314 0.227539 0.917903 0.228027 0.918432 0.228027 0.920021 0.228516 0.920551 0.228271 0.922140 0.228027 0.921081 0.227539 0.921081 0.227783 0.922669 0.227295 0.923729 0.226807 0.923729 0.225586 0.920021 0.224365 0.920551 0.224365 0.926907 0.223633 0.931674 0.224121 0.932203 0.226807 0.929025 0.230225 0.931144 0.229980 0.928496 0.230225 0.923729 0.230713 0.923199
1 0.780762 0.913665 0.780273 0.914725 0.780273 0.916843 0.781006 0.916314 0.782227 0.921081 0.782959 0.920021 0.783203 0.922669 0.783447 0.920551 0.782959 0.918962 0.783447 0.918432 0.782715 0.917903 0.782959 0.917373 0.782471 0.916843 0.782471 0.915784 0.781494 0.915784
1 0.582520 0.913136 0.581543 0.913136 0.581299 0.914725 0.582031 0.919492 0.582764 0.918432
1 0.209961 0.915254 0.209229 0.914725 0.209229 0.913665 0.207031 0.917373 0.206787 0.915254 0.207520 0.914725 0.207520 0.913136 0.207031 0.912076 0.206299 0.913665 0.205811 0.913136 0.204590 0.915784 0.204346 0.918432 0.204834 0.918962 0.205078 0.916314 0.206543 0.919492 0.207520 0.919492 0.209473 0.915254
1 0.611328 0.914195 0.610840 0.909958 0.610107 0.909958 0.609375 0.911547 0.607910 0.912606 0.608398 0.913665
1 0.757568 0.910487 0.759033 0.913665 0.760498 0.913665 0.759277 0.909428 0.758789 0.909428 0.758545 0.910487
1 0.299072 0.909428 0.294922 0.911017 0.294434 0.912606 0.294678 0.914195 0.296387 0.914195 0.297852 0.912076 0.298828 0.912076
1 0.898682 0.923729 0.905029 0.928496 0.906006 0.930614 0.905518 0.931144 0.906250 0.932733 0.905762 0.933263 0.907471 0.936970 0.909668 0.936970 0.910889 0.933263 0.914795 0.931144 0.914795 0.929555 0.914307 0.928496 0.913086 0.927966 0.912354 0.925847 0.912109 0.922140 0.912598 0.921081 0.912598 0.918432 0.912109 0.918962 0.911865 0.921610 0.911133 0.920551 0.910889 0.917903 0.909424 0.913136 0.909424 0.910487 0.908936 0.909428 0.904053 0.908898 0.904297 0.909958 0.903564 0.909958 0.903564 0.911017 0.904541 0.913136 0.903809 0.914195 0.903809 0.916314 0.902588 0.918432 0.901367 0.918432 0.901611 0.919492 0.901123 0.920551 0.901123 0.922140 0.899658 0.923729
1 0.872559 0.912076 0.871826 0.908898 0.869385 0.910487 0.869629 0.911547
1 0.760986 0.907309 0.761230 0.908369 0.760742 0.908898 0.761230 0.909428 0.761230 0.911017 0.761719 0.912076 0.761230 0.913665 0.761719 0.912606 0.762939 0.912606 0.763428 0.917903 0.763916 0.918432 0.764160 0.915784 0.761963 0.909428 0.761963 0.908369
1 0.561768 0.908898 0.560791 0.908898 0.559570 0.906780 0.559082 0.910487 0.557861 0.912606 0.557617 0.911547 0.557129 0.911547 0.556885 0.913136 0.556152 0.911017 0.556641 0.912076 0.556152 0.913665 0.554688 0.912076 0.554688 0.914195 0.553223 0.917373 0.553467 0.920021 0.554199 0.921081 0.555176 0.921081 0.557617 0.917373 0.561768 0.917373
1 0.976807 0.906250 0.977051 0.908369 0.975830 0.910487 0.975586 0.913136 0.974854 0.915254 0.977539 0.917903 0.978271 0.919492 0.979004 0.920021 0.979736 0.918962 0.980713 0.920021 0.980469 0.918962 0.981445 0.917903 0.981689 0.915784 0.982422 0.914725 0.982178 0.912606 0.981689 0.912606 0.980713 0.910487 0.981201 0.909428 0.980713 0.907309 0.977539 0.907309
1 0.779541 0.906780 0.779541 0.907839 0.780762 0.909428 0.783203 0.908898 0.782715 0.906780 0.782227 0.907309 0.781250 0.905720 0.780762 0.905720 0.780029 0.907839
1 0.470947 0.907309 0.470215 0.905191 0.469482 0.905191 0.468506 0.903072 0.467773 0.903072 0.466064 0.905720 0.464844 0.904661 0.464111 0.908369 0.462158 0.912076 0.462158 0.913136 0.462891 0.913665 0.463623 0.911547 0.464111 0.911547 0.463867 0.911017 0.464355 0.909958 0.465820 0.909958 0.466309 0.908898 0.469238 0.909428
1 0.364746 0.902013 0.362793 0.907309 0.361572 0.908369 0.361816 0.909428 0.362549 0.908369 0.362793 0.909428 0.362061 0.911547 0.361328 0.911017 0.361328 0.914195 0.359375 0.913665 0.358398 0.914725 0.357910 0.916314 0.357178 0.915784 0.358154 0.917373 0.359375 0.915254 0.360352 0.915254 0.361572 0.917373 0.363037 0.908898 0.364014 0.907309 0.364746 0.908898 0.364502 0.907839 0.364990 0.907309 0.364014 0.905720
1 0.458008 0.901483 0.455322 0.902013 0.454590 0.900424 0.453613 0.900953 0.454834 0.904661 0.455078 0.906780 0.455566 0.907309 0.455322 0.908898 0.454834 0.908898 0.454834 0.909958 0.453613 0.911547 0.453613 0.913136 0.455078 0.915784 0.457764 0.911547 0.458252 0.905191
1 0.255859 0.900424 0.255859 0.909428 0.256592 0.910487 0.256592 0.906780 0.257812 0.906250 0.258057 0.901483 0.256348 0.901483
1 0.226562 0.900424 0.227051 0.901483 0.227051 0.903072 0.226562 0.903602 0.226562 0.906250 0.227295 0.906250 0.228027 0.907839 0.228027 0.909428 0.230225 0.909428 0.230469 0.908369 0.232178 0.909428 0.232666 0.908369 0.232666 0.907309 0.231689 0.907309 0.231445 0.905720 0.232666 0.904661 0.232910 0.903072 0.231934 0.903072 0.231445 0.905191 0.231201 0.904661 0.230225 0.906780 0.229492 0.906780 0.229248 0.905720 0.230713 0.903602 0.230225 0.903072 0.230225 0.901483 0.229492 0.901483 0.229004 0.900424
1 0.364990 0.900424 0.363281 0.898835 0.362305 0.901483 0.362061 0.899894 0.360840 0.900953 0.360596 0.900424 0.361084 0.899364 0.360596 0.899364 0.360352 0.897775 0.359863 0.898835 0.360352 0.899364 0.360352 0.902542 0.359619 0.904131 0.359131 0.903072 0.359375 0.900953 0.358887 0.902013 0.355713 0.903072 0.353271 0.905191 0.353516 0.904661 0.354004 0.906250 0.354736 0.906250 0.354492 0.905191 0.354980 0.904131 0.355713 0.904131 0.355713 0.906250 0.355957 0.905191 0.356445 0.905720 0.358398 0.904661 0.358643 0.905191 0.357422 0.906250 0.356934 0.907839 0.356689 0.907309 0.355957 0.908898 0.355469 0.908369 0.355957 0.908898 0.355957 0.909958 0.358154 0.906250 0.358887 0.906250 0.359131 0.905191 0.361084 0.903072
1 0.267822 0.898305 0.267090 0.897775 0.266602 0.900953 0.265869 0.902013 0.265625 0.904131 0.264648 0.906250 0.264648 0.908369 0.264160 0.908369 0.264160 0.909958 0.263916 0.909428 0.260986 0.915254 0.259033 0.915784 0.258301 0.914195 0.258789 0.915254 0.258789 0.916843 0.257812 0.918432 0.257812 0.921081 0.258545 0.921081 0.259033 0.923199 0.260498 0.923199 0.261230 0.926377 0.261475 0.921610 0.260742 0.921610 0.260010 0.920021 0.260010 0.917903 0.260986 0.916843 0.261719 0.918962 0.262451 0.917903 0.264648 0.918962 0.265137 0.917903 0.265137 0.915254 0.264648 0.914725 0.265381 0.912606 0.265137 0.910487 0.266357 0.905191 0.266357 0.903072 0.267578 0.902013 0.268311 0.899364 0.268066 0.899894
1 0.546387 0.898305 0.546387 0.899364 0.547363 0.900424 0.550293 0.900953 0.549561 0.899364 0.549805 0.898835 0.549316 0.899364 0.548096 0.897775 0.547852 0.898305 0.547119 0.896716
1 0.966797 0.896186 0.966797 0.897246 0.968262 0.898835 0.969482 0.902542 0.968506 0.903072 0.968506 0.904131 0.968018 0.904661 0.968750 0.905191 0.968750 0.903602 0.969727 0.903072 0.970459 0.900953 0.968750 0.899364
1 0.565674 0.896716 0.564941 0.896186 0.564209 0.897775 0.563721 0.897246 0.563477 0.898305 0.562988 0.898305 0.562012 0.902542 0.564941 0.903072 0.565186 0.902013 0.566162 0.901483
1 0.503174 0.895657 0.502441 0.897246 0.502197 0.899364 0.503418 0.898835 0.503906 0.902013 0.504395 0.902013 0.504395 0.898835 0.503662 0.897775
1 0.550781 0.895127 0.551270 0.898305 0.550781 0.900424 0.551025 0.900953 0.554199 0.900953 0.553223 0.899894 0.552490 0.897246 0.552002 0.899364 0.551270 0.895127
1 0.819824 0.896186 0.819824 0.897775 0.821777 0.897246 0.822021 0.898305 0.821289 0.899364 0.821777 0.900424 0.822510 0.900424 0.823730 0.898835 0.824707 0.899894 0.824219 0.900424 0.824219 0.902013 0.824951 0.899894 0.825684 0.899364 0.824463 0.898835 0.824951 0.897775 0.824463 0.896186 0.823242 0.896186 0.822754 0.897246 0.822266 0.895127 0.820557 0.894597
1 0.508057 0.892479 0.507568 0.894068 0.506348 0.894597 0.506592 0.895127 0.505859 0.897775 0.506348 0.898305 0.506104 0.899364 0.506592 0.900424 0.508545 0.899894 0.509033 0.898835 0.509033 0.896716 0.508301 0.895657
1 0.230469 0.892479 0.229248 0.894597 0.228516 0.894597 0.228271 0.893538 0.227783 0.894068 0.227295 0.893008 0.226562 0.893538 0.226074 0.896716 0.226807 0.895127 0.226807 0.897775 0.228027 0.897775 0.228027 0.896716 0.228516 0.896716 0.228271 0.896186 0.229980 0.894068
1 0.445557 0.891949 0.445068 0.894597 0.444092 0.894597 0.443604 0.896186 0.443115 0.896186 0.443359 0.898835 0.444336 0.900953 0.443604 0.904131 0.443848 0.906250 0.444824 0.904131 0.445068 0.902013 0.446533 0.903602 0.446289 0.899894 0.445557 0.897775
1 0.351562 0.891949 0.351074 0.893538 0.350830 0.892479 0.347656 0.907839 0.347168 0.908898 0.346924 0.907839 0.347168 0.909428 0.347900 0.908369 0.348145 0.908898 0.347900 0.907309 0.349854 0.898835 0.350830 0.902542 0.350830 0.905720 0.350098 0.907309 0.348633 0.908369 0.349609 0.908369 0.349609 0.909428 0.348633 0.911017 0.349121 0.911017 0.350830 0.914725 0.351074 0.916843 0.351807 0.915254 0.352051 0.915784 0.353516 0.911547 0.354492 0.911547 0.355225 0.909958 0.355469 0.910487 0.355225 0.909428 0.354004 0.909958 0.353516 0.907839 0.352539 0.909428 0.353271 0.908369 0.354004 0.910487 0.353027 0.912606 0.351807 0.913665 0.349609 0.910487 0.349854 0.908369 0.350830 0.908898 0.352539 0.904661 0.352783 0.905191 0.351562 0.902013 0.352295 0.901483 0.353516 0.903072 0.353027 0.902542 0.354492 0.899894 0.354248 0.898305 0.353516 0.898835 0.353516 0.899894 0.353027 0.900424 0.352539 0.897246 0.351807 0.900953 0.351318 0.902013 0.350830 0.901483 0.350098 0.896716
1 0.449463 0.889831 0.449463 0.891419 0.450928 0.892479 0.452637 0.896186 0.453369 0.894597 0.453613 0.895127 0.453613 0.896716 0.454102 0.897246 0.453125 0.898305 0.453613 0.898835 0.453613 0.899894 0.454346 0.897246 0.453857 0.896716 0.454346 0.896186 0.455322 0.891949 0.451660 0.891949 0.450439 0.889831
1 0.879639 0.893008 0.879639 0.896186 0.880371 0.896716 0.879639 0.897775 0.880371 0.897246 0.881104 0.898835 0.880859 0.899894 0.881592 0.899894 0.881836 0.900953 0.884521 0.900424 0.887207 0.901483 0.887207 0.899894 0.887939 0.898835 0.887939 0.896716 0.886475 0.894068 0.885254 0.895657 0.884766 0.894597 0.885010 0.893008 0.884277 0.891949 0.884033 0.890360 0.883057 0.889301 0.883301 0.888771 0.882812 0.888771 0.883301 0.889831 0.883301 0.891949 0.883789 0.892479 0.883057 0.893538 0.882568 0.892479 0.881104 0.893538 0.880859 0.894597 0.880127 0.894068 0.879883 0.892479
1 0.177734 0.889831 0.176514 0.890360 0.175781 0.888771 0.176758 0.890890 0.176758 0.892479 0.176270 0.893008 0.176025 0.895657 0.175293 0.898835 0.174805 0.899364 0.175049 0.903072 0.175781 0.901483 0.177002 0.902013 0.177734 0.900953 0.177002 0.902013 0.176025 0.900953
1 0.570801 0.888242 0.571045 0.890890 0.572266 0.892479 0.572021 0.894068 0.571289 0.893538 0.572266 0.895127 0.572266 0.897775 0.572754 0.898305 0.571289 0.902013 0.572754 0.901483 0.572754 0.902542 0.575684 0.902013 0.577393 0.900424 0.579590 0.900953 0.580566 0.898835 0.578613 0.897246 0.578369 0.898305 0.575684 0.894597 0.574219 0.894597 0.573730 0.892479 0.573486 0.893538 0.572754 0.891419 0.572021 0.890890 0.571777 0.888771 0.572021 0.888242 0.572510 0.889301 0.573242 0.889301 0.573730 0.888242 0.573486 0.887712 0.573975 0.885593 0.574707 0.887182 0.574707 0.885064 0.573486 0.885593 0.573486 0.886653
1 0.976318 0.884534 0.975586 0.884004 0.973877 0.885064 0.973145 0.886653 0.973145 0.888242 0.975586 0.887182
1 0.337891 0.883475 0.336670 0.885593 0.335938 0.891419 0.335205 0.893008 0.333984 0.892479 0.333496 0.898835 0.333008 0.899364 0.332764 0.901483 0.331055 0.900424 0.331055 0.897775 0.330322 0.896186 0.330322 0.892479 0.329590 0.893538 0.329590 0.896716 0.330078 0.897246 0.330078 0.901483 0.330566 0.902542 0.331055 0.906250 0.330811 0.909958 0.329346 0.907839 0.327148 0.906780 0.327881 0.907839 0.327637 0.908898 0.327148 0.908898 0.326172 0.906780 0.326172 0.905720 0.326660 0.905191 0.326172 0.903602 0.326416 0.903072 0.326172 0.902542 0.325684 0.903602 0.325684 0.905720 0.326172 0.906780 0.325684 0.908369 0.328369 0.912606 0.328369 0.913665 0.327148 0.915784 0.330078 0.916843 0.330078 0.915254 0.331299 0.914195 0.332031 0.916314 0.335693 0.915784 0.335449 0.914725 0.335938 0.913665 0.336670 0.914725 0.337646 0.913665 0.337402 0.907309 0.338135 0.903072 0.338135 0.898835 0.338623 0.895127
1 0.770508 0.883475 0.770752 0.886653 0.771729 0.888771 0.772461 0.888771 0.772461 0.887182 0.771973 0.886123 0.772217 0.882945
1 0.505859 0.881886 0.505371 0.881886 0.503906 0.884534 0.503906 0.886123 0.502441 0.888771 0.501709 0.891949 0.500000 0.893538 0.499512 0.895127 0.499268 0.894068 0.498047 0.893538 0.496094 0.896716 0.496094 0.897775 0.495605 0.898305 0.496094 0.901483 0.494873 0.903602 0.495117 0.906250 0.494629 0.907309 0.494141 0.906250 0.494141 0.909428 0.493164 0.911547 0.492188 0.911017 0.492188 0.912606 0.493408 0.912606 0.493652 0.913665 0.494385 0.913665 0.494873 0.912076 0.494141 0.912076 0.493896 0.911017 0.494873 0.909958 0.494385 0.908898 0.495117 0.907309 0.496094 0.907839 0.496094 0.909958 0.496582 0.910487 0.496338 0.911547 0.497070 0.912076 0.496094 0.913665 0.497803 0.912606 0.498047 0.910487 0.498779 0.912606 0.498779 0.911017 0.496826 0.909428 0.497314 0.908369 0.498047 0.908369 0.496826 0.907309 0.497314 0.906250 0.498535 0.906250 0.498291 0.904661 0.498779 0.904131 0.498779 0.902542 0.498291 0.901483 0.499268 0.898835 0.498779 0.896186 0.499756 0.895657 0.500000 0.897775 0.500732 0.897775 0.500732 0.896186 0.501465 0.894597 0.502441 0.894068 0.504150 0.888771 0.504639 0.889831 0.504150 0.891949 0.504639 0.894597 0.505127 0.893538 0.506104 0.893538 0.505859 0.891419 0.506348 0.891419 0.504883 0.888242 0.505615 0.886653 0.505859 0.887712 0.506348 0.887182
1 0.407471 0.880826 0.406250 0.881356 0.406738 0.882415 0.406738 0.886123 0.406250 0.886653 0.406250 0.896186 0.405762 0.897246 0.406006 0.897775 0.406982 0.896716 0.407227 0.893538 0.408203 0.894597 0.408691 0.892479 0.408691 0.890360 0.407959 0.889301 0.407959 0.886653 0.408691 0.884534 0.408447 0.882415
1 0.207031 0.882415 0.208252 0.882945 0.208496 0.884004 0.207520 0.885064 0.208496 0.887182 0.209229 0.887182 0.210449 0.889301 0.210693 0.886653 0.211670 0.884004 0.211670 0.882415 0.212402 0.880826 0.214355 0.880826 0.211914 0.880297 0.211670 0.881356 0.211182 0.881356 0.210693 0.880297 0.209229 0.880297 0.208252 0.881886
1 0.729004 0.878178 0.729004 0.881886 0.730713 0.885593 0.730225 0.880297 0.730957 0.880297 0.730957 0.879237 0.730225 0.878178
1 0.922852 0.881356 0.921875 0.879237 0.922607 0.878178 0.921875 0.878708 0.921387 0.877119 0.920898 0.877648 0.921631 0.879237 0.920654 0.880826 0.921387 0.880826 0.921875 0.881886 0.921631 0.883475 0.919434 0.883475 0.917969 0.878708 0.916992 0.881356 0.916504 0.881356 0.916504 0.880297 0.915039 0.879767 0.913818 0.878178 0.914062 0.879767 0.914795 0.880826 0.917725 0.882945 0.919189 0.882945 0.919434 0.885064 0.920410 0.887182 0.921143 0.886123 0.920898 0.884534 0.922363 0.882945 0.922363 0.881886
1 0.217285 0.875000 0.216797 0.876059 0.216797 0.877648 0.217773 0.879237 0.217773 0.880826 0.218506 0.880826 0.218750 0.882945 0.219971 0.882945 0.219971 0.881356 0.220459 0.881356 0.219482 0.880297 0.219971 0.877119 0.219238 0.877119
1 0.191650 0.875530 0.192139 0.877119 0.191895 0.877648 0.192383 0.877119 0.193115 0.878708 0.194092 0.878708 0.195068 0.876589 0.192871 0.874470
1 0.876709 0.873411 0.877441 0.874470 0.877441 0.876059 0.877930 0.876589 0.879639 0.876589 0.880127 0.875000 0.879395 0.873941 0.878418 0.875000 0.878174 0.873941
1 0.508301 0.875000 0.508301 0.876589 0.510498 0.878178 0.510742 0.877119 0.511719 0.877119 0.511230 0.876059 0.511475 0.875530 0.510742 0.876059 0.509766 0.874470 0.509277 0.875000 0.509033 0.874470 0.509766 0.873411
1 0.563721 0.873941 0.563721 0.880826 0.562988 0.881356 0.562988 0.882945 0.561523 0.886123 0.562744 0.888242 0.562500 0.888771 0.565430 0.888771 0.566406 0.890360 0.567627 0.889301 0.567871 0.890360 0.568604 0.890360 0.568115 0.890360 0.567383 0.888771 0.565918 0.888771 0.565674 0.887712 0.565186 0.888242 0.564697 0.887182 0.565186 0.879237 0.564697 0.878708 0.565674 0.876059 0.565918 0.876589 0.566162 0.873941 0.565674 0.872881
1 0.540771 0.886123 0.538818 0.884004 0.538086 0.884534 0.537842 0.883475 0.536377 0.883475 0.535400 0.882415 0.534180 0.882415 0.533691 0.883475 0.533447 0.881886 0.533936 0.880826 0.533203 0.879767 0.533447 0.878178 0.533691 0.879237 0.533936 0.878178 0.533691 0.876059 0.531250 0.872881 0.530762 0.872881 0.530762 0.874470 0.531738 0.877119 0.531494 0.880297 0.532227 0.882415 0.531494 0.883475 0.531006 0.882415 0.528809 0.881886 0.527100 0.878178 0.525879 0.880826 0.521484 0.881356 0.521240 0.880297 0.520508 0.880297 0.520508 0.879237 0.518799 0.880826 0.518555 0.880297 0.519043 0.879767 0.519043 0.878178 0.518799 0.879237 0.518555 0.878178 0.518311 0.878708 0.516846 0.877119 0.513184 0.877119 0.513428 0.878708 0.515137 0.880826 0.518066 0.878708 0.518555 0.879767 0.518555 0.880826 0.518066 0.881356 0.518555 0.881886 0.519775 0.880826 0.522461 0.882415 0.524170 0.881356 0.527588 0.886123 0.527100 0.887182 0.527588 0.890360 0.528076 0.889831 0.529053 0.891419 0.529785 0.890890 0.530762 0.893008 0.531250 0.893008 0.531250 0.891949 0.530518 0.889831 0.528076 0.888242 0.528320 0.885593 0.530029 0.885593 0.530273 0.887182 0.530518 0.885593 0.531494 0.887182 0.531982 0.886123 0.532227 0.887182 0.532471 0.883475 0.532959 0.882945 0.533691 0.884534 0.533691 0.886123 0.534424 0.886123 0.534668 0.887182 0.534912 0.886123
1 0.789307 0.871292 0.790283 0.873411 0.791260 0.873941 0.792969 0.877648 0.795410 0.880297 0.797363 0.879767 0.798828 0.884004 0.798340 0.885064 0.799072 0.885064 0.800293 0.882945 0.800293 0.881886 0.799561 0.880297 0.798340 0.880297 0.796875 0.877648 0.796631 0.878178 0.796387 0.876059 0.795654 0.875530 0.795654 0.873411 0.793213 0.874470 0.792725 0.873411 0.791016 0.873941 0.790283 0.871822
1 0.146484 0.874470 0.145264 0.874470 0.144775 0.875530 0.144287 0.873411 0.144775 0.872352 0.143799 0.871292 0.143066 0.873941 0.143555 0.874470 0.143799 0.873411 0.144287 0.874470 0.143066 0.878178 0.141846 0.879767 0.141602 0.880826 0.141846 0.880297 0.142090 0.881886 0.141357 0.884534 0.140625 0.884534 0.140137 0.883475 0.140625 0.882945 0.139893 0.881356 0.139893 0.879767 0.138184 0.880826 0.137695 0.879767 0.137939 0.877119 0.137695 0.880826 0.139404 0.880826 0.140137 0.882415 0.139893 0.883475 0.140625 0.884534 0.140625 0.886123 0.141357 0.886653 0.143066 0.881886 0.142822 0.880826 0.143311 0.878708 0.144531 0.876589 0.146240 0.875530
1 0.558594 0.871292 0.558105 0.873411 0.558350 0.876059 0.559326 0.875530 0.560547 0.878708 0.562012 0.878708 0.562012 0.877648 0.561035 0.875530 0.561523 0.873411 0.559326 0.870763
1 0.461182 0.870763 0.459961 0.875530 0.462402 0.875530 0.463623 0.878178 0.463135 0.878708 0.462891 0.877648 0.460938 0.877648 0.460938 0.878708 0.459717 0.880826 0.459717 0.882945 0.460693 0.883475 0.462402 0.882415 0.463623 0.884004 0.465576 0.882945 0.466309 0.883475 0.466553 0.881356 0.466064 0.880297 0.467529 0.878708 0.467529 0.876059 0.465332 0.875000 0.465088 0.873941 0.463867 0.875000 0.462891 0.871822 0.462646 0.872352 0.462402 0.871292
1 0.396484 0.870763 0.396484 0.872352 0.396973 0.873411 0.395264 0.877119 0.394775 0.877119 0.394775 0.879237 0.394043 0.881886 0.394287 0.882415 0.394775 0.880826 0.395508 0.881356 0.395508 0.886123 0.395996 0.886653 0.395996 0.889301 0.397461 0.892479 0.398438 0.893008 0.398193 0.895127 0.396484 0.893008 0.396484 0.895657 0.395996 0.896186 0.396973 0.896186 0.396484 0.897246 0.396484 0.902013 0.396973 0.903072 0.398682 0.902013 0.399414 0.903602 0.399414 0.905191 0.400146 0.906250 0.400146 0.904661 0.401123 0.902013 0.401123 0.889831 0.401855 0.888771 0.401123 0.888242 0.401123 0.887182 0.399414 0.882415 0.398682 0.884534 0.398193 0.884004 0.398193 0.881356 0.399414 0.880826 0.398926 0.879237 0.397949 0.879237 0.397217 0.877648 0.397217 0.876059 0.397705 0.875000 0.397217 0.874470
1 0.847900 0.870233 0.848389 0.872881 0.848877 0.872352 0.849609 0.873411 0.851074 0.873411 0.851318 0.872352 0.851074 0.870233 0.850830 0.872881 0.850098 0.872881 0.849609 0.871822 0.849609 0.869703 0.849121 0.869174
1 0.495117 0.869174 0.496094 0.871292 0.497314 0.871292 0.498535 0.873411 0.500244 0.873411 0.500488 0.874470 0.501709 0.873941 0.501953 0.875000 0.502197 0.873941 0.502441 0.875000 0.503418 0.875530 0.503906 0.874470 0.507080 0.873941 0.507812 0.875000 0.507324 0.872881 0.506348 0.872881 0.505859 0.871822 0.502441 0.871822 0.502197 0.872881 0.501221 0.872352 0.500977 0.871292 0.500732 0.872352 0.499023 0.871292 0.497559 0.871822 0.496582 0.869703 0.495605 0.868644
1 0.408691 0.868644 0.408203 0.869703 0.408203 0.871822 0.409180 0.872881 0.409668 0.874470 0.409668 0.877119 0.409180 0.877119 0.409668 0.878178 0.409424 0.879237 0.409180 0.878708 0.409668 0.880297 0.409668 0.882415 0.409180 0.882415 0.409668 0.884534 0.410400 0.884004 0.410156 0.882945 0.409912 0.884004 0.409668 0.883475 0.409424 0.879237 0.409668 0.877648 0.410889 0.876059 0.410889 0.875000 0.409180 0.872352 0.409424 0.870763
1 0.189209 0.868644 0.188477 0.868644 0.187256 0.870233 0.186035 0.869703 0.185791 0.872352 0.187744 0.872881 0.188477 0.871292 0.188232 0.869703
1 0.941406 0.869174 0.941162 0.869703 0.940918 0.868644 0.940674 0.869174 0.939697 0.867585 0.938232 0.867585 0.937256 0.868644 0.937256 0.870763 0.935547 0.871822 0.934570 0.873411 0.935791 0.876589 0.939453 0.876059 0.940186 0.874470 0.939697 0.872881 0.940918 0.872352
1 0.763916 0.867055 0.764160 0.869703 0.765869 0.872352 0.765625 0.873941 0.766602 0.875530 0.767090 0.875530 0.770264 0.869703 0.769531 0.867585 0.767822 0.869174 0.766602 0.867585 0.765381 0.868114 0.764893 0.867055
1 0.705566 0.866525 0.705566 0.867585 0.707275 0.869703 0.708496 0.869174 0.708496 0.867585 0.707031 0.864936
1 0.916260 0.864407 0.917480 0.865466 0.917969 0.868644 0.916992 0.869703 0.917236 0.871822 0.916016 0.875000 0.915527 0.875000 0.915771 0.876059 0.916992 0.875530 0.917969 0.877119 0.919189 0.876589 0.917969 0.876059 0.917480 0.874470 0.917480 0.870763 0.918213 0.867585 0.917969 0.865466
1 0.803223 0.864407 0.803223 0.867055 0.805420 0.869174 0.805908 0.871822 0.806641 0.871822 0.807617 0.864936 0.804932 0.863877
1 0.172852 0.885064 0.172119 0.882415 0.170898 0.883475 0.170410 0.881886 0.168945 0.881886 0.168213 0.883475 0.163574 0.881356 0.171631 0.880826 0.169189 0.878708 0.169434 0.876059 0.170410 0.875000 0.168457 0.870763 0.168213 0.874470 0.163086 0.874470 0.159912 0.871292 0.155273 0.863877 0.154785 0.864936 0.155762 0.867055 0.155273 0.870233 0.156250 0.871292 0.156250 0.877119 0.155029 0.876059 0.153320 0.881356 0.152832 0.880297 0.145752 0.885593 0.140625 0.887712 0.141846 0.888242 0.142090 0.890360 0.140625 0.890890 0.140137 0.893008 0.139160 0.890890 0.137939 0.893008 0.136719 0.892479 0.136475 0.889831 0.135254 0.890360 0.136230 0.890890 0.135498 0.894068 0.133301 0.893008 0.132080 0.895127 0.135254 0.897775 0.140137 0.896716 0.141357 0.893538 0.142334 0.895657 0.142822 0.895127 0.142334 0.894068 0.143311 0.892479 0.142822 0.889831 0.144531 0.888242 0.146484 0.891419 0.144287 0.893538 0.144531 0.894597 0.149414 0.893008 0.149658 0.891419 0.160889 0.884534 0.170654 0.886123 0.171143 0.885064 0.171387 0.886123 0.171631 0.884534
1 0.761963 0.862818 0.761230 0.861229 0.760742 0.861758 0.760986 0.863347 0.760498 0.864407 0.759033 0.864407 0.758545 0.867585 0.758789 0.868114 0.760010 0.865466 0.760498 0.865996 0.761230 0.863877 0.761963 0.863877
1 0.904541 0.860169 0.904541 0.861229 0.903809 0.862818 0.903809 0.868644 0.904541 0.870233 0.906982 0.868114 0.909180 0.868114 0.909668 0.864407 0.907227 0.861229 0.906982 0.860169
1 0.778076 0.860699 0.778564 0.862288 0.778320 0.865466 0.779053 0.868114 0.779785 0.868644 0.781982 0.865466 0.780762 0.863347 0.780029 0.860169
1 0.546387 0.864407 0.546875 0.868114 0.547607 0.868644 0.549316 0.872352 0.549805 0.872352 0.551270 0.876059 0.551025 0.879237 0.550537 0.877648 0.549316 0.877119 0.548340 0.873941 0.548828 0.884004 0.549072 0.880826 0.549561 0.881886 0.549316 0.882415 0.550049 0.880826 0.551270 0.880826 0.551514 0.879767 0.552002 0.880297 0.551758 0.879767 0.552734 0.878708 0.553467 0.880826 0.553223 0.884534 0.554199 0.886123 0.554932 0.884534 0.555664 0.885064 0.555664 0.882945 0.556152 0.881886 0.555176 0.880826 0.554443 0.881886 0.553711 0.878178 0.553711 0.881356 0.552979 0.879767 0.552979 0.878708 0.551270 0.875530 0.551025 0.873411 0.550049 0.871822 0.550049 0.870763 0.550781 0.870233 0.550781 0.868644 0.551270 0.868644 0.552246 0.870763 0.552002 0.869703 0.552979 0.868114 0.555176 0.867585 0.554688 0.864936 0.553223 0.861758 0.552002 0.863347 0.551025 0.860169 0.549561 0.862818 0.550049 0.864407 0.549561 0.867055 0.549072 0.864936 0.548340 0.863877
1 0.798584 0.858051 0.798828 0.863347 0.798340 0.864936 0.798340 0.868114 0.797852 0.869174 0.797363 0.868114 0.797607 0.869703 0.797119 0.870233 0.798584 0.871822 0.799561 0.871822 0.800293 0.870233 0.800781 0.870763 0.802002 0.866525 0.800293 0.863347 0.800049 0.861229
1 0.494141 0.858051 0.493652 0.859110 0.493652 0.862288 0.493164 0.863347 0.492188 0.862818 0.492188 0.864936 0.493408 0.863877 0.493652 0.866525 0.494629 0.868114 0.493896 0.864936 0.495117 0.859640 0.494873 0.858051
1 0.153320 0.857521 0.152588 0.861229 0.152100 0.860699 0.152100 0.859110 0.150146 0.858051 0.151367 0.861229 0.151367 0.862288 0.149414 0.867055 0.150879 0.865466 0.151123 0.865996 0.151123 0.864936 0.152588 0.863347 0.153809 0.864407 0.153564 0.865466 0.152832 0.865466 0.152344 0.866525 0.152832 0.867055 0.152588 0.868114 0.154053 0.868644 0.153809 0.867585 0.153320 0.867585 0.153564 0.866525 0.154297 0.867055 0.153564 0.865996 0.154053 0.864936 0.153564 0.863877 0.154053 0.860699
1 0.820801 0.855932 0.821289 0.859640 0.822021 0.859640 0.822754 0.861229 0.822754 0.862818 0.822266 0.863347 0.824951 0.867055 0.826172 0.867585 0.826660 0.866525 0.826904 0.860699 0.825684 0.858051 0.823730 0.858581 0.822510 0.855932
1 0.238037 0.854873 0.237549 0.859110 0.238525 0.860169 0.238525 0.861758 0.237793 0.861758 0.237793 0.862818 0.237305 0.863347 0.237793 0.868644 0.237305 0.869703 0.237549 0.870763 0.236816 0.871822 0.237549 0.873411 0.237061 0.876589 0.240234 0.876589 0.242432 0.872352 0.243164 0.872352 0.243164 0.865996 0.242920 0.864936 0.241455 0.864407 0.241455 0.862288 0.239746 0.859110 0.239502 0.859640 0.239014 0.858581 0.239258 0.858051 0.238037 0.857521
1 0.775879 0.854343 0.774170 0.856992 0.774414 0.860699 0.773682 0.860699 0.773682 0.861758 0.774414 0.862818 0.775146 0.865996 0.776123 0.864936 0.777100 0.860699 0.776855 0.858581 0.776123 0.856992 0.776367 0.854873
1 0.868164 0.852754 0.866455 0.855403 0.864990 0.853814 0.862793 0.854343 0.861084 0.856992 0.860352 0.860699 0.860596 0.863877 0.859619 0.865466 0.857910 0.865466 0.856445 0.863877 0.854980 0.864407 0.854248 0.866525 0.855713 0.866525 0.856445 0.864936 0.856934 0.865996 0.857178 0.865466 0.858643 0.867055 0.859863 0.867055 0.860840 0.864407 0.860840 0.861229 0.861328 0.859640 0.862549 0.858581 0.864014 0.859640 0.864258 0.858581 0.866455 0.856462 0.866699 0.856992 0.867432 0.854873 0.868164 0.855403
1 0.568359 0.852754 0.568359 0.854873 0.567871 0.854873 0.567627 0.855932 0.567627 0.859110 0.569824 0.860169 0.570557 0.856992 0.570312 0.857521 0.569336 0.855403 0.569092 0.853284
1 0.347412 0.849576 0.346924 0.856462 0.347412 0.861758 0.348145 0.864936 0.347900 0.867585 0.348389 0.869174 0.349365 0.869174 0.351074 0.867585 0.351807 0.865996 0.352539 0.867055 0.354248 0.865996 0.354248 0.867055 0.354492 0.865996 0.353760 0.864407 0.354248 0.863877 0.354248 0.856992 0.353760 0.856462 0.353760 0.853284 0.352783 0.851695 0.352539 0.849576 0.350098 0.849576 0.349121 0.851165 0.348145 0.849576
1 0.952148 0.851695 0.952148 0.850106 0.951660 0.849047 0.951172 0.853814 0.949219 0.856992 0.947998 0.855932 0.947510 0.856462 0.946777 0.855403 0.946045 0.855932 0.944824 0.853814 0.944580 0.854343 0.942627 0.850106 0.942139 0.850636 0.941650 0.849576 0.939941 0.850636 0.938477 0.849576 0.940430 0.851165 0.941162 0.850106 0.941406 0.851165 0.942871 0.851165 0.944336 0.853814 0.944336 0.854873 0.946289 0.856462 0.945557 0.856992 0.945312 0.858581 0.945801 0.859110 0.945801 0.858051 0.947021 0.857521 0.947266 0.856462 0.949707 0.856462
1 0.125244 0.849576 0.123535 0.854873 0.121338 0.858581 0.122559 0.859110 0.125244 0.856462 0.127686 0.856462 0.128662 0.859640 0.128418 0.862818 0.128906 0.863877 0.128418 0.864407 0.127930 0.867055 0.128906 0.868644 0.128906 0.869703 0.129639 0.869703 0.129639 0.868644 0.130615 0.866525 0.130615 0.865466 0.130371 0.865996 0.130127 0.864936 0.130615 0.863877 0.130859 0.864407 0.132324 0.861229 0.132324 0.856992 0.133057 0.855932 0.133301 0.858051 0.133545 0.857521 0.133789 0.858581 0.134521 0.855932 0.132812 0.855932 0.132568 0.854343 0.131348 0.853284 0.130859 0.854343 0.130859 0.853284 0.126709 0.849047
1 0.888428 0.846928 0.888672 0.853284 0.890625 0.850106 0.892334 0.850106 0.890869 0.849047 0.890625 0.847987 0.890381 0.848517
1 0.410400 0.846398 0.411133 0.852225 0.411865 0.852225 0.412354 0.851165 0.412109 0.849576 0.412842 0.847458
1 0.395508 0.846398 0.394043 0.847987 0.393066 0.847987 0.392578 0.849047 0.392822 0.850636 0.391846 0.854873 0.393555 0.854343 0.394043 0.853284 0.393799 0.850636
1 0.552979 0.845869 0.553711 0.851165 0.553467 0.851695 0.554932 0.851695 0.555420 0.853814 0.556885 0.855403 0.557129 0.856462 0.557617 0.853814 0.556152 0.851695 0.555908 0.852225 0.555420 0.850106
1 0.284668 0.846928 0.283203 0.850106 0.284912 0.850636 0.286621 0.853284 0.287842 0.859110 0.287842 0.864936 0.286865 0.866525 0.286865 0.867585 0.288086 0.869174 0.288574 0.873411 0.287598 0.876059 0.289551 0.877648 0.290283 0.876589 0.290527 0.877119 0.292725 0.872352 0.292480 0.871292 0.292969 0.869703 0.292969 0.867055 0.291504 0.866525 0.289795 0.863347 0.292236 0.859640 0.292480 0.855932 0.290283 0.852225 0.288818 0.846928 0.288086 0.846928 0.287842 0.845869
1 0.820068 0.845339 0.818848 0.847458 0.817139 0.847987 0.817871 0.850106 0.817871 0.851695 0.819092 0.854343 0.820068 0.854343 0.820557 0.853284 0.821289 0.853814 0.821045 0.853284 0.822021 0.851695 0.821777 0.849047
1 0.466797 0.843220 0.465820 0.845339 0.469971 0.857521 0.468506 0.864936 0.465820 0.862818 0.471924 0.871292 0.471191 0.879767 0.473389 0.877648 0.473633 0.881886 0.478516 0.883475 0.478027 0.892479 0.480225 0.902542 0.479492 0.916843 0.477539 0.919492 0.476807 0.926907 0.473633 0.929025 0.472900 0.935381 0.465820 0.940678 0.463379 0.938559 0.460449 0.949153 0.453125 0.957627 0.452148 0.961335 0.453613 0.964513 0.452148 0.969809 0.457275 0.969809 0.457031 0.973517 0.463867 0.961864 0.463623 0.958157 0.464355 0.961335 0.469727 0.953390 0.470703 0.947564 0.472168 0.952860 0.473633 0.951271 0.473145 0.956038 0.472168 0.954449 0.473633 0.967691 0.471191 0.966102 0.471924 0.971398 0.472168 0.966631 0.473633 0.969809 0.476318 0.957097 0.473877 0.953919 0.473633 0.947564 0.475098 0.943326 0.476562 0.946504 0.474365 0.936441 0.477539 0.938559 0.477051 0.946504 0.478271 0.949153 0.479492 0.947564 0.478271 0.946504 0.478760 0.935381 0.481201 0.930085 0.483398 0.932733 0.482910 0.929555 0.487061 0.931144 0.489990 0.927966 0.489502 0.924258 0.493896 0.923199 0.490479 0.923199 0.490479 0.912606 0.487061 0.912076 0.486816 0.917373 0.484131 0.915254 0.484619 0.912606 0.486572 0.914725 0.485107 0.902542 0.489990 0.902013 0.490723 0.890360 0.493896 0.887182 0.495117 0.881356 0.487305 0.893008 0.487793 0.899364 0.484619 0.894597 0.482422 0.898305 0.476318 0.877119 0.478516 0.872352 0.482666 0.870763 0.480225 0.865996 0.472900 0.864936 0.471191 0.851165
1 0.706543 0.844280 0.701172 0.844280 0.700439 0.842691 0.701172 0.842161 0.698730 0.841631 0.698730 0.843750 0.699219 0.844809 0.698975 0.846928 0.697510 0.846398 0.696777 0.848517 0.696777 0.850106 0.696045 0.851695 0.694580 0.850636 0.694580 0.851695 0.693848 0.851165 0.692871 0.853284 0.694824 0.853814 0.695557 0.851695 0.697754 0.853284 0.698486 0.852225 0.697510 0.850106 0.697754 0.849047 0.698975 0.848517 0.699463 0.850106 0.700439 0.846928 0.700684 0.847987 0.701904 0.847987 0.702393 0.846928 0.703857 0.847987 0.704102 0.846928 0.705322 0.846398 0.704590 0.846398 0.704590 0.844809
1 0.130371 0.841102 0.130371 0.842161 0.132324 0.845339 0.132812 0.847987 0.134521 0.847987 0.135498 0.846398 0.135498 0.844809 0.134766 0.842691 0.133789 0.842691 0.132568 0.844280 0.132324 0.841102
1 0.951904 0.842691 0.949707 0.840572 0.950195 0.842161 0.949951 0.843750 0.947998 0.842161 0.948242 0.842691 0.947754 0.844280 0.948975 0.844280 0.950439 0.845869 0.950439 0.844280 0.949951 0.843750
1 0.809570 0.838983 0.809570 0.842691 0.809082 0.843220 0.809814 0.843220 0.810059 0.845339 0.811523 0.847458 0.813965 0.846398 0.813965 0.843750 0.812988 0.840042 0.812744 0.840572 0.811768 0.838983 0.811523 0.839513 0.811279 0.838453
1 0.120605 0.840042 0.119873 0.840042 0.118164 0.836864 0.115967 0.835805 0.114014 0.839513 0.113525 0.841631 0.112061 0.842161 0.109619 0.845339 0.108643 0.847458 0.108887 0.849047 0.108398 0.849576 0.112549 0.847987 0.113281 0.846398 0.114746 0.845339 0.114990 0.844280 0.115234 0.844809 0.116455 0.843750 0.118896 0.843750 0.120117 0.842161
1 0.806152 0.835275 0.805664 0.835275 0.804688 0.837924 0.805176 0.840572 0.804443 0.840572 0.805664 0.842691 0.806396 0.841102 0.807373 0.840572
1 0.241699 0.834216 0.240723 0.835805 0.240479 0.839513 0.239502 0.837924 0.239014 0.838453 0.239258 0.841102 0.238770 0.841102 0.239746 0.842691 0.240234 0.845339 0.240967 0.844809 0.241943 0.842161
1 0.924561 0.833686 0.925049 0.835805 0.924805 0.837924 0.926025 0.839513 0.926025 0.842161 0.927002 0.846398 0.927002 0.849576 0.927734 0.851165 0.929199 0.851695 0.929932 0.850106 0.933838 0.850106 0.934082 0.848517 0.934814 0.849047 0.935303 0.846928 0.935059 0.845869 0.933838 0.845339 0.933350 0.844280 0.932617 0.845339 0.932129 0.844280 0.930908 0.843750 0.930664 0.842691 0.929688 0.843220 0.929199 0.838983 0.928711 0.838983 0.928711 0.841631 0.928223 0.842161 0.927490 0.837924 0.927979 0.837394
1 0.255615 0.833157 0.254639 0.834216 0.254150 0.838453 0.253662 0.838983 0.253418 0.837394 0.252930 0.838453 0.252686 0.841102 0.251953 0.840042 0.251953 0.844280 0.252441 0.846928 0.253418 0.845339 0.253906 0.840572 0.255615 0.835805
1 0.986084 0.833686 0.986084 0.834746 0.986816 0.836335 0.987549 0.835275 0.988770 0.836335 0.989502 0.836335 0.989746 0.835275 0.990967 0.835275 0.989258 0.834746 0.987793 0.832627 0.986816 0.832627
1 0.536133 0.832627 0.535156 0.834746 0.535156 0.836335 0.535645 0.837924 0.536377 0.837924 0.536621 0.839513 0.537598 0.834216 0.536865 0.834216
1 0.508301 0.826271 0.507568 0.827331 0.505371 0.826271 0.504883 0.827331 0.504639 0.830508 0.504150 0.829449 0.503906 0.830508 0.503662 0.828919 0.503418 0.829449 0.503906 0.831038 0.502930 0.833157 0.502930 0.834216 0.503418 0.835275 0.503906 0.834746 0.504395 0.832097 0.506104 0.831568 0.506592 0.829449 0.507324 0.829449 0.507568 0.827331
1 0.215820 0.827331 0.215088 0.827860 0.214844 0.827331 0.215332 0.826271 0.214600 0.826271 0.212402 0.828390 0.212158 0.827860 0.213135 0.826801 0.212646 0.826271 0.212158 0.827331 0.211914 0.826801 0.210938 0.827860 0.210938 0.829979 0.212158 0.830508 0.211914 0.832097 0.210449 0.833686 0.210205 0.834746 0.209473 0.834746 0.209473 0.836335 0.208984 0.837394 0.209229 0.836864 0.209717 0.837924 0.211182 0.833157 0.213135 0.829449 0.213379 0.829979 0.213379 0.828919 0.214600 0.828390 0.214600 0.827331
1 0.875977 0.820445 0.875977 0.822034 0.875244 0.823623 0.874268 0.822564 0.875000 0.824153 0.875244 0.828390 0.874512 0.828919 0.874756 0.832627 0.874268 0.833157 0.874268 0.834216 0.874756 0.834216 0.874756 0.830508 0.875488 0.826801 0.876465 0.825212 0.875732 0.825742 0.875244 0.824153 0.876953 0.822034 0.876465 0.822034
1 0.999756 0.819915 0.999268 0.822564 0.997803 0.822564 0.997803 0.823623 0.998535 0.824682 0.998535 0.826801 0.999023 0.827331 0.999512 0.830508 0.998535 0.830508 0.997559 0.833157 0.998779 0.833157 0.999023 0.834216 0.999756 0.834216
1 0.715088 0.820975 0.714355 0.822034 0.713135 0.819915 0.713135 0.820975 0.711182 0.826271 0.710449 0.825212 0.709717 0.826801 0.710449 0.827860 0.709961 0.828919 0.709473 0.828390 0.709229 0.829979 0.708496 0.829449 0.708008 0.830508 0.708008 0.832097 0.708984 0.832627 0.707520 0.836864 0.707520 0.841631 0.708008 0.842161 0.707520 0.843220 0.708496 0.843220 0.708008 0.844280 0.708496 0.845869 0.708984 0.842691 0.709717 0.843750 0.709717 0.838983 0.710449 0.838983 0.710205 0.841631 0.710938 0.835275 0.711914 0.835275 0.712158 0.834746 0.711670 0.834216 0.712402 0.833157 0.712891 0.834216 0.714111 0.834746 0.714355 0.833686 0.715332 0.834216 0.716064 0.833157 0.715088 0.831038 0.715332 0.829979 0.717529 0.829979 0.717041 0.828390 0.715332 0.828390 0.714844 0.829449 0.714600 0.826271 0.713379 0.827331 0.712646 0.826801 0.712646 0.825212 0.713135 0.824682 0.712891 0.823623 0.713623 0.822564 0.714600 0.822564
1 0.155762 0.822034 0.155029 0.819915 0.153809 0.819915 0.153076 0.822034 0.152588 0.822034 0.153809 0.824153 0.153564 0.824682 0.151367 0.822034 0.150879 0.823623 0.152344 0.826271 0.153320 0.826801
1 0.365967 0.819386 0.365723 0.821504 0.366211 0.822034 0.366699 0.827860 0.367432 0.825742 0.367920 0.821504
1 0.170898 0.818856 0.169922 0.823093 0.170166 0.825212 0.170410 0.824682 0.170898 0.825742 0.170654 0.824153 0.171387 0.823093 0.171631 0.823623 0.171631 0.819915
1 0.798340 0.817797 0.797119 0.818856 0.796875 0.820445 0.795898 0.821504 0.796143 0.822564 0.796631 0.822564 0.796875 0.825742 0.794922 0.827331 0.796631 0.832627 0.796631 0.836335 0.797119 0.837394 0.799316 0.838983 0.801025 0.838983 0.801514 0.838453 0.802002 0.835805 0.803467 0.832627 0.804199 0.832627 0.805176 0.829979 0.803711 0.826801 0.802734 0.826801 0.802246 0.825742 0.801514 0.827331 0.800781 0.824682 0.800781 0.823093 0.801270 0.822564 0.800293 0.821504 0.800293 0.818856 0.799805 0.819386 0.799072 0.817797
1 0.888916 0.814619 0.888672 0.817797 0.889160 0.818856 0.891846 0.818326 0.891357 0.818326 0.890137 0.815678 0.890137 0.814619
1 0.748779 0.814619 0.749512 0.817797 0.751221 0.819915 0.752197 0.819915 0.754883 0.815678 0.753662 0.814089 0.751953 0.814089 0.751709 0.815148 0.750488 0.815148 0.750000 0.814089
1 0.667969 0.814619 0.668457 0.816737 0.670654 0.816737 0.670654 0.815148 0.669922 0.814089
1 0.177734 0.810911 0.177734 0.812500 0.176514 0.813559 0.176758 0.821504 0.178467 0.822034 0.177490 0.820975 0.177979 0.815678 0.177490 0.814089 0.177979 0.813030
1 0.134033 0.809852 0.133789 0.817267 0.134033 0.815148 0.134521 0.814619 0.135254 0.816208 0.136230 0.816737 0.138916 0.822034 0.140137 0.822034 0.140625 0.823093 0.140137 0.824153 0.140869 0.825212 0.140625 0.823623 0.140869 0.823093 0.141113 0.824153 0.142090 0.822564 0.142090 0.820975 0.143555 0.822564 0.143066 0.823093 0.143311 0.824153 0.142578 0.828390 0.142822 0.827331 0.143799 0.828390 0.143311 0.832097 0.144775 0.837924 0.144287 0.840042 0.144531 0.838983 0.146484 0.844280 0.146973 0.847987 0.148682 0.852225 0.148682 0.853284 0.149658 0.853284 0.149902 0.852225 0.151611 0.852225 0.151855 0.851165 0.152344 0.851165 0.153076 0.853284 0.150635 0.846398 0.149902 0.840042 0.150879 0.840042 0.151367 0.837924 0.152344 0.838453 0.151611 0.837924 0.151611 0.836864 0.153564 0.836864 0.154785 0.837924 0.155029 0.836864 0.154297 0.836864 0.154053 0.835805 0.155273 0.834746 0.153076 0.833686 0.150146 0.834216 0.148682 0.832627 0.148682 0.830508 0.147217 0.830508 0.146240 0.827860 0.144775 0.818856 0.144287 0.818326 0.144287 0.813559 0.142578 0.813030 0.142578 0.817267 0.142090 0.817797 0.142090 0.815678 0.141602 0.815678 0.141602 0.819386 0.142090 0.820975 0.140869 0.822564 0.134521 0.814619 0.133789 0.813030
1 0.152588 0.808263 0.150146 0.809322 0.150879 0.809852 0.149902 0.811441 0.148682 0.811441 0.148438 0.810381 0.149170 0.809322 0.147949 0.809322 0.146973 0.811441 0.146973 0.815148 0.147461 0.816208 0.148193 0.815678 0.150146 0.810911 0.150879 0.810911 0.151367 0.809322
1 0.799316 0.804555 0.799316 0.806144 0.799805 0.807203 0.799805 0.813030 0.800537 0.814619 0.801270 0.815148 0.802490 0.814089 0.804199 0.814089 0.804688 0.813030 0.806152 0.812500 0.806885 0.810911 0.808350 0.810911 0.808838 0.809852 0.808838 0.811441 0.809326 0.812500 0.808838 0.815148 0.810547 0.817267 0.811035 0.816208 0.810547 0.810911 0.809814 0.809852 0.810059 0.808263 0.810791 0.808263 0.808838 0.808263 0.807861 0.807203 0.807617 0.805614 0.806152 0.805085 0.805664 0.806674 0.806152 0.806144 0.806396 0.807203 0.804443 0.809322 0.803711 0.807733 0.802246 0.807733 0.801025 0.805614
1 0.818359 0.804025 0.816650 0.804025 0.814941 0.807733 0.815430 0.808792 0.816650 0.808792 0.817139 0.806674 0.818359 0.805085
1 0.258545 0.800847 0.257812 0.800847 0.256836 0.804555 0.256348 0.804025 0.255615 0.805085 0.253906 0.804025 0.251709 0.805614 0.253174 0.805614 0.253662 0.808792 0.252197 0.810911 0.250732 0.815148 0.251465 0.815148 0.251709 0.816208 0.252930 0.815678 0.255371 0.810381 0.254883 0.806674 0.256592 0.805085 0.256836 0.806674 0.257568 0.806674 0.257812 0.803496 0.258545 0.801907
1 0.827148 0.800318 0.826660 0.808792 0.826904 0.809852 0.828369 0.810381 0.828613 0.811441 0.828125 0.812500 0.828613 0.811970 0.828857 0.813030 0.828125 0.813559 0.828125 0.814619 0.827148 0.816208 0.826904 0.818856 0.827637 0.820445 0.829346 0.822034 0.829590 0.824153 0.829102 0.826801 0.830078 0.825742 0.830322 0.824153 0.831299 0.823093 0.831543 0.823623 0.832031 0.822564 0.833252 0.816208 0.831055 0.815148 0.831055 0.813559 0.830322 0.813030 0.830322 0.811441 0.829346 0.809322 0.828857 0.804025 0.829102 0.802436 0.828613 0.801907 0.828857 0.801377 0.828125 0.800318 0.827637 0.801377
1 0.789062 0.800318 0.788330 0.803496 0.789062 0.805614 0.788086 0.806674 0.787598 0.805614 0.786621 0.807203 0.786621 0.809852 0.786133 0.810381 0.786133 0.815148 0.784912 0.815148 0.787354 0.817267 0.789307 0.820445 0.791016 0.820975 0.792236 0.819386 0.792480 0.816737 0.791260 0.813559 0.791016 0.808792 0.790039 0.806144 0.790039 0.802436
1 0.247559 0.799788 0.248047 0.801907 0.247559 0.802966 0.248047 0.804025 0.247559 0.805085 0.247559 0.806674 0.248047 0.807203 0.248047 0.808792 0.248535 0.808792 0.249023 0.804025 0.248047 0.801907 0.248535 0.800847
1 0.146240 0.799788 0.144775 0.800847 0.143555 0.803496 0.144043 0.804025 0.143799 0.804555 0.145752 0.804025
1 0.527100 0.793962 0.526855 0.797140 0.526123 0.798199 0.525879 0.797669 0.526123 0.798199 0.524902 0.799788 0.524414 0.804025 0.527832 0.799258 0.527588 0.797669 0.527344 0.798199 0.526855 0.797140
1 0.160156 0.793962 0.158691 0.794492 0.156738 0.798729 0.156982 0.800318 0.157715 0.800318
1 0.784668 0.793432 0.783936 0.795551 0.784180 0.800847 0.784668 0.801907 0.786621 0.802436 0.787354 0.800318 0.785889 0.796610 0.785645 0.793962 0.785400 0.794492
1 0.831055 0.792373 0.830811 0.790784 0.829590 0.792373 0.829346 0.791843 0.827637 0.795021 0.827637 0.792903 0.826904 0.794492 0.828857 0.795021 0.830078 0.792903
1 0.826172 0.790784 0.825684 0.789725 0.825195 0.790254 0.824707 0.789195 0.823730 0.789195 0.822510 0.790254 0.821289 0.792903 0.822266 0.792903 0.822998 0.791314 0.824219 0.790784 0.824463 0.789725 0.825195 0.790784
1 0.766602 0.788136 0.766602 0.789725 0.767334 0.789725 0.767578 0.790784 0.768311 0.790784 0.768555 0.791843 0.770020 0.793432 0.770264 0.792903 0.769775 0.791314 0.768311 0.790784 0.769287 0.788665 0.768311 0.787076 0.767822 0.788136
1 0.665039 0.785487 0.664551 0.785487 0.663818 0.787076 0.663818 0.788665 0.663086 0.789195 0.663086 0.791314 0.662598 0.792373 0.663330 0.794492 0.664307 0.793962 0.664307 0.789725 0.665039 0.788136 0.666016 0.787606
1 0.654297 0.785487 0.654297 0.786547 0.655029 0.785487 0.655762 0.787076 0.655273 0.788136 0.655518 0.788665 0.657227 0.788665 0.658447 0.790784 0.661621 0.792373 0.661133 0.791843 0.661621 0.791314 0.658936 0.790254 0.658447 0.789195 0.658691 0.788665 0.657715 0.787076 0.656738 0.787076 0.654785 0.784958
1 0.791016 0.785487 0.793945 0.787076 0.793945 0.785487 0.795166 0.786017 0.795898 0.787606 0.796143 0.786547 0.796631 0.787076 0.796143 0.786017 0.793213 0.786017 0.792969 0.784428 0.794189 0.783898 0.793701 0.783369 0.792236 0.783369
1 0.763916 0.783898 0.764404 0.784958 0.767578 0.785487 0.767822 0.784428 0.768311 0.784428 0.767090 0.783369
1 0.154053 0.782839 0.153320 0.782839 0.153076 0.783898 0.152832 0.783369 0.152588 0.784958 0.151855 0.783369 0.148438 0.788665 0.150879 0.791314 0.151611 0.790254 0.150146 0.789725 0.150146 0.788136 0.150635 0.787606 0.150146 0.786547 0.150635 0.785487 0.151367 0.785487 0.151367 0.784428 0.152344 0.784428 0.152588 0.785487 0.153076 0.785487 0.152832 0.784958 0.153809 0.784428
1 0.121338 0.782839 0.122803 0.786547 0.123779 0.787076 0.124268 0.788665 0.124512 0.788136 0.125244 0.790254 0.124512 0.790784 0.122314 0.787606 0.122314 0.790254 0.123535 0.791843 0.123291 0.791314 0.124023 0.790254 0.125732 0.790784 0.126465 0.789725 0.125977 0.788136 0.125000 0.788136 0.124512 0.786547
1 0.761475 0.781780 0.760254 0.783898 0.760254 0.785487 0.760986 0.785487 0.761230 0.787606 0.762451 0.787606 0.762451 0.785487 0.761963 0.786017 0.761230 0.784428 0.762207 0.782309
1 0.173828 0.787606 0.174805 0.788665 0.174316 0.789195 0.174805 0.789725 0.175781 0.787606 0.176270 0.788136 0.176025 0.788665 0.178955 0.784428 0.180908 0.786017 0.180908 0.787606 0.182373 0.786547 0.182129 0.786017 0.182861 0.784958 0.181396 0.786547 0.177490 0.782309 0.175781 0.781780 0.176758 0.783898 0.176025 0.787606 0.175781 0.786547 0.175537 0.787606
1 0.783447 0.781250 0.784180 0.784428 0.785889 0.784428 0.786621 0.782839 0.785645 0.781250
1 0.804443 0.780720 0.803711 0.780720 0.802979 0.782309 0.801025 0.781250 0.798096 0.781250 0.797363 0.781780 0.797119 0.785487 0.797363 0.786017 0.798096 0.783369 0.798340 0.783898 0.799561 0.781780 0.800293 0.781780 0.801270 0.783369 0.803955 0.781780
1 0.242188 0.780191 0.241943 0.788136 0.241211 0.787076 0.241455 0.781780 0.240723 0.781780 0.240723 0.784428 0.241211 0.784958 0.240967 0.787606 0.241455 0.787606 0.241699 0.788665 0.240723 0.791314 0.240479 0.800318 0.240967 0.801377 0.240723 0.797140 0.241455 0.795021 0.241455 0.792373 0.241943 0.791843 0.242432 0.802436 0.242432 0.796610 0.242920 0.796081 0.242920 0.781780
1 0.244629 0.777542 0.244141 0.779131 0.245117 0.779661 0.245117 0.784428 0.246094 0.786017 0.246094 0.787606 0.245117 0.788136 0.245117 0.797140 0.245605 0.797669 0.246094 0.802436 0.246826 0.802436 0.246826 0.799788 0.245850 0.798199 0.246338 0.797140 0.245850 0.796610 0.246338 0.796081 0.245850 0.795551 0.246338 0.795021 0.246582 0.786547 0.245850 0.784428 0.246094 0.782839 0.245605 0.782839 0.245850 0.779661 0.245117 0.779661
1 0.779053 0.774364 0.776855 0.774894 0.776855 0.780191 0.777832 0.780191
1 0.845215 0.773835 0.843750 0.774364 0.842285 0.776483 0.841797 0.780191 0.842285 0.782309 0.841309 0.784428 0.837158 0.786017 0.838623 0.786547 0.841553 0.784428 0.844238 0.784958 0.843506 0.784958 0.842529 0.782309 0.842529 0.778072 0.843994 0.774364 0.844238 0.774894
1 0.272705 0.773835 0.272217 0.775424 0.272949 0.777542 0.272461 0.778072 0.271973 0.777013 0.272217 0.777542 0.271484 0.778072 0.271240 0.782309 0.271973 0.787606 0.274170 0.787076 0.275391 0.784958 0.274902 0.782839 0.273193 0.780720 0.272949 0.778072 0.273682 0.775953 0.273926 0.776483 0.273926 0.774894
1 0.485352 0.773305 0.486328 0.777013 0.485596 0.778072 0.485596 0.779131 0.486572 0.779661 0.487549 0.778602 0.485840 0.773305
1 0.460693 0.773305 0.458740 0.775424 0.457031 0.779661 0.457031 0.781250 0.459229 0.780720 0.459229 0.778072 0.459717 0.777013 0.460693 0.778072 0.460449 0.779131 0.460449 0.777542 0.461426 0.776483
1 0.637451 0.777542 0.637207 0.776483 0.636475 0.776483 0.635254 0.772246 0.634766 0.772246 0.634033 0.773835 0.634033 0.775953 0.632080 0.774894 0.631104 0.773305 0.630127 0.773835 0.630371 0.775953 0.631592 0.778602 0.633301 0.778072 0.634033 0.776483
1 0.269531 0.774894 0.268066 0.772246 0.267090 0.772246 0.266846 0.773305 0.264648 0.772775 0.263428 0.774364 0.262695 0.773835 0.263184 0.773835 0.263428 0.775424 0.264160 0.775424 0.265625 0.777542 0.263916 0.778072 0.263184 0.776483 0.262451 0.776483 0.262207 0.775424 0.260254 0.773835 0.258057 0.780720 0.258057 0.781780 0.257080 0.783898 0.256348 0.783898 0.255615 0.782309 0.254883 0.776483 0.253906 0.776483 0.253662 0.775424 0.252930 0.776483 0.252930 0.778602 0.252441 0.779661 0.252441 0.781250 0.252930 0.781780 0.252930 0.784958 0.252197 0.788136 0.251709 0.787076 0.251953 0.785487 0.250000 0.780720 0.248291 0.783898 0.248535 0.787606 0.247803 0.789725 0.248047 0.797669 0.247559 0.797669 0.248291 0.797669 0.248535 0.799788 0.249023 0.799258 0.249512 0.801377 0.250977 0.799788 0.251465 0.798199 0.254883 0.797140 0.254883 0.795021 0.255615 0.792903 0.255859 0.793962 0.256592 0.793962 0.257324 0.795551 0.258789 0.795021 0.260254 0.797669 0.260254 0.799788 0.261719 0.799788 0.262451 0.798729 0.262695 0.795551 0.260498 0.795021 0.259033 0.792903 0.258789 0.791314 0.259521 0.787606 0.260498 0.786017 0.262939 0.786017 0.262939 0.784428 0.263916 0.781780 0.266602 0.780720 0.267334 0.779131 0.268311 0.778602 0.268799 0.777542 0.268555 0.777013 0.269287 0.775424 0.269531 0.775953
1 0.817627 0.771716 0.813477 0.774894 0.812744 0.777542 0.811523 0.778602 0.811523 0.779661 0.812256 0.779661 0.812500 0.778602 0.812988 0.779661 0.812988 0.781250 0.813477 0.781250 0.813477 0.778602 0.813965 0.778072 0.813477 0.778072 0.813232 0.777013 0.813965 0.777013 0.813965 0.774894 0.814697 0.773835 0.815674 0.775953 0.816162 0.775953 0.816406 0.774894 0.817139 0.775953 0.817627 0.774894
1 0.823242 0.771186 0.823975 0.773835 0.822510 0.774894 0.822266 0.774364 0.821777 0.775424 0.822754 0.775424 0.822998 0.776483 0.825195 0.778072 0.825684 0.779131 0.825195 0.781250 0.826660 0.780191 0.826904 0.783369 0.827148 0.782309 0.828125 0.782309 0.826416 0.779131 0.826416 0.776483 0.827148 0.774894 0.827637 0.775953 0.828369 0.775953 0.828613 0.774364 0.830566 0.774894 0.827393 0.770657
1 0.836182 0.773305 0.835205 0.770127 0.833984 0.768008 0.834229 0.767479 0.832520 0.768538 0.833740 0.769068 0.833252 0.770127 0.833252 0.772246 0.831055 0.769597 0.832520 0.772246 0.832764 0.771716 0.833252 0.772775
1 0.382080 0.765890 0.382812 0.770127 0.384277 0.772775 0.385010 0.772775 0.385254 0.771716 0.384277 0.770127 0.382568 0.765360
1 0.842529 0.763771 0.842041 0.765360 0.840332 0.764831 0.839600 0.766419 0.837891 0.765890 0.838623 0.765890 0.839600 0.768008 0.839844 0.770657 0.839111 0.772775 0.840820 0.776483 0.841309 0.774894 0.840576 0.771186 0.840820 0.764831 0.842041 0.765890 0.843018 0.768538 0.844238 0.769068 0.844727 0.770127 0.844238 0.771186 0.844971 0.771716 0.845459 0.770657 0.845459 0.768538 0.844727 0.769597 0.842285 0.765360
1 0.166504 0.762182 0.166504 0.764831 0.166016 0.765890 0.166016 0.769068 0.166504 0.771186 0.166260 0.774364 0.166992 0.772775 0.167725 0.773835 0.167725 0.774894 0.170410 0.775424 0.171387 0.777542 0.171875 0.776483 0.168457 0.774894 0.166260 0.770127 0.166260 0.769068 0.166992 0.767479 0.166260 0.763242
1 0.492920 0.757945 0.491943 0.760064 0.489990 0.761123 0.489502 0.763242 0.490479 0.764831 0.491211 0.764831 0.490967 0.763242 0.492432 0.759004 0.493164 0.759004
1 0.706543 0.757415 0.705566 0.757945 0.705811 0.760064 0.704590 0.762712 0.704834 0.765360 0.706299 0.763771 0.707031 0.761123
1 0.585938 0.762712 0.587158 0.763242 0.587402 0.764301 0.589600 0.763771 0.590088 0.765360 0.591064 0.766419 0.591064 0.764831 0.590088 0.764301 0.590576 0.760593 0.589600 0.759004 0.589600 0.757415 0.588867 0.757415 0.588379 0.758475 0.588379 0.761123 0.588867 0.761653 0.588379 0.762712
1 0.221436 0.756356 0.220947 0.755826 0.220703 0.756886 0.219971 0.756886 0.219238 0.760064 0.219971 0.760064 0.220459 0.761123 0.220947 0.759534 0.220947 0.757415
1 0.424072 0.754767 0.421875 0.757415 0.421631 0.762712 0.420654 0.762182 0.420654 0.757415 0.418213 0.756356 0.416504 0.761123 0.416992 0.766419 0.417969 0.765890 0.417969 0.770657 0.416992 0.771186 0.417236 0.769068 0.416016 0.770127 0.414307 0.766949 0.413574 0.770657 0.413818 0.775953 0.416260 0.770657 0.416992 0.771186 0.416504 0.775953 0.414307 0.777542 0.414307 0.786547 0.412109 0.790254 0.409424 0.789725 0.409424 0.787076 0.408203 0.795021 0.406250 0.794492 0.407715 0.796610 0.409180 0.793962 0.413574 0.793962 0.414062 0.799258 0.415039 0.799788 0.413330 0.807203 0.411865 0.805085 0.412842 0.804555 0.412842 0.796610 0.409668 0.796610 0.407959 0.801907 0.405762 0.802436 0.407227 0.810381 0.406982 0.813559 0.405762 0.810381 0.405762 0.813559 0.408203 0.813559 0.406738 0.817267 0.407715 0.824682 0.407959 0.816737 0.409912 0.815678 0.410400 0.818326 0.411865 0.816737 0.411621 0.813030 0.412842 0.809322 0.413086 0.813030 0.415527 0.813559 0.415527 0.818856 0.417236 0.817267 0.417480 0.819386 0.418457 0.816737 0.417969 0.813030 0.416748 0.812500 0.418213 0.808263 0.418457 0.813030 0.419189 0.812500 0.419189 0.808263 0.418213 0.806144 0.419678 0.803496 0.419922 0.807203 0.420654 0.796610 0.416016 0.796610 0.416992 0.791843 0.418457 0.795021 0.421387 0.792903 0.421875 0.796081 0.423584 0.795021 0.423096 0.797140 0.424072 0.797669 0.424561 0.793432 0.423828 0.791843 0.421631 0.792903 0.422363 0.784958 0.421143 0.782309 0.421143 0.778602 0.423584 0.777013 0.423584 0.771716 0.426025 0.771716 0.425293 0.770657 0.426270 0.769597 0.425293 0.768008 0.422119 0.771716 0.421875 0.764301 0.425049 0.762182 0.424805 0.766419 0.426270 0.765360
1 0.314453 0.754767 0.314453 0.757415 0.315186 0.759534 0.316406 0.760593 0.317383 0.762712 0.317139 0.764301 0.316895 0.763242 0.316650 0.764301 0.315918 0.763242 0.316650 0.764301 0.316406 0.764831 0.316650 0.764301 0.317139 0.765360 0.317871 0.764301 0.317383 0.763771 0.317871 0.762712 0.317871 0.760593 0.316895 0.758475 0.315918 0.757945
1 0.175781 0.756356 0.175781 0.757415 0.176514 0.757945 0.177002 0.759534 0.178955 0.757945 0.180908 0.759534 0.184570 0.759534 0.181396 0.759004 0.180176 0.756886 0.180420 0.756356 0.181885 0.756356 0.183105 0.757945 0.184814 0.757415 0.190186 0.759534 0.187500 0.758475 0.186768 0.757415 0.182129 0.756356 0.180664 0.754767 0.179932 0.756886 0.177490 0.759004
1 0.464844 0.771716 0.466553 0.774894 0.467285 0.774364 0.467529 0.775424 0.468994 0.773305 0.470703 0.772775 0.470703 0.771716 0.471680 0.770657 0.472168 0.773305 0.472900 0.773835 0.473145 0.775424 0.473145 0.774364 0.473633 0.774364 0.473633 0.775953 0.473633 0.774364 0.474121 0.773835 0.473877 0.772246 0.474365 0.772246 0.473877 0.768008 0.474854 0.765360 0.476562 0.766419 0.476318 0.765890 0.477051 0.764831 0.480225 0.764301 0.480469 0.761653 0.479492 0.760064 0.478516 0.760064 0.477295 0.762712 0.475586 0.763242 0.475098 0.765360 0.473145 0.764831 0.472656 0.762182 0.472412 0.762712 0.472168 0.761653 0.471924 0.762712 0.469238 0.762712 0.468994 0.762182 0.470215 0.760064 0.472656 0.760064 0.472656 0.757945 0.472168 0.757415 0.471924 0.759534 0.470459 0.759004 0.470459 0.755826 0.470947 0.754237 0.470215 0.754237 0.470215 0.756886 0.468262 0.760593 0.468262 0.761653 0.470215 0.764831 0.468750 0.765360 0.468262 0.763771 0.468262 0.764831 0.467773 0.765360 0.467529 0.769068 0.466797 0.768008 0.467285 0.767479 0.467041 0.765890 0.466064 0.765890 0.465820 0.769597
1 0.644043 0.758475 0.641357 0.756886 0.639404 0.752648 0.638672 0.753708 0.636963 0.753178 0.637695 0.755826 0.636963 0.757415 0.636719 0.760593 0.633789 0.761653 0.635742 0.764301 0.637939 0.763771 0.642334 0.765360 0.642822 0.763242 0.641846 0.761123 0.641113 0.761123 0.641357 0.761653 0.640869 0.762182 0.640137 0.760593 0.640137 0.758475 0.640625 0.757415 0.641846 0.757945 0.642822 0.759534 0.644043 0.759534
1 0.442383 0.752119 0.442383 0.753178 0.441162 0.753178 0.441406 0.753708 0.440186 0.755826 0.441406 0.760064 0.442627 0.759534 0.441895 0.754237 0.442139 0.753178 0.442627 0.753178
1 0.750732 0.751589 0.750000 0.753178 0.750000 0.755297 0.749268 0.758475 0.749512 0.760064 0.750244 0.760064 0.750977 0.756356 0.751953 0.754767
1 0.319336 0.754237 0.321289 0.760064 0.322510 0.761653 0.324951 0.761123 0.327148 0.762182 0.327637 0.764301 0.327637 0.768538 0.327148 0.770657 0.331055 0.768008 0.331055 0.766949 0.330078 0.764831 0.330078 0.763242 0.331299 0.761123 0.330566 0.760593 0.330322 0.758475 0.329590 0.757415 0.329590 0.755826 0.328369 0.757945 0.326172 0.753178 0.324463 0.752119 0.322754 0.752648 0.322510 0.751589 0.321777 0.752648 0.320557 0.752119
1 0.677979 0.750000 0.677246 0.752648 0.677490 0.753708 0.676758 0.758475 0.678467 0.760064 0.678711 0.757415 0.678223 0.754237 0.678711 0.753708
1 0.613281 0.749470 0.613525 0.751589 0.614746 0.752648 0.614746 0.754767 0.613281 0.756356 0.613281 0.757415 0.612549 0.758475 0.612793 0.761123 0.611572 0.762182 0.611572 0.763242 0.613037 0.763242 0.613281 0.764301 0.614258 0.764301 0.614746 0.766419 0.611816 0.766419 0.613037 0.766419 0.613525 0.768008 0.615479 0.768538 0.616211 0.770127 0.616455 0.769068 0.616699 0.770127 0.619873 0.771716 0.621338 0.774894 0.622559 0.775953 0.622803 0.775424 0.622070 0.773835 0.621826 0.774894 0.621094 0.773305 0.621826 0.771186 0.622070 0.772246 0.622803 0.771716 0.623047 0.772775 0.623779 0.772775 0.624023 0.775424 0.625977 0.775424 0.625732 0.773835 0.624268 0.773835 0.623535 0.772246 0.624512 0.770657 0.623535 0.768538 0.622070 0.768538 0.620850 0.766419 0.616943 0.766419 0.616455 0.767479 0.616455 0.766419 0.614502 0.763242 0.614502 0.760593 0.613037 0.760064 0.613281 0.759004 0.614746 0.759004 0.615479 0.754767 0.616211 0.753178 0.615967 0.753708 0.614990 0.752119 0.615234 0.750000
1 0.595459 0.746822 0.595215 0.748411 0.594238 0.750000 0.594238 0.751589 0.594971 0.754237 0.596191 0.754237 0.597168 0.750000
1 0.386230 0.747352 0.385254 0.748941 0.385254 0.750000 0.386719 0.752648 0.389160 0.755297 0.388428 0.757415 0.386963 0.757945 0.385498 0.761123 0.385986 0.765890 0.387695 0.769597 0.387451 0.771716 0.388184 0.775953 0.389160 0.777542 0.390137 0.777542 0.389893 0.776483 0.390869 0.774364 0.393311 0.775953 0.395264 0.779131 0.395264 0.781250 0.395752 0.782839 0.397217 0.776483 0.396729 0.774364 0.396729 0.771186 0.397217 0.770657 0.397461 0.772775 0.397949 0.773835 0.398438 0.771186 0.399414 0.769597 0.400146 0.765890 0.400146 0.762182 0.402344 0.757415 0.403076 0.756886 0.404541 0.759534 0.405029 0.759004 0.404785 0.752648 0.404297 0.751589 0.403320 0.752648 0.402344 0.752119 0.402100 0.753178 0.399902 0.753178 0.398438 0.751059 0.398193 0.748941 0.397217 0.747881 0.396240 0.747881 0.395752 0.748941 0.395020 0.747881 0.395020 0.748941 0.394043 0.748941 0.394531 0.752119 0.395020 0.751589 0.396484 0.754237 0.395752 0.756356 0.395752 0.758475 0.396240 0.759004 0.396240 0.760064 0.397705 0.761123 0.397461 0.762712 0.395508 0.761653 0.394531 0.759534 0.394531 0.758475 0.395020 0.757945 0.394775 0.756886 0.395264 0.756356 0.394043 0.754767 0.393799 0.755826 0.393066 0.754237 0.393555 0.753708 0.392334 0.752648 0.391113 0.753708 0.388916 0.750530 0.389404 0.749470 0.389160 0.748941 0.388916 0.749470 0.387451 0.746822 0.386475 0.747881
1 0.744629 0.745763 0.743652 0.745763 0.743408 0.747881 0.742676 0.748941 0.742188 0.751059 0.740723 0.751059 0.739746 0.753178 0.739746 0.754237 0.741699 0.754767 0.741699 0.753178 0.742188 0.753178 0.742920 0.751589 0.744141 0.746292
1 0.578125 0.745763 0.578369 0.747352 0.578613 0.746292 0.579590 0.746822 0.580078 0.748411 0.579590 0.748941 0.579590 0.750000 0.580322 0.751589 0.581543 0.751589 0.582031 0.752648 0.581543 0.755826 0.582031 0.753708 0.582764 0.754237 0.582764 0.759534 0.583008 0.759004 0.584229 0.760064 0.583740 0.756886 0.584717 0.753178 0.583984 0.753178 0.583740 0.752119 0.583008 0.752119 0.582275 0.750000 0.581299 0.749470 0.580811 0.747881 0.581787 0.747352 0.581299 0.745763 0.580566 0.745763 0.580322 0.746822
1 0.472412 0.745233 0.472168 0.749470 0.471680 0.750000 0.472168 0.750530 0.471680 0.751589 0.472168 0.752119 0.471680 0.754767 0.472656 0.756886 0.472900 0.751059 0.472168 0.750000 0.472900 0.745763
1 0.651367 0.744703 0.651367 0.748411 0.652344 0.752648 0.653076 0.754237 0.654785 0.752648 0.655029 0.751059 0.652588 0.745763
1 0.308105 0.743644 0.308105 0.747352 0.309326 0.748411 0.309814 0.749470 0.309570 0.750530 0.310303 0.752119 0.310791 0.752119 0.310791 0.751059 0.315186 0.752119 0.314209 0.750000 0.312988 0.749470 0.312012 0.746292 0.311035 0.746292 0.310791 0.745233 0.308594 0.742585
1 0.766602 0.742055 0.766357 0.745233 0.766846 0.748411 0.767822 0.751589 0.768311 0.751589 0.769287 0.753708 0.770020 0.753708 0.767334 0.747881 0.767334 0.745763 0.766846 0.744703 0.767090 0.742055
1 0.224609 0.741525 0.224609 0.743114 0.225098 0.744174 0.227051 0.744174 0.227051 0.742055 0.225342 0.740996
1 0.643066 0.740466 0.643311 0.743114 0.644287 0.744174 0.644775 0.746822 0.645752 0.748411 0.645996 0.746292 0.645508 0.744174 0.644043 0.740996
1 0.503662 0.738877 0.502930 0.739407 0.501465 0.742585 0.501221 0.745763 0.500244 0.744703 0.500000 0.745233 0.500000 0.746822 0.499023 0.748411 0.498535 0.750530 0.499756 0.749470 0.500732 0.747352 0.500977 0.748411 0.501709 0.746822 0.501953 0.747352 0.501953 0.745763 0.503418 0.745233 0.502930 0.740996
1 0.078125 0.737288 0.077881 0.739407 0.078369 0.739407 0.078369 0.740466 0.077637 0.740466 0.077148 0.739407 0.076904 0.740466 0.075195 0.740466 0.074951 0.741525 0.074219 0.741525 0.073242 0.743644 0.073242 0.747352 0.072266 0.748941 0.077637 0.745763 0.078613 0.746292 0.079590 0.748941 0.079590 0.753708 0.078613 0.755297 0.078369 0.757945 0.078857 0.760064 0.079346 0.760064 0.081543 0.755297 0.081543 0.751589 0.082520 0.748941 0.082764 0.746822 0.082520 0.745763 0.081299 0.745763 0.079834 0.743644 0.078857 0.740996 0.078857 0.738347 0.079346 0.737288
1 0.761475 0.736229 0.762939 0.740466 0.764648 0.741525 0.763428 0.737288 0.762939 0.737818
1 0.743652 0.737818 0.744141 0.738347 0.744141 0.740996 0.745117 0.742585 0.744873 0.743644 0.744629 0.743114 0.744629 0.744703 0.745117 0.743114 0.745605 0.743644 0.747803 0.739407 0.747559 0.737288 0.745605 0.737288 0.745361 0.736229 0.745361 0.738877 0.744629 0.740466 0.744385 0.736758 0.744141 0.736229
1 0.674805 0.741525 0.676025 0.742055 0.676270 0.740996 0.677734 0.740466 0.677979 0.739407 0.677490 0.737818 0.676758 0.737288 0.677002 0.736758 0.676514 0.735699 0.675537 0.735699 0.675537 0.737818
1 0.783936 0.735169 0.785645 0.737818 0.786133 0.736758 0.787598 0.737818 0.786133 0.736229 0.785156 0.734110 0.785400 0.733581 0.784180 0.734110
1 0.452637 0.734110 0.450195 0.746292 0.444580 0.741525 0.447754 0.762712 0.444580 0.787076 0.438721 0.773305 0.433594 0.813030 0.429932 0.809322 0.426514 0.825212 0.424316 0.818856 0.421631 0.833686 0.419434 0.820975 0.416992 0.822034 0.420410 0.836864 0.427490 0.840572 0.430176 0.835275 0.422852 0.852225 0.420898 0.868114 0.424316 0.865996 0.419434 0.878178 0.419434 0.890360 0.413574 0.889831 0.416016 0.910487 0.407715 0.947564 0.407227 0.968750 0.402588 0.960805 0.397705 0.990466 0.400391 0.960805 0.394531 0.965042 0.398438 0.970339 0.396973 0.983051 0.395264 0.972458 0.386963 0.972458 0.384766 0.983051 0.383545 0.966102 0.380371 0.999470 0.385498 0.999470 0.385742 0.990996 0.386719 0.999470 0.420166 0.999470 0.425537 0.990466 0.427246 0.956568 0.418945 0.974047 0.416016 0.970339 0.411865 0.985169 0.408936 0.966102 0.412109 0.960805 0.412598 0.943326 0.421631 0.946504 0.428955 0.901483 0.446777 0.887712 0.447510 0.880297 0.433594 0.891949 0.431885 0.876589 0.434570 0.853284 0.441162 0.839513 0.439209 0.827331 0.442627 0.829979 0.447021 0.782309 0.451172 0.780720 0.450684 0.793962 0.453613 0.793432 0.455078 0.807203 0.460693 0.813030 0.454346 0.787076 0.457031 0.770127 0.453369 0.766419 0.457031 0.764831
1 0.085693 0.733581 0.082031 0.733581 0.081055 0.734640 0.082764 0.736758 0.081543 0.739407 0.082520 0.739407 0.083496 0.735699 0.084229 0.735699 0.084717 0.734640 0.084961 0.735699
1 0.619141 0.732521 0.619629 0.734110 0.619385 0.736229 0.620850 0.737288 0.621338 0.734640 0.621094 0.733581
1 0.585449 0.731992 0.585693 0.734110 0.586426 0.735699 0.587891 0.736229 0.587158 0.732521
1 0.230469 0.731992 0.230469 0.733581 0.229492 0.734110 0.229492 0.735699 0.229004 0.736229 0.229248 0.737288 0.230469 0.737288 0.230469 0.739936 0.232178 0.739936 0.232178 0.736229 0.230469 0.733051 0.230957 0.732521
1 0.639160 0.733051 0.637451 0.733051 0.636963 0.731462 0.635498 0.738877 0.635742 0.741525 0.636230 0.740996 0.636963 0.737818 0.639404 0.733581
1 0.650635 0.728284 0.650879 0.733581 0.653809 0.735699 0.654785 0.735169 0.652832 0.729343 0.652100 0.728284
1 0.631104 0.727225 0.630859 0.729873 0.630371 0.729873 0.630371 0.728284 0.629883 0.727754 0.629395 0.728814 0.629395 0.736758 0.631348 0.731992
1 0.448975 0.722987 0.449463 0.724047 0.448730 0.725636 0.448730 0.726695 0.449951 0.726165 0.450439 0.728814 0.451172 0.729343 0.451172 0.730403 0.452393 0.727754 0.452637 0.728284 0.452393 0.724576 0.452148 0.727754 0.451660 0.727754 0.451660 0.726165 0.451660 0.727754 0.451172 0.728284 0.451172 0.725106 0.450684 0.724576 0.450684 0.722987 0.450439 0.724047
1 0.430908 0.723517 0.431152 0.725106 0.432373 0.725106 0.432617 0.728284 0.434082 0.728814 0.433838 0.728284 0.434082 0.725636 0.434570 0.725636 0.434570 0.722458 0.433594 0.722458 0.433350 0.721398 0.432617 0.723517
1 0.270264 0.720339 0.269775 0.721398 0.269043 0.720339 0.269531 0.721398 0.269531 0.722987 0.267334 0.728284 0.267822 0.730403 0.268555 0.729873 0.268311 0.728814 0.269043 0.727225 0.269775 0.727225 0.270020 0.722987 0.270752 0.722987 0.271484 0.724576 0.271484 0.728284 0.271973 0.725636 0.270752 0.722987 0.270752 0.721398
1 0.581787 0.719809 0.581055 0.726695 0.582031 0.730932 0.583008 0.731462 0.583008 0.727754 0.581543 0.722987 0.582275 0.722458 0.582520 0.719809
1 0.351074 0.720339 0.349609 0.718750 0.347900 0.721928 0.350342 0.722458
1 0.141602 0.718220 0.142334 0.719809 0.141602 0.720339 0.142090 0.720869 0.142090 0.724047 0.142578 0.724576 0.141602 0.728284 0.141846 0.727754 0.142334 0.729343 0.142090 0.730932 0.141602 0.730932 0.141602 0.732521 0.140869 0.733051 0.140381 0.734640 0.141846 0.731992 0.143066 0.726695 0.143066 0.721398
1 0.056396 0.719809 0.055908 0.719809 0.055176 0.718220 0.054932 0.719280 0.053955 0.718750 0.052002 0.722458 0.051025 0.723517 0.050293 0.722987 0.050049 0.724047 0.049561 0.724047 0.048584 0.726695 0.054199 0.725106 0.056152 0.721398
1 0.250977 0.717691 0.250732 0.719809 0.250000 0.720339 0.249756 0.722458 0.248779 0.720869 0.249268 0.719809 0.248779 0.719280 0.249023 0.719809 0.248047 0.721928 0.248047 0.724047 0.247559 0.725106 0.248047 0.728284 0.248779 0.728284 0.249512 0.730403 0.250000 0.727225 0.250977 0.727754 0.250488 0.728814 0.250488 0.730403 0.251221 0.730403 0.251709 0.728814 0.251709 0.726695 0.250977 0.726695 0.250244 0.723517 0.250244 0.721928 0.250977 0.720339 0.251465 0.720339 0.251465 0.718750 0.250732 0.718220
1 0.146729 0.723517 0.148682 0.724576 0.149414 0.722987 0.148926 0.720339 0.149658 0.717161 0.152100 0.718220 0.152832 0.719280 0.153320 0.719280 0.153320 0.718220 0.149170 0.717161 0.148682 0.716102 0.148682 0.714513 0.147949 0.720869
1 0.244141 0.713983 0.240967 0.720869 0.240723 0.720339 0.240479 0.722458 0.238770 0.726695 0.238770 0.728284 0.240234 0.725106 0.241211 0.724576 0.241699 0.722987 0.242188 0.724047 0.242920 0.724047 0.243164 0.725106 0.244385 0.725106 0.242676 0.722458 0.243164 0.720339 0.244629 0.719280
1 0.798828 0.713453 0.798828 0.714513 0.799805 0.716631 0.800293 0.716631 0.800781 0.717691 0.800781 0.719280 0.801758 0.720869 0.801758 0.724576 0.802246 0.722458 0.802002 0.719280
1 0.326416 0.711335 0.325439 0.711864 0.325195 0.717691 0.324219 0.721928 0.321777 0.728814 0.322266 0.731992 0.323730 0.734110 0.324463 0.732521 0.326904 0.732521 0.328369 0.730403 0.326416 0.727225 0.326416 0.724576 0.327881 0.721928 0.328125 0.719809 0.329102 0.718750 0.329102 0.717161
1 0.631104 0.710805 0.630371 0.711335 0.630127 0.713983 0.628662 0.712394 0.626465 0.717691 0.626465 0.718750 0.626953 0.719280 0.628662 0.718750 0.629639 0.719280 0.629883 0.720339 0.631348 0.719809 0.631592 0.721928 0.630859 0.723517 0.630615 0.722987 0.629883 0.725106 0.631104 0.725106 0.632324 0.721398 0.633301 0.721398 0.633301 0.719809 0.633057 0.720869 0.632812 0.719809 0.631836 0.719280 0.631348 0.716631 0.631836 0.711864
1 0.156006 0.710275 0.154541 0.712924 0.154541 0.716102 0.155273 0.718750 0.155273 0.720339 0.156006 0.720339 0.156494 0.719280 0.156250 0.714513 0.156738 0.713983 0.156738 0.710805 0.156250 0.711864
1 0.570801 0.709216 0.571289 0.709746 0.570801 0.712394 0.572998 0.712394 0.573486 0.711864 0.573486 0.710275 0.574219 0.710805 0.574219 0.712394 0.575928 0.712394 0.574951 0.711864 0.574707 0.709746 0.574219 0.709216 0.573975 0.710275 0.573730 0.709216 0.572510 0.709216 0.572266 0.711335 0.571777 0.711335 0.571289 0.709216
1 0.488037 0.709216 0.487305 0.710805 0.487549 0.714513 0.488037 0.714513 0.488525 0.712394 0.488770 0.713453 0.489014 0.712924 0.490479 0.716631 0.490234 0.719809 0.491455 0.719280 0.491211 0.716631 0.491455 0.716102 0.491699 0.717691 0.491943 0.714513 0.492432 0.713983 0.492188 0.712924 0.492920 0.711864 0.492432 0.711335 0.492432 0.710275 0.491455 0.713453 0.490479 0.714513 0.489502 0.712924 0.490479 0.711864 0.490723 0.712924 0.491211 0.710275 0.490234 0.710275 0.489746 0.712394 0.488525 0.712394 0.488037 0.710805 0.488525 0.709216
1 0.665283 0.711864 0.664062 0.711864 0.663330 0.708686 0.661621 0.708686 0.660889 0.711864 0.658203 0.711864 0.658203 0.713453 0.658447 0.712924 0.659668 0.715042 0.659180 0.716102 0.659180 0.718220 0.658691 0.718220 0.659912 0.720869 0.660645 0.716631 0.662109 0.716631 0.662598 0.715572 0.663330 0.715572 0.663330 0.713983 0.663818 0.712924 0.664551 0.712924 0.664795 0.715572 0.665283 0.715572 0.664795 0.714513
1 0.086426 0.712394 0.085693 0.710805 0.085449 0.708686 0.084229 0.709746 0.083984 0.709216 0.083740 0.710275 0.082031 0.711335 0.082031 0.713983 0.081543 0.715042 0.079102 0.717161 0.077881 0.716631 0.077393 0.718750 0.076172 0.718750 0.075684 0.719809 0.076904 0.719809 0.076904 0.720869 0.077637 0.720869 0.080322 0.717161 0.080566 0.719280 0.080078 0.719809 0.080566 0.719280 0.080811 0.720339 0.082275 0.720869 0.083496 0.719280 0.084229 0.719280 0.085205 0.717161 0.085449 0.717691 0.086426 0.715572
1 0.649170 0.706568 0.644775 0.709746 0.642334 0.709746 0.640625 0.707627 0.639893 0.709746 0.639160 0.710275 0.639160 0.711335 0.639893 0.711864 0.639404 0.713983 0.638672 0.713983 0.638428 0.712924 0.637939 0.715042 0.637207 0.715042 0.636475 0.716631 0.634766 0.717691 0.636719 0.717691 0.637695 0.715572 0.638916 0.715572 0.639648 0.716631 0.639893 0.716102 0.640137 0.717161 0.639648 0.717691 0.639648 0.719809 0.640137 0.720869 0.640381 0.719280 0.639893 0.717691 0.640381 0.715042 0.645752 0.712394 0.646973 0.710275 0.648438 0.709216 0.649170 0.707627
1 0.513672 0.708686 0.512695 0.706568 0.512207 0.707627 0.512207 0.709216 0.511719 0.709216 0.511963 0.709746 0.511230 0.712394 0.510254 0.713983 0.509766 0.717691 0.510498 0.719280 0.510254 0.720869 0.506348 0.717691 0.504150 0.717691 0.504150 0.718750 0.504883 0.719280 0.504639 0.720339 0.505127 0.721398 0.506592 0.720869 0.507324 0.722458 0.509521 0.724047 0.509766 0.725106 0.510742 0.723517 0.512207 0.723517 0.512207 0.721928 0.513916 0.719809 0.513916 0.718750 0.513184 0.717691 0.513916 0.710805
1 0.638672 0.706038 0.637939 0.704449 0.636719 0.704979 0.635010 0.707627 0.635254 0.708157 0.635742 0.707097 0.636963 0.707097 0.637451 0.708157 0.638428 0.708157
1 0.800537 0.710275 0.800537 0.706568 0.799561 0.703919 0.799561 0.707627 0.797852 0.707627 0.797607 0.706568 0.796387 0.705508 0.796387 0.706568 0.797119 0.707097 0.797607 0.708686 0.799561 0.708157
1 0.574707 0.708686 0.575195 0.709746 0.575439 0.708686 0.575684 0.709746 0.575928 0.708157 0.576660 0.708157 0.577881 0.706568 0.576660 0.706568 0.576172 0.703919 0.575439 0.703919 0.575195 0.704979 0.575684 0.707627
1 0.518311 0.703390 0.518555 0.707627 0.519775 0.708686 0.519775 0.704449
1 0.184326 0.707097 0.183105 0.703390 0.182129 0.705508 0.180420 0.706568 0.180176 0.709216 0.182617 0.708686 0.183105 0.710275 0.183350 0.709216 0.183838 0.709216 0.183838 0.707627
1 0.368408 0.702331 0.368408 0.703390 0.368652 0.702860 0.369141 0.703919 0.369873 0.708686 0.372070 0.707097 0.372070 0.704979 0.370361 0.701801 0.369141 0.701271
1 0.154297 0.704979 0.153564 0.701271 0.151367 0.702331 0.151123 0.703390 0.149170 0.703919 0.150635 0.704979 0.150879 0.706038 0.152100 0.706038 0.151367 0.704979 0.150879 0.705508 0.150391 0.704449 0.151367 0.703919 0.151367 0.702860 0.152100 0.702860 0.153320 0.704979 0.153809 0.704449 0.153809 0.705508
1 0.430664 0.700742 0.430664 0.703390 0.430908 0.702860 0.431152 0.704449 0.430664 0.704449 0.430176 0.706568 0.431641 0.709216 0.431641 0.710275 0.432373 0.709216 0.432617 0.709746 0.432861 0.708686 0.433350 0.708686 0.433594 0.709746 0.434326 0.708157 0.433838 0.705508 0.434082 0.703919 0.433105 0.702331 0.431885 0.702331 0.431396 0.701271 0.430908 0.701801
1 0.251465 0.699682 0.250000 0.700212 0.249756 0.701271 0.247070 0.703390 0.245117 0.709216 0.244873 0.712394 0.245117 0.711864 0.245361 0.712924 0.245850 0.712924 0.246338 0.711864 0.246582 0.709746 0.247803 0.707097 0.248291 0.703390 0.250244 0.704979 0.249268 0.707627 0.248291 0.708686 0.249512 0.709216 0.250000 0.705508 0.250732 0.703919 0.250977 0.704449 0.250732 0.703919
1 0.198242 0.702860 0.198486 0.705508 0.197510 0.706038 0.196533 0.709746 0.196777 0.709216 0.197266 0.710275 0.196777 0.718220 0.197510 0.718220 0.197510 0.715572 0.200684 0.714513 0.202148 0.716631 0.203857 0.716631 0.204346 0.718220 0.203857 0.719809 0.206299 0.719280 0.206543 0.717691 0.207275 0.718750 0.207031 0.715572 0.205078 0.711335 0.206543 0.709746 0.206787 0.706038 0.207520 0.703919 0.206543 0.701271 0.204590 0.702860 0.203125 0.699682 0.200928 0.699682
1 0.640381 0.698623 0.639404 0.699153 0.639160 0.700212 0.639160 0.703390 0.639648 0.705508 0.640381 0.704979 0.640381 0.703390 0.640869 0.702331 0.641846 0.702331 0.641846 0.700742 0.641357 0.699682 0.640869 0.700212
1 0.238281 0.700742 0.237305 0.701271 0.236572 0.698093 0.235840 0.698093 0.236084 0.700742 0.236572 0.700742 0.236816 0.702331 0.236328 0.703390 0.235596 0.702860 0.234131 0.706568 0.235352 0.704449 0.235596 0.705508 0.235107 0.706568
1 0.646240 0.697564 0.645996 0.699153 0.646484 0.699682 0.646484 0.703390 0.646973 0.703919 0.647705 0.700742 0.647217 0.698093
1 0.493652 0.697034 0.493896 0.698623 0.494873 0.700742 0.495361 0.703919 0.493896 0.707627 0.493652 0.707097 0.493896 0.707627 0.493164 0.710805 0.493652 0.710275 0.494629 0.711335 0.494873 0.708686 0.496338 0.707627 0.495850 0.702331 0.496582 0.700212 0.496582 0.698623 0.495605 0.698623 0.494629 0.696504
1 0.122559 0.696504 0.120605 0.697034 0.120605 0.695445 0.118408 0.699682 0.117432 0.698623 0.115723 0.700212 0.114258 0.699682 0.115479 0.700742 0.117188 0.700742 0.119873 0.698093 0.122070 0.698623 0.122559 0.698093
1 0.256592 0.694915 0.254395 0.694915 0.254150 0.695975 0.253418 0.695445 0.253906 0.695975 0.253906 0.699682 0.252930 0.700212 0.252930 0.703919 0.252441 0.704449 0.252930 0.708157 0.254150 0.708157 0.254150 0.704979 0.256104 0.700742 0.256104 0.699153 0.256592 0.698623
1 0.424805 0.694915 0.424805 0.698623 0.427002 0.699682 0.427734 0.701271 0.427734 0.702331 0.429443 0.704979 0.429688 0.703390 0.428467 0.702860 0.428467 0.701271 0.429199 0.699153 0.427490 0.698623 0.427734 0.697034 0.427246 0.696504 0.427734 0.695975 0.427734 0.694386 0.426270 0.694386 0.426025 0.695445
1 0.666748 0.691737 0.666748 0.693856 0.668213 0.695445 0.667969 0.697034 0.667236 0.697034 0.667969 0.698623 0.667969 0.700212 0.669922 0.701271 0.670410 0.700212 0.670410 0.697564 0.669678 0.696504 0.669678 0.693326 0.668457 0.692797 0.668213 0.691737
1 0.164795 0.691737 0.164062 0.691737 0.164062 0.694915 0.162842 0.697034 0.161377 0.696504 0.161133 0.694915 0.162354 0.693326 0.162109 0.692797 0.161377 0.694386 0.160645 0.694386 0.157471 0.698093 0.156494 0.698093 0.155518 0.699682 0.155518 0.702331 0.156006 0.703919 0.155273 0.706568 0.156250 0.709216 0.157715 0.709216 0.158691 0.706038 0.159912 0.704449 0.160156 0.702860 0.160645 0.702860 0.162842 0.698093 0.163574 0.698093 0.163818 0.696504 0.164551 0.695445 0.164307 0.692797
1 0.753174 0.691208 0.753174 0.693856 0.754150 0.694386 0.754395 0.696504 0.755859 0.699682 0.757324 0.700742 0.758789 0.699153 0.758789 0.696504 0.758301 0.695975 0.758301 0.694386 0.757324 0.692797 0.756348 0.692797 0.755371 0.691208
1 0.656738 0.691737 0.656738 0.693856 0.657227 0.694386 0.656250 0.695445 0.656250 0.698623 0.656738 0.699682 0.657959 0.699682 0.658203 0.700742 0.659912 0.701801 0.660156 0.702860 0.659668 0.703390 0.659668 0.704979 0.660156 0.706038 0.664795 0.706038 0.665527 0.707627 0.665039 0.708686 0.665527 0.710805 0.667480 0.711335 0.667236 0.709746 0.666504 0.709746 0.665771 0.708157 0.665771 0.706568 0.666260 0.706038 0.666260 0.703390 0.664795 0.700212 0.664062 0.700212 0.664062 0.702331 0.663574 0.703390 0.662598 0.703390 0.661865 0.701801 0.662109 0.700742 0.661133 0.699682 0.662109 0.698623 0.659912 0.699153 0.658936 0.697564 0.658936 0.695445 0.657959 0.694915 0.658203 0.694386 0.657715 0.693856 0.658203 0.693326 0.658203 0.692267 0.657715 0.691208
1 0.214844 0.690678 0.214355 0.699682 0.214844 0.697564 0.216064 0.697564 0.217285 0.700212 0.217285 0.702860 0.218750 0.703390 0.218750 0.709216 0.219482 0.708157 0.219727 0.706038 0.220459 0.706038 0.221191 0.707627 0.221191 0.710275 0.221680 0.711335 0.220947 0.712924 0.220215 0.712924 0.219971 0.711864 0.218750 0.711864 0.218994 0.713983 0.220947 0.713453 0.221680 0.715042 0.221680 0.717691 0.222656 0.719280 0.222168 0.720339 0.222168 0.721928 0.222656 0.719809 0.224121 0.720339 0.223633 0.721398 0.223633 0.726165 0.224365 0.726165 0.225586 0.724047 0.227295 0.724047 0.227539 0.725106 0.229248 0.726165 0.229248 0.721398 0.227783 0.719809 0.227783 0.718750 0.229004 0.717161 0.229736 0.719809 0.230713 0.719280 0.233154 0.722987 0.232666 0.721398 0.232910 0.720339 0.234375 0.721928 0.233398 0.719809 0.232910 0.720339 0.232422 0.718750 0.229980 0.717691 0.227783 0.711864 0.228271 0.709746 0.227783 0.711335 0.227051 0.709746 0.226074 0.711864 0.227295 0.714513 0.227539 0.717691 0.226562 0.718220 0.226318 0.719280 0.225830 0.718220 0.225098 0.718220 0.224365 0.716631 0.224365 0.713983 0.225830 0.713983 0.224854 0.711864 0.222656 0.711864 0.222412 0.709216 0.221680 0.708686 0.221436 0.706568 0.220947 0.706038 0.220947 0.703390 0.219971 0.702860 0.219971 0.700212 0.218750 0.700212 0.218506 0.698093 0.217041 0.694915 0.216064 0.694386 0.216064 0.691737 0.215576 0.690678
1 0.785400 0.690148 0.783691 0.695445 0.784180 0.699153 0.783691 0.701271 0.784180 0.702331 0.783936 0.704449 0.784668 0.707627 0.785889 0.707627 0.786133 0.708686 0.787354 0.709746 0.786133 0.707627 0.786621 0.706038 0.785156 0.702860 0.785400 0.700212 0.786133 0.698093 0.786621 0.698093 0.785889 0.693856 0.785889 0.691208
1 0.654297 0.689619 0.653564 0.691208 0.654053 0.691208 0.653564 0.694386 0.653809 0.696504 0.654541 0.696504 0.654785 0.697564 0.653320 0.698093 0.653320 0.706038 0.653809 0.706038 0.654053 0.702860 0.654297 0.704979 0.655029 0.703919 0.654053 0.702860 0.654053 0.701271 0.654541 0.700742 0.654541 0.698093 0.655518 0.697564 0.655029 0.696504 0.655029 0.694386 0.655518 0.692797 0.654541 0.692267 0.654785 0.690678
1 0.658691 0.689619 0.659180 0.691737 0.659424 0.691208 0.660400 0.692797 0.659912 0.693856 0.661621 0.694386 0.662109 0.693326 0.662109 0.690678 0.661865 0.691208 0.661377 0.689619
1 0.632080 0.690148 0.632080 0.691737 0.634766 0.693856 0.633301 0.689089
1 0.688721 0.687500 0.686035 0.687500 0.685791 0.688559 0.685059 0.688559 0.685059 0.690148 0.684082 0.691737 0.684082 0.693326 0.684570 0.693856 0.683594 0.694915 0.683105 0.693326 0.682129 0.695445 0.682617 0.695975 0.682129 0.697034 0.682129 0.698623 0.682617 0.699682 0.683838 0.699682 0.684082 0.700742 0.685059 0.701271 0.685059 0.704979 0.685547 0.702860 0.687256 0.702860 0.687256 0.701271 0.688721 0.698623 0.688721 0.694915 0.687500 0.694915 0.687256 0.699153 0.686279 0.696504 0.686279 0.693856 0.687012 0.692267 0.687500 0.693326 0.688721 0.693326 0.689697 0.691208 0.689697 0.689619
1 0.781982 0.686441 0.781494 0.686441 0.781006 0.688559 0.779785 0.688559 0.780029 0.689089 0.779541 0.690148 0.777100 0.690148 0.777100 0.688559 0.775879 0.691208 0.775391 0.690148 0.774902 0.690148 0.774902 0.691208 0.775146 0.690148 0.775879 0.691208 0.776855 0.690678 0.777832 0.692267 0.778320 0.691208 0.778809 0.692267 0.779297 0.690678 0.779541 0.691737 0.780518 0.692267 0.779785 0.690148
1 0.109863 0.686441 0.109375 0.686441 0.109131 0.687500 0.106689 0.690678 0.105469 0.691208 0.105469 0.694386 0.106689 0.694386 0.106934 0.696504 0.108154 0.696504 0.108887 0.694915 0.108887 0.693856 0.108398 0.693856 0.107666 0.691737 0.109131 0.691208
1 0.271729 0.685381 0.270508 0.686441 0.269775 0.688559 0.270020 0.692797 0.269531 0.693326 0.269531 0.702331 0.270264 0.702331 0.270264 0.701271 0.270996 0.700742 0.272217 0.697034 0.270996 0.697034 0.270508 0.695975 0.271240 0.690148 0.271240 0.686441
1 0.771973 0.684852 0.771240 0.686441 0.770752 0.691208 0.772217 0.692267 0.772461 0.693326 0.773193 0.693326 0.772705 0.690148 0.771973 0.689619 0.771484 0.688030 0.772217 0.685911
1 0.249023 0.684322 0.247070 0.686441 0.243652 0.686970 0.243164 0.688559 0.241943 0.688559 0.242188 0.690678 0.242920 0.691208 0.243896 0.697034 0.244873 0.697034 0.244629 0.695975 0.245605 0.691737 0.246582 0.690678 0.248779 0.685911
1 0.032471 0.683792 0.033203 0.684322 0.032959 0.684852 0.033936 0.687500 0.037354 0.691208 0.037598 0.689089 0.037109 0.688030 0.033203 0.683792
1 0.649414 0.683263 0.649658 0.683792 0.649170 0.684852 0.647217 0.685911 0.647949 0.688559 0.647461 0.689089 0.647461 0.692267 0.646973 0.694386 0.645996 0.694915 0.645996 0.696504 0.646484 0.695445 0.646729 0.695975 0.646729 0.694915 0.647217 0.694386 0.647461 0.696504 0.648193 0.697034 0.648193 0.694915 0.648682 0.694386 0.648193 0.694386 0.647949 0.693326 0.648682 0.693326 0.649658 0.689619 0.650391 0.688559 0.650391 0.686970 0.649658 0.685911 0.649902 0.684322
1 0.431885 0.682733 0.432861 0.688030 0.433350 0.693326 0.433105 0.693856 0.433594 0.694915 0.434082 0.693856 0.434326 0.694386 0.434082 0.691737 0.433594 0.692267 0.433105 0.691208 0.433350 0.686441 0.432617 0.686441 0.432617 0.684322 0.432861 0.683792 0.433105 0.685381 0.433350 0.684322 0.433105 0.683263 0.432861 0.683792
1 0.424805 0.682203 0.424072 0.684852 0.424561 0.693326 0.425049 0.691737 0.425293 0.692797 0.425781 0.686970 0.426270 0.687500 0.426270 0.689089 0.427246 0.689619 0.426758 0.690678 0.426758 0.692267 0.427490 0.691208 0.427734 0.689089 0.428223 0.689619 0.428467 0.691737 0.428711 0.690148 0.427979 0.688030 0.427979 0.686441 0.427246 0.686441 0.427490 0.689089 0.427002 0.689089 0.426514 0.686441 0.426514 0.682203 0.425781 0.684852 0.425781 0.686970 0.425049 0.688559 0.424805 0.688030 0.424805 0.684852 0.425537 0.683263 0.425537 0.682203
1 0.175293 0.690148 0.177490 0.693856 0.179688 0.694386 0.181396 0.696504 0.184082 0.702331 0.185059 0.702331 0.184814 0.697034 0.185303 0.695975 0.185303 0.693856 0.187500 0.689089 0.188477 0.688559 0.189453 0.692797 0.189941 0.693326 0.190186 0.691737 0.191650 0.688559 0.191650 0.686441 0.192871 0.685911 0.190430 0.685381 0.187744 0.687500 0.185303 0.685381 0.182861 0.685381 0.180176 0.684322 0.179932 0.685911 0.179199 0.685911 0.179199 0.683792 0.178711 0.684322 0.177490 0.682203 0.176758 0.685911 0.178711 0.689089 0.177734 0.689089 0.177490 0.690148 0.176514 0.688559 0.176270 0.689619
1 0.475342 0.681144 0.473877 0.682203 0.472900 0.681674 0.472900 0.683792 0.474365 0.684852 0.474854 0.684322
1 0.171387 0.680085 0.171387 0.681144 0.170410 0.682203 0.170410 0.685381 0.169678 0.686970 0.170166 0.687500 0.169922 0.689619 0.170898 0.689619
1 0.330322 0.677436 0.329346 0.679555 0.330322 0.682203 0.331055 0.682203 0.330811 0.680614 0.331787 0.678496 0.331299 0.677436
1 0.238037 0.677436 0.239258 0.679555 0.239258 0.681674 0.240723 0.683792 0.240479 0.684322 0.240967 0.685911 0.241943 0.684852 0.241943 0.682203 0.241211 0.683263 0.241211 0.681144 0.239502 0.679555 0.239014 0.677436
1 0.784668 0.682203 0.786133 0.681674 0.786621 0.679555 0.788086 0.681674 0.790039 0.681144 0.791260 0.679025 0.794189 0.680085 0.793457 0.679025 0.791016 0.679025 0.790527 0.680085 0.788818 0.680614 0.787354 0.680085 0.786133 0.676907 0.784912 0.676907 0.784912 0.680614 0.786133 0.681144
1 0.704346 0.679555 0.704590 0.681144 0.705078 0.681144 0.706055 0.683263 0.706055 0.684852 0.706543 0.685911 0.707031 0.684852 0.708008 0.685911 0.709473 0.682203 0.708984 0.679025 0.708740 0.679555 0.708008 0.677966 0.707275 0.677966 0.707031 0.676907 0.707031 0.677966 0.707520 0.678496 0.706787 0.680085
1 0.717041 0.675847 0.713135 0.677966 0.712402 0.679025 0.712402 0.681144 0.711914 0.681674 0.711914 0.682733 0.712402 0.683792 0.713135 0.683792 0.715088 0.680614 0.715332 0.682733 0.715820 0.683792 0.716309 0.683263 0.715820 0.682733 0.716553 0.681144 0.716797 0.682203 0.717285 0.680085
1 0.496582 0.676377 0.496338 0.676907 0.497559 0.679025 0.499268 0.684322 0.499756 0.684852 0.499756 0.683792 0.500732 0.683263 0.501465 0.681674 0.500244 0.679025 0.499023 0.680085 0.498535 0.675847
1 0.558350 0.675318 0.559570 0.676907 0.560303 0.676907 0.561523 0.679555 0.562256 0.679025 0.562256 0.677436 0.559814 0.675318
1 0.410156 0.673199 0.409180 0.675847 0.410889 0.676377 0.411133 0.679025 0.411621 0.680085 0.411133 0.683263 0.411865 0.684852 0.412354 0.684852 0.413818 0.681674 0.413818 0.680614 0.413574 0.681144 0.412109 0.680085 0.411133 0.675318
1 0.345703 0.673729 0.344238 0.676907 0.342773 0.685911 0.343262 0.685381 0.343506 0.686441 0.345459 0.686970 0.346680 0.688559 0.346680 0.690678 0.345215 0.692267 0.344971 0.693856 0.347656 0.701801 0.347656 0.700742 0.348145 0.701801 0.349365 0.701801 0.350098 0.703919 0.350586 0.703390 0.350586 0.704449 0.352051 0.704449 0.353516 0.702331 0.354980 0.702331 0.355713 0.704979 0.357910 0.706038 0.356934 0.709746 0.357178 0.711864 0.358398 0.710805 0.360596 0.710805 0.362061 0.713453 0.361816 0.715042 0.362793 0.715042 0.363281 0.711864 0.361816 0.709746 0.362549 0.708686 0.364258 0.709216 0.366211 0.705508 0.365723 0.702860 0.364746 0.703390 0.364258 0.701801 0.364990 0.699153 0.360596 0.708157 0.359619 0.707627 0.359375 0.706038 0.358398 0.705508 0.357910 0.703390 0.354980 0.702331 0.354980 0.700742 0.354248 0.699682 0.354004 0.697034 0.352295 0.694915 0.353027 0.692797 0.351562 0.691208 0.351074 0.693326 0.350098 0.693326 0.348389 0.690148 0.348633 0.685381 0.349365 0.683263 0.349121 0.680614 0.348633 0.680085 0.347900 0.682203 0.346680 0.682733 0.345459 0.681674 0.345459 0.677966 0.346680 0.674258 0.346436 0.673199
1 0.242676 0.672140 0.241943 0.673199 0.242432 0.674258 0.241211 0.676907 0.241699 0.677966 0.242432 0.677966 0.241455 0.680085 0.241699 0.681144 0.242188 0.680085 0.242676 0.681674 0.243652 0.679025 0.243652 0.677436 0.243408 0.677966 0.242920 0.676907 0.242432 0.677966 0.241943 0.676907 0.241943 0.675847 0.243164 0.673729 0.243164 0.672669
1 0.207520 0.671610 0.208008 0.672669 0.208008 0.674258 0.208496 0.674788 0.208496 0.677436 0.209229 0.677436 0.209961 0.680614 0.210693 0.679555 0.210938 0.681674 0.212158 0.681674 0.211426 0.681144 0.210449 0.677966 0.209229 0.677436 0.209229 0.673729 0.208740 0.673199 0.208740 0.671610
1 0.156738 0.673729 0.156250 0.672669 0.155762 0.673729 0.154785 0.673199 0.153076 0.673729 0.152344 0.674788 0.148682 0.674258 0.147217 0.675318 0.142578 0.676377 0.141846 0.675318 0.141357 0.671610 0.141602 0.676377 0.140381 0.678496 0.133789 0.684852 0.128662 0.691737 0.124268 0.696504 0.124023 0.695975 0.124268 0.697034 0.123047 0.698623 0.124756 0.700742 0.124512 0.698093 0.125000 0.697034 0.126465 0.696504 0.128906 0.693856 0.133301 0.687500 0.137207 0.683263 0.143311 0.677966 0.154541 0.676377 0.155273 0.679025 0.156250 0.680085 0.156250 0.675847
1 0.424072 0.671610 0.424561 0.673199 0.425049 0.672669 0.425537 0.673729 0.425537 0.675318 0.426270 0.674788 0.427979 0.676907 0.427002 0.673199 0.426514 0.673729 0.425293 0.671610
1 0.232178 0.670021 0.231445 0.670551 0.230713 0.672669 0.229492 0.672669 0.229492 0.675318 0.229004 0.675847 0.229492 0.679555 0.230225 0.679555 0.230225 0.676907 0.231201 0.676377 0.231201 0.673729 0.232178 0.673199 0.231201 0.672140 0.231445 0.671081 0.232666 0.671081
1 0.719971 0.669492 0.719727 0.670021 0.721191 0.674258 0.721191 0.676377 0.719971 0.678496 0.720215 0.680614 0.720703 0.680614 0.720947 0.678496 0.721924 0.677436 0.721924 0.673729 0.720947 0.669492
1 0.555420 0.670551 0.554932 0.669492 0.554199 0.669492 0.552490 0.671610 0.550049 0.671081 0.549805 0.672140 0.551514 0.674788 0.554443 0.674258 0.555420 0.672140
1 0.514404 0.670021 0.516602 0.674258 0.519043 0.674788 0.520264 0.673729 0.521240 0.676377 0.522461 0.676377 0.522461 0.677966 0.524414 0.681674 0.524170 0.679555 0.523193 0.676907 0.522461 0.676377 0.521484 0.672669 0.520020 0.672669 0.516602 0.668962
1 0.563721 0.667903 0.563232 0.670021 0.564941 0.674788 0.564941 0.677966 0.565430 0.678496 0.565430 0.680085 0.566406 0.681144 0.566650 0.680614 0.565918 0.676907 0.565186 0.675318
1 0.252930 0.666843 0.251709 0.668962 0.250244 0.668432 0.248779 0.670021 0.249023 0.670551 0.248535 0.671081 0.249268 0.671081 0.249512 0.672140 0.248779 0.673729 0.248535 0.673199 0.246826 0.674258 0.245605 0.678496 0.247559 0.679555 0.251221 0.672140 0.251953 0.672140 0.252197 0.668962 0.252686 0.667373 0.252930 0.667903
1 0.127441 0.665784 0.126953 0.666314 0.126709 0.669492 0.125488 0.674258 0.125488 0.676907 0.125000 0.677966 0.125000 0.685911 0.123779 0.689619 0.122070 0.692797 0.125000 0.688030 0.126221 0.683792 0.126221 0.680085 0.125244 0.680085 0.126221 0.677966 0.127930 0.671610
1 0.038574 0.663665 0.038086 0.664195 0.038086 0.668432 0.037354 0.670021 0.037598 0.671610 0.036133 0.676377 0.038574 0.668962
1 0.745361 0.663136 0.745117 0.663665 0.745850 0.665254 0.746582 0.669492 0.747070 0.670021 0.747070 0.671081 0.746582 0.671610 0.747070 0.672669 0.747070 0.675318 0.746338 0.676907 0.745850 0.676377 0.745850 0.672669 0.744629 0.674788 0.744629 0.677436 0.747070 0.677966 0.747070 0.679555 0.745850 0.682733 0.744629 0.681144 0.743652 0.677966 0.744141 0.677436 0.743408 0.675847 0.743164 0.676377 0.743652 0.677436 0.742432 0.677966 0.741943 0.675847 0.741455 0.676907 0.740723 0.675318 0.740479 0.677436 0.739258 0.676907 0.740479 0.677436 0.739746 0.679555 0.738525 0.676907 0.735596 0.681144 0.734375 0.684322 0.735840 0.687500 0.739258 0.691208 0.740479 0.691208 0.742432 0.688559 0.743896 0.689089 0.744141 0.692797 0.744873 0.695445 0.746094 0.697034 0.748047 0.697564 0.748047 0.693856 0.748779 0.692267 0.748291 0.689089 0.748779 0.688030 0.749756 0.688030 0.750000 0.686441 0.750977 0.688030 0.751953 0.685911 0.753174 0.685911 0.753418 0.683263 0.752441 0.681144 0.750977 0.680085 0.750000 0.680085 0.749268 0.682203 0.748535 0.682203 0.748291 0.680085 0.747559 0.680085 0.746826 0.676907 0.748291 0.676377 0.748535 0.675318 0.751221 0.672140 0.753418 0.671610 0.753418 0.669492 0.752686 0.669492 0.751953 0.667903 0.750244 0.666843 0.748779 0.664195
1 0.476807 0.668962 0.476807 0.674788 0.479492 0.673199 0.481934 0.674258 0.481445 0.676907 0.480469 0.677966 0.479492 0.681674 0.478271 0.682733 0.478271 0.685381 0.479492 0.685381 0.480713 0.687500 0.482422 0.686970 0.483887 0.689619 0.483887 0.691208 0.485596 0.690678 0.486328 0.684322 0.485596 0.683792 0.484619 0.686441 0.483154 0.687500 0.481934 0.682733 0.481934 0.679555 0.482422 0.677436 0.481934 0.674258 0.482910 0.672140 0.483887 0.671610 0.484863 0.667903 0.482910 0.665784 0.483154 0.663136 0.482666 0.662606 0.482422 0.664725 0.480713 0.667903 0.478760 0.666843
1 0.276367 0.662076 0.275879 0.661547 0.275146 0.663136 0.274170 0.662606 0.273682 0.663665 0.272949 0.662606 0.269775 0.663136 0.269043 0.664725 0.269043 0.667903 0.269775 0.667903 0.271729 0.665254 0.275146 0.664195 0.275391 0.664725
1 0.205078 0.661017 0.204590 0.662076 0.204590 0.663665 0.204102 0.664195 0.204102 0.665784 0.204590 0.666314 0.204590 0.667903 0.205566 0.670551 0.205322 0.671610 0.204590 0.671610 0.204590 0.673199 0.205078 0.674258 0.205811 0.674258 0.206055 0.672140 0.206543 0.673199 0.206787 0.672669 0.205322 0.669492 0.207031 0.668962 0.207031 0.667373 0.205811 0.665784
1 0.260010 0.659428 0.259766 0.660487 0.258057 0.661017 0.257812 0.663136 0.256836 0.664195 0.256592 0.665784 0.255371 0.666314 0.255127 0.669492 0.253906 0.671081 0.254395 0.674788 0.255371 0.675847 0.254639 0.675318 0.255371 0.674788 0.256348 0.671610 0.256348 0.668962 0.256348 0.670551 0.255859 0.671081 0.255615 0.668432 0.256104 0.667373 0.256348 0.667903 0.256104 0.667373 0.256836 0.665784 0.257324 0.666314 0.256836 0.668962 0.257812 0.666314 0.259277 0.666314 0.259277 0.668962 0.258301 0.670021 0.258301 0.672140 0.259766 0.675318 0.260498 0.675318 0.260742 0.677436 0.258789 0.677966 0.258545 0.680085 0.257812 0.680085 0.257080 0.677966 0.257324 0.681674 0.256836 0.682203 0.256836 0.685911 0.256104 0.685911 0.255859 0.683263 0.255859 0.688030 0.254883 0.690678 0.254883 0.692267 0.256592 0.692267 0.257080 0.693326 0.256592 0.692267 0.256592 0.690678 0.257080 0.690148 0.256592 0.686441 0.258057 0.685911 0.258301 0.686970 0.257812 0.687500 0.257812 0.690148 0.258301 0.690678 0.258545 0.694386 0.259033 0.694386 0.259277 0.691208 0.261719 0.686970 0.261963 0.688030 0.262695 0.688030 0.262939 0.682733 0.261719 0.686970 0.261719 0.681674 0.263184 0.680085 0.263184 0.678496 0.263916 0.679025 0.265625 0.677966 0.265381 0.676377 0.263916 0.673729 0.264160 0.672669 0.263672 0.672669 0.263184 0.676377 0.262695 0.676377 0.262451 0.677966 0.261963 0.677436 0.262207 0.676907 0.261719 0.676377 0.262207 0.675847 0.261719 0.675318 0.262207 0.674788 0.262451 0.671610 0.261719 0.670551 0.261719 0.672140 0.261230 0.672669 0.260498 0.671081 0.260498 0.669492 0.262451 0.667903 0.262451 0.663136 0.261963 0.662076 0.261719 0.662606 0.261719 0.666843 0.261230 0.667373 0.260986 0.665254 0.259521 0.663665 0.259766 0.661017 0.260498 0.660487
1 0.235840 0.658898 0.235352 0.659958 0.235840 0.661017 0.236572 0.660487 0.237793 0.661547 0.237793 0.664725 0.237305 0.665254 0.237305 0.666843 0.237549 0.666314 0.237793 0.668432 0.238281 0.668432 0.238525 0.666314 0.237793 0.664195 0.238281 0.660487 0.237061 0.660487 0.236328 0.658898
1 0.727051 0.658369 0.728271 0.658369 0.728516 0.659428 0.729492 0.659958 0.729248 0.661017 0.727539 0.661017 0.727539 0.662606 0.729248 0.662606 0.729492 0.661547 0.730225 0.662606 0.730225 0.659428 0.729980 0.658369 0.729492 0.658898 0.729248 0.657309 0.727539 0.657309
1 0.037109 0.657309 0.036621 0.661017 0.037109 0.662076 0.038086 0.662076 0.038330 0.657839
1 0.574463 0.657309 0.574219 0.662076 0.575439 0.663665 0.577881 0.663665 0.578125 0.662606 0.579834 0.663665 0.580322 0.662606 0.579834 0.661547 0.579834 0.659958 0.578125 0.659958 0.578125 0.662606 0.577148 0.663136 0.576904 0.659958 0.575928 0.659958 0.575439 0.658898 0.577637 0.658369 0.577881 0.657309
1 0.561523 0.655191 0.560059 0.656780 0.559326 0.656250 0.558838 0.657309 0.559570 0.659958 0.560547 0.661547 0.560791 0.658898 0.561768 0.657309
1 0.410156 0.651483 0.408936 0.650953 0.408447 0.649894 0.407959 0.651483 0.408203 0.652542 0.407471 0.654661 0.409668 0.654131 0.410156 0.653072
1 0.595215 0.653602 0.592529 0.649364 0.591797 0.649364 0.588379 0.656780 0.592285 0.657839 0.593262 0.655720 0.595215 0.655191
1 0.451172 0.649364 0.451172 0.651483 0.451904 0.653072 0.451416 0.654131 0.451172 0.652542 0.449707 0.653072 0.450928 0.653072 0.451660 0.654661 0.451416 0.656250 0.451904 0.655191 0.452148 0.657309 0.452637 0.657309 0.452393 0.654661 0.452881 0.654661 0.452881 0.652542 0.454346 0.651483 0.453857 0.650424 0.453125 0.650424 0.452637 0.651483 0.452393 0.650424 0.451660 0.650424
1 0.694824 0.648835 0.694092 0.650424 0.693359 0.650424 0.694092 0.654661 0.695312 0.655191 0.695557 0.654661
1 0.489746 0.648835 0.489746 0.653072 0.490967 0.654661 0.491699 0.654661 0.493408 0.657839 0.493408 0.659428 0.492676 0.661547 0.490234 0.661547 0.490234 0.664195 0.497070 0.664725 0.498535 0.664195 0.500000 0.662076 0.502686 0.663136 0.502197 0.658898 0.500000 0.653602 0.498291 0.653602 0.495361 0.647775 0.494873 0.648305 0.495117 0.652013 0.494385 0.653072 0.494385 0.654131 0.493896 0.653602 0.493408 0.650953 0.492920 0.651483 0.491699 0.648835
1 0.163818 0.664195 0.165283 0.662076 0.165039 0.660487 0.164795 0.661547 0.163818 0.660487 0.164307 0.659428 0.166748 0.658369 0.167236 0.660487 0.167725 0.658898 0.167969 0.659428 0.170410 0.656780 0.170654 0.655720 0.170898 0.656250 0.171631 0.654661 0.171875 0.655191 0.172119 0.654131 0.172363 0.654661 0.176025 0.651483 0.174561 0.649894 0.174561 0.648305 0.175049 0.647775 0.171631 0.650953 0.171875 0.652013 0.171387 0.652013 0.171143 0.653602 0.170410 0.653602 0.169678 0.655720 0.169189 0.655720 0.169189 0.654131 0.168945 0.654661 0.168701 0.653602 0.168213 0.654661 0.167969 0.654131 0.167725 0.657839 0.166504 0.657839 0.166504 0.655720 0.165283 0.656780 0.164551 0.655720 0.164062 0.651483 0.163330 0.649364 0.163574 0.647775 0.163330 0.649364 0.162598 0.649894 0.163574 0.656250 0.163330 0.659958 0.163574 0.661017 0.164062 0.661017 0.164062 0.662606 0.164551 0.661547 0.165283 0.662076
1 0.079102 0.656250 0.078613 0.650953 0.077881 0.648305 0.072754 0.648305 0.072266 0.649894 0.072021 0.653602 0.071045 0.651483 0.070068 0.650953 0.069824 0.652013 0.070312 0.653072 0.069824 0.654131 0.068359 0.651483 0.068115 0.649364 0.068604 0.649364 0.067627 0.648835 0.067383 0.650953 0.068359 0.653072 0.067627 0.654661 0.066406 0.653072 0.066650 0.655191 0.066895 0.654661 0.067627 0.655720 0.068359 0.655720 0.068359 0.653602 0.069336 0.655720 0.072510 0.655720 0.073486 0.656780
1 0.250488 0.647246 0.250000 0.647246 0.250000 0.648305 0.248291 0.653602 0.245361 0.659958 0.242676 0.661547 0.242432 0.662606 0.241699 0.661017 0.242188 0.662076 0.241699 0.662606 0.241699 0.665254 0.240479 0.665254 0.239990 0.667373 0.240723 0.668432 0.239746 0.670021 0.240234 0.671081 0.240479 0.669492 0.241455 0.667903 0.241455 0.666314 0.242676 0.666843 0.242676 0.665784 0.243652 0.665784 0.245850 0.662076 0.248779 0.659958 0.250244 0.657309 0.250732 0.654661 0.250732 0.653072 0.250244 0.652542 0.250977 0.650953 0.250000 0.649364 0.250488 0.648835
1 0.722656 0.645127 0.722656 0.646186 0.722168 0.646186 0.721924 0.647246 0.720947 0.647246 0.720215 0.645127 0.719971 0.647775 0.718994 0.648835 0.718750 0.650953 0.718262 0.651483 0.719727 0.654131 0.720703 0.654661 0.720703 0.657309 0.721436 0.656250 0.721680 0.654131 0.723145 0.653602 0.723389 0.650424 0.723877 0.649894 0.723877 0.647246
1 0.265137 0.645127 0.265137 0.647775 0.263672 0.650424 0.263672 0.654131 0.262695 0.656780 0.263184 0.657839 0.263184 0.662606 0.263916 0.662606 0.264648 0.664195 0.263672 0.668962 0.262695 0.670021 0.263916 0.669492 0.264160 0.670551 0.264160 0.666843 0.264893 0.666843 0.265869 0.664725 0.266113 0.665784 0.266846 0.664195 0.267090 0.668432 0.268066 0.668432 0.268066 0.665784 0.266602 0.663136 0.265137 0.663136 0.264893 0.664195 0.264404 0.663136 0.265137 0.662076 0.264648 0.661547 0.265137 0.660487 0.264893 0.656780 0.266357 0.655191 0.266357 0.653602 0.265869 0.653072 0.265869 0.651483 0.266357 0.650424 0.265381 0.649894 0.265869 0.648305 0.265381 0.647775
1 0.730469 0.641949 0.731201 0.643538 0.731201 0.642479 0.731689 0.641949 0.732422 0.646186 0.734863 0.649894 0.738037 0.649894 0.738037 0.643008 0.737061 0.642479 0.736572 0.640890 0.733887 0.640890 0.733643 0.639831 0.732666 0.639831 0.732178 0.643008 0.731689 0.640890
1 0.252930 0.639831 0.251465 0.643008 0.252686 0.645657 0.252686 0.644597 0.253418 0.643008
1 0.173828 0.641949 0.174316 0.643008 0.173828 0.645127 0.175293 0.643008 0.176758 0.643008 0.177979 0.644068 0.177490 0.645657 0.176025 0.646716 0.176270 0.647775 0.177734 0.648305 0.177246 0.650424 0.177734 0.648835 0.178955 0.648835 0.178467 0.648305 0.179443 0.647775 0.179688 0.649894 0.183594 0.649894 0.183594 0.651483 0.184326 0.652013 0.184326 0.650424 0.184814 0.649894 0.184814 0.647246 0.185791 0.646716 0.185059 0.646186 0.183350 0.642479 0.183350 0.640890 0.181641 0.640890 0.181152 0.641949 0.180908 0.640890 0.179688 0.639831 0.178467 0.643008 0.177002 0.643008 0.174805 0.641419
1 0.631348 0.638771 0.631836 0.641949 0.630615 0.646186 0.631104 0.648835 0.630859 0.649364 0.631592 0.650424 0.631592 0.658898 0.631592 0.653602 0.632080 0.653072 0.631592 0.651483 0.631836 0.646716 0.632324 0.645127 0.632568 0.645657 0.632812 0.643538 0.632080 0.643008 0.632080 0.639831
1 0.746582 0.637712 0.748291 0.643538 0.749268 0.643538 0.750000 0.644597 0.752686 0.643538 0.753662 0.641949 0.755615 0.641419 0.753418 0.641419 0.750732 0.644068
1 0.500977 0.638242 0.500488 0.637712 0.498779 0.641419 0.498047 0.641949 0.497803 0.643008 0.498535 0.645127 0.499756 0.644597 0.501221 0.640360
1 0.483887 0.637712 0.484375 0.640890 0.485352 0.643538 0.488037 0.644068 0.489746 0.647246 0.489990 0.644068 0.489014 0.642479 0.488281 0.642479 0.487305 0.640360 0.487793 0.638771 0.486816 0.641419 0.486328 0.639831 0.485596 0.639831
1 0.048096 0.637712 0.047119 0.637712 0.046387 0.638771 0.046387 0.640360 0.046875 0.641419 0.047852 0.640890 0.048340 0.639831
1 0.448730 0.636653 0.449219 0.637712 0.448975 0.638771 0.450439 0.641419 0.450195 0.641949 0.451172 0.644068 0.449951 0.644597 0.448730 0.641949 0.448975 0.644068 0.450684 0.645657 0.451660 0.645657 0.452393 0.644597
1 0.185547 0.635593 0.185547 0.637182 0.186035 0.637712 0.186035 0.640360 0.187500 0.640890 0.187500 0.645657 0.189209 0.645657 0.189697 0.644597 0.189941 0.645657 0.191162 0.645657 0.191650 0.646716 0.191162 0.645657 0.191162 0.644068 0.190186 0.642479 0.190186 0.640890 0.189697 0.640360 0.189697 0.635593 0.187012 0.635593 0.187500 0.636653 0.187256 0.638771 0.186279 0.637182 0.186279 0.635593
1 0.628662 0.633475 0.628906 0.634004 0.628662 0.633475 0.627686 0.634534 0.626953 0.634004 0.625488 0.638242 0.624023 0.638242 0.623779 0.639301 0.623047 0.639301 0.624756 0.639301 0.625488 0.641949 0.625244 0.643008 0.626709 0.645127 0.626465 0.647775 0.626709 0.645657 0.627197 0.645127 0.627686 0.648305 0.628418 0.649364 0.628174 0.650953 0.628906 0.651483 0.629395 0.650953 0.628418 0.648835 0.627441 0.645127 0.627441 0.643538 0.626465 0.644068 0.625488 0.639831 0.625977 0.637182 0.626709 0.637182 0.627441 0.634534
1 0.156250 0.633475 0.155518 0.635593 0.155273 0.639301 0.155762 0.640890 0.156006 0.640360 0.157471 0.641949 0.156982 0.640890 0.158447 0.638771 0.158203 0.637182 0.158691 0.636653 0.158691 0.635593 0.157715 0.636653 0.157715 0.633475
1 0.249512 0.632415 0.248291 0.633475 0.247314 0.632945 0.244385 0.636123 0.242432 0.635593 0.242676 0.636653 0.242188 0.637712 0.241943 0.641419 0.240967 0.643538 0.241211 0.644068 0.240723 0.645127 0.240479 0.644597 0.240479 0.646186 0.239746 0.645657 0.239258 0.646716 0.238770 0.649364 0.239258 0.650953 0.237305 0.654661 0.237305 0.657309 0.239258 0.660487 0.238770 0.661547 0.239014 0.661017 0.239258 0.662076 0.239990 0.662076 0.239746 0.663136 0.240479 0.659958 0.240479 0.656250 0.239990 0.654661 0.240479 0.653072 0.240479 0.650424 0.241211 0.649364 0.240967 0.648835 0.241943 0.648305 0.243652 0.643008 0.243896 0.643538 0.245850 0.640360 0.245361 0.639831 0.248047 0.636653 0.248779 0.634534 0.248291 0.633475
1 0.014160 0.631356 0.011719 0.631886 0.011230 0.633475 0.010254 0.633475 0.011475 0.634534 0.009766 0.640360 0.010010 0.639831 0.010254 0.640890 0.010742 0.640360 0.011719 0.641419 0.011963 0.640360 0.013672 0.640890 0.014160 0.639831 0.013916 0.639301 0.014893 0.638242 0.015381 0.636653 0.015137 0.635593 0.014893 0.636123 0.013428 0.635064 0.014160 0.633475
1 0.439453 0.629237 0.439209 0.631356 0.438721 0.630826 0.438721 0.629237 0.437500 0.631356 0.437500 0.633475 0.436768 0.635064 0.437012 0.636123 0.436279 0.637712 0.435791 0.637182 0.435791 0.634534 0.435303 0.636653 0.435547 0.639301 0.435059 0.640360 0.434570 0.646716 0.433105 0.646716 0.433105 0.647775 0.434082 0.649894 0.434814 0.649894 0.435303 0.650953 0.434814 0.649894 0.434814 0.648305 0.436035 0.645657 0.438721 0.645657 0.438965 0.646716 0.437744 0.648835 0.438232 0.648835 0.438477 0.649894 0.439209 0.648835 0.438721 0.647775 0.439209 0.646716 0.439209 0.644068 0.440186 0.643008 0.439453 0.643008 0.439209 0.641949 0.438477 0.641949 0.437988 0.640890 0.437012 0.643538 0.436768 0.639831 0.437256 0.639301 0.437500 0.637182 0.438232 0.638242 0.438477 0.637182 0.440186 0.636123 0.438721 0.635593 0.438232 0.634534 0.439697 0.634004 0.440186 0.632945
1 0.488037 0.628708 0.486328 0.633475 0.486328 0.635064 0.487305 0.637712 0.487793 0.637712 0.489014 0.635064 0.487793 0.630297
1 0.634033 0.627648 0.633545 0.629237 0.632812 0.628178 0.632812 0.630297 0.632080 0.630297 0.630859 0.632945 0.631348 0.631886 0.632568 0.634534 0.633057 0.637182 0.633301 0.636653 0.632812 0.634534 0.633301 0.632945 0.632324 0.634004 0.632080 0.632415 0.632568 0.631356 0.633057 0.631886 0.633545 0.629237 0.634033 0.629237 0.634521 0.630826
1 0.405273 0.627648 0.405762 0.629237 0.404785 0.629237 0.405762 0.631356 0.404785 0.631886 0.404297 0.634004 0.403320 0.635064 0.403564 0.636123 0.404541 0.636653 0.403564 0.640890 0.405029 0.639831 0.405762 0.641949 0.406494 0.640890 0.407471 0.643538 0.407959 0.642479 0.406738 0.637182 0.406738 0.635064 0.406006 0.632945 0.406250 0.629767
1 0.732178 0.626589 0.731934 0.628178 0.732666 0.631886 0.734131 0.631886 0.733887 0.631356 0.734863 0.630297 0.733887 0.627119
1 0.493408 0.629237 0.493652 0.629767 0.495605 0.627648 0.497070 0.630826 0.497559 0.628178 0.496826 0.627119 0.496338 0.628178 0.495117 0.625530
1 0.189453 0.625530 0.188965 0.626589 0.189453 0.629767 0.189941 0.630297 0.189453 0.631886 0.190674 0.631886 0.191162 0.630826 0.191406 0.632945 0.191895 0.632945 0.192383 0.630297 0.191406 0.630826 0.190918 0.629767 0.191162 0.627119
1 0.278320 0.634534 0.279541 0.636653 0.278809 0.639301 0.279053 0.638771 0.279785 0.639831 0.279785 0.642479 0.280273 0.643538 0.281494 0.643538 0.282227 0.645657 0.283691 0.647246 0.284668 0.650424 0.286377 0.649894 0.287598 0.653072 0.287598 0.656250 0.288086 0.656780 0.291260 0.647775 0.293457 0.645127 0.292969 0.644597 0.293945 0.643008 0.294189 0.643538 0.293945 0.643008 0.296387 0.638771 0.296631 0.639831 0.297119 0.637182 0.297607 0.638242 0.298096 0.637182 0.299561 0.637182 0.299072 0.635593 0.298096 0.636123 0.297363 0.634534 0.296875 0.635064 0.296387 0.632415 0.295654 0.631356 0.296631 0.630297 0.296875 0.631356 0.298828 0.632945 0.298828 0.631886 0.300537 0.628708 0.300293 0.626589 0.298828 0.629237 0.297852 0.629767 0.296387 0.628708 0.295654 0.630826 0.294922 0.629767 0.293213 0.629767 0.291260 0.631356 0.291260 0.628708 0.289062 0.631886 0.289551 0.633475 0.288574 0.635593 0.288330 0.641949 0.288574 0.641419 0.289062 0.642479 0.289062 0.646186 0.289307 0.645657 0.290039 0.647775 0.289551 0.650424 0.288818 0.650424 0.287598 0.648305 0.286377 0.648835 0.284424 0.646716 0.281982 0.639831 0.281494 0.636123 0.281982 0.634004 0.282959 0.632945 0.282959 0.629767 0.283691 0.626589 0.281982 0.627648 0.279785 0.624470 0.279541 0.628178 0.280518 0.627119 0.280762 0.628178 0.279541 0.632945 0.280518 0.634534 0.279053 0.635064 0.278320 0.633475
1 0.433105 0.623411 0.432129 0.628708 0.433350 0.628708 0.433594 0.630826 0.434082 0.631356 0.434814 0.629767 0.434326 0.628178 0.433594 0.628178 0.432861 0.626589 0.433594 0.625000 0.433594 0.623941
1 0.627930 0.621822 0.625977 0.622881 0.625244 0.624470 0.625244 0.625530 0.623779 0.627648 0.623779 0.630826 0.624023 0.628708 0.624756 0.626589 0.625244 0.626589 0.625244 0.625530 0.627441 0.625000 0.627686 0.626059 0.627686 0.625000 0.626953 0.624470
1 0.395508 0.622881 0.398438 0.627119 0.399170 0.627119 0.401611 0.633475 0.402344 0.633475 0.402100 0.631886 0.402588 0.628178 0.401855 0.626589 0.401855 0.623411 0.402588 0.621822 0.400879 0.621292 0.400146 0.622352 0.399658 0.621822 0.398926 0.623411 0.397217 0.621822 0.396240 0.621822
1 0.745605 0.618114 0.745361 0.618644 0.746094 0.621822 0.746094 0.624470 0.746582 0.625530 0.746094 0.626589 0.746582 0.627119 0.746582 0.628708 0.747070 0.629237 0.747559 0.631886 0.752686 0.638771 0.748779 0.629767 0.746582 0.627119 0.746582 0.624470 0.746094 0.623411 0.746338 0.622881
1 0.418945 0.612288 0.418945 0.614936 0.418457 0.615466 0.417969 0.618644 0.417725 0.623411 0.416992 0.621292 0.416748 0.618644 0.414795 0.619703 0.414795 0.620763 0.415527 0.622352 0.416016 0.620763 0.416504 0.621292 0.416260 0.626059 0.416748 0.624470 0.417480 0.625000 0.417480 0.629237 0.417725 0.624470 0.418213 0.623411 0.418457 0.623941 0.418457 0.626059 0.418945 0.627119 0.418945 0.630826 0.419922 0.632415 0.420410 0.636653 0.419922 0.637182 0.420410 0.637182 0.421387 0.640360 0.422119 0.640360 0.422852 0.638242 0.423584 0.637712 0.423096 0.636123 0.423584 0.630826 0.423828 0.635593 0.425293 0.636653 0.426025 0.635064 0.426270 0.632945 0.427490 0.632945 0.427490 0.631886 0.426758 0.630297 0.425781 0.630297 0.425293 0.631356 0.425049 0.627648 0.424072 0.626059 0.423340 0.626059 0.422852 0.627648 0.421631 0.627648 0.420410 0.622881 0.420166 0.619174 0.419189 0.618114 0.419434 0.614936
1 0.403809 0.610699 0.403564 0.615996 0.404297 0.617055 0.406006 0.612288 0.405029 0.612288 0.404297 0.610699
1 0.731445 0.609110 0.731201 0.609640 0.731689 0.611229 0.733154 0.611229 0.733643 0.612288 0.732910 0.613877 0.732910 0.615466 0.734863 0.618114 0.734863 0.619174 0.736084 0.621292 0.735840 0.622352 0.737061 0.623411 0.736572 0.622352 0.737061 0.621292 0.737305 0.621822 0.737549 0.620233 0.737793 0.620763 0.737793 0.618644 0.737305 0.618114 0.736328 0.613877 0.734863 0.611229 0.734375 0.611229 0.734375 0.612288 0.733887 0.612818 0.733154 0.610699 0.731934 0.610169
1 0.437256 0.609110 0.436035 0.609110 0.436035 0.612288 0.434570 0.615466 0.434082 0.618644 0.433594 0.619174 0.433594 0.620763 0.434082 0.621822 0.434082 0.626589 0.434326 0.619174 0.435059 0.616525 0.436523 0.613877 0.436768 0.612288 0.436279 0.609640
1 0.680908 0.609110 0.679688 0.609110 0.679688 0.608051 0.678711 0.608051 0.678467 0.609110 0.677734 0.608051 0.675293 0.608051 0.675049 0.609110 0.673828 0.609640 0.674316 0.610169 0.673828 0.610699 0.673828 0.611758 0.671875 0.613877 0.672607 0.613877 0.672607 0.615466 0.670898 0.615466 0.669434 0.618644 0.669434 0.622352 0.669922 0.622881 0.669922 0.624470 0.671631 0.624470 0.672119 0.626059 0.673096 0.625530 0.674316 0.623411 0.676270 0.623411 0.677979 0.619703 0.678223 0.618114 0.678467 0.618644 0.679199 0.617585 0.678955 0.616525 0.679443 0.615996 0.679199 0.614407 0.678223 0.616525 0.677979 0.618644 0.677246 0.618644 0.677002 0.617585 0.678955 0.612818 0.680908 0.611758
1 0.722656 0.606462 0.724365 0.609110 0.725342 0.607521 0.726074 0.607521 0.726074 0.605932 0.725586 0.605403
1 0.658447 0.605403 0.660889 0.609110 0.662354 0.609110 0.661865 0.608581 0.661865 0.606462 0.660156 0.605403 0.658936 0.606462
1 0.510742 0.606462 0.510010 0.605403 0.508789 0.607521 0.508545 0.610699 0.509766 0.610699 0.510986 0.609110
1 0.645264 0.605403 0.646729 0.605932 0.647705 0.607521 0.647705 0.605403 0.648193 0.604343 0.648438 0.606462 0.649658 0.606462 0.649658 0.603814 0.646973 0.603814
1 0.409180 0.605932 0.409668 0.609110 0.409912 0.606992 0.410889 0.606462 0.411621 0.608581 0.413574 0.609640 0.410645 0.603814 0.410156 0.604343 0.410400 0.605403 0.409912 0.606462
1 0.258057 0.602225 0.258057 0.606462 0.259277 0.609110 0.259521 0.606992 0.259033 0.606462 0.259033 0.604873 0.259521 0.603814 0.258545 0.603284 0.259033 0.602225
1 0.259766 0.601695 0.260742 0.602225 0.260254 0.605403 0.261719 0.605932 0.260986 0.607521 0.260742 0.606462 0.259766 0.609640 0.261230 0.609640 0.261963 0.607521 0.262207 0.604343 0.260498 0.601695
1 0.652588 0.596928 0.653809 0.599576 0.654053 0.602225 0.654785 0.603814 0.655762 0.603284 0.655518 0.599576 0.654053 0.599576
1 0.496826 0.599047 0.496338 0.596928 0.495117 0.596928 0.493408 0.600106
1 0.387939 0.598517 0.389160 0.601165 0.390869 0.601165 0.392090 0.597987 0.391602 0.596398 0.390869 0.596928 0.389893 0.595339 0.388916 0.595339
1 0.707275 0.597458 0.705566 0.597987 0.705078 0.596928 0.705078 0.594280 0.703369 0.594280 0.702881 0.595339 0.703125 0.594809 0.703613 0.595869 0.703369 0.596398 0.702637 0.596398 0.702393 0.595339 0.701172 0.595339 0.700684 0.596928 0.701904 0.596928 0.702148 0.597987 0.700195 0.599576 0.700195 0.601165 0.699219 0.600636 0.701416 0.601165 0.702393 0.603284 0.703125 0.602754 0.705322 0.603814 0.705811 0.603284 0.705811 0.601165 0.704346 0.600636 0.705566 0.598517 0.706787 0.599047 0.707275 0.600636
1 0.656006 0.593750 0.656250 0.596928 0.658447 0.596928 0.658691 0.597458 0.658203 0.599047 0.659180 0.601165 0.660156 0.600636 0.660156 0.597987 0.659424 0.595869 0.658691 0.596928 0.657715 0.595339 0.657959 0.594280 0.657227 0.593220
1 0.404297 0.593220 0.405762 0.597987 0.407471 0.597987 0.406738 0.594809 0.406250 0.594280 0.406250 0.595339 0.405762 0.595869 0.405518 0.593220
1 0.504395 0.600636 0.495605 0.612288 0.494629 0.609640 0.491943 0.617585 0.482178 0.625530 0.479004 0.622881 0.479004 0.601695 0.478516 0.606462 0.476074 0.609110 0.475342 0.619703 0.472900 0.621822 0.476074 0.626059 0.474609 0.627119 0.474609 0.637182 0.473145 0.636123 0.472900 0.628178 0.470703 0.630826 0.472656 0.631356 0.471680 0.635593 0.469482 0.635064 0.471436 0.636653 0.468994 0.643538 0.470215 0.645657 0.464844 0.655720 0.466797 0.658369 0.463867 0.661017 0.462402 0.652542 0.463623 0.651483 0.463379 0.646186 0.462646 0.651483 0.461670 0.647775 0.464844 0.627119 0.462158 0.621292 0.463623 0.592691 0.461914 0.598517 0.462891 0.611758 0.461670 0.610699 0.461670 0.602225 0.460205 0.607521 0.459473 0.604343 0.458740 0.606992 0.459717 0.619703 0.457275 0.637182 0.458984 0.635593 0.459961 0.652013 0.461914 0.653602 0.460938 0.658898 0.460449 0.655720 0.460449 0.663136 0.458984 0.661017 0.457031 0.663665 0.458496 0.670021 0.457031 0.677966 0.459473 0.680614 0.457764 0.675847 0.459717 0.677436 0.459717 0.663665 0.460449 0.668962 0.464600 0.666843 0.465820 0.669492 0.460449 0.670021 0.460938 0.681144 0.465088 0.679555 0.463867 0.682203 0.467041 0.684322 0.469238 0.678496 0.470947 0.683792 0.471191 0.676377 0.468506 0.665254 0.469971 0.663136 0.469482 0.658898 0.473145 0.656250 0.474121 0.648305 0.472412 0.650953 0.472412 0.645657 0.474854 0.645127 0.479248 0.632415 0.484863 0.624470 0.492432 0.618644 0.492188 0.614936 0.495117 0.620233 0.494385 0.611758 0.501953 0.608581
1 0.302002 0.592691 0.301514 0.596398 0.302002 0.605932 0.300781 0.610699 0.300293 0.615996 0.300781 0.617585 0.302734 0.618644 0.302734 0.619703 0.302002 0.619703 0.302979 0.620233 0.302734 0.619703 0.303223 0.619174 0.304443 0.621292 0.305664 0.619174 0.304932 0.615466 0.306885 0.611758 0.306885 0.610169 0.306152 0.608581 0.306396 0.606462 0.308350 0.603814 0.308105 0.603284 0.310059 0.598517 0.309814 0.595869 0.308838 0.595339 0.308350 0.594280 0.308594 0.593750 0.307129 0.595869 0.304443 0.597987 0.303467 0.596928 0.303223 0.593750 0.302979 0.594280
1 0.140625 0.593750 0.144531 0.594280 0.144287 0.596398 0.140625 0.596398 0.140869 0.597458 0.143799 0.597987 0.144043 0.596928 0.144775 0.597987 0.145264 0.595339 0.144043 0.593220 0.143311 0.593750 0.143066 0.592691 0.142822 0.593750 0.142578 0.592691 0.142334 0.593750 0.142090 0.592691 0.141846 0.593750 0.141602 0.592691 0.141357 0.593750 0.141113 0.592691
1 0.649658 0.591102 0.649658 0.593220 0.649170 0.594280 0.646973 0.594280 0.644775 0.595869 0.645752 0.596928 0.646484 0.599047 0.647705 0.599576 0.646973 0.597987 0.647705 0.595869 0.649414 0.594280
1 0.664551 0.590572 0.667480 0.597458 0.668701 0.594809 0.669678 0.595869 0.670166 0.594809 0.670898 0.594809 0.671143 0.593750 0.670898 0.592161 0.666992 0.588983 0.666016 0.588983
1 0.432129 0.587394 0.432129 0.590572 0.433105 0.592161 0.433105 0.593750 0.433838 0.593220 0.434326 0.588983 0.433838 0.587924 0.433105 0.588983
1 0.422852 0.589513 0.423096 0.592161 0.424072 0.592691 0.424805 0.590572 0.426025 0.590572 0.426270 0.588453 0.424561 0.588453 0.423828 0.587394
1 0.415527 0.587394 0.414795 0.588453 0.414795 0.590572 0.415283 0.592691 0.416016 0.593750 0.415283 0.595339 0.415771 0.596398 0.415527 0.596928 0.416016 0.596928 0.416260 0.591102
1 0.264893 0.588453 0.264648 0.590042 0.265381 0.592161 0.266357 0.593220 0.268311 0.593220 0.268311 0.591102 0.267822 0.592161 0.266846 0.592161 0.265381 0.590572 0.265137 0.588453 0.266602 0.586335 0.267334 0.587924 0.267822 0.587924 0.267090 0.586335 0.265869 0.586335
1 0.685059 0.584746 0.685059 0.587394 0.685547 0.588453 0.686279 0.588453 0.687256 0.586335 0.687012 0.584746
1 0.296631 0.584746 0.296143 0.585275 0.296143 0.586864 0.294922 0.589513 0.294189 0.592691 0.293213 0.592691 0.293213 0.594280 0.292725 0.595339 0.292236 0.595339 0.290039 0.599576 0.288574 0.601165 0.287354 0.600636 0.285156 0.602225 0.284180 0.600636 0.283691 0.601695 0.283691 0.599576 0.283203 0.599576 0.282715 0.597458 0.282959 0.595339 0.282227 0.595339 0.282471 0.597987 0.283447 0.600636 0.283447 0.602754 0.284180 0.603814 0.285400 0.603814 0.289795 0.601165 0.291504 0.599047 0.296143 0.589513
1 0.511475 0.581568 0.510986 0.581568 0.510986 0.584746 0.510498 0.585805 0.509766 0.585805 0.508789 0.590042 0.508545 0.592691 0.509277 0.594280 0.509521 0.597458 0.510498 0.595339 0.513428 0.593750 0.513428 0.591102 0.512451 0.590572 0.512939 0.588453 0.511719 0.589513 0.511230 0.587924 0.511230 0.585805 0.510742 0.585805 0.511719 0.583686
1 0.485596 0.581568 0.483398 0.581568 0.482666 0.583686 0.482422 0.592161 0.482666 0.590572 0.483887 0.590572 0.484619 0.588453 0.485352 0.588453 0.485352 0.586335 0.486084 0.584746
1 0.317871 0.582627 0.315186 0.581038 0.315674 0.580508 0.314941 0.578919 0.315430 0.579979 0.315186 0.581038 0.313965 0.579979 0.311768 0.579979 0.311035 0.581038 0.310791 0.582627 0.309814 0.582097 0.309082 0.579449 0.308105 0.579449 0.308594 0.580508 0.308594 0.582097 0.308105 0.582627 0.308350 0.584216 0.309326 0.582627 0.311279 0.583686 0.311035 0.583157 0.311768 0.582097 0.312012 0.582627 0.312256 0.581038 0.313721 0.584216 0.313477 0.583686 0.314453 0.582627 0.314941 0.581038 0.315430 0.583157 0.316406 0.584216
1 0.229004 0.582627 0.228516 0.586864 0.229736 0.591631 0.231934 0.591102 0.233887 0.593750 0.234619 0.592691 0.235107 0.593750 0.235107 0.588983 0.235596 0.588453 0.236328 0.590042 0.236328 0.595869 0.235840 0.596398 0.236572 0.597987 0.235840 0.599047 0.235840 0.602754 0.237061 0.602754 0.239014 0.599047 0.239258 0.600106 0.239990 0.598517 0.240723 0.600106 0.239990 0.601165 0.240723 0.604343 0.239990 0.606462 0.239502 0.605932 0.240967 0.605932 0.243652 0.611229 0.242920 0.615996 0.243164 0.620763 0.248779 0.617585 0.248779 0.616525 0.247803 0.615996 0.247559 0.613347 0.246338 0.612288 0.247070 0.610699 0.248779 0.612818 0.250732 0.612818 0.249512 0.606992 0.250000 0.606462 0.250488 0.608581 0.250977 0.608581 0.250244 0.608051 0.250732 0.606992 0.252197 0.606992 0.252197 0.599047 0.251709 0.598517 0.251465 0.594809 0.250000 0.593750 0.249512 0.591631 0.248291 0.592691 0.249023 0.593220 0.249268 0.596398 0.248047 0.600106 0.246582 0.595869 0.246094 0.597458 0.247070 0.600636 0.246582 0.601695 0.245605 0.599047 0.245850 0.596398 0.245361 0.598517 0.244629 0.597987 0.245850 0.594280 0.244873 0.593220 0.243896 0.594280 0.242920 0.593220 0.242432 0.594280 0.241943 0.592691 0.239502 0.593750 0.239014 0.592161 0.237549 0.592161 0.236572 0.587394 0.236816 0.582097 0.236328 0.578919 0.233398 0.579449 0.232422 0.581038 0.234375 0.586335 0.233887 0.591102 0.231934 0.588453 0.230957 0.583686
1 0.654541 0.580508 0.656738 0.581038 0.657471 0.579449 0.656250 0.577860 0.655518 0.577860
1 0.335693 0.575212 0.334229 0.575742 0.334473 0.577860 0.333984 0.579979 0.332031 0.583157 0.330566 0.584216 0.330322 0.586335 0.332031 0.588453 0.331299 0.588983 0.331787 0.590572 0.335449 0.587924 0.334961 0.585275 0.335693 0.584216 0.335449 0.581038 0.335205 0.581568 0.334717 0.580508 0.334961 0.579449 0.334473 0.577331
1 0.674805 0.573623 0.673340 0.574153 0.672363 0.576801 0.669678 0.576271 0.668945 0.577860 0.667725 0.576801 0.665039 0.576801 0.663086 0.577860 0.660889 0.580508 0.662354 0.582097 0.662354 0.583157 0.661377 0.584216 0.659180 0.584216 0.658447 0.585805 0.659912 0.586864 0.662354 0.585805 0.663086 0.586335 0.665039 0.583157 0.668213 0.579979 0.670166 0.581038 0.671143 0.583686 0.671143 0.582097 0.671875 0.582097 0.673584 0.579979 0.675049 0.579979 0.674072 0.578390 0.674561 0.577331 0.674072 0.576801
1 0.228027 0.574153 0.228760 0.577331 0.230957 0.575742 0.231445 0.574153 0.231201 0.574682 0.230957 0.573623 0.228516 0.573093
1 0.398438 0.573093 0.397217 0.576801 0.399658 0.581038 0.399902 0.583157 0.401611 0.587924 0.402100 0.588453 0.403320 0.586335 0.404053 0.586335 0.403809 0.585275 0.403564 0.586335 0.403320 0.585275 0.403076 0.586335 0.402588 0.585275 0.402832 0.582097 0.402100 0.581568 0.402588 0.580508 0.402344 0.578390 0.402344 0.579449 0.401611 0.581038 0.401367 0.580508 0.401367 0.582097 0.401855 0.582627 0.402344 0.585275 0.401123 0.585275 0.400391 0.581038 0.399414 0.579449 0.399902 0.578919 0.399902 0.577860 0.400635 0.578919 0.401611 0.576271 0.399902 0.572034 0.399658 0.573093
1 0.314941 0.574153 0.314453 0.574153 0.313965 0.572034 0.312500 0.572034 0.312256 0.574153 0.311523 0.573623 0.309570 0.575742 0.312988 0.575742 0.314209 0.578390 0.314209 0.574682
1 0.270020 0.578390 0.268799 0.576271 0.269775 0.573623 0.269287 0.572034 0.268066 0.572034 0.269531 0.573093 0.268311 0.576271 0.268066 0.575212 0.268555 0.574153 0.267578 0.574153 0.268066 0.575212 0.267822 0.576271 0.266113 0.576271 0.265137 0.578390 0.263428 0.578390 0.261475 0.579979 0.256592 0.579979 0.256104 0.578919 0.256104 0.576271 0.254883 0.575742 0.253906 0.573623 0.253662 0.574682 0.252686 0.574153 0.254150 0.576801 0.255127 0.577331 0.255615 0.578390 0.255127 0.579449 0.257080 0.579979 0.258301 0.581568 0.263916 0.581038 0.268311 0.576271
1 0.336914 0.570445 0.336914 0.571504 0.338379 0.573623 0.338867 0.573623 0.339355 0.572034 0.339111 0.570975 0.338623 0.571504 0.337891 0.569915
1 0.307129 0.569386 0.306396 0.570975 0.305420 0.570975 0.305420 0.569915 0.304932 0.570445 0.304932 0.572034 0.303467 0.574153 0.301514 0.574153 0.301025 0.575212 0.302246 0.577331 0.303223 0.577331 0.303223 0.576271 0.303955 0.575212 0.304199 0.575742 0.304932 0.573093 0.306641 0.573093
1 0.655518 0.570445 0.654053 0.567797 0.652588 0.569386 0.651611 0.569386 0.650391 0.572034 0.650635 0.576271 0.651367 0.577860 0.650879 0.575742 0.650879 0.572564 0.651611 0.570445 0.653076 0.569386 0.654541 0.569386
1 0.255615 0.567797 0.256836 0.572034 0.256836 0.575212 0.258789 0.570975 0.257080 0.569386 0.256348 0.567797
1 0.451416 0.567267 0.451660 0.573623 0.450439 0.574682 0.452148 0.577860 0.450195 0.579449 0.451172 0.590572 0.450195 0.590042 0.449219 0.595339 0.447021 0.593750 0.447998 0.590572 0.446533 0.593750 0.445801 0.592161 0.445801 0.586864 0.447998 0.585275 0.447266 0.581568 0.444092 0.585275 0.443848 0.587394 0.445312 0.586335 0.444092 0.594280 0.441895 0.593220 0.442383 0.591102 0.441162 0.595339 0.439941 0.593220 0.443359 0.585805 0.444580 0.576271 0.445801 0.580508 0.446045 0.568856 0.439453 0.593750 0.437744 0.587394 0.438477 0.591631 0.437012 0.596398 0.435791 0.593750 0.437256 0.591102 0.436523 0.588453 0.434570 0.593220 0.435547 0.599047 0.437744 0.599047 0.439453 0.595869 0.440918 0.598517 0.440674 0.601165 0.442139 0.598517 0.443115 0.600636 0.443848 0.597458 0.445312 0.599047 0.443604 0.610169 0.444824 0.610169 0.445312 0.614936 0.446045 0.610699 0.446777 0.612288 0.445557 0.618644 0.443848 0.615996 0.442871 0.621822 0.442627 0.618644 0.441162 0.617585 0.443359 0.612818 0.444092 0.614407 0.443115 0.610169 0.442627 0.611758 0.441895 0.610169 0.441650 0.603284 0.440186 0.608051 0.439209 0.607521 0.439941 0.605932 0.438965 0.606992 0.439697 0.609640 0.438477 0.609110 0.439453 0.612818 0.440430 0.611229 0.440430 0.613877 0.438477 0.616525 0.438477 0.620233 0.441162 0.627648 0.442383 0.623411 0.444092 0.622352 0.445557 0.625000 0.447754 0.618644 0.446289 0.619703 0.446777 0.614407 0.450684 0.606992 0.449951 0.597458 0.448975 0.596398 0.450439 0.592691 0.451660 0.593220 0.451904 0.582627 0.455078 0.585275 0.457031 0.584216 0.457275 0.577331 0.456055 0.578919 0.453369 0.569915 0.454102 0.573623 0.453125 0.574153
1 0.565186 0.565678 0.564453 0.565678 0.563721 0.568326 0.562744 0.569915 0.562012 0.569915 0.561768 0.571504 0.564941 0.570975
1 0.444092 0.565148 0.443359 0.565678 0.442139 0.569915 0.442139 0.571504 0.443115 0.574682 0.444092 0.572564 0.444092 0.568326 0.444580 0.567267 0.445312 0.567267 0.445068 0.566208 0.444580 0.566737
1 0.450439 0.566737 0.449707 0.564619 0.449219 0.564619 0.447998 0.566208 0.447266 0.566208 0.447510 0.567267 0.446777 0.568326 0.447021 0.567797 0.447266 0.568856 0.447510 0.567797 0.447754 0.569386 0.447998 0.567797 0.448242 0.569915 0.448730 0.569915
1 0.211426 0.564089 0.211426 0.565148 0.212402 0.566737 0.214355 0.568326 0.214600 0.567797 0.211914 0.563030 0.212158 0.563559
1 0.408203 0.561970 0.406738 0.563030 0.406250 0.565148 0.406982 0.566208 0.408447 0.564089
1 0.183350 0.564089 0.181641 0.561970 0.178955 0.561970 0.178467 0.563030 0.179199 0.567267 0.178711 0.568856 0.179199 0.569386 0.180176 0.568326 0.180664 0.566737 0.180908 0.567267
1 0.267578 0.563559 0.266357 0.561441 0.266357 0.560381 0.265625 0.560381 0.265381 0.561441 0.263672 0.560911 0.260742 0.564089 0.260498 0.567267 0.264404 0.567267 0.264893 0.566208 0.266846 0.565148
1 0.576660 0.560381 0.576660 0.561441 0.577881 0.562500 0.579102 0.565678 0.579102 0.566737 0.580078 0.567797 0.579834 0.565678 0.579102 0.564089 0.579346 0.561441 0.578125 0.559322
1 0.483398 0.556674 0.483887 0.563030 0.484619 0.564619 0.485352 0.561441 0.485596 0.556674
1 0.285156 0.556674 0.283203 0.561441 0.283203 0.564089 0.281494 0.569915 0.280029 0.569915 0.280029 0.570975 0.277100 0.573093 0.273438 0.572034 0.272705 0.574153 0.271240 0.575212 0.273438 0.576271 0.272461 0.583157 0.273438 0.587924 0.273438 0.594809 0.272949 0.597987 0.272217 0.597458 0.271973 0.603284 0.272949 0.604873 0.272461 0.609640 0.273926 0.610699 0.272461 0.612288 0.272461 0.614936 0.270996 0.617585 0.271973 0.618644 0.271973 0.621292 0.272217 0.615466 0.274658 0.615996 0.274170 0.613347 0.275146 0.611229 0.275391 0.612288 0.275635 0.611229 0.276855 0.612288 0.277344 0.610699 0.278564 0.613347 0.277832 0.613877 0.278809 0.613347 0.279297 0.614407 0.277588 0.608581 0.279053 0.600636 0.281738 0.596398 0.281006 0.595869 0.281006 0.594280 0.282715 0.593220 0.278809 0.595339 0.278320 0.596928 0.278809 0.595869 0.280029 0.596398 0.277588 0.599576 0.277100 0.599047 0.277588 0.596928 0.277100 0.595339 0.278076 0.594809 0.277832 0.592691 0.278809 0.590042 0.279541 0.592161 0.280518 0.590042 0.281494 0.591631 0.282471 0.590042 0.281006 0.590572 0.281006 0.588453 0.280029 0.588983 0.279541 0.586335 0.280029 0.590042 0.279541 0.591631 0.278564 0.588983 0.278809 0.584216 0.278564 0.586335 0.277832 0.584746 0.277100 0.590572 0.278076 0.592161 0.276367 0.593220 0.276123 0.584746 0.277100 0.584216 0.277344 0.582097 0.279053 0.582097 0.279541 0.579449 0.281006 0.577860 0.281006 0.576271 0.279541 0.575212 0.280273 0.573623 0.282471 0.575212 0.282959 0.570975 0.285400 0.566737 0.286377 0.559322 0.285400 0.559322
1 0.713135 0.560381 0.715332 0.560381 0.716553 0.559322 0.716553 0.557733 0.715576 0.555085 0.714355 0.555085
1 0.341064 0.553496 0.340576 0.556674 0.340820 0.558263 0.341064 0.557203 0.341309 0.557733 0.341309 0.566208 0.341797 0.565678 0.342529 0.561441 0.344238 0.562500 0.343750 0.561970 0.344482 0.560381 0.344238 0.558792 0.343262 0.559852 0.342773 0.559322 0.342285 0.555085 0.341797 0.555085 0.341553 0.558792
1 0.498047 0.552966 0.496582 0.555614 0.496826 0.558263 0.496094 0.560911 0.496094 0.561970 0.497803 0.567267 0.498779 0.564619
1 0.324219 0.551377 0.324219 0.554025 0.324463 0.553496 0.325684 0.555085 0.325928 0.554555 0.326660 0.556144 0.327881 0.556144 0.328369 0.555085 0.330566 0.558263 0.329102 0.559322 0.329102 0.560911 0.330078 0.563030 0.328857 0.563559 0.329102 0.566208 0.329834 0.567267 0.329590 0.568326 0.329834 0.567797 0.330078 0.568856 0.329102 0.569915 0.328125 0.568326 0.327393 0.569915 0.326660 0.568856 0.327637 0.566737 0.326172 0.567797 0.325684 0.573093 0.327148 0.577331 0.331299 0.576271 0.332275 0.576801 0.332031 0.575742 0.331543 0.576271 0.330566 0.573623 0.331055 0.571504 0.331543 0.572564 0.331055 0.570445 0.332520 0.568326 0.332764 0.566208 0.334473 0.568326 0.334717 0.566208 0.335449 0.565678 0.335938 0.563559 0.336670 0.564089 0.337158 0.563030 0.335205 0.560381 0.332031 0.558263 0.331543 0.556144 0.332275 0.553496 0.331055 0.554555 0.330078 0.552966 0.327393 0.553496 0.326904 0.551907 0.327637 0.551377 0.326660 0.550847
1 0.719727 0.551907 0.719971 0.554555 0.722656 0.553496 0.722656 0.550847 0.721191 0.549788 0.719971 0.550847
1 0.570801 0.549258 0.566406 0.549788 0.566162 0.550847 0.564941 0.551377 0.559082 0.550847 0.559814 0.551907 0.557861 0.553496 0.556641 0.551907 0.556152 0.552966 0.554932 0.551377 0.554443 0.549258 0.555420 0.553496 0.554688 0.555085 0.552490 0.556144 0.551270 0.555614 0.550781 0.558263 0.549561 0.558792 0.548828 0.556144 0.548096 0.558263 0.544189 0.559852 0.534912 0.566208 0.534424 0.565148 0.534424 0.568856 0.531006 0.570975 0.529297 0.574682 0.532471 0.571504 0.535889 0.570445 0.538574 0.568326 0.539307 0.568856 0.543213 0.565148 0.544434 0.565148 0.545410 0.567797 0.545166 0.565678 0.545654 0.565148 0.545898 0.567267 0.545898 0.563030 0.546875 0.563559 0.547119 0.566208 0.548096 0.562500 0.548828 0.563559 0.550537 0.563559 0.551514 0.559852 0.552979 0.561441 0.553467 0.559322 0.553711 0.560381 0.554443 0.560381 0.554688 0.559322 0.556152 0.559852 0.556396 0.557733 0.556641 0.559322 0.558350 0.559322 0.558838 0.556674 0.560059 0.556144 0.565186 0.557203 0.564941 0.555614 0.565430 0.554555 0.566895 0.555614 0.566162 0.557203 0.566406 0.556144 0.566895 0.556674 0.566895 0.552436 0.569824 0.552966 0.570801 0.550847
1 0.309570 0.549258 0.309814 0.550318 0.310547 0.550318 0.310059 0.558263 0.310303 0.557733 0.311035 0.560381 0.310547 0.560911 0.311035 0.561441 0.310547 0.561970 0.310791 0.563559 0.310303 0.564089 0.310547 0.566208 0.310547 0.565148 0.311035 0.565148 0.311035 0.563559 0.312500 0.560911 0.313965 0.559322 0.316895 0.558263 0.314697 0.556674 0.312988 0.558792 0.312500 0.557733 0.312744 0.556674 0.313232 0.556674 0.312988 0.556144 0.311768 0.557733 0.311523 0.559322 0.310791 0.558792 0.310547 0.550318 0.310303 0.549258
1 0.578369 0.552966 0.579834 0.551907 0.580078 0.549788 0.581055 0.550847 0.580566 0.552436 0.581787 0.550318 0.583740 0.549788 0.582031 0.548729 0.579590 0.549258 0.578613 0.550847
1 0.493408 0.548199 0.492920 0.549788 0.492676 0.557733 0.493896 0.553496
1 0.500977 0.547669 0.500732 0.555085 0.502441 0.559322 0.501709 0.555614 0.501709 0.550318
1 0.229004 0.554555 0.229004 0.556674 0.229980 0.556144 0.229980 0.557203 0.231201 0.558792 0.231934 0.558263 0.232422 0.559852 0.232178 0.559322 0.232910 0.559322 0.233154 0.558263 0.233887 0.559852 0.233643 0.560911 0.233398 0.560381 0.233398 0.561441 0.234131 0.563030 0.233887 0.563559 0.234375 0.565678 0.235107 0.566737 0.236572 0.565148 0.237793 0.565678 0.238525 0.564089 0.239014 0.564089 0.239746 0.566208 0.240234 0.565148 0.240479 0.566208 0.241943 0.561970 0.243408 0.560381 0.243652 0.559322 0.244385 0.559322 0.244141 0.557733 0.243652 0.559322 0.242920 0.559322 0.240723 0.561970 0.239990 0.561441 0.238525 0.562500 0.238525 0.559852 0.237549 0.558263 0.238037 0.551377 0.237061 0.550847 0.235840 0.548729 0.233643 0.548729 0.233398 0.547669 0.233154 0.548729 0.232422 0.547669 0.230957 0.547669 0.230469 0.550318 0.229736 0.550847 0.229492 0.554025
1 0.322998 0.548729 0.322266 0.548729 0.321289 0.546610 0.320801 0.546610 0.320557 0.548199 0.319336 0.547140 0.319092 0.547669 0.319580 0.548729 0.319092 0.548729 0.319336 0.552436 0.320068 0.552436 0.321777 0.550847 0.322021 0.549788 0.322266 0.550318
1 0.339355 0.541314 0.337158 0.543432 0.334717 0.542903 0.334717 0.547140 0.335938 0.547140 0.336914 0.543962 0.338379 0.542373 0.339111 0.542903
1 0.255371 0.539725 0.255127 0.542373 0.255859 0.543432 0.255859 0.545021 0.257324 0.547669 0.257568 0.546610 0.257812 0.547140 0.257812 0.545551 0.258789 0.543962 0.258545 0.542373 0.257324 0.542903
1 0.491699 0.538136 0.489746 0.540254 0.489746 0.541314 0.489014 0.542373 0.489258 0.543962 0.488525 0.546081 0.487793 0.545551 0.487793 0.541843 0.487305 0.542373 0.487305 0.547140 0.486816 0.548199 0.487793 0.548729 0.487305 0.549788 0.487793 0.549788 0.488037 0.548729 0.488525 0.551377 0.488037 0.552436 0.487793 0.551907 0.487305 0.553496 0.487793 0.553496 0.488037 0.552436 0.489502 0.552436 0.490234 0.554025 0.491455 0.551377 0.491211 0.548729 0.491699 0.547669 0.490967 0.547140 0.490723 0.545021 0.492188 0.543962 0.492188 0.540254
1 0.695557 0.536547 0.692871 0.538136 0.691162 0.541843 0.691406 0.542903 0.690674 0.544492 0.691162 0.546610 0.692383 0.544492 0.692139 0.545021 0.691162 0.543432 0.692871 0.540784 0.693604 0.541314 0.693115 0.542373 0.693359 0.542903
1 0.392090 0.537076 0.392090 0.543432 0.391602 0.544492 0.392090 0.549788 0.391602 0.549788 0.391846 0.552966 0.393311 0.557203 0.393311 0.560381 0.392822 0.563030 0.393311 0.564089 0.393799 0.562500 0.393799 0.555085 0.394531 0.554025 0.394775 0.552436 0.395508 0.554025 0.395508 0.556144 0.395020 0.556674 0.395020 0.560911 0.394531 0.561441 0.394531 0.565148 0.394043 0.566208 0.394531 0.565148 0.395020 0.565678 0.395508 0.567797 0.395020 0.569386 0.396729 0.574682 0.397949 0.571504 0.397949 0.570445 0.397461 0.569386 0.396729 0.572034 0.395996 0.571504 0.395752 0.569386 0.396240 0.568326 0.396973 0.568326 0.395752 0.565678 0.395752 0.563559 0.394775 0.561441 0.395752 0.560911 0.395996 0.561970 0.396484 0.561970 0.396240 0.559322 0.396729 0.558263 0.396240 0.557733 0.396240 0.556144 0.395264 0.553496 0.395020 0.550847 0.394531 0.549788 0.394775 0.548729 0.394531 0.547669 0.394531 0.550318 0.393799 0.550847 0.393311 0.554025 0.392334 0.553496 0.392578 0.550847 0.393311 0.550318 0.392822 0.547669 0.393799 0.547140 0.392822 0.545551 0.393555 0.544492 0.394043 0.545551 0.394531 0.544492 0.395020 0.546081 0.395508 0.544492 0.395996 0.545021 0.395508 0.544492 0.395020 0.540784 0.394043 0.539195 0.394287 0.536547 0.393555 0.536547 0.392822 0.538665
1 0.405029 0.538665 0.403809 0.537606 0.403809 0.536017 0.403564 0.536547 0.402100 0.534958 0.402344 0.535487 0.400391 0.539725 0.399902 0.539725 0.399414 0.538136 0.397949 0.538136 0.398193 0.539725 0.397705 0.540784 0.399658 0.541314 0.400146 0.542373 0.400146 0.544492 0.400879 0.545021 0.401123 0.540254 0.402100 0.538136 0.403076 0.538136 0.404297 0.539725 0.404541 0.538665
1 0.259277 0.534958 0.259277 0.538665 0.259766 0.539195 0.259766 0.540784 0.259521 0.541314 0.258789 0.539195 0.259766 0.542903 0.261963 0.542373 0.262695 0.543962 0.263428 0.542903 0.263916 0.546081 0.263916 0.543962 0.262695 0.540784 0.261719 0.540254 0.261230 0.538136
1 0.162842 0.538665 0.161133 0.534428 0.160889 0.535487 0.160400 0.535487 0.159912 0.534428 0.159912 0.532839 0.159180 0.532839 0.157715 0.534958 0.157471 0.534428 0.157227 0.535487 0.156250 0.535487 0.154785 0.538136 0.154541 0.539725 0.153564 0.540784 0.153809 0.541843 0.153076 0.542373 0.156006 0.542373 0.158447 0.539725 0.162354 0.539725
1 0.458008 0.532309 0.457275 0.532839 0.456787 0.534428 0.457031 0.542903 0.458496 0.541843 0.459229 0.542903 0.459717 0.541314 0.458252 0.541314 0.458008 0.538665 0.458740 0.536547 0.458740 0.534958 0.459473 0.534428
1 0.715576 0.532839 0.715576 0.534958 0.717285 0.536547 0.718018 0.534958 0.719238 0.536017 0.720703 0.536017 0.717773 0.533898 0.716797 0.531250 0.716309 0.531250
1 0.251221 0.534428 0.253174 0.534958 0.253906 0.533898 0.252197 0.531250 0.251465 0.532309
1 0.699707 0.530720 0.697998 0.538136 0.698242 0.541314 0.698730 0.541843 0.699219 0.537606 0.699707 0.537076 0.699463 0.536017 0.699951 0.535487 0.699951 0.533898 0.699463 0.532839 0.700195 0.531250
1 0.534668 0.531780 0.533936 0.530720 0.532471 0.531780 0.532227 0.534958 0.532715 0.537076 0.531494 0.537076 0.530273 0.538665 0.531250 0.538136 0.532227 0.539725 0.531982 0.540254 0.532715 0.538665 0.532471 0.537606 0.533203 0.537076 0.532715 0.535487 0.532715 0.533369 0.533691 0.531250
1 0.235596 0.531250 0.235596 0.533898 0.236816 0.534958 0.237793 0.537606 0.238281 0.537606 0.239014 0.540784 0.238525 0.539195 0.239746 0.539195 0.239746 0.540784 0.240234 0.541314 0.239258 0.542373 0.239990 0.543962 0.242920 0.543962 0.243164 0.542903 0.244629 0.543962 0.245361 0.542903 0.244873 0.542373 0.245605 0.541314 0.244385 0.542373 0.242432 0.537606 0.241943 0.534428 0.241211 0.534428 0.240234 0.532839 0.238525 0.532839 0.238281 0.531780 0.238770 0.531780 0.238281 0.529131 0.237305 0.529131
1 0.482666 0.527542 0.481445 0.530191 0.482666 0.533898 0.483398 0.533898 0.484131 0.529661 0.483887 0.528602
1 0.492920 0.526483 0.492432 0.530720 0.491699 0.530720 0.491211 0.529661 0.491211 0.531250 0.492676 0.531780 0.492432 0.533369 0.488281 0.534958 0.488037 0.533898 0.489014 0.532839 0.488525 0.531780 0.488281 0.533369 0.487305 0.534428 0.487061 0.538665 0.486328 0.538136 0.486816 0.537606 0.486816 0.536547 0.485352 0.536547 0.485840 0.535487 0.485352 0.537606 0.484131 0.537606 0.483643 0.536547 0.483887 0.536017 0.483398 0.536017 0.483154 0.534958 0.481934 0.534958 0.481689 0.536017 0.482178 0.537076 0.483154 0.536547 0.483643 0.538136 0.483154 0.539725 0.483154 0.541843 0.483887 0.546610 0.484375 0.547140 0.484619 0.546081 0.485107 0.547140 0.486084 0.545021 0.486084 0.543432 0.485596 0.542373 0.485840 0.540254 0.486328 0.541314 0.486572 0.540254 0.487061 0.540784 0.487061 0.539195 0.489014 0.538665 0.490234 0.536547 0.490967 0.536547 0.491211 0.534428 0.492188 0.534958 0.494141 0.532309 0.492920 0.528072
1 0.550781 0.527013 0.549072 0.528072 0.548096 0.525953 0.547363 0.525953 0.548340 0.527542 0.547363 0.529131 0.545654 0.529661 0.545654 0.531780 0.546875 0.534428 0.546631 0.536017 0.545654 0.537606 0.545898 0.538136 0.546875 0.536547 0.547852 0.536547 0.546631 0.533898 0.546387 0.531780 0.547119 0.529131 0.548584 0.528072 0.549805 0.529131
1 0.715820 0.522246 0.715820 0.523305 0.716797 0.523305 0.716797 0.524894 0.719482 0.532309 0.719727 0.527542 0.718994 0.524364 0.717285 0.522246
1 0.634033 0.524364 0.633301 0.523305 0.633057 0.524894 0.632568 0.523835 0.632812 0.522246 0.631836 0.523305 0.630615 0.526483 0.630615 0.528072 0.630127 0.529131 0.630371 0.530720 0.631592 0.530720 0.631104 0.529661 0.632080 0.527542 0.632812 0.528072 0.633301 0.529661 0.632324 0.530720 0.633301 0.530720 0.634033 0.529131 0.633301 0.529131 0.633057 0.527542 0.634033 0.525953
1 0.639404 0.521716 0.638428 0.525424 0.638428 0.531250 0.639648 0.534958 0.638916 0.531250 0.638916 0.527542 0.639648 0.524894 0.640869 0.523835 0.640869 0.522775 0.640381 0.523305
1 0.395752 0.521716 0.394531 0.525424 0.394531 0.527542 0.395508 0.529131 0.396484 0.528072 0.396973 0.526483 0.396729 0.523305
1 0.453613 0.519597 0.453369 0.520127 0.453125 0.519068 0.452393 0.519068 0.451660 0.520127 0.450684 0.520127 0.450928 0.524894 0.451904 0.525424 0.451416 0.527542 0.450684 0.527013 0.451172 0.527542 0.450684 0.528072 0.450684 0.529661 0.452637 0.527542 0.452881 0.524364 0.452393 0.523305 0.452393 0.520657 0.452881 0.520127 0.453125 0.521716
1 0.626709 0.520127 0.625977 0.519068 0.625977 0.520657 0.625244 0.521186 0.624268 0.518538 0.619629 0.525424 0.611816 0.533369 0.600586 0.539195 0.595215 0.539195 0.594482 0.538136 0.594238 0.536017 0.596436 0.527013 0.595215 0.528602 0.593750 0.535487 0.591797 0.538665 0.582275 0.542903 0.580811 0.541843 0.577881 0.543432 0.577637 0.545021 0.576904 0.544492 0.577148 0.542903 0.576660 0.543432 0.574951 0.541314 0.575684 0.542373 0.575684 0.543962 0.574951 0.545021 0.575684 0.546081 0.575928 0.545021 0.576660 0.547669 0.575684 0.549258 0.577393 0.550847 0.577148 0.549788 0.577881 0.548199 0.580811 0.547669 0.582031 0.546081 0.588867 0.542903 0.601318 0.542373 0.612793 0.535487 0.623047 0.524894 0.624512 0.521186 0.625000 0.522246
1 0.711426 0.518008 0.711426 0.519597 0.711914 0.520127 0.711914 0.521186 0.712402 0.521716 0.712402 0.523835 0.712891 0.524364 0.712646 0.524894 0.713867 0.525424 0.712891 0.527013 0.711914 0.526483 0.711914 0.527542 0.712646 0.527013 0.712891 0.528602 0.715088 0.529131 0.715332 0.529661 0.714844 0.530720 0.715332 0.530191 0.715820 0.526483 0.714600 0.523835 0.713379 0.523305 0.712646 0.519597 0.711914 0.518008
1 0.119629 0.520657 0.118408 0.518008 0.115723 0.517479 0.113770 0.520127 0.113770 0.521186 0.112793 0.521716 0.112305 0.520657 0.111572 0.520657 0.111328 0.522246 0.111816 0.522246 0.112549 0.524364 0.114014 0.524894 0.114746 0.523835 0.114990 0.524364 0.118164 0.522775
1 0.401367 0.517479 0.401855 0.518008 0.401367 0.519068 0.401367 0.520657 0.399658 0.521186 0.400879 0.523305 0.400879 0.526483 0.401611 0.525953 0.402832 0.529131 0.403564 0.529131 0.402832 0.522775 0.402832 0.523835 0.402344 0.523835 0.402344 0.518008 0.402100 0.516949
1 0.708984 0.511653 0.707031 0.512712 0.705078 0.512712 0.703857 0.511653 0.702393 0.512182 0.702148 0.513771 0.702881 0.516949 0.703613 0.517479 0.702393 0.518538 0.702881 0.519597 0.701172 0.521716 0.701904 0.526483 0.700684 0.531780 0.700928 0.530720 0.701172 0.531780 0.701904 0.530191 0.702393 0.530191 0.702637 0.525424 0.703613 0.525424 0.704346 0.524364 0.705566 0.527013 0.706787 0.527013 0.707031 0.529131 0.707764 0.528072 0.707764 0.527013 0.707275 0.527013 0.707275 0.525953 0.707764 0.525424 0.707031 0.525424 0.706543 0.526483 0.706299 0.524364 0.705811 0.524364 0.705078 0.522775 0.706787 0.520127 0.707764 0.519597
1 0.421143 0.510593 0.419189 0.511123 0.419189 0.515890 0.419922 0.515890
1 0.406250 0.511123 0.405518 0.511653 0.405273 0.510593 0.404785 0.510593 0.403809 0.512182 0.404053 0.515890 0.405518 0.514831 0.406494 0.512712
1 0.387207 0.510593 0.386475 0.512712 0.385742 0.512712 0.386230 0.515890 0.387695 0.516949 0.388184 0.519068 0.388184 0.521716 0.389160 0.522775 0.389648 0.522246 0.390137 0.523305 0.390137 0.525953 0.390625 0.526483 0.391113 0.530191 0.391113 0.526483 0.390625 0.525424 0.391357 0.524894 0.391357 0.522246 0.390625 0.519597 0.390625 0.517479 0.391113 0.515890 0.390869 0.510593 0.390625 0.515890 0.390137 0.516949 0.389893 0.520127 0.388916 0.519597 0.387451 0.516419 0.387451 0.514831 0.387939 0.514301 0.387939 0.512712 0.387451 0.511653 0.387939 0.510593
1 0.553223 0.510064 0.552246 0.511653 0.552734 0.519068 0.553711 0.517479
1 0.440918 0.510593 0.442871 0.514831 0.442383 0.515360 0.442871 0.517479 0.443359 0.518008 0.444824 0.516419 0.442627 0.510064 0.442139 0.510593 0.441650 0.509534
1 0.710938 0.510593 0.711426 0.510593 0.711670 0.512182 0.712891 0.513771 0.712891 0.516419 0.714111 0.516419 0.716309 0.520127 0.716797 0.520127 0.717285 0.518008 0.718018 0.518008 0.719727 0.520127 0.718262 0.513242 0.716309 0.510064 0.713379 0.509004 0.714111 0.509004 0.714600 0.510064 0.714844 0.509534 0.715332 0.511123 0.715820 0.510064 0.717773 0.514831 0.717529 0.516419 0.716797 0.516419 0.715820 0.514831 0.715576 0.515360 0.714600 0.514301 0.714600 0.515890 0.713623 0.515360 0.713623 0.513242 0.713135 0.513771 0.711914 0.510064 0.711182 0.509004
1 0.074951 0.510593 0.074463 0.509004 0.073730 0.509004 0.072998 0.510064 0.071777 0.510064 0.072021 0.510593 0.071533 0.511653 0.072266 0.512182 0.073242 0.510593
1 0.520508 0.509004 0.520996 0.512182 0.521973 0.514301 0.522949 0.514831 0.523438 0.513771 0.523682 0.511653 0.523193 0.510593 0.522217 0.510593 0.521484 0.508475
1 0.492432 0.505826 0.491943 0.506886 0.491699 0.506356 0.490967 0.508475 0.488525 0.510064 0.486328 0.514831 0.486328 0.517479 0.487793 0.519068 0.487793 0.520657 0.487305 0.521186 0.487061 0.523305 0.488037 0.522246 0.488281 0.519597 0.488770 0.519068 0.488770 0.516949 0.489746 0.515890 0.489502 0.514831 0.491455 0.510593 0.491943 0.510593 0.491943 0.509534 0.491455 0.509004
1 0.529541 0.505297 0.529297 0.505826 0.529785 0.506356 0.530518 0.511123 0.531738 0.513771 0.532715 0.513771 0.532715 0.511123 0.531738 0.512182 0.530273 0.509534 0.530273 0.508475 0.531250 0.506356 0.532227 0.507945 0.531250 0.505826
1 0.411377 0.504237 0.411133 0.506356 0.410645 0.506886 0.409180 0.512712 0.409668 0.514831 0.410400 0.513771 0.410645 0.514301 0.410400 0.513242 0.411377 0.510593 0.410889 0.509004 0.412354 0.505826
1 0.636475 0.504237 0.635986 0.504237 0.635254 0.502648 0.633301 0.504237 0.632812 0.506356 0.632324 0.505297 0.631836 0.506356 0.632568 0.507415 0.630859 0.511653 0.632324 0.511123
1 0.145264 0.503708 0.143066 0.504767 0.142578 0.504237 0.142334 0.505826 0.141602 0.504237 0.141357 0.504767 0.140381 0.503178 0.139404 0.503178 0.138428 0.501059 0.137695 0.501059 0.136719 0.502119 0.136963 0.505826 0.135742 0.506356 0.136230 0.507945 0.135010 0.509004 0.134277 0.509004 0.133789 0.506886 0.132324 0.504767 0.131836 0.505297 0.132324 0.510064 0.131348 0.511653 0.131348 0.513242 0.130615 0.514831 0.130859 0.515360 0.129883 0.516949 0.129883 0.519068 0.133057 0.518538 0.133545 0.517479 0.133545 0.514831 0.134766 0.512182 0.136230 0.512182 0.136230 0.510593 0.137695 0.511123 0.138428 0.510064 0.139160 0.511123 0.140869 0.509534 0.142090 0.510593 0.143555 0.510064 0.145264 0.507415 0.145508 0.506356 0.144775 0.504767
1 0.501953 0.498941 0.500000 0.498941 0.499756 0.499470 0.500244 0.500530 0.499512 0.502648 0.497314 0.504767 0.497070 0.508475 0.497559 0.510064 0.498291 0.510593 0.498779 0.508475 0.497559 0.509004 0.497314 0.507415 0.498047 0.505826 0.498779 0.505826 0.499512 0.507415 0.500244 0.503708 0.501953 0.500000
1 0.129639 0.498941 0.128906 0.500530 0.128906 0.504767 0.129395 0.504767 0.129395 0.503708 0.130371 0.502648 0.130371 0.501059
1 0.557861 0.503178 0.557129 0.501059 0.555908 0.500530 0.555908 0.496822 0.554199 0.498411 0.552246 0.502119 0.553467 0.500530 0.554688 0.501059 0.556885 0.505297
1 0.410156 0.493644 0.408936 0.495233 0.408447 0.494703 0.406494 0.496292 0.405273 0.495763 0.405273 0.496822 0.404785 0.497352 0.404785 0.499470 0.405518 0.500530 0.406982 0.497881 0.408203 0.498941 0.409912 0.495763
1 0.629150 0.491525 0.628174 0.494174 0.628418 0.498941 0.628906 0.499470 0.628906 0.504767 0.629395 0.506356 0.628662 0.507945 0.628418 0.507415 0.628662 0.508475 0.629883 0.509534 0.631348 0.506886 0.630859 0.505297 0.632324 0.504237 0.630859 0.504237 0.629395 0.502119 0.629395 0.501059 0.631348 0.496822 0.631348 0.494703 0.630371 0.492585
1 0.696289 0.487818 0.696533 0.493644 0.697754 0.495763 0.699707 0.495233 0.699951 0.492585 0.698975 0.490996 0.698975 0.489407
1 0.517090 0.487818 0.516113 0.493114 0.516357 0.498411 0.517578 0.504237 0.518799 0.504237 0.519287 0.506356 0.520752 0.505826 0.520752 0.504237 0.518311 0.501589 0.518066 0.498411 0.517334 0.498941 0.516846 0.497881 0.517334 0.494703 0.517090 0.494174 0.519287 0.489936 0.518799 0.487818
1 0.612305 0.487288 0.611816 0.490466 0.612061 0.495233 0.613525 0.500530 0.615479 0.503708 0.614990 0.507415 0.615479 0.514301 0.616699 0.514301 0.616211 0.514301 0.615479 0.512712 0.615479 0.503178 0.614258 0.501589 0.613525 0.498941 0.613525 0.497352 0.612305 0.495763 0.612061 0.490466 0.613525 0.488877
1 0.572754 0.490466 0.572510 0.487288 0.571533 0.486229 0.570557 0.488877 0.570068 0.487288 0.569336 0.486758 0.567871 0.489407 0.568359 0.490996 0.569824 0.489407 0.572021 0.489407
1 0.682373 0.485699 0.680664 0.491525 0.680664 0.498411 0.682129 0.496822 0.682861 0.494174 0.682861 0.492585 0.683594 0.491525 0.685059 0.496822 0.686768 0.498941 0.685791 0.496822 0.686279 0.496292 0.685791 0.495233 0.686523 0.493114 0.687012 0.496292 0.686768 0.491525 0.684570 0.486758 0.683838 0.486758 0.683350 0.487818
1 0.561035 0.485699 0.559814 0.485169 0.559082 0.483051 0.557861 0.483051 0.557373 0.485169 0.556152 0.485169 0.556885 0.487818 0.556885 0.491525 0.557617 0.490466 0.557617 0.488877 0.558350 0.486758 0.560791 0.488347 0.561279 0.487288
1 0.533447 0.483051 0.532959 0.487818 0.531738 0.491525 0.531738 0.493644 0.532471 0.496292 0.531494 0.499470 0.531494 0.501589 0.532227 0.501589 0.533203 0.503178 0.532227 0.504767 0.532471 0.505826 0.535400 0.509004 0.536133 0.509004 0.536865 0.510593 0.537598 0.510593 0.538330 0.509004 0.537598 0.505826 0.535645 0.503708 0.536133 0.506356 0.537354 0.506886 0.537109 0.508475 0.535156 0.507945 0.535156 0.505297 0.533691 0.506886 0.532959 0.505297 0.532959 0.503708 0.533447 0.503178 0.532959 0.502648 0.533447 0.502119 0.532959 0.502119 0.532227 0.500530 0.532715 0.494703 0.531982 0.490466 0.533691 0.486229
1 0.040771 0.483051 0.040771 0.493114 0.041504 0.495763 0.041504 0.497881 0.042480 0.500530 0.043213 0.504767 0.044922 0.507945 0.045410 0.510593 0.046387 0.511123 0.047119 0.508475 0.047607 0.510064 0.048584 0.510593 0.051758 0.510064 0.050537 0.502648 0.050537 0.499470 0.049316 0.496822 0.048096 0.496292 0.047363 0.494174 0.047852 0.493644 0.045898 0.492585 0.046143 0.489936 0.047852 0.490466 0.046875 0.489936 0.046631 0.488347 0.045654 0.487288 0.043945 0.488347 0.042480 0.483581
1 0.684326 0.483051 0.686279 0.486229 0.686768 0.486229 0.685547 0.483581 0.686035 0.482521 0.688965 0.482521 0.689453 0.484640 0.690674 0.485169 0.690186 0.482521 0.684814 0.481992
1 0.657471 0.488877 0.655029 0.484640 0.654541 0.485169 0.654053 0.487818 0.651611 0.487288 0.650635 0.488347 0.649170 0.486229 0.648926 0.482521 0.647705 0.482521 0.646240 0.487288 0.645508 0.488347 0.645996 0.489407 0.645996 0.493114 0.646484 0.494703 0.645508 0.495763 0.645996 0.497881 0.645020 0.500000 0.644043 0.500530 0.642822 0.502648 0.642090 0.499470 0.640625 0.499470 0.637207 0.504237 0.645508 0.505297 0.645996 0.503708 0.645996 0.501589 0.645508 0.501059 0.646973 0.498411 0.647461 0.498941 0.647217 0.497881 0.648682 0.496292 0.651123 0.490996 0.655273 0.490466 0.656250 0.492055 0.657227 0.490466
1 0.564209 0.480403 0.564453 0.485699 0.563477 0.488877 0.563477 0.490466 0.562988 0.491525 0.561768 0.490996 0.561279 0.493644 0.560791 0.492055 0.560059 0.491525 0.559814 0.495233 0.558838 0.494174 0.558350 0.494703 0.558350 0.496292 0.559570 0.498411 0.560791 0.502119 0.562256 0.500530 0.563721 0.500530 0.564941 0.501589 0.564697 0.500000 0.563232 0.496822 0.563232 0.490996 0.564697 0.490466 0.565674 0.492585 0.566895 0.492055 0.567139 0.489936 0.565918 0.489407 0.565186 0.487818 0.565430 0.483581
1 0.594238 0.480403 0.591064 0.479343 0.588867 0.480932 0.586914 0.486229 0.586426 0.490466 0.587402 0.489407 0.587158 0.487288 0.588867 0.483051 0.589600 0.483051 0.590088 0.480403 0.591553 0.481462 0.590332 0.481992 0.591064 0.483581 0.589844 0.486229 0.589844 0.487818 0.588135 0.488877 0.590332 0.488347 0.591064 0.486229 0.593018 0.484110
1 0.606445 0.479873 0.606445 0.482521 0.606934 0.484110 0.606934 0.479873 0.608887 0.481992 0.610352 0.481992 0.610107 0.479343 0.609619 0.480403 0.608154 0.479873 0.607666 0.478814 0.606934 0.478814 0.606689 0.480403
1 0.600830 0.479873 0.600098 0.478814 0.599854 0.479873 0.598145 0.479873 0.597900 0.480932 0.596924 0.480932 0.596436 0.481992 0.595215 0.481992 0.594727 0.480932 0.595703 0.484110 0.598633 0.485169 0.598877 0.482521
1 0.133545 0.483051 0.134277 0.484640 0.134521 0.484110 0.135010 0.486229 0.135986 0.485699 0.136230 0.484640 0.136719 0.485169 0.136719 0.486229 0.135986 0.486758 0.135986 0.488347 0.137207 0.490996 0.137207 0.492585 0.139893 0.491525 0.144287 0.492055 0.145264 0.490996 0.144775 0.490996 0.144287 0.488877 0.146484 0.487288 0.145020 0.487288 0.144043 0.486229 0.143799 0.486758 0.142090 0.485169 0.141846 0.485699 0.141113 0.484110 0.140137 0.484110 0.140137 0.481992 0.138672 0.483051 0.138428 0.481992 0.139160 0.480932 0.139648 0.478814 0.139160 0.477754 0.136963 0.479343 0.135742 0.482521 0.136230 0.483581 0.135986 0.485169 0.135010 0.485169 0.134521 0.484110 0.134766 0.483051
1 0.543945 0.486758 0.544189 0.488347 0.545410 0.487288 0.546631 0.490996 0.548584 0.491525 0.549561 0.494174 0.550293 0.493644 0.550537 0.492055 0.552490 0.490996 0.555176 0.493644 0.555908 0.493644 0.553955 0.488877 0.553711 0.485169 0.552490 0.485169 0.550537 0.480403 0.550293 0.477225 0.549805 0.478284 0.548340 0.478814 0.547607 0.482521 0.548828 0.483581 0.550293 0.486758 0.552979 0.486758 0.553223 0.487818 0.552002 0.490466 0.548828 0.491525 0.547363 0.489936 0.546143 0.486229 0.545166 0.486229 0.544434 0.484640 0.544678 0.485169
1 0.067871 0.477225 0.068115 0.481992 0.067139 0.484640 0.067627 0.484640 0.068359 0.486229 0.067871 0.487288 0.066650 0.487288 0.070068 0.487288 0.070312 0.486229 0.070068 0.486758 0.068604 0.485699 0.069580 0.484640 0.069336 0.483051 0.071045 0.479873 0.070801 0.478814 0.069336 0.478814 0.069336 0.477754 0.068115 0.478284
1 0.533447 0.476695 0.530273 0.493114 0.529541 0.493644 0.530029 0.494174 0.528076 0.493644 0.526611 0.496292 0.527100 0.500530 0.528320 0.502648 0.527588 0.509534 0.526367 0.510593 0.523193 0.505826 0.523193 0.506886 0.524902 0.509004 0.524658 0.509534 0.528320 0.513242 0.527100 0.514831 0.526855 0.513771 0.527100 0.514831 0.525391 0.517479 0.525391 0.519068 0.525146 0.518538 0.525879 0.520657 0.524658 0.535487 0.525146 0.535487 0.525391 0.529661 0.525879 0.528602 0.526855 0.530191 0.526367 0.532309 0.526855 0.532309 0.527832 0.527542 0.528564 0.528602 0.530029 0.526483 0.531738 0.529661 0.532227 0.528602 0.531006 0.526483 0.529053 0.527542 0.528564 0.526483 0.528564 0.522246 0.527588 0.524364 0.526123 0.524364 0.526367 0.521716 0.527100 0.523305 0.526855 0.516949 0.527588 0.514301 0.528564 0.514301 0.536377 0.521716 0.537109 0.523305 0.536865 0.525424 0.537842 0.524364 0.538330 0.521186 0.537598 0.522246 0.531494 0.516419 0.527832 0.511123 0.528320 0.505826 0.529785 0.503178 0.529785 0.502119 0.528564 0.502648 0.528076 0.500000 0.529541 0.499470 0.530518 0.496822 0.530273 0.493644 0.532959 0.481462
1 0.678223 0.479873 0.678955 0.479343 0.681152 0.480932 0.681152 0.481992 0.682861 0.481462 0.682861 0.479873 0.683838 0.480403 0.684326 0.477225 0.683838 0.476695 0.683105 0.477754 0.683350 0.478284 0.682617 0.479873 0.679688 0.475636 0.679688 0.476695 0.681152 0.477754 0.681641 0.479873 0.679932 0.479873 0.679443 0.478814 0.678711 0.478814
1 0.611328 0.475106 0.611084 0.485169 0.610596 0.486229 0.609375 0.485699 0.606934 0.490466 0.606445 0.493644 0.603760 0.497881 0.603027 0.497352 0.602539 0.480932 0.602783 0.500000 0.602051 0.502119 0.602295 0.504237 0.602783 0.502119 0.605713 0.496822 0.606201 0.497352 0.605957 0.499470 0.609375 0.495763 0.609863 0.494174 0.609131 0.495763 0.608398 0.495763 0.608154 0.496822 0.607178 0.496822 0.606934 0.494174 0.609619 0.486229 0.610352 0.491525 0.610352 0.488347 0.612793 0.484110 0.613770 0.485169 0.613281 0.484640 0.613037 0.481992 0.612305 0.482521 0.612061 0.484110 0.611572 0.483051 0.611816 0.480932 0.612305 0.480403 0.612305 0.477754 0.611572 0.477754
1 0.596924 0.478284 0.596924 0.476695 0.595215 0.474047 0.591797 0.476165 0.594727 0.477225 0.595947 0.475106 0.596680 0.476695 0.595703 0.478284 0.595459 0.477754 0.594727 0.479873
1 0.397217 0.473517 0.395508 0.475636 0.395508 0.485169 0.394775 0.489936 0.395264 0.493644 0.395020 0.497352 0.394287 0.498941 0.394287 0.500000 0.395996 0.503178 0.395508 0.504237 0.395508 0.506356 0.395020 0.506356 0.395020 0.507415 0.395752 0.509004 0.395264 0.510064 0.394531 0.508475 0.392822 0.506886 0.392090 0.503178 0.391602 0.503708 0.391602 0.505826 0.392578 0.506356 0.394287 0.510064 0.395996 0.515360 0.395508 0.516949 0.395996 0.518538 0.397949 0.520657 0.398682 0.519068 0.398193 0.515890 0.398682 0.514831 0.399658 0.516419 0.400879 0.516419 0.401123 0.515360 0.400635 0.513771 0.402832 0.507945 0.402344 0.499470 0.403564 0.496292 0.403320 0.494703 0.403809 0.491525 0.403564 0.492055 0.403320 0.490996 0.402588 0.490466 0.403076 0.489936 0.402100 0.487818 0.400635 0.487818 0.399414 0.484640 0.399658 0.482521 0.398926 0.479343 0.398438 0.478814 0.398438 0.476695 0.398438 0.479343 0.398193 0.479873 0.397705 0.478284 0.397949 0.474047
1 0.561768 0.473517 0.560303 0.468750 0.559082 0.468750 0.555908 0.475106 0.554688 0.471398 0.554199 0.477225 0.555664 0.475106 0.558105 0.475106 0.559326 0.476165 0.559326 0.478284 0.560059 0.478814 0.560791 0.476695 0.561768 0.475636
1 0.698730 0.468220 0.699951 0.471928 0.699707 0.473517 0.700439 0.473517 0.701172 0.469809 0.700195 0.468220
1 0.596436 0.468220 0.595947 0.468220 0.594727 0.471398 0.595215 0.472987 0.596680 0.471398 0.596191 0.468750
1 0.052490 0.469809 0.052979 0.471398 0.051758 0.474047 0.052734 0.476695 0.052979 0.482521 0.053711 0.484110 0.053711 0.486229 0.054199 0.487818 0.055664 0.487818 0.055664 0.486229 0.056885 0.485169 0.057861 0.486229 0.060791 0.485169 0.061768 0.482521 0.062256 0.482521 0.062988 0.484110 0.063965 0.483581 0.063721 0.480403 0.062744 0.480403 0.063477 0.477225 0.062988 0.476165 0.062012 0.476695 0.061768 0.478284 0.062500 0.478814 0.062256 0.481462 0.060791 0.478814 0.061279 0.478284 0.061035 0.477754 0.059814 0.477754 0.058838 0.476165 0.058838 0.475106 0.057373 0.475106 0.057861 0.474047 0.058105 0.471398 0.057373 0.468220
1 0.528564 0.470869 0.527344 0.467691 0.526855 0.468750 0.526367 0.468220 0.525146 0.471398 0.523682 0.472458 0.524414 0.474047 0.524902 0.474047 0.525146 0.471928 0.525879 0.470869 0.528076 0.474576 0.528564 0.473517
1 0.505127 0.466102 0.505127 0.468220 0.504150 0.471398 0.501953 0.471928 0.502441 0.473517 0.503418 0.474576 0.503906 0.477754 0.502441 0.479873 0.501953 0.482521 0.502441 0.484640 0.501709 0.486758 0.504395 0.488347 0.503906 0.487818 0.504639 0.486758 0.504883 0.487288 0.505127 0.486229 0.505859 0.487818 0.504883 0.488347 0.506104 0.487818 0.506104 0.490996 0.506592 0.490996 0.507324 0.492585 0.508057 0.492585 0.508789 0.491525 0.508301 0.490466 0.509033 0.488877 0.510010 0.490466 0.509766 0.487818 0.510254 0.485699 0.510010 0.483581 0.509033 0.481992 0.508789 0.482521 0.509766 0.483051 0.508789 0.485169 0.506104 0.485169 0.505615 0.486758 0.504883 0.485699 0.505127 0.484110 0.506104 0.482521 0.505859 0.474576 0.506592 0.471398 0.506592 0.467161
1 0.653809 0.464513 0.652100 0.466102 0.650879 0.465042 0.650391 0.466631 0.653320 0.468220 0.654053 0.467161
1 0.381836 0.465042 0.382080 0.466631 0.382812 0.465572 0.385010 0.465572 0.385742 0.468750 0.386475 0.468750 0.385986 0.467691 0.386719 0.466102 0.387451 0.467691 0.386719 0.465042 0.386475 0.466631 0.385986 0.465042 0.384277 0.465572 0.382812 0.462924
1 0.582520 0.467161 0.582520 0.464513 0.583008 0.462924 0.582764 0.458686 0.581543 0.463983 0.579590 0.459746 0.578857 0.460275 0.578857 0.462394 0.582275 0.467691
1 0.539551 0.458157 0.538818 0.458157 0.537354 0.463983 0.536133 0.466631 0.536133 0.470339 0.537354 0.469809 0.538086 0.463453 0.540039 0.460275
1 0.534180 0.457627 0.533447 0.458157 0.533203 0.459746 0.534180 0.462394 0.534180 0.465572 0.534912 0.466631 0.534912 0.458157
1 0.668945 0.456038 0.667725 0.457627 0.666992 0.457627 0.667480 0.458686 0.667725 0.462924 0.667480 0.465042 0.666260 0.468220 0.666016 0.470869 0.667480 0.470339 0.669678 0.463983 0.669434 0.460275 0.669922 0.460275 0.670166 0.458686
1 0.467041 0.456038 0.466797 0.456568 0.467773 0.457627 0.468262 0.460805 0.468262 0.466631 0.466064 0.471398 0.465576 0.471398 0.464111 0.468220 0.463623 0.469280 0.464844 0.475636 0.464844 0.478814 0.466064 0.480932 0.466797 0.484110 0.468262 0.485169 0.468506 0.483581 0.469727 0.483051 0.470215 0.479873 0.469971 0.474576 0.469238 0.472987 0.469482 0.476695 0.468750 0.477754 0.466797 0.473517 0.468262 0.471928 0.469727 0.468750 0.469971 0.466631 0.469482 0.468750 0.468994 0.466631 0.469238 0.465572 0.469727 0.465572 0.469727 0.459746 0.468750 0.457627 0.468018 0.457627
1 0.622559 0.454979 0.622070 0.454979 0.623291 0.457627 0.623535 0.459746 0.621582 0.461864 0.621338 0.463983 0.619629 0.462924 0.621338 0.466102 0.622314 0.465572 0.622559 0.467691 0.621582 0.468220 0.620850 0.470339 0.619385 0.471398 0.617432 0.471398 0.616455 0.474047 0.616943 0.474576 0.616943 0.476165 0.615479 0.478284 0.614746 0.477754 0.614258 0.480403 0.614746 0.480403 0.615479 0.478814 0.617676 0.478814 0.616943 0.475106 0.617676 0.471928 0.622314 0.471398 0.622559 0.474576 0.622559 0.469809 0.623535 0.468750 0.624268 0.466102 0.624756 0.466102 0.625000 0.467161 0.625244 0.466102 0.624756 0.463983 0.623779 0.463453 0.623779 0.458157
1 0.661621 0.454449 0.664062 0.457097 0.666504 0.457097 0.666016 0.453919
1 0.647949 0.453390 0.643555 0.456038 0.643555 0.457097 0.644287 0.457097 0.644531 0.456038 0.645508 0.457097 0.645508 0.458686 0.644531 0.460275 0.644043 0.462394 0.645508 0.461864 0.645508 0.458157 0.646973 0.456568
1 0.713867 0.453390 0.714600 0.453919 0.715576 0.457097 0.717529 0.457097 0.717529 0.454979 0.716309 0.452860 0.714600 0.452331
1 0.621582 0.450742 0.620850 0.452860 0.620361 0.450742 0.619873 0.450742 0.619141 0.449153 0.619629 0.452331 0.618896 0.454449 0.617920 0.454449 0.618164 0.456038 0.619385 0.453390 0.619873 0.453390 0.620117 0.455508 0.618896 0.462394 0.618164 0.463453 0.619141 0.463453 0.620117 0.456568 0.621338 0.453390
1 0.655762 0.448093 0.654785 0.449153 0.655273 0.450212 0.654053 0.452860 0.654297 0.455508 0.653564 0.457627 0.653564 0.458686 0.654053 0.458157 0.654785 0.459216 0.655273 0.461335 0.655762 0.461335 0.656250 0.459216 0.657959 0.457097 0.658691 0.454449 0.658447 0.452331
1 0.157959 0.449153 0.156494 0.449153 0.155762 0.445975 0.152588 0.445975 0.152588 0.448623 0.151367 0.448093 0.151367 0.447034 0.150391 0.447034 0.150146 0.448093 0.149414 0.448093 0.149414 0.449153 0.148682 0.448623 0.148193 0.450212 0.147705 0.450212 0.147217 0.451801 0.146729 0.451271 0.146484 0.452331 0.147705 0.454449 0.148926 0.454979 0.150146 0.452860 0.150391 0.453919 0.150879 0.453919 0.150879 0.454979 0.151855 0.454979 0.152588 0.453390 0.154053 0.453919 0.155762 0.456568 0.156006 0.454449 0.157227 0.452331
1 0.673828 0.452860 0.674316 0.453919 0.674316 0.457627 0.676270 0.461335 0.675537 0.463453 0.674316 0.463453 0.675537 0.463983 0.676270 0.465572 0.676270 0.468220 0.678955 0.465042 0.679688 0.465042 0.680664 0.466631 0.681885 0.465572 0.682617 0.466102 0.681152 0.470339 0.679443 0.471928 0.677979 0.471928 0.678711 0.474047 0.679688 0.471928 0.686768 0.473517 0.685547 0.471398 0.686035 0.472458 0.685791 0.472987 0.684570 0.471928 0.684814 0.470339 0.684326 0.469809 0.684570 0.467691 0.684082 0.466102 0.684814 0.463983 0.684082 0.465042 0.683594 0.464513 0.684814 0.461864 0.684814 0.459746 0.684326 0.459216 0.685059 0.457097 0.686035 0.457097 0.686035 0.455508 0.685059 0.456038 0.684570 0.454449 0.685059 0.457097 0.683838 0.457627 0.682861 0.453919 0.682373 0.458686 0.681152 0.456038 0.679932 0.457627 0.679932 0.455508 0.679443 0.454979 0.679688 0.457627 0.681152 0.460275 0.680176 0.462394 0.676758 0.465572 0.675781 0.463983 0.677002 0.460805 0.676514 0.460805 0.676025 0.459216 0.676758 0.457097 0.677979 0.460805 0.677490 0.459216 0.677734 0.451271 0.679443 0.448093 0.680420 0.448623 0.680420 0.447564 0.679199 0.445445 0.678955 0.448093 0.678223 0.447034 0.678711 0.448093 0.677979 0.449682 0.677490 0.448093 0.677979 0.450212 0.677002 0.454449
1 0.606445 0.442797 0.604248 0.444915 0.601562 0.444915 0.599609 0.443856 0.599365 0.445975 0.600586 0.450742 0.601074 0.449153 0.602539 0.448093 0.603271 0.446504 0.604736 0.445975
1 0.631104 0.439619 0.629883 0.439089 0.629395 0.440678 0.627930 0.441737 0.627930 0.444386 0.628662 0.444386 0.628418 0.443856 0.628906 0.443326 0.628906 0.441737 0.630371 0.441208
1 0.374268 0.438559 0.372559 0.440678 0.371826 0.442797 0.372070 0.443326 0.370850 0.445975 0.371338 0.449153 0.371338 0.454979 0.372803 0.454979 0.373047 0.456568 0.373535 0.456568 0.374023 0.458157 0.376953 0.459746 0.377686 0.458157 0.377441 0.456038 0.377930 0.454449 0.377441 0.451271 0.380371 0.450212 0.378906 0.447034 0.378662 0.443856 0.377441 0.442267 0.376953 0.439089 0.375732 0.438030 0.375244 0.440148 0.374756 0.438559
1 0.528564 0.435911 0.528076 0.435911 0.528076 0.437500 0.528809 0.438030 0.528076 0.440148 0.527588 0.440148 0.527832 0.442797 0.527344 0.443856 0.527344 0.447034 0.528320 0.445975 0.528564 0.443856 0.529053 0.444386 0.529785 0.442797 0.529785 0.440678 0.528809 0.438559
1 0.125000 0.449153 0.127686 0.454979 0.129639 0.454449 0.128906 0.452860 0.129150 0.451801 0.130127 0.452860 0.131104 0.451801 0.131348 0.452331 0.130615 0.454449 0.131836 0.456038 0.132568 0.455508 0.132812 0.456568 0.134521 0.457627 0.136475 0.461864 0.138672 0.461335 0.138428 0.460275 0.136719 0.460275 0.135498 0.459216 0.138184 0.452331 0.138672 0.452331 0.139404 0.450212 0.140381 0.449682 0.140381 0.447564 0.139648 0.448093 0.138672 0.445975 0.137939 0.445975 0.138916 0.442267 0.138428 0.441208 0.139160 0.439089 0.139893 0.438559 0.138916 0.437500 0.136719 0.436970 0.135010 0.441208 0.134766 0.440148 0.135498 0.436970 0.133789 0.435381 0.132812 0.435911 0.132812 0.434322 0.132324 0.433263 0.132324 0.435381 0.130859 0.437500 0.130859 0.439619 0.128418 0.444386 0.128418 0.445975 0.126953 0.448093 0.125732 0.447564
1 0.645752 0.433792 0.646484 0.436970 0.648682 0.438030 0.649414 0.436970 0.650391 0.437500 0.648926 0.432733 0.645996 0.432733
1 0.710449 0.434322 0.711914 0.435911 0.713379 0.440148 0.714111 0.440148 0.714355 0.439089 0.714600 0.439619 0.714355 0.439089 0.714844 0.438030 0.715576 0.438559 0.716064 0.437500 0.716309 0.438559 0.716553 0.437500 0.716309 0.435911 0.715576 0.434852 0.715088 0.434852 0.714600 0.436970 0.713867 0.436441 0.712646 0.433263 0.712891 0.431674 0.712891 0.434322 0.712158 0.436441 0.711182 0.433792
1 0.497803 0.431144 0.497559 0.431674 0.498047 0.436441 0.498779 0.436970 0.499512 0.431674
1 0.352051 0.430614 0.351074 0.430614 0.351074 0.431674 0.351807 0.432203 0.351318 0.432733 0.351318 0.434322 0.350830 0.434322 0.349609 0.436970 0.349365 0.439089 0.348633 0.440678 0.348145 0.440678 0.348145 0.443326 0.349609 0.443326 0.349854 0.441208 0.351074 0.438030 0.351318 0.434322 0.351562 0.435381 0.351807 0.434322 0.352539 0.434322 0.351562 0.438559 0.352295 0.440148 0.352783 0.440148 0.353027 0.436970 0.353760 0.435381 0.352295 0.433792 0.351807 0.432203 0.352295 0.431144
1 0.482178 0.432203 0.480469 0.432203 0.480225 0.431144 0.478516 0.430085 0.478516 0.432203 0.476562 0.435381 0.476562 0.439089 0.477051 0.438559 0.477051 0.436970 0.478760 0.437500 0.478516 0.435381 0.479248 0.434322 0.480469 0.435911 0.481934 0.434322
1 0.474609 0.428496 0.474121 0.429025 0.474121 0.430614 0.474609 0.432733 0.475342 0.433792 0.475586 0.430614 0.475342 0.429025
1 0.149170 0.429555 0.149414 0.431674 0.148682 0.432203 0.148682 0.433263 0.150635 0.435381 0.151611 0.433792 0.153320 0.436970 0.151855 0.430614 0.149902 0.428496
1 0.564209 0.428496 0.562744 0.427436 0.561523 0.429555 0.561523 0.431144 0.562500 0.432203 0.563477 0.431144 0.563721 0.429025
1 0.504395 0.427966 0.505615 0.430614 0.506104 0.430614 0.506836 0.429025 0.508301 0.432733 0.508057 0.434322 0.507568 0.433263 0.507080 0.434852 0.506592 0.434322 0.506104 0.435381 0.506836 0.438030 0.507568 0.436970 0.508545 0.436970 0.509277 0.439089 0.510010 0.438030 0.510010 0.434322 0.509521 0.433792 0.509521 0.431144 0.509033 0.430085 0.507812 0.430085 0.507568 0.427966 0.507080 0.429025 0.505127 0.427436
1 0.540039 0.426907 0.540039 0.428496 0.540527 0.429025 0.540527 0.432733 0.541504 0.435381 0.541992 0.439089 0.541504 0.442797 0.542236 0.449153 0.541992 0.453390 0.542725 0.454979 0.545166 0.454979 0.548096 0.457097 0.548096 0.454979 0.547363 0.454449 0.545898 0.451271 0.545898 0.448623 0.546875 0.445975 0.548828 0.445975 0.550049 0.444915 0.551514 0.445445 0.551025 0.441737 0.550293 0.442797 0.549072 0.442797 0.548340 0.441208 0.548584 0.439089 0.549561 0.436441 0.547852 0.429555 0.546387 0.427436 0.544434 0.426907 0.544189 0.427966 0.542969 0.428496 0.542236 0.426907
1 0.689941 0.440678 0.689941 0.442797 0.690430 0.443326 0.691162 0.442267 0.692871 0.442267 0.693115 0.441208 0.693359 0.442267 0.694092 0.441737 0.694336 0.442797 0.694580 0.441737 0.694824 0.444386 0.693848 0.446504 0.692871 0.445445 0.692871 0.447034 0.693604 0.445975 0.693848 0.448623 0.695068 0.447564 0.697021 0.447564 0.697266 0.448093 0.696533 0.448623 0.696533 0.449682 0.698975 0.450742 0.699707 0.452331 0.699707 0.454449 0.698975 0.455508 0.700684 0.458157 0.700684 0.459746 0.699707 0.461335 0.700684 0.462924 0.701660 0.462924 0.702637 0.461335 0.702881 0.462394 0.703857 0.460275 0.703369 0.459746 0.704102 0.457627 0.704346 0.453919 0.704834 0.452860 0.704590 0.451801 0.705322 0.450742 0.706055 0.454449 0.706055 0.458157 0.705566 0.458686 0.705811 0.462394 0.708008 0.465572 0.708740 0.465042 0.707520 0.458686 0.708496 0.456568 0.708496 0.453919 0.705566 0.449682 0.705078 0.442267 0.704102 0.442797 0.702881 0.447564 0.701416 0.444915 0.700684 0.444915 0.700195 0.443326 0.700439 0.442267 0.701172 0.442797 0.702393 0.441208 0.702393 0.438559 0.703369 0.435911 0.705078 0.435911 0.706543 0.433263 0.706787 0.431144 0.705078 0.429025 0.705078 0.426377 0.704590 0.425318 0.704102 0.426377 0.704102 0.431674 0.703125 0.434322 0.700684 0.434322 0.699951 0.435911 0.700439 0.438030 0.699707 0.439619 0.699463 0.438559 0.698975 0.440148 0.697266 0.438030 0.695801 0.437500 0.695557 0.436441 0.695801 0.437500 0.694580 0.439619 0.691406 0.437500
1 0.125488 0.425318 0.125488 0.427436 0.128662 0.426377 0.129883 0.428496 0.130615 0.427436 0.131348 0.427436 0.131836 0.428496 0.132812 0.427966 0.133057 0.426377 0.127930 0.426377
1 0.637939 0.426377 0.636963 0.424258 0.636475 0.424258 0.636230 0.426377 0.635498 0.426377 0.634766 0.429555 0.634033 0.430085 0.634033 0.432733 0.634766 0.433263 0.635742 0.432203 0.636475 0.427436
1 0.711426 0.424258 0.711914 0.427436 0.712891 0.429025 0.712402 0.430085 0.713135 0.429555 0.713379 0.430614 0.714600 0.430614 0.713135 0.427436 0.713623 0.426377 0.713135 0.425318 0.713135 0.423729
1 0.539551 0.425847 0.538574 0.423729 0.537842 0.424258 0.536377 0.422669 0.536621 0.425318 0.535889 0.427966 0.531982 0.428496 0.531738 0.429555 0.532227 0.430614 0.532471 0.433792 0.532959 0.434322 0.534180 0.431144 0.534912 0.431144 0.536621 0.428496 0.538574 0.428496
1 0.440918 0.426377 0.439941 0.422140 0.439209 0.422669 0.438721 0.424258 0.436768 0.423729 0.436035 0.425847 0.436768 0.425847 0.438232 0.429555 0.438721 0.427966 0.440186 0.428496
1 0.525146 0.420551 0.525879 0.421610 0.525391 0.423729 0.526123 0.424788 0.526611 0.424788 0.528076 0.421610 0.527588 0.420551 0.526367 0.420551 0.525879 0.421610 0.525635 0.420551
1 0.481689 0.419492 0.480713 0.420551 0.480957 0.422669 0.480469 0.423729 0.480469 0.425318 0.480957 0.425847 0.482178 0.423199
1 0.723877 0.421081 0.722900 0.418432 0.722412 0.420551 0.721191 0.421610 0.719727 0.421610 0.719482 0.422669 0.718994 0.421610 0.718750 0.423199 0.718994 0.422669 0.719727 0.424258 0.720703 0.424258 0.721436 0.423199 0.723389 0.422669
1 0.598145 0.416843 0.597656 0.417373 0.597656 0.420021 0.597168 0.421610 0.597412 0.425318 0.599121 0.420021 0.600342 0.420551 0.598877 0.418962
1 0.510254 0.414725 0.510254 0.420551 0.509277 0.419492 0.507812 0.419492 0.506836 0.416314 0.507324 0.421610 0.507812 0.420021 0.508789 0.421610 0.508789 0.423199 0.508057 0.423729 0.508057 0.425318 0.509277 0.428496 0.510010 0.427436 0.509521 0.425318 0.510010 0.424258 0.509521 0.424788 0.509033 0.423729 0.509033 0.421610 0.510254 0.421610 0.510254 0.420551 0.512207 0.421081 0.510742 0.420021
1 0.602295 0.429025 0.602783 0.431674 0.602539 0.437500 0.603027 0.438559 0.604736 0.439089 0.605713 0.440678 0.607422 0.440678 0.608643 0.439089 0.609131 0.439619 0.610107 0.438030 0.610352 0.429025 0.612793 0.423199 0.613281 0.424258 0.614258 0.431674 0.613281 0.436970 0.611328 0.441737 0.612061 0.443326 0.613281 0.440148 0.615234 0.440678 0.615967 0.439089 0.616699 0.439619 0.616943 0.438030 0.616699 0.436441 0.615723 0.435381 0.615234 0.432733 0.614258 0.431674 0.614014 0.425318 0.614258 0.423729 0.615234 0.422140 0.614746 0.421610 0.615234 0.421081 0.613770 0.422669 0.612793 0.422669 0.611084 0.425847 0.609375 0.427436 0.607422 0.426907 0.607422 0.423199 0.608154 0.420021 0.607422 0.417373 0.607178 0.414195 0.605713 0.420551 0.607178 0.423729 0.606934 0.425847 0.607422 0.429555 0.607910 0.430614 0.607422 0.433792 0.606689 0.435381 0.604736 0.433792
1 0.539795 0.414725 0.538574 0.414195 0.537354 0.415254 0.536865 0.417373 0.535645 0.419492 0.535400 0.418962 0.535400 0.420021 0.536377 0.419492 0.536865 0.417903 0.537109 0.418962 0.538574 0.418962 0.539795 0.415784
1 0.685547 0.431144 0.687256 0.432203 0.687988 0.433792 0.688965 0.431674 0.690918 0.431674 0.690674 0.430614 0.691650 0.429025 0.694824 0.427966 0.696045 0.426377 0.696289 0.427436 0.696533 0.426377 0.697266 0.426907 0.697510 0.425847 0.698730 0.425318 0.699219 0.423729 0.696777 0.422669 0.696533 0.421610 0.695068 0.421610 0.697998 0.417373 0.693848 0.416843 0.692627 0.414725 0.689697 0.416843 0.689209 0.414195 0.688477 0.413665 0.687500 0.415254 0.687500 0.417373 0.688477 0.418432 0.690430 0.417373 0.692627 0.421610 0.692627 0.424788 0.690430 0.429555 0.689941 0.428496 0.689209 0.428496 0.687744 0.423729 0.686768 0.426377 0.685547 0.427966
1 0.523193 0.413136 0.522217 0.413136 0.522217 0.414195 0.521484 0.415254 0.520996 0.414195 0.521240 0.414725 0.520508 0.416314 0.521484 0.416314 0.520996 0.417903 0.521973 0.419492 0.521729 0.421610 0.519531 0.421610 0.519287 0.422669 0.518555 0.422669 0.518311 0.420551 0.519287 0.420021 0.518555 0.417373 0.518555 0.418962 0.517822 0.420551 0.515869 0.420551 0.515625 0.421081 0.516602 0.423199 0.514648 0.423729 0.514648 0.425318 0.516846 0.425318 0.517090 0.428496 0.514160 0.429555 0.514160 0.432733 0.513672 0.433263 0.513184 0.435911 0.511719 0.438030 0.510986 0.436970 0.510742 0.438030 0.511230 0.437500 0.511719 0.440148 0.510986 0.441208 0.510742 0.440148 0.510498 0.441208 0.510254 0.440148 0.509277 0.442797 0.509277 0.444386 0.508301 0.444915 0.508789 0.445975 0.508789 0.447564 0.508057 0.449153 0.507324 0.449153 0.506836 0.450742 0.506836 0.452331 0.508057 0.453919 0.508057 0.454979 0.506836 0.456568 0.507812 0.458157 0.507568 0.459746 0.506836 0.459746 0.506836 0.463453 0.507568 0.465572 0.509277 0.460275 0.509521 0.456568 0.510254 0.454979 0.510742 0.455508 0.511475 0.452331 0.513428 0.449153 0.513428 0.447564 0.514160 0.445445 0.516846 0.441208 0.515625 0.440148 0.515869 0.438559 0.517822 0.436970 0.518066 0.435911 0.518799 0.435911 0.519043 0.434852 0.519531 0.435911 0.520752 0.435911 0.521973 0.431674 0.521240 0.430085 0.521240 0.428496 0.521973 0.426377 0.521240 0.422669 0.521973 0.421081 0.523193 0.421081 0.523682 0.417373 0.522949 0.418432 0.522217 0.416843 0.522217 0.415254 0.523193 0.414725
1 0.045654 0.412606 0.043945 0.414725 0.043213 0.414195 0.042725 0.416314 0.042236 0.416314 0.042480 0.416843 0.040771 0.420021 0.040771 0.429555 0.041016 0.432203 0.042236 0.434852 0.043457 0.435911 0.044434 0.435381 0.046143 0.436970 0.045898 0.440148 0.046631 0.441208 0.046143 0.442267 0.046387 0.443856 0.045898 0.444386 0.046387 0.448623 0.047363 0.449153 0.050781 0.442267 0.050293 0.440148 0.050537 0.436970 0.051270 0.435911 0.052490 0.435911 0.054932 0.429025 0.056641 0.428496 0.056641 0.427436 0.055908 0.427436 0.054932 0.425847 0.054199 0.426907 0.052979 0.423199 0.051025 0.421610 0.047363 0.414195 0.046387 0.413136 0.046143 0.413665
1 0.115723 0.417373 0.115723 0.418432 0.116699 0.419492 0.117676 0.422140 0.121094 0.422669 0.120117 0.422140 0.120117 0.421081 0.122559 0.418962 0.122559 0.417903 0.124512 0.417903 0.124756 0.416843 0.124268 0.417373 0.123535 0.416314 0.123047 0.417903 0.122803 0.416314 0.122314 0.416314 0.122070 0.415254 0.123047 0.414725 0.123291 0.413136 0.122559 0.413136 0.122559 0.412076 0.121826 0.411547 0.121094 0.412076 0.120361 0.411017 0.119141 0.411017 0.119385 0.413136 0.118652 0.413665 0.118652 0.415254 0.117920 0.414195 0.117676 0.412606 0.117188 0.412606
1 0.716797 0.411017 0.716797 0.412606 0.717285 0.413665 0.720215 0.415254 0.720947 0.414725 0.720703 0.411547 0.719727 0.409958 0.719238 0.410487 0.717773 0.409428
1 0.034668 0.412606 0.033691 0.411017 0.033936 0.410487 0.033203 0.408898 0.032471 0.412076 0.031250 0.413665 0.031250 0.414725 0.031982 0.414195 0.032715 0.415784 0.032959 0.414725 0.033203 0.415784 0.032471 0.414195 0.033447 0.413665 0.033691 0.415254 0.034668 0.414725
1 0.628662 0.409958 0.627197 0.409958 0.625977 0.407309 0.622803 0.416314 0.620850 0.417373 0.622070 0.421081 0.622070 0.423199 0.621338 0.423729 0.620605 0.425847 0.621582 0.426907 0.622314 0.424258 0.624512 0.420551 0.623535 0.417373 0.625732 0.415784 0.627197 0.411547 0.628662 0.411547
1 0.526855 0.406780 0.525391 0.407309 0.524902 0.412606 0.525879 0.410487 0.526611 0.410487
1 0.069092 0.411017 0.067871 0.407839 0.067627 0.409428 0.067383 0.408898 0.066650 0.409958 0.065674 0.409958 0.062500 0.404661 0.059326 0.405720 0.058594 0.408898 0.058594 0.417903 0.059814 0.417373 0.060547 0.419492 0.060303 0.420551 0.060059 0.420021 0.060059 0.421081 0.061279 0.422140 0.060791 0.421610 0.061035 0.420551 0.062988 0.418962 0.062988 0.416843 0.064209 0.416843 0.064453 0.415784 0.065186 0.415784 0.064697 0.414725 0.064941 0.414195 0.065918 0.415254 0.067139 0.415254 0.066162 0.414725
1 0.620117 0.404661 0.619385 0.404131 0.617676 0.408898 0.615967 0.409428 0.615234 0.410487 0.616211 0.414725 0.617188 0.414725 0.617676 0.413665 0.617920 0.408369 0.618652 0.406780 0.619385 0.406250 0.620117 0.407839
1 0.517578 0.402013 0.516846 0.402542 0.516846 0.414195 0.514893 0.415254 0.514404 0.416314 0.515137 0.418962 0.515869 0.415784 0.518311 0.414725 0.519043 0.413136 0.519043 0.411017 0.519775 0.409428 0.520264 0.409428 0.519531 0.408369 0.519531 0.407309 0.519287 0.408898 0.518555 0.407309 0.519043 0.406250 0.519043 0.404661 0.518066 0.405191
1 0.531738 0.398835 0.533447 0.400424 0.534180 0.399894 0.534668 0.400953 0.534912 0.399364 0.534424 0.397246 0.532715 0.397246 0.532227 0.398835
1 0.627686 0.401483 0.627197 0.399364 0.627197 0.396716 0.627197 0.397775 0.625244 0.400953 0.624023 0.400424 0.623779 0.401483 0.623535 0.400424 0.622314 0.400424 0.623779 0.403602 0.624268 0.403072 0.625488 0.405191
1 0.042969 0.396716 0.040039 0.398305 0.037842 0.398305 0.036621 0.400953 0.036865 0.403072 0.036377 0.405720 0.037109 0.407309 0.037109 0.411547 0.039062 0.414195 0.041016 0.414195 0.042969 0.409428 0.044189 0.408369 0.043701 0.405720 0.043701 0.400953 0.042969 0.399894 0.042725 0.401483 0.041992 0.398305 0.043701 0.398305
1 0.728760 0.389831 0.728027 0.390360 0.727539 0.393538 0.727539 0.397775 0.728271 0.399364 0.727783 0.397246 0.728027 0.395657 0.728760 0.394597
1 0.611816 0.389831 0.610596 0.395657 0.610596 0.398835 0.609863 0.400424 0.609863 0.402013 0.611816 0.403072 0.614258 0.407309 0.614746 0.406250 0.614746 0.404661 0.612793 0.399364 0.612793 0.396186 0.613525 0.393008 0.613525 0.390360
1 0.602783 0.390890 0.603516 0.397246 0.604492 0.397775 0.605713 0.399894 0.607178 0.399894 0.607178 0.398305 0.607910 0.396186 0.607422 0.391949 0.606689 0.391949 0.606201 0.393008 0.604980 0.391419 0.604248 0.391419 0.603516 0.389831
1 0.471191 0.389831 0.470215 0.391949 0.471191 0.397246 0.471191 0.399894 0.470459 0.402542 0.470215 0.415784 0.469482 0.420551 0.469727 0.422669 0.470947 0.421081 0.471680 0.423199 0.471191 0.424258 0.472168 0.424258 0.470947 0.421081 0.470947 0.411017 0.471680 0.406250 0.471436 0.405191 0.471924 0.402542 0.471924 0.396716 0.472656 0.395657 0.472900 0.392479 0.472656 0.391949 0.472168 0.394068 0.471436 0.392479 0.471680 0.391949
1 0.519531 0.386653 0.518555 0.386653 0.516846 0.388242 0.516846 0.391419 0.517334 0.389831 0.517578 0.390890 0.518311 0.390890 0.519287 0.388771
1 0.298340 0.386123 0.296143 0.388242 0.295410 0.390360 0.296143 0.392479 0.297119 0.393538 0.296875 0.394068 0.297363 0.392479 0.298340 0.391419
1 0.095459 0.389301 0.096436 0.389831 0.097168 0.388771 0.097412 0.389831 0.098389 0.390360 0.100830 0.390360 0.101074 0.388242 0.101562 0.388242 0.101318 0.386123 0.100098 0.386653 0.098877 0.385064 0.098877 0.383475 0.098633 0.384004 0.098145 0.382945 0.098389 0.382415 0.097900 0.383475 0.097412 0.382945 0.097656 0.384004 0.097168 0.385064 0.096680 0.384534 0.096680 0.386123 0.096924 0.385593 0.097168 0.387182 0.095703 0.388242 0.096191 0.388242 0.096191 0.389301
1 0.535889 0.383475 0.534912 0.383475 0.534912 0.382415 0.534668 0.382945 0.533936 0.381886 0.532715 0.385593 0.531738 0.385593 0.531494 0.386653 0.530762 0.385593 0.528809 0.392479 0.528809 0.394597 0.527588 0.397246 0.528320 0.398835 0.526855 0.400424 0.526367 0.403072 0.525879 0.403602 0.525879 0.405191 0.527344 0.405191 0.528076 0.401483 0.528809 0.399894 0.529297 0.400424 0.531250 0.397775 0.531982 0.397775 0.531982 0.395127 0.532471 0.394597 0.532471 0.390360 0.534912 0.387712 0.535400 0.388242 0.535889 0.387182
1 0.576172 0.380297 0.576416 0.379767 0.576904 0.381886 0.575928 0.384004 0.577148 0.382945 0.578613 0.383475 0.578369 0.380826 0.576416 0.379767
1 0.553223 0.379767 0.554932 0.384004 0.556152 0.385064 0.555664 0.384534 0.555908 0.382945 0.555176 0.381356 0.555176 0.380297
1 0.612305 0.377648 0.610596 0.380826 0.608643 0.382415 0.608643 0.384004 0.609375 0.386123 0.612061 0.382945 0.611572 0.380297 0.612305 0.379237
1 0.604980 0.376589 0.600830 0.376589 0.601074 0.379767 0.603027 0.378708 0.604248 0.376589
1 0.499023 0.370763 0.499023 0.372352 0.499512 0.373411 0.499268 0.374470 0.500488 0.376589 0.502197 0.376589 0.502441 0.377648 0.503662 0.377648 0.504639 0.379767 0.504883 0.381886 0.505859 0.381886 0.505371 0.379767 0.505615 0.376059 0.505127 0.376059 0.504883 0.375000 0.503906 0.375530 0.503662 0.373941 0.500977 0.372881
1 0.097656 0.371822 0.098389 0.374470 0.097900 0.373411 0.098145 0.372352 0.098633 0.373411 0.098877 0.372352 0.100098 0.372352 0.100098 0.375530 0.100830 0.374470 0.101074 0.375530 0.102051 0.376059 0.102051 0.378708 0.102539 0.379767 0.103516 0.379237 0.103516 0.377119 0.102051 0.375000 0.101562 0.372881 0.098633 0.370763
1 0.087402 0.373411 0.087891 0.375530 0.089111 0.376059 0.089111 0.375000 0.090820 0.375000 0.091064 0.375530 0.090332 0.376059 0.091309 0.376059 0.092529 0.377648 0.093018 0.377119 0.093506 0.378178 0.093262 0.376589 0.094482 0.374470 0.094727 0.376589 0.093994 0.378178 0.096436 0.379237 0.097168 0.378708 0.098145 0.381356 0.098877 0.381356 0.099609 0.382945 0.100098 0.382945 0.100342 0.381886 0.100586 0.382945 0.101074 0.381886 0.101807 0.382945 0.102051 0.381886 0.100830 0.379237 0.100098 0.379237 0.098633 0.375530 0.098145 0.376059 0.097412 0.375000 0.096924 0.372881 0.096436 0.373411 0.095703 0.371292 0.090820 0.370763 0.090576 0.371822
1 0.537109 0.370233 0.535156 0.378178 0.535645 0.379767 0.535156 0.380297 0.534912 0.379237 0.534424 0.379237 0.534180 0.380826 0.537842 0.380826 0.538086 0.381356 0.537598 0.381886 0.537598 0.383475 0.539062 0.387182 0.538818 0.388771 0.539307 0.389301 0.539307 0.383475 0.539795 0.383475 0.539795 0.386123 0.540283 0.386123 0.540771 0.384534 0.539062 0.381886 0.540039 0.381356 0.539795 0.380297 0.540283 0.379237 0.541504 0.380297 0.541748 0.376059 0.541260 0.375000 0.540527 0.375000 0.539551 0.372881 0.538818 0.373411 0.538086 0.371292
1 0.627686 0.369174 0.625000 0.370233 0.624023 0.373411 0.624023 0.376059 0.623535 0.376589 0.625732 0.380297 0.625000 0.378708 0.625244 0.372352 0.626465 0.369703
1 0.351074 0.367585 0.350586 0.369703 0.350586 0.373411 0.350830 0.372881 0.351074 0.373941 0.351318 0.372352 0.353027 0.370763 0.352783 0.369174 0.351807 0.369174
1 0.578125 0.363347 0.577881 0.367055 0.579102 0.368644 0.578613 0.370763 0.579834 0.371292 0.579102 0.369703 0.580078 0.368644 0.581055 0.365466
1 0.543213 0.364936 0.543457 0.368114 0.546143 0.367585 0.545166 0.363877 0.544189 0.363347
1 0.574463 0.362818 0.573242 0.364936 0.572266 0.369174 0.573486 0.370233 0.574463 0.373411 0.574463 0.372352 0.574951 0.371822
1 0.553711 0.361229 0.554932 0.363877 0.556396 0.364936 0.558350 0.370233 0.558105 0.364407 0.556641 0.362818 0.554932 0.362818
1 0.614014 0.358051 0.612549 0.360169 0.609863 0.359640 0.608887 0.361229 0.607178 0.361758 0.606689 0.362818 0.606934 0.368114 0.606445 0.369703 0.606445 0.372881 0.607178 0.376059 0.606445 0.377648 0.606445 0.381356 0.607178 0.381886 0.607666 0.380297 0.607910 0.380826 0.607422 0.379767 0.607910 0.374470 0.606934 0.372881 0.606934 0.368644 0.607910 0.364936 0.609619 0.362288 0.610352 0.363347 0.612061 0.362288 0.614014 0.363877 0.616455 0.368644 0.616455 0.370233 0.617920 0.368114 0.617676 0.367055 0.615967 0.365996 0.614258 0.362818 0.613037 0.363347 0.612305 0.362288
1 0.530518 0.354343 0.530029 0.355403 0.530273 0.356992 0.529785 0.363347 0.530273 0.364936 0.530273 0.367055 0.530762 0.367585 0.531006 0.366525 0.531494 0.366525 0.531494 0.363347 0.530762 0.358581 0.531006 0.356462 0.530273 0.355403
1 0.306396 0.356992 0.311279 0.356992 0.311523 0.354873 0.307617 0.353284 0.307129 0.353814
1 0.615479 0.352754 0.615234 0.354343 0.615967 0.355932 0.615967 0.357521 0.617432 0.357521 0.617920 0.355932 0.617676 0.354343 0.616943 0.352754
1 0.079346 0.369174 0.079834 0.369174 0.081055 0.371822 0.083496 0.371822 0.085449 0.370763 0.083740 0.369703 0.084229 0.368114 0.085205 0.367055 0.085938 0.368644 0.085938 0.370763 0.086914 0.370763 0.087646 0.369174 0.089600 0.369703 0.091064 0.368114 0.093262 0.368644 0.093750 0.367055 0.092773 0.364936 0.092773 0.363347 0.090088 0.363347 0.090088 0.362288 0.089111 0.361758 0.088867 0.362818 0.088379 0.361229 0.086914 0.359640 0.086914 0.358581 0.087891 0.358581 0.087158 0.358581 0.086670 0.357521 0.087158 0.355403 0.087646 0.355403 0.088379 0.357521 0.089111 0.357521 0.089111 0.356462 0.088135 0.355403 0.088135 0.354343 0.087646 0.354343 0.087402 0.353284 0.085938 0.352754 0.085449 0.353284 0.085449 0.354873 0.084961 0.355932 0.085693 0.357521 0.085938 0.363877 0.083496 0.367055 0.081299 0.367055 0.080566 0.368114 0.079590 0.368114
1 0.541016 0.352754 0.540039 0.352754 0.538818 0.356992 0.538574 0.359640 0.537598 0.361758 0.535645 0.369174 0.536621 0.369174 0.537354 0.367585 0.537598 0.364407 0.538330 0.363347 0.538818 0.363877 0.538818 0.362818 0.540527 0.358051 0.540527 0.353814
1 0.439209 0.351695 0.439697 0.353814 0.439697 0.359110 0.440430 0.362288 0.441162 0.363347 0.440918 0.365466 0.441406 0.365466 0.441650 0.362288 0.440674 0.360699
1 0.104736 0.367055 0.104980 0.368114 0.105957 0.367055 0.107178 0.369703 0.108398 0.369703 0.109619 0.367055 0.110596 0.367585 0.111572 0.366525 0.112305 0.364407 0.113281 0.364407 0.113525 0.362288 0.114014 0.363347 0.115234 0.363347 0.115479 0.362288 0.116943 0.361758 0.118164 0.359110 0.119141 0.359110 0.120850 0.356462 0.120361 0.355403 0.120850 0.351695 0.116699 0.349047 0.115723 0.349047 0.115479 0.350106 0.115234 0.349047 0.113770 0.348517 0.110840 0.350636 0.110596 0.349576 0.109131 0.349047 0.107910 0.346928 0.107422 0.347987 0.107422 0.351165 0.107666 0.350636 0.107910 0.351695 0.105225 0.355932 0.105225 0.365466
1 0.571533 0.347987 0.570068 0.347987 0.568604 0.345339 0.567871 0.345339 0.565918 0.347987 0.563477 0.349047 0.561035 0.354873 0.559570 0.356462 0.559326 0.359640 0.561035 0.360169 0.562256 0.355932 0.564209 0.353284 0.565430 0.355932 0.565918 0.362818 0.566406 0.362818 0.566650 0.361758 0.565918 0.355403 0.566162 0.353284 0.568115 0.350636 0.571045 0.350636
1 0.599854 0.349576 0.599121 0.345869 0.598145 0.344809 0.596924 0.344809 0.596191 0.346928 0.596191 0.348517 0.594482 0.352225 0.596191 0.352754 0.597656 0.351165 0.599121 0.351695
1 0.520752 0.345339 0.520752 0.346398 0.520264 0.346928 0.520752 0.347987 0.520508 0.350106 0.522461 0.350106 0.522949 0.349047 0.522949 0.347458 0.522217 0.345339
1 0.110107 0.344809 0.111572 0.345869 0.111572 0.346928 0.113770 0.346398 0.112549 0.343750
1 0.126953 0.343750 0.126709 0.344280 0.126465 0.343220 0.125488 0.342691 0.125000 0.344809 0.124512 0.344809 0.124268 0.347987 0.124023 0.345869 0.123291 0.347458 0.122803 0.346398 0.121338 0.346398 0.122314 0.348517 0.121826 0.349047 0.122314 0.353284 0.122070 0.353814 0.122559 0.354343 0.122803 0.352754 0.123535 0.352754 0.123047 0.351695 0.123291 0.350636 0.124023 0.350636 0.125244 0.352754 0.125977 0.352754 0.125977 0.351695 0.126953 0.352225 0.125488 0.350106 0.125732 0.347987 0.124756 0.346398 0.125732 0.345339 0.126465 0.347458 0.126465 0.345869 0.126953 0.345869
1 0.619385 0.341102 0.618164 0.340042 0.615479 0.345339 0.615234 0.346928 0.615967 0.346398 0.617188 0.343220 0.618408 0.343220
1 0.296631 0.340572 0.296631 0.342161 0.297119 0.342161 0.297363 0.343220 0.297607 0.342691 0.298828 0.345339 0.299805 0.345339 0.299316 0.346398 0.299561 0.347458 0.300293 0.347458 0.300781 0.346398 0.300781 0.345339 0.300537 0.346928 0.300293 0.345339 0.299561 0.344809 0.299805 0.342161 0.299072 0.341102 0.298584 0.342161 0.297363 0.340042
1 0.351562 0.338983 0.351074 0.342691 0.352539 0.345869 0.353516 0.351695 0.354492 0.353814 0.354736 0.355932 0.354248 0.356992 0.355469 0.357521 0.355957 0.356992 0.355469 0.355932 0.355469 0.354343 0.356201 0.352754 0.355713 0.352754 0.354736 0.350106 0.356201 0.349047 0.353760 0.343750 0.354980 0.341102 0.353027 0.338983
1 0.515137 0.333157 0.513916 0.332627 0.512207 0.334746 0.510742 0.334746 0.509521 0.337924 0.507812 0.339513 0.506592 0.339513 0.506836 0.342691 0.506104 0.345339 0.505371 0.344809 0.505371 0.346928 0.505859 0.347458 0.506348 0.344809 0.507324 0.347987 0.508301 0.348517 0.508057 0.349576 0.506836 0.349576 0.506592 0.348517 0.506348 0.350636 0.504883 0.349576 0.504150 0.343750 0.503418 0.347987 0.502686 0.349576 0.501465 0.349047 0.501221 0.350106 0.501953 0.354343 0.502441 0.354873 0.502686 0.361229 0.505127 0.367055 0.506104 0.367055 0.506104 0.364407 0.505371 0.364407 0.505127 0.363347 0.506592 0.362818 0.507080 0.364407 0.506836 0.368114 0.507568 0.370233 0.508789 0.370763 0.510010 0.368114 0.510010 0.366525 0.508789 0.364407 0.509033 0.360169 0.510742 0.356992 0.510986 0.353284 0.511475 0.352754 0.509277 0.343750 0.510010 0.340042 0.512939 0.335805 0.515869 0.336864 0.517578 0.338983 0.515137 0.345339 0.514404 0.345339 0.513184 0.347458 0.513428 0.350106 0.514893 0.351165 0.513916 0.353814 0.514404 0.355403 0.514893 0.354873 0.515381 0.355932 0.514648 0.356462 0.514648 0.357521 0.514893 0.356462 0.515869 0.355932 0.515137 0.350636 0.516357 0.346398 0.518066 0.343750 0.518066 0.341102 0.517334 0.339513 0.517578 0.337924
1 0.076660 0.327860 0.076660 0.332097 0.077393 0.333686 0.077148 0.335275 0.078369 0.335805 0.077881 0.332097 0.076904 0.329449 0.077881 0.328919 0.079346 0.332097 0.080078 0.332097 0.080078 0.331038 0.078369 0.327331
1 0.610840 0.326271 0.611572 0.329449 0.613281 0.329449 0.612793 0.326801 0.612061 0.326801 0.611572 0.325742
1 0.341064 0.325742 0.341553 0.327331 0.341309 0.327860 0.342285 0.329449 0.342285 0.335275 0.342529 0.336335 0.343262 0.336335 0.344238 0.334216 0.343018 0.328919 0.342285 0.327860 0.342285 0.326801
1 0.093994 0.323093 0.094238 0.325212 0.093750 0.325212 0.093750 0.326801 0.094727 0.327860 0.094971 0.328919 0.094482 0.329979 0.095215 0.331038 0.094971 0.332097 0.094727 0.331568 0.095459 0.332097 0.095459 0.328919 0.094727 0.328390 0.095703 0.327860 0.094727 0.324153 0.094238 0.324153
1 0.347900 0.322564 0.346436 0.325742 0.346924 0.327860 0.347900 0.327860 0.348389 0.326801
1 0.289062 0.320975 0.288574 0.322564 0.287842 0.323093 0.287842 0.324153 0.290039 0.326801 0.290771 0.325742 0.290527 0.324682 0.291016 0.322564 0.290283 0.322564 0.290039 0.321504
1 0.526855 0.319386 0.527832 0.321504 0.529053 0.321504 0.529297 0.318856 0.528809 0.318326 0.527344 0.318326
1 0.538086 0.317797 0.537842 0.320445 0.538330 0.322034 0.540771 0.322034 0.540527 0.320445 0.539551 0.318856
1 0.579590 0.316737 0.578125 0.316737 0.577393 0.318856 0.578369 0.320975 0.579346 0.320445 0.580078 0.321504 0.580078 0.323623 0.579590 0.324153 0.580078 0.326801 0.579346 0.330508 0.577393 0.331038 0.576416 0.329449 0.575684 0.321504 0.574951 0.322564 0.573730 0.321504 0.572266 0.321504 0.572021 0.324682 0.572510 0.325212 0.571777 0.327860 0.569824 0.330508 0.569336 0.333686 0.568359 0.333686 0.567871 0.336864 0.566895 0.336335 0.567383 0.340572 0.568359 0.340572 0.568848 0.343220 0.569336 0.343220 0.570068 0.341631 0.570801 0.341631 0.569824 0.337394 0.569580 0.337924 0.569092 0.336864 0.569336 0.335275 0.570068 0.333686 0.571045 0.333686 0.572021 0.330508 0.573486 0.327331 0.574219 0.326801 0.574951 0.327860 0.575195 0.329449 0.576172 0.329979 0.577393 0.333686 0.577393 0.335805 0.576660 0.337924 0.575928 0.343750 0.576416 0.344280 0.576904 0.343220 0.576904 0.341631 0.577881 0.339513 0.579346 0.338983 0.580322 0.335805 0.579834 0.327860 0.581055 0.324153 0.580322 0.320975 0.580811 0.320445 0.579834 0.318856
1 0.566895 0.314619 0.566650 0.316737 0.565918 0.316737 0.565430 0.323093 0.563965 0.326801 0.564941 0.328390 0.565674 0.327860 0.565674 0.328919 0.566162 0.326801 0.567383 0.324682 0.570068 0.324682 0.568115 0.321504
1 0.360840 0.314619 0.359131 0.315678 0.358887 0.314619 0.357666 0.315678 0.357422 0.315148 0.357178 0.316208 0.355713 0.317797 0.355713 0.318856 0.357178 0.321504 0.357666 0.323623 0.357666 0.326801 0.358887 0.328390 0.358887 0.325742 0.357178 0.322034 0.357178 0.319915 0.357666 0.318856 0.357178 0.319915 0.356689 0.318856 0.356689 0.316737 0.358154 0.315678 0.358887 0.317267 0.359375 0.317267 0.359863 0.316208 0.360352 0.316737
1 0.441650 0.312500 0.441650 0.314619 0.440674 0.318856 0.440918 0.322564 0.441406 0.323623 0.441895 0.323093 0.443359 0.325212 0.444092 0.325212 0.444336 0.324153 0.442871 0.319915 0.443115 0.314089 0.442871 0.313030
1 0.351074 0.312500 0.350342 0.311970 0.348633 0.314619 0.348389 0.321504 0.349609 0.321504 0.349609 0.319386 0.350586 0.319386 0.351074 0.317267 0.351562 0.317797 0.351807 0.316208 0.351318 0.315148
1 0.524658 0.309852 0.523926 0.309322 0.523438 0.310911 0.522949 0.310381 0.521729 0.312500 0.522705 0.315148 0.523193 0.315148 0.523193 0.313559 0.524658 0.311441
1 0.621338 0.308263 0.620850 0.308792 0.620117 0.311970 0.620850 0.315678 0.621826 0.311441
1 0.505371 0.307203 0.505371 0.320445 0.504639 0.323093 0.504639 0.324682 0.505371 0.326801 0.504639 0.328390 0.504395 0.330508 0.505127 0.338453 0.505615 0.332097 0.505371 0.330508 0.505859 0.329979 0.505615 0.322564 0.506104 0.319386 0.506104 0.314619 0.505615 0.314089 0.505859 0.312500
1 0.299316 0.309852 0.299805 0.312500 0.301758 0.313030 0.302979 0.311441 0.302734 0.308792 0.301758 0.307203 0.300293 0.307203
1 0.290527 0.306674 0.289795 0.308792 0.291504 0.311441 0.291504 0.313030 0.291504 0.311441 0.291992 0.310381 0.291504 0.307203
1 0.586182 0.308792 0.587402 0.308792 0.589600 0.306674 0.589355 0.305614 0.587402 0.305614 0.586670 0.307203 0.586182 0.307203
1 0.077881 0.302966 0.076416 0.302436 0.075684 0.305085 0.074707 0.305614 0.077637 0.305085
1 0.561768 0.300847 0.561279 0.300847 0.559326 0.305614 0.557373 0.307733 0.554932 0.313030 0.553711 0.314089 0.553223 0.316208 0.552246 0.317797 0.551514 0.317797 0.551025 0.318856 0.548340 0.316737 0.548340 0.318856 0.547852 0.319915 0.546631 0.317267 0.547119 0.318856 0.546875 0.320445 0.547852 0.321504 0.547852 0.323093 0.546631 0.325212 0.546387 0.327331 0.546875 0.328390 0.546875 0.330508 0.545654 0.333157 0.544189 0.339513 0.544189 0.341102 0.544678 0.341102 0.546387 0.337924 0.547119 0.334746 0.547363 0.335275 0.548584 0.334216 0.549072 0.332627 0.549072 0.331568 0.548828 0.332627 0.548584 0.331038 0.549561 0.329449 0.549561 0.326271 0.552246 0.321504 0.553711 0.317267 0.554199 0.317267 0.556641 0.311970 0.558105 0.310381 0.560059 0.305614 0.560547 0.305614
1 0.497803 0.304025 0.500732 0.304555 0.500977 0.303496 0.499756 0.302436 0.500000 0.300847 0.498779 0.300847
1 0.458984 0.300318 0.458496 0.299788 0.457031 0.301377 0.456787 0.302966 0.455322 0.304025 0.456787 0.305085
1 0.597900 0.301377 0.597900 0.302436 0.601074 0.303496 0.599854 0.299258
1 0.617920 0.298199 0.617432 0.298199 0.616699 0.299788 0.617188 0.301907 0.615967 0.304555 0.615967 0.310381 0.616455 0.311441 0.616455 0.313030 0.617188 0.311970 0.617920 0.307203 0.617432 0.302436
1 0.459717 0.298729 0.459717 0.299788 0.460693 0.299258 0.464111 0.305085 0.464600 0.309852 0.465820 0.310911 0.466064 0.305085 0.465576 0.304025 0.465088 0.305085 0.464355 0.304555 0.464844 0.302966 0.467285 0.299258 0.466797 0.299258 0.465820 0.297140 0.463867 0.298729
1 0.558350 0.294492 0.556885 0.296610 0.557129 0.300318 0.557617 0.300847 0.558350 0.299788 0.558105 0.297140 0.558838 0.296081 0.558838 0.295021
1 0.357178 0.294492 0.356689 0.295021 0.357422 0.297669 0.356445 0.300847 0.355469 0.301907 0.355469 0.306144 0.356445 0.307733 0.356689 0.310911 0.358643 0.306674 0.360107 0.306144 0.360596 0.302966 0.360352 0.301907 0.361084 0.301377 0.360596 0.300318 0.361084 0.299258 0.360596 0.297140 0.359131 0.296610 0.358154 0.297669 0.357666 0.296610 0.358154 0.295551
1 0.310547 0.294492 0.309326 0.294492 0.308350 0.296610 0.307861 0.296610 0.307861 0.298199 0.309814 0.298199 0.309814 0.296610 0.310547 0.295551
1 0.578613 0.293432 0.577637 0.295551 0.578857 0.298199 0.579590 0.297140 0.579590 0.296081
1 0.566650 0.293432 0.565918 0.297140 0.565430 0.297140 0.565186 0.298199 0.564453 0.297140 0.565186 0.295551 0.565186 0.294492 0.564697 0.293962 0.563232 0.296610 0.562744 0.296610 0.562988 0.298199 0.563232 0.297669 0.564209 0.298729 0.563721 0.300847 0.564697 0.301907 0.564453 0.305614 0.564941 0.304555 0.565430 0.300318 0.565674 0.301377 0.566406 0.299788 0.567871 0.299788 0.568115 0.296081 0.567627 0.295021 0.566895 0.295021
1 0.281738 0.293432 0.282715 0.297669 0.282471 0.301377 0.284424 0.300318 0.287354 0.303496 0.287354 0.300847 0.287842 0.299258 0.287598 0.296610 0.286865 0.298729 0.286377 0.298729 0.286377 0.300847 0.285645 0.301377 0.283203 0.298199 0.282715 0.292903
1 0.367676 0.292373 0.368164 0.293962 0.368164 0.296081 0.369629 0.298199 0.370605 0.297669 0.370605 0.296610
1 0.000000 0.291314 0.000000 0.297669 0.000244 0.296610 0.000488 0.297669 0.000732 0.296610 0.000977 0.297669 0.001465 0.297140 0.003662 0.298729 0.003906 0.298199 0.004150 0.299258 0.005615 0.298729 0.004883 0.297669 0.005615 0.296081 0.005859 0.296610 0.004883 0.292373 0.002686 0.291314
1 0.339600 0.290254 0.338867 0.290784 0.338135 0.289725 0.338379 0.290784 0.337891 0.291314 0.337891 0.295551 0.336914 0.295551 0.336426 0.296610 0.336426 0.297669 0.337402 0.299258 0.337646 0.301907 0.336914 0.304555 0.336426 0.303496 0.335938 0.304025 0.336182 0.306144 0.337891 0.306144 0.338379 0.305085 0.338623 0.302436 0.339600 0.300847 0.340332 0.301907 0.341309 0.301377 0.341064 0.299788 0.340332 0.298729 0.340088 0.296081 0.340576 0.292373
1 0.261719 0.289725 0.262939 0.289725 0.263184 0.290784 0.264404 0.290784 0.264648 0.291843 0.266357 0.291314 0.266357 0.290254 0.265625 0.291314 0.265381 0.289195
1 0.239746 0.290254 0.239746 0.291843 0.242676 0.293962 0.241455 0.289195 0.240234 0.289195
1 0.635010 0.287606 0.634277 0.288136 0.634033 0.296081 0.632324 0.299258 0.630859 0.299788 0.630371 0.300847 0.631104 0.303496 0.633057 0.301377 0.634521 0.301377 0.634766 0.300318 0.636475 0.298729 0.636230 0.292373
1 0.600342 0.288136 0.600098 0.289725 0.601074 0.290784 0.603027 0.290784 0.603516 0.292903 0.604248 0.292373 0.603027 0.288665 0.602051 0.287606
1 0.595215 0.291843 0.596680 0.290784 0.598145 0.290784 0.599121 0.291843 0.599365 0.290254 0.598633 0.288136 0.598633 0.286017 0.596924 0.286017 0.596191 0.287076 0.596191 0.288665
1 0.375977 0.291843 0.377197 0.292373 0.377197 0.290784 0.378174 0.287606 0.379150 0.288665 0.380127 0.287076 0.378662 0.286547 0.378174 0.287606 0.376953 0.286017
1 0.302734 0.286017 0.302734 0.288136 0.304688 0.291843 0.305908 0.295551 0.306641 0.295551 0.307129 0.294492 0.306885 0.293432 0.306152 0.293962 0.305664 0.291314 0.304688 0.290254 0.304199 0.290784 0.302979 0.288665 0.303223 0.287606 0.303711 0.288136 0.303711 0.286547 0.304443 0.286547 0.304443 0.288136 0.305176 0.288136 0.305176 0.286547 0.303223 0.285487
1 0.550049 0.283898 0.549805 0.285487 0.550293 0.289195 0.550049 0.290784 0.550781 0.293432 0.550537 0.294492 0.551758 0.296610 0.552490 0.295551 0.552490 0.293962 0.551514 0.293432 0.551025 0.291314 0.551270 0.285487 0.550537 0.283898
1 0.270020 0.282839 0.269531 0.282839 0.269287 0.284428 0.269043 0.283369 0.268311 0.286547 0.268799 0.287606 0.269043 0.290254 0.267334 0.292903 0.268799 0.292373 0.268799 0.290784 0.270996 0.291314 0.271484 0.290254 0.271240 0.289195 0.269775 0.289725 0.269043 0.288136 0.270264 0.288136
1 0.068848 0.282309 0.068848 0.285487 0.069580 0.286017 0.069580 0.287606 0.068604 0.288136 0.068848 0.289725 0.070557 0.288665 0.070557 0.286547 0.071289 0.287076 0.071045 0.288136 0.071533 0.288136 0.071533 0.287076 0.073486 0.288665 0.072754 0.289195 0.075439 0.289195 0.075195 0.287076 0.073975 0.286017 0.073730 0.284958 0.073242 0.285487 0.072266 0.283369
1 0.535400 0.283369 0.535400 0.284428 0.538818 0.291843 0.540039 0.291843 0.541504 0.288136 0.541260 0.284428 0.540527 0.282839 0.538818 0.281250 0.537598 0.281250 0.538574 0.281250 0.541260 0.287076 0.541016 0.288136 0.540527 0.288136 0.540527 0.289725 0.539307 0.291314 0.538086 0.288136 0.536133 0.284958 0.536377 0.282309
1 0.393311 0.281780 0.393066 0.282839 0.394775 0.285487 0.395264 0.284428 0.395752 0.284958 0.395508 0.287606 0.395996 0.288665 0.395996 0.291843 0.396729 0.294492 0.397949 0.293962 0.398438 0.289725 0.395996 0.285487 0.396240 0.282309 0.394531 0.280720
1 0.350098 0.280191 0.348877 0.285487 0.349609 0.285487 0.350586 0.287606 0.351074 0.287606 0.352051 0.284428 0.352051 0.281250
1 0.336914 0.280720 0.336914 0.282309 0.338379 0.282839 0.339600 0.284428 0.340576 0.287606 0.340820 0.290784 0.341797 0.290254 0.342529 0.288665 0.342041 0.284428 0.341309 0.282309 0.338867 0.282309 0.337402 0.281250 0.337158 0.280191
1 0.503662 0.279131 0.504150 0.284428 0.504883 0.286547 0.505371 0.294492 0.505859 0.293962 0.505615 0.287076 0.506592 0.283898 0.506592 0.282309 0.505371 0.283369
1 0.625244 0.280191 0.624512 0.279131 0.622314 0.281250 0.620850 0.280191 0.620605 0.278602 0.619629 0.279131 0.618896 0.281250 0.617188 0.282309 0.617188 0.288136 0.618896 0.288136 0.619873 0.287076 0.620361 0.285487 0.620850 0.285487 0.621582 0.287076 0.621338 0.288136 0.622314 0.285487 0.624512 0.282839
1 0.573730 0.279661 0.574463 0.281250 0.574707 0.280191 0.577148 0.280191 0.577881 0.281250 0.578369 0.280720 0.578613 0.281780 0.577637 0.283369 0.578125 0.284958 0.578857 0.280720 0.579834 0.281780 0.581543 0.281250 0.582520 0.284428 0.582031 0.286017 0.580566 0.286547 0.580078 0.288665 0.581055 0.288665 0.580566 0.287076 0.581787 0.286547 0.582275 0.290784 0.581543 0.291843 0.582031 0.291843 0.582275 0.292903 0.583008 0.292903 0.582764 0.289195 0.583252 0.287076 0.582764 0.286017 0.582764 0.283898 0.585205 0.283369 0.583252 0.280720 0.584229 0.279131 0.579834 0.279661 0.577148 0.278602 0.573975 0.278602
1 0.279541 0.278602 0.281006 0.281780 0.281982 0.281780 0.281738 0.290784 0.282471 0.291843 0.282471 0.282839 0.283447 0.282309 0.281250 0.280720 0.281006 0.279661 0.280029 0.279661
1 0.610596 0.278072 0.608154 0.279661 0.608887 0.281250 0.608887 0.284958 0.610352 0.282839
1 0.357422 0.278072 0.357666 0.280720 0.358887 0.283369 0.358398 0.283898 0.358398 0.285487 0.358887 0.288136 0.358887 0.292903 0.359375 0.292903 0.359375 0.283898 0.358643 0.280191
1 0.305908 0.278602 0.303955 0.278602 0.302979 0.280191 0.302734 0.282839 0.303955 0.283369 0.304199 0.282309 0.303711 0.282309 0.303711 0.280720 0.303223 0.280191 0.304199 0.279131 0.305176 0.279131 0.305664 0.280191 0.304688 0.282309 0.305664 0.282309
1 0.318848 0.278072 0.319336 0.281780 0.320557 0.283898 0.321045 0.283898 0.321777 0.282309 0.320068 0.278072
1 0.267334 0.280720 0.266357 0.277013 0.265381 0.279131 0.264648 0.278602 0.263672 0.281250
1 0.520264 0.274894 0.520020 0.283369 0.518555 0.286017 0.519043 0.290784 0.518799 0.291314 0.518066 0.289195 0.517334 0.290254 0.516357 0.289725 0.515869 0.291843 0.515137 0.292903 0.515381 0.297669 0.516113 0.297669 0.516602 0.296610 0.517334 0.292373 0.518311 0.290784 0.519775 0.295021 0.520996 0.297140 0.521729 0.297140 0.519775 0.292903 0.520264 0.291314 0.520996 0.290784 0.520996 0.288665 0.520264 0.287076 0.520264 0.283369 0.520752 0.280191 0.520752 0.276483
1 0.601074 0.274894 0.600098 0.273835 0.597656 0.274364 0.597412 0.275424 0.596436 0.275424 0.596436 0.277013 0.599609 0.277013
1 0.330566 0.273835 0.330078 0.274894 0.331299 0.277013 0.330811 0.278602 0.331543 0.280191 0.332764 0.279661 0.333008 0.278072 0.332275 0.278072
1 0.439209 0.273835 0.437744 0.273835 0.437012 0.276483 0.437256 0.277542 0.438721 0.276483
1 0.241211 0.278602 0.241699 0.282309 0.242676 0.282839 0.244385 0.280191 0.245605 0.280720 0.246338 0.282309 0.247070 0.281250 0.248291 0.281780 0.248291 0.276483 0.249756 0.272246 0.244141 0.272246 0.243652 0.275953
1 0.624268 0.273305 0.622803 0.271716 0.621094 0.274364 0.622314 0.276483
1 0.645508 0.270127 0.644043 0.271716 0.643066 0.277013 0.640625 0.282309 0.640625 0.283369 0.644531 0.279131 0.644775 0.277013 0.646484 0.273835 0.646240 0.271716
1 0.504883 0.270657 0.505371 0.273835 0.505859 0.273305 0.507324 0.274894 0.505859 0.270127 0.505371 0.270127 0.505127 0.271186
1 0.533691 0.269597 0.533203 0.269597 0.532959 0.271186 0.532227 0.272246 0.531494 0.272246 0.531006 0.271186 0.531494 0.274894 0.532959 0.277542 0.534180 0.274364
1 0.364502 0.269068 0.364014 0.270127 0.363037 0.270127 0.363525 0.271186 0.363037 0.272775 0.363525 0.273305 0.362793 0.273835 0.362549 0.275953 0.362061 0.275953 0.362305 0.278602 0.363037 0.278602 0.363525 0.279661 0.364014 0.277013 0.363281 0.275953 0.363281 0.274364 0.363525 0.273835 0.364258 0.275424 0.364990 0.275424 0.365479 0.274364 0.365479 0.271716 0.365967 0.271716 0.365723 0.270657 0.364990 0.271186
1 0.520996 0.266949 0.521240 0.270127 0.522461 0.271186 0.522705 0.272246 0.523682 0.272775 0.524902 0.271716 0.523682 0.271716 0.523193 0.270127
1 0.354004 0.266419 0.354004 0.271186 0.354492 0.272246 0.355713 0.271716 0.355713 0.270127
1 0.346436 0.267479 0.348389 0.271716 0.350098 0.272775 0.352051 0.277542 0.352051 0.272246 0.351074 0.270127 0.351074 0.267479 0.348633 0.266419
1 0.260986 0.265890 0.262695 0.269068 0.263428 0.269068 0.264648 0.266949 0.263916 0.265360 0.261475 0.264831
1 0.483398 0.263771 0.484375 0.265360 0.486084 0.265890 0.486816 0.268538 0.487793 0.267479 0.487549 0.265890 0.485840 0.265890 0.485596 0.264301
1 0.480225 0.263242 0.479492 0.265360 0.479980 0.270657 0.479736 0.272775 0.479004 0.274364 0.478271 0.274364 0.476807 0.272246 0.476318 0.273835 0.476562 0.277013 0.475830 0.281250 0.476807 0.281250 0.477783 0.283369 0.479004 0.282309 0.480225 0.282839 0.481934 0.288665 0.482666 0.289195 0.485107 0.280720 0.486084 0.278602 0.487305 0.278072 0.487305 0.275953 0.486572 0.274364 0.485596 0.273835 0.484375 0.276483 0.482910 0.278072 0.479980 0.278602 0.479248 0.277542 0.479004 0.275424 0.479980 0.274364 0.481934 0.268008 0.481201 0.266419 0.481445 0.263771
1 0.539062 0.262182 0.541260 0.266949 0.541992 0.274894 0.546143 0.297140 0.545654 0.298729 0.544434 0.298729 0.541016 0.303496 0.536377 0.304025 0.535889 0.300847 0.534668 0.301907 0.534180 0.300847 0.533691 0.296610 0.534424 0.302436 0.533203 0.307203 0.532227 0.306674 0.532471 0.308263 0.531494 0.308263 0.531738 0.309322 0.531250 0.310381 0.531982 0.311441 0.531250 0.313030 0.531982 0.312500 0.532471 0.308792 0.533936 0.306674 0.535156 0.302436 0.538818 0.306144 0.539062 0.307733 0.539551 0.307203 0.539551 0.305085 0.540283 0.304025 0.541016 0.304555 0.542969 0.310911 0.543945 0.310911 0.546387 0.316208 0.545898 0.313559 0.546631 0.313030 0.546387 0.310911 0.545898 0.313030 0.544189 0.311441 0.542725 0.308263 0.541748 0.304025 0.543945 0.300318 0.546143 0.299258 0.547119 0.302966 0.546387 0.309852 0.546631 0.307203 0.548340 0.302436 0.546875 0.297669 0.547363 0.296081 0.548096 0.297140 0.548828 0.296610 0.547119 0.296610 0.546875 0.295551 0.548096 0.295021 0.548340 0.292903 0.546143 0.292903 0.544922 0.287606 0.545410 0.286017 0.544678 0.284428 0.545166 0.280720 0.543945 0.281250 0.543213 0.278602 0.541260 0.265890 0.541504 0.263771 0.540527 0.264301 0.540039 0.263242 0.540527 0.262182
1 0.228271 0.270657 0.228516 0.271186 0.228760 0.270127 0.229248 0.271186 0.229248 0.269068 0.230469 0.267479 0.231201 0.267479 0.231445 0.269597 0.233398 0.267479 0.231201 0.265890 0.229736 0.263242 0.229980 0.262182 0.229248 0.262182 0.229492 0.263242 0.229004 0.264301 0.229492 0.267479 0.229004 0.269597 0.228760 0.268538
1 0.189209 0.262712 0.189941 0.264831 0.190674 0.264831 0.191895 0.266419 0.191895 0.263242 0.190430 0.262182
1 0.570801 0.269597 0.569824 0.268008 0.569336 0.265890 0.569580 0.264831 0.568848 0.265360 0.568359 0.264301 0.568359 0.260593 0.568115 0.262712 0.563232 0.262712 0.564941 0.264301 0.566162 0.264301 0.566650 0.263242 0.569092 0.265890 0.569824 0.269068
1 0.641846 0.256356 0.641602 0.259004 0.641113 0.260064 0.641113 0.262182 0.638672 0.263242 0.637451 0.265890 0.636963 0.265890 0.635986 0.270127 0.636475 0.268008 0.637207 0.268538 0.639893 0.263771 0.642334 0.261653 0.642578 0.258475
1 0.468994 0.256356 0.468994 0.263242 0.469727 0.265890 0.469482 0.268538 0.470215 0.271716 0.469482 0.278602 0.468994 0.279661 0.470215 0.282309 0.469727 0.293432 0.470215 0.294492 0.470215 0.300318 0.470703 0.299788 0.470459 0.295551 0.470947 0.293432 0.470703 0.287076 0.471191 0.281780 0.470703 0.280191 0.470703 0.275953 0.471191 0.274894 0.471191 0.272775 0.469971 0.268008 0.470215 0.266949 0.469727 0.264831 0.469482 0.257945
1 0.523438 0.256356 0.523438 0.258475 0.522461 0.259534 0.523193 0.261653 0.524658 0.262182 0.525635 0.264301 0.525879 0.268538 0.525391 0.270127 0.527832 0.266949 0.527832 0.264831 0.527100 0.262712 0.527100 0.261123 0.525146 0.255826 0.524170 0.257415
1 0.619873 0.256886 0.618652 0.257945 0.617920 0.256356 0.617920 0.255297 0.616699 0.255297 0.615479 0.257945 0.615479 0.261653 0.616699 0.262182 0.618408 0.258475
1 0.216553 0.253708 0.214844 0.256886 0.214844 0.258475 0.216797 0.262712 0.217529 0.270657 0.218750 0.273305 0.218994 0.270127 0.218506 0.268008 0.218506 0.264301 0.217529 0.261653 0.218018 0.257415 0.217529 0.254767
1 0.629883 0.251059 0.629883 0.254767 0.629395 0.255826 0.629883 0.257415 0.627441 0.262712 0.627930 0.264301 0.630371 0.257945 0.631348 0.257945 0.632324 0.255826 0.631592 0.254237 0.631592 0.253178 0.630371 0.252648
1 0.519775 0.251589 0.520264 0.254767 0.521729 0.256356 0.522217 0.254237 0.520996 0.251059
1 0.582275 0.251589 0.581055 0.252119 0.580078 0.250000 0.579834 0.251059 0.579102 0.251059 0.578125 0.252648 0.578125 0.250000 0.577637 0.250000 0.578125 0.251059 0.577148 0.254237 0.577148 0.255826 0.577637 0.255826 0.577393 0.255297 0.578857 0.251589 0.579102 0.252119 0.579102 0.254237 0.578125 0.257945 0.577148 0.258475 0.577637 0.262182 0.576660 0.262712 0.576172 0.266419 0.574707 0.269068 0.575195 0.270127 0.574951 0.271186 0.573730 0.270127 0.573730 0.272246 0.572266 0.272246 0.572021 0.273305 0.571289 0.272775 0.570557 0.273835 0.569824 0.276483 0.570312 0.277542 0.569824 0.281780 0.566650 0.288665 0.566895 0.290254 0.568115 0.290784 0.569092 0.287076 0.570068 0.287076 0.572021 0.279661 0.573486 0.277013 0.575195 0.271186 0.575439 0.272246 0.575439 0.271186 0.575928 0.270657 0.575928 0.269068 0.575439 0.268008 0.576660 0.266419 0.579834 0.256886 0.581299 0.254237 0.582520 0.253708
1 0.544678 0.249470 0.543701 0.252119 0.543945 0.255826 0.543457 0.256356 0.543457 0.258475 0.543945 0.256356 0.545654 0.257415 0.545410 0.254767 0.544434 0.254767 0.544922 0.253178 0.545898 0.252119
1 0.370850 0.250000 0.371338 0.252648 0.373535 0.252648 0.373291 0.250530 0.371826 0.249470
1 0.250000 0.249470 0.248779 0.250530 0.248779 0.252648 0.248047 0.254237 0.248047 0.259004 0.249023 0.259004 0.250244 0.256886
1 0.592529 0.249470 0.592285 0.250000 0.591309 0.248941 0.591064 0.252119 0.591553 0.253708 0.590088 0.253708 0.590332 0.254767 0.592041 0.254237 0.592041 0.253178 0.593018 0.251589
1 0.245605 0.248941 0.243652 0.250000 0.242920 0.251589 0.243164 0.259004 0.242676 0.259534 0.242432 0.262182 0.243408 0.264301 0.244629 0.263771 0.245361 0.261653 0.244873 0.260064 0.245361 0.255297 0.246338 0.254767 0.245605 0.253708 0.246338 0.251589 0.246338 0.250000
1 0.226562 0.249470 0.227539 0.251059 0.227295 0.253178 0.229492 0.257945 0.230957 0.257945 0.230713 0.255297 0.229736 0.253708 0.229980 0.252119 0.228760 0.251589 0.227539 0.248941
1 0.457764 0.244703 0.457275 0.244703 0.457031 0.245763 0.457031 0.249470 0.458740 0.247881
1 0.596436 0.240996 0.596191 0.243114 0.596924 0.245763 0.596436 0.250000 0.597412 0.249470 0.598877 0.251589 0.598877 0.253708 0.599609 0.253708 0.600098 0.251059 0.599854 0.246822 0.598633 0.243644 0.597656 0.243114
1 0.584473 0.236229 0.583984 0.236229 0.582764 0.238877 0.579102 0.242055 0.579102 0.245763 0.580322 0.245763 0.581299 0.243644 0.581787 0.244174 0.582031 0.242585 0.582520 0.243114 0.583984 0.239407
1 0.619629 0.234110 0.619385 0.241525 0.619873 0.240466 0.619629 0.239407 0.620605 0.237818 0.620850 0.235699 0.620605 0.234640
1 0.629150 0.233581 0.628906 0.236229 0.630371 0.239407 0.632568 0.236758 0.632324 0.235699 0.629639 0.235699
1 0.531982 0.233581 0.531982 0.234640 0.532715 0.236229 0.532471 0.237288 0.533936 0.237818 0.534668 0.240466 0.535645 0.238347 0.535889 0.235169 0.536377 0.234640 0.534424 0.235169 0.532959 0.233581
1 0.578125 0.231992 0.577637 0.231992 0.576172 0.235169 0.575439 0.239936 0.576416 0.236758 0.578857 0.234640
1 0.388672 0.231992 0.388428 0.233051 0.387939 0.233051 0.387695 0.234640 0.387939 0.236758 0.388916 0.239407 0.388916 0.235169 0.389404 0.233581
1 0.360596 0.230403 0.361328 0.231992 0.363037 0.233051 0.364258 0.236758 0.366211 0.237818 0.366943 0.236229 0.368408 0.239936 0.369629 0.238347 0.369629 0.237288 0.367920 0.235169 0.365479 0.234110 0.363281 0.231992 0.362549 0.230403
1 0.249756 0.227754 0.249756 0.229343 0.248779 0.229343 0.248047 0.231462 0.248047 0.233581 0.247559 0.234640 0.247559 0.238347 0.248047 0.238877 0.248047 0.239936 0.249756 0.239936 0.249512 0.239407 0.250000 0.238877 0.251465 0.242055 0.251221 0.244703 0.252686 0.244174 0.253174 0.242585 0.252197 0.239407 0.252441 0.238347 0.252197 0.235699 0.251709 0.234640 0.251953 0.233581 0.250977 0.233051 0.249512 0.229873 0.250244 0.227754
1 0.199219 0.227754 0.200195 0.228814 0.200928 0.231462 0.202393 0.231462 0.203369 0.229343 0.204102 0.230932 0.202881 0.233051 0.205078 0.234640 0.207520 0.239936 0.207275 0.241525 0.208740 0.242055 0.209717 0.243114 0.210449 0.245233 0.211182 0.245233 0.212402 0.248411 0.212402 0.250530 0.213135 0.253178 0.213379 0.251589 0.213867 0.252648 0.213623 0.254237 0.214600 0.253708 0.218262 0.245763 0.217773 0.245763 0.216797 0.247881 0.216553 0.247352 0.217529 0.244703 0.217529 0.242585 0.218018 0.242585 0.217285 0.240996 0.215820 0.240466 0.215332 0.239407 0.214600 0.239936 0.210693 0.235699 0.208740 0.234640 0.207764 0.232521 0.206787 0.231992 0.206055 0.229873 0.205566 0.229873 0.205566 0.227754 0.205078 0.227225
1 0.584229 0.225636 0.583496 0.225106 0.582031 0.227754 0.580811 0.227754 0.580322 0.226695 0.579590 0.227225 0.580078 0.228814 0.581543 0.229343 0.582520 0.228284 0.583008 0.226695 0.584229 0.226695
1 0.539551 0.222987 0.539062 0.223517 0.538330 0.226695 0.538818 0.228284 0.539795 0.227754
1 0.318115 0.220869 0.318115 0.221928 0.317139 0.223517 0.316895 0.226165 0.317383 0.227225 0.318604 0.226165 0.319092 0.224047 0.319092 0.221928
1 0.408936 0.219809 0.408691 0.221928 0.406738 0.226165 0.404541 0.226165 0.403320 0.228814 0.402344 0.227754 0.401611 0.224576 0.401367 0.228284 0.400635 0.228814 0.400635 0.234110 0.401123 0.235169 0.402100 0.234640 0.403076 0.236758 0.404541 0.237818 0.405518 0.236758 0.406738 0.233581 0.406250 0.228284 0.407227 0.226165 0.409180 0.226165 0.409180 0.228814 0.410400 0.228284 0.409912 0.226165 0.410156 0.224576 0.409424 0.222987
1 0.625244 0.218220 0.625000 0.219280 0.625977 0.221398 0.626465 0.225636 0.626953 0.222987 0.626709 0.220869 0.626221 0.219809 0.626221 0.218220
1 0.603271 0.223517 0.603027 0.229343 0.603516 0.230932 0.604736 0.231992 0.606201 0.231992 0.607178 0.228814 0.608643 0.226165 0.610596 0.226165 0.610840 0.227225 0.609619 0.231992 0.609619 0.234640 0.610596 0.233581 0.611816 0.234640 0.612305 0.237288 0.615234 0.243114 0.615234 0.244703 0.614258 0.246292 0.614258 0.248411 0.613525 0.250000 0.614258 0.251059 0.614502 0.247881 0.615234 0.246292 0.615723 0.246292 0.614990 0.245763 0.615234 0.243644 0.615723 0.243114 0.616211 0.244174 0.615723 0.244703 0.616699 0.245233 0.616211 0.245763 0.616211 0.247352 0.617432 0.250530 0.618408 0.243644 0.617676 0.244174 0.615723 0.243114 0.614258 0.240466 0.613037 0.235169 0.612793 0.230403 0.613037 0.226165 0.614014 0.224576 0.614746 0.224576 0.618408 0.218220 0.618408 0.216631 0.615967 0.217161 0.614746 0.222458 0.614990 0.223517 0.614014 0.224576 0.612793 0.224576 0.611816 0.221398 0.610840 0.225106 0.609619 0.223517
1 0.279541 0.216102 0.278809 0.216102 0.278320 0.218750 0.277344 0.219809 0.277832 0.221398 0.279053 0.221928 0.279785 0.220869 0.279541 0.218750 0.280518 0.217691
1 0.558838 0.215572 0.559326 0.218750 0.561768 0.219809 0.561279 0.218750 0.561279 0.215572 0.560547 0.213453
1 0.304688 0.215572 0.306396 0.223517 0.308594 0.225636 0.311279 0.225106 0.312744 0.227225 0.312500 0.228284 0.313477 0.229343 0.312012 0.229873 0.312012 0.231462 0.311523 0.232521 0.312744 0.234640 0.314209 0.234640 0.315430 0.237288 0.315430 0.238877 0.316406 0.239407 0.316162 0.240996 0.316650 0.240996 0.317383 0.242585 0.318359 0.242055 0.319580 0.243114 0.320068 0.240466 0.318604 0.237288 0.320068 0.236758 0.319824 0.234110 0.318604 0.232521 0.318604 0.230932 0.318115 0.229873 0.317383 0.229873 0.317383 0.231462 0.316895 0.231462 0.316650 0.233051 0.315918 0.233051 0.315674 0.229873 0.315186 0.228814 0.316162 0.227754 0.314941 0.226165 0.314209 0.224047 0.314697 0.222458 0.313965 0.218750 0.314209 0.216631 0.315674 0.212924 0.315186 0.210805 0.314453 0.210275 0.312988 0.211864 0.313965 0.215042 0.313721 0.218220 0.312500 0.218220 0.312256 0.219809 0.311035 0.219280 0.311523 0.219809 0.311279 0.221398 0.311035 0.220869 0.310547 0.222458 0.309570 0.221928 0.308594 0.223517 0.307129 0.222458 0.306396 0.217691
1 0.206299 0.211864 0.206787 0.213453 0.207031 0.212924 0.207520 0.213983 0.207520 0.215572 0.208252 0.216102 0.208008 0.216631 0.208496 0.217161 0.208496 0.218750 0.209229 0.220339 0.208252 0.221398 0.207764 0.223517 0.208252 0.224576 0.207764 0.226165 0.207031 0.226695 0.207031 0.227754 0.207764 0.226165 0.208252 0.226695 0.208008 0.227225 0.208984 0.227225 0.211182 0.224576 0.214355 0.226165 0.214355 0.225106 0.212891 0.222987 0.212646 0.220869 0.210693 0.217691 0.210449 0.212924 0.209717 0.212394 0.209717 0.210275 0.209961 0.210805 0.208496 0.210275 0.208008 0.211335
1 0.408691 0.209216 0.408691 0.212394 0.409668 0.215572 0.409424 0.217691 0.409668 0.218750 0.410400 0.218220 0.411133 0.220339 0.412109 0.217161 0.412109 0.214513 0.413086 0.212394 0.413574 0.212394 0.413818 0.210805 0.412842 0.209746 0.411621 0.211864 0.410645 0.212394 0.410400 0.213453 0.409912 0.212394 0.409668 0.209216
1 0.236816 0.208157 0.236816 0.209216 0.239014 0.210275 0.239990 0.211864 0.240967 0.211335 0.240234 0.210275 0.239746 0.207627
1 0.462891 0.205508 0.462402 0.207627 0.463623 0.206568 0.464111 0.207097 0.464111 0.208157 0.463623 0.208157 0.463135 0.209746 0.463135 0.211335 0.463867 0.211864 0.463379 0.213453 0.462891 0.213453 0.462646 0.215042 0.461670 0.214513 0.461670 0.216102 0.462402 0.215572 0.464111 0.219280 0.464355 0.218220 0.465088 0.219280 0.465576 0.212924 0.464844 0.212924 0.464355 0.211335 0.463623 0.211335 0.464355 0.210275 0.463867 0.208686 0.464355 0.208157 0.464355 0.206568 0.463379 0.206568
1 0.364014 0.203390 0.364014 0.211335 0.362305 0.216631 0.362549 0.218220 0.365479 0.210275 0.365479 0.208686 0.366455 0.207627 0.365967 0.206038 0.364990 0.206568
1 0.596924 0.204979 0.596436 0.205508 0.595947 0.203919 0.595215 0.203919 0.593994 0.201801 0.595215 0.204979 0.595947 0.205508 0.595947 0.206568 0.592041 0.214513 0.591064 0.215042 0.590088 0.218220 0.588623 0.219809 0.588135 0.218750 0.588623 0.215572 0.587402 0.215042 0.586182 0.211864 0.585938 0.212394 0.585938 0.214513 0.587158 0.214513 0.586670 0.219280 0.584717 0.219280 0.586670 0.219809 0.587402 0.221928 0.587158 0.222458 0.587891 0.223517 0.587891 0.226165 0.587402 0.227225 0.587158 0.226165 0.586670 0.227754 0.585938 0.228284 0.585938 0.229343 0.587402 0.229343 0.587891 0.226165 0.588379 0.226695 0.588379 0.228284 0.589111 0.228284 0.589600 0.229343 0.591797 0.228814 0.590576 0.226695 0.589844 0.226695 0.589600 0.225636 0.589111 0.226695 0.588379 0.226695 0.588135 0.221398 0.588867 0.219809 0.590088 0.219809 0.590820 0.220869 0.590820 0.221928 0.591553 0.221928 0.592041 0.220869 0.592041 0.219280 0.590576 0.217691 0.591553 0.216102 0.591797 0.217161 0.593018 0.217161 0.595215 0.211335 0.596191 0.211335 0.595947 0.210275 0.597412 0.206568 0.596924 0.206038
1 0.312744 0.201271 0.312500 0.202860 0.313232 0.203390 0.313721 0.206038 0.312500 0.206038 0.312500 0.207627 0.313721 0.207627 0.313965 0.208686 0.314453 0.208686 0.313477 0.206568 0.314453 0.204449
1 0.366211 0.198093 0.366699 0.201271 0.367676 0.202331 0.368164 0.201271 0.368164 0.198623
1 0.302490 0.198093 0.302734 0.199682 0.301270 0.201271 0.301025 0.206568 0.298828 0.206568 0.298584 0.207627 0.299805 0.207627 0.300293 0.208686 0.300049 0.209216 0.297852 0.209746 0.297607 0.207627 0.297119 0.209216 0.296631 0.205508 0.295654 0.208686 0.294434 0.207627 0.294189 0.209216 0.294678 0.209216 0.294922 0.210275 0.294434 0.211864 0.293945 0.211864 0.294189 0.213453 0.294922 0.215042 0.295410 0.213983 0.297363 0.212924 0.301270 0.217161 0.302002 0.213983 0.301514 0.211864 0.301514 0.209216 0.301025 0.208686 0.302002 0.208686 0.302246 0.207097 0.302979 0.206568 0.302979 0.202860 0.303467 0.200212
1 0.244629 0.198093 0.243652 0.198093 0.243652 0.199682 0.244141 0.200212 0.243896 0.201271 0.242188 0.201271 0.242188 0.202331 0.240723 0.204449 0.240479 0.206568 0.240967 0.206568 0.241455 0.210275 0.242432 0.209216 0.243652 0.209216 0.244385 0.206038 0.246338 0.202860
1 0.408447 0.197564 0.408203 0.202331 0.408691 0.203390 0.408691 0.208157 0.409912 0.207627 0.410156 0.205508 0.410645 0.204979 0.410645 0.202860 0.409180 0.200212 0.408203 0.199682 0.408691 0.199153 0.408203 0.198623
1 0.519775 0.196504 0.519775 0.197564 0.518311 0.199682 0.518311 0.202860 0.519775 0.200212 0.520508 0.200212 0.520020 0.199682 0.520264 0.197564
1 0.639893 0.195975 0.639160 0.195445 0.638428 0.197564 0.634033 0.199682 0.633057 0.200742 0.633057 0.201801 0.633789 0.203390 0.635986 0.202331 0.636475 0.202860
1 0.618164 0.194915 0.617676 0.194915 0.616699 0.197564 0.615234 0.198623 0.614258 0.198623 0.613770 0.196504 0.611572 0.201271 0.609619 0.203390 0.610352 0.206038 0.606934 0.209746 0.606445 0.211864 0.606445 0.214513 0.608643 0.216102 0.610352 0.215572 0.611572 0.218750 0.612793 0.211335 0.612061 0.209216 0.611572 0.204979 0.611816 0.203390 0.612549 0.201801 0.613281 0.202331 0.613037 0.201271 0.613525 0.200212 0.614258 0.201271 0.614990 0.200212 0.616943 0.201271 0.616943 0.199153
1 0.302002 0.194915 0.300781 0.194915 0.300537 0.198093 0.299805 0.197034 0.299805 0.200742 0.300537 0.199682 0.300781 0.197564 0.301514 0.197564 0.302002 0.198623
1 0.346924 0.194386 0.345947 0.203919 0.347168 0.209216 0.346680 0.206568 0.346680 0.200212 0.347412 0.194915
1 0.360596 0.193856 0.361084 0.194915 0.360107 0.199682 0.361084 0.202331 0.363525 0.202860 0.362061 0.195445 0.361328 0.193856
1 0.584961 0.191208 0.585449 0.200742 0.583252 0.207627 0.582275 0.207627 0.583008 0.208157 0.584473 0.205508 0.585938 0.201271 0.586670 0.200742 0.585693 0.199682 0.585693 0.197564 0.584961 0.194915
1 0.467773 0.191208 0.466797 0.192267 0.466797 0.193856 0.467285 0.195445 0.467529 0.194915 0.467773 0.195975 0.468262 0.195975 0.468750 0.198093 0.468262 0.199153 0.468506 0.200742 0.468506 0.199153 0.469727 0.197034 0.469727 0.194915 0.469238 0.192267
1 0.512207 0.189619 0.510986 0.190148 0.509766 0.194915 0.508057 0.198093 0.509521 0.198623 0.511475 0.201271 0.511963 0.199682 0.511719 0.192267
1 0.603027 0.186970 0.600342 0.188030 0.600830 0.190148 0.600586 0.190678 0.601562 0.192797 0.603271 0.188030
1 0.458740 0.188559 0.458740 0.190148 0.460205 0.189089 0.461914 0.191737 0.462158 0.190678 0.461182 0.189619 0.461426 0.189089 0.460693 0.186970
1 0.623535 0.186441 0.623047 0.187500 0.623535 0.191208 0.624756 0.191737 0.625488 0.190148 0.625488 0.187500
1 0.353516 0.186441 0.353760 0.187500 0.352783 0.188559 0.353516 0.190678 0.353271 0.195445 0.355225 0.195445 0.355469 0.194915 0.354004 0.190678 0.354004 0.189619 0.354492 0.189089 0.354248 0.186441
1 0.635010 0.184852 0.633789 0.185911 0.633301 0.188559 0.632568 0.189619 0.632324 0.192267 0.631836 0.193326 0.632080 0.194386 0.634033 0.191737 0.635498 0.191208 0.635498 0.186441
1 0.540527 0.184322 0.539062 0.184852 0.538330 0.186441 0.538574 0.188559 0.540039 0.191737 0.540283 0.193326 0.540039 0.199682 0.538086 0.200212 0.537842 0.201271 0.536621 0.201271 0.536621 0.202860 0.533203 0.208157 0.533203 0.211335 0.532471 0.212924 0.529297 0.212924 0.529297 0.215572 0.530273 0.218750 0.531006 0.218750 0.533447 0.222987 0.533936 0.222458 0.534180 0.219809 0.534912 0.217691 0.535156 0.209746 0.536133 0.207097 0.537109 0.207627 0.537842 0.212394 0.539062 0.214513 0.539551 0.217161 0.541504 0.214513 0.545410 0.214513 0.544922 0.212924 0.543457 0.211864 0.542725 0.210275 0.543945 0.206568 0.544922 0.208157 0.545654 0.207097 0.546143 0.207627 0.546875 0.206038 0.547852 0.206568 0.548828 0.209746 0.548340 0.210805 0.549316 0.209746 0.550049 0.207627 0.549561 0.206568 0.549805 0.206038 0.549316 0.203919 0.548340 0.201801 0.547607 0.201801 0.547607 0.200212 0.546875 0.201801 0.547119 0.202331 0.545654 0.204449 0.544434 0.204449 0.542480 0.202331 0.541992 0.200742 0.542236 0.197034 0.541504 0.194915 0.541504 0.192267 0.542480 0.190678 0.542236 0.186970
1 0.387207 0.184322 0.386719 0.185911 0.386719 0.188559 0.387695 0.192797 0.388184 0.192797 0.388184 0.190678 0.387695 0.190678 0.386963 0.188559 0.388672 0.186441 0.388672 0.184852
1 0.242432 0.182733 0.241211 0.185381 0.241211 0.188559 0.241943 0.189619 0.242920 0.188559 0.243408 0.186970
1 0.637207 0.182203 0.636719 0.183263 0.637207 0.185381 0.638184 0.186441 0.638672 0.185381 0.638672 0.182733
1 0.234619 0.182203 0.232910 0.183263 0.231689 0.185911 0.230713 0.185381 0.231201 0.187500 0.230957 0.190148 0.231934 0.191737 0.232178 0.194386 0.232910 0.191208 0.231689 0.189089 0.232910 0.186970 0.233643 0.186970 0.234619 0.184852
1 0.295410 0.181674 0.293457 0.182203 0.293457 0.186441 0.294434 0.186970 0.295898 0.184322 0.295898 0.182733
1 0.630615 0.181674 0.629883 0.181144 0.628418 0.184322 0.628418 0.185911 0.628906 0.186970 0.629883 0.185381
1 0.538574 0.179555 0.537842 0.180085 0.537354 0.179025 0.537354 0.180085 0.536621 0.180085 0.535645 0.182733 0.535645 0.185381 0.536865 0.185911 0.537109 0.183792 0.538574 0.180614
1 0.331055 0.179025 0.330078 0.181674 0.330566 0.183263 0.330566 0.188030 0.331299 0.189619 0.331543 0.191737 0.333740 0.197034 0.334473 0.202331 0.335449 0.204449 0.336182 0.203919 0.336914 0.206038 0.337402 0.200212 0.336670 0.192267 0.334961 0.188559 0.334717 0.185911
1 0.292725 0.179025 0.290771 0.180085 0.291748 0.184322 0.293213 0.181144
1 0.190186 0.181144 0.188965 0.178496 0.188965 0.179555 0.188232 0.181144 0.187744 0.180085 0.186523 0.180085 0.186035 0.181674 0.187012 0.183792 0.187500 0.182733 0.189209 0.182733 0.189697 0.183792
1 0.496094 0.176377 0.495850 0.182203 0.497314 0.186970 0.497803 0.184852 0.497803 0.181674 0.497070 0.179555 0.497070 0.177966 0.496582 0.176907 0.496826 0.176377
1 0.276611 0.174788 0.278076 0.177966 0.279053 0.181674 0.280273 0.179555 0.280518 0.177966 0.281738 0.180085 0.281738 0.181144 0.282471 0.182733 0.282959 0.182733 0.282471 0.181144 0.282959 0.180614 0.281494 0.177966 0.280029 0.177966 0.279053 0.176907 0.278320 0.177436
1 0.245850 0.172669 0.245117 0.174258 0.245117 0.176907 0.246094 0.179025 0.246582 0.182203 0.246826 0.181144 0.246338 0.178496 0.246826 0.177436 0.246582 0.175847 0.247070 0.174258
1 0.180664 0.176377 0.181641 0.177436 0.181152 0.178496 0.182617 0.182203 0.183105 0.181674 0.182373 0.180614 0.184570 0.179025 0.185059 0.176377 0.186279 0.176377 0.187012 0.177436 0.187256 0.176907 0.187500 0.177966 0.187744 0.176907 0.187988 0.177966 0.187988 0.176377 0.185059 0.173199 0.184326 0.173199 0.184082 0.172140 0.181396 0.173199
1 0.606934 0.180085 0.606445 0.181674 0.606445 0.187500 0.607422 0.189089 0.607666 0.191208 0.609131 0.191737 0.610352 0.189089 0.611816 0.188559 0.612549 0.190148 0.612549 0.191737 0.613281 0.186970 0.614258 0.184852 0.615479 0.183792 0.616211 0.184322 0.616943 0.185911 0.616943 0.189619 0.615967 0.191737 0.617920 0.190678 0.618652 0.193856 0.620117 0.194915 0.619873 0.195445 0.620361 0.197034 0.619873 0.198093 0.619873 0.202331 0.620361 0.203390 0.619873 0.205508 0.620850 0.207627 0.620850 0.209216 0.621338 0.209746 0.622803 0.205508 0.623291 0.206038 0.624268 0.201801 0.623535 0.201801 0.623291 0.198093 0.622314 0.195445 0.622314 0.192267 0.619629 0.192267 0.619385 0.190678 0.618652 0.190148 0.619385 0.188030 0.618896 0.186970 0.619141 0.184852 0.618164 0.178496 0.617432 0.179025 0.616699 0.177966 0.615967 0.175318 0.615967 0.172669 0.615479 0.170551 0.613770 0.174258 0.613770 0.177436 0.613281 0.179555 0.612305 0.181144 0.609863 0.181144 0.608398 0.179025
1 0.621826 0.170021 0.619141 0.170551 0.619141 0.176907 0.619629 0.177966 0.620605 0.176907
1 0.256104 0.171081 0.257080 0.176907 0.258301 0.178496 0.259033 0.178496 0.259766 0.180085 0.260010 0.179555 0.259521 0.177436 0.260010 0.176907 0.260742 0.179025 0.260742 0.181144 0.263184 0.184322 0.263428 0.182203 0.262451 0.176907 0.262695 0.175847 0.261719 0.175318 0.261963 0.173729 0.261230 0.171610 0.260498 0.171081 0.260498 0.169492 0.257812 0.170021 0.260498 0.176377 0.259521 0.177436 0.257812 0.174258 0.257812 0.172140 0.256592 0.170551 0.257080 0.170021
1 0.627197 0.167903 0.623535 0.170021 0.622559 0.172140 0.622070 0.172140 0.623291 0.173729 0.624268 0.180614 0.625000 0.179555 0.625000 0.176907 0.624268 0.173729 0.626465 0.168432
1 0.583496 0.167373 0.583984 0.168432 0.583984 0.170021 0.583496 0.171081 0.583740 0.171610 0.583252 0.173729 0.583984 0.176377 0.584473 0.180614 0.586914 0.178496 0.587646 0.176907 0.587646 0.175318 0.585938 0.179555 0.585205 0.179555 0.584473 0.177966 0.583496 0.172140 0.584473 0.170551 0.584473 0.168962
1 0.312012 0.169492 0.314209 0.171081 0.317627 0.171081 0.316406 0.170551 0.315674 0.167373 0.314453 0.167373 0.314209 0.169492 0.312500 0.167373 0.312500 0.168962
1 0.274170 0.166314 0.274658 0.167903 0.276611 0.168432 0.279053 0.172140 0.280762 0.173729 0.281250 0.173199 0.280762 0.169492 0.278076 0.169492 0.276123 0.166843
1 0.273438 0.166314 0.273193 0.167373 0.274414 0.171610 0.274414 0.174258 0.275146 0.176377 0.275635 0.175318 0.275635 0.173199 0.276611 0.172669 0.275635 0.170551 0.276123 0.169492 0.273926 0.168962
1 0.543945 0.164195 0.542480 0.165784 0.542236 0.167373 0.544189 0.170551 0.544678 0.169492 0.544678 0.166314
1 0.645752 0.163136 0.643555 0.165254 0.641602 0.169492 0.641357 0.171081 0.644043 0.171081 0.644531 0.170551 0.644287 0.169492 0.644775 0.168432 0.645020 0.170021 0.645996 0.167903 0.644775 0.168432 0.644043 0.170021 0.643555 0.170021 0.643066 0.168432 0.644287 0.165254 0.645264 0.164195 0.645508 0.164725
1 0.514648 0.163665 0.515869 0.166314 0.516846 0.166843 0.518799 0.166314 0.519531 0.164195 0.519287 0.163136 0.517090 0.165254 0.516846 0.164195 0.515137 0.162606
1 0.246094 0.162606 0.246094 0.165254 0.247314 0.167903 0.248291 0.167903 0.248779 0.166843 0.249512 0.168432 0.250000 0.174788 0.250977 0.175847 0.253662 0.175318 0.253418 0.172669 0.252197 0.170551 0.253174 0.169492 0.253418 0.167903 0.252197 0.166843 0.252197 0.165254 0.251709 0.166314 0.249756 0.166314 0.249023 0.167373 0.248535 0.165254
1 0.592285 0.162606 0.593262 0.162606 0.594482 0.164195 0.595703 0.163665 0.596436 0.165254 0.596436 0.166843 0.597168 0.164725 0.597900 0.165254 0.597412 0.162076 0.594482 0.162606 0.592529 0.161547
1 0.611816 0.160487 0.610352 0.161547 0.610352 0.163136 0.609619 0.164195 0.608887 0.167903 0.605713 0.171081 0.604736 0.168962 0.604248 0.164725 0.603516 0.162606 0.604004 0.161547 0.603271 0.163665 0.603760 0.165254 0.603516 0.171081 0.602783 0.172669 0.602051 0.172669 0.601562 0.171610 0.601074 0.168432 0.599854 0.168432 0.600830 0.173729 0.600830 0.175847 0.600342 0.177436 0.601074 0.177436 0.601074 0.175847 0.602295 0.176377 0.602539 0.177436 0.602051 0.177966 0.602051 0.180085 0.603027 0.182733 0.604248 0.182733 0.605713 0.181144 0.608398 0.175318 0.609375 0.174788 0.610107 0.173199 0.610107 0.170021 0.611572 0.168432 0.611816 0.167373 0.611084 0.167373 0.612061 0.163136
1 0.236572 0.159958 0.235840 0.163136 0.236816 0.164195 0.237305 0.163136 0.237793 0.163665 0.238037 0.161547
1 0.618408 0.159958 0.619141 0.164195 0.621094 0.165784 0.622803 0.165254 0.623535 0.162076 0.622314 0.159428 0.621094 0.159428 0.620850 0.160487 0.619629 0.160487 0.619141 0.159428
1 0.513184 0.154661 0.512695 0.154661 0.512451 0.157839 0.511719 0.159428 0.511719 0.160487 0.510254 0.163136 0.510498 0.165784 0.510986 0.166843 0.512451 0.164725 0.512939 0.162606 0.512695 0.159428 0.513184 0.157309
1 0.375488 0.155720 0.376709 0.159958 0.378174 0.159958 0.377441 0.155191 0.376465 0.154661 0.376221 0.155720
1 0.273682 0.154661 0.273926 0.155191 0.273193 0.155720 0.273682 0.158369 0.275146 0.159428 0.275146 0.156780 0.275635 0.156250 0.275635 0.154661
1 0.180420 0.154661 0.180176 0.154131 0.179932 0.155191 0.179443 0.155191 0.179199 0.157309 0.178955 0.155191 0.178467 0.156780 0.177979 0.156780 0.177734 0.154661 0.177246 0.157839 0.177734 0.158369 0.177734 0.159428 0.177734 0.157839 0.178223 0.157839 0.178467 0.161017 0.177979 0.161547 0.177246 0.160487 0.177002 0.161547 0.178711 0.161547 0.178467 0.161017 0.178955 0.158369 0.179688 0.158369 0.180420 0.156780
1 0.599365 0.153602 0.598145 0.160487 0.600098 0.161017 0.600830 0.159958 0.600586 0.158898 0.601318 0.155720 0.599854 0.156250
1 0.046631 0.153072 0.046875 0.155191 0.048340 0.157309 0.048340 0.158898 0.050049 0.158898 0.050781 0.160487 0.050537 0.157839 0.049072 0.158369 0.048340 0.156780 0.048584 0.155720 0.049072 0.156250 0.050537 0.155191 0.051025 0.157839 0.051270 0.155720 0.050781 0.154131 0.049805 0.153072 0.048340 0.153072 0.047852 0.151483 0.047363 0.153072
1 0.642822 0.150953 0.642822 0.154131 0.643311 0.154661 0.643555 0.156780 0.644287 0.158898 0.645752 0.159958 0.645752 0.158369 0.645020 0.158898 0.643555 0.155720 0.643311 0.153072 0.643799 0.152013 0.644775 0.152013 0.643799 0.150953 0.643066 0.152013
1 0.453613 0.150953 0.452393 0.151483 0.451416 0.153072 0.449463 0.152542 0.449463 0.155191 0.448730 0.157309 0.448486 0.164195 0.448975 0.164195 0.449463 0.160487 0.451416 0.156780 0.451416 0.153602 0.452637 0.153072 0.453125 0.154131 0.454346 0.154131
1 0.363525 0.151483 0.363525 0.153072 0.364502 0.155720 0.366211 0.157839 0.366943 0.157309 0.366943 0.154131 0.366211 0.150953 0.364746 0.150953 0.364502 0.152013
1 0.569336 0.150424 0.568115 0.150424 0.566895 0.152542 0.567871 0.157839 0.565186 0.158369 0.564697 0.160487 0.564941 0.163136 0.567139 0.163665 0.568359 0.162076 0.569092 0.162076 0.570068 0.163665 0.570557 0.163136 0.569580 0.163136 0.569092 0.162076 0.566895 0.162076 0.566650 0.163136 0.565186 0.159958 0.566162 0.157839 0.567383 0.159428 0.568359 0.157839 0.567627 0.153072 0.568359 0.152013 0.569336 0.154131 0.569336 0.159958 0.569580 0.160487 0.569824 0.158898 0.570312 0.160487 0.570068 0.161547 0.570557 0.161017 0.569824 0.158369 0.570068 0.154131 0.569336 0.152542
1 0.506104 0.150424 0.504150 0.152542 0.503662 0.155191 0.502441 0.157839 0.503174 0.161547 0.503174 0.163665 0.502197 0.166314 0.502686 0.167903 0.504395 0.168962 0.505127 0.172669 0.506104 0.171610 0.508057 0.171610 0.507568 0.166843 0.506836 0.166314 0.506348 0.169492 0.505859 0.168432 0.505371 0.169492 0.504883 0.167903 0.505127 0.164195 0.505859 0.163665 0.505859 0.160487 0.506592 0.160487 0.509277 0.155720 0.508301 0.153072
1 0.574707 0.148835 0.575195 0.150424 0.574707 0.152013 0.574951 0.153072 0.572998 0.156250 0.573242 0.157839 0.572510 0.161547 0.573730 0.161017 0.573486 0.158898 0.574219 0.158369 0.574219 0.159958 0.575195 0.157309 0.575195 0.155191 0.575928 0.153072 0.575928 0.151483 0.575439 0.152013
1 0.000000 0.148305 0.000000 0.149894 0.000732 0.150953 0.000000 0.152013 0.000000 0.154131 0.000977 0.156250 0.001221 0.154131 0.002197 0.152542 0.001709 0.153072 0.000488 0.149364 0.000732 0.148835
1 0.303711 0.150953 0.304199 0.152013 0.305420 0.152013 0.305908 0.150953 0.307129 0.150424 0.307129 0.149364 0.308105 0.148305 0.307129 0.148305 0.306885 0.147246 0.306152 0.147246 0.305908 0.148305 0.304443 0.147246 0.304443 0.149894
1 0.517578 0.146716 0.516846 0.150953 0.518555 0.153602 0.518799 0.156250 0.519531 0.157309 0.520264 0.156250 0.520508 0.154131 0.519287 0.151483 0.519043 0.148835 0.518311 0.146716
1 0.177246 0.147246 0.177246 0.148835 0.177490 0.148305 0.177979 0.149894 0.177734 0.150424 0.178467 0.148305 0.178955 0.152013 0.178467 0.152542 0.179688 0.153072 0.179443 0.151483 0.180420 0.149894 0.181396 0.152013 0.181152 0.150953 0.181641 0.150424 0.181641 0.148835 0.179932 0.147246
1 0.002930 0.150424 0.003418 0.154131 0.005371 0.155720 0.006104 0.157839 0.007324 0.158369 0.008057 0.154661 0.008789 0.156780 0.008057 0.158898 0.008057 0.161017 0.008545 0.161547 0.009033 0.160487 0.008545 0.159958 0.008789 0.158369 0.010010 0.158369 0.010254 0.157309 0.010742 0.158369 0.011475 0.158369 0.011475 0.156780 0.010254 0.156780 0.009521 0.155720 0.009033 0.153072 0.008057 0.152013 0.008301 0.150424 0.008057 0.150953 0.006104 0.146716 0.004883 0.147775 0.004150 0.147246
1 0.291504 0.146716 0.292969 0.150953 0.293213 0.154131 0.293945 0.154131 0.294189 0.152542 0.294922 0.152542 0.293701 0.147246 0.292725 0.146186
1 0.064697 0.149364 0.064209 0.147775 0.062500 0.145657 0.061035 0.146716 0.061035 0.150424 0.060547 0.150953 0.061768 0.150953 0.062744 0.152013 0.063721 0.148835
1 0.579346 0.145127 0.579346 0.146716 0.578125 0.150424 0.578613 0.150953 0.578125 0.153072 0.578369 0.154661 0.578369 0.151483 0.580078 0.149894 0.580566 0.147775
1 0.500977 0.144068 0.500000 0.146716 0.499023 0.147775 0.497314 0.147246 0.497559 0.148305 0.496826 0.152013 0.497070 0.153602 0.497803 0.154661 0.499023 0.154131 0.498779 0.153602 0.499512 0.152542 0.500244 0.148305 0.501221 0.145657
1 0.402100 0.144068 0.401855 0.146716 0.402588 0.150953 0.403076 0.151483 0.403564 0.149894 0.403076 0.146186 0.403320 0.145657 0.402588 0.144068
1 0.172119 0.144068 0.172119 0.147246 0.171387 0.149364 0.171387 0.153602 0.172607 0.154131 0.173096 0.152542 0.174805 0.152542 0.175293 0.153602 0.174805 0.150953 0.173828 0.149894 0.172607 0.149894 0.172852 0.148835 0.171875 0.146186
1 0.644775 0.146186 0.645020 0.147246 0.648438 0.148305 0.649170 0.146716 0.646240 0.147775 0.645996 0.147246 0.646729 0.145657 0.646484 0.143538
1 0.563477 0.142479 0.563477 0.146186 0.564453 0.147775 0.565186 0.147775 0.565918 0.146186 0.564697 0.145127
1 0.515869 0.141949 0.512695 0.144068 0.512695 0.145657 0.513672 0.149894 0.513672 0.152013 0.514648 0.151483 0.515137 0.144597
1 0.269775 0.140890 0.270020 0.141419 0.269043 0.145127 0.270020 0.148835 0.270996 0.149364 0.270996 0.146186 0.271729 0.142479 0.271240 0.141419
1 0.511719 0.139831 0.510742 0.139831 0.509766 0.141949 0.508789 0.141949 0.508545 0.143008 0.507080 0.143008 0.506348 0.141949 0.505127 0.144068 0.507324 0.147775 0.510254 0.149894 0.510498 0.145127 0.511230 0.143538 0.511230 0.141419
1 0.176270 0.139301 0.175781 0.139301 0.175293 0.141419 0.174805 0.140890 0.174316 0.141949 0.174072 0.144597 0.174561 0.145657 0.175537 0.145657 0.175781 0.149364 0.176514 0.148835 0.176514 0.147246 0.175537 0.146186 0.176025 0.144068 0.177002 0.145127 0.176025 0.143538 0.176758 0.140890 0.176758 0.139831 0.176514 0.140360
1 0.046143 0.135593 0.046387 0.137712 0.045898 0.140360 0.046875 0.142479 0.046631 0.140360 0.047119 0.139301 0.047852 0.140890 0.047852 0.142479 0.047363 0.142479 0.047363 0.143538 0.048340 0.145657 0.048340 0.144068 0.048828 0.143538 0.047852 0.141419 0.049072 0.140890 0.049072 0.139301 0.048096 0.137182 0.047607 0.137712 0.046631 0.135593
1 0.478027 0.135064 0.475586 0.135064 0.475342 0.138771 0.476074 0.139301
1 0.441162 0.133475 0.440430 0.132415 0.439453 0.132415 0.437744 0.137182 0.437744 0.138242 0.437988 0.137182 0.438721 0.137182 0.439697 0.135593 0.441406 0.136123
1 0.239746 0.136123 0.240234 0.138242 0.240479 0.137182 0.242432 0.137182 0.242188 0.135064 0.241211 0.133475 0.241699 0.132415 0.240967 0.133475 0.240234 0.132415
1 0.262207 0.130826 0.260742 0.131356 0.260742 0.133475 0.261719 0.136653 0.263184 0.133475
1 0.311035 0.131356 0.311035 0.132945 0.312012 0.132945 0.312500 0.135064 0.312988 0.135064 0.313721 0.132945 0.313721 0.131356 0.313232 0.130297 0.312012 0.130297 0.311768 0.131356
1 0.341309 0.131356 0.339844 0.129767 0.338867 0.130297 0.338867 0.134004 0.339355 0.134534 0.339111 0.135593 0.337891 0.135593 0.337402 0.133475 0.336426 0.133475 0.336426 0.135064 0.336914 0.136123 0.335938 0.137712 0.335938 0.140890 0.336914 0.141949 0.337158 0.140890 0.336670 0.139831 0.337402 0.138242 0.339355 0.140360 0.339600 0.139831 0.338867 0.139831 0.338135 0.137712 0.339844 0.137712 0.339355 0.137182 0.340088 0.136123 0.339844 0.135064
1 0.292969 0.129767 0.291748 0.132415 0.291748 0.133475 0.292236 0.134004 0.292725 0.131356 0.293457 0.134004 0.292969 0.136123 0.293457 0.136123 0.293701 0.135064 0.294189 0.135593 0.295166 0.138771 0.294922 0.138242 0.295898 0.135064 0.294922 0.132415 0.294189 0.132415
1 0.329346 0.129237 0.327637 0.138242 0.332275 0.141949 0.333008 0.152542 0.331543 0.155191 0.338867 0.162606 0.339600 0.162076 0.334961 0.157309 0.335449 0.156250 0.338623 0.158369 0.341064 0.162076 0.341309 0.166314 0.343018 0.169492 0.341797 0.170551 0.340576 0.167903 0.339355 0.171081 0.322021 0.173199 0.320312 0.162076 0.317871 0.159958 0.315918 0.161547 0.319336 0.164195 0.319092 0.166314 0.317383 0.166314 0.317383 0.167903 0.318848 0.169492 0.318359 0.171610 0.320068 0.173199 0.320801 0.176907 0.339355 0.174258 0.339600 0.177436 0.337891 0.186970 0.339844 0.182203 0.341309 0.190678 0.343750 0.193856 0.345947 0.192797 0.346924 0.184322 0.348877 0.184322 0.346436 0.181674 0.345459 0.178496 0.345947 0.175847 0.346924 0.175318 0.347412 0.177436 0.347900 0.171610 0.346436 0.172669 0.345215 0.168962 0.349121 0.163136 0.349121 0.161017 0.348877 0.163665 0.347168 0.159958 0.347168 0.153072 0.346436 0.156780 0.343506 0.157309 0.343506 0.152542 0.340332 0.152542 0.339355 0.154661 0.338135 0.151483 0.339355 0.149894 0.337402 0.148305 0.338135 0.144068 0.336670 0.143008 0.337402 0.147246 0.335938 0.149364 0.335693 0.142479 0.334717 0.140890 0.333496 0.141949 0.331787 0.136123 0.332275 0.134534 0.330078 0.133475
1 0.619873 0.128708 0.618164 0.129767 0.617188 0.133475 0.616943 0.136653 0.617432 0.136653 0.619141 0.132945 0.619385 0.131356 0.618408 0.130826 0.618896 0.129767 0.619629 0.129767
1 0.630859 0.127648 0.628662 0.132945 0.629150 0.133475 0.629150 0.135593 0.630127 0.134534 0.629395 0.132945 0.631104 0.129237
1 0.163086 0.123411 0.162354 0.124470 0.162109 0.123941 0.161865 0.127119 0.161377 0.127648 0.160400 0.134534 0.161377 0.137712 0.162842 0.137712 0.163086 0.138771 0.163818 0.138771 0.163818 0.136653 0.163086 0.136653 0.163574 0.137182 0.163330 0.137712 0.161865 0.136653 0.163330 0.134004 0.164551 0.135593 0.165527 0.135064 0.165039 0.134004 0.165527 0.133475 0.165527 0.132415 0.164795 0.130826 0.164551 0.132945 0.163818 0.130826 0.164795 0.129237 0.164795 0.128178
1 0.518066 0.122352 0.517334 0.125530 0.518555 0.129237 0.518799 0.125000
1 0.427979 0.121292 0.429199 0.122352 0.428467 0.122881 0.428711 0.124470 0.428223 0.125000 0.428223 0.126059 0.430176 0.126059 0.430664 0.128178 0.430420 0.128708 0.431396 0.128708 0.431152 0.124470 0.429932 0.123411 0.428955 0.121292
1 0.300293 0.118644 0.300293 0.120763 0.302979 0.123411 0.302734 0.124470 0.302246 0.124470 0.302979 0.124470 0.303467 0.125530 0.303467 0.127119 0.304199 0.126059 0.304932 0.129237 0.305664 0.127648 0.305908 0.128178 0.305664 0.127119 0.304688 0.127119 0.303955 0.125000 0.303955 0.122881 0.304443 0.120763 0.304932 0.120763 0.304688 0.119174 0.304199 0.120233
1 0.586182 0.115466 0.584961 0.117585 0.585938 0.120233 0.584473 0.120763 0.585205 0.122881 0.583984 0.122881 0.583496 0.126589 0.582764 0.127648 0.584473 0.130826 0.585938 0.127648 0.586182 0.128708 0.586914 0.128178 0.587646 0.129237 0.588623 0.122352 0.589355 0.120763 0.589111 0.119703 0.588623 0.119703 0.588379 0.118114 0.588135 0.118644 0.586426 0.117055
1 0.496582 0.115466 0.496094 0.119703 0.495361 0.121292 0.495117 0.124470 0.493408 0.128708 0.491699 0.128178 0.491943 0.122352 0.491455 0.121292 0.490967 0.121292 0.491211 0.121822 0.490723 0.122352 0.490723 0.123941 0.491211 0.123941 0.491211 0.132415 0.492432 0.135064 0.494141 0.136123 0.496826 0.141949 0.497559 0.145657 0.497559 0.136123 0.499268 0.131356 0.499268 0.128178 0.499756 0.127119 0.500732 0.127119 0.502686 0.131356 0.504395 0.131886 0.504883 0.131356 0.505371 0.127648 0.502686 0.122881 0.502930 0.121822 0.503174 0.122352 0.502930 0.121292 0.503906 0.119703 0.501953 0.118644 0.501953 0.123941 0.501465 0.125000 0.499268 0.123941 0.499268 0.125530 0.498291 0.128178 0.498047 0.131886 0.496338 0.135064 0.494141 0.135064 0.493652 0.134004 0.493896 0.130297 0.495117 0.127119 0.495605 0.123411 0.496826 0.119703 0.497559 0.119174 0.496582 0.117055
1 0.486328 0.114936 0.485596 0.115996 0.485352 0.115466 0.483887 0.116525 0.483643 0.118114 0.484375 0.120233 0.485840 0.117055 0.486816 0.117055
1 0.580078 0.114407 0.578857 0.116525 0.578125 0.116525 0.578369 0.126589 0.579834 0.124470 0.580811 0.120233 0.580566 0.114936
1 0.317139 0.114407 0.316406 0.115996 0.316895 0.116525 0.316650 0.119174 0.317383 0.120763 0.317383 0.123411 0.316406 0.123941 0.316162 0.118644 0.315430 0.119174 0.315430 0.123411 0.316162 0.123411 0.316650 0.125530 0.316406 0.128708 0.316895 0.128178 0.316895 0.126589 0.317383 0.125530 0.318604 0.126589 0.319336 0.123411 0.319336 0.121822 0.317383 0.117055
1 0.615479 0.111229 0.613281 0.111229 0.613770 0.112818 0.613770 0.117055 0.614990 0.114407 0.614746 0.114936 0.614502 0.113877 0.614990 0.112288 0.615479 0.112288
1 0.498291 0.109110 0.495605 0.110169 0.496582 0.114407 0.497070 0.112818 0.497559 0.112818 0.497314 0.111758
1 0.328369 0.109110 0.327881 0.110169 0.324219 0.110169 0.323975 0.111229 0.322021 0.112288 0.318359 0.112288 0.318115 0.113347 0.319336 0.113877 0.322021 0.112818 0.323730 0.114936 0.325928 0.115466 0.326172 0.117055 0.322266 0.122881 0.320068 0.129767 0.316162 0.135064 0.315918 0.131356 0.314453 0.136653 0.312500 0.136653 0.312012 0.137712 0.310547 0.137712 0.310303 0.136653 0.310791 0.135593 0.309570 0.136653 0.310059 0.138242 0.308838 0.140890 0.309570 0.145657 0.312500 0.148305 0.313477 0.152013 0.313477 0.155720 0.314697 0.159958 0.313721 0.161547 0.312988 0.158898 0.312500 0.158898 0.312500 0.160487 0.314209 0.161017 0.314697 0.162606 0.314941 0.156780 0.313721 0.154131 0.312988 0.148835 0.310303 0.145127 0.309570 0.139831 0.313477 0.138771 0.314209 0.136123 0.314941 0.137182 0.314697 0.139831 0.319580 0.140360 0.323730 0.129767 0.325684 0.128178 0.326660 0.121822 0.329590 0.123941 0.330078 0.126589 0.330078 0.124470 0.329346 0.122881 0.327881 0.122352 0.327637 0.120233 0.326904 0.119703 0.326660 0.116525 0.327148 0.115466 0.329590 0.115996 0.330322 0.114936 0.328613 0.113877 0.327148 0.114407 0.326416 0.112818 0.326660 0.111758 0.327637 0.111758
1 0.231445 0.104873 0.233887 0.110699 0.236084 0.111229 0.237061 0.109640 0.237305 0.111758 0.236084 0.112288 0.236572 0.113877 0.238037 0.113877 0.239014 0.114936 0.239746 0.117055 0.241455 0.118114 0.239990 0.117055 0.240723 0.114936 0.240234 0.114407 0.240234 0.113347 0.238770 0.112288 0.237793 0.110169 0.237549 0.110699 0.236816 0.108581 0.236084 0.108581 0.235352 0.110169 0.234863 0.108581 0.233887 0.108051 0.232666 0.104873
1 0.667480 0.097987 0.667725 0.101165 0.670898 0.101165 0.670410 0.099576 0.668457 0.099576 0.667725 0.097987 0.667969 0.097458
1 0.356201 0.097458 0.356445 0.100636 0.355957 0.101165 0.357178 0.103284 0.356934 0.104873 0.357178 0.104343 0.359131 0.106992 0.359131 0.103814 0.359375 0.103284 0.360107 0.104343 0.359619 0.102225 0.357910 0.098517
1 0.041504 0.096398 0.041504 0.100106 0.040771 0.101165 0.040771 0.102754 0.041260 0.102754 0.041748 0.101165 0.042480 0.102225 0.041992 0.101165 0.042236 0.100106 0.042969 0.101165 0.043945 0.101165 0.043213 0.100106 0.043213 0.096398
1 0.304688 0.102225 0.304688 0.103284 0.309082 0.103814 0.310791 0.105932 0.311279 0.105403 0.311035 0.103814 0.308594 0.101165 0.309326 0.099576 0.309814 0.096398 0.308594 0.096398 0.307617 0.094280 0.308594 0.096398 0.307861 0.098517 0.307129 0.098517 0.305908 0.101695
1 0.255371 0.092161 0.255615 0.092691 0.254883 0.093220 0.255127 0.095869 0.256348 0.097987 0.256592 0.094809
1 0.274902 0.091631 0.274414 0.092691 0.274902 0.095339 0.275146 0.101165 0.276123 0.102754 0.276855 0.102225 0.276855 0.099047 0.277344 0.097458 0.277100 0.095339
1 0.619873 0.092161 0.619629 0.092691 0.618896 0.091102 0.621094 0.095869 0.621094 0.099047 0.620117 0.099576 0.620117 0.101695 0.619385 0.101695 0.618896 0.100636 0.619141 0.102225 0.617188 0.105932 0.614990 0.106462 0.617432 0.106462 0.618652 0.103814 0.619141 0.104343 0.619385 0.103284 0.620117 0.104343 0.620850 0.103284 0.621338 0.100106 0.621338 0.096398
1 0.640137 0.090572 0.639404 0.092161 0.639160 0.091631 0.637695 0.093750 0.637695 0.094809 0.638184 0.094809 0.639160 0.097458 0.638916 0.096398 0.639404 0.094809 0.639893 0.097458 0.641113 0.097987 0.640625 0.101695 0.640869 0.103814 0.640381 0.104343 0.640869 0.105403 0.640625 0.105932 0.641357 0.101165 0.643311 0.100636 0.642822 0.099576 0.642090 0.100636 0.641846 0.097987 0.640869 0.097458 0.641357 0.093220
1 0.626953 0.085275 0.625977 0.087924 0.625732 0.091102 0.624512 0.094280 0.624512 0.096398 0.625244 0.099576 0.623291 0.100106 0.622070 0.103284 0.624512 0.102754 0.625488 0.100636 0.625732 0.097987 0.625000 0.097987 0.625000 0.095339 0.625732 0.093750 0.625732 0.091631 0.626221 0.090042 0.625977 0.089513 0.626465 0.088983
1 0.651611 0.083157 0.652588 0.085805 0.653809 0.087394 0.655029 0.084746 0.654053 0.083686 0.653564 0.084746 0.652832 0.084746 0.652100 0.082627
1 0.661621 0.079449 0.660645 0.079979 0.659912 0.082097 0.660400 0.083686 0.660156 0.086335 0.661621 0.085275
1 0.005371 0.079449 0.005615 0.082627 0.007080 0.082097 0.007080 0.083157 0.009277 0.083686 0.009033 0.084746 0.007812 0.084746 0.008057 0.086335 0.009033 0.087394 0.009766 0.086864 0.009766 0.087924 0.010254 0.087924 0.010742 0.089513 0.013184 0.088983 0.013916 0.090042 0.014160 0.088453 0.013916 0.088983 0.012939 0.087394 0.013916 0.085275 0.012207 0.084746 0.012451 0.086335 0.011963 0.087924 0.011475 0.086864 0.011475 0.084746 0.010498 0.083686 0.010986 0.083157 0.008057 0.081038 0.006836 0.081038
1 0.222656 0.090572 0.222412 0.092691 0.223633 0.093750 0.223633 0.096928 0.224365 0.096928 0.225586 0.099047 0.226807 0.098517 0.226807 0.100106 0.227539 0.100636 0.227295 0.101695 0.226562 0.101695 0.227051 0.102225 0.227783 0.101695 0.228760 0.103284 0.228760 0.101695 0.227783 0.101165 0.228027 0.099576 0.228760 0.100106 0.228271 0.099576 0.228516 0.099047 0.229492 0.099576 0.230225 0.101165 0.232422 0.100636 0.232910 0.102225 0.233154 0.101695 0.232666 0.100636 0.234131 0.097458 0.235596 0.100106 0.236328 0.100106 0.235840 0.096398 0.233887 0.093750 0.233154 0.090572 0.232910 0.085805 0.231445 0.084216 0.230957 0.079449 0.230225 0.077860 0.229248 0.077860 0.229492 0.083157 0.230469 0.086335 0.230469 0.088983 0.229248 0.093750 0.229248 0.096398 0.226074 0.096398 0.225830 0.095339 0.225098 0.095339 0.224609 0.093220 0.224121 0.093220
1 0.449463 0.076801 0.448486 0.078390 0.447754 0.078390 0.447021 0.081038 0.448486 0.085805 0.448975 0.085805 0.449707 0.084216 0.449219 0.081038
1 0.600098 0.074682 0.597900 0.076271 0.596436 0.078919 0.596680 0.079979 0.595703 0.082097 0.596191 0.085805 0.597412 0.086335 0.597900 0.085275 0.596436 0.084746 0.596680 0.081038 0.598633 0.076271 0.600586 0.075742
1 0.480957 0.075742 0.480225 0.074682 0.479736 0.075742 0.479736 0.078390 0.476562 0.077331 0.476318 0.078390 0.474854 0.079979 0.474609 0.083686 0.476318 0.082627 0.479980 0.088453 0.479736 0.084746 0.480957 0.081568
1 0.455078 0.075212 0.456543 0.081038 0.456787 0.086335 0.458984 0.086864 0.458984 0.085275 0.458496 0.084216 0.458008 0.084746 0.457764 0.082627 0.457275 0.082097 0.456787 0.079449 0.456787 0.075212
1 0.320068 0.075742 0.320312 0.078390 0.322266 0.078390 0.321289 0.075212 0.320557 0.074682
1 0.651855 0.074153 0.650879 0.076271 0.651123 0.081038 0.651855 0.079979
1 0.467773 0.073093 0.467529 0.075212 0.468750 0.080508 0.469238 0.081038 0.469482 0.077331 0.468750 0.073623
1 0.277344 0.071504 0.275635 0.072034 0.274902 0.073623 0.274902 0.085805 0.275391 0.085805 0.276123 0.083686 0.276367 0.079979 0.277832 0.076801 0.279297 0.075742 0.279053 0.074153
1 0.502930 0.070445 0.501953 0.071504 0.500488 0.075212 0.500977 0.076271 0.500244 0.078919 0.500488 0.081568 0.500488 0.080508 0.501221 0.079449 0.501221 0.076801
1 0.608643 0.068326 0.608643 0.069386 0.609619 0.071504 0.609375 0.074682 0.610840 0.074682 0.611572 0.073623 0.611572 0.072564 0.610352 0.070975 0.609619 0.070975
1 0.629150 0.066737 0.628174 0.068326 0.626465 0.068326 0.625977 0.069386 0.625977 0.070445 0.627197 0.071504 0.628906 0.076271 0.629395 0.076271 0.629395 0.072564 0.630615 0.068326 0.630615 0.067267
1 0.464600 0.065678 0.461182 0.065678 0.460205 0.067797 0.461670 0.071504 0.461426 0.072564 0.461914 0.073623 0.461182 0.074153 0.460693 0.076271 0.460938 0.078390 0.461670 0.079979 0.462646 0.079979 0.463623 0.077860 0.463379 0.075212 0.464600 0.073093 0.464600 0.070975 0.465332 0.068326
1 0.496826 0.064619 0.496094 0.066208 0.496582 0.069386 0.495605 0.073093 0.496094 0.075212 0.496582 0.075742 0.497070 0.074682 0.497070 0.076271 0.497803 0.075212 0.497070 0.068326 0.497559 0.065148
1 0.450928 0.064089 0.450928 0.067267 0.451416 0.068326 0.451416 0.069915 0.452148 0.070975 0.451660 0.071504 0.452148 0.071504 0.452148 0.068326 0.452637 0.067267 0.452637 0.065678
1 0.456299 0.063559 0.455322 0.064619 0.454834 0.067797 0.454834 0.072034 0.455322 0.072564 0.455811 0.069915 0.456543 0.069915 0.456787 0.068856 0.457275 0.072034 0.456787 0.073093 0.457031 0.074153 0.458252 0.069386 0.458252 0.064619 0.456787 0.064619
1 0.596924 0.063030 0.596191 0.065148 0.595215 0.071504 0.596436 0.073093 0.597900 0.072034 0.597412 0.070975 0.596924 0.072034 0.596436 0.070975 0.596680 0.068856 0.596191 0.068326 0.597412 0.064619 0.599365 0.068326
1 0.492432 0.061970 0.491211 0.061441 0.490234 0.063559 0.488525 0.063030 0.488281 0.067267 0.488525 0.067797 0.489502 0.065148 0.491699 0.063559
1 0.442139 0.061441 0.443115 0.066737 0.447266 0.068856 0.446045 0.064619 0.445557 0.059852 0.444824 0.061441
1 0.325928 0.060381 0.325684 0.062500 0.326416 0.064089 0.327393 0.064089 0.328125 0.065148 0.329834 0.064619 0.329834 0.061970 0.329102 0.059852 0.327637 0.059322
1 0.461914 0.059322 0.459229 0.058263 0.459473 0.065148 0.459961 0.065148 0.460693 0.063559 0.461182 0.060381 0.462158 0.059852
1 0.287109 0.057203 0.286133 0.061970 0.288574 0.061970 0.289307 0.059322
1 0.401611 0.052436 0.401855 0.052966 0.401123 0.055085 0.399902 0.053496 0.399658 0.054555 0.401123 0.059322 0.401611 0.058792 0.401367 0.056144 0.402100 0.055614
1 0.111084 0.050847 0.110596 0.051377 0.108398 0.049788 0.107910 0.050847 0.107666 0.054025 0.106934 0.054025 0.106689 0.051907 0.106201 0.052966 0.105713 0.051907 0.105225 0.052966 0.101807 0.052966 0.101562 0.054025 0.106689 0.054025 0.108398 0.055085 0.108643 0.056144 0.107910 0.060381 0.108154 0.061441 0.107666 0.062500 0.106934 0.062500 0.107178 0.063559 0.108398 0.060911 0.109131 0.060911 0.109375 0.059322 0.109863 0.059322 0.108887 0.056144 0.109131 0.052966 0.111084 0.052436
1 0.673096 0.053496 0.677002 0.053496 0.677979 0.055085 0.678711 0.051907 0.677979 0.050847 0.676025 0.050847 0.675293 0.049788 0.674072 0.050318 0.673828 0.049258 0.673340 0.049788 0.673340 0.051377 0.673828 0.051907 0.673096 0.052436
1 0.381348 0.045551 0.382324 0.051907 0.382080 0.054555 0.382812 0.056674 0.384033 0.056674 0.385010 0.055614 0.385498 0.053496 0.386230 0.054555 0.387695 0.054555 0.386963 0.052966 0.385498 0.052966 0.384766 0.051377 0.383789 0.050847 0.382080 0.045551
1 0.655518 0.074682 0.656006 0.072034 0.658936 0.068856 0.660156 0.069915 0.659668 0.070445 0.659912 0.071504 0.659912 0.070445 0.660400 0.070975 0.659668 0.068856 0.660156 0.067797 0.660645 0.068326 0.661377 0.067267 0.662109 0.068326 0.663818 0.064089 0.663330 0.063030 0.666260 0.057733 0.667725 0.058792 0.667480 0.063559 0.669189 0.061970 0.669678 0.060381 0.669189 0.057733 0.670166 0.051377 0.671875 0.049788 0.671631 0.048729 0.672363 0.047140 0.675537 0.044492 0.673828 0.042903 0.672119 0.045551 0.671875 0.047669 0.670898 0.049258 0.669922 0.049258 0.668701 0.044492 0.666992 0.045551 0.665283 0.048199 0.665039 0.049788 0.664307 0.049258 0.664795 0.047669 0.664062 0.047669 0.664062 0.049258 0.663086 0.050318 0.665771 0.050318 0.666504 0.052436 0.665527 0.052966 0.665283 0.051907 0.663574 0.051907 0.663330 0.052966 0.662598 0.052966 0.662354 0.055085 0.663818 0.055614 0.663330 0.057203 0.664062 0.059322 0.662842 0.062500 0.660645 0.062500 0.660400 0.059322 0.659668 0.058792 0.659912 0.056674 0.659180 0.057203 0.658936 0.059322 0.658447 0.058792 0.658447 0.054555 0.659424 0.052436 0.659668 0.054555 0.660156 0.053496 0.660889 0.054555 0.660889 0.052436 0.660645 0.052966 0.660400 0.051907 0.661133 0.050318 0.660645 0.048729 0.658936 0.048199 0.658447 0.045551 0.658691 0.041843 0.657227 0.042373 0.656006 0.045021 0.654053 0.045021 0.653809 0.047669 0.654297 0.048729 0.655762 0.048199 0.656250 0.049258 0.655762 0.052436 0.656250 0.057733 0.657959 0.057733 0.657715 0.060911 0.657227 0.061441 0.657715 0.063559 0.656250 0.068856
1 0.469238 0.038665 0.468750 0.039195 0.468750 0.041314 0.469482 0.042373 0.469238 0.048199 0.469482 0.047669 0.470947 0.049788 0.470215 0.053496 0.468506 0.056144 0.467041 0.053496 0.467285 0.050847 0.466064 0.049258 0.465088 0.045551 0.465332 0.047140 0.464844 0.050318 0.465820 0.052436 0.465820 0.054555 0.465088 0.056144 0.464355 0.055614 0.464355 0.058263 0.464844 0.058792 0.464844 0.060381 0.465820 0.064089 0.467529 0.064619 0.467529 0.063030 0.469482 0.058792 0.471436 0.059322 0.473877 0.064089 0.474121 0.059322 0.471680 0.052966 0.474365 0.050318 0.474121 0.046610 0.473145 0.045551 0.471436 0.046610 0.469971 0.041843 0.470215 0.040784
1 0.285400 0.045551 0.285645 0.046610 0.286133 0.046081 0.287842 0.048729 0.288818 0.048729 0.290039 0.050318 0.290527 0.052436 0.290283 0.057203 0.290771 0.059322 0.292236 0.061441 0.293945 0.055614 0.294922 0.053496 0.295654 0.053496 0.296875 0.050318 0.300537 0.051377 0.301514 0.052436 0.302734 0.055085 0.302734 0.056674 0.303223 0.057733 0.303467 0.056674 0.304932 0.059852 0.304932 0.060911 0.304688 0.060381 0.305420 0.059852 0.305664 0.061970 0.306885 0.064089 0.308350 0.059322 0.309570 0.059322 0.310059 0.060381 0.310303 0.063030 0.310791 0.063030 0.311279 0.061970 0.311035 0.058792 0.312256 0.058792 0.313232 0.057203 0.312988 0.053496 0.312500 0.052436 0.310303 0.054025 0.309570 0.052966 0.308105 0.052966 0.307861 0.054025 0.306885 0.054025 0.306885 0.052436 0.305664 0.050847 0.304932 0.052966 0.304443 0.050318 0.302246 0.045551 0.300781 0.043962 0.300781 0.042903 0.298828 0.041843 0.297852 0.042373 0.297852 0.046081 0.297119 0.047140 0.292969 0.046610 0.292236 0.047669 0.291016 0.044492 0.290771 0.040254 0.288330 0.038665 0.287354 0.040254 0.286621 0.040254 0.285889 0.041843 0.285889 0.044492
1 0.619141 0.038136 0.617188 0.042373 0.616455 0.042373 0.616211 0.041314 0.615967 0.042373 0.615479 0.041314 0.615479 0.038665 0.614746 0.039725 0.615234 0.042373 0.616699 0.043962 0.617188 0.046081 0.616943 0.045551 0.617432 0.045021 0.617432 0.042373
1 0.105957 0.036017 0.106445 0.037606 0.107178 0.037606 0.107422 0.038665 0.109375 0.039195 0.109131 0.040254 0.107910 0.040254 0.107422 0.041314 0.108887 0.041843 0.110107 0.038665 0.109131 0.037076 0.109131 0.038136 0.108398 0.038136 0.107910 0.037076 0.108398 0.036547 0.107666 0.036547 0.107422 0.035487 0.107178 0.036017 0.106934 0.034428 0.106689 0.036017
1 0.322266 0.034958 0.322754 0.037606 0.323730 0.039195 0.324463 0.042373 0.326416 0.044492 0.327637 0.043962 0.327393 0.039725 0.326416 0.037076 0.325439 0.036017 0.325928 0.035487 0.325439 0.034958 0.325439 0.033898
1 0.268311 0.033898 0.269043 0.036017 0.269287 0.040254 0.268555 0.042903 0.268799 0.043962 0.270020 0.044492 0.270996 0.042903 0.271484 0.040784 0.271484 0.037606 0.271973 0.037076 0.270264 0.033898
1 0.443359 0.031250 0.442139 0.034428 0.442627 0.033369 0.445068 0.039725 0.444580 0.042903 0.445068 0.044492 0.445312 0.043962 0.447021 0.045021 0.446533 0.043432 0.446777 0.042373 0.446289 0.042373 0.446045 0.040784 0.446777 0.040784 0.447021 0.039725 0.448242 0.040254 0.448730 0.039195 0.448730 0.038136 0.447266 0.034428 0.447266 0.032309 0.446289 0.030720 0.444092 0.030720 0.443604 0.031780
1 0.459473 0.030191 0.458252 0.031250 0.457764 0.030720 0.456055 0.034428 0.455078 0.034428 0.454102 0.032309 0.454102 0.030720 0.454102 0.032309 0.453613 0.032839 0.454102 0.034428 0.453857 0.034958 0.452881 0.033369 0.452637 0.031780 0.451660 0.034958 0.449951 0.037076 0.450195 0.040784 0.451904 0.044492 0.451660 0.049258 0.452148 0.050318 0.453125 0.049258 0.453613 0.046081 0.453613 0.041843 0.454834 0.038665 0.455811 0.039725 0.456787 0.043962 0.458252 0.043962 0.458740 0.045551 0.460205 0.045021 0.460449 0.046610 0.460693 0.046081 0.460205 0.042903 0.459229 0.041314 0.458984 0.037076 0.459473 0.035487 0.459961 0.036547 0.459961 0.032309
1 0.400635 0.029661 0.400391 0.033369 0.400879 0.034428 0.400391 0.034958 0.401123 0.035487 0.401611 0.034428 0.401855 0.030720
1 0.666260 0.028602 0.665527 0.030720 0.665527 0.036017 0.666504 0.037606 0.667725 0.037606 0.668457 0.038665 0.669434 0.034958 0.668213 0.034428 0.667236 0.032839 0.667725 0.031780 0.667969 0.028602
1 0.342773 0.025424 0.344727 0.028602 0.344727 0.032839 0.345947 0.033898 0.344482 0.025953
1 0.299316 0.024894 0.299316 0.025953 0.301025 0.026483 0.301514 0.025424 0.303223 0.029131 0.305420 0.030720 0.305664 0.027542 0.305176 0.025953 0.305420 0.024364 0.304932 0.023305 0.300293 0.023305
1 0.296143 0.024894 0.295166 0.023305 0.293457 0.023835 0.292236 0.024894 0.292236 0.027542 0.292969 0.030191 0.294678 0.027542 0.294922 0.025424 0.295654 0.025953
1 0.029297 0.023305 0.028564 0.025953 0.028564 0.028602 0.027344 0.031250 0.027344 0.033369 0.028809 0.036547 0.030029 0.034428 0.028809 0.032839 0.029297 0.028602 0.029785 0.028072 0.029053 0.026483
1 0.103516 0.021716 0.104004 0.022775 0.103760 0.023305 0.104492 0.027542 0.105469 0.029131 0.104980 0.029661 0.104980 0.031250 0.105225 0.029661 0.105469 0.030720 0.107422 0.030191 0.107178 0.027013 0.107666 0.025953 0.106934 0.026483 0.106934 0.028072 0.106445 0.028602 0.104736 0.024894 0.104980 0.023835 0.105713 0.023835 0.105469 0.022775 0.104492 0.023305 0.104492 0.022246 0.104004 0.022775
1 0.339111 0.021186 0.339600 0.022246 0.339600 0.024364 0.341064 0.028072 0.340332 0.033369 0.341553 0.039725 0.341553 0.038136 0.342041 0.037606 0.342041 0.036017 0.341553 0.034958 0.341553 0.029131 0.341064 0.027542 0.341553 0.025424 0.341064 0.025424 0.340332 0.023835 0.340576 0.023305
1 0.251953 0.029131 0.252930 0.033898 0.252930 0.036017 0.254395 0.042373 0.257324 0.042903 0.259766 0.047140 0.261963 0.049258 0.263916 0.047140 0.264893 0.048199 0.265869 0.048199 0.266357 0.047140 0.266846 0.042903 0.264893 0.041843 0.263916 0.039725 0.263672 0.036547 0.262451 0.033898 0.262939 0.033369 0.261475 0.030720 0.261963 0.028602 0.263428 0.028602 0.262939 0.027013 0.261963 0.027013 0.260498 0.025424 0.259277 0.021186 0.258545 0.022246 0.258057 0.021716 0.259033 0.023835 0.259033 0.030191 0.257324 0.032839 0.255371 0.032839 0.253418 0.029131
1 0.336182 0.020657 0.335938 0.024364 0.333984 0.025424 0.334961 0.026483 0.334473 0.028072 0.335449 0.028602 0.334717 0.030720 0.334229 0.029661 0.334229 0.034958 0.334229 0.033898 0.334717 0.033369 0.334717 0.030720 0.335449 0.030191 0.335693 0.028602 0.336182 0.031780 0.336426 0.029131 0.335693 0.025424 0.336914 0.025424 0.336914 0.033369 0.336426 0.034428 0.336426 0.039725 0.335938 0.040784 0.337158 0.039195 0.337646 0.036547 0.337646 0.025424 0.336670 0.023305
1 0.371338 0.019597 0.373047 0.023305 0.374023 0.023835 0.373779 0.019597
1 0.249268 0.018538 0.248779 0.022775 0.249756 0.025424 0.249756 0.027542 0.251465 0.027013 0.251465 0.021716 0.250977 0.020657 0.250244 0.020657
1 0.681396 0.018008 0.677979 0.021186 0.676758 0.023835 0.676758 0.024894 0.678467 0.025953 0.678223 0.021716 0.679932 0.019068
1 0.458252 0.016949 0.457764 0.016949 0.457031 0.019068 0.457275 0.022775 0.457764 0.024364 0.458740 0.021716
1 0.367920 0.016419 0.366699 0.020657 0.366699 0.023835 0.367432 0.027013 0.369873 0.020127 0.369141 0.019068 0.368408 0.021186
1 0.097168 0.016419 0.095459 0.019068 0.096191 0.021186 0.096191 0.023305 0.097168 0.024364 0.097168 0.025424 0.096436 0.025953 0.097412 0.025953 0.097656 0.028072 0.098145 0.029131 0.098877 0.029131 0.099854 0.032309 0.100098 0.030191 0.099121 0.026483 0.099121 0.020127 0.100342 0.017479 0.100586 0.018008 0.100830 0.016949 0.101074 0.018008 0.101318 0.016419 0.100098 0.015890 0.099365 0.017479 0.097412 0.017479
1 0.386230 0.014301 0.386230 0.016419 0.386719 0.017479 0.386719 0.021186 0.387939 0.018008
1 0.080811 0.010064 0.080566 0.014301 0.081055 0.015360 0.083252 0.015360 0.085205 0.019597 0.085938 0.019597 0.089600 0.027542 0.089600 0.028602 0.089844 0.028072 0.091309 0.031250 0.092041 0.035487 0.094238 0.037076 0.093994 0.038136 0.093262 0.038136 0.093506 0.039195 0.094238 0.037606 0.094727 0.038665 0.095459 0.038665 0.095703 0.036547 0.096191 0.037606 0.098389 0.037606 0.098877 0.036547 0.100098 0.039195 0.100098 0.042373 0.101318 0.042373 0.101807 0.043432 0.101318 0.043962 0.101562 0.044492 0.105225 0.044492 0.104736 0.041314 0.103760 0.039195 0.103027 0.039195 0.102051 0.036017 0.099365 0.037606 0.099121 0.037076 0.100342 0.034958 0.099854 0.033898 0.099121 0.033898 0.098877 0.034958 0.097656 0.034958 0.097412 0.033898 0.097900 0.033369 0.097900 0.030720 0.097412 0.029661 0.096191 0.029661 0.095947 0.028602 0.095703 0.029661 0.095215 0.028072 0.095703 0.027542 0.093750 0.027542 0.091309 0.023305 0.089844 0.022246 0.089355 0.023305 0.089111 0.021716 0.087402 0.019597 0.086426 0.020657 0.085938 0.019597 0.086182 0.017479 0.085449 0.018008 0.084717 0.015890 0.081787 0.012712
1 0.675049 0.009534 0.673828 0.014831 0.672607 0.015890 0.671875 0.014301 0.672363 0.018538 0.672852 0.019068 0.673584 0.017479 0.675049 0.011123
1 0.321777 0.009004 0.322266 0.010593 0.322266 0.015360 0.322510 0.014301 0.322998 0.015360 0.322510 0.013771 0.322754 0.013242 0.325195 0.013242 0.325928 0.015360 0.323975 0.015360 0.324219 0.016419 0.326416 0.016419 0.327393 0.019068 0.327637 0.018538 0.327637 0.016949 0.326660 0.016419 0.326416 0.013771 0.325684 0.013771 0.324463 0.010593 0.323975 0.012712 0.322998 0.009534 0.322266 0.009004 0.322021 0.010064
1 0.299072 0.006356 0.297607 0.006356 0.297119 0.005297 0.296631 0.005826 0.296387 0.010064 0.295410 0.012182 0.295898 0.015890 0.296387 0.015890 0.299561 0.010593
1 0.464355 0.000000 0.463623 0.000000 0.462402 0.002648 0.462402 0.006886 0.464355 0.004767
