0 0.226562 0.949153 0.222900 0.953919 0.220703 0.960275 0.219482 0.959746 0.218994 0.958686 0.218994 0.955508 0.218506 0.956038 0.218506 0.958686 0.217773 0.960805 0.218506 0.964513 0.218506 0.967691 0.220215 0.973517 0.221436 0.973517 0.222412 0.970869 0.223145 0.970339 0.223877 0.971928 0.224365 0.971928 0.224854 0.966102 0.225342 0.966102 0.225586 0.965042 0.226562 0.965572 0.226562 0.966631 0.226074 0.967161 0.226074 0.970339 0.226318 0.968220 0.227539 0.967161 0.226807 0.965572 0.226562 0.959746 0.227295 0.957097 0.227539 0.951801 0.226807 0.950742
0 0.208740 0.899894 0.209229 0.899894 0.208740 0.901483 0.209961 0.901483 0.210449 0.899894 0.210938 0.902013 0.212402 0.902542 0.211426 0.903072 0.211670 0.903602 0.213623 0.904131 0.215332 0.906780 0.216064 0.906250 0.217041 0.907309 0.217041 0.908898 0.218018 0.908898 0.217041 0.908369 0.217773 0.907839 0.217041 0.906250 0.216797 0.906780 0.216553 0.905191 0.216064 0.905191 0.215576 0.906780 0.214844 0.905191 0.213867 0.904661 0.213379 0.903602 0.214600 0.902542 0.214111 0.901483 0.212158 0.901483 0.211670 0.899894 0.210449 0.899894 0.210205 0.898835
0 0.234619 0.890890 0.233643 0.890890 0.232666 0.887712 0.231689 0.886653 0.230225 0.886653 0.229492 0.887712 0.230713 0.887712 0.229980 0.889831 0.227051 0.889301 0.226562 0.888242 0.226807 0.884004 0.226318 0.883475 0.226318 0.886653 0.225586 0.888242 0.226074 0.888771 0.225830 0.889301 0.224121 0.889831 0.223877 0.888771 0.223633 0.889831 0.223389 0.888771 0.222900 0.888771 0.222412 0.891419 0.223877 0.889831 0.226318 0.890360 0.226562 0.891419 0.222656 0.892479 0.221191 0.895127 0.220947 0.897246 0.220215 0.895127 0.220215 0.896716 0.220703 0.897246 0.219971 0.899364 0.220459 0.900424 0.219971 0.904661 0.219482 0.905720 0.218750 0.905720 0.218994 0.907309 0.220215 0.906250 0.220703 0.899894 0.221436 0.899894 0.224365 0.896186 0.223389 0.895127 0.221924 0.895657 0.221436 0.896716 0.221191 0.896186 0.221924 0.894068 0.223633 0.891949 0.226562 0.891949 0.226807 0.893538 0.228271 0.894597 0.229492 0.892479 0.230957 0.893008 0.231934 0.891949 0.232422 0.890360 0.233154 0.890360 0.233887 0.892479
0 0.228760 0.881356 0.229492 0.881356 0.230225 0.884534 0.230713 0.885064 0.230225 0.881886 0.231445 0.880297 0.231934 0.880297 0.232178 0.881356 0.232422 0.879767 0.232910 0.880297 0.232666 0.879767 0.233398 0.878708 0.232666 0.878178 0.232910 0.876589 0.233887 0.878178 0.235107 0.878178 0.235596 0.877119 0.236816 0.880297 0.238525 0.880297 0.239014 0.882945 0.239746 0.882945 0.240479 0.884534 0.240479 0.883475 0.240967 0.882945 0.241455 0.885593 0.242432 0.886653 0.241699 0.885593 0.241943 0.883475 0.240967 0.881886 0.240723 0.882945 0.240479 0.881356 0.241943 0.879237 0.241211 0.874470 0.240479 0.875000 0.239990 0.877648 0.239502 0.876059 0.239014 0.876059 0.238525 0.879767 0.238037 0.878708 0.237793 0.879237 0.236084 0.877648 0.236572 0.876589 0.236084 0.875000 0.235107 0.874470 0.235107 0.875530 0.234619 0.875530 0.235352 0.877119 0.234863 0.878178 0.234131 0.878178 0.234131 0.876589 0.233643 0.876059 0.233154 0.877119 0.233154 0.875000 0.232666 0.875530 0.231934 0.878708 0.229736 0.879237
0 0.235107 0.866525 0.233887 0.867055 0.232666 0.865996 0.231934 0.869174 0.228760 0.869703 0.227783 0.868644 0.227539 0.869174 0.226807 0.866525 0.226562 0.868644 0.227051 0.870233 0.228027 0.871292 0.228760 0.874470 0.227783 0.875530 0.226807 0.873411 0.226318 0.873411 0.227783 0.875530 0.227295 0.876589 0.227295 0.878178 0.229492 0.878178 0.230713 0.875530 0.231445 0.876059 0.231445 0.877119 0.230713 0.877648 0.231934 0.876059 0.231445 0.876059 0.232178 0.873411 0.231934 0.871822 0.232666 0.870233 0.233887 0.870233 0.233887 0.868114
0 0.184326 0.847458 0.183594 0.847987 0.183350 0.851695 0.182373 0.850106 0.182861 0.849047 0.182617 0.847458 0.181885 0.849576 0.180420 0.850106 0.179688 0.849047 0.179932 0.850106 0.181396 0.850106 0.181885 0.851165 0.181396 0.851695 0.182129 0.852754 0.181396 0.853814 0.179443 0.852225 0.177734 0.852754 0.177002 0.854343 0.175293 0.855403 0.170654 0.855403 0.170654 0.856992 0.171387 0.858051 0.170410 0.859110 0.169678 0.858581 0.170166 0.858051 0.168945 0.857521 0.168945 0.854873 0.169678 0.854343 0.168945 0.852225 0.168945 0.858581 0.169678 0.858581 0.170654 0.860699 0.169434 0.862288 0.168945 0.862288 0.168701 0.860699 0.167969 0.867055 0.168457 0.867585 0.170898 0.865996 0.173828 0.862818 0.178467 0.861229 0.178467 0.860169 0.179443 0.858581 0.179688 0.859640 0.180176 0.859640 0.180176 0.858581 0.180908 0.858581 0.181396 0.857521 0.181152 0.854343 0.181641 0.853284 0.182373 0.853284 0.182373 0.854343 0.183350 0.853284 0.184082 0.854343 0.184082 0.855403
0 0.198242 0.828919 0.196777 0.827860 0.195557 0.830508 0.194824 0.828919 0.196045 0.834746 0.197266 0.834216 0.198242 0.832097
0 0.178955 0.795551 0.178223 0.794492 0.177246 0.795021 0.176758 0.793962 0.177002 0.793432 0.175781 0.792903 0.174805 0.790784 0.174561 0.791314 0.173584 0.789725 0.174072 0.789195 0.173096 0.789195 0.173340 0.789725 0.172852 0.790254 0.173340 0.790254 0.173340 0.791314 0.172119 0.792903 0.171143 0.792903 0.170410 0.793962 0.169922 0.793432 0.169189 0.795551 0.167969 0.797140 0.166016 0.802436 0.166016 0.803496 0.167480 0.806144 0.168701 0.810911 0.168945 0.809322 0.169678 0.809852 0.170410 0.808263 0.170654 0.809322 0.170898 0.808263 0.171143 0.809322 0.171387 0.808263 0.171631 0.809322 0.176514 0.809852 0.175781 0.808792 0.176758 0.807733 0.177246 0.808792 0.177734 0.807733 0.178467 0.808792 0.178711 0.807733 0.179443 0.808263 0.179443 0.807203 0.177734 0.807203 0.177979 0.804555 0.179688 0.801907 0.179688 0.799258 0.178955 0.797140
0 0.185791 0.775953 0.186768 0.777542 0.188965 0.778072 0.189941 0.777013 0.192383 0.778072 0.192139 0.777542 0.192627 0.777013 0.188965 0.774364 0.187988 0.774364 0.187988 0.773305 0.188721 0.773305 0.187500 0.773835 0.187256 0.772246 0.186279 0.772246 0.187012 0.773835
0 0.201416 0.769068 0.201904 0.772775 0.202148 0.770657 0.202393 0.772246 0.203125 0.773305 0.203125 0.774894 0.202637 0.775424 0.202148 0.773835 0.201660 0.774364 0.201416 0.773305 0.200684 0.773835 0.201172 0.776483 0.200439 0.777013 0.201172 0.777013 0.201904 0.779131 0.201172 0.780191 0.200195 0.779661 0.202637 0.780191 0.203613 0.781250 0.204346 0.783898 0.203125 0.784428 0.203369 0.784958 0.202881 0.785487 0.204590 0.784958 0.204346 0.784428 0.204834 0.782839 0.204346 0.782309 0.205566 0.780191 0.206787 0.780191 0.205566 0.776483 0.205322 0.773305 0.205322 0.776483 0.204590 0.776483 0.204102 0.775424 0.204102 0.777013 0.203369 0.776483 0.203369 0.775424 0.204834 0.772246 0.204102 0.770657 0.204102 0.769597 0.204346 0.770127 0.203857 0.770657 0.202148 0.770127 0.201904 0.769068
0 0.211670 0.768008 0.209473 0.770127 0.208496 0.773305 0.207764 0.772775 0.208252 0.771716 0.207520 0.773305 0.207275 0.772246 0.207275 0.774894 0.207520 0.774364 0.208008 0.775424 0.207275 0.779131 0.208252 0.777013 0.208984 0.778602 0.208984 0.780191 0.209717 0.780191 0.209717 0.778602 0.208984 0.777013 0.210205 0.775424 0.210205 0.772246 0.210693 0.772246 0.210449 0.771716
0 0.128906 0.703390 0.129395 0.710275 0.129883 0.709746 0.130127 0.711335 0.138916 0.714513 0.139893 0.711864 0.139160 0.710275 0.137695 0.709746 0.136719 0.708157 0.136963 0.707627 0.135254 0.707097 0.131836 0.702860 0.131348 0.703919 0.130371 0.703390 0.129395 0.704979
0 0.089600 0.603814 0.088623 0.602754 0.088379 0.601695 0.088867 0.601165 0.087402 0.601165 0.085205 0.602225 0.084473 0.604873 0.084717 0.605932 0.084961 0.604873 0.085205 0.605932 0.085449 0.604873 0.085693 0.605932 0.086670 0.605403 0.089111 0.606462
0 0.096680 0.220339 0.097656 0.221928 0.097656 0.223517 0.096924 0.224576 0.096924 0.225636 0.097900 0.227225 0.097900 0.228284 0.098877 0.228814 0.098389 0.225636 0.097900 0.225106 0.097900 0.223517 0.098877 0.220869
0 0.137939 0.195975 0.136963 0.195445 0.136963 0.198093 0.136230 0.200742 0.133789 0.200742 0.134277 0.201801 0.135010 0.201801 0.135742 0.203919 0.134521 0.204449 0.134521 0.205508 0.135498 0.205508 0.135498 0.204449 0.135986 0.203919 0.135498 0.202331 0.136719 0.199682 0.138916 0.199682 0.137939 0.197564
0 0.106201 0.194915 0.105957 0.195445 0.106934 0.198093 0.106934 0.200742 0.107422 0.201271 0.108154 0.204979 0.108643 0.204449 0.108643 0.203390 0.108154 0.202860 0.108643 0.202331 0.107422 0.200742 0.108154 0.200212 0.107666 0.199682 0.107178 0.195445
0 0.234863 0.011653 0.232910 0.012712 0.232422 0.013771 0.234375 0.016419 0.234131 0.018008 0.233887 0.016949 0.233398 0.016949 0.233398 0.018538 0.234131 0.018538 0.234375 0.017479 0.234863 0.018538
0 0.213379 0.000000 0.213379 0.001589 0.214844 0.003708 0.215088 0.003178 0.215820 0.004767 0.216797 0.010064 0.217041 0.009534 0.218262 0.013242 0.218262 0.014301 0.217773 0.014301 0.218262 0.015360 0.218018 0.014831 0.218506 0.012712 0.218018 0.011123 0.218750 0.011123 0.219238 0.010064 0.219482 0.007415 0.220459 0.004237 0.219971 0.004767 0.218750 0.002119 0.218506 0.000000
0 0.117188 0.028602 0.097168 0.133475 0.107910 0.168432 0.082275 0.221928 0.107910 0.225636 0.117676 0.161017 0.153809 0.216631 0.118652 0.184852 0.117188 0.254767 0.088379 0.238877 0.072754 0.289725 0.103760 0.574682 0.067139 0.661547 0.157715 0.706038 0.154297 0.768538 0.222412 0.751059 0.201172 0.811441 0.200439 0.765890 0.197998 0.801907 0.176025 0.781250 0.188232 0.804555 0.165771 0.831568 0.210449 0.804025 0.184326 0.865466 0.208008 0.860169 0.215088 0.903072 0.256348 0.814619 0.239014 0.858581 0.256104 0.894068 0.199707 0.907839 0.228760 0.941737 0.226562 0.981462 0.529053 0.999470 0.566895 0.943326 0.613770 0.979343 0.689941 0.882945 0.654053 0.653602 0.675293 0.630297 0.684326 0.532309 0.719238 0.501589 0.692383 0.438030 0.742188 0.389831 0.761963 0.254767 0.652344 0.247352 0.658447 0.104343 0.585449 0.061970 0.575928 0.000000 0.337402 0.000000 0.319092 0.064089 0.269775 0.076801 0.235352 0.000000
1 0.515381 0.990996 0.514404 0.990996 0.513916 0.994703 0.513428 0.992055 0.513672 0.991525 0.512695 0.992055 0.511719 0.994703 0.511475 0.994174 0.511230 0.999470 0.512695 0.999470 0.513428 0.997352 0.514404 0.997352 0.514404 0.993644 0.514893 0.993114 0.515137 0.994174
1 0.419434 0.976695 0.418457 0.975636 0.417236 0.978814 0.417480 0.980403 0.418457 0.980403 0.419189 0.979343
1 0.256592 0.967161 0.255859 0.967161 0.254395 0.970339 0.253662 0.974576 0.253906 0.978814 0.255859 0.980932 0.257080 0.978814 0.257568 0.979343 0.257568 0.976695 0.258057 0.976165 0.257812 0.974576 0.258545 0.971398 0.258057 0.971398 0.258057 0.969280
1 0.492432 0.965042 0.492188 0.965572 0.493164 0.967691 0.492432 0.968220 0.491699 0.970339 0.490479 0.967691 0.490479 0.969280 0.491699 0.974047 0.492432 0.974047 0.492432 0.968750 0.493164 0.967691 0.493164 0.966102 0.492676 0.966102
1 0.549072 0.962394 0.548340 0.963453 0.548584 0.969280 0.549316 0.972458 0.549072 0.974576 0.549561 0.975106 0.549805 0.968220
1 0.557129 0.962924 0.556152 0.961864 0.556396 0.962394 0.555664 0.963983 0.555420 0.963453 0.553467 0.965042 0.554443 0.966102 0.554199 0.969280 0.553711 0.969809 0.555664 0.969809 0.555908 0.968750 0.555420 0.964513 0.556152 0.963453 0.557617 0.964513
1 0.500000 0.953390 0.499512 0.954449 0.499268 0.953919 0.500000 0.960805 0.499512 0.961864 0.498779 0.961864 0.497803 0.963983 0.497559 0.965572 0.498047 0.966102 0.499023 0.965042 0.498047 0.965042 0.497803 0.964513 0.498291 0.963453 0.500000 0.963453
1 0.414307 0.953390 0.414062 0.957097 0.415039 0.959746 0.416016 0.960805 0.416260 0.960275 0.415527 0.958157 0.415771 0.957097
1 0.284180 0.945445 0.281982 0.944915 0.280518 0.946504 0.280273 0.945975 0.279785 0.947034 0.283203 0.948093 0.284180 0.947034
1 0.479980 0.942797 0.479248 0.942797 0.479492 0.943326 0.477539 0.947034 0.477539 0.950212 0.478760 0.949682 0.478516 0.948093 0.479248 0.946504
1 0.538574 0.941737 0.537842 0.942267 0.536865 0.945445 0.534424 0.948093 0.533691 0.947564 0.533447 0.948623 0.534668 0.950212 0.535400 0.950212 0.535889 0.949153 0.537109 0.949682 0.536865 0.948093 0.537598 0.946504 0.537842 0.947034 0.538818 0.943856
1 0.532471 0.934322 0.531494 0.934322 0.531006 0.935381 0.530273 0.933792 0.529541 0.935911 0.529053 0.940148 0.529785 0.941737 0.529785 0.940148 0.530762 0.941737 0.531250 0.940678 0.530762 0.941208 0.530029 0.939619 0.530029 0.937500 0.531006 0.935911 0.531494 0.936970 0.532227 0.936970
1 0.289307 0.930614 0.288330 0.935381 0.289551 0.936441 0.290283 0.935911 0.290527 0.933792 0.290771 0.934322 0.290283 0.934322 0.289062 0.931674
1 0.390137 0.923729 0.389893 0.929025 0.388428 0.931674 0.386719 0.932733 0.387939 0.934322 0.388428 0.931674 0.389404 0.933792 0.389893 0.933263 0.389404 0.936970 0.390137 0.940678 0.389893 0.943856 0.391602 0.947564 0.392822 0.959216 0.395264 0.965572 0.395752 0.978284 0.397461 0.986758 0.399170 0.988877 0.400879 0.999470 0.412109 0.999470 0.411865 0.996822 0.411133 0.996292 0.411133 0.991525 0.410645 0.992055 0.411133 0.994174 0.410400 0.994703 0.407715 0.990466 0.408203 0.988877 0.407715 0.988347 0.408447 0.987818 0.408447 0.984110 0.409668 0.983051 0.408936 0.983581 0.408203 0.981462 0.407959 0.982521 0.406738 0.978284 0.405518 0.978814 0.406250 0.972458 0.407471 0.971928 0.406738 0.970339 0.406494 0.971928 0.406006 0.969809 0.404541 0.968220 0.405273 0.966631 0.404785 0.960275 0.404297 0.960805 0.403809 0.957627 0.404541 0.956038 0.403809 0.949682 0.403076 0.949682 0.402588 0.951801 0.401367 0.949682 0.402100 0.946504 0.402344 0.948093 0.402344 0.944915 0.401855 0.947034 0.400879 0.944915 0.400635 0.950212 0.399170 0.948093 0.400146 0.942797 0.399658 0.940148 0.398438 0.939089 0.398682 0.934852 0.398193 0.935911 0.397217 0.934322 0.397949 0.932203 0.395752 0.927966 0.394775 0.929025 0.393555 0.925318 0.393311 0.926377 0.392090 0.924258 0.391113 0.923729 0.390625 0.924788
1 0.465088 0.917903 0.465576 0.918962 0.464600 0.921610 0.465332 0.921610 0.465332 0.923199 0.465820 0.924258 0.466553 0.923199 0.466553 0.922140 0.466064 0.921610 0.466553 0.919492 0.467285 0.920551 0.467285 0.922140 0.468018 0.922140 0.468506 0.924258 0.469482 0.924258 0.469482 0.925318 0.469727 0.924788 0.470459 0.926377 0.470215 0.926907 0.471191 0.926907 0.471436 0.924258 0.472168 0.926377 0.471680 0.926907 0.472656 0.929555 0.472168 0.928496 0.472412 0.927436 0.472656 0.927966 0.472656 0.925318 0.472168 0.924258 0.472412 0.923199 0.471680 0.923199 0.471436 0.920551 0.470947 0.922669 0.468506 0.922669 0.467285 0.920021 0.467529 0.917373 0.465576 0.918962
1 0.462158 0.908898 0.462891 0.911547 0.462402 0.912606 0.462891 0.913665 0.462402 0.915254 0.462891 0.916843 0.463623 0.916843 0.463135 0.915784 0.463867 0.915254 0.465088 0.911017 0.463867 0.911017 0.463135 0.908369
1 0.652344 0.906780 0.652344 0.908898 0.653076 0.909958 0.653564 0.912076 0.653809 0.916314 0.655518 0.916843 0.655762 0.914195 0.655273 0.913136 0.654541 0.914195 0.653809 0.911017 0.654053 0.909958 0.654297 0.910487 0.653809 0.909428 0.653076 0.909958
1 0.627930 0.904661 0.628174 0.906250 0.627441 0.908369 0.629395 0.912606 0.629395 0.914195 0.630615 0.917903 0.630859 0.917373 0.630371 0.914195 0.629395 0.911017 0.629639 0.908898 0.629150 0.908898 0.628418 0.906250 0.628662 0.905720
1 0.522705 0.903602 0.522461 0.904131 0.522949 0.905720 0.523682 0.906250 0.524170 0.907839 0.525879 0.909428 0.526855 0.907839 0.527344 0.911547 0.525635 0.912076 0.525635 0.913136 0.524414 0.914195 0.525391 0.915254 0.526855 0.914725 0.526855 0.912606 0.527588 0.912606 0.527344 0.912076 0.527832 0.911547 0.527832 0.909428 0.527100 0.909428 0.527100 0.906780 0.525635 0.908369 0.524902 0.906780 0.525879 0.906250 0.525879 0.905191 0.523682 0.904661
1 0.266602 0.902013 0.264648 0.902013 0.263672 0.903602 0.263672 0.905191 0.265625 0.905720
1 0.594971 0.900424 0.593506 0.901483 0.593750 0.904661 0.593262 0.906250 0.595947 0.906250 0.595947 0.905191 0.594971 0.904131 0.595459 0.903602
1 0.306152 0.906250 0.306396 0.907839 0.308594 0.906780 0.311035 0.907839 0.311035 0.905720 0.309814 0.906780 0.309082 0.906250 0.308594 0.900953 0.308105 0.900424 0.308105 0.902542 0.307129 0.904131 0.306641 0.903602
1 0.519775 0.899894 0.518555 0.904131 0.519043 0.907309 0.519043 0.911017 0.517090 0.912606 0.518311 0.914725 0.519531 0.911017 0.519043 0.908898 0.520020 0.906780 0.519775 0.904131 0.520264 0.903072 0.520996 0.904131 0.520508 0.907839 0.521973 0.905191 0.521240 0.902013
1 0.669189 0.895127 0.668457 0.896716 0.668701 0.897775 0.667969 0.900424 0.668701 0.900424 0.670166 0.903072 0.670654 0.902013 0.669922 0.900424 0.669922 0.898305
1 0.526123 0.894597 0.525391 0.894597 0.526123 0.896716 0.525391 0.897246 0.524658 0.895657 0.524902 0.894597 0.523926 0.894068 0.523926 0.896186 0.524414 0.896716 0.524414 0.899364 0.523682 0.899894 0.523926 0.902542 0.524414 0.903072 0.525391 0.902013 0.524902 0.900953 0.524902 0.899364 0.525391 0.898305 0.525879 0.898835 0.525635 0.898305 0.526123 0.896716 0.525879 0.895657 0.526367 0.895127
1 0.534912 0.892479 0.533936 0.895127 0.533447 0.898305 0.532715 0.899364 0.532715 0.900424 0.534180 0.898835 0.535156 0.898835 0.535645 0.899894 0.536377 0.899364 0.535645 0.898305 0.534180 0.898305 0.534912 0.897246
1 0.466797 0.890360 0.466064 0.891949 0.466064 0.895127 0.466553 0.896186 0.466309 0.898835 0.465332 0.900953 0.465088 0.904661 0.465820 0.905720 0.465820 0.909958 0.466553 0.911547 0.465332 0.913665 0.466797 0.911017 0.467529 0.911017 0.467529 0.906250 0.467041 0.905191 0.467041 0.903602 0.468018 0.899894 0.469238 0.899894 0.469971 0.898835 0.469971 0.897775 0.470947 0.898835 0.471436 0.898305 0.470215 0.897246 0.469971 0.897775 0.468994 0.895657 0.468750 0.893008 0.467773 0.892479
1 0.651855 0.882415 0.651855 0.884534 0.653076 0.886653 0.653320 0.889301 0.655273 0.889831 0.655273 0.888771 0.654297 0.887712 0.654785 0.885593 0.653564 0.884534 0.653564 0.881886 0.652832 0.881356 0.652588 0.882945
1 0.653320 0.877119 0.653320 0.878708 0.654297 0.880297 0.655762 0.879237 0.657471 0.879767 0.658203 0.880826 0.658936 0.880297 0.658447 0.878178 0.657715 0.879237 0.655762 0.875000 0.654785 0.875000
1 0.469727 0.871822 0.468994 0.871822 0.467529 0.874470 0.468018 0.877119 0.467773 0.879237 0.467041 0.880297 0.466309 0.879767 0.466309 0.882945 0.465820 0.884534 0.465820 0.886653 0.466309 0.888242 0.466797 0.887182 0.466553 0.882945 0.467041 0.882945 0.467041 0.881356 0.468018 0.879767 0.468262 0.878178 0.469727 0.884534 0.470703 0.885593 0.471191 0.885064 0.472412 0.886653 0.472412 0.885593 0.471924 0.885064 0.471924 0.882415 0.472656 0.879767 0.472168 0.879767 0.471436 0.881356 0.470947 0.880826 0.471191 0.879767 0.470947 0.880297 0.470459 0.878708 0.470459 0.873411
1 0.298828 0.870233 0.299072 0.869703 0.299561 0.870763 0.299072 0.871822 0.299072 0.874470 0.298340 0.876589 0.298584 0.881356 0.299561 0.883475 0.300537 0.883475 0.301270 0.881886 0.300537 0.881886 0.300293 0.880826 0.302002 0.878178 0.302490 0.879237 0.302246 0.880297 0.303955 0.879767 0.304688 0.878708 0.304688 0.880826 0.306152 0.881886 0.307373 0.878178 0.309082 0.878178 0.309082 0.877119 0.308350 0.875530 0.307373 0.875530 0.306885 0.874470 0.307617 0.873941 0.306885 0.873941 0.306152 0.875530 0.305420 0.875530 0.305176 0.874470 0.304443 0.874470 0.303955 0.875530 0.302002 0.875530 0.301514 0.873411 0.300781 0.873411 0.301270 0.872352 0.300537 0.869174 0.299561 0.870763 0.299072 0.869703
1 0.405762 0.867585 0.405273 0.868114 0.405029 0.870763 0.406250 0.874470 0.406738 0.874470 0.407471 0.871822 0.406494 0.868114
1 0.305176 0.866525 0.303711 0.865996 0.302734 0.867055 0.302490 0.868644 0.302979 0.869703 0.304443 0.869174 0.304443 0.867585
1 0.337891 0.861758 0.337891 0.863877 0.338867 0.864936 0.338867 0.866525 0.339355 0.867585 0.340332 0.867585 0.340576 0.865996 0.339600 0.863877 0.340088 0.862288 0.338623 0.861229
1 0.521240 0.856992 0.520752 0.859110 0.520996 0.861229 0.521973 0.863347 0.522461 0.861229 0.521973 0.860699 0.522217 0.859110 0.522705 0.859110 0.522461 0.857521
1 0.684570 0.861229 0.686523 0.863877 0.687500 0.862288 0.687012 0.858581 0.687500 0.857521 0.687988 0.858581 0.687988 0.863347 0.688965 0.863877 0.689209 0.861229 0.688721 0.858581 0.687500 0.857521 0.687256 0.855403 0.687012 0.858051 0.685791 0.859640 0.685547 0.859110
1 0.346680 0.849047 0.345215 0.850106 0.345215 0.851165 0.343750 0.853284 0.343018 0.853284 0.342529 0.852225 0.343018 0.849047 0.341309 0.851165 0.342285 0.853284 0.342285 0.856462 0.343506 0.858581 0.343018 0.859640 0.341797 0.860169 0.341064 0.862818 0.340820 0.862288 0.341309 0.863347 0.341064 0.864407 0.342285 0.863347 0.342529 0.861758 0.344238 0.861229 0.344971 0.858581 0.345947 0.858051 0.345947 0.856462 0.346680 0.854873 0.346680 0.852225 0.347168 0.851165
1 0.415283 0.843750 0.414551 0.845869 0.413818 0.845339 0.413330 0.847458 0.413330 0.849576 0.415283 0.851695
1 0.686768 0.840572 0.686523 0.843750 0.686035 0.844280 0.685547 0.847987 0.687744 0.847987 0.686768 0.846398 0.686768 0.845339 0.687744 0.844280 0.687500 0.843750 0.687744 0.844280 0.687256 0.844809 0.686768 0.843750 0.687256 0.842161
1 0.297363 0.840042 0.297119 0.841631 0.297852 0.843220 0.297852 0.846928 0.297363 0.850106 0.298584 0.850636 0.299072 0.849047 0.301025 0.850106 0.300781 0.849576 0.301514 0.847987 0.303467 0.852754 0.303467 0.855403 0.302490 0.859110 0.301758 0.859110 0.300781 0.855403 0.300293 0.855932 0.300537 0.858581 0.299805 0.861758 0.303467 0.860699 0.303711 0.861758 0.304443 0.861229 0.304688 0.862288 0.306641 0.862818 0.307129 0.860699 0.306396 0.859110 0.306396 0.858051 0.307129 0.856462 0.310547 0.861229 0.311523 0.858581 0.311523 0.857521 0.310791 0.855932 0.310547 0.856462 0.309814 0.855403 0.309814 0.853284 0.309326 0.853284 0.309082 0.852225 0.308594 0.852225 0.307617 0.854343 0.305664 0.853814 0.304688 0.851695 0.304688 0.850636 0.305420 0.849576 0.305420 0.847987 0.304199 0.846928 0.303955 0.847458 0.303467 0.846398 0.302979 0.843750 0.303223 0.842691 0.302246 0.840572 0.301758 0.843220 0.302490 0.844809 0.302002 0.845869 0.301270 0.844280 0.301270 0.842691 0.300537 0.844280 0.298828 0.844280 0.297363 0.841102
1 0.274658 0.839513 0.273438 0.841102 0.273682 0.843750 0.274414 0.844809 0.273193 0.846398 0.272949 0.845339 0.272949 0.846928 0.274902 0.852225 0.276123 0.852225 0.276123 0.849576 0.275635 0.849576 0.275146 0.848517 0.275391 0.847458 0.275146 0.847987 0.274658 0.846398 0.275635 0.844809 0.276123 0.842691 0.276855 0.844280 0.276855 0.843220 0.275879 0.842161 0.275879 0.840572 0.275391 0.839513
1 0.329102 0.837924 0.328613 0.836864 0.327881 0.838983 0.327393 0.838983 0.326172 0.837394 0.325439 0.838983 0.325928 0.839513 0.325928 0.840572 0.327881 0.840572 0.328125 0.841631 0.327637 0.842161 0.327637 0.843220 0.328369 0.841102 0.327637 0.839513
1 0.285889 0.836864 0.285156 0.836864 0.285156 0.838453 0.284180 0.840042 0.284180 0.841631 0.283203 0.842161 0.283203 0.843750 0.282471 0.845339 0.281250 0.845339 0.281250 0.847458 0.282715 0.846928 0.283203 0.849047 0.282471 0.850636 0.281982 0.850636 0.281494 0.848517 0.281006 0.850636 0.280273 0.850636 0.279541 0.849047 0.279541 0.847987 0.278809 0.847458 0.278809 0.853284 0.278320 0.854343 0.280029 0.854343 0.280273 0.855403 0.281006 0.855403 0.282471 0.850636 0.283691 0.850636 0.283203 0.850106 0.283447 0.848517 0.283691 0.849576 0.283691 0.847987 0.284424 0.845869 0.284668 0.846398 0.284668 0.844280 0.285156 0.843750 0.284912 0.841631 0.285400 0.840572 0.285645 0.842161 0.285645 0.839513 0.286133 0.838453
1 0.569092 0.833686 0.569336 0.835275 0.568848 0.835805 0.570557 0.838983 0.570801 0.837394 0.570312 0.834216 0.569824 0.833157
1 0.524414 0.832627 0.523926 0.832627 0.521973 0.836864 0.521484 0.838983 0.523438 0.843220 0.524170 0.841631 0.523682 0.840042 0.523926 0.839513 0.524658 0.839513 0.525146 0.838453 0.525635 0.838983
1 0.295898 0.829449 0.295410 0.830508 0.294434 0.830508 0.294434 0.833157 0.295410 0.835805 0.296143 0.832627
1 0.418701 0.828919 0.418213 0.831038 0.418945 0.832627 0.418945 0.834216 0.419434 0.834746 0.420410 0.840042 0.421875 0.840572 0.421875 0.843220 0.422363 0.841631 0.423340 0.842161 0.424072 0.839513 0.424805 0.840042 0.423828 0.838983 0.421387 0.838983 0.420654 0.836335 0.420166 0.837394 0.419922 0.836864 0.419922 0.835275 0.419434 0.834216 0.419434 0.831038 0.419678 0.830508 0.420166 0.832097 0.420898 0.832097 0.422363 0.828919 0.422119 0.828390
1 0.641357 0.826271 0.640625 0.826801 0.640625 0.833157 0.641113 0.833157 0.642090 0.829979 0.641357 0.827860
1 0.672119 0.822564 0.671143 0.828919 0.671631 0.828919 0.671631 0.827860 0.673096 0.825742 0.673340 0.827860 0.673828 0.828390 0.673828 0.829449 0.673096 0.829979 0.673828 0.831568 0.671875 0.831568 0.672852 0.832627 0.674072 0.832627 0.675537 0.829979 0.676025 0.831568 0.675781 0.828919 0.675293 0.830508 0.674316 0.829449 0.674561 0.827331 0.673096 0.822564
1 0.414307 0.820445 0.414062 0.823093 0.415283 0.825742 0.415771 0.825742 0.415771 0.822034 0.416260 0.821504
1 0.660400 0.817267 0.660156 0.819386 0.660645 0.822564 0.660889 0.822034 0.661621 0.824682 0.662598 0.824682 0.661133 0.821504 0.661377 0.818326
1 0.346436 0.815678 0.345703 0.816208 0.345215 0.817797 0.345215 0.819915 0.345947 0.820975 0.347168 0.819386 0.347168 0.816737
1 0.323242 0.813030 0.322998 0.816208 0.322266 0.816737 0.322998 0.820975 0.322998 0.823093 0.323975 0.825212 0.324707 0.825212 0.324707 0.826271 0.324219 0.826271 0.323730 0.828390 0.325195 0.828390 0.325928 0.829979 0.326172 0.828390 0.326904 0.827860 0.327637 0.829979 0.328613 0.828390 0.328613 0.826801 0.328125 0.826801 0.328125 0.824682 0.327148 0.825212 0.326416 0.823623 0.326172 0.821504 0.326416 0.820445 0.326660 0.820975 0.326660 0.818326 0.327393 0.818326 0.327148 0.814089 0.326660 0.813030 0.325684 0.813559 0.325195 0.811970 0.324951 0.813030 0.324707 0.811970
1 0.304443 0.811970 0.303955 0.812500 0.303711 0.811441 0.302246 0.811441 0.302246 0.813030 0.301514 0.814089 0.301270 0.815678 0.301758 0.816737 0.301758 0.818326 0.301270 0.819386 0.301758 0.818326 0.302490 0.818326 0.302490 0.816737 0.302979 0.815678 0.302734 0.814089 0.303711 0.812500 0.304199 0.813030
1 0.310547 0.811441 0.309814 0.813559 0.309082 0.814089 0.309570 0.816208 0.310303 0.815148 0.310547 0.815678 0.310059 0.820975 0.311035 0.822564 0.311035 0.824682 0.310059 0.826801 0.309570 0.829449 0.309814 0.831038 0.308350 0.833686 0.309326 0.836335 0.309082 0.837394 0.309814 0.837394 0.310303 0.838453 0.310059 0.839513 0.310547 0.839513 0.311035 0.837394 0.310303 0.835275 0.310791 0.833686 0.311279 0.833686 0.312012 0.835275 0.313721 0.834216 0.314697 0.835805 0.314697 0.837924 0.313477 0.838453 0.313965 0.840572 0.315674 0.840572 0.315674 0.837394 0.316406 0.835275 0.316162 0.834746 0.318115 0.832097 0.319580 0.835275 0.319092 0.836335 0.318848 0.835275 0.318604 0.836864 0.317383 0.837924 0.317871 0.839513 0.316650 0.841102 0.317871 0.841102 0.319824 0.843220 0.319580 0.840042 0.320557 0.832097 0.321045 0.831038 0.322998 0.831038 0.323242 0.828919 0.320557 0.828919 0.319824 0.826271 0.319824 0.824682 0.319092 0.823093 0.318604 0.824153 0.318604 0.827331 0.317627 0.828919 0.314941 0.828390 0.314209 0.830508 0.313721 0.829449 0.313721 0.827331 0.312988 0.828919 0.312500 0.828390 0.312500 0.826271 0.313721 0.823623 0.313965 0.824153 0.314697 0.823093 0.315674 0.824153 0.316650 0.822034 0.317383 0.822034 0.315674 0.821504 0.314453 0.823093 0.314453 0.819915 0.312988 0.814089 0.313232 0.810911 0.312500 0.810381 0.311523 0.812500 0.311279 0.811441
1 0.306152 0.807203 0.305176 0.808792 0.304932 0.810911 0.306641 0.813559 0.307373 0.810911 0.306641 0.809322 0.306641 0.807733
1 0.670410 0.804025 0.672852 0.808263 0.672852 0.809852 0.673828 0.811441 0.673828 0.813559 0.673828 0.812500 0.674561 0.811970 0.675049 0.809852 0.674805 0.808792 0.674316 0.808792 0.674072 0.809852 0.673828 0.806674 0.672363 0.806674 0.672119 0.806144 0.672607 0.805614 0.671631 0.805614 0.670898 0.804025
1 0.321289 0.802436 0.320312 0.804555 0.320801 0.806674 0.322021 0.807203 0.321533 0.804025 0.321777 0.802966
1 0.442871 0.792903 0.438965 0.797140 0.440918 0.813030 0.438965 0.806674 0.435547 0.846398 0.440430 0.890360 0.438477 0.890360 0.437988 0.906780 0.436035 0.883475 0.433105 0.895127 0.429199 0.887712 0.427734 0.872881 0.425293 0.875530 0.428223 0.879767 0.424561 0.880826 0.429688 0.898835 0.428711 0.904661 0.430664 0.904131 0.428955 0.917373 0.425781 0.904131 0.426270 0.920551 0.421875 0.930614 0.421387 0.999470 0.421875 0.993114 0.425781 0.994174 0.425049 0.989936 0.426758 0.992585 0.424316 0.999470 0.447754 0.999470 0.446045 0.991525 0.449463 0.986229 0.446289 0.984110 0.450195 0.979873 0.448730 0.971398 0.451172 0.982521 0.452637 0.978814 0.450684 0.961864 0.445312 0.962924 0.443115 0.976695 0.440430 0.962924 0.444092 0.957627 0.443359 0.939619 0.446045 0.938030 0.445557 0.954979 0.446045 0.944915 0.447754 0.948623 0.449463 0.940148 0.446045 0.938030 0.449219 0.915254 0.447998 0.918432 0.447754 0.911017 0.442871 0.908369 0.443359 0.899894 0.444824 0.905191 0.447510 0.903072 0.445068 0.898835 0.446289 0.891949 0.448242 0.895127 0.448242 0.880297 0.446289 0.879237 0.444824 0.888771 0.442383 0.876059 0.440674 0.902013 0.440186 0.864407 0.440918 0.872881 0.445312 0.873411 0.445068 0.858051 0.442627 0.864407 0.442139 0.854873 0.447021 0.850106 0.442383 0.849047 0.444092 0.846398 0.441406 0.822034 0.442627 0.818326 0.444824 0.829449
1 0.277588 0.791314 0.276611 0.792373 0.276123 0.796081 0.277100 0.796610 0.278076 0.794492 0.277588 0.793432
1 0.677246 0.788665 0.677002 0.790254 0.676025 0.790254 0.675781 0.791314 0.677490 0.792903 0.676758 0.795021 0.677246 0.796081 0.677490 0.795021 0.677734 0.796081 0.677734 0.793962 0.678467 0.792373 0.677246 0.789725
1 0.315918 0.791843 0.314941 0.791314 0.314209 0.789725 0.314941 0.788665 0.314697 0.788136 0.313965 0.788136 0.313965 0.790784 0.313477 0.791314 0.313232 0.790254 0.312744 0.790254 0.312500 0.793432 0.315186 0.793432 0.315674 0.792373 0.315918 0.792903
1 0.349609 0.784428 0.349609 0.789195 0.351074 0.789725 0.351074 0.786017
1 0.303955 0.784958 0.303467 0.786547 0.303711 0.787076 0.302734 0.788665 0.302734 0.791314 0.302246 0.792373 0.302734 0.794492 0.303955 0.796610 0.305176 0.796610 0.306152 0.794492 0.307129 0.796081 0.308350 0.795021 0.308350 0.797669 0.309082 0.797669 0.310059 0.799788 0.308350 0.801907 0.307861 0.804555 0.308350 0.805614 0.308105 0.806144 0.308350 0.805614 0.310791 0.806674 0.310303 0.806144 0.311279 0.805085 0.310547 0.804555 0.310791 0.802436 0.312256 0.799258 0.312256 0.795551 0.311279 0.793962 0.311523 0.789195 0.310791 0.788136 0.310059 0.790784 0.309326 0.787606 0.308105 0.787076 0.308350 0.784958 0.307861 0.783898 0.306641 0.783898 0.305664 0.784958 0.305176 0.783898
1 0.344482 0.780191 0.345459 0.782309 0.344727 0.784428 0.343994 0.783369 0.344238 0.781780 0.343506 0.781780 0.343750 0.786547 0.344482 0.787606 0.344971 0.790784 0.346436 0.791843 0.347168 0.793432 0.347656 0.791843 0.347656 0.788665 0.347168 0.789195 0.347168 0.788136 0.346924 0.788665 0.346436 0.787606 0.346924 0.784958 0.346436 0.783369 0.347412 0.782309 0.347412 0.780720 0.346436 0.779661 0.345703 0.779661 0.345215 0.780720
1 0.288818 0.774894 0.288086 0.776483 0.288086 0.778602 0.288818 0.780720 0.288818 0.783369 0.288330 0.784958 0.288574 0.786547 0.289062 0.786547 0.289062 0.784958 0.289551 0.786017 0.289551 0.784958 0.289062 0.784428 0.290283 0.782839 0.290283 0.781780 0.289551 0.780191 0.289795 0.776483 0.289307 0.776483
1 0.320312 0.779131 0.321045 0.779131 0.321777 0.780720 0.325195 0.780191 0.326172 0.778072 0.326172 0.775953 0.325195 0.774894 0.324463 0.775424 0.323975 0.777013 0.322266 0.777013 0.321533 0.775953 0.321777 0.773835 0.321289 0.773835 0.321777 0.778072 0.321289 0.779661 0.320801 0.778072 0.320312 0.778072
1 0.353027 0.770657 0.353027 0.775953 0.353760 0.778602 0.354980 0.776483 0.355469 0.773835 0.354980 0.772246 0.354004 0.771716 0.353760 0.770657
1 0.298096 0.770657 0.297119 0.773305 0.297607 0.775424 0.298584 0.776483 0.299316 0.775424 0.298828 0.773835 0.298828 0.771186
1 0.460205 0.771716 0.459961 0.773305 0.460449 0.774364 0.462158 0.774894 0.461426 0.773305 0.461426 0.770127 0.460693 0.771716
1 0.342041 0.769068 0.341064 0.768538 0.340332 0.773305 0.339844 0.772775 0.340088 0.770657 0.339355 0.769597 0.339844 0.771716 0.339111 0.773305 0.338867 0.778072 0.338379 0.779661 0.339111 0.782309 0.342041 0.780191 0.343750 0.777013 0.343994 0.772246 0.342773 0.771186
1 0.364746 0.768008 0.363770 0.768538 0.363525 0.770657 0.364746 0.773835 0.363281 0.774364 0.363281 0.775424 0.362549 0.777013 0.363281 0.777542 0.363525 0.776483 0.364502 0.777013 0.365234 0.774364 0.364502 0.772246 0.364746 0.771186 0.364258 0.770657 0.364258 0.769068
1 0.365967 0.765890 0.365479 0.766949 0.366943 0.770127 0.366943 0.772775 0.367432 0.773305 0.368408 0.772246 0.368652 0.773305 0.369141 0.772246 0.368408 0.770657 0.368164 0.766949 0.367676 0.765890
1 0.382324 0.764831 0.381104 0.764301 0.379883 0.766949 0.379883 0.769597 0.380371 0.770657 0.379639 0.771716 0.379150 0.770127 0.378418 0.772246 0.378418 0.773835 0.379639 0.772775 0.380371 0.770657 0.381592 0.771716 0.381836 0.771186 0.380615 0.768538 0.381348 0.766419 0.382324 0.765890
1 0.275879 0.762712 0.275146 0.762712 0.274170 0.764831 0.273438 0.764831 0.272949 0.763242 0.273438 0.765360 0.272461 0.766949 0.271973 0.770657 0.272949 0.770657 0.273438 0.771716 0.273438 0.774364 0.275146 0.771186 0.276123 0.771186 0.276123 0.772246 0.277832 0.771186 0.277588 0.770657 0.278076 0.768538 0.277100 0.767479 0.277100 0.765360
1 0.494629 0.760593 0.493896 0.763242 0.494873 0.765360 0.494629 0.765890 0.496094 0.765890 0.496582 0.764301 0.496338 0.762712
1 0.486328 0.763242 0.486084 0.766419 0.488525 0.768008 0.489258 0.765360 0.490479 0.768008 0.490479 0.769597 0.491699 0.769597 0.490967 0.768008 0.491211 0.766419 0.489746 0.764301 0.490479 0.763242 0.490234 0.761123 0.489502 0.760593 0.488770 0.761653 0.488281 0.759004 0.488525 0.760064 0.487305 0.762712
1 0.230469 0.758475 0.230469 0.760593 0.232422 0.763242 0.231934 0.765360 0.232422 0.766419 0.233154 0.766419 0.233154 0.764831 0.232666 0.764301 0.233154 0.763242 0.232178 0.762182 0.232666 0.761123 0.232666 0.759534 0.231201 0.759534
1 0.278809 0.759004 0.278564 0.760064 0.280273 0.764301 0.280762 0.764301 0.281738 0.766949 0.282227 0.766949 0.282227 0.768538 0.283936 0.768008 0.284180 0.769068 0.284424 0.768008 0.283691 0.767479 0.284180 0.766949 0.283936 0.763771 0.283447 0.763771 0.282959 0.762182 0.283447 0.761123 0.283691 0.758475 0.282959 0.759004 0.283203 0.759534 0.282471 0.761653 0.281494 0.761653 0.281006 0.760593 0.281250 0.757945
1 0.364014 0.760593 0.364502 0.761123 0.364746 0.760064 0.364990 0.761123 0.366699 0.762182 0.367188 0.760593 0.367188 0.758475 0.366455 0.756886 0.365723 0.756886 0.365234 0.759004
1 0.541748 0.754237 0.541260 0.757945 0.542480 0.759004 0.542725 0.755297
1 0.291992 0.754767 0.291260 0.754237 0.291748 0.753708 0.291504 0.753178 0.289062 0.754237 0.287109 0.753708 0.286865 0.754767 0.287598 0.756356 0.287842 0.754767 0.288086 0.755826 0.288818 0.754767 0.289795 0.754767 0.290039 0.755826 0.291260 0.755826 0.291260 0.754767
1 0.226562 0.753178 0.226318 0.756356 0.226807 0.756886 0.226807 0.759004 0.226562 0.759534 0.226318 0.757415 0.226074 0.759004 0.226562 0.759534 0.226562 0.763771 0.226807 0.764301 0.227295 0.763242 0.227539 0.764301 0.228271 0.764301 0.228271 0.763242 0.227051 0.761653 0.226807 0.757945 0.227295 0.756356 0.227295 0.754237
1 0.281006 0.754237 0.281982 0.754767 0.282227 0.755826 0.284424 0.756886 0.283447 0.754767 0.283447 0.752119 0.282715 0.751059 0.282227 0.751589 0.281738 0.754237
1 0.365723 0.752648 0.367188 0.755826 0.369141 0.753178 0.368896 0.750530 0.367920 0.751589 0.366699 0.750530
1 0.350830 0.745233 0.349609 0.746292 0.350098 0.748941 0.348877 0.751059 0.349121 0.753178 0.350830 0.753178 0.351074 0.750000 0.351562 0.749470
1 0.341309 0.745233 0.339600 0.746822 0.339600 0.750530 0.338623 0.754237 0.337646 0.753178 0.337646 0.751059 0.336182 0.747881 0.336182 0.745763 0.334961 0.746822 0.334229 0.748411 0.334229 0.751059 0.335449 0.751059 0.334961 0.753708 0.334229 0.754767 0.333496 0.751589 0.333252 0.753178 0.332031 0.753708 0.331787 0.754767 0.332031 0.756356 0.333252 0.757945 0.333008 0.760593 0.334229 0.762182 0.334961 0.762182 0.335693 0.760593 0.335938 0.757945 0.336914 0.757945 0.337891 0.755297 0.339111 0.755297 0.338867 0.754767 0.339600 0.752648 0.339355 0.751059 0.340332 0.750000
1 0.345703 0.744174 0.344482 0.750000 0.342773 0.751059 0.342285 0.752119 0.341797 0.751589 0.341064 0.753178 0.340820 0.757415 0.339600 0.759534 0.339600 0.760593 0.340576 0.762182 0.340820 0.766419 0.341797 0.766419 0.343750 0.763242 0.344238 0.764301 0.343994 0.767479 0.344971 0.768008 0.345947 0.770127 0.346436 0.769597 0.346436 0.770657 0.347168 0.771186 0.348145 0.773835 0.348877 0.770657 0.348633 0.769068 0.349609 0.766949 0.348145 0.766419 0.348145 0.763242 0.346191 0.763771 0.345215 0.765360 0.344727 0.764301 0.344727 0.762712 0.345459 0.760593 0.346436 0.760593 0.347656 0.759004 0.348145 0.760593 0.349365 0.757945 0.349365 0.755826 0.348877 0.755297 0.346924 0.757945 0.346191 0.756356 0.345459 0.751589 0.345459 0.748941 0.346680 0.745233
1 0.620605 0.741525 0.620361 0.742585 0.619629 0.743114 0.619385 0.742055 0.619141 0.745233 0.619873 0.746292 0.619873 0.748411 0.619385 0.749470 0.619141 0.748941 0.618896 0.750530 0.621094 0.753708 0.621338 0.750000 0.621826 0.751059 0.623535 0.750530 0.623535 0.746292 0.623047 0.745763 0.623047 0.744703 0.621826 0.744703
1 0.253418 0.740466 0.252441 0.743114 0.253906 0.745763 0.253906 0.748941 0.254639 0.746292 0.254639 0.743644
1 0.344727 0.738877 0.344238 0.738877 0.343262 0.741525 0.344238 0.744174 0.344971 0.743114
1 0.321045 0.738877 0.321045 0.743114 0.320068 0.744174 0.319824 0.745763 0.319092 0.744174 0.317871 0.746292 0.318359 0.746822 0.318359 0.747881 0.319336 0.747881 0.320068 0.746822 0.320312 0.745233 0.320801 0.745763 0.321045 0.744174 0.322021 0.743644 0.322021 0.746822 0.322510 0.746822 0.323242 0.748411 0.322754 0.748941 0.322754 0.750530 0.323486 0.748411 0.323486 0.745233 0.324463 0.743644 0.324707 0.745233 0.325439 0.744703 0.324951 0.742585 0.324463 0.743644 0.321777 0.742585 0.321533 0.739407
1 0.300537 0.738877 0.299561 0.740466 0.299561 0.742585 0.301025 0.745233 0.298828 0.746292 0.299316 0.747352 0.300049 0.747352 0.301025 0.745233 0.301758 0.746292 0.302246 0.745233 0.301758 0.741525 0.301025 0.741525
1 0.280273 0.738347 0.279785 0.739936 0.279785 0.743114 0.280273 0.744174 0.279297 0.746292 0.279053 0.745763 0.279297 0.747881 0.280029 0.746822 0.280273 0.747352 0.281494 0.745233 0.281982 0.745233 0.282227 0.747352 0.282715 0.747352 0.282715 0.744703 0.283691 0.743114 0.284180 0.744174 0.283691 0.748411 0.286865 0.748411 0.287354 0.752648 0.287842 0.748941 0.286865 0.747352 0.287354 0.744703 0.286865 0.743114 0.286377 0.743114 0.286133 0.742055 0.284424 0.742585 0.284424 0.739407 0.282959 0.741525 0.281738 0.739407 0.281738 0.740996 0.281250 0.741525
1 0.412109 0.740466 0.410400 0.740466 0.409912 0.739407 0.409912 0.737818 0.408936 0.740466 0.406250 0.742585 0.406738 0.744703 0.405762 0.745763 0.405273 0.744703 0.405762 0.744174 0.405762 0.740466 0.405273 0.740466 0.405029 0.742055 0.404785 0.740466 0.404541 0.741525 0.402832 0.740466 0.402100 0.738877 0.402344 0.740996 0.401367 0.743114 0.401855 0.744174 0.401855 0.743114 0.402344 0.743114 0.402588 0.747352 0.403564 0.746292 0.407959 0.746822 0.408203 0.745763 0.407471 0.744174 0.408203 0.743114 0.408447 0.741525 0.410645 0.742585
1 0.362793 0.739936 0.362793 0.738877 0.361084 0.736229 0.358398 0.737288 0.358887 0.739407 0.359619 0.738347 0.360596 0.738877 0.361328 0.740996
1 0.614746 0.735699 0.614502 0.736229 0.615234 0.737288 0.614746 0.738877 0.615479 0.740466 0.615479 0.741525 0.616455 0.741525 0.617188 0.743644 0.617432 0.741525 0.616211 0.740466 0.616455 0.737818 0.615967 0.737818 0.615479 0.735699
1 0.336670 0.737818 0.337646 0.739936 0.338867 0.740996 0.340576 0.740466 0.340576 0.739407 0.341064 0.739936 0.341064 0.740996 0.341553 0.740466 0.341309 0.737288 0.340088 0.737818 0.339111 0.735699 0.338135 0.736758 0.337891 0.735699
1 0.311279 0.736758 0.312012 0.738877 0.311523 0.739407 0.312012 0.741525 0.312256 0.739407 0.313232 0.739936 0.313232 0.737818 0.315186 0.741525 0.315186 0.742585 0.315186 0.740466 0.313232 0.737818 0.313477 0.736229 0.312988 0.736758 0.312988 0.735699
1 0.508789 0.735169 0.509277 0.737818 0.508789 0.738877 0.508057 0.738877 0.508301 0.742585 0.509766 0.742055 0.510254 0.740466 0.510742 0.741525 0.511475 0.741525 0.511719 0.740996 0.509277 0.736229 0.509766 0.735699
1 0.456055 0.734110 0.455566 0.735699 0.456055 0.737818 0.455811 0.739936 0.456055 0.740996 0.456787 0.740996 0.457764 0.746822 0.458740 0.748941 0.458740 0.751059 0.457764 0.752648 0.457031 0.752648 0.456543 0.754767 0.455566 0.754767 0.455811 0.754237 0.456055 0.755297 0.456299 0.754237 0.458008 0.757945 0.458496 0.761653 0.458984 0.761653 0.459717 0.760064 0.459473 0.756886 0.460449 0.756356 0.460938 0.757415 0.460693 0.758475 0.461426 0.759534 0.461182 0.761123 0.461426 0.760064 0.462402 0.760064 0.463135 0.763242 0.463867 0.763242 0.463867 0.764831 0.464844 0.764831 0.463379 0.760593 0.463623 0.757945 0.464111 0.756886 0.463379 0.754237 0.463867 0.753708 0.465088 0.757945 0.465820 0.756356 0.465820 0.753178 0.463867 0.752119 0.462891 0.746292 0.461426 0.747352 0.461914 0.747881 0.461670 0.748411 0.462402 0.750530 0.460938 0.751059 0.458252 0.739407 0.457031 0.737818 0.456543 0.734110
1 0.280762 0.733051 0.280762 0.734640 0.281738 0.734640 0.282715 0.736229 0.284912 0.736758 0.285400 0.734640 0.285156 0.733581 0.284424 0.734110 0.282715 0.733051 0.281738 0.734110
1 0.453369 0.731992 0.452637 0.731992 0.452148 0.733051 0.452881 0.736229 0.452637 0.743114 0.453125 0.744703 0.452637 0.745763 0.450684 0.745763 0.450439 0.743644 0.449951 0.743114 0.449951 0.741525 0.449463 0.743644 0.449463 0.751589 0.448730 0.753178 0.448730 0.755297 0.449463 0.753708 0.450928 0.753178 0.451660 0.754767 0.451660 0.758475 0.452393 0.754237 0.453125 0.753178 0.453613 0.754237 0.453613 0.756356 0.454102 0.756886 0.454834 0.755826 0.455078 0.754237 0.453369 0.753708 0.453613 0.751589 0.454834 0.751589 0.455078 0.750530 0.456299 0.750530 0.456543 0.751589 0.457275 0.750000 0.457275 0.747352 0.456543 0.746292 0.456787 0.744703 0.456299 0.743644 0.454834 0.743114 0.455566 0.740996 0.454346 0.738877 0.454590 0.737288 0.453613 0.736758
1 0.308105 0.728814 0.307129 0.728814 0.306396 0.730932 0.306396 0.733051 0.305664 0.736229 0.306152 0.739407 0.306885 0.737288 0.308105 0.738877 0.308350 0.734640 0.309570 0.731992 0.309570 0.730932
1 0.328857 0.724576 0.327148 0.726165 0.327393 0.728814 0.328369 0.731992 0.327148 0.735169 0.325684 0.737288 0.324707 0.734110 0.324951 0.733581 0.324707 0.733051 0.324219 0.734110 0.323730 0.733051 0.323242 0.736229 0.323975 0.737288 0.323730 0.738347 0.325195 0.737818 0.326172 0.738877 0.326660 0.740466 0.326904 0.739936 0.327148 0.742055 0.326660 0.742585 0.327637 0.742585 0.328369 0.739936 0.329102 0.741525 0.329102 0.743114 0.329590 0.742055 0.330078 0.742585 0.329834 0.743114 0.330322 0.742585 0.329834 0.741525 0.330322 0.740466 0.329590 0.740466 0.328857 0.738877 0.328369 0.734640 0.329590 0.732521 0.330322 0.733581 0.330811 0.732521 0.330322 0.730403 0.330811 0.730403 0.331543 0.728814 0.331299 0.729343 0.330322 0.727754 0.330811 0.726695 0.331543 0.727754 0.332031 0.727225 0.332031 0.726165 0.329834 0.725636
1 0.288574 0.724576 0.289062 0.729343 0.289551 0.729873 0.289307 0.730932 0.288818 0.730403 0.288818 0.732521 0.289551 0.733581 0.288330 0.737288 0.289307 0.740466 0.290771 0.740466 0.290527 0.738877 0.290039 0.738877 0.290039 0.736758 0.290771 0.736758 0.292969 0.742585 0.293457 0.741525 0.294434 0.742055 0.296387 0.738877 0.296631 0.737288 0.297363 0.737818 0.297119 0.738877 0.296875 0.738347 0.296875 0.740996 0.298340 0.739936 0.298584 0.738347 0.297607 0.736229 0.298340 0.735699 0.298828 0.733051 0.298584 0.733581 0.298096 0.732521 0.296631 0.731992 0.296875 0.733581 0.297852 0.734110 0.297607 0.735169 0.296875 0.735169 0.295410 0.732521 0.293945 0.731992 0.292480 0.734640 0.292236 0.731992 0.291504 0.730403 0.291504 0.728284 0.291992 0.726695 0.291504 0.726695 0.291016 0.724576
1 0.411133 0.719280 0.410645 0.720869 0.411133 0.721398 0.411621 0.725106 0.411133 0.725636 0.411133 0.727225 0.410400 0.729343 0.411621 0.728284 0.413086 0.729873 0.413330 0.728284 0.412842 0.727225 0.412842 0.724576 0.412354 0.724047 0.412598 0.719809
1 0.324463 0.719280 0.325195 0.720339 0.324951 0.722458 0.325439 0.723517 0.324219 0.725636 0.324707 0.728284 0.324707 0.731462 0.325195 0.731462 0.325195 0.724047 0.325928 0.722458 0.325195 0.720869 0.325195 0.719809
1 0.307617 0.719809 0.307617 0.720869 0.308350 0.722458 0.309082 0.722458 0.309570 0.724576 0.310791 0.724576 0.311035 0.725636 0.311768 0.725106 0.312256 0.726165 0.312744 0.725106 0.313232 0.726165 0.313965 0.726165 0.314209 0.724047 0.314941 0.725636 0.314453 0.726695 0.314697 0.727225 0.313965 0.728814 0.313477 0.728814 0.313965 0.731992 0.314697 0.729343 0.315918 0.729873 0.315918 0.727754 0.314941 0.727225 0.315186 0.725636 0.313477 0.721928 0.314209 0.719809 0.313232 0.720869 0.312988 0.719280 0.313965 0.718220 0.312988 0.718750 0.312256 0.721928 0.311523 0.722987 0.310059 0.721928 0.309570 0.719280 0.309082 0.718750 0.308350 0.720339
1 0.506836 0.717691 0.506836 0.720869 0.507812 0.721928 0.508057 0.721398 0.508301 0.722458 0.508789 0.721928 0.508545 0.720339 0.507812 0.719809 0.508301 0.717691 0.508057 0.718750 0.507568 0.717161
1 0.453369 0.716631 0.452881 0.718220 0.452881 0.720339 0.453369 0.722987 0.454346 0.724047 0.454590 0.721398
1 0.330078 0.721928 0.333252 0.721928 0.333984 0.722987 0.334717 0.721928 0.334961 0.719280 0.336914 0.719809 0.337158 0.718750 0.336426 0.716631 0.333740 0.717161 0.333252 0.716102 0.331055 0.720869 0.330078 0.720869
1 0.379639 0.716102 0.379395 0.720339 0.380127 0.720869 0.381348 0.724576 0.384033 0.721398 0.384033 0.719280 0.383301 0.718220 0.382568 0.718750 0.381592 0.715572 0.380615 0.717691 0.380127 0.717161 0.380127 0.716102
1 0.408203 0.715042 0.407227 0.716631 0.408203 0.718220 0.407959 0.720339 0.408691 0.722458 0.409912 0.720869 0.409912 0.719280 0.409424 0.718750 0.409424 0.716102
1 0.254395 0.713983 0.253906 0.715572 0.252930 0.716102 0.252441 0.719809 0.253418 0.720339 0.253906 0.717161 0.254883 0.719280 0.254883 0.715572
1 0.281738 0.712394 0.280762 0.716102 0.280762 0.719280 0.281982 0.718750 0.282471 0.720339 0.283203 0.720869 0.283447 0.725636 0.282715 0.729343 0.283691 0.729343 0.284424 0.728284 0.284424 0.727225 0.283447 0.725636 0.283447 0.724047 0.284180 0.723517 0.284668 0.724576 0.285889 0.724576 0.286133 0.722987 0.287598 0.720339 0.286377 0.717691 0.283691 0.717161 0.282715 0.715042 0.282715 0.713453
1 0.355469 0.715572 0.354492 0.712394 0.354492 0.710805 0.354004 0.711335 0.353027 0.710275 0.349854 0.713453 0.349121 0.711864 0.349121 0.709746 0.348389 0.709746 0.348145 0.711335 0.348633 0.714513 0.345703 0.715572 0.344971 0.719280 0.343750 0.718220 0.343506 0.719280 0.343994 0.720869 0.343262 0.722987 0.341064 0.723517 0.340332 0.721398 0.340332 0.719809 0.339600 0.722987 0.338867 0.723517 0.338135 0.725636 0.336914 0.726165 0.336182 0.727754 0.335449 0.726695 0.335693 0.725636 0.334717 0.726695 0.334717 0.728284 0.335938 0.728284 0.336426 0.729343 0.336182 0.729873 0.333496 0.729873 0.332031 0.731462 0.333740 0.731992 0.337158 0.730403 0.337891 0.727225 0.339355 0.725636 0.341797 0.726165 0.342529 0.727754 0.342529 0.730932 0.344482 0.728284 0.346191 0.730403 0.345459 0.728814 0.346680 0.727225 0.349609 0.734640 0.349121 0.735699 0.347900 0.735699 0.346436 0.737288 0.346436 0.738877 0.347900 0.738347 0.348633 0.740466 0.351807 0.735699 0.352783 0.736758 0.352783 0.735169 0.354248 0.731992 0.353516 0.728814 0.354248 0.725636 0.353027 0.728814 0.352295 0.729343 0.352295 0.731462 0.351074 0.731462 0.350586 0.729343 0.351807 0.728284 0.352295 0.724576 0.354004 0.721928 0.354248 0.717691 0.353516 0.716102 0.354980 0.715572 0.355469 0.717161
1 0.385742 0.709216 0.385254 0.711335 0.386230 0.711335 0.386719 0.712394 0.387207 0.715572 0.386719 0.717691 0.387939 0.717161 0.387939 0.716102 0.387207 0.714513 0.387451 0.712394 0.386963 0.709746
1 0.334961 0.709746 0.335205 0.712394 0.336426 0.712394 0.336914 0.713453 0.337646 0.712924 0.337646 0.710805 0.337158 0.709746 0.335938 0.710275 0.335693 0.708686
1 0.366699 0.710805 0.367432 0.710805 0.368408 0.712394 0.369873 0.711335 0.368896 0.707627 0.368408 0.707627
1 0.397949 0.703919 0.396729 0.704449 0.395264 0.707097 0.395508 0.707627 0.394531 0.710275 0.394531 0.712394 0.395020 0.712924 0.394775 0.716102 0.393799 0.716102 0.392822 0.717691 0.392578 0.716631 0.391602 0.716631 0.391357 0.721398 0.391846 0.722987 0.393066 0.721928 0.394043 0.723517 0.394775 0.720339 0.395264 0.719809 0.395264 0.718220 0.394531 0.718220 0.394287 0.717161 0.395020 0.715572 0.395508 0.716102 0.395996 0.714513 0.397461 0.713453 0.397949 0.709216 0.398682 0.711335 0.398438 0.708157 0.398193 0.709746 0.397705 0.708686 0.398193 0.706568 0.398682 0.707097
1 0.307861 0.709216 0.307129 0.708686 0.306641 0.710805 0.305908 0.711864 0.306396 0.713453 0.306152 0.714513 0.305176 0.712924 0.305420 0.712394 0.304932 0.713983 0.304443 0.713983 0.304443 0.711864 0.303223 0.709746 0.302246 0.709216 0.301270 0.707097 0.300781 0.703919 0.299805 0.703919 0.300049 0.707097 0.299316 0.708157 0.299072 0.706038 0.297607 0.706038 0.296875 0.704979 0.295654 0.709216 0.294678 0.709216 0.294189 0.708157 0.294434 0.708686 0.292725 0.712394 0.291992 0.712924 0.291504 0.711864 0.291992 0.712924 0.291504 0.713983 0.291992 0.715572 0.291016 0.719280 0.291260 0.720339 0.290527 0.721398 0.289795 0.719809 0.289551 0.720869 0.290039 0.722458 0.292480 0.721928 0.293701 0.722987 0.293945 0.726165 0.295898 0.728284 0.297119 0.726695 0.297119 0.724047 0.296631 0.723517 0.295410 0.724576 0.294922 0.722458 0.295410 0.721928 0.295166 0.720869 0.295654 0.719809 0.297119 0.719809 0.297607 0.718750 0.296875 0.715572 0.297363 0.711335 0.299316 0.710275 0.299805 0.713453 0.300293 0.713983 0.300293 0.716102 0.301025 0.714513 0.301514 0.717161 0.302246 0.716102 0.302002 0.713983 0.302490 0.710805 0.303223 0.711335 0.305176 0.716102 0.305664 0.715572 0.306152 0.716631 0.307129 0.716631 0.307861 0.715042 0.307373 0.711335
1 0.520996 0.706038 0.520752 0.703919 0.520020 0.703390 0.519287 0.707627 0.518799 0.708686 0.517822 0.708686 0.517090 0.710275 0.517090 0.711335 0.516113 0.709746 0.516846 0.706568 0.516602 0.706038 0.515137 0.708157 0.514404 0.708157 0.513672 0.710805 0.512939 0.707627 0.512695 0.708157 0.512207 0.707097 0.511475 0.707097 0.510742 0.708157 0.510986 0.709216 0.511230 0.708157 0.512939 0.710275 0.512939 0.711335 0.512451 0.711864 0.512695 0.712924 0.513428 0.711864 0.514404 0.711864 0.515137 0.713983 0.516357 0.713983 0.517090 0.712924 0.517578 0.714513 0.516846 0.715572 0.517334 0.715572 0.517822 0.717691 0.519531 0.717161 0.519531 0.715572 0.519043 0.714513 0.518555 0.715042 0.517578 0.712924 0.517578 0.711864 0.518066 0.710805 0.518799 0.712924 0.518555 0.713453 0.519043 0.713453 0.519531 0.711864 0.519775 0.712924 0.520264 0.711864 0.520020 0.710275 0.520508 0.709746
1 0.389648 0.702860 0.390137 0.706568 0.391113 0.706038 0.391602 0.707097 0.390869 0.710275 0.392090 0.710275 0.392090 0.709216 0.393066 0.707097 0.392090 0.703919
1 0.305420 0.703390 0.306396 0.706568 0.307861 0.704979 0.307373 0.703390 0.306641 0.703390 0.305908 0.701801
1 0.325195 0.701801 0.325439 0.704449 0.325928 0.705508 0.326904 0.704979 0.326416 0.704449 0.326904 0.703390 0.327148 0.703919 0.327148 0.702331 0.326660 0.701271
1 0.362061 0.699153 0.360596 0.700742 0.360352 0.702860 0.359619 0.703919 0.359619 0.705508 0.357666 0.706568 0.357422 0.708686 0.356201 0.710805 0.358643 0.711335 0.359863 0.710275 0.360840 0.708157 0.362061 0.702860 0.362549 0.702331 0.362061 0.701271
1 0.179443 0.699682 0.178711 0.700742 0.179688 0.702331 0.179688 0.706568 0.178955 0.708157 0.178467 0.708157 0.178223 0.707097 0.177979 0.708157 0.177734 0.707627 0.177734 0.708686 0.177979 0.708157 0.178223 0.709216 0.178955 0.708157 0.179688 0.710275 0.181885 0.711335 0.182373 0.713983 0.182129 0.715042 0.182373 0.713983 0.182617 0.716102 0.182861 0.713983 0.182129 0.713453 0.182129 0.711335 0.184082 0.711335 0.184082 0.712394 0.184570 0.712924 0.184570 0.713983 0.183838 0.714513 0.184082 0.715572 0.185059 0.711864 0.183838 0.711335 0.183838 0.708686 0.182617 0.708157 0.182617 0.707097 0.183350 0.706038 0.183350 0.703919 0.182861 0.703919 0.182129 0.705508 0.180664 0.706038 0.179932 0.702860 0.180420 0.700742 0.181885 0.700212 0.182373 0.698623 0.181396 0.699682
1 0.315918 0.699153 0.315186 0.698093 0.314697 0.699153 0.313232 0.699682 0.312500 0.702331 0.311523 0.702331 0.311523 0.703390 0.310059 0.706038 0.311768 0.704979 0.311768 0.703919 0.312500 0.702331 0.313965 0.702860 0.314453 0.704979 0.313477 0.707627 0.314453 0.709746 0.315674 0.709746 0.315430 0.707097 0.315918 0.704449 0.315674 0.701801 0.316162 0.700742
1 0.602783 0.695975 0.604492 0.695975 0.604736 0.697034 0.605713 0.697564 0.606445 0.701271 0.607178 0.699682 0.606689 0.697564 0.606445 0.698093 0.605957 0.696504 0.605225 0.696504 0.604736 0.693856 0.604004 0.694386 0.603516 0.695975
1 0.444092 0.693856 0.437988 0.702860 0.438965 0.720869 0.436279 0.716631 0.437012 0.708686 0.433838 0.727225 0.428711 0.729343 0.431152 0.731462 0.431396 0.737288 0.429199 0.738877 0.429688 0.736229 0.426514 0.730403 0.427490 0.726695 0.426025 0.729873 0.425293 0.728284 0.427979 0.720869 0.424316 0.723517 0.425293 0.726695 0.424316 0.729343 0.426758 0.730932 0.424561 0.735169 0.423584 0.730932 0.421631 0.731462 0.422607 0.723517 0.420898 0.728814 0.420654 0.722458 0.417480 0.722458 0.421387 0.729873 0.417480 0.730932 0.414062 0.722458 0.414551 0.733581 0.417725 0.733051 0.421875 0.737818 0.418701 0.740996 0.417480 0.738347 0.412598 0.740996 0.415283 0.744703 0.421631 0.743114 0.423096 0.747881 0.425537 0.740996 0.425049 0.747352 0.427490 0.748411 0.427002 0.752119 0.428711 0.746822 0.431396 0.759534 0.431885 0.744174 0.433594 0.758475 0.433594 0.754237 0.434814 0.753708 0.435547 0.756886 0.438477 0.757415 0.437256 0.762182 0.438477 0.764301 0.444336 0.764831 0.443848 0.760593 0.441895 0.760064 0.442383 0.755297 0.440186 0.753708 0.442383 0.753178 0.441650 0.746822 0.439697 0.746292 0.440918 0.742055 0.441895 0.744174 0.442139 0.729873 0.443848 0.730932 0.442139 0.727754 0.442871 0.725106 0.443848 0.727225 0.445068 0.718220 0.447510 0.712394 0.446045 0.705508 0.446777 0.712394 0.444336 0.713983 0.443848 0.721398 0.442871 0.721398 0.442139 0.711864 0.444824 0.711335 0.445068 0.708686 0.441406 0.708686 0.441162 0.703919 0.444092 0.698623
1 0.642578 0.691737 0.642578 0.695445 0.644043 0.695975 0.644287 0.693326 0.643555 0.691737
1 0.474854 0.694915 0.476318 0.695445 0.476807 0.693856 0.478271 0.694386 0.478516 0.695975 0.479736 0.694386 0.480957 0.694386 0.480713 0.687500 0.479492 0.686970 0.479492 0.688030 0.479004 0.688559 0.478760 0.686441 0.477051 0.686441 0.476807 0.687500 0.476318 0.687500 0.476562 0.691208 0.476074 0.691737 0.475586 0.694386
1 0.183105 0.685911 0.183594 0.689619 0.182861 0.691208 0.182861 0.692797 0.183105 0.693326 0.183594 0.691737 0.184814 0.691737 0.185059 0.692797 0.185547 0.691737 0.185059 0.691208 0.185059 0.688559
1 0.333496 0.688559 0.333496 0.693856 0.333984 0.693856 0.334473 0.695445 0.336182 0.694915 0.337646 0.696504 0.338623 0.696504 0.339355 0.698623 0.340820 0.698093 0.341797 0.699153 0.343018 0.699153 0.345215 0.702331 0.347412 0.701271 0.347656 0.699153 0.348389 0.699153 0.351562 0.705508 0.352051 0.709216 0.352783 0.709216 0.354004 0.706568 0.354248 0.703919 0.356445 0.705508 0.356689 0.704449 0.357422 0.704449 0.357910 0.702331 0.357666 0.701801 0.359619 0.697034 0.359375 0.695445 0.358887 0.696504 0.358398 0.694386 0.357422 0.694386 0.356201 0.692797 0.355469 0.692797 0.354980 0.694386 0.353027 0.686970 0.352539 0.686970 0.350342 0.690678 0.349121 0.690678 0.348877 0.691737 0.347656 0.690678 0.347168 0.692797 0.345459 0.689089 0.343994 0.689619 0.343262 0.688559 0.342773 0.689619 0.342041 0.689619 0.341553 0.688559 0.341797 0.688030 0.340332 0.687500 0.340332 0.685381 0.339844 0.684852 0.337402 0.686441 0.336670 0.688559 0.335938 0.688559 0.335693 0.687500 0.334473 0.687500 0.334229 0.688559
1 0.264160 0.685381 0.264404 0.688030 0.265137 0.690148 0.266846 0.689089 0.265381 0.687500 0.266357 0.686441 0.265625 0.686441 0.264648 0.684852
1 0.612305 0.684322 0.611328 0.686970 0.611572 0.687500 0.611572 0.686441 0.612305 0.685911 0.612793 0.686970 0.612793 0.688559 0.614258 0.690148 0.613770 0.690678 0.614014 0.692267 0.615479 0.692797 0.616699 0.695445 0.616943 0.693856 0.616455 0.693856 0.615967 0.692267 0.616455 0.691208 0.616211 0.688559 0.615479 0.688559 0.615723 0.689619 0.614502 0.690678 0.613770 0.689089 0.614258 0.688030 0.613770 0.687500 0.615723 0.687500 0.613770 0.686441 0.613770 0.685381 0.613525 0.685911 0.613281 0.684852
1 0.485352 0.685381 0.484131 0.683792 0.484619 0.684852 0.484131 0.687500 0.483643 0.686970 0.483887 0.685911 0.482666 0.684322 0.481689 0.684852 0.481445 0.685911 0.483154 0.685911 0.483398 0.686970 0.482666 0.688559 0.482910 0.689619 0.483887 0.687500 0.484619 0.689619 0.485107 0.688559 0.484863 0.686970
1 0.330566 0.683792 0.328857 0.685911 0.327148 0.690678 0.326904 0.692797 0.327637 0.693856 0.327637 0.695445 0.328857 0.695445 0.330322 0.692267
1 0.478516 0.683263 0.479492 0.683792 0.480225 0.682733 0.481201 0.683792 0.482422 0.682203 0.482422 0.681144 0.480957 0.681144 0.480225 0.682203 0.480225 0.680614 0.479980 0.681144 0.479736 0.680085 0.478516 0.682203
1 0.517822 0.679555 0.517090 0.683263 0.517822 0.684852 0.519043 0.685381 0.519775 0.683792 0.519775 0.682203 0.519043 0.682203
1 0.265137 0.680085 0.265137 0.681674 0.265869 0.683792 0.266846 0.682203 0.268066 0.682203 0.268799 0.681144 0.269287 0.681674 0.269287 0.679555 0.268066 0.678496 0.266846 0.679025 0.266357 0.677966 0.266113 0.678496 0.266602 0.679025 0.266113 0.680085 0.266113 0.682203
1 0.378174 0.677966 0.375977 0.677966 0.375977 0.681674 0.377197 0.682203
1 0.298096 0.675847 0.297119 0.676907 0.296631 0.679025 0.296143 0.678496 0.294189 0.680614 0.294189 0.683792 0.292725 0.685381 0.292725 0.687500 0.294189 0.688030 0.294922 0.684852 0.295654 0.684852 0.296631 0.686970 0.296875 0.685911 0.297363 0.690148 0.299072 0.692797 0.299805 0.692267 0.299805 0.695975 0.300781 0.697564 0.302246 0.694386 0.302979 0.694386 0.302490 0.693326 0.303223 0.691737 0.303223 0.690148 0.301025 0.688030 0.301758 0.686970 0.302002 0.687500 0.302246 0.685911 0.301025 0.685381 0.301270 0.682733 0.300293 0.681144 0.300537 0.680085 0.299805 0.679025 0.299316 0.679025 0.299072 0.680085
1 0.241699 0.674788 0.241455 0.677436 0.242676 0.678496 0.244873 0.677966 0.244385 0.677966 0.243652 0.675318 0.242920 0.677436
1 0.279053 0.674788 0.279297 0.676377 0.278320 0.677966 0.279785 0.679555 0.281250 0.677966 0.279541 0.674258 0.279297 0.675318
1 0.274902 0.673729 0.273926 0.673729 0.273682 0.674788 0.273193 0.674258 0.273438 0.675318 0.272461 0.675847 0.272949 0.679025 0.273193 0.677966 0.273438 0.679025 0.275391 0.677966
1 0.184326 0.671610 0.182861 0.672669 0.182617 0.672140 0.182129 0.673729 0.181885 0.673199 0.182129 0.675318 0.182861 0.676377 0.184082 0.675318 0.184814 0.673729
1 0.305664 0.675847 0.306641 0.677436 0.308350 0.676907 0.308105 0.675318 0.308594 0.674258 0.309570 0.675847 0.309326 0.677436 0.309814 0.677436 0.310059 0.678496 0.308838 0.679025 0.308594 0.681674 0.307861 0.682733 0.307617 0.682203 0.307373 0.683792 0.307129 0.682733 0.307373 0.684322 0.308105 0.685381 0.308594 0.685381 0.308350 0.684852 0.309326 0.683263 0.309326 0.682203 0.310059 0.680614 0.310547 0.681674 0.311279 0.680614 0.312500 0.682733 0.316162 0.682733 0.317627 0.683792 0.317871 0.685381 0.319580 0.688030 0.320801 0.689089 0.322998 0.689089 0.323730 0.690148 0.324219 0.687500 0.324707 0.686970 0.324707 0.684852 0.327393 0.685911 0.327637 0.686970 0.328125 0.686441 0.327881 0.684852 0.327148 0.685381 0.326660 0.684322 0.326416 0.682203 0.328125 0.681674 0.328125 0.682733 0.328613 0.681144 0.322266 0.681144 0.321045 0.679555 0.320557 0.675318 0.319580 0.676907 0.318359 0.676907 0.317383 0.675847 0.316895 0.676907 0.317383 0.677966 0.318604 0.677436 0.318848 0.678496 0.316895 0.679025 0.316162 0.676377 0.315674 0.676377 0.314941 0.674258 0.314697 0.675318 0.314209 0.672669 0.312744 0.670021 0.312744 0.673199 0.313477 0.673729 0.313232 0.675847 0.312256 0.674788 0.312256 0.673199 0.308838 0.674258 0.308105 0.673199 0.307373 0.674788 0.306641 0.673729
1 0.263184 0.676907 0.261963 0.677966 0.258301 0.677436 0.258545 0.676377 0.262207 0.676377 0.262207 0.675318 0.262695 0.674788 0.262207 0.674258 0.261230 0.675847 0.260742 0.674788 0.259277 0.675318 0.258301 0.673729 0.258301 0.672669 0.260986 0.667903 0.260498 0.668432 0.260254 0.667373 0.259277 0.668432 0.258301 0.672140 0.257080 0.671081 0.255371 0.672140 0.256104 0.672669 0.256348 0.674258 0.255127 0.675318 0.254883 0.676377 0.256592 0.675847 0.257568 0.677966 0.257812 0.680614
1 0.388672 0.667373 0.388184 0.670021 0.389160 0.671610 0.390381 0.671610 0.390625 0.669492 0.389893 0.666843
1 0.400635 0.666314 0.399902 0.670551 0.399170 0.671610 0.398193 0.670021 0.397949 0.672669 0.399170 0.673199 0.400391 0.671081 0.401123 0.668432
1 0.243896 0.665254 0.244141 0.666843 0.245117 0.666314 0.245361 0.666843 0.244629 0.667373 0.245605 0.667373 0.246094 0.668432 0.245117 0.669492 0.245361 0.670021 0.246338 0.668962 0.246582 0.670021 0.247314 0.668962 0.248291 0.668962 0.247070 0.666314 0.247314 0.667903 0.246582 0.668432 0.245117 0.665254
1 0.379883 0.665254 0.379150 0.664195 0.378418 0.664725 0.377686 0.666314 0.377930 0.668432 0.379150 0.668432
1 0.286865 0.664195 0.285400 0.663665 0.284668 0.665254 0.284180 0.665254 0.283936 0.664195 0.283203 0.664725 0.283691 0.665254 0.283203 0.667373 0.284424 0.666843 0.284668 0.668432 0.284912 0.666843 0.285889 0.666843 0.286133 0.667903 0.286621 0.667373 0.286377 0.666843
1 0.195068 0.656780 0.193604 0.657839 0.193359 0.657309 0.193359 0.661547 0.195312 0.661547
1 0.308105 0.656780 0.306396 0.656250 0.305908 0.657309 0.305664 0.661017 0.306152 0.662606 0.307373 0.659958 0.307373 0.658369
1 0.312988 0.655720 0.312500 0.655720 0.312500 0.659428 0.312012 0.660487 0.311523 0.659958 0.311768 0.662076 0.312744 0.663665 0.312744 0.661017 0.312256 0.659958 0.312988 0.659958 0.313477 0.656780
1 0.394043 0.655191 0.393555 0.656250 0.393311 0.659428 0.395264 0.658898 0.395752 0.657839 0.395752 0.656250 0.395264 0.655191
1 0.485107 0.654661 0.483154 0.655191 0.482422 0.658369 0.481201 0.660487 0.481934 0.664725 0.482910 0.664195 0.482666 0.663665 0.483398 0.661547 0.484131 0.661547 0.484131 0.659428 0.484619 0.658369 0.485107 0.659428 0.485596 0.658898
1 0.081543 0.653602 0.081787 0.657309 0.083008 0.659428 0.085205 0.656780 0.083496 0.653602
1 0.403564 0.652542 0.403320 0.655720 0.403809 0.657309 0.402832 0.658369 0.402588 0.660487 0.401855 0.659958 0.401123 0.661547 0.402100 0.662076 0.402588 0.661017 0.402832 0.662606 0.403320 0.662606 0.402832 0.664725 0.403076 0.665784 0.405029 0.665784 0.405273 0.661547 0.404053 0.656250 0.404297 0.652542
1 0.250488 0.655191 0.250000 0.654661 0.249512 0.652542 0.249756 0.652013 0.249023 0.653072 0.247314 0.653072 0.247559 0.656250 0.248779 0.653602 0.249023 0.654661 0.249512 0.654661 0.249512 0.655720
1 0.345459 0.651483 0.346680 0.655720 0.347168 0.659958 0.347656 0.658369 0.348633 0.659958 0.348145 0.662076 0.346924 0.664195 0.345459 0.664725 0.345215 0.667903 0.345703 0.670551 0.345947 0.670021 0.346680 0.672140 0.347656 0.672669 0.347656 0.675847 0.347900 0.673199 0.349609 0.673199 0.350342 0.675847 0.351562 0.676907 0.351807 0.679555 0.352783 0.675847 0.352051 0.673199 0.352783 0.670021 0.352051 0.670551 0.351562 0.669492 0.351562 0.666314 0.351074 0.665784 0.351318 0.665254 0.350830 0.662606 0.351074 0.662076 0.352051 0.663665 0.352051 0.662076 0.351318 0.661547 0.351562 0.659958 0.350342 0.659958 0.348877 0.658369 0.347168 0.654131 0.347168 0.652013
1 0.384277 0.650424 0.384033 0.651483 0.384766 0.653072 0.383789 0.655720 0.384521 0.655720 0.385498 0.658369 0.385498 0.656250 0.385010 0.655191 0.385254 0.652542 0.385010 0.650953
1 0.291748 0.646186 0.290527 0.646186 0.290283 0.647246 0.287598 0.646716 0.286377 0.647246 0.285889 0.648305 0.285156 0.647775 0.285889 0.646186 0.284668 0.648305 0.284180 0.652542 0.281982 0.657839 0.281494 0.656780 0.281006 0.657839 0.279541 0.655720 0.279785 0.655191 0.277832 0.654131 0.277344 0.655720 0.275879 0.654661 0.273682 0.654661 0.273438 0.657839 0.274658 0.656250 0.275391 0.656780 0.275391 0.658369 0.276611 0.661547 0.276367 0.662076 0.276855 0.661547 0.277100 0.663136 0.278076 0.664195 0.277588 0.665784 0.277344 0.665254 0.277344 0.666843 0.278076 0.667373 0.278564 0.669492 0.280029 0.667903 0.281250 0.667903 0.281738 0.669492 0.281738 0.668432 0.282227 0.667903 0.281738 0.666843 0.281494 0.668432 0.281250 0.666843 0.280029 0.665254 0.280518 0.663665 0.281250 0.663665 0.281006 0.661017 0.282471 0.661017 0.282227 0.661547 0.282715 0.662076 0.281982 0.663665 0.281738 0.662606 0.281738 0.664725 0.282471 0.664195 0.282715 0.666314 0.282715 0.663136 0.283203 0.662076 0.282715 0.661547 0.283936 0.658898 0.283936 0.656780 0.284668 0.656250 0.284912 0.653602 0.286377 0.651483 0.286133 0.650424 0.287842 0.648835 0.288574 0.650953 0.289062 0.649894 0.289551 0.650424 0.289062 0.653072 0.290039 0.652013 0.291504 0.652542 0.291748 0.650424 0.291260 0.649894
1 0.396240 0.641949 0.395508 0.642479 0.395508 0.644597 0.394043 0.648305 0.395752 0.647775 0.396973 0.644068
1 0.262207 0.641949 0.261719 0.641949 0.261230 0.644597 0.260742 0.643538 0.260010 0.648305 0.259277 0.647246 0.259277 0.650953 0.260254 0.650953 0.261475 0.648305 0.262451 0.647775 0.262939 0.643538 0.262695 0.644068
1 0.310791 0.642479 0.311035 0.643538 0.311523 0.643538 0.312012 0.645657 0.312744 0.645127 0.313477 0.646716 0.313477 0.648305 0.314697 0.646716 0.313721 0.644597 0.313721 0.641949 0.313232 0.641949 0.312988 0.640890 0.312012 0.643538 0.311523 0.642479
1 0.343750 0.640890 0.343262 0.640360 0.341797 0.641419 0.341797 0.642479 0.343018 0.641949 0.343506 0.644068 0.342041 0.644068 0.341797 0.645657 0.340332 0.647775 0.340332 0.648835 0.341064 0.648835 0.342529 0.645657 0.343262 0.646186 0.342529 0.648305 0.343994 0.648835 0.344238 0.647246 0.343506 0.646186 0.344238 0.644597 0.344238 0.643008
1 0.513672 0.640890 0.511230 0.640890 0.510254 0.639831 0.509033 0.640360 0.507812 0.642479 0.507324 0.645127 0.506592 0.645127 0.505371 0.647246 0.505859 0.648305 0.502441 0.650953 0.502441 0.652542 0.499268 0.657309 0.498047 0.656780 0.496338 0.664195 0.495117 0.663136 0.494385 0.665254 0.493164 0.666314 0.492920 0.668432 0.490967 0.668432 0.491699 0.672669 0.492188 0.670551 0.493164 0.672669 0.492920 0.674788 0.492188 0.673729 0.492188 0.677436 0.491699 0.679025 0.492920 0.677966 0.492432 0.676907 0.492920 0.675318 0.493652 0.675847 0.494629 0.678496 0.494629 0.676907 0.495850 0.674788 0.496094 0.675847 0.497070 0.676377 0.496582 0.676907 0.497314 0.677436 0.497070 0.678496 0.499268 0.681144 0.499512 0.680085 0.499023 0.679025 0.500000 0.676907 0.499756 0.675318 0.501709 0.673729 0.502441 0.675318 0.502197 0.676377 0.501953 0.675847 0.502441 0.676907 0.501709 0.677966 0.500977 0.677436 0.501465 0.679025 0.502686 0.679025 0.503418 0.677966 0.504150 0.678496 0.504883 0.676907 0.505615 0.677966 0.505859 0.677436 0.505371 0.677436 0.504395 0.674788 0.505371 0.674258 0.505615 0.672669 0.503418 0.670551 0.503662 0.668432 0.502930 0.666314 0.503174 0.663136 0.501953 0.659958 0.503174 0.658898 0.504150 0.660487 0.505371 0.659958 0.506348 0.662606 0.507080 0.662076 0.507568 0.658369 0.508789 0.656780 0.508789 0.652542 0.511230 0.651483 0.510742 0.650953 0.510986 0.649364 0.510498 0.648835 0.511475 0.646186 0.511719 0.648835 0.511475 0.646186 0.512207 0.644597 0.513184 0.645127 0.513184 0.644068 0.512207 0.643008 0.513184 0.642479
1 0.644775 0.645127 0.645752 0.647775 0.647217 0.646186 0.648193 0.646716 0.648682 0.645127 0.648926 0.647775 0.647949 0.649364 0.648193 0.651483 0.648438 0.650424 0.648926 0.651483 0.649658 0.650953 0.649658 0.648305 0.651855 0.647246 0.650146 0.647775 0.649170 0.644597 0.649658 0.642479 0.650391 0.641949 0.649902 0.641419 0.649414 0.642479 0.648682 0.641419 0.648926 0.640360 0.646729 0.638242 0.647949 0.641949 0.647949 0.644597 0.646729 0.645657
1 0.397949 0.637182 0.398193 0.641419 0.400146 0.642479 0.400635 0.643538 0.400879 0.643008 0.401367 0.645657 0.400879 0.646186 0.401611 0.647246 0.401123 0.645127 0.402100 0.644597 0.402100 0.641949 0.401123 0.638242 0.398438 0.638242
1 0.384277 0.637182 0.383545 0.639831 0.383789 0.641949 0.385742 0.641949 0.386475 0.639831 0.386475 0.637712
1 0.277100 0.636123 0.277100 0.637182 0.275391 0.640890 0.275635 0.641419 0.274902 0.643008 0.275146 0.644068 0.274658 0.645127 0.272949 0.644597 0.271729 0.645657 0.270752 0.643008 0.271729 0.641419 0.272949 0.642479 0.273682 0.640890 0.275146 0.639831 0.274902 0.638242 0.273926 0.636653 0.272949 0.636653 0.271729 0.640360 0.270020 0.638771 0.269531 0.639301 0.269775 0.642479 0.269043 0.644597 0.269775 0.645127 0.269043 0.645657 0.269531 0.646186 0.269043 0.647775 0.268799 0.647246 0.269287 0.652542 0.268555 0.655191 0.268555 0.658369 0.269043 0.658369 0.269531 0.659958 0.270508 0.657839 0.272217 0.658898 0.272217 0.656780 0.271484 0.655191 0.271484 0.653602 0.272705 0.649364 0.273438 0.648305 0.274902 0.648305 0.275146 0.647246 0.275635 0.647775 0.276367 0.644597 0.278564 0.640360 0.277832 0.639301 0.278076 0.638771 0.277100 0.637182
1 0.245850 0.636123 0.245361 0.638771 0.244629 0.638771 0.244385 0.639831 0.243652 0.639831 0.242432 0.641949 0.241699 0.640890 0.241211 0.641949 0.241211 0.644597 0.241699 0.645127 0.241699 0.646716 0.241943 0.646186 0.242188 0.647246 0.242676 0.646186 0.243408 0.647775 0.243164 0.648305 0.245850 0.646186 0.246094 0.647246 0.246826 0.646716 0.246582 0.645127 0.245850 0.645127 0.245361 0.644068 0.245605 0.641419 0.246582 0.638771 0.245850 0.638242
1 0.296143 0.635593 0.294922 0.636123 0.293945 0.638242 0.293457 0.638242 0.292480 0.641419 0.292480 0.644068 0.292969 0.642479 0.292480 0.641949 0.292725 0.641419 0.294434 0.641949 0.294922 0.640890 0.294678 0.639831 0.295654 0.638771 0.295654 0.636653
1 0.495605 0.635593 0.493652 0.634534 0.493164 0.636123 0.493896 0.636123 0.494141 0.637712 0.493164 0.639301 0.491699 0.639301 0.491211 0.637712 0.490479 0.637182 0.491211 0.639831 0.492188 0.640890 0.493652 0.640360 0.494385 0.638771 0.494141 0.638242
1 0.649170 0.631886 0.649658 0.633475 0.649414 0.635064 0.651367 0.635064 0.651611 0.636123 0.651123 0.636653 0.652588 0.640360 0.654541 0.641949 0.656494 0.645657 0.655518 0.648305 0.656738 0.646186 0.656738 0.644068 0.657227 0.643538 0.656738 0.642479 0.656006 0.642479 0.654541 0.639301 0.654785 0.637712 0.654297 0.637712 0.654053 0.634534 0.652588 0.634534 0.651855 0.635593 0.650879 0.634004 0.650635 0.634534 0.649658 0.631886
1 0.367188 0.631886 0.366211 0.633475 0.366211 0.635064 0.367432 0.636123 0.368408 0.634004 0.368896 0.634004 0.368652 0.632945 0.367432 0.633475 0.366943 0.632415
1 0.300781 0.629767 0.299805 0.629237 0.299072 0.630826 0.297852 0.631356 0.297607 0.634004 0.296875 0.635064 0.296875 0.638242 0.297852 0.637182 0.298340 0.637712 0.298828 0.636123 0.299316 0.636123 0.299316 0.635064 0.298828 0.635064 0.299072 0.632945
1 0.496094 0.634534 0.497803 0.634534 0.497803 0.633475 0.498535 0.632945 0.498535 0.631886 0.499268 0.630826 0.500732 0.631356 0.502930 0.628178 0.502930 0.626059 0.501709 0.627119 0.501465 0.628708 0.500244 0.630826 0.499512 0.629237 0.498047 0.629237 0.497559 0.627119 0.498047 0.626589 0.496338 0.626059 0.496826 0.627119 0.496582 0.629767 0.497070 0.630826 0.496582 0.630826 0.496826 0.632415
1 0.647461 0.624470 0.645752 0.624470 0.644775 0.628178 0.643555 0.628178 0.643066 0.629767 0.643799 0.629767 0.644043 0.628708 0.644775 0.629767 0.645020 0.628178 0.645508 0.629767 0.646484 0.627648 0.646729 0.628178
1 0.125732 0.620233 0.125000 0.620233 0.124756 0.621292 0.124023 0.621292 0.123535 0.620233 0.122559 0.621292 0.122070 0.622881 0.122070 0.624470 0.122803 0.623411 0.123779 0.623411 0.125000 0.626059 0.124512 0.626589 0.124512 0.628178 0.125000 0.628708 0.125000 0.632945 0.124268 0.634534 0.122803 0.635064 0.124023 0.637712 0.124268 0.636653 0.125488 0.637182 0.125732 0.631886 0.126709 0.631886 0.127197 0.632945 0.128662 0.631356 0.128906 0.629237 0.128418 0.628178 0.127686 0.628178 0.126465 0.625530 0.125732 0.625000 0.125488 0.626589 0.124756 0.625530 0.125000 0.623941 0.126465 0.621822
1 0.392090 0.619174 0.392822 0.619174 0.393066 0.620763 0.391602 0.621822 0.391846 0.624470 0.393799 0.624470 0.394775 0.626059 0.394531 0.622352 0.395020 0.620763 0.394531 0.619703 0.393555 0.619703 0.394043 0.618114
1 0.619385 0.615996 0.618652 0.617585 0.619385 0.619703 0.619141 0.620763 0.619873 0.621822 0.620850 0.621822 0.621094 0.620763 0.620117 0.619703 0.620361 0.618114 0.619873 0.617055 0.619629 0.617585 0.619141 0.616525
1 0.398926 0.614936 0.398926 0.620233 0.398193 0.620763 0.397461 0.618644 0.396973 0.618644 0.397217 0.620763 0.396240 0.621822 0.396240 0.629767 0.396729 0.630297 0.397217 0.629237 0.400391 0.630826 0.401367 0.629237 0.401611 0.630297 0.402100 0.630297 0.403076 0.624470 0.402832 0.623411 0.400635 0.621292 0.399414 0.618644 0.399658 0.616525
1 0.318604 0.613877 0.317627 0.615466 0.317871 0.614936 0.318359 0.615996 0.318359 0.617055 0.317627 0.618644 0.316895 0.619174 0.316406 0.618114 0.316406 0.619703 0.315186 0.619703 0.315186 0.622881 0.315918 0.623941 0.315918 0.626589 0.316650 0.625530 0.316895 0.628178 0.317627 0.626059 0.319092 0.625530 0.319092 0.624470 0.319824 0.622881 0.318848 0.619703 0.318848 0.618114 0.319580 0.615466
1 0.661865 0.614936 0.662354 0.615996 0.662598 0.614936 0.664062 0.615466 0.665039 0.613347 0.662354 0.610699 0.662598 0.612818
1 0.220215 0.607521 0.219238 0.609110 0.219238 0.610699 0.220215 0.613347 0.221436 0.614407 0.221680 0.613877 0.220459 0.611229 0.221436 0.608581 0.220947 0.607521
1 0.304688 0.605932 0.304199 0.606992 0.304199 0.608581 0.303711 0.609110 0.304688 0.610699 0.304199 0.611229 0.304688 0.616525 0.303955 0.617055 0.303711 0.618644 0.304199 0.619703 0.303711 0.620763 0.303711 0.622352 0.304199 0.623411 0.303711 0.624470 0.303711 0.626589 0.302979 0.628178 0.302490 0.627648 0.302490 0.628708 0.303223 0.630297 0.302490 0.635064 0.303955 0.637182 0.304932 0.636123 0.305420 0.634534 0.305176 0.633475 0.304199 0.633475 0.303467 0.631356 0.304932 0.627648 0.305664 0.627648 0.306396 0.625000 0.304932 0.625000 0.304443 0.622881 0.305420 0.622352 0.305664 0.623411 0.307129 0.622352 0.307617 0.624470 0.308594 0.625000 0.308105 0.626059 0.309570 0.628708 0.309326 0.629767 0.311035 0.633475 0.311523 0.638242 0.312256 0.638242 0.312256 0.636123 0.313721 0.634534 0.313721 0.631886 0.314209 0.631356 0.313965 0.629767 0.312500 0.627648 0.312744 0.622881 0.312012 0.621292 0.312256 0.617055 0.311523 0.615996 0.308594 0.615466 0.307373 0.619174 0.305908 0.618114 0.304932 0.619703 0.304443 0.617585 0.304932 0.615996 0.305908 0.614936 0.305908 0.612288 0.305420 0.611758
1 0.283447 0.604873 0.282471 0.606992 0.282227 0.610169 0.282471 0.609640 0.283691 0.612818 0.284180 0.607521
1 0.203369 0.605403 0.202881 0.604873 0.203125 0.605932 0.202637 0.605932 0.202881 0.606992 0.202148 0.608581 0.201660 0.608051 0.201660 0.606992 0.200195 0.610169 0.199463 0.610699 0.199463 0.612818 0.200195 0.613877 0.201172 0.613347 0.201660 0.614407 0.203125 0.613877 0.203613 0.612818 0.203369 0.611758 0.202393 0.612288 0.201660 0.610699
1 0.327393 0.601695 0.326904 0.601695 0.326416 0.604873 0.324707 0.605932 0.324707 0.608581 0.325684 0.611758 0.324707 0.613877 0.324707 0.618114 0.324219 0.618644 0.323730 0.617585 0.323730 0.613347 0.323730 0.614936 0.323242 0.614936 0.322510 0.616525 0.322266 0.619174 0.321533 0.620233 0.321777 0.620763 0.320801 0.626589 0.322021 0.628708 0.321533 0.629237 0.321777 0.631356 0.322266 0.629767 0.322998 0.629767 0.323486 0.630826 0.323242 0.632415 0.323975 0.634534 0.324463 0.633475 0.324219 0.632945 0.325928 0.630297 0.324707 0.629767 0.323975 0.631356 0.323486 0.630297 0.323975 0.625530 0.322998 0.625530 0.322754 0.624470 0.324219 0.623941 0.324219 0.621822 0.324951 0.620763 0.323730 0.621292 0.324219 0.621822 0.323486 0.623941 0.322998 0.623941 0.322754 0.622352 0.323486 0.618644 0.325195 0.618644 0.326904 0.620763 0.327881 0.620763 0.328125 0.619174 0.328857 0.619174 0.328369 0.618114 0.328613 0.613877 0.328125 0.613347 0.328125 0.610169 0.327881 0.612818 0.326904 0.609640 0.327881 0.607521 0.327881 0.605932 0.327148 0.604343
1 0.447266 0.601165 0.447754 0.601695 0.447266 0.602225 0.447266 0.604343 0.446777 0.604873 0.446777 0.605932 0.446045 0.606992 0.446045 0.609640 0.447021 0.609110 0.446777 0.607521 0.447510 0.606462 0.448486 0.606992 0.448975 0.609110 0.449463 0.609110 0.449463 0.606992 0.448486 0.605403 0.448730 0.601695
1 0.253906 0.603814 0.253662 0.607521 0.252930 0.609110 0.253418 0.610699 0.253418 0.613877 0.253906 0.613877 0.253906 0.614936 0.254395 0.615466 0.253662 0.615996 0.255371 0.615996 0.256348 0.619174 0.256104 0.619703 0.256592 0.621822 0.257324 0.620233 0.256836 0.619703 0.257324 0.619174 0.257324 0.618114 0.258545 0.618644 0.259521 0.620233 0.260742 0.619703 0.260742 0.616525 0.260010 0.613347 0.260742 0.611758 0.261719 0.612288 0.261963 0.610699 0.263428 0.609110 0.262939 0.608051 0.262207 0.608051 0.261963 0.610169 0.261475 0.609110 0.261719 0.608581 0.261475 0.609110 0.260498 0.608051 0.260498 0.606992 0.259766 0.606992 0.259766 0.609640 0.258057 0.610699 0.256592 0.608581 0.257080 0.608051 0.256836 0.605403 0.257324 0.601165 0.255615 0.601165 0.254395 0.604873
1 0.310791 0.600106 0.310547 0.601165 0.311279 0.602754 0.311279 0.605403 0.312500 0.606992 0.311768 0.609110 0.312744 0.609110 0.313232 0.611758 0.314941 0.611758 0.317139 0.615466 0.316406 0.613347 0.316895 0.612288 0.318115 0.612288 0.318848 0.610169 0.318359 0.605403 0.319336 0.603814 0.319336 0.602225 0.315430 0.603284 0.314697 0.601165 0.314209 0.601165 0.313721 0.603284 0.312256 0.602754 0.312012 0.603814 0.311768 0.601695
1 0.616211 0.599047 0.614014 0.599047 0.613281 0.600636 0.612305 0.600636 0.613525 0.610699 0.614258 0.610169 0.614014 0.609110 0.615234 0.603284 0.614990 0.602225 0.615723 0.602225 0.615234 0.601695 0.614746 0.602754 0.614014 0.602754 0.613770 0.601695 0.615479 0.599047 0.616455 0.600106
1 0.241699 0.598517 0.242188 0.599576 0.241943 0.606462 0.242188 0.607521 0.243652 0.608051 0.243652 0.609640 0.242676 0.610699 0.243652 0.612818 0.242676 0.613347 0.242432 0.614936 0.244385 0.615996 0.245117 0.617585 0.244873 0.618114 0.245605 0.618644 0.244629 0.621292 0.245605 0.621292 0.245850 0.619703 0.245361 0.617585 0.245850 0.617055 0.245605 0.614936 0.246094 0.614936 0.245850 0.613877 0.245361 0.613877 0.245850 0.614407 0.245361 0.615996 0.244629 0.614407 0.244385 0.609640 0.243652 0.607521 0.243652 0.602225 0.242432 0.600106 0.242920 0.598517
1 0.651855 0.597987 0.651611 0.599047 0.651367 0.598517 0.651367 0.600636 0.651855 0.601165 0.651611 0.601695 0.649902 0.600636 0.649414 0.601165 0.650391 0.602754 0.649902 0.607521 0.650635 0.605403 0.651123 0.606992 0.650879 0.608051 0.651367 0.607521 0.651611 0.604873 0.652588 0.603284 0.651855 0.601165 0.652344 0.600106
1 0.196289 0.597987 0.196289 0.601165 0.199219 0.601165 0.200439 0.599576 0.198730 0.599576 0.198242 0.596928
1 0.600098 0.600636 0.599854 0.603814 0.600342 0.604873 0.601318 0.603814 0.602783 0.604343 0.604004 0.606462 0.604248 0.605932 0.604736 0.609640 0.604248 0.610169 0.604004 0.608051 0.603760 0.610699 0.605957 0.612288 0.605225 0.609110 0.605713 0.607521 0.605225 0.608051 0.604736 0.606462 0.606201 0.603284 0.604492 0.598517 0.605469 0.597458 0.605225 0.595869 0.604492 0.598517 0.604492 0.601165 0.604004 0.601165 0.604980 0.603284 0.604248 0.604873 0.603027 0.604873 0.601562 0.602225 0.602051 0.601165 0.602295 0.598517 0.600586 0.601165
1 0.345215 0.595339 0.343994 0.597987 0.343506 0.596928 0.342529 0.600106 0.341064 0.598517 0.340576 0.599047 0.340332 0.601695 0.340576 0.601165 0.343018 0.606992 0.344238 0.607521 0.345947 0.604343 0.346436 0.601695 0.347168 0.600636
1 0.189941 0.596398 0.191162 0.598517 0.191162 0.597458 0.192139 0.598517 0.193604 0.597987 0.191650 0.595339
1 0.402100 0.594280 0.401367 0.597458 0.402100 0.600106 0.401611 0.600636 0.402588 0.601695 0.403320 0.598517 0.402344 0.596928 0.402588 0.594809
1 0.645020 0.593220 0.645020 0.594280 0.644531 0.594809 0.644531 0.600106 0.645020 0.601165 0.644531 0.603284 0.645996 0.603814 0.645508 0.600636 0.645752 0.597987 0.645020 0.594809 0.645508 0.593220
1 0.632568 0.592691 0.633301 0.594280 0.635498 0.594809 0.635986 0.596398 0.636475 0.595869 0.636475 0.593750 0.634033 0.593220 0.633057 0.592161
1 0.124756 0.595339 0.125732 0.596928 0.126709 0.596928 0.128174 0.593220 0.126221 0.594280 0.126221 0.592691 0.125244 0.592161
1 0.624268 0.590042 0.624756 0.591102 0.624268 0.592691 0.624268 0.594809 0.625977 0.593750 0.628174 0.594280 0.628418 0.593220 0.629639 0.593220 0.628662 0.591102 0.626221 0.591102 0.625488 0.590042
1 0.218262 0.589513 0.218994 0.592691 0.218750 0.594809 0.218262 0.594809 0.217773 0.596928 0.218506 0.597987 0.219238 0.596928 0.218994 0.592161 0.219482 0.591631 0.219482 0.590042
1 0.337158 0.588983 0.335938 0.590572 0.336182 0.593220 0.335693 0.594280 0.334229 0.592691 0.331787 0.595339 0.330566 0.595339 0.330322 0.596928 0.329590 0.593750 0.328369 0.594809 0.328613 0.600636 0.329590 0.599047 0.330322 0.601165 0.331543 0.601695 0.332275 0.603284 0.331543 0.605403 0.330566 0.605932 0.330322 0.608051 0.330811 0.608051 0.332031 0.610699 0.331787 0.614407 0.333008 0.616525 0.334229 0.616525 0.336182 0.611229 0.336426 0.608581 0.337402 0.606462 0.338379 0.605932 0.338135 0.604343 0.338623 0.602225 0.339600 0.601695 0.337402 0.595339 0.338623 0.592161 0.337891 0.593750 0.336914 0.590572 0.337402 0.589513
1 0.238770 0.588983 0.238281 0.589513 0.238281 0.593220 0.237549 0.594280 0.237793 0.597458 0.239014 0.596928 0.239502 0.595869 0.239014 0.594809 0.239014 0.592161 0.238770 0.592691 0.238281 0.591102
1 0.640625 0.586864 0.641113 0.587924 0.642334 0.588453 0.643799 0.593750 0.644287 0.593220 0.644287 0.590042 0.643799 0.591102 0.643311 0.590042 0.643799 0.588453 0.642822 0.586335 0.642822 0.587394
1 0.187500 0.587394 0.186279 0.586335 0.185059 0.587394 0.184814 0.586864 0.184326 0.588453 0.184082 0.587924 0.183350 0.590042 0.184082 0.591102 0.183838 0.592161 0.184570 0.593750 0.184570 0.594809 0.183594 0.595869 0.183594 0.597458 0.181885 0.600636 0.178955 0.601165 0.186035 0.601695 0.186768 0.600106 0.188477 0.600636 0.189209 0.599576 0.188477 0.597987 0.187256 0.597987 0.187256 0.596398 0.188965 0.594280 0.188232 0.592161 0.187256 0.591102
1 0.328369 0.588983 0.330078 0.588983 0.330811 0.587924 0.330811 0.586335 0.328857 0.585805
1 0.601074 0.585275 0.601318 0.587394 0.600342 0.589513 0.599854 0.588983 0.600098 0.591631 0.600586 0.592161 0.601074 0.591102 0.601074 0.592691 0.601318 0.592161 0.602051 0.593750 0.602783 0.592691 0.603027 0.587924 0.602783 0.588453 0.602539 0.587394 0.601562 0.587394
1 0.200195 0.585275 0.200439 0.586864 0.204102 0.592161 0.205322 0.592161 0.206055 0.590572 0.207031 0.590042 0.207031 0.588983 0.205322 0.586335 0.204346 0.587394 0.203613 0.585805 0.203613 0.584746 0.202637 0.587394 0.201660 0.586864 0.201172 0.584746
1 0.413086 0.584216 0.411621 0.584216 0.410400 0.586864 0.412109 0.587394
1 0.165283 0.597987 0.167969 0.603814 0.168213 0.605403 0.169189 0.603284 0.169678 0.605403 0.170166 0.604873 0.170410 0.605932 0.171387 0.605932 0.173584 0.602225 0.174805 0.602754 0.174805 0.601695 0.173828 0.601695 0.173340 0.600636 0.173828 0.598517 0.174316 0.599576 0.177002 0.600106 0.178467 0.597987 0.178955 0.598517 0.179199 0.597458 0.181885 0.597458 0.181396 0.595339 0.179443 0.597458 0.178467 0.597458 0.177002 0.594809 0.177734 0.594280 0.177734 0.593220 0.177002 0.591102 0.176514 0.585805 0.176025 0.586864 0.174072 0.583686 0.174072 0.582627 0.173340 0.583157 0.172119 0.580508 0.171143 0.581568 0.168213 0.579449 0.167725 0.580508 0.167969 0.581038 0.166992 0.582097 0.167236 0.585275 0.169189 0.590572 0.169434 0.593220 0.171143 0.593220 0.172852 0.595869 0.173584 0.595869 0.173828 0.596928 0.172852 0.597458 0.172607 0.598517 0.171631 0.598517 0.170166 0.600636 0.169922 0.600106 0.169678 0.601165 0.168945 0.600636 0.168213 0.602754 0.167725 0.602225 0.167969 0.601165 0.167236 0.598517
1 0.646484 0.578919 0.646240 0.580508 0.645264 0.582097 0.646729 0.582097 0.646973 0.582627 0.646240 0.583157 0.647461 0.583686 0.645752 0.586335 0.647461 0.586864 0.647217 0.584216 0.647705 0.583686 0.646973 0.582627 0.647461 0.579979 0.647217 0.578919
1 0.288574 0.578390 0.285400 0.582627 0.284424 0.582097 0.284180 0.583686 0.284912 0.585275 0.282227 0.588453 0.282227 0.590042 0.281250 0.591102 0.281250 0.593750 0.279297 0.593220 0.277832 0.594280 0.275146 0.600636 0.273438 0.602225 0.273682 0.603814 0.272461 0.606462 0.272217 0.609110 0.268555 0.610699 0.267822 0.607521 0.266846 0.606992 0.265381 0.609640 0.265625 0.611229 0.264893 0.612818 0.264648 0.611758 0.264404 0.612818 0.264160 0.611758 0.263916 0.612818 0.263428 0.612288 0.263428 0.615466 0.262451 0.614936 0.262207 0.613877 0.262695 0.613347 0.261963 0.613877 0.262207 0.617585 0.262207 0.615996 0.262695 0.616525 0.262939 0.615466 0.263184 0.617585 0.264160 0.619174 0.264160 0.622352 0.265137 0.621292 0.265625 0.625000 0.266357 0.623411 0.265869 0.621292 0.267822 0.619703 0.268555 0.621292 0.267578 0.623411 0.267578 0.628708 0.269775 0.622881 0.270752 0.626589 0.271729 0.626589 0.272217 0.623411 0.270996 0.617585 0.270264 0.618114 0.270508 0.619703 0.269531 0.621292 0.269043 0.616525 0.268311 0.617055 0.266357 0.614936 0.266113 0.617585 0.264648 0.618644 0.263428 0.617585 0.263184 0.615996 0.264160 0.613877 0.265381 0.613877 0.265625 0.611758 0.266602 0.613877 0.266846 0.612288 0.267090 0.613347 0.267578 0.610169 0.268799 0.610699 0.269043 0.612288 0.269531 0.610699 0.271484 0.611229 0.271973 0.609110 0.272949 0.611229 0.275879 0.605403 0.276123 0.600636 0.276855 0.599047 0.278809 0.597987 0.278809 0.596928 0.281738 0.598517 0.281250 0.595869 0.281738 0.592691 0.282959 0.592161 0.285645 0.585805 0.284912 0.584216 0.285400 0.583157 0.286621 0.584746 0.287598 0.581568 0.289307 0.581038
1 0.224121 0.578390 0.224121 0.581568 0.225586 0.583686 0.224609 0.584746 0.224609 0.586335 0.225586 0.587394 0.226318 0.585805 0.226318 0.583686 0.225098 0.581568 0.225342 0.581038 0.224854 0.578390
1 0.139648 0.579449 0.138916 0.577331 0.138184 0.577331 0.137207 0.579449 0.136230 0.579449 0.135986 0.581568 0.137207 0.582097 0.137695 0.580508
1 0.329590 0.576271 0.328613 0.578919 0.327148 0.579979 0.326660 0.582627 0.325684 0.583686 0.326416 0.586864 0.327393 0.586335 0.328613 0.582627 0.329590 0.582627 0.330322 0.581038
1 0.234863 0.575742 0.233398 0.576271 0.232666 0.577860 0.232422 0.576801 0.231934 0.576801 0.231201 0.578919 0.230957 0.578390 0.232422 0.581038 0.232666 0.578390 0.233643 0.579979 0.233398 0.580508 0.234131 0.580508 0.234131 0.582627 0.232910 0.584746 0.232422 0.584216 0.232422 0.582627 0.231934 0.587394 0.232910 0.589513 0.233643 0.589513 0.234863 0.586864 0.233887 0.583686 0.234863 0.582097 0.236084 0.581568 0.235840 0.579449 0.235596 0.580508 0.235352 0.579449 0.234375 0.578919
1 0.155029 0.577331 0.155029 0.581038 0.155762 0.584216 0.156738 0.584216 0.157471 0.582627 0.158447 0.582627 0.158936 0.581568 0.158936 0.580508 0.157471 0.580508 0.157227 0.577331 0.156250 0.576801 0.156006 0.575742
1 0.270996 0.575212 0.271729 0.577331 0.273682 0.577860 0.273926 0.578390 0.273438 0.579979 0.273926 0.579979 0.273682 0.578919 0.275146 0.576801 0.274414 0.576801 0.273682 0.575212 0.273926 0.574682 0.271729 0.575212 0.271729 0.574153
1 0.409668 0.571504 0.409668 0.574682 0.411133 0.576271 0.411133 0.579449 0.412354 0.581568 0.412598 0.579449 0.413818 0.578919 0.414062 0.579979 0.414551 0.579979 0.414795 0.576271 0.415283 0.575212 0.415283 0.572564 0.414551 0.572564 0.414307 0.575212 0.413086 0.576801 0.413086 0.572564 0.411865 0.570445 0.410156 0.570445
1 0.238281 0.572564 0.236816 0.569386 0.236572 0.570445 0.236328 0.569915 0.236084 0.570975 0.235352 0.570975 0.234863 0.573093 0.235352 0.573093 0.235596 0.572034 0.235840 0.573093 0.236084 0.572034 0.237061 0.572564 0.237305 0.573623 0.238037 0.573623 0.237793 0.573093
1 0.629395 0.566737 0.628906 0.571504 0.630127 0.573623 0.630615 0.571504 0.630127 0.570445 0.629883 0.566737
1 0.312012 0.568326 0.312744 0.568856 0.313477 0.567797 0.313965 0.569386 0.315186 0.568856 0.315674 0.569915 0.316162 0.573623 0.317139 0.573623 0.317139 0.572034 0.316406 0.569915 0.316895 0.568326 0.316650 0.567267 0.315186 0.568326 0.314453 0.566737 0.313477 0.566737 0.313232 0.567797
1 0.620605 0.566208 0.619873 0.565678 0.618408 0.567267 0.618652 0.567797 0.617676 0.569915 0.617920 0.570975 0.618896 0.568856 0.620117 0.569386 0.620605 0.568326
1 0.205811 0.567267 0.206543 0.569386 0.207031 0.567797 0.207520 0.568326 0.208008 0.570445 0.208740 0.569915 0.209229 0.567267 0.208496 0.565678
1 0.304443 0.564619 0.304199 0.564089 0.303467 0.565678 0.301758 0.564089 0.300049 0.567267 0.298096 0.568326 0.296875 0.570975 0.295410 0.569915 0.293213 0.573093 0.291748 0.573093 0.291748 0.577331 0.292480 0.577331 0.292969 0.576271 0.294678 0.575212 0.294922 0.574153 0.296631 0.573093 0.298096 0.573093 0.299072 0.574153 0.300293 0.577331 0.301514 0.576801 0.301025 0.575742 0.302979 0.573093 0.303467 0.568856 0.303223 0.567797 0.303711 0.567267 0.303711 0.565678
1 0.592773 0.563030 0.592529 0.564619 0.593262 0.564089 0.593750 0.565148 0.593506 0.565678 0.594482 0.566737 0.594482 0.567797 0.593750 0.568326 0.594727 0.568326 0.595215 0.569386 0.594482 0.569386 0.594238 0.570975 0.595459 0.574153 0.595947 0.574153 0.595947 0.572564 0.595459 0.571504 0.595947 0.568856 0.594482 0.567267 0.595215 0.565678 0.594971 0.564619
1 0.153809 0.558263 0.153076 0.560381 0.152344 0.560911 0.152344 0.562500 0.150879 0.566208 0.150879 0.568326 0.152344 0.571504 0.152832 0.571504 0.153320 0.573623 0.154541 0.574153 0.155273 0.573623 0.155518 0.571504 0.156982 0.569915 0.155029 0.568326 0.154053 0.566737 0.154053 0.565678 0.153076 0.564619 0.152588 0.565148 0.152100 0.564089 0.152344 0.563030 0.153564 0.563559 0.156006 0.561441 0.155273 0.560911 0.154785 0.558792
1 0.636475 0.556144 0.635498 0.559322 0.635498 0.560911 0.636230 0.562500 0.638428 0.562500 0.638672 0.564089 0.639893 0.565148 0.640625 0.567267 0.640625 0.568326 0.640137 0.568856 0.639648 0.567267 0.638428 0.566737 0.640137 0.569386 0.640137 0.570975 0.640625 0.572034 0.640137 0.572034 0.639893 0.573093 0.638672 0.572034 0.637695 0.574682 0.637939 0.575212 0.637451 0.577331 0.638184 0.576271 0.639160 0.576271 0.639160 0.575212 0.640137 0.574682 0.641357 0.571504 0.640869 0.570445 0.641113 0.565678 0.639893 0.563559 0.638916 0.563559 0.638184 0.560381 0.636963 0.560911 0.636230 0.559322 0.636963 0.556674
1 0.182617 0.555085 0.183105 0.556144 0.182617 0.558263 0.183105 0.559852 0.183350 0.558792 0.183594 0.559322 0.183594 0.560911 0.183105 0.560911 0.183350 0.565678 0.182861 0.566208 0.183105 0.568326 0.183594 0.568326 0.183350 0.564089 0.183838 0.563030 0.184570 0.563559 0.185059 0.561441 0.184082 0.558263 0.184082 0.555085
1 0.617920 0.554555 0.617676 0.555085 0.618408 0.558792 0.617676 0.560381 0.617676 0.561441 0.619141 0.560911 0.618652 0.558792 0.619385 0.556674 0.618896 0.554555
1 0.177734 0.551907 0.177002 0.554555 0.176270 0.554025 0.175049 0.554555 0.174561 0.555614 0.173584 0.555614 0.173828 0.556674 0.173340 0.557203 0.173828 0.558263 0.173340 0.559322 0.172363 0.559322 0.172119 0.558263 0.172119 0.560381 0.171387 0.563030 0.170166 0.561970 0.170410 0.558263 0.169434 0.558263 0.169678 0.559322 0.168945 0.561441 0.169434 0.565148 0.170898 0.568326 0.170166 0.572034 0.170166 0.574153 0.171143 0.575742 0.172119 0.575742 0.173340 0.574153 0.173828 0.575212 0.173584 0.575742 0.174805 0.579449 0.175537 0.579449 0.176025 0.581568 0.176270 0.579979 0.177734 0.580508 0.178955 0.577860 0.178711 0.575742 0.177979 0.576801 0.177490 0.575742 0.178711 0.574153 0.179443 0.574682 0.178955 0.574153 0.178955 0.572564 0.179443 0.571504 0.179199 0.570445 0.179932 0.569386 0.180420 0.569386 0.180664 0.570445 0.181641 0.568326 0.181641 0.566737 0.180908 0.565678 0.180908 0.566737 0.179932 0.568326 0.179199 0.566737 0.179199 0.563559 0.178467 0.561441 0.178955 0.560911 0.179199 0.558263 0.178223 0.556144 0.178223 0.552966
1 0.406982 0.551377 0.406982 0.554555 0.407959 0.555085 0.408691 0.551907
1 0.314941 0.558263 0.313477 0.556144 0.313232 0.552436 0.312744 0.552436 0.312500 0.551377 0.312012 0.551377 0.311279 0.554025 0.310547 0.552966 0.310303 0.554555 0.309814 0.552436 0.310059 0.555085 0.309082 0.557733 0.305420 0.563030 0.304688 0.565678 0.307129 0.568326 0.308350 0.565678 0.308350 0.563559 0.307861 0.561970 0.309570 0.560911 0.310059 0.561970 0.311279 0.561970 0.312744 0.565148 0.312744 0.561970 0.313232 0.560911 0.313965 0.560911
1 0.199463 0.551377 0.199951 0.552966 0.202148 0.556144 0.202393 0.558263 0.201416 0.559852 0.200928 0.561970 0.201660 0.564089 0.201660 0.565678 0.202881 0.565678 0.203369 0.566737 0.202881 0.564619 0.205322 0.564089 0.205566 0.563030 0.205078 0.562500 0.205566 0.561441 0.206055 0.561970 0.206055 0.563559 0.207031 0.563030 0.207520 0.560911 0.206787 0.558263 0.203857 0.558263 0.203125 0.556674 0.204102 0.554555 0.205322 0.554025 0.204590 0.552436 0.204102 0.552436 0.203125 0.554555 0.202637 0.552966 0.202637 0.551377 0.203125 0.551377 0.202637 0.550318 0.202637 0.552436 0.201904 0.552966 0.201904 0.554025 0.200928 0.552436 0.201172 0.550847
1 0.220215 0.550847 0.219238 0.548199 0.217773 0.548729 0.216797 0.549788 0.215820 0.552966 0.214844 0.551907 0.214844 0.554025 0.213867 0.555085 0.213623 0.556674 0.214844 0.558792 0.215576 0.558792 0.216309 0.557733 0.215820 0.555614 0.216064 0.552966 0.217773 0.554025 0.219238 0.552436 0.220215 0.552436
1 0.405029 0.546610 0.404785 0.545551 0.404541 0.546610 0.403320 0.546610 0.403809 0.546610 0.403809 0.547669 0.402100 0.546610 0.400391 0.548729 0.399658 0.548729 0.398682 0.547140 0.397217 0.548729 0.397705 0.550318 0.399658 0.550318 0.400879 0.552966 0.402588 0.550318 0.404785 0.550847
1 0.209229 0.541314 0.210205 0.541843 0.210449 0.540784 0.211426 0.542903 0.212158 0.542373 0.212646 0.540254 0.213379 0.541314 0.214355 0.541314 0.214600 0.539195 0.214355 0.538136 0.213379 0.538136 0.212402 0.539725 0.211182 0.539725 0.210449 0.538136 0.209961 0.538136
1 0.387207 0.547669 0.386719 0.545021 0.386475 0.546610 0.385742 0.545021 0.385986 0.543962 0.386719 0.543962 0.387207 0.541314 0.386230 0.539725 0.385742 0.539725 0.385498 0.540784 0.385254 0.538665 0.385010 0.539725 0.384521 0.537606 0.384033 0.538665 0.383789 0.537606 0.383545 0.538665 0.382568 0.539725 0.382324 0.539195 0.382080 0.540254 0.381592 0.539725 0.381348 0.540784 0.380371 0.540254 0.380127 0.541314 0.379883 0.540254 0.379150 0.540254 0.378418 0.541843 0.377930 0.540784 0.376953 0.540784 0.377930 0.542903 0.379395 0.541843 0.380371 0.544492 0.382568 0.546610 0.383545 0.546081 0.384521 0.547140 0.385742 0.550318 0.385498 0.551907 0.386230 0.551377 0.386475 0.549258
1 0.651855 0.537076 0.652344 0.541314 0.652100 0.541843 0.654053 0.540784 0.656982 0.540784 0.656738 0.539195 0.655273 0.539195 0.654541 0.538136 0.653076 0.538665
1 0.277832 0.533369 0.278320 0.536017 0.278320 0.540254 0.277832 0.541314 0.278320 0.541314 0.279053 0.545021 0.280273 0.541843 0.282471 0.542373 0.283447 0.544492 0.284912 0.543962 0.285400 0.542903 0.285645 0.543962 0.287842 0.545551 0.288086 0.548199 0.290283 0.547140 0.291504 0.549788 0.292480 0.547669 0.293457 0.548199 0.294434 0.547140 0.293701 0.543962 0.294434 0.542373 0.294434 0.541314 0.293457 0.541314 0.293213 0.542373 0.291992 0.541843 0.291992 0.540784 0.292725 0.539195 0.292480 0.537606 0.291260 0.538665 0.287842 0.538665 0.287109 0.537076 0.286133 0.537076 0.286133 0.536017 0.285400 0.535487 0.285645 0.534958 0.284424 0.536017 0.284180 0.533898 0.280273 0.536017 0.279785 0.534958 0.279541 0.535487 0.279297 0.533898 0.278564 0.533898 0.278320 0.534958
1 0.616699 0.532839 0.616943 0.534428 0.618408 0.534428 0.619141 0.536547 0.620605 0.533369 0.620361 0.532309 0.618408 0.532839 0.617920 0.531780
1 0.201172 0.531780 0.200684 0.531780 0.200195 0.532839 0.200439 0.533898 0.199463 0.534958 0.200439 0.537076 0.201416 0.534958
1 0.369141 0.531250 0.368896 0.533898 0.369629 0.535487 0.371338 0.534428 0.371826 0.535487 0.371338 0.536017 0.372070 0.535487 0.373291 0.538665 0.375732 0.538665 0.377197 0.539725 0.377197 0.538136 0.376221 0.536017 0.375244 0.536017 0.374512 0.534428 0.372559 0.532309 0.371094 0.531780 0.370605 0.530720
1 0.591309 0.528072 0.590820 0.528602 0.590820 0.530191 0.591553 0.533369 0.590820 0.534428 0.591309 0.535487 0.591553 0.538665 0.592529 0.539195 0.592529 0.536017 0.593018 0.536017 0.592773 0.534958 0.593262 0.532839 0.592285 0.530720 0.592529 0.529661
1 0.193359 0.527013 0.192139 0.529661 0.190918 0.529661 0.188721 0.533898 0.188965 0.536547 0.190186 0.539725 0.189941 0.541314 0.188965 0.542903 0.187500 0.542373 0.187012 0.543962 0.187988 0.546610 0.188232 0.550847 0.189209 0.551377 0.190918 0.549788 0.192139 0.550847 0.192871 0.552966 0.192871 0.554555 0.189453 0.561970 0.191406 0.567797 0.189941 0.568326 0.189453 0.570445 0.189697 0.573623 0.188965 0.574153 0.188477 0.576801 0.189453 0.578390 0.188965 0.581038 0.191650 0.578919 0.192627 0.579449 0.192871 0.576801 0.191650 0.578390 0.190430 0.578390 0.189697 0.576801 0.190430 0.573623 0.192627 0.572564 0.193359 0.574153 0.193359 0.575742 0.195312 0.579449 0.196533 0.577860 0.197998 0.581568 0.199463 0.581568 0.200439 0.580508 0.200195 0.579449 0.198730 0.578919 0.197998 0.579979 0.198242 0.576801 0.197021 0.577331 0.195557 0.573623 0.196777 0.568856 0.197998 0.567267 0.197266 0.566737 0.197021 0.565148 0.198730 0.563559 0.199463 0.564089 0.199219 0.562500 0.197266 0.559852 0.197754 0.557733 0.198975 0.557203 0.197998 0.556144 0.197754 0.554025 0.198975 0.553496 0.199219 0.552436 0.198486 0.551907 0.197998 0.549788 0.196533 0.549258 0.196533 0.548199 0.197510 0.547140 0.197510 0.545551 0.196777 0.545551 0.196045 0.543432 0.195068 0.546081 0.194824 0.548729 0.194092 0.549788 0.193604 0.546610 0.194336 0.542903 0.193604 0.541843 0.190430 0.541314 0.191650 0.537076 0.192383 0.538136 0.192139 0.539195 0.193115 0.536547 0.191895 0.532839 0.193604 0.530191 0.194092 0.527013
1 0.298828 0.547669 0.299072 0.546610 0.299561 0.548199 0.301025 0.547140 0.301270 0.548199 0.302979 0.549258 0.303955 0.547669 0.304688 0.548199 0.308350 0.547140 0.308594 0.548729 0.309082 0.548729 0.309814 0.543432 0.310303 0.542903 0.310547 0.545021 0.310791 0.544492 0.311035 0.545551 0.311279 0.543962 0.312744 0.540784 0.313721 0.540784 0.313232 0.539725 0.313477 0.538136 0.312500 0.538665 0.310791 0.542903 0.310059 0.541314 0.310303 0.542373 0.309814 0.543432 0.309326 0.542373 0.308594 0.542903 0.308105 0.540784 0.307129 0.541314 0.307129 0.539725 0.306641 0.539195 0.306641 0.537606 0.305908 0.536017 0.305664 0.538665 0.304688 0.540254 0.304199 0.537076 0.304443 0.534958 0.304932 0.534428 0.304199 0.533369 0.304443 0.532309 0.303467 0.532309 0.303467 0.530720 0.302979 0.530191 0.302979 0.528072 0.303467 0.527013 0.302490 0.524364 0.301758 0.524894 0.301758 0.528072 0.299805 0.530720 0.300537 0.531780 0.301514 0.529661 0.302490 0.533898 0.302734 0.533369 0.303223 0.534428 0.302734 0.534958 0.302734 0.537606 0.301758 0.539195 0.302246 0.540784 0.301270 0.542373 0.302002 0.544492 0.301270 0.546610 0.299805 0.543962 0.299561 0.545021 0.299072 0.544492
1 0.260010 0.525953 0.256348 0.524364 0.257568 0.525953 0.255859 0.529131 0.255859 0.530191 0.257324 0.530191 0.257812 0.531780 0.257568 0.533898 0.256348 0.533898 0.256348 0.536547 0.259277 0.530191 0.260010 0.530191 0.260010 0.528602 0.259521 0.528072
1 0.407715 0.523835 0.406982 0.524894 0.406982 0.525953 0.407715 0.527542 0.408203 0.527542 0.408936 0.525953 0.408936 0.524364
1 0.223877 0.523835 0.223145 0.523835 0.222168 0.525424 0.221924 0.524894 0.221680 0.527013 0.220215 0.528602 0.220215 0.530720 0.220703 0.531780 0.221436 0.530191 0.222412 0.530191 0.222656 0.531250 0.223145 0.530720 0.223145 0.528602 0.223633 0.527542 0.223389 0.524894
1 0.541748 0.522775 0.541016 0.524364 0.541016 0.525953 0.541504 0.527542 0.542725 0.527542 0.543213 0.524364 0.542480 0.522775
1 0.684570 0.521716 0.684570 0.526483 0.685547 0.529131 0.685303 0.530191 0.685059 0.529661 0.685303 0.530720 0.686768 0.528602 0.686279 0.527542 0.686523 0.525424 0.685791 0.522775 0.684814 0.522775
1 0.350098 0.520657 0.348877 0.521186 0.347412 0.523305 0.343994 0.524364 0.343262 0.523835 0.342285 0.525424 0.341797 0.524364 0.341797 0.521716 0.340820 0.521186 0.339111 0.524894 0.338135 0.524364 0.337158 0.527013 0.334717 0.529661 0.333496 0.528602 0.331299 0.532309 0.328857 0.530191 0.328857 0.532839 0.327637 0.533898 0.328125 0.534958 0.327637 0.535487 0.327881 0.537076 0.327148 0.538665 0.323975 0.540254 0.322754 0.542903 0.322510 0.542373 0.322510 0.543962 0.321533 0.542903 0.322021 0.542373 0.322021 0.538665 0.321533 0.538136 0.321045 0.539725 0.321045 0.542373 0.319580 0.542373 0.319580 0.547140 0.317383 0.545551 0.317383 0.547140 0.316406 0.547669 0.316162 0.547140 0.316650 0.546610 0.315430 0.545551 0.313965 0.548729 0.312744 0.549788 0.315430 0.551377 0.317383 0.548729 0.319336 0.549788 0.319092 0.548729 0.320068 0.547669 0.320068 0.545021 0.320557 0.546610 0.321777 0.547669 0.321777 0.549258 0.323730 0.550318 0.324951 0.546610 0.328369 0.542373 0.333496 0.541314 0.334961 0.537606 0.336426 0.537606 0.338379 0.535487 0.339111 0.533369 0.341553 0.532839 0.343018 0.529661 0.345703 0.529131 0.348389 0.524894 0.349609 0.524364
1 0.605469 0.523305 0.606934 0.523835 0.607666 0.521716 0.608643 0.521716 0.608887 0.522775 0.609375 0.522775 0.609619 0.521186 0.607178 0.519068 0.606201 0.520657
1 0.186035 0.518008 0.184570 0.519068 0.182861 0.522775 0.181885 0.522246 0.180908 0.524364 0.182129 0.526483 0.181641 0.528072 0.182617 0.526483 0.182617 0.524894 0.183350 0.522775 0.184814 0.522775 0.185547 0.520127 0.186279 0.519597
1 0.197266 0.521186 0.197510 0.523835 0.200684 0.523835 0.201416 0.527013 0.202637 0.527542 0.203125 0.525953 0.203613 0.525953 0.203613 0.524364 0.202637 0.522775 0.198730 0.521186 0.199463 0.519597 0.201172 0.519068 0.201172 0.517479 0.199707 0.517479 0.198730 0.518538 0.197754 0.521186
1 0.643311 0.519068 0.641602 0.516949 0.640625 0.520127 0.640869 0.521716 0.640381 0.522775 0.640381 0.524894 0.641113 0.523305 0.641602 0.523835 0.641602 0.522775 0.643311 0.522246
1 0.244385 0.517479 0.244141 0.521186 0.244385 0.520127 0.244873 0.522246 0.249512 0.523305 0.250000 0.525424 0.250977 0.526483 0.251221 0.528072 0.252441 0.528072 0.252441 0.527013 0.252930 0.527542 0.252930 0.529131 0.253662 0.528072 0.253418 0.525953 0.254150 0.524894 0.253174 0.524894 0.252441 0.522246 0.251465 0.521186 0.251221 0.521716 0.250244 0.519597 0.249023 0.519597 0.248779 0.520657 0.248291 0.520657 0.247803 0.519068 0.247070 0.519068 0.245850 0.516949 0.245361 0.517479 0.245117 0.516419
1 0.457031 0.515890 0.456055 0.519597 0.456543 0.521186 0.458008 0.521716 0.458740 0.519597 0.458740 0.517479 0.458008 0.515890
1 0.652344 0.514831 0.651611 0.515360 0.651611 0.519597 0.652100 0.522246 0.651855 0.523305 0.652588 0.521186 0.653320 0.520657 0.653320 0.519597 0.652588 0.518008
1 0.543213 0.518538 0.543945 0.519597 0.546875 0.519068 0.547363 0.516949 0.546387 0.515360 0.545898 0.515890 0.544189 0.514831 0.543457 0.516419
1 0.236328 0.514831 0.235352 0.515890 0.236328 0.516419 0.236572 0.519068 0.235840 0.522246 0.235107 0.522246 0.234863 0.519597 0.234131 0.519597 0.233643 0.525953 0.234131 0.527542 0.236084 0.527542 0.236816 0.522246 0.237305 0.521716 0.236572 0.519597
1 0.351318 0.525424 0.351562 0.526483 0.352051 0.526483 0.353271 0.522246 0.354736 0.521716 0.354980 0.522775 0.355713 0.521186 0.356934 0.520657 0.358154 0.515890 0.358398 0.519597 0.359131 0.519597 0.359375 0.520657 0.359863 0.519597 0.360596 0.519597 0.360840 0.520127 0.360352 0.521186 0.362793 0.520127 0.363770 0.521716 0.364014 0.521186 0.364258 0.522246 0.364502 0.521186 0.366455 0.521716 0.364746 0.519068 0.364014 0.515890 0.363281 0.515890 0.363037 0.514831 0.359375 0.514831 0.359131 0.513771 0.358643 0.514831 0.356201 0.514831 0.355469 0.513771 0.355225 0.515360 0.354736 0.515360 0.354492 0.514301 0.353516 0.514831 0.353516 0.518538 0.352539 0.520657 0.352539 0.522775 0.351562 0.523835
1 0.460693 0.513242 0.460693 0.515890 0.461914 0.518008 0.462158 0.519597 0.463135 0.520657 0.463135 0.516949 0.463867 0.515360 0.464355 0.515890 0.464355 0.512712 0.464355 0.514301 0.463379 0.514831 0.463135 0.515890 0.462646 0.514831 0.462158 0.515890 0.461670 0.515360 0.461670 0.513771 0.462158 0.512712 0.461426 0.513771 0.461182 0.515890
1 0.207764 0.512712 0.206055 0.513771 0.206055 0.515890 0.207031 0.519597 0.208252 0.518008 0.208496 0.513771
1 0.587402 0.511123 0.586426 0.510593 0.584473 0.512712 0.584229 0.514831 0.580566 0.517479 0.583252 0.518008 0.583008 0.520127 0.579346 0.519068 0.576416 0.520657 0.576172 0.521716 0.578613 0.523305 0.578613 0.525424 0.577393 0.523305 0.575684 0.525424 0.574219 0.523835 0.571289 0.528072 0.569824 0.528072 0.568848 0.531250 0.568115 0.530191 0.566650 0.531780 0.566895 0.537606 0.565430 0.541314 0.564209 0.540784 0.565186 0.540254 0.563965 0.539725 0.564697 0.537076 0.564209 0.536017 0.562012 0.536017 0.560547 0.538136 0.558838 0.530720 0.557373 0.534428 0.558594 0.537076 0.557617 0.539725 0.559570 0.539195 0.558838 0.543432 0.559570 0.546081 0.558838 0.546610 0.558594 0.544492 0.556641 0.546610 0.556396 0.544492 0.555420 0.548199 0.554688 0.547140 0.552246 0.551377 0.552002 0.554025 0.550781 0.555085 0.550293 0.553496 0.550781 0.556144 0.549316 0.558792 0.549805 0.561970 0.552979 0.561441 0.553467 0.556144 0.556641 0.552966 0.556885 0.551377 0.556152 0.551907 0.555908 0.550318 0.558105 0.549788 0.558838 0.551377 0.562012 0.546610 0.560303 0.547669 0.559814 0.545551 0.560547 0.543962 0.562988 0.543432 0.564209 0.545021 0.565186 0.542903 0.565918 0.543432 0.566162 0.540784 0.567871 0.540254 0.570312 0.536017 0.571289 0.536547 0.571533 0.534428 0.573242 0.534958 0.572998 0.531780 0.571533 0.531250 0.571777 0.529131 0.573975 0.529131 0.574219 0.532309 0.575195 0.530191 0.575928 0.530720 0.576416 0.539195 0.577148 0.538136 0.576904 0.536017 0.578369 0.536547 0.578369 0.534428 0.579590 0.534958 0.578857 0.532839 0.578125 0.533369 0.579102 0.528602 0.578369 0.526483 0.579590 0.525953 0.580322 0.528072 0.580322 0.525953 0.581299 0.524894 0.583008 0.527013 0.583252 0.521716 0.585449 0.518538 0.582275 0.517479 0.585938 0.516419
1 0.614990 0.509534 0.614258 0.510593 0.612793 0.515360 0.614258 0.516949 0.615234 0.514301
1 0.460938 0.509534 0.461426 0.511123 0.461914 0.509004 0.462891 0.511123 0.463135 0.510064 0.463867 0.510064 0.463867 0.511123 0.464355 0.510593 0.464844 0.512182 0.465332 0.511123 0.464600 0.511123 0.464355 0.509004 0.463623 0.509004 0.463135 0.507415 0.462402 0.507415 0.461670 0.509534
1 0.183838 0.507415 0.184570 0.510593 0.186035 0.510593 0.186523 0.509534 0.186523 0.507415 0.185547 0.506356 0.184570 0.506356
1 0.346680 0.505297 0.346924 0.505826 0.346191 0.506356 0.346680 0.506886 0.346436 0.507945 0.347168 0.509004 0.347412 0.508475 0.348389 0.512182 0.349121 0.512182 0.350098 0.508475 0.348389 0.509004 0.347656 0.507945 0.347900 0.506356
1 0.187256 0.507945 0.187256 0.510064 0.188965 0.513242 0.189453 0.517479 0.190918 0.520657 0.191406 0.518538 0.190430 0.519068 0.189697 0.517479 0.190186 0.515360 0.191162 0.515360 0.191895 0.516419 0.192139 0.515890 0.193848 0.518008 0.194580 0.515360 0.194824 0.515890 0.194580 0.514831 0.196045 0.512182 0.198975 0.514301 0.199707 0.513242 0.201172 0.513242 0.202637 0.510593 0.201904 0.510593 0.201172 0.508475 0.200928 0.510064 0.197754 0.511123 0.197021 0.510593 0.196777 0.511653 0.196289 0.510064 0.195557 0.509534 0.195801 0.509004 0.193848 0.509534 0.192139 0.508475 0.191650 0.505297 0.189697 0.508475
1 0.651123 0.502119 0.650635 0.502648 0.650879 0.507415 0.649902 0.510064 0.650391 0.510064 0.649902 0.512182 0.651855 0.513771 0.651611 0.510593 0.652100 0.510064 0.652100 0.503708
1 0.630371 0.503708 0.631592 0.506886 0.633057 0.505826 0.633057 0.504237 0.632568 0.504767 0.631348 0.502119 0.630859 0.502119
1 0.294434 0.502119 0.294678 0.502648 0.294189 0.503708 0.295410 0.506886 0.295166 0.509004 0.295898 0.509004 0.296387 0.507945 0.296875 0.510064 0.297607 0.509534 0.297607 0.506886 0.296875 0.505297 0.296631 0.506356 0.296387 0.504237 0.295166 0.502119
1 0.534424 0.500530 0.533936 0.500530 0.533691 0.501589 0.534424 0.503708 0.533691 0.506886 0.533936 0.508475 0.534668 0.507945 0.535156 0.506356 0.534912 0.501589
1 0.525146 0.500530 0.525391 0.501589 0.524902 0.503178 0.524902 0.505826 0.525391 0.506886 0.525391 0.510593 0.526123 0.512182 0.527100 0.512712 0.528809 0.507415 0.529785 0.507415 0.529785 0.505826 0.527832 0.505297 0.525635 0.500530
1 0.578613 0.501059 0.579102 0.503178 0.580322 0.501589 0.581299 0.502119 0.581543 0.504767 0.583496 0.507945 0.584229 0.507415 0.583984 0.503708 0.583252 0.503708 0.582275 0.500000 0.581787 0.499470 0.580811 0.501059
1 0.285156 0.496822 0.284180 0.497881 0.282959 0.497881 0.282959 0.498941 0.284424 0.502119 0.284912 0.502119 0.286133 0.499470 0.285889 0.497881 0.285400 0.497881
1 0.361084 0.496292 0.360352 0.498411 0.360107 0.497881 0.358154 0.498941 0.358154 0.500530 0.360596 0.500530 0.361328 0.502119 0.360840 0.500000
1 0.250977 0.498941 0.250977 0.500530 0.250488 0.501589 0.251221 0.500000 0.251465 0.501589 0.251953 0.501059 0.253418 0.502119 0.255371 0.505826 0.255371 0.508475 0.255859 0.509534 0.255615 0.510064 0.255859 0.509534 0.257812 0.513242 0.258057 0.514831 0.256836 0.517479 0.256836 0.521186 0.258301 0.521716 0.258301 0.517479 0.257812 0.516949 0.259277 0.516419 0.260010 0.516949 0.260986 0.519068 0.260742 0.520127 0.262939 0.523835 0.262207 0.525424 0.262207 0.527013 0.261719 0.527542 0.262207 0.528602 0.262207 0.531250 0.262695 0.531780 0.262695 0.532839 0.263428 0.531250 0.263672 0.532309 0.263916 0.531250 0.268799 0.534428 0.269531 0.533898 0.269287 0.531780 0.269775 0.530191 0.270508 0.530191 0.270020 0.529661 0.270264 0.528602 0.268311 0.526483 0.267578 0.523305 0.267334 0.523835 0.267090 0.522775 0.266846 0.523835 0.266357 0.522246 0.266113 0.522775 0.265137 0.520657 0.265137 0.519597 0.264893 0.520657 0.264160 0.519068 0.264648 0.518538 0.263184 0.515890 0.263184 0.513242 0.261963 0.513242 0.261475 0.511653 0.260986 0.511653 0.259766 0.507415 0.258545 0.506356 0.258057 0.505297 0.258301 0.504767 0.258057 0.505297 0.257568 0.504237 0.257812 0.503708 0.257324 0.502119 0.255859 0.501059 0.256592 0.499470 0.256104 0.498411 0.254639 0.498411 0.253906 0.496822 0.254395 0.495233 0.253662 0.495233 0.253662 0.496822 0.253174 0.495763 0.251465 0.498941
1 0.583740 0.495233 0.585449 0.499470 0.586670 0.500530 0.586426 0.497881 0.585449 0.495233
1 0.543457 0.494703 0.541748 0.495233 0.541748 0.496292 0.541016 0.497881 0.542480 0.500000 0.543213 0.499470 0.543701 0.497881
1 0.530273 0.493644 0.529297 0.493114 0.528564 0.494703 0.528076 0.497352 0.528564 0.498941 0.529297 0.497352 0.529297 0.495763 0.530273 0.494703
1 0.507080 0.491525 0.507812 0.496292 0.509766 0.501059 0.510986 0.499470 0.510498 0.497352 0.508789 0.494174 0.508057 0.491525
1 0.352295 0.495233 0.352295 0.493644 0.351074 0.491525 0.349121 0.494703 0.348389 0.493644 0.347900 0.494174 0.348633 0.495233
1 0.258301 0.491525 0.257812 0.491525 0.256836 0.494174 0.256836 0.496822 0.258301 0.497352 0.259033 0.496292 0.259033 0.495233 0.257568 0.492585
1 0.589111 0.490466 0.588379 0.492585 0.589111 0.494703 0.588867 0.496822 0.590332 0.496822 0.590820 0.497881 0.591064 0.496822 0.590576 0.492585 0.591309 0.492055 0.591309 0.490996 0.590576 0.492585 0.589844 0.492055 0.589600 0.490466
1 0.537842 0.490466 0.536865 0.493644 0.537598 0.495233 0.537598 0.496822 0.538330 0.497352 0.539062 0.496822 0.539062 0.495763 0.537842 0.493114 0.538330 0.491525 0.538330 0.490466
1 0.477295 0.490466 0.473145 0.490996 0.471924 0.494703 0.469238 0.498411 0.468994 0.501589 0.467285 0.504767 0.467285 0.509004 0.465820 0.511123 0.465820 0.512182 0.466797 0.510064 0.467285 0.510593 0.467285 0.514301 0.465820 0.515890 0.467285 0.517479 0.466553 0.519068 0.464844 0.518538 0.464355 0.519597 0.468262 0.521186 0.465820 0.524364 0.465820 0.527542 0.465088 0.525953 0.465576 0.529661 0.464844 0.531780 0.463867 0.530720 0.463623 0.533898 0.462646 0.531780 0.461914 0.532309 0.462891 0.536547 0.464355 0.537076 0.462891 0.541843 0.461426 0.537076 0.461426 0.541843 0.460449 0.542373 0.459473 0.546081 0.458496 0.555614 0.457275 0.559852 0.456055 0.559852 0.455811 0.558263 0.455566 0.559322 0.457764 0.563030 0.457520 0.565148 0.458008 0.565678 0.456787 0.571504 0.457031 0.569386 0.458252 0.569386 0.458496 0.570445 0.457520 0.571504 0.461182 0.572564 0.462402 0.575742 0.463135 0.575742 0.463623 0.571504 0.465576 0.572034 0.466309 0.570975 0.465576 0.568326 0.463623 0.566208 0.463867 0.561441 0.463135 0.558263 0.464600 0.555614 0.464844 0.552436 0.465332 0.553496 0.466553 0.552436 0.463135 0.545021 0.464111 0.543962 0.464600 0.545551 0.465576 0.543962 0.467041 0.530191 0.468018 0.527013 0.469727 0.524894 0.468506 0.522775 0.469727 0.521716 0.470215 0.524364 0.470947 0.524364 0.470947 0.521186 0.471680 0.519068 0.471436 0.511123 0.473145 0.507945 0.472412 0.500000 0.472900 0.498941 0.473633 0.500000 0.476807 0.496292 0.476318 0.492055
1 0.468506 0.488877 0.468262 0.490996 0.468750 0.492585 0.471191 0.492585 0.471191 0.490466 0.470703 0.490466 0.469482 0.487818
1 0.391113 0.487288 0.390869 0.488877 0.392090 0.489407 0.393555 0.495233 0.393555 0.497352 0.394043 0.497352 0.393799 0.496822 0.394287 0.496292 0.394531 0.494174 0.394287 0.491525 0.395020 0.490466 0.395508 0.488347 0.394775 0.487288 0.393066 0.486758 0.391357 0.487818
1 0.328857 0.486229 0.328369 0.490996 0.329590 0.490996 0.330811 0.488347 0.330811 0.486758 0.329834 0.487288
1 0.406006 0.487818 0.405762 0.488877 0.406494 0.489936 0.406006 0.490466 0.406494 0.492055 0.406982 0.490996 0.408203 0.490996 0.409668 0.495233 0.410156 0.492055 0.408203 0.488877 0.408936 0.486758 0.408691 0.485699 0.408203 0.486758 0.407471 0.486758 0.407227 0.487818
1 0.202637 0.487288 0.202637 0.488347 0.204346 0.489407 0.205322 0.488877 0.206543 0.490996 0.207520 0.490466 0.207520 0.488877 0.206543 0.485699 0.205566 0.487818 0.204834 0.487818 0.203613 0.485699
1 0.204346 0.492055 0.201416 0.492055 0.200195 0.489407 0.200684 0.488877 0.200195 0.486758 0.199463 0.488877 0.198730 0.487818 0.198730 0.485169 0.198486 0.486229 0.198975 0.487288 0.198486 0.488877 0.197510 0.488877 0.197266 0.487818 0.195557 0.490996 0.194824 0.490996 0.195312 0.492585 0.195068 0.495233 0.195557 0.496292 0.194824 0.497881 0.194824 0.503178 0.196045 0.504237 0.197266 0.503178 0.197021 0.502648 0.197754 0.500530 0.198486 0.500530 0.199951 0.498411 0.201660 0.498941 0.202881 0.493644
1 0.264648 0.484640 0.264160 0.486758 0.265137 0.489407 0.264893 0.490996 0.267578 0.492585 0.268555 0.489936 0.268311 0.487288 0.267578 0.486229 0.266602 0.488877 0.265869 0.488877 0.265625 0.487288 0.266113 0.484640
1 0.243652 0.487288 0.243652 0.490466 0.244141 0.488877 0.244873 0.488347 0.245605 0.490996 0.248291 0.490996 0.248779 0.489407 0.248291 0.488877 0.248535 0.487818 0.248291 0.488347 0.247559 0.486758 0.245117 0.486229 0.244873 0.484110
1 0.588135 0.482521 0.587158 0.485169 0.587402 0.487288 0.588135 0.487818 0.587891 0.486758 0.588623 0.485699 0.589111 0.486758 0.588867 0.487288 0.589111 0.486758 0.590088 0.488877 0.589355 0.487288 0.589600 0.483581 0.589355 0.483051 0.588867 0.484110 0.588135 0.483581
1 0.270996 0.483051 0.271973 0.484640 0.271973 0.486758 0.272461 0.487818 0.273193 0.487818 0.274170 0.489407 0.275391 0.496292 0.277344 0.496822 0.278320 0.495763 0.278564 0.494174 0.278076 0.492585 0.275879 0.489936 0.276123 0.487818 0.274902 0.486229 0.274170 0.486758 0.273926 0.485699 0.273438 0.485699 0.273193 0.484640 0.273682 0.484110 0.272949 0.483581 0.272949 0.482521
1 0.628418 0.481992 0.624512 0.481992 0.624512 0.483051 0.623779 0.483051 0.624023 0.485699 0.625000 0.487288 0.624268 0.490466 0.625244 0.492055 0.625244 0.493644 0.626465 0.494703 0.626465 0.497881 0.625732 0.498941 0.625977 0.500530 0.626709 0.498941 0.626709 0.494174 0.626465 0.493114 0.626221 0.494174 0.625732 0.493114 0.626221 0.490996 0.627197 0.490996 0.627930 0.489936 0.627930 0.492055 0.628662 0.492055 0.628906 0.493114 0.631348 0.493114 0.631104 0.490466 0.629150 0.487288 0.627686 0.485699 0.626465 0.486229 0.624023 0.484640 0.625000 0.483051 0.627686 0.483581
1 0.566406 0.480932 0.566895 0.483051 0.565430 0.485169 0.565186 0.487818 0.564453 0.489936 0.564453 0.492055 0.564941 0.493114 0.564697 0.496822 0.565918 0.494174 0.565918 0.492585 0.565674 0.493644 0.565186 0.491525 0.566406 0.488347 0.566895 0.484640 0.567627 0.483581
1 0.183350 0.480932 0.182861 0.483051 0.181885 0.483581 0.181885 0.487288 0.182861 0.489407 0.183105 0.487818 0.183838 0.488347 0.184814 0.486758 0.185059 0.487818 0.185303 0.487288 0.184814 0.486758 0.184082 0.483581 0.184326 0.483051
1 0.525146 0.480932 0.524658 0.480403 0.525146 0.480932 0.523926 0.481992 0.524658 0.484110 0.523438 0.485699 0.522949 0.487818 0.522461 0.487288 0.522705 0.485699 0.521484 0.480932 0.520996 0.481462 0.520508 0.485169 0.520996 0.489407 0.520264 0.490466 0.520996 0.494174 0.522705 0.495763 0.522705 0.496822 0.520996 0.499470 0.519287 0.497352 0.518555 0.499470 0.516602 0.495233 0.515869 0.496822 0.515381 0.495763 0.515381 0.491525 0.513916 0.490466 0.512939 0.487818 0.513428 0.485699 0.514648 0.485699 0.513672 0.481992 0.512695 0.481992 0.513184 0.484110 0.511963 0.487288 0.509766 0.486229 0.509521 0.486758 0.511963 0.492055 0.512207 0.496822 0.514160 0.499470 0.513916 0.500530 0.516846 0.501059 0.517578 0.500000 0.517822 0.502119 0.515625 0.506356 0.509521 0.506356 0.508301 0.509004 0.508789 0.509534 0.508301 0.510593 0.508545 0.512712 0.510986 0.512182 0.512695 0.509004 0.513428 0.509004 0.513916 0.510593 0.515625 0.509004 0.518799 0.512712 0.519775 0.514831 0.519531 0.519597 0.520752 0.520127 0.520996 0.518538 0.523193 0.514301 0.522217 0.511653 0.522705 0.510064 0.522217 0.507415 0.522949 0.506356 0.521729 0.504767 0.522217 0.503708 0.522217 0.500530 0.523193 0.498411 0.523193 0.496292 0.521973 0.494703 0.521973 0.493114 0.523926 0.487818 0.526123 0.486758 0.524658 0.484110
1 0.195312 0.481462 0.193848 0.483051 0.193359 0.481992 0.194092 0.481462 0.193604 0.480403 0.191650 0.480932 0.191406 0.484640 0.192627 0.487288 0.193604 0.486758 0.194092 0.485169 0.195068 0.485169 0.194824 0.483581
1 0.336426 0.479873 0.336426 0.481992 0.337158 0.483051 0.339111 0.483051 0.339111 0.481462 0.338379 0.479873 0.337646 0.479873 0.337158 0.478814
1 0.249512 0.475636 0.248779 0.477225 0.248779 0.478284 0.250000 0.480932 0.250488 0.478284 0.250000 0.477754 0.250244 0.476695
1 0.293213 0.473517 0.292480 0.472987 0.291504 0.475106 0.289307 0.476695 0.287842 0.476695 0.287354 0.475106 0.285889 0.475106 0.285889 0.477225 0.285400 0.478284 0.284668 0.477754 0.284180 0.479343 0.283447 0.484640 0.284912 0.486229 0.285400 0.484110 0.286377 0.483051 0.287109 0.485169 0.286865 0.487818 0.288574 0.488877 0.289307 0.491525 0.288818 0.493114 0.287354 0.494174 0.287598 0.496292 0.289307 0.492585 0.289795 0.492585 0.289795 0.489936 0.288330 0.488347 0.288086 0.485699 0.286377 0.480403 0.286377 0.478814 0.288086 0.477225 0.289062 0.477225 0.289551 0.478284 0.289307 0.481462 0.289795 0.483581 0.290527 0.484110 0.291992 0.480932 0.292725 0.481992 0.291992 0.479873 0.291260 0.479873 0.291016 0.478814 0.291992 0.476695 0.292725 0.476695 0.293213 0.475636
1 0.340820 0.469280 0.340088 0.469809 0.339111 0.472458 0.338867 0.474047 0.339355 0.475636 0.341064 0.472987
1 0.481201 0.469280 0.480713 0.470339 0.480225 0.468220 0.479248 0.470339 0.478760 0.469280 0.477539 0.472458 0.477539 0.474047 0.480957 0.475636
1 0.592285 0.472987 0.592773 0.475636 0.593994 0.475636 0.594482 0.476695 0.595703 0.475636 0.596680 0.477754 0.598389 0.475106 0.599609 0.477225 0.601074 0.477225 0.601562 0.476165 0.601074 0.474047 0.599854 0.471928 0.600586 0.469280 0.600342 0.469809 0.599854 0.468750 0.599121 0.469809 0.599365 0.471928 0.598877 0.472987 0.597656 0.471928 0.597412 0.475636 0.596680 0.474047 0.596924 0.470339 0.595215 0.467161 0.595215 0.469280 0.594238 0.471398 0.594238 0.472987 0.593750 0.474047 0.593262 0.470339
1 0.286865 0.466631 0.285889 0.466631 0.283936 0.469809 0.282227 0.469809 0.282715 0.471398 0.283691 0.471398 0.284668 0.468750 0.286133 0.468750
1 0.322021 0.466102 0.321533 0.466631 0.320801 0.465572 0.319824 0.468750 0.319824 0.470339 0.321289 0.470339
1 0.383301 0.464513 0.383301 0.466102 0.384277 0.469280 0.385742 0.471928 0.385742 0.470339 0.384766 0.467161
1 0.706787 0.465042 0.705566 0.465042 0.705566 0.463983 0.704834 0.463983 0.704590 0.464513 0.705078 0.465042 0.704102 0.467161 0.703857 0.466631 0.704346 0.468220 0.703613 0.470339 0.703125 0.470339 0.703613 0.471398 0.702881 0.472987 0.703613 0.473517 0.703613 0.475106 0.705078 0.474576 0.704590 0.470339 0.705566 0.468750 0.705566 0.466631
1 0.625488 0.464513 0.624512 0.464513 0.624023 0.462394 0.623535 0.465042 0.622070 0.466631 0.622314 0.468750 0.621582 0.470339 0.620605 0.469809 0.620850 0.472458 0.619873 0.470869 0.618652 0.472987 0.619141 0.475106 0.618652 0.477225 0.617432 0.476695 0.617432 0.475106 0.615967 0.479343 0.613525 0.480932 0.612305 0.484640 0.612061 0.490466 0.611328 0.489407 0.611328 0.486229 0.609619 0.484110 0.610596 0.480932 0.609863 0.479873 0.607666 0.484640 0.609863 0.488877 0.605713 0.495233 0.605225 0.498941 0.604004 0.496292 0.602539 0.497881 0.600098 0.497352 0.598145 0.499470 0.594482 0.498941 0.594727 0.501589 0.591553 0.504237 0.592285 0.506356 0.591553 0.507945 0.592285 0.507945 0.592285 0.509534 0.590820 0.510064 0.590332 0.508475 0.590820 0.507945 0.589844 0.506886 0.588867 0.508475 0.587646 0.505297 0.587891 0.511123 0.588867 0.511653 0.589600 0.508475 0.591064 0.511123 0.594238 0.511123 0.595215 0.509004 0.596191 0.511123 0.594727 0.516419 0.599121 0.518538 0.598389 0.515360 0.597900 0.516419 0.596436 0.515360 0.597656 0.511123 0.598633 0.512182 0.599854 0.511123 0.599365 0.509534 0.601562 0.503708 0.602295 0.505297 0.601562 0.506886 0.601562 0.511123 0.603271 0.510064 0.603760 0.511123 0.602783 0.509004 0.603516 0.507415 0.602783 0.502648 0.603516 0.500530 0.604980 0.499470 0.605469 0.501059 0.606689 0.497352 0.609131 0.495233 0.609375 0.492585 0.610107 0.496292 0.611084 0.491525 0.614746 0.492055 0.615723 0.488347 0.614990 0.486229 0.615234 0.483581 0.616455 0.482521 0.616699 0.480403 0.619141 0.478814 0.618896 0.476695 0.620117 0.475106 0.619629 0.474047 0.620117 0.472458 0.623291 0.471928 0.624023 0.469280 0.622803 0.467161 0.623779 0.466102 0.624512 0.468220 0.625488 0.466631
1 0.570557 0.461864 0.570068 0.461864 0.569336 0.463983 0.569336 0.465572 0.569824 0.466631 0.569580 0.468750 0.569092 0.467691 0.568848 0.468220 0.568848 0.470339 0.569336 0.471928 0.568359 0.474047 0.567871 0.474047 0.568604 0.474576 0.568115 0.475106 0.568359 0.476695 0.567627 0.477225 0.568115 0.477754 0.567871 0.479343 0.568359 0.479873 0.568359 0.482521 0.568848 0.476695 0.568359 0.476165 0.568848 0.475106 0.569824 0.476165 0.570068 0.471928 0.571289 0.468220
1 0.357178 0.462394 0.355713 0.461864 0.355469 0.462924 0.354980 0.461864 0.354736 0.462924 0.354248 0.461864 0.353271 0.463983 0.352051 0.462924 0.349121 0.466102 0.348633 0.469280 0.347656 0.470339 0.347168 0.472458 0.346191 0.470339 0.345947 0.471398 0.346680 0.471398 0.347656 0.473517 0.347656 0.475636 0.348389 0.478284 0.348877 0.478284 0.348145 0.473517 0.349121 0.471398 0.350586 0.471398 0.351318 0.473517 0.351318 0.470339 0.353271 0.466102 0.353760 0.466102 0.354248 0.467691 0.354736 0.467161 0.354980 0.462394 0.356445 0.464513
1 0.371826 0.461864 0.370850 0.460805 0.370117 0.461864 0.369629 0.467161 0.370850 0.467161 0.371582 0.465042
1 0.271729 0.465572 0.272217 0.463453 0.273193 0.463453 0.273682 0.464513 0.274902 0.464513 0.275635 0.463453 0.274658 0.461864 0.272949 0.461864 0.272217 0.460275 0.271484 0.462924
1 0.615234 0.457627 0.614990 0.460805 0.615479 0.461335 0.615967 0.459216 0.616699 0.460805 0.617188 0.463983 0.618408 0.465042 0.619629 0.462394 0.619629 0.459746 0.618896 0.459746 0.617920 0.463453 0.616943 0.461864 0.616943 0.459746 0.616211 0.459746 0.615723 0.458686 0.615723 0.457097
1 0.270020 0.457627 0.268799 0.457627 0.268066 0.456038 0.267090 0.456038 0.265137 0.458157 0.263672 0.457627 0.262695 0.459216 0.262207 0.457627 0.261230 0.457627 0.260742 0.456568 0.260742 0.458157 0.259033 0.458157 0.259033 0.463453 0.260986 0.462924 0.261719 0.461335 0.262451 0.462394 0.262207 0.462924 0.262695 0.464513 0.264404 0.466102 0.265869 0.463983 0.266113 0.461335 0.267822 0.459216 0.269287 0.460275 0.269287 0.459216
1 0.227783 0.454979 0.225830 0.456568 0.225098 0.459746 0.225098 0.462394 0.226807 0.462394 0.225830 0.460275 0.225830 0.458157 0.226562 0.456038 0.227539 0.456038
1 0.692383 0.454979 0.693115 0.457097 0.693848 0.457627 0.693604 0.458686 0.693115 0.458686 0.692383 0.457097 0.694092 0.460805 0.696289 0.459746 0.696533 0.458686 0.694824 0.454979
1 0.193604 0.471398 0.194092 0.470869 0.195068 0.474047 0.196533 0.473517 0.197266 0.475636 0.197998 0.475106 0.196777 0.471928 0.198486 0.469280 0.199463 0.469809 0.199951 0.468750 0.198975 0.466102 0.198975 0.464513 0.199951 0.461864 0.200928 0.460805 0.201172 0.461864 0.201416 0.460805 0.201660 0.461864 0.201904 0.460805 0.202148 0.461335 0.203125 0.459746 0.204346 0.461335 0.206543 0.458686 0.204346 0.458686 0.203857 0.457627 0.204102 0.458157 0.203613 0.458686 0.202881 0.456038 0.200439 0.456038 0.198486 0.458157 0.198486 0.456568 0.197998 0.457097 0.196289 0.454449 0.195312 0.454979 0.195068 0.456568 0.193848 0.455508 0.194824 0.462394 0.193848 0.463983 0.192627 0.463983 0.192871 0.466631 0.193848 0.469280
1 0.182373 0.454449 0.181152 0.454449 0.181396 0.458157 0.180664 0.460275 0.180176 0.460275 0.181152 0.462394 0.181396 0.461335 0.181641 0.462394 0.181641 0.461335 0.182129 0.461335 0.181396 0.459216 0.182373 0.457627
1 0.569824 0.452860 0.570068 0.456038 0.571289 0.456568 0.570312 0.457627 0.570068 0.457097 0.570068 0.458157 0.571045 0.460275 0.572510 0.460275 0.572998 0.461864 0.571777 0.467161 0.572266 0.468220 0.576416 0.468220 0.577637 0.470869 0.577393 0.470339 0.577881 0.468750 0.577881 0.466631 0.576660 0.464513 0.576660 0.460275 0.575928 0.459216 0.574951 0.461864 0.573730 0.461864 0.573242 0.460805 0.573486 0.460275 0.572998 0.456568 0.573730 0.456038 0.573975 0.454449 0.572266 0.455508 0.571533 0.454979 0.571045 0.452860 0.570312 0.453919
1 0.512451 0.452860 0.511230 0.452331 0.510010 0.454449 0.510254 0.455508 0.511475 0.456038 0.512451 0.454449
1 0.355469 0.453919 0.355469 0.456038 0.356445 0.458157 0.356689 0.457627 0.359619 0.459746 0.360352 0.457627 0.361572 0.458157 0.362061 0.457097 0.363770 0.459746 0.363525 0.457627 0.364014 0.455508 0.363037 0.453390 0.362549 0.453390 0.361816 0.457627 0.359375 0.456568 0.358887 0.455508 0.359375 0.451271 0.359131 0.451801 0.358643 0.449682 0.357666 0.451271 0.358154 0.452331 0.358154 0.453919 0.357422 0.454449 0.356934 0.456038 0.356445 0.456038 0.355957 0.453919
1 0.450439 0.450212 0.450195 0.452860 0.450928 0.456568 0.451660 0.458157 0.451904 0.463453 0.450439 0.467161 0.450439 0.468750 0.451416 0.468220 0.452148 0.469280 0.453125 0.472987 0.453125 0.475106 0.454590 0.478284 0.454346 0.478814 0.455078 0.483051 0.455078 0.486758 0.456543 0.489936 0.456299 0.492055 0.458008 0.497352 0.458252 0.500530 0.458740 0.501589 0.458740 0.504237 0.459717 0.505297 0.460449 0.507945 0.461426 0.507945 0.460693 0.506886 0.460693 0.504767 0.462158 0.504767 0.462158 0.502119 0.461670 0.500530 0.460449 0.500530 0.460693 0.497352 0.459961 0.494174 0.459473 0.493644 0.459473 0.488877 0.457031 0.480932 0.456787 0.476695 0.455811 0.475106 0.455811 0.474047 0.456787 0.472987 0.456787 0.469280 0.455322 0.469280 0.454346 0.466631 0.455078 0.465042 0.454590 0.462924 0.453369 0.461335 0.453857 0.460275 0.453369 0.456038 0.454102 0.452860 0.452637 0.449153 0.451416 0.451801 0.450928 0.450212
1 0.683838 0.448093 0.679932 0.448093 0.679932 0.451801 0.680420 0.452860 0.681152 0.451271 0.680664 0.450212 0.681396 0.448093 0.682861 0.449153
1 0.185547 0.449682 0.186035 0.451801 0.186523 0.450742 0.188232 0.453919 0.187988 0.454449 0.188477 0.454979 0.187988 0.457097 0.190430 0.457097 0.189453 0.454449 0.191162 0.453390 0.191162 0.451271 0.190430 0.449682 0.191162 0.447564 0.190186 0.448623 0.188721 0.447564 0.188721 0.452331 0.187988 0.451801 0.187256 0.448623 0.186279 0.448623
1 0.492676 0.447564 0.491211 0.447034 0.490479 0.449153 0.489746 0.448623 0.490723 0.446504 0.489258 0.447034 0.489746 0.451801 0.488281 0.453919 0.488281 0.458686 0.489502 0.456038 0.489746 0.458157 0.490723 0.456568 0.491455 0.451271 0.492920 0.450212
1 0.635010 0.449153 0.634766 0.449682 0.633057 0.445975 0.632080 0.445975 0.631348 0.447034 0.630371 0.453390 0.631104 0.453919 0.631592 0.452860 0.632080 0.453919 0.632812 0.453919 0.633301 0.451271
1 0.271240 0.451801 0.270752 0.449682 0.270020 0.448623 0.270264 0.448093 0.269775 0.447564 0.269775 0.446504 0.269043 0.445445 0.269287 0.443856 0.267822 0.444386 0.267334 0.445445 0.267090 0.444386 0.265869 0.447034 0.265381 0.445975 0.264648 0.447034 0.264404 0.448623 0.264893 0.448093 0.265625 0.449682 0.264160 0.450742 0.264160 0.451801 0.262695 0.454449 0.262695 0.456038 0.263184 0.457097 0.263428 0.456568 0.262695 0.454979 0.264404 0.452860 0.265137 0.453390 0.266846 0.451801 0.267822 0.451801 0.268311 0.452860 0.268311 0.451271 0.269287 0.450742 0.269531 0.448623 0.270020 0.449153 0.270020 0.454979 0.270752 0.453919
1 0.246094 0.442797 0.245605 0.444915 0.244629 0.444915 0.243896 0.445975 0.243652 0.449682 0.244873 0.452331 0.244141 0.452331 0.243896 0.453919 0.243408 0.452331 0.243164 0.452860 0.243652 0.453390 0.243652 0.455508 0.243164 0.455508 0.242920 0.457097 0.242432 0.455508 0.242188 0.456038 0.242920 0.457097 0.242920 0.459216 0.244629 0.461335 0.245605 0.461335 0.246094 0.460275 0.246094 0.457627 0.245117 0.458157 0.244873 0.457097 0.246338 0.454449 0.246826 0.456038 0.247314 0.455508 0.246338 0.453390 0.246826 0.451271 0.248291 0.448093 0.249023 0.447564 0.248535 0.445445 0.247314 0.446504 0.246826 0.445445 0.246826 0.443856
1 0.652832 0.442267 0.652588 0.444915 0.654297 0.450212 0.654053 0.451271 0.655273 0.452331 0.655762 0.451801 0.656006 0.452860 0.657227 0.452331 0.657471 0.450742 0.658447 0.450212 0.658447 0.446504 0.657959 0.446504 0.656982 0.443856 0.656494 0.443856 0.655029 0.446504 0.654297 0.446504 0.653809 0.445445 0.653809 0.442267
1 0.603027 0.441737 0.599609 0.445975 0.600586 0.450212 0.600098 0.451801 0.599609 0.451801 0.599121 0.449682 0.598389 0.450212 0.598877 0.451801 0.599854 0.452331 0.599609 0.452860 0.600586 0.455508 0.600586 0.459216 0.600098 0.459216 0.599365 0.461864 0.598633 0.460275 0.598145 0.460805 0.597412 0.459216 0.597656 0.458157 0.597412 0.458686 0.595947 0.457627 0.595215 0.455508 0.595459 0.453390 0.594238 0.451801 0.593750 0.451801 0.593506 0.452860 0.592773 0.450742 0.592773 0.451801 0.591797 0.452860 0.591064 0.451271 0.589844 0.451801 0.591553 0.454449 0.591797 0.456568 0.593506 0.460275 0.595215 0.460805 0.596436 0.458157 0.597168 0.460805 0.596924 0.461335 0.597656 0.461335 0.597656 0.462394 0.598145 0.461335 0.598389 0.462924 0.598145 0.460805 0.598633 0.460275 0.599121 0.461335 0.598877 0.462394 0.599365 0.462394 0.599854 0.460805 0.600586 0.461335 0.603027 0.457097 0.602539 0.458157 0.601807 0.457097 0.602295 0.455508 0.602295 0.452860 0.601562 0.451271 0.603027 0.445975
1 0.151367 0.441737 0.149414 0.443856 0.149414 0.445445 0.149902 0.446504 0.151611 0.446504 0.151367 0.444915 0.152100 0.443326 0.151611 0.443326
1 0.311768 0.449682 0.312256 0.449682 0.312500 0.451801 0.313232 0.452860 0.314697 0.452331 0.315918 0.453919 0.316895 0.449682 0.318848 0.450212 0.319824 0.448093 0.320312 0.449682 0.322754 0.450212 0.323730 0.448623 0.325195 0.448623 0.325439 0.447564 0.328613 0.448093 0.330322 0.446504 0.331543 0.448093 0.332275 0.447034 0.332520 0.448623 0.333984 0.450212 0.334961 0.447564 0.333984 0.447564 0.333252 0.446504 0.333496 0.444915 0.334229 0.443326 0.334717 0.443326 0.334473 0.442797 0.333252 0.443856 0.330078 0.443856 0.330322 0.445445 0.329590 0.445975 0.328613 0.442797 0.326660 0.442797 0.326416 0.443856 0.324219 0.444386 0.322021 0.442797 0.321533 0.441208 0.321045 0.442267 0.321289 0.443856 0.320557 0.444915 0.320557 0.446504 0.318604 0.449153 0.318115 0.449153 0.317627 0.447564 0.316162 0.448623 0.314941 0.447034 0.314209 0.449153 0.313232 0.450212
1 0.676758 0.439089 0.676270 0.439089 0.676270 0.442267 0.675781 0.442797 0.675293 0.445445 0.677002 0.444386 0.677246 0.445445 0.677490 0.444915 0.677002 0.440678 0.676514 0.440148
1 0.343262 0.439619 0.341797 0.439089 0.341064 0.440678 0.339355 0.439619 0.338379 0.441737 0.340820 0.442267
1 0.275146 0.439089 0.274658 0.439089 0.274414 0.440148 0.273438 0.439619 0.272705 0.440678 0.272217 0.445445 0.272461 0.448623 0.271484 0.449153 0.271484 0.450742 0.271973 0.451801 0.272705 0.450212 0.272949 0.452331 0.273926 0.449682 0.274658 0.449682 0.274658 0.448623 0.275635 0.448623 0.274170 0.447564 0.274658 0.446504 0.274414 0.441208
1 0.641113 0.439619 0.640381 0.438030 0.639160 0.438030 0.638428 0.440678 0.638428 0.442797 0.639160 0.443326 0.640137 0.442267
1 0.310059 0.436970 0.308350 0.437500 0.306152 0.441208 0.306152 0.444386 0.304932 0.448093 0.304932 0.450212 0.303223 0.450212 0.302002 0.452331 0.300537 0.452331 0.298828 0.456038 0.298096 0.452331 0.296875 0.451801 0.297607 0.450742 0.297852 0.448093 0.295898 0.450742 0.296387 0.455508 0.295654 0.458686 0.296387 0.460275 0.296631 0.459216 0.298584 0.461335 0.298096 0.464513 0.296631 0.462924 0.296387 0.461335 0.295898 0.461864 0.296387 0.462924 0.295410 0.464513 0.295410 0.462924 0.291504 0.463453 0.291504 0.466102 0.292725 0.467691 0.292725 0.470869 0.294678 0.471928 0.297363 0.476695 0.297119 0.477754 0.295654 0.476695 0.295410 0.481992 0.294678 0.483581 0.296631 0.486229 0.296875 0.487818 0.297363 0.487818 0.296875 0.486758 0.297119 0.485169 0.299561 0.487818 0.299805 0.486758 0.298828 0.484640 0.300781 0.480932 0.304199 0.480932 0.304199 0.479873 0.302979 0.479343 0.298828 0.481992 0.297607 0.479873 0.297607 0.478284 0.298584 0.476165 0.299316 0.476165 0.301514 0.470869 0.303955 0.470339 0.303467 0.469280 0.303955 0.467691 0.306885 0.465572 0.305664 0.462924 0.303955 0.461864 0.305420 0.458157 0.305176 0.456038 0.307617 0.452331 0.311279 0.454979 0.311768 0.451271 0.308594 0.451271 0.308838 0.444915 0.307373 0.443326 0.310059 0.442267 0.310547 0.445975 0.312500 0.447564 0.312500 0.443856 0.310791 0.442267 0.311279 0.440678
1 0.296631 0.438030 0.296143 0.440148 0.296143 0.444386 0.296875 0.445975 0.298828 0.445975 0.299316 0.444386 0.299316 0.441737 0.300537 0.443326 0.300781 0.445445 0.301758 0.446504 0.302734 0.445445 0.302979 0.440678 0.302490 0.438559 0.301514 0.436970 0.298340 0.436441 0.298096 0.437500
1 0.248535 0.436441 0.247803 0.437500 0.247314 0.440678 0.248535 0.442797 0.248291 0.444386 0.249512 0.443856 0.249268 0.443326 0.249756 0.441208 0.249756 0.438559
1 0.600830 0.435911 0.599121 0.435911 0.598633 0.436970 0.599121 0.438559 0.597900 0.441208 0.598877 0.442797 0.600586 0.438030 0.600342 0.437500
1 0.212891 0.433263 0.212402 0.434852 0.212402 0.436970 0.213867 0.438030 0.214844 0.440148 0.215088 0.439619 0.214600 0.438559 0.215820 0.437500 0.214111 0.437500 0.213623 0.436441 0.214111 0.435381 0.215820 0.435381 0.213623 0.434852
1 0.267090 0.432733 0.266113 0.434852 0.267578 0.437500 0.267578 0.438559 0.267822 0.437500 0.268066 0.438559 0.267578 0.436970 0.268555 0.435911 0.268066 0.433792
1 0.570312 0.432203 0.570068 0.434322 0.569092 0.434852 0.569092 0.436441 0.569824 0.439089 0.569824 0.444915 0.570312 0.448093 0.570068 0.448623 0.570312 0.450212 0.570801 0.450212 0.570801 0.445445 0.570557 0.446504 0.570068 0.444915 0.570557 0.441208 0.571289 0.439619 0.571533 0.435911 0.570068 0.435381 0.570557 0.433263
1 0.177246 0.432733 0.177490 0.436441 0.177002 0.438030 0.177246 0.439619 0.178223 0.441208 0.179199 0.441737 0.180176 0.439619 0.182129 0.439619 0.182617 0.438030 0.181152 0.434852 0.181396 0.434322 0.178711 0.432203
1 0.673340 0.431674 0.672607 0.432203 0.671387 0.436970 0.672363 0.436970 0.672852 0.438030 0.672607 0.440148 0.673096 0.440148 0.672607 0.435381 0.673096 0.433792 0.673340 0.434322
1 0.397949 0.431674 0.398438 0.432733 0.398193 0.436441 0.399658 0.434852 0.401855 0.439089 0.403320 0.437500 0.403320 0.435381 0.402588 0.435911 0.401855 0.434322 0.399902 0.435381 0.399414 0.431674
1 0.227539 0.430085 0.226807 0.431144 0.227051 0.432733 0.225586 0.434852 0.225098 0.440678 0.225586 0.442797 0.226807 0.444915 0.227783 0.443856 0.227539 0.438559 0.228271 0.437500 0.229248 0.439089 0.229004 0.441208 0.229492 0.442267 0.229004 0.443856 0.230469 0.444386 0.230713 0.442267 0.232666 0.440678 0.231934 0.439619 0.231445 0.435381 0.230469 0.433792 0.230225 0.431674 0.229248 0.432733 0.228760 0.430614
1 0.361084 0.427966 0.360352 0.429025 0.360352 0.431144 0.362061 0.433792 0.362793 0.432733 0.363037 0.431144 0.362061 0.428496
1 0.681641 0.427436 0.680908 0.430085 0.679443 0.429555 0.679688 0.432733 0.682129 0.431674
1 0.594971 0.427436 0.594727 0.430085 0.595947 0.431674 0.596680 0.431674 0.596924 0.429025 0.595947 0.429025
1 0.310303 0.427436 0.310303 0.433792 0.311035 0.434322 0.311523 0.432203 0.311523 0.434322 0.313232 0.433263 0.312744 0.431144 0.312256 0.431144 0.312012 0.430085 0.311768 0.430614
1 0.240723 0.427436 0.239502 0.427436 0.239990 0.428496 0.239258 0.429025 0.239990 0.430614 0.239746 0.432203 0.236816 0.432203 0.235840 0.434852 0.235107 0.433792 0.234619 0.435381 0.234863 0.436970 0.235840 0.438030 0.236328 0.436970 0.237793 0.436970 0.238525 0.435381 0.240723 0.435911 0.241211 0.434852 0.241211 0.433263 0.240723 0.431674 0.239990 0.431144 0.240234 0.430085 0.240479 0.430614
1 0.566650 0.426377 0.565918 0.429025 0.568359 0.433263 0.568359 0.431144
1 0.186279 0.426377 0.185059 0.425847 0.184082 0.427966 0.182617 0.429025 0.183105 0.434852 0.184082 0.435911 0.185059 0.434852 0.185303 0.433792 0.184814 0.432733 0.185303 0.431674 0.184570 0.430085 0.185547 0.428496 0.187256 0.427966
1 0.443848 0.425318 0.443359 0.428496 0.444824 0.429555 0.445312 0.426377 0.444824 0.425318
1 0.500000 0.424258 0.500000 0.425847 0.499512 0.425847 0.499756 0.426907 0.499023 0.427966 0.499512 0.429025 0.498779 0.429555 0.497559 0.433263 0.497070 0.432733 0.496094 0.433792 0.497314 0.435381 0.497314 0.433792 0.497803 0.432733 0.498535 0.436970 0.499756 0.438559 0.500244 0.438559 0.500244 0.436441 0.500000 0.436970 0.499512 0.434852 0.499756 0.434322 0.500244 0.435381 0.500000 0.433263 0.500732 0.431674 0.500732 0.430614 0.500000 0.429555 0.501221 0.426907 0.501221 0.425318
1 0.676270 0.422669 0.676025 0.424788 0.675537 0.423729 0.675049 0.424788 0.675049 0.426907 0.675537 0.427436 0.677246 0.426907 0.677246 0.425847 0.677002 0.426907 0.676514 0.425847 0.676758 0.423729
1 0.293457 0.422669 0.292725 0.423729 0.291504 0.423199 0.290771 0.426377 0.291504 0.427436 0.293457 0.426907 0.293701 0.425318 0.292969 0.423729
1 0.316162 0.422140 0.315674 0.423199 0.315918 0.425847 0.316895 0.425847 0.316406 0.427436 0.316895 0.429025 0.316895 0.431144 0.317871 0.431674 0.319092 0.434852 0.319092 0.432203 0.319580 0.431144 0.319336 0.430085 0.320312 0.428496 0.320557 0.425318 0.320068 0.423729
1 0.589355 0.421610 0.588623 0.423199 0.588623 0.425847 0.587891 0.427436 0.587891 0.429025 0.588379 0.428496 0.588623 0.426377 0.589111 0.426377 0.589844 0.424788
1 0.429199 0.421610 0.429443 0.424258 0.430908 0.424258 0.431396 0.422669 0.430420 0.421081
1 0.592529 0.420021 0.592285 0.420551 0.593994 0.425847 0.594971 0.426377 0.594971 0.423729 0.594482 0.422140 0.593262 0.422140
1 0.495117 0.419492 0.495605 0.421610 0.497070 0.422669 0.498291 0.425318 0.498779 0.425318 0.499756 0.423199 0.498291 0.423199 0.498047 0.422669 0.498779 0.421610 0.497559 0.418962
1 0.613037 0.417903 0.610107 0.418962 0.609375 0.420021 0.609863 0.421081 0.611572 0.421081 0.612549 0.418962 0.612793 0.419492
1 0.395752 0.416843 0.395020 0.417903 0.395020 0.420021 0.395752 0.421610 0.395020 0.423729 0.396484 0.422669 0.395996 0.421610 0.396729 0.420021 0.396729 0.417903 0.396484 0.418432
1 0.289795 0.417903 0.290527 0.420021 0.293213 0.420021 0.295166 0.423729 0.294922 0.424788 0.295898 0.426907 0.296631 0.427436 0.297119 0.425847 0.297119 0.424258 0.296387 0.423729 0.295898 0.421081 0.294434 0.417903 0.294189 0.418432 0.293701 0.417373 0.293457 0.418432 0.291260 0.418432 0.290527 0.416843
1 0.506104 0.415784 0.505371 0.416314 0.504395 0.418962 0.504883 0.421081 0.506104 0.420551
1 0.239502 0.415254 0.238770 0.417373 0.239258 0.418432 0.238770 0.419492 0.239258 0.420021 0.239258 0.421081 0.238281 0.423729 0.237793 0.423729 0.237793 0.424788 0.239258 0.426377 0.239014 0.425847 0.239746 0.424258 0.240479 0.424258 0.240723 0.423199 0.241699 0.423729 0.241943 0.421610 0.241455 0.418432 0.240723 0.418432
1 0.638916 0.416314 0.639160 0.418962 0.641357 0.418962 0.641602 0.422140 0.643066 0.423199 0.644043 0.422140 0.643799 0.420551 0.641846 0.417903 0.641846 0.416314 0.641357 0.415254 0.639648 0.414725
1 0.377197 0.413136 0.375977 0.413665 0.375977 0.415784 0.374756 0.418432 0.377197 0.417373
1 0.479248 0.412076 0.479248 0.414195 0.479980 0.415254 0.479736 0.416314 0.479248 0.415784 0.479248 0.416843 0.480469 0.417373 0.480957 0.414195
1 0.323486 0.412076 0.322021 0.412076 0.322021 0.413665 0.320557 0.414725 0.320557 0.415784 0.322510 0.417903 0.322998 0.416843 0.322998 0.414195 0.323730 0.412606
1 0.412109 0.416843 0.412598 0.418962 0.412842 0.418432 0.413574 0.419492 0.413574 0.421081 0.414307 0.420551 0.414307 0.419492 0.413574 0.417903 0.414062 0.416843 0.415283 0.416843 0.416992 0.420021 0.417969 0.419492 0.417725 0.418432 0.416504 0.417903 0.415527 0.416314 0.415527 0.413136 0.415039 0.411547 0.413574 0.416314 0.412598 0.415254
1 0.687012 0.411017 0.685547 0.413136 0.685059 0.415784 0.685547 0.417903 0.685547 0.423199 0.686035 0.423199 0.686523 0.424788 0.687500 0.424788 0.687988 0.423729 0.686523 0.419492 0.686523 0.417903 0.687988 0.414725 0.687988 0.412076
1 0.439209 0.413136 0.437988 0.411017 0.437744 0.413136 0.436523 0.415784 0.438477 0.415784
1 0.298828 0.411017 0.297852 0.414725 0.298828 0.416314 0.300293 0.416314 0.299561 0.415784 0.300049 0.414725 0.299316 0.413665 0.300293 0.411547 0.299316 0.412076 0.299316 0.411017
1 0.260742 0.411017 0.260254 0.412076 0.261230 0.414195 0.261230 0.416843 0.261719 0.417373 0.261475 0.418432 0.261963 0.417903 0.261963 0.415254 0.263428 0.415784 0.262695 0.414725 0.262695 0.412606 0.261963 0.413136
1 0.196289 0.411547 0.197266 0.414725 0.197266 0.413665 0.197998 0.413136 0.199219 0.415254 0.199219 0.416843 0.199951 0.416843 0.200195 0.417903 0.202637 0.419492 0.196777 0.411017
1 0.310303 0.412076 0.309570 0.412076 0.308838 0.410487 0.305664 0.411547 0.305420 0.413665 0.304932 0.414195 0.305176 0.416843 0.304688 0.417903 0.302490 0.417373 0.302002 0.418432 0.300537 0.417373 0.301758 0.419492 0.301758 0.421081 0.300293 0.423199 0.299805 0.428496 0.300293 0.429555 0.301514 0.429555 0.302002 0.428496 0.302734 0.429555 0.303223 0.429025 0.303955 0.424258 0.303223 0.421610 0.303467 0.420021 0.304199 0.420021 0.305908 0.423199 0.306396 0.423199 0.306641 0.425847 0.308350 0.425318 0.308105 0.423199 0.309082 0.421081 0.309082 0.418962
1 0.690430 0.409958 0.689941 0.411017 0.690186 0.414195 0.689697 0.416314 0.691162 0.417373 0.691650 0.416843 0.691895 0.412606 0.690918 0.409958
1 0.352539 0.413136 0.354248 0.414725 0.355713 0.409958 0.353516 0.411017 0.353027 0.409958 0.352783 0.411017 0.353516 0.412606 0.353027 0.413136 0.352539 0.412076
1 0.671875 0.407839 0.671875 0.411547 0.671387 0.413665 0.672119 0.415254 0.672607 0.418432 0.674316 0.419492 0.675293 0.421610 0.676758 0.420021 0.677246 0.418432 0.676758 0.414195 0.677246 0.409428 0.676758 0.408369 0.675537 0.408369 0.674561 0.410487 0.674072 0.410487 0.673096 0.408369
1 0.451904 0.406250 0.451416 0.406250 0.451172 0.405191 0.449463 0.405720 0.449219 0.408898 0.450439 0.408898
1 0.385010 0.404661 0.383545 0.404661 0.381836 0.407839 0.379883 0.409428 0.380615 0.412606 0.382324 0.414195 0.384033 0.414195 0.382568 0.415784 0.382568 0.416843 0.383301 0.416843 0.385986 0.413136 0.386230 0.407839
1 0.601562 0.403602 0.601074 0.403602 0.600098 0.405720 0.599854 0.407839 0.598633 0.411547 0.600586 0.412606 0.601562 0.410487 0.601562 0.407309 0.602051 0.406780 0.601318 0.406250 0.601807 0.404661
1 0.302246 0.405720 0.302979 0.407839 0.305420 0.406250 0.304199 0.403602 0.303467 0.403602 0.302979 0.405191
1 0.258789 0.404131 0.259521 0.406780 0.261230 0.408369 0.261475 0.409428 0.263672 0.409428 0.263428 0.406780 0.263428 0.407839 0.262695 0.409428 0.261719 0.409428 0.261475 0.408369 0.261963 0.407309 0.260254 0.403602
1 0.403809 0.404131 0.403809 0.405720 0.404785 0.407309 0.406738 0.406250 0.406738 0.404661 0.405762 0.403072 0.404297 0.403072
1 0.242188 0.403602 0.242188 0.406250 0.242920 0.406250 0.243652 0.408369 0.244629 0.409428 0.244385 0.410487 0.244141 0.409958 0.244141 0.411547 0.245361 0.411547 0.245117 0.409428 0.246582 0.408369 0.246582 0.407309 0.244873 0.403072 0.243652 0.403602 0.242920 0.406250 0.242432 0.405720 0.242676 0.404661
1 0.552979 0.402542 0.552979 0.408898 0.553467 0.409958 0.553955 0.408898 0.554199 0.409428 0.554932 0.407309 0.553955 0.403072
1 0.305908 0.402542 0.305908 0.405191 0.308350 0.406250 0.308350 0.404131 0.306885 0.402013
1 0.680908 0.401483 0.678955 0.401483 0.678223 0.403602 0.678955 0.407309 0.678711 0.409428 0.679199 0.410487 0.681152 0.408369 0.680176 0.406250 0.680908 0.403602
1 0.311279 0.401483 0.311523 0.404131 0.313477 0.407839 0.312256 0.408898 0.311768 0.410487 0.312256 0.410487 0.312500 0.411547 0.313721 0.411547 0.314209 0.415784 0.315674 0.415254 0.317139 0.413136 0.320312 0.413665 0.321289 0.412606 0.320801 0.410487 0.321289 0.408898 0.321045 0.407839 0.319336 0.407839 0.319092 0.408898 0.318115 0.409428 0.317627 0.411017 0.316895 0.411547 0.315918 0.409428 0.314941 0.409428 0.313232 0.405720 0.312500 0.405720 0.312012 0.404661 0.312256 0.401483
1 0.295898 0.402542 0.297852 0.406250 0.298828 0.406250 0.299805 0.404661 0.299805 0.402013 0.298340 0.400424 0.297119 0.400424
1 0.279297 0.400953 0.279541 0.400424 0.279297 0.400953 0.280029 0.403602 0.280762 0.403602 0.282227 0.405720 0.283691 0.405191 0.284668 0.403602 0.286621 0.404131 0.284912 0.403072 0.284424 0.402013 0.282227 0.401483 0.281982 0.400424 0.281006 0.400424 0.280029 0.402013
1 0.558350 0.399894 0.557861 0.403072 0.558838 0.404131 0.559570 0.401483 0.559082 0.399894
1 0.394775 0.399894 0.394043 0.402542 0.393799 0.402013 0.393311 0.403602 0.393311 0.407839 0.395020 0.407839 0.395996 0.411547 0.396973 0.413665 0.397461 0.413665 0.397461 0.412606 0.395996 0.409428 0.397705 0.409428 0.398438 0.407839 0.397705 0.407309 0.396729 0.408369 0.395508 0.404661 0.394287 0.406780 0.394287 0.403602 0.394775 0.402542 0.395752 0.403072 0.396484 0.401483 0.396484 0.399894 0.395996 0.399364
1 0.705566 0.398835 0.704102 0.400424 0.704102 0.403072 0.704834 0.403072 0.705811 0.401483
1 0.349854 0.399894 0.350098 0.403072 0.351562 0.404661 0.352051 0.403602 0.352051 0.401483 0.351074 0.398835
1 0.682373 0.396716 0.683594 0.400424 0.683594 0.402013 0.682373 0.406250 0.683350 0.406780 0.683838 0.408369 0.684570 0.408369 0.684326 0.404661 0.686035 0.401483 0.685303 0.401483 0.684082 0.397775
1 0.595215 0.396716 0.594482 0.398305 0.594971 0.400953 0.594238 0.402013 0.594727 0.402013 0.594971 0.400953 0.595459 0.402013 0.595215 0.405720 0.595459 0.405191 0.595703 0.406250 0.594727 0.406780 0.594482 0.407839 0.593994 0.406780 0.594727 0.404661 0.594238 0.404131 0.593262 0.406250 0.593506 0.407839 0.594482 0.408898 0.595703 0.406250 0.596680 0.406250 0.596680 0.403602 0.597412 0.402013 0.596680 0.398305 0.596436 0.398835
1 0.386475 0.396716 0.386230 0.398305 0.386963 0.402542 0.388916 0.402542 0.389893 0.405720 0.389648 0.406250 0.390381 0.406780 0.390625 0.404131 0.390137 0.403072 0.389404 0.404131 0.389160 0.403602 0.389160 0.400953 0.388184 0.399894 0.388672 0.398835
1 0.329346 0.396716 0.329590 0.397246 0.328369 0.401483 0.328857 0.403602 0.330322 0.403602 0.331055 0.398305
1 0.534668 0.396186 0.535156 0.398305 0.537109 0.399364 0.537842 0.397775 0.537598 0.396186 0.536133 0.397246
1 0.472656 0.402542 0.473145 0.403602 0.472656 0.405720 0.475830 0.411017 0.476562 0.407839 0.478027 0.408369 0.479492 0.406250 0.480713 0.407309 0.480713 0.404661 0.479004 0.405191 0.478760 0.403602 0.477051 0.400953 0.475342 0.395127 0.474854 0.395127 0.475342 0.395127 0.475586 0.396186 0.474365 0.397775
1 0.598389 0.393008 0.600098 0.397246 0.600586 0.397246 0.599609 0.395657 0.599609 0.393538 0.600830 0.395657 0.601807 0.394597 0.602051 0.397775 0.603271 0.395657 0.603516 0.396186 0.603516 0.395127 0.604004 0.394597 0.604004 0.393538 0.603516 0.394068 0.603027 0.392479 0.600098 0.393538 0.599609 0.392479
1 0.152832 0.389831 0.151855 0.393008 0.151367 0.392479 0.150879 0.393538 0.150879 0.394597 0.152588 0.395657 0.153564 0.397775 0.154297 0.396186 0.154541 0.390360 0.154297 0.390890 0.153809 0.389831
1 0.317627 0.387712 0.316406 0.392479 0.316650 0.393538 0.317871 0.394068 0.318115 0.395657 0.316650 0.396716 0.316162 0.398305 0.317627 0.398305 0.318115 0.400424 0.318848 0.399364 0.318848 0.402542 0.319580 0.404131 0.321777 0.404131 0.322266 0.403072 0.322266 0.401483 0.321533 0.397246 0.322754 0.396716 0.323975 0.394068 0.322510 0.394068 0.321533 0.396186 0.319824 0.396186 0.319092 0.393538 0.319580 0.391949 0.318848 0.391419 0.317627 0.388771
1 0.281250 0.389301 0.281494 0.391419 0.282471 0.393008 0.283203 0.393008 0.283691 0.391949 0.283691 0.389831 0.282227 0.387712
1 0.484131 0.394597 0.484131 0.393538 0.483398 0.392479 0.483398 0.390890 0.483887 0.389831 0.482666 0.387182 0.481934 0.387712 0.480713 0.391419 0.479248 0.391949 0.479492 0.393538 0.480469 0.393538 0.482422 0.395657 0.483154 0.394597
1 0.457764 0.386653 0.456787 0.389301 0.456543 0.388771 0.456543 0.390360 0.457275 0.392479 0.458496 0.392479 0.458984 0.391419 0.458984 0.388771
1 0.682861 0.385593 0.683350 0.389301 0.684570 0.389301 0.685059 0.387182 0.687500 0.386653 0.687012 0.385064 0.686035 0.385064 0.684814 0.386653 0.684082 0.386653 0.683350 0.384534
1 0.272217 0.383475 0.271729 0.382945 0.270996 0.384004 0.270020 0.387712 0.270996 0.388242 0.272461 0.387182 0.272705 0.386123 0.272217 0.385064
1 0.277588 0.382415 0.277344 0.385064 0.276855 0.386123 0.274658 0.386123 0.273438 0.388242 0.274902 0.389831 0.273438 0.390360 0.273926 0.394597 0.272949 0.397246 0.274902 0.395127 0.276367 0.395127 0.277344 0.393538 0.275391 0.390890 0.274902 0.388771 0.276611 0.387712 0.277100 0.390360 0.276855 0.386653 0.277588 0.384534
1 0.413086 0.386123 0.412109 0.381886 0.411865 0.382945 0.410156 0.384004 0.408203 0.383475 0.407471 0.384534 0.406982 0.384004 0.404785 0.385593 0.404053 0.388242 0.405029 0.388771 0.406250 0.386123
1 0.317383 0.381886 0.317383 0.386653 0.317627 0.386123 0.318604 0.387182 0.318848 0.388771 0.320068 0.387182 0.320557 0.388771 0.321289 0.388242 0.321289 0.386123 0.322021 0.384004 0.321533 0.381886 0.320557 0.383475 0.320312 0.385064
1 0.693604 0.379767 0.693359 0.384004 0.693848 0.386123 0.695312 0.386653 0.695068 0.387712 0.694580 0.387712 0.696045 0.388771 0.696777 0.387712 0.699219 0.391949 0.701172 0.391949 0.699707 0.388771 0.699707 0.385593 0.699463 0.386123 0.697754 0.382945 0.695312 0.385593 0.694580 0.382415 0.694824 0.378708 0.694092 0.378708
1 0.558105 0.378708 0.555664 0.378708 0.555664 0.382415 0.556641 0.382945 0.558105 0.379767
1 0.298340 0.376589 0.297607 0.377648 0.296387 0.377119 0.296387 0.379767 0.296143 0.380297 0.295898 0.379237 0.295410 0.380297 0.296631 0.382945 0.296143 0.384004 0.296143 0.385593 0.296631 0.386653 0.297363 0.386123 0.298340 0.387182 0.298584 0.386653 0.298096 0.385593 0.299316 0.382415 0.299316 0.379767
1 0.256836 0.376589 0.256104 0.377648 0.256104 0.381356 0.257324 0.380826 0.257324 0.378178
1 0.666016 0.377119 0.667236 0.379767 0.667236 0.381356 0.667725 0.382415 0.668945 0.381886 0.669189 0.380826 0.670166 0.381886 0.670654 0.381356 0.670654 0.380297 0.669678 0.380297 0.668213 0.378708 0.666992 0.376059
1 0.677979 0.376059 0.676025 0.374470 0.675537 0.376589 0.674561 0.378178 0.674316 0.377648 0.674316 0.379767 0.674805 0.380826 0.675781 0.380826 0.677734 0.378708
1 0.622559 0.374470 0.622070 0.373941 0.621826 0.375000 0.621582 0.374470 0.620605 0.375530 0.620117 0.378178 0.619141 0.379767 0.621094 0.381886 0.621582 0.380826 0.621338 0.380297 0.622070 0.377119 0.622070 0.375000
1 0.727051 0.372881 0.728027 0.375530 0.731445 0.379237 0.731934 0.378708 0.731201 0.377119 0.731934 0.375530 0.731934 0.374470 0.729980 0.372352 0.729248 0.372352 0.728271 0.373941
1 0.259277 0.373411 0.260010 0.373411 0.260254 0.374470 0.262451 0.376059 0.262939 0.377119 0.262939 0.379237 0.263916 0.380826 0.263672 0.379237 0.264160 0.377648 0.264648 0.377648 0.264160 0.376059 0.265137 0.373411 0.265869 0.374470 0.265625 0.372881 0.264404 0.372881 0.263916 0.375000 0.262939 0.376059 0.262695 0.371822
1 0.295410 0.371292 0.292969 0.373941 0.292236 0.376589 0.292969 0.379767 0.293701 0.379767 0.292725 0.378178 0.293213 0.376589 0.293945 0.378178 0.295166 0.378178 0.295898 0.376589
1 0.281494 0.370763 0.280273 0.372881 0.279297 0.373411 0.279785 0.375000 0.279297 0.376589 0.279541 0.376059 0.279785 0.377119 0.280029 0.375000 0.280273 0.376589 0.281006 0.376059 0.281738 0.377648 0.282959 0.377648 0.283203 0.384004 0.283203 0.381886 0.283936 0.380297 0.284424 0.380297 0.284424 0.378178 0.285156 0.376589 0.284180 0.374470 0.283691 0.374470 0.283203 0.376059 0.281982 0.375000 0.283203 0.372881 0.282227 0.372352
1 0.636963 0.370763 0.636230 0.371292 0.635742 0.370233 0.634277 0.370233 0.634521 0.370763 0.634033 0.372352 0.634521 0.373411 0.634521 0.375530 0.633789 0.376589 0.632812 0.376589 0.632568 0.377648 0.633545 0.377119 0.634277 0.378178 0.633301 0.380297 0.633301 0.382415 0.634766 0.378708 0.634766 0.375530 0.635742 0.375530 0.636230 0.376589 0.637695 0.376589 0.638184 0.375530 0.638184 0.373411
1 0.476074 0.369703 0.474121 0.373411 0.474121 0.376059 0.474609 0.377119 0.475830 0.376589 0.476318 0.375530 0.476562 0.370763
1 0.439453 0.368644 0.438965 0.372352 0.441406 0.373941 0.441406 0.371822
1 0.497070 0.368644 0.497070 0.370233 0.497803 0.372352 0.498535 0.372352 0.499512 0.370233 0.497559 0.368114
1 0.308594 0.368114 0.308105 0.368644 0.308350 0.370233 0.307861 0.371292 0.307617 0.370763 0.306885 0.373411 0.307373 0.373941 0.307373 0.375530 0.308105 0.377119 0.310059 0.376059 0.309326 0.373941 0.309570 0.368644
1 0.369873 0.368114 0.369141 0.367585 0.368164 0.369174 0.366943 0.368644 0.366211 0.371292 0.366699 0.372352 0.367676 0.370763 0.369385 0.371292
1 0.568115 0.367055 0.567871 0.368114 0.569092 0.369703 0.569580 0.372352 0.569092 0.375000 0.567871 0.373411 0.567139 0.376059 0.570068 0.376589 0.570312 0.375530 0.569824 0.375000 0.570312 0.372881 0.571045 0.371822 0.571045 0.369703 0.570557 0.368114 0.569092 0.368114 0.568848 0.367055
1 0.621826 0.367585 0.620605 0.371292 0.621338 0.370233 0.622559 0.372881 0.622803 0.372352 0.623779 0.373411 0.624268 0.377648 0.624023 0.378178 0.625488 0.382945 0.627197 0.384534 0.628662 0.384534 0.628662 0.381886 0.629150 0.380826 0.630371 0.381356 0.630859 0.380297 0.630859 0.377648 0.630371 0.376059 0.626953 0.376059 0.625244 0.374470 0.623779 0.370233 0.624268 0.369174 0.624023 0.367055 0.623291 0.366525 0.623047 0.367585
1 0.692871 0.365466 0.691650 0.368644 0.692139 0.367585 0.692871 0.370763 0.693848 0.370763 0.694336 0.369174 0.694092 0.366525
1 0.263184 0.365466 0.264648 0.368644 0.264160 0.370763 0.265869 0.370233 0.266113 0.367585 0.264893 0.367585 0.264160 0.365996 0.263916 0.367055
1 0.639893 0.364936 0.639160 0.364936 0.638916 0.367585 0.638184 0.368644 0.638428 0.370763 0.639648 0.373411 0.639160 0.375530 0.639404 0.376059 0.638428 0.377648 0.638184 0.377119 0.637207 0.380297 0.636230 0.379237 0.635986 0.381356 0.636475 0.382415 0.637451 0.380297 0.638672 0.380297 0.639160 0.377119 0.639893 0.376589 0.640381 0.373941 0.640869 0.373411 0.639648 0.371292 0.640625 0.368644 0.640625 0.367055
1 0.304932 0.364936 0.303467 0.365466 0.302979 0.366525 0.304199 0.371822 0.305176 0.371822 0.304932 0.370233 0.305664 0.368114 0.305664 0.366525
1 0.706543 0.364407 0.706543 0.365996 0.707520 0.368114 0.708984 0.369174 0.709473 0.368644 0.709229 0.365996 0.708252 0.365996
1 0.670898 0.364407 0.670166 0.365996 0.670410 0.370233 0.671143 0.371822 0.670410 0.375530 0.671387 0.376589 0.672119 0.371822 0.671631 0.370763 0.671631 0.365466
1 0.330078 0.365466 0.330811 0.366525 0.330078 0.367055 0.331055 0.368114 0.330566 0.368644 0.333496 0.368644 0.332520 0.367055 0.332031 0.364407
1 0.267578 0.364407 0.266846 0.366525 0.266846 0.368644 0.266357 0.370233 0.266602 0.369703 0.267090 0.371292 0.266846 0.371822 0.267822 0.373411 0.267578 0.375530 0.267822 0.375000 0.268311 0.376589 0.268799 0.375000 0.269531 0.378178 0.270020 0.377648 0.269775 0.377119 0.270508 0.373941 0.270020 0.372881 0.270752 0.372352 0.271484 0.373941 0.271484 0.371822 0.270508 0.371822 0.269775 0.373411 0.269287 0.371822 0.268799 0.372352 0.268799 0.368644
1 0.615723 0.362818 0.615234 0.363877 0.614990 0.366525 0.615967 0.367585 0.616943 0.367055 0.617432 0.364936 0.616699 0.364936
1 0.286621 0.362288 0.285889 0.362818 0.286377 0.362818 0.286621 0.363877 0.285645 0.366525 0.285156 0.365996 0.285645 0.364936 0.283447 0.368114 0.284180 0.370233 0.284912 0.370233 0.286621 0.365466
1 0.447754 0.360169 0.448242 0.365466 0.449219 0.367585 0.451172 0.367585 0.450684 0.364407 0.449951 0.363877 0.450195 0.361758 0.449707 0.360699
1 0.673340 0.361229 0.673584 0.363877 0.675781 0.368114 0.675293 0.370233 0.675781 0.372352 0.677734 0.371292 0.678467 0.369703 0.679932 0.370233 0.680908 0.367585 0.680908 0.366525 0.679932 0.365466 0.678955 0.368644 0.677490 0.369174 0.676758 0.368114 0.677002 0.364407 0.676514 0.359640 0.674316 0.359640
1 0.716064 0.363347 0.717041 0.364936 0.717041 0.367055 0.718018 0.367055 0.718994 0.365466 0.719482 0.363347 0.720947 0.364936 0.721924 0.362818 0.721924 0.361758 0.720459 0.361758 0.718506 0.359640 0.716553 0.359110 0.716553 0.362818
1 0.534424 0.359110 0.533447 0.359110 0.532227 0.362288 0.531982 0.364407 0.532715 0.365466 0.532959 0.367585 0.532471 0.369703 0.531738 0.369703 0.532227 0.371292 0.532959 0.371292 0.533691 0.369174 0.533203 0.365466 0.532471 0.364407 0.533203 0.363877 0.533447 0.361758 0.534180 0.360699
1 0.594971 0.358581 0.596191 0.363347 0.595703 0.364407 0.595459 0.363877 0.593506 0.364936 0.592041 0.363347 0.591797 0.365466 0.592285 0.367585 0.594482 0.366525 0.595215 0.364936 0.596191 0.364936 0.597168 0.367055 0.597412 0.369174 0.597168 0.376059 0.597656 0.378708 0.599121 0.378708 0.599854 0.377119 0.599854 0.376059 0.601074 0.374470 0.600586 0.372881 0.599365 0.373411 0.598389 0.371292 0.598633 0.367585 0.597656 0.365996 0.597656 0.364407 0.596191 0.362288 0.595703 0.358581
1 0.694580 0.354873 0.693604 0.356462 0.694336 0.358581 0.695312 0.359640 0.694824 0.360699 0.695068 0.361758 0.695801 0.361229 0.695801 0.359640 0.696289 0.358581
1 0.584717 0.354873 0.585449 0.356992 0.584961 0.359110 0.586426 0.359110 0.588135 0.361229 0.589111 0.361229 0.589844 0.360169 0.589355 0.359110 0.589600 0.357521 0.588379 0.358581 0.585693 0.354873
1 0.346924 0.353814 0.344238 0.358581 0.347900 0.361229 0.348633 0.365996 0.349365 0.364407 0.348877 0.371292 0.350830 0.372881 0.357178 0.389831 0.361816 0.409958 0.362061 0.418432 0.349365 0.434852 0.345947 0.432203 0.344727 0.438030 0.349365 0.434852 0.350098 0.440148 0.351562 0.440678 0.350586 0.439089 0.351318 0.434322 0.355225 0.427966 0.361328 0.423729 0.365234 0.428496 0.368164 0.436970 0.367432 0.442267 0.370850 0.444386 0.374512 0.456568 0.374023 0.483051 0.371582 0.496822 0.374023 0.500000 0.375244 0.523305 0.379150 0.528072 0.377197 0.509534 0.376953 0.482521 0.378418 0.469809 0.377441 0.457097 0.386230 0.433792 0.391846 0.408369 0.389893 0.408369 0.389893 0.414195 0.386963 0.423729 0.385498 0.422669 0.385498 0.427966 0.381592 0.441737 0.377197 0.449682 0.375488 0.449153 0.369629 0.433263 0.368164 0.423199 0.366699 0.422669 0.367920 0.421610 0.365723 0.417373 0.363770 0.402013 0.362061 0.399894 0.357666 0.379767 0.351807 0.369174 0.350342 0.363347 0.351074 0.361758
1 0.569824 0.353814 0.568359 0.352754 0.566895 0.355932 0.568848 0.356462
1 0.704834 0.352225 0.702881 0.353284 0.702637 0.357521 0.703125 0.360699 0.704346 0.358581 0.704346 0.356462 0.705566 0.354343
1 0.618164 0.367055 0.619385 0.367055 0.620605 0.363877 0.622803 0.363877 0.622803 0.360699 0.623535 0.359640 0.624268 0.355932 0.625488 0.359110 0.625977 0.359110 0.627197 0.357521 0.627686 0.355932 0.627441 0.354343 0.626953 0.353814 0.626221 0.355403 0.625732 0.355403 0.625488 0.354343 0.625244 0.354873 0.623779 0.352225 0.623291 0.352225 0.621094 0.356992 0.620117 0.355932 0.620117 0.352225 0.619629 0.350636 0.618896 0.350636 0.618164 0.352225 0.618408 0.354873 0.618896 0.355932 0.618896 0.361758
1 0.682861 0.351165 0.682861 0.352754 0.684570 0.353814 0.685059 0.351695 0.684570 0.350106 0.683594 0.350106
1 0.274414 0.350636 0.273193 0.350106 0.273193 0.353284 0.272705 0.354343 0.271484 0.354873 0.271729 0.360169 0.272949 0.359110 0.271973 0.358051 0.272705 0.355932 0.273926 0.354343 0.275391 0.355403 0.274414 0.352225
1 0.614258 0.349047 0.613281 0.349576 0.613281 0.353284 0.612793 0.354343 0.612793 0.355932 0.613525 0.357521 0.614258 0.355932 0.614258 0.353284 0.614746 0.351695
1 0.391113 0.349047 0.391113 0.350636 0.392822 0.354343 0.393555 0.354343 0.394287 0.352754 0.394287 0.350636 0.393066 0.349576 0.391846 0.350106
1 0.668945 0.349576 0.669434 0.351165 0.669189 0.351695 0.670410 0.353814 0.671387 0.354343 0.672119 0.352754 0.673340 0.354873 0.673340 0.355932 0.675537 0.355932 0.674316 0.353284 0.674316 0.350636 0.673340 0.348517 0.672119 0.349576 0.671387 0.351695 0.670654 0.351165 0.669922 0.349047
1 0.504639 0.350636 0.503906 0.352754 0.503418 0.350636 0.502441 0.351695 0.501221 0.348517 0.500977 0.352225 0.501465 0.352754 0.501465 0.354873 0.500977 0.356462 0.500977 0.358581 0.500244 0.358581 0.500244 0.360169 0.501221 0.358051 0.503662 0.356992 0.503662 0.355403 0.503174 0.354873 0.503906 0.352754 0.504150 0.353284 0.504639 0.352225
1 0.350098 0.348517 0.349121 0.351165 0.349121 0.352754 0.350098 0.353814 0.351318 0.353814 0.351562 0.351165 0.350586 0.348517
1 0.269287 0.348517 0.267334 0.347987 0.267822 0.349047 0.266846 0.352225 0.267578 0.355403 0.269775 0.351695 0.269775 0.349576
1 0.334473 0.350106 0.334473 0.352225 0.334961 0.351165 0.336182 0.351165 0.336426 0.352225 0.335938 0.353284 0.336426 0.353814 0.336426 0.354873 0.337402 0.354873 0.337402 0.351165 0.336914 0.350636 0.336670 0.348517 0.336914 0.347987 0.336426 0.347458 0.335693 0.349576 0.334961 0.349047
1 0.262207 0.348517 0.261475 0.348517 0.260986 0.347458 0.258789 0.347987 0.260254 0.349576 0.259766 0.350636 0.259766 0.352225 0.259277 0.352754 0.259277 0.354343 0.260010 0.354873 0.259766 0.354343 0.260498 0.349047 0.260742 0.350106 0.261475 0.348517 0.261719 0.349576 0.262207 0.349576
1 0.235352 0.346398 0.234863 0.347458 0.234863 0.349576 0.235352 0.351165 0.236328 0.351165 0.236816 0.350106 0.236084 0.346928
1 0.294189 0.350636 0.294922 0.353284 0.296387 0.353284 0.297119 0.355403 0.297607 0.355403 0.298340 0.358051 0.300049 0.360169 0.300781 0.362288 0.301270 0.361758 0.301025 0.360169 0.302002 0.354343 0.300049 0.352754 0.299805 0.351165 0.300293 0.350636 0.299805 0.350106 0.300537 0.349576 0.300781 0.351165 0.302002 0.350106 0.300293 0.345869 0.297119 0.347987 0.296387 0.347458 0.295410 0.350106
1 0.602539 0.344809 0.600586 0.349047 0.600098 0.352225 0.601562 0.352754 0.603516 0.350106 0.603516 0.347987
1 0.358887 0.344809 0.358398 0.345869 0.358643 0.347987 0.357910 0.351165 0.358154 0.354343 0.356689 0.358581 0.356934 0.362818 0.355713 0.368114 0.355957 0.370763 0.356445 0.371292 0.355957 0.374470 0.356445 0.375000 0.357422 0.372881 0.356934 0.370763 0.356934 0.364407 0.358154 0.359110 0.358643 0.354873 0.358398 0.353284 0.359131 0.351695 0.359131 0.348517 0.360596 0.347987 0.360352 0.346398 0.359619 0.346398
1 0.527344 0.341102 0.527344 0.342691 0.528320 0.343220 0.527832 0.346928 0.528564 0.347458 0.529541 0.344280 0.529541 0.342691 0.527832 0.342161 0.527832 0.341102
1 0.355469 0.343220 0.354736 0.341102 0.354248 0.341102 0.354004 0.343220 0.353271 0.344809 0.352295 0.343220 0.352539 0.342161 0.352051 0.341631 0.352051 0.344809 0.351562 0.345869 0.351074 0.344280 0.350586 0.345339 0.350586 0.346928 0.353760 0.346398
1 0.282959 0.340042 0.281738 0.341631 0.282227 0.344809 0.280762 0.346398 0.281738 0.350636 0.282715 0.352225 0.283447 0.352225 0.283936 0.351165 0.282959 0.349576 0.283203 0.350106 0.282715 0.350636 0.282227 0.348517 0.283203 0.345869 0.282471 0.342161 0.282715 0.340572 0.282959 0.341631 0.283447 0.341102
1 0.253418 0.339513 0.253418 0.341631 0.252930 0.342161 0.252930 0.343220 0.254150 0.345339 0.253906 0.346398 0.254395 0.346398 0.254395 0.345339 0.253906 0.344809 0.255127 0.342161 0.254395 0.342161
1 0.625977 0.339513 0.626465 0.342161 0.628174 0.341631 0.627930 0.338983
1 0.306396 0.341102 0.305176 0.338983 0.304443 0.341102 0.303223 0.341631 0.302734 0.343750 0.304688 0.344809 0.305176 0.343220 0.304932 0.342691 0.306396 0.342161
1 0.489014 0.338453 0.488525 0.338983 0.488525 0.342161 0.489258 0.343220 0.489258 0.344809 0.488281 0.345339 0.486816 0.347987 0.488525 0.351695 0.488525 0.352754 0.489014 0.352754 0.489502 0.354343 0.490479 0.354343 0.491211 0.353284 0.491211 0.351695 0.490234 0.350106 0.489502 0.350106 0.488770 0.348517 0.489258 0.345339 0.490234 0.344280 0.490967 0.341631 0.491943 0.342161 0.492188 0.344809 0.492920 0.342161 0.492676 0.342691 0.492432 0.341631 0.493164 0.341102 0.492676 0.341102 0.491699 0.338983
1 0.219971 0.343750 0.220703 0.344809 0.222412 0.344809 0.224609 0.343220 0.224609 0.342161 0.225342 0.342161 0.226318 0.340572 0.224365 0.338983 0.222412 0.338983 0.220947 0.337924 0.220215 0.339513
1 0.610596 0.336864 0.609863 0.337924 0.609863 0.339513 0.610840 0.340572 0.609863 0.344809 0.610596 0.344809 0.611816 0.346398 0.612793 0.344809 0.613037 0.342161 0.612305 0.341102 0.611816 0.341631 0.611816 0.337394
1 0.214844 0.336864 0.214355 0.336864 0.213623 0.339513 0.213379 0.346928 0.212646 0.348517 0.212402 0.351165 0.211182 0.352225 0.208984 0.351695 0.208984 0.353284 0.210205 0.355932 0.210205 0.357521 0.209473 0.358051 0.208740 0.355403 0.208496 0.356992 0.208984 0.358581 0.210205 0.358581 0.210938 0.360699 0.210693 0.362288 0.211182 0.362818 0.211182 0.361229 0.212646 0.359110 0.212158 0.358051 0.212646 0.356992 0.214355 0.356992 0.215088 0.353814 0.216797 0.353814 0.216309 0.351165 0.216797 0.349576 0.217773 0.349576 0.218506 0.353814 0.219238 0.353814 0.218994 0.350636 0.219238 0.347987 0.219727 0.346928 0.219482 0.343750 0.218994 0.345339 0.218506 0.344809 0.218506 0.343750 0.218018 0.344809 0.216309 0.344280 0.215820 0.342161 0.216309 0.338983 0.215332 0.338983
1 0.605957 0.336335 0.604980 0.337394 0.604980 0.339513 0.605469 0.340572 0.605469 0.345339 0.606445 0.346398 0.607178 0.344809 0.606689 0.341631 0.607178 0.337394
1 0.551025 0.336335 0.550781 0.339513 0.552246 0.342161 0.552734 0.342161 0.552734 0.338983 0.551514 0.336335
1 0.347412 0.339513 0.346924 0.339513 0.345459 0.336335 0.344727 0.336864 0.344727 0.342161 0.343994 0.343220 0.343994 0.340042 0.343262 0.339513 0.343506 0.338453 0.342773 0.339513 0.343750 0.341102 0.343018 0.341631 0.342773 0.344809 0.343262 0.346398 0.343750 0.346398 0.343994 0.345339 0.346924 0.343750 0.347412 0.342691
1 0.692383 0.335805 0.691406 0.338453 0.691650 0.340042 0.691162 0.341102 0.690186 0.340572 0.689209 0.343220 0.689941 0.344809 0.690674 0.344809 0.691406 0.342691 0.691162 0.341631 0.691650 0.340572 0.692871 0.340042 0.693359 0.338453
1 0.545410 0.336335 0.545166 0.335805 0.544434 0.336335 0.543945 0.337924 0.543213 0.337924 0.543213 0.339513 0.542480 0.341102 0.543457 0.341631 0.543945 0.340042 0.544434 0.340572 0.545410 0.338453
1 0.242188 0.335805 0.242188 0.337924 0.241699 0.338983 0.242188 0.341102 0.243652 0.340572 0.243408 0.338453 0.243896 0.336335
1 0.620850 0.333686 0.620605 0.335275 0.622070 0.340572 0.620117 0.343220 0.620361 0.344280 0.621338 0.343750 0.621826 0.341102 0.623047 0.338453 0.623047 0.335805 0.621826 0.335275
1 0.306396 0.331038 0.306885 0.331568 0.306641 0.333157 0.306885 0.332627 0.308105 0.334746 0.309570 0.334746 0.310547 0.336335 0.311768 0.336335 0.312744 0.337924 0.315186 0.338453 0.316162 0.340572 0.316650 0.340042 0.317139 0.341102 0.316650 0.343220 0.318359 0.343750 0.319092 0.345339 0.320068 0.345339 0.320312 0.347987 0.321533 0.347458 0.321045 0.347458 0.320801 0.346398 0.321533 0.345869 0.321777 0.343750 0.322754 0.344280 0.323730 0.346928 0.325195 0.346398 0.325928 0.346928 0.325928 0.347987 0.327881 0.347987 0.328125 0.344809 0.327881 0.345869 0.327148 0.344280 0.326660 0.345339 0.326172 0.343750 0.325439 0.343750 0.324707 0.341631 0.323242 0.341102 0.321289 0.335805 0.320068 0.335275 0.320312 0.337924 0.319824 0.338453 0.319580 0.335805 0.318359 0.333686 0.318115 0.334216 0.316895 0.332627 0.316650 0.333157 0.316162 0.331568 0.314453 0.331038 0.314209 0.330508 0.314697 0.329979 0.314209 0.328919 0.312500 0.331038 0.312012 0.328390 0.310547 0.328390 0.310303 0.328919 0.311035 0.329449 0.310791 0.330508 0.307129 0.329449
1 0.631348 0.327860 0.630371 0.330508 0.631592 0.336335 0.631104 0.339513 0.631836 0.339513 0.632568 0.341102 0.632324 0.343750 0.631836 0.344280 0.633545 0.344809 0.632568 0.332627 0.633789 0.329449 0.633301 0.328919 0.632812 0.329979 0.632324 0.328390
1 0.594482 0.328919 0.594482 0.330508 0.595215 0.331038 0.598145 0.331038 0.598633 0.333157 0.597656 0.334746 0.597900 0.336335 0.598877 0.335275 0.599365 0.333157 0.600098 0.332097 0.599365 0.329449 0.597412 0.329979 0.596436 0.329449 0.595703 0.327860
1 0.568359 0.327860 0.567383 0.328919 0.567139 0.330508 0.567627 0.331038 0.568359 0.335275 0.569092 0.335275 0.569336 0.334216 0.568848 0.332097 0.569824 0.330508 0.569092 0.328390
1 0.575439 0.327331 0.575928 0.331568 0.576416 0.332097 0.577881 0.330508 0.577637 0.328390 0.576660 0.328390 0.576172 0.326801
1 0.402344 0.326801 0.401611 0.327331 0.401855 0.328919 0.401123 0.332627 0.401611 0.333157 0.403564 0.331038 0.402344 0.329979
1 0.642090 0.326271 0.638672 0.327860 0.637939 0.328919 0.638184 0.331038 0.637207 0.334216 0.637695 0.335805 0.638672 0.336864 0.638428 0.337394 0.639160 0.339513 0.640137 0.338453 0.641357 0.338453 0.640625 0.336335 0.640625 0.335275 0.641357 0.333686 0.641357 0.332097 0.639648 0.331568 0.639160 0.330508 0.640381 0.328390 0.641357 0.328390 0.642334 0.330508 0.643555 0.329449
1 0.283936 0.325742 0.284424 0.329449 0.285400 0.329449 0.284912 0.328919 0.285156 0.328390 0.287598 0.328390 0.288330 0.329979 0.289551 0.330508 0.289062 0.325742 0.288330 0.325742 0.288086 0.326801 0.287109 0.326801 0.286133 0.325212
1 0.229980 0.325212 0.228760 0.325212 0.228027 0.326801 0.228027 0.329979 0.229248 0.333686 0.229248 0.337924 0.229736 0.336864 0.230225 0.337394 0.229980 0.333686 0.230713 0.332097 0.232178 0.331568 0.230957 0.329979 0.230957 0.327331
1 0.358887 0.324153 0.358643 0.324682 0.359863 0.329449 0.358887 0.333157 0.359619 0.337924 0.359619 0.335805 0.360840 0.334216 0.360840 0.331038 0.360352 0.329449 0.360352 0.326801 0.358887 0.325742 0.359375 0.324682
1 0.453857 0.320975 0.454102 0.323623 0.455566 0.326271 0.455322 0.328390 0.454346 0.328919 0.454102 0.329979 0.455078 0.340042 0.455811 0.340572 0.457275 0.335275 0.459473 0.335805 0.459717 0.334216 0.458740 0.332627 0.458740 0.328919 0.457031 0.328919 0.455566 0.326801 0.455566 0.324682 0.456543 0.324153 0.456543 0.322564 0.455322 0.324153
1 0.237061 0.319386 0.236328 0.322034 0.237793 0.324153 0.236816 0.327860 0.238525 0.329449 0.239258 0.327331 0.239258 0.325742 0.238525 0.324682 0.238281 0.322564 0.238770 0.321504 0.239502 0.321504 0.239746 0.320445
1 0.708008 0.318326 0.706543 0.320975 0.706055 0.320975 0.705322 0.325212 0.706543 0.325742 0.707764 0.324153 0.708740 0.320445
1 0.219482 0.316737 0.219727 0.323623 0.221191 0.327331 0.221924 0.327331 0.222412 0.324153 0.223389 0.322564 0.223389 0.321504 0.222412 0.319915 0.222412 0.318326 0.223145 0.316737 0.222412 0.317797 0.221924 0.316737 0.221191 0.316737 0.220459 0.318326 0.219971 0.318326
1 0.533936 0.316208 0.532959 0.317797 0.533936 0.322564 0.532715 0.326801 0.532959 0.331038 0.530273 0.336335 0.530273 0.337924 0.531006 0.336335 0.531982 0.337394 0.531738 0.336335 0.532959 0.333686 0.533447 0.333686 0.533691 0.332097 0.534424 0.331038 0.533691 0.329979 0.533447 0.328390 0.533691 0.323623 0.534424 0.322034
1 0.576416 0.318856 0.577148 0.320445 0.577637 0.318856 0.578857 0.318326 0.579590 0.316737 0.579834 0.317267 0.579102 0.316208 0.578857 0.316737 0.577393 0.315678 0.576416 0.317267
1 0.243164 0.315678 0.242676 0.316737 0.242676 0.318856 0.243164 0.320445 0.243896 0.320445 0.244629 0.316737 0.244141 0.315678
1 0.210938 0.315678 0.209961 0.317267 0.209961 0.319915 0.211670 0.320975 0.211914 0.318326 0.211426 0.317267 0.211426 0.315678
1 0.604004 0.315148 0.603271 0.317267 0.603271 0.319386 0.604248 0.322034 0.604980 0.320445 0.604736 0.316208
1 0.542480 0.315148 0.540527 0.320975 0.540527 0.322034 0.543457 0.325212 0.544678 0.325212 0.545654 0.321504 0.545654 0.319915 0.545898 0.319386 0.546387 0.320445 0.546631 0.318326 0.546387 0.317267 0.544922 0.319386 0.542969 0.315148
1 0.688965 0.314619 0.686523 0.317267 0.687988 0.318326 0.687744 0.321504 0.688721 0.319386
1 0.558350 0.315678 0.556885 0.314619 0.555420 0.315678 0.552490 0.322034 0.552246 0.324153 0.552734 0.325212 0.552734 0.327331 0.552246 0.328919 0.549561 0.331568 0.549316 0.327860 0.548828 0.328390 0.548828 0.333686 0.550049 0.333686 0.550293 0.334746 0.551270 0.333686 0.551514 0.332097 0.553467 0.327860 0.553223 0.325742 0.552734 0.325742 0.553223 0.323623 0.556152 0.325212 0.556396 0.323093 0.555908 0.321504 0.556885 0.318856 0.558350 0.318856
1 0.703125 0.314089 0.702881 0.315148 0.701660 0.315678 0.701904 0.321504 0.702393 0.323093 0.702881 0.322564 0.703369 0.323623 0.703125 0.325742 0.702637 0.325742 0.702637 0.327331 0.702881 0.326271 0.704102 0.325212 0.703125 0.322564 0.703613 0.318856
1 0.142090 0.314089 0.142090 0.320975 0.142822 0.323093 0.143311 0.323093 0.143555 0.322034 0.142578 0.319386 0.142822 0.314089
1 0.667725 0.314619 0.666992 0.312500 0.666016 0.313030 0.666016 0.314619 0.665039 0.316208 0.665283 0.315678 0.667480 0.316737
1 0.635010 0.312500 0.633545 0.317267 0.634521 0.317797 0.635254 0.319386 0.636230 0.323623 0.636475 0.319915 0.636963 0.318856 0.636963 0.315148 0.635986 0.313030
1 0.235107 0.313030 0.236328 0.316737 0.239258 0.313030 0.237793 0.311970 0.235596 0.311970
1 0.570312 0.309322 0.570312 0.310911 0.569824 0.311970 0.570068 0.314089 0.571045 0.315148 0.571777 0.314089 0.571777 0.309852
1 0.560547 0.308792 0.558594 0.309322 0.558594 0.313559 0.560059 0.313030
1 0.705811 0.310911 0.706055 0.314089 0.706543 0.315148 0.707275 0.313030 0.709229 0.313030 0.710205 0.314089 0.711426 0.313030 0.711182 0.310381 0.710205 0.310381 0.707764 0.307733 0.706787 0.307733
1 0.584229 0.306674 0.582520 0.310911 0.582275 0.313559 0.583984 0.312500 0.584229 0.314089 0.585205 0.311970 0.583984 0.309852 0.583984 0.308263 0.584473 0.307203
1 0.573730 0.306144 0.573242 0.306674 0.572754 0.309852 0.572998 0.310911 0.574463 0.310381 0.574951 0.309322 0.574463 0.307203
1 0.700684 0.310911 0.699951 0.308263 0.698242 0.305085 0.696777 0.305085 0.693115 0.307733 0.692871 0.312500 0.692383 0.313559 0.691162 0.314089 0.690918 0.315678 0.691895 0.316737 0.693848 0.316737 0.694092 0.308792 0.694580 0.307733 0.697266 0.308792 0.697510 0.308263 0.698486 0.310381 0.699463 0.314619
1 0.612061 0.305085 0.611572 0.305085 0.610840 0.307733 0.611816 0.310381 0.613037 0.308792 0.612061 0.306674
1 0.218506 0.305614 0.218750 0.308263 0.219482 0.308792 0.219971 0.310911 0.221924 0.308792 0.221191 0.307203 0.220947 0.305085 0.219971 0.306144 0.219482 0.305085
1 0.605957 0.304555 0.604492 0.305614 0.604736 0.308792 0.604004 0.309852 0.604004 0.311441 0.604980 0.311441 0.605713 0.312500 0.606201 0.310381 0.605469 0.308263
1 0.598877 0.304555 0.598145 0.306144 0.599365 0.308263 0.599609 0.310911 0.598633 0.311970 0.598633 0.313030 0.599609 0.315148 0.600098 0.315148 0.600830 0.311970 0.601807 0.311970 0.601807 0.310381 0.601318 0.309322 0.601562 0.308263 0.601074 0.308792 0.599609 0.304555
1 0.673340 0.304025 0.673340 0.306674 0.674561 0.308263 0.675537 0.310911 0.676758 0.310911 0.677246 0.311970 0.676758 0.315148 0.677002 0.314619 0.677979 0.316737 0.677979 0.318326 0.678223 0.315678 0.681396 0.315678 0.680908 0.313559 0.679443 0.311970 0.677490 0.304555 0.675537 0.306144 0.674316 0.305614 0.674072 0.304025
1 0.634521 0.304025 0.633057 0.309322 0.633301 0.308792 0.634033 0.310911 0.635010 0.310381 0.634521 0.308263
1 0.503418 0.307203 0.502686 0.305614 0.502197 0.306144 0.501709 0.304025 0.500244 0.304025 0.498779 0.310381 0.498047 0.311441 0.495605 0.310911 0.496094 0.313559 0.495850 0.314619 0.497314 0.314089 0.498047 0.315678 0.500000 0.315148 0.500732 0.312500
1 0.578613 0.303496 0.577881 0.305614 0.575684 0.307203 0.575439 0.308263 0.576904 0.311441 0.576172 0.312500 0.575928 0.310911 0.575439 0.310911 0.575684 0.311970 0.578369 0.312500 0.579590 0.311441 0.579102 0.305085
1 0.526611 0.301907 0.526123 0.301907 0.525635 0.303496 0.525146 0.303496 0.522705 0.307203 0.521484 0.310381 0.520508 0.311441 0.521240 0.313030 0.520508 0.315148 0.520996 0.314089 0.522461 0.314089 0.522949 0.313030 0.524414 0.314619 0.525146 0.314619 0.525391 0.313030 0.525879 0.313030 0.526123 0.314089 0.526855 0.313030 0.527100 0.311441 0.528076 0.310381 0.528320 0.308263 0.527588 0.306144 0.525879 0.305614 0.526123 0.302966
1 0.307129 0.301907 0.307373 0.306144 0.307861 0.307203 0.307373 0.307733 0.308350 0.308792 0.308350 0.307203 0.309326 0.305614 0.309326 0.303496 0.308838 0.303496 0.308105 0.301907
1 0.283936 0.302966 0.286133 0.306674 0.287598 0.307733 0.286133 0.307733 0.286377 0.309322 0.288086 0.308263 0.290771 0.311441 0.292236 0.312500 0.293945 0.312500 0.293457 0.313559 0.291992 0.313559 0.290039 0.311970 0.290527 0.313559 0.290039 0.315148 0.288086 0.315148 0.288574 0.318326 0.289062 0.318326 0.289062 0.316737 0.290283 0.317797 0.289551 0.316208 0.289795 0.315678 0.292725 0.316208 0.293945 0.314619 0.293945 0.312500 0.296875 0.311441 0.291748 0.311441 0.289307 0.308792 0.287598 0.307733 0.288818 0.305085 0.287598 0.307733 0.287354 0.301907 0.287109 0.302436 0.287598 0.305614 0.287109 0.306674 0.285645 0.305614
1 0.238281 0.302436 0.239014 0.302436 0.239502 0.304555 0.240967 0.306674 0.242188 0.306674 0.244385 0.304555 0.243652 0.302966 0.241699 0.303496 0.240723 0.300847 0.241455 0.300318 0.240234 0.300318 0.239990 0.299258 0.239502 0.299258 0.239014 0.301377
1 0.562256 0.294492 0.561523 0.294492 0.561523 0.295551 0.560547 0.297669 0.561035 0.299788 0.562256 0.299258
1 0.451660 0.294492 0.450928 0.295551 0.450684 0.295021 0.450684 0.296081 0.451660 0.297140 0.451172 0.298729 0.449707 0.297669 0.450195 0.296610 0.449707 0.297140 0.449707 0.300318 0.450439 0.299788 0.451172 0.301377 0.452148 0.300318 0.452393 0.296610
1 0.392090 0.294492 0.391846 0.295551 0.390869 0.295551 0.391602 0.296610 0.391113 0.299788 0.392334 0.302436 0.391846 0.301377 0.391846 0.298729 0.393066 0.296081
1 0.595703 0.292903 0.595215 0.293432 0.594971 0.295551 0.595459 0.295551 0.595947 0.297140 0.594971 0.299788 0.594971 0.301907 0.594238 0.303496 0.593994 0.307203 0.594971 0.306674 0.595703 0.300318 0.596436 0.298729 0.597412 0.298199 0.597412 0.296610 0.596924 0.296610
1 0.591797 0.290254 0.590820 0.290254 0.589844 0.291843 0.589355 0.295551 0.588379 0.298199 0.587891 0.296081 0.586914 0.297669 0.585938 0.297140 0.584961 0.298199 0.584717 0.299788 0.584717 0.304555 0.585205 0.305614 0.584961 0.307203 0.586426 0.309322 0.586670 0.311441 0.587402 0.313030 0.587891 0.313030 0.587891 0.311970 0.588867 0.309852 0.590820 0.314619 0.591309 0.317267 0.590576 0.319386 0.589844 0.318856 0.590088 0.320445 0.590820 0.319386 0.591797 0.319386 0.592773 0.317797 0.592773 0.315678 0.591797 0.313030 0.591797 0.309322 0.591064 0.304555 0.590088 0.300847 0.590332 0.297669 0.591309 0.296081 0.591309 0.293432 0.591797 0.293432
1 0.553711 0.291843 0.552979 0.289725 0.551025 0.290254 0.551025 0.291314 0.549805 0.292903 0.549072 0.295021 0.548096 0.291843 0.547607 0.292373 0.547119 0.291314 0.545898 0.293432 0.547119 0.293432 0.549072 0.296610 0.550293 0.296610 0.552490 0.295021 0.553467 0.293432
1 0.230957 0.289725 0.228760 0.293432 0.228271 0.296081 0.228516 0.299258 0.229004 0.300318 0.230225 0.300847 0.230957 0.302966 0.231689 0.302436 0.234131 0.303496 0.233887 0.301907 0.231689 0.301907 0.230225 0.300847 0.230469 0.298729 0.231934 0.297140 0.230713 0.295551 0.232422 0.293432 0.231934 0.290784
1 0.746338 0.288136 0.746338 0.289725 0.745605 0.291843 0.745117 0.291314 0.742188 0.293962 0.741699 0.296081 0.742920 0.296610 0.742920 0.295551 0.743896 0.295551 0.745605 0.297140 0.746094 0.299258 0.745850 0.300318 0.744385 0.300847 0.742676 0.300318 0.742920 0.302966 0.743652 0.302966 0.744141 0.301907 0.747559 0.302966 0.748535 0.299788 0.748535 0.292373 0.748291 0.291314 0.746826 0.290254
1 0.415283 0.286547 0.415527 0.289195 0.416748 0.291843 0.416260 0.296610 0.416992 0.296081 0.417480 0.297140 0.417480 0.298729 0.416992 0.299788 0.417725 0.299788 0.418701 0.301907 0.418213 0.296610 0.418945 0.295551 0.419434 0.296081 0.419189 0.298729 0.419922 0.300318 0.422607 0.299788 0.421875 0.296610 0.420410 0.296081 0.420166 0.294492 0.420654 0.292903 0.419922 0.290784 0.417236 0.290784 0.416748 0.291843 0.416504 0.288136
1 0.474121 0.285487 0.472412 0.287076 0.472412 0.288665 0.473389 0.290254 0.473389 0.291314 0.473877 0.291314 0.474365 0.289195 0.475098 0.288136 0.474365 0.287606
1 0.666992 0.298729 0.668945 0.299258 0.670166 0.297669 0.669434 0.293962 0.670166 0.292373 0.670166 0.289725 0.670654 0.289725 0.672119 0.292373 0.675293 0.292903 0.675781 0.292373 0.676025 0.290254 0.674072 0.289195 0.673340 0.289725 0.672852 0.288136 0.671387 0.288136 0.669678 0.286547 0.670166 0.289195 0.669434 0.289725 0.668457 0.286017 0.667480 0.284958 0.667236 0.286547 0.668457 0.288665 0.668701 0.290254 0.667236 0.295551
1 0.531982 0.284958 0.530273 0.284958 0.529053 0.287076 0.526367 0.287606 0.526123 0.288136 0.527588 0.288665 0.527832 0.290254 0.527100 0.291314 0.526855 0.290784 0.525879 0.292903 0.524902 0.292373 0.525391 0.295021 0.527344 0.296081 0.528076 0.293432 0.528809 0.294492 0.529297 0.298729 0.530518 0.297669 0.531006 0.296081 0.530762 0.293962 0.530029 0.293432 0.529297 0.294492 0.528809 0.293432 0.528564 0.290254 0.529785 0.289725 0.529541 0.288136 0.530029 0.287076 0.530762 0.288136 0.531006 0.290254 0.531250 0.288136 0.531982 0.287076
1 0.500977 0.286547 0.500488 0.290784 0.502197 0.296081 0.502686 0.295551 0.502197 0.295021 0.502686 0.292903 0.503662 0.294492 0.504883 0.294492 0.505615 0.293432 0.505859 0.291843 0.505371 0.290784 0.504150 0.290784 0.503662 0.289195 0.502930 0.288665 0.503418 0.287076 0.503174 0.285487 0.501709 0.284958
1 0.621094 0.284428 0.619873 0.287076 0.620361 0.289195 0.620850 0.289195 0.622070 0.286017
1 0.692627 0.288665 0.692383 0.282839 0.690918 0.287076 0.690186 0.287076 0.689453 0.288665 0.688477 0.289195 0.687012 0.287076 0.687012 0.283898 0.684814 0.283898 0.686768 0.289195 0.686768 0.290784 0.687500 0.290254 0.688477 0.292373 0.690186 0.292373 0.690674 0.293432 0.691650 0.290784 0.692139 0.290784
1 0.246826 0.293962 0.246094 0.292373 0.245605 0.292903 0.242432 0.290784 0.242188 0.289195 0.243408 0.286547 0.241943 0.284958 0.241943 0.283898 0.239990 0.283898 0.238770 0.282839 0.238525 0.283898 0.239258 0.289195 0.237793 0.291314 0.238037 0.293432 0.237549 0.293962 0.234863 0.292373 0.233887 0.294492 0.233398 0.294492 0.233398 0.295551 0.235107 0.300847 0.234863 0.302966 0.237061 0.303496 0.237549 0.302966 0.237549 0.301377 0.236572 0.300318 0.236816 0.298199 0.237549 0.297140 0.239014 0.298729 0.238037 0.296081 0.237305 0.295551 0.237549 0.293962 0.238770 0.294492 0.239746 0.298199 0.239990 0.297669 0.239746 0.295021 0.239014 0.293962 0.239746 0.291843 0.239990 0.289195 0.241211 0.289195 0.242188 0.290254 0.242188 0.292373 0.243896 0.292373 0.245850 0.296081 0.246582 0.296081
1 0.675293 0.280191 0.674805 0.281780 0.676758 0.284428 0.677002 0.281780 0.676514 0.280720
1 0.706055 0.283898 0.704834 0.282309 0.704102 0.280191 0.703125 0.279661 0.703125 0.284428 0.702637 0.285487 0.701660 0.284428 0.701660 0.285487 0.699951 0.287076 0.699951 0.288136 0.700684 0.289725 0.701172 0.289725 0.702393 0.287606 0.703613 0.287606 0.704834 0.284958
1 0.735107 0.281250 0.735352 0.282839 0.735840 0.282309 0.737305 0.283898 0.736572 0.286017 0.738770 0.287076 0.738525 0.286017 0.739014 0.283898 0.738281 0.283369 0.738281 0.281250 0.738770 0.280191 0.738281 0.278072 0.737793 0.277542 0.737061 0.279661
1 0.412842 0.277542 0.412598 0.278602 0.413574 0.283898 0.415039 0.284958 0.414551 0.283369 0.414551 0.279661
1 0.564209 0.274364 0.563232 0.275953 0.562988 0.278072 0.563721 0.280720 0.564453 0.280720 0.565430 0.282309 0.565430 0.284958 0.565918 0.286547 0.565674 0.287606 0.566895 0.290254 0.568115 0.295551 0.567627 0.296610 0.567871 0.298199 0.568848 0.296610 0.568359 0.297140 0.567871 0.296081 0.568359 0.295551 0.568115 0.295021 0.569336 0.293432 0.569092 0.289195 0.569580 0.288665 0.569824 0.289725 0.570312 0.287606 0.569824 0.288136 0.567383 0.283898 0.566895 0.279661 0.566406 0.279661
1 0.539551 0.275424 0.538818 0.274364 0.538330 0.275424 0.537354 0.275424 0.536621 0.278072 0.535400 0.278072 0.535156 0.279131 0.534912 0.278602 0.533936 0.279661 0.532959 0.283898 0.533447 0.284428 0.535156 0.280191 0.539062 0.277542
1 0.499023 0.274894 0.498535 0.274364 0.498779 0.275424 0.497803 0.276483 0.496582 0.275424 0.497070 0.274894 0.495361 0.275953 0.495605 0.276483 0.494385 0.278602 0.494629 0.283898 0.494141 0.284958 0.492920 0.284428 0.492676 0.288136 0.491211 0.290254 0.489990 0.290254 0.487305 0.287606 0.488770 0.293432 0.488770 0.295551 0.489502 0.297140 0.489990 0.296610 0.490234 0.297669 0.490723 0.297140 0.490723 0.295551 0.491455 0.295551 0.491699 0.297140 0.492188 0.295551 0.492920 0.295551 0.493164 0.296610 0.493652 0.295551 0.493652 0.291843 0.494385 0.291314 0.496094 0.293962 0.496582 0.296610 0.496826 0.295021 0.496094 0.292373 0.496582 0.289195 0.497314 0.288136 0.496826 0.286017 0.497314 0.282839 0.496094 0.279131 0.496826 0.277013 0.498779 0.278072
1 0.571777 0.277542 0.572510 0.282309 0.572998 0.282309 0.573975 0.280720 0.574219 0.281780 0.574463 0.280720 0.573730 0.280720 0.573486 0.279661 0.574463 0.279661 0.574463 0.276483 0.575439 0.275953 0.576172 0.277013 0.576416 0.279131 0.575928 0.280191 0.576416 0.283369 0.578857 0.286017 0.578369 0.288136 0.578857 0.289725 0.580322 0.288665 0.580811 0.286017 0.582031 0.287076 0.582031 0.290254 0.582520 0.288665 0.582275 0.286547 0.581299 0.284958 0.581055 0.285487 0.580078 0.284428 0.580322 0.282839 0.582031 0.282839 0.583008 0.284428 0.583008 0.285487 0.583740 0.283369 0.584473 0.283369 0.584717 0.284958 0.583984 0.285487 0.584717 0.285487 0.584961 0.283898 0.585693 0.282839 0.584473 0.280720 0.584473 0.277542 0.583740 0.277542 0.583496 0.276483 0.582764 0.276483 0.583252 0.278072 0.583252 0.280191 0.581787 0.282309 0.580322 0.282309 0.579102 0.280720 0.579590 0.280191 0.578125 0.279661 0.576416 0.277013 0.575684 0.273835 0.574219 0.273835 0.572998 0.274894 0.572754 0.274364 0.572754 0.276483
1 0.643555 0.272775 0.641113 0.274894 0.641113 0.278602 0.642578 0.279131 0.643311 0.278072 0.642822 0.275424 0.643555 0.273835
1 0.364502 0.272246 0.364014 0.274364 0.362549 0.275953 0.364014 0.278072 0.363770 0.279661 0.364746 0.282839 0.365723 0.283369 0.366211 0.281780 0.364746 0.280191 0.364502 0.279131 0.365234 0.276483 0.365234 0.274894 0.365479 0.274364 0.365967 0.275424 0.365723 0.274894 0.366211 0.273835 0.366211 0.272246
1 0.649170 0.269597 0.648438 0.270657 0.648193 0.272246 0.646973 0.271716 0.647461 0.270127 0.646484 0.271716 0.645996 0.271186 0.646240 0.275953 0.647705 0.278072 0.648438 0.278072 0.649170 0.276483 0.648926 0.273305 0.649902 0.270657
1 0.423096 0.269068 0.422119 0.269068 0.420898 0.271716 0.421631 0.272775 0.421631 0.271716 0.422119 0.270657 0.422363 0.271186 0.422363 0.273835 0.421875 0.274894 0.422852 0.273835 0.423828 0.270657
1 0.502686 0.268538 0.501953 0.270127 0.501953 0.273835 0.503174 0.273305 0.503174 0.269597
1 0.674561 0.272775 0.672852 0.270657 0.672119 0.274364 0.672363 0.274894 0.671875 0.275424 0.671387 0.273305 0.669922 0.270657 0.669189 0.270657 0.667969 0.273305 0.667480 0.272246 0.667480 0.270127 0.668213 0.269068 0.667969 0.268008 0.667480 0.270127 0.665039 0.269068 0.662598 0.274364 0.661377 0.274894 0.661865 0.275424 0.661377 0.275953 0.661621 0.277013 0.660889 0.278072 0.659912 0.277013 0.660156 0.274894 0.659424 0.274894 0.658447 0.276483 0.658203 0.275953 0.657471 0.278602 0.657715 0.278072 0.658691 0.279131 0.658691 0.281250 0.660400 0.283369 0.660400 0.284958 0.661133 0.287076 0.661865 0.287076 0.661621 0.283898 0.660400 0.281780 0.660400 0.280720 0.661377 0.278602 0.663086 0.278072 0.663330 0.276483 0.664307 0.278072 0.665039 0.276483 0.666504 0.275953 0.666748 0.279661 0.666260 0.282309 0.667480 0.282839 0.667969 0.281250 0.669678 0.281250 0.670410 0.279661 0.672119 0.280720 0.672363 0.278602 0.671631 0.277542 0.672852 0.274894 0.673828 0.275424
1 0.523438 0.268538 0.524658 0.270657 0.525635 0.270657 0.526367 0.269068 0.525635 0.268538 0.524658 0.265890 0.523926 0.265890 0.523926 0.267479
1 0.505859 0.265890 0.504395 0.266949 0.503906 0.269068 0.503418 0.268538 0.503906 0.269068 0.503906 0.273835 0.504395 0.272775 0.504395 0.269597 0.504639 0.269068 0.505127 0.270127 0.504639 0.269068 0.505859 0.267479
1 0.758057 0.265360 0.757568 0.265360 0.756592 0.267479 0.756348 0.274894 0.755859 0.275424 0.756348 0.275953 0.756104 0.276483 0.755127 0.275953 0.755615 0.270657 0.755371 0.269068 0.755859 0.268008 0.752930 0.269068 0.751709 0.271716 0.750000 0.270657 0.749268 0.273305 0.747559 0.274894 0.747559 0.276483 0.750977 0.278072 0.751465 0.277542 0.753418 0.280191 0.754883 0.279661 0.756104 0.280720 0.754883 0.284428 0.754150 0.284428 0.753662 0.283369 0.752930 0.283898 0.752930 0.286547 0.751709 0.288665 0.752197 0.290254 0.752441 0.293962 0.754150 0.290784 0.754395 0.286547 0.755371 0.284958 0.756104 0.285487 0.757080 0.284428 0.758057 0.282309 0.758301 0.280191 0.759766 0.277542 0.760010 0.271186
1 0.631836 0.264831 0.630859 0.267479 0.632324 0.269068 0.633057 0.268008 0.633057 0.265890 0.632568 0.264831
1 0.618652 0.264301 0.617676 0.265890 0.617188 0.268538 0.617432 0.270127 0.618164 0.270657 0.618896 0.265890
1 0.597656 0.264301 0.596680 0.266419 0.597412 0.269068 0.595703 0.272775 0.595215 0.275953 0.595947 0.275953 0.596191 0.273305 0.596680 0.272246 0.597168 0.272775 0.597168 0.274364 0.597900 0.272775 0.598389 0.267479 0.597656 0.266419
1 0.649414 0.262712 0.648926 0.264831 0.649658 0.266419 0.649170 0.267479 0.648438 0.266949 0.648193 0.268538 0.648926 0.267479 0.650635 0.266949 0.651855 0.269068 0.651611 0.266419 0.650391 0.265360
1 0.373291 0.262712 0.371826 0.264301 0.372314 0.266419 0.372070 0.268538 0.372559 0.269068 0.372559 0.270127 0.372803 0.269068 0.373779 0.269068 0.375000 0.266419
1 0.640625 0.261123 0.640869 0.263771 0.641602 0.265360 0.642090 0.264301 0.643555 0.263771 0.644287 0.262182 0.644043 0.261123 0.643311 0.261123 0.641357 0.262712
1 0.272949 0.261123 0.272461 0.261653 0.271729 0.266419 0.270752 0.268008 0.270996 0.271186 0.272705 0.270127 0.272461 0.268538 0.273193 0.262182
1 0.567383 0.261123 0.565430 0.261123 0.564941 0.260064 0.564209 0.262712 0.562744 0.264301 0.559814 0.264301 0.559570 0.262712 0.555908 0.263242 0.556885 0.264301 0.557373 0.263771 0.557861 0.265360 0.557617 0.265890 0.558350 0.267479 0.558838 0.267479 0.559326 0.265360 0.563232 0.266419 0.563721 0.268008 0.563232 0.270127 0.562500 0.270127 0.562012 0.271716 0.562256 0.272775 0.563721 0.270127 0.564209 0.271716 0.565186 0.270657 0.564697 0.266949 0.565674 0.264831 0.566406 0.264831
1 0.500000 0.256886 0.499756 0.257945 0.500488 0.261123 0.500244 0.263242 0.500732 0.263242 0.500488 0.264831 0.501221 0.264831 0.501465 0.262182 0.500488 0.260064 0.500488 0.256886
1 0.573730 0.256356 0.572021 0.259004 0.569580 0.256356 0.569092 0.257415 0.569580 0.261653 0.568359 0.263242 0.568359 0.264831 0.567627 0.266419 0.567383 0.268538 0.568115 0.269597 0.570068 0.268538 0.570312 0.269068 0.571289 0.266949 0.571777 0.267479 0.570557 0.267479 0.569824 0.265360 0.570801 0.264831 0.571533 0.263242 0.571533 0.262182 0.572754 0.260064 0.572998 0.257945
1 0.553955 0.257415 0.552246 0.256356 0.551514 0.257415 0.550293 0.256886 0.549316 0.257945 0.548584 0.260593 0.547119 0.261123 0.546875 0.265360 0.545654 0.269068 0.544434 0.271186 0.543457 0.271186 0.542969 0.272246 0.541748 0.272246 0.541504 0.270657 0.541016 0.271186 0.541260 0.272775 0.540039 0.275424 0.541016 0.275424 0.541504 0.277013 0.541504 0.275424 0.542725 0.275424 0.543213 0.274364 0.543457 0.277013 0.544434 0.278072 0.543945 0.279131 0.543213 0.278072 0.543213 0.279131 0.544678 0.279131 0.546143 0.280720 0.544678 0.284428 0.545654 0.284958 0.546875 0.287606 0.548096 0.286547 0.548340 0.287606 0.547852 0.288665 0.548340 0.289195 0.549316 0.286017 0.549072 0.284958 0.548096 0.285487 0.547119 0.284428 0.547363 0.282839 0.547119 0.283369 0.546875 0.281780 0.547363 0.281250 0.547363 0.278602 0.546875 0.277013 0.547119 0.275424 0.546631 0.273305 0.548340 0.271186 0.550049 0.272246 0.550293 0.271186 0.549072 0.270657 0.549072 0.268538 0.550293 0.265890 0.550781 0.266949 0.552002 0.266419 0.552002 0.264301 0.553223 0.264301 0.554688 0.261653 0.554688 0.259004
1 0.516602 0.252119 0.516113 0.252648 0.516602 0.256886 0.515137 0.259004 0.514648 0.261653 0.513916 0.262182 0.513916 0.266419 0.516113 0.263771 0.515869 0.263242 0.517090 0.261653 0.517578 0.258475 0.518555 0.257945 0.516846 0.256886 0.517090 0.253178
1 0.430176 0.249470 0.429443 0.252119 0.427979 0.254237 0.427246 0.254237 0.427246 0.256886 0.426514 0.258475 0.426270 0.261123 0.427734 0.259534 0.428467 0.256886 0.428467 0.254237 0.429443 0.253178
1 0.561035 0.248941 0.560547 0.250000 0.560791 0.253178 0.560059 0.254767 0.561279 0.255297 0.562988 0.254237 0.562988 0.252119 0.562500 0.251589 0.562744 0.250530 0.561768 0.248941
1 0.491699 0.248941 0.491699 0.251589 0.492188 0.251589 0.492920 0.253178 0.493652 0.253178 0.493652 0.250000 0.493164 0.248941
1 0.248047 0.248941 0.249023 0.253708 0.249512 0.251589 0.249756 0.253708 0.250488 0.253708 0.250977 0.254767 0.251953 0.254237 0.251465 0.254237 0.250732 0.251589 0.250244 0.252648 0.249512 0.250530
1 0.305908 0.248411 0.305908 0.254237 0.305420 0.255297 0.304688 0.254767 0.305176 0.256356 0.305908 0.255297 0.306152 0.255826 0.306152 0.260064 0.306885 0.261123 0.307129 0.262712 0.307861 0.262712 0.307129 0.261653 0.307617 0.259004 0.306885 0.257945 0.306885 0.253708 0.306396 0.255297 0.305908 0.253178
1 0.260254 0.248411 0.260254 0.252119 0.261475 0.257415 0.262207 0.258475 0.262207 0.261123 0.263428 0.263242 0.263184 0.265890 0.263672 0.267479 0.263184 0.268538 0.263672 0.268538 0.263672 0.261653 0.262207 0.260064 0.262451 0.257945 0.261475 0.256886 0.261475 0.254767 0.260498 0.251589 0.260986 0.250000
1 0.280762 0.246822 0.279785 0.248941 0.279785 0.253178 0.280273 0.255297 0.279053 0.257945 0.276367 0.259534 0.275391 0.259004 0.275391 0.263242 0.277100 0.263242 0.278564 0.261653 0.278564 0.260064 0.279541 0.259004 0.280762 0.255297 0.281738 0.255297 0.282471 0.254237 0.281006 0.250530
1 0.326416 0.243114 0.325684 0.245763 0.326172 0.247352 0.327637 0.248411 0.327881 0.246292 0.326904 0.243114
1 0.358398 0.243114 0.357910 0.244174 0.358154 0.247881 0.359863 0.250000 0.360352 0.249470 0.361084 0.245233 0.360107 0.243114
1 0.605469 0.242055 0.604492 0.244703 0.604248 0.243644 0.603516 0.243644 0.603516 0.245233 0.602539 0.246292 0.602295 0.248411 0.600830 0.250530 0.601074 0.254237 0.603271 0.248941 0.603271 0.245763 0.604736 0.244703 0.605469 0.243114
1 0.540039 0.240466 0.539795 0.243114 0.540283 0.243114 0.540771 0.245233 0.540039 0.247352 0.539795 0.250530 0.541748 0.253708 0.541748 0.257945 0.542480 0.253708 0.542969 0.254767 0.544434 0.254767 0.544922 0.255826 0.545654 0.255297 0.544922 0.254767 0.543701 0.251589 0.543945 0.252648 0.543457 0.254767 0.542725 0.253708 0.542236 0.254237 0.541748 0.253178 0.542480 0.251059 0.542969 0.251059 0.542725 0.247881 0.544189 0.247352 0.544189 0.245763 0.544678 0.244703 0.542725 0.244174 0.541748 0.242585 0.541992 0.241525 0.541016 0.242055
1 0.549316 0.238347 0.548340 0.239936 0.547119 0.240466 0.546875 0.243644 0.546387 0.244703 0.547852 0.244703 0.549072 0.246292 0.549072 0.254767 0.549805 0.254767 0.549805 0.253708 0.551025 0.252119 0.551025 0.248941 0.552002 0.247352 0.552246 0.245763 0.552002 0.244703 0.550537 0.243644 0.550537 0.240466 0.549561 0.240466
1 0.567627 0.237288 0.566406 0.239407 0.566406 0.244703 0.567383 0.244703 0.568359 0.242585 0.567627 0.240996 0.568115 0.238877
1 0.527100 0.236229 0.526123 0.238347 0.526855 0.241525 0.526855 0.243644 0.526123 0.244703 0.525635 0.246822 0.526611 0.251059 0.527588 0.251059 0.527832 0.252119 0.529785 0.251589 0.530273 0.252648 0.531250 0.252648 0.532715 0.249470 0.534424 0.250530 0.534912 0.253708 0.534424 0.255826 0.534912 0.256886 0.536377 0.257415 0.536865 0.259534 0.537842 0.261123 0.538086 0.259004 0.538574 0.260064 0.538086 0.265360 0.538818 0.265890 0.539795 0.264301 0.540039 0.261123 0.540527 0.260064 0.539795 0.259004 0.540039 0.256356 0.538330 0.251059 0.538574 0.248941 0.538086 0.247881 0.537354 0.248411 0.535889 0.246292 0.536621 0.244174 0.537354 0.244703 0.537109 0.242585 0.535889 0.243644 0.534180 0.242055 0.533691 0.239936 0.532227 0.238877 0.531982 0.239407 0.531494 0.236229 0.531006 0.237818 0.530029 0.237818 0.529053 0.239936 0.528809 0.238877 0.529541 0.236758 0.529297 0.235169 0.528076 0.237818
1 0.542969 0.234640 0.541992 0.235169 0.541260 0.237288 0.540527 0.237818 0.542969 0.240996
1 0.572754 0.236229 0.572998 0.238877 0.574707 0.239407 0.575195 0.240466 0.576660 0.239407 0.577637 0.237288 0.577148 0.235169 0.577393 0.234110 0.576172 0.234110 0.575195 0.235169 0.574707 0.234110 0.573486 0.234110
1 0.563721 0.235169 0.561768 0.233581 0.560547 0.237288 0.560791 0.238877 0.559570 0.239407 0.559570 0.241525 0.558594 0.243114 0.559326 0.242585 0.560059 0.244703 0.562256 0.243114 0.562256 0.240466 0.563965 0.237288
1 0.509521 0.233581 0.508301 0.234640 0.508057 0.234110 0.507080 0.237288 0.508057 0.240466 0.508057 0.243114 0.508789 0.240996 0.509277 0.240996 0.509277 0.239407 0.510010 0.237288 0.510010 0.234640
1 0.516846 0.235699 0.516113 0.233051 0.515381 0.232521 0.514160 0.236758 0.515869 0.237288
1 0.398438 0.234110 0.399902 0.235699 0.400879 0.234640 0.401367 0.233051 0.399414 0.231462
1 0.407715 0.230932 0.407227 0.232521 0.408203 0.234640 0.407471 0.236229 0.408203 0.238877 0.408203 0.241525 0.408691 0.241525 0.409180 0.243114 0.409180 0.246292 0.408691 0.246822 0.409668 0.255297 0.408691 0.259534 0.409180 0.261123 0.410156 0.261653 0.410156 0.263771 0.411133 0.266419 0.411133 0.268538 0.412354 0.273305 0.411865 0.271716 0.413086 0.270127 0.413086 0.268538 0.412598 0.268008 0.413086 0.267479 0.412354 0.266419 0.411865 0.262712 0.411377 0.262182 0.411377 0.258475 0.410400 0.255297 0.410400 0.248941 0.409668 0.246822 0.409668 0.237288 0.408447 0.234640
1 0.633545 0.226695 0.632812 0.224576 0.632568 0.225636 0.630371 0.225636 0.630127 0.227754 0.633301 0.227754
1 0.463379 0.224576 0.462891 0.225106 0.462646 0.228814 0.463135 0.229873 0.464355 0.229343 0.464355 0.227225
1 0.311768 0.224576 0.310547 0.224576 0.310303 0.226165 0.310791 0.227754 0.311035 0.231992 0.310303 0.234110 0.310059 0.233581 0.310547 0.231462 0.310303 0.228814 0.309570 0.233051 0.310059 0.236758 0.311035 0.232521 0.310791 0.226165
1 0.292480 0.224576 0.291992 0.225106 0.291504 0.227754 0.291992 0.230403 0.292480 0.230932 0.293945 0.229343 0.294189 0.228284
1 0.581055 0.224576 0.581787 0.226695 0.582275 0.225106 0.583496 0.226695 0.583252 0.227754 0.584229 0.227225 0.584961 0.229343 0.584717 0.226695 0.585449 0.226165 0.585449 0.224576 0.585205 0.225106 0.584717 0.224047 0.584229 0.224576 0.583496 0.223517 0.583252 0.225636
1 0.517578 0.223517 0.518799 0.227754 0.519775 0.226695 0.519775 0.225636 0.519043 0.224047 0.517822 0.222987
1 0.487793 0.222987 0.487549 0.224576 0.488281 0.227754 0.489502 0.228284 0.489746 0.227754 0.488525 0.223517
1 0.544434 0.220869 0.543945 0.221398 0.543945 0.223517 0.542725 0.227225 0.542725 0.228814 0.543213 0.229873 0.543701 0.229873 0.543701 0.227754 0.545166 0.223517 0.545166 0.222458
1 0.604980 0.223517 0.604004 0.223517 0.603516 0.224576 0.603516 0.222987 0.603027 0.223517 0.602539 0.221928 0.600098 0.220339 0.598877 0.221928 0.597656 0.221928 0.597900 0.222987 0.597412 0.224047 0.593750 0.223517 0.593262 0.226165 0.595215 0.225636 0.596191 0.226695 0.597412 0.226695 0.597900 0.224576 0.598145 0.225636 0.601562 0.224576 0.604004 0.225106
1 0.329102 0.224576 0.328613 0.220339 0.326904 0.220869 0.325684 0.222987 0.327393 0.226695 0.328125 0.225106
1 0.309814 0.218750 0.307861 0.219809 0.308350 0.220869 0.307861 0.221398 0.307617 0.222987 0.308105 0.223517 0.307617 0.224047 0.307617 0.225106 0.308838 0.222458 0.309570 0.222458 0.309814 0.220869 0.309326 0.219280
1 0.319336 0.219280 0.318359 0.217691 0.318359 0.218750 0.317627 0.218750 0.317139 0.219809 0.316650 0.219280 0.316650 0.220339 0.315918 0.220869 0.316406 0.222458 0.317139 0.222987 0.316895 0.222458 0.317627 0.221398 0.318115 0.222458 0.317871 0.221398 0.318604 0.220339 0.318604 0.218220
1 0.637695 0.216102 0.635986 0.221398 0.636230 0.224576 0.637207 0.225636 0.636719 0.230403 0.639648 0.238877 0.639160 0.241525 0.639404 0.244174 0.640869 0.246822 0.642578 0.246822 0.643555 0.247881 0.642090 0.251059 0.641602 0.254237 0.642334 0.256356 0.643311 0.256356 0.644043 0.257945 0.644531 0.257415 0.644775 0.260593 0.645264 0.260593 0.645752 0.259004 0.645020 0.254767 0.644043 0.253178 0.644287 0.250530 0.645264 0.248941 0.647705 0.251589 0.647461 0.251059 0.648193 0.247881 0.649414 0.245763 0.645752 0.243644 0.642822 0.239936 0.641846 0.239936 0.641113 0.238347 0.641113 0.236229 0.638672 0.230932 0.638672 0.228814 0.641357 0.221398 0.643311 0.220869 0.643555 0.219280 0.640625 0.216631
1 0.517090 0.216102 0.516602 0.215572 0.515869 0.218750 0.515137 0.219809 0.514648 0.223517 0.516602 0.220339 0.516357 0.219280
1 0.604248 0.220339 0.605713 0.220339 0.606445 0.221398 0.605957 0.222458 0.604980 0.222458 0.606689 0.222458 0.606934 0.223517 0.608154 0.222987 0.608887 0.224047 0.609375 0.223517 0.610107 0.225106 0.612549 0.220869 0.612549 0.219809 0.611816 0.219280 0.612061 0.218220 0.614014 0.217161 0.613525 0.216631 0.613037 0.217691 0.611328 0.218220 0.609863 0.217691 0.609619 0.218750 0.607910 0.217691 0.608154 0.215042 0.606934 0.216631 0.607422 0.218750 0.607178 0.219280 0.606445 0.219280 0.606201 0.220339 0.605469 0.219280
1 0.256836 0.215042 0.256348 0.216631 0.256836 0.220339 0.256348 0.222458 0.256592 0.221928 0.256836 0.223517 0.257568 0.224576 0.257324 0.226695 0.257812 0.229343 0.257080 0.233581 0.258057 0.231992 0.258789 0.233051 0.259277 0.235169 0.258057 0.230403 0.258301 0.229343 0.257568 0.228284 0.257568 0.225106 0.258301 0.222987 0.257324 0.222987 0.257568 0.217161
1 0.476807 0.213983 0.476074 0.218750 0.476562 0.220339 0.478271 0.218750 0.478516 0.217691
1 0.512451 0.212924 0.511475 0.212924 0.510742 0.214513 0.510742 0.216631 0.511963 0.217161 0.512695 0.215042
1 0.436035 0.211864 0.435547 0.215042 0.436279 0.217161 0.437256 0.217691 0.437256 0.215042
1 0.497803 0.210805 0.497803 0.213983 0.495117 0.213983 0.495850 0.218220 0.495850 0.220869 0.496582 0.222458 0.495850 0.224576 0.495117 0.224576 0.495850 0.225636 0.496582 0.225106 0.497559 0.226695 0.497559 0.230403 0.496826 0.231992 0.496826 0.239936 0.496338 0.240466 0.496338 0.239407 0.495850 0.238877 0.495850 0.241525 0.493408 0.237818 0.491943 0.238347 0.491211 0.237288 0.490723 0.237818 0.490723 0.239936 0.489258 0.239407 0.488770 0.241525 0.489990 0.243644 0.494629 0.243644 0.495117 0.244703 0.497803 0.245233 0.498047 0.247352 0.497559 0.250000 0.498535 0.253178 0.498047 0.254237 0.498779 0.255297 0.499268 0.253178 0.498535 0.251589 0.499023 0.251059 0.498779 0.242055 0.499756 0.242055 0.500244 0.239407 0.501709 0.238877 0.501953 0.236758 0.502930 0.234640 0.501953 0.231992 0.502197 0.230403 0.500977 0.230403 0.500488 0.228814 0.499756 0.228814 0.499023 0.227225 0.499023 0.225636 0.497559 0.224576 0.497070 0.221398 0.497559 0.220869 0.498047 0.217161 0.498291 0.210805
1 0.447266 0.209746 0.447266 0.213453 0.447998 0.215042 0.449707 0.216102 0.450195 0.215042 0.449951 0.211864 0.448975 0.211335 0.447998 0.209216
1 0.325928 0.209746 0.326172 0.210275 0.326660 0.209216 0.327881 0.212394 0.327637 0.214513 0.326904 0.216102 0.325439 0.216631 0.325195 0.215572 0.324707 0.216631 0.326416 0.217691 0.327148 0.215572 0.327881 0.215572 0.328613 0.213453 0.329346 0.212924 0.330078 0.215042 0.329590 0.219809 0.331055 0.221398 0.331787 0.221398 0.332764 0.219809 0.332764 0.218220 0.331543 0.215042 0.330811 0.214513 0.330811 0.212394 0.330322 0.210805 0.329346 0.209746 0.328125 0.210275 0.326904 0.208686
1 0.594971 0.206568 0.593750 0.207097 0.593750 0.212394 0.594971 0.211335
1 0.283691 0.211335 0.284180 0.216102 0.285400 0.218220 0.285889 0.216631 0.287598 0.218220 0.288330 0.216102 0.289062 0.218220 0.291016 0.217161 0.290527 0.212394 0.289795 0.210275 0.288818 0.209746 0.288574 0.207097 0.287354 0.206568 0.286865 0.208686 0.286377 0.208686 0.285889 0.210275
1 0.561279 0.203919 0.560547 0.203919 0.560547 0.206038 0.559326 0.208686 0.558838 0.208157 0.558350 0.210275 0.557373 0.210275 0.557373 0.211335 0.557617 0.210805 0.558594 0.212394 0.557129 0.213983 0.557129 0.217691 0.556396 0.219280 0.555908 0.219280 0.556152 0.220339 0.554443 0.220869 0.554199 0.223517 0.554688 0.225636 0.553223 0.231462 0.553467 0.234640 0.552734 0.238347 0.553711 0.237818 0.553955 0.235169 0.554443 0.235699 0.554688 0.238347 0.555908 0.237818 0.556396 0.235699 0.557861 0.236758 0.559082 0.235169 0.560059 0.231992 0.560547 0.231992 0.560791 0.230403 0.560059 0.230403 0.559570 0.229343 0.559570 0.226165 0.558594 0.225106 0.557373 0.225636 0.556885 0.224576 0.556885 0.221928 0.558105 0.221398 0.558594 0.218220 0.559082 0.218220 0.559814 0.212394 0.561523 0.206568
1 0.526123 0.203390 0.525391 0.205508 0.523926 0.205508 0.524902 0.209216 0.524902 0.210805 0.523926 0.211864 0.525391 0.216102 0.526123 0.216102 0.526367 0.215042 0.525391 0.213983 0.524658 0.211335 0.526367 0.209216 0.527588 0.211864 0.528809 0.207627 0.528809 0.206038 0.527344 0.207097 0.526611 0.203919
1 0.437988 0.203390 0.437744 0.203919 0.438477 0.204979 0.437744 0.205508 0.437500 0.206568 0.437988 0.208157 0.437500 0.209216 0.438965 0.210275 0.439697 0.209746 0.440186 0.211335 0.440674 0.209216 0.440674 0.206568 0.439697 0.206568 0.439209 0.205508 0.439453 0.204449
1 0.506104 0.202860 0.506104 0.206568 0.508057 0.209216 0.508545 0.207097 0.508545 0.204449 0.507812 0.203390 0.507568 0.201801
1 0.595703 0.202331 0.596191 0.203919 0.597900 0.203919 0.598145 0.204979 0.599121 0.202860 0.599121 0.201801 0.598633 0.201271 0.597168 0.201271 0.596436 0.203390
1 0.575439 0.202860 0.574951 0.200742 0.573975 0.200212 0.573486 0.201271 0.572754 0.201271 0.572266 0.204449 0.573730 0.202331 0.574707 0.203390
1 0.441650 0.200212 0.441650 0.202331 0.442627 0.204449 0.444092 0.203919 0.445557 0.204979 0.446045 0.203919 0.446289 0.201271 0.445557 0.199682 0.445068 0.201801 0.444336 0.200742 0.444092 0.201271 0.443359 0.199682
1 0.534668 0.198623 0.536377 0.202860 0.537842 0.202860 0.538086 0.200742 0.537354 0.198093 0.536621 0.198093 0.536377 0.199682
1 0.276855 0.197564 0.275391 0.199153 0.274658 0.203390 0.272949 0.203919 0.273438 0.206038 0.273193 0.206568 0.273926 0.208686 0.275879 0.208686 0.275391 0.211335 0.276367 0.212394 0.276611 0.215042 0.278564 0.214513 0.276855 0.211335 0.278564 0.208157 0.278564 0.207097 0.277832 0.205508 0.277832 0.200742 0.277344 0.198093
1 0.289062 0.200212 0.289062 0.201271 0.289795 0.202331 0.289551 0.202860 0.290039 0.202860 0.290039 0.204449 0.290771 0.204449 0.290527 0.204979 0.290527 0.203919 0.291748 0.201271 0.292480 0.201271 0.293701 0.202860 0.294678 0.205508 0.296387 0.204979 0.296631 0.203390 0.296143 0.202331 0.297363 0.200742 0.295898 0.200212 0.295410 0.199153 0.295898 0.197034 0.293213 0.197034 0.294434 0.197564 0.293701 0.199682 0.292236 0.199682 0.291992 0.198093 0.291260 0.197564 0.290283 0.198093
1 0.637451 0.197034 0.636719 0.197034 0.635986 0.198623 0.633301 0.196504 0.632324 0.198623 0.633789 0.201271 0.631592 0.203919 0.630859 0.207097 0.628418 0.209746 0.627686 0.209746 0.626465 0.212394 0.622559 0.215042 0.622314 0.216102 0.621582 0.215572 0.619629 0.217161 0.619385 0.219280 0.618896 0.217691 0.617676 0.217161 0.617676 0.219809 0.618408 0.221398 0.618164 0.222458 0.619141 0.221398 0.618896 0.220339 0.619873 0.218750 0.620117 0.220339 0.621338 0.219809 0.622070 0.222987 0.623291 0.220339 0.624512 0.219809 0.624756 0.217691 0.625488 0.218220 0.626953 0.217161 0.627197 0.214513 0.629883 0.210805 0.631104 0.206568 0.634521 0.206038 0.634521 0.203919 0.635986 0.200742 0.636475 0.200742
1 0.501465 0.196504 0.500244 0.198093 0.500000 0.197564 0.499023 0.200212 0.499023 0.201801 0.498047 0.203390 0.498535 0.207097 0.499023 0.207097 0.499268 0.206038 0.499512 0.206568 0.499756 0.205508 0.498779 0.203919 0.499023 0.202860 0.499756 0.202860 0.500244 0.203919 0.500000 0.200212 0.500488 0.199153 0.501709 0.199682
1 0.494629 0.195975 0.493164 0.198093 0.493652 0.199682 0.493652 0.201271 0.493164 0.202331 0.493652 0.205508 0.494385 0.203919 0.494629 0.204979 0.495117 0.204979 0.495117 0.202331 0.495850 0.200742 0.494629 0.199153
1 0.349365 0.194915 0.348145 0.194915 0.347412 0.197034 0.346436 0.197034 0.344482 0.205508 0.343750 0.207097 0.344727 0.207097 0.345703 0.204979 0.346924 0.204979 0.347168 0.206038 0.346436 0.208157 0.347656 0.210275 0.347656 0.211335 0.347900 0.207627 0.347168 0.206038 0.347412 0.201801 0.346680 0.199682 0.347656 0.198093 0.347900 0.198623 0.349365 0.197034
1 0.421875 0.192267 0.421143 0.195445 0.421387 0.197564 0.422363 0.198093 0.422852 0.197564 0.422852 0.196504
1 0.528320 0.192267 0.526855 0.191208 0.525635 0.194915 0.525146 0.194386 0.525391 0.195975 0.526855 0.195445 0.527588 0.193856 0.528076 0.193856
1 0.469727 0.193856 0.470947 0.194915 0.472900 0.194386 0.473877 0.196504 0.473877 0.198093 0.475586 0.195975 0.475342 0.194915 0.474854 0.195445 0.473877 0.193856 0.472900 0.193856 0.471924 0.191208 0.470947 0.191208 0.470459 0.193326
1 0.544189 0.189619 0.543945 0.192797 0.545410 0.194386 0.545654 0.195975 0.547363 0.197034 0.547363 0.193856 0.546875 0.193326 0.546387 0.189619 0.546143 0.190678
1 0.502930 0.188030 0.502930 0.189619 0.505371 0.193856 0.504395 0.194915 0.504395 0.197034 0.504883 0.197564 0.505371 0.195445 0.506104 0.195975 0.505859 0.194386
1 0.232178 0.186970 0.231689 0.189089 0.231934 0.190148 0.230957 0.191737 0.231201 0.194915 0.233398 0.195445 0.233398 0.194386 0.232910 0.193856 0.232666 0.190148 0.232910 0.187500
1 0.536865 0.185381 0.536377 0.187500 0.537598 0.190148 0.536621 0.192797 0.537109 0.193326 0.536621 0.195975 0.536865 0.197034 0.537354 0.196504 0.538086 0.197564 0.538330 0.196504 0.537842 0.195445 0.537842 0.193856 0.538574 0.192267 0.538818 0.189619 0.537842 0.189089 0.537354 0.188030 0.537354 0.185911
1 0.570312 0.184852 0.568848 0.184852 0.568604 0.185911 0.568115 0.184852 0.567627 0.186441 0.566650 0.184322 0.566162 0.184852 0.565918 0.190148 0.563477 0.194915 0.566162 0.194915 0.567139 0.195975 0.568359 0.195975 0.568604 0.194915 0.568848 0.195975 0.569336 0.192797 0.569092 0.194386 0.568848 0.193326 0.568604 0.194386 0.567627 0.192267 0.567627 0.186441 0.569092 0.185911 0.569824 0.186970 0.570312 0.186441
1 0.520752 0.181674 0.519775 0.182203 0.519775 0.184852 0.520264 0.185911 0.520020 0.186441 0.519287 0.185381 0.519043 0.183792 0.519043 0.185381 0.518066 0.186441 0.518555 0.188030 0.519775 0.189089 0.520508 0.186970 0.521484 0.185911 0.521484 0.184322
1 0.457764 0.181144 0.457275 0.183263 0.457764 0.185911 0.458984 0.185911 0.459473 0.184852 0.458984 0.182203 0.458496 0.181144
1 0.524414 0.179025 0.524902 0.180614 0.525391 0.180614 0.525391 0.181674 0.526611 0.180085 0.526123 0.177436 0.524902 0.177436
1 0.493652 0.175847 0.492920 0.177966 0.492920 0.181144 0.492188 0.182733 0.492188 0.183792 0.492920 0.185911 0.492920 0.190148 0.493896 0.192267 0.494873 0.192267 0.495850 0.189089 0.495850 0.187500 0.494873 0.185381 0.494873 0.182203 0.495605 0.180085 0.496582 0.180614 0.496582 0.179025 0.495361 0.176377
1 0.553711 0.174788 0.553711 0.180085 0.554932 0.180085 0.555664 0.177436 0.557373 0.177436 0.556641 0.175847 0.555908 0.176377 0.554199 0.173729
1 0.306396 0.174258 0.306152 0.176377 0.306641 0.179025 0.305664 0.183263 0.307373 0.183792 0.308594 0.183263 0.308838 0.182203 0.309570 0.184852 0.310059 0.184852 0.310791 0.183263 0.310303 0.181144 0.310791 0.180085 0.311035 0.181144 0.310791 0.179555 0.309570 0.179555 0.309326 0.177966 0.308350 0.177436 0.307617 0.174258
1 0.627686 0.173729 0.626709 0.172140 0.625977 0.172140 0.625000 0.174258 0.625000 0.177436 0.626953 0.177436 0.627686 0.175318
1 0.570557 0.171610 0.569580 0.171081 0.569580 0.172669 0.568848 0.174258 0.567383 0.174258 0.567383 0.175847 0.566895 0.176907 0.567871 0.179025 0.567871 0.181144 0.568604 0.181674 0.569824 0.179025 0.570801 0.179025 0.571045 0.176377 0.570068 0.175847 0.569092 0.173729 0.569824 0.173199 0.569580 0.172669 0.570068 0.171610 0.570312 0.172669
1 0.464844 0.171610 0.464355 0.171610 0.463379 0.168962 0.461914 0.172669 0.462646 0.173729 0.463135 0.172669 0.464111 0.173199
1 0.449219 0.168962 0.448975 0.171610 0.449707 0.173729 0.450439 0.174258 0.450928 0.173199 0.450684 0.169492
1 0.341553 0.163665 0.341797 0.165784 0.342041 0.165254 0.342285 0.166314 0.343018 0.165254 0.343506 0.165254 0.343994 0.166843 0.344971 0.165784 0.344238 0.165784 0.343262 0.163136 0.341797 0.162606
1 0.573242 0.162606 0.571533 0.161547 0.571045 0.162606 0.570801 0.162076 0.569580 0.163136 0.570312 0.164725 0.569824 0.168962 0.570068 0.167903 0.570557 0.167903 0.571045 0.169492 0.572754 0.168962 0.573730 0.166314
1 0.550293 0.159958 0.548584 0.162076 0.548340 0.164725 0.547607 0.166843 0.548096 0.168432 0.549316 0.168962 0.550537 0.167903 0.550781 0.161547
1 0.502197 0.159958 0.502197 0.162076 0.501465 0.163665 0.500244 0.163665 0.500732 0.164725 0.501221 0.164195 0.502930 0.165784 0.502441 0.167903 0.503662 0.170021 0.503418 0.172140 0.504150 0.174258 0.503418 0.176377 0.503418 0.179025 0.503418 0.177436 0.503906 0.176377 0.504883 0.176907 0.504150 0.174258 0.504639 0.171610 0.504395 0.171081 0.504883 0.170021 0.503662 0.169492 0.503174 0.167373 0.503906 0.162606 0.503662 0.161017 0.503418 0.163665 0.502930 0.164725 0.502197 0.164725 0.501709 0.163665 0.502197 0.162076
1 0.631104 0.159958 0.630615 0.159428 0.628418 0.162076 0.628174 0.163136 0.626953 0.163136 0.626953 0.165784 0.627930 0.165784 0.629883 0.167903 0.631348 0.163665
1 0.582275 0.157839 0.581787 0.159958 0.582275 0.165254 0.581787 0.167373 0.580566 0.168432 0.580811 0.170551 0.582764 0.171081 0.582520 0.170551 0.583008 0.170021 0.582520 0.168432 0.583252 0.167903 0.583740 0.165784 0.584229 0.165784 0.585449 0.168432 0.585205 0.171081 0.585938 0.171081 0.586670 0.169492 0.586670 0.167903 0.585938 0.167903 0.585205 0.165254 0.585938 0.162606 0.584961 0.162606
1 0.646240 0.159958 0.645264 0.157309 0.643799 0.159428 0.643311 0.163665 0.641357 0.165784 0.636719 0.167373 0.635986 0.168962 0.636475 0.170021 0.638916 0.170021 0.640381 0.168432 0.642334 0.168962 0.643066 0.166843 0.645020 0.165784
1 0.558594 0.156250 0.558838 0.156780 0.558105 0.157839 0.557861 0.157309 0.557617 0.158369 0.557617 0.163136 0.558105 0.164195 0.561035 0.164195 0.561523 0.165254 0.561523 0.166314 0.562500 0.168432 0.561768 0.170021 0.561768 0.171610 0.561279 0.172140 0.562256 0.174788 0.563477 0.172140 0.563477 0.170551 0.562744 0.168432 0.563965 0.165254 0.562012 0.165254 0.561523 0.164195 0.562012 0.162606 0.560791 0.161547 0.560059 0.159428 0.559814 0.159958 0.559570 0.158898 0.559082 0.158898
1 0.369385 0.156250 0.367432 0.155720 0.366211 0.157839 0.366211 0.161547 0.367432 0.164195 0.368408 0.163136 0.368408 0.161017 0.369629 0.158369
1 0.575195 0.154131 0.574463 0.153072 0.573975 0.154131 0.572510 0.154131 0.571533 0.156250 0.570801 0.156250 0.570068 0.158369 0.571533 0.157309 0.571777 0.159428 0.572754 0.157839 0.573730 0.157839 0.575195 0.156250
1 0.468506 0.153602 0.467285 0.153072 0.466309 0.154661 0.465576 0.157309 0.464844 0.157839 0.464844 0.158898 0.465576 0.158898 0.466309 0.156780 0.468506 0.156780
1 0.131104 0.154131 0.130615 0.153072 0.129150 0.153602 0.128418 0.157839 0.128662 0.157309 0.129395 0.158369 0.130371 0.158369 0.131348 0.156250
1 0.458008 0.152013 0.458984 0.154131 0.459717 0.154131 0.460693 0.152542 0.460693 0.151483 0.458496 0.150953
1 0.488281 0.149894 0.488281 0.151483 0.488770 0.152542 0.488770 0.154661 0.488281 0.156250 0.489258 0.157309 0.488770 0.160487 0.489746 0.159428 0.490723 0.160487 0.490723 0.157839 0.489746 0.155720 0.489746 0.151483 0.489502 0.150424
1 0.431396 0.145127 0.430176 0.146186 0.430176 0.147246 0.430908 0.148835 0.430908 0.152013 0.431641 0.147246
1 0.418457 0.145127 0.417725 0.144597 0.416748 0.146716 0.414795 0.148305 0.414062 0.147775 0.413574 0.148835 0.413574 0.150424 0.414307 0.152542 0.414062 0.153072 0.416992 0.153072 0.418701 0.152013 0.419434 0.150424 0.419434 0.149364
1 0.531006 0.147246 0.528809 0.147246 0.527832 0.149894 0.527344 0.148835 0.527100 0.144068 0.526611 0.145127 0.525391 0.144068 0.525146 0.145127 0.525635 0.146716 0.525146 0.149894 0.525879 0.151483 0.525879 0.154661 0.525391 0.155191 0.525879 0.160487 0.526367 0.160487 0.526367 0.158898 0.525635 0.155720 0.526855 0.154661 0.527344 0.151483 0.529541 0.150953 0.529541 0.149894 0.531006 0.148305
1 0.540771 0.144597 0.539551 0.143538 0.537598 0.143538 0.536865 0.144597 0.536621 0.144068 0.535645 0.145127 0.535156 0.149364 0.535889 0.149894 0.537354 0.146716 0.540527 0.146716
1 0.344727 0.143538 0.343750 0.146186 0.342773 0.145127 0.341797 0.147246 0.342529 0.148835 0.343506 0.149364 0.344238 0.148305 0.344727 0.146186
1 0.333252 0.143538 0.333252 0.146186 0.334473 0.147775 0.335449 0.146186 0.335693 0.144597
1 0.638184 0.143008 0.637695 0.144068 0.637451 0.149894 0.637939 0.150424 0.639160 0.157309 0.639648 0.155191 0.639404 0.150953 0.639893 0.150424 0.640137 0.151483 0.640625 0.151483 0.641357 0.149364 0.640381 0.147775 0.640869 0.144597
1 0.553711 0.143008 0.552979 0.144597 0.554199 0.145127 0.554199 0.147246 0.554932 0.148305 0.554932 0.149364 0.555664 0.149364 0.555420 0.150424 0.556641 0.153072 0.557129 0.156250 0.557129 0.150953 0.555420 0.147775 0.555176 0.146186 0.554199 0.145127 0.554199 0.143538
1 0.482422 0.142479 0.480957 0.144597 0.481201 0.145657 0.480713 0.146186 0.480713 0.148305 0.481445 0.151483 0.481934 0.151483 0.482910 0.154131 0.483643 0.152542 0.484375 0.144597 0.484131 0.145127
1 0.306885 0.148305 0.306885 0.150424 0.307617 0.151483 0.307617 0.153602 0.308105 0.154131 0.307861 0.154661 0.310059 0.155720 0.311523 0.158898 0.312988 0.158369 0.312744 0.157309 0.313232 0.156780 0.313477 0.158898 0.315918 0.160487 0.316650 0.159428 0.318115 0.161547 0.318848 0.160487 0.320068 0.161547 0.321533 0.165784 0.321533 0.167903 0.322266 0.167373 0.323730 0.170021 0.324951 0.169492 0.325684 0.166843 0.325684 0.165254 0.322998 0.161017 0.321045 0.159958 0.319824 0.156780 0.317871 0.154661 0.317383 0.153072 0.316650 0.153072 0.316162 0.151483 0.314209 0.149894 0.313721 0.148835 0.313721 0.146186 0.313232 0.144597 0.313477 0.143538 0.312500 0.141949 0.312012 0.141949 0.311523 0.143538 0.311523 0.145657 0.309814 0.144597 0.309082 0.146186 0.308350 0.146186 0.307861 0.148305
1 0.506592 0.141419 0.505615 0.143538 0.505859 0.144597 0.505371 0.146716 0.503906 0.149894 0.503906 0.152013 0.503174 0.155720 0.501953 0.158898 0.503418 0.155720 0.503906 0.150953 0.504883 0.148305 0.505371 0.149364 0.505371 0.151483 0.505127 0.152013 0.504883 0.150953 0.504395 0.155720 0.504883 0.155720 0.504639 0.154131 0.505615 0.151483 0.505615 0.148835 0.506592 0.147775 0.506836 0.144597 0.506592 0.145127 0.505859 0.143538
1 0.473633 0.141949 0.472900 0.144068 0.470215 0.148305 0.469238 0.153072 0.469238 0.155191 0.470947 0.157839 0.471680 0.164195 0.472656 0.167373 0.472412 0.168432 0.473389 0.170021 0.473633 0.169492 0.474609 0.172140 0.475098 0.172140 0.475342 0.169492 0.473877 0.166314 0.472900 0.165784 0.472168 0.164195 0.472412 0.157839 0.471680 0.151483 0.471680 0.148835 0.473633 0.145127 0.475098 0.145127 0.475586 0.146186 0.474854 0.148305 0.475586 0.157309 0.474365 0.159958 0.475586 0.159958 0.476562 0.162606 0.477539 0.163665 0.478271 0.166314 0.478271 0.168432 0.479004 0.170021 0.480225 0.170021 0.480225 0.167903 0.479248 0.165784 0.479248 0.164195 0.478760 0.163136 0.478760 0.157839 0.477783 0.154661 0.477539 0.148305 0.475586 0.145127 0.475586 0.143008 0.475098 0.141419
1 0.518799 0.139831 0.517090 0.140360 0.516602 0.145657 0.515137 0.146716 0.515625 0.149364 0.515381 0.150424 0.514404 0.149894 0.514160 0.146716 0.512939 0.144068 0.511963 0.145127 0.511963 0.150953 0.513184 0.153072 0.512207 0.154661 0.512451 0.155720 0.514648 0.152542 0.519043 0.150953 0.518555 0.147775 0.518555 0.143538 0.519287 0.140890
1 0.635742 0.141419 0.635498 0.141949 0.634277 0.139301 0.633789 0.139831 0.633789 0.142479 0.632812 0.142479 0.631836 0.146186 0.632080 0.149894 0.634277 0.147246 0.634521 0.145657 0.635742 0.143538
1 0.650635 0.140360 0.649170 0.137712 0.649170 0.140890 0.648926 0.141419 0.648438 0.139831 0.647949 0.141949 0.647217 0.141949 0.646729 0.144597 0.649658 0.144597
1 0.486816 0.140360 0.487061 0.141949 0.488037 0.143538 0.490479 0.141949 0.490967 0.140890 0.490479 0.138771 0.489258 0.137712 0.488281 0.137712
1 0.319336 0.139301 0.319336 0.140360 0.320068 0.141419 0.321045 0.139831 0.322266 0.141949 0.322266 0.148305 0.322998 0.148305 0.323486 0.150424 0.324219 0.151483 0.324707 0.149894 0.325928 0.152013 0.324951 0.156250 0.326172 0.157309 0.326660 0.159958 0.326416 0.158369 0.326904 0.156250 0.328125 0.156250 0.330322 0.153602 0.333008 0.153072 0.329346 0.150953 0.327881 0.148305 0.329102 0.145657 0.325684 0.141419 0.324951 0.142479 0.324707 0.144068 0.324219 0.144068 0.322998 0.138771 0.322266 0.137712 0.319824 0.137712
1 0.480713 0.136653 0.480225 0.137712 0.480469 0.140360 0.481689 0.140360 0.482178 0.138242
1 0.485352 0.136123 0.484375 0.138242 0.484863 0.143008 0.485596 0.142479 0.485107 0.141419 0.485596 0.140890
1 0.427979 0.137182 0.426758 0.136123 0.424072 0.141419 0.424561 0.143008 0.425537 0.143008 0.426025 0.141949 0.427246 0.142479 0.427246 0.141419 0.428223 0.140360
1 0.631348 0.140890 0.629883 0.139301 0.629395 0.137182 0.627930 0.135593 0.627441 0.138771 0.627197 0.138242 0.626709 0.139301 0.625000 0.139301 0.624268 0.141419 0.624268 0.143538 0.624756 0.144597 0.625977 0.145127 0.628662 0.141419 0.629883 0.144068 0.630859 0.143538
1 0.464844 0.139831 0.465576 0.143538 0.466064 0.143538 0.466309 0.142479 0.468506 0.143008 0.470947 0.140360 0.471436 0.137182 0.470215 0.137182 0.469482 0.136123 0.468506 0.139301 0.466797 0.137712 0.466553 0.135593 0.465820 0.135064
1 0.553223 0.134534 0.553467 0.138771 0.554443 0.139831 0.555420 0.137712 0.555420 0.135593
1 0.527832 0.134004 0.528076 0.137712 0.528809 0.138242 0.529541 0.136653 0.529541 0.135064
1 0.375488 0.131886 0.375488 0.132945 0.376465 0.134534 0.378662 0.136123 0.378418 0.134534 0.377441 0.132945
1 0.638672 0.131886 0.639404 0.133475 0.639404 0.135064 0.639648 0.134534 0.640137 0.136123 0.640869 0.136123 0.640869 0.134004 0.639893 0.131356 0.639160 0.131356 0.638916 0.132415
1 0.535889 0.131356 0.535156 0.136123 0.535156 0.139831 0.537109 0.140890 0.536865 0.138771 0.536133 0.137712 0.536621 0.137182 0.536377 0.136653 0.537109 0.133475 0.536621 0.131886
1 0.415527 0.128708 0.414795 0.128708 0.413086 0.132415 0.414062 0.134534 0.416016 0.130297
1 0.552002 0.127119 0.550293 0.127648 0.550293 0.129767 0.549805 0.130826 0.550781 0.132945 0.551514 0.131886 0.551025 0.129767 0.552246 0.127648 0.552490 0.128708
1 0.457764 0.127119 0.457520 0.128178 0.458008 0.129767 0.457031 0.132415 0.457031 0.135593 0.456543 0.136123 0.456299 0.138242 0.456543 0.139301 0.457764 0.139301 0.458252 0.140360 0.458740 0.138771 0.458740 0.136653 0.458252 0.135064 0.458740 0.134534 0.458252 0.133475 0.458740 0.129237 0.458496 0.127119
1 0.439941 0.128178 0.439941 0.129237 0.441406 0.131886 0.442139 0.130826 0.442139 0.129237 0.441406 0.127119
1 0.641846 0.132415 0.643799 0.134004 0.644531 0.131886 0.645020 0.131886 0.645264 0.133475 0.644287 0.135593 0.644775 0.135593 0.647461 0.132415 0.647949 0.132945 0.648438 0.130826 0.648193 0.129767 0.646973 0.129237 0.645752 0.126589 0.644043 0.125530 0.643799 0.126589 0.643311 0.126589 0.643066 0.130826
1 0.473145 0.123941 0.473145 0.126589 0.471191 0.129237 0.471680 0.130826 0.473145 0.129767 0.476074 0.130826 0.476074 0.134004 0.476807 0.135064 0.475342 0.135593 0.475586 0.138771 0.476318 0.138242 0.477295 0.136123 0.476318 0.134004 0.476318 0.132415 0.477783 0.131886 0.478271 0.130297 0.478027 0.130826 0.477295 0.128708 0.474854 0.127648 0.473877 0.124470
1 0.331787 0.123941 0.330811 0.126059 0.331055 0.127119 0.331787 0.126059 0.332031 0.130297 0.333496 0.131886 0.333252 0.131356 0.333740 0.130826 0.333740 0.128178 0.333252 0.126589 0.333252 0.124470
1 0.574707 0.123411 0.572266 0.125000 0.571777 0.126059 0.572266 0.130297 0.572754 0.131356 0.573730 0.130297 0.574463 0.130826 0.574951 0.129767 0.575439 0.127119 0.575195 0.124470
1 0.482422 0.123411 0.481934 0.124470 0.481689 0.127648 0.481934 0.129237 0.483154 0.130297 0.483398 0.126589
1 0.359863 0.121292 0.360596 0.127648 0.362061 0.128708 0.363770 0.128178 0.363037 0.128178 0.362305 0.126589 0.362305 0.124470 0.361328 0.125530 0.360596 0.122352
1 0.526611 0.120763 0.527344 0.122352 0.527344 0.124470 0.526611 0.126059 0.526855 0.129767 0.527344 0.127119 0.528564 0.129237 0.529053 0.128708 0.530518 0.130297 0.530762 0.131356 0.532227 0.129767 0.531982 0.127648 0.531250 0.127119 0.530762 0.125530 0.529541 0.128178 0.529053 0.128178 0.528076 0.126059 0.527832 0.123941 0.529297 0.121822 0.529053 0.120233
1 0.437256 0.121292 0.437012 0.120763 0.436768 0.122352 0.436523 0.121292 0.436035 0.122352 0.435303 0.120233 0.434570 0.120233 0.434570 0.121822 0.432861 0.125530 0.433105 0.128178 0.433594 0.124470 0.434570 0.125530 0.434326 0.125000 0.434814 0.123941 0.435059 0.124470 0.435303 0.122881 0.436279 0.121822 0.436768 0.122352
1 0.267334 0.121292 0.264893 0.119703 0.263672 0.120763 0.264160 0.123411 0.264160 0.126589 0.261719 0.126589 0.261230 0.130826 0.261475 0.132415 0.263428 0.132415 0.263428 0.130826 0.264160 0.130826 0.264160 0.126589 0.265625 0.127648 0.265137 0.129767 0.265869 0.128708 0.267090 0.129767 0.267090 0.128708 0.267822 0.128178 0.268066 0.126589 0.267334 0.123411 0.267578 0.122881 0.267090 0.122352
1 0.431396 0.118644 0.430664 0.118114 0.430420 0.119703 0.429932 0.119703 0.429688 0.118644 0.427002 0.118644 0.426270 0.120233 0.426758 0.121292 0.426270 0.121822 0.426514 0.123941 0.425781 0.128178 0.426514 0.128708 0.426514 0.130826 0.428711 0.131356 0.429443 0.127648 0.429199 0.126059 0.429932 0.124470 0.430664 0.125530 0.431396 0.123941 0.431885 0.123941 0.431152 0.119174
1 0.519531 0.118114 0.519531 0.119703 0.520264 0.120233 0.521729 0.123941 0.521729 0.127648 0.520508 0.129237 0.522217 0.131886 0.523193 0.128708 0.522461 0.126589 0.522705 0.123411 0.524414 0.121292 0.525391 0.121292 0.525391 0.120233 0.523193 0.120233 0.522461 0.118644 0.522217 0.119174 0.520996 0.117585
1 0.650879 0.117585 0.649414 0.117055 0.648926 0.118114 0.648926 0.123411 0.649902 0.123411 0.651367 0.120233
1 0.568359 0.116525 0.568359 0.117585 0.567627 0.118644 0.567871 0.123941 0.570312 0.123941 0.570312 0.122881 0.569336 0.122881 0.568115 0.121292 0.568115 0.119703 0.568848 0.118114
1 0.504150 0.123411 0.503662 0.121822 0.503174 0.122352 0.500244 0.117585 0.500244 0.115996 0.498535 0.115996 0.498535 0.117585 0.499512 0.119174 0.499023 0.121292 0.499023 0.124470 0.497314 0.126059 0.497559 0.127119 0.496338 0.130826 0.495850 0.129767 0.495361 0.130826 0.494629 0.130826 0.493408 0.128708 0.493652 0.128178 0.492432 0.125530 0.492432 0.128178 0.490234 0.127648 0.489502 0.126059 0.486084 0.125530 0.487061 0.130297 0.488037 0.129237 0.488037 0.131886 0.488770 0.131886 0.489746 0.133475 0.489502 0.136123 0.490234 0.136123 0.492188 0.132415 0.493164 0.132415 0.493652 0.134534 0.494385 0.135064 0.495117 0.134004 0.495850 0.130826 0.496338 0.134534 0.496826 0.134004 0.497314 0.135593 0.496826 0.137712 0.496826 0.140360 0.497314 0.141419 0.498291 0.141419 0.498291 0.138771 0.498779 0.136653 0.500244 0.136653 0.501221 0.139301 0.501953 0.138242 0.501953 0.135064 0.500977 0.132415 0.501465 0.130297 0.501221 0.126589 0.501953 0.125000 0.502686 0.125530 0.503418 0.123941 0.504150 0.124470
1 0.271484 0.115996 0.270508 0.116525 0.270508 0.118114 0.271484 0.121822 0.270508 0.123411 0.271973 0.125000 0.271240 0.122881 0.272217 0.120763 0.272461 0.118644
1 0.632568 0.114936 0.632080 0.115996 0.632324 0.120233 0.631348 0.122881 0.629395 0.125000 0.628906 0.129767 0.629395 0.129237 0.629395 0.127648 0.629883 0.126589 0.631104 0.126589 0.632080 0.129237 0.631836 0.131886 0.632324 0.132945 0.633545 0.132945 0.633545 0.134534 0.636230 0.131356 0.635254 0.129237 0.635254 0.127648 0.634521 0.126059 0.634766 0.124470 0.633789 0.121292 0.634033 0.120763 0.633545 0.116525 0.634033 0.114936
1 0.600586 0.115466 0.601074 0.118114 0.602295 0.120233 0.602051 0.120763 0.603760 0.123941 0.605713 0.123411 0.607422 0.120763 0.608887 0.120763 0.609375 0.119174 0.607910 0.118114 0.606689 0.120763 0.605469 0.121292 0.603516 0.118644 0.601807 0.114936
1 0.302246 0.119703 0.301270 0.118114 0.300781 0.118644 0.300537 0.117585 0.297607 0.115996 0.297119 0.114936 0.296631 0.117055 0.295898 0.117055 0.295654 0.115996 0.294678 0.115466 0.295654 0.118114 0.295654 0.119174 0.295166 0.119703 0.295410 0.123411 0.294922 0.126589 0.295410 0.127648 0.298828 0.126059 0.298584 0.122352 0.299072 0.121292 0.299561 0.121292 0.299805 0.120233 0.300293 0.120763 0.300293 0.119703
1 0.401611 0.115996 0.400635 0.114407 0.399658 0.114407 0.399414 0.115996 0.398438 0.117055 0.397949 0.119703 0.399658 0.120233 0.401611 0.117055
1 0.482666 0.121292 0.483154 0.121822 0.483643 0.120233 0.485596 0.123941 0.485596 0.122881 0.484863 0.122881 0.484375 0.120763 0.485596 0.115466 0.486084 0.117585 0.486328 0.117055 0.487305 0.119703 0.490479 0.118644 0.491211 0.121292 0.493164 0.123411 0.493896 0.123411 0.494873 0.125000 0.495117 0.126589 0.495605 0.126589 0.495117 0.122352 0.493652 0.119703 0.494141 0.119174 0.493896 0.118644 0.490967 0.118644 0.490234 0.117055 0.487549 0.115466 0.486816 0.113347 0.485840 0.113347 0.485107 0.117585 0.484619 0.115466 0.483887 0.119703
1 0.303955 0.113347 0.303467 0.114407 0.303467 0.115996 0.304199 0.118644 0.304199 0.120233 0.305420 0.120763 0.305420 0.119174 0.306152 0.118644 0.306152 0.113877
1 0.411133 0.112818 0.411133 0.116525 0.412598 0.118114 0.411865 0.120233 0.412354 0.123941 0.413086 0.122352 0.412842 0.119703 0.414062 0.117585 0.415039 0.117585 0.415039 0.115466 0.414062 0.114936 0.413818 0.115996 0.412598 0.113347
1 0.310303 0.113877 0.311035 0.117055 0.313965 0.117055 0.313232 0.113877 0.312012 0.112818 0.311523 0.114407
1 0.529541 0.112288 0.528809 0.113877 0.529053 0.117585 0.530273 0.119174 0.530029 0.118114 0.530518 0.115996 0.531006 0.117585 0.530762 0.118114 0.531250 0.117585 0.530762 0.114407 0.530518 0.115996 0.529785 0.114936 0.530273 0.114407 0.530273 0.112818 0.530029 0.113877
1 0.466553 0.111229 0.465820 0.111229 0.465820 0.112818 0.464844 0.113347 0.465088 0.116525 0.466064 0.116525 0.466797 0.114936 0.467041 0.112818
1 0.535889 0.110699 0.534668 0.109640 0.534912 0.110699 0.533936 0.114936 0.534180 0.115466 0.534912 0.114407 0.535156 0.114936 0.535889 0.113347 0.536621 0.113347
1 0.297119 0.111229 0.298584 0.113877 0.300049 0.112818 0.299316 0.108581 0.298340 0.109110 0.297607 0.111229
1 0.517578 0.108051 0.512451 0.108051 0.511963 0.114936 0.510986 0.116525 0.509033 0.117055 0.508545 0.119174 0.508789 0.119703 0.509521 0.117055 0.510742 0.117055 0.511963 0.115466 0.512695 0.109110 0.515625 0.109640 0.516602 0.108051
1 0.546875 0.106462 0.546143 0.108581 0.546143 0.111229 0.546875 0.113347 0.547852 0.113347 0.548340 0.108051 0.548096 0.106992
1 0.453613 0.106462 0.453125 0.108051 0.452637 0.108051 0.452148 0.110699 0.451416 0.110169 0.450439 0.111758 0.449951 0.110169 0.450195 0.113347 0.450928 0.113347 0.451416 0.114407 0.451416 0.116525 0.450928 0.118114 0.448242 0.118644 0.448242 0.120233 0.447754 0.120763 0.446777 0.117055 0.445557 0.117055 0.444824 0.115996 0.444092 0.118644 0.444336 0.121822 0.445312 0.122881 0.445312 0.124470 0.443848 0.125000 0.443115 0.127648 0.443848 0.125530 0.444580 0.125530 0.445068 0.126589 0.444092 0.128178 0.444580 0.130297 0.444092 0.132415 0.444336 0.132945 0.444824 0.132415 0.445068 0.129237 0.445557 0.128178 0.445801 0.128708 0.446045 0.126589 0.445557 0.123941 0.447266 0.121292 0.447998 0.121292 0.448486 0.123941 0.450928 0.123411 0.451416 0.126059 0.451904 0.126589 0.453857 0.126059 0.454346 0.128708 0.455322 0.128178 0.456543 0.129237 0.456543 0.127119 0.457275 0.125530 0.456787 0.123941 0.455811 0.123941 0.455811 0.119174 0.455078 0.118644 0.453857 0.119703 0.452637 0.116525 0.452637 0.112288 0.453857 0.109110
1 0.337402 0.107521 0.337402 0.109110 0.338379 0.112288 0.340088 0.112818 0.341309 0.114936 0.341797 0.114407 0.342773 0.108581 0.341064 0.108581 0.337891 0.106462
1 0.522949 0.106992 0.521484 0.105932 0.520264 0.110699 0.521484 0.111229 0.522949 0.108051
1 0.613281 0.105403 0.612305 0.105403 0.611572 0.108581 0.611084 0.109110 0.611572 0.110169 0.611328 0.112818 0.612549 0.112818 0.613525 0.111229 0.613770 0.109110
1 0.385254 0.106992 0.385498 0.109110 0.386719 0.110169 0.387451 0.110169 0.389404 0.108051 0.388916 0.106462 0.387451 0.104873 0.386230 0.105403
1 0.331543 0.106462 0.330566 0.106462 0.329590 0.104873 0.328125 0.104873 0.326660 0.103284 0.325928 0.104343 0.325439 0.106462 0.325684 0.106992 0.324951 0.109110 0.322754 0.109110 0.322266 0.108051 0.322510 0.107521 0.321533 0.107521 0.319824 0.109640 0.320312 0.111229 0.320312 0.118644 0.319336 0.122352 0.319336 0.126059 0.318359 0.127119 0.317383 0.124470 0.315186 0.126059 0.315186 0.130826 0.316162 0.132415 0.321045 0.132415 0.322266 0.134004 0.322021 0.129767 0.322754 0.129237 0.323486 0.130297 0.324219 0.133475 0.323975 0.136123 0.324463 0.137182 0.327637 0.138771 0.329834 0.138771 0.330811 0.136123 0.332275 0.136123 0.332764 0.134004 0.332275 0.132945 0.331543 0.132945 0.330566 0.130826 0.329834 0.130297 0.328125 0.131886 0.326172 0.130297 0.326172 0.128178 0.327881 0.123941 0.328369 0.126059 0.329834 0.122881 0.329346 0.121822 0.328857 0.122352 0.328125 0.120233 0.325195 0.115996 0.325195 0.114407 0.327393 0.111229 0.328369 0.112818 0.329834 0.111758 0.329834 0.110169 0.331299 0.110169
1 0.656250 0.101695 0.656006 0.103284 0.656738 0.102754 0.657227 0.105403 0.659424 0.108581 0.658447 0.104343 0.657471 0.102225
1 0.373535 0.101165 0.372803 0.101695 0.372559 0.105932 0.372070 0.107521 0.372070 0.108581 0.373047 0.109640 0.374268 0.106462 0.373779 0.104873 0.374023 0.102225
1 0.460938 0.100636 0.460205 0.103284 0.460205 0.105932 0.460449 0.104873 0.460938 0.107521 0.462402 0.108051 0.462646 0.106462 0.463623 0.104873 0.463623 0.102754 0.462646 0.100636
1 0.258057 0.107521 0.259766 0.108581 0.260742 0.107521 0.262939 0.108051 0.263428 0.107521 0.263184 0.106992 0.264648 0.101165 0.263672 0.100636 0.263184 0.101695 0.263184 0.104873 0.261719 0.105403 0.260010 0.100636 0.259033 0.100106 0.258789 0.101165 0.259277 0.102225 0.258301 0.104343 0.258545 0.104873 0.258057 0.105932
1 0.494141 0.099047 0.493164 0.099047 0.490723 0.102754 0.490723 0.103814 0.491943 0.105403 0.491943 0.108581 0.492432 0.108581 0.493164 0.105932 0.494873 0.105932 0.494629 0.104873 0.495117 0.101695
1 0.555664 0.098517 0.555176 0.101695 0.556396 0.102225 0.557129 0.104873 0.557617 0.103814 0.557617 0.101695 0.556641 0.101165 0.556641 0.098517
1 0.378174 0.096398 0.377930 0.097987 0.380371 0.103284 0.380859 0.100106 0.379883 0.101695 0.379395 0.100636 0.379883 0.100106 0.380127 0.097458 0.379395 0.096398
1 0.268555 0.105932 0.272949 0.106992 0.273438 0.105403 0.274414 0.105403 0.274902 0.106992 0.275391 0.106992 0.276367 0.105403 0.277344 0.105403 0.278809 0.106462 0.279541 0.104343 0.279541 0.102225 0.278076 0.101165 0.277100 0.097987 0.274658 0.096398 0.275146 0.095869 0.274414 0.096398 0.273438 0.095339 0.270996 0.095339 0.269775 0.097458 0.269775 0.101165 0.269043 0.102754
1 0.605957 0.094809 0.606445 0.099576 0.606934 0.100636 0.607178 0.100106 0.607666 0.101165 0.608398 0.101165 0.608643 0.099047 0.606689 0.094280
1 0.614990 0.094809 0.613281 0.094809 0.613037 0.093750 0.611816 0.093220 0.610107 0.094280 0.610107 0.095869 0.611816 0.098517 0.612305 0.102225 0.613770 0.099576 0.614746 0.099047 0.615234 0.097458
1 0.333008 0.092161 0.332031 0.094809 0.330322 0.095339 0.329834 0.096398 0.329834 0.097458 0.331543 0.102225 0.331543 0.104343 0.332275 0.104873 0.333008 0.100106 0.334717 0.095339 0.334717 0.093220
1 0.288574 0.091102 0.287109 0.089513 0.286133 0.089513 0.283691 0.091631 0.284180 0.093750 0.283936 0.094280 0.285889 0.096928 0.286133 0.095869 0.287109 0.096398 0.287109 0.095339 0.286377 0.093750
1 0.538818 0.095869 0.537598 0.093750 0.537842 0.091102 0.536621 0.087924 0.535645 0.088983 0.534912 0.088983 0.534668 0.087924 0.534668 0.090042 0.532715 0.092691 0.531738 0.095339 0.531494 0.097458 0.531982 0.097987 0.530273 0.098517 0.530273 0.100636 0.530518 0.100106 0.531982 0.101695 0.532471 0.100636 0.532227 0.099047 0.534912 0.092691 0.535889 0.093750 0.535400 0.096398 0.538574 0.096928
1 0.584717 0.088453 0.584229 0.087394 0.583496 0.087394 0.582275 0.088983 0.581543 0.092691 0.582275 0.093750 0.584717 0.092691
1 0.222900 0.084746 0.224609 0.088983 0.224609 0.090572 0.222900 0.093220 0.223389 0.094809 0.224121 0.095339 0.224609 0.094809 0.224609 0.093220 0.225342 0.091631 0.225830 0.091631 0.226074 0.087394 0.225098 0.086864 0.224854 0.085275
1 0.580078 0.086864 0.577881 0.087394 0.577148 0.085805 0.576904 0.082627 0.576416 0.085275 0.576660 0.086864 0.575684 0.087394 0.574951 0.090572 0.573242 0.093220 0.573242 0.094280 0.573730 0.093750 0.574463 0.095339 0.575928 0.094280 0.575928 0.092161 0.576660 0.090572 0.576660 0.086864 0.578613 0.090572 0.579102 0.090572 0.580078 0.088453
1 0.448730 0.082627 0.447266 0.083157 0.446777 0.086335 0.447754 0.086864 0.448730 0.085805 0.449219 0.084216
1 0.339355 0.081038 0.338379 0.082097 0.337402 0.091102 0.337402 0.094280 0.338623 0.095869 0.341309 0.092161 0.343018 0.092161 0.343262 0.091102 0.340576 0.087924 0.341553 0.084746 0.339844 0.085275
1 0.297119 0.079979 0.296875 0.082097 0.295898 0.083686 0.296143 0.088983 0.297852 0.089513 0.298340 0.090572 0.298828 0.096398 0.300293 0.098517 0.301025 0.101695 0.301270 0.100636 0.302246 0.101165 0.302246 0.103284 0.303223 0.103284 0.305664 0.108051 0.305420 0.109640 0.307129 0.109640 0.309082 0.112288 0.309814 0.111758 0.310059 0.110699 0.309326 0.109110 0.309082 0.106462 0.308350 0.104343 0.305908 0.105932 0.304688 0.103814 0.304443 0.101695 0.304932 0.099047 0.303955 0.099047 0.303711 0.097458 0.304443 0.096928 0.305420 0.094280 0.304443 0.092161 0.303955 0.092161 0.302490 0.094809 0.302002 0.093750 0.302734 0.092691 0.302734 0.091102 0.301758 0.089513 0.300781 0.091631 0.299561 0.088983 0.299561 0.086335 0.298828 0.084216 0.299316 0.079979 0.298828 0.079979 0.298584 0.078919
1 0.457764 0.078390 0.457031 0.080508 0.457031 0.084746 0.458740 0.083686 0.458008 0.079979 0.457520 0.079449
1 0.620605 0.077860 0.619873 0.079449 0.619873 0.081568 0.618896 0.083686 0.618408 0.088453 0.617920 0.089513 0.617676 0.088983 0.616943 0.090572 0.616943 0.091631 0.617432 0.091631 0.618408 0.088983 0.618896 0.088983 0.619385 0.090042 0.619141 0.093220 0.620117 0.097987 0.622314 0.097987 0.622314 0.095339 0.623047 0.094280 0.623535 0.095339 0.623535 0.097458 0.624268 0.097987 0.625000 0.094809 0.624512 0.093750 0.623779 0.093750 0.623291 0.094809 0.623047 0.093220 0.620850 0.090042 0.620605 0.087924 0.619873 0.086335 0.620117 0.083157 0.620850 0.081568 0.621826 0.081038
1 0.406250 0.077331 0.405029 0.079979 0.404541 0.079979 0.405273 0.082097 0.405518 0.081038 0.406006 0.081038 0.406738 0.083157 0.407471 0.082097 0.407715 0.080508 0.406982 0.079979
1 0.565186 0.076801 0.564209 0.080508 0.561035 0.086864 0.562012 0.090042 0.563965 0.088983 0.565186 0.092161 0.563477 0.094809 0.562988 0.094809 0.562744 0.093220 0.561768 0.093750 0.561768 0.096928 0.561279 0.097458 0.560547 0.103284 0.562256 0.099576 0.563477 0.103284 0.565918 0.105932 0.566162 0.108581 0.568115 0.108051 0.569336 0.105403 0.569336 0.100106 0.569824 0.101165 0.571045 0.100636 0.571045 0.097987 0.569580 0.094809 0.569580 0.093750 0.570557 0.092161 0.570801 0.090042 0.570068 0.088983 0.570068 0.087924 0.567139 0.087924 0.566895 0.089513 0.566162 0.090572 0.564697 0.087924 0.565186 0.086335 0.565918 0.085805 0.565918 0.083157 0.565430 0.081038 0.565918 0.078390 0.566650 0.077860
1 0.347656 0.076801 0.347412 0.081038 0.348877 0.081568 0.349121 0.078919
1 0.592529 0.076801 0.592285 0.076271 0.591064 0.077331 0.590820 0.078390 0.590088 0.078390 0.589111 0.080508 0.588867 0.082627 0.587402 0.084216 0.587646 0.086335 0.589844 0.086335 0.590820 0.082627 0.592529 0.081568
1 0.506348 0.075212 0.506348 0.077860 0.505127 0.081568 0.505127 0.083686 0.506104 0.086335 0.507568 0.085805 0.507568 0.081568 0.506348 0.078390 0.507080 0.076801 0.507324 0.078919 0.507568 0.076801 0.506836 0.076801
1 0.251465 0.096928 0.249512 0.093220 0.248291 0.089513 0.245117 0.084746 0.244873 0.083157 0.245361 0.081568 0.245850 0.082097 0.245850 0.081038 0.243896 0.073093 0.243652 0.076801 0.244141 0.077331 0.243652 0.077860 0.243652 0.080508 0.243164 0.081568 0.242432 0.081568 0.242432 0.083686 0.241943 0.084746 0.241455 0.084216 0.241943 0.079449 0.241455 0.079449 0.241455 0.082627 0.240723 0.084216 0.239502 0.084746 0.239014 0.085805 0.237305 0.085805 0.236328 0.082627 0.236084 0.083157 0.234375 0.082097 0.233643 0.083157 0.231445 0.083157 0.230713 0.085805 0.230225 0.085275 0.229492 0.086335 0.229004 0.088983 0.229248 0.090042 0.230713 0.091631 0.231689 0.091631 0.233398 0.094280 0.233887 0.093220 0.233887 0.091631 0.234619 0.091102 0.234863 0.092161 0.236328 0.092161 0.238281 0.096398 0.241699 0.096398 0.242432 0.097987 0.243408 0.097987 0.245117 0.101695 0.244385 0.103814 0.244873 0.104873 0.245850 0.104873 0.246338 0.103284 0.247070 0.103284 0.247559 0.101695 0.248535 0.101165 0.248779 0.100106
1 0.583008 0.073093 0.581543 0.072034 0.579834 0.074682 0.579834 0.076271 0.579346 0.077331 0.579346 0.082627 0.579834 0.083686 0.581055 0.083686 0.581787 0.079979 0.581787 0.077860 0.583252 0.075212
1 0.382324 0.072034 0.381836 0.073093 0.381592 0.075742 0.383545 0.075742 0.384521 0.077860 0.384277 0.077331 0.384766 0.075742 0.384766 0.072034
1 0.464111 0.070975 0.463135 0.073093 0.463135 0.074682 0.464600 0.075742 0.464844 0.070975
1 0.434082 0.072034 0.433594 0.070975 0.432129 0.070975 0.430176 0.074153 0.430176 0.075742 0.432373 0.075212 0.434082 0.073093
1 0.422363 0.073093 0.420898 0.072564 0.419922 0.070975 0.418701 0.070975 0.418213 0.074153 0.416260 0.074682 0.416748 0.078390 0.416016 0.079979 0.417480 0.079979 0.418457 0.075742 0.420166 0.073093 0.421387 0.073093 0.421875 0.074682 0.422363 0.074153
1 0.390625 0.070975 0.389160 0.074153 0.389160 0.076271 0.390869 0.078919 0.392090 0.078919 0.392334 0.076271 0.391846 0.075212 0.391602 0.072034
1 0.522949 0.069386 0.520996 0.068326 0.519531 0.074153 0.518311 0.075212 0.519287 0.075742 0.519287 0.077331 0.520020 0.078919 0.520508 0.078919 0.520508 0.074682 0.520996 0.073093 0.520752 0.072564 0.521240 0.071504 0.522949 0.071504
1 0.548828 0.067267 0.548828 0.073093 0.550537 0.073623 0.551025 0.071504 0.550293 0.069915 0.549805 0.069915 0.549561 0.068326
1 0.372559 0.069915 0.372070 0.067267 0.369873 0.068856 0.371338 0.070975 0.372314 0.070975
1 0.457031 0.066208 0.456787 0.068856 0.456299 0.069386 0.456299 0.071504 0.457031 0.071504 0.457520 0.072564 0.457031 0.074153 0.457520 0.077331 0.458008 0.077331 0.458740 0.075742 0.459717 0.077860 0.459961 0.077331 0.460938 0.078390 0.461670 0.076801 0.461182 0.075212 0.461426 0.074153 0.460693 0.072034 0.460693 0.070975 0.461670 0.069915 0.460693 0.067797 0.460693 0.066737 0.459473 0.066737 0.458984 0.068856
1 0.509277 0.064089 0.507812 0.066737 0.507812 0.068326 0.508789 0.070975 0.508545 0.073623 0.509277 0.073623 0.509521 0.074682 0.510742 0.075742 0.511230 0.066208
1 0.337158 0.064619 0.335449 0.062500 0.332520 0.063030 0.330322 0.067267 0.330811 0.068326 0.330566 0.068856 0.331299 0.068856 0.333252 0.073623 0.334473 0.071504 0.335205 0.068856 0.336914 0.068326
1 0.427734 0.063030 0.427002 0.061441 0.426514 0.063030 0.425049 0.064619 0.425049 0.065678 0.426270 0.065678
1 0.359619 0.061441 0.358887 0.063559 0.358887 0.067797 0.360352 0.070975 0.360840 0.075212 0.362061 0.073093 0.362305 0.069386 0.360107 0.065678 0.360596 0.065148 0.359863 0.063559
1 0.538818 0.058792 0.538330 0.058792 0.537354 0.061970 0.536621 0.061970 0.536865 0.064619 0.536133 0.065148 0.535889 0.067267 0.536865 0.072564 0.537842 0.069386 0.538330 0.069386 0.538818 0.070975 0.538330 0.075212 0.538574 0.077860 0.537842 0.081038 0.538086 0.083686 0.539062 0.082097 0.538818 0.082627 0.538574 0.081568 0.540771 0.076801 0.541016 0.078390 0.542236 0.075742 0.540771 0.075742 0.539307 0.074153 0.539307 0.073093 0.541016 0.069915 0.541260 0.064619 0.540771 0.061970 0.540283 0.063559 0.539307 0.061970
1 0.407471 0.058792 0.407715 0.060911 0.408936 0.063559 0.408447 0.065148 0.408447 0.067267 0.407715 0.069386 0.407715 0.071504 0.408203 0.073093 0.409180 0.071504 0.409424 0.072034 0.410400 0.070975 0.410645 0.072034 0.410156 0.069915 0.410156 0.068326 0.410645 0.067267 0.412109 0.068856 0.413574 0.068856 0.414062 0.066208 0.415771 0.067267 0.415283 0.064089 0.414551 0.062500 0.413086 0.063559 0.411621 0.061441 0.409424 0.061441 0.407715 0.058263
1 0.387695 0.056674 0.386719 0.057203 0.386475 0.059322 0.387451 0.061441 0.388428 0.059852
1 0.484619 0.054555 0.484375 0.055085 0.485352 0.056144 0.484131 0.061441 0.485107 0.065148 0.487061 0.065148 0.487549 0.064089 0.487305 0.061441 0.486572 0.062500 0.485107 0.059322 0.485352 0.057733 0.486084 0.056674 0.486084 0.055085
1 0.502930 0.055085 0.501953 0.054025 0.501221 0.056144 0.498047 0.057733 0.497559 0.063030 0.495850 0.066737 0.497070 0.072034 0.497559 0.072034 0.497559 0.070445 0.497803 0.070975 0.498291 0.069915 0.499023 0.069915 0.500000 0.067797 0.500488 0.068856 0.501709 0.068856 0.501953 0.072564 0.502930 0.071504 0.503418 0.072564 0.503906 0.070975 0.504150 0.071504 0.505127 0.069915 0.505127 0.065678 0.504639 0.064619 0.503662 0.066208 0.502441 0.066208 0.500977 0.064619 0.499023 0.065678 0.498535 0.062500 0.500000 0.059322 0.500488 0.059322 0.501709 0.056144 0.502686 0.056674 0.502441 0.056144
1 0.418213 0.054025 0.417480 0.055614 0.417480 0.063030 0.419678 0.061970 0.417725 0.057733 0.418457 0.056144
1 0.377441 0.051377 0.375977 0.052966 0.375000 0.052966 0.375977 0.060381 0.376465 0.058263 0.378662 0.058263 0.378418 0.056144 0.377441 0.054555
1 0.442139 0.052436 0.442383 0.054025 0.443848 0.052966 0.444336 0.054025 0.444336 0.055614 0.443848 0.056144 0.444336 0.057203 0.445312 0.057203 0.446045 0.056144 0.446533 0.056674 0.447266 0.055085 0.448242 0.056144 0.448730 0.055085 0.448730 0.054025 0.447754 0.052966 0.447998 0.051377 0.446777 0.050318 0.443604 0.050318
1 0.459229 0.050318 0.456055 0.049258 0.455078 0.050318 0.454590 0.051907 0.453857 0.051907 0.453613 0.053496 0.452148 0.055614 0.451904 0.058263 0.451416 0.059322 0.450684 0.059322 0.450439 0.061441 0.451416 0.064619 0.452637 0.061970 0.452393 0.059852 0.453369 0.058263 0.452881 0.057733 0.454102 0.057733 0.454346 0.056674 0.455322 0.057203 0.456055 0.060381 0.456543 0.060381 0.456787 0.059322 0.458252 0.059322 0.459229 0.060381 0.459717 0.062500 0.459961 0.060381 0.460449 0.059852 0.459473 0.058792 0.459229 0.056674 0.458252 0.056144 0.458740 0.055614 0.459229 0.052436 0.458740 0.051377
1 0.397217 0.048729 0.396729 0.049788 0.396484 0.049258 0.396484 0.050318 0.396973 0.050847 0.396973 0.054025 0.397461 0.055085 0.396973 0.059852 0.395996 0.059852 0.395996 0.056144 0.395508 0.054555 0.394775 0.056674 0.395020 0.058792 0.394531 0.059322 0.393555 0.063559 0.394287 0.066208 0.395508 0.067267 0.396973 0.067267 0.397705 0.068856 0.398682 0.068856 0.399170 0.070445 0.400146 0.070975 0.399902 0.069386 0.400391 0.068326 0.399902 0.066737 0.399902 0.063559 0.400391 0.061970 0.400391 0.059322 0.399658 0.059322 0.399170 0.058263 0.399414 0.057733 0.398926 0.052436 0.399414 0.051377 0.398682 0.048729
1 0.479004 0.046610 0.479004 0.050847 0.480469 0.051377 0.480225 0.046081
1 0.462891 0.045551 0.462402 0.046610 0.462891 0.047140 0.462891 0.048729 0.463379 0.048729 0.464844 0.051907 0.465088 0.054025 0.464844 0.048199 0.464355 0.047669 0.464111 0.048729 0.463867 0.047140
1 0.331055 0.046610 0.331055 0.050847 0.331543 0.052436 0.334473 0.052436 0.336426 0.051377 0.336182 0.047669 0.335449 0.045551 0.331543 0.045551
1 0.234619 0.050847 0.234131 0.055085 0.235352 0.058792 0.236328 0.059322 0.236816 0.060911 0.237549 0.060911 0.238281 0.063030 0.240723 0.063030 0.242920 0.064089 0.240723 0.060911 0.239746 0.057203 0.239014 0.057733 0.238037 0.056144 0.239258 0.054025 0.239258 0.051377 0.241211 0.047669 0.240967 0.046081 0.240234 0.045551 0.238525 0.047140 0.237793 0.046610
1 0.547119 0.045021 0.546631 0.046610 0.546875 0.047140 0.546143 0.047669 0.545410 0.049258 0.545654 0.049788 0.544922 0.050847 0.545166 0.052966 0.544434 0.057203 0.542969 0.059322 0.543701 0.065678 0.543945 0.064619 0.544922 0.064619 0.545166 0.059322 0.546631 0.058263 0.546387 0.057203 0.546875 0.055614 0.547363 0.056674 0.548340 0.056144 0.548340 0.054555 0.549561 0.051377 0.549316 0.049258 0.548584 0.048199 0.548096 0.049258 0.547852 0.048729 0.547119 0.050847 0.546631 0.049258 0.547363 0.047140
1 0.534668 0.045551 0.534424 0.048199 0.535156 0.049788 0.534912 0.051377 0.535889 0.051377 0.537109 0.046610 0.536133 0.045021
1 0.213867 0.044492 0.214355 0.045021 0.214355 0.046081 0.213867 0.046081 0.213867 0.048729 0.214844 0.050847 0.216309 0.051907 0.217773 0.050847 0.215820 0.046610 0.216064 0.046081 0.215332 0.046610 0.214355 0.044492
1 0.553955 0.043962 0.553467 0.046610 0.552490 0.047669 0.552246 0.050318 0.553711 0.051907 0.553955 0.054555 0.553467 0.056674 0.553955 0.058792 0.554199 0.057733 0.554932 0.058263 0.554199 0.060911 0.553467 0.059322 0.553223 0.060911 0.556396 0.073623 0.555908 0.075212 0.554443 0.076271 0.551758 0.082097 0.552979 0.081038 0.554932 0.081038 0.556396 0.082097 0.557373 0.077860 0.557373 0.076801 0.556641 0.075742 0.556396 0.073093 0.556885 0.073093 0.557861 0.069915 0.559082 0.068856 0.559326 0.067797 0.558350 0.065148 0.556641 0.068856 0.555664 0.065678 0.555908 0.060911 0.555420 0.056674 0.555420 0.051377 0.555908 0.050318 0.556641 0.045021
1 0.494629 0.042373 0.492920 0.042373 0.492920 0.043432 0.493896 0.042903 0.494141 0.044492 0.493164 0.046081 0.492188 0.045551 0.492432 0.046610 0.493164 0.046610 0.492676 0.047669 0.491943 0.047669 0.492188 0.049258 0.491699 0.049788 0.492432 0.051907 0.491699 0.051907 0.490234 0.055085 0.490234 0.056674 0.491211 0.058263 0.491211 0.059852 0.489746 0.061970 0.489746 0.063559 0.490723 0.065678 0.490234 0.067797 0.490479 0.068326 0.491455 0.065148 0.490479 0.061441 0.491455 0.059322 0.492432 0.059322 0.493164 0.061441 0.493164 0.064089 0.494385 0.065148 0.493896 0.061970 0.495117 0.057733 0.495117 0.052436 0.496094 0.051377 0.495605 0.045551 0.495117 0.045021 0.495361 0.044492
1 0.430420 0.042373 0.430420 0.045021 0.431641 0.047140 0.432373 0.047140 0.433350 0.045021 0.433105 0.042903
1 0.408203 0.041314 0.408203 0.044492 0.409424 0.049258 0.409424 0.050847 0.410156 0.051907 0.410400 0.051377 0.409912 0.049788 0.409912 0.046610 0.408936 0.045021
1 0.438965 0.036017 0.437744 0.042373 0.438721 0.043962 0.439453 0.042903 0.440918 0.042903 0.439697 0.041314 0.439209 0.039195 0.439697 0.037076
1 0.357910 0.036017 0.358643 0.037606 0.358154 0.038136 0.358154 0.040784 0.358643 0.042373 0.358398 0.045021 0.357666 0.046610 0.356445 0.047140 0.355957 0.049258 0.356201 0.050318 0.357910 0.050847 0.358398 0.049788 0.358643 0.050847 0.360107 0.051377 0.359375 0.046081 0.359375 0.042903 0.358887 0.041843 0.360107 0.038136 0.359619 0.036017 0.359131 0.037076
1 0.445312 0.034958 0.444580 0.036547 0.444336 0.036017 0.444092 0.037606 0.445557 0.039725 0.445312 0.037606 0.446777 0.037606 0.446777 0.036017 0.445557 0.036017
1 0.536377 0.034428 0.535156 0.034428 0.534668 0.036017 0.534668 0.042903 0.535156 0.041843 0.535156 0.039195 0.536377 0.039195 0.537109 0.037076
1 0.398193 0.036017 0.398682 0.037076 0.398926 0.036547 0.400391 0.037606 0.402100 0.034958 0.402832 0.036547 0.404541 0.037076 0.404785 0.038136 0.403809 0.033898 0.400879 0.033898
1 0.464355 0.031780 0.464600 0.033369 0.464111 0.034958 0.464600 0.037606 0.465576 0.039195 0.466064 0.041843 0.466797 0.041843 0.466797 0.039195 0.465820 0.037076 0.465820 0.035487 0.466553 0.033898 0.467041 0.034428 0.467285 0.032839
1 0.410400 0.031780 0.410156 0.032839 0.410645 0.034428 0.410156 0.037076 0.410645 0.038665 0.411133 0.038136 0.411377 0.039195 0.412598 0.036547
1 0.569824 0.029661 0.569824 0.030720 0.568604 0.033898 0.568359 0.039195 0.569824 0.039195 0.570801 0.037076 0.570801 0.032309
1 0.528809 0.029661 0.528809 0.033369 0.529053 0.033898 0.529297 0.032839 0.530273 0.036547 0.530762 0.034428 0.531494 0.034428 0.531494 0.032839 0.530762 0.033369
1 0.576904 0.029131 0.576172 0.028072 0.574951 0.028602 0.574219 0.031250 0.574219 0.032839 0.574463 0.033369 0.575195 0.031780 0.576904 0.030191
1 0.353027 0.027542 0.352783 0.029131 0.352051 0.028602 0.351562 0.029661 0.351562 0.031780 0.352539 0.032839 0.352295 0.033898 0.351807 0.033898 0.352539 0.034958 0.352539 0.037076 0.351318 0.041843 0.350586 0.040254 0.350586 0.043432 0.351074 0.045021 0.350830 0.045551 0.351318 0.045551 0.351562 0.044492 0.352051 0.047140 0.354004 0.047669 0.354004 0.046081 0.352783 0.042373 0.353516 0.034958 0.353027 0.034958 0.352783 0.033898 0.353760 0.033369 0.353516 0.028072
1 0.343262 0.027013 0.341797 0.027013 0.340820 0.029661 0.338867 0.031250 0.339355 0.031780 0.338867 0.033369 0.339111 0.034958 0.339844 0.036017 0.339844 0.038136 0.340820 0.039725 0.342529 0.036547 0.342041 0.034958 0.342773 0.031780 0.342285 0.029131
1 0.549316 0.020657 0.548584 0.021716 0.548584 0.024364 0.549316 0.027542 0.547852 0.030720 0.547363 0.030720 0.546875 0.028602 0.546875 0.030191 0.547607 0.031780 0.546875 0.034958 0.548096 0.034428 0.548828 0.036547 0.549072 0.039195 0.549561 0.038665 0.549805 0.036017 0.549316 0.033898 0.550293 0.032839 0.549316 0.031780 0.549805 0.028602 0.551270 0.027013 0.552002 0.029661 0.552246 0.028072 0.552002 0.024894 0.551025 0.024364
1 0.502197 0.021716 0.500977 0.020127 0.499268 0.022775 0.499268 0.025424 0.499512 0.025953 0.500244 0.023835
1 0.487305 0.020127 0.486328 0.021186 0.486328 0.022775 0.486816 0.023835 0.487305 0.029131 0.487793 0.029661 0.487793 0.027013 0.488770 0.021716 0.488037 0.022246
1 0.447021 0.021716 0.445801 0.026483 0.446045 0.027013 0.445557 0.030191 0.447266 0.031780 0.447510 0.029131 0.448486 0.027542 0.448730 0.029131 0.449463 0.028602 0.449951 0.029661 0.449951 0.031780 0.449463 0.033369 0.452148 0.033898 0.450439 0.029131 0.450439 0.027542 0.451172 0.025424 0.451172 0.023305 0.450439 0.020127 0.449707 0.020127 0.448486 0.022246
1 0.152344 0.032309 0.153076 0.031780 0.153320 0.032839 0.153320 0.031780 0.154053 0.030720 0.155518 0.030720 0.155762 0.032309 0.156982 0.033369 0.158447 0.033369 0.162354 0.036017 0.164551 0.036017 0.164551 0.034958 0.165527 0.033898 0.165039 0.031780 0.164062 0.030191 0.164551 0.028072 0.166504 0.031250 0.166748 0.034428 0.167480 0.031780 0.168457 0.033369 0.168213 0.031780 0.169678 0.030720 0.169189 0.028602 0.169678 0.025424 0.168945 0.024894 0.168945 0.022246 0.168945 0.024364 0.168701 0.024894 0.168457 0.023835 0.168213 0.024894 0.167480 0.024894 0.166992 0.027013 0.166260 0.026483 0.166748 0.024364 0.165283 0.024894 0.164551 0.023305 0.163574 0.025953 0.163086 0.024894 0.162842 0.025424 0.162354 0.023835 0.162842 0.022246 0.163574 0.021716 0.163330 0.021186 0.162109 0.021186 0.161621 0.023835 0.160645 0.021186 0.160645 0.019597 0.159424 0.020127 0.158691 0.019068 0.158447 0.019597 0.156494 0.018538 0.154541 0.021716 0.153564 0.022246 0.152832 0.026483 0.153320 0.029661
1 0.537598 0.018538 0.536865 0.019068 0.536133 0.018008 0.534912 0.019597 0.534912 0.021716 0.534180 0.023305 0.533203 0.023305 0.532715 0.021186 0.530762 0.025424 0.530762 0.027013 0.531494 0.026483 0.531982 0.027542 0.532715 0.027542 0.533447 0.025424 0.535889 0.023305 0.536133 0.021716 0.536865 0.021186
1 0.493896 0.017479 0.493652 0.020127 0.493896 0.022246 0.494873 0.024894 0.494629 0.025424 0.495361 0.024894 0.495605 0.022246 0.494629 0.018538
1 0.527588 0.016419 0.527832 0.018538 0.528809 0.019068 0.528320 0.020657 0.529297 0.021716 0.529541 0.020127 0.529785 0.021716 0.529785 0.016949
1 0.514404 0.014301 0.513672 0.015360 0.513672 0.019068 0.513184 0.020657 0.513428 0.024364 0.514893 0.024364 0.515381 0.022246 0.514404 0.018008
1 0.481445 0.013242 0.481201 0.016419 0.481445 0.019068 0.481934 0.019597 0.482666 0.018538 0.482422 0.013771
1 0.471924 0.012182 0.470947 0.013771 0.471191 0.020127 0.472168 0.020127 0.472900 0.018538 0.472168 0.015890 0.472412 0.013242
1 0.553223 0.011653 0.551758 0.015360 0.551758 0.016419 0.552002 0.015890 0.552734 0.016949 0.552246 0.017479 0.552490 0.019068 0.552979 0.019068 0.553223 0.015890 0.555176 0.015890 0.554688 0.013771
1 0.508789 0.009004 0.507812 0.008475 0.507568 0.009534 0.506348 0.009534 0.506348 0.013242 0.505615 0.014301 0.505127 0.013771 0.505371 0.013242 0.504883 0.013771 0.504883 0.016419 0.506836 0.016419 0.507568 0.012712 0.508789 0.010593
1 0.489258 0.008475 0.488770 0.008475 0.488525 0.009534 0.488281 0.009004 0.488281 0.010064 0.486816 0.012712 0.486084 0.015890 0.486572 0.017479 0.486816 0.015360 0.489258 0.010064
1 0.468018 0.006356 0.467529 0.006886 0.467041 0.011123 0.466309 0.013771 0.467529 0.015360 0.468994 0.015890 0.468994 0.013771 0.469727 0.011653 0.469238 0.009534 0.469238 0.006886
1 0.449951 0.013771 0.450439 0.015360 0.451416 0.014831 0.451416 0.013242 0.452148 0.012182 0.452881 0.013771 0.455566 0.012182 0.459229 0.012182 0.458740 0.008475 0.456055 0.004767 0.454102 0.004237 0.452881 0.001059 0.452148 0.002119 0.452148 0.004237 0.453125 0.007945 0.452148 0.009534 0.452148 0.010593 0.451660 0.010064 0.451660 0.011123 0.450195 0.012182
1 0.552734 0.000000 0.553467 0.002648 0.555176 0.004767 0.555908 0.004767 0.556152 0.001589 0.555908 0.002119 0.555420 0.000000
1 0.549316 0.002648 0.548096 0.003178 0.547119 0.000000 0.546387 0.000000 0.546387 0.002119 0.544922 0.004237 0.544678 0.001059 0.542236 0.002119 0.541992 0.000000 0.541504 0.000000 0.541992 0.001589 0.541992 0.006356 0.541504 0.009004 0.542480 0.010593 0.542969 0.007415 0.542725 0.005297 0.544189 0.003708 0.544678 0.005826 0.543945 0.007945 0.544434 0.011123 0.543457 0.012182 0.542969 0.011653 0.542969 0.013242 0.542480 0.013771 0.541992 0.016419 0.541748 0.014831 0.541016 0.015890 0.540039 0.012712 0.538818 0.012712 0.537842 0.011653 0.537354 0.012182 0.537109 0.014831 0.536621 0.015890 0.536865 0.016419 0.537842 0.015890 0.538574 0.018008 0.539062 0.015360 0.539795 0.015360 0.540283 0.014301 0.540283 0.015890 0.540771 0.015890 0.541504 0.017479 0.540527 0.018538 0.540527 0.021186 0.539551 0.022246 0.539062 0.028072 0.540283 0.028602 0.540771 0.027542 0.541016 0.024364 0.540527 0.023305 0.540527 0.021716 0.542480 0.018008 0.542236 0.017479 0.542725 0.016419 0.543945 0.016419 0.544922 0.019068 0.545898 0.019068 0.547119 0.016419 0.549072 0.016949 0.549805 0.011653 0.549805 0.008475 0.549072 0.007415
1 0.539062 0.000000 0.537354 0.000000 0.537598 0.003708 0.536377 0.004767 0.536377 0.005826 0.538574 0.005826 0.538574 0.001059
1 0.528076 0.000000 0.527344 0.001589 0.527344 0.003708 0.526855 0.004767 0.526855 0.009534 0.528564 0.007415 0.530029 0.007415 0.530762 0.010064 0.529297 0.012712 0.530273 0.013771 0.532471 0.011123 0.532959 0.009534 0.532471 0.003708 0.531982 0.002648 0.530273 0.001589 0.529785 0.000000
1 0.478027 0.000000 0.477783 0.003708 0.478516 0.003178 0.479492 0.005297 0.479492 0.006356 0.480469 0.001059 0.479980 0.000000
1 0.226074 0.000000 0.227051 0.003708 0.228271 0.005826 0.229980 0.002119 0.231934 0.000530 0.233154 0.000530
1 0.191895 0.000000 0.194336 0.004767 0.194580 0.007945 0.196533 0.014301 0.196533 0.016419 0.197266 0.018538 0.197266 0.020127 0.198242 0.020657 0.198975 0.019597 0.200195 0.021186 0.201172 0.019597 0.200684 0.015890 0.200928 0.015360 0.204346 0.019068 0.205078 0.018538 0.203369 0.015360 0.202148 0.011123 0.202148 0.010064 0.202881 0.009004 0.203369 0.010064 0.203369 0.009004 0.202637 0.008475 0.202148 0.006356 0.202637 0.004767 0.204102 0.004767 0.205078 0.003708 0.205811 0.004767 0.205322 0.003708 0.205566 0.003178 0.204834 0.000000
1 0.155273 0.000000 0.156006 0.001059 0.157959 0.000530 0.159180 0.002648 0.159668 0.002119 0.160400 0.003708 0.159912 0.006356 0.158936 0.006886 0.157471 0.009534 0.157471 0.012182 0.159180 0.015890 0.159912 0.015890 0.160156 0.018008 0.160645 0.018008 0.160156 0.017479 0.162354 0.014301 0.163086 0.014301 0.163574 0.015890 0.165283 0.015360 0.165527 0.013771 0.164551 0.012182 0.165283 0.010064 0.164795 0.007945 0.165039 0.007415 0.164062 0.005297 0.162842 0.000000
2 0.739990 0.619703 0.740723 0.624470 0.740723 0.630297 0.741211 0.632415 0.743896 0.637182 0.744629 0.640360 0.745605 0.640360 0.746826 0.638771 0.755127 0.638771 0.757080 0.637182 0.754150 0.635064 0.752441 0.629237 0.748779 0.626589 0.746826 0.623411 0.746094 0.620763 0.744873 0.618644 0.742188 0.618644
2 0.754395 0.595339 0.753418 0.594280 0.751465 0.589513 0.748535 0.592691 0.741699 0.592691 0.737793 0.594280 0.735596 0.595869 0.733643 0.602225 0.733643 0.605932 0.734375 0.606992 0.736816 0.605932 0.737549 0.604873 0.741211 0.604873 0.743896 0.603284 0.745361 0.603284 0.746582 0.602225 0.746338 0.598517 0.747559 0.596928 0.750000 0.597458 0.751221 0.599047 0.752930 0.599047 0.754150 0.597987
2 0.836182 0.567267 0.834229 0.566208 0.832764 0.566737 0.832275 0.567797 0.835205 0.568856
2 0.742188 0.567267 0.741211 0.566208 0.737549 0.567797 0.741211 0.568326
2 0.771240 0.539725 0.771973 0.543432 0.771240 0.546610 0.772217 0.549788 0.771729 0.554025 0.773193 0.557203 0.771729 0.559852 0.771973 0.571504 0.770996 0.574153 0.771729 0.578390 0.769287 0.588453 0.771973 0.591102 0.781982 0.591631 0.786621 0.594809 0.789062 0.599047 0.796143 0.594809 0.803955 0.597987 0.805420 0.602225 0.803223 0.612288 0.803223 0.623941 0.807129 0.632415 0.810547 0.627648 0.811035 0.620763 0.810303 0.615996 0.813232 0.605932 0.818604 0.606462 0.821533 0.609110 0.827881 0.600636 0.835449 0.602225 0.834473 0.597987 0.838135 0.592691 0.839111 0.588983 0.838867 0.582097 0.835205 0.577860 0.833496 0.581038 0.833496 0.586335 0.831543 0.593220 0.820068 0.585275 0.823975 0.581038 0.821777 0.574682 0.820801 0.578390 0.817627 0.580508 0.812988 0.576801 0.803467 0.577860 0.796631 0.575212 0.790039 0.569386 0.786377 0.568326 0.782959 0.571504 0.775635 0.546610 0.773193 0.543962 0.773193 0.537606 0.772461 0.536017
2 0.917236 0.512182 0.919189 0.515360 0.925049 0.515890 0.925781 0.518538 0.925781 0.524364 0.926270 0.529661 0.928711 0.536017 0.930664 0.537076 0.932129 0.539725 0.933594 0.536017 0.933350 0.532309 0.934326 0.530191 0.935059 0.523835 0.934570 0.515360 0.935547 0.513242 0.939209 0.513242 0.939697 0.512182 0.939209 0.511123 0.936279 0.509534 0.935547 0.507945 0.935791 0.505297 0.935303 0.503708 0.931396 0.503178 0.929199 0.500530 0.928467 0.500530 0.927734 0.502119 0.927246 0.507945 0.926270 0.509534 0.922607 0.510064
2 0.820801 0.500530 0.820801 0.507945 0.821777 0.508475 0.823242 0.505297
2 0.885498 0.459746 0.886230 0.461335 0.887451 0.461335 0.888428 0.459216 0.887695 0.457627 0.886719 0.457097
2 0.909424 0.442797 0.911377 0.445445 0.913574 0.442267 0.911133 0.439619
2 0.726074 0.435381 0.726562 0.436970 0.727295 0.437500 0.729736 0.436970 0.730469 0.435911 0.729736 0.434322 0.727783 0.433792
2 0.920654 0.417373 0.920654 0.418432 0.921631 0.420021 0.924805 0.419492 0.924805 0.417373 0.923584 0.415254 0.921875 0.414725
2 0.754395 0.376589 0.755127 0.379767 0.756836 0.379237 0.756104 0.376059 0.754883 0.375530
2 0.763672 0.348517 0.765381 0.350636 0.766602 0.350106 0.767578 0.348517 0.766113 0.346928 0.765137 0.346928
2 0.782715 0.342691 0.781982 0.345869 0.782471 0.347458 0.783447 0.347458 0.784180 0.345869 0.784180 0.344809
2 0.763672 0.326271 0.763672 0.327331 0.764404 0.328390 0.766357 0.328390 0.767090 0.327331 0.766602 0.324153 0.764648 0.324153
2 0.580322 0.004237 0.594971 0.030191 0.612793 0.032309 0.626709 0.053496 0.632568 0.085275 0.659180 0.105932 0.649902 0.126589 0.657959 0.147246 0.653564 0.171081 0.661865 0.177966 0.650391 0.188559 0.657715 0.209216 0.649902 0.227225 0.654541 0.248941 0.724365 0.270657 0.748047 0.241525 0.766357 0.252119 0.765137 0.314619 0.792969 0.314089 0.785889 0.329979 0.793945 0.361758 0.768799 0.386653 0.771973 0.412076 0.758545 0.411017 0.748291 0.430085 0.727051 0.397246 0.719238 0.409958 0.729980 0.423729 0.731201 0.443856 0.715332 0.442267 0.769287 0.459746 0.768066 0.473517 0.778809 0.484110 0.775879 0.523835 0.789795 0.474576 0.807373 0.472458 0.834717 0.497352 0.824219 0.511653 0.831543 0.513242 0.828125 0.525953 0.873291 0.479873 0.891602 0.491525 0.890625 0.469280 0.877441 0.449153 0.925049 0.393538 0.926758 0.418432 0.946045 0.417903 0.958740 0.438559 0.963135 0.413136 0.978760 0.407309 0.980957 0.384004 0.999756 0.386123 0.999756 0.325212 0.992432 0.289725 0.999756 0.277542 0.995117 0.220869 0.999756 0.045021 0.990723 0.029131 0.997559 0.023835 0.995117 0.003708 0.757080 0.000000 0.737793 0.015890 0.708496 0.000000
2 0.868164 0.477225 0.869141 0.480403 0.869873 0.480932 0.871582 0.478284 0.874756 0.477225 0.881592 0.477754 0.883545 0.480403 0.886719 0.478284 0.887207 0.476695 0.886230 0.475636 0.884277 0.470339 0.878662 0.467161 0.875244 0.462924 0.874268 0.460805 0.873779 0.456568 0.873047 0.455508 0.872559 0.456568 0.872314 0.463453 0.870605 0.467691 0.869629 0.473517
2 0.799561 0.456038 0.798584 0.448093 0.799316 0.446504 0.800781 0.445975 0.800293 0.443856 0.799072 0.444386 0.798096 0.446504 0.796875 0.447034 0.795166 0.446504 0.793701 0.444915 0.791992 0.445975 0.792969 0.452331 0.794922 0.456568 0.796143 0.457627 0.797852 0.457627
2 0.842285 0.452860 0.840576 0.451801 0.838379 0.446504 0.834961 0.443326 0.830811 0.446504 0.828857 0.442267 0.825439 0.440148 0.824707 0.438559 0.825195 0.431674 0.826172 0.429555 0.828613 0.428496 0.828125 0.426907 0.824707 0.427436 0.822754 0.432733 0.814209 0.435381 0.814941 0.438030 0.819092 0.438559 0.819092 0.439619 0.814209 0.439619 0.810547 0.442797 0.807129 0.438559 0.804932 0.442267 0.808350 0.449682 0.807129 0.453390 0.804688 0.450212 0.802490 0.451271 0.800781 0.455508 0.800781 0.459746 0.802002 0.466631 0.803467 0.469280 0.810547 0.467691 0.813965 0.469280 0.815918 0.478814 0.819824 0.487818 0.824463 0.492055 0.827881 0.492585 0.830078 0.487818 0.830811 0.479873 0.829834 0.473517 0.829590 0.463453 0.826904 0.460275 0.826172 0.456568 0.828369 0.455508 0.835693 0.458686 0.840576 0.456568
2 0.789062 0.425318 0.787842 0.422140 0.785645 0.421610 0.782227 0.424788 0.781006 0.429555 0.779297 0.433263 0.777588 0.434852 0.776123 0.439619 0.764160 0.443326 0.760986 0.443326 0.758301 0.441737 0.751953 0.445975 0.750732 0.448093 0.750488 0.449682 0.751465 0.451271 0.753662 0.450212 0.756836 0.450212 0.763428 0.452331 0.772461 0.452331 0.777100 0.459216 0.777100 0.463983 0.777832 0.467161 0.777832 0.470869 0.779053 0.475106 0.779785 0.475636 0.781006 0.474047 0.781250 0.470339 0.782227 0.467161 0.781494 0.456568 0.780518 0.452860 0.781006 0.450742 0.781006 0.445975 0.785889 0.435911 0.786377 0.432203 0.788574 0.429025
2 0.734131 0.418962 0.732910 0.421610 0.732666 0.427436 0.733154 0.431674 0.732666 0.435381 0.732910 0.449153 0.735840 0.452331 0.740479 0.454449 0.746338 0.452331 0.746826 0.450742 0.746826 0.447034 0.746094 0.442797 0.746094 0.436970 0.745361 0.432203 0.745117 0.427966 0.743164 0.424788 0.742920 0.421610 0.740967 0.417903 0.738281 0.417903 0.737793 0.416843 0.737305 0.418432
2 0.832764 0.415254 0.833984 0.418432 0.836426 0.420021 0.838135 0.422669 0.842041 0.423729 0.845703 0.422669 0.847656 0.418962 0.853760 0.416843 0.854492 0.414725 0.853027 0.413136 0.843018 0.413136 0.838135 0.411547 0.834961 0.412076 0.833740 0.413136
2 0.729492 0.408369 0.729492 0.409958 0.730225 0.412076 0.733398 0.411547 0.731445 0.407309 0.730713 0.406780
2 0.902344 0.366525 0.903320 0.369703 0.908447 0.369174 0.910645 0.370233 0.912842 0.369703 0.917725 0.366525 0.916992 0.365466 0.912354 0.364407 0.906250 0.364936 0.904785 0.363877
2 0.580566 0.004767 0.614258 0.032309 0.635254 0.084746 0.659912 0.105932 0.654541 0.136653 0.657715 0.166843 0.670410 0.179025 0.657715 0.191737 0.666504 0.209746 0.658936 0.213983 0.654785 0.244703 0.703369 0.242055 0.723633 0.268008 0.747803 0.237288 0.773438 0.250530 0.765869 0.268008 0.767578 0.309852 0.797363 0.302436 0.804443 0.320975 0.789795 0.414725 0.810547 0.357521 0.820557 0.376059 0.813965 0.405720 0.822998 0.408369 0.826660 0.381356 0.845215 0.382415 0.872803 0.448093 0.905518 0.407309 0.899658 0.394068 0.909668 0.383475 0.893555 0.369703 0.900879 0.355932 0.922119 0.362288 0.913574 0.394068 0.939209 0.372881 0.944092 0.383475 0.934814 0.386653 0.934082 0.417373 0.953125 0.401483 0.956543 0.433263 0.957520 0.416314 0.975098 0.406780 0.980957 0.379767 0.999756 0.384534 0.999756 0.327331 0.989258 0.289725 0.995605 0.275424 0.992188 0.220339 0.999756 0.210805 0.999756 0.129237 0.994385 0.120233 0.999756 0.045021 0.989014 0.029131 0.993408 0.011123 0.974609 0.000000 0.748047 0.005297 0.734131 0.027542 0.726807 0.006886 0.713379 0.015890 0.719238 0.007415 0.674805 0.000000 0.671875 0.010593 0.669678 0.000000
2 0.987061 0.904661 0.987793 0.905720 0.988770 0.904661 0.991699 0.904131 0.987793 0.903072
2 0.868164 0.685381 0.867676 0.684322 0.866455 0.683792 0.865967 0.684852 0.865967 0.686441 0.866455 0.688030 0.867676 0.686970
2 0.868896 0.663136 0.866211 0.676907 0.871338 0.685381 0.869141 0.695975 0.872070 0.707097 0.867432 0.718220 0.866943 0.736758 0.885254 0.750000 0.898438 0.789725 0.888184 0.805614 0.892578 0.825212 0.915771 0.836864 0.931396 0.880826 0.923584 0.890360 0.921387 0.907839 0.925049 0.923199 0.931396 0.932203 0.955078 0.938030 0.970459 0.981992 0.977539 0.984110 0.973877 0.994703 0.991699 0.994703 0.975586 0.990996 0.984131 0.980403 0.975342 0.966631 0.978027 0.959746 0.976074 0.956568 0.987549 0.942267 0.979004 0.942267 0.981689 0.921081 0.970459 0.914195 0.966553 0.918962 0.969482 0.894068 0.959961 0.890890 0.956299 0.896186 0.954102 0.879767 0.956543 0.875530 0.964844 0.883475 0.974609 0.880826 0.977051 0.876059 0.963135 0.859110 0.980469 0.851165 0.995605 0.824153 0.976074 0.824682 0.989014 0.818326 0.987549 0.802966 0.945068 0.699682 0.974854 0.664725 0.961670 0.660487 0.953125 0.644597 0.936035 0.631886 0.904297 0.647775 0.876709 0.672669
2 0.999756 0.818856 0.994385 0.816208 0.988525 0.821504 0.983398 0.821504 0.974121 0.816737 0.967773 0.818326 0.962158 0.828919 0.952881 0.841631 0.951416 0.855932 0.948730 0.866525 0.948975 0.875000 0.951416 0.887182 0.950684 0.903602 0.955566 0.914725 0.957031 0.927966 0.960205 0.934852 0.958252 0.945445 0.958740 0.953390 0.963867 0.966102 0.967285 0.970339 0.969971 0.990996 0.975830 0.999470 0.979492 0.999470 0.980225 0.997352 0.981934 0.999470 0.986328 0.999470 0.987061 0.997352 0.994873 0.996292 0.999756 0.992055
