0 0.131886 0.406494 0.131356 0.410156 0.132415 0.410645 0.134534 0.410645 0.136123 0.409912 0.136123 0.408691 0.132945 0.406738 0.132415 0.407227
0 0.085805 0.400879 0.084216 0.400879 0.082627 0.402344 0.082627 0.403076 0.083157 0.402832 0.084746 0.403564 0.088983 0.402344 0.088453 0.401611
0 0.118114 0.400391 0.115996 0.400879 0.115466 0.400391 0.114936 0.400635 0.114936 0.401367 0.114936 0.400879 0.115996 0.400879 0.114936 0.403320 0.112818 0.402344 0.112288 0.403076 0.110169 0.403564 0.117585 0.403564 0.119174 0.402588 0.117585 0.400879
0 0.137712 0.400391 0.139301 0.401367 0.142479 0.401855 0.143008 0.402588 0.143008 0.402100 0.146186 0.402344 0.148305 0.401855 0.146716 0.401611 0.145657 0.400146 0.143538 0.399414 0.140360 0.399658
0 0.119703 0.398438 0.121822 0.399414 0.120763 0.399658 0.119703 0.399170 0.121822 0.399902 0.123411 0.399658 0.126589 0.400635 0.131356 0.400635 0.132415 0.401123 0.133475 0.403809 0.130297 0.404785 0.130826 0.405273 0.137182 0.405273 0.137712 0.402832 0.134534 0.400879 0.131886 0.400879 0.129767 0.399414 0.126589 0.398193 0.121822 0.397949
0 0.101165 0.397461 0.105403 0.399414 0.104873 0.399658 0.106992 0.399658 0.110169 0.400879 0.110699 0.401855 0.110699 0.399414 0.105932 0.397705
0 0.080508 0.396729 0.079979 0.397705 0.082097 0.399902 0.083157 0.399902 0.086335 0.398193 0.087394 0.398438 0.086864 0.398682 0.087924 0.398438 0.090572 0.399902 0.088983 0.398926 0.090042 0.398682 0.091631 0.399414 0.091102 0.398193 0.087394 0.396484 0.083686 0.395996 0.086864 0.397461 0.085805 0.398438 0.082627 0.396729
0 0.122352 0.392090 0.123411 0.393066 0.122881 0.393555 0.127119 0.395020 0.126589 0.395508 0.127119 0.395264 0.130826 0.397461 0.131356 0.394775 0.129767 0.394043 0.130297 0.393555 0.130826 0.393799 0.129767 0.393799 0.126589 0.392578
0 0.104873 0.390869 0.104873 0.393799 0.106462 0.394531 0.108581 0.393311 0.108581 0.392090
0 0.417903 0.295654 0.416843 0.299316 0.420551 0.299561 0.424788 0.299072 0.425318 0.298584 0.423729 0.297852 0.424258 0.297119 0.422669 0.297363 0.418432 0.296387
0 0.460275 0.282227 0.458157 0.282227 0.457627 0.281738 0.452331 0.281982 0.453390 0.282227 0.452331 0.283203 0.452331 0.285400 0.453390 0.286377 0.454979 0.286377 0.455508 0.286133 0.454979 0.286377 0.454449 0.285889 0.456038 0.285400 0.456568 0.285889 0.457097 0.285645 0.457097 0.284912 0.458157 0.284912 0.458686 0.283203
0 0.302436 0.253418 0.300847 0.253418 0.300318 0.253906 0.297140 0.253418 0.296081 0.253662 0.296081 0.254883 0.293962 0.254395 0.296081 0.256104 0.296610 0.257812 0.295551 0.258545 0.291314 0.257812 0.290254 0.258789 0.292373 0.259521 0.295021 0.259521 0.295551 0.260010 0.294492 0.260498 0.291843 0.260498 0.289195 0.259277 0.287076 0.260498 0.287606 0.260986 0.289725 0.260010 0.291314 0.260498 0.291314 0.261230 0.293962 0.261230 0.295021 0.261719 0.294492 0.262451 0.295551 0.261963 0.296610 0.260498 0.300318 0.258545 0.300318 0.256836 0.301377 0.256592 0.300318 0.255615 0.301377 0.255127 0.301907 0.255371 0.302436 0.254395 0.300847 0.253662 0.302966 0.253662
0 0.223517 0.251221 0.221398 0.252930 0.219809 0.253418 0.222987 0.253906 0.224576 0.252930 0.224576 0.251953
0 0.285487 0.249756 0.284958 0.250488 0.286017 0.250977 0.284958 0.251465 0.282839 0.251465 0.282839 0.253662 0.279661 0.253906 0.279661 0.254883 0.281780 0.256348 0.280191 0.257080 0.281250 0.257812 0.280720 0.258301 0.281780 0.258301 0.283369 0.259521 0.284428 0.258789 0.286017 0.259033 0.284958 0.259766 0.282839 0.260254 0.281780 0.260010 0.287076 0.262207 0.286017 0.261719 0.285487 0.260498 0.286547 0.259766 0.286017 0.258789 0.288665 0.258057 0.283369 0.257568 0.282839 0.257080 0.286547 0.256836 0.287606 0.257324 0.289195 0.257324 0.289195 0.255859 0.291314 0.254639 0.292903 0.256592 0.291843 0.254639 0.291843 0.252197 0.293432 0.251709 0.291843 0.251221 0.291843 0.251709 0.289195 0.252686 0.288665 0.252197 0.288136 0.252441 0.288136 0.250732
0 0.243114 0.249268 0.245233 0.249756 0.247352 0.249023 0.250000 0.249023 0.250530 0.250000 0.253708 0.250732 0.255297 0.250488 0.253708 0.249268 0.251059 0.249512 0.248941 0.248779 0.249470 0.248535 0.248411 0.248779 0.247352 0.248291 0.246822 0.247070 0.245763 0.247314 0.246822 0.248291 0.245233 0.248535 0.244174 0.248047 0.244703 0.248779
0 0.321504 0.219971 0.320445 0.220459 0.319386 0.222656 0.319386 0.229492 0.320445 0.230957 0.331038 0.231934 0.341102 0.230713 0.342691 0.228027 0.339513 0.224365 0.337394 0.220459 0.334216 0.219238 0.327331 0.219238 0.323623 0.219971
0 0.218750 0.217529 0.224576 0.220947 0.225636 0.220947 0.225636 0.219971 0.224047 0.218262 0.221398 0.217285
0 0.209216 0.214111 0.208157 0.217529 0.210275 0.217041 0.211335 0.216064 0.211335 0.215332
0 0.258475 0.210449 0.259534 0.210938 0.260064 0.212891 0.263771 0.211670
0 0.277013 0.210449 0.273305 0.210449 0.272246 0.210938 0.271186 0.210449 0.271716 0.209961 0.270657 0.208496 0.269597 0.208496 0.269068 0.209473 0.266949 0.209961 0.265890 0.210693 0.269068 0.211670 0.269597 0.212402 0.266949 0.213623 0.264301 0.213867 0.262712 0.214600 0.264831 0.214355 0.266419 0.215088 0.269068 0.214844 0.271186 0.214111 0.271716 0.213135 0.270127 0.212402 0.270127 0.210938 0.271716 0.210693 0.272246 0.211182 0.273305 0.211182 0.274364 0.212402 0.273835 0.211914 0.274894 0.210938 0.275953 0.210693 0.277013 0.211182
0 0.289195 0.207275 0.288136 0.207275 0.290254 0.208252 0.288665 0.208496 0.287606 0.209473 0.286547 0.209229 0.288136 0.209717 0.288136 0.210693 0.286547 0.210938 0.288136 0.211182 0.288136 0.211914 0.287076 0.212402 0.284428 0.212158 0.284428 0.213379 0.278602 0.213379 0.282309 0.214844 0.281250 0.215820 0.279661 0.215576 0.279131 0.216553 0.280191 0.217773 0.278072 0.218750 0.281250 0.219971 0.279131 0.221436 0.278602 0.222656 0.271716 0.224609 0.270657 0.224365 0.270127 0.222900 0.268538 0.222900 0.269068 0.223389 0.268008 0.223877 0.269597 0.224609 0.268008 0.225342 0.265890 0.225586 0.264831 0.226318 0.266949 0.225586 0.270127 0.225342 0.271186 0.224609 0.271716 0.224854 0.278602 0.222656 0.279661 0.222900 0.280191 0.224121 0.280191 0.223633 0.281250 0.223389 0.279661 0.221924 0.280191 0.220703 0.283898 0.220703 0.286017 0.219727 0.285487 0.218750 0.284428 0.218262 0.283369 0.218506 0.282839 0.218018 0.284958 0.216797 0.287076 0.217529 0.287076 0.218018 0.286017 0.218262 0.287076 0.218506 0.288665 0.218018 0.287076 0.216553 0.287606 0.216064 0.288665 0.216064 0.290254 0.217041 0.290254 0.215576 0.288665 0.215820 0.287606 0.215332 0.290254 0.213135 0.292903 0.212891 0.290784 0.212402 0.293432 0.211182 0.291843 0.210693 0.292903 0.210449 0.292903 0.209961 0.294492 0.209961
0 0.260064 0.208252 0.261123 0.208984 0.264831 0.209473 0.264831 0.208252 0.263242 0.207275 0.261653 0.208252
0 0.273835 0.200684 0.273835 0.202148 0.272775 0.202148 0.271186 0.203369 0.272246 0.203613 0.271186 0.205078 0.271716 0.205811 0.275424 0.208008 0.280720 0.206787 0.282309 0.208252 0.280191 0.208740 0.280191 0.209473 0.281250 0.209717 0.280720 0.208740 0.282309 0.208252 0.283898 0.208740 0.282839 0.209229 0.284428 0.209229 0.286547 0.207275 0.285487 0.206787 0.285487 0.206055 0.284958 0.206543 0.284428 0.206299 0.284428 0.205078 0.285487 0.204590 0.282839 0.203369 0.282839 0.202393 0.279661 0.201416
0 0.235169 0.198242 0.234640 0.200195 0.235169 0.200928 0.237818 0.200684 0.237818 0.199707 0.236758 0.198730
0 0.309852 0.153809 0.309852 0.155518 0.308792 0.155762 0.307733 0.157471 0.308792 0.159912 0.307203 0.160645 0.309322 0.159668 0.308792 0.159424 0.311441 0.158691 0.310381 0.158447 0.309322 0.156982 0.310381 0.156738 0.312500 0.158203 0.311970 0.157471 0.314089 0.156738 0.314089 0.155762 0.312500 0.155273 0.312500 0.155762 0.313559 0.156006 0.313030 0.156982 0.311970 0.156982 0.311441 0.155273
0 0.360169 0.142090 0.356462 0.143799 0.355932 0.145020 0.355932 0.153320 0.365996 0.156006 0.369703 0.157715 0.376589 0.158447 0.378178 0.157227 0.379237 0.154297 0.377119 0.152588 0.375000 0.147705 0.371822 0.144287 0.369174 0.143066 0.363877 0.142090
0 0.280720 0.124023 0.283369 0.125732 0.283369 0.124756 0.286547 0.125977 0.288665 0.125488 0.285487 0.123535 0.282309 0.123535
0 0.303496 0.119873 0.301907 0.120361 0.301907 0.121094 0.305085 0.122314 0.306674 0.124512 0.304025 0.125000 0.301907 0.123291 0.298729 0.122803 0.297669 0.123047 0.297669 0.124023 0.301377 0.126709 0.297140 0.126709 0.293962 0.125244 0.296610 0.123291 0.296081 0.121094 0.293432 0.121094 0.292373 0.122070 0.293962 0.123535 0.292903 0.125977 0.289725 0.127686 0.289195 0.128906 0.285487 0.128906 0.285487 0.129395 0.289195 0.131592 0.289195 0.132324 0.287076 0.133057 0.287076 0.134033 0.290254 0.135010 0.290254 0.135986 0.288665 0.136230 0.288136 0.137207 0.289725 0.136475 0.291314 0.136963 0.288665 0.139404 0.292903 0.140625 0.294492 0.141846 0.296081 0.141602 0.296610 0.140625 0.298729 0.141357 0.300318 0.140869 0.302436 0.141846 0.302436 0.140625 0.301377 0.140381 0.302436 0.136963 0.301377 0.136475 0.303496 0.135742 0.305085 0.136230 0.307733 0.134521 0.309322 0.134766 0.306674 0.137207 0.309852 0.138672 0.310381 0.140381 0.308263 0.140625 0.307203 0.143555 0.310381 0.142578 0.310381 0.140869 0.313030 0.140137 0.311441 0.138184 0.311970 0.136963 0.314089 0.136719 0.313030 0.137451 0.315148 0.138672 0.315148 0.140381 0.316208 0.139893 0.316208 0.138184 0.313559 0.136475 0.315148 0.133789 0.314089 0.133301 0.311970 0.133789 0.307733 0.133057 0.309852 0.132568 0.308263 0.131592 0.313030 0.130371 0.313030 0.129639 0.310911 0.129150 0.313030 0.128662 0.313030 0.127197 0.310381 0.127930 0.310381 0.126953 0.309322 0.127441 0.310381 0.128418 0.307733 0.128418 0.307733 0.125000 0.309322 0.124512 0.308792 0.122559
0 0.253708 0.118652 0.253178 0.120605 0.255297 0.122314 0.254237 0.122803 0.253708 0.122559 0.255297 0.122559 0.257945 0.124268 0.259004 0.123291 0.259004 0.120850 0.255826 0.119141
0 0.328390 0.102295 0.326801 0.102539 0.325742 0.104736 0.329979 0.103271
0 0.325212 0.101074 0.322564 0.100098 0.320445 0.101562 0.319386 0.101318 0.318326 0.102539 0.319386 0.102783 0.318326 0.103027 0.322034 0.103027 0.323093 0.102539 0.324153 0.103027 0.323623 0.103271 0.324153 0.101562
0 0.338983 0.080078 0.337924 0.080078 0.336864 0.080811 0.336864 0.083984 0.336335 0.084229 0.335805 0.083740 0.335805 0.084717 0.338453 0.083740 0.338453 0.083252 0.340572 0.082275
0 0.333157 0.073486 0.334216 0.073975 0.333157 0.077637 0.334746 0.078857 0.336335 0.078857 0.337394 0.077881 0.336335 0.075195 0.335275 0.073975
0 0.247881 0.037354 0.245763 0.039307 0.244703 0.039307 0.245233 0.041016 0.246292 0.041992 0.250000 0.041992 0.253708 0.041016 0.254767 0.039551 0.252648 0.037598
0 0.233581 0.035645 0.235699 0.035645 0.236758 0.036377 0.236229 0.037598 0.237288 0.037842 0.236758 0.038574 0.237818 0.039062 0.237818 0.040527 0.238877 0.041016 0.242585 0.039551 0.241525 0.039062 0.241525 0.037109 0.243114 0.036865 0.238347 0.035645
0 0.054555 0.019043 0.051907 0.019287 0.052436 0.021729 0.052966 0.021240 0.054025 0.021729 0.053496 0.022461 0.056674 0.020996 0.055614 0.019775 0.054025 0.019287
0 0.217691 0.009033 0.219809 0.010498 0.216631 0.011963 0.216631 0.013184 0.218750 0.013672 0.221398 0.013672 0.222458 0.012939 0.222987 0.013428 0.224576 0.011963 0.224047 0.010254 0.220339 0.009033
0 0.052436 0.007812 0.052436 0.010742 0.053496 0.011475 0.052436 0.011719 0.052966 0.013184 0.051907 0.013428 0.052436 0.013916 0.051377 0.013916 0.051377 0.015137 0.052436 0.015381 0.051377 0.015869 0.056144 0.015869 0.057203 0.016357 0.058263 0.015869 0.059852 0.016113 0.060911 0.015869 0.061441 0.014893 0.060911 0.011963 0.058792 0.011230 0.058263 0.009521 0.057733 0.009766
0 0.190678 0.002930 0.189619 0.003418 0.190678 0.006348 0.190148 0.006592 0.192267 0.007324 0.192267 0.009033 0.193326 0.009766 0.192797 0.010986 0.191208 0.012207 0.189089 0.012695 0.185911 0.011475 0.184852 0.010498 0.184322 0.011475 0.182203 0.011719 0.182203 0.012451 0.184322 0.013184 0.186970 0.015625 0.190678 0.017334 0.192267 0.018799 0.194386 0.018799 0.194915 0.017578 0.196504 0.017334 0.194915 0.016113 0.195445 0.014648 0.196504 0.014648 0.198093 0.013428 0.198623 0.015869 0.199153 0.013184 0.203390 0.015137 0.203390 0.016113 0.207097 0.015869 0.208686 0.016602 0.208686 0.018066 0.208157 0.018311 0.207627 0.017822 0.210805 0.022461 0.212924 0.020264 0.212924 0.018799 0.213983 0.018311 0.216631 0.019531 0.217161 0.020752 0.218750 0.020996 0.220339 0.019775 0.220869 0.017578 0.218750 0.016602 0.212394 0.017578 0.211335 0.017090 0.211335 0.015869 0.209216 0.015869 0.208686 0.012695 0.203390 0.011963 0.200742 0.012207 0.198093 0.011230 0.198093 0.010010 0.199153 0.010010 0.197564 0.009277 0.198623 0.008789 0.197034 0.008057 0.197564 0.007568 0.196504 0.007080 0.196504 0.005371 0.195445 0.005615 0.194915 0.004883 0.191737 0.003906 0.193856 0.003418 0.193326 0.002930
0 0.204979 0.000000 0.206038 0.001953 0.204979 0.001953 0.203919 0.002930 0.206038 0.002441 0.207097 0.002686 0.208157 0.004883 0.210275 0.006104 0.209746 0.006836 0.210805 0.006104 0.211335 0.006348 0.210805 0.008057 0.210275 0.008301 0.209216 0.007324 0.209746 0.008789 0.210275 0.008301 0.210805 0.008545 0.210805 0.009521 0.211864 0.009766 0.212394 0.010986 0.213453 0.010498 0.213983 0.010742 0.215572 0.009766 0.215572 0.006592 0.213453 0.004883 0.211335 0.000000
0 0.182733 0.000000 0.186441 0.001709 0.188030 0.000977 0.188030 0.000488 0.189089 0.000488 0.189089 0.000000
0 0.000000 0.000000 0.000000 0.354736 0.165784 0.403320 0.067797 0.415283 0.171081 0.443848 0.237288 0.504150 0.312500 0.470703 0.393538 0.501221 0.000000 0.648926 0.000000 0.723877 0.462394 0.508545 0.509004 0.532959 0.484640 0.578125 0.743114 0.606445 0.706038 0.645020 0.811441 0.824707 0.999470 0.841797 0.999470 0.162842 0.937500 0.188477 0.965572 0.268799 0.852754 0.334717 0.902542 0.346436 0.861758 0.388916 0.766949 0.375977 0.717161 0.310547 0.640360 0.303223 0.585805 0.192383 0.380297 0.324219 0.198623 0.234863 0.239936 0.256592 0.233051 0.226562 0.283898 0.235596 0.194915 0.214111 0.314089 0.148926 0.243114 0.124268 0.343220 0.095703 0.331038 0.074219 0.326271 0.096924 0.304025 0.056641 0.231992 0.066406 0.252119 0.045166 0.192797 0.043945 0.166843 0.001465 0.111758 0.000000 0.112818 0.034180 0.047669 0.022217 0.064619 0.000000
1 0.948093 0.826172 0.945975 0.826172 0.945975 0.827881 0.943856 0.828125 0.943856 0.829102 0.944915 0.829834 0.947034 0.827393 0.948093 0.827393
1 0.833686 0.821533 0.832627 0.824951 0.832097 0.825195 0.831568 0.824707 0.831038 0.825195 0.831568 0.824951 0.834746 0.825928 0.835275 0.824463 0.833686 0.823975
1 0.835805 0.818115 0.834746 0.818848 0.836335 0.821289 0.838983 0.821289 0.840572 0.820557 0.841102 0.819580
1 0.858581 0.812012 0.856992 0.812500 0.856462 0.813477 0.852754 0.813477 0.851695 0.813965 0.851695 0.814697 0.852754 0.815186 0.855403 0.815186 0.856992 0.816406 0.857521 0.815918 0.858051 0.816406 0.858581 0.815918
1 0.972458 0.811035 0.973517 0.811523 0.976165 0.811279 0.978284 0.811768 0.982521 0.811768 0.981992 0.810547 0.974576 0.810547
1 0.819915 0.807129 0.821504 0.808105 0.820975 0.809082 0.822034 0.809326 0.820975 0.810303 0.823093 0.810791 0.824682 0.810303 0.826271 0.811279 0.827331 0.810303 0.826801 0.807617 0.824682 0.807129
1 0.995763 0.805176 0.994703 0.805908 0.995763 0.806152 0.994703 0.807129 0.994174 0.806396 0.993114 0.807129 0.994703 0.807861 0.994174 0.808105 0.999470 0.809326 0.999470 0.806152
1 0.899364 0.803223 0.900424 0.803711 0.899364 0.804199 0.900424 0.804199 0.902542 0.805176 0.904661 0.807373 0.907309 0.808350 0.906780 0.806152 0.904131 0.805420 0.902013 0.803711 0.900424 0.803711
1 0.972458 0.799805 0.972458 0.800537 0.973517 0.801025 0.971928 0.801758 0.970339 0.801758 0.970339 0.802246 0.975106 0.802734 0.976165 0.802246 0.974576 0.800293 0.974047 0.801514
1 0.891949 0.800781 0.893008 0.801270 0.893008 0.802002 0.897246 0.802979 0.898835 0.802002 0.902013 0.802002 0.902542 0.802490 0.903602 0.802002 0.903072 0.801025 0.900953 0.799805 0.896186 0.799561 0.894068 0.799805
1 0.953390 0.798340 0.953390 0.798828 0.955508 0.799805 0.955508 0.800293 0.953919 0.800781 0.953919 0.803467 0.954979 0.804199 0.957627 0.804199 0.959216 0.803223 0.962924 0.802246 0.961864 0.801270 0.959746 0.801270 0.957097 0.802246 0.955508 0.801514 0.958157 0.800293 0.958686 0.800537 0.957097 0.799805 0.954979 0.799561 0.954979 0.798340
1 0.959746 0.792725 0.959746 0.793457 0.961864 0.794678 0.965042 0.794678 0.965042 0.793945 0.964513 0.794189 0.962394 0.793701 0.960805 0.792480
1 0.928496 0.787109 0.926907 0.787842 0.927436 0.789307 0.926377 0.789551 0.927436 0.790527 0.933792 0.793457 0.935381 0.792969 0.933792 0.791504 0.934322 0.789062 0.932203 0.787842
1 0.822034 0.786621 0.817797 0.787109 0.817797 0.787842 0.816737 0.788086 0.816737 0.788818 0.817797 0.789307 0.816737 0.789551 0.816737 0.791260 0.815678 0.791748 0.816737 0.791992 0.816737 0.792725 0.818856 0.792725 0.819915 0.793213 0.818326 0.793701 0.817797 0.793457 0.817267 0.793945 0.815678 0.793945 0.815678 0.794678 0.816737 0.795166 0.820975 0.795166 0.821504 0.794678 0.824153 0.794434 0.824153 0.793213 0.822034 0.792236 0.822564 0.791992 0.821504 0.791260 0.822034 0.789307 0.823093 0.788574
1 0.970339 0.741211 0.968220 0.741699 0.968220 0.742432 0.965042 0.744385 0.965042 0.746582 0.963983 0.746826 0.965042 0.748535 0.969809 0.746094 0.972458 0.745605 0.975106 0.744385 0.977754 0.744141 0.977754 0.743652
1 0.784958 0.721680 0.786547 0.722168 0.788665 0.722168 0.790254 0.720703 0.786017 0.720703 0.785487 0.721436 0.784958 0.720947
1 0.002648 0.720703 0.000000 0.720703 0.000000 0.722412 0.001059 0.722656 0.000000 0.723145 0.000000 0.723877 0.001059 0.723877 0.003708 0.722168 0.003708 0.721191
1 0.028602 0.706055 0.028602 0.706787 0.033369 0.706543 0.033898 0.708008 0.036547 0.707031 0.033898 0.706787 0.034428 0.706299 0.036547 0.706299 0.034428 0.705566 0.031780 0.705566 0.031250 0.706055 0.029661 0.705566
1 0.999470 0.704834 0.999470 0.705322 0.997352 0.705811 0.998941 0.707275 0.997352 0.707764 0.996292 0.707031 0.994703 0.706787 0.993644 0.707275 0.995233 0.708740 0.997881 0.708496 0.997881 0.707764 0.999470 0.707520
1 0.772246 0.701660 0.771186 0.702148 0.771186 0.703369 0.768538 0.703369 0.768008 0.705078 0.765890 0.704346 0.765360 0.703125 0.763771 0.703125 0.762712 0.704346 0.766949 0.705322 0.764301 0.705322 0.766949 0.707031 0.766949 0.708008 0.766949 0.705322 0.772775 0.706055 0.772775 0.707031 0.774894 0.705566 0.774364 0.705811 0.773305 0.704834
1 0.795021 0.697998 0.793432 0.698242 0.793432 0.701904 0.797140 0.702393 0.797140 0.705566 0.800318 0.704346 0.801907 0.703125 0.804025 0.702637 0.804025 0.701172 0.799788 0.698242
1 0.822034 0.696777 0.819915 0.697754 0.819915 0.699707 0.823093 0.700195 0.823093 0.701660 0.824682 0.701904 0.825742 0.701172 0.823093 0.699463 0.823623 0.696777
1 0.869703 0.695312 0.869703 0.698242 0.871292 0.699463 0.875000 0.697754 0.875530 0.698242 0.876059 0.697998 0.875530 0.697021 0.873941 0.696289 0.873411 0.696533 0.871292 0.695312
1 0.827860 0.692383 0.827331 0.693115 0.828390 0.693359 0.828390 0.693848 0.829979 0.693848 0.831568 0.694824 0.833157 0.695068 0.832627 0.695557 0.829979 0.694824 0.829449 0.695068 0.835275 0.697021 0.834746 0.694824 0.836335 0.693848 0.836335 0.693115 0.833686 0.693115 0.831038 0.691650 0.829979 0.693359
1 0.065148 0.689453 0.062500 0.689453 0.061441 0.689941 0.061441 0.690918 0.059852 0.691650 0.060381 0.692139 0.061970 0.692139 0.061970 0.691650 0.065148 0.690674
1 0.826271 0.687012 0.824153 0.687256 0.823623 0.687988 0.819915 0.688477 0.820445 0.689209 0.819386 0.689453 0.819386 0.690674 0.824682 0.690674 0.824682 0.691650 0.825742 0.691650 0.826801 0.690674 0.825212 0.690918 0.824682 0.690430 0.826801 0.689697 0.827331 0.689941 0.827860 0.687744
1 0.842161 0.684326 0.838453 0.686279 0.839513 0.687256 0.841102 0.686768 0.842161 0.685791
1 0.749470 0.680908 0.747881 0.681396 0.745763 0.683105 0.750000 0.683105 0.748941 0.682861 0.749470 0.682129 0.750000 0.682617 0.750530 0.682129
1 0.811441 0.677734 0.808792 0.677246 0.805085 0.678955 0.805085 0.679688 0.809322 0.679688
1 0.925847 0.670166 0.927966 0.672607 0.931144 0.672119 0.930085 0.671143
1 0.891949 0.669434 0.887182 0.669189 0.886653 0.670898 0.883475 0.671875 0.883475 0.673096 0.885593 0.672852 0.887182 0.672119 0.886123 0.671387 0.886653 0.671143 0.889301 0.671631 0.889831 0.670898 0.891949 0.670410 0.890890 0.670166 0.891419 0.669678 0.891949 0.669922
1 0.888771 0.665527 0.887182 0.666504 0.886123 0.666504 0.885064 0.665771 0.883475 0.666016 0.883475 0.666504 0.886653 0.668457 0.887712 0.668457 0.888242 0.666748 0.889301 0.666260
1 0.793432 0.639160 0.787606 0.639648 0.780191 0.642822 0.779661 0.643555 0.780191 0.646240 0.782839 0.647461 0.782839 0.649658 0.786547 0.651123 0.789725 0.650146 0.790254 0.648682 0.791314 0.648193 0.790784 0.648438 0.790254 0.647705 0.793962 0.645264 0.794492 0.641357 0.793432 0.640625
1 0.969280 0.602051 0.968220 0.602539 0.966631 0.602051 0.965042 0.602051 0.964513 0.602539 0.962394 0.602295 0.962394 0.604248 0.964513 0.604248 0.965572 0.603516 0.967691 0.603516
1 0.809852 0.601562 0.804025 0.601562 0.802966 0.601807 0.801377 0.603271 0.802436 0.603760 0.807203 0.604004
1 0.956038 0.599365 0.954979 0.601562 0.960805 0.602051 0.959216 0.600342 0.957097 0.600098
1 0.814619 0.597900 0.809852 0.597900 0.810381 0.598877 0.809322 0.599365 0.810381 0.600586 0.813030 0.600098 0.813030 0.599121 0.814619 0.598633
1 0.942797 0.588379 0.942267 0.588867 0.941737 0.588623 0.942797 0.589600 0.941208 0.590576 0.944386 0.590820 0.945445 0.590332 0.945445 0.589355
1 0.743644 0.582764 0.742585 0.582764 0.740466 0.583740 0.741525 0.585205 0.740466 0.586182 0.741525 0.587158 0.744703 0.586914 0.745233 0.583252
1 0.972987 0.580566 0.977225 0.581787 0.977754 0.582275 0.976695 0.582520 0.976695 0.583252 0.978814 0.583252 0.978284 0.582275 0.979343 0.581787 0.980403 0.582031 0.979873 0.582764 0.983051 0.582764 0.982521 0.581787 0.979343 0.581055 0.978814 0.579834 0.974047 0.579834
1 0.485699 0.575195 0.485169 0.576172 0.486229 0.576904 0.490996 0.577393 0.490996 0.576416 0.488347 0.575439 0.488877 0.574951
1 0.854873 0.574707 0.854873 0.576172 0.855932 0.576660 0.859110 0.575928 0.859110 0.575439
1 0.828919 0.574707 0.827331 0.575439 0.827860 0.577393 0.826271 0.578369 0.826271 0.579346 0.831568 0.578857 0.832627 0.578125 0.832627 0.576416
1 0.801377 0.575439 0.804025 0.575439 0.806144 0.574463 0.809852 0.573975 0.802966 0.573975 0.801907 0.574219
1 0.683263 0.573730 0.682203 0.573730 0.681144 0.574707 0.678496 0.575684 0.677966 0.576660 0.682733 0.577148
1 0.797140 0.572510 0.796610 0.572266 0.796081 0.573242 0.796610 0.573730 0.792373 0.575439 0.789195 0.574951 0.787076 0.575684 0.787076 0.576416 0.788136 0.576172 0.790254 0.576904 0.792373 0.575439 0.795021 0.576172 0.797669 0.574463 0.796610 0.572754
1 0.859640 0.570557 0.861229 0.574463 0.862288 0.574951 0.865466 0.574951 0.869703 0.577148 0.869703 0.577881 0.871822 0.577637 0.871822 0.576660 0.872352 0.576416 0.872881 0.576904 0.875530 0.575195 0.878178 0.574951 0.879767 0.574219 0.874470 0.573486 0.872881 0.574951 0.872352 0.574463 0.871292 0.574951 0.869703 0.574951 0.868114 0.573975 0.867585 0.574219 0.866525 0.573730 0.866525 0.572998 0.864407 0.572754
1 0.800318 0.570312 0.799788 0.571045 0.798199 0.571533 0.798729 0.572510 0.801907 0.572998 0.804025 0.571045 0.802436 0.570312
1 0.516949 0.570312 0.514831 0.571289 0.514301 0.570801 0.513771 0.571289 0.509004 0.572510 0.510064 0.573242 0.510064 0.574219 0.512182 0.573975 0.513242 0.572998 0.515360 0.572266 0.515890 0.572510 0.516949 0.571533
1 0.954449 0.569824 0.954979 0.570557 0.958157 0.570312 0.961864 0.571045 0.963983 0.570312
1 0.765360 0.570557 0.768538 0.571777 0.771186 0.571777 0.772775 0.571045 0.772246 0.570312 0.769597 0.569336
1 0.692267 0.567871 0.691208 0.567871 0.689619 0.568604 0.688030 0.570801 0.684852 0.572266 0.684852 0.573486 0.688030 0.571777 0.689089 0.570068 0.691737 0.568848
1 0.521716 0.567627 0.525424 0.566650 0.530191 0.566895 0.531780 0.565430 0.533898 0.564697 0.533369 0.564209 0.527013 0.564209 0.525953 0.563477 0.523835 0.563232 0.523835 0.566162 0.523305 0.567139
1 0.825742 0.560303 0.825742 0.558838 0.824153 0.558350 0.823623 0.557617 0.820975 0.559570 0.816737 0.559082 0.815148 0.559326 0.815678 0.559082 0.816208 0.559570 0.821504 0.560303
1 0.606992 0.555908 0.605932 0.556396 0.605403 0.558350 0.604343 0.558838 0.605932 0.559570 0.610169 0.559326 0.613347 0.558105 0.612818 0.557129 0.610169 0.555908
1 0.511653 0.552002 0.508475 0.552002 0.510593 0.553711 0.509004 0.555176 0.506356 0.554932 0.503178 0.555908 0.499470 0.555664 0.497352 0.556885 0.494703 0.556396 0.490466 0.557617 0.488877 0.558594 0.489407 0.559814 0.490466 0.558594 0.493644 0.558105 0.497881 0.559326 0.494174 0.561035 0.496292 0.561035 0.500530 0.563232 0.500530 0.563965 0.502119 0.564453 0.504767 0.564453 0.506356 0.562988 0.505297 0.562500 0.502648 0.562256 0.502119 0.561279 0.503178 0.560059 0.506356 0.559082 0.506356 0.558105 0.511123 0.556152 0.512182 0.554932
1 0.595869 0.554688 0.596398 0.554932 0.600636 0.552979 0.611229 0.552490 0.611758 0.552002 0.610169 0.551758 0.609110 0.552246 0.605932 0.552246 0.604343 0.551758 0.596928 0.552246 0.596928 0.553955
1 0.585275 0.546387 0.593220 0.548340 0.594280 0.548096 0.594280 0.547119 0.596928 0.545898 0.600636 0.545898 0.603284 0.546631 0.606462 0.548584 0.612288 0.547363 0.612288 0.546875 0.610699 0.546875 0.608581 0.545898 0.606992 0.545898 0.602225 0.544434 0.597987 0.545166 0.596928 0.544678 0.595869 0.542480 0.593750 0.543457 0.593220 0.543213 0.594280 0.544189 0.592161 0.545654 0.587394 0.545898
1 0.513242 0.541016 0.512182 0.541016 0.510593 0.541748 0.510064 0.544434 0.506886 0.546875 0.503178 0.548584 0.504237 0.549072 0.505826 0.549072 0.506356 0.548340 0.510064 0.546631 0.516419 0.544678 0.513771 0.542725
1 0.574682 0.539062 0.574153 0.539307 0.575212 0.540039 0.575212 0.541748 0.578390 0.541992 0.578390 0.541504 0.575742 0.540039 0.575742 0.539307
1 0.879237 0.536133 0.878178 0.536621 0.879767 0.537354 0.880297 0.539062 0.881886 0.539307 0.882945 0.538574 0.882945 0.537354
1 0.548729 0.535156 0.554025 0.536865 0.554025 0.538574 0.556674 0.539062 0.559322 0.540771 0.558263 0.540039 0.560911 0.538574 0.559322 0.537598 0.556674 0.537109 0.557203 0.536621 0.560381 0.536865 0.558792 0.536377 0.559322 0.535645 0.557733 0.535400 0.556674 0.534668 0.552436 0.535645
1 0.606992 0.539551 0.604343 0.539062 0.602225 0.538086 0.599576 0.537842 0.599047 0.538330 0.597987 0.537109 0.595869 0.536133 0.593750 0.536133 0.591102 0.537109 0.586864 0.536865 0.586335 0.536133 0.587394 0.535889 0.587924 0.534912 0.590042 0.534912 0.589513 0.534180 0.591102 0.533936 0.588983 0.533691 0.587394 0.535156 0.586864 0.534668 0.584216 0.534668 0.586335 0.535156 0.585275 0.535645 0.583157 0.535400 0.581038 0.536133 0.584746 0.536377 0.584746 0.538086 0.585805 0.538574 0.583686 0.539307 0.582627 0.538818 0.583157 0.538574 0.582627 0.539062 0.583686 0.540039 0.582627 0.540283 0.582097 0.541260 0.579449 0.541748 0.580508 0.542725 0.578390 0.543701 0.579449 0.544189 0.579979 0.543213 0.583157 0.541748 0.582627 0.540771 0.586335 0.538818 0.589513 0.538574 0.591631 0.537842 0.593220 0.538086 0.594280 0.539307 0.593750 0.540283 0.595339 0.540771 0.597987 0.538818 0.599576 0.539795 0.599576 0.541016 0.602754 0.541748 0.604873 0.541504 0.604343 0.541016 0.606992 0.540283
1 0.921081 0.533936 0.922669 0.534180 0.922140 0.533936 0.923199 0.533691 0.923729 0.534424 0.924788 0.534424 0.927436 0.533447 0.927436 0.532715 0.922140 0.532715 0.921081 0.533203 0.922140 0.533936
1 0.721398 0.530518 0.722987 0.530762 0.725106 0.531982 0.728284 0.531006 0.728284 0.530518 0.724576 0.530273 0.724047 0.529785 0.722458 0.529785
1 0.679025 0.528320 0.677966 0.529297 0.682203 0.529785 0.680085 0.531006 0.680085 0.532715 0.684322 0.531982 0.685911 0.531006 0.681144 0.529053 0.680614 0.528320
1 0.552966 0.525879 0.555614 0.527100 0.557733 0.527344 0.557733 0.528564 0.558792 0.529297 0.561441 0.529785 0.562500 0.528564 0.560381 0.527588 0.560381 0.526855 0.557203 0.526855
1 0.613877 0.520752 0.611758 0.523193 0.612818 0.523438 0.611758 0.524414 0.612288 0.525146 0.614936 0.524902 0.614936 0.524170 0.613347 0.523193
1 0.802436 0.520020 0.799788 0.521729 0.802436 0.522705 0.804025 0.522705 0.805085 0.521973 0.805085 0.520996 0.804025 0.520020
1 0.555085 0.519775 0.553496 0.519775 0.554025 0.521484 0.552436 0.522217 0.551377 0.521240 0.550318 0.521484 0.554025 0.523193 0.557733 0.521484 0.557733 0.520752
1 0.619703 0.519775 0.622881 0.521729 0.626059 0.522461 0.628178 0.522461 0.627119 0.521973 0.628708 0.521973 0.626589 0.520752 0.625000 0.520508 0.623941 0.520996 0.621822 0.519531
1 0.579449 0.519287 0.580508 0.520264 0.582627 0.520264 0.585805 0.521240 0.588983 0.520996 0.588453 0.519531 0.584216 0.519775 0.581568 0.518555 0.580508 0.518555
1 0.618114 0.516113 0.617055 0.517578 0.614936 0.518066 0.616525 0.519287 0.619174 0.519287 0.619174 0.518555 0.620763 0.517822 0.620233 0.516846
1 0.524364 0.515381 0.524364 0.516113 0.525424 0.516357 0.530720 0.516357 0.531780 0.515869 0.529131 0.515137 0.526483 0.515137 0.525953 0.515625
1 0.753708 0.514893 0.750000 0.514893 0.751059 0.515137 0.751059 0.516846 0.747881 0.517578 0.747352 0.517334 0.748941 0.518799 0.750000 0.518799 0.751589 0.517822 0.753708 0.517578 0.753178 0.517090 0.754767 0.516846 0.754767 0.515381
1 0.735699 0.513916 0.735169 0.515137 0.737818 0.515381 0.737818 0.516357 0.738877 0.516846 0.739407 0.516357 0.739936 0.516602 0.741525 0.515869 0.738877 0.514648
1 0.759004 0.513428 0.760064 0.513672 0.759004 0.514160 0.758475 0.515381 0.763771 0.515869 0.764831 0.515137 0.761123 0.513672
1 0.593750 0.513672 0.595339 0.514160 0.594809 0.514893 0.595869 0.514648 0.596928 0.515381 0.605403 0.518311 0.603284 0.519775 0.599047 0.519287 0.601165 0.520020 0.604343 0.519775 0.606462 0.518555 0.605403 0.518066 0.605403 0.517090 0.606992 0.516113 0.603284 0.516602 0.597458 0.514160 0.595869 0.514160 0.594809 0.513428
1 0.798199 0.511475 0.797140 0.512451 0.801907 0.514404 0.802966 0.514160 0.802966 0.513428 0.800847 0.512451 0.800847 0.511475
1 0.643008 0.515137 0.646186 0.514893 0.648305 0.515869 0.650953 0.515869 0.649364 0.515625 0.652013 0.514404 0.655191 0.513916 0.659428 0.513916 0.660487 0.514404 0.661547 0.513672 0.655720 0.512939 0.649894 0.511475 0.648835 0.511719 0.649364 0.511963 0.648305 0.513672 0.646186 0.514404 0.643538 0.513916
1 0.558263 0.510498 0.563030 0.516113 0.561970 0.517578 0.562500 0.519043 0.562500 0.518311 0.565148 0.517090 0.566208 0.517334 0.564619 0.516602 0.560911 0.512207 0.560911 0.510742 0.559322 0.510986
1 0.637712 0.507324 0.641419 0.510254 0.643538 0.510498 0.643538 0.512207 0.645657 0.511719 0.647246 0.510498 0.648835 0.511230 0.649364 0.510986
1 0.733581 0.506592 0.730932 0.507080 0.731462 0.508057 0.733051 0.508545 0.735699 0.507324
1 0.643008 0.505127 0.643008 0.506836 0.645127 0.507568 0.647246 0.507568 0.647775 0.506592 0.646186 0.505127
1 0.661017 0.506836 0.658898 0.506836 0.657839 0.506104 0.656250 0.506592 0.654131 0.506592 0.653602 0.506348 0.654661 0.504883 0.652013 0.505615 0.650424 0.506836 0.651483 0.507324 0.650424 0.507568 0.650424 0.509033 0.649364 0.510010 0.651483 0.510010 0.652542 0.508545 0.654661 0.509033 0.655720 0.508301 0.657839 0.508545 0.658369 0.509277 0.656780 0.510010 0.658369 0.510010 0.658898 0.507812
1 0.605932 0.504639 0.605403 0.506592 0.608051 0.509277 0.608581 0.509033 0.609110 0.509521 0.608051 0.508545 0.608051 0.507568 0.609110 0.506836
1 0.698093 0.504150 0.692267 0.505371 0.691208 0.505127 0.690148 0.505615 0.691208 0.507080 0.690148 0.507568 0.690148 0.509033 0.691208 0.509277 0.693326 0.507812 0.697564 0.507568 0.697034 0.505859 0.698623 0.504639
1 0.662606 0.501953 0.659958 0.502686 0.659428 0.503662 0.662076 0.504395 0.660487 0.504883 0.661017 0.505127 0.663136 0.502930
1 0.605932 0.502930 0.607521 0.503174 0.609110 0.502441 0.611758 0.503662 0.613347 0.502686 0.617585 0.504150 0.618644 0.505127 0.620763 0.504639 0.619174 0.503906 0.617055 0.503906 0.612288 0.502441 0.613877 0.501465 0.614936 0.501465 0.619174 0.502686 0.619174 0.501953 0.615466 0.500977 0.613347 0.500977 0.611229 0.501709 0.610169 0.501465 0.608051 0.502197 0.607521 0.502930
1 0.675847 0.500000 0.674788 0.501221 0.674788 0.502686 0.672140 0.505371 0.669492 0.506592 0.666314 0.507324 0.668432 0.507080 0.668962 0.507812 0.670551 0.506348 0.674258 0.506836 0.673729 0.506348 0.672669 0.506348 0.673729 0.504150 0.675318 0.503418 0.674788 0.501953 0.675847 0.501465
1 0.701271 0.498047 0.698093 0.500732 0.694915 0.500977 0.692797 0.500244 0.692797 0.500977 0.699153 0.503906 0.699682 0.503174 0.702860 0.502197 0.705508 0.499512 0.705508 0.499023
1 0.661017 0.496338 0.661017 0.497559 0.663136 0.497803 0.661547 0.499268 0.663665 0.498779 0.664725 0.499023 0.666843 0.497070 0.663665 0.497314
1 0.589513 0.496338 0.592161 0.498047 0.594280 0.498535 0.596398 0.498291 0.593750 0.496826 0.590572 0.496094
1 0.552966 0.496338 0.552966 0.499756 0.554025 0.500000 0.554025 0.501221 0.552966 0.501709 0.555085 0.502686 0.556144 0.502441 0.567797 0.505615 0.574153 0.506592 0.575742 0.507324 0.584746 0.509033 0.584746 0.509521 0.585275 0.509277 0.586335 0.509766 0.586864 0.509277 0.587924 0.509277 0.588453 0.510254 0.593220 0.513184 0.594280 0.512939 0.593220 0.512451 0.594280 0.511719 0.595869 0.512207 0.591102 0.510742 0.589513 0.508789 0.597987 0.503174 0.600106 0.503174 0.601165 0.503906 0.602754 0.504150 0.600636 0.505127 0.600106 0.506104 0.603284 0.505371 0.603284 0.503418 0.599576 0.503174 0.599047 0.502686 0.605403 0.499268 0.604343 0.499268 0.595869 0.504150 0.591102 0.507568 0.588453 0.508545 0.586335 0.508545 0.576271 0.506836 0.567797 0.504639 0.568326 0.504150 0.567267 0.504639 0.556674 0.501953 0.554555 0.500488 0.553496 0.497314 0.555085 0.497070 0.555614 0.496338 0.555085 0.496094 0.555085 0.497070 0.553496 0.496826 0.553496 0.496094
1 0.651483 0.495117 0.651483 0.496094 0.649364 0.496826 0.650953 0.497559 0.650953 0.498047 0.651483 0.497314 0.652542 0.497559 0.655191 0.499512 0.655720 0.498047 0.652013 0.496582
1 0.266949 0.493896 0.265890 0.493896 0.262712 0.495850 0.261123 0.496094 0.261123 0.496582 0.263242 0.495850 0.265360 0.495850 0.266949 0.494629
1 0.646716 0.486328 0.645127 0.485596 0.641419 0.486084 0.639301 0.487061 0.637182 0.486328 0.638771 0.487061 0.639301 0.488281 0.642479 0.488525 0.643008 0.488037 0.641419 0.487305 0.641419 0.486816 0.643538 0.486328 0.644597 0.486816 0.644068 0.487793 0.645657 0.487305
1 0.528072 0.484619 0.526483 0.485840 0.527542 0.486328 0.530191 0.486572 0.533898 0.488281 0.536017 0.487793 0.536017 0.486816 0.534428 0.486816 0.534428 0.486328 0.530720 0.484863
1 0.371822 0.480713 0.370233 0.481445 0.370763 0.482422 0.373411 0.483887 0.376059 0.484375 0.376059 0.483398 0.378708 0.483154 0.378708 0.482422 0.377119 0.481689 0.376589 0.480713
1 0.224047 0.479492 0.221928 0.479980 0.221928 0.482422 0.223517 0.482422 0.225636 0.480957
1 0.714513 0.478027 0.711864 0.478516 0.711864 0.479492 0.709746 0.479248 0.705508 0.479736 0.706568 0.480225 0.704449 0.480469 0.705508 0.480957 0.704979 0.481445 0.703919 0.481201 0.704979 0.482422 0.701801 0.483887 0.703390 0.483887 0.703390 0.484619 0.704449 0.484619 0.705508 0.482178 0.709216 0.480225 0.714513 0.479004
1 0.590572 0.478271 0.590572 0.479980 0.591631 0.480957 0.595869 0.480957 0.599047 0.480225 0.597987 0.480225 0.596398 0.479492 0.594809 0.479492 0.593750 0.479980 0.592161 0.479004 0.592691 0.478516 0.591631 0.478760 0.591102 0.478027
1 0.298729 0.476562 0.297669 0.476074 0.293962 0.475586 0.296081 0.473633 0.293962 0.474365 0.291843 0.474365 0.290784 0.475098 0.288665 0.475098 0.287606 0.474365 0.284958 0.475342 0.283898 0.476318 0.281780 0.476318 0.279661 0.475342 0.278602 0.474121 0.277542 0.474365 0.278072 0.478271 0.290784 0.478027 0.292903 0.476807 0.295551 0.476807 0.297140 0.477295 0.298729 0.477051
1 0.594809 0.475830 0.593750 0.475830 0.592161 0.474854 0.587394 0.473877 0.586864 0.473389 0.587394 0.474121 0.582627 0.476074 0.581568 0.477539 0.582097 0.476562 0.584746 0.475342 0.586864 0.475830 0.585805 0.475098 0.588453 0.474121 0.589513 0.474365 0.587924 0.475342 0.587924 0.476074 0.588983 0.476562 0.594809 0.476318
1 0.682203 0.472900 0.680614 0.473877 0.682733 0.474121 0.684322 0.475098 0.682733 0.475098 0.685911 0.476318 0.682203 0.476807 0.683263 0.477051 0.683263 0.478271 0.683263 0.477783 0.685911 0.477295 0.686970 0.476562 0.685381 0.476074 0.685381 0.475342 0.683263 0.474121 0.684322 0.473877
1 0.614407 0.473633 0.611758 0.472656 0.608581 0.473145 0.608051 0.472900 0.603814 0.475098 0.600636 0.474365 0.597458 0.474365 0.603284 0.475342 0.604343 0.474854 0.606462 0.474854 0.606462 0.474365 0.607521 0.473877 0.608051 0.474121 0.608051 0.473633
1 0.807733 0.472168 0.808792 0.472900 0.819386 0.475342 0.819915 0.476318 0.818326 0.476807 0.823093 0.476074 0.823623 0.475098 0.822564 0.474609 0.814089 0.472900 0.811441 0.471924 0.809322 0.471924 0.808263 0.472412
1 0.740996 0.471924 0.739936 0.474121 0.740996 0.474609 0.742585 0.474609 0.744174 0.473145 0.742585 0.472168
1 0.623941 0.471191 0.624470 0.472656 0.623941 0.472168 0.625530 0.471436 0.628178 0.471191 0.628178 0.471924 0.629237 0.471924 0.630826 0.473633 0.631886 0.472656 0.630826 0.472656 0.629767 0.472168 0.632945 0.471680 0.634004 0.472168 0.635593 0.471680 0.635064 0.471191 0.632945 0.470947 0.629237 0.471924 0.628708 0.471436 0.629767 0.470215 0.629237 0.470459 0.628708 0.469971 0.628178 0.470703 0.626059 0.471191 0.625000 0.470703
1 0.565148 0.470703 0.567267 0.471191 0.572564 0.470947 0.570445 0.469971 0.567797 0.469971
1 0.331568 0.469482 0.331038 0.469727 0.333157 0.469971 0.335805 0.471680 0.334746 0.473389 0.338453 0.473389 0.338453 0.470947 0.335805 0.469971
1 0.453919 0.468262 0.453919 0.468994 0.456038 0.469971 0.458157 0.469971 0.458686 0.470459 0.458686 0.469482 0.456568 0.468262
1 0.570445 0.467041 0.570445 0.468018 0.572564 0.469482 0.574682 0.469727 0.575212 0.468994 0.576801 0.469971 0.577860 0.469482 0.578390 0.467529 0.577331 0.467529 0.575212 0.468994 0.572564 0.467285
1 0.664725 0.466797 0.663665 0.467529 0.663136 0.469727 0.665254 0.470703 0.664195 0.470947 0.666314 0.470947 0.667903 0.471680 0.667903 0.476318 0.668962 0.476318 0.669492 0.475586 0.668432 0.475098 0.668432 0.473389 0.670551 0.472656 0.671610 0.472900 0.668962 0.471680 0.668962 0.471191 0.671081 0.470947 0.671081 0.470459 0.668432 0.470947 0.668432 0.469971 0.667373 0.470459 0.666314 0.470215 0.666843 0.469971 0.665254 0.469971 0.666314 0.469482 0.664725 0.469482
1 0.857521 0.468750 0.862288 0.468750 0.864936 0.467773 0.865466 0.468262 0.870233 0.468506 0.871822 0.467041 0.870763 0.466553 0.868114 0.466553 0.866525 0.465820 0.862288 0.465820 0.860699 0.466309 0.861229 0.467529
1 0.483581 0.467041 0.489407 0.466553 0.485169 0.465088
1 0.631886 0.463623 0.635593 0.464844 0.636123 0.464355 0.636653 0.464844 0.638242 0.464844 0.638771 0.464355 0.639301 0.464600 0.637182 0.463379
1 0.313559 0.463135 0.315678 0.463379 0.316737 0.464111 0.319386 0.464600 0.319386 0.465088 0.317797 0.464844 0.319386 0.465576 0.322564 0.466309 0.324153 0.465576 0.324682 0.464600 0.316208 0.462402
1 0.279131 0.462402 0.278072 0.462646 0.280191 0.464600 0.277542 0.465332 0.277013 0.465820 0.278072 0.466309 0.279661 0.466309 0.282309 0.464844 0.281250 0.462891 0.279661 0.462891
1 0.437500 0.463867 0.437500 0.464844 0.440148 0.466797 0.443326 0.467041 0.444386 0.467529 0.443326 0.468262 0.447564 0.469238 0.448093 0.469971 0.446504 0.470459 0.448093 0.469971 0.450212 0.470703 0.446504 0.467529 0.451271 0.467285 0.453390 0.466553 0.456568 0.466797 0.461335 0.469727 0.460805 0.471191 0.453390 0.473877 0.451801 0.472412 0.457097 0.471191 0.452331 0.470459 0.453919 0.470459 0.454449 0.471436 0.451801 0.472412 0.450212 0.472168 0.453390 0.474609 0.457097 0.473389 0.457627 0.472412 0.458686 0.473389 0.459746 0.471924 0.462394 0.474121 0.461864 0.471436 0.462924 0.471191 0.463983 0.475098 0.466102 0.474854 0.466102 0.475830 0.467691 0.475830 0.466102 0.475342 0.467691 0.474854 0.471398 0.475586 0.472458 0.474609 0.470339 0.474121 0.470339 0.472656 0.472458 0.472168 0.470339 0.472168 0.470339 0.474854 0.466631 0.474609 0.465572 0.471191 0.463453 0.470703 0.465572 0.469971 0.465572 0.470703 0.467161 0.470703 0.467161 0.471924 0.468220 0.471436 0.467691 0.470215 0.465042 0.469482 0.465042 0.467041 0.461335 0.465820 0.462924 0.465332 0.460805 0.463623 0.459216 0.463135 0.460805 0.463867 0.461335 0.465576 0.457097 0.465576 0.454979 0.464355 0.457097 0.462891 0.454979 0.463867 0.449153 0.462646 0.450742 0.463379 0.448093 0.463867 0.447034 0.463379 0.447564 0.462646 0.443856 0.463135 0.442797 0.461914 0.441208 0.462402 0.442797 0.463135 0.440148 0.463623 0.441737 0.463623 0.442267 0.464844 0.443856 0.463379 0.445445 0.464111 0.445445 0.467285 0.442267 0.465576 0.442267 0.466309 0.438559 0.465332 0.439089 0.463867
1 0.244174 0.461670 0.248411 0.463135 0.250000 0.463135 0.251059 0.462646 0.246822 0.461426
1 0.471398 0.461182 0.471398 0.462646 0.469809 0.463623 0.469809 0.464844 0.470869 0.465576 0.473517 0.465088 0.475636 0.463379 0.475636 0.462158 0.472987 0.462158
1 0.462394 0.459961 0.460805 0.460693 0.462924 0.462158 0.462394 0.462646 0.465042 0.463135 0.465572 0.461670
1 0.590042 0.459717 0.586335 0.462402 0.586864 0.463135 0.582627 0.463135 0.582627 0.464111 0.581038 0.464600 0.583157 0.466064 0.586864 0.467041 0.583686 0.465088 0.585275 0.463623 0.586335 0.464111 0.585805 0.463867 0.588453 0.462402 0.588453 0.461670 0.591631 0.460938
1 0.320445 0.457764 0.322034 0.458740 0.318856 0.459717 0.321504 0.460449 0.322564 0.459717 0.323093 0.460449 0.324153 0.460449 0.323623 0.460938 0.326801 0.460938 0.327860 0.461914 0.331568 0.462891 0.331568 0.462402 0.331038 0.462891 0.330508 0.462158 0.328919 0.462158 0.327331 0.461426 0.328390 0.461182 0.327860 0.460449 0.328919 0.459961 0.330508 0.460693 0.332097 0.460449 0.331568 0.460693
1 0.501589 0.457275 0.500000 0.457764 0.500000 0.459717 0.497881 0.460205 0.496292 0.461182 0.496822 0.461670 0.497352 0.461182 0.498411 0.461182 0.500530 0.461914 0.497881 0.462402 0.500000 0.462402 0.500530 0.461914 0.501589 0.461914 0.500000 0.459229 0.502648 0.457764
1 0.788136 0.456299 0.788136 0.457031 0.793962 0.460693 0.801377 0.460693 0.798729 0.459961 0.794492 0.459961 0.790784 0.458252 0.790254 0.457031
1 0.617055 0.468262 0.620233 0.468018 0.624470 0.467041 0.626059 0.467041 0.627119 0.467773 0.628708 0.466797 0.631356 0.466553 0.631356 0.468018 0.629237 0.468018 0.631356 0.468750 0.631356 0.469238 0.631886 0.468506 0.635064 0.468262 0.637712 0.467041 0.640360 0.466553 0.642479 0.468262 0.644597 0.468750 0.645127 0.467041 0.644068 0.465820 0.645127 0.465332 0.647775 0.465332 0.649894 0.466064 0.651483 0.466064 0.645657 0.464844 0.648305 0.463623 0.645657 0.463867 0.643538 0.465088 0.639831 0.465088 0.638242 0.465820 0.632415 0.465088 0.629767 0.463867 0.626059 0.458496 0.625530 0.456055 0.626059 0.459229 0.630826 0.464844 0.629767 0.464844 0.630297 0.465088 0.627119 0.466553
1 0.380826 0.456055 0.379767 0.456787 0.379767 0.458252 0.382415 0.458984 0.383475 0.458496 0.382945 0.457031 0.381886 0.457031
1 0.875000 0.455811 0.875000 0.457520 0.876059 0.457764 0.879237 0.457275 0.881886 0.457520 0.882945 0.456787 0.880826 0.456787 0.877648 0.455811
1 0.824153 0.455811 0.819915 0.456055 0.819915 0.456543 0.818326 0.457275 0.816737 0.457031 0.815678 0.456299 0.814089 0.456543 0.813030 0.458984 0.807733 0.460205 0.804555 0.460205 0.812500 0.461914 0.811441 0.463379 0.809322 0.464111 0.807733 0.465332 0.814089 0.467529 0.817267 0.467529 0.822034 0.466553 0.823623 0.466797 0.823623 0.464844 0.824682 0.463867 0.828919 0.462646 0.832627 0.463135 0.831038 0.462158 0.825212 0.462402 0.823093 0.461914 0.822034 0.459961 0.822564 0.459717 0.823093 0.460205 0.824153 0.460205 0.824153 0.459717 0.825212 0.459473 0.825212 0.458252 0.824153 0.457764 0.822564 0.457764 0.824682 0.456787
1 0.479873 0.455566 0.478814 0.455078 0.476165 0.455078 0.472987 0.456543 0.475636 0.456299 0.477225 0.456787
1 0.436441 0.455078 0.437500 0.456055 0.441737 0.457031 0.440678 0.458008 0.439089 0.458496 0.439089 0.459229 0.440678 0.459229 0.441737 0.457764 0.445975 0.459229 0.450212 0.458984 0.449153 0.457031 0.445445 0.458984 0.444915 0.458008 0.439619 0.455566
1 0.299258 0.455078 0.299258 0.457520 0.302966 0.458008 0.302966 0.457031 0.300318 0.456299 0.300318 0.455322
1 0.513242 0.454346 0.513242 0.456299 0.511653 0.456787 0.510593 0.456543 0.515360 0.457275 0.518538 0.455566 0.516949 0.454590 0.515360 0.454834
1 0.834746 0.453369 0.832627 0.456055 0.829449 0.457764 0.829979 0.458984 0.831568 0.459229 0.836864 0.456299 0.841102 0.456299 0.841631 0.455811 0.844280 0.456787 0.843220 0.457275 0.843220 0.458740 0.842161 0.459229 0.841631 0.458984 0.843220 0.459473 0.846398 0.459229 0.847987 0.457520 0.847987 0.454346 0.842691 0.455322 0.838453 0.455566 0.835805 0.454102 0.835805 0.453369
1 0.503708 0.453369 0.504767 0.456299 0.507415 0.456299 0.507945 0.456055 0.506356 0.455322 0.506886 0.454590 0.505826 0.453369
1 0.415254 0.453613 0.417373 0.456299 0.417373 0.454590 0.416314 0.454346 0.416843 0.453125 0.418432 0.453369 0.417373 0.453857 0.418432 0.453613 0.420551 0.454346 0.422140 0.455811 0.422140 0.454590 0.421081 0.453613 0.417373 0.452881
1 0.722458 0.452148 0.719280 0.452148 0.719280 0.452637 0.721398 0.453613 0.721928 0.454834 0.721398 0.455566 0.719280 0.455566 0.718750 0.456055 0.720339 0.457275 0.720339 0.458252 0.715042 0.460205 0.715042 0.460693 0.717691 0.460693 0.720339 0.461670 0.717161 0.463135 0.717691 0.463867 0.716102 0.464600 0.712924 0.464111 0.711335 0.463379 0.708157 0.463867 0.703390 0.462646 0.702860 0.460938 0.699682 0.459229 0.694915 0.459717 0.692797 0.460693 0.694386 0.460693 0.695445 0.460205 0.695975 0.462158 0.697564 0.462646 0.697564 0.463135 0.701271 0.464355 0.701801 0.463867 0.702860 0.464600 0.699153 0.468018 0.699153 0.468750 0.703390 0.470459 0.703919 0.472900 0.707627 0.472412 0.712924 0.470215 0.711335 0.469727 0.710805 0.468994 0.711864 0.468018 0.715042 0.467285 0.718220 0.465820 0.722458 0.465576 0.724576 0.464844 0.724576 0.462646 0.727225 0.461182 0.733581 0.458984 0.737818 0.458496 0.737818 0.457031 0.732521 0.456787 0.730932 0.457275 0.727754 0.457275 0.726695 0.455811 0.721928 0.453613
1 0.730403 0.451172 0.728814 0.451172 0.727754 0.454102 0.729873 0.453857 0.731992 0.452881 0.731992 0.451904
1 0.813030 0.450195 0.813559 0.452148 0.814619 0.452637 0.817797 0.451172
1 0.762712 0.449951 0.764831 0.450684 0.763771 0.451904 0.765360 0.450928 0.766419 0.451660 0.768008 0.451660 0.770127 0.450928 0.769068 0.449951
1 0.240996 0.449707 0.240996 0.451416 0.244703 0.451904 0.246822 0.452637 0.250000 0.452148 0.247881 0.451172 0.247352 0.450195
1 0.915254 0.448975 0.916314 0.449707 0.917903 0.449463 0.918432 0.449951 0.920021 0.449951 0.920021 0.450928 0.923199 0.450684 0.925318 0.449951 0.924258 0.449219 0.919492 0.449219 0.919492 0.448486
1 0.643008 0.448242 0.646186 0.449707 0.646186 0.450439 0.643538 0.451660 0.645657 0.452637 0.648305 0.452637 0.648835 0.452393 0.646186 0.450439 0.646716 0.448730
1 0.461864 0.448975 0.465042 0.447998 0.466102 0.448730 0.466102 0.449219 0.465042 0.449463 0.467691 0.449463 0.468220 0.451416 0.469280 0.451172 0.469809 0.451904 0.470339 0.450928 0.472458 0.450684 0.472987 0.449951 0.475106 0.451172 0.475106 0.450195 0.473517 0.449707 0.468750 0.450195 0.467691 0.449463 0.467691 0.448242 0.466631 0.448975 0.464513 0.447510 0.463453 0.447998 0.464513 0.447510 0.465042 0.447998
1 0.654661 0.447266 0.651483 0.447266 0.649364 0.447754 0.650424 0.448486 0.652542 0.448730 0.653072 0.452393 0.655191 0.451660 0.653072 0.450928 0.652542 0.449951 0.653602 0.449707 0.654131 0.448730 0.656250 0.447998
1 0.761653 0.447266 0.757415 0.447266 0.756356 0.448242 0.756886 0.448730 0.759534 0.448730
1 0.296610 0.447510 0.298729 0.448730 0.299788 0.448730 0.304025 0.447266 0.310911 0.449219 0.313559 0.449219 0.313559 0.448730 0.311970 0.448730 0.309852 0.447510 0.307203 0.446777 0.304555 0.446777 0.302436 0.447510 0.299788 0.447021
1 0.727225 0.446533 0.727225 0.448242 0.725636 0.448730 0.728284 0.449707 0.728814 0.449219 0.730932 0.449463 0.730932 0.448730
1 0.679025 0.446045 0.674788 0.445801 0.671610 0.446045 0.671081 0.446533 0.666314 0.446045 0.664195 0.447510 0.666314 0.447510 0.668432 0.446777 0.669492 0.447266 0.670021 0.446777 0.670551 0.447266 0.670551 0.446533 0.678496 0.446533
1 0.725636 0.446045 0.724047 0.445312 0.722458 0.445312 0.722458 0.446533 0.719809 0.447510 0.715572 0.448242 0.712924 0.447998 0.712394 0.448242 0.713983 0.449463 0.713453 0.450195 0.711864 0.450684 0.716631 0.450684 0.718750 0.449463 0.720869 0.448975 0.719809 0.447510 0.721398 0.446777
1 0.734640 0.445557 0.734640 0.447266 0.737818 0.447754 0.739407 0.447510 0.739407 0.446533 0.737818 0.445068
1 0.472987 0.444824 0.472458 0.445312 0.471398 0.445068 0.470869 0.445801 0.472458 0.446045 0.471928 0.446289 0.473517 0.447266 0.471928 0.447510 0.472458 0.447754 0.468750 0.449219 0.473517 0.447266 0.474576 0.447510 0.475106 0.448486 0.476695 0.448486 0.475636 0.448242 0.475636 0.447510 0.476695 0.446777 0.477225 0.447266 0.477225 0.446533 0.475636 0.445801 0.474576 0.446045
1 0.715572 0.444580 0.713453 0.443359 0.712394 0.443359 0.710275 0.444336 0.707097 0.444336 0.707627 0.445068 0.710805 0.445801
1 0.810911 0.444580 0.809322 0.444336 0.806674 0.442871 0.804025 0.442383 0.800318 0.442871 0.797669 0.443604 0.798729 0.444092 0.798729 0.444824 0.797669 0.445312 0.795021 0.445557 0.796081 0.446533 0.793962 0.447510 0.794492 0.448730 0.796610 0.449219 0.800847 0.448975 0.804025 0.448242 0.805085 0.448730 0.806144 0.448730 0.806674 0.448242 0.808792 0.448242 0.811441 0.446045
1 0.488877 0.455811 0.492585 0.456543 0.497881 0.455811 0.496822 0.455322 0.494703 0.455322 0.494174 0.453857 0.499470 0.452393 0.499470 0.450684 0.501589 0.450439 0.502119 0.449951 0.507415 0.452637 0.510064 0.451660 0.512182 0.451660 0.512182 0.449463 0.513771 0.448730 0.515360 0.448730 0.513242 0.447998 0.515360 0.447510 0.516949 0.447754 0.517479 0.448730 0.515890 0.449219 0.515890 0.450928 0.523305 0.454102 0.524364 0.453857 0.525424 0.451172 0.528072 0.450195 0.527013 0.449219 0.528072 0.448730 0.531780 0.449219 0.533898 0.448975 0.536017 0.447998 0.529661 0.447998 0.528602 0.444824 0.525953 0.443604 0.526483 0.444092 0.525424 0.445312 0.521716 0.446777 0.519068 0.445557 0.519597 0.444336 0.515360 0.445312 0.513242 0.444824 0.510064 0.446045 0.511653 0.447998 0.512712 0.448242 0.507945 0.449707 0.506356 0.449219 0.505826 0.448242 0.506886 0.446289 0.504767 0.442871 0.500530 0.441650 0.498411 0.441895 0.501059 0.443604 0.501059 0.445801 0.498411 0.446533 0.494703 0.445801 0.493114 0.448242 0.491525 0.447998 0.489936 0.446777 0.487818 0.448242 0.487818 0.448975 0.489407 0.449463 0.488877 0.453125 0.490466 0.453613 0.490466 0.454590 0.488347 0.455078
1 0.712394 0.441406 0.709746 0.441895 0.710805 0.442139 0.710275 0.442383 0.708686 0.442383 0.706038 0.443359 0.701271 0.443604 0.699153 0.444336 0.692797 0.444336 0.692267 0.445312 0.686441 0.444824 0.684852 0.446289 0.686441 0.446289 0.688559 0.445557 0.691208 0.445557 0.693856 0.444824 0.697034 0.444824 0.701271 0.444092 0.706038 0.444092 0.708157 0.443115 0.710275 0.443115 0.710805 0.442139 0.712394 0.442627
1 0.304025 0.440918 0.302436 0.441162 0.300847 0.442139 0.298199 0.441895 0.297140 0.442383 0.298199 0.442871 0.301907 0.443359
1 0.434852 0.440430 0.435911 0.442139 0.435381 0.443848 0.436970 0.444580 0.436441 0.444824 0.437500 0.445801 0.436970 0.442139 0.438559 0.441162 0.440148 0.441650 0.438030 0.440674
1 0.393008 0.439453 0.393008 0.440430 0.398835 0.442139 0.398835 0.440918 0.396186 0.440430 0.394597 0.439453
1 0.284958 0.438232 0.284428 0.439697 0.281780 0.439453 0.280191 0.440186 0.277013 0.439209 0.261653 0.439209 0.263242 0.445068 0.261123 0.445801 0.258475 0.445557 0.259534 0.446289 0.259534 0.449463 0.257945 0.449951 0.257945 0.450684 0.261653 0.451660 0.261123 0.453125 0.262712 0.453125 0.265890 0.454834 0.263242 0.456299 0.261123 0.456055 0.260593 0.456543 0.262712 0.456787 0.264831 0.456055 0.267479 0.456055 0.269597 0.457520 0.269068 0.459717 0.264831 0.460449 0.265890 0.462158 0.268008 0.463135 0.271716 0.460938 0.271716 0.460205 0.275953 0.461182 0.280191 0.459717 0.278602 0.458740 0.277542 0.458984 0.276483 0.458496 0.276483 0.458008 0.278602 0.457275 0.281780 0.457031 0.283369 0.457764 0.283369 0.458740 0.284428 0.458496 0.284428 0.457275 0.283369 0.456543 0.283898 0.456055 0.279131 0.454834 0.275953 0.455566 0.271716 0.453613 0.266949 0.450195 0.269597 0.448730 0.268008 0.448242 0.268538 0.447510 0.273305 0.445801 0.284428 0.445801 0.282309 0.444092 0.282309 0.442871 0.284958 0.442139 0.288665 0.443848 0.291843 0.443115 0.291314 0.442627 0.288136 0.442383 0.287076 0.441406 0.286017 0.441406 0.287606 0.440674
1 0.630297 0.437744 0.625000 0.437744 0.624470 0.438477 0.629767 0.438721
1 0.568326 0.437012 0.565678 0.437500 0.564619 0.439209 0.566208 0.439453 0.569386 0.438232
1 0.452331 0.438477 0.449153 0.439697 0.448623 0.439209 0.445445 0.438477 0.442267 0.438232 0.440678 0.437012 0.438559 0.438477 0.436970 0.437500 0.435911 0.437500 0.434852 0.438477 0.432203 0.438232 0.431674 0.439697 0.430614 0.439697 0.430085 0.440430 0.431144 0.440430 0.432203 0.438721 0.435381 0.438721 0.435381 0.438232 0.438030 0.439453 0.439619 0.438965 0.444386 0.438965 0.447564 0.439453 0.448093 0.439941 0.449682 0.439941
1 0.269597 0.435547 0.264831 0.436035 0.263771 0.437256 0.267479 0.437500
1 0.726165 0.433350 0.724576 0.433594 0.723517 0.434326 0.720869 0.434082 0.720339 0.434570 0.719280 0.434570 0.719280 0.435059 0.720869 0.435059 0.721928 0.435547 0.719809 0.437012 0.720339 0.437500 0.722987 0.437012 0.722987 0.436279 0.724047 0.435791 0.725106 0.436279 0.725106 0.434326
1 0.611229 0.433350 0.610169 0.433594 0.611229 0.434082 0.609640 0.435059 0.608051 0.434570 0.610169 0.435303 0.609640 0.437256 0.611758 0.437988 0.613347 0.437988 0.617055 0.436523 0.618114 0.436523 0.619174 0.435791 0.618644 0.435303 0.613877 0.434326 0.613347 0.433838 0.611758 0.433838
1 0.771716 0.432617 0.769068 0.433838 0.769068 0.434814 0.771186 0.435059 0.772775 0.434570 0.772775 0.433350
1 0.748411 0.432373 0.748941 0.433105 0.752119 0.434326 0.751589 0.435303 0.753178 0.435547 0.753178 0.436279 0.754237 0.436768 0.761653 0.436768 0.760064 0.436035 0.754767 0.435303 0.755297 0.433350 0.750530 0.432129
1 0.471928 0.432129 0.468750 0.432861 0.469280 0.433105 0.467691 0.433838 0.467691 0.435547 0.463983 0.436768 0.459746 0.434082 0.459746 0.435303 0.461864 0.436768 0.461335 0.437256 0.462924 0.438721 0.465042 0.437988 0.468220 0.438232 0.468220 0.436523 0.471398 0.434082 0.472458 0.432373
1 0.581568 0.433350 0.581038 0.432373 0.579449 0.431885 0.572034 0.432129 0.573623 0.433838 0.574153 0.433350 0.573093 0.432861 0.575742 0.432373 0.576271 0.432861 0.578390 0.433105 0.578390 0.433838 0.580508 0.433838
1 0.288665 0.431152 0.288136 0.432861 0.284958 0.434814 0.284958 0.436035 0.286017 0.436035 0.289195 0.437500 0.291843 0.436279 0.293962 0.436523 0.294492 0.435547 0.292903 0.434570 0.290254 0.433838
1 0.633475 0.430664 0.634534 0.432129 0.637712 0.432617 0.640360 0.432373 0.637712 0.430664
1 0.826801 0.428955 0.825212 0.433105 0.825742 0.435303 0.832627 0.435303 0.834216 0.434326 0.836864 0.433594 0.840042 0.433594 0.842161 0.432861 0.844280 0.433105 0.846398 0.434326 0.845869 0.435059 0.842161 0.436279 0.841631 0.437500 0.846398 0.436768 0.850106 0.435547 0.850106 0.434570 0.847987 0.432861 0.849047 0.431396 0.846398 0.429932 0.845339 0.430176 0.844809 0.432129 0.843220 0.432861 0.837924 0.431152 0.832627 0.430420 0.829449 0.428955
1 0.701271 0.428467 0.699682 0.429199 0.700742 0.429932 0.699682 0.431885 0.702331 0.431641 0.704979 0.430664 0.702860 0.430664 0.700742 0.431396 0.700212 0.431152 0.700212 0.430420 0.703390 0.429443
1 0.298199 0.429443 0.298729 0.429932 0.301377 0.429688 0.302966 0.430664 0.305614 0.430420 0.306674 0.431396 0.310911 0.431885 0.311441 0.432373 0.313559 0.432373 0.314089 0.432861 0.314619 0.432373 0.312500 0.432129 0.307203 0.430176 0.306674 0.430664 0.305614 0.430420 0.305614 0.429932 0.307733 0.429199 0.306674 0.428467 0.302966 0.428467 0.302966 0.428955 0.301377 0.429688
1 0.331038 0.428223 0.328919 0.428223 0.326801 0.430176 0.322564 0.431396 0.322564 0.433105 0.320445 0.433594 0.325212 0.433594 0.325742 0.433838 0.324153 0.434082 0.324153 0.434570 0.326271 0.435059 0.327331 0.434570 0.326801 0.434326 0.328919 0.434082 0.329449 0.433350 0.331038 0.432861 0.337394 0.433838 0.336335 0.433350 0.336335 0.432373 0.334746 0.431641 0.331038 0.431396 0.328390 0.430420 0.328390 0.429688 0.331568 0.428467
1 0.266949 0.427490 0.266949 0.427979 0.272246 0.427979 0.273305 0.427490 0.275424 0.427979 0.278072 0.427734 0.278072 0.427246
1 0.816737 0.427002 0.813559 0.427246 0.811970 0.427979 0.812500 0.429199 0.811441 0.429688 0.811970 0.429443 0.812500 0.430176 0.814619 0.429443 0.815678 0.427979 0.817267 0.427246
1 0.836335 0.425537 0.836335 0.426025 0.837394 0.426270 0.841102 0.426270 0.842691 0.425781 0.842691 0.425293 0.841102 0.425537 0.839513 0.424805 0.837394 0.424805
1 0.277013 0.425049 0.277542 0.426514 0.279131 0.426514 0.280191 0.427002 0.279661 0.427246 0.283369 0.427002 0.285487 0.427490 0.285487 0.428711 0.286547 0.428711 0.286017 0.427979 0.288136 0.427246 0.289195 0.427734 0.289725 0.427246 0.290254 0.427734 0.292373 0.427490 0.291843 0.427734 0.290784 0.427246 0.288136 0.427246 0.286547 0.425049 0.284428 0.424805 0.282839 0.425781 0.281250 0.425781 0.279131 0.424316 0.278072 0.425049
1 0.949153 0.425049 0.947034 0.424316 0.944386 0.424072 0.942797 0.424805 0.942797 0.426025 0.941737 0.427002 0.948093 0.426270 0.948093 0.425537
1 0.753178 0.424072 0.752119 0.425293 0.754237 0.425293 0.756886 0.426514 0.756886 0.427246 0.755826 0.427734 0.756356 0.427979 0.758475 0.426758 0.757945 0.425781 0.756886 0.425781 0.755826 0.425049 0.757945 0.425049 0.757945 0.424561
1 0.744703 0.423828 0.743114 0.423828 0.740466 0.424805 0.738347 0.426758 0.739407 0.427979 0.739407 0.426025 0.740996 0.425049 0.743644 0.425537
1 0.346398 0.422852 0.345339 0.423828 0.346928 0.424561 0.349047 0.424561 0.349576 0.423828 0.350636 0.424316 0.350636 0.425537 0.352225 0.426514 0.351165 0.424805 0.351695 0.424561 0.352225 0.425293 0.353284 0.423828 0.351165 0.423340 0.349047 0.424072
1 0.739936 0.423340 0.735699 0.423340 0.732521 0.421875 0.732521 0.422607 0.731462 0.423096 0.731992 0.423584 0.734640 0.423828 0.735169 0.424805 0.731462 0.426514 0.729343 0.426758 0.729343 0.427246 0.727754 0.427734 0.731992 0.427490 0.734110 0.426514 0.736229 0.426758 0.735699 0.425537
1 0.378708 0.420898 0.372352 0.420898 0.372881 0.424316 0.371822 0.425293 0.373941 0.425781 0.375530 0.425049 0.376589 0.425537 0.376589 0.422607
1 0.147246 0.426270 0.147775 0.425293 0.144597 0.424316 0.145127 0.423828 0.146186 0.424072 0.144068 0.422119 0.145127 0.421875 0.145127 0.420654 0.144068 0.422119 0.142479 0.422607 0.145127 0.423828 0.143538 0.424316 0.141949 0.423096 0.139831 0.422363 0.139301 0.422607 0.137712 0.421631 0.135064 0.421631 0.132945 0.422119 0.132415 0.421875 0.134534 0.421875 0.137182 0.422607 0.138771 0.422363 0.140890 0.423096 0.144597 0.426025 0.146716 0.425781
1 0.430085 0.419922 0.427966 0.421143 0.428496 0.421875 0.426907 0.424316 0.423729 0.425781 0.424258 0.426025 0.425318 0.425537 0.426907 0.426270 0.425847 0.427246 0.423729 0.427734 0.422669 0.429199 0.422669 0.431641 0.424258 0.432861 0.425847 0.432861 0.426907 0.432129 0.426907 0.429199 0.425318 0.429199 0.424258 0.428467 0.426377 0.428467 0.427436 0.427979 0.429025 0.426025 0.427966 0.425049 0.429025 0.424072 0.429025 0.422363 0.430085 0.421875
1 0.807733 0.419678 0.805085 0.419434 0.805085 0.420166 0.802966 0.420898 0.802966 0.423584 0.800318 0.425293 0.798199 0.425049 0.796610 0.424316 0.798729 0.426514 0.797140 0.426514 0.798729 0.427246 0.800318 0.426758 0.801907 0.425293 0.807203 0.423340 0.807203 0.421875 0.808263 0.421143
1 0.097987 0.418701 0.102225 0.419922 0.104343 0.419922 0.102754 0.418457
1 0.125000 0.417969 0.129767 0.419922 0.129767 0.420410 0.130826 0.420654 0.130297 0.421387 0.131356 0.421631 0.130826 0.421387 0.131886 0.421143 0.131886 0.420166 0.132945 0.419678 0.132415 0.419189 0.129237 0.418213
1 0.688030 0.416992 0.683263 0.417480 0.686970 0.422607 0.685911 0.424072 0.686441 0.424561 0.684322 0.425293 0.684322 0.426270 0.686441 0.426025 0.687500 0.425293 0.686970 0.425049 0.688559 0.425049 0.690148 0.424316 0.689619 0.424072 0.691208 0.422119 0.690678 0.421387 0.691737 0.420654 0.688559 0.421143 0.688030 0.421875 0.687500 0.420898 0.686441 0.420654
1 0.785487 0.416504 0.783898 0.417969 0.788136 0.418945 0.788665 0.417725 0.787076 0.416504
1 0.334216 0.415771 0.333686 0.416992 0.336864 0.418701 0.337924 0.418701 0.337924 0.419189 0.341102 0.420410 0.340572 0.422852 0.342161 0.423584 0.342161 0.423096 0.341102 0.422852 0.343750 0.422607 0.343220 0.421143 0.341631 0.420654 0.341631 0.419434 0.342691 0.418945 0.341102 0.417969 0.338983 0.417969 0.338453 0.418457 0.335275 0.417236 0.335275 0.416016
1 0.205508 0.420166 0.202860 0.419189 0.200212 0.418945 0.198093 0.420166 0.195975 0.419678 0.193326 0.419922 0.193326 0.415527 0.191208 0.416748 0.191208 0.418213 0.189619 0.419434 0.193856 0.420654 0.192797 0.420898 0.192797 0.421631 0.191737 0.421875 0.188559 0.420898 0.186441 0.420898 0.186441 0.419434 0.185911 0.419922 0.184322 0.419678 0.184322 0.420410 0.184852 0.419922 0.185911 0.420898 0.182733 0.420898 0.181144 0.421875 0.188559 0.424316 0.188030 0.425293 0.186441 0.425049 0.189089 0.426025 0.188559 0.426270 0.185911 0.426025 0.181144 0.426758 0.176377 0.425781 0.174788 0.424072 0.171081 0.424072 0.171610 0.425293 0.173729 0.425293 0.174258 0.426270 0.182733 0.428467 0.182203 0.429443 0.183263 0.429932 0.181144 0.429932 0.181144 0.430664 0.177436 0.430664 0.173729 0.429443 0.165784 0.429688 0.164195 0.433350 0.169492 0.433350 0.179555 0.436035 0.180085 0.434570 0.183792 0.434814 0.187500 0.435791 0.190678 0.435303 0.191737 0.433838 0.191208 0.432373 0.189089 0.431152 0.189089 0.429688 0.191737 0.428711 0.194386 0.428467 0.193856 0.427002 0.193326 0.427734 0.191737 0.427002 0.192797 0.426514 0.197564 0.426514 0.199153 0.427246 0.198623 0.426758 0.199682 0.426270 0.202331 0.426758 0.204979 0.425537 0.202331 0.423828 0.203919 0.423096 0.206038 0.423096 0.204979 0.421875 0.202331 0.421875 0.203390 0.421143 0.204979 0.421387
1 0.243644 0.415039 0.241525 0.417969 0.237818 0.419678 0.237818 0.420166 0.235169 0.421631 0.236229 0.422363 0.237288 0.421631 0.239407 0.421387 0.239407 0.420654 0.244703 0.416260
1 0.956038 0.414795 0.958157 0.415527 0.960805 0.415527 0.962394 0.415039 0.960275 0.414307 0.957627 0.414307
1 0.210805 0.413818 0.205508 0.414062 0.204979 0.414795 0.203390 0.415283 0.203390 0.416016 0.207627 0.416748 0.206038 0.415283 0.208157 0.414551 0.206038 0.414062 0.207627 0.413818 0.210805 0.414551
1 0.420551 0.413574 0.419492 0.414551 0.421610 0.415771 0.423199 0.415283 0.423199 0.414062 0.422140 0.413574
1 0.487818 0.415283 0.489936 0.414551 0.491525 0.415039 0.495763 0.415527 0.496292 0.415283 0.493644 0.413330 0.491525 0.413330 0.488347 0.414551 0.488877 0.414795
1 0.400953 0.413574 0.399364 0.413818 0.399364 0.413330 0.396716 0.414062 0.393008 0.414062 0.390360 0.413574 0.389301 0.414551 0.393538 0.414551 0.396186 0.416016 0.400424 0.414062 0.399894 0.413818
1 0.109110 0.413086 0.111229 0.413818 0.112288 0.413574 0.113347 0.414307 0.116525 0.413818 0.119174 0.414551 0.118114 0.413818 0.118644 0.413330 0.119174 0.413574 0.118644 0.413086 0.114407 0.413818 0.110699 0.412842 0.109640 0.413330
1 0.858051 0.412354 0.861758 0.414307 0.864407 0.414307 0.865466 0.413818 0.862288 0.412354
1 0.764301 0.418457 0.759004 0.417236 0.756886 0.417969 0.748411 0.417969 0.747352 0.417480 0.747352 0.416748 0.748941 0.414795 0.748941 0.412598 0.750000 0.412354 0.748941 0.412354 0.745763 0.417725 0.743644 0.416748 0.740466 0.417725 0.741525 0.418457 0.743114 0.417725 0.745233 0.417969 0.748941 0.419434 0.746292 0.419922 0.743644 0.419922 0.743114 0.419434 0.742055 0.419434 0.740996 0.419922 0.738347 0.420166 0.737818 0.421143 0.736758 0.421387 0.738347 0.421631 0.738347 0.420898 0.740996 0.420166 0.741525 0.420898 0.739407 0.421631 0.742055 0.420654 0.743644 0.421387 0.741525 0.421875 0.741525 0.422607 0.740466 0.422607 0.741525 0.422852 0.743114 0.422363 0.744174 0.421387 0.746292 0.420898 0.746822 0.419922 0.748411 0.419922 0.748941 0.420410 0.751059 0.419922 0.753708 0.417969 0.760593 0.418213 0.761653 0.418701 0.760593 0.419189 0.761653 0.419189 0.762712 0.418457
1 0.149894 0.413086 0.145127 0.412354 0.144597 0.413086 0.138242 0.414551 0.135593 0.414551 0.138771 0.415527 0.143538 0.415527 0.141949 0.415039 0.141949 0.413818 0.143008 0.413330 0.144597 0.414307 0.145127 0.413818 0.146186 0.414062 0.146716 0.413574 0.147246 0.413818
1 0.326271 0.412109 0.326271 0.412842 0.328390 0.413574 0.328390 0.414307 0.329449 0.414795 0.331038 0.414307 0.331568 0.414795 0.332627 0.414795 0.335275 0.413574 0.334216 0.413330 0.330508 0.414062 0.329449 0.412598
1 0.616525 0.411865 0.613347 0.412598 0.613347 0.414307 0.608051 0.416992 0.606992 0.416992 0.606462 0.417725 0.606992 0.417236 0.608051 0.417236 0.609110 0.417969 0.610169 0.417725 0.612818 0.416016 0.615996 0.414795 0.618114 0.415771 0.618114 0.414307 0.615996 0.413574 0.617055 0.413330
1 0.597987 0.411621 0.595869 0.412354 0.597458 0.413818 0.599576 0.414551 0.599576 0.415283 0.597987 0.415527 0.596398 0.415039 0.595339 0.416016 0.595339 0.418213 0.594280 0.417969 0.593220 0.418701 0.591631 0.418457 0.588453 0.419189 0.590572 0.418701 0.591102 0.418945 0.591631 0.418457 0.592691 0.418945 0.591631 0.419678 0.589513 0.419678 0.589513 0.420410 0.587924 0.421387 0.588453 0.421875 0.589513 0.421875 0.592691 0.420654 0.593750 0.419678 0.595869 0.420166 0.595339 0.418945 0.597987 0.417969 0.599047 0.418457 0.600106 0.417969 0.601165 0.418213 0.598517 0.417969 0.599047 0.416992 0.597987 0.416748 0.600106 0.416016 0.601165 0.415039 0.599047 0.413818 0.599047 0.412109
1 0.111229 0.409180 0.110169 0.409668 0.110699 0.410889 0.112288 0.411133 0.110699 0.412109 0.112288 0.411865 0.113347 0.412598 0.113347 0.410156
1 0.320975 0.408691 0.320445 0.409180 0.317267 0.409668 0.316208 0.410645 0.314089 0.410889 0.315678 0.413818 0.317267 0.413574 0.318326 0.412842 0.318856 0.410400 0.317797 0.410156 0.320975 0.409912
1 0.615466 0.410645 0.615466 0.409912 0.613877 0.410156 0.612288 0.409668 0.612818 0.409180 0.610699 0.409180 0.610699 0.408203 0.609640 0.408691 0.601695 0.408691 0.601695 0.409912 0.609640 0.408936
1 0.381886 0.408203 0.381356 0.408691 0.380826 0.408447 0.381356 0.412109 0.382415 0.412842 0.381886 0.411865 0.384534 0.409668
1 0.323093 0.408936 0.324153 0.409424 0.324153 0.410400 0.325212 0.409912 0.326271 0.410889 0.330508 0.410889 0.331568 0.410400 0.332097 0.411133 0.330508 0.411377 0.331568 0.411621 0.330508 0.411865 0.330508 0.412354 0.332097 0.411133 0.333157 0.411377 0.334746 0.410889 0.340042 0.410889 0.343750 0.412354 0.342691 0.411377 0.340572 0.410889 0.340042 0.409668 0.338453 0.410156 0.335805 0.409912 0.333686 0.410400 0.332097 0.409912 0.329979 0.407959 0.327860 0.408203 0.326801 0.409912 0.325212 0.408936
1 0.465572 0.407715 0.461335 0.407959 0.459216 0.408936 0.458157 0.408936 0.457627 0.409668 0.458686 0.410400 0.460275 0.410400 0.464513 0.408447 0.465042 0.408936
1 0.172669 0.407715 0.163665 0.413330 0.158369 0.414062 0.159428 0.414795 0.158898 0.415039 0.165784 0.414795 0.177436 0.417725 0.177966 0.417236 0.176377 0.417236 0.176907 0.416504 0.179025 0.417236 0.180085 0.417236 0.165784 0.413574 0.170551 0.409912 0.173729 0.408203
1 0.884004 0.407471 0.885593 0.408936 0.890360 0.409668 0.890360 0.408936 0.888771 0.408203 0.888242 0.408447 0.887182 0.407715 0.885593 0.407959 0.885064 0.407471
1 0.643538 0.407471 0.643008 0.407227 0.641949 0.407959 0.641949 0.409180 0.640360 0.409180 0.637712 0.407227 0.637182 0.407471 0.638771 0.408691 0.638242 0.408936 0.633475 0.408936 0.630826 0.408447 0.628178 0.409180 0.629237 0.410645 0.628708 0.412109 0.632415 0.413086 0.629767 0.411377 0.630297 0.409424 0.638771 0.409668 0.639831 0.410156 0.639301 0.410645 0.636123 0.411133 0.634004 0.413086 0.636123 0.412109 0.635593 0.411865 0.638242 0.410889 0.640360 0.410645 0.642479 0.410889 0.644068 0.411865 0.646186 0.411621 0.645127 0.411621 0.643538 0.410645 0.644068 0.409912 0.645657 0.409424 0.645127 0.408691 0.643538 0.408203
1 0.394068 0.407471 0.394068 0.408447 0.398835 0.408447 0.402542 0.409180 0.406780 0.409424 0.406250 0.408447 0.402542 0.407715 0.398305 0.407715 0.396716 0.407227
1 0.207097 0.407471 0.211335 0.409180 0.212394 0.408691 0.212394 0.407715 0.209746 0.406738 0.209216 0.407715 0.208157 0.407227
1 0.090042 0.407471 0.091102 0.407959 0.091631 0.407471 0.094280 0.407471 0.095339 0.407959 0.095339 0.408936 0.093220 0.408936 0.092691 0.408447 0.092691 0.408936 0.095339 0.409424 0.096398 0.410156 0.095339 0.409180 0.096398 0.408691 0.097987 0.408691 0.099576 0.409424 0.100636 0.409424 0.101165 0.408936 0.099576 0.408447 0.099047 0.409180 0.096398 0.408447 0.096398 0.407471 0.097458 0.406982 0.100106 0.407227 0.099047 0.406738 0.093220 0.406738 0.091102 0.407715
1 0.850636 0.406494 0.847458 0.406494 0.846928 0.407227 0.844280 0.406738 0.842161 0.407471 0.842161 0.407959 0.844809 0.407959
1 0.131886 0.406494 0.131886 0.408691 0.133475 0.408691 0.134004 0.408203 0.135593 0.409424 0.135593 0.410156 0.136123 0.408691 0.132945 0.406738 0.132415 0.407227
1 0.580508 0.406250 0.537076 0.422852 0.540784 0.450195 0.431674 0.504395 0.404131 0.457275 0.418962 0.443848 0.431144 0.451416 0.424788 0.433594 0.397775 0.451660 0.402013 0.423340 0.385064 0.443848 0.373411 0.426270 0.352754 0.427246 0.370233 0.442383 0.330508 0.437988 0.331568 0.459229 0.353814 0.451660 0.337394 0.439453 0.400424 0.454590 0.381356 0.523926 0.075742 0.634766 0.000000 0.648926 0.021186 0.661133 0.000000 0.659180 0.001059 0.714111 0.477754 0.499756 0.542903 0.489014 0.573623 0.500488 0.644597 0.493408 0.635593 0.504150 0.652542 0.492432 0.680614 0.496338 0.654131 0.465576 0.638771 0.478271 0.668962 0.483887 0.645127 0.491699 0.571504 0.482422 0.553496 0.467529 0.550318 0.487061 0.499470 0.489502 0.559852 0.453125 0.645127 0.447021 0.561441 0.451416 0.552966 0.424316
1 0.128178 0.405518 0.125000 0.405273 0.123941 0.405762 0.121822 0.405762 0.121292 0.407227 0.122881 0.407227 0.123411 0.407715 0.121822 0.408936 0.121292 0.407959 0.121292 0.409180 0.120233 0.409668 0.118644 0.409180 0.118644 0.410156 0.119703 0.410156 0.117585 0.411865 0.118644 0.412598 0.120233 0.410156 0.122352 0.409180 0.122881 0.408203 0.124470 0.407471 0.125530 0.407715 0.128178 0.406250
1 0.084746 0.405029 0.087394 0.406006 0.092691 0.406006 0.090572 0.404785 0.088983 0.404541
1 0.622352 0.405518 0.619703 0.404053 0.617585 0.404053 0.616525 0.404541 0.615466 0.406494 0.613347 0.406006 0.602754 0.406250 0.600106 0.405762 0.599576 0.405273 0.601165 0.406250 0.600636 0.406982 0.595339 0.405762 0.593750 0.405762 0.593220 0.406494 0.594280 0.406738 0.594280 0.407959 0.595339 0.407471 0.596928 0.407471 0.597458 0.406982 0.601695 0.406738 0.602754 0.406982 0.602754 0.407471 0.606992 0.407471 0.608581 0.406738 0.610169 0.406738 0.610169 0.407227 0.611758 0.407471 0.612288 0.406982 0.614407 0.406982 0.617585 0.406006 0.619174 0.405029 0.620763 0.405029 0.621822 0.405518 0.621822 0.406250
1 0.503178 0.406494 0.504237 0.406982 0.505826 0.406982 0.507945 0.406006 0.508475 0.406982 0.507415 0.407227 0.507415 0.408447 0.508475 0.407471 0.523305 0.407715 0.526483 0.409668 0.525953 0.410889 0.527542 0.411377 0.529661 0.415039 0.531780 0.415527 0.531780 0.416260 0.533898 0.416748 0.534958 0.416504 0.533898 0.415039 0.531780 0.414795 0.532309 0.413574 0.531780 0.414062 0.530720 0.413574 0.531250 0.412598 0.532839 0.412598 0.532839 0.411621 0.531780 0.411377 0.530191 0.408447 0.528602 0.408203 0.527013 0.409180 0.525424 0.408447 0.527013 0.407471 0.527013 0.405518 0.528072 0.405029 0.527013 0.403320 0.524364 0.403320 0.522775 0.403809 0.520657 0.406738 0.519068 0.406738 0.518008 0.406250 0.515890 0.406738 0.511123 0.406494 0.509004 0.405518 0.508475 0.404541 0.505826 0.405029 0.506886 0.405762 0.505826 0.406250
1 0.159958 0.402832 0.154131 0.404053 0.153602 0.405273 0.152013 0.406250 0.152542 0.407227 0.157839 0.406982 0.153072 0.407227 0.152013 0.406494 0.154131 0.405762 0.154661 0.406006 0.155191 0.405762 0.154131 0.405518 0.156250 0.404785 0.157309 0.403809 0.157839 0.404297 0.158369 0.403076
1 0.310381 0.402588 0.310381 0.403076 0.308263 0.403564 0.308263 0.404541 0.307203 0.405273 0.308263 0.405762 0.307203 0.406494 0.308263 0.406738 0.307203 0.408447 0.310381 0.409424 0.311441 0.409180 0.311970 0.407715 0.309852 0.405762 0.309852 0.404297 0.310911 0.404053 0.309852 0.403320
1 0.758475 0.401611 0.758475 0.403564 0.764831 0.403809 0.762712 0.402344
1 0.272775 0.402100 0.274364 0.402588 0.275953 0.402100 0.279661 0.402100 0.283369 0.403564 0.283898 0.402100 0.280191 0.402100 0.275424 0.400879
1 0.085805 0.400879 0.084216 0.400879 0.082627 0.402344 0.084746 0.403564 0.088983 0.402344 0.088453 0.401611
1 0.116525 0.400635 0.115466 0.401855 0.115466 0.403320 0.117585 0.403564 0.119174 0.402344 0.117585 0.400635
1 0.789195 0.400146 0.788136 0.400146 0.787606 0.402100 0.785487 0.402832 0.779661 0.403076 0.778602 0.402588 0.777013 0.402588 0.773835 0.403564 0.778602 0.406738 0.778602 0.407959 0.782839 0.407471 0.784428 0.405029 0.786547 0.403809 0.789725 0.403564 0.792373 0.404785 0.794492 0.404297 0.795021 0.403809 0.791314 0.402832 0.791843 0.402100
1 0.830508 0.399414 0.827860 0.399414 0.826801 0.400391 0.824153 0.401123 0.821504 0.400635 0.818856 0.400879 0.816208 0.402100 0.815148 0.404297 0.809852 0.404785 0.808792 0.405273 0.808792 0.407715 0.807203 0.407715 0.804025 0.406250 0.801907 0.406250 0.799788 0.409912 0.798199 0.411377 0.796081 0.412109 0.791843 0.412109 0.791843 0.410889 0.788136 0.410156 0.788665 0.411133 0.787606 0.412109 0.782309 0.412354 0.780720 0.413330 0.783369 0.414551 0.788136 0.414795 0.792903 0.412842 0.796610 0.413330 0.797140 0.416748 0.793432 0.420898 0.794492 0.420898 0.796081 0.419922 0.797140 0.420166 0.803496 0.418701 0.806674 0.418457 0.808263 0.417725 0.807203 0.415771 0.807733 0.415039 0.810381 0.414795 0.810911 0.415283 0.813030 0.414551 0.812500 0.413330 0.809322 0.413330 0.808792 0.412598 0.806144 0.413086 0.807203 0.413574 0.805085 0.415039 0.800847 0.412354 0.802436 0.411133 0.804555 0.411133 0.805614 0.409424 0.810911 0.409668 0.810911 0.408203 0.813559 0.407227 0.816737 0.408203 0.816208 0.408691 0.818856 0.407959 0.818326 0.406982 0.821504 0.406250 0.818326 0.404053 0.819915 0.402344 0.824682 0.403076 0.825742 0.405029 0.831568 0.404541 0.833157 0.401855 0.830508 0.400391
1 0.137712 0.400391 0.139301 0.401367 0.144597 0.402344 0.147775 0.401855 0.146716 0.401611 0.145657 0.400146 0.143538 0.399414 0.140360 0.399658
1 0.615996 0.398926 0.614936 0.399170 0.613877 0.400391 0.612288 0.400391 0.611229 0.399902 0.610699 0.400391 0.609640 0.399902 0.610169 0.399658 0.609640 0.400146 0.611229 0.401123 0.614407 0.401367 0.615466 0.400635
1 0.432733 0.398926 0.431144 0.398926 0.429025 0.400146 0.429025 0.401611 0.431144 0.402832 0.432203 0.402100 0.431674 0.399658
1 0.621822 0.398438 0.621822 0.399902 0.624470 0.404785 0.625530 0.405518 0.625530 0.406250 0.624470 0.406494 0.625530 0.406982 0.622352 0.407715 0.622352 0.409668 0.620763 0.409668 0.618114 0.408203 0.617585 0.408936 0.615466 0.409424 0.618114 0.409180 0.622352 0.410889 0.623941 0.410889 0.626589 0.409668 0.624470 0.408447 0.626589 0.407959 0.627648 0.407227 0.629767 0.406982 0.630826 0.406006 0.628708 0.406738 0.627119 0.406250 0.626059 0.404541 0.625000 0.404297 0.626059 0.402832 0.625000 0.402832 0.625530 0.401855 0.624470 0.401611 0.623411 0.399414
1 0.186441 0.398193 0.184852 0.400391 0.186970 0.400879 0.189089 0.400391 0.189619 0.400635 0.188559 0.400146 0.189619 0.399170 0.189089 0.398682 0.187500 0.398682
1 0.446504 0.401367 0.446504 0.401855 0.451271 0.402588 0.459216 0.402344 0.468220 0.405029 0.474047 0.404785 0.474576 0.405762 0.470339 0.406982 0.472458 0.408691 0.472987 0.411377 0.474047 0.411621 0.476695 0.411133 0.477225 0.410400 0.482521 0.411621 0.485699 0.410156 0.488347 0.409912 0.490466 0.408936 0.488877 0.408203 0.488877 0.406982 0.487818 0.407227 0.485699 0.406494 0.484640 0.406982 0.483051 0.406982 0.481992 0.406250 0.480403 0.406006 0.481462 0.405029 0.481992 0.405273 0.485699 0.404053 0.486229 0.404297 0.484640 0.403564 0.481462 0.403076 0.478284 0.403564 0.475106 0.402588 0.475106 0.401123 0.474047 0.401611 0.472987 0.401367 0.471398 0.401855 0.468750 0.400391 0.467161 0.400879 0.465572 0.399902 0.464513 0.399902 0.462924 0.399170 0.462924 0.398438 0.461864 0.397949 0.459746 0.398193 0.459746 0.398926 0.458157 0.399658 0.456568 0.398926 0.455508 0.398926 0.454449 0.399414 0.449153 0.400146
1 0.119703 0.398438 0.121822 0.399414 0.122881 0.398438 0.125530 0.398438 0.126059 0.399170 0.129237 0.400391 0.126059 0.400391 0.131356 0.400635 0.133475 0.402588 0.132945 0.401367 0.135064 0.401123 0.135593 0.401855 0.137182 0.402344 0.137712 0.404541 0.135064 0.405518 0.132945 0.405518 0.131886 0.404541 0.132415 0.404053 0.130297 0.405029 0.132415 0.405518 0.137182 0.405273 0.137712 0.402832 0.134534 0.400879 0.131886 0.400879 0.129767 0.399414 0.126589 0.398193 0.121822 0.397949
1 0.584216 0.397705 0.583157 0.399658 0.585275 0.399414 0.587394 0.400146 0.587394 0.401367 0.585805 0.402588 0.587394 0.403564 0.588983 0.403809 0.590042 0.403320 0.589513 0.399414 0.588983 0.398926
1 0.092161 0.402344 0.094809 0.403320 0.095339 0.402344 0.096398 0.402100 0.096398 0.401367 0.097987 0.400879 0.099047 0.400879 0.100636 0.401855 0.100636 0.402344 0.099576 0.402588 0.100636 0.403076 0.101165 0.402588 0.101695 0.402832 0.100636 0.401855 0.101165 0.401611 0.105932 0.401855 0.097458 0.400635 0.099047 0.400146 0.099047 0.398682 0.097987 0.397949 0.096398 0.397705 0.096398 0.400391 0.097458 0.400879 0.094280 0.401367
1 0.101165 0.397461 0.103284 0.398682 0.111229 0.401367 0.110699 0.399414 0.108051 0.398193 0.103814 0.397461
1 0.768538 0.397217 0.765890 0.397461 0.765360 0.398682 0.766949 0.399658 0.770127 0.398926 0.770127 0.397705
1 0.080508 0.396729 0.080508 0.398682 0.081568 0.399658 0.083157 0.399902 0.084746 0.398926 0.083157 0.399170 0.082097 0.398682 0.082627 0.397705 0.083686 0.397461 0.082627 0.396729
1 0.447034 0.396729 0.444915 0.396240 0.442797 0.396484 0.443856 0.398193 0.440678 0.398682 0.440678 0.399170 0.441737 0.399658 0.443326 0.399658 0.446504 0.397705
1 0.083686 0.395996 0.086864 0.397461 0.087394 0.397217 0.088983 0.398438 0.091631 0.399414 0.091102 0.398193 0.087394 0.396484
1 0.533898 0.395508 0.538665 0.397705 0.541314 0.397461 0.541843 0.396973 0.540254 0.395996 0.538136 0.395996 0.535487 0.395264
1 0.565678 0.395020 0.565148 0.395508 0.567797 0.397705 0.568856 0.397705 0.569386 0.397217 0.569915 0.397705 0.570445 0.397461 0.570975 0.398926 0.575212 0.399902 0.572034 0.398193 0.572564 0.397705 0.570975 0.396973 0.570445 0.397217
1 0.369703 0.394531 0.367585 0.394775 0.366525 0.396240 0.364407 0.397217 0.366525 0.398682 0.367585 0.395996 0.368114 0.395752 0.370233 0.396484
1 0.919492 0.394287 0.915254 0.394531 0.913665 0.395996 0.913665 0.396973 0.915254 0.396729 0.917903 0.394775
1 0.560381 0.394043 0.557203 0.394775 0.557203 0.396729 0.558792 0.396729 0.560911 0.395752 0.561441 0.394775 0.560381 0.394531
1 0.790254 0.393799 0.789725 0.394287 0.794492 0.396973 0.796610 0.396973 0.796610 0.397705 0.795551 0.398193 0.796610 0.398682 0.796081 0.399170 0.800318 0.399414 0.801377 0.398438 0.798729 0.396729 0.797669 0.395020 0.795551 0.394287
1 0.414195 0.393799 0.409428 0.395264 0.411017 0.396240 0.409428 0.396973 0.406780 0.396973 0.407309 0.397705 0.410487 0.398193 0.412606 0.400146 0.412606 0.401123 0.409958 0.402344 0.406250 0.399902 0.404131 0.399414 0.401483 0.400635 0.401483 0.401123 0.404131 0.402588 0.406250 0.402588 0.409958 0.403320 0.412076 0.404785 0.412606 0.403564 0.416314 0.401611 0.416314 0.400879 0.418432 0.400391 0.416314 0.398193 0.411547 0.397461 0.411547 0.396484 0.415784 0.395508 0.415254 0.394287
1 0.308792 0.393799 0.308263 0.394287 0.309852 0.394775 0.309852 0.395508 0.314619 0.397705 0.313559 0.399414 0.314089 0.399658 0.316208 0.398682 0.317797 0.399658 0.320975 0.400146 0.322034 0.400635 0.321504 0.401123 0.326271 0.402832 0.324153 0.403320 0.325212 0.404053 0.326801 0.403564 0.329979 0.404053 0.330508 0.405029 0.333686 0.405273 0.333157 0.405762 0.334746 0.404785 0.337394 0.404785 0.337394 0.404297 0.336335 0.404785 0.332627 0.404785 0.332627 0.404297 0.328919 0.402832 0.326271 0.402832 0.322564 0.401611 0.322564 0.399658 0.319386 0.398438 0.315678 0.398438 0.315148 0.396484
1 0.200212 0.393066 0.200742 0.394531 0.202860 0.395508 0.203919 0.394775 0.203390 0.393799 0.202331 0.393555 0.202331 0.393066
1 0.122352 0.392090 0.123411 0.393311 0.130826 0.397461 0.130826 0.394287 0.126589 0.392578
1 0.532839 0.391602 0.530720 0.392090 0.530720 0.395752 0.529661 0.397217 0.532839 0.396484
1 0.875530 0.390869 0.873941 0.391357 0.873411 0.392334 0.876059 0.393555 0.876059 0.395264 0.877648 0.395264 0.879237 0.394775 0.880826 0.393311 0.879237 0.393311 0.877648 0.392578 0.876589 0.390869
1 0.104873 0.390869 0.104343 0.392334 0.105403 0.391357 0.106992 0.391357 0.108051 0.391846 0.108051 0.392578 0.106462 0.393311 0.105932 0.392822 0.104873 0.392822 0.104873 0.393799 0.106462 0.394531 0.108581 0.393311 0.108581 0.392090
1 0.448093 0.390381 0.444915 0.390625 0.442267 0.391846 0.441208 0.391846 0.442267 0.392090 0.442797 0.394043 0.441737 0.394775 0.440678 0.394775 0.441208 0.395752 0.441737 0.394775 0.442797 0.394287 0.443326 0.394531 0.448093 0.392090
1 0.073093 0.389648 0.073093 0.390381 0.075742 0.391113 0.078919 0.391113 0.080508 0.390381 0.079979 0.390625 0.077860 0.389160 0.076271 0.389160 0.075742 0.389893
1 0.948093 0.389160 0.949153 0.391357 0.951271 0.391602 0.952860 0.393066 0.954449 0.392822 0.958157 0.390869 0.958157 0.390381 0.957097 0.390381 0.954449 0.388916 0.952331 0.389404
1 0.317267 0.389648 0.318326 0.389404 0.322564 0.389893 0.325212 0.389404 0.322034 0.389404 0.320445 0.388916 0.319386 0.386963
1 0.767479 0.386719 0.766419 0.387207 0.768538 0.389160 0.772246 0.390137 0.772246 0.386719 0.770657 0.386230
1 0.919492 0.386230 0.919492 0.387695 0.916314 0.389160 0.916314 0.390381 0.918962 0.390869 0.921081 0.390869 0.922669 0.390381 0.925318 0.391846 0.928496 0.391846 0.929025 0.391357 0.930085 0.391602 0.930614 0.392578 0.929025 0.393799 0.930085 0.394287 0.930085 0.395264 0.932203 0.395508 0.931674 0.397949 0.935911 0.397949 0.939619 0.397217 0.942267 0.395264 0.947564 0.393066 0.947564 0.391846 0.941737 0.391113 0.940678 0.391357 0.939619 0.390381 0.936970 0.391357 0.933263 0.390381 0.931674 0.391113 0.930085 0.390625 0.929555 0.390869 0.928496 0.390137 0.929025 0.389648 0.926907 0.389404 0.924258 0.388428 0.926907 0.387451 0.929555 0.387207 0.929025 0.385742 0.926907 0.385254 0.923729 0.385254 0.920021 0.386719
1 0.104343 0.386963 0.096928 0.386719 0.096398 0.386475 0.097987 0.385254 0.095869 0.385010 0.096398 0.385254 0.095339 0.385742 0.096398 0.385986 0.096398 0.386475 0.092161 0.386963 0.093750 0.388428 0.091102 0.388672 0.091631 0.389160 0.090572 0.389404 0.094280 0.390381 0.091631 0.391602 0.091102 0.391357 0.087394 0.392090 0.085805 0.391846 0.085275 0.392334 0.087394 0.393066 0.086864 0.393799 0.090572 0.394043 0.092161 0.393311 0.099047 0.393311 0.101695 0.392090 0.102225 0.391113 0.101695 0.390869 0.101695 0.391357 0.100636 0.391602 0.098517 0.390625 0.096398 0.390625 0.095339 0.390137 0.095339 0.388916 0.096398 0.388672 0.097458 0.389404 0.103814 0.388916 0.104873 0.388428
1 0.110169 0.384521 0.109640 0.385254 0.112818 0.386475 0.114407 0.386475 0.114407 0.385010 0.112818 0.384521
1 0.722458 0.384277 0.719809 0.384521 0.719280 0.385742 0.720339 0.386230 0.722987 0.385742
1 0.125000 0.384277 0.124470 0.388428 0.127119 0.388916 0.130826 0.388184 0.131886 0.387207 0.130297 0.387939 0.127119 0.387939 0.126059 0.386963 0.126589 0.386475 0.125000 0.386475
1 0.222987 0.384033 0.223517 0.384521 0.229873 0.385010 0.231462 0.386475 0.233051 0.385986 0.232521 0.385010 0.229873 0.383789 0.224047 0.383545
1 0.946504 0.383301 0.942267 0.384277 0.943326 0.385986 0.942267 0.386719 0.938559 0.387207 0.938030 0.387695 0.936441 0.387695 0.938030 0.389648 0.939619 0.388672 0.939089 0.387695 0.940678 0.386963 0.942797 0.386963 0.946504 0.387939 0.946504 0.386963 0.948093 0.385742 0.948093 0.384277
1 0.537606 0.383057 0.536017 0.382812 0.533898 0.383545 0.532839 0.384766 0.531250 0.384521 0.531780 0.383789 0.530720 0.383301 0.530191 0.384277 0.528602 0.383789 0.523835 0.385254 0.519597 0.385010 0.519068 0.385498 0.521716 0.385986 0.528072 0.385498 0.529661 0.385010 0.533369 0.385498 0.533898 0.386963 0.532839 0.390381 0.533898 0.390381 0.533369 0.389160 0.535487 0.383545
1 0.314089 0.382812 0.314089 0.384033 0.310381 0.387451 0.309322 0.387695 0.308263 0.386963 0.309322 0.388916 0.307733 0.390381 0.307733 0.391357 0.314089 0.384521 0.315678 0.384033 0.316208 0.384277
1 0.234110 0.381104 0.236758 0.383057 0.238877 0.383545 0.241525 0.383545 0.241525 0.382812 0.239407 0.382324 0.239407 0.381592 0.234640 0.380859
1 0.266949 0.378906 0.266949 0.380127 0.270127 0.381348 0.270127 0.382324 0.271186 0.381592 0.272246 0.381592 0.273835 0.382324 0.271716 0.383057 0.275953 0.383057 0.275953 0.382568 0.277542 0.381836 0.280720 0.381836 0.279131 0.381348 0.274364 0.381348 0.271186 0.380859 0.269068 0.379395
1 0.546081 0.377441 0.538136 0.380127 0.540784 0.381836 0.541843 0.380859 0.546081 0.379395 0.547140 0.378418
1 0.291843 0.377441 0.289725 0.378174 0.288136 0.377930 0.287606 0.380615 0.284958 0.382080 0.284428 0.383789 0.280720 0.383789 0.280191 0.384277 0.277542 0.383789 0.282309 0.385010 0.287076 0.386963 0.287076 0.384033 0.289195 0.383057 0.289195 0.381104 0.291843 0.378906
1 0.254767 0.377441 0.253708 0.378418 0.252119 0.378418 0.252119 0.379150 0.253708 0.379395 0.250000 0.381348 0.252648 0.381348 0.255297 0.380127 0.255826 0.377930
1 0.908369 0.376953 0.906250 0.377930 0.904661 0.377930 0.901483 0.379150 0.903072 0.379395 0.903602 0.380127 0.901483 0.381104 0.900424 0.382568 0.898305 0.382812 0.897775 0.383301 0.893538 0.384277 0.893538 0.384766 0.888771 0.387451 0.891419 0.388428 0.892479 0.390869 0.899364 0.391113 0.904131 0.393311 0.907309 0.392334 0.909428 0.392334 0.913665 0.391113 0.914725 0.390381 0.915254 0.390625 0.913665 0.389160 0.915784 0.387695 0.913665 0.386719 0.915254 0.386230 0.916314 0.384277 0.914195 0.383057 0.912076 0.382568 0.911547 0.380615 0.908898 0.379883 0.908369 0.378906 0.910487 0.377930
1 0.914195 0.375977 0.912606 0.376953 0.912606 0.377930 0.914195 0.378174 0.916314 0.379150 0.916314 0.380127 0.917373 0.380127 0.918432 0.379150 0.916843 0.379150 0.916843 0.378418 0.913665 0.377686 0.913665 0.376953 0.915254 0.376221
1 0.944386 0.378662 0.946504 0.379639 0.952331 0.379883 0.956568 0.381348 0.958157 0.378418 0.962394 0.377441 0.966631 0.378906 0.966631 0.381592 0.965042 0.382568 0.966102 0.382568 0.967691 0.381104 0.967161 0.380859 0.971398 0.379150 0.971928 0.376953 0.973517 0.375977 0.968220 0.375732 0.956568 0.377197 0.956568 0.376465 0.955508 0.376465 0.955508 0.375488 0.956568 0.374756 0.954449 0.375488 0.953919 0.377197 0.954979 0.377441 0.953919 0.378174 0.948093 0.378662 0.946504 0.377930
1 0.184322 0.373779 0.183263 0.374512 0.184322 0.376953 0.188559 0.377197 0.189089 0.375977 0.188030 0.375977 0.186441 0.375244 0.186441 0.374512
1 0.278072 0.373535 0.276483 0.375488 0.280191 0.376953 0.280720 0.378906 0.282839 0.380371 0.282309 0.381592 0.283369 0.382080 0.282839 0.381592 0.283898 0.381348 0.283898 0.379150 0.282839 0.378906 0.281780 0.376709 0.277542 0.375244
1 0.134004 0.373291 0.131886 0.374512 0.131886 0.375244 0.133475 0.375977 0.135593 0.375000 0.135064 0.373535
1 0.883475 0.373047 0.881886 0.374512 0.881886 0.377197 0.884534 0.379150 0.885593 0.378662 0.884004 0.377930
1 0.465042 0.374512 0.465042 0.375732 0.466631 0.376953 0.462924 0.378906 0.464513 0.379395 0.467161 0.379395 0.468750 0.377930 0.469280 0.378418 0.469280 0.376709 0.469809 0.376465 0.470339 0.376953 0.470339 0.375732 0.468220 0.374756 0.470869 0.374023 0.472987 0.374023 0.474576 0.374512 0.474576 0.375732 0.473517 0.375977 0.474047 0.377441 0.475106 0.377197 0.475636 0.377686 0.478284 0.378174 0.479873 0.377197 0.481992 0.377197 0.484110 0.377930 0.484640 0.379150 0.488347 0.379150 0.488877 0.378174 0.487288 0.376221 0.487288 0.375000 0.486229 0.375000 0.484640 0.375732 0.484110 0.376709 0.483051 0.375488 0.482521 0.375977 0.480403 0.375977 0.477225 0.377197 0.475106 0.376465 0.474576 0.375000 0.475636 0.374512 0.476165 0.374756 0.475106 0.374268 0.475106 0.373047 0.473517 0.374023 0.471928 0.373779 0.472458 0.373291 0.470869 0.373291 0.469280 0.373779 0.466102 0.373779
1 0.194386 0.372559 0.193326 0.373047 0.192797 0.372803 0.192797 0.373779 0.197034 0.375488 0.197564 0.376221 0.196504 0.376953 0.194915 0.377197 0.194386 0.378174 0.194915 0.379150 0.197034 0.379150 0.199682 0.377686 0.199682 0.376221 0.200742 0.376465 0.200742 0.376953 0.202860 0.376221 0.204979 0.376221 0.203919 0.375732 0.202331 0.376221 0.199682 0.376221 0.197034 0.375000 0.197564 0.374023
1 0.151483 0.372559 0.152013 0.373291 0.149364 0.375000 0.149894 0.375488 0.148305 0.375977 0.148305 0.376709 0.146186 0.377441 0.146186 0.378662 0.144068 0.379150 0.147775 0.378662 0.147775 0.377930 0.149364 0.377197 0.153072 0.377441 0.154131 0.376953 0.154131 0.374268
1 0.444386 0.372314 0.441737 0.372803 0.442797 0.373535 0.442797 0.376709 0.447034 0.373779 0.446504 0.373047
1 0.872881 0.373535 0.873411 0.373779 0.878708 0.372070 0.877119 0.372070 0.876589 0.371582 0.872881 0.371582
1 0.423729 0.370605 0.423199 0.371582 0.425318 0.373291 0.426907 0.373535 0.426907 0.374268 0.429025 0.375732 0.430614 0.375977 0.430085 0.375000 0.427436 0.373779 0.425847 0.371582 0.424258 0.371826 0.423199 0.371338 0.424258 0.370850
1 0.078919 0.370361 0.076801 0.371094 0.075742 0.370605 0.074153 0.371338 0.074153 0.372803 0.073093 0.373291 0.074153 0.373047 0.074153 0.374268 0.074682 0.373535 0.076271 0.374512 0.075212 0.375000 0.076271 0.374512 0.078919 0.374756 0.077860 0.374268 0.077860 0.373535 0.075742 0.372803 0.077860 0.371582 0.078919 0.371826 0.078919 0.371094 0.079979 0.370850
1 0.551907 0.370117 0.551907 0.370605 0.555085 0.372070 0.555085 0.372803 0.556674 0.371826 0.558263 0.372559 0.561970 0.371338 0.560911 0.370605 0.559322 0.370361 0.558792 0.370850 0.557733 0.370850 0.554025 0.369873
1 0.489936 0.369629 0.489407 0.370361 0.490996 0.370850 0.491525 0.372314 0.490466 0.372803 0.493114 0.373047 0.494174 0.372559 0.494174 0.371582 0.491525 0.370605 0.492055 0.369629
1 0.591102 0.369385 0.591102 0.370361 0.589513 0.371338 0.585275 0.369629 0.584216 0.370117 0.583686 0.369873 0.584746 0.374023 0.587924 0.374268 0.589513 0.373535 0.589513 0.371826 0.591631 0.370605
1 0.461335 0.370605 0.465572 0.371338 0.468220 0.370117 0.466631 0.370117 0.465572 0.369629 0.463983 0.370117 0.462394 0.369385 0.461335 0.369873
1 0.226165 0.369385 0.224047 0.370850 0.227225 0.371826 0.228814 0.371094 0.228284 0.370117
1 0.145657 0.368164 0.144597 0.367920 0.139831 0.369141 0.140360 0.370605 0.137712 0.371826 0.138242 0.372314 0.141949 0.371582 0.145127 0.370361
1 0.720869 0.367432 0.719809 0.367432 0.719280 0.366943 0.718750 0.367188 0.717161 0.366211 0.710275 0.369141 0.710805 0.370117 0.712394 0.370117 0.716102 0.368408 0.718750 0.368408
1 0.628178 0.365967 0.633475 0.366455 0.635064 0.365479 0.632945 0.364990 0.630297 0.364990
1 0.076271 0.364990 0.076271 0.366211 0.073093 0.366699 0.075212 0.367676 0.077331 0.366943 0.079979 0.366699 0.078390 0.366943 0.076801 0.366211 0.078919 0.365723
1 0.676907 0.363770 0.676907 0.365234 0.675847 0.366211 0.677436 0.366943 0.676377 0.368652 0.679555 0.367676 0.680614 0.367920 0.683263 0.367432 0.679025 0.365723 0.679555 0.365234
1 0.131356 0.367920 0.129237 0.367188 0.128708 0.366211 0.127119 0.365479 0.125000 0.365234 0.121822 0.363770 0.120233 0.363770 0.114936 0.366455 0.115996 0.369873 0.113347 0.370605 0.111229 0.370361 0.110169 0.372314 0.108051 0.373047 0.106462 0.373047 0.104343 0.374268 0.108051 0.373535 0.109110 0.375000 0.109640 0.374268 0.111758 0.373779 0.112818 0.374512 0.112818 0.374023 0.115466 0.373047 0.116525 0.371338 0.119174 0.370605 0.123411 0.370850 0.123941 0.371338 0.125530 0.370605 0.130826 0.370605 0.129767 0.370361 0.131356 0.369629
1 0.694915 0.363525 0.693326 0.364258 0.692797 0.363525 0.691737 0.363525 0.688559 0.365234 0.686970 0.365479 0.686441 0.366211 0.688030 0.365723 0.688559 0.366211 0.686970 0.366943 0.685911 0.366699 0.688559 0.367188 0.689089 0.366211 0.690148 0.365723 0.691208 0.365967 0.694915 0.364014
1 0.349047 0.364258 0.349047 0.365234 0.355932 0.366455 0.355403 0.364746 0.353284 0.363525 0.350106 0.363770
1 0.293432 0.364014 0.293962 0.364990 0.295021 0.364990 0.298199 0.366211 0.302436 0.365967 0.302966 0.365234 0.301377 0.364502 0.301907 0.363770 0.295021 0.363525
1 0.072034 0.363525 0.070445 0.364258 0.068856 0.364258 0.069386 0.365479 0.070445 0.365234 0.071504 0.365723 0.070975 0.365967 0.073093 0.365967 0.074153 0.365479 0.072034 0.364746
1 0.994703 0.363037 0.991525 0.364258 0.991525 0.366699 0.989936 0.368164 0.989936 0.369629 0.991525 0.369141 0.994703 0.369141 0.995763 0.368408 0.999470 0.367676 0.998941 0.367432 0.997881 0.368164 0.996292 0.367676 0.996292 0.363525
1 0.531780 0.362549 0.531250 0.363525 0.529661 0.364258 0.534958 0.366699 0.535487 0.366455 0.534428 0.366211 0.534428 0.363525 0.532839 0.362549
1 0.910487 0.363281 0.908898 0.362549 0.908898 0.362061 0.901483 0.363525 0.899894 0.364502 0.903072 0.363525 0.904661 0.363525 0.905191 0.363037 0.907309 0.363525
1 0.026483 0.362061 0.024364 0.363281 0.022246 0.363525 0.022246 0.365479 0.023305 0.365723 0.023305 0.366455 0.025424 0.366943 0.024894 0.367188 0.024894 0.364746 0.028072 0.363525 0.028072 0.362305
1 0.231462 0.362549 0.233581 0.362549 0.235699 0.363525 0.236758 0.362793 0.237818 0.362793 0.237818 0.362061 0.236758 0.361816 0.235169 0.362305 0.233581 0.361816
1 0.506356 0.361572 0.505297 0.362061 0.505297 0.362793 0.506886 0.362793 0.508475 0.364014 0.509534 0.363525 0.509534 0.362549 0.508475 0.362305 0.508475 0.361572
1 0.394068 0.362061 0.393008 0.361572 0.391949 0.362305 0.387182 0.363281 0.386653 0.364014 0.388242 0.364502 0.390360 0.363525 0.393008 0.363037
1 0.205508 0.361328 0.203390 0.362305 0.203390 0.364014 0.203919 0.364502 0.207097 0.365234 0.208157 0.364990 0.209216 0.363525 0.206568 0.362793
1 0.486229 0.360352 0.486758 0.363037 0.489936 0.363037 0.490996 0.364014 0.492585 0.363770 0.493114 0.362305 0.493644 0.363037 0.494703 0.363037 0.494174 0.362793 0.495763 0.361816 0.495233 0.361084 0.494174 0.360840 0.493114 0.362305 0.489936 0.363037 0.488877 0.362549 0.488347 0.361084 0.487288 0.361328
1 0.409428 0.361084 0.408898 0.361328 0.407839 0.360352 0.406780 0.360352 0.405191 0.361084 0.400953 0.360596 0.400424 0.361572 0.401483 0.362061 0.404131 0.362061 0.405720 0.361328
1 0.681674 0.360352 0.680085 0.359863 0.674788 0.360107 0.673729 0.360840 0.668962 0.360352 0.669492 0.360596 0.667373 0.361572 0.674258 0.361084 0.676377 0.362305 0.678496 0.361328 0.681674 0.360840
1 0.078390 0.361328 0.078390 0.363281 0.076271 0.363281 0.079449 0.363770 0.083686 0.365234 0.084746 0.364502 0.084746 0.363770 0.083686 0.363770 0.084216 0.363037 0.091102 0.363037 0.091631 0.362061 0.092161 0.363281 0.092691 0.362793 0.095869 0.364258 0.096398 0.366211 0.094809 0.367188 0.092691 0.366699 0.092691 0.365723 0.091631 0.366699 0.090042 0.366699 0.093750 0.367188 0.094280 0.367920 0.093220 0.368408 0.094280 0.368896 0.093220 0.369385 0.095869 0.368408 0.095869 0.367188 0.097458 0.366943 0.097987 0.368652 0.095339 0.370361 0.097458 0.370850 0.097458 0.371826 0.104343 0.371826 0.103814 0.370361 0.101695 0.369141 0.101695 0.368164 0.103284 0.367432 0.105403 0.367676 0.106462 0.366699 0.104343 0.366455 0.105932 0.366211 0.104873 0.365723 0.101695 0.365723 0.101165 0.366211 0.100106 0.365967 0.100106 0.365234 0.101165 0.364746 0.099047 0.364502 0.099047 0.363281 0.093750 0.362061 0.092161 0.359863 0.090042 0.360840 0.090572 0.361328 0.086864 0.362793 0.086335 0.362305 0.085275 0.362793 0.084746 0.362305 0.084216 0.362549 0.083686 0.361816 0.081568 0.361328
1 0.065148 0.360352 0.061970 0.359863 0.060911 0.360107 0.061441 0.360352 0.059322 0.361572 0.058792 0.360840 0.055085 0.361084 0.054555 0.361572 0.057203 0.362793 0.059322 0.362793 0.060911 0.361816 0.063559 0.361816 0.063030 0.361084
1 0.172669 0.358887 0.172140 0.359131 0.173729 0.360352 0.172669 0.360596 0.171610 0.360107 0.170551 0.360352 0.170551 0.360840 0.172669 0.361816 0.173199 0.361572 0.175847 0.362061 0.175318 0.360596 0.173729 0.360352 0.173729 0.359619 0.175318 0.359375 0.176907 0.360107 0.177436 0.359375 0.176377 0.358887
1 0.016419 0.358398 0.018538 0.359619 0.023305 0.360352 0.029661 0.360596 0.035487 0.359863 0.034958 0.359375 0.033898 0.359375 0.032839 0.360107 0.030720 0.359375 0.030191 0.359863 0.026483 0.359863 0.025424 0.360352 0.022775 0.359375 0.018538 0.359375
1 0.133475 0.357910 0.135593 0.359131 0.135064 0.358398 0.136123 0.358154 0.139301 0.359375 0.138771 0.360840 0.137712 0.361328 0.136123 0.361084 0.136123 0.359619 0.135593 0.360596 0.136653 0.361572 0.135593 0.361816 0.139301 0.361572 0.140360 0.361084 0.140360 0.358398 0.136653 0.357910 0.134534 0.358398
1 0.126059 0.357910 0.125530 0.359131 0.124470 0.358398 0.123411 0.358887 0.124470 0.359375 0.123941 0.360107 0.125000 0.361084 0.128708 0.362305 0.129767 0.360352 0.126589 0.358887
1 0.116525 0.357910 0.117585 0.358154 0.116525 0.360352 0.118644 0.360840 0.119703 0.360596 0.120233 0.359619 0.118644 0.358398
1 0.112288 0.358154 0.109110 0.358398 0.108051 0.357666 0.105932 0.357910 0.105403 0.358398 0.103284 0.358154 0.103284 0.358643 0.105403 0.359863 0.107521 0.360107 0.108581 0.359131 0.110699 0.359131 0.110699 0.358643
1 0.514301 0.357422 0.513771 0.357666 0.516419 0.359375 0.515890 0.360352 0.519068 0.360352 0.521186 0.361084 0.521186 0.363281 0.517479 0.364014 0.514301 0.365967 0.514831 0.367432 0.520657 0.367920 0.522246 0.368896 0.520127 0.370117 0.517479 0.369385 0.513771 0.371094 0.515890 0.374512 0.513771 0.375244 0.514301 0.375732 0.513242 0.376953 0.511123 0.376953 0.509534 0.376221 0.506356 0.378174 0.506356 0.378906 0.508475 0.380127 0.507415 0.383057 0.509004 0.383789 0.511123 0.383789 0.514831 0.381104 0.519068 0.380371 0.520127 0.379395 0.519068 0.378906 0.519597 0.377930 0.523835 0.377197 0.527013 0.378662 0.529131 0.382080 0.532309 0.382568 0.533369 0.378906 0.536547 0.378662 0.536547 0.378174 0.532839 0.378906 0.532309 0.379883 0.531250 0.379395 0.531780 0.378906 0.530720 0.378662 0.530191 0.376953 0.526483 0.376953 0.526483 0.375244 0.528072 0.374268 0.523305 0.373291 0.524894 0.372803 0.524894 0.371094 0.527013 0.370117 0.527013 0.368652 0.523835 0.367676 0.517479 0.366943 0.515890 0.366211 0.516419 0.365234 0.519597 0.364014 0.523835 0.364258 0.525953 0.363281 0.526483 0.363525 0.524364 0.362305 0.525953 0.359619 0.525424 0.359375 0.523835 0.360352 0.522775 0.360352 0.522775 0.359619 0.520657 0.358398 0.517479 0.358398
1 0.325212 0.356689 0.324153 0.357178 0.324153 0.358154 0.323093 0.358887 0.324682 0.359375 0.325212 0.358154 0.328390 0.358154 0.328390 0.358643 0.326271 0.358643 0.327860 0.358643 0.328919 0.359375 0.328390 0.357666
1 0.944915 0.355225 0.944386 0.355713 0.942267 0.355957 0.942267 0.355469 0.940678 0.356201 0.940678 0.357910 0.941737 0.357910 0.943326 0.357178 0.943326 0.356445 0.944386 0.356201
1 0.403602 0.355713 0.400424 0.354980 0.396716 0.355957 0.396186 0.356934 0.397246 0.357178 0.400424 0.356689 0.402013 0.355713 0.402542 0.356201
1 0.622352 0.354492 0.617585 0.355957 0.617585 0.356689 0.620233 0.357422 0.621822 0.358887 0.625000 0.359375 0.625000 0.360840 0.626059 0.360840 0.628708 0.357666 0.627119 0.356689 0.625000 0.356934 0.624470 0.356445 0.620233 0.356201 0.620763 0.355225
1 0.682733 0.354004 0.684322 0.355225 0.684322 0.356689 0.686441 0.358154 0.692267 0.357910 0.696504 0.359131 0.699153 0.358643 0.698093 0.357910 0.693326 0.356689 0.691737 0.356689 0.685911 0.354004
1 0.305085 0.354004 0.305614 0.354736 0.309852 0.355469 0.311441 0.355469 0.313030 0.354736 0.313030 0.354248 0.311970 0.354004
1 0.606992 0.353271 0.606992 0.354248 0.608051 0.354736 0.608051 0.355713 0.606992 0.355713 0.611229 0.357422 0.613347 0.356934 0.615996 0.355713 0.615996 0.354980 0.611758 0.354980 0.609640 0.353760
1 0.139831 0.352051 0.139831 0.353760 0.136653 0.354736 0.138242 0.354736 0.140360 0.353760 0.140890 0.356689 0.139831 0.356934 0.138242 0.355469 0.136653 0.355225 0.136123 0.355713 0.139301 0.357422 0.139301 0.357910 0.139301 0.357422 0.140890 0.356689 0.141949 0.356934 0.141949 0.358643 0.144068 0.359619 0.145657 0.359131 0.147775 0.359131 0.144068 0.359131 0.141949 0.358154 0.143008 0.357178 0.143008 0.354736
1 0.906780 0.350586 0.904131 0.351562 0.903072 0.353760 0.900953 0.354492 0.902013 0.354736 0.900953 0.355713 0.900953 0.356934 0.903602 0.357178 0.905720 0.356445 0.906780 0.356689 0.906780 0.356201 0.906250 0.356445 0.905191 0.355713 0.906250 0.354980 0.905720 0.354736 0.905191 0.355225 0.903602 0.354492 0.904661 0.351807 0.905720 0.351318 0.907839 0.351318
1 0.571504 0.352295 0.571504 0.351318 0.570445 0.350586 0.568856 0.350586 0.567267 0.351318 0.564089 0.350830 0.563030 0.351807 0.561441 0.351562 0.561970 0.352051 0.563559 0.351807 0.564619 0.352295 0.567267 0.352295 0.568326 0.351807 0.568856 0.352783
1 0.461864 0.350098 0.461335 0.351074 0.462394 0.351074 0.466102 0.352783 0.468220 0.354492 0.471398 0.355469 0.471398 0.356445 0.469809 0.357178 0.465572 0.357422 0.462924 0.356445 0.460805 0.354736 0.460805 0.356689 0.462394 0.357666 0.462924 0.358887 0.462394 0.359619 0.465042 0.357422 0.468220 0.358887 0.470869 0.359131 0.471928 0.359619 0.472987 0.361816 0.470869 0.363037 0.470339 0.364014 0.472458 0.363770 0.476695 0.361572 0.478814 0.361084 0.480932 0.361328 0.480932 0.362305 0.479343 0.363525 0.480403 0.364014 0.479873 0.364502 0.472987 0.366943 0.472987 0.367676 0.475636 0.368164 0.481462 0.364746 0.481462 0.360352 0.482521 0.359131 0.479343 0.360107 0.472987 0.359375 0.471928 0.358643 0.474047 0.357666 0.477754 0.357666 0.477225 0.357178 0.475106 0.356689 0.475106 0.355713 0.474047 0.355713 0.470869 0.353760
1 0.362288 0.350098 0.359110 0.350830 0.356992 0.352783 0.360699 0.352539 0.359640 0.351807
1 0.317267 0.350098 0.317797 0.350342 0.315678 0.350830 0.317267 0.352295 0.315678 0.354004 0.318326 0.354492 0.318326 0.350586
1 0.197034 0.351074 0.201271 0.353027 0.202331 0.354980 0.202331 0.357178 0.204449 0.356201 0.202331 0.353271 0.202860 0.353027 0.201801 0.352539 0.202331 0.352051 0.210275 0.352051 0.213453 0.352539 0.217161 0.354248 0.217691 0.356201 0.215572 0.357422 0.213983 0.356934 0.211864 0.356934 0.211864 0.358154 0.217691 0.359619 0.219809 0.359619 0.222458 0.361084 0.222458 0.362061 0.221398 0.362549 0.222458 0.363037 0.224576 0.362061 0.227225 0.362793 0.227754 0.361816 0.226695 0.361328 0.226695 0.360596 0.229873 0.359619 0.228814 0.360107 0.227225 0.359619 0.227754 0.359131 0.226165 0.359375 0.222458 0.358643 0.221398 0.356934 0.222458 0.356201 0.222987 0.354004 0.220869 0.351807 0.220869 0.350830 0.219280 0.349854 0.215572 0.351807 0.212924 0.351562 0.211335 0.350830 0.206038 0.350830 0.202860 0.351807
1 0.127119 0.349609 0.127648 0.350830 0.129237 0.351318 0.134004 0.350830 0.132945 0.350342
1 0.324153 0.349121 0.324153 0.350586 0.327331 0.350098 0.329979 0.351562 0.329979 0.352539 0.327331 0.353760 0.329979 0.354492 0.331038 0.353760 0.331038 0.352539 0.329449 0.351318 0.329449 0.349854 0.327331 0.349121
1 0.052966 0.351807 0.052966 0.353760 0.058263 0.354980 0.058792 0.354736 0.061970 0.355225 0.067797 0.357910 0.068326 0.356934 0.069386 0.356689 0.069386 0.355957 0.070445 0.355713 0.069915 0.355469 0.073093 0.354736 0.074153 0.356201 0.075742 0.356934 0.075742 0.358154 0.074153 0.359131 0.074153 0.359619 0.075212 0.359863 0.078919 0.358154 0.079449 0.358887 0.079449 0.357910 0.080508 0.357178 0.079979 0.356445 0.081038 0.356201 0.081568 0.354980 0.083157 0.355225 0.083686 0.356689 0.084746 0.355957 0.086864 0.356445 0.086864 0.357422 0.086335 0.357666 0.085805 0.357178 0.085805 0.358154 0.086864 0.358154 0.087394 0.359131 0.088453 0.358887 0.088453 0.356689 0.087394 0.356201 0.088453 0.355469 0.086335 0.355225 0.086864 0.353516 0.085805 0.352539 0.084216 0.352539 0.083157 0.351318 0.080508 0.351318 0.082097 0.350098 0.080508 0.349121 0.079449 0.349121 0.077860 0.350098 0.075212 0.349854 0.073623 0.349121 0.067797 0.349609 0.066737 0.350098 0.066208 0.351562 0.065148 0.351318 0.064619 0.350098 0.064619 0.351318 0.065678 0.351562 0.065678 0.352539 0.064619 0.353027 0.064089 0.352539 0.061970 0.352539 0.060381 0.351318 0.059322 0.351318 0.058263 0.352295 0.056674 0.352051 0.057733 0.351807 0.056674 0.351562
1 0.243644 0.350830 0.240996 0.350586 0.239936 0.350098 0.240466 0.349854 0.239407 0.350098 0.238877 0.349854 0.240466 0.348877 0.238347 0.348633 0.238347 0.349365 0.234110 0.350586 0.233581 0.351318 0.231462 0.351562 0.230403 0.352539 0.238347 0.352539 0.239936 0.351562 0.242055 0.351562
1 0.338983 0.349365 0.340042 0.349854 0.344280 0.349365 0.344280 0.351318 0.345339 0.352295 0.344809 0.352783 0.346928 0.353271 0.350636 0.355225 0.353284 0.355469 0.354343 0.356689 0.356992 0.356445 0.359640 0.359131 0.363347 0.359863 0.363877 0.359131 0.352754 0.354980 0.345339 0.351318 0.345339 0.348877 0.344280 0.348145 0.342691 0.348145
1 0.576801 0.347412 0.576801 0.349121 0.578390 0.349365 0.579979 0.350342 0.581038 0.350342 0.581038 0.349365
1 0.620233 0.351807 0.620233 0.350342 0.618114 0.348633 0.618114 0.346680 0.612288 0.348633 0.607521 0.349365 0.604343 0.350830 0.593750 0.350586 0.596928 0.351562 0.600636 0.351318 0.604343 0.352295 0.605932 0.352295 0.606992 0.351318 0.609640 0.350342 0.612818 0.350342 0.615996 0.351318
1 0.276483 0.346436 0.272775 0.347900 0.274894 0.348877 0.275953 0.348389 0.278602 0.348389 0.278602 0.347656 0.275953 0.346680
1 0.516949 0.345947 0.514301 0.347412 0.511653 0.347168 0.511653 0.348633 0.509004 0.349609 0.509534 0.349854 0.511123 0.349854 0.512712 0.349121 0.514301 0.349365 0.515360 0.348389 0.516419 0.348633 0.516419 0.347656 0.517479 0.347168 0.519068 0.348633 0.519597 0.348145
1 0.353284 0.346191 0.353284 0.346924 0.355932 0.347900 0.363347 0.347900 0.361229 0.346924 0.359110 0.348145 0.356462 0.347900 0.355932 0.346924 0.354873 0.346680 0.355932 0.346436 0.354873 0.346680 0.354343 0.345947
1 0.164195 0.345703 0.163665 0.346924 0.165784 0.348145 0.171610 0.350342 0.172669 0.350342 0.170021 0.348633 0.170021 0.347656 0.167903 0.348145 0.166843 0.346680
1 0.553496 0.345215 0.553496 0.346680 0.552436 0.347900 0.552966 0.348633 0.555085 0.349365 0.558263 0.348877 0.559322 0.348389 0.558263 0.347656 0.559852 0.346924 0.555085 0.345703 0.554555 0.345215
1 0.389831 0.345459 0.389301 0.345703 0.391949 0.346680 0.392479 0.347900 0.394068 0.347900 0.395657 0.346436 0.395127 0.345459
1 0.469809 0.344238 0.470869 0.345215 0.471398 0.344482 0.472458 0.344727 0.472458 0.345947 0.471398 0.346191 0.474576 0.346191 0.477225 0.345459 0.476695 0.344727 0.476165 0.345215 0.475106 0.345215 0.470869 0.343994
1 0.445445 0.343750 0.443856 0.344238 0.442797 0.343994 0.441737 0.344727 0.437500 0.345215 0.435381 0.346436 0.438030 0.347656 0.439089 0.348877 0.440678 0.349365 0.441737 0.348389 0.440678 0.347656 0.441208 0.346924 0.442267 0.346680 0.443856 0.347412 0.444915 0.346436 0.444386 0.345703 0.445445 0.345459
1 0.105932 0.344238 0.104873 0.343750 0.101695 0.343994 0.102225 0.344482 0.101165 0.345703 0.100106 0.345947 0.096928 0.345459 0.097458 0.347656 0.100106 0.347168 0.100636 0.347656 0.100636 0.346924 0.102754 0.346924 0.103284 0.345947 0.105403 0.345459 0.104873 0.344727
1 0.252119 0.343262 0.252119 0.347168 0.254767 0.347656 0.256886 0.347412 0.259534 0.348389 0.260064 0.347900 0.261653 0.348633 0.261653 0.349854 0.263771 0.351562 0.266419 0.351074 0.266949 0.351318 0.267479 0.350586 0.270127 0.349609 0.272775 0.349609 0.272246 0.348633 0.269068 0.348145 0.266949 0.347168 0.264301 0.347900 0.262712 0.347412 0.261653 0.346436 0.259534 0.346191 0.259004 0.345703 0.257415 0.345703 0.253708 0.343750 0.255297 0.343018
1 0.983581 0.342285 0.981992 0.343506 0.981462 0.347412 0.985699 0.348145 0.987288 0.348877 0.987288 0.349365 0.990996 0.350586 0.990996 0.351074 0.999470 0.351318 0.998941 0.349854 0.992585 0.349121 0.990996 0.348389 0.988347 0.348389 0.987818 0.347168 0.986758 0.346680 0.986229 0.344238 0.987288 0.343018 0.986229 0.342529
1 0.638242 0.342041 0.636123 0.343018 0.636653 0.343262 0.634534 0.345703 0.635064 0.345947 0.637182 0.345947 0.638771 0.344971
1 0.905720 0.341797 0.905191 0.344482 0.906250 0.344727 0.905720 0.345459 0.908369 0.346924 0.909958 0.345459 0.909428 0.345703 0.906780 0.344727
1 0.305085 0.341309 0.303496 0.341553 0.300318 0.343262 0.300847 0.347412 0.302436 0.348877 0.302966 0.351074 0.306144 0.351074 0.307733 0.350342 0.309322 0.350342 0.310381 0.348145 0.312500 0.347412 0.310381 0.346924 0.310381 0.346436 0.311441 0.346191 0.309322 0.344727 0.308263 0.342529 0.307203 0.341797
1 0.253178 0.342285 0.256886 0.342529 0.257415 0.342041 0.257945 0.342285 0.261123 0.341797 0.255826 0.341064 0.254237 0.341309
1 0.981992 0.342041 0.979873 0.341797 0.978814 0.342285 0.977225 0.341553 0.977225 0.340820 0.974047 0.341309 0.974576 0.342285 0.976695 0.343018 0.975636 0.343994 0.980403 0.343506
1 0.703919 0.340820 0.701271 0.341309 0.700742 0.342041 0.699682 0.341797 0.695975 0.343262 0.694915 0.344971 0.692797 0.345703 0.692797 0.347168 0.693856 0.347656 0.693856 0.348877 0.694915 0.349609 0.694915 0.351318 0.699682 0.353271 0.700742 0.353271 0.702331 0.352051 0.700742 0.351318 0.699153 0.349121 0.700212 0.347168 0.700212 0.344971 0.703390 0.343018 0.706568 0.343262 0.704449 0.342041 0.704979 0.341309
1 0.373941 0.340088 0.374470 0.340820 0.372881 0.341064 0.372881 0.341797 0.379237 0.345459 0.378708 0.344482 0.380297 0.344238 0.380297 0.343750 0.378708 0.343262
1 0.332627 0.339844 0.332627 0.340576 0.334746 0.341797 0.333686 0.342529 0.335805 0.343018 0.334746 0.343750 0.332627 0.343994 0.337394 0.345703 0.337394 0.344238 0.336335 0.343506 0.337924 0.342773 0.335805 0.342041
1 0.272246 0.339844 0.271716 0.340088 0.273305 0.340820 0.273835 0.342041 0.273305 0.342529 0.274364 0.342285 0.275953 0.343750 0.279661 0.345215 0.281780 0.345215 0.284428 0.345947 0.281250 0.344238 0.282839 0.343262 0.280720 0.343018 0.276483 0.341309 0.272246 0.340332
1 0.132415 0.342285 0.134004 0.343506 0.132415 0.344238 0.131356 0.344238 0.135593 0.344238 0.138771 0.345703 0.138771 0.347412 0.139831 0.347412 0.138771 0.346680 0.138771 0.345703 0.135593 0.344238 0.134004 0.342285 0.136653 0.341797 0.142479 0.344971 0.143538 0.344482 0.144068 0.345459 0.146186 0.345947 0.146186 0.346436 0.144597 0.346680 0.144597 0.347168 0.146716 0.346436 0.148835 0.347656 0.153072 0.348633 0.154131 0.349365 0.155191 0.349365 0.158898 0.350830 0.159958 0.350586 0.161017 0.351562 0.162606 0.351562 0.159958 0.350098 0.157309 0.349609 0.152542 0.347656 0.153072 0.347168 0.156780 0.346924 0.156250 0.343750 0.154131 0.344238 0.152542 0.346924 0.151483 0.347412 0.145657 0.344727 0.143008 0.343994 0.143538 0.343018 0.142479 0.343262 0.141419 0.342285 0.139301 0.342041 0.147246 0.341309 0.149894 0.341553 0.150953 0.340820 0.148835 0.340820 0.145657 0.339355 0.147246 0.340332 0.146716 0.341064 0.139831 0.340332 0.138242 0.340576 0.139831 0.340820 0.138242 0.341797 0.136123 0.341797 0.135593 0.341309 0.134534 0.342041
1 0.240466 0.339844 0.238877 0.339111 0.238347 0.339600 0.237818 0.339355 0.237818 0.340332 0.237288 0.339844 0.235169 0.340088 0.233581 0.339600 0.230932 0.340332 0.234640 0.339844 0.234640 0.340576 0.236229 0.340576 0.238347 0.341309 0.240466 0.340332
1 0.975636 0.339355 0.974047 0.338867 0.969809 0.339844 0.972458 0.340820
1 0.542373 0.338867 0.538665 0.339600 0.538665 0.340820 0.541314 0.340576 0.542903 0.341309 0.542903 0.342041 0.540784 0.342773 0.536547 0.342041 0.536547 0.342529 0.537076 0.342285 0.539195 0.343018 0.541843 0.344727 0.541314 0.348389 0.543432 0.349365 0.543962 0.348389 0.542373 0.347900 0.543962 0.346924 0.543432 0.346436 0.546081 0.345459 0.546081 0.344238 0.548199 0.343506 0.548199 0.342773 0.549258 0.342529 0.550318 0.343262 0.549788 0.343018 0.551907 0.341797 0.549788 0.340820 0.549258 0.342285 0.548199 0.342773 0.545551 0.342773 0.543962 0.341797
1 0.105932 0.338867 0.103814 0.340088 0.106992 0.341309 0.106992 0.342041 0.109110 0.341797
1 0.000000 0.338867 0.000000 0.342529 0.000530 0.342285 0.001059 0.342773 0.002119 0.342773 0.001059 0.342529 0.001059 0.341064 0.003178 0.340332 0.003178 0.339844 0.002119 0.339844 0.001589 0.339111
1 0.363877 0.337646 0.360699 0.337402 0.359640 0.339111 0.354343 0.340332 0.353814 0.341064 0.352754 0.341064 0.358051 0.340576 0.358581 0.339844 0.361758 0.338379 0.362818 0.338623 0.362818 0.339111
1 0.619703 0.337158 0.618644 0.337646 0.618644 0.338623 0.619703 0.338867 0.618644 0.339844 0.620763 0.341064 0.619174 0.341309 0.619174 0.341797 0.621822 0.342773 0.621822 0.343262 0.621822 0.342041 0.623411 0.340332 0.622881 0.339355 0.624470 0.337891 0.621292 0.338135 0.620763 0.337158
1 0.420021 0.337402 0.423729 0.339111 0.424258 0.340576 0.425847 0.340576 0.425847 0.340088 0.424258 0.339600 0.424258 0.337891 0.423199 0.337646 0.423729 0.337158
1 0.595869 0.336914 0.592161 0.336914 0.592691 0.338135 0.591102 0.339600 0.594809 0.338379 0.595339 0.337402 0.595869 0.338135
1 0.089513 0.340332 0.087394 0.339355 0.087394 0.336670 0.086335 0.336670 0.085275 0.337402 0.080508 0.338623 0.078919 0.338135 0.077331 0.339111 0.075212 0.338135 0.073093 0.338135 0.073623 0.337891 0.077331 0.339355 0.078919 0.339111 0.079979 0.339600 0.081038 0.339111 0.083686 0.339844 0.086864 0.339600 0.088453 0.340332
1 0.302966 0.335938 0.303496 0.336670 0.301377 0.337891 0.300318 0.337402 0.297669 0.337891 0.298199 0.338623 0.299258 0.338135 0.305085 0.337891
1 0.927966 0.335205 0.925847 0.336670 0.923199 0.337402 0.923729 0.338135 0.925318 0.338379 0.925318 0.337891 0.927966 0.336426
1 0.526483 0.334961 0.522246 0.336670 0.524364 0.338135 0.523835 0.338379 0.525424 0.338135 0.524894 0.337646 0.527542 0.336426
1 0.410487 0.334961 0.411017 0.336182 0.409958 0.337402 0.412606 0.340088 0.414195 0.339111 0.413136 0.337646 0.413665 0.336670 0.414725 0.336426
1 0.355932 0.334473 0.354873 0.334961 0.354343 0.336182 0.355932 0.338135 0.358051 0.338135 0.356992 0.338623 0.357521 0.339111 0.358581 0.338379 0.358581 0.336914 0.357521 0.336670
1 0.597987 0.334229 0.597987 0.334717 0.599576 0.335449 0.602225 0.335938 0.603814 0.337158 0.604873 0.337158 0.604343 0.336182 0.600106 0.334229
1 0.493644 0.334229 0.494174 0.336426 0.495233 0.337158 0.496822 0.337158 0.497352 0.335449 0.496292 0.335938 0.496292 0.335205 0.495763 0.335449 0.495233 0.334717
1 0.185381 0.334229 0.184322 0.335938 0.186441 0.337891 0.187500 0.337402 0.189089 0.337402 0.191737 0.336182 0.191737 0.335693 0.190148 0.336670 0.188030 0.337158
1 0.452331 0.333740 0.449153 0.333740 0.449682 0.334229 0.448093 0.334473 0.449153 0.334717 0.447564 0.335205 0.447034 0.334717 0.446504 0.335205 0.445975 0.334717 0.445975 0.335205 0.444915 0.335205 0.445445 0.335449 0.443326 0.335938 0.442797 0.339355 0.445445 0.338135 0.448093 0.338135 0.449153 0.337646 0.452331 0.337402 0.450742 0.336914 0.451801 0.336426 0.453390 0.336426
1 0.627119 0.333496 0.627119 0.334961 0.630297 0.335449 0.630826 0.334961 0.631886 0.334961 0.630826 0.333740
1 0.501589 0.333496 0.497881 0.333496 0.497881 0.334229 0.500000 0.334961 0.500000 0.335449 0.498941 0.335693 0.498411 0.337891 0.495763 0.341064 0.493644 0.346680 0.492055 0.346924 0.489407 0.346436 0.486229 0.345215 0.481462 0.345215 0.480403 0.344727 0.480932 0.344482 0.479343 0.345459 0.478284 0.345459 0.483051 0.345459 0.484110 0.346191 0.482521 0.346680 0.480403 0.346680 0.483051 0.347168 0.489936 0.346924 0.493114 0.347900 0.492055 0.350830 0.492055 0.354492 0.490466 0.354980 0.492585 0.355469 0.493114 0.356445 0.489407 0.358154 0.489407 0.359131 0.492055 0.358643 0.495233 0.357178 0.496292 0.355713 0.497352 0.355713 0.496822 0.354736 0.495763 0.354248 0.495233 0.354736 0.494174 0.353760 0.495233 0.352783 0.496822 0.352783 0.496292 0.352051 0.494703 0.351562 0.495233 0.349121 0.496822 0.348877 0.498941 0.349365 0.503178 0.351318 0.502119 0.352783 0.502648 0.352295 0.504237 0.352295 0.504237 0.351562 0.506356 0.350586 0.507415 0.350830 0.508475 0.350098 0.505826 0.350342 0.502648 0.349854 0.495763 0.347656 0.499470 0.338623 0.500530 0.337646 0.502648 0.336914 0.501059 0.335938 0.502119 0.335693 0.502119 0.335205 0.498941 0.334473 0.500000 0.333740
1 0.929025 0.333008 0.930085 0.335449 0.931674 0.335205 0.932203 0.335693 0.934852 0.333740 0.932203 0.333008
1 0.159958 0.332275 0.158898 0.332031 0.158369 0.333252 0.155720 0.334229 0.153602 0.334473 0.153602 0.335938 0.159958 0.335938 0.159428 0.334229 0.160487 0.333984 0.161017 0.334717 0.162606 0.333984
1 0.268538 0.331787 0.269068 0.332520 0.271186 0.333252 0.273835 0.332764 0.276483 0.333252 0.276483 0.332520 0.275424 0.332031 0.275953 0.331787 0.271716 0.332275
1 0.201271 0.331787 0.201271 0.332520 0.205508 0.334229 0.206038 0.333008 0.204449 0.332275
1 0.329449 0.332275 0.329979 0.333496 0.336335 0.333496 0.344280 0.335449 0.346928 0.335449 0.349047 0.334961 0.344280 0.334229 0.341631 0.333008 0.340572 0.331543 0.339513 0.331543 0.337924 0.332275
1 0.255826 0.331299 0.254237 0.331299 0.250530 0.332764 0.248941 0.334717 0.252119 0.334473 0.251589 0.333008 0.253178 0.332520 0.252648 0.332275 0.253708 0.331787 0.254767 0.332031
1 0.557203 0.329346 0.556674 0.329834 0.558263 0.332520 0.559852 0.333008 0.562500 0.330322
1 0.224576 0.329346 0.224576 0.330078 0.227225 0.332520 0.228284 0.332031 0.225106 0.330566 0.227225 0.329590 0.228284 0.329834 0.230403 0.329346 0.230932 0.329834 0.233581 0.330078 0.235169 0.330811 0.236758 0.330811 0.236758 0.331787 0.238877 0.331787 0.240466 0.332520 0.239407 0.333496 0.241525 0.335449 0.239407 0.335938 0.239407 0.337158 0.242055 0.337158 0.240996 0.336670 0.241525 0.336182 0.242585 0.336670 0.243644 0.336426 0.243114 0.334473 0.241525 0.333008 0.235699 0.329834 0.233051 0.329346
1 0.024364 0.332031 0.022775 0.332031 0.018538 0.329346 0.016949 0.330078 0.020127 0.330566 0.020127 0.331299 0.021186 0.331543 0.019597 0.332031 0.016949 0.332031 0.014831 0.332764 0.010064 0.332764 0.007945 0.332275 0.003708 0.333252 0.000530 0.333252 0.000000 0.337158 0.003178 0.337158 0.003178 0.336426 0.004767 0.336182 0.004767 0.335449 0.003178 0.334229 0.004237 0.333740 0.005826 0.333740 0.007945 0.335205 0.006886 0.335693 0.007945 0.335938 0.007415 0.336426 0.008475 0.336426 0.007415 0.337158 0.013771 0.337402 0.014301 0.337158 0.012182 0.336670 0.008475 0.336426 0.008475 0.335938 0.010064 0.335449 0.012182 0.336182 0.013242 0.335205 0.012182 0.334229 0.010064 0.334717 0.009004 0.333740 0.010064 0.333252 0.015890 0.333496 0.017479 0.333008 0.020657 0.334473 0.022246 0.334717 0.021186 0.333008 0.024364 0.332520 0.022775 0.332275
1 0.431144 0.329102 0.430085 0.330322 0.431144 0.331543 0.430085 0.332275 0.431144 0.333740 0.431674 0.332764 0.433792 0.332764 0.438559 0.333740 0.439089 0.333496 0.440148 0.333984 0.440148 0.333252 0.438030 0.333252 0.436970 0.332275 0.434322 0.331543 0.432203 0.329346
1 0.966102 0.329590 0.961864 0.329102 0.959216 0.329346 0.958686 0.328857 0.956038 0.329102 0.956038 0.329590 0.954449 0.329590 0.954979 0.332520 0.952860 0.333740 0.951801 0.335449 0.952860 0.335449 0.956038 0.334229 0.958157 0.332031 0.957627 0.331787 0.961335 0.330566 0.962924 0.330566 0.963983 0.331055 0.963983 0.333252 0.961864 0.333740 0.961335 0.335449 0.956568 0.338379 0.950212 0.339844 0.948623 0.339844 0.947564 0.339355 0.947034 0.339600 0.947564 0.339355 0.949682 0.340088 0.954979 0.340820 0.958686 0.338867 0.959746 0.337402 0.959216 0.337158 0.965042 0.335693 0.965042 0.333008 0.963983 0.333252 0.963453 0.332764 0.965042 0.332031 0.964513 0.330566
1 0.176907 0.328857 0.177966 0.330078 0.175847 0.331055 0.175318 0.329590 0.173729 0.330322 0.174258 0.330811 0.172669 0.331299 0.174258 0.331055 0.177436 0.332520 0.175318 0.333740 0.171610 0.332764 0.175847 0.334961 0.177966 0.337646 0.177966 0.339355 0.172669 0.339600 0.172140 0.340332 0.173729 0.341064 0.171081 0.341797 0.169492 0.341553 0.169492 0.342529 0.170551 0.343018 0.170551 0.345947 0.172669 0.346436 0.172140 0.346680 0.173199 0.347656 0.175318 0.348389 0.175318 0.348877 0.177436 0.349121 0.178496 0.350098 0.177436 0.348633 0.172669 0.346191 0.171081 0.343262 0.169492 0.342285 0.173199 0.341553 0.181144 0.343750 0.182203 0.344971 0.181674 0.350098 0.183263 0.348877 0.183263 0.346924 0.184852 0.345947 0.188030 0.345459 0.193856 0.345459 0.197034 0.347900 0.197564 0.347412 0.195975 0.346191 0.196504 0.344971 0.199153 0.343750 0.201801 0.344482 0.201271 0.344238 0.203919 0.343506 0.202331 0.342773 0.201801 0.343262 0.199682 0.343750 0.198093 0.343506 0.194386 0.344727 0.189619 0.343262 0.184322 0.340088 0.181674 0.339844 0.179025 0.338867 0.177436 0.335938 0.177436 0.334473 0.179025 0.333984 0.179025 0.332275 0.177966 0.332275 0.179025 0.331299
1 0.433792 0.328369 0.435911 0.328369 0.441208 0.330322 0.442267 0.330322 0.444915 0.329102 0.442797 0.328125 0.440678 0.328125 0.440148 0.327393 0.438030 0.327881 0.434852 0.327393 0.435911 0.327637 0.434322 0.327881 0.435381 0.328125
1 0.406780 0.328613 0.408369 0.329346 0.408898 0.329102 0.409958 0.329834 0.412076 0.329834 0.412606 0.329346 0.414195 0.329590 0.414195 0.328857 0.415254 0.328369 0.417373 0.328369 0.420021 0.327393 0.415784 0.327393 0.413665 0.328369 0.412076 0.327393 0.410487 0.327148 0.408369 0.328369
1 0.039725 0.325928 0.037606 0.325928 0.034958 0.326904 0.036017 0.327637 0.027542 0.331055 0.025953 0.331055 0.025424 0.331787 0.027542 0.332031 0.030720 0.333496 0.030720 0.334961 0.031780 0.335205 0.031780 0.336182 0.032839 0.336182 0.032309 0.335938 0.033369 0.334961 0.034428 0.335205 0.034428 0.336670 0.037076 0.335693 0.042903 0.335693 0.042903 0.334473 0.047669 0.334717 0.046610 0.334229 0.044492 0.334473 0.038665 0.333740 0.038665 0.332031 0.037076 0.331299 0.037606 0.331055 0.036017 0.329834 0.036547 0.331787 0.035487 0.333252 0.030191 0.333008 0.028072 0.331787 0.037076 0.327637 0.039195 0.328125 0.037606 0.327393
1 0.528602 0.325684 0.526483 0.326904 0.524894 0.326904 0.524894 0.327637 0.526483 0.328369 0.525953 0.328613 0.527013 0.328369 0.527542 0.329102 0.529131 0.329346 0.529131 0.328125 0.527013 0.327881 0.527542 0.327148 0.529661 0.327393 0.530191 0.325928
1 0.504767 0.324707 0.502119 0.325928 0.500530 0.325684 0.501059 0.326172 0.499470 0.326904 0.501059 0.331055 0.501059 0.330566 0.502648 0.329834 0.503178 0.330322 0.503708 0.330078 0.503178 0.328125 0.505826 0.325684
1 0.545551 0.323975 0.543962 0.324463 0.542373 0.325928 0.543432 0.327393 0.542903 0.327637 0.543962 0.328125 0.545021 0.327393 0.544492 0.326904 0.546081 0.325928
1 0.263771 0.325684 0.265890 0.327393 0.265890 0.327881 0.264831 0.328125 0.266949 0.329102 0.268538 0.329346 0.271186 0.327881 0.273305 0.327881 0.284428 0.331055 0.288136 0.333252 0.288665 0.334229 0.292373 0.334961 0.293432 0.334717 0.293962 0.333008 0.292903 0.332764 0.293432 0.332031 0.292903 0.332275 0.291843 0.331787 0.292903 0.329102 0.289195 0.327393 0.287606 0.327148 0.284428 0.327637 0.279661 0.327637 0.276483 0.326904 0.276483 0.325684 0.275424 0.324707 0.275424 0.325195 0.272775 0.325439 0.269068 0.323730 0.266949 0.324463 0.266949 0.325195
1 0.560911 0.322754 0.557203 0.322510 0.555085 0.322998 0.555085 0.323975 0.556144 0.324707
1 0.362288 0.322266 0.360169 0.322998 0.360699 0.323975 0.359110 0.324463 0.359110 0.325439 0.358581 0.325684 0.358051 0.324951 0.355932 0.325928 0.356462 0.325684 0.358051 0.326660 0.358581 0.327881 0.360699 0.327881 0.360699 0.325928 0.362818 0.326904 0.363877 0.326904 0.363877 0.326172 0.366525 0.326904 0.367055 0.327881 0.365996 0.329102 0.363877 0.327881 0.362818 0.328125 0.364936 0.330078 0.368114 0.331299 0.365996 0.332031 0.367055 0.332520 0.364936 0.333252 0.361229 0.332520 0.360169 0.333252 0.362818 0.334717 0.363877 0.334717 0.364936 0.335449 0.366525 0.335449 0.368114 0.334961 0.368644 0.333740 0.369703 0.333496 0.369174 0.332764 0.371292 0.332764 0.372881 0.331299 0.371292 0.330811 0.371292 0.329102 0.369174 0.328369 0.369174 0.326904 0.365996 0.326172 0.366525 0.324951 0.365466 0.323730 0.363347 0.323242
1 0.199682 0.322021 0.204449 0.323242 0.205508 0.324951 0.207627 0.325928 0.207627 0.326904 0.209746 0.326660 0.210275 0.326172 0.207627 0.323242 0.203919 0.322021
1 0.152013 0.322021 0.152542 0.322754 0.151483 0.323486 0.152013 0.323242 0.153602 0.324219 0.152013 0.325195 0.150953 0.324951 0.154661 0.325439 0.155191 0.324463 0.156250 0.324219 0.153072 0.322021
1 0.575212 0.321045 0.574682 0.322754 0.576271 0.324951 0.578390 0.325439 0.579979 0.324219 0.577860 0.321777
1 0.084746 0.320557 0.084746 0.321533 0.087924 0.322266 0.088983 0.322998 0.092161 0.323730 0.097987 0.325928 0.097987 0.324463 0.087394 0.321045 0.087924 0.320312 0.090042 0.320801 0.092161 0.320068 0.087394 0.320068
1 0.098517 0.319824 0.097458 0.319824 0.097987 0.320801 0.095869 0.322266 0.096398 0.322754 0.097987 0.322754 0.099576 0.322021 0.099576 0.320801
1 0.244703 0.320068 0.248941 0.322021 0.251059 0.322266 0.253178 0.323242 0.255297 0.322754 0.252119 0.322754 0.251059 0.322266 0.252648 0.321777 0.250530 0.322266 0.248411 0.321289 0.248411 0.320557 0.249470 0.320068 0.254767 0.320068 0.256886 0.320801 0.259534 0.320801 0.252648 0.319580 0.248411 0.319580 0.247352 0.320068
1 0.965042 0.319336 0.962394 0.320312 0.957627 0.320801 0.957627 0.321533 0.959216 0.321045 0.965042 0.321045
1 0.330508 0.318115 0.326271 0.319824 0.320975 0.324707 0.317267 0.323730 0.316208 0.324219 0.315148 0.322266 0.313559 0.322266 0.310911 0.322998 0.313559 0.324219 0.315148 0.323730 0.316208 0.324219 0.315678 0.325195 0.319915 0.326416 0.319915 0.325195 0.321504 0.324463 0.325212 0.325195 0.328390 0.326660 0.328390 0.327881 0.327331 0.328857 0.327860 0.329102 0.326271 0.330566 0.327331 0.329346 0.331568 0.327148 0.335275 0.326904 0.332097 0.325684 0.332097 0.324219 0.335275 0.322754 0.338453 0.322510 0.337394 0.321777 0.333157 0.321777 0.331038 0.321045 0.331038 0.319092 0.328919 0.318848 0.329979 0.318359 0.330508 0.318604
1 0.599047 0.317139 0.597987 0.318359 0.597987 0.320312 0.599047 0.320801 0.600636 0.319580
1 0.602754 0.316895 0.602225 0.317627 0.603814 0.318359 0.606462 0.318604 0.606992 0.318115 0.605932 0.316895
1 0.478814 0.316650 0.477754 0.316895 0.476695 0.318359 0.475636 0.318604 0.475636 0.319824 0.472458 0.321777 0.472458 0.323975 0.479343 0.323486 0.480932 0.323975 0.480932 0.325928 0.481992 0.325928 0.484640 0.323486 0.480932 0.323486 0.479873 0.322998 0.479873 0.316895
1 0.315148 0.317383 0.319386 0.318604 0.320445 0.318115 0.320975 0.318359 0.321504 0.317627 0.317267 0.316650
1 0.683792 0.318359 0.683792 0.319580 0.689089 0.319092 0.689619 0.319824 0.693326 0.319824 0.693856 0.320312 0.694386 0.320068 0.694386 0.318848 0.692797 0.318604 0.692797 0.317627 0.690678 0.316406 0.686970 0.316650
1 0.640890 0.317383 0.640360 0.317871 0.638242 0.317871 0.636653 0.318848 0.633475 0.318848 0.631886 0.318115 0.629767 0.318848 0.629767 0.317383 0.627119 0.316406 0.627119 0.317871 0.628178 0.318604 0.627119 0.319092 0.622352 0.319092 0.617585 0.321289 0.615466 0.321045 0.617055 0.317871 0.619174 0.317139 0.623411 0.317139 0.625530 0.316406 0.624470 0.315430 0.620763 0.315918 0.617585 0.317627 0.613877 0.317139 0.612288 0.317383 0.611229 0.318115 0.613347 0.320557 0.613347 0.321533 0.614936 0.322510 0.615996 0.321533 0.617585 0.321533 0.618644 0.322266 0.619174 0.321533 0.621292 0.321533 0.621292 0.322021 0.626589 0.320557 0.628178 0.319336 0.630826 0.319092 0.631356 0.318604 0.635064 0.318848 0.636653 0.319336 0.638242 0.318115 0.639831 0.318359
1 0.595869 0.315186 0.595869 0.315918 0.594280 0.317139 0.595339 0.317383 0.594280 0.322754 0.577331 0.329834 0.574153 0.330566 0.572564 0.329346 0.570975 0.330078 0.570975 0.331787 0.574153 0.331543 0.573093 0.331299 0.574682 0.330811 0.577331 0.331299 0.575212 0.331787 0.576271 0.332764 0.574682 0.333496 0.576801 0.334961 0.577331 0.334229 0.575742 0.333496 0.575742 0.333008 0.576801 0.332520 0.577331 0.332764 0.579979 0.331299 0.580508 0.329590 0.592691 0.324219 0.596398 0.322998 0.596928 0.323242 0.600636 0.322510 0.606992 0.322510 0.607521 0.321777 0.606462 0.321533 0.609110 0.320557 0.610699 0.321289 0.610169 0.320557 0.608581 0.320312 0.603814 0.322266 0.596928 0.322510 0.595339 0.321533 0.595869 0.318604 0.597458 0.316650 0.596928 0.315430
1 0.202331 0.314941 0.202331 0.316162 0.204449 0.316650 0.204449 0.320557 0.203390 0.320801 0.204449 0.321289 0.205508 0.321045 0.205508 0.319824 0.206568 0.318848 0.206038 0.317139
1 0.070975 0.316406 0.074682 0.318359 0.073093 0.319092 0.074682 0.318604 0.076271 0.319336 0.076271 0.320068 0.074682 0.320557 0.076271 0.321533 0.076801 0.321045 0.078390 0.321533 0.077860 0.321777 0.080508 0.322998 0.085275 0.327881 0.084746 0.328369 0.079979 0.327881 0.080508 0.328613 0.079449 0.329346 0.081038 0.328613 0.081568 0.329102 0.083157 0.328857 0.084746 0.329346 0.093750 0.330078 0.086335 0.328369 0.083686 0.326660 0.077331 0.319824 0.078390 0.319336 0.078919 0.319580 0.080508 0.318604 0.077860 0.317627 0.077860 0.317139 0.079449 0.316406 0.077331 0.315918 0.077860 0.315674 0.076801 0.314941 0.077331 0.315430 0.076271 0.315674 0.077331 0.316162 0.075742 0.317383 0.074153 0.317383 0.073623 0.316406
1 0.590572 0.315918 0.587924 0.315918 0.587394 0.315430 0.588983 0.314941 0.586864 0.314697 0.586864 0.315186 0.584746 0.316162 0.587394 0.316162 0.587394 0.316895 0.581038 0.316650 0.581568 0.317139 0.580508 0.317383 0.579449 0.316895 0.579449 0.317627 0.582097 0.317627 0.583686 0.318359 0.583157 0.318848 0.584746 0.318115 0.588453 0.318115 0.588453 0.316162
1 0.944386 0.314453 0.942267 0.315674 0.940678 0.318359 0.943326 0.318359 0.944915 0.317871 0.944386 0.318115 0.943326 0.316895 0.941737 0.316650 0.944915 0.315918 0.945445 0.314941
1 0.699153 0.313477 0.698623 0.313965 0.692797 0.313721 0.691737 0.314209 0.691737 0.314941 0.694915 0.316162 0.694386 0.317871 0.697034 0.317871 0.695975 0.317139 0.697034 0.315674 0.699682 0.316406 0.697564 0.315674 0.697564 0.314697
1 0.057733 0.313965 0.056674 0.313477 0.056144 0.314209 0.054025 0.314453 0.051907 0.313965 0.051377 0.314453 0.052966 0.314697 0.052436 0.315674 0.053496 0.315186 0.054555 0.315674 0.055614 0.314941 0.057733 0.314697
1 0.968220 0.313232 0.963983 0.313477 0.963983 0.314941 0.965042 0.315918
1 0.066208 0.312012 0.066737 0.313721 0.069386 0.314941 0.070445 0.314697 0.070445 0.313965 0.068856 0.313232 0.068856 0.312012
1 0.349047 0.311035 0.348517 0.312988 0.350636 0.314453 0.354343 0.315918 0.355403 0.315918 0.354343 0.314941 0.351165 0.313965 0.350106 0.313232 0.350636 0.312744 0.349047 0.312744 0.349047 0.312012 0.351165 0.311523
1 0.202331 0.312500 0.203390 0.313232 0.206038 0.313232 0.211335 0.315186 0.213983 0.315430 0.218220 0.316650 0.224576 0.316406 0.221398 0.313721 0.218750 0.312744 0.218750 0.312256 0.216102 0.310791 0.216102 0.312256 0.220339 0.313965 0.218750 0.315430 0.217691 0.314941 0.215042 0.315186 0.214513 0.314697 0.213983 0.315186 0.212924 0.315186 0.210805 0.314453 0.211335 0.314209 0.210275 0.314453 0.208686 0.313965 0.207627 0.312988 0.205508 0.313477 0.203390 0.312744 0.203919 0.312500
1 0.073093 0.311279 0.073093 0.312256 0.074153 0.312500 0.074153 0.313721 0.073093 0.313965 0.073093 0.314697 0.075212 0.314453 0.075742 0.315186 0.075742 0.313965 0.076801 0.313477 0.077331 0.313721 0.077331 0.313232 0.078390 0.312988 0.079979 0.313965 0.079449 0.314453 0.081038 0.315186 0.078919 0.313477 0.079449 0.313232 0.077331 0.312256 0.079449 0.312012 0.075742 0.310791 0.075742 0.311279 0.074153 0.312012
1 0.681674 0.310547 0.679025 0.312744 0.679555 0.313232 0.680614 0.313232 0.680614 0.313721 0.682733 0.313232 0.683792 0.312012 0.683263 0.311035
1 0.269068 0.310303 0.267479 0.311523 0.270127 0.313232 0.273305 0.314209 0.273835 0.311768 0.271716 0.310547
1 0.184322 0.310059 0.182733 0.310791 0.183263 0.311523 0.181674 0.311768 0.183792 0.312256 0.183792 0.313232 0.185381 0.313477 0.184852 0.313965 0.185381 0.313721 0.186441 0.314209 0.186441 0.314941 0.187500 0.315186 0.189619 0.312744 0.189089 0.313232 0.186970 0.312744 0.187500 0.312012 0.186441 0.311768 0.186441 0.310791
1 0.465042 0.310059 0.464513 0.310303 0.463983 0.309570 0.461335 0.310791 0.458686 0.310791 0.455508 0.311768 0.457627 0.312988 0.457627 0.312256 0.456568 0.312012 0.458686 0.311523 0.459746 0.312256 0.462394 0.312256 0.463453 0.312988 0.462924 0.313232 0.463983 0.313232 0.463453 0.312988 0.465572 0.312256
1 0.081568 0.312012 0.081568 0.312744 0.082627 0.312256 0.084216 0.312256 0.086864 0.313232 0.085805 0.313721 0.086864 0.313232 0.087924 0.313721 0.086864 0.312744 0.088453 0.311768 0.090572 0.311768 0.091631 0.313232 0.092161 0.312256 0.093220 0.312744 0.093220 0.313721 0.093750 0.313477 0.095339 0.314209 0.095339 0.314697 0.096928 0.314697 0.096928 0.313965 0.098517 0.314697 0.095869 0.313477 0.095339 0.312256 0.096928 0.312012 0.097987 0.312744 0.099576 0.312988 0.099047 0.313477 0.101165 0.312988 0.097987 0.312256 0.099047 0.311768 0.101165 0.311768 0.101165 0.310791 0.099047 0.311035 0.099047 0.311768 0.097458 0.312256 0.095869 0.311279 0.095869 0.312012 0.094280 0.311768 0.092691 0.312256 0.092691 0.311035 0.094809 0.310547 0.093220 0.310547 0.091102 0.309570 0.089513 0.309570 0.092161 0.310303 0.090042 0.311035 0.089513 0.311768 0.086864 0.311523 0.087924 0.312256 0.086335 0.312988 0.085275 0.312012 0.084216 0.312012 0.085275 0.311523
1 0.036017 0.309570 0.035487 0.311523 0.039725 0.313232 0.035487 0.315430 0.032309 0.316162 0.034958 0.316650 0.038665 0.318848 0.038136 0.317871 0.040254 0.317383 0.044492 0.317383 0.047669 0.318848 0.045551 0.317383 0.047140 0.316895 0.047140 0.314941 0.045021 0.314453 0.047140 0.314209 0.047669 0.313721 0.048729 0.314209 0.050318 0.314209 0.047669 0.313477 0.045551 0.313477 0.045021 0.312744 0.047140 0.312500 0.048729 0.312988 0.050318 0.312256 0.050847 0.312988 0.049788 0.313232 0.055085 0.313477 0.055085 0.312500 0.053496 0.311768 0.054025 0.311523 0.051907 0.311523 0.051377 0.311035 0.050318 0.311523 0.046081 0.311035 0.043962 0.311523 0.041314 0.311523 0.040784 0.310547 0.038665 0.309570
1 0.999470 0.309082 0.997352 0.309082 0.992585 0.310303 0.988347 0.310059 0.988347 0.310791 0.992585 0.313477 0.992055 0.313965 0.991525 0.313721 0.992055 0.314941 0.990466 0.315430 0.990466 0.316162 0.993114 0.317383 0.995763 0.316895 0.997881 0.315918 0.998411 0.316162 0.999470 0.315186
1 0.529131 0.307373 0.528602 0.308350 0.527542 0.308594 0.531250 0.311279 0.530720 0.311768 0.531250 0.311279 0.532839 0.312988 0.536017 0.313232 0.534958 0.312256 0.535487 0.310059 0.532839 0.310059 0.532309 0.309326 0.531780 0.309570 0.529661 0.308838 0.530720 0.308594 0.530720 0.308105
1 0.646716 0.306152 0.644597 0.307129 0.644597 0.309082 0.647246 0.310303 0.648305 0.310303 0.646186 0.309570 0.647246 0.309326 0.646186 0.309082 0.646186 0.308350 0.648305 0.307373 0.649364 0.307373
1 0.311441 0.306152 0.309852 0.307129 0.309852 0.308105 0.310911 0.308594 0.310381 0.309082 0.311441 0.309570 0.310911 0.309814 0.312500 0.309570 0.314089 0.310547 0.311970 0.311035 0.309852 0.310791 0.313559 0.311279 0.313030 0.311035 0.315148 0.310547 0.314089 0.310303 0.314619 0.309814 0.312500 0.309326 0.312500 0.307373
1 0.427436 0.305420 0.426377 0.306152 0.426907 0.308594 0.428496 0.309082 0.431144 0.308105 0.429025 0.307861 0.429025 0.307373 0.427436 0.306641
1 0.081038 0.305664 0.079449 0.305420 0.077331 0.306152 0.077331 0.305420 0.076271 0.306152 0.075742 0.305664 0.074682 0.306152 0.072034 0.306152 0.071504 0.307861 0.073093 0.307861 0.075212 0.308594 0.077331 0.308105 0.077331 0.309326 0.078390 0.308838 0.078390 0.307861 0.080508 0.308105 0.079449 0.308350 0.079979 0.308838 0.081038 0.308105 0.082627 0.308350 0.078919 0.306641 0.078919 0.305908
1 0.038136 0.306885 0.032839 0.305176 0.032839 0.307129 0.031780 0.307617 0.030720 0.307373 0.031780 0.309326 0.030720 0.310303 0.028072 0.311035 0.029661 0.312500 0.028602 0.312988 0.024364 0.312256 0.020657 0.310547 0.018538 0.310303 0.019068 0.309082 0.023305 0.310791 0.025424 0.310059 0.028602 0.310059 0.028602 0.309570 0.025424 0.309326 0.026483 0.309082 0.025424 0.308594 0.028072 0.307373 0.026483 0.305908 0.024894 0.308350 0.022246 0.307129 0.018538 0.308594 0.017479 0.308594 0.016949 0.307861 0.016419 0.308350 0.015890 0.307617 0.014831 0.308594 0.013242 0.307129 0.012182 0.308105 0.010064 0.307373 0.007415 0.307373 0.004237 0.308594 0.000000 0.306396 0.006356 0.309814 0.007415 0.312500 0.006886 0.310791 0.013242 0.309570 0.013242 0.309082 0.011123 0.309570 0.010064 0.309082 0.007415 0.309082 0.007415 0.308594 0.014301 0.308350 0.014831 0.309082 0.017479 0.309326 0.018008 0.309814 0.016949 0.310303 0.021716 0.311279 0.023305 0.312500 0.021716 0.312744 0.020127 0.311523 0.020127 0.312256 0.016949 0.312988 0.015360 0.312256 0.015360 0.310547 0.011123 0.311279 0.012712 0.313477 0.018008 0.313965 0.021186 0.312744 0.021716 0.313232 0.022775 0.312988 0.023835 0.313721 0.020657 0.315918 0.023305 0.316406 0.029661 0.316162 0.031250 0.315674 0.027542 0.313477 0.029661 0.312744 0.034428 0.312744 0.031780 0.312256 0.031250 0.310547 0.034428 0.309326 0.033369 0.309082 0.034958 0.308594 0.033898 0.308105 0.036547 0.307861 0.036017 0.307129 0.037076 0.306641
1 0.317797 0.304932 0.315678 0.305176 0.314089 0.305908 0.313030 0.305664 0.314089 0.306641 0.314089 0.307861 0.316208 0.307861 0.316737 0.307129 0.315678 0.305908 0.317267 0.305664
1 0.498941 0.303223 0.496822 0.304443 0.496822 0.305908 0.498411 0.305664 0.500530 0.306396 0.502648 0.306396 0.504237 0.307129 0.504237 0.307861 0.505297 0.308105 0.503708 0.309326 0.503178 0.308350 0.503178 0.308838 0.501589 0.309082 0.501589 0.309814 0.498941 0.310791 0.499470 0.312012 0.501059 0.311279 0.502119 0.312256 0.501059 0.312744 0.503708 0.313721 0.505297 0.313721 0.506356 0.312988 0.507945 0.313477 0.511123 0.311279 0.514301 0.311035 0.516949 0.312256 0.516949 0.314209 0.518008 0.314453 0.516949 0.313232 0.518538 0.312744 0.518538 0.310791 0.518008 0.310059 0.515890 0.309570 0.516419 0.308594 0.517479 0.308350 0.517479 0.307373 0.515890 0.305908 0.514831 0.305664 0.514301 0.306396 0.512712 0.305908 0.511653 0.306152 0.509004 0.304932 0.507945 0.306152 0.506356 0.306152 0.505826 0.306641 0.504237 0.306152 0.503178 0.306641 0.503178 0.305908 0.501589 0.305176 0.502648 0.304932 0.500000 0.303955 0.500000 0.303223
1 0.043432 0.302246 0.042903 0.302734 0.044492 0.304199 0.042373 0.304199 0.040254 0.305176 0.039725 0.306152 0.037606 0.305420 0.038136 0.305176 0.037606 0.305420 0.036017 0.304688 0.037076 0.305664 0.038136 0.305664 0.041314 0.307373 0.041314 0.306641 0.042373 0.306641 0.041843 0.305908 0.042903 0.305908 0.041843 0.305176 0.042903 0.304443 0.046610 0.304688 0.045551 0.305176 0.045551 0.305908 0.046081 0.305176 0.047669 0.304688 0.049788 0.305908 0.049788 0.304688 0.046610 0.304688 0.043432 0.302979
1 0.441737 0.302002 0.441208 0.302490 0.440678 0.302246 0.438559 0.302979 0.436970 0.302246 0.433263 0.302734 0.434322 0.303223 0.433263 0.303711 0.433792 0.304932 0.438030 0.303223 0.441208 0.302734
1 0.238347 0.303955 0.238347 0.304932 0.239407 0.305176 0.247352 0.305420 0.239407 0.304688 0.239407 0.304199 0.243644 0.301758 0.240466 0.302490
1 0.027542 0.302246 0.027542 0.302979 0.031780 0.304443 0.034958 0.304443 0.035487 0.303711 0.036547 0.303955 0.032309 0.301758 0.029661 0.301758 0.029131 0.302246
1 0.639831 0.303223 0.638771 0.302490 0.639301 0.302246 0.637712 0.301514 0.636653 0.301758 0.637712 0.302490 0.637182 0.303467 0.632945 0.302979 0.632945 0.301758 0.631356 0.302490 0.632945 0.303467 0.636123 0.304199 0.638242 0.303955
1 0.000000 0.302002 0.002119 0.302979 0.001059 0.303711 0.000000 0.303467 0.000000 0.304199 0.004767 0.303467 0.010593 0.306396 0.010593 0.304443 0.015360 0.304443 0.012712 0.304199 0.012182 0.303467 0.009004 0.303955 0.006886 0.302979 0.009004 0.302734 0.008475 0.301758 0.007415 0.301514 0.004237 0.301758 0.003708 0.302246
1 0.133475 0.301270 0.132945 0.302490 0.135064 0.303223 0.132945 0.303467 0.133475 0.304199 0.135593 0.304443 0.138242 0.303955 0.137712 0.303467 0.135593 0.303223 0.136653 0.302979
1 0.602225 0.300293 0.600636 0.301270 0.600636 0.302002 0.597987 0.302979 0.600106 0.303467 0.599576 0.304932 0.601165 0.305420 0.601165 0.307373 0.602754 0.306885 0.605403 0.306885 0.602754 0.306885 0.601695 0.306396 0.601695 0.304688 0.600636 0.304443 0.602225 0.302979
1 0.329449 0.300537 0.329449 0.301025 0.334216 0.302979 0.333686 0.304688 0.335275 0.304443 0.334216 0.303467 0.334746 0.302734 0.332097 0.302246 0.331038 0.301758 0.331568 0.301514 0.333157 0.301758 0.332627 0.301514 0.334216 0.300781 0.334746 0.301270 0.337924 0.302002 0.337394 0.303223 0.338983 0.303223 0.336335 0.301025 0.332097 0.300293 0.332097 0.300781
1 0.121822 0.300049 0.122881 0.300781 0.122881 0.301758 0.126059 0.303223 0.126059 0.303955 0.127119 0.304199 0.125000 0.304688 0.127119 0.305420 0.129767 0.305420 0.130826 0.304932 0.130297 0.303711 0.131356 0.303467 0.128708 0.302246 0.129237 0.301758 0.130297 0.301758 0.129237 0.301514 0.129767 0.300537 0.126589 0.300537 0.122881 0.299805
1 0.313030 0.299316 0.310911 0.300293 0.311970 0.300781 0.313559 0.300781 0.313030 0.302734 0.310381 0.303223 0.309852 0.303711 0.308263 0.302734 0.309322 0.304443 0.307203 0.304932 0.307203 0.306396 0.306144 0.306885 0.307733 0.306152 0.308792 0.306396 0.309852 0.305908 0.309852 0.304443 0.311441 0.303467 0.313030 0.303711 0.311970 0.304688 0.313030 0.304443 0.313030 0.302734 0.314619 0.302490 0.314619 0.301758 0.315678 0.302002 0.314619 0.301758 0.315148 0.300781 0.313030 0.300537
1 0.086335 0.299072 0.087394 0.300293 0.090042 0.301270 0.091102 0.301270 0.091631 0.300537 0.090572 0.299805 0.091102 0.299561 0.092691 0.299561 0.095869 0.300781 0.095869 0.299805
1 0.960805 0.298828 0.955508 0.298828 0.952860 0.299316 0.952331 0.299072 0.951801 0.299561 0.948623 0.299561 0.949153 0.300049 0.951801 0.300293 0.954449 0.302246 0.945975 0.306885 0.945975 0.307373 0.951801 0.309326 0.953919 0.308838 0.952860 0.308350 0.952860 0.304932 0.956568 0.302246 0.956568 0.301270 0.959216 0.300293
1 0.999470 0.298340 0.998941 0.298096 0.994703 0.299561 0.990466 0.299805 0.988877 0.300293 0.987818 0.301514 0.988877 0.300781 0.989407 0.301758 0.987818 0.302002 0.987818 0.302490 0.988877 0.302002 0.990466 0.302246 0.996292 0.300537 0.999470 0.300781
1 0.019597 0.298340 0.020657 0.299805 0.020127 0.300537 0.021186 0.300049 0.027013 0.300049 0.025953 0.299072 0.021186 0.298584 0.020127 0.298096
1 0.927966 0.299072 0.930085 0.299805 0.931674 0.299805 0.932203 0.299072 0.933792 0.299072 0.936970 0.297852 0.932203 0.297852 0.930614 0.298584 0.929555 0.297852 0.928496 0.297852
1 0.425318 0.298584 0.423729 0.297852 0.423729 0.299072 0.417373 0.298340 0.416843 0.299316 0.423729 0.299316
1 0.266419 0.296631 0.266949 0.298340 0.269597 0.299072 0.271716 0.299072 0.270127 0.297852 0.268538 0.297852 0.268538 0.296875
1 0.960805 0.295898 0.962924 0.296631 0.963983 0.298096 0.967691 0.298340 0.970339 0.297852 0.970339 0.296631 0.968220 0.296875 0.965042 0.295898
1 0.111758 0.294434 0.111229 0.295166 0.110699 0.294922 0.109110 0.295410 0.106992 0.296875 0.105932 0.296875 0.104343 0.297852 0.101695 0.298584 0.100106 0.300781 0.101695 0.302002 0.100106 0.303711 0.100106 0.304688 0.096398 0.304688 0.096398 0.304199 0.095869 0.304688 0.096928 0.305664 0.098517 0.306152 0.101695 0.306152 0.101695 0.307861 0.104343 0.307861 0.105403 0.307373 0.107521 0.308350 0.109640 0.308350 0.113347 0.309326 0.114936 0.309326 0.118644 0.311035 0.121822 0.311279 0.122881 0.311035 0.122352 0.309570 0.118114 0.307129 0.122352 0.305664 0.122352 0.304932 0.123411 0.304443 0.120233 0.304443 0.117585 0.303467 0.117585 0.302734 0.116525 0.302490 0.116525 0.300781 0.115466 0.300293 0.116525 0.299316 0.118114 0.298828 0.118114 0.298340 0.115466 0.295898
1 0.209746 0.291748 0.208686 0.292236 0.208157 0.291992 0.208686 0.293701 0.207627 0.294189 0.205508 0.293213 0.205508 0.295410 0.206038 0.295166 0.207097 0.295654 0.207627 0.297363 0.206568 0.297852 0.207627 0.298340 0.207097 0.298096 0.208686 0.297363 0.207627 0.296387 0.207627 0.294922 0.208157 0.294678 0.210275 0.295654 0.211864 0.295410 0.209746 0.294678 0.210805 0.294189 0.212394 0.294189 0.213453 0.293457 0.212394 0.293213 0.210275 0.293701
1 0.032839 0.291016 0.033898 0.292725 0.036547 0.292725 0.036547 0.291992 0.038665 0.291748 0.037606 0.291016
1 0.619703 0.290527 0.618114 0.291016 0.617585 0.292725 0.618644 0.293213 0.617055 0.294189 0.618644 0.294434 0.619174 0.293701 0.619703 0.294434 0.620233 0.293945 0.621822 0.294189 0.624470 0.292236 0.623411 0.291748 0.620233 0.291992 0.619174 0.291260
1 0.438559 0.290527 0.439619 0.292480 0.443856 0.294189 0.445975 0.293457 0.445975 0.292725 0.447564 0.291992 0.449682 0.291748 0.449153 0.290527 0.447564 0.291504 0.445975 0.291504 0.444915 0.291016 0.440678 0.291260 0.439619 0.290283
1 0.042373 0.290039 0.043432 0.290527 0.043432 0.291260 0.042373 0.291504 0.044492 0.292236 0.044492 0.292969 0.046081 0.293701 0.045021 0.293945 0.044492 0.293457 0.044492 0.294189 0.047140 0.294434 0.046610 0.296631 0.046610 0.295166 0.048729 0.294189 0.050318 0.294189 0.051377 0.295654 0.050847 0.297119 0.051907 0.295654 0.050847 0.293457 0.053496 0.292725 0.054555 0.291260 0.054025 0.291504 0.052966 0.290527 0.051377 0.290527 0.049788 0.291504 0.049258 0.290527 0.046610 0.289795
1 0.306144 0.288574 0.309322 0.291504 0.313030 0.291504 0.314089 0.293945 0.314089 0.292969 0.315148 0.292969 0.315678 0.294922 0.315678 0.293213 0.312500 0.290527 0.309852 0.290039 0.308263 0.289062
1 0.270657 0.288330 0.268538 0.288574 0.269597 0.289062 0.269068 0.289551 0.266949 0.288818 0.265360 0.289551 0.263771 0.289307 0.262712 0.289795 0.261123 0.289795 0.260593 0.291260 0.261653 0.291748 0.262712 0.291504 0.261653 0.290527 0.263242 0.289551 0.264301 0.289551 0.265890 0.290283 0.266419 0.291260 0.265360 0.291992 0.263242 0.292480 0.264301 0.292236 0.264301 0.292969 0.259534 0.292969 0.259534 0.293457 0.262712 0.295166 0.265360 0.295166 0.268008 0.296143 0.268538 0.295654 0.271186 0.295654 0.273305 0.294922 0.272246 0.292236 0.273835 0.290771
1 0.233051 0.291748 0.228814 0.291748 0.228284 0.291260 0.226165 0.291260 0.224576 0.290527 0.225636 0.290039 0.227225 0.290039 0.227754 0.290527 0.229343 0.289795 0.229873 0.290283 0.231462 0.290283 0.231992 0.288330 0.228284 0.289551 0.221928 0.289551 0.224047 0.291260 0.227225 0.292236
1 0.208686 0.288086 0.207627 0.288574 0.205508 0.288086 0.205508 0.288818 0.206568 0.289062 0.206038 0.291016 0.203919 0.291748 0.203390 0.290283 0.202860 0.291260 0.201801 0.290771 0.201801 0.291504 0.204449 0.292480 0.206568 0.291016 0.207627 0.291260 0.208157 0.290527 0.206568 0.290527 0.206568 0.289551 0.208157 0.289062
1 0.195445 0.286865 0.201801 0.289307 0.202860 0.288574 0.201801 0.288818 0.200742 0.288330 0.200742 0.286621 0.200212 0.287598
1 0.016949 0.286621 0.016949 0.289062 0.018008 0.289795 0.021186 0.289551 0.021716 0.289062 0.020127 0.288574 0.021186 0.287598 0.019068 0.286621
1 0.621822 0.286865 0.622881 0.287109 0.622881 0.287842 0.622352 0.288086 0.621822 0.287598 0.620763 0.288086 0.626589 0.288574 0.627119 0.288330 0.626059 0.286621 0.623941 0.286377
1 0.250000 0.286133 0.248941 0.286621 0.243644 0.287354 0.244703 0.288330 0.245233 0.288086 0.246822 0.288574 0.246292 0.289307 0.245233 0.289062 0.244703 0.290039 0.245763 0.290527 0.243644 0.291016 0.243644 0.291748 0.245763 0.292236 0.246822 0.291748 0.245763 0.291504 0.247352 0.291260 0.248411 0.290039 0.251059 0.290039 0.250000 0.288086 0.251059 0.287598
1 0.591102 0.285889 0.590572 0.286377 0.589513 0.285889 0.586335 0.287598 0.589513 0.288086 0.592161 0.287842
1 0.530191 0.284912 0.529661 0.286377 0.525953 0.288086 0.525953 0.290039 0.527013 0.289551 0.527542 0.289795 0.527542 0.291016 0.525953 0.291016 0.524894 0.291992 0.526483 0.292236 0.528072 0.291748 0.529661 0.292725 0.531780 0.291748 0.532309 0.292725 0.530720 0.292969 0.530720 0.293457 0.532309 0.293701 0.533369 0.291748 0.534428 0.293457 0.537606 0.293213 0.541843 0.293701 0.542373 0.292725 0.540784 0.291992 0.538136 0.292480 0.537076 0.291504 0.538136 0.286621 0.535487 0.285400 0.534958 0.285645 0.532839 0.284912
1 0.021186 0.285400 0.021186 0.286621 0.022246 0.287354 0.023305 0.287109 0.022246 0.286621 0.023305 0.285889 0.024364 0.286377 0.025424 0.286133 0.025424 0.287354 0.028072 0.288574 0.030191 0.288330 0.032309 0.287354 0.028072 0.285889 0.025424 0.286133 0.024894 0.284912 0.023835 0.285400
1 0.210805 0.284912 0.208686 0.284668 0.205508 0.285156 0.206568 0.285645 0.205508 0.287109 0.207097 0.286133 0.209746 0.286865 0.209216 0.285889 0.210805 0.285400
1 0.151483 0.284668 0.149364 0.284912 0.149364 0.285645 0.147775 0.286621 0.147246 0.286377 0.147246 0.286865 0.144597 0.286865 0.143008 0.286133 0.141419 0.286133 0.141419 0.286865 0.144597 0.287842 0.144597 0.289307 0.146186 0.288574 0.148305 0.289307 0.147246 0.289551 0.148305 0.290527 0.147246 0.291504 0.148835 0.291504 0.149364 0.290771 0.148305 0.290039 0.148305 0.288818 0.149894 0.286865 0.152013 0.285889
1 0.572034 0.283203 0.570975 0.283691 0.570975 0.284424 0.572564 0.284424 0.573623 0.284912 0.573623 0.286377 0.575212 0.286865 0.578390 0.286621 0.576801 0.286133 0.574682 0.283691 0.573623 0.283203
1 0.551907 0.282715 0.550847 0.283447 0.550847 0.285889 0.549788 0.286133 0.550847 0.286621 0.550847 0.289062 0.547669 0.290771 0.547669 0.291260 0.550847 0.291016 0.551377 0.291504 0.548729 0.293457 0.544492 0.294189 0.543962 0.294678 0.545021 0.297363 0.543432 0.298828 0.544492 0.299072 0.541314 0.299316 0.540784 0.300293 0.542373 0.301514 0.545021 0.301270 0.546081 0.300781 0.546610 0.301025 0.547669 0.300293 0.550318 0.300537 0.552966 0.299805 0.552436 0.298584 0.550847 0.297852 0.545021 0.301025 0.543962 0.301270 0.541843 0.300537 0.543432 0.299561 0.546081 0.299561 0.546081 0.298584 0.547140 0.298096 0.547140 0.297363 0.546081 0.297119 0.547140 0.296143 0.547140 0.294434 0.548729 0.293701 0.549788 0.293701 0.551377 0.294434 0.554025 0.293701 0.556674 0.293701 0.558263 0.294434 0.557733 0.295410 0.555614 0.296387 0.553496 0.296631 0.556144 0.297607 0.557203 0.298828 0.558263 0.299072 0.562500 0.295410 0.561441 0.295166 0.562500 0.294922 0.561441 0.292236 0.555614 0.289551 0.555614 0.286133 0.554025 0.285889 0.554555 0.285400 0.555614 0.285400 0.555614 0.284668
1 0.226695 0.282227 0.226695 0.283203 0.228284 0.284424 0.231462 0.285400 0.229873 0.283936 0.231462 0.283447 0.229343 0.282471
1 0.613877 0.280762 0.613877 0.282959 0.615466 0.284912 0.617055 0.283936 0.615996 0.282959 0.617585 0.282227 0.617585 0.281738
1 0.504237 0.280762 0.506356 0.282227 0.511653 0.283447 0.512712 0.283203 0.513242 0.283691 0.514831 0.283691 0.516949 0.283203 0.519068 0.284180 0.521716 0.287109 0.524364 0.285400 0.523835 0.285645 0.521186 0.284180 0.519068 0.283691 0.518008 0.282715 0.516949 0.282959 0.515890 0.282227 0.515360 0.282959 0.513771 0.282715 0.513242 0.280518 0.511653 0.281494 0.512712 0.281494 0.513242 0.281982 0.510064 0.282959 0.507945 0.282227 0.507945 0.281250 0.504767 0.281250
1 0.528602 0.278320 0.526483 0.278320 0.522246 0.280029 0.523305 0.280273 0.522246 0.280762 0.524894 0.281006 0.525953 0.279785 0.526483 0.280029 0.529661 0.279541
1 0.999470 0.277832 0.988347 0.284180 0.985699 0.286133 0.986229 0.286377 0.984110 0.287109 0.984640 0.287354 0.985169 0.286865 0.985699 0.287109 0.989936 0.285645 0.993114 0.285156 0.994703 0.284180 0.995763 0.284668 0.998411 0.284668 0.999470 0.284180
1 0.571504 0.277588 0.570445 0.277588 0.569386 0.278320 0.565148 0.279297 0.565148 0.279785 0.566737 0.280518 0.566737 0.281982 0.567797 0.282471 0.566737 0.283203 0.566737 0.284912 0.565148 0.285645 0.564619 0.285156 0.563559 0.285400 0.563559 0.286377 0.565148 0.287109 0.564089 0.289307 0.564619 0.290039 0.567267 0.288818 0.564619 0.286621 0.565148 0.286133 0.567267 0.286621 0.567267 0.283203 0.570975 0.281494 0.572564 0.281738 0.572564 0.281006 0.574682 0.281006 0.576271 0.281982 0.577331 0.281250 0.578390 0.281250 0.576801 0.281250 0.576801 0.280762 0.573623 0.280762 0.574153 0.280518 0.572034 0.279053
1 0.262712 0.277588 0.262712 0.278564 0.263771 0.279053 0.267479 0.279297 0.268008 0.280762 0.270127 0.280518 0.270127 0.280029 0.268538 0.279541 0.269597 0.279297 0.269597 0.278564 0.268538 0.278320 0.269068 0.277832 0.266949 0.277100 0.265360 0.277832
1 0.584746 0.275635 0.583686 0.275635 0.583686 0.276855 0.581568 0.277344 0.581568 0.279297 0.582097 0.279053 0.582627 0.279785 0.584216 0.280029 0.587394 0.278809 0.586335 0.278564 0.586335 0.276611
1 0.565678 0.275146 0.560381 0.275391 0.558792 0.276367 0.559322 0.276123 0.562500 0.277100 0.563030 0.278564 0.559322 0.280029 0.558263 0.280029 0.557203 0.281006 0.562500 0.282959 0.565678 0.282471 0.563559 0.281982 0.563559 0.279785 0.562500 0.279541 0.562500 0.278809 0.564089 0.278076 0.563559 0.277588 0.564619 0.277100 0.567267 0.277100 0.567267 0.275879
1 0.210805 0.275879 0.209746 0.275879 0.209216 0.276611 0.207097 0.275879 0.207627 0.275391 0.206568 0.274902 0.200742 0.276367 0.203919 0.277100 0.205508 0.276123 0.207097 0.276123 0.207097 0.277100 0.209216 0.277344
1 0.194915 0.272705 0.196504 0.273926 0.196504 0.274414 0.195445 0.274658 0.197034 0.275146 0.196504 0.276123 0.198093 0.275879 0.197564 0.276123 0.197034 0.275635 0.199153 0.273682 0.201271 0.274658 0.201271 0.275146 0.202331 0.274658 0.203390 0.275146 0.203919 0.274902 0.203390 0.273682 0.201801 0.274414 0.198093 0.273438 0.196504 0.272705 0.197564 0.272461 0.197034 0.271973 0.195975 0.272705
1 0.019597 0.270264 0.020657 0.271973 0.020127 0.272461 0.022246 0.272949 0.020127 0.273682 0.022246 0.275146 0.023835 0.275146 0.025424 0.275879 0.024894 0.276611 0.020127 0.277832 0.019597 0.279053 0.021186 0.279541 0.021186 0.280029 0.022775 0.280029 0.023305 0.280518 0.027013 0.280273 0.034958 0.282471 0.036547 0.282227 0.037076 0.283447 0.033898 0.283936 0.038136 0.285889 0.041314 0.284180 0.042903 0.284424 0.042373 0.284912 0.043432 0.284180 0.042373 0.283936 0.043432 0.283203 0.043962 0.280762 0.042373 0.280518 0.042903 0.279541 0.048199 0.280029 0.052436 0.281494 0.052966 0.280762 0.055614 0.280518 0.055614 0.279053 0.054025 0.279053 0.051377 0.278320 0.050318 0.278809 0.047669 0.278320 0.046610 0.277588 0.043962 0.277588 0.042373 0.277100 0.039725 0.277344 0.038665 0.276855 0.038136 0.275146 0.034958 0.273438 0.036017 0.273193 0.033369 0.272217 0.030191 0.270264 0.030720 0.270020 0.029131 0.270264 0.025953 0.269775 0.025953 0.270264 0.022775 0.270020 0.021186 0.270752
1 0.203390 0.270020 0.200742 0.268799 0.199682 0.269287 0.197034 0.269043 0.195975 0.269775 0.198093 0.270508 0.198093 0.270996 0.195975 0.271240 0.198623 0.271484 0.199153 0.271240 0.198093 0.270508 0.201271 0.269531 0.202860 0.270508
1 0.537076 0.268555 0.532839 0.270020 0.534958 0.271729 0.538665 0.271729 0.539725 0.272461 0.539195 0.272217 0.540254 0.271973 0.539195 0.271729 0.540254 0.271240 0.540254 0.270264
1 0.209746 0.267822 0.209746 0.268799 0.208157 0.269287 0.209746 0.269775 0.208686 0.270264 0.208686 0.271240 0.207097 0.272217 0.207097 0.272949 0.207627 0.272461 0.208686 0.274170 0.208686 0.273682 0.209746 0.273438 0.211335 0.274414 0.211864 0.273682 0.210275 0.272461 0.209746 0.269531 0.212924 0.268066 0.210275 0.268311
1 0.994703 0.267578 0.993114 0.268066 0.993114 0.268799 0.992055 0.269287 0.990996 0.268799 0.989936 0.269287 0.990466 0.269775 0.988877 0.270020 0.986229 0.271484 0.987818 0.270996 0.990466 0.271729 0.992055 0.269531
1 0.549788 0.266602 0.547669 0.266602 0.546610 0.267090 0.546610 0.269775 0.548199 0.271484 0.548729 0.270996 0.549258 0.271240 0.548199 0.270508 0.550847 0.269531
1 0.114407 0.264893 0.113347 0.265869 0.110169 0.266602 0.108051 0.266113 0.108581 0.268066 0.107521 0.268311 0.107521 0.268799 0.112818 0.271240 0.113347 0.270020 0.115466 0.268799 0.114407 0.267822 0.115466 0.267334 0.115466 0.266602 0.113347 0.265869 0.114936 0.265625 0.115466 0.265137
1 0.153072 0.264893 0.151483 0.265869 0.150424 0.265625 0.150953 0.267334 0.152013 0.268066 0.151483 0.268799 0.154661 0.270752 0.155191 0.273682 0.153072 0.276123 0.157309 0.276611 0.161017 0.277832 0.162606 0.279541 0.162076 0.281494 0.163665 0.281738 0.163665 0.282471 0.164725 0.282715 0.164195 0.283447 0.168432 0.282471 0.170551 0.282715 0.170551 0.281006 0.164725 0.278320 0.167373 0.277100 0.168432 0.277344 0.170021 0.276855 0.170021 0.276367 0.166843 0.276367 0.164725 0.277344 0.162606 0.276855 0.164725 0.275146 0.166314 0.274902 0.165784 0.274658 0.166843 0.273926 0.164725 0.272217 0.164725 0.271729 0.165784 0.271484 0.165254 0.270752 0.166314 0.270508 0.166843 0.269287 0.167903 0.269043 0.166314 0.268799 0.166314 0.268066 0.168432 0.267334 0.171081 0.267334 0.171081 0.266357 0.168962 0.266113 0.167903 0.265625 0.168432 0.265137 0.167373 0.265137 0.166843 0.264648 0.166314 0.265137 0.161547 0.265137 0.162076 0.266357 0.160487 0.266846 0.157839 0.266113 0.157309 0.265137 0.153072 0.265625
1 0.205508 0.263916 0.205508 0.264893 0.206568 0.265137 0.205508 0.265869 0.208157 0.265869 0.209216 0.265137 0.211864 0.265137 0.213453 0.265869 0.213453 0.267090 0.215042 0.265381 0.213453 0.265381 0.212394 0.264648 0.207097 0.264648
1 0.015360 0.262939 0.014831 0.264404 0.016949 0.265381 0.017479 0.264893 0.019068 0.265137 0.021186 0.264648 0.021186 0.263916 0.019597 0.263184
1 0.000000 0.261719 0.000000 0.266846 0.001059 0.265869 0.002648 0.266113 0.003708 0.265137 0.005297 0.265137 0.007945 0.266846 0.010593 0.267822 0.009534 0.267090 0.010064 0.264648 0.009534 0.264404 0.009004 0.265137 0.007945 0.264893 0.007945 0.263428 0.006356 0.262695 0.005826 0.263184 0.004767 0.262939 0.004237 0.261475 0.001589 0.261230 0.000530 0.261963
1 0.115996 0.260986 0.113877 0.261719 0.113347 0.263184 0.114407 0.263916 0.115996 0.263916 0.118114 0.265137 0.120233 0.265381 0.119703 0.262695
1 0.175318 0.260010 0.176377 0.260010 0.177966 0.260742 0.177966 0.261475 0.179555 0.262695 0.181674 0.262939 0.185381 0.264648 0.183792 0.265869 0.182733 0.265625 0.184322 0.266602 0.186441 0.265381 0.188030 0.265625 0.191208 0.264648 0.190678 0.263916 0.191737 0.263428 0.190678 0.262695 0.187500 0.262451 0.185381 0.263184 0.183792 0.262695 0.183792 0.262207 0.181144 0.261475 0.181144 0.260742 0.179025 0.260010 0.179555 0.259766 0.179025 0.260010 0.177436 0.259521
1 0.087924 0.258545 0.087394 0.259277 0.084746 0.259277 0.085275 0.260986 0.087924 0.260498 0.088453 0.260742 0.087924 0.259521 0.088983 0.259277
1 0.616525 0.258057 0.609640 0.259033 0.613347 0.260742 0.613877 0.259766 0.612818 0.259277 0.615996 0.259033
1 0.113347 0.258789 0.115996 0.260010 0.119703 0.258789 0.121822 0.260010 0.121292 0.260986 0.123941 0.262451 0.126059 0.262695 0.126059 0.261719 0.125000 0.261719 0.121292 0.259521 0.120763 0.257568 0.117055 0.257568 0.115466 0.258057 0.114936 0.258789
1 0.005297 0.257812 0.006356 0.258545 0.011653 0.258789 0.012182 0.258057 0.012712 0.258789 0.013771 0.258789 0.013771 0.257812 0.009534 0.256836 0.007415 0.256836
1 0.281780 0.254639 0.280191 0.255371 0.281780 0.256348 0.280191 0.257324 0.283369 0.259521 0.284428 0.258789 0.286017 0.259033 0.284958 0.259766 0.282839 0.260254 0.281780 0.260010 0.287076 0.262207 0.286017 0.261719 0.285487 0.260498 0.286547 0.259033 0.284428 0.258057 0.285487 0.257568 0.286017 0.257812 0.283369 0.257568 0.282839 0.257080 0.286547 0.256836 0.287606 0.257324 0.289195 0.257324 0.289725 0.256592 0.289195 0.255859 0.288665 0.256348 0.287606 0.255859 0.284958 0.255615 0.283369 0.254639
1 0.203390 0.254395 0.199682 0.256104 0.199682 0.257568 0.201271 0.258301 0.199682 0.259766 0.200212 0.260254 0.201271 0.260254 0.201801 0.260986 0.202860 0.260986 0.201801 0.260010 0.203390 0.259766 0.203390 0.258789 0.201801 0.257568 0.202860 0.256836 0.207627 0.259033 0.209746 0.259277 0.209746 0.260010 0.210805 0.258545 0.208157 0.257812 0.208157 0.257080 0.206568 0.258057 0.204449 0.257568 0.204979 0.256836 0.203390 0.255615
1 0.061441 0.255371 0.061441 0.257568 0.062500 0.257812 0.065148 0.257324 0.067797 0.258789 0.069915 0.257568 0.071504 0.258057 0.073623 0.258057 0.075742 0.259277 0.077860 0.259033 0.078390 0.259521 0.079979 0.259033 0.078919 0.258301 0.077860 0.259033 0.077331 0.258301 0.076271 0.259033 0.076271 0.258301 0.073093 0.256836 0.069386 0.256836 0.068326 0.257324 0.063030 0.254395
1 0.596398 0.254883 0.596398 0.255371 0.597458 0.255615 0.601695 0.255615 0.601695 0.254395 0.600636 0.254150 0.597458 0.254150
1 0.302436 0.254150 0.301377 0.254883 0.298729 0.254883 0.298729 0.256104 0.295021 0.254395 0.293962 0.254395 0.296081 0.256104 0.296610 0.257812 0.295551 0.258545 0.291314 0.257812 0.290254 0.258789 0.292373 0.259521 0.295021 0.259521 0.295551 0.260010 0.294492 0.260498 0.291843 0.260498 0.289195 0.259277 0.287076 0.260498 0.287606 0.260986 0.289725 0.260010 0.291314 0.260498 0.291314 0.261230 0.293962 0.261230 0.295021 0.262207 0.296610 0.260498 0.300318 0.258545 0.300318 0.256836 0.301377 0.256592 0.300318 0.255615 0.301377 0.255127 0.301907 0.255371
1 0.075212 0.254150 0.076271 0.255127 0.078390 0.255859 0.078390 0.257568 0.079979 0.257568 0.079979 0.256836 0.081038 0.257568 0.081038 0.256104 0.079449 0.255615 0.078390 0.254395
1 0.999470 0.252930 0.996292 0.252930 0.994703 0.254150 0.993644 0.257568 0.994174 0.256592 0.995763 0.258301 0.993644 0.259766 0.995233 0.259033 0.999470 0.258545 0.998411 0.258057 0.999470 0.257812
1 0.983051 0.252930 0.979873 0.254395 0.977754 0.256104 0.974576 0.257080 0.972458 0.258301 0.972987 0.259033 0.975636 0.259521 0.976695 0.260254 0.980403 0.255859 0.983581 0.253174
1 0.195445 0.252441 0.193856 0.253174 0.192797 0.253174 0.193326 0.253662 0.191737 0.255371 0.191737 0.256104 0.194386 0.257812 0.195975 0.257324 0.198623 0.257568 0.196504 0.256348 0.193856 0.255615 0.195975 0.254395
1 0.523835 0.251953 0.520657 0.252197 0.518008 0.253418 0.518008 0.256104 0.521186 0.255615 0.523305 0.254639 0.523835 0.253662 0.522775 0.254395 0.521186 0.254395 0.520657 0.253174
1 0.118114 0.251953 0.115466 0.253662 0.116525 0.254150 0.118114 0.253906 0.120763 0.254639 0.121822 0.256836 0.121822 0.255859 0.123941 0.253906 0.119703 0.251953
1 0.068326 0.251709 0.066208 0.251709 0.066737 0.252197 0.065678 0.252686 0.063559 0.252441 0.062500 0.253174 0.066208 0.253418 0.067267 0.252930 0.068856 0.252930
1 0.223517 0.251221 0.221398 0.252930 0.219809 0.253418 0.222987 0.253906 0.224576 0.252930 0.224576 0.251953
1 0.000000 0.250488 0.000000 0.252686 0.002119 0.252197 0.002648 0.252686 0.004767 0.252686 0.006356 0.253906 0.008475 0.253662 0.010593 0.254639 0.011653 0.254639 0.011653 0.254150 0.013242 0.253662 0.011653 0.252930 0.012182 0.252441 0.013242 0.252686 0.012182 0.250977 0.010593 0.250977 0.007945 0.249268 0.006356 0.249268 0.007415 0.250244 0.006886 0.251465 0.002648 0.251709 0.001059 0.251221 0.001059 0.250488
1 0.193856 0.250732 0.198623 0.252686 0.199682 0.252441 0.200742 0.252930 0.202331 0.252930 0.199682 0.251221 0.199682 0.251953 0.197564 0.251221 0.198093 0.250977 0.197034 0.251465 0.196504 0.251221 0.197034 0.250244 0.199153 0.250244 0.207097 0.253662 0.207097 0.255127 0.207097 0.254639 0.208157 0.254639 0.210805 0.256592 0.210805 0.257324 0.214513 0.258789 0.214513 0.259277 0.216102 0.259766 0.219280 0.262207 0.221928 0.263428 0.221928 0.263916 0.237818 0.270752 0.242585 0.274170 0.242055 0.272949 0.221928 0.263428 0.210275 0.255859 0.210275 0.255371 0.211335 0.255127 0.209746 0.255127 0.208157 0.254150 0.208157 0.253418 0.210275 0.252930 0.207627 0.252930 0.204449 0.251709 0.206568 0.251709 0.207097 0.251221 0.208686 0.251465 0.209746 0.252197 0.210805 0.251465 0.211335 0.251709 0.209746 0.250732 0.210275 0.250488 0.208686 0.250488 0.207627 0.250000 0.207627 0.249512 0.208686 0.249268 0.207627 0.248047 0.207097 0.249023 0.206038 0.248779 0.206568 0.248535 0.203919 0.248535 0.201801 0.249512 0.201801 0.250488 0.200212 0.250000 0.195975 0.250000 0.195445 0.250732
1 0.243114 0.249268 0.245233 0.249756 0.247352 0.249023 0.250000 0.249023 0.250530 0.250000 0.253708 0.250732 0.255297 0.250488 0.253708 0.249268 0.251059 0.249512 0.248941 0.248779 0.249470 0.248535 0.248411 0.248779 0.247352 0.248291 0.246822 0.247070 0.245763 0.247314 0.246822 0.248291 0.245233 0.248535 0.244174 0.248047 0.244703 0.248779
1 0.041314 0.246826 0.041314 0.247314 0.039195 0.247803 0.039195 0.248779 0.042373 0.248779 0.042903 0.249023 0.041314 0.249756 0.042903 0.250000 0.045021 0.249268 0.045021 0.248779 0.042903 0.248535 0.042903 0.247803
1 0.616525 0.246826 0.614407 0.246582 0.611758 0.247070 0.607521 0.248535 0.610699 0.249756 0.610699 0.249023 0.609640 0.248779 0.610699 0.247803 0.613877 0.247803 0.616525 0.248779
1 0.214513 0.244873 0.212924 0.245850 0.212394 0.247070 0.211335 0.247070 0.210805 0.247559 0.208686 0.247559 0.209746 0.248291 0.212394 0.247314 0.215042 0.247070 0.215572 0.245850
1 0.175847 0.243896 0.175318 0.244141 0.174258 0.243652 0.174788 0.243896 0.173729 0.244385 0.168962 0.244385 0.167903 0.244873 0.171610 0.246826 0.176377 0.246094 0.175318 0.245850 0.176907 0.244873
1 0.971928 0.243896 0.970869 0.243652 0.969280 0.244141 0.969280 0.243652 0.966631 0.243408 0.967161 0.243652 0.965042 0.244629 0.961335 0.245117 0.960805 0.245605 0.964513 0.245117 0.965042 0.245361 0.963983 0.245605 0.965042 0.245850 0.966631 0.245361 0.965572 0.245117 0.966631 0.244385 0.968750 0.243896 0.968750 0.244385 0.969809 0.244629 0.967691 0.245605 0.968220 0.246338 0.970339 0.244873 0.969809 0.244629
1 0.149894 0.242432 0.149364 0.243408 0.147775 0.244141 0.146716 0.244141 0.149364 0.245361 0.149364 0.246826 0.151483 0.249023 0.152542 0.248535 0.152542 0.249512 0.160487 0.248779 0.158898 0.248291 0.159428 0.248535 0.158369 0.249023 0.155720 0.249023 0.150953 0.248047 0.152013 0.246826 0.150424 0.245117 0.148305 0.244141 0.149894 0.243408
1 0.950212 0.240479 0.948623 0.242188 0.943856 0.244385 0.944915 0.244873 0.949153 0.244629 0.949153 0.243408 0.950212 0.243652 0.950212 0.244385 0.951271 0.244873 0.952860 0.244385 0.952860 0.241699 0.950742 0.241211
1 0.614407 0.240234 0.612288 0.240723 0.613347 0.242432 0.611758 0.243164 0.608581 0.242920 0.606462 0.241699 0.607521 0.240723 0.606462 0.239990 0.605932 0.240234 0.605932 0.241455 0.606992 0.241943 0.606462 0.244873 0.609110 0.244629 0.613347 0.242920 0.614407 0.241943
1 0.609110 0.237793 0.610169 0.238281 0.609640 0.238525 0.610699 0.238281 0.611229 0.238770 0.612288 0.238037 0.614936 0.238037 0.615996 0.238525 0.615466 0.239990 0.617585 0.239258 0.615996 0.237549 0.612818 0.237793 0.610699 0.237305
1 0.201271 0.238525 0.203390 0.239258 0.204449 0.239014 0.207627 0.240479 0.210275 0.240723 0.211864 0.241699 0.213983 0.240234 0.213453 0.239014 0.211335 0.238281 0.211864 0.237793 0.210805 0.237549 0.208686 0.238037 0.207097 0.237305 0.206568 0.238037
1 0.088453 0.236816 0.086864 0.237793 0.087394 0.238770 0.086335 0.239258 0.084746 0.239258 0.085275 0.240967 0.083686 0.241211 0.082627 0.243408 0.086335 0.242920 0.086864 0.242188 0.090042 0.243408 0.090572 0.242676 0.091102 0.243896 0.093750 0.245117 0.092691 0.245605 0.092161 0.244873 0.091102 0.245605 0.094280 0.246338 0.091102 0.246826 0.092161 0.247559 0.092691 0.247314 0.094280 0.247803 0.095339 0.247559 0.095869 0.246582 0.097987 0.246582 0.097458 0.245850 0.095869 0.245361 0.097458 0.243896 0.099576 0.244141 0.099576 0.245117 0.100106 0.244629 0.100636 0.244873 0.099047 0.246582 0.100106 0.247070 0.105403 0.247070 0.103284 0.244629 0.104343 0.244385 0.104343 0.243408 0.105932 0.241699 0.103284 0.239258 0.101165 0.239258 0.102225 0.239990 0.101695 0.240967 0.103284 0.241455 0.101695 0.242432 0.100106 0.241699 0.100106 0.240723 0.094809 0.240723 0.089513 0.239990 0.090042 0.238525 0.092691 0.237549 0.093220 0.238037 0.094280 0.237305 0.095339 0.237793 0.095339 0.236816
1 0.231462 0.237061 0.233581 0.237793 0.234110 0.237549 0.234640 0.238037 0.235169 0.237793 0.238347 0.238525 0.237818 0.239502 0.239407 0.239990 0.239407 0.240479 0.238347 0.240723 0.239407 0.241211 0.238877 0.241943 0.240466 0.240967 0.240466 0.240234 0.241525 0.240234 0.239936 0.239014 0.239936 0.236328 0.239407 0.236084 0.238877 0.236816 0.239936 0.237549 0.239407 0.238281 0.234640 0.237061
1 0.247881 0.234131 0.247881 0.234863 0.245763 0.236084 0.242585 0.233887 0.244703 0.237061 0.243644 0.237305 0.245233 0.238281 0.244703 0.238770 0.242585 0.238525 0.244174 0.239990 0.243644 0.240234 0.244703 0.241211 0.244703 0.242432 0.242585 0.243164 0.241525 0.243164 0.239936 0.242432 0.237288 0.243408 0.236229 0.242676 0.236758 0.242432 0.235169 0.242188 0.235169 0.243652 0.235699 0.243408 0.236758 0.244141 0.236229 0.243408 0.237818 0.243164 0.239407 0.243896 0.238877 0.244873 0.240466 0.245605 0.237818 0.248047 0.236229 0.247070 0.234110 0.247314 0.235699 0.248291 0.239936 0.256592 0.236758 0.250000 0.237818 0.249512 0.239936 0.249512 0.240466 0.247559 0.241525 0.247070 0.243644 0.247314 0.240466 0.245850 0.240996 0.245117 0.242055 0.245361 0.243114 0.244873 0.241525 0.245117 0.240466 0.244629 0.242055 0.243652 0.243644 0.243896 0.245763 0.242676 0.245763 0.241699 0.246822 0.241943 0.246292 0.240479 0.247352 0.239014 0.245233 0.237061 0.248411 0.235352
1 0.534958 0.233154 0.533369 0.235352 0.532839 0.234619 0.532839 0.235107 0.531780 0.235352 0.532839 0.235840 0.533369 0.237549 0.535487 0.238770 0.538665 0.239746 0.540254 0.240967 0.541314 0.240967 0.542373 0.239502 0.542373 0.239990 0.541314 0.239990 0.541314 0.238525 0.539195 0.237549 0.539195 0.236328 0.537606 0.235840 0.539195 0.235596 0.539195 0.234619 0.537606 0.233154
1 0.039195 0.231445 0.040254 0.232178 0.039725 0.232422 0.038136 0.231689 0.037076 0.231689 0.037076 0.232910 0.038136 0.233398 0.038665 0.235107 0.040254 0.235596 0.040254 0.235107 0.043432 0.233398
1 0.072034 0.230469 0.070445 0.230957 0.068856 0.230469 0.068856 0.231201 0.067267 0.231934 0.065148 0.231445 0.061441 0.231445 0.062500 0.233887 0.061441 0.236084 0.063559 0.237549 0.066208 0.236328 0.068326 0.236572 0.070975 0.237549 0.072564 0.237549 0.072034 0.236084 0.073093 0.235596 0.072034 0.235107 0.072564 0.235840 0.071504 0.236084 0.069915 0.234863 0.071504 0.234131 0.073093 0.234375 0.072034 0.233887 0.072564 0.233643 0.075212 0.234375 0.077331 0.233643 0.077331 0.233154 0.075742 0.232422 0.076271 0.231689
1 0.144068 0.230957 0.146186 0.231689 0.148305 0.231689 0.149364 0.232422 0.151483 0.231934 0.150424 0.231934 0.150424 0.231445 0.148305 0.230957 0.147775 0.230225 0.146716 0.230957 0.145657 0.230713 0.146186 0.230469 0.144597 0.230469
1 0.171081 0.229248 0.170021 0.229736 0.169492 0.230957 0.171610 0.231445 0.170551 0.231934 0.172669 0.232910 0.172669 0.233398 0.175318 0.232666 0.176907 0.233154 0.177436 0.232178 0.176377 0.232422 0.175318 0.231934 0.176377 0.231445 0.175847 0.231201 0.177436 0.230713 0.178496 0.230957 0.179025 0.230469 0.180614 0.230957 0.180085 0.230469 0.181144 0.229980 0.179025 0.229980 0.177436 0.230713 0.175847 0.230469 0.175847 0.230957 0.174258 0.231689 0.172669 0.231445 0.172140 0.230713 0.170021 0.229980
1 0.235699 0.228760 0.235169 0.229248 0.234110 0.228516 0.231462 0.229736 0.231462 0.230225 0.230403 0.230225 0.229343 0.229248 0.228814 0.230225 0.227754 0.230469 0.228814 0.230713 0.229343 0.230225 0.229343 0.231201 0.230932 0.231934 0.231992 0.231445 0.230932 0.230469 0.231462 0.230225 0.236229 0.230957
1 0.053496 0.228027 0.052966 0.229980 0.054025 0.230713 0.059322 0.231934 0.060381 0.231445 0.056674 0.230225 0.056144 0.229248
1 0.331038 0.227783 0.329449 0.227051 0.327860 0.227783 0.323623 0.227539 0.323623 0.228027 0.325742 0.228271 0.326271 0.228760 0.327860 0.228271 0.329449 0.228516
1 0.254237 0.226318 0.256886 0.228027 0.255297 0.228516 0.254767 0.229492 0.253178 0.229248 0.257415 0.230713 0.257415 0.231445 0.259534 0.231201 0.262182 0.232178 0.262182 0.232666 0.260593 0.232910 0.261123 0.233398 0.264831 0.233643 0.265890 0.233154 0.268008 0.234375 0.270657 0.234375 0.275953 0.235596 0.278072 0.237061 0.278072 0.236328 0.279131 0.235840 0.283898 0.235596 0.275953 0.235596 0.262182 0.231934 0.259004 0.230713 0.259534 0.230469 0.256886 0.230225 0.255826 0.229248 0.258475 0.228027 0.260593 0.228271 0.260593 0.227783 0.263771 0.226318 0.259534 0.227783 0.258475 0.227783 0.256356 0.226562
1 0.570975 0.225830 0.569386 0.226562 0.569915 0.228027 0.568326 0.229004 0.568856 0.230225 0.569915 0.230713 0.570445 0.233398 0.574153 0.233887 0.573623 0.234375 0.571504 0.234131 0.571504 0.234619 0.573623 0.234619 0.574153 0.234131 0.576801 0.234375 0.577331 0.232178 0.575212 0.230469 0.574682 0.230957 0.571504 0.229004 0.570445 0.229492 0.568856 0.228760 0.572034 0.227051 0.572034 0.225830
1 0.342161 0.227051 0.338983 0.227051 0.337394 0.226318 0.337394 0.225586 0.335805 0.226074 0.338453 0.227051 0.340042 0.229248 0.337924 0.229736 0.336335 0.229004 0.334216 0.228760 0.333686 0.229248 0.334746 0.230225 0.332627 0.230225 0.331568 0.229492 0.330508 0.229492 0.329449 0.229980 0.329979 0.230713 0.331568 0.231201 0.332097 0.230225 0.334746 0.230225 0.337924 0.231201 0.341102 0.230713 0.341631 0.229736 0.340042 0.229004 0.339513 0.227539 0.340042 0.227295 0.341631 0.228027
1 0.176377 0.225586 0.175318 0.226074 0.172669 0.225342 0.170551 0.226074 0.170551 0.227295 0.166843 0.228516 0.167903 0.229004 0.167373 0.229248 0.168432 0.229248 0.168432 0.228027 0.171081 0.228271 0.171610 0.226562 0.173199 0.226807 0.173729 0.227539 0.175847 0.226562 0.175318 0.226074
1 0.236229 0.225586 0.235699 0.226318 0.239936 0.227051 0.238877 0.227783 0.240996 0.227783 0.242055 0.227295 0.243114 0.227783 0.248941 0.228271 0.240996 0.226807 0.239407 0.225830 0.239407 0.226318 0.238347 0.226562 0.236758 0.225830 0.238347 0.225098
1 0.590572 0.223633 0.588983 0.223633 0.587924 0.224365 0.585805 0.224365 0.584746 0.225586 0.588453 0.225586 0.588983 0.226074 0.591102 0.226074 0.591631 0.225342
1 0.209216 0.223145 0.210275 0.224365 0.211335 0.223877 0.215042 0.223877 0.216102 0.224854 0.217691 0.225098 0.217161 0.226074 0.218220 0.226318 0.218220 0.226807 0.218750 0.224121 0.219809 0.224854 0.221928 0.224854 0.222458 0.225342 0.223517 0.224609 0.224576 0.225098 0.226165 0.225098 0.225636 0.222900 0.225106 0.223633 0.220869 0.223633 0.217161 0.222656 0.216631 0.223145 0.213983 0.223145 0.213983 0.222168 0.213453 0.222656 0.210275 0.222656
1 0.191737 0.222168 0.193856 0.222900 0.194915 0.222412 0.196504 0.222412 0.200212 0.224854 0.200742 0.223633 0.198093 0.221680 0.194915 0.222168 0.194386 0.222656
1 0.025424 0.221924 0.025424 0.224365 0.026483 0.224609 0.025424 0.225098 0.025953 0.225586 0.027013 0.225342 0.028072 0.225830 0.028602 0.225098 0.033898 0.225098 0.034958 0.225586 0.038136 0.224854 0.040254 0.225586 0.040784 0.226562 0.039725 0.227051 0.041314 0.229248 0.042903 0.229980 0.042903 0.231201 0.044492 0.231201 0.043962 0.230957 0.046610 0.229980 0.046610 0.228271 0.048199 0.228271 0.046081 0.226562 0.048199 0.226074 0.045551 0.225586 0.041314 0.223633 0.038136 0.223633 0.038136 0.224121 0.036547 0.224854 0.036017 0.224365 0.034428 0.224365 0.033898 0.224121 0.034958 0.223877 0.033898 0.223877 0.033898 0.223389 0.036547 0.223389 0.037076 0.222900 0.038136 0.223145 0.038665 0.222168 0.037606 0.221680 0.036017 0.221924 0.036017 0.222412 0.033369 0.222656 0.031250 0.222412 0.029661 0.221680 0.029131 0.222168 0.027542 0.221680
1 0.146186 0.221436 0.141949 0.222412 0.143008 0.222168 0.144068 0.223145 0.140890 0.224365 0.143008 0.224854 0.142479 0.226318 0.146716 0.226562 0.148835 0.227539 0.148305 0.228516 0.133475 0.229736 0.129237 0.226318 0.130297 0.226807 0.129237 0.230225 0.139301 0.230225 0.137712 0.232178 0.143008 0.231201 0.141419 0.229736 0.145657 0.229004 0.150424 0.229004 0.152542 0.229980 0.154131 0.229004 0.157309 0.228760 0.158898 0.230469 0.160487 0.230469 0.160487 0.231689 0.157839 0.231201 0.163665 0.232666 0.161547 0.234863 0.158898 0.235107 0.157309 0.234375 0.158898 0.233154 0.154661 0.231934 0.149894 0.233643 0.146716 0.233398 0.145657 0.235840 0.147775 0.233887 0.154661 0.235596 0.156780 0.237305 0.157839 0.236572 0.161547 0.238037 0.158369 0.239258 0.158369 0.238037 0.149894 0.236816 0.149894 0.238037 0.154131 0.239502 0.150424 0.240479 0.152013 0.241699 0.152013 0.240723 0.154661 0.241455 0.154661 0.242188 0.153072 0.242188 0.154131 0.243408 0.152013 0.243896 0.154131 0.244385 0.154661 0.246338 0.159428 0.245361 0.159958 0.243408 0.155191 0.240234 0.160487 0.239014 0.162076 0.239258 0.162076 0.240234 0.163136 0.239990 0.162606 0.238770 0.168432 0.237061 0.161547 0.237549 0.159428 0.236328 0.162076 0.234863 0.164725 0.236572 0.163136 0.234619 0.164195 0.234131 0.168962 0.235596 0.167373 0.233887 0.168962 0.232666 0.156250 0.227539 0.150953 0.224121 0.153602 0.226807 0.143008 0.225098 0.142479 0.224609 0.148305 0.222412
1 0.218750 0.217529 0.224576 0.220947 0.225636 0.220947 0.225636 0.219971 0.224047 0.218262 0.221398 0.217285
1 0.034428 0.216309 0.033898 0.217285 0.032839 0.217285 0.032309 0.217773 0.032839 0.218018 0.029131 0.218750 0.029661 0.220215 0.030720 0.220215 0.030720 0.219727 0.032309 0.219238 0.031250 0.218994 0.031250 0.218506 0.032839 0.218506 0.033369 0.218018 0.033898 0.218506 0.034428 0.218262 0.036547 0.218994 0.036547 0.219482 0.034428 0.220459 0.036017 0.221191 0.038136 0.221191 0.038665 0.220703 0.037076 0.219971 0.038665 0.219727 0.038665 0.219238 0.035487 0.217773 0.036017 0.217285 0.034428 0.216797
1 0.140890 0.216064 0.140890 0.216553 0.141949 0.216797 0.141949 0.217773 0.143008 0.217773 0.143008 0.218506 0.140890 0.218750 0.139301 0.217773 0.139831 0.217529 0.138771 0.218506 0.144597 0.219727 0.141949 0.219971 0.141949 0.220703 0.143538 0.221191 0.143538 0.220459 0.145657 0.218506 0.141949 0.217285 0.143008 0.217041 0.143008 0.216553
1 0.209216 0.214111 0.208157 0.217529 0.210275 0.217041 0.211335 0.216064 0.211335 0.215332
1 0.586864 0.213867 0.585805 0.213623 0.586335 0.213379 0.585275 0.213379 0.584746 0.214111 0.583157 0.214600 0.581568 0.213623 0.579979 0.213623 0.580508 0.213867 0.578390 0.215088 0.579449 0.215576 0.582097 0.215576 0.583686 0.214355 0.585805 0.214600 0.585805 0.214111
1 0.271716 0.213135 0.271186 0.212891 0.271186 0.213867 0.269597 0.214355 0.265890 0.213623 0.262712 0.214600 0.264831 0.214355 0.265360 0.214844 0.268008 0.215088 0.271186 0.214111
1 0.292903 0.212891 0.289725 0.212891 0.290254 0.213379 0.289195 0.213867 0.286017 0.213867 0.284958 0.213379 0.284958 0.213867 0.286017 0.214111 0.286017 0.215088 0.284428 0.216309 0.282839 0.215820 0.282839 0.215332 0.284428 0.215088 0.283369 0.213135 0.278602 0.213379 0.282309 0.214844 0.281780 0.215576 0.282839 0.215820 0.282839 0.216553 0.281780 0.216797 0.280720 0.218018 0.281780 0.218262 0.280720 0.218750 0.278072 0.218750 0.281250 0.219971 0.279131 0.221436 0.279131 0.222168 0.276483 0.223389 0.273305 0.223877 0.271716 0.224609 0.269597 0.224609 0.268008 0.225342 0.265890 0.225586 0.264831 0.226318 0.266949 0.225586 0.270127 0.225342 0.271186 0.224609 0.271716 0.224854 0.278602 0.222656 0.279661 0.222900 0.280191 0.224121 0.280191 0.223633 0.281250 0.223389 0.280720 0.222412 0.279661 0.222168 0.280191 0.220703 0.283898 0.220703 0.286017 0.219727 0.285487 0.218750 0.283369 0.218506 0.282839 0.218018 0.284958 0.216797 0.287076 0.217529 0.287076 0.218018 0.288665 0.218018 0.287076 0.216309 0.288665 0.216064 0.290254 0.217041 0.290784 0.216064 0.290254 0.215576 0.288665 0.215820 0.287606 0.215332 0.290784 0.212891
1 0.064089 0.212402 0.063030 0.212891 0.058792 0.212158 0.058792 0.212891 0.057733 0.213135 0.058263 0.213623 0.057203 0.214111 0.056674 0.213623 0.052436 0.215088 0.051907 0.214600 0.051377 0.215088 0.050318 0.214355 0.049788 0.215576 0.050847 0.216064 0.051377 0.215576 0.052436 0.215576 0.052966 0.217529 0.055085 0.217773 0.054025 0.219238 0.055085 0.219238 0.056144 0.220947 0.057733 0.220947 0.058792 0.220215 0.061970 0.220459 0.061441 0.220215 0.062500 0.219238 0.061441 0.218506 0.063030 0.217285 0.065148 0.217529 0.065148 0.214844 0.063559 0.213867 0.065678 0.213867 0.066208 0.213379
1 0.029131 0.211182 0.028602 0.212158 0.031250 0.213135 0.031250 0.214600 0.034428 0.214844 0.034958 0.214111 0.032839 0.212158 0.032309 0.212402
1 0.120233 0.208984 0.118644 0.209473 0.119174 0.210205 0.120763 0.210449 0.122352 0.211426 0.122352 0.208984
1 0.574153 0.207764 0.573623 0.208740 0.573093 0.208252 0.571504 0.208740 0.572564 0.209717 0.572034 0.209961 0.573093 0.210449 0.573093 0.211182 0.572034 0.211426 0.573093 0.211670 0.572034 0.211914 0.571504 0.212891 0.570445 0.211670 0.570445 0.212402 0.572034 0.213379 0.575212 0.213135 0.576801 0.211670 0.575212 0.211182 0.575742 0.210205 0.572564 0.209961
1 0.139831 0.210938 0.140360 0.211426 0.141949 0.211426 0.143538 0.210449 0.144597 0.210449 0.147246 0.211426 0.146186 0.210449 0.146716 0.210205 0.148835 0.210938 0.147775 0.210449 0.148305 0.209717 0.152013 0.211426 0.152013 0.211914 0.150424 0.212402 0.150424 0.213135 0.152013 0.213135 0.153072 0.213623 0.152013 0.212891 0.153072 0.212402 0.155720 0.213623 0.155720 0.214355 0.156780 0.213867 0.156780 0.212402 0.158369 0.212158 0.155191 0.210449 0.156780 0.209473 0.159428 0.209717 0.162076 0.210693 0.162076 0.209717 0.164195 0.209717 0.165254 0.210205 0.164725 0.211670 0.159958 0.210938 0.161547 0.211670 0.161017 0.211914 0.162076 0.212646 0.163665 0.212646 0.164195 0.213135 0.163136 0.213135 0.165254 0.213623 0.167903 0.213379 0.166843 0.213135 0.167373 0.211426 0.176377 0.213135 0.180085 0.214600 0.180085 0.213867 0.183792 0.214111 0.184322 0.213623 0.185911 0.213623 0.186970 0.213135 0.181674 0.211914 0.179555 0.213379 0.175318 0.212891 0.174258 0.212402 0.174788 0.211670 0.162076 0.209229 0.159958 0.207520 0.159958 0.208740 0.156780 0.208252 0.155720 0.208984 0.154131 0.209229 0.153602 0.210205 0.154661 0.210938 0.153602 0.211426 0.150953 0.209961 0.150953 0.209473 0.146186 0.210205 0.140890 0.209961 0.141419 0.210449
1 0.260064 0.208252 0.261123 0.208984 0.264831 0.209473 0.264831 0.208252 0.263242 0.207275 0.261653 0.208252
1 0.194386 0.213623 0.194386 0.214355 0.195445 0.214844 0.194915 0.214111 0.195975 0.213379 0.197034 0.213379 0.199153 0.212402 0.203919 0.211182 0.211864 0.208008 0.214513 0.208008 0.215572 0.208740 0.219280 0.209473 0.222987 0.211182 0.222458 0.211670 0.224576 0.211670 0.231462 0.213867 0.234640 0.214111 0.230932 0.213623 0.227225 0.212158 0.227754 0.211182 0.226695 0.210205 0.226695 0.211426 0.225636 0.211914 0.224576 0.211426 0.224047 0.209229 0.222987 0.208984 0.224047 0.209717 0.222987 0.210938 0.217691 0.208740 0.217691 0.207275 0.216102 0.207764 0.215572 0.207520 0.215572 0.206787 0.213453 0.206299 0.213983 0.205322 0.212394 0.205566 0.210275 0.204346 0.210275 0.203613 0.210275 0.204834 0.208157 0.205566 0.210275 0.205811 0.209216 0.205566 0.210275 0.204834 0.211864 0.205322 0.211864 0.206299 0.209746 0.207031 0.209746 0.208496 0.203390 0.210693 0.202331 0.210693 0.201801 0.211182 0.197564 0.212158
1 0.115466 0.202637 0.114936 0.203369 0.115996 0.203613 0.115996 0.204590 0.118644 0.206055 0.121292 0.208496 0.122352 0.207764 0.120763 0.206543 0.121292 0.205078
1 0.272775 0.202148 0.271186 0.203369 0.272246 0.203613 0.271186 0.205322 0.275424 0.208008 0.278602 0.207520 0.279661 0.207031 0.279661 0.205322 0.278072 0.207031 0.274894 0.207031 0.272775 0.206055 0.272775 0.204590 0.273835 0.203857 0.272775 0.203369
1 0.152013 0.201660 0.151483 0.202637 0.153072 0.202637 0.154131 0.201904 0.156250 0.202881 0.158369 0.205078 0.159958 0.205322 0.158898 0.203125 0.155720 0.201904 0.154661 0.200928 0.153602 0.201904
1 0.217691 0.200439 0.215572 0.201660 0.216102 0.202393 0.214513 0.202637 0.215042 0.203613 0.216631 0.203613 0.216631 0.205566 0.220339 0.206787 0.217691 0.205322 0.218750 0.203613 0.217691 0.203613 0.216102 0.202881 0.219280 0.202148 0.219280 0.201660 0.218220 0.202148 0.217161 0.201416 0.218220 0.200928 0.218750 0.201172 0.218750 0.200684
1 0.235169 0.198242 0.234640 0.200195 0.235169 0.200928 0.237818 0.200684 0.237818 0.199707 0.236758 0.198730
1 0.003178 0.193359 0.002119 0.194092 0.003178 0.194336 0.004237 0.196045 0.002648 0.196533 0.002119 0.196289 0.002119 0.200439 0.000000 0.201416 0.001589 0.201416 0.005297 0.203857 0.008475 0.204102 0.008475 0.204590 0.006356 0.205078 0.007415 0.205811 0.009534 0.206299 0.009534 0.204834 0.014301 0.204834 0.014831 0.204346 0.015890 0.204346 0.016949 0.205078 0.018008 0.203857 0.019597 0.204346 0.020657 0.203857 0.020657 0.203125 0.019068 0.204102 0.018538 0.203857 0.019597 0.202881 0.019068 0.202148 0.015890 0.201416 0.015360 0.202148 0.013771 0.202637 0.012182 0.201172 0.012712 0.200684 0.015360 0.200439 0.016949 0.199707 0.018008 0.199951 0.018008 0.199219 0.019068 0.199219 0.017479 0.195557 0.012712 0.195312 0.010593 0.194336 0.009534 0.194824 0.007415 0.193848 0.004237 0.193848 0.003178 0.194336 0.003178 0.193604 0.005297 0.193359
1 0.135593 0.192871 0.134534 0.194092 0.132415 0.194580 0.133475 0.195312 0.132415 0.197266 0.134004 0.197754 0.134004 0.198486 0.127119 0.199707 0.128178 0.199951 0.129767 0.199463 0.132415 0.200684 0.133475 0.199951 0.135064 0.200439 0.132945 0.201416 0.129767 0.201904 0.127648 0.201172 0.127119 0.202148 0.130297 0.203125 0.131356 0.204346 0.132415 0.203613 0.133475 0.203857 0.133475 0.205078 0.134534 0.205566 0.132945 0.207520 0.128178 0.206543 0.128178 0.207520 0.129237 0.207520 0.131356 0.208740 0.135593 0.208740 0.137712 0.210938 0.138242 0.209473 0.134534 0.208252 0.136123 0.205322 0.137182 0.205078 0.138242 0.205811 0.138242 0.206787 0.136123 0.207764 0.138242 0.208008 0.139831 0.206055 0.142479 0.206543 0.140360 0.205566 0.141419 0.204590 0.139301 0.203125 0.141419 0.202148 0.146186 0.203369 0.147246 0.202637 0.144597 0.201172 0.143008 0.201416 0.139831 0.200684 0.140890 0.202148 0.138771 0.202881 0.139831 0.204834 0.137182 0.205078 0.135064 0.204346 0.137182 0.203125 0.134534 0.201416 0.135064 0.199951 0.136123 0.199219 0.143008 0.197510 0.143538 0.198486 0.145127 0.198975 0.145657 0.200439 0.147775 0.201416 0.149364 0.199219 0.145657 0.196777 0.153072 0.195312 0.150424 0.195312 0.149364 0.194824 0.138771 0.197510 0.136653 0.197510 0.134004 0.195068 0.134534 0.194580 0.136123 0.194580
1 0.167903 0.192139 0.164195 0.192383 0.163665 0.192871 0.159958 0.192871 0.157309 0.194092 0.155191 0.194336 0.155191 0.194824
1 0.200212 0.190674 0.198623 0.190430 0.196504 0.191650 0.194915 0.191650 0.197034 0.192627 0.199682 0.192627 0.199682 0.191650 0.201271 0.191650 0.199153 0.190918
1 0.176907 0.187744 0.176907 0.188477 0.179555 0.188232 0.182733 0.189209 0.185381 0.189209 0.187500 0.189941 0.188559 0.189453 0.192267 0.189453 0.186970 0.189453 0.184852 0.189209 0.183263 0.188477 0.180085 0.188477 0.179555 0.187256 0.178496 0.186768
1 0.208157 0.186523 0.207627 0.187012 0.208686 0.187500 0.208686 0.188721 0.211335 0.188965 0.211864 0.187744
1 0.106462 0.185547 0.105932 0.186523 0.103284 0.187744 0.105932 0.187744 0.106462 0.188477 0.107521 0.188477 0.108581 0.187744 0.108051 0.185547 0.107521 0.186523 0.106462 0.186279
1 0.974047 0.184570 0.970869 0.185059 0.969809 0.185791 0.970869 0.186523 0.970869 0.187500 0.972458 0.188232 0.973517 0.187744 0.973517 0.186768 0.975636 0.186035 0.976165 0.185303
1 0.022246 0.184570 0.019068 0.185059 0.021186 0.185791 0.017479 0.187500 0.014831 0.187012 0.014831 0.187500 0.016419 0.187744 0.017479 0.188721 0.019068 0.188477 0.019597 0.187744 0.020127 0.187988 0.020127 0.187256 0.021716 0.187256 0.021716 0.186523 0.023305 0.185547
1 0.104873 0.182861 0.103284 0.182861 0.101695 0.183838 0.101695 0.185303 0.100106 0.186035 0.100106 0.186523 0.103284 0.185791 0.105403 0.183838
1 0.023835 0.182617 0.023305 0.183594 0.024364 0.183838 0.024894 0.185303 0.026483 0.185791 0.025424 0.186035 0.025424 0.187256 0.024364 0.187744 0.025424 0.188232 0.027013 0.188232 0.027542 0.188721 0.028602 0.188232 0.030191 0.188721 0.030191 0.187988 0.032309 0.187744 0.032839 0.187012 0.031250 0.187744 0.025953 0.187256 0.025424 0.186279 0.026483 0.186279 0.026483 0.185547 0.028072 0.185059 0.028072 0.184570 0.026483 0.184570 0.025424 0.183594 0.027013 0.183594 0.028072 0.183105 0.027013 0.182617
1 0.109110 0.182373 0.109640 0.182617 0.108051 0.183838 0.111758 0.184814 0.113347 0.186279 0.114407 0.185059 0.110169 0.183350 0.110169 0.182617
1 0.049788 0.183350 0.050318 0.184326 0.051377 0.184570 0.052436 0.184082 0.052966 0.184814 0.057203 0.185547 0.055085 0.184326 0.055085 0.183105 0.056144 0.183105 0.056144 0.183594 0.056144 0.182861 0.055085 0.182373 0.054555 0.182861 0.054025 0.182373 0.051907 0.182373 0.050847 0.183350
1 0.142479 0.183350 0.144597 0.184326 0.147775 0.184326 0.148835 0.183838 0.150424 0.184082 0.150424 0.183105 0.151483 0.183105 0.152542 0.184082 0.153602 0.184082 0.154131 0.183594 0.148305 0.182129 0.147246 0.183105 0.146186 0.182617 0.143538 0.182617 0.144068 0.183350
1 0.119703 0.181885 0.118114 0.183350 0.118114 0.185303 0.118644 0.186035 0.120233 0.186279 0.121292 0.186035 0.122881 0.184570 0.121292 0.184570 0.119703 0.183838
1 0.159958 0.180420 0.157839 0.180420 0.156250 0.182617 0.155191 0.182373 0.155720 0.181885 0.155191 0.182129 0.152013 0.181641 0.156780 0.183105 0.157839 0.182129 0.159428 0.181641
1 0.168962 0.179932 0.170551 0.180420 0.171081 0.181396 0.174258 0.182861 0.177436 0.183350 0.177966 0.183105 0.177966 0.182129 0.175318 0.182129 0.172140 0.180908 0.172140 0.180176 0.170551 0.180176 0.170021 0.179688
1 0.048199 0.179932 0.043432 0.179688 0.042903 0.180664 0.041843 0.180420 0.042373 0.180176 0.040254 0.180664 0.039195 0.180176 0.037606 0.181152 0.036547 0.181152 0.037606 0.182617 0.039725 0.181641 0.040784 0.181641 0.042903 0.183594 0.042903 0.181641 0.045551 0.181641 0.046610 0.180908 0.048199 0.180908 0.047140 0.180420
1 0.159958 0.176514 0.158898 0.176758 0.158898 0.177490 0.161017 0.178467 0.161547 0.179443 0.163665 0.180664 0.163665 0.178711 0.162076 0.177246
1 0.087394 0.176025 0.086335 0.177002 0.090572 0.178467 0.089513 0.178955 0.086864 0.178955 0.084746 0.177490 0.085805 0.179443 0.086864 0.179932 0.088983 0.179932 0.090572 0.180664 0.088983 0.181152 0.090572 0.182373 0.092691 0.182373 0.093220 0.181396 0.095339 0.182617 0.096398 0.181885 0.096928 0.182373 0.099047 0.182373 0.101165 0.183350 0.100636 0.182617 0.097987 0.182373 0.096398 0.181641 0.096398 0.180420 0.097458 0.179932 0.096398 0.180176 0.096928 0.180664 0.095339 0.181641 0.093220 0.180664 0.089513 0.180176 0.089513 0.179199 0.092691 0.178711 0.094280 0.177979 0.101695 0.178955 0.098517 0.178467 0.099047 0.177979 0.101165 0.178223 0.097458 0.177246 0.089513 0.177246 0.087394 0.176514
1 0.079449 0.175781 0.076801 0.175537 0.072034 0.177734 0.071504 0.177246 0.070445 0.177734 0.069386 0.177246 0.067797 0.177246 0.069915 0.177734 0.068856 0.178467 0.067797 0.178467 0.071504 0.178467 0.072564 0.177979 0.075742 0.177734 0.077331 0.178467 0.078919 0.178223 0.077860 0.178467 0.076271 0.177246 0.077860 0.175781 0.079449 0.176514
1 0.278602 0.174805 0.276483 0.176025 0.282839 0.178223 0.283369 0.180664 0.283898 0.179199 0.282839 0.178467 0.283898 0.177979 0.283369 0.177490 0.284428 0.177246 0.281780 0.177246 0.280191 0.176514 0.280720 0.176270 0.278602 0.175781
1 0.000000 0.173340 0.000000 0.175537 0.002119 0.175049 0.003178 0.175537 0.005297 0.175293 0.005826 0.174072 0.004767 0.173096 0.002119 0.172852
1 0.203390 0.172852 0.203390 0.174072 0.203919 0.173828 0.205508 0.174805 0.208686 0.175293 0.206568 0.175537 0.206568 0.176514 0.204979 0.177002 0.207097 0.176758 0.208157 0.177246 0.209216 0.176025 0.211335 0.176514 0.211335 0.175781 0.213453 0.175293 0.213453 0.176758 0.215572 0.177002 0.214513 0.176270 0.215572 0.175537 0.218220 0.176758 0.218750 0.176270 0.219280 0.176514 0.220869 0.176025 0.218220 0.175537 0.218220 0.174072 0.217691 0.176025 0.217161 0.174805 0.216102 0.175293 0.215572 0.174805 0.214513 0.175049 0.213983 0.174561 0.213453 0.174805 0.211335 0.174316 0.209216 0.173340 0.204449 0.173340 0.204449 0.172607 0.206568 0.172607 0.205508 0.172119
1 0.114407 0.172119 0.111229 0.174072 0.112818 0.175293 0.113347 0.174561 0.115466 0.174561 0.115466 0.172852 0.114407 0.172607
1 0.074153 0.170410 0.073093 0.171631 0.071504 0.171875 0.072034 0.173096 0.075742 0.174072 0.076801 0.175049 0.077860 0.175049 0.075742 0.174072 0.075742 0.172363 0.073623 0.172119 0.076271 0.170898
1 0.103814 0.168701 0.103814 0.169922 0.104873 0.170410 0.106992 0.169922 0.109110 0.170654 0.109110 0.170166 0.108051 0.169922 0.108581 0.168945 0.109110 0.169678 0.110699 0.169678 0.110699 0.170654 0.112288 0.171387 0.112818 0.170654 0.115466 0.170654 0.114936 0.170166 0.114407 0.170654 0.113877 0.169678 0.112288 0.169189 0.110699 0.169678 0.108581 0.168945
1 0.224576 0.168213 0.221928 0.169678 0.221398 0.169434 0.221928 0.170166 0.220339 0.170166 0.220869 0.171631 0.220339 0.171875 0.219280 0.170898 0.219280 0.172119 0.220339 0.172607 0.219280 0.174561 0.220339 0.173828 0.221928 0.173828 0.220339 0.173340 0.220869 0.173096 0.221928 0.173340 0.224576 0.172363 0.224576 0.170410 0.222458 0.170166 0.224047 0.169922
1 0.038136 0.164795 0.036547 0.164795 0.036017 0.166748 0.034428 0.167725 0.036017 0.168457 0.037076 0.167969 0.036547 0.167480 0.038136 0.166992 0.038665 0.166260 0.039195 0.166504
1 0.236229 0.163330 0.235699 0.163818 0.234640 0.163818 0.235699 0.163818 0.236758 0.164551 0.235699 0.165771 0.233051 0.166504 0.231462 0.166260 0.230932 0.167236 0.228284 0.166992 0.228814 0.167480 0.231992 0.167725 0.233581 0.168701 0.233051 0.169189 0.234110 0.169189 0.233051 0.168945 0.234640 0.168701 0.234640 0.167969 0.236758 0.168701 0.236229 0.169189 0.235169 0.169189 0.234640 0.170654 0.233581 0.170654 0.231992 0.169434 0.231462 0.169922 0.230932 0.169678 0.231462 0.170166 0.230403 0.170654 0.230403 0.171387 0.231992 0.171387 0.233581 0.172363 0.232521 0.171387 0.233581 0.170898 0.234110 0.171387 0.234640 0.170898 0.236229 0.171387 0.235169 0.172607 0.235699 0.173096 0.238347 0.173096 0.240466 0.173584 0.242585 0.172852 0.238877 0.169678 0.238877 0.166992 0.240466 0.166504 0.239407 0.165527 0.239936 0.164795 0.238877 0.165283
1 0.216102 0.162842 0.213983 0.162842 0.213983 0.164062 0.215042 0.164795 0.213983 0.165283 0.215042 0.166016 0.214513 0.166504 0.213983 0.166260 0.213983 0.167480 0.217161 0.166748 0.218750 0.165771 0.217691 0.164551 0.215042 0.164307 0.216631 0.163574 0.215572 0.163086
1 0.143538 0.164795 0.141419 0.164551 0.140360 0.165527 0.135593 0.165527 0.135064 0.166016 0.136123 0.166260 0.136123 0.166992 0.134534 0.167236 0.132945 0.166504 0.134004 0.166016 0.132945 0.166504 0.132415 0.166260 0.132945 0.163330 0.131886 0.162842 0.133475 0.161865 0.132415 0.162109 0.130297 0.161133 0.128178 0.160889 0.126589 0.161621 0.125000 0.161621 0.125000 0.162354 0.126059 0.162598 0.126589 0.163574 0.126059 0.164551 0.125000 0.164551 0.126059 0.167725 0.122352 0.168213 0.120763 0.167725 0.120763 0.167236 0.118644 0.166992 0.117585 0.165283 0.118114 0.164062 0.120233 0.163574 0.117585 0.163574 0.116525 0.164062 0.114407 0.163086 0.113877 0.161865 0.111758 0.161377 0.111229 0.163818 0.112288 0.164795 0.107521 0.165527 0.106462 0.166260 0.108051 0.166260 0.111229 0.165527 0.111758 0.165039 0.112818 0.165771 0.112288 0.166016 0.113877 0.165771 0.114936 0.166260 0.114936 0.167236 0.118114 0.167725 0.118644 0.169678 0.117585 0.170410 0.119703 0.171631 0.121822 0.172119 0.121822 0.172607 0.122881 0.169678 0.123941 0.169189 0.125530 0.169189 0.129237 0.171143 0.130297 0.170898 0.130297 0.169922 0.129237 0.169434 0.130297 0.169189 0.130826 0.166260 0.132415 0.166504 0.131886 0.167725 0.134004 0.168701 0.135064 0.168701 0.135593 0.169434 0.135064 0.168213 0.137712 0.167480 0.135593 0.166504 0.137182 0.166016 0.140360 0.167725 0.143008 0.167480 0.145127 0.168213 0.145657 0.167480 0.143538 0.166260
1 0.034958 0.159424 0.037076 0.160400 0.037076 0.161377 0.038136 0.162109 0.037076 0.162598 0.038136 0.162842 0.038136 0.163818 0.040254 0.163818 0.040254 0.164795 0.041314 0.165039 0.040254 0.167480 0.039195 0.167969 0.039195 0.171875 0.040254 0.172363 0.043432 0.171875 0.047140 0.172852 0.046610 0.171143 0.048199 0.170654 0.050318 0.170654 0.051377 0.172363 0.050318 0.172852 0.048729 0.172852 0.048729 0.174805 0.051377 0.176025 0.051907 0.175537 0.051377 0.176025 0.050847 0.175781 0.050847 0.174805 0.052966 0.174072 0.055614 0.174072 0.057203 0.172852 0.059322 0.174805 0.060911 0.175049 0.061970 0.176025 0.061970 0.174316 0.060911 0.173096 0.063030 0.172607 0.064089 0.171875 0.061441 0.171875 0.059852 0.172607 0.059322 0.172119 0.056674 0.172363 0.056144 0.171875 0.052966 0.171631 0.052966 0.168701 0.054555 0.167969 0.056674 0.168213 0.056674 0.166260 0.055085 0.166016 0.055085 0.166748 0.054025 0.167236 0.052436 0.166260 0.050847 0.166992 0.046610 0.166504 0.046081 0.166016 0.047140 0.165771 0.048199 0.164062 0.047140 0.163818 0.047669 0.163574 0.045021 0.161621 0.042373 0.161865 0.042373 0.163330 0.041314 0.163574 0.040784 0.161621 0.039195 0.161621 0.038665 0.160400
1 0.119703 0.155273 0.119703 0.156494 0.121292 0.156494 0.122352 0.156982 0.121822 0.157471 0.123941 0.158203 0.125000 0.159424 0.127648 0.159912 0.126059 0.157715 0.122352 0.156982
1 0.309852 0.153809 0.309852 0.155518 0.308792 0.155762 0.307733 0.157471 0.308792 0.159912 0.308792 0.159424 0.311441 0.158691 0.310381 0.158447 0.309322 0.156982 0.310381 0.156738 0.312500 0.158203 0.311970 0.157471 0.314089 0.156738 0.313559 0.156006 0.313030 0.156982 0.311970 0.156982 0.311441 0.155273
1 0.077331 0.153564 0.074153 0.153809 0.074153 0.154785 0.068326 0.155518 0.067797 0.155273 0.067267 0.155762 0.064619 0.155029 0.062500 0.155273 0.059322 0.156494 0.060911 0.158203 0.059852 0.158936 0.057203 0.158691 0.058792 0.159912 0.057203 0.160156 0.057203 0.161377 0.056144 0.161621 0.060911 0.163818 0.061970 0.163818 0.061441 0.162842 0.063559 0.161865 0.065148 0.162109 0.066737 0.162842 0.068326 0.164551 0.068326 0.163818 0.069386 0.163818 0.068326 0.162842 0.069915 0.162598 0.071504 0.163574 0.070975 0.164307 0.072034 0.164795 0.070445 0.165283 0.069915 0.166016 0.071504 0.166016 0.072034 0.167236 0.073623 0.167725 0.075742 0.167480 0.074153 0.166016 0.074153 0.164307 0.077331 0.163574 0.077331 0.162598 0.076801 0.162842 0.076271 0.162109 0.076271 0.162598 0.073623 0.163818 0.072564 0.163574 0.074153 0.162842 0.074682 0.161377 0.072564 0.160645 0.072564 0.159668 0.074682 0.158936 0.076271 0.157471 0.078390 0.157715 0.078390 0.156982 0.080508 0.156738 0.081038 0.156006 0.080508 0.155029
1 0.110699 0.153320 0.110169 0.155029 0.113877 0.155762 0.114407 0.153564 0.113347 0.153320 0.111758 0.153809
1 0.361229 0.154053 0.364407 0.154541 0.365996 0.155273 0.368114 0.155273 0.369174 0.154785 0.367055 0.154785 0.364407 0.152832
1 0.071504 0.145508 0.072034 0.145752 0.068856 0.146973 0.067797 0.148438 0.068326 0.149170 0.068326 0.147461 0.071504 0.146729 0.073093 0.147461 0.073093 0.148682 0.072034 0.148926 0.072034 0.149658 0.074153 0.149658 0.075212 0.147705 0.073093 0.146973 0.073093 0.145996
1 0.109640 0.143799 0.108051 0.144531 0.104873 0.144775 0.103284 0.145752 0.104343 0.146973 0.106992 0.145752 0.106992 0.145020 0.109110 0.144775
1 0.150424 0.143555 0.153602 0.147705 0.154661 0.146484 0.155720 0.146240 0.155191 0.144531 0.153072 0.145020
1 0.021186 0.143066 0.026483 0.148682 0.024364 0.149902 0.022246 0.148926 0.021716 0.149414 0.022775 0.149658 0.020127 0.150391 0.019597 0.152100 0.018008 0.151367 0.021186 0.153076 0.022246 0.154785 0.025424 0.155518 0.024894 0.156494 0.025953 0.156494 0.027542 0.158203 0.029661 0.158691 0.029661 0.157715 0.031250 0.157471 0.030720 0.156250 0.032309 0.155518 0.032309 0.154297 0.037606 0.155273 0.041314 0.156982 0.042903 0.156982 0.043962 0.156250 0.042373 0.154541 0.040254 0.154785 0.041843 0.153320 0.038136 0.152832 0.036547 0.151123 0.032839 0.149902 0.032309 0.150391 0.031250 0.150146 0.032309 0.148193 0.033898 0.148682 0.037076 0.148193 0.038665 0.150146 0.042903 0.150146 0.043962 0.148926 0.045021 0.149902 0.048199 0.149658 0.051907 0.151855 0.056674 0.151611 0.058263 0.150635 0.058792 0.151367 0.063030 0.151611 0.065148 0.152588 0.066737 0.152100 0.068856 0.153076 0.068856 0.152344 0.067267 0.152100 0.069386 0.151367 0.069915 0.150146 0.067797 0.149658 0.066737 0.150879 0.065148 0.149170 0.063559 0.150146 0.059322 0.150391 0.058792 0.150879 0.056674 0.150146 0.056674 0.148926 0.051377 0.148193 0.049258 0.145996 0.048199 0.146973 0.044492 0.147461 0.045021 0.148438 0.041843 0.148193 0.037606 0.146240 0.037606 0.145508 0.034428 0.145508 0.030720 0.147461 0.028602 0.145996 0.028602 0.144531 0.027013 0.144287 0.028602 0.143555 0.027542 0.143311 0.029131 0.142090 0.031250 0.142334 0.033898 0.144043 0.033898 0.143066 0.036017 0.141846 0.034428 0.140625 0.032839 0.141113 0.031780 0.140625 0.032839 0.140137 0.030720 0.139648 0.027542 0.140869 0.028602 0.142090 0.025953 0.142090 0.024894 0.143066 0.023305 0.142578
1 0.123411 0.138428 0.121822 0.137939 0.116525 0.138184 0.117055 0.140869 0.119703 0.139160 0.120763 0.139160 0.120233 0.138916 0.121292 0.138428
1 0.313030 0.135498 0.314089 0.137207 0.313030 0.137451 0.315148 0.138672 0.315148 0.140381 0.316208 0.139893 0.316208 0.138184 0.313559 0.136475 0.314089 0.135742
1 0.023835 0.135986 0.021716 0.135498 0.019068 0.136719 0.019068 0.137451 0.023305 0.136963
1 0.008475 0.134766 0.008475 0.138184 0.012712 0.138428 0.013771 0.138916 0.014301 0.137207 0.012712 0.136963 0.013242 0.135254 0.012182 0.134766
1 0.167373 0.131592 0.167373 0.132324 0.163665 0.134277 0.164195 0.134521 0.162606 0.135986 0.164725 0.135986 0.163665 0.135742 0.164195 0.135010 0.165254 0.135010 0.166314 0.135498 0.165784 0.135742 0.167373 0.135254 0.168962 0.135742 0.170021 0.134033 0.167903 0.134521 0.165784 0.134033
1 0.264831 0.129395 0.264831 0.130371 0.262712 0.131348 0.262182 0.132324 0.259004 0.131104 0.259534 0.130127 0.256886 0.131592 0.258475 0.132568 0.259004 0.132324 0.260593 0.132812 0.260593 0.133545 0.263242 0.133057 0.264831 0.131592
1 0.040784 0.129883 0.041314 0.130127 0.040254 0.130371 0.040254 0.131104 0.041314 0.131348 0.041314 0.132080 0.041843 0.130859 0.042373 0.132324 0.042903 0.131836 0.044492 0.132568 0.044492 0.133057 0.042373 0.134033 0.045551 0.135742 0.046610 0.137695 0.048199 0.138428 0.047669 0.138672 0.049258 0.138916 0.051907 0.140381 0.054555 0.140381 0.055085 0.140869 0.056674 0.140381 0.059852 0.141846 0.063030 0.140137 0.061970 0.139404 0.062500 0.138184 0.064089 0.137695 0.066208 0.137939 0.067267 0.137451 0.067267 0.134277 0.069386 0.134033 0.069386 0.132324 0.070445 0.132080 0.069915 0.131592 0.066737 0.131104 0.066208 0.131836 0.064619 0.131348 0.064619 0.131836 0.063559 0.131836 0.063559 0.132324 0.061970 0.132568 0.061970 0.130615 0.059322 0.130127 0.055614 0.130127 0.052436 0.129150 0.049788 0.129150 0.049788 0.129883 0.048729 0.130371 0.047669 0.130127 0.048199 0.129883 0.046081 0.130859 0.043962 0.129883
1 0.064619 0.124023 0.063559 0.124023 0.063030 0.123535 0.061970 0.124023 0.060381 0.124023 0.060911 0.125000 0.059322 0.125488 0.058263 0.125244 0.058792 0.124268 0.057203 0.124023 0.058263 0.124512 0.058263 0.125244 0.053496 0.126221 0.052966 0.126953 0.050847 0.127441 0.051907 0.127441 0.052966 0.128174 0.055614 0.128174 0.058263 0.127441 0.060381 0.126221 0.062500 0.126709 0.063559 0.125732 0.065148 0.125732
1 0.069386 0.122070 0.068856 0.122803 0.069915 0.123779 0.069386 0.124023 0.068326 0.123535 0.069915 0.124512 0.069915 0.125244 0.068856 0.125488 0.068856 0.126465 0.067797 0.126953 0.071504 0.127686 0.073093 0.126953 0.072034 0.126221 0.069386 0.125732 0.070445 0.125000 0.069386 0.124023 0.072034 0.123535 0.070975 0.122559
1 0.037076 0.120850 0.032309 0.121094 0.032839 0.121582 0.031780 0.121826 0.031780 0.122803 0.030191 0.123535 0.030191 0.124756 0.032839 0.125000 0.033898 0.124023 0.033369 0.123779 0.034428 0.123535 0.036017 0.124512 0.033898 0.125244 0.036547 0.125244 0.035487 0.124756 0.038136 0.123535
1 0.097987 0.119873 0.096398 0.119873 0.095339 0.120361 0.097458 0.121582 0.097458 0.123291 0.096398 0.123779 0.093750 0.123291 0.093220 0.123779 0.094280 0.123779 0.094809 0.124512 0.096928 0.123535 0.101165 0.122803 0.100106 0.122559 0.100106 0.121094
1 0.074682 0.119385 0.074153 0.121582 0.075212 0.122070 0.075212 0.122803 0.075742 0.122559 0.076271 0.123047 0.078390 0.123047 0.078390 0.122314 0.079979 0.121826 0.078390 0.120361
1 0.043962 0.113525 0.044492 0.114502 0.042373 0.115479 0.041314 0.114990 0.039195 0.116211 0.039195 0.117676 0.040254 0.118164 0.038136 0.119141 0.038136 0.120605 0.042373 0.121826 0.045551 0.121826 0.046081 0.121338 0.049788 0.121826 0.051377 0.122803 0.053496 0.122803 0.057203 0.122070 0.057203 0.121094 0.058792 0.120850 0.058263 0.118896 0.056144 0.119873 0.053496 0.119629 0.052436 0.119141 0.052436 0.117188 0.049788 0.117188 0.049788 0.118652 0.048729 0.118652 0.049258 0.118896 0.048199 0.119141 0.048729 0.119385 0.047669 0.119629 0.047669 0.120117 0.046610 0.119873 0.046610 0.118652 0.046081 0.118896 0.044492 0.118164 0.045551 0.114990
1 0.067797 0.113281 0.066208 0.114258 0.066208 0.114990 0.067267 0.115967 0.068856 0.115967 0.068326 0.114990 0.069386 0.113770 0.068856 0.113281
1 0.106462 0.111572 0.103814 0.110840 0.101695 0.111084 0.100636 0.110352 0.097987 0.110107 0.097458 0.110596 0.100636 0.111816 0.100636 0.112305 0.098517 0.113281 0.094280 0.113281 0.093220 0.114014 0.091102 0.113037 0.091102 0.112305 0.090042 0.111816 0.090042 0.113770 0.087924 0.113770 0.088983 0.114258 0.088983 0.115479 0.091102 0.116455 0.094280 0.116943 0.095339 0.115967 0.097987 0.115967 0.099576 0.115234 0.098517 0.114014 0.099047 0.113525 0.100636 0.113770 0.104343 0.112549 0.106462 0.113037
1 0.105932 0.105469 0.104343 0.106201 0.103284 0.107666 0.105932 0.108398 0.107521 0.108398 0.108051 0.107910 0.106992 0.107422 0.106992 0.106201
1 0.229873 0.102295 0.229873 0.104004 0.227754 0.104980 0.226165 0.104248 0.224576 0.105225 0.224047 0.106934 0.225106 0.106689 0.226165 0.107910 0.227754 0.107666 0.229343 0.105713
1 0.018008 0.101562 0.016949 0.102051 0.019068 0.102051 0.019068 0.103271 0.022775 0.104248 0.025424 0.106689 0.024364 0.106934 0.023305 0.106201 0.021716 0.107178 0.020657 0.106689 0.020127 0.107178 0.015890 0.105713 0.016949 0.106934 0.015890 0.107666 0.014301 0.106445 0.009534 0.107178 0.010064 0.108154 0.011653 0.108887 0.011653 0.110596 0.012712 0.110840 0.012182 0.111816 0.013771 0.111572 0.014301 0.112305 0.015360 0.111572 0.016949 0.113037 0.019068 0.112793 0.020127 0.113281 0.022246 0.112549 0.021186 0.111816 0.021716 0.111328 0.023835 0.111816 0.027542 0.114258 0.027542 0.114746 0.028602 0.114990 0.028072 0.115723 0.025953 0.114746 0.025953 0.117432 0.030191 0.117676 0.030191 0.117188 0.028072 0.116211 0.028072 0.115723 0.029131 0.115234 0.029661 0.115479 0.029661 0.112549 0.028602 0.111572 0.028072 0.111816 0.025953 0.110840 0.025953 0.109619 0.025953 0.112061 0.022246 0.109375 0.025424 0.108398 0.024364 0.107910 0.024894 0.107422 0.028072 0.108154 0.027542 0.107910 0.029131 0.106934 0.031250 0.106689 0.030720 0.106445 0.031780 0.106201 0.030720 0.105469 0.030191 0.105713 0.029661 0.105225 0.026483 0.104736 0.027542 0.104492 0.027542 0.104004 0.023305 0.101318 0.020657 0.101318 0.018538 0.101807
1 0.013242 0.097900 0.010593 0.099121 0.008475 0.099121 0.007415 0.100098 0.010593 0.102295 0.010593 0.103271 0.009534 0.103760 0.011123 0.103027 0.011653 0.103516 0.011653 0.103027 0.010593 0.102783 0.012182 0.101807 0.012712 0.102295 0.013242 0.102051 0.012182 0.101807 0.013242 0.101318
1 0.080508 0.096680 0.081038 0.098389 0.083157 0.098145 0.085275 0.098633 0.086335 0.097900 0.084746 0.097412 0.082627 0.097412 0.082097 0.096680
1 0.092161 0.092529 0.090572 0.092529 0.091102 0.092773 0.089513 0.093018 0.088983 0.093750 0.090042 0.095703 0.091102 0.095703 0.091631 0.094971 0.093750 0.094727 0.094280 0.095215 0.094280 0.094238 0.092691 0.093506 0.093220 0.093262 0.092161 0.093018
1 0.076271 0.077393 0.074682 0.078125 0.072564 0.078369 0.074153 0.079590 0.074153 0.080322 0.075212 0.080566 0.074682 0.081543 0.077331 0.082764 0.078919 0.082520 0.078919 0.080811 0.076801 0.079102
1 0.182733 0.074951 0.180085 0.075195 0.177966 0.076172 0.177966 0.078857 0.179555 0.078857 0.182203 0.077881 0.182203 0.076416 0.183263 0.076416
1 0.179025 0.071777 0.177966 0.072754 0.178496 0.073242 0.180085 0.072754 0.180614 0.072998 0.181674 0.072021 0.188030 0.072266 0.188030 0.073975 0.189619 0.074951 0.190148 0.073486 0.188559 0.072510 0.186970 0.070312 0.185911 0.070801 0.183263 0.070557 0.184322 0.070801 0.183792 0.071045 0.182203 0.070801 0.180614 0.072021 0.180085 0.071533
1 0.010593 0.058838 0.010593 0.060791 0.009004 0.061035 0.010064 0.061279 0.008475 0.062500 0.008475 0.062988 0.010064 0.063721 0.007415 0.064453 0.005826 0.065430 0.002648 0.065918 0.003178 0.067139 0.004237 0.066162 0.007945 0.065430 0.009004 0.064209 0.010593 0.064453 0.010593 0.065674 0.012182 0.066406 0.011653 0.064209 0.010064 0.062988 0.011653 0.059326
1 0.064619 0.000000 0.063559 0.000000 0.060381 0.001709 0.056674 0.002197 0.052436 0.005127 0.050318 0.005371 0.050847 0.005859 0.052436 0.005127 0.053496 0.005127 0.054025 0.004150 0.056674 0.003418 0.056674 0.002686 0.057733 0.002197 0.060381 0.001953
2 0.000000 0.431885 0.000000 0.449463 0.004767 0.448975 0.011123 0.446045 0.012712 0.442627 0.011123 0.439453 0.007945 0.435791 0.002119 0.432861 0.001589 0.432129
2 0.000000 0.389404 0.000000 0.416016 0.004767 0.416504 0.006356 0.414551 0.011653 0.412842 0.015360 0.409668 0.016949 0.403809 0.016949 0.399902 0.015890 0.397217 0.011653 0.394043 0.001589 0.389404
