0 0.272949 0.032839 0.271973 0.067797 0.248047 0.085805 0.260986 0.122352 0.250244 0.158898 0.273926 0.194386 0.284912 0.190148 0.286133 0.149894 0.299316 0.163136 0.288330 0.195975 0.291016 0.251589 0.314697 0.286017 0.305908 0.358051 0.245361 0.345339 0.217529 0.421610 0.190430 0.433263 0.197754 0.481992 0.169678 0.574682 0.112549 0.584216 0.104736 0.637182 0.139893 0.639301 0.150635 0.709216 0.164551 0.724047 0.192383 0.718220 0.253418 0.766949 0.268799 0.797140 0.268799 0.869703 0.307129 0.880826 0.329346 0.854873 0.341064 0.914195 0.303223 0.978814 0.304443 0.999470 0.452881 0.999470 0.452637 0.968750 0.454102 0.999470 0.531738 0.999470 0.488525 0.941208 0.497070 0.869703 0.552734 0.785487 0.567627 0.815148 0.592529 0.805614 0.588623 0.762182 0.597412 0.746292 0.576904 0.720339 0.580566 0.695445 0.602295 0.690148 0.611572 0.661547 0.641113 0.674258 0.681396 0.639831 0.678955 0.618644 0.627930 0.609110 0.616943 0.569915 0.634766 0.534428 0.623047 0.465572 0.685791 0.335805 0.656494 0.307733 0.597168 0.321504 0.585693 0.291843 0.591309 0.245233 0.568359 0.220339 0.545654 0.147775 0.529053 0.155720 0.495117 0.059852 0.445312 0.080508 0.436035 0.038136 0.424316 0.055085 0.415039 0.028602 0.395752 0.042373 0.373047 0.019068 0.361572 0.046610 0.366699 0.067797 0.338379 0.036547 0.306641 0.081568 0.293213 0.040784
1 0.365723 0.996822 0.365723 0.998411 0.366211 0.999470 0.367920 0.999470 0.367920 0.997881 0.367432 0.997881 0.366699 0.995763
1 0.339600 0.944386 0.338867 0.944386 0.337646 0.947564 0.336426 0.948623 0.335938 0.950212 0.336914 0.948623 0.338867 0.948623
1 0.470215 0.941737 0.470215 0.945445 0.470703 0.945975 0.470703 0.947564 0.471924 0.947564 0.471924 0.944915 0.471191 0.943326 0.471191 0.942267
1 0.467285 0.940148 0.467041 0.943856 0.467773 0.945975 0.467773 0.949682 0.468018 0.950742 0.468506 0.950742 0.468506 0.949153 0.469238 0.947564 0.468994 0.945975 0.468262 0.947034 0.468018 0.946504 0.467773 0.940678
1 0.430664 0.931144 0.430176 0.932203 0.430176 0.933792 0.430664 0.934322 0.430664 0.936970 0.431152 0.937500 0.431152 0.941208 0.430420 0.942797 0.429932 0.942797 0.429199 0.940148 0.428711 0.941208 0.428467 0.943856 0.427734 0.941737 0.427979 0.939619 0.427002 0.941208 0.427246 0.943856 0.428223 0.945975 0.428467 0.948093 0.428955 0.947034 0.429199 0.944386 0.429688 0.945445 0.429688 0.948093 0.430664 0.944386 0.431152 0.945445 0.431885 0.944386 0.431885 0.942267 0.431396 0.941208 0.431152 0.938559 0.431396 0.938030 0.430420 0.933792
1 0.469238 0.927966 0.468994 0.932203 0.469727 0.935911 0.469727 0.939089 0.470703 0.940678 0.470947 0.939089 0.469727 0.932733 0.469971 0.930614 0.469238 0.929025
1 0.338867 0.928496 0.338379 0.927966 0.337646 0.930614 0.336426 0.932733 0.335938 0.931674 0.334473 0.932733 0.333984 0.934322 0.333984 0.936970 0.334473 0.936970 0.334473 0.935381 0.335449 0.934322 0.336182 0.935911 0.336670 0.933263 0.337891 0.931674
1 0.446045 0.920551 0.445557 0.923729 0.445801 0.925318 0.445312 0.927436 0.446533 0.927436 0.447266 0.929555 0.448730 0.929555 0.449219 0.928496 0.448975 0.927436 0.447021 0.927436 0.445557 0.925847 0.446777 0.922669
1 0.479736 0.908898 0.478516 0.911017 0.478760 0.912076 0.478271 0.913136 0.477539 0.911547 0.477783 0.910487 0.477051 0.910487 0.477783 0.908898 0.477051 0.910487 0.476807 0.909958 0.477295 0.911017 0.475830 0.916843 0.475830 0.917903 0.476318 0.918432 0.476318 0.920551 0.477051 0.920551 0.477295 0.919492 0.476807 0.918962 0.477051 0.916843 0.477539 0.917903 0.478271 0.916843 0.478271 0.913136 0.478760 0.912606 0.479004 0.913665 0.479980 0.909958
1 0.362793 0.893538 0.362305 0.893008 0.361328 0.895657 0.360840 0.895127 0.360596 0.896186 0.359863 0.896186 0.358887 0.893538 0.357666 0.898835 0.357666 0.900953 0.358643 0.900953 0.359375 0.898835 0.360107 0.898835 0.360352 0.899894 0.361572 0.897246 0.363037 0.896716 0.363525 0.897775
1 0.333496 0.863347 0.333008 0.864407 0.332520 0.863347 0.331787 0.865996 0.331055 0.864407 0.330566 0.864407 0.329834 0.867585 0.329834 0.869703
1 0.359619 0.862288 0.358887 0.862288 0.357178 0.865996 0.357178 0.867055 0.358154 0.865996 0.359619 0.867585
1 0.300049 0.862288 0.299316 0.862288 0.299316 0.863877 0.298340 0.864936 0.298340 0.867055 0.299561 0.867055 0.299805 0.865996 0.300537 0.865996 0.300537 0.863877
1 0.364258 0.859110 0.364014 0.860169 0.364746 0.860169 0.365479 0.861758 0.364502 0.862288 0.364990 0.862288 0.366211 0.865996 0.367432 0.862818 0.365479 0.860169 0.364990 0.860699
1 0.312988 0.856462 0.313477 0.863877 0.313965 0.863877 0.314209 0.856992
1 0.383057 0.852754 0.384277 0.855932 0.384766 0.855403 0.385986 0.856992 0.386475 0.856992 0.386963 0.854873 0.387695 0.854343 0.386719 0.852225 0.385986 0.853284 0.383789 0.852225
1 0.473145 0.851695 0.472656 0.851695 0.470703 0.855932 0.470215 0.855932 0.470215 0.857521 0.469727 0.857521 0.470215 0.859640 0.470703 0.859640 0.472168 0.856462 0.472900 0.855932 0.473633 0.853814
1 0.438477 0.851165 0.437500 0.852225 0.437256 0.853814 0.436279 0.853814 0.436768 0.857521 0.436523 0.859640 0.437744 0.858581 0.437988 0.855932 0.438721 0.855403 0.438477 0.854873 0.438965 0.852754
1 0.309082 0.851165 0.307861 0.852754 0.307129 0.852754 0.306641 0.854873 0.305908 0.855932 0.305908 0.857521 0.305176 0.859110 0.304688 0.859110 0.304688 0.861229 0.306152 0.863877 0.307617 0.863347 0.308350 0.859640 0.308350 0.854873 0.309326 0.851695
1 0.488037 0.850636 0.485107 0.855403 0.486328 0.857521 0.488037 0.854343
1 0.468018 0.843220 0.466309 0.859640 0.464844 0.863347 0.465820 0.869174 0.464600 0.875000 0.460449 0.873941 0.458496 0.880297 0.456543 0.872881 0.456299 0.862288 0.455566 0.861229 0.455566 0.869174 0.454834 0.865466 0.454590 0.868644 0.454102 0.866525 0.453125 0.868644 0.451660 0.864407 0.451660 0.875530 0.452637 0.875000 0.452393 0.870233 0.454590 0.878178 0.455078 0.894597 0.454590 0.910487 0.453125 0.915784 0.452637 0.956568 0.453125 0.949153 0.453125 0.960275 0.452148 0.959746 0.451172 0.987818 0.452637 0.990996 0.451172 0.991525 0.451172 0.999470 0.452881 0.999470 0.452393 0.969280 0.454102 0.974576 0.454102 0.999470 0.455322 0.999470 0.455322 0.994703 0.459229 0.990996 0.461182 0.979873 0.463135 0.976165 0.462158 0.969280 0.463623 0.960805 0.465088 0.960275 0.465332 0.948623 0.463867 0.952331 0.463623 0.945975 0.464844 0.942267 0.465332 0.945445 0.465576 0.932203 0.467529 0.931674 0.468506 0.934322 0.468506 0.930085 0.466553 0.928496 0.469482 0.922669 0.467529 0.918962 0.467529 0.906780 0.469238 0.907309 0.468506 0.912606 0.469482 0.919492 0.470947 0.889831 0.468506 0.891419 0.468994 0.885593 0.470459 0.887182 0.469971 0.876059 0.468506 0.880826 0.468506 0.867585 0.467529 0.867055 0.468506 0.863877 0.467041 0.858581 0.467041 0.852754 0.468750 0.846928
1 0.326660 0.842161 0.326660 0.846928 0.327637 0.846928 0.328857 0.844280 0.329102 0.845339 0.329834 0.844809 0.329346 0.842691 0.327637 0.842161 0.327148 0.843220
1 0.317383 0.844280 0.319336 0.846398 0.320801 0.846398 0.321045 0.846928 0.319580 0.849047 0.321533 0.849576 0.322021 0.848517 0.322510 0.849576 0.322510 0.851165 0.322510 0.847987 0.321045 0.846398 0.321045 0.843220 0.319580 0.843750 0.319092 0.842161 0.319092 0.843220 0.318359 0.844809
1 0.364502 0.840572 0.362793 0.841631 0.361816 0.841102 0.362793 0.843750 0.362305 0.845339 0.362305 0.851165 0.362793 0.851695 0.362305 0.852225 0.362305 0.853284 0.362793 0.853284 0.362793 0.850636 0.362305 0.850106 0.363037 0.848517 0.366943 0.849047 0.364502 0.849047 0.363770 0.847987 0.363525 0.848517 0.362793 0.846398 0.363281 0.844280 0.364014 0.843220 0.364014 0.841102
1 0.346191 0.840042 0.345703 0.843220 0.346191 0.844280 0.346191 0.845869 0.346924 0.846928 0.346436 0.845339 0.346924 0.844809 0.347656 0.846928 0.349121 0.846398 0.349609 0.847458 0.349365 0.845869 0.348633 0.845869 0.348145 0.843750 0.347900 0.844280 0.347412 0.843220 0.347168 0.841102
1 0.332031 0.845339 0.332520 0.845869 0.333252 0.844809 0.334229 0.844809 0.334473 0.843750 0.334717 0.844280 0.334473 0.843220 0.334961 0.842161 0.336182 0.842691 0.336426 0.843750 0.337402 0.843750 0.336914 0.843220 0.337402 0.842691 0.337402 0.841102 0.335938 0.842161 0.333984 0.840042 0.332520 0.840042 0.333496 0.842161 0.332275 0.844280 0.332031 0.843750
1 0.437256 0.835805 0.435791 0.837394 0.435547 0.836864 0.434570 0.838983 0.435303 0.840572 0.436035 0.840572 0.436768 0.838983 0.437012 0.840042 0.436768 0.838983 0.437256 0.837924
1 0.392822 0.834746 0.391113 0.835275 0.390137 0.837394 0.390625 0.837924 0.391113 0.841631 0.390137 0.845339 0.390137 0.846928 0.389893 0.847458 0.389648 0.846398 0.389648 0.848517 0.388916 0.850106 0.389893 0.852225 0.390869 0.851695 0.392334 0.847987 0.393555 0.846928 0.393311 0.842161 0.392822 0.842161 0.392334 0.841102 0.392578 0.840572 0.391602 0.841102 0.391113 0.840042 0.391602 0.838983 0.391602 0.837394 0.393066 0.835275
1 0.346191 0.835805 0.344482 0.836335 0.343750 0.834746 0.342773 0.836335 0.343506 0.838453 0.342773 0.838983 0.342773 0.840572 0.343262 0.840572 0.343506 0.839513 0.343994 0.842691 0.343994 0.841102 0.344482 0.840042 0.343994 0.840572 0.343506 0.839513 0.343506 0.837924 0.345215 0.837394 0.345703 0.836335 0.346436 0.836335
1 0.447021 0.833686 0.445312 0.834746 0.444092 0.836864 0.444092 0.837924 0.445068 0.838453 0.446289 0.835275 0.446777 0.836335
1 0.451660 0.832627 0.451172 0.833157 0.451172 0.836335 0.451660 0.837394 0.451416 0.838983 0.450684 0.837394 0.450439 0.834216 0.449707 0.833686 0.449707 0.838453 0.449219 0.838983 0.449219 0.841631 0.448486 0.843750 0.448975 0.846928 0.448730 0.855403 0.449219 0.853814 0.448975 0.844280 0.449463 0.842691 0.450195 0.844280 0.450195 0.846928 0.452148 0.847458 0.452148 0.849047 0.450928 0.851695 0.450439 0.850636 0.449707 0.851165 0.450195 0.852225 0.451904 0.852225 0.452148 0.853284 0.452637 0.852225 0.453369 0.852225 0.452637 0.850636 0.453369 0.847458 0.452148 0.847458 0.451904 0.844280 0.451416 0.843750 0.451416 0.838983 0.452148 0.836864 0.451416 0.834216
1 0.330078 0.832627 0.329590 0.834746 0.329102 0.834216 0.329590 0.835275 0.329102 0.836335 0.329102 0.838453 0.328613 0.838453 0.329590 0.839513 0.329834 0.841631 0.330566 0.838453 0.331787 0.839513 0.330811 0.837394 0.330566 0.833157
1 0.363037 0.835805 0.360352 0.835805 0.359375 0.836864 0.358887 0.835805 0.359375 0.834746 0.359131 0.833686 0.359619 0.833157 0.359375 0.831568 0.359131 0.833686 0.358643 0.832627 0.357910 0.833157 0.358154 0.835275 0.357666 0.836335 0.356934 0.834216 0.356445 0.834216 0.356445 0.836864 0.355957 0.836864 0.355713 0.838983 0.355225 0.838453 0.355225 0.835805 0.354004 0.836864 0.354980 0.836864 0.354736 0.837924 0.355713 0.839513 0.355469 0.840572 0.355957 0.841631 0.357666 0.841631 0.357910 0.842691 0.357422 0.843750 0.358154 0.842691 0.358398 0.843750 0.359131 0.843750 0.358887 0.842161 0.359375 0.839513 0.359863 0.839513 0.359863 0.840572 0.361084 0.840572 0.359619 0.838983 0.359619 0.837394 0.360840 0.837394 0.361084 0.838453 0.363037 0.838453
1 0.270752 0.827331 0.268555 0.827860 0.267578 0.829979 0.269043 0.829979 0.269287 0.831038 0.267578 0.831568 0.267578 0.832627 0.269043 0.833157 0.270996 0.829979
1 0.511475 0.826801 0.510986 0.826801 0.509033 0.832097 0.509033 0.829449 0.508789 0.830508 0.508057 0.829979 0.507812 0.825742 0.508057 0.835275 0.507812 0.835805 0.507324 0.834746 0.507324 0.832627 0.506592 0.832627 0.506348 0.833686 0.505615 0.832097 0.505859 0.832627 0.505615 0.834746 0.504883 0.836335 0.504883 0.838983 0.504639 0.839513 0.504395 0.838453 0.503906 0.838983 0.503662 0.837394 0.503418 0.837924 0.503906 0.838983 0.503906 0.843220 0.503662 0.843750 0.503418 0.842161 0.503418 0.843750 0.504150 0.844280 0.504639 0.842691 0.504883 0.843220 0.504395 0.845339 0.504883 0.846398 0.504639 0.847458 0.503906 0.847458 0.503418 0.846398 0.503174 0.846928 0.503906 0.847458 0.503662 0.848517 0.502441 0.847987 0.501709 0.849576 0.498047 0.850106 0.499023 0.851695 0.500732 0.851165 0.500977 0.852225 0.501709 0.851165 0.502441 0.853284 0.503174 0.853284 0.503906 0.854873 0.503662 0.855932 0.502441 0.855932 0.501953 0.857521 0.503174 0.857521 0.503662 0.856462 0.503906 0.858581 0.509521 0.847458 0.509277 0.846928 0.508057 0.848517 0.507568 0.847458 0.508301 0.845869 0.509033 0.845869 0.510254 0.842691 0.510742 0.843220 0.510742 0.844280 0.513672 0.835805 0.512695 0.834746 0.512939 0.832627 0.511475 0.832097
1 0.467041 0.825212 0.466309 0.825212 0.466309 0.829979 0.465820 0.830508 0.466064 0.834216 0.466553 0.832627 0.466553 0.830508 0.467041 0.829979
1 0.404785 0.825212 0.404785 0.827860 0.403320 0.828390 0.403320 0.830508 0.402344 0.831038 0.402344 0.832627 0.403320 0.831568 0.403320 0.838453 0.404785 0.842161 0.403809 0.849576 0.400391 0.853814 0.398438 0.847987 0.398438 0.844280 0.397949 0.847458 0.397217 0.846928 0.397705 0.845339 0.396484 0.846398 0.396484 0.852225 0.395020 0.855403 0.396729 0.854873 0.401855 0.862818 0.406006 0.861758 0.407715 0.865996 0.408936 0.863877 0.409424 0.868644 0.410400 0.867055 0.411621 0.869703 0.410889 0.872881 0.412354 0.878178 0.415527 0.885064 0.417480 0.897246 0.418945 0.901483 0.418945 0.905720 0.421387 0.911547 0.423828 0.913665 0.425781 0.912606 0.425781 0.909958 0.424561 0.907309 0.426025 0.905720 0.424561 0.903072 0.424316 0.898835 0.421631 0.890360 0.420410 0.880297 0.418945 0.877119 0.418213 0.879237 0.416748 0.875530 0.416504 0.868644 0.415771 0.870233 0.414307 0.864936 0.414795 0.861229 0.413574 0.862288 0.412354 0.859640 0.412842 0.856462 0.415039 0.853284 0.414307 0.851695 0.413818 0.853814 0.412842 0.852754 0.411133 0.846398 0.412842 0.843220 0.415039 0.843220 0.415771 0.844809 0.416016 0.840572 0.413330 0.841631 0.413818 0.840042 0.413086 0.840042 0.411377 0.843750 0.410156 0.842691 0.410400 0.840042 0.411865 0.839513 0.411133 0.839513 0.411133 0.836864 0.412354 0.833686 0.412598 0.834746 0.416016 0.832627 0.415527 0.831038 0.414307 0.833157 0.410889 0.831568 0.410645 0.829979 0.412842 0.827860 0.412842 0.825212 0.412109 0.825212 0.406738 0.833686 0.405518 0.831038
1 0.354248 0.824153 0.352783 0.826271 0.353027 0.826801 0.352539 0.827860 0.352295 0.830508 0.351318 0.828919 0.351318 0.827331 0.350586 0.825212 0.350586 0.826801 0.351318 0.828390 0.351074 0.829449 0.351562 0.831038 0.352295 0.831038 0.353027 0.828919 0.353760 0.828390 0.353516 0.826801 0.354248 0.825742
1 0.517334 0.823093 0.516846 0.824153 0.516357 0.823093 0.515869 0.824153 0.515137 0.824153 0.514893 0.823093 0.513672 0.823093 0.512207 0.826271 0.511963 0.831038 0.512451 0.831038 0.512695 0.829979 0.514648 0.829979 0.514648 0.827860 0.515625 0.827860 0.517334 0.826271 0.516846 0.825742 0.516846 0.824153
1 0.419678 0.823093 0.419189 0.831038 0.419434 0.832627 0.420410 0.830508 0.420898 0.831568 0.422119 0.829449 0.422119 0.828390 0.421143 0.826801 0.420410 0.827331 0.419922 0.826271
1 0.455811 0.822034 0.455811 0.829979 0.455322 0.830508 0.455566 0.835275 0.455078 0.837924 0.455322 0.838453 0.455811 0.837924 0.455811 0.831568 0.456787 0.831038 0.455811 0.829979
1 0.340332 0.817797 0.340332 0.818856 0.342041 0.821504 0.342285 0.820975 0.342773 0.822034 0.343994 0.822034 0.343262 0.817797 0.342773 0.817797 0.342529 0.819915 0.342041 0.818856 0.341553 0.819386 0.341553 0.817797
1 0.337158 0.816737 0.336182 0.817797 0.336670 0.818856 0.335938 0.820975 0.335205 0.820975 0.334229 0.823623 0.335693 0.822564 0.336182 0.824682 0.337402 0.822564 0.337646 0.820975 0.337158 0.822034 0.336182 0.821504 0.336670 0.819915 0.337158 0.820445 0.337402 0.819386 0.336670 0.818326 0.336670 0.817267
1 0.322754 0.814089 0.322754 0.818326 0.324951 0.818326 0.325439 0.817267 0.324951 0.815678 0.324219 0.815678 0.323730 0.813559
1 0.397705 0.811441 0.395508 0.811970 0.394287 0.815148 0.395020 0.816737 0.394775 0.818326 0.394043 0.817797 0.394043 0.821504 0.395020 0.823093 0.394531 0.828919 0.394043 0.829449 0.394043 0.831038 0.394531 0.831568 0.394531 0.835275 0.395752 0.835275 0.395264 0.833686 0.395996 0.832097 0.397217 0.835275 0.397949 0.833686 0.397949 0.830508 0.395996 0.828390 0.395996 0.826801 0.397217 0.823093 0.397705 0.824153 0.398193 0.823093 0.398682 0.824682 0.398682 0.822034 0.398193 0.820445 0.399170 0.818856 0.399170 0.814619
1 0.321289 0.811441 0.319336 0.810381 0.319092 0.811441 0.318359 0.811441 0.318115 0.813559 0.316162 0.814089 0.316406 0.815148 0.315674 0.816737 0.314941 0.816737 0.314697 0.817797 0.313965 0.817797 0.313721 0.818856 0.311523 0.820445 0.312744 0.823623 0.312988 0.822564 0.314697 0.821504 0.314697 0.819915 0.315430 0.818326 0.316162 0.818326 0.316406 0.817267 0.318115 0.817267 0.318604 0.816208 0.318848 0.813030 0.320801 0.811970 0.321289 0.813559
1 0.500244 0.808263 0.499756 0.809852 0.500000 0.811441 0.499512 0.814089 0.499756 0.815678 0.500732 0.816737 0.500977 0.812500 0.500244 0.812500
1 0.467041 0.808263 0.466309 0.808263 0.466797 0.809322 0.466797 0.810911 0.465820 0.813559 0.465820 0.821504 0.466797 0.821504 0.466309 0.819915 0.466309 0.816208 0.467285 0.814619 0.467285 0.813559 0.466553 0.812500 0.466553 0.811441 0.467041 0.810911
1 0.307617 0.812500 0.309326 0.812500 0.310059 0.814089 0.310059 0.815678 0.311279 0.815678 0.311523 0.817267 0.313232 0.817267 0.313721 0.816208 0.313721 0.811970 0.314697 0.810911 0.314697 0.808263 0.314209 0.811441 0.313477 0.810381 0.313477 0.808792 0.313232 0.809852 0.312744 0.808263 0.313232 0.807203 0.312500 0.807203 0.312256 0.808263 0.311523 0.807203 0.311768 0.807733 0.311279 0.809322 0.311035 0.808263 0.310547 0.808263 0.309082 0.811970 0.308105 0.811441
1 0.448730 0.805085 0.448242 0.805614 0.448242 0.808792 0.447754 0.809322 0.447754 0.815148 0.448975 0.815148 0.448730 0.813030 0.449463 0.811441 0.449707 0.811970 0.450195 0.810381 0.449707 0.810381 0.449707 0.808792 0.448730 0.806674
1 0.380127 0.805614 0.379150 0.804555 0.377686 0.805085 0.376465 0.806674 0.376465 0.807733 0.376953 0.808792 0.377686 0.808792 0.377930 0.806674 0.379395 0.806674
1 0.339600 0.804025 0.339355 0.804555 0.338623 0.802966 0.337891 0.802966 0.336670 0.805085 0.334473 0.805085 0.333740 0.806674 0.336670 0.807733 0.337646 0.806144 0.338135 0.807733 0.337646 0.805085
1 0.328125 0.802966 0.328125 0.804025 0.328857 0.804025 0.329102 0.805085 0.330322 0.805085 0.331055 0.807203 0.330811 0.804025 0.331299 0.802966 0.330566 0.802966 0.330566 0.801907 0.330078 0.801907 0.329590 0.804025 0.329102 0.803496 0.329102 0.801907 0.328857 0.802966
1 0.523193 0.804025 0.523438 0.808792 0.524170 0.809322 0.524414 0.808263 0.525879 0.813030 0.525879 0.814089 0.525391 0.814619 0.526123 0.815148 0.526855 0.817267 0.527832 0.815148 0.529053 0.815148 0.529785 0.814089 0.529297 0.810381 0.528076 0.811441 0.528076 0.812500 0.527344 0.813559 0.526123 0.813030 0.525879 0.808792 0.526611 0.802966 0.525879 0.805085 0.524902 0.803496 0.525146 0.802436 0.525391 0.802966 0.524414 0.801377 0.524414 0.802966
1 0.522705 0.804025 0.522461 0.805614 0.522217 0.803496 0.521484 0.804025 0.520508 0.806674 0.520020 0.805614 0.520020 0.804025 0.519043 0.802966 0.518311 0.800847 0.516602 0.800847 0.516357 0.801907 0.516846 0.802436 0.515869 0.804555 0.516846 0.804555 0.516846 0.802966 0.517822 0.801377 0.518066 0.802436 0.518799 0.802436 0.518799 0.803496 0.518066 0.804025 0.518799 0.805085 0.518799 0.806674 0.515869 0.809322 0.515625 0.814619 0.515137 0.815678 0.514648 0.814619 0.515137 0.815678 0.514648 0.816208 0.514648 0.819386 0.515869 0.822034 0.516846 0.821504 0.516602 0.815148 0.517090 0.813559 0.516113 0.813559 0.516357 0.811441 0.516846 0.810911 0.518066 0.813559 0.518555 0.817267 0.519287 0.818326 0.519287 0.813559 0.520508 0.813030 0.521240 0.814089 0.520996 0.812500 0.521973 0.809852 0.521729 0.810381 0.521484 0.809322 0.522217 0.808263 0.521973 0.805614 0.522217 0.805085 0.522461 0.806144
1 0.374756 0.804025 0.374023 0.802436 0.372803 0.802436 0.372314 0.801377 0.372559 0.798199 0.371338 0.798729 0.371338 0.799788 0.370117 0.799788 0.369629 0.798729 0.369141 0.800318 0.369141 0.802436 0.369873 0.802436 0.370361 0.804555 0.370850 0.804555 0.370361 0.804025 0.370850 0.801907 0.370117 0.801377 0.370850 0.799788 0.371826 0.799788 0.372070 0.802436 0.373535 0.802436
1 0.345459 0.795551 0.344727 0.796081 0.344482 0.798199 0.344238 0.797140 0.343994 0.798199 0.343750 0.796610 0.343262 0.796610 0.343262 0.798729 0.342773 0.798729 0.342773 0.800318 0.343262 0.800318 0.343750 0.798729 0.344238 0.799788 0.344971 0.799788 0.345703 0.798199 0.345215 0.797669
1 0.522461 0.789725 0.520996 0.792373 0.521240 0.795551 0.522461 0.793432
1 0.402344 0.788665 0.402344 0.792903 0.400879 0.793432 0.400879 0.796081 0.401367 0.796610 0.400879 0.804555 0.402100 0.804555 0.402344 0.802436 0.402832 0.803496 0.402832 0.805614 0.404297 0.808263 0.404297 0.809852 0.403320 0.812500 0.403076 0.810381 0.402100 0.808792 0.402100 0.806674 0.402344 0.816737 0.402588 0.818326 0.403076 0.815678 0.403809 0.815678 0.403809 0.820445 0.404297 0.821504 0.403320 0.822034 0.403564 0.823623 0.404541 0.821504 0.405029 0.823623 0.404785 0.809852 0.405273 0.808792 0.404541 0.808792 0.404053 0.807733 0.403809 0.804555 0.404053 0.798729 0.404785 0.798199 0.405029 0.796610 0.403809 0.796610 0.403564 0.799788 0.402588 0.798199 0.402588 0.797140 0.402100 0.796610 0.402100 0.793432 0.402832 0.792903 0.403320 0.790784
1 0.527344 0.789725 0.525879 0.787606 0.524414 0.789195 0.523926 0.793962 0.524658 0.794492 0.525146 0.791314 0.526123 0.789195 0.526855 0.791314 0.527344 0.791314
1 0.368652 0.790784 0.369385 0.790254 0.369873 0.791843 0.370605 0.792373 0.370850 0.791314 0.371338 0.791314 0.371582 0.792903 0.372314 0.793962 0.373291 0.793962 0.373535 0.791843 0.374268 0.790784 0.378418 0.797140 0.380127 0.798199 0.373535 0.789725 0.371582 0.784958 0.370605 0.787076 0.371582 0.787076 0.370850 0.789725 0.369385 0.789195
1 0.327881 0.784958 0.327148 0.786547 0.327148 0.789725 0.328613 0.791314 0.329346 0.794492 0.326904 0.795551 0.327637 0.798199 0.328369 0.796081 0.329346 0.796081 0.329590 0.797140 0.330322 0.796081 0.330566 0.796610 0.330078 0.798199 0.331543 0.798199 0.331787 0.797669 0.329834 0.794492 0.331787 0.793962 0.332031 0.790784 0.330811 0.789725 0.330078 0.791314 0.328857 0.789195 0.329102 0.788136 0.329834 0.788136 0.329834 0.786017
1 0.373047 0.786547 0.374023 0.787606 0.375244 0.787076 0.376465 0.788136 0.376709 0.787076 0.377441 0.787076 0.377441 0.786017 0.376221 0.783898 0.374023 0.784428
1 0.500244 0.781780 0.499512 0.784428 0.500000 0.784958 0.499512 0.789195 0.501221 0.790254 0.501953 0.791843 0.501709 0.792373 0.502441 0.792903 0.502197 0.794492 0.501465 0.794492 0.502686 0.798199 0.506104 0.801907 0.506592 0.800847 0.506836 0.797140 0.505859 0.795551 0.506836 0.793962 0.506592 0.793432 0.507080 0.792903 0.507324 0.790784 0.506104 0.791314 0.505371 0.790254 0.505127 0.788136 0.504395 0.787606 0.504883 0.786017 0.504395 0.783898 0.501953 0.787606 0.501709 0.786547 0.500977 0.786547 0.500488 0.785487
1 0.336914 0.781780 0.335938 0.780720 0.335205 0.782839 0.334717 0.786017 0.334961 0.787606 0.335449 0.787606 0.335205 0.786547
1 0.528076 0.780720 0.527588 0.780191 0.527832 0.779131 0.527344 0.778072 0.527344 0.779661 0.525391 0.778602 0.524902 0.781780 0.526367 0.781780 0.526611 0.780720 0.527100 0.780720 0.527344 0.781780 0.526855 0.782839 0.527344 0.782839
1 0.496826 0.777542 0.497070 0.784428 0.494141 0.784958 0.493164 0.819386 0.492188 0.822564 0.491699 0.818856 0.490723 0.820975 0.492188 0.829979 0.491211 0.834216 0.490967 0.826271 0.489258 0.827331 0.488525 0.838453 0.490234 0.840572 0.489502 0.843220 0.487793 0.840572 0.488770 0.855403 0.486084 0.867585 0.485352 0.892479 0.482910 0.891949 0.481934 0.895127 0.482910 0.894068 0.481201 0.915784 0.482910 0.913136 0.482910 0.923199 0.481445 0.923729 0.481445 0.931674 0.479492 0.932733 0.480469 0.948623 0.478027 0.947564 0.478027 0.960805 0.476318 0.966102 0.472412 0.956568 0.473633 0.952860 0.469727 0.949153 0.473145 0.984640 0.474609 0.983051 0.474609 0.999470 0.484619 0.997352 0.484131 0.979873 0.487061 0.944915 0.485596 0.932203 0.488525 0.936441 0.488525 0.940678 0.488037 0.922669 0.490967 0.911017 0.494385 0.881356 0.492432 0.885593 0.491943 0.881356 0.493652 0.875530 0.495117 0.878708 0.498047 0.867585 0.498535 0.870233 0.497314 0.861229 0.498779 0.861758 0.500000 0.855403 0.501221 0.857521 0.500977 0.854343 0.498535 0.853814 0.497803 0.860169 0.495117 0.858581 0.497070 0.850106 0.496338 0.811441 0.497314 0.800847 0.498779 0.799258 0.497803 0.786017 0.499268 0.783369
1 0.343018 0.774364 0.341309 0.774894 0.340332 0.777013 0.341553 0.777013 0.342285 0.778602 0.342041 0.779131 0.342529 0.779131 0.343018 0.777013
1 0.315918 0.774364 0.315430 0.774894 0.313965 0.773835 0.313965 0.777013 0.313232 0.779131 0.314697 0.778072
1 0.390137 0.772246 0.388916 0.773305 0.387451 0.776483 0.386719 0.776483 0.386475 0.779131 0.385254 0.779661 0.385254 0.782309 0.385742 0.782839 0.385498 0.786017 0.384277 0.786017 0.383789 0.784958 0.383789 0.787606 0.384521 0.787606 0.384766 0.789195 0.385986 0.788136 0.385986 0.790784 0.386475 0.789725 0.387695 0.792903 0.388916 0.792903 0.389648 0.786547 0.388916 0.788136 0.387207 0.787606 0.387695 0.786547 0.389160 0.786547 0.388428 0.785487 0.390137 0.782309 0.389160 0.782839 0.389160 0.781780 0.388916 0.782309 0.388672 0.781250 0.387695 0.781780 0.386963 0.778072 0.389648 0.774364 0.388916 0.773835 0.389893 0.772775 0.390137 0.773305
1 0.341553 0.772775 0.340576 0.771716 0.339844 0.772246 0.339844 0.774364 0.339355 0.775424 0.338379 0.773835 0.338867 0.773305 0.338379 0.772775 0.338623 0.772246 0.336670 0.775953 0.336182 0.779131 0.338135 0.779131
1 0.538818 0.772246 0.538330 0.771186 0.536621 0.771186 0.535889 0.773305 0.535156 0.773305 0.535156 0.774894 0.535889 0.773835 0.536865 0.775424 0.536377 0.777013 0.535645 0.775953 0.533936 0.778072 0.534668 0.778072 0.534912 0.779131 0.535645 0.779131 0.536377 0.777542 0.536621 0.778072 0.537598 0.774364
1 0.532959 0.771186 0.532959 0.772775 0.531738 0.773835 0.532227 0.774364 0.531738 0.774894 0.532227 0.775953 0.533936 0.775953 0.534424 0.774364 0.533936 0.773835 0.533936 0.772246
1 0.526855 0.772246 0.527832 0.772775 0.527344 0.773835 0.527832 0.772775 0.529053 0.772775 0.527832 0.772246 0.529297 0.771186 0.531006 0.771186 0.531494 0.772246 0.532471 0.770657 0.532471 0.769597 0.531250 0.769597 0.531738 0.770127 0.531494 0.770657 0.530029 0.770657 0.529785 0.769597 0.529053 0.769597 0.529541 0.769597 0.529541 0.770657 0.526855 0.770127
1 0.364502 0.771716 0.363525 0.771186 0.362549 0.772246 0.361816 0.774364 0.360840 0.773835 0.360596 0.774894 0.360352 0.772246 0.359863 0.771186 0.360107 0.768008 0.359619 0.766949 0.358643 0.769068 0.358643 0.771716 0.359863 0.774894 0.360352 0.774894 0.360596 0.775953 0.361816 0.774894 0.361816 0.775953 0.363525 0.775953 0.364014 0.777013 0.363770 0.778072 0.363281 0.777542 0.363281 0.779661 0.362793 0.780720 0.362549 0.778602 0.361328 0.778602 0.361084 0.777542 0.360840 0.779131 0.359619 0.780720 0.358887 0.780191 0.359131 0.779131 0.357178 0.779661 0.355713 0.776483 0.355713 0.774364 0.355225 0.773835 0.355469 0.773305 0.353516 0.773305 0.352295 0.771186 0.352051 0.773305 0.352295 0.775953 0.354736 0.775953 0.355957 0.779131 0.355469 0.779661 0.355469 0.780720 0.356445 0.782839 0.357178 0.787076 0.357666 0.782839 0.358398 0.782839 0.358398 0.781780 0.360107 0.781250 0.361084 0.782839 0.360840 0.783369 0.361816 0.783369 0.362305 0.782309 0.363770 0.782839 0.364014 0.780720 0.364990 0.778602 0.364990 0.777013 0.363525 0.773305
1 0.296143 0.768008 0.295410 0.768008 0.294922 0.766949 0.295166 0.768008 0.294434 0.768008 0.294678 0.769068 0.293457 0.771716 0.291992 0.771186 0.291748 0.768008 0.291260 0.769597 0.291748 0.770657 0.291504 0.771186 0.289062 0.768538 0.290039 0.770127 0.290283 0.771716 0.292480 0.773835 0.292480 0.774894 0.292725 0.774364 0.293457 0.776483 0.292969 0.774894 0.293457 0.773835 0.293945 0.774364 0.294678 0.770657
1 0.413086 0.765890 0.413574 0.766949 0.413086 0.767479 0.414551 0.769597 0.414062 0.770657 0.413086 0.768538 0.414062 0.770657 0.414062 0.772246 0.414795 0.770127 0.415771 0.771716 0.415039 0.774894 0.416016 0.771716 0.416504 0.772775 0.415771 0.770657 0.416260 0.769068 0.415527 0.769068 0.415283 0.768008 0.414551 0.768538
1 0.262695 0.764301 0.260498 0.764301 0.259033 0.766419 0.260010 0.765890 0.261475 0.766949
1 0.468750 0.762712 0.468750 0.764831 0.468262 0.765890 0.468018 0.764831 0.460938 0.764831 0.460938 0.767479 0.462402 0.769068 0.461914 0.773835 0.460938 0.774364 0.460449 0.773305 0.460449 0.775953 0.459229 0.779661 0.457275 0.779131 0.457275 0.781780 0.456543 0.782309 0.456543 0.784428 0.455566 0.786547 0.456787 0.786017 0.456787 0.783898 0.457764 0.783369 0.458008 0.781250 0.459717 0.781250 0.459961 0.785487 0.458984 0.786017 0.458740 0.788136 0.457520 0.788136 0.457275 0.796610 0.456787 0.796081 0.456787 0.794492 0.456055 0.794492 0.455811 0.793432 0.454590 0.794492 0.454590 0.804555 0.455322 0.805614 0.455322 0.799788 0.456299 0.798199 0.456543 0.796081 0.457031 0.796610 0.457031 0.799258 0.458008 0.800847 0.458008 0.813030 0.457520 0.814089 0.458984 0.816737 0.459473 0.819386 0.460205 0.819386 0.460938 0.821504 0.462402 0.822034 0.461914 0.824682 0.462646 0.824682 0.463135 0.822034 0.462158 0.819915 0.461426 0.819915 0.460693 0.817797 0.462646 0.816208 0.462891 0.815148 0.464600 0.815148 0.464844 0.817267 0.465576 0.805085 0.467041 0.804555 0.467041 0.792373 0.467529 0.791843 0.467529 0.788136 0.467041 0.787606 0.467041 0.779661 0.468018 0.779131 0.468018 0.771186 0.468994 0.771186 0.468750 0.769597 0.469238 0.765360
1 0.281982 0.762712 0.282227 0.766419 0.283691 0.769068 0.283936 0.770657 0.284912 0.768538 0.284912 0.764831 0.284180 0.763771 0.284424 0.764301 0.283691 0.765360 0.282959 0.762712
1 0.458984 0.762182 0.458984 0.768538 0.459717 0.768538 0.459961 0.770657 0.460693 0.770657 0.460938 0.769597 0.459717 0.768538 0.459961 0.762712
1 0.324219 0.762182 0.323242 0.762712 0.323242 0.766419 0.322266 0.768008 0.322266 0.769597 0.321533 0.770657 0.321533 0.771716 0.322266 0.772775 0.323242 0.769597 0.323242 0.764831 0.323975 0.763771
1 0.499756 0.759534 0.499023 0.764301 0.499268 0.769068 0.498535 0.771716 0.498535 0.775953 0.498779 0.774364 0.499512 0.773835 0.499756 0.769068 0.500244 0.768538 0.499756 0.766419 0.499756 0.762712 0.500977 0.761653 0.500244 0.762182 0.499756 0.761123
1 0.364258 0.759004 0.364258 0.762712 0.363770 0.762712 0.363281 0.764301 0.363281 0.766419 0.363525 0.766949 0.364502 0.765360 0.364746 0.766419 0.364258 0.767479 0.364746 0.768538 0.364258 0.769597 0.365234 0.770657 0.365723 0.769597 0.365479 0.769068 0.365967 0.766949 0.364746 0.765360 0.365723 0.762182 0.365723 0.760593 0.365479 0.761653 0.365234 0.759004
1 0.352783 0.759004 0.351562 0.762712 0.352051 0.764301 0.351074 0.766419 0.350830 0.768538 0.352295 0.767479 0.352539 0.768008 0.352295 0.766419 0.352783 0.765890
1 0.296631 0.757945 0.295654 0.759004 0.295898 0.760064 0.297363 0.761123 0.296631 0.763242 0.296387 0.762712 0.297119 0.763242 0.298096 0.762182 0.298096 0.761123 0.297363 0.760064 0.298096 0.758475
1 0.334717 0.755297 0.328125 0.773305 0.322754 0.784958 0.320557 0.788665 0.319824 0.789195 0.319580 0.787606 0.318848 0.786547 0.314941 0.787076 0.314697 0.786017 0.315186 0.784958 0.315918 0.785487 0.315918 0.783369 0.315186 0.781780 0.313477 0.781250 0.312744 0.781780 0.312988 0.783369 0.314453 0.784958 0.314697 0.786547 0.314209 0.786547 0.312500 0.789725 0.313477 0.789195 0.313965 0.787606 0.315918 0.787606 0.316406 0.789725 0.317139 0.789725 0.317871 0.791314 0.317383 0.795551 0.319580 0.794492 0.320312 0.795551 0.320801 0.795021 0.320312 0.793432 0.321289 0.792373 0.321777 0.793432 0.321289 0.793962 0.323242 0.798199 0.324219 0.798199 0.326172 0.796081 0.325684 0.793962 0.326416 0.792373 0.325195 0.789195 0.322510 0.788665 0.322021 0.789725 0.321777 0.788665 0.326416 0.779661 0.330078 0.771186 0.334717 0.757945
1 0.281006 0.754767 0.279053 0.756356 0.278809 0.760593 0.277588 0.764301 0.278076 0.764831 0.277588 0.767479 0.279053 0.766419 0.278809 0.764301 0.281494 0.757945
1 0.368896 0.754237 0.369141 0.756886 0.370605 0.760064 0.371094 0.759004 0.371826 0.760064 0.372559 0.756886 0.373291 0.756886 0.373779 0.757945 0.373047 0.756356 0.371582 0.755297 0.370361 0.758475 0.369629 0.756886 0.370117 0.755826 0.370117 0.754237
1 0.548828 0.753178 0.547852 0.754767 0.547363 0.757945 0.546875 0.758475 0.547119 0.759534 0.548340 0.758475 0.549072 0.754237
1 0.525879 0.760593 0.525879 0.762182 0.526367 0.762712 0.525879 0.764301 0.527588 0.765360 0.527100 0.764301 0.527344 0.762182 0.528320 0.765890 0.528564 0.764301 0.529541 0.766949 0.532715 0.768538 0.533203 0.770127 0.534668 0.769068 0.534912 0.769597 0.534424 0.770127 0.534912 0.769597 0.535889 0.770657 0.537354 0.767479 0.539551 0.771716 0.540283 0.770657 0.539795 0.769597 0.539795 0.766949 0.540771 0.764831 0.540283 0.764301 0.540283 0.763242 0.540527 0.765360 0.539551 0.765890 0.539307 0.766949 0.538574 0.764831 0.537598 0.764301 0.537842 0.762712 0.538086 0.763771 0.538086 0.762712 0.537354 0.760593 0.538330 0.759004 0.538330 0.755297 0.538818 0.755297 0.539062 0.754237 0.538330 0.753708 0.538330 0.751059 0.537109 0.748941 0.536377 0.748941 0.536377 0.750000 0.535400 0.752119 0.533936 0.752648 0.533447 0.751589 0.534180 0.751059 0.535156 0.747881 0.533447 0.748941 0.531250 0.747881 0.531494 0.750000 0.531982 0.749470 0.532959 0.752119 0.533691 0.752119 0.533203 0.754237 0.534668 0.754767 0.532959 0.758475 0.533203 0.759004 0.534424 0.756356 0.535156 0.757415 0.533691 0.762712 0.533203 0.760064 0.531738 0.762182 0.531494 0.761653 0.532471 0.758475 0.532715 0.754767 0.532471 0.753178 0.531250 0.754767 0.530762 0.752648 0.530273 0.754237 0.530273 0.756886 0.531006 0.757945 0.530762 0.759534 0.531494 0.760593 0.530029 0.762182 0.530029 0.763771 0.530518 0.764301 0.529297 0.765890 0.529053 0.765360 0.529541 0.764301 0.528564 0.764301 0.528076 0.759534 0.527588 0.761123 0.527100 0.759004 0.526367 0.758475 0.526367 0.760064
1 0.366699 0.747881 0.366211 0.748941 0.366211 0.751589 0.365723 0.752119 0.365723 0.753178 0.366699 0.753178 0.366699 0.754767 0.367432 0.752648 0.367920 0.752648 0.366699 0.750530 0.368164 0.750530 0.367676 0.750530
1 0.387939 0.746822 0.386719 0.748941 0.387451 0.749470 0.388428 0.752648 0.388916 0.752119 0.388916 0.747352
1 0.382812 0.746292 0.382812 0.749470 0.381348 0.750000 0.380859 0.751059 0.381104 0.754237 0.380127 0.757415 0.381348 0.758475 0.381104 0.760593 0.380615 0.759534 0.380371 0.760064 0.380859 0.760064 0.380859 0.762182 0.381592 0.761123 0.381836 0.761653 0.383301 0.759004 0.384277 0.759004 0.384033 0.758475 0.385010 0.756886 0.385254 0.762182 0.384521 0.763771 0.383789 0.762712 0.384033 0.760593 0.383545 0.762182 0.384033 0.763242 0.383789 0.764301 0.384766 0.763242 0.385254 0.763771 0.384277 0.765360 0.385254 0.766949 0.385254 0.768538 0.384277 0.769068 0.384277 0.770657 0.385498 0.770657 0.385498 0.766949 0.385010 0.764831 0.385498 0.764301 0.385742 0.765360 0.386475 0.765360 0.386963 0.764301 0.387207 0.760593 0.387695 0.761123 0.387695 0.763242 0.388428 0.765360 0.386719 0.768008 0.386719 0.769597 0.387207 0.770127 0.386963 0.771716 0.387939 0.770127 0.389893 0.770657 0.389648 0.768008 0.387939 0.767479 0.388916 0.765360 0.388672 0.763242 0.389404 0.763242 0.388428 0.761123 0.388428 0.759534 0.388916 0.758475 0.389160 0.759004 0.387939 0.755826 0.388184 0.753708 0.386719 0.754237 0.386475 0.752119 0.385254 0.752119 0.386230 0.752648 0.386719 0.755826 0.387207 0.756356 0.387207 0.757945 0.386719 0.758475 0.386719 0.762182 0.385742 0.762712 0.385498 0.760593 0.385986 0.760064 0.385986 0.756356 0.385498 0.755826 0.385498 0.754237 0.384766 0.754767 0.383545 0.751589 0.383545 0.748941 0.383057 0.748411
1 0.373047 0.747352 0.372070 0.746292 0.370361 0.746822 0.370605 0.747881 0.369873 0.748411 0.370361 0.750000 0.369141 0.750530 0.370850 0.750530 0.371094 0.748941 0.371826 0.750530 0.371826 0.748941 0.373047 0.748941
1 0.336182 0.744703 0.335938 0.746822 0.336426 0.748411 0.335449 0.748411 0.335205 0.750530 0.336182 0.750530 0.335205 0.753708 0.335693 0.753708 0.335938 0.754767 0.336182 0.754237 0.337646 0.756886 0.337402 0.756356 0.338135 0.755826 0.337158 0.755297 0.336670 0.753708 0.336182 0.754237 0.335938 0.752648 0.336426 0.752648 0.336426 0.751589 0.337158 0.752648 0.337158 0.751059 0.338135 0.749470 0.338135 0.746822 0.338623 0.746292 0.337646 0.744703
1 0.333008 0.743644 0.332520 0.743644 0.331299 0.746292 0.330566 0.746292 0.330078 0.747352 0.331299 0.748411 0.331055 0.749470 0.330566 0.749470 0.330566 0.750530 0.331543 0.748941 0.331543 0.747352 0.331787 0.747881 0.332764 0.746292 0.332520 0.745233
1 0.484131 0.745763 0.483398 0.745763 0.482422 0.747352 0.481934 0.746292 0.482178 0.743114 0.481934 0.743644 0.481689 0.742585 0.481689 0.747881 0.481201 0.748941 0.480469 0.748941 0.481445 0.750000 0.480225 0.751059 0.479492 0.750000 0.478516 0.752648 0.479980 0.753708 0.480469 0.753178 0.481934 0.748941 0.483154 0.748411
1 0.393066 0.742585 0.392822 0.743644 0.392090 0.743644 0.392578 0.745233 0.390869 0.746822 0.390625 0.748411 0.391846 0.746292 0.392822 0.745763 0.393311 0.746822 0.393066 0.747881 0.392822 0.747352 0.391602 0.748941 0.392822 0.748941 0.392090 0.751589 0.393066 0.752119 0.393066 0.754237 0.393555 0.755297 0.393311 0.756886 0.393555 0.756356 0.394043 0.757945 0.394287 0.755297 0.393555 0.755297 0.393066 0.754237 0.393555 0.753708 0.393311 0.753178 0.395508 0.753178 0.395020 0.754237 0.394775 0.757945 0.395264 0.757945 0.395264 0.759004 0.396729 0.761653 0.395996 0.763771 0.395752 0.763242 0.395752 0.764301 0.396729 0.764301 0.396973 0.768538 0.397705 0.768538 0.398438 0.770127 0.398193 0.771186 0.396973 0.770657 0.396484 0.772246 0.396973 0.773305 0.396484 0.774894 0.397461 0.775424 0.397461 0.778602 0.397705 0.777542 0.398193 0.778072 0.398193 0.774364 0.398682 0.775953 0.398438 0.776483 0.399170 0.775953 0.399902 0.778072 0.400635 0.778072 0.400635 0.776483 0.402100 0.773835 0.401123 0.772775 0.401123 0.771186 0.401855 0.770657 0.402588 0.768008 0.401855 0.769068 0.401367 0.766949 0.400635 0.771186 0.399902 0.771186 0.399658 0.769068 0.398926 0.769068 0.398682 0.770127 0.398193 0.769597 0.398193 0.766949 0.399658 0.765360 0.399658 0.761653 0.399170 0.761123 0.399170 0.759534 0.398193 0.758475 0.398193 0.757415 0.399170 0.756886 0.402100 0.761123 0.402588 0.759004 0.403564 0.759004 0.405029 0.756356 0.405029 0.754237 0.404541 0.754237 0.403564 0.757945 0.401367 0.757415 0.400879 0.758475 0.398926 0.756886 0.398682 0.755297 0.396484 0.757415 0.395752 0.755826 0.395752 0.754237 0.397705 0.753708 0.397705 0.748941 0.397217 0.747881 0.395020 0.746822 0.394287 0.742585
1 0.538818 0.739407 0.536621 0.740996 0.537109 0.743644 0.536133 0.746292 0.535400 0.744703 0.535645 0.747352 0.536865 0.746822 0.537598 0.744174 0.538330 0.745233 0.538330 0.742055
1 0.481201 0.736229 0.479492 0.738877 0.479248 0.740466 0.479736 0.741525 0.479248 0.743644 0.479492 0.748941 0.479980 0.747352 0.480225 0.747881 0.479736 0.746822 0.479736 0.744174 0.480225 0.742585 0.480469 0.743644 0.480225 0.742585 0.480713 0.741525 0.480713 0.738347
1 0.418945 0.735699 0.418457 0.736758 0.418457 0.737818 0.418945 0.738347 0.418701 0.739407 0.419678 0.739936 0.419922 0.740996 0.420410 0.740466 0.420410 0.739407 0.421387 0.737288 0.420898 0.736758 0.420654 0.738877 0.420410 0.737288
1 0.364990 0.734640 0.364258 0.735699 0.364990 0.737288 0.364014 0.738877 0.363770 0.738347 0.363770 0.740466 0.363281 0.740996 0.363281 0.742585 0.363770 0.743114 0.363525 0.744703 0.363770 0.743644 0.364258 0.744174 0.363525 0.748411 0.364502 0.746292 0.364258 0.739936 0.363770 0.739407 0.364990 0.737818 0.365967 0.739936 0.365723 0.736758
1 0.359863 0.735169 0.361816 0.738877 0.363037 0.737818 0.363037 0.736758 0.362793 0.737288 0.362061 0.735169 0.360352 0.734110
1 0.240723 0.732521 0.240234 0.731462 0.238770 0.733051 0.238281 0.734640 0.238037 0.733051 0.237549 0.734110 0.236816 0.734110 0.236816 0.735699 0.236328 0.736758 0.236572 0.736229 0.236816 0.737288 0.235840 0.739407 0.237793 0.740996 0.238525 0.738347 0.239990 0.737288 0.239746 0.736758 0.240234 0.736229 0.240234 0.734110
1 0.506592 0.730932 0.506348 0.734110 0.505615 0.732521 0.504883 0.732521 0.506348 0.735169 0.506348 0.736229 0.507080 0.735699 0.507568 0.736758 0.505859 0.740466 0.505371 0.740466 0.505371 0.744174 0.505615 0.741525 0.505859 0.742055 0.506592 0.740996 0.507568 0.740996 0.507568 0.739407 0.508057 0.738877 0.508057 0.736758 0.506592 0.734110
1 0.282227 0.731992 0.282227 0.733581 0.282959 0.735169 0.284912 0.735169 0.285645 0.736758 0.287598 0.736758 0.287842 0.732521 0.287354 0.729873 0.284424 0.729873 0.284180 0.730932
1 0.571777 0.728814 0.571777 0.734640 0.572266 0.736229 0.572266 0.738877 0.572998 0.739936 0.572998 0.737288 0.573730 0.736758 0.573730 0.740466 0.573975 0.740996 0.574219 0.738877 0.575195 0.740466 0.574951 0.742055 0.574219 0.742055 0.575195 0.743644 0.574951 0.744703 0.575684 0.744703 0.575195 0.743114 0.575928 0.741525 0.577148 0.744174 0.576172 0.745763 0.576416 0.745233 0.578125 0.746822 0.578125 0.744703 0.578857 0.745763 0.578613 0.747352 0.580078 0.747352 0.580811 0.748411 0.581299 0.747881 0.581787 0.749470 0.582275 0.749470 0.582520 0.748411 0.583740 0.748411 0.583984 0.748941 0.583496 0.749470 0.584229 0.750530 0.584229 0.745763 0.583496 0.743644 0.583740 0.741525 0.583496 0.742055 0.583008 0.739936 0.583496 0.737818 0.581299 0.737818 0.579346 0.735169 0.580078 0.734110 0.581543 0.735699 0.581787 0.731992 0.581299 0.731462 0.582520 0.729873 0.582275 0.728814 0.579590 0.728814 0.578857 0.731992 0.578369 0.730932 0.577881 0.731992 0.577148 0.731462 0.576904 0.732521 0.576660 0.730932 0.574463 0.736229 0.573975 0.735699 0.573975 0.733581 0.572754 0.731992
1 0.552490 0.729873 0.551758 0.729873 0.551270 0.728284 0.549805 0.728814 0.549805 0.733051 0.549316 0.734640 0.550049 0.733581 0.551270 0.733581
1 0.399414 0.727225 0.398438 0.726695 0.398438 0.728284 0.397705 0.728814 0.397705 0.726695 0.397217 0.728814 0.395508 0.728814 0.395996 0.729873 0.395752 0.730403 0.396729 0.730403 0.396973 0.731462 0.398682 0.731462 0.398682 0.729873 0.398193 0.728814 0.399170 0.728284
1 0.347900 0.726695 0.347168 0.729343 0.347656 0.729873 0.347656 0.730932 0.347168 0.731462 0.347168 0.734640 0.345215 0.739936 0.345947 0.738877 0.346436 0.738877 0.346436 0.739936 0.347412 0.739936 0.348389 0.737818 0.347900 0.736758 0.347900 0.734110 0.348389 0.732521 0.347656 0.730932 0.348389 0.729343 0.348389 0.727754
1 0.297119 0.725106 0.297119 0.726695 0.296631 0.727754 0.296143 0.727225 0.294678 0.728814 0.294678 0.731992 0.295166 0.731462 0.295410 0.733051 0.297607 0.729343 0.297119 0.728284
1 0.541504 0.724047 0.541016 0.724576 0.541016 0.729343 0.540527 0.729343 0.540527 0.730403 0.540039 0.729873 0.540039 0.727754 0.539551 0.727225 0.540039 0.728814 0.539795 0.730932 0.540527 0.730932 0.540527 0.733051 0.541016 0.734640 0.541504 0.734110 0.542725 0.735699 0.541992 0.733581 0.542236 0.733051 0.541748 0.732521 0.541748 0.730403 0.542725 0.728814 0.542725 0.733051 0.543213 0.734110 0.543213 0.735699 0.543945 0.734110 0.543945 0.729343 0.543213 0.729343 0.541748 0.727225 0.542236 0.725106
1 0.200928 0.723517 0.199219 0.723517 0.199219 0.728284 0.198242 0.729343 0.198975 0.728814 0.199219 0.730403 0.199951 0.730403 0.199951 0.728814 0.200928 0.726165
1 0.208496 0.726165 0.208740 0.728284 0.209961 0.728284 0.210449 0.726695 0.211914 0.725636 0.215088 0.726695 0.216064 0.725106 0.217041 0.725636 0.216797 0.725106 0.217529 0.722987 0.216797 0.722458 0.217041 0.722987 0.216064 0.724576 0.215332 0.724047 0.214111 0.725106 0.211182 0.722458 0.210449 0.725106 0.208984 0.724576
1 0.510742 0.719280 0.510498 0.724576 0.511230 0.725106 0.512695 0.722458 0.511719 0.722987 0.511475 0.721398 0.511963 0.720869 0.511475 0.719280
1 0.478516 0.719280 0.478516 0.720339 0.477051 0.720339 0.477539 0.721928 0.477051 0.725106 0.477539 0.725106 0.477539 0.726165 0.478027 0.724576 0.479004 0.723517 0.479736 0.724047 0.478760 0.722987 0.478516 0.721928 0.479004 0.719809
1 0.451416 0.719280 0.450928 0.719280 0.450684 0.720869 0.449951 0.720869 0.449951 0.722458 0.450684 0.725106 0.450439 0.728284 0.451904 0.726695 0.452148 0.727225 0.451660 0.724576 0.452148 0.724047 0.452148 0.722987 0.451660 0.721928
1 0.342529 0.717161 0.342285 0.719280 0.343018 0.720339 0.342285 0.721398 0.342285 0.722987 0.342773 0.724047 0.343994 0.724047 0.343506 0.722987 0.343506 0.719280 0.343994 0.718220
1 0.228760 0.713983 0.228027 0.715042 0.228027 0.718750 0.228516 0.719809 0.227539 0.720869 0.227539 0.722458 0.226807 0.722458 0.227051 0.722987 0.226318 0.723517 0.226318 0.725636 0.227051 0.726695 0.227051 0.725636 0.228027 0.726165 0.228760 0.725106 0.229736 0.725106 0.229004 0.720339 0.228516 0.719809 0.229492 0.718220 0.229004 0.717161
1 0.514648 0.711335 0.513916 0.711335 0.512695 0.712924 0.512939 0.718220 0.513428 0.719809 0.514160 0.717691 0.515381 0.716631 0.515381 0.714513
1 0.235107 0.711864 0.234375 0.711864 0.234131 0.710275 0.233398 0.710275 0.233154 0.711335 0.233887 0.712394 0.233154 0.713983 0.231934 0.713983 0.231934 0.715042 0.232910 0.715572 0.233398 0.714513 0.234131 0.714513 0.234131 0.712394
1 0.393311 0.708686 0.392578 0.709746 0.392090 0.709216 0.391846 0.712394 0.392578 0.714513 0.393555 0.713453 0.393066 0.711335 0.393555 0.709746
1 0.247559 0.708157 0.246826 0.710805 0.247070 0.711864 0.247803 0.712394 0.247559 0.713453 0.248047 0.714513 0.249756 0.715572 0.249756 0.714513 0.248779 0.713453 0.249268 0.708686
1 0.378662 0.703390 0.378906 0.708157 0.377930 0.709746 0.379150 0.711864 0.378906 0.716102 0.380615 0.714513 0.381836 0.715042 0.381592 0.717161 0.379883 0.717691 0.380615 0.718220 0.380127 0.719280 0.382324 0.719280 0.384033 0.722987 0.383545 0.724047 0.381104 0.722987 0.382324 0.725106 0.383301 0.724047 0.385498 0.726165 0.384766 0.732521 0.385254 0.733581 0.383057 0.738347 0.381348 0.736758 0.380371 0.738877 0.379639 0.736758 0.378906 0.736758 0.378174 0.739936 0.376953 0.737288 0.377441 0.740466 0.376953 0.742055 0.377686 0.742055 0.378418 0.739936 0.380371 0.740996 0.380615 0.738877 0.382324 0.739407 0.383301 0.738347 0.383789 0.739936 0.385010 0.738877 0.385010 0.736229 0.385742 0.736758 0.386719 0.729343 0.386963 0.731462 0.387695 0.731992 0.387695 0.734640 0.390137 0.737288 0.389648 0.739936 0.391357 0.738877 0.391357 0.740996 0.392578 0.739936 0.394775 0.740996 0.396240 0.737818 0.396484 0.741525 0.397217 0.742585 0.396484 0.745233 0.397217 0.745233 0.397949 0.737818 0.395264 0.735169 0.393555 0.737288 0.393799 0.735169 0.392822 0.732521 0.393799 0.731462 0.393311 0.728814 0.394287 0.728284 0.394531 0.726165 0.396729 0.727754 0.396484 0.726165 0.397217 0.724576 0.396240 0.722987 0.396484 0.718220 0.395996 0.720869 0.395508 0.719809 0.396240 0.724576 0.394531 0.725636 0.393311 0.728814 0.391846 0.728814 0.391602 0.727754 0.390625 0.728814 0.390381 0.726165 0.387451 0.718220 0.387451 0.719809 0.386719 0.720339 0.385254 0.716102 0.385010 0.717161 0.383545 0.716631 0.383057 0.708157 0.381836 0.708686 0.380615 0.706568 0.380127 0.703390
1 0.239502 0.702860 0.238770 0.704449 0.239258 0.708686 0.239014 0.709216 0.238770 0.708157 0.238281 0.709216 0.239014 0.711335 0.239746 0.711335 0.240234 0.712394 0.239746 0.712924 0.239746 0.713983 0.240234 0.715042 0.240479 0.714513 0.240723 0.716102 0.240967 0.715042 0.241211 0.715572 0.240967 0.718220 0.241943 0.716631 0.243408 0.716631 0.243652 0.717691 0.242676 0.719809 0.243408 0.720339 0.244141 0.722458 0.244385 0.721398 0.244629 0.722458 0.245117 0.722458 0.245361 0.719809 0.246094 0.718750 0.246094 0.717691 0.245605 0.717161 0.246338 0.716102 0.244629 0.716102 0.244141 0.711864 0.242188 0.712924 0.241699 0.711864 0.240967 0.711864 0.240967 0.710805 0.240234 0.710805 0.240234 0.704449
1 0.486572 0.694386 0.485840 0.695445 0.485596 0.697034 0.485107 0.697034 0.484131 0.699153 0.484375 0.702860 0.484619 0.702331 0.485840 0.703919 0.485107 0.701801 0.485840 0.701801 0.485352 0.701271 0.485352 0.699153 0.486328 0.697034 0.487305 0.698093 0.487061 0.701271 0.487793 0.700742 0.488281 0.701801 0.487305 0.698623 0.487549 0.697564 0.488037 0.697564 0.487549 0.696504 0.487305 0.698093 0.486328 0.695445
1 0.320312 0.692797 0.320312 0.694386 0.320557 0.693856 0.321289 0.695445 0.320312 0.697034 0.321045 0.699153 0.321045 0.700212 0.320312 0.700742 0.322510 0.700742 0.322021 0.699682 0.322754 0.699153 0.322998 0.697564 0.322754 0.694386 0.322510 0.695445 0.322266 0.694386 0.321777 0.695445 0.321533 0.692797 0.321045 0.693856
1 0.485596 0.691208 0.484863 0.691208 0.485352 0.691737 0.485107 0.694915 0.482422 0.694915 0.482178 0.691737 0.480713 0.691208 0.479736 0.692267 0.479492 0.693856 0.481201 0.693326 0.481445 0.695445 0.479492 0.695975 0.477539 0.698093 0.477539 0.699153 0.477051 0.699682 0.477539 0.700212 0.478027 0.698623 0.478760 0.699682 0.479980 0.697034 0.480225 0.698623 0.480713 0.696504 0.481689 0.696504 0.482422 0.698093 0.482422 0.699682 0.481689 0.701271 0.479980 0.701271 0.479980 0.703919 0.479492 0.704979 0.478760 0.703390 0.479004 0.701271 0.477539 0.703390 0.477539 0.708157 0.475098 0.711864 0.475586 0.712924 0.474854 0.713453 0.475830 0.713983 0.475098 0.715042 0.475830 0.715042 0.476318 0.716102 0.476074 0.717161 0.476807 0.716631 0.476807 0.715042 0.477295 0.715572 0.477295 0.716631 0.477783 0.715572 0.477051 0.715042 0.477539 0.713453 0.476807 0.715042 0.476318 0.713453 0.476562 0.711864 0.476807 0.712924 0.476807 0.709746 0.478027 0.709746 0.478271 0.708686 0.477783 0.708157 0.478760 0.707097 0.478027 0.707097 0.477783 0.708157 0.477295 0.707097 0.477539 0.704449 0.478760 0.703390 0.479248 0.705508 0.479004 0.706038 0.479980 0.703919 0.480469 0.706038 0.481445 0.706038 0.481445 0.704979 0.482178 0.704979 0.482178 0.703390 0.481201 0.703390 0.480713 0.702331 0.481689 0.701801 0.481934 0.700742 0.483154 0.700742 0.483643 0.699682 0.483643 0.698623 0.485596 0.694386
1 0.559570 0.690148 0.558594 0.690148 0.558594 0.691208 0.557861 0.691737 0.558105 0.692267 0.557373 0.693856 0.556396 0.692797 0.556396 0.694386 0.554688 0.697034 0.554199 0.700212 0.555420 0.700212 0.555908 0.699153 0.556885 0.699682 0.557129 0.698623 0.556885 0.699682 0.556641 0.697564 0.558105 0.695975 0.558594 0.697034 0.558105 0.698093 0.559082 0.698093 0.559082 0.699153 0.559814 0.697034 0.560059 0.698093 0.560791 0.697564 0.560547 0.693856 0.560303 0.693326 0.559570 0.694915 0.559082 0.693856 0.559814 0.691737 0.558838 0.691737
1 0.501953 0.686970 0.501709 0.697034 0.497070 0.712394 0.500244 0.702860 0.502686 0.701801 0.500244 0.717691 0.501221 0.720339 0.499512 0.719280 0.500000 0.727754 0.499268 0.725106 0.498291 0.727754 0.498779 0.721928 0.497070 0.719809 0.498291 0.715572 0.497314 0.718750 0.494385 0.715572 0.495850 0.716631 0.494873 0.711864 0.496582 0.711335 0.495850 0.707097 0.498291 0.703919 0.497070 0.698623 0.499756 0.697564 0.500488 0.688030 0.498535 0.687500 0.498535 0.693326 0.497559 0.690678 0.496582 0.705508 0.494629 0.703390 0.494385 0.711864 0.491943 0.699153 0.489258 0.699153 0.490723 0.703390 0.491211 0.728284 0.497803 0.727225 0.498779 0.734640 0.497314 0.742585 0.499023 0.740996 0.497803 0.746822 0.495361 0.746292 0.496338 0.740466 0.494629 0.745763 0.497070 0.752648 0.495117 0.755826 0.494385 0.747352 0.493164 0.747881 0.493164 0.759534 0.491943 0.747881 0.492920 0.740466 0.496094 0.736229 0.494385 0.736758 0.494873 0.731462 0.493896 0.734110 0.492432 0.730932 0.488770 0.731992 0.490723 0.739936 0.488770 0.743644 0.489014 0.751589 0.486816 0.752648 0.489258 0.756886 0.486816 0.755826 0.488281 0.761123 0.488770 0.758475 0.491211 0.761653 0.488281 0.762712 0.489746 0.770657 0.490967 0.770657 0.491211 0.762182 0.494141 0.770127 0.489014 0.772246 0.490234 0.777013 0.494385 0.772775 0.494385 0.765360 0.494873 0.770127 0.496338 0.769068 0.498779 0.750530 0.497314 0.747881 0.501465 0.733581 0.501709 0.739936 0.504150 0.742055 0.500732 0.748941 0.502197 0.753708 0.500000 0.757945 0.501465 0.756886 0.501953 0.761123 0.502686 0.750000 0.504150 0.745763 0.505127 0.750000 0.504883 0.745763 0.502686 0.746292 0.504395 0.743644 0.504639 0.728814 0.503174 0.728814 0.506836 0.720339 0.505615 0.717691 0.506592 0.697034 0.504883 0.697034 0.505127 0.693856 0.503174 0.695975
1 0.358887 0.684322 0.357910 0.686441 0.357910 0.691208 0.358398 0.691737 0.358398 0.694386 0.359863 0.695445 0.359863 0.698623 0.360352 0.699153 0.359863 0.702860 0.360352 0.703390 0.361328 0.701801 0.360596 0.700742 0.360596 0.696504 0.360107 0.695445 0.360596 0.693856 0.361572 0.692797 0.361084 0.691208 0.361084 0.689089 0.359131 0.688030
1 0.265625 0.689619 0.266602 0.692267 0.267334 0.691737 0.267578 0.692797 0.267822 0.691737 0.267334 0.690148 0.268311 0.686970 0.269287 0.685911 0.271729 0.686441 0.271729 0.687500 0.270508 0.687500 0.270264 0.688559 0.269531 0.688559 0.269531 0.690148 0.270264 0.689619 0.270752 0.690678 0.273193 0.688559 0.272949 0.686441 0.273682 0.683792 0.273193 0.683792 0.272949 0.685381 0.271729 0.684852 0.271484 0.683792 0.268066 0.684322 0.267822 0.683263 0.267090 0.683263 0.266113 0.684852 0.266113 0.688030 0.265625 0.688559
1 0.207031 0.682733 0.207031 0.685911 0.208008 0.686441 0.207520 0.687500 0.207520 0.689089 0.208008 0.689619 0.208496 0.693326 0.208984 0.694386 0.209717 0.694386 0.210205 0.693326 0.210205 0.691737 0.209717 0.691208 0.209229 0.687500 0.208740 0.686441 0.208008 0.686441 0.207764 0.684322
1 0.442383 0.681674 0.442383 0.687500 0.441650 0.689619 0.441650 0.690678 0.442627 0.691208 0.442139 0.690148 0.442139 0.688030 0.443359 0.687500 0.442871 0.685381 0.443848 0.684852
1 0.500977 0.681144 0.501221 0.683263 0.502441 0.684852 0.502441 0.685911 0.503906 0.683263 0.503418 0.682733 0.503662 0.682203 0.503418 0.682733 0.501465 0.680614
1 0.375732 0.679555 0.375000 0.680085 0.374512 0.682203 0.375000 0.685911 0.375488 0.686441 0.375488 0.688559 0.375977 0.688559 0.375732 0.692267 0.377197 0.693856 0.377197 0.692797 0.376709 0.692267 0.377686 0.690148 0.377441 0.690678 0.376709 0.688559 0.377686 0.688030 0.378662 0.685911 0.378174 0.682733 0.377197 0.682203 0.376709 0.680085
1 0.369629 0.679025 0.367920 0.678496 0.367432 0.679555 0.367676 0.680614 0.366211 0.683263 0.366211 0.685381 0.365723 0.686441 0.366211 0.687500 0.365967 0.689619 0.366699 0.692797 0.366699 0.694386 0.366211 0.695445 0.366699 0.696504 0.367676 0.694915 0.368164 0.695445 0.368896 0.693856 0.368408 0.689619 0.369629 0.687500 0.369873 0.684852 0.370361 0.683792 0.370361 0.680085
1 0.256836 0.678496 0.256836 0.681674 0.257568 0.681674 0.257568 0.684322 0.258301 0.686441 0.259766 0.685381 0.259033 0.683792 0.259033 0.681144 0.259521 0.682203 0.260254 0.680614 0.261475 0.680085 0.261475 0.678496 0.260986 0.680085 0.259766 0.680085 0.259277 0.679025 0.258789 0.679025 0.258545 0.680085 0.258057 0.677966
1 0.252930 0.677966 0.250000 0.681674 0.250000 0.682733 0.250977 0.684852 0.250977 0.685911 0.250000 0.688030 0.251221 0.687500 0.252197 0.683263 0.251709 0.681144 0.252930 0.679025
1 0.301758 0.675318 0.301758 0.676377 0.300781 0.677436 0.302002 0.677436 0.302246 0.678496 0.301514 0.680085 0.300781 0.680085 0.300781 0.681144 0.300293 0.681674 0.300781 0.683263 0.300537 0.691208 0.300781 0.692267 0.301514 0.691737 0.301025 0.690148 0.301025 0.688030 0.302002 0.685911 0.302734 0.687500 0.302734 0.690148 0.302246 0.690678 0.302246 0.692267 0.302979 0.694386 0.304199 0.694386 0.304688 0.692797 0.304688 0.690678 0.305908 0.690148 0.306396 0.689089 0.306396 0.686441 0.305420 0.685911 0.306396 0.683792 0.306396 0.681144 0.305908 0.680614 0.305908 0.679025 0.304932 0.677966 0.304443 0.676377 0.302002 0.677436
1 0.226562 0.676377 0.227783 0.676377 0.228027 0.677436 0.228271 0.676377 0.229248 0.676907 0.229980 0.675318 0.229980 0.674258 0.227539 0.673729 0.226562 0.674788
1 0.357422 0.672669 0.357910 0.674258 0.356934 0.674788 0.356689 0.675847 0.355957 0.675847 0.355225 0.679555 0.355469 0.679025 0.356689 0.680614 0.357666 0.679555 0.357910 0.680085 0.358643 0.678496 0.358643 0.676907 0.358154 0.675847 0.358643 0.675318
1 0.261230 0.674788 0.260742 0.674788 0.260010 0.672669 0.259277 0.673729 0.257812 0.673729 0.257812 0.675847 0.259033 0.675318 0.260498 0.676377 0.260254 0.675847
1 0.279297 0.678496 0.279785 0.679555 0.281006 0.679555 0.281494 0.681674 0.283203 0.681674 0.283447 0.682733 0.283691 0.681674 0.284424 0.681674 0.285645 0.680085 0.285889 0.680614 0.286377 0.679555 0.285889 0.677966 0.287354 0.677436 0.288330 0.674788 0.286621 0.675847 0.285889 0.677966 0.284912 0.674788 0.283691 0.674788 0.283447 0.675318 0.284180 0.675847 0.283691 0.676377 0.283936 0.676907 0.283447 0.677966 0.283203 0.676907 0.281982 0.680085 0.281250 0.680085 0.281006 0.677966 0.281982 0.675847 0.281494 0.674788 0.282471 0.673729 0.281250 0.673729 0.281006 0.672140 0.280273 0.672669 0.280273 0.677436
1 0.363525 0.668432 0.362793 0.668962 0.362793 0.670021 0.361572 0.672669 0.360352 0.672669 0.360352 0.674258 0.361328 0.675847 0.362549 0.680085 0.364014 0.676907 0.363525 0.676377 0.363770 0.675318 0.364258 0.675318 0.364014 0.673729 0.364502 0.672669 0.364746 0.674788 0.364990 0.674258 0.364746 0.672669 0.362793 0.670551 0.363037 0.669492 0.363525 0.670021
1 0.372314 0.667373 0.372070 0.666843 0.370605 0.667373 0.370361 0.668432 0.369141 0.668432 0.370850 0.668962 0.370850 0.671610 0.367188 0.671610 0.366943 0.669492 0.366455 0.669492 0.366211 0.672140 0.365479 0.672140 0.365723 0.674258 0.366211 0.674788 0.366211 0.676907 0.366699 0.677436 0.368652 0.674258 0.369629 0.674788 0.369629 0.673199 0.370850 0.673199 0.370850 0.671610 0.371826 0.671081 0.371826 0.668432 0.371338 0.667903
1 0.487061 0.667903 0.485352 0.666314 0.487061 0.668962 0.486572 0.670021 0.486328 0.669492 0.485596 0.671610 0.485107 0.671610 0.484131 0.674258 0.483643 0.681144 0.483154 0.681674 0.482178 0.680614 0.481201 0.681674 0.482178 0.683792 0.478027 0.692797 0.477539 0.691737 0.477783 0.690678 0.477295 0.690678 0.477051 0.694386 0.475586 0.695445 0.474609 0.697564 0.474121 0.699682 0.474121 0.702331 0.476318 0.698093 0.476562 0.695445 0.477539 0.694386 0.477783 0.692797 0.478760 0.694915 0.479004 0.694386 0.478516 0.692267 0.480469 0.688559 0.480713 0.689089 0.481934 0.687500 0.482910 0.683263 0.483643 0.682733 0.483643 0.684322 0.484375 0.685381 0.484619 0.679555 0.484863 0.685911 0.483398 0.686970 0.482666 0.689089 0.483154 0.690148 0.483643 0.688559 0.484131 0.688559 0.484375 0.690678 0.484375 0.689089 0.485107 0.686970 0.486572 0.691208 0.486816 0.690678 0.486084 0.686970 0.485107 0.685381 0.485596 0.684852 0.485596 0.681144 0.487061 0.680614 0.486572 0.679555 0.486572 0.677966 0.488037 0.677436 0.487061 0.675318
1 0.185303 0.664725 0.183594 0.664725 0.182373 0.668432 0.183350 0.669492 0.183105 0.671081 0.184326 0.671081 0.183350 0.668432 0.185059 0.666314
1 0.501465 0.665254 0.500000 0.668962 0.499756 0.666314 0.499023 0.667373 0.497803 0.663665 0.497070 0.664195 0.496826 0.663136 0.496094 0.663136 0.495850 0.664195 0.494629 0.664725 0.494629 0.665784 0.494141 0.666314 0.494385 0.672140 0.496338 0.677436 0.497314 0.674788 0.496826 0.674258 0.496826 0.672669 0.495850 0.671081 0.495850 0.667903 0.496826 0.667903 0.496338 0.667373 0.497314 0.666843 0.497314 0.667903 0.497803 0.667373 0.499268 0.668962 0.500000 0.670551 0.499756 0.671610 0.500488 0.672669 0.501465 0.671081 0.501221 0.670021 0.501953 0.668432 0.501465 0.667903
1 0.298828 0.661017 0.297852 0.660487 0.297119 0.662606 0.296631 0.662076 0.296631 0.661017 0.295898 0.661017 0.296387 0.662606 0.295410 0.663136 0.295898 0.664725 0.295166 0.666314 0.294434 0.666314 0.294434 0.668432 0.295654 0.668962 0.295898 0.665784 0.296631 0.665784 0.297119 0.666843 0.297119 0.665254 0.297607 0.664725 0.296387 0.664195 0.298096 0.663136
1 0.285889 0.661017 0.284180 0.661017 0.283691 0.664195 0.282471 0.663665 0.282959 0.661017 0.282227 0.661017 0.282227 0.662606 0.281494 0.664195 0.281006 0.663136 0.280762 0.663665 0.281494 0.665784 0.281494 0.664195 0.281982 0.663665 0.282227 0.665784 0.282715 0.666314 0.282715 0.667903 0.283447 0.665254 0.283936 0.664725 0.284180 0.665784
1 0.569580 0.662076 0.569092 0.664195 0.567627 0.665784 0.567139 0.661017 0.566650 0.661547 0.566406 0.660487 0.565918 0.661017 0.564941 0.658898 0.563965 0.658898 0.562256 0.661017 0.562500 0.663665 0.562012 0.664195 0.562256 0.664725 0.561523 0.667373 0.560303 0.663665 0.558105 0.660487 0.557129 0.662076 0.557129 0.663665 0.556396 0.665784 0.556641 0.666314 0.557617 0.663136 0.558350 0.663665 0.556885 0.669492 0.556396 0.667903 0.556396 0.669492 0.555664 0.669492 0.555664 0.673199 0.555176 0.672669 0.554199 0.674788 0.553223 0.673729 0.553223 0.677966 0.553955 0.679025 0.553711 0.677436 0.554199 0.676377 0.556641 0.676907 0.557373 0.674788 0.558594 0.675318 0.558838 0.674258 0.559814 0.673729 0.560059 0.674788 0.561768 0.674788 0.562012 0.675847 0.562744 0.673729 0.563965 0.672669 0.564697 0.673729 0.565674 0.672669 0.566650 0.673729 0.566406 0.673199 0.566895 0.672140 0.566162 0.672669 0.565430 0.671081 0.565430 0.670021 0.566406 0.668432 0.566895 0.668962 0.566650 0.669492 0.567139 0.668432 0.567871 0.668962 0.568115 0.666843 0.568848 0.665254 0.569824 0.664725
1 0.229980 0.655191 0.230225 0.656780 0.229492 0.658369 0.229492 0.659428 0.228516 0.659958 0.229492 0.661017 0.229492 0.662606 0.228516 0.664725 0.229492 0.666843 0.230225 0.666843 0.230469 0.668962 0.231201 0.668962 0.231934 0.670551 0.231934 0.672140 0.232422 0.672669 0.232422 0.674258 0.231934 0.674788 0.231934 0.679555 0.232422 0.680614 0.233154 0.680614 0.233887 0.677966 0.234619 0.679555 0.235596 0.677436 0.235840 0.675318 0.236572 0.675318 0.236816 0.674258 0.238037 0.674258 0.238037 0.671610 0.238525 0.671081 0.238525 0.669492 0.237549 0.668962 0.237793 0.666314 0.236572 0.664195 0.235840 0.664195 0.235107 0.666314 0.232910 0.666314 0.231201 0.662606 0.231201 0.661547 0.230713 0.661547 0.231201 0.660487 0.231201 0.657839
1 0.223877 0.656780 0.224854 0.656780 0.225098 0.657839 0.226318 0.657309 0.226074 0.656250 0.226562 0.655720 0.225586 0.654131 0.224609 0.654131
1 0.292969 0.662606 0.293701 0.662606 0.294189 0.661547 0.293701 0.659958 0.294434 0.658369 0.294922 0.659428 0.296143 0.659428 0.296387 0.658369 0.297119 0.658369 0.297363 0.659428 0.299561 0.658898 0.299072 0.656780 0.298096 0.657839 0.297607 0.656780 0.296875 0.656780 0.296143 0.658898 0.295410 0.658898 0.293701 0.655191 0.293457 0.653602 0.293457 0.655191 0.292969 0.655720
1 0.290771 0.651483 0.290527 0.654131 0.291504 0.655720 0.291016 0.656250 0.291260 0.659958 0.290527 0.661017 0.290527 0.662606 0.291748 0.660487 0.291992 0.662606 0.291504 0.663136 0.291504 0.665784 0.291992 0.666843 0.292725 0.666843 0.291748 0.664725 0.292236 0.662606 0.292236 0.660487 0.291748 0.658898 0.292236 0.656780 0.291260 0.654661 0.291260 0.651483
1 0.244141 0.649894 0.243896 0.650953 0.242676 0.652013 0.244629 0.652542 0.244629 0.657309 0.244141 0.657839 0.243408 0.655720 0.242676 0.655720 0.242188 0.654661 0.241211 0.661017 0.240234 0.660487 0.240234 0.657309 0.239258 0.657309 0.238770 0.658369 0.238770 0.661017 0.239502 0.661547 0.239746 0.663136 0.238281 0.665254 0.238281 0.667903 0.240234 0.665784 0.241455 0.662076 0.240967 0.662076 0.241455 0.660487 0.242188 0.661547 0.241943 0.662606 0.242920 0.662606 0.242920 0.661017 0.241943 0.659958 0.242432 0.658369 0.242676 0.659428 0.243896 0.659428 0.245361 0.656250 0.245361 0.652542
1 0.275391 0.649364 0.275391 0.650424 0.274414 0.652542 0.275391 0.655720 0.276611 0.655191 0.276855 0.656250 0.277588 0.654131 0.277832 0.655191 0.278564 0.655191 0.278564 0.654131 0.279541 0.654131 0.280273 0.655720 0.280273 0.657309 0.279053 0.657839 0.278320 0.659428 0.278320 0.660487 0.281006 0.660487 0.280518 0.659428 0.280518 0.655720 0.280029 0.655191 0.280029 0.651483 0.280518 0.650424 0.278809 0.650424 0.278564 0.649364 0.277344 0.649364 0.276855 0.650424 0.276611 0.649364
1 0.249756 0.648835 0.248291 0.649894 0.247803 0.652542 0.247559 0.651483 0.247314 0.652542 0.247070 0.651483 0.246826 0.652542 0.246582 0.652013 0.247070 0.653072 0.246582 0.653602 0.247070 0.656250 0.247803 0.656250 0.248047 0.657309 0.248291 0.654661 0.248779 0.654131 0.248291 0.652542 0.250244 0.652013
1 0.636475 0.648835 0.635254 0.648305 0.635498 0.650424 0.634766 0.652542 0.634766 0.654131 0.635254 0.654131 0.635986 0.652013 0.636719 0.651483
1 0.537109 0.648305 0.536377 0.649894 0.535400 0.649364 0.535400 0.650953 0.534668 0.652013 0.533691 0.650424 0.533447 0.650953 0.533203 0.648835 0.532471 0.650424 0.532471 0.652542 0.531982 0.653602 0.532227 0.655191 0.534180 0.655191 0.535645 0.653602 0.536621 0.653602 0.537354 0.654661 0.537109 0.653602 0.537598 0.653072 0.537598 0.652013 0.537354 0.652542 0.537109 0.651483 0.537598 0.650953
1 0.314209 0.648305 0.313232 0.648305 0.312500 0.649364 0.312500 0.650953 0.312012 0.652013 0.310547 0.653072 0.312988 0.656250 0.312744 0.655191 0.313477 0.653602 0.314209 0.654131 0.314209 0.652542 0.314697 0.652013 0.313477 0.650953 0.312744 0.651483 0.312500 0.650424 0.313477 0.649364 0.314453 0.650424 0.314697 0.649364
1 0.207275 0.648305 0.206055 0.650424 0.206055 0.652013 0.205566 0.652542 0.205566 0.655191 0.206543 0.657309 0.207520 0.657309 0.206055 0.653602 0.207031 0.653072 0.207764 0.654131 0.207520 0.652013 0.208008 0.649894
1 0.604980 0.647775 0.604492 0.647775 0.603027 0.652013 0.603027 0.653602 0.603516 0.654661 0.604248 0.652542 0.604492 0.654661 0.604980 0.653072
1 0.187988 0.647775 0.187500 0.647775 0.187500 0.656250 0.186523 0.656780 0.186035 0.659428 0.187012 0.659428 0.187744 0.656780 0.188965 0.655720 0.188477 0.655720 0.187744 0.654131 0.187744 0.652013 0.188965 0.649894 0.188232 0.650953 0.187744 0.649894 0.188232 0.648835
1 0.361328 0.647246 0.360840 0.648305 0.360840 0.649894 0.361328 0.650424 0.361328 0.653072 0.362061 0.653072 0.362549 0.652013 0.363281 0.653602 0.363281 0.655191 0.364258 0.655720 0.364258 0.657309 0.364746 0.657839 0.364746 0.660487 0.365479 0.662606 0.365967 0.661017 0.365234 0.661017 0.364990 0.658898 0.365967 0.656250 0.365967 0.651483 0.366943 0.649894 0.366943 0.648305 0.365967 0.646186 0.364258 0.646186 0.363037 0.649364
1 0.253906 0.648305 0.254639 0.648835 0.256836 0.644068 0.256348 0.643538 0.256592 0.644597 0.256104 0.645127 0.255859 0.643538 0.255127 0.644068 0.254883 0.643008 0.254395 0.644068 0.253906 0.643008
1 0.202148 0.645657 0.201904 0.644068 0.201172 0.643008 0.201416 0.640890 0.200439 0.641419 0.199463 0.644068 0.198242 0.644597 0.197510 0.643538 0.195801 0.643538 0.195557 0.642479 0.196045 0.641419 0.195312 0.641419 0.195312 0.642479 0.194580 0.644068 0.193359 0.644597 0.193848 0.645127 0.193848 0.647246 0.194580 0.645657 0.195068 0.645657 0.195801 0.647775 0.196533 0.647775 0.196777 0.648835 0.196289 0.649364 0.196777 0.650424 0.196533 0.649364 0.197021 0.648835 0.197021 0.646716 0.196289 0.644597 0.195557 0.644597 0.195068 0.643538 0.195312 0.643008 0.197266 0.644068 0.197510 0.643538 0.199219 0.645127 0.199707 0.644597 0.200928 0.646186 0.201904 0.645127
1 0.189697 0.641949 0.188721 0.640890 0.186768 0.642479 0.187500 0.643008 0.187012 0.645127 0.187256 0.645657 0.187988 0.644068 0.189941 0.644597 0.189453 0.644068
1 0.236572 0.644597 0.235596 0.643538 0.235352 0.640360 0.233154 0.641419 0.232910 0.640890 0.232666 0.641949 0.231934 0.641949 0.231689 0.644068 0.231201 0.644597 0.231445 0.645657 0.230957 0.647775 0.229980 0.649894 0.230469 0.649894 0.231201 0.647775 0.232422 0.648835 0.231445 0.646716 0.232666 0.643008 0.234619 0.644068 0.234863 0.645127 0.235840 0.645657 0.236328 0.647775 0.236572 0.646716 0.236084 0.646186 0.236084 0.645127
1 0.300537 0.637712 0.299561 0.640360 0.299805 0.641419 0.298340 0.645127 0.298828 0.649364 0.296875 0.651483 0.298584 0.652542 0.298828 0.655191 0.300049 0.655191 0.301025 0.653602 0.301270 0.654131 0.301758 0.653072 0.302490 0.653072 0.301270 0.649364 0.299805 0.647246 0.300781 0.643008 0.301758 0.645127 0.301758 0.647775 0.302246 0.648305 0.303955 0.646186 0.303955 0.644068 0.303223 0.643008 0.302734 0.640890 0.302490 0.641949 0.301758 0.640890 0.301514 0.643008 0.301025 0.641949 0.300781 0.642479 0.300537 0.640890 0.299561 0.640890 0.300537 0.638771 0.301270 0.638771
1 0.258789 0.637182 0.258301 0.634534 0.257812 0.634534 0.257080 0.635593 0.256104 0.635593 0.255859 0.636653 0.254150 0.636653 0.253906 0.635593 0.252686 0.638771 0.253174 0.640360 0.256104 0.639831 0.257568 0.641949 0.257568 0.640360 0.258789 0.638771
1 0.235840 0.636123 0.238770 0.635593 0.239258 0.634534 0.239990 0.634534 0.239258 0.634534 0.239014 0.633475 0.236816 0.632945 0.236816 0.634004 0.236328 0.634004 0.236572 0.635064
1 0.293701 0.638771 0.291992 0.635064 0.291748 0.636123 0.290771 0.636653 0.290771 0.633475 0.289795 0.634004 0.289062 0.632415 0.289062 0.634004 0.288330 0.634534 0.288818 0.635064 0.288086 0.635593 0.288574 0.636123 0.288574 0.637182 0.287109 0.637182 0.286377 0.635593 0.287109 0.635064 0.286865 0.633475 0.287354 0.632415 0.286133 0.633475 0.284180 0.633475 0.284180 0.634534 0.284424 0.634004 0.284912 0.635064 0.284424 0.637182 0.281982 0.634534 0.282959 0.635593 0.282715 0.637182 0.283203 0.638242 0.282715 0.638771 0.282715 0.640360 0.281738 0.640890 0.281250 0.639831 0.281250 0.640890 0.281738 0.641419 0.280762 0.643538 0.279541 0.641419 0.279785 0.640890 0.279785 0.642479 0.280518 0.643538 0.281006 0.643008 0.281250 0.644068 0.282715 0.644068 0.282471 0.645127 0.281250 0.645127 0.281250 0.652013 0.281982 0.651483 0.282471 0.652542 0.282227 0.653602 0.283447 0.653602 0.283203 0.652542 0.282471 0.652542 0.281982 0.650424 0.282959 0.649894 0.283203 0.648835 0.283936 0.648835 0.284180 0.646716 0.284912 0.646716 0.284912 0.645127 0.283691 0.643538 0.283936 0.642479 0.284912 0.642479 0.285645 0.644068 0.285645 0.643008 0.283691 0.641419 0.283691 0.638242 0.284180 0.637182 0.284912 0.637182 0.286133 0.639831 0.287109 0.639301 0.287842 0.640890 0.288818 0.636653 0.290039 0.639301 0.290283 0.638242 0.291992 0.636653 0.291992 0.638242 0.292480 0.637182 0.292969 0.637712 0.292969 0.638771 0.292480 0.639301 0.292969 0.639831 0.292480 0.640360 0.292480 0.641949 0.293701 0.639831
1 0.489990 0.631356 0.489014 0.631356 0.489502 0.631886 0.487793 0.633475 0.487793 0.635064 0.488281 0.636123 0.489014 0.634534 0.489746 0.635064
1 0.365723 0.631356 0.365234 0.632415 0.365234 0.635064 0.365723 0.635593 0.365723 0.643538 0.366943 0.643008 0.368652 0.644068 0.368652 0.645657 0.367676 0.647246 0.367676 0.650953 0.368164 0.652013 0.369385 0.652013 0.369873 0.650953 0.370117 0.643538 0.372314 0.643538 0.372803 0.645657 0.372803 0.643008 0.371582 0.641419 0.372559 0.639301 0.372070 0.638242 0.372803 0.636123 0.371338 0.636123 0.372070 0.637712 0.370850 0.640890 0.370117 0.640890 0.369873 0.639831 0.367188 0.639831 0.367188 0.637182 0.369385 0.637182 0.369385 0.635593 0.368408 0.634004 0.368408 0.632415 0.367920 0.631356
1 0.309814 0.635064 0.311279 0.635593 0.311768 0.634004 0.312988 0.633475 0.313965 0.635593 0.313721 0.637182 0.314697 0.638242 0.314453 0.640890 0.315186 0.642479 0.316406 0.643008 0.317383 0.644597 0.319336 0.644068 0.319580 0.643008 0.318848 0.643008 0.318115 0.640890 0.317139 0.641419 0.316162 0.638771 0.316650 0.636123 0.314453 0.635593 0.313721 0.634004 0.313721 0.632945 0.312744 0.631356 0.311768 0.633475 0.311035 0.633475
1 0.388916 0.630297 0.387695 0.630297 0.386719 0.631886 0.386719 0.634534 0.387207 0.636653 0.388916 0.632945
1 0.222412 0.630297 0.221680 0.629767 0.219971 0.631356 0.219727 0.632945 0.220215 0.633475 0.219727 0.634004 0.219727 0.637182 0.218506 0.638242 0.217773 0.637712 0.218750 0.638771 0.219238 0.641419 0.219727 0.641419 0.219482 0.643008 0.220703 0.641949 0.221436 0.639831 0.223145 0.640360 0.224609 0.638771 0.224854 0.635064 0.224365 0.636123 0.223877 0.635593 0.224121 0.636123 0.223389 0.637712 0.223145 0.637182 0.222900 0.638771 0.222412 0.638242 0.222412 0.635593 0.223633 0.633475 0.223145 0.631886 0.222900 0.632415 0.222412 0.631356
1 0.491699 0.628178 0.491211 0.629237 0.491211 0.631886 0.491699 0.632415 0.491699 0.634004 0.492188 0.632945 0.492920 0.634004 0.492920 0.629237 0.492188 0.629237
1 0.297607 0.630297 0.296875 0.631356 0.296631 0.630826 0.296875 0.628178 0.296143 0.629237 0.293945 0.629237 0.293701 0.630297 0.292969 0.630297 0.292969 0.632945 0.293701 0.632945 0.293945 0.631886 0.294434 0.632945 0.296143 0.632945 0.296631 0.631886 0.297119 0.634004
1 0.620117 0.627119 0.621338 0.634004 0.622070 0.635593 0.622559 0.635593 0.622559 0.638242 0.623779 0.639831 0.624512 0.639831 0.624756 0.638771 0.624023 0.637182 0.623779 0.634534 0.623047 0.634534 0.623291 0.631886 0.622803 0.629237 0.621338 0.626059 0.620850 0.627119
1 0.216797 0.626059 0.215332 0.628178 0.215820 0.631886 0.216064 0.631356 0.216797 0.633475 0.217041 0.632415 0.216309 0.631886 0.217285 0.629237 0.217285 0.627119
1 0.652344 0.620233 0.652588 0.621292 0.651855 0.623941 0.651855 0.625530 0.652100 0.624470 0.652344 0.627648 0.653320 0.627648 0.654541 0.626059 0.655518 0.622352 0.654297 0.621822 0.653320 0.623411 0.653320 0.620763
1 0.631104 0.619703 0.630371 0.619703 0.630127 0.620763 0.631104 0.621822 0.630127 0.622352 0.630859 0.623941 0.630615 0.624470 0.633301 0.630297 0.632812 0.630826 0.632812 0.634534 0.631348 0.638242 0.630615 0.638242 0.630371 0.635064 0.631592 0.630826 0.630615 0.630297 0.630371 0.631356 0.629883 0.629767 0.628906 0.628708 0.627686 0.625530 0.627686 0.624470 0.627197 0.625530 0.627686 0.625530 0.627930 0.626589 0.626709 0.627648 0.626709 0.629767 0.627930 0.634004 0.627930 0.637182 0.627441 0.637712 0.627441 0.639301 0.625977 0.641419 0.625977 0.642479 0.627197 0.646186 0.629150 0.646716 0.628906 0.647775 0.627441 0.647775 0.627930 0.648835 0.629883 0.648305 0.630127 0.647246 0.632568 0.648835 0.632812 0.646186 0.633789 0.644068 0.634033 0.644597 0.635010 0.643538 0.634521 0.642479 0.635010 0.640890 0.635010 0.639831 0.634521 0.639301 0.634521 0.636653 0.634277 0.637182 0.633789 0.634004 0.633301 0.634004 0.633545 0.631886 0.634521 0.631886 0.635742 0.634004 0.635986 0.632945 0.636475 0.632945 0.636719 0.634534 0.638428 0.632415 0.637939 0.630297 0.637939 0.632415 0.634277 0.630826 0.633789 0.629767 0.634277 0.628708 0.634766 0.625000 0.632080 0.624470 0.631104 0.621292
1 0.155029 0.620233 0.155518 0.620233 0.155518 0.621292 0.156738 0.622881 0.157471 0.625000 0.158936 0.625530 0.158691 0.621822 0.157959 0.621822 0.157471 0.619703 0.155518 0.619174
1 0.522461 0.618644 0.523193 0.621822 0.524658 0.623411 0.524414 0.624470 0.523438 0.623941 0.523926 0.627119 0.523682 0.627648 0.522949 0.627648 0.521729 0.624470 0.521240 0.624470 0.522461 0.629767 0.525391 0.631356 0.528076 0.628708 0.527100 0.625000 0.526123 0.626059 0.524902 0.623941 0.524902 0.622881 0.523926 0.620763 0.523926 0.619174
1 0.294922 0.621822 0.295898 0.621822 0.296387 0.622881 0.296143 0.624470 0.296875 0.626059 0.300537 0.625000 0.300049 0.623941 0.298340 0.623941 0.297607 0.622352 0.297607 0.620233 0.296631 0.618644 0.295654 0.618644 0.295654 0.621292
1 0.151855 0.618644 0.151367 0.619703 0.151611 0.624470 0.150879 0.624470 0.151367 0.625000 0.151611 0.627648 0.155029 0.631356 0.152100 0.626589 0.152100 0.620763 0.152588 0.620233 0.153809 0.622881 0.153564 0.623941 0.152832 0.623941 0.152832 0.625530 0.153809 0.623941 0.154053 0.621292 0.152832 0.618644 0.152588 0.619703 0.152344 0.618644 0.152100 0.620233
1 0.387939 0.617585 0.388184 0.620233 0.386719 0.620763 0.386719 0.622352 0.388428 0.624470 0.389404 0.621822 0.388916 0.621292 0.389160 0.618644 0.388672 0.617585
1 0.439697 0.617585 0.440918 0.620233 0.440918 0.621292 0.441406 0.621292 0.441650 0.623411 0.443359 0.622352 0.442139 0.618644 0.440430 0.618114 0.440430 0.616525 0.440186 0.617585
1 0.249268 0.616525 0.247070 0.617055 0.246826 0.617585 0.247314 0.617055 0.248779 0.618644 0.247314 0.622352 0.245605 0.623941 0.247070 0.622881 0.248291 0.623411 0.249512 0.622352 0.248535 0.619174 0.249512 0.619174
1 0.217041 0.615996 0.215820 0.615466 0.215820 0.613877 0.214844 0.614407 0.214600 0.615466 0.212891 0.615466 0.212402 0.617055 0.212891 0.617585 0.211914 0.619174 0.211426 0.618644 0.210938 0.619703 0.210449 0.618644 0.210938 0.619703 0.210938 0.621292 0.209961 0.623411 0.209961 0.624470 0.211182 0.626589 0.212646 0.622881 0.215088 0.620763
1 0.430420 0.612818 0.429443 0.614407 0.428223 0.614407 0.428223 0.618114 0.428711 0.618644 0.428711 0.621292 0.429443 0.621292 0.429443 0.618644 0.428467 0.618114 0.429199 0.614936 0.430420 0.618644 0.431396 0.618644 0.431396 0.617055 0.431885 0.615996 0.430908 0.616525 0.430176 0.614936 0.430664 0.613877
1 0.300781 0.613347 0.300781 0.614936 0.301758 0.616525 0.301758 0.618114 0.303223 0.618114 0.302979 0.617585 0.303711 0.615996 0.303467 0.613347 0.302734 0.613347 0.302490 0.612288
1 0.412109 0.611229 0.411133 0.612818 0.411133 0.613877 0.410400 0.615466 0.411377 0.614936 0.411865 0.615996 0.412842 0.615996 0.412842 0.613877 0.412109 0.612288
1 0.266357 0.610169 0.264648 0.610169 0.262939 0.614407 0.261963 0.614936 0.262695 0.615996 0.262939 0.617585 0.263672 0.618114 0.263428 0.619174 0.262695 0.618644 0.262695 0.620233 0.263184 0.620763 0.262695 0.621822 0.261963 0.620233 0.260986 0.621292 0.260742 0.619174 0.260498 0.619703 0.260010 0.618644 0.260986 0.617055 0.261230 0.617585 0.261475 0.615466 0.260498 0.614936 0.260254 0.613877 0.260010 0.614936 0.259766 0.613877 0.259521 0.614936 0.258789 0.613347 0.257812 0.613347 0.256348 0.615466 0.256348 0.618114 0.256836 0.618644 0.256348 0.619703 0.256348 0.621292 0.255859 0.621822 0.256348 0.623941 0.255127 0.625530 0.256836 0.626589 0.257568 0.628178 0.257812 0.630826 0.258789 0.630826 0.259277 0.629767 0.259766 0.630297 0.260254 0.629237 0.260986 0.629767 0.261963 0.626589 0.263184 0.626589 0.262695 0.629767 0.261719 0.631356 0.261963 0.633475 0.260986 0.636653 0.261230 0.637182 0.262451 0.634004 0.265137 0.632415 0.263428 0.628178 0.263916 0.627119 0.263184 0.626589 0.263916 0.624470 0.263184 0.622352 0.264648 0.622352 0.265381 0.619174 0.263672 0.618644 0.264160 0.614936 0.263428 0.614407 0.265381 0.611229 0.265625 0.612288
1 0.221191 0.611229 0.221191 0.613347 0.221436 0.612288 0.221680 0.612818 0.221680 0.614936 0.223877 0.614407 0.223389 0.613347 0.223633 0.612818 0.222656 0.611229 0.222656 0.610169 0.221680 0.610169
1 0.512451 0.609110 0.511719 0.611229 0.512939 0.612288 0.512451 0.613347 0.513184 0.614936 0.514160 0.613877 0.514893 0.611229 0.513672 0.612288 0.512451 0.610169
1 0.439941 0.608581 0.439941 0.609640 0.441406 0.609110 0.442139 0.610699 0.442139 0.614407 0.442627 0.614936 0.443115 0.612818 0.444580 0.611758 0.444580 0.610169 0.442871 0.611229 0.441406 0.608581
1 0.258057 0.608581 0.258301 0.611758 0.259521 0.611229 0.260010 0.610169 0.260010 0.608581
1 0.256592 0.608051 0.255127 0.610169 0.253906 0.610699 0.253906 0.611758 0.252441 0.613347 0.251709 0.615466 0.252441 0.616525 0.252197 0.618114 0.251465 0.617055 0.250977 0.620763 0.252197 0.623411 0.251709 0.625000 0.253174 0.625530 0.253418 0.627648 0.253906 0.627119 0.253662 0.625530 0.254150 0.620763 0.253418 0.620763 0.252441 0.618644 0.252930 0.617585 0.253174 0.618114 0.253174 0.616525 0.252686 0.615996 0.255859 0.614407 0.255859 0.612818 0.256592 0.613347
1 0.309814 0.608581 0.309082 0.607521 0.308105 0.608051 0.308594 0.609640 0.306885 0.610169 0.306641 0.611229 0.305908 0.611229 0.305420 0.609640 0.304443 0.610169 0.304932 0.611229 0.307129 0.612288 0.308105 0.610169
1 0.526611 0.607521 0.525391 0.606992 0.524902 0.608051 0.524902 0.609640 0.524414 0.610169 0.524414 0.611758 0.523438 0.613347 0.524414 0.614407 0.524658 0.612818 0.524902 0.613877 0.525391 0.613347 0.524902 0.612818 0.525391 0.612288 0.524902 0.611758 0.526611 0.609110
1 0.503662 0.606992 0.502686 0.607521 0.503418 0.610699 0.503418 0.612818 0.504150 0.613347 0.501709 0.619174 0.499268 0.620233 0.502197 0.622352 0.501953 0.621292 0.502686 0.620233 0.502930 0.620763 0.502197 0.618644 0.504639 0.613347 0.504150 0.611229 0.504395 0.610169 0.503418 0.610169
1 0.288818 0.608581 0.287598 0.608581 0.285400 0.610699 0.284424 0.608051 0.283447 0.608051 0.283691 0.606992 0.282227 0.606992 0.281738 0.611758 0.280762 0.613347 0.280029 0.612288 0.279541 0.608051 0.277588 0.609640 0.277344 0.611229 0.278076 0.610699 0.279297 0.612288 0.279297 0.614936 0.278809 0.615466 0.279297 0.618114 0.279541 0.615996 0.280762 0.613877 0.281982 0.613877 0.282471 0.615996 0.283447 0.614936 0.284180 0.618114 0.282471 0.618644 0.282715 0.620233 0.281250 0.621822 0.281006 0.624470 0.279785 0.623941 0.278809 0.625000 0.278564 0.620763 0.277344 0.620763 0.277100 0.623941 0.276611 0.622881 0.274658 0.623411 0.274902 0.624470 0.274414 0.625000 0.274902 0.626059 0.274414 0.627119 0.275879 0.627119 0.274902 0.629767 0.276367 0.629237 0.275879 0.628708 0.277100 0.628178 0.276855 0.627119 0.277832 0.626059 0.278320 0.627119 0.277588 0.629767 0.278076 0.631356 0.278076 0.636653 0.278564 0.637712 0.280029 0.637182 0.281006 0.638771 0.280029 0.636653 0.280518 0.635064 0.280029 0.635064 0.279785 0.636653 0.278809 0.636653 0.278564 0.635593 0.280762 0.632945 0.281494 0.630297 0.281250 0.629237 0.281982 0.628708 0.280029 0.628178 0.278320 0.629237 0.278076 0.628178 0.282715 0.625530 0.283203 0.626589 0.282715 0.628708 0.283691 0.629767 0.283936 0.628708 0.283203 0.627648 0.283691 0.626589 0.282959 0.625530 0.282959 0.623941 0.284912 0.622352 0.285156 0.625000 0.283936 0.625530 0.285400 0.626589 0.285156 0.625000 0.286133 0.623411 0.285889 0.622352 0.283203 0.622881 0.282715 0.621822 0.283936 0.619703 0.284668 0.620233 0.285889 0.618114 0.286377 0.619703 0.286621 0.618114 0.287598 0.617585 0.287354 0.616525 0.287842 0.616525 0.288574 0.613877 0.287842 0.613347 0.286865 0.614407 0.285645 0.612288 0.288574 0.611229 0.289307 0.609640
1 0.162109 0.606992 0.160156 0.609110 0.159668 0.614407 0.159912 0.615466 0.159424 0.616525 0.156982 0.615996 0.157471 0.616525 0.156738 0.617585 0.159912 0.617585 0.159668 0.622352 0.160156 0.627119 0.161133 0.626589 0.160400 0.626059 0.160400 0.613347 0.159912 0.611229 0.160400 0.610699 0.160645 0.611758 0.160645 0.608581
1 0.431641 0.605932 0.431152 0.609110 0.432617 0.610169 0.432373 0.615996 0.432861 0.612818 0.433105 0.614407 0.433105 0.613347 0.433594 0.613347 0.433594 0.615996 0.433105 0.616525 0.433105 0.618114 0.434082 0.620763 0.434326 0.619703 0.435547 0.621822 0.435791 0.626589 0.435791 0.625000 0.436523 0.622352 0.437500 0.622352 0.438232 0.620233 0.437256 0.619174 0.436035 0.614407 0.435547 0.615996 0.434814 0.614936 0.434814 0.612288 0.435303 0.611758 0.435303 0.610169 0.433838 0.610169 0.432861 0.605932
1 0.363525 0.605403 0.360840 0.606992 0.360840 0.608581 0.359863 0.609110 0.360840 0.610699 0.359863 0.612818 0.360596 0.612818 0.361084 0.614407 0.362305 0.613347 0.362305 0.610699 0.361816 0.608581 0.362061 0.608051 0.362549 0.609110 0.363281 0.608051
1 0.448975 0.603814 0.449219 0.605932 0.447754 0.608051 0.447510 0.610169 0.447021 0.610169 0.447510 0.611229 0.446533 0.613877 0.447266 0.615466 0.447266 0.618114 0.446777 0.618644 0.446777 0.620233 0.445801 0.621822 0.445801 0.625530 0.446289 0.626589 0.445312 0.629237 0.444824 0.623941 0.444824 0.626589 0.444336 0.627119 0.444336 0.630826 0.443115 0.633475 0.444092 0.636123 0.443115 0.634004 0.443604 0.632415 0.444580 0.633475 0.446045 0.632945 0.446289 0.631886 0.447998 0.631886 0.447510 0.627648 0.447266 0.628178 0.446533 0.626589 0.446533 0.625000 0.447510 0.624470 0.447754 0.623411 0.448975 0.623411 0.449219 0.626589 0.449707 0.626589 0.450195 0.625000 0.450195 0.627648 0.450928 0.628178 0.450439 0.630826 0.449707 0.628708 0.449463 0.629237 0.449463 0.634534 0.450195 0.635064 0.450439 0.633475 0.451416 0.634004 0.451660 0.632415 0.450928 0.633475 0.450439 0.632945 0.450195 0.631356 0.451172 0.630297 0.450684 0.629767 0.450928 0.627648 0.449951 0.624470 0.450195 0.625000 0.449707 0.626059 0.449463 0.623941 0.448975 0.623411 0.450195 0.620763 0.451416 0.619703 0.449951 0.620233 0.449463 0.618644 0.450928 0.617055 0.450928 0.615996 0.451660 0.614407 0.448975 0.613877 0.449219 0.608051 0.448486 0.607521 0.449463 0.605403 0.448975 0.604873
1 0.232422 0.603284 0.232422 0.607521 0.231445 0.608051 0.231445 0.610699 0.232910 0.610169 0.233154 0.611758 0.233887 0.609640 0.235596 0.609640 0.235596 0.608051 0.233643 0.608581 0.232910 0.606992
1 0.266113 0.606992 0.266602 0.608581 0.268799 0.608581 0.269775 0.607521 0.270996 0.608051 0.271729 0.606992 0.273193 0.610699 0.272705 0.611758 0.271729 0.610699 0.271484 0.611758 0.272705 0.613877 0.272461 0.614407 0.273682 0.613877 0.274414 0.617055 0.275635 0.617585 0.275146 0.619174 0.273926 0.618644 0.273926 0.621292 0.274414 0.622352 0.276611 0.621292 0.276123 0.620233 0.276123 0.616525 0.277100 0.614407 0.276123 0.615466 0.275146 0.615466 0.274902 0.614407 0.274902 0.615996 0.274414 0.616525 0.274170 0.615996 0.274658 0.610699 0.274170 0.609110 0.275146 0.607521 0.276855 0.606462 0.278076 0.603814 0.276855 0.602225 0.276123 0.603814 0.276611 0.604873 0.276123 0.605932 0.275635 0.604873 0.274902 0.606992 0.274414 0.605932 0.274902 0.606992 0.274658 0.607521 0.273926 0.606992 0.273438 0.608051 0.272461 0.608051 0.271973 0.606462 0.270996 0.606462 0.270508 0.605403 0.271484 0.603814 0.270508 0.602225 0.269531 0.603814 0.270020 0.605403 0.269531 0.608051 0.266846 0.608051
1 0.390381 0.601695 0.388184 0.601695 0.388184 0.603284 0.387695 0.603814 0.387451 0.605932 0.386719 0.605932 0.386475 0.606992 0.384766 0.606992 0.384521 0.608051 0.383301 0.608051 0.383789 0.611758 0.383301 0.613347 0.383057 0.612288 0.382812 0.612818 0.383057 0.614407 0.383789 0.611758 0.384766 0.613877 0.385742 0.612818 0.386963 0.612818 0.387207 0.613877 0.386230 0.616525 0.387207 0.617055 0.386963 0.616525 0.387939 0.614936 0.387939 0.613347 0.388916 0.612818 0.388916 0.610169 0.388428 0.609640 0.388428 0.608051 0.388916 0.608051 0.389404 0.606992 0.389160 0.606462 0.390625 0.603814
1 0.448242 0.601165 0.447754 0.601695 0.446777 0.600636 0.447754 0.602225 0.447754 0.603284 0.445557 0.606462 0.445068 0.608581 0.445312 0.612288 0.446289 0.611758 0.445557 0.610169 0.445557 0.609110 0.447510 0.606462 0.447510 0.603814 0.447998 0.603284
1 0.437988 0.600106 0.437500 0.600106 0.437256 0.601165 0.436768 0.600636 0.437012 0.600106 0.436279 0.601695 0.436279 0.602754 0.435547 0.602754 0.434082 0.606462 0.435059 0.608581 0.435547 0.608051 0.436279 0.609110 0.436523 0.606992 0.437012 0.606992 0.436523 0.606992 0.436279 0.605932 0.437256 0.603814 0.438232 0.603284 0.438721 0.604343 0.438721 0.602754 0.437988 0.601165
1 0.244385 0.602754 0.243896 0.601695 0.244141 0.601165 0.242676 0.600106 0.239990 0.602754 0.238525 0.603284 0.237549 0.605403 0.236816 0.605403 0.237793 0.605403 0.238037 0.606462 0.238037 0.604873 0.240479 0.603814 0.241211 0.602754 0.241699 0.603814 0.240234 0.606462 0.239746 0.606462
1 0.527588 0.596928 0.527344 0.596398 0.526611 0.598517 0.525879 0.598517 0.525635 0.599576 0.522949 0.600636 0.523682 0.602225 0.523438 0.604343 0.524658 0.604343 0.525146 0.605403 0.525146 0.603814 0.526611 0.600106 0.526611 0.598517
1 0.285400 0.597987 0.284912 0.597987 0.284424 0.596928 0.284668 0.596398 0.284180 0.596398 0.284668 0.597458 0.282959 0.600636 0.282471 0.600636 0.282471 0.599576 0.280518 0.601695 0.277832 0.601165 0.279541 0.601165 0.280762 0.604343 0.281494 0.602225 0.283447 0.601165 0.284912 0.599576
1 0.286621 0.596928 0.287354 0.596928 0.287598 0.597987 0.287842 0.596928 0.288818 0.598517 0.289062 0.597987 0.290527 0.599047 0.291260 0.595869 0.291016 0.597458 0.288330 0.596398 0.287598 0.595339 0.287354 0.596928
1 0.357422 0.593750 0.357422 0.596928 0.356934 0.597458 0.356445 0.601165 0.357178 0.602225 0.357178 0.599576 0.357910 0.599047 0.357910 0.602225 0.358643 0.603284 0.360107 0.599576 0.359131 0.599047 0.358887 0.597987 0.357910 0.598517 0.357910 0.595339
1 0.443604 0.592691 0.442383 0.594280 0.442383 0.595869 0.441895 0.596398 0.441895 0.597987 0.442871 0.600636 0.442139 0.602754 0.442139 0.604873 0.440918 0.604873 0.440918 0.605932 0.441895 0.607521 0.442383 0.605403 0.442139 0.602754 0.442871 0.602754 0.442627 0.601695 0.443115 0.601165 0.443115 0.594809 0.443848 0.593220
1 0.523193 0.599047 0.522705 0.597987 0.522705 0.595339 0.522217 0.594809 0.522217 0.593220 0.521484 0.593220 0.521240 0.592161 0.520996 0.593220 0.519775 0.593220 0.519043 0.597458 0.517090 0.600106 0.516113 0.599047 0.515625 0.600636 0.513428 0.597987 0.512695 0.599576 0.513184 0.600636 0.512939 0.601695 0.511963 0.602225 0.511475 0.600106 0.510010 0.603284 0.508789 0.601695 0.509277 0.602754 0.508301 0.604343 0.507324 0.602225 0.507080 0.604343 0.507324 0.605932 0.508057 0.604873 0.509277 0.604873 0.510010 0.606462 0.511963 0.604873 0.512695 0.605932 0.513428 0.604873 0.514404 0.604873 0.514648 0.605932 0.515137 0.603814 0.515625 0.604343 0.515137 0.601695 0.515869 0.601165 0.516113 0.603284 0.516602 0.603814 0.516602 0.605403 0.518799 0.608581 0.516846 0.610169 0.519775 0.610699 0.519775 0.608581 0.520508 0.605932 0.520264 0.604873 0.522217 0.602225 0.521729 0.601165 0.521729 0.599576
1 0.296875 0.590042 0.296875 0.591102 0.297363 0.591631 0.298096 0.591102 0.299561 0.592691 0.298584 0.593750 0.298340 0.592691 0.298096 0.593220 0.298584 0.595869 0.300293 0.593220 0.299561 0.592161 0.299805 0.591631 0.300537 0.592161 0.300293 0.590042
1 0.255371 0.589513 0.252441 0.592161 0.251709 0.593750 0.255127 0.592691
1 0.439941 0.588983 0.440430 0.590042 0.440430 0.592691 0.440918 0.593220 0.439941 0.596928 0.440430 0.597987 0.441162 0.597987 0.441162 0.592691 0.442139 0.592691 0.441162 0.591631 0.441406 0.590042 0.440430 0.590042
1 0.369141 0.588983 0.369385 0.590042 0.370117 0.590042 0.370605 0.591631 0.371338 0.591631 0.371582 0.592691 0.373047 0.592691 0.373779 0.594809 0.374756 0.594280 0.374756 0.593220 0.373291 0.592691 0.373779 0.591631
1 0.304199 0.587924 0.303955 0.585275 0.301758 0.586864 0.303711 0.589513
1 0.424805 0.584746 0.424072 0.585805 0.422852 0.585805 0.422607 0.586864 0.423584 0.587394 0.421387 0.591102 0.421875 0.590572 0.422852 0.591631 0.422607 0.593220 0.421875 0.593750 0.421387 0.592691 0.422852 0.594280 0.422607 0.595869 0.423096 0.595339 0.422852 0.594280 0.423340 0.592691 0.423828 0.593750 0.422363 0.590042 0.423096 0.589513 0.423584 0.590572 0.423340 0.588983
1 0.338379 0.584746 0.339844 0.586864 0.339844 0.588453 0.341064 0.588453 0.341797 0.590042 0.341797 0.593220 0.341309 0.593750 0.342285 0.592691 0.344482 0.592691 0.344727 0.596928 0.345703 0.598517 0.345703 0.600636 0.345947 0.601165 0.345947 0.599047 0.346680 0.599047 0.349121 0.603284 0.348633 0.602754 0.349365 0.602225 0.347900 0.600636 0.348389 0.600106 0.348389 0.598517 0.349121 0.596928 0.350098 0.596928 0.350342 0.595339 0.350098 0.595869 0.349609 0.594809 0.349609 0.592691 0.351074 0.592691 0.351074 0.590042 0.350830 0.591102 0.349121 0.592161 0.347900 0.589513 0.347900 0.587924 0.348877 0.585275 0.348389 0.584216 0.348877 0.583686 0.343750 0.583686 0.343750 0.582627 0.343262 0.582097 0.341309 0.582627 0.341064 0.583686 0.339844 0.583686 0.339600 0.584746
1 0.505127 0.580508 0.504150 0.582627 0.502930 0.582627 0.502930 0.584746 0.502197 0.584216 0.502441 0.583686 0.501953 0.583157 0.501953 0.582097 0.501709 0.582627 0.500977 0.581568 0.500244 0.583686 0.501709 0.584746 0.502197 0.587924 0.501709 0.588983 0.500977 0.588453 0.500732 0.590042 0.500244 0.589513 0.500488 0.587924 0.500000 0.588453 0.500000 0.590572 0.500488 0.591631 0.502686 0.588453 0.503662 0.588983 0.503418 0.590572 0.504150 0.587924 0.504150 0.585805 0.502930 0.585805 0.504150 0.584216 0.504639 0.582097 0.505615 0.583157 0.505127 0.582097
1 0.258301 0.581038 0.258301 0.583157 0.258789 0.584216 0.260986 0.583157 0.260254 0.580508 0.259277 0.580508 0.259033 0.581568 0.258545 0.581038 0.258789 0.580508
1 0.252930 0.585275 0.254150 0.586864 0.256836 0.587924 0.257080 0.586864 0.257568 0.587924 0.257568 0.586335 0.256592 0.586864 0.254395 0.585805 0.257080 0.583686 0.255127 0.580508
1 0.330078 0.579979 0.328125 0.580508 0.328369 0.585275 0.329834 0.584746 0.328613 0.584746 0.328369 0.583686 0.329834 0.583157 0.330322 0.582097 0.329834 0.581038 0.330322 0.580508
1 0.546631 0.578390 0.546143 0.579449 0.543457 0.579449 0.543213 0.580508 0.542480 0.579979 0.543213 0.584746 0.543701 0.582627 0.544678 0.584746 0.544434 0.585275 0.545410 0.584216 0.546387 0.581038
1 0.427979 0.575742 0.426270 0.577860 0.426514 0.579979 0.425781 0.580508 0.425293 0.583157 0.425781 0.583157 0.425781 0.584746 0.426514 0.584216 0.427002 0.586335 0.428467 0.586864 0.428467 0.585805 0.427734 0.584746 0.426025 0.584746 0.425781 0.583686 0.426758 0.583157 0.425537 0.582627 0.427246 0.582097 0.428223 0.584216 0.429443 0.585275 0.429199 0.584746 0.429932 0.583686 0.428711 0.581038 0.428955 0.577331
1 0.527344 0.574682 0.527344 0.576801 0.528320 0.576271 0.529053 0.577860 0.529297 0.582097 0.530029 0.581568 0.530762 0.579449 0.531006 0.579979 0.530762 0.579449 0.532471 0.576271 0.532471 0.574682 0.531982 0.574153 0.531250 0.575212 0.530762 0.574682 0.530518 0.577860 0.530029 0.578919 0.528809 0.576801 0.528809 0.574153 0.527832 0.573623
1 0.296387 0.598517 0.298828 0.600636 0.297363 0.604343 0.300781 0.599047 0.303711 0.600106 0.303223 0.609640 0.302979 0.605932 0.305664 0.601165 0.311035 0.608581 0.309082 0.612818 0.310303 0.610699 0.313965 0.614936 0.313232 0.611229 0.320312 0.611229 0.322266 0.618114 0.324219 0.615466 0.326172 0.621822 0.324707 0.625000 0.325684 0.627119 0.322266 0.631356 0.325684 0.629237 0.327637 0.623411 0.329102 0.624470 0.328125 0.628708 0.330078 0.622352 0.331787 0.626589 0.336426 0.623411 0.341553 0.628178 0.341309 0.637182 0.345947 0.635064 0.344971 0.627648 0.349854 0.628708 0.348389 0.621292 0.353027 0.611758 0.353027 0.621292 0.356201 0.622352 0.355225 0.613347 0.353271 0.611758 0.353760 0.596398 0.355713 0.599047 0.355713 0.593220 0.357910 0.592691 0.359131 0.582627 0.356934 0.583686 0.353027 0.577860 0.352051 0.585275 0.355469 0.594809 0.353027 0.596398 0.353516 0.603284 0.351562 0.597458 0.352295 0.601165 0.350098 0.605403 0.351318 0.610169 0.348877 0.608051 0.348633 0.612288 0.345703 0.615466 0.352295 0.613877 0.343994 0.620763 0.343506 0.615466 0.341797 0.618644 0.340820 0.613347 0.339355 0.618644 0.339111 0.615466 0.333008 0.609640 0.333252 0.604873 0.331543 0.609110 0.330322 0.603814 0.325928 0.601695 0.326172 0.597987 0.327881 0.600106 0.327393 0.595339 0.324219 0.595339 0.325684 0.591631 0.321045 0.587394 0.321289 0.584216 0.324219 0.586335 0.324707 0.583686 0.321289 0.582627 0.321045 0.579449 0.314941 0.579449 0.313232 0.573093 0.310547 0.575212 0.311768 0.578390 0.309326 0.577860 0.314453 0.587924 0.312012 0.594280 0.309326 0.587394 0.309326 0.578919 0.308105 0.584746 0.307373 0.581568 0.304932 0.584746 0.309570 0.588453 0.306641 0.597987 0.303223 0.591102 0.302979 0.595339 0.302734 0.592691 0.299805 0.598517
1 0.371094 0.570445 0.369385 0.571504 0.369385 0.573093 0.370117 0.574153 0.370117 0.575742 0.369629 0.576271 0.369629 0.579979 0.370361 0.579979 0.371338 0.583157 0.372314 0.581038 0.372559 0.581568 0.373535 0.579979 0.373779 0.580508 0.373535 0.579979 0.374268 0.578390 0.373779 0.575212 0.374268 0.574682 0.374268 0.573623 0.373779 0.574153
1 0.533447 0.569386 0.533447 0.570975 0.534180 0.572564 0.533203 0.574153 0.533203 0.576801 0.533691 0.575742 0.534912 0.575742 0.535400 0.576801 0.534912 0.575742 0.534912 0.572034 0.534424 0.572034
1 0.260742 0.567797 0.260498 0.571504 0.258789 0.573093 0.258057 0.575212 0.257568 0.574682 0.257812 0.577331 0.258057 0.576801 0.258789 0.578919 0.260742 0.573623
1 0.510254 0.567797 0.509521 0.567267 0.509521 0.568856 0.509033 0.568856 0.508789 0.567797 0.506836 0.567797 0.506348 0.569386 0.507324 0.571504 0.506348 0.573093 0.506348 0.574153 0.507324 0.573093 0.507812 0.574153 0.506348 0.576801 0.506348 0.578390 0.507080 0.575742 0.507324 0.576801 0.508057 0.575212 0.508545 0.575742 0.508789 0.573623 0.510010 0.576271 0.510742 0.575212 0.510254 0.575212 0.509766 0.573623 0.510010 0.572564 0.510986 0.573093 0.510498 0.572564
1 0.443115 0.562500 0.442871 0.564089 0.443359 0.565148 0.443359 0.567267 0.442383 0.567797 0.441895 0.565678 0.441406 0.566737 0.441650 0.569915 0.440674 0.572034 0.439453 0.571504 0.438721 0.572564 0.439697 0.571504 0.440430 0.572564 0.440430 0.574153 0.441895 0.574682 0.442383 0.575742 0.442139 0.576271 0.442627 0.575212 0.442139 0.574153 0.443115 0.573093 0.442383 0.573623 0.442383 0.572564 0.441650 0.570975 0.442139 0.569915 0.442383 0.570975 0.442871 0.570975 0.444092 0.567797 0.444336 0.568326 0.444580 0.565678 0.443604 0.564089 0.443848 0.563030
1 0.226562 0.563030 0.226562 0.567267 0.228760 0.567267 0.228760 0.564619 0.227051 0.564619 0.226807 0.563559 0.227295 0.562500 0.226807 0.563559
1 0.252930 0.562500 0.253906 0.564619 0.253906 0.567267 0.254883 0.566737 0.255371 0.563030 0.254639 0.561970
1 0.537598 0.567267 0.539307 0.566737 0.541016 0.567797 0.541260 0.566208 0.542236 0.565148 0.538818 0.560381 0.538574 0.563030 0.537598 0.564619
1 0.368408 0.559322 0.367676 0.559322 0.368164 0.560381 0.367920 0.562500 0.365967 0.560381 0.364746 0.560381 0.362549 0.564619 0.361816 0.564619 0.361816 0.567267 0.362305 0.567797 0.362305 0.572564 0.362061 0.573093 0.361816 0.572034 0.361328 0.572034 0.360107 0.574153 0.360352 0.575212 0.359863 0.575742 0.360352 0.576271 0.360352 0.579979 0.360840 0.581038 0.362549 0.581038 0.363281 0.579449 0.364502 0.581038 0.364502 0.576271 0.365723 0.576271 0.365723 0.584216 0.365234 0.584746 0.365723 0.585805 0.364746 0.586335 0.364746 0.583686 0.363770 0.583157 0.363281 0.583686 0.363281 0.588453 0.362305 0.588983 0.363037 0.590042 0.364014 0.589513 0.364258 0.590042 0.363770 0.590572 0.365723 0.593750 0.366455 0.593750 0.366699 0.592161 0.365723 0.591631 0.366699 0.591102 0.367188 0.590042 0.366699 0.589513 0.367920 0.587924 0.367920 0.585805 0.366943 0.587924 0.365967 0.587394 0.365723 0.585805 0.366455 0.583686 0.366943 0.584216 0.367188 0.583157 0.367920 0.583157 0.368408 0.581568 0.369141 0.582627 0.368408 0.580508 0.369141 0.579979 0.368408 0.577860 0.368896 0.574153 0.368164 0.573623 0.368408 0.571504 0.369141 0.570445 0.368652 0.569915 0.369873 0.569386 0.370605 0.566208 0.371094 0.569386 0.371582 0.568326 0.373535 0.568856 0.373291 0.565678 0.372314 0.561970 0.370605 0.565148 0.369873 0.561441 0.369141 0.561441
1 0.201904 0.558792 0.201660 0.560381 0.203613 0.563030 0.203613 0.561970 0.204346 0.560911 0.204346 0.559852 0.203613 0.558792
1 0.494873 0.555085 0.494141 0.555085 0.494873 0.556674 0.494873 0.557733 0.494385 0.558792 0.494385 0.561970 0.493896 0.564089 0.494385 0.564089 0.495361 0.561441 0.495850 0.561441 0.495850 0.559852 0.494873 0.558263
1 0.263184 0.555085 0.261230 0.555614 0.260986 0.557203 0.261719 0.557733 0.260498 0.558792 0.260498 0.560381 0.261230 0.559852 0.262207 0.561441
1 0.417236 0.554555 0.417236 0.560911 0.416748 0.562500 0.416016 0.563030 0.418457 0.563559 0.419678 0.569386 0.420654 0.572034 0.419189 0.565678 0.419189 0.564089 0.420654 0.563559 0.421875 0.565148 0.421875 0.568856 0.422363 0.568326 0.422852 0.569915 0.422363 0.575212 0.421631 0.575212 0.421875 0.576801 0.422852 0.578919 0.422852 0.579979 0.423340 0.579979 0.424805 0.583157 0.423584 0.579449 0.423828 0.577860 0.423096 0.578390 0.422363 0.576271 0.423584 0.575742 0.424072 0.576801 0.423340 0.575212 0.423828 0.574153 0.425293 0.575742 0.424316 0.574153 0.424316 0.568856 0.425781 0.566208 0.426758 0.567797 0.426025 0.569386 0.426514 0.574682 0.427002 0.573093 0.427246 0.574153 0.427734 0.573093 0.427246 0.572034 0.427002 0.573093 0.426758 0.572034 0.426270 0.572034 0.426514 0.568856 0.427246 0.568326 0.426758 0.565678 0.425781 0.566208 0.424805 0.564089 0.425049 0.563030 0.426758 0.563030 0.426025 0.563030 0.425781 0.561970 0.424805 0.561441 0.424805 0.559322 0.424316 0.557733 0.422852 0.555614 0.421875 0.555614 0.422607 0.557733 0.423096 0.557733 0.423828 0.559322 0.424072 0.561970 0.423584 0.563030 0.421387 0.561970 0.420654 0.560381 0.420166 0.557203 0.419189 0.555614 0.419434 0.554555 0.418945 0.555085 0.418457 0.554025 0.417969 0.555085 0.417969 0.554025 0.417725 0.556144 0.417236 0.555614
1 0.503906 0.552966 0.503906 0.556144 0.504883 0.555085 0.506104 0.555614 0.506348 0.558792 0.507568 0.558792 0.507568 0.556144 0.506836 0.556144 0.506104 0.554025 0.505371 0.554025 0.505371 0.551907 0.504639 0.554025 0.504395 0.552966
1 0.396240 0.553496 0.395020 0.554025 0.394775 0.551907 0.393555 0.554555 0.392578 0.554025 0.392090 0.555085 0.392578 0.558263 0.393066 0.556674 0.393555 0.557203 0.394775 0.554555
1 0.245605 0.555614 0.245850 0.556674 0.246582 0.556674 0.246094 0.557733 0.246582 0.558792 0.248047 0.558792 0.248291 0.559852 0.250000 0.557733 0.249756 0.555085 0.248779 0.554025 0.249268 0.553496 0.248535 0.551907 0.248047 0.553496 0.247070 0.551907 0.247070 0.552966
1 0.435547 0.549788 0.437256 0.550318 0.437744 0.551377 0.439453 0.551377 0.440186 0.552436 0.439697 0.551377 0.440674 0.550318 0.441406 0.553496 0.440674 0.554025 0.440430 0.556674 0.439453 0.554025 0.439697 0.553496 0.439209 0.554025 0.438477 0.552966 0.437500 0.554025 0.439453 0.554025 0.439697 0.555085 0.438477 0.556144 0.438965 0.557203 0.441406 0.557203 0.441650 0.551377 0.442871 0.548729 0.441650 0.550847 0.440186 0.549788 0.439941 0.548729 0.439209 0.548729 0.438721 0.550847 0.435791 0.548729 0.436035 0.549258
1 0.239746 0.548729 0.239746 0.549788 0.240967 0.551377 0.239746 0.556144 0.241699 0.557203 0.239990 0.558263 0.239258 0.557733 0.241211 0.558792 0.242920 0.555614 0.242920 0.554555 0.242432 0.554025 0.242432 0.550847 0.241943 0.549258 0.241211 0.549788
1 0.257080 0.547140 0.256592 0.548729 0.256104 0.547669 0.255127 0.548199 0.255371 0.551907 0.255127 0.553496 0.254150 0.555085 0.254883 0.556674 0.253906 0.557203 0.253174 0.558792 0.253418 0.560911 0.254150 0.558792 0.255371 0.558263 0.255859 0.558792 0.255615 0.559852 0.256104 0.560911 0.257080 0.560911 0.257080 0.559852 0.255615 0.558263 0.256348 0.556674 0.256104 0.553496 0.256592 0.553496 0.256592 0.551907 0.257324 0.550318
1 0.252441 0.545551 0.250488 0.549788 0.252441 0.549788 0.252930 0.550847 0.252930 0.552436 0.253662 0.552966 0.253174 0.551907 0.254883 0.549788 0.253906 0.548729 0.254639 0.547669 0.253906 0.546610 0.253906 0.549788 0.253418 0.550847 0.252930 0.549258 0.252930 0.546081
1 0.414551 0.544492 0.414062 0.545021 0.414062 0.546081 0.412598 0.546610 0.411865 0.548199 0.412354 0.550318 0.411621 0.550847 0.410889 0.552966 0.410156 0.552966 0.409912 0.550847 0.409668 0.551377 0.410645 0.554555 0.411377 0.553496 0.411621 0.554555 0.414062 0.554025 0.413818 0.551907 0.412842 0.551907 0.412354 0.550847 0.414062 0.550847 0.415039 0.547669
1 0.363770 0.542903 0.363037 0.542903 0.362305 0.544492 0.363281 0.545551 0.363281 0.549788 0.362793 0.550847 0.361816 0.549788 0.361816 0.550847 0.360352 0.551377 0.360352 0.553496 0.361084 0.554025 0.360840 0.553496 0.361572 0.552436 0.362061 0.552436 0.362305 0.553496 0.364014 0.553496 0.364258 0.552436 0.364990 0.552436 0.365479 0.551377 0.364014 0.550847 0.363525 0.549788 0.363525 0.546081 0.364014 0.545021
1 0.359131 0.543962 0.357422 0.542903 0.357422 0.543962 0.356689 0.544492 0.356689 0.545551 0.355225 0.545021 0.355957 0.546610 0.357666 0.546610 0.357910 0.545021 0.358154 0.546081 0.358643 0.546081
1 0.486328 0.545551 0.486328 0.549258 0.487305 0.550847 0.488037 0.549788 0.488281 0.550847 0.488770 0.550847 0.488770 0.549788 0.489502 0.549788 0.489746 0.550847 0.489746 0.546610 0.487793 0.542373
1 0.280762 0.540784 0.278809 0.539725 0.277588 0.541843 0.277100 0.541314 0.277344 0.542903 0.278320 0.544492 0.280762 0.541843
1 0.252197 0.541843 0.252930 0.542903 0.254395 0.542903 0.254150 0.539725 0.253174 0.539725
1 0.508301 0.538136 0.507080 0.538665 0.505859 0.542373 0.504883 0.542903 0.504395 0.544492 0.503906 0.543962 0.504150 0.545021 0.507324 0.545021 0.507568 0.543432 0.508545 0.541843 0.508545 0.540254 0.508057 0.539195
1 0.434570 0.539725 0.434082 0.542903 0.434814 0.542903 0.436768 0.547140 0.437012 0.545551 0.436768 0.546081 0.435791 0.545021 0.435303 0.542903 0.435791 0.541843 0.437012 0.542373 0.437012 0.540784 0.437500 0.539725 0.438721 0.540254 0.438721 0.541314 0.438965 0.540784 0.439697 0.541843 0.439209 0.542373 0.439941 0.543432 0.439453 0.547669 0.440186 0.545551 0.439941 0.545021 0.441162 0.542903 0.440430 0.542373 0.440674 0.538665 0.439697 0.540254 0.439453 0.539195 0.438965 0.539195 0.438721 0.540254 0.437012 0.540254 0.437012 0.537076 0.436279 0.539195
1 0.244141 0.538665 0.245605 0.538665 0.246338 0.540784 0.247070 0.540254 0.248291 0.541843 0.249268 0.541843 0.248779 0.539195 0.249756 0.538665 0.250000 0.540254 0.250244 0.539725 0.250732 0.540784 0.250488 0.537606 0.251221 0.536017 0.248779 0.539195 0.248047 0.539195 0.247559 0.537606 0.245850 0.538136 0.244141 0.536017
1 0.533691 0.542903 0.532471 0.542373 0.532471 0.540254 0.529297 0.541314 0.527100 0.534958 0.523926 0.536017 0.522949 0.539195 0.520752 0.537076 0.520020 0.539195 0.519043 0.536547 0.518555 0.540254 0.517822 0.537076 0.516846 0.539725 0.516846 0.537076 0.515381 0.535487 0.514404 0.541314 0.512695 0.537076 0.513184 0.547140 0.511963 0.549788 0.507812 0.549788 0.509277 0.550847 0.508301 0.559852 0.504883 0.561970 0.504150 0.560381 0.503418 0.561441 0.504150 0.562500 0.502930 0.563559 0.508057 0.561441 0.510010 0.563030 0.510254 0.566208 0.512451 0.565148 0.512451 0.559322 0.511475 0.558792 0.511475 0.552966 0.512207 0.552436 0.512207 0.557733 0.514160 0.559852 0.513672 0.563030 0.515625 0.566737 0.514160 0.570445 0.512207 0.568856 0.515137 0.573623 0.514160 0.576801 0.517822 0.578919 0.519043 0.582097 0.518555 0.579449 0.521240 0.581038 0.521240 0.579449 0.524414 0.578390 0.524414 0.579979 0.524658 0.577331 0.521484 0.579449 0.521240 0.577860 0.517822 0.577331 0.514404 0.569915 0.520264 0.561441 0.522217 0.568856 0.522949 0.566208 0.524170 0.567267 0.523438 0.573093 0.524902 0.567267 0.526611 0.567267 0.525146 0.566208 0.525146 0.563559 0.523682 0.566737 0.521973 0.565678 0.520996 0.560911 0.518066 0.560381 0.515137 0.565148 0.513916 0.560381 0.517822 0.559322 0.517334 0.555614 0.519531 0.556144 0.519775 0.558263 0.518066 0.558263 0.519531 0.558792 0.521973 0.555614 0.522949 0.550847 0.524658 0.554555 0.521973 0.557733 0.526123 0.559322 0.525879 0.557203 0.526855 0.556144 0.526123 0.554555 0.529541 0.551907 0.530518 0.555085 0.530029 0.551377 0.531006 0.546610 0.530029 0.542903 0.531006 0.542373 0.531250 0.545021 0.533447 0.545021
1 0.496582 0.538136 0.495361 0.537606 0.495361 0.534428 0.494629 0.536017 0.494141 0.534958 0.494873 0.533898 0.493652 0.533898 0.493896 0.534428 0.493164 0.537076 0.492676 0.536017 0.491699 0.538665 0.491211 0.541843 0.491943 0.541843 0.492432 0.540254 0.493164 0.541843 0.493652 0.540784 0.494141 0.541314 0.493652 0.540254 0.494873 0.538136
1 0.379883 0.537076 0.380859 0.539725 0.382080 0.540784 0.382568 0.540254 0.382568 0.538665 0.383789 0.538136 0.383789 0.537076 0.383301 0.537076 0.382812 0.535487 0.382568 0.536547 0.381592 0.533898 0.380859 0.533898 0.380371 0.534958 0.380371 0.536547
1 0.227051 0.533898 0.226074 0.533898 0.225830 0.534958 0.226318 0.542903 0.226807 0.536017 0.227295 0.535487
1 0.284912 0.533369 0.284424 0.534428 0.283203 0.534428 0.282715 0.535487 0.282715 0.538665 0.282227 0.539195 0.283203 0.538665 0.285645 0.534958
1 0.230469 0.531780 0.230469 0.538665 0.230957 0.539195 0.230957 0.541843 0.230469 0.542903 0.230957 0.543962 0.231201 0.543432 0.230713 0.537606 0.231689 0.537076 0.232422 0.538136 0.231445 0.533898
1 0.514404 0.530720 0.513184 0.532839 0.513672 0.536547 0.513916 0.535487 0.514893 0.535487 0.515381 0.534428
1 0.238281 0.529661 0.238281 0.530720 0.242432 0.536017 0.243652 0.535487
1 0.200195 0.528602 0.200195 0.532309 0.199463 0.534958 0.199219 0.533898 0.198975 0.536547 0.199463 0.540784 0.199219 0.542903 0.200684 0.541314 0.201172 0.542373 0.201172 0.543432 0.202148 0.545551 0.201904 0.546610 0.201660 0.546081 0.201660 0.549788 0.201904 0.548729 0.202148 0.549258 0.201660 0.553496 0.203125 0.555085 0.204102 0.555085 0.204346 0.554025 0.203857 0.554025 0.203613 0.552966 0.206055 0.551907 0.205811 0.551377 0.206543 0.549788 0.206543 0.547140 0.206055 0.546610 0.204834 0.548199 0.203613 0.547669 0.203125 0.546081 0.202148 0.545021 0.202637 0.543962 0.202881 0.544492 0.204590 0.542903 0.206299 0.544492 0.206543 0.542373 0.206299 0.543432 0.205566 0.541843 0.205811 0.540254 0.204346 0.539725 0.203613 0.538136 0.203369 0.536017 0.202881 0.536547 0.202393 0.535487 0.201660 0.537606 0.201416 0.537076 0.201416 0.538136 0.200928 0.538136 0.200195 0.536547 0.200195 0.535487 0.201660 0.531780 0.200439 0.529131 0.200684 0.528602
1 0.408447 0.526483 0.407715 0.527542 0.407471 0.531250 0.408203 0.531780 0.407959 0.532839 0.407471 0.532309 0.407715 0.533369 0.408447 0.532309 0.408936 0.530191 0.408936 0.532839 0.409668 0.530720 0.409424 0.531250 0.408936 0.530191 0.408936 0.527542
1 0.562256 0.521716 0.561768 0.522246 0.562500 0.523305 0.562256 0.524364 0.561035 0.523305 0.562012 0.528072 0.560547 0.529131 0.560547 0.530720 0.561768 0.533369 0.561768 0.536017 0.561279 0.537606 0.558838 0.533369 0.557617 0.533898 0.557129 0.532839 0.557373 0.531250 0.557861 0.531250 0.555664 0.526483 0.555176 0.528072 0.555420 0.529131 0.556396 0.529131 0.555664 0.530720 0.556396 0.531780 0.556152 0.532309 0.556885 0.532839 0.556641 0.534428 0.556885 0.533898 0.557373 0.535487 0.558105 0.536017 0.558350 0.537076 0.557617 0.537606 0.559814 0.539195 0.559326 0.539725 0.560059 0.539725 0.560547 0.537606 0.562500 0.538136 0.564941 0.533898 0.564453 0.531780 0.564697 0.527542 0.562988 0.524364 0.563477 0.523835
1 0.552490 0.522246 0.552002 0.521186 0.550293 0.521716 0.549316 0.520127 0.549561 0.520657 0.548828 0.522246 0.548584 0.524364 0.548096 0.523305 0.547363 0.523305 0.546631 0.521716 0.546631 0.520657 0.546143 0.521716 0.546875 0.524364 0.546143 0.525424 0.546875 0.525953 0.546631 0.527542 0.547119 0.529661 0.548584 0.526483 0.548340 0.525424 0.548828 0.523835 0.549072 0.524364 0.550049 0.522775 0.550781 0.522775 0.550781 0.524894 0.551758 0.524894 0.551758 0.525953
1 0.419434 0.519068 0.418457 0.519597 0.417969 0.522775 0.417236 0.523835 0.417725 0.525424 0.418457 0.525953 0.418457 0.527013 0.418457 0.525953 0.419189 0.526483 0.419678 0.524894 0.420166 0.525424 0.419922 0.524894 0.420654 0.523305 0.419189 0.520657
1 0.521484 0.518008 0.517822 0.520657 0.516846 0.523305 0.516846 0.525424 0.517578 0.528072 0.519531 0.530191 0.520264 0.530191 0.520264 0.528602 0.519531 0.527013 0.520508 0.524894 0.520508 0.520657 0.520996 0.519597 0.521729 0.519597
1 0.236572 0.528602 0.236572 0.527542 0.235840 0.526483 0.234863 0.522775 0.235107 0.522246 0.234375 0.518008 0.234863 0.521716 0.234863 0.524894 0.234375 0.525953 0.231689 0.525953 0.230225 0.524364 0.230713 0.523305 0.230957 0.523835 0.230713 0.523305 0.229980 0.524364 0.229004 0.524364 0.228760 0.525424 0.227539 0.524894 0.229736 0.525953 0.231445 0.528602 0.230957 0.527013 0.231201 0.526483 0.235352 0.527013
1 0.499268 0.516419 0.499512 0.518538 0.498535 0.519068 0.498291 0.521186 0.497314 0.521186 0.498047 0.522246 0.497559 0.523305 0.497559 0.526483 0.496826 0.528072 0.497070 0.532309 0.497559 0.531780 0.498535 0.534958 0.499756 0.532839 0.500000 0.531250 0.499512 0.530191 0.499756 0.529131 0.498779 0.531250 0.498291 0.529661 0.498291 0.527013 0.499268 0.524894 0.500244 0.524364 0.502930 0.527013 0.503418 0.525953 0.503418 0.523835 0.502930 0.522775 0.503174 0.521186 0.502441 0.521186 0.502441 0.522246 0.501465 0.523305 0.500244 0.522775 0.499756 0.521186 0.500000 0.518538
1 0.399414 0.516419 0.399658 0.516949 0.398438 0.519597 0.398926 0.524364 0.398682 0.524894 0.398193 0.523305 0.397461 0.523305 0.396973 0.524364 0.398193 0.529661 0.399902 0.529661 0.399170 0.530720 0.400391 0.533369 0.400879 0.536017 0.401611 0.536547 0.401855 0.535487 0.402344 0.536017 0.402344 0.534428 0.403320 0.533898 0.403564 0.532309 0.402832 0.529131 0.400391 0.529661 0.399658 0.528072 0.398438 0.527542 0.399170 0.525953 0.399414 0.523835
1 0.431152 0.512182 0.430664 0.516949 0.430420 0.513771 0.429688 0.512712 0.429688 0.516419 0.431396 0.516949 0.429688 0.518008 0.429688 0.520657 0.431396 0.521716 0.431885 0.523835 0.430908 0.524364 0.431152 0.525953 0.431885 0.524894 0.433838 0.528072 0.433350 0.531250 0.431396 0.533898 0.431152 0.530720 0.432617 0.530191 0.431152 0.527013 0.431396 0.528072 0.430664 0.529131 0.431152 0.531250 0.429688 0.531780 0.430420 0.524364 0.429443 0.524894 0.428711 0.522246 0.429199 0.525424 0.428711 0.528072 0.426270 0.531250 0.427002 0.534958 0.428223 0.534428 0.428223 0.536547 0.429199 0.537076 0.428711 0.542903 0.426025 0.547669 0.425293 0.546610 0.424316 0.548199 0.425049 0.548199 0.425293 0.550318 0.427734 0.550847 0.426758 0.555614 0.427246 0.558792 0.427490 0.557203 0.426758 0.555614 0.427734 0.553496 0.429688 0.557203 0.429688 0.560911 0.428223 0.561441 0.429199 0.562500 0.429199 0.565678 0.428223 0.565678 0.428711 0.567267 0.429443 0.564619 0.429688 0.567797 0.429932 0.564089 0.431152 0.568326 0.430176 0.572034 0.429443 0.570975 0.429199 0.576271 0.430664 0.576271 0.430664 0.582627 0.431152 0.583157 0.430664 0.586864 0.433105 0.587394 0.433350 0.584746 0.432617 0.584746 0.431396 0.581038 0.432373 0.576271 0.431641 0.566208 0.432129 0.564089 0.432617 0.564619 0.432129 0.564089 0.432617 0.561970 0.433594 0.562500 0.434326 0.560911 0.431885 0.559852 0.432373 0.558792 0.432373 0.548729 0.431396 0.545551 0.432373 0.544492 0.431641 0.543432 0.432373 0.542903 0.431641 0.540784 0.432373 0.535487 0.431885 0.536017 0.431396 0.534428 0.431885 0.532839 0.433350 0.533369 0.433105 0.531780 0.435059 0.527542 0.431396 0.522246 0.431885 0.519068 0.432617 0.518538 0.431396 0.516419
1 0.510498 0.512712 0.510254 0.514831 0.510742 0.515890 0.510986 0.514301 0.511963 0.517479 0.513184 0.516419 0.514160 0.518538 0.514160 0.520127 0.514893 0.520127 0.514893 0.519068 0.515869 0.518008 0.516113 0.515360 0.515869 0.515890 0.515381 0.514831 0.515869 0.514301 0.515381 0.514831 0.515137 0.516949 0.514160 0.514831 0.513184 0.515360 0.512939 0.513242 0.512695 0.513771 0.512207 0.511653 0.511719 0.512712 0.511230 0.512182 0.511475 0.511653
1 0.367432 0.511653 0.366943 0.513771 0.365723 0.514301 0.366699 0.516419 0.366211 0.516949 0.366211 0.518538 0.366699 0.519068 0.366699 0.520127 0.366211 0.520657 0.366699 0.521186 0.367188 0.519597 0.367920 0.519597 0.367920 0.516949 0.368408 0.516419 0.368408 0.513771
1 0.232910 0.511123 0.228516 0.516419 0.230225 0.517479 0.231689 0.513242 0.232666 0.512182 0.232910 0.512712
1 0.553467 0.512712 0.552246 0.510593 0.551514 0.512712 0.549805 0.511653 0.549561 0.515360 0.550293 0.515890 0.549805 0.514831 0.550049 0.513771 0.551514 0.515360 0.551758 0.516949 0.552002 0.515890 0.553223 0.516419 0.552979 0.513771
1 0.260742 0.509534 0.260254 0.510593 0.260986 0.510593 0.261475 0.512712 0.263184 0.515890 0.263672 0.514831 0.263916 0.512182 0.263184 0.513242 0.261719 0.509004
1 0.537354 0.510064 0.538086 0.512182 0.539062 0.513242 0.540283 0.512712 0.540039 0.508475 0.538574 0.508475 0.538818 0.509534 0.538330 0.510593 0.537842 0.509534
1 0.411133 0.505826 0.409180 0.506356 0.408691 0.508475 0.408936 0.510593 0.409424 0.510593 0.409424 0.509004 0.411133 0.506886
1 0.197021 0.504767 0.197510 0.507415 0.200195 0.508475 0.199463 0.510593 0.199951 0.512712 0.200684 0.507945 0.201172 0.507945 0.200684 0.507415 0.200195 0.508475 0.199951 0.507415 0.200439 0.506356 0.199463 0.505826 0.199219 0.504767
1 0.513672 0.504237 0.513428 0.505297 0.514160 0.506886 0.514160 0.507945 0.513184 0.509534 0.512451 0.507945 0.512207 0.510064 0.512939 0.510064 0.513672 0.511653 0.514404 0.510064 0.514404 0.509004 0.515381 0.508475 0.515381 0.506356
1 0.497070 0.504237 0.497559 0.506886 0.495117 0.509004 0.495850 0.510593 0.496094 0.518538 0.496094 0.515890 0.496582 0.514831 0.496826 0.515360 0.496826 0.513771 0.497559 0.512182 0.498047 0.513242 0.498047 0.507945 0.499023 0.507415 0.499512 0.508475 0.498779 0.506886 0.498047 0.507415
1 0.618164 0.501059 0.617432 0.501059 0.616455 0.502648 0.615967 0.501589 0.616211 0.501059 0.615723 0.501589 0.615967 0.502119 0.615234 0.503708 0.615723 0.505826 0.613770 0.508475 0.614746 0.509534 0.614746 0.511123 0.615479 0.510593 0.615234 0.510064 0.615723 0.507945 0.615967 0.508475 0.616455 0.506886 0.616699 0.507415 0.616455 0.506886 0.616943 0.504767 0.617920 0.503708
1 0.525391 0.506886 0.524170 0.504237 0.523682 0.501059 0.522949 0.503178 0.522705 0.502119 0.521973 0.502119 0.521729 0.503178 0.520264 0.503178 0.520264 0.504237 0.520996 0.505297 0.520996 0.506886 0.521729 0.506886 0.521973 0.505826 0.523926 0.505826
1 0.527344 0.501059 0.527344 0.505826 0.525879 0.507415 0.525635 0.508475 0.527100 0.510064 0.528076 0.509004 0.530029 0.512182 0.529297 0.513771 0.529785 0.515360 0.529297 0.518008 0.528320 0.518008 0.528320 0.519068 0.529297 0.520657 0.530518 0.521186 0.531982 0.518538 0.532471 0.519068 0.532959 0.518008 0.533936 0.519597 0.533691 0.522246 0.534912 0.520127 0.535156 0.520657 0.535156 0.519597 0.536133 0.517479 0.534912 0.517479 0.533936 0.516419 0.533447 0.516949 0.532715 0.515890 0.532959 0.511653 0.533691 0.511653 0.534424 0.510064 0.535156 0.510593 0.535889 0.509004 0.535889 0.506356 0.535400 0.506356 0.535400 0.507945 0.534668 0.507415 0.534668 0.505826 0.535645 0.504237 0.534912 0.501589 0.534912 0.503178 0.534180 0.504237 0.533691 0.502119 0.531006 0.501589 0.529785 0.503708 0.529297 0.505826 0.528320 0.505826 0.528320 0.501059
1 0.499023 0.501059 0.499756 0.502648 0.500244 0.502648 0.500732 0.501589 0.501465 0.501589 0.501709 0.500530 0.500000 0.498941
1 0.485840 0.500000 0.485840 0.504767 0.486328 0.506886 0.488037 0.505826 0.488037 0.504237 0.488525 0.503708 0.488770 0.505826 0.489990 0.505826 0.490723 0.507945 0.490234 0.510064 0.489990 0.508475 0.489746 0.509534 0.489014 0.509004 0.488037 0.510064 0.487793 0.508475 0.487305 0.509534 0.486816 0.508475 0.486084 0.508475 0.485840 0.512182 0.487549 0.509004 0.488037 0.510064 0.488037 0.512182 0.489258 0.509004 0.489258 0.512182 0.489990 0.515360 0.490479 0.515360 0.490967 0.513771 0.490967 0.509004 0.491943 0.508475 0.491455 0.505826 0.492676 0.504237 0.492676 0.501059 0.493164 0.500530 0.491699 0.500000 0.491699 0.501589 0.491211 0.502119 0.490723 0.505826 0.490234 0.506356 0.489990 0.501059 0.489502 0.500000 0.490723 0.499470 0.490967 0.497881 0.489990 0.499470 0.489746 0.497881 0.489014 0.500000 0.488281 0.500000 0.488037 0.501059 0.487793 0.499470 0.487305 0.504767 0.486816 0.504237 0.486816 0.500000
1 0.505371 0.497881 0.505127 0.498941 0.506348 0.503178 0.506592 0.505826 0.506348 0.508475 0.504639 0.506356 0.505371 0.507415 0.505371 0.508475 0.505859 0.509004 0.506592 0.507945 0.506836 0.509004 0.506348 0.510064 0.506836 0.509004 0.507568 0.510064 0.508057 0.507945 0.508301 0.509004 0.509521 0.509534 0.509521 0.508475 0.510254 0.508475 0.510010 0.506886 0.509033 0.505826 0.509766 0.503708 0.510254 0.504237 0.510742 0.507945 0.511475 0.507945 0.511475 0.506356 0.510498 0.505826 0.510498 0.500000 0.510010 0.500000 0.509766 0.498941 0.508301 0.498941 0.507568 0.500000 0.507324 0.496822 0.505859 0.498411
1 0.534668 0.494703 0.533447 0.496822 0.533203 0.498941 0.533936 0.498411 0.535400 0.501589 0.535645 0.501059 0.535156 0.500530 0.536133 0.499470 0.536133 0.497352 0.535400 0.495233
1 0.371094 0.498941 0.371582 0.499470 0.372070 0.497352 0.372314 0.498411 0.373291 0.496822 0.375244 0.498941 0.376221 0.498941 0.376709 0.497352 0.375488 0.496822 0.375488 0.495233 0.374023 0.494703 0.373535 0.493644 0.374023 0.492585 0.373291 0.491525 0.373291 0.492585 0.372314 0.494174 0.372803 0.495763 0.371338 0.496292
1 0.231445 0.495233 0.230225 0.494174 0.230469 0.490466 0.229736 0.492585 0.229492 0.492055 0.229248 0.493644 0.227783 0.493644 0.226562 0.492585 0.224609 0.494703 0.223145 0.494703 0.221924 0.493644 0.221680 0.494174 0.222168 0.495233 0.223389 0.495233 0.223633 0.497352 0.224609 0.497881 0.224365 0.500000 0.222900 0.500000 0.224854 0.502119 0.224854 0.500530 0.225586 0.499470 0.227783 0.500000 0.227051 0.497881 0.226562 0.497881 0.225830 0.496292 0.226318 0.494174 0.229736 0.493114 0.229980 0.495233
1 0.478271 0.491525 0.477539 0.490996 0.477783 0.489936 0.475830 0.492055 0.475830 0.493644 0.475098 0.493644 0.474609 0.494703 0.474121 0.494174 0.474365 0.493114 0.473389 0.493114 0.473145 0.494703 0.472412 0.494703 0.472168 0.493644 0.471436 0.494703 0.471680 0.497352 0.471191 0.497881 0.471191 0.498941 0.471924 0.498411 0.472656 0.500000 0.473145 0.499470 0.473877 0.500530 0.474121 0.502119 0.474365 0.501059 0.475098 0.501059 0.475098 0.500000 0.474121 0.498411 0.473877 0.496822 0.474609 0.495763 0.475830 0.497352 0.475830 0.495763 0.476562 0.494174 0.478027 0.495233 0.478271 0.493644 0.477783 0.493114
1 0.592773 0.489407 0.592285 0.490466 0.592773 0.491525 0.592773 0.495233 0.593262 0.495763 0.592773 0.496292 0.594238 0.496292 0.594482 0.495233 0.594727 0.496292 0.595215 0.496292 0.595459 0.495233 0.594727 0.492055 0.593750 0.491525 0.593506 0.489407
1 0.610596 0.493644 0.609375 0.493644 0.608887 0.492585 0.609375 0.490466 0.608398 0.488347 0.607422 0.488877 0.607422 0.491525 0.606689 0.492585 0.606689 0.493644 0.605469 0.494703 0.605957 0.496292 0.605225 0.497881 0.604492 0.496822 0.603027 0.497352 0.603271 0.498411 0.605469 0.498411 0.606201 0.500000 0.602051 0.500000 0.602295 0.502119 0.604004 0.503708 0.604980 0.501589 0.605713 0.501589 0.607666 0.503708 0.607910 0.504767 0.607422 0.505297 0.609619 0.505826 0.610352 0.498941 0.609131 0.498941 0.607666 0.496822 0.608398 0.494174 0.609863 0.495763 0.610596 0.494703
1 0.412598 0.489407 0.412842 0.490466 0.412109 0.490996 0.412842 0.490466 0.413086 0.492055 0.412109 0.493644 0.413330 0.493644 0.413818 0.494703 0.413574 0.495233 0.413818 0.494703 0.414795 0.496292 0.414062 0.496822 0.414062 0.500000 0.414307 0.498941 0.415527 0.501059 0.415527 0.502648 0.414551 0.503708 0.415039 0.504767 0.415283 0.503708 0.416016 0.505297 0.415527 0.506356 0.415771 0.505826 0.416992 0.508475 0.416992 0.511123 0.416016 0.512182 0.416992 0.512712 0.416992 0.511123 0.418701 0.511123 0.418945 0.513242 0.419434 0.513771 0.419434 0.516419 0.420410 0.518008 0.420166 0.520127 0.420654 0.518538 0.421631 0.517479 0.421875 0.519597 0.425537 0.519597 0.425781 0.520657 0.426514 0.520657 0.426758 0.519597 0.427979 0.519597 0.428467 0.520657 0.427979 0.516949 0.428955 0.516419 0.428955 0.510593 0.429443 0.510064 0.429199 0.509534 0.427979 0.512712 0.427979 0.510593 0.427490 0.509534 0.426514 0.512712 0.423340 0.510593 0.422852 0.508475 0.421387 0.507945 0.421631 0.506886 0.423340 0.506886 0.424072 0.505297 0.422607 0.504767 0.422119 0.503178 0.422852 0.501589 0.423340 0.498411 0.421875 0.496292 0.420898 0.496292 0.420410 0.497352 0.420410 0.501589 0.419678 0.503178 0.418945 0.503178 0.418701 0.501059 0.418457 0.501589 0.417236 0.500000 0.416748 0.501059 0.415771 0.499470 0.416504 0.497352 0.417725 0.497352 0.417725 0.496292 0.418945 0.494703 0.418213 0.494703 0.417725 0.492585 0.416992 0.491525 0.416260 0.492055 0.415283 0.490466 0.414062 0.490466 0.413086 0.488347
1 0.613281 0.490996 0.613770 0.495233 0.616699 0.496822 0.617920 0.494703 0.618164 0.495763 0.617676 0.497352 0.618896 0.498941 0.620605 0.498941 0.618652 0.501059 0.618652 0.503708 0.619629 0.504237 0.620605 0.503178 0.621094 0.500530 0.623291 0.500530 0.622070 0.497881 0.622559 0.497352 0.622559 0.495233 0.620605 0.491525 0.618408 0.491525 0.616943 0.493644 0.615479 0.493114 0.615479 0.490996 0.616943 0.488347 0.616943 0.487288 0.616211 0.486229 0.615479 0.486229 0.614990 0.489407 0.614014 0.491525
1 0.537354 0.486758 0.537598 0.487818 0.540039 0.489936 0.540771 0.489936 0.541016 0.488877 0.541260 0.489936 0.541748 0.489407 0.541748 0.487288 0.540527 0.487288 0.540039 0.486229 0.539795 0.486758 0.539062 0.484640 0.538330 0.485699 0.537842 0.485169 0.538086 0.485699
1 0.448975 0.488347 0.448975 0.487288 0.447754 0.486229 0.447266 0.484640 0.447510 0.484110 0.447266 0.484640 0.447021 0.483581 0.445557 0.484640 0.445557 0.486229 0.445068 0.485169 0.443848 0.485169 0.443604 0.484110 0.442871 0.484110 0.442627 0.485169 0.441650 0.484640 0.441650 0.486229 0.442383 0.487818 0.442383 0.488877 0.443604 0.488877 0.443604 0.490996 0.444336 0.492585 0.444824 0.492585 0.444336 0.490466 0.444824 0.489407 0.446289 0.490466 0.446533 0.488877 0.447021 0.489936 0.447266 0.488877 0.448242 0.489407
1 0.566650 0.481992 0.565918 0.482521 0.565430 0.480932 0.564941 0.481992 0.565674 0.483051 0.565430 0.484110 0.564941 0.484110 0.564209 0.485699 0.561768 0.485169 0.561768 0.486229 0.562988 0.488347 0.563965 0.486758 0.564697 0.489407 0.564453 0.486758 0.565674 0.484640 0.565918 0.487288
1 0.315918 0.480932 0.314941 0.482521 0.314453 0.486229 0.315430 0.484640 0.316406 0.485699 0.316162 0.484640 0.316650 0.482521
1 0.226074 0.481462 0.231689 0.485169 0.231689 0.481992 0.231201 0.480932 0.230469 0.480932 0.229980 0.483051 0.228760 0.480403 0.227295 0.480403
1 0.519531 0.479873 0.519531 0.481992 0.520752 0.483051 0.520508 0.487288 0.520264 0.487818 0.519775 0.486229 0.519287 0.486758 0.519531 0.488877 0.520996 0.488877 0.520996 0.489936 0.520020 0.490466 0.519775 0.491525 0.519531 0.490996 0.519531 0.492055 0.520020 0.490996 0.521973 0.490996 0.523193 0.494703 0.522949 0.495233 0.523193 0.494703 0.523682 0.495763 0.523682 0.493644 0.524658 0.492585 0.524170 0.488347 0.523682 0.487288 0.525635 0.487288 0.526611 0.485699 0.525146 0.486229 0.524658 0.485169 0.523926 0.485169 0.523682 0.482521 0.523193 0.481462 0.522705 0.481462 0.522705 0.482521 0.521729 0.483581 0.520752 0.480932
1 0.518799 0.487288 0.518799 0.484640 0.517822 0.483581 0.518311 0.482521 0.517822 0.481462 0.519043 0.480932 0.519043 0.479343 0.517822 0.480932 0.514648 0.481462 0.515625 0.483051 0.515869 0.484640 0.516602 0.485169 0.516602 0.486758 0.518066 0.485699
1 0.478027 0.479873 0.477539 0.479343 0.476807 0.479873 0.476318 0.481462 0.475830 0.480932 0.476318 0.483051 0.476074 0.485699 0.477051 0.485699 0.478271 0.483581
1 0.422119 0.478284 0.421631 0.479873 0.422119 0.481462 0.423828 0.480403 0.424072 0.478814 0.425049 0.481462 0.425537 0.481462 0.425049 0.483051 0.424805 0.482521 0.424805 0.485699 0.425293 0.486229 0.425293 0.487818 0.424805 0.488347 0.424316 0.491525 0.423828 0.492585 0.421875 0.492585 0.421631 0.491525 0.421875 0.495233 0.422607 0.494703 0.423828 0.496292 0.424316 0.503708 0.425537 0.502648 0.425781 0.499470 0.426514 0.499470 0.426758 0.502648 0.428711 0.505297 0.428711 0.507945 0.429199 0.507945 0.429688 0.505826 0.430176 0.505826 0.430908 0.508475 0.431641 0.506886 0.433350 0.507945 0.433350 0.506356 0.432861 0.507415 0.432129 0.506886 0.433105 0.503708 0.432129 0.503178 0.431641 0.504767 0.430420 0.501589 0.430420 0.500000 0.430908 0.499470 0.430420 0.498411 0.430420 0.496822 0.430908 0.496292 0.430420 0.493644 0.431152 0.493114 0.433105 0.494703 0.433594 0.492055 0.434326 0.493114 0.435059 0.491525 0.436279 0.494174 0.436768 0.493644 0.436035 0.491525 0.436279 0.490466 0.434814 0.487818 0.435059 0.483581 0.434570 0.481992 0.433350 0.480932 0.433350 0.484110 0.434326 0.486758 0.433594 0.488347 0.434082 0.488877 0.433594 0.492055 0.432861 0.492585 0.432373 0.490996 0.431885 0.491525 0.431641 0.489936 0.431396 0.490466 0.430908 0.489407 0.431152 0.488877 0.430176 0.489407 0.429443 0.487818 0.429443 0.486229 0.429932 0.485699 0.429443 0.481992 0.429932 0.481462 0.430176 0.483581 0.431152 0.484640 0.431396 0.481992 0.430664 0.481992 0.430420 0.480932 0.431641 0.480932 0.431396 0.479873 0.430664 0.479873 0.430420 0.480932 0.429199 0.479873 0.428467 0.480932 0.426758 0.480932 0.426514 0.479873 0.425293 0.479343 0.425049 0.481462 0.424805 0.479343
1 0.531494 0.478284 0.530762 0.477225 0.530029 0.477225 0.529297 0.478814 0.528320 0.477754 0.529053 0.480403 0.528076 0.480932 0.529053 0.481462 0.529297 0.480403 0.530029 0.480403 0.530029 0.479343
1 0.489746 0.477225 0.489258 0.477754 0.489258 0.478814 0.489990 0.479343 0.489990 0.480932 0.488770 0.480932 0.488525 0.478814 0.487549 0.480932 0.486816 0.480932 0.486816 0.482521 0.487549 0.483051 0.486816 0.483581 0.487061 0.484640 0.488037 0.484110 0.490479 0.485169 0.490967 0.484110 0.490479 0.482521 0.490967 0.481992 0.490967 0.480932 0.489746 0.478284
1 0.338379 0.478284 0.337402 0.476695 0.335938 0.479873 0.337402 0.480932
1 0.564941 0.474047 0.563965 0.476165 0.563965 0.480403 0.565430 0.479343 0.565186 0.478284 0.565674 0.476695 0.564697 0.475106
1 0.541504 0.472987 0.539551 0.476165 0.540527 0.477754 0.541504 0.476695 0.541748 0.477225 0.541016 0.480403 0.541748 0.479343 0.541992 0.474047
1 0.400391 0.473517 0.399902 0.472987 0.398682 0.475636 0.397461 0.475636 0.396729 0.477754 0.399414 0.477754 0.399414 0.476695 0.398682 0.475636 0.400146 0.475106
1 0.322510 0.474047 0.323486 0.476165 0.324463 0.476165 0.325928 0.477754 0.327881 0.477754 0.330566 0.481462 0.330322 0.481992 0.328857 0.480932 0.327881 0.483051 0.328369 0.484110 0.329102 0.482521 0.330322 0.482521 0.330566 0.481462 0.330811 0.481992 0.330566 0.480403 0.331299 0.478284 0.329590 0.475106 0.329346 0.475636 0.328857 0.474047 0.327148 0.474047 0.325684 0.475106 0.324707 0.472987 0.322998 0.472987
1 0.464111 0.474576 0.463379 0.474576 0.462891 0.472458 0.462646 0.473517 0.460938 0.474576 0.460938 0.477225 0.461914 0.477225 0.461914 0.474047 0.462891 0.476165 0.463623 0.476165
1 0.383545 0.474576 0.384033 0.474576 0.384277 0.476165 0.386230 0.475106 0.385986 0.473517 0.384766 0.471398 0.384766 0.472987
1 0.482666 0.469280 0.481934 0.471398 0.482910 0.472987 0.481934 0.474047 0.481689 0.475636 0.482178 0.476695 0.483154 0.475636 0.484619 0.478284 0.485352 0.478284 0.485596 0.472987 0.484863 0.473517 0.484375 0.470869 0.483154 0.470869
1 0.426514 0.470339 0.425049 0.468750 0.423340 0.471928 0.423584 0.471398 0.424072 0.473517 0.425049 0.471928 0.425537 0.472987 0.426270 0.472987 0.426025 0.471398
1 0.446289 0.468220 0.445801 0.468220 0.446533 0.468750 0.445801 0.469280 0.445557 0.472458 0.444092 0.473517 0.442383 0.469809 0.441895 0.469809 0.441650 0.471398 0.442139 0.471928 0.441406 0.472458 0.441406 0.475106 0.440918 0.475636 0.440674 0.474576 0.439941 0.474576 0.440918 0.477225 0.441650 0.475636 0.442383 0.479873 0.442871 0.479873 0.442139 0.476695 0.442383 0.476165 0.444580 0.477754 0.445312 0.475636 0.446045 0.477225 0.446045 0.478814 0.445557 0.479873 0.444580 0.478814 0.444580 0.479873 0.443359 0.482521 0.447021 0.482521 0.447266 0.480403 0.447998 0.482521 0.448730 0.481462 0.447510 0.479873 0.448242 0.477754 0.448730 0.478284 0.447998 0.477225 0.448242 0.474576 0.447510 0.472458 0.447754 0.471928 0.447266 0.469809
1 0.313965 0.475106 0.312256 0.471928 0.311768 0.468220 0.310791 0.470339 0.308594 0.470339 0.307373 0.472987 0.307861 0.473517 0.307617 0.474047 0.306641 0.474047 0.307617 0.475636 0.309082 0.476165 0.310303 0.478814 0.311279 0.478284 0.311035 0.474576 0.310547 0.474047 0.310547 0.470869 0.311523 0.472987 0.311523 0.474576 0.312744 0.475636
1 0.586182 0.466631 0.585449 0.467161 0.584473 0.470339 0.585449 0.470869 0.586670 0.468220
1 0.224609 0.463983 0.224365 0.465572 0.225098 0.466102 0.224609 0.467161 0.224609 0.469280 0.225098 0.470339 0.225098 0.472458 0.225586 0.472458 0.226562 0.470339 0.226318 0.469809 0.226807 0.468750 0.226807 0.466631 0.225586 0.463983
1 0.471436 0.461864 0.464355 0.487818 0.449219 0.477225 0.453857 0.510593 0.440430 0.508475 0.458008 0.524364 0.448730 0.549788 0.456055 0.677436 0.449707 0.636123 0.438232 0.661017 0.443115 0.636653 0.430176 0.620763 0.431396 0.652542 0.416992 0.638771 0.427490 0.688030 0.413818 0.683792 0.405518 0.636653 0.411133 0.685381 0.401611 0.664725 0.407959 0.689619 0.394775 0.683263 0.405029 0.593220 0.420410 0.582627 0.384277 0.584746 0.398438 0.546081 0.378418 0.546610 0.374023 0.570975 0.404297 0.609110 0.381348 0.651483 0.395996 0.716102 0.421143 0.730403 0.443115 0.793962 0.452881 0.777542 0.442139 0.757945 0.449463 0.720869 0.444092 0.736758 0.439697 0.677966 0.452148 0.676907 0.458496 0.729343 0.449707 0.750000 0.469482 0.759534 0.485352 0.662076 0.476318 0.638771 0.494629 0.611758 0.483643 0.593220 0.496582 0.609640 0.505127 0.575212 0.481689 0.556674 0.483154 0.521716 0.495361 0.515890 0.478516 0.505826 0.473145 0.542373 0.469971 0.511653 0.456787 0.507945 0.468506 0.507945
1 0.222412 0.460805 0.221191 0.461335 0.221191 0.464513 0.222412 0.462394 0.222656 0.465042 0.222168 0.466102 0.219727 0.466102 0.219482 0.467161 0.218750 0.467161 0.218506 0.466102 0.217285 0.466102 0.216797 0.462924 0.216309 0.463983 0.216309 0.465572 0.215820 0.466102 0.216309 0.469809 0.215088 0.471928 0.217041 0.471928 0.217041 0.469280 0.217773 0.467691 0.220703 0.468750 0.221924 0.467161 0.222656 0.465042
1 0.584717 0.458157 0.584229 0.460805 0.583496 0.461864 0.583496 0.463453 0.582031 0.464513 0.581299 0.466631 0.581787 0.468220 0.581543 0.468750 0.582275 0.467691 0.583008 0.467691 0.583252 0.468220 0.582764 0.468750 0.583496 0.468750 0.584961 0.465572 0.584961 0.462394 0.584473 0.460805
1 0.458008 0.458157 0.456787 0.459216 0.458008 0.458686 0.458252 0.459746 0.456543 0.461864 0.457031 0.462394 0.456543 0.465042 0.457520 0.466102 0.458252 0.465572 0.457764 0.464513 0.457764 0.462924 0.458496 0.462394 0.458008 0.460275 0.458252 0.459746 0.459229 0.461335 0.459229 0.459746
1 0.302490 0.458157 0.300537 0.458157 0.300537 0.459216 0.298828 0.462394 0.299805 0.463983 0.299561 0.464513 0.300049 0.464513 0.299805 0.463983 0.300537 0.462924 0.302246 0.462924 0.301758 0.460805 0.302246 0.460275 0.302246 0.459216 0.302734 0.459216
1 0.291992 0.457097 0.290527 0.458157 0.291016 0.459746 0.290527 0.460275 0.291260 0.461335 0.292725 0.458686
1 0.461914 0.456568 0.461426 0.457097 0.461914 0.461335 0.461182 0.463453 0.461670 0.463453 0.461914 0.462394 0.462158 0.462924 0.463623 0.461864 0.463623 0.460805 0.462646 0.459746 0.462646 0.458157
1 0.395752 0.456568 0.394531 0.457097 0.394287 0.460275 0.393066 0.462924 0.393311 0.463453 0.392822 0.465042 0.391846 0.463983 0.391846 0.465042 0.392578 0.465572 0.394043 0.469280 0.393799 0.469809 0.395264 0.469280 0.395020 0.468750 0.395752 0.467161 0.395264 0.466102 0.396240 0.464513 0.394775 0.463453 0.394775 0.458686
1 0.510254 0.453919 0.510986 0.456038 0.510498 0.458157 0.511719 0.459746 0.511719 0.462924 0.512207 0.464513 0.513916 0.461864 0.513428 0.462394 0.511719 0.459746 0.510986 0.454449
1 0.335938 0.449682 0.333252 0.452331 0.333252 0.453390 0.333984 0.454979 0.333008 0.455508 0.333008 0.459216 0.332520 0.459216 0.332275 0.460275 0.332275 0.467161 0.331299 0.469280 0.330078 0.469280 0.329590 0.468220 0.329590 0.471928 0.329834 0.468750 0.330566 0.471928 0.332275 0.470869 0.333984 0.465042 0.336670 0.461864 0.335938 0.459216 0.335693 0.460275 0.333252 0.457097 0.333496 0.456038 0.334717 0.456038 0.336670 0.452860
1 0.505127 0.449153 0.505371 0.451801 0.506104 0.452331 0.506836 0.455508 0.508545 0.459216 0.508545 0.454449 0.507568 0.454449 0.508301 0.452331 0.507568 0.451801 0.507080 0.449682 0.506592 0.449682 0.506592 0.451271 0.506104 0.452331 0.506104 0.449682
1 0.489014 0.448623 0.489502 0.450742 0.488281 0.451801 0.487793 0.453919 0.487061 0.453919 0.486572 0.454979 0.486572 0.458686 0.488037 0.459216 0.489502 0.461864 0.489990 0.465042 0.490234 0.464513 0.490723 0.466631 0.489990 0.466631 0.489746 0.467691 0.489990 0.470869 0.490967 0.471398 0.491943 0.470339 0.492432 0.468750 0.492188 0.467691 0.492676 0.460275 0.492188 0.459216 0.491943 0.460275 0.491455 0.459746 0.490967 0.457627 0.491455 0.457097 0.491455 0.455508 0.490967 0.454979 0.490967 0.452331 0.489746 0.449153
1 0.577393 0.444915 0.576904 0.444915 0.576172 0.447564 0.576172 0.449153 0.576660 0.449682 0.576172 0.452860 0.575439 0.453919 0.573730 0.454449 0.573242 0.455508 0.573242 0.457097 0.573730 0.457627 0.573242 0.458157 0.574707 0.457097 0.574951 0.457627 0.574219 0.459216 0.574219 0.460805 0.575195 0.461335 0.576172 0.463453 0.575439 0.467161 0.575684 0.465572 0.577881 0.463983 0.578369 0.460805 0.579346 0.458686 0.579590 0.459216 0.579590 0.458157 0.580322 0.458157 0.580078 0.457627 0.581787 0.453390 0.578369 0.452331 0.578125 0.450742 0.577148 0.450742 0.576904 0.449682 0.577881 0.449153
1 0.511963 0.445975 0.512451 0.447564 0.511719 0.449153 0.511963 0.450742 0.513428 0.450742 0.514160 0.452331 0.513672 0.452860 0.514160 0.454979 0.514893 0.453919 0.515625 0.455508 0.516357 0.454449 0.517334 0.456568 0.518066 0.457097 0.518311 0.456038 0.518799 0.458157 0.520020 0.457627 0.519531 0.455508 0.520020 0.454449 0.520996 0.456568 0.520508 0.458686 0.521729 0.460805 0.522705 0.460275 0.523438 0.458686 0.521729 0.456038 0.521729 0.452860 0.521240 0.453390 0.520996 0.455508 0.519531 0.452860 0.519043 0.453390 0.519043 0.451801 0.518311 0.449682 0.517578 0.449682 0.516357 0.452331 0.515625 0.452331 0.514893 0.450212 0.513672 0.448623 0.513672 0.443856 0.512939 0.444915 0.512939 0.445975
1 0.430420 0.443856 0.430176 0.444386 0.429199 0.442797 0.428711 0.443856 0.427734 0.443856 0.428467 0.444386 0.429199 0.446504 0.428467 0.447564 0.428711 0.448623 0.429443 0.447034 0.429932 0.447564 0.430664 0.445445 0.430176 0.444386
1 0.273682 0.441208 0.271973 0.445975 0.272461 0.447564 0.274170 0.443856
1 0.564697 0.439089 0.564941 0.440148 0.564453 0.442267 0.565674 0.445975 0.567139 0.447034 0.567383 0.448093 0.566650 0.451271 0.564941 0.448093 0.565430 0.450742 0.564941 0.451801 0.565430 0.454979 0.564209 0.456038 0.562744 0.453919 0.562988 0.454979 0.562256 0.456038 0.562012 0.455508 0.562256 0.456038 0.561523 0.456568 0.561279 0.458157 0.564209 0.459746 0.564697 0.460805 0.564453 0.462394 0.565918 0.466102 0.566895 0.463453 0.566650 0.461335 0.567383 0.459746 0.567871 0.460275 0.567871 0.457627 0.569580 0.454449 0.569824 0.456568 0.570312 0.456568 0.570557 0.455508 0.570801 0.456038 0.571045 0.453919 0.571777 0.454449 0.571533 0.453919 0.572021 0.452860 0.572266 0.453390 0.572021 0.452860 0.572754 0.451801 0.572754 0.449153 0.572021 0.446504 0.571533 0.447564 0.567139 0.446504 0.566162 0.444386 0.567139 0.441737
1 0.562256 0.439089 0.561768 0.439089 0.561035 0.441208 0.559570 0.440678 0.560059 0.442267 0.560791 0.442797 0.560303 0.443856 0.560547 0.444386 0.562256 0.442267 0.561768 0.441208
1 0.310547 0.439619 0.310547 0.440678 0.312012 0.442797 0.314209 0.441737 0.315186 0.440148 0.314209 0.439089 0.312988 0.439619 0.312744 0.440678 0.311523 0.439089 0.312256 0.438559 0.311035 0.438559
1 0.538818 0.441208 0.537598 0.440678 0.536377 0.438030 0.535156 0.438030 0.533936 0.440148 0.533447 0.443856 0.532471 0.443856 0.531982 0.445445 0.530518 0.444915 0.531494 0.446504 0.531738 0.449153 0.533203 0.447034 0.533691 0.447564 0.532471 0.449682 0.532227 0.453919 0.531738 0.454449 0.531006 0.453390 0.531494 0.453919 0.529785 0.454449 0.529541 0.456038 0.527344 0.458686 0.527344 0.462924 0.527588 0.461864 0.527832 0.463983 0.527344 0.464513 0.526855 0.461864 0.526611 0.462924 0.525879 0.462924 0.524658 0.465572 0.524902 0.468220 0.523682 0.468750 0.522461 0.471398 0.522217 0.469280 0.521240 0.468750 0.521484 0.467691 0.522217 0.467691 0.522217 0.466631 0.521484 0.466102 0.521729 0.463983 0.519531 0.466102 0.519531 0.467161 0.518311 0.468750 0.518311 0.474047 0.519531 0.476695 0.519531 0.478284 0.520996 0.479343 0.521240 0.476695 0.521973 0.476165 0.523193 0.480403 0.524170 0.480403 0.524414 0.481462 0.524902 0.480403 0.525391 0.481992 0.527100 0.479873 0.526855 0.477225 0.525146 0.474576 0.526855 0.474047 0.527100 0.468220 0.527588 0.467161 0.528809 0.467691 0.528564 0.466631 0.529053 0.465042 0.530762 0.465042 0.532471 0.469809 0.532471 0.471398 0.533691 0.467691 0.531494 0.462924 0.531982 0.461864 0.532959 0.462924 0.533203 0.460275 0.533936 0.459216 0.534668 0.460275 0.536865 0.458157 0.536865 0.456568 0.536377 0.456568 0.535645 0.454449 0.535645 0.455508 0.535156 0.455508 0.534912 0.457097 0.534668 0.454449 0.535156 0.453390 0.534668 0.452860 0.535400 0.452331 0.535645 0.448623 0.536621 0.447564 0.536133 0.445975 0.536621 0.443856 0.538574 0.445975 0.539062 0.443326
1 0.562744 0.434322 0.562500 0.438030 0.563232 0.439619 0.564453 0.435381 0.562988 0.435381
1 0.515869 0.434322 0.514893 0.434322 0.514893 0.435381 0.513428 0.434322 0.513184 0.435911 0.512451 0.436970 0.512695 0.440678 0.513428 0.440678 0.514160 0.442267 0.514893 0.437500 0.515625 0.437500 0.515381 0.435381 0.515869 0.435381
1 0.218262 0.434322 0.218262 0.435911 0.219238 0.438030 0.219971 0.438030 0.220215 0.439089 0.220947 0.438030 0.219971 0.434322
1 0.635986 0.435911 0.635010 0.433792 0.632812 0.434852 0.632812 0.435911 0.631104 0.437500 0.630615 0.439619 0.630127 0.439089 0.630127 0.437500 0.629883 0.438559 0.628906 0.438559 0.629395 0.439089 0.628662 0.440678 0.627441 0.441208 0.627930 0.441737 0.627686 0.442797 0.626953 0.442797 0.626709 0.443856 0.625488 0.443856 0.625488 0.444915 0.625977 0.444915 0.625488 0.445975 0.626465 0.447034 0.627441 0.446504 0.629883 0.442797 0.630371 0.440148 0.630615 0.442797 0.633057 0.442267 0.633301 0.441737 0.632812 0.439089 0.633789 0.436970 0.633545 0.436441 0.635010 0.435381 0.635254 0.436441
1 0.394287 0.432203 0.395020 0.436970 0.393799 0.438030 0.395508 0.440678 0.395508 0.442267 0.396484 0.443326 0.396484 0.446504 0.397461 0.446504 0.397705 0.450212 0.398682 0.448093 0.398193 0.446504 0.396484 0.444386 0.396729 0.443326 0.397217 0.444386 0.397217 0.441208 0.396729 0.440148 0.396729 0.438559 0.398438 0.436970 0.395508 0.434852
1 0.417236 0.431144 0.416992 0.433263 0.415771 0.434852 0.416504 0.436441 0.416992 0.435381 0.418457 0.439089 0.418945 0.439089 0.419189 0.437500 0.419678 0.437500 0.419678 0.435381 0.418701 0.435381 0.418701 0.434322
1 0.620605 0.430614 0.619873 0.432733 0.618652 0.434322 0.617432 0.434322 0.617676 0.434852 0.617188 0.436970 0.617432 0.438030 0.617676 0.436970 0.618164 0.437500 0.618164 0.439089 0.618652 0.439619 0.618896 0.441737 0.619873 0.443326 0.619629 0.444386 0.620850 0.444386 0.621094 0.445445 0.621338 0.444915 0.621582 0.445975 0.622070 0.445975 0.623291 0.443326 0.623535 0.441208 0.622803 0.440148 0.621094 0.433263 0.620850 0.434322 0.619873 0.433792 0.620117 0.432203 0.620850 0.432203
1 0.560547 0.429025 0.560059 0.429025 0.560303 0.431674 0.559082 0.432733 0.559082 0.433792 0.558594 0.433792 0.558594 0.435381 0.557129 0.435381 0.556885 0.436441 0.556152 0.436441 0.555908 0.439089 0.556885 0.441737 0.557861 0.439089 0.558350 0.439089 0.558350 0.436970 0.558838 0.435911 0.559570 0.439619 0.560059 0.439619 0.560791 0.436970 0.561035 0.437500 0.560547 0.435911 0.560791 0.433263 0.560303 0.432733 0.561035 0.431674 0.560547 0.430614
1 0.323975 0.432733 0.326172 0.432733 0.326904 0.435911 0.327637 0.436970 0.329102 0.435911 0.330322 0.432203 0.327148 0.432203 0.327148 0.429555 0.326172 0.429025 0.325928 0.430085 0.325195 0.430085 0.325195 0.431144 0.325684 0.431674 0.325439 0.432733
1 0.583984 0.431144 0.585449 0.432733 0.585449 0.433792 0.584717 0.434322 0.583984 0.436441 0.584473 0.437500 0.584473 0.439089 0.586182 0.439619 0.586426 0.440678 0.587646 0.439619 0.587646 0.441208 0.588379 0.441208 0.588867 0.440148 0.589355 0.436970 0.587891 0.440148 0.587646 0.439089 0.588867 0.435911 0.587646 0.435911 0.586182 0.433792 0.587158 0.433263 0.587646 0.429555 0.588135 0.428496 0.586670 0.427966 0.586426 0.430614
1 0.405029 0.423729 0.404053 0.424258 0.403320 0.423199 0.402100 0.427966 0.401367 0.425847 0.398438 0.429025 0.398438 0.435381 0.399902 0.431674 0.400391 0.431674 0.400146 0.431144 0.400879 0.429555 0.402100 0.428496 0.402344 0.429025 0.401855 0.430085 0.401855 0.431144 0.402344 0.431674 0.402344 0.435381 0.401367 0.435381 0.401123 0.436441 0.400391 0.436441 0.399902 0.437500 0.400391 0.438559 0.400146 0.440148 0.401123 0.441208 0.401367 0.442797 0.402832 0.436441 0.403076 0.436970 0.403564 0.435911 0.405518 0.435911 0.405273 0.434852 0.404541 0.435381 0.403564 0.433792 0.404541 0.426377 0.404053 0.424788 0.404541 0.424258 0.405029 0.425318
1 0.565186 0.418432 0.565186 0.422669 0.564453 0.421610 0.564209 0.422669 0.562500 0.422140 0.562500 0.423199 0.563965 0.424258 0.563721 0.426377 0.563477 0.424788 0.563477 0.426907 0.564209 0.425847 0.565430 0.427966 0.565430 0.429025 0.564697 0.430614 0.564941 0.431674 0.566406 0.432733 0.565918 0.429555 0.566650 0.427436 0.566895 0.428496 0.567139 0.427966 0.567383 0.429025 0.567871 0.429025 0.567627 0.427436 0.568115 0.426377 0.568359 0.426907 0.567627 0.424788 0.566406 0.423729 0.567139 0.421610 0.565430 0.421610
1 0.322510 0.421610 0.323486 0.423729 0.324463 0.421081 0.324707 0.423199 0.325439 0.422140 0.324951 0.420551 0.325439 0.420021 0.328369 0.422140 0.328369 0.423729 0.329346 0.425318 0.329590 0.424258 0.330566 0.424258 0.332275 0.421081 0.333008 0.421081 0.332275 0.420021 0.332764 0.418432 0.331299 0.419492 0.329346 0.419492 0.328613 0.417903 0.325195 0.417903 0.324219 0.418432 0.323975 0.419492 0.323242 0.418962
1 0.574707 0.416314 0.573975 0.416843 0.573730 0.418962 0.572754 0.419492 0.572754 0.421081 0.572266 0.421610 0.573486 0.423729 0.573242 0.424258 0.573730 0.423199 0.574463 0.423729 0.575439 0.422669 0.574463 0.421610 0.574707 0.422669 0.574219 0.423199 0.573975 0.421081 0.573486 0.420551 0.573730 0.417903 0.574219 0.417903
1 0.542236 0.417373 0.541992 0.418432 0.541016 0.418432 0.540283 0.416314 0.539551 0.417373 0.539307 0.416314 0.537598 0.415784 0.537354 0.416843 0.538086 0.420021 0.537354 0.421081 0.537354 0.423729 0.536133 0.423199 0.536621 0.418432 0.535156 0.417373 0.535156 0.419492 0.535645 0.420551 0.534912 0.422140 0.535400 0.424788 0.534668 0.425847 0.535889 0.426377 0.536133 0.427966 0.534668 0.427966 0.534424 0.429025 0.533447 0.428496 0.533447 0.429555 0.534180 0.429555 0.533691 0.431674 0.534180 0.431674 0.534180 0.430614 0.535156 0.431674 0.535400 0.433792 0.534424 0.433792 0.536621 0.433792 0.537109 0.435911 0.538086 0.436441 0.537598 0.433792 0.538818 0.432733 0.538330 0.431144 0.538574 0.426907 0.537354 0.426377 0.538818 0.422140 0.539551 0.421081 0.539795 0.422669 0.540283 0.422669 0.541016 0.421081 0.541260 0.422669 0.542725 0.424258 0.542969 0.425318 0.543457 0.423199 0.544434 0.422669 0.543701 0.420551 0.542969 0.420551 0.542236 0.418962
1 0.415039 0.415784 0.415039 0.419492 0.415527 0.420551 0.415527 0.422669 0.416504 0.424788 0.416504 0.426377 0.417236 0.426377 0.417725 0.427436 0.418457 0.425318 0.419678 0.425318 0.419189 0.424788 0.419434 0.423729 0.418701 0.422669 0.418701 0.421610 0.417725 0.420021 0.417725 0.415254 0.417236 0.415254 0.417480 0.416843 0.416992 0.417373 0.416748 0.419492 0.415771 0.417903 0.415771 0.416314
1 0.549805 0.416843 0.550049 0.419492 0.550293 0.418432 0.550781 0.418432 0.552490 0.422669 0.552979 0.421610 0.553955 0.421610 0.552979 0.421610 0.551025 0.416843 0.551270 0.415784 0.551514 0.416314 0.551514 0.414725 0.550293 0.417373 0.550049 0.416314
1 0.311035 0.413136 0.312012 0.416843 0.311279 0.418962 0.310303 0.419492 0.310303 0.421081 0.313477 0.421081 0.314453 0.422669 0.315674 0.422669 0.316650 0.423729 0.316895 0.423199 0.317139 0.424258 0.318848 0.425318 0.318115 0.426907 0.317871 0.429555 0.317139 0.430614 0.318604 0.431674 0.320312 0.434322 0.320068 0.435911 0.319336 0.435911 0.319092 0.436970 0.318359 0.436441 0.318359 0.437500 0.319092 0.439089 0.318115 0.441737 0.318359 0.444386 0.319580 0.444386 0.320068 0.445445 0.320557 0.444386 0.320068 0.438559 0.321533 0.434852 0.321045 0.434852 0.320068 0.432203 0.319336 0.431674 0.319824 0.430085 0.318604 0.425847 0.318848 0.423729 0.317871 0.422669 0.319336 0.420551 0.320068 0.421081 0.319824 0.416843 0.319092 0.414725 0.318115 0.414195 0.316406 0.414725 0.315918 0.416314 0.314209 0.416843 0.313232 0.415254 0.313965 0.414195 0.313232 0.412606 0.312256 0.414725 0.311768 0.414725
1 0.418457 0.411547 0.417236 0.411547 0.417236 0.409958 0.416016 0.411547 0.415771 0.410487 0.415039 0.411017 0.415771 0.412606 0.416016 0.414725 0.416748 0.414725 0.417725 0.413136 0.417969 0.414195
1 0.592285 0.410487 0.592529 0.412606 0.593506 0.411017 0.595459 0.411547 0.595459 0.409958 0.594482 0.409958 0.593994 0.408898 0.593506 0.408898 0.593750 0.409428 0.592529 0.411017
1 0.562988 0.408898 0.562500 0.410487 0.562012 0.409958 0.561035 0.411017 0.560791 0.413136 0.561523 0.415784 0.561279 0.416843 0.563477 0.411017 0.563721 0.412076 0.564209 0.412076 0.563721 0.409958 0.563232 0.409958
1 0.558594 0.418962 0.558594 0.417373 0.557861 0.415784 0.557861 0.413136 0.559082 0.409958 0.558838 0.407839 0.558105 0.409958 0.557861 0.407839 0.557129 0.406780 0.557129 0.408369 0.556396 0.409428 0.556396 0.411017 0.557129 0.411547 0.557129 0.414195 0.556396 0.415784 0.556396 0.417373 0.554932 0.418962 0.553711 0.414725 0.553223 0.414725 0.552002 0.412076 0.550781 0.411547 0.551514 0.413136 0.552490 0.413136 0.554932 0.420551 0.555420 0.420021 0.555664 0.421081 0.556396 0.418962 0.557373 0.418962 0.557617 0.417903 0.558350 0.417903
1 0.552490 0.406780 0.552246 0.408369 0.551514 0.407839 0.551025 0.408898 0.551758 0.410487 0.552734 0.409958 0.553467 0.413665 0.554688 0.411547 0.554199 0.409428 0.552979 0.408369
1 0.323242 0.407309 0.322754 0.408898 0.323486 0.409428 0.324219 0.411547 0.325195 0.410487 0.324951 0.408369 0.324219 0.406780
1 0.524414 0.405191 0.522705 0.406250 0.521973 0.404661 0.520020 0.409428 0.519775 0.412606 0.520752 0.412606 0.520752 0.415784 0.522217 0.414725 0.521729 0.413136 0.521973 0.411547 0.523193 0.411547 0.524414 0.413665 0.524414 0.409958 0.525391 0.407839 0.524170 0.407839 0.524658 0.407309
1 0.649414 0.404131 0.648926 0.407309 0.649414 0.407839 0.648438 0.409958 0.649170 0.411547 0.650391 0.409958 0.650391 0.406250
1 0.582520 0.407309 0.584229 0.407839 0.584961 0.408898 0.585449 0.408898 0.586182 0.407309 0.584473 0.403602 0.583740 0.405720 0.583252 0.405720
1 0.308594 0.403602 0.306885 0.404661 0.307129 0.406250 0.307861 0.407309 0.309326 0.406780
1 0.291992 0.400953 0.291016 0.401483 0.291260 0.406250 0.292480 0.404661 0.292480 0.402542 0.291748 0.402013
1 0.256592 0.401483 0.255371 0.400953 0.254150 0.402013 0.253418 0.405191 0.253662 0.405720 0.254639 0.403602 0.255371 0.404131 0.256348 0.403072
1 0.561035 0.400424 0.561035 0.403072 0.563477 0.403072 0.563477 0.401483 0.563965 0.400424 0.564209 0.402542 0.564941 0.400424 0.564697 0.398305 0.563965 0.399894 0.562988 0.398305 0.562988 0.397246 0.562256 0.397775 0.562256 0.400424
1 0.274902 0.395657 0.277832 0.395657 0.278076 0.394068 0.276367 0.393538 0.274902 0.394597
1 0.375732 0.394068 0.374268 0.394068 0.373779 0.393008 0.373291 0.393538 0.373047 0.393008 0.374023 0.391419 0.372559 0.389831 0.372803 0.391419 0.372314 0.391949 0.373047 0.393008 0.371826 0.395127 0.371094 0.393538 0.370117 0.395127 0.371094 0.398835 0.372314 0.399364 0.372559 0.397775 0.373779 0.397246 0.373535 0.396716 0.374023 0.395657 0.374512 0.396186
1 0.648438 0.386653 0.647949 0.388771 0.648926 0.390360 0.648438 0.391949 0.649414 0.393008 0.650146 0.392479 0.650146 0.391419 0.649414 0.389831 0.649658 0.388771 0.648926 0.386653
1 0.521484 0.386653 0.520752 0.387712 0.520508 0.386653 0.520020 0.387182 0.519531 0.389301 0.518799 0.388771 0.518066 0.390360 0.519775 0.394068 0.519775 0.392479 0.520264 0.391949 0.520752 0.393008 0.521729 0.390360
1 0.634521 0.387182 0.634766 0.387712 0.634033 0.389301 0.634521 0.393008 0.634033 0.393538 0.635742 0.394068 0.637695 0.399364 0.638184 0.398835 0.638428 0.394068 0.637695 0.390360 0.638184 0.387182 0.637207 0.385593 0.636719 0.385593 0.636719 0.386653 0.635986 0.388242
1 0.557617 0.379767 0.559326 0.380826 0.558105 0.382945 0.558838 0.383475 0.558105 0.384534 0.559082 0.386653 0.559082 0.387712 0.557617 0.387712 0.557129 0.388771 0.556396 0.388771 0.558105 0.389831 0.558594 0.390890 0.558105 0.389301 0.558838 0.388771 0.559082 0.392479 0.559814 0.390890 0.559326 0.381356 0.559814 0.380297
1 0.432861 0.376059 0.432617 0.380826 0.432129 0.381886 0.433350 0.384004 0.434570 0.384534 0.435059 0.383475 0.434326 0.382415 0.434326 0.380297 0.434814 0.379767 0.434326 0.378708 0.434082 0.379767 0.433594 0.379237 0.433105 0.380297
1 0.546387 0.371822 0.546387 0.373411 0.546875 0.373941 0.546387 0.375000 0.546875 0.376059 0.543945 0.378178 0.544678 0.378708 0.546143 0.377648 0.546143 0.379767 0.546631 0.379767 0.546875 0.380826 0.546875 0.379767 0.547363 0.379237 0.546631 0.378708 0.547607 0.378178 0.547119 0.376589 0.547363 0.376059 0.546875 0.375530 0.547607 0.374470
1 0.427246 0.371822 0.427490 0.374470 0.429443 0.377119 0.429932 0.380297 0.431152 0.380826 0.431641 0.379767 0.431396 0.377648 0.430664 0.378178 0.430420 0.376589 0.428711 0.372881
1 0.527344 0.370763 0.526123 0.375000 0.526367 0.378708 0.524902 0.379237 0.524902 0.380826 0.525879 0.380826 0.527344 0.382415 0.527832 0.384534 0.527588 0.385064 0.528320 0.384534 0.528809 0.386123 0.530762 0.385593 0.528809 0.384534 0.527100 0.379237 0.527100 0.376589 0.527832 0.373941 0.529053 0.371822 0.528320 0.370763
1 0.416260 0.370763 0.415039 0.371822 0.415039 0.370233 0.414307 0.369703 0.414551 0.370233 0.414062 0.371822 0.411865 0.373411 0.411621 0.371822 0.410889 0.370763 0.410645 0.371822 0.410156 0.371822 0.410400 0.373411 0.409912 0.376589 0.409180 0.378178 0.407471 0.376589 0.406250 0.373941 0.407959 0.377648 0.407959 0.380297 0.406982 0.380297 0.407715 0.383475 0.408936 0.384534 0.407959 0.385593 0.408691 0.386123 0.408691 0.387182 0.409180 0.386653 0.409668 0.387712 0.409668 0.393538 0.410156 0.393538 0.410400 0.391949 0.410400 0.384534 0.410889 0.383475 0.411377 0.384004 0.412109 0.382415 0.412109 0.379237 0.411621 0.378178 0.414062 0.372352 0.414551 0.372881 0.414062 0.374470 0.414307 0.375530 0.414795 0.374470 0.416016 0.374470 0.416504 0.376059 0.416748 0.375530 0.416260 0.375000 0.416748 0.374470 0.416260 0.373411
1 0.331055 0.369174 0.331055 0.374470 0.332520 0.376059 0.332764 0.375000 0.333252 0.375530 0.331787 0.372352 0.332031 0.370233
1 0.556641 0.371822 0.556152 0.371822 0.555420 0.370233 0.555420 0.368644 0.554443 0.368644 0.554932 0.369703 0.554932 0.371822 0.554199 0.373411 0.551758 0.373411 0.552002 0.374470 0.551270 0.375000 0.551270 0.376589 0.552490 0.376059 0.552246 0.375000 0.552734 0.373941 0.554199 0.373411 0.555420 0.375000 0.556152 0.374470 0.556152 0.372881
1 0.436035 0.371292 0.436035 0.369703 0.435547 0.368644 0.434814 0.370233 0.434326 0.369174 0.432861 0.369703 0.433350 0.371822
1 0.285156 0.369703 0.285645 0.369703 0.286377 0.371292 0.286621 0.369703 0.291260 0.369703 0.292480 0.370763 0.292725 0.369703 0.293213 0.370763 0.292969 0.369703 0.293457 0.368644 0.292725 0.367585 0.292236 0.368644 0.291504 0.367055 0.291260 0.368644 0.291016 0.367585 0.289307 0.368644 0.288818 0.366525 0.288086 0.366525
1 0.627441 0.364936 0.626953 0.367055 0.626953 0.370233 0.627686 0.370233 0.628418 0.372352 0.629639 0.370233 0.629639 0.369174 0.629150 0.368114 0.628174 0.368114
1 0.510742 0.365466 0.508789 0.364407 0.508301 0.365466 0.508057 0.364936 0.507812 0.367055 0.506348 0.369174 0.506348 0.371292 0.506592 0.370763 0.506836 0.371822 0.506104 0.373411 0.504639 0.373411 0.505127 0.376059 0.506104 0.378178 0.505127 0.379237 0.505127 0.380297 0.503174 0.383475 0.501709 0.380826 0.501465 0.385064 0.500977 0.386123 0.501221 0.386653 0.500244 0.388771 0.499023 0.388771 0.499023 0.391419 0.499512 0.391949 0.500000 0.395127 0.500732 0.396186 0.501465 0.399364 0.502197 0.399894 0.503418 0.397246 0.503418 0.396186 0.503906 0.396716 0.506104 0.393008 0.506104 0.390360 0.504883 0.388242 0.505371 0.387712 0.504883 0.387182 0.506592 0.386123 0.507568 0.388242 0.507568 0.387182 0.507324 0.387712 0.507080 0.386123 0.506592 0.386123 0.505371 0.383475 0.506592 0.380297 0.507568 0.380826 0.507812 0.381886 0.508789 0.381886 0.508789 0.379237 0.508301 0.378708 0.509766 0.377648 0.509766 0.376589 0.510498 0.376589 0.510498 0.372881 0.511475 0.370233 0.511475 0.368114
1 0.649658 0.361229 0.648926 0.361229 0.649414 0.361758 0.649170 0.362288 0.646973 0.362288 0.647461 0.363347 0.647461 0.365466 0.646973 0.366525 0.647705 0.367055 0.648193 0.365996 0.648438 0.368114 0.648926 0.366525 0.648926 0.364407 0.648438 0.363877 0.649170 0.362818 0.649414 0.363347
1 0.577637 0.359640 0.575928 0.364407 0.576904 0.362818 0.577881 0.367055 0.576904 0.370763 0.574707 0.370763 0.573975 0.373411 0.573486 0.368644 0.572754 0.370233 0.573242 0.375530 0.572266 0.378708 0.571533 0.377119 0.572266 0.373941 0.569336 0.373941 0.569824 0.377648 0.571289 0.376589 0.572510 0.380826 0.570801 0.387182 0.570068 0.381356 0.570557 0.389301 0.569824 0.391419 0.568848 0.390360 0.568848 0.376589 0.567627 0.378178 0.566406 0.376059 0.566406 0.379767 0.566895 0.377648 0.567871 0.378708 0.566650 0.389301 0.565918 0.386653 0.565674 0.388242 0.564209 0.386123 0.564209 0.384004 0.562988 0.384534 0.562988 0.390360 0.564209 0.388242 0.566406 0.394068 0.565186 0.397775 0.567139 0.396716 0.567627 0.398835 0.566895 0.395127 0.567383 0.393538 0.569092 0.398835 0.566650 0.400953 0.568359 0.402542 0.567871 0.407309 0.568604 0.406780 0.568604 0.402013 0.570801 0.398835 0.570068 0.395127 0.572021 0.391949 0.571289 0.396716 0.572266 0.398835 0.569580 0.406780 0.572021 0.404661 0.570557 0.404131 0.572021 0.399894 0.573242 0.400953 0.572754 0.405191 0.574707 0.404131 0.575439 0.405191 0.574707 0.406250 0.575684 0.406250 0.574951 0.408898 0.575684 0.409958 0.573242 0.409958 0.572266 0.414725 0.576904 0.410487 0.576172 0.405191 0.573242 0.402542 0.575928 0.401483 0.574951 0.398835 0.573242 0.399364 0.572510 0.397246 0.573242 0.394597 0.572266 0.392479 0.572266 0.384534 0.574951 0.382415 0.574463 0.373941 0.575439 0.376059 0.574951 0.373941 0.577881 0.370233 0.578369 0.367055 0.579834 0.369174 0.578613 0.364936 0.577881 0.367055 0.577393 0.363347 0.578369 0.361758
1 0.569092 0.360699 0.569092 0.361758 0.569824 0.363347 0.569824 0.365466 0.568848 0.367055 0.568115 0.364936 0.567871 0.360169 0.567383 0.359640 0.567871 0.360699 0.567871 0.361758 0.567383 0.362288 0.567383 0.364407 0.567627 0.363877 0.568115 0.365466 0.567383 0.365996 0.567383 0.369174 0.566895 0.369703 0.566895 0.371292 0.566162 0.372881 0.566650 0.371822 0.567383 0.372352 0.567871 0.369703 0.570557 0.370233 0.570068 0.369703 0.570068 0.362288
1 0.575684 0.359110 0.575195 0.360169 0.575195 0.361758 0.574707 0.362288 0.574951 0.362818 0.574463 0.363347 0.574463 0.364936 0.573975 0.363877 0.573975 0.361229 0.574463 0.360699 0.574463 0.359640 0.572510 0.362818 0.572754 0.363347 0.571533 0.366525 0.570801 0.364407 0.570801 0.367055 0.571777 0.367585 0.574463 0.365466 0.574707 0.367055 0.574219 0.369174 0.575195 0.369174 0.574463 0.364936 0.574951 0.363877 0.574951 0.362288 0.575439 0.361758
1 0.559814 0.362288 0.558105 0.358581 0.558105 0.361758 0.556152 0.364407 0.558350 0.364407 0.559082 0.361758 0.559570 0.362818
1 0.583252 0.357521 0.583252 0.359640 0.583984 0.361229 0.584473 0.361229 0.584961 0.359640 0.585205 0.360699 0.585693 0.360699 0.585693 0.359110 0.585205 0.358051 0.584473 0.358051 0.584229 0.359640
1 0.393311 0.361758 0.393555 0.362288 0.395508 0.359640 0.396240 0.359640 0.396240 0.360699 0.396729 0.360699 0.396729 0.359640 0.396240 0.359110 0.396240 0.357521 0.396729 0.356992 0.395996 0.356992 0.395752 0.358051 0.394531 0.356992
1 0.498291 0.355403 0.497803 0.356992 0.497070 0.356992 0.497559 0.359110 0.497070 0.365466 0.495361 0.368644 0.495850 0.371292 0.497070 0.373411 0.499756 0.371822 0.500732 0.372352 0.499756 0.374470 0.499756 0.378708 0.498779 0.378178 0.496826 0.381356 0.496094 0.379767 0.496094 0.381886 0.497314 0.384004 0.498047 0.388242 0.498779 0.385593 0.498779 0.383475 0.498047 0.382415 0.498779 0.380826 0.499756 0.380297 0.499756 0.378708 0.500244 0.378178 0.500977 0.375000 0.500488 0.372881 0.500977 0.372352 0.500977 0.370233 0.502686 0.366525 0.502197 0.364407 0.501465 0.365466 0.500732 0.364407 0.500244 0.362288 0.499268 0.361229 0.498779 0.359110 0.499268 0.356992
1 0.635498 0.354873 0.635742 0.355403 0.635254 0.355932 0.634766 0.359640 0.635010 0.360699 0.635986 0.360699 0.636963 0.363877 0.637695 0.361758 0.637207 0.360699 0.637451 0.359640 0.636719 0.358581 0.636230 0.355403
1 0.665283 0.352754 0.664551 0.354873 0.664551 0.357521 0.664307 0.358051 0.663818 0.356992 0.662842 0.359640 0.662842 0.361229 0.663086 0.359640 0.663574 0.361229 0.662598 0.363347 0.663086 0.363877 0.664062 0.362818 0.666016 0.355403 0.665771 0.353284
1 0.568848 0.357521 0.569580 0.357521 0.569824 0.355403 0.570312 0.354873 0.570312 0.353284 0.571045 0.354343 0.572266 0.351695 0.572510 0.353284 0.573730 0.350106 0.574219 0.350636 0.574219 0.352225 0.574707 0.353284 0.574951 0.351695 0.573242 0.348517 0.572998 0.349576 0.571289 0.349576 0.571045 0.348517 0.570312 0.348517 0.569580 0.350636 0.570068 0.350636 0.570312 0.349047 0.571045 0.349047 0.571777 0.351695 0.571045 0.353284 0.569824 0.351695 0.568848 0.353814 0.569092 0.354873 0.569580 0.354343 0.569824 0.355932
1 0.562256 0.348517 0.562012 0.349576 0.561523 0.349576 0.561523 0.353284 0.562012 0.353814 0.562012 0.355932 0.562256 0.355403 0.562500 0.356992 0.562744 0.355932 0.563232 0.355932 0.562988 0.354873 0.563721 0.353284 0.564697 0.354343 0.564697 0.352225 0.563721 0.349576 0.562500 0.349576
1 0.560059 0.348517 0.559570 0.348517 0.559570 0.349576 0.558838 0.350106 0.559570 0.352225 0.559570 0.355403 0.558594 0.357521 0.559082 0.358581 0.560303 0.356992 0.560791 0.351695 0.559814 0.352754 0.559570 0.352225 0.559570 0.349576
1 0.648682 0.347987 0.647949 0.352225 0.648438 0.353284 0.648926 0.353284 0.649170 0.351695 0.649658 0.352225 0.649414 0.351695 0.650146 0.351165 0.649414 0.349576 0.649658 0.348517
1 0.608887 0.348517 0.608887 0.351695 0.609375 0.350106 0.610596 0.349576 0.611328 0.350636 0.611572 0.350106 0.611816 0.351165 0.612793 0.351165 0.612305 0.348517 0.612061 0.349576 0.611572 0.348517 0.611084 0.349576 0.609619 0.347987
1 0.356201 0.346398 0.355713 0.346398 0.354492 0.350636 0.354736 0.351695 0.354248 0.353284 0.354980 0.354343 0.355713 0.354343 0.355225 0.353814 0.355957 0.352225 0.355957 0.351165 0.355225 0.348517
1 0.502441 0.345869 0.500732 0.346928 0.501221 0.350106 0.500977 0.351695 0.501953 0.352225 0.502441 0.350636
1 0.445801 0.345339 0.446289 0.352225 0.446777 0.352225 0.447998 0.349576 0.447021 0.345339
1 0.443604 0.347458 0.443115 0.347458 0.443115 0.345339 0.441406 0.345339 0.441162 0.347458 0.439941 0.347458 0.439453 0.346398 0.439941 0.347458 0.439941 0.349047 0.439453 0.349576 0.439453 0.352225 0.438232 0.352225 0.437744 0.354873 0.437012 0.354873 0.435791 0.352754 0.435059 0.352754 0.433838 0.354873 0.433350 0.353814 0.432129 0.353814 0.432129 0.354873 0.432617 0.355403 0.432617 0.356462 0.434082 0.357521 0.434326 0.355932 0.435791 0.354873 0.436035 0.355932 0.436279 0.354873 0.436523 0.355932 0.438965 0.355403 0.439209 0.357521 0.439697 0.355403 0.439941 0.357521 0.440674 0.358051 0.441650 0.354873 0.441650 0.352754 0.441162 0.352225 0.441162 0.347458 0.441650 0.346928 0.442383 0.350106 0.442871 0.347987 0.443115 0.349047 0.443604 0.349047
1 0.398438 0.345339 0.397949 0.348517 0.399170 0.349047 0.399658 0.350636 0.399902 0.349047 0.400146 0.350106 0.400391 0.349047 0.399902 0.349047 0.399414 0.347987 0.399414 0.346398
1 0.535645 0.341631 0.534180 0.344280 0.533691 0.344280 0.533691 0.347458 0.532715 0.345339 0.533203 0.347458 0.533203 0.351165 0.532471 0.352225 0.533203 0.353814 0.532715 0.354873 0.533203 0.356462 0.532471 0.357521 0.532959 0.358581 0.533447 0.358581 0.533447 0.354343 0.533936 0.354343 0.533936 0.353284 0.532959 0.352225 0.533203 0.351165 0.533447 0.351695 0.533447 0.348517 0.534912 0.347987 0.535645 0.346398 0.536621 0.347458 0.535889 0.345869 0.536133 0.344280 0.535400 0.342691
1 0.451904 0.341102 0.451904 0.342161 0.453857 0.345339 0.453613 0.346398 0.453125 0.345869 0.453613 0.347987 0.453369 0.348517 0.453857 0.349047 0.453857 0.352225 0.454590 0.350106 0.454590 0.346928 0.455322 0.346928 0.455811 0.349047 0.457031 0.350636 0.456543 0.346928 0.454346 0.342161 0.452881 0.342161 0.452637 0.341102
1 0.500977 0.343220 0.500244 0.341102 0.499268 0.342161 0.499268 0.339513 0.498291 0.338983 0.497070 0.339513 0.496338 0.342161 0.495850 0.342161 0.495605 0.341102 0.495117 0.342691 0.495117 0.344809 0.496094 0.345869 0.497803 0.345869 0.499268 0.343750 0.500244 0.346398
1 0.429443 0.338983 0.429199 0.341631 0.431152 0.346398 0.431152 0.351165 0.432617 0.347987 0.432373 0.345869 0.431641 0.344809 0.432129 0.342161 0.431152 0.341631 0.430664 0.340042
1 0.354980 0.338983 0.356934 0.343750 0.357666 0.344280 0.357910 0.342161 0.358643 0.343220 0.357422 0.338453 0.356934 0.340042 0.356201 0.338983
1 0.401367 0.340042 0.402344 0.342691 0.402832 0.342161 0.404053 0.343750 0.404297 0.340042 0.404785 0.338453 0.403564 0.337924 0.402344 0.340572 0.402100 0.339513
1 0.662598 0.338983 0.661865 0.337394 0.660156 0.342161 0.659180 0.341631 0.658936 0.343220 0.658203 0.342161 0.656738 0.343220 0.656494 0.342161 0.656738 0.343750 0.656494 0.344280 0.655762 0.343220 0.655518 0.344280 0.654785 0.344280 0.654785 0.346398 0.655762 0.349047 0.656738 0.348517 0.657959 0.350636 0.657959 0.349047 0.658447 0.347987 0.659424 0.347987 0.659668 0.349576 0.660400 0.349047 0.660889 0.350106 0.660645 0.346398 0.662598 0.340572
1 0.513184 0.349047 0.512939 0.347458 0.511719 0.346928 0.511719 0.345339 0.512939 0.343750 0.512939 0.341102 0.512451 0.340572 0.512939 0.338983 0.512695 0.337394 0.511963 0.336864 0.510742 0.339513 0.511719 0.340572 0.511475 0.344280 0.510742 0.342691 0.510498 0.343220 0.509521 0.340042 0.509033 0.341102 0.505615 0.341631 0.503662 0.339513 0.503418 0.337924 0.502930 0.337924 0.504395 0.341102 0.503906 0.341631 0.503906 0.342691 0.505127 0.344809 0.506104 0.345339 0.508057 0.351695 0.508789 0.351695 0.509033 0.350636 0.509521 0.351165 0.509277 0.351695 0.509277 0.349576 0.509766 0.349576 0.509766 0.347987 0.510254 0.347987 0.510742 0.346398 0.511719 0.347987 0.512207 0.350106
1 0.406982 0.336335 0.406738 0.336864 0.407715 0.338453 0.407715 0.349047 0.410645 0.349047 0.411621 0.351165 0.412598 0.350636 0.412109 0.349047 0.412354 0.347458 0.411621 0.346398 0.410889 0.346928 0.409912 0.342691 0.410400 0.347458 0.409912 0.347458 0.408936 0.341631 0.408203 0.341102 0.408447 0.338453
1 0.446777 0.335805 0.447754 0.337394 0.447510 0.337924 0.448242 0.337924 0.448242 0.340572 0.448730 0.341102 0.448242 0.341631 0.449707 0.344280 0.450195 0.342691 0.450439 0.343750 0.451172 0.343750 0.450439 0.343220 0.450928 0.342691 0.450195 0.341102 0.450439 0.339513 0.448242 0.337924 0.447754 0.334746
1 0.557373 0.339513 0.558838 0.339513 0.559814 0.337924 0.561523 0.337394 0.561279 0.334746 0.560791 0.336335 0.559082 0.336335 0.558838 0.334216 0.558838 0.336864 0.557373 0.336864 0.557861 0.337394
1 0.556152 0.334216 0.555176 0.334216 0.554688 0.335275 0.555420 0.335805 0.554443 0.337924 0.553955 0.337924 0.554199 0.339513 0.554443 0.337924 0.557129 0.337924 0.556152 0.336335
1 0.569092 0.333157 0.568604 0.337924 0.569824 0.338983 0.569092 0.337924 0.569580 0.336864 0.570557 0.337394 0.570801 0.336335 0.570312 0.333686
1 0.342285 0.331038 0.341553 0.332097 0.341797 0.333686 0.341309 0.334746 0.341064 0.337924 0.343262 0.335275 0.343262 0.333686
1 0.559326 0.327860 0.558594 0.327860 0.558105 0.329449 0.557617 0.329449 0.557617 0.331038 0.558594 0.331568 0.558350 0.333157 0.558838 0.333157 0.559570 0.329979
1 0.359131 0.329979 0.359375 0.331568 0.360840 0.334746 0.360840 0.339513 0.362305 0.340572 0.362549 0.339513 0.363037 0.340042 0.364990 0.338453 0.365479 0.338983 0.365234 0.336864 0.366455 0.334746 0.366455 0.333686 0.365967 0.332097 0.365234 0.331568 0.365723 0.331038 0.364990 0.331038 0.364258 0.329449 0.364746 0.328390 0.366699 0.328919 0.366943 0.327860 0.365967 0.327331 0.364990 0.328390 0.364990 0.327331 0.363770 0.327331 0.364014 0.328390 0.363525 0.328919 0.363037 0.327860 0.362549 0.328390 0.361816 0.327331 0.361328 0.327860 0.361328 0.328919 0.360352 0.329979
1 0.570557 0.328919 0.569336 0.328919 0.569092 0.326271 0.568115 0.327331 0.567627 0.326801 0.567383 0.328919 0.566162 0.330508 0.567139 0.332097 0.566650 0.333157 0.565430 0.333157 0.564453 0.335275 0.565674 0.335275 0.566162 0.337394 0.566895 0.336335 0.567627 0.337394 0.567627 0.333686 0.566895 0.332627 0.568359 0.331038 0.568604 0.331568 0.568604 0.330508 0.569092 0.330508 0.569336 0.331568
1 0.335693 0.326801 0.335938 0.328919 0.337402 0.328919 0.338623 0.329979 0.337402 0.326271
1 0.583984 0.324682 0.583984 0.328919 0.583740 0.329449 0.583496 0.327860 0.583252 0.330508 0.583740 0.331568 0.583984 0.331038 0.584717 0.332627 0.584473 0.333157 0.584961 0.333157 0.584717 0.332097 0.585449 0.332097 0.585693 0.330508 0.584229 0.328919 0.584473 0.326801 0.583984 0.326801
1 0.504150 0.319915 0.502686 0.322034 0.503174 0.324153 0.502441 0.325742 0.503418 0.325742 0.503906 0.323623 0.504395 0.323623 0.504639 0.324682 0.505371 0.323623 0.504639 0.322564
1 0.585205 0.319915 0.585205 0.322564 0.585938 0.324153 0.585938 0.325742 0.587891 0.322564 0.588379 0.323623 0.588379 0.325742 0.588867 0.326801 0.589355 0.326271 0.589111 0.325742 0.589844 0.324153 0.589600 0.323093 0.588623 0.324153 0.587891 0.322564 0.588135 0.322034 0.587402 0.320975 0.587646 0.318856 0.586914 0.319915 0.587158 0.322564 0.586182 0.324682 0.585449 0.322564 0.585693 0.320975
1 0.465332 0.316208 0.466797 0.322564 0.466553 0.323093 0.467285 0.323623 0.467041 0.324682 0.466553 0.324153 0.468018 0.327860 0.468994 0.327860 0.468994 0.326801 0.467041 0.322564 0.466797 0.320445 0.467285 0.318326 0.468018 0.318326 0.468018 0.317267 0.466797 0.315678 0.466064 0.316737 0.465820 0.315678
1 0.565430 0.312500 0.565430 0.315148 0.564453 0.315678 0.563965 0.318326 0.562988 0.319915 0.565918 0.319915 0.565674 0.317797 0.566650 0.315148
1 0.534912 0.306144 0.534180 0.308263 0.534180 0.311441 0.532471 0.309852 0.533936 0.313559 0.533936 0.312500 0.534668 0.311970 0.535156 0.308792
1 0.579102 0.309322 0.579834 0.307203 0.581055 0.308792 0.580566 0.310911 0.581543 0.307733 0.582764 0.307733 0.582764 0.309852 0.584961 0.308263 0.583740 0.308263 0.583252 0.306674 0.583008 0.307203 0.582520 0.306144 0.581543 0.307203 0.581055 0.305614 0.580322 0.307203 0.579590 0.307203
1 0.345459 0.305085 0.344482 0.305614 0.343750 0.307203 0.343262 0.310381 0.344238 0.310911
1 0.354248 0.307203 0.352051 0.303496 0.349854 0.306674 0.349609 0.305614 0.348145 0.304555 0.347168 0.308792 0.347168 0.314089 0.344482 0.311970 0.343994 0.313030 0.342041 0.311441 0.341797 0.313559 0.339600 0.313559 0.339111 0.311441 0.337891 0.311441 0.338379 0.313030 0.339111 0.313559 0.338379 0.314619 0.338623 0.315678 0.341797 0.317797 0.340820 0.322034 0.339111 0.322034 0.339111 0.324682 0.339600 0.325212 0.339844 0.327860 0.340576 0.327860 0.343262 0.323623 0.344971 0.323623 0.346436 0.324682 0.347412 0.322564 0.348389 0.323093 0.348633 0.324153 0.349365 0.323093 0.350342 0.319386 0.353271 0.317797 0.353760 0.315678 0.353760 0.312500 0.354736 0.310911
1 0.584229 0.299788 0.586426 0.302436 0.587402 0.304555 0.587158 0.300318 0.586426 0.298729 0.584717 0.298729
1 0.341553 0.298199 0.341064 0.300318 0.341553 0.302436 0.340576 0.305085 0.338623 0.306144 0.338135 0.305085 0.338623 0.304555 0.338135 0.302436 0.336914 0.300318 0.337158 0.299258 0.335938 0.299258 0.336914 0.304025 0.336426 0.307733 0.339844 0.307733 0.340088 0.308792 0.340576 0.308792 0.340820 0.306674 0.342285 0.302966 0.342041 0.301377 0.341064 0.300318
1 0.470215 0.287076 0.470215 0.292903 0.467773 0.292373 0.468506 0.292373 0.469482 0.294492 0.468506 0.299258 0.467285 0.298729 0.466553 0.300318 0.466064 0.299788 0.466309 0.304025 0.464111 0.301907 0.466064 0.306674 0.465576 0.307203 0.462646 0.302436 0.462891 0.305085 0.462402 0.306674 0.461182 0.305085 0.460205 0.309852 0.459229 0.308792 0.457031 0.313559 0.457031 0.317797 0.458984 0.318856 0.460205 0.316208 0.460938 0.317267 0.462158 0.315678 0.460205 0.315678 0.459473 0.313030 0.460938 0.311441 0.461182 0.306674 0.463379 0.308263 0.463379 0.305614 0.464600 0.307733 0.463867 0.309852 0.464111 0.310911 0.464844 0.308792 0.467041 0.310911 0.467529 0.309322 0.467285 0.306144 0.468018 0.305614 0.467041 0.304025 0.468262 0.303496 0.469238 0.306144 0.469727 0.313030 0.470947 0.316737 0.471436 0.315678 0.471436 0.317797 0.470215 0.318326 0.470215 0.321504 0.471924 0.328919 0.473877 0.331568 0.475830 0.330508 0.476318 0.331568 0.477295 0.329449 0.476562 0.328390 0.477539 0.326801 0.479004 0.327331 0.478760 0.326271 0.479492 0.323623 0.477783 0.321504 0.476562 0.322564 0.475342 0.318856 0.473877 0.320445 0.472900 0.319386 0.474121 0.313559 0.470947 0.313030 0.471680 0.309322 0.474365 0.309322 0.474609 0.304025 0.472900 0.301907 0.473633 0.298729 0.473633 0.294492 0.472900 0.295021 0.472412 0.293432 0.472412 0.288136
1 0.466309 0.287606 0.465820 0.287076 0.466064 0.289725 0.465576 0.290784 0.465088 0.290784 0.464111 0.292903 0.462646 0.292903 0.462646 0.295021 0.463135 0.294492 0.465088 0.296081 0.464844 0.294492 0.466553 0.291843
1 0.486084 0.282839 0.486816 0.286017 0.488770 0.287606 0.488770 0.282839
1 0.424316 0.284428 0.423340 0.282839 0.421387 0.284428 0.421387 0.286017 0.422607 0.287606 0.424072 0.286017
1 0.355957 0.278602 0.355469 0.280191 0.356201 0.280720 0.356201 0.281780 0.354004 0.281780 0.353271 0.283369 0.353271 0.287606 0.354004 0.289725 0.354736 0.289195 0.355469 0.290784 0.355225 0.291843 0.354736 0.290784 0.355225 0.291843 0.354248 0.292373 0.353516 0.295021 0.355469 0.298729 0.356689 0.297669 0.359131 0.298729 0.360352 0.301377 0.360352 0.302966 0.361328 0.306674 0.361572 0.306144 0.362549 0.307203 0.362061 0.308792 0.360352 0.308792 0.360596 0.309322 0.359863 0.310911 0.361328 0.311970 0.362549 0.308792 0.362793 0.309322 0.361816 0.305085 0.362305 0.301907 0.362061 0.302436 0.360596 0.299788 0.359619 0.296610 0.360107 0.296081 0.360107 0.293962 0.360840 0.293432 0.360596 0.292903 0.361084 0.291314 0.360352 0.289725 0.360352 0.288665 0.360107 0.289725 0.359863 0.289195 0.359619 0.283898 0.359131 0.283369 0.358887 0.284428 0.358398 0.284428 0.357910 0.283369 0.357178 0.283369
1 0.315674 0.276483 0.316406 0.278072 0.316895 0.278072 0.317383 0.275953 0.318604 0.276483 0.319824 0.273835 0.318848 0.273305 0.318604 0.274364 0.317383 0.274364 0.316650 0.275424 0.316406 0.273305 0.316406 0.274894
1 0.525635 0.271186 0.522217 0.271186 0.521973 0.273835 0.522217 0.274894 0.522949 0.274894 0.523438 0.273835 0.524902 0.273305
1 0.379883 0.270657 0.379883 0.272775 0.378906 0.275424 0.379150 0.277542 0.378662 0.278072 0.379883 0.277542 0.380615 0.275424
1 0.461914 0.269597 0.460449 0.269597 0.460449 0.270657 0.459717 0.272246 0.458984 0.272246 0.458740 0.273305 0.461426 0.273305 0.461670 0.272246 0.461182 0.271186
1 0.564209 0.262712 0.563721 0.263771 0.563477 0.262712 0.562256 0.263242 0.561768 0.265360 0.562012 0.267479 0.562744 0.267479 0.562744 0.264301 0.563477 0.265360 0.563721 0.266949 0.563721 0.264301
1 0.447021 0.257415 0.447266 0.258475 0.446533 0.259004 0.446533 0.260593 0.446045 0.261653 0.446289 0.262712 0.445557 0.263242 0.446777 0.264831 0.447021 0.263771 0.447998 0.264831 0.447998 0.262712 0.448975 0.259534 0.448242 0.259534 0.448486 0.260064 0.447998 0.262182 0.447266 0.262712 0.447021 0.262182 0.447510 0.258475
1 0.512207 0.256886 0.512207 0.257945 0.513184 0.257945 0.514160 0.259534 0.514893 0.259534 0.514404 0.256356 0.514648 0.255826 0.514160 0.254237 0.513428 0.254237
1 0.456543 0.248941 0.457275 0.250000 0.457275 0.251589 0.455811 0.252119 0.456543 0.252648 0.455811 0.253708 0.455811 0.255297 0.456299 0.256356 0.456055 0.258475 0.457275 0.258475 0.457520 0.257945 0.456543 0.257415 0.457275 0.256886 0.457275 0.254237 0.456543 0.252648 0.457764 0.252648 0.458008 0.251059
1 0.339600 0.247352 0.339355 0.247881 0.339844 0.247881 0.339844 0.249470 0.339111 0.251059 0.338379 0.251059 0.338379 0.256886 0.339111 0.254767 0.339111 0.253178 0.339600 0.252648 0.340576 0.253708 0.340576 0.252119 0.341064 0.251059 0.341064 0.250000
1 0.429688 0.242585 0.431152 0.246292 0.432373 0.246292 0.432373 0.244174 0.431885 0.242585 0.430908 0.244703 0.430176 0.242585
1 0.335693 0.242055 0.334473 0.239936 0.332764 0.243644 0.331543 0.244174 0.333984 0.244174 0.335693 0.245763
1 0.441406 0.239407 0.440918 0.239407 0.438965 0.242585 0.437988 0.241525 0.438477 0.244174 0.438232 0.244703 0.439209 0.246292 0.440430 0.243114 0.441406 0.242055
1 0.414307 0.237818 0.413574 0.240466 0.413574 0.242055 0.414062 0.243114 0.413818 0.245763 0.413330 0.246822 0.412598 0.246822 0.412598 0.248941 0.414062 0.253708 0.413574 0.251589 0.413818 0.248411 0.414551 0.246822 0.415771 0.246822 0.415039 0.244174 0.414062 0.242585 0.414551 0.242055
1 0.452881 0.235169 0.450684 0.237818 0.450684 0.240466 0.451172 0.242055 0.451172 0.244174 0.451660 0.244174 0.452148 0.246292 0.453125 0.246292 0.453613 0.247881 0.453857 0.246822 0.454346 0.246822 0.454102 0.242585 0.452881 0.239936
1 0.322266 0.237288 0.322754 0.238877 0.324219 0.239407 0.324219 0.238347 0.324707 0.237818 0.325195 0.238877 0.324951 0.239936 0.325684 0.241525 0.325684 0.243114 0.325928 0.240996 0.325684 0.241525 0.324951 0.239936 0.325195 0.239407 0.327148 0.240466 0.328369 0.239936 0.328369 0.238347 0.327148 0.237288 0.326904 0.235169 0.325195 0.235169 0.324463 0.237288 0.323975 0.236229
1 0.379150 0.229343 0.377930 0.229343 0.376709 0.232521 0.375977 0.232521 0.375977 0.234640 0.375000 0.235169 0.374756 0.236229 0.375488 0.235699 0.376465 0.238347 0.376953 0.237818 0.377197 0.235699 0.378418 0.236758 0.378662 0.234640 0.378174 0.231462 0.378418 0.229873
1 0.457275 0.228284 0.456543 0.235169 0.457764 0.235169 0.458740 0.237288 0.458740 0.238877 0.459717 0.239936 0.458740 0.243114 0.458740 0.247352 0.458252 0.247881 0.458740 0.250000 0.459717 0.248941 0.462158 0.248941 0.462402 0.245763 0.461914 0.244703 0.460449 0.235169 0.459717 0.234110 0.459717 0.232521 0.458740 0.232521 0.458252 0.229343 0.458496 0.228284
1 0.395020 0.226695 0.392334 0.231462 0.392090 0.234110 0.391602 0.234110 0.391357 0.235169 0.391113 0.233581 0.390625 0.233581 0.390137 0.234640 0.390625 0.236229 0.390137 0.237288 0.390625 0.238347 0.390625 0.239936 0.391113 0.239936 0.391357 0.238877 0.390869 0.235169 0.391113 0.234640 0.391846 0.236229 0.392822 0.231992 0.393311 0.231992 0.394531 0.235699 0.394287 0.234110 0.394775 0.232521
1 0.466309 0.226695 0.465088 0.226165 0.464600 0.226695 0.464355 0.228814 0.463379 0.229343 0.463135 0.230932 0.462646 0.229343 0.461914 0.229343 0.461914 0.230932 0.462891 0.233051 0.463379 0.233051 0.463623 0.231992 0.464844 0.232521 0.465576 0.230932
1 0.518555 0.219809 0.517822 0.220869 0.517090 0.225106 0.517578 0.226695 0.517334 0.235699 0.516602 0.238347 0.519287 0.234640 0.518799 0.226695 0.517578 0.224576 0.517578 0.222987 0.518555 0.221928 0.519043 0.220339
1 0.347168 0.217161 0.346924 0.219809 0.347656 0.220339 0.347656 0.222987 0.348633 0.223517 0.348633 0.229873 0.348877 0.228814 0.349121 0.229343 0.349121 0.231992 0.349854 0.233581 0.351318 0.233581 0.351562 0.237288 0.354492 0.242055 0.354736 0.240466 0.354248 0.238347 0.355225 0.236229 0.354736 0.235169 0.353027 0.235169 0.351807 0.231992 0.351074 0.231992 0.350342 0.230403 0.350342 0.227225 0.348389 0.222987 0.348145 0.220869 0.347168 0.219280
1 0.399658 0.216631 0.398926 0.216102 0.398193 0.217161 0.397949 0.219280 0.396484 0.221928 0.396484 0.222987 0.397949 0.221398 0.399170 0.221928 0.399902 0.220869 0.400146 0.218220
1 0.551025 0.216102 0.550781 0.216631 0.550293 0.215042 0.550049 0.216102 0.549561 0.215042 0.549316 0.216631 0.548828 0.215572 0.548584 0.216631 0.547363 0.217161 0.547363 0.218220 0.547852 0.217691 0.548096 0.218750 0.549316 0.219280
1 0.434814 0.211864 0.434570 0.212394 0.436768 0.218220 0.438232 0.220869 0.437988 0.221928 0.439209 0.223517 0.439697 0.219280 0.437988 0.219280 0.435791 0.212924
1 0.304688 0.213453 0.305176 0.216631 0.305664 0.216102 0.306152 0.217161 0.306641 0.217161 0.308350 0.213983 0.309082 0.215042 0.309082 0.213453 0.308838 0.215042 0.308105 0.211864 0.307861 0.212394 0.306885 0.211335 0.305664 0.211864 0.305420 0.213983
1 0.441162 0.209746 0.439941 0.210275 0.438965 0.212394 0.439453 0.214513 0.439209 0.216102 0.439941 0.216102 0.439941 0.214513 0.439453 0.213453 0.441406 0.210805
1 0.338379 0.209216 0.338379 0.210275 0.337891 0.210805 0.338623 0.211335 0.341064 0.216102 0.341064 0.213983 0.340576 0.213453 0.340576 0.212394 0.340088 0.212394
1 0.351318 0.207627 0.349121 0.207627 0.348633 0.210805 0.348877 0.209746 0.349609 0.211335 0.348877 0.211864 0.348633 0.213453 0.348877 0.211864 0.349609 0.212924 0.348145 0.216631 0.348877 0.215042 0.349121 0.216102 0.348633 0.217161 0.349365 0.215572 0.349609 0.212924 0.350098 0.212394 0.350342 0.213453 0.349854 0.211335 0.350586 0.210805 0.350830 0.211864 0.351318 0.210275
1 0.461426 0.207627 0.461670 0.209216 0.462646 0.208686 0.462891 0.210805 0.463379 0.207097 0.464600 0.207097 0.466309 0.208686 0.466797 0.205508 0.463623 0.204449 0.462891 0.204979 0.462646 0.207097 0.461914 0.206568
1 0.332520 0.202331 0.332275 0.203390 0.335693 0.206038 0.337158 0.209216 0.337158 0.206568 0.336426 0.206568 0.335693 0.203390 0.333984 0.201271 0.333252 0.202860
1 0.319824 0.198623 0.319824 0.200742 0.320801 0.203919 0.320801 0.205508 0.322021 0.207627 0.321777 0.206038 0.322266 0.205508 0.321777 0.201801 0.322754 0.199682 0.323730 0.201271 0.325928 0.200742 0.323486 0.199682 0.321045 0.200212 0.320801 0.199153 0.320557 0.201271
1 0.513672 0.199682 0.514648 0.198623 0.514648 0.200212 0.515869 0.202860 0.515869 0.199682 0.516846 0.200742 0.516602 0.202860 0.517822 0.200212 0.516113 0.198093 0.514893 0.198093 0.514648 0.197034
1 0.492676 0.196504 0.492188 0.197564 0.492432 0.200742 0.492920 0.202331 0.493896 0.202860 0.494141 0.202331 0.493652 0.201271 0.492920 0.201271 0.492920 0.199682 0.493408 0.198093 0.494385 0.198623 0.494629 0.197564 0.493408 0.198093 0.493164 0.196504
1 0.317383 0.195975 0.315918 0.199153 0.316650 0.199682 0.317139 0.201271 0.317871 0.201271 0.317871 0.200212 0.318604 0.199153 0.317627 0.198093 0.318359 0.197034
1 0.427246 0.194386 0.426514 0.193856 0.426514 0.194915 0.425293 0.195445 0.424561 0.194386 0.424561 0.198623 0.425049 0.197034 0.425781 0.197034 0.426758 0.199153 0.427246 0.198623
1 0.508789 0.192797 0.508057 0.194386 0.508057 0.196504 0.508545 0.197564 0.508301 0.202860 0.507568 0.203390 0.507324 0.205508 0.507568 0.206038 0.508545 0.203390 0.509033 0.204979 0.507812 0.208157 0.509277 0.210275 0.509277 0.212394 0.508789 0.212924 0.509521 0.212924 0.510010 0.211864 0.510254 0.209216 0.511719 0.205508 0.511230 0.206038 0.510498 0.204449 0.509766 0.204449 0.509277 0.205508 0.508789 0.204449 0.509033 0.203390 0.510010 0.202860 0.510742 0.198093 0.510498 0.198623 0.509521 0.194915 0.508789 0.194386
1 0.345215 0.191737 0.346436 0.204449 0.345703 0.204979 0.346436 0.206568 0.346191 0.209216 0.346680 0.209746 0.346680 0.215042 0.346924 0.211864 0.347168 0.214513 0.347656 0.213453 0.347900 0.214513 0.347900 0.212394 0.347168 0.211335 0.347168 0.210275 0.347900 0.209746 0.347412 0.208686 0.347656 0.205508 0.350098 0.204979 0.349609 0.203390 0.349609 0.202331 0.350098 0.201801 0.349121 0.201271 0.348877 0.202331 0.347656 0.200212 0.348145 0.202331 0.347656 0.203390 0.347168 0.202860 0.345947 0.191737
1 0.391113 0.188559 0.390137 0.188030 0.390625 0.190148 0.390137 0.190678 0.389893 0.189619 0.390137 0.192267 0.389648 0.192797 0.389648 0.194386 0.389160 0.193856 0.389160 0.195445 0.389893 0.194386 0.390625 0.195445 0.390869 0.194386 0.391602 0.194915 0.390869 0.193856 0.390869 0.192797 0.391357 0.192797
1 0.471191 0.186441 0.470703 0.188030 0.472656 0.192267 0.472900 0.195975 0.472656 0.196504 0.472168 0.195445 0.471924 0.196504 0.471680 0.195445 0.471436 0.196504 0.470947 0.195445 0.469727 0.195445 0.469238 0.198093 0.469482 0.202331 0.470459 0.205508 0.471924 0.206568 0.471436 0.208157 0.471191 0.207627 0.470459 0.209216 0.469238 0.209216 0.468750 0.208157 0.468018 0.208686 0.467773 0.210805 0.467285 0.209746 0.467041 0.210805 0.466797 0.209746 0.466553 0.210805 0.466797 0.211864 0.467285 0.211864 0.466797 0.214513 0.467041 0.215042 0.467773 0.213983 0.468018 0.212394 0.469482 0.213453 0.470459 0.211864 0.471191 0.212924 0.472168 0.212924 0.472412 0.211864 0.472900 0.212924 0.473633 0.212924 0.474121 0.216102 0.475342 0.217161 0.476318 0.215572 0.476318 0.213453 0.475586 0.212924 0.475342 0.211335 0.476807 0.209216 0.478516 0.204449 0.479736 0.202860 0.480469 0.202860 0.480469 0.201801 0.482178 0.197034 0.483643 0.198093 0.483887 0.195975 0.483398 0.193326 0.482910 0.193326 0.483154 0.193856 0.482178 0.197034 0.481201 0.197564 0.479736 0.195445 0.478760 0.195445 0.478027 0.193856 0.478271 0.191208 0.479004 0.190148 0.479248 0.188559 0.478760 0.187500 0.478271 0.188559 0.478027 0.188030 0.477783 0.189619 0.477539 0.189089 0.476318 0.193326 0.475586 0.192797 0.475586 0.194386 0.474854 0.194915 0.473877 0.192797 0.473877 0.189619 0.472656 0.189619 0.471924 0.188030 0.471924 0.186970
1 0.417725 0.189089 0.416504 0.188030 0.415039 0.189619 0.414307 0.188030 0.414307 0.186970 0.415039 0.185381 0.414307 0.186970 0.414062 0.186441 0.414062 0.188559 0.413574 0.189619 0.412842 0.188559 0.413086 0.189619 0.413574 0.189619 0.412842 0.191737 0.412354 0.190678 0.411865 0.190678 0.411133 0.192267 0.410645 0.191737 0.411621 0.188030 0.411133 0.189089 0.410889 0.188559 0.408936 0.193326 0.409180 0.193856 0.409668 0.192267 0.410156 0.192267 0.410156 0.195445 0.411377 0.196504 0.411865 0.195445 0.411621 0.193856 0.412354 0.192797 0.413086 0.195975 0.413574 0.196504 0.414062 0.194386 0.416748 0.194915 0.417725 0.192267
1 0.485596 0.183263 0.485840 0.184852 0.485107 0.185911 0.484375 0.185911 0.483887 0.184322 0.482910 0.185911 0.485840 0.192267 0.485352 0.190678 0.485352 0.188030 0.486572 0.186970 0.486816 0.185911
1 0.337891 0.182733 0.337402 0.182203 0.336914 0.183263 0.336914 0.184852 0.336182 0.185911 0.335449 0.184322 0.334717 0.185911 0.334717 0.186970 0.337646 0.187500
1 0.325195 0.181144 0.325195 0.183263 0.330811 0.195445 0.331787 0.195445 0.331299 0.193326 0.328125 0.186441 0.327148 0.186441 0.326416 0.184852 0.326416 0.183263
1 0.478271 0.184852 0.477539 0.183792 0.477295 0.184852 0.476807 0.183263 0.477295 0.179555 0.476807 0.179025 0.475830 0.182203 0.475342 0.181144 0.475342 0.179555 0.474365 0.180085 0.474121 0.182733 0.475342 0.185381 0.476562 0.185911 0.477295 0.184852
1 0.417725 0.179555 0.418213 0.182733 0.419189 0.183263 0.420898 0.186441 0.421387 0.185911 0.421631 0.181674 0.420166 0.182203 0.418457 0.179025
1 0.482666 0.177436 0.481934 0.177966 0.481689 0.179555 0.480469 0.181144 0.480225 0.183263 0.479736 0.183263 0.480469 0.186441 0.479736 0.188030 0.479980 0.191208 0.480469 0.189089 0.480957 0.190148 0.481689 0.190148 0.481934 0.187500 0.482422 0.186970 0.481201 0.186441 0.480713 0.184852 0.481201 0.183263 0.481934 0.183263 0.481934 0.179555
1 0.497070 0.176907 0.498047 0.179025 0.498535 0.182733 0.499023 0.181674 0.501221 0.181674 0.501221 0.179555 0.500000 0.175847 0.498535 0.175847 0.497803 0.174788
1 0.381836 0.174788 0.381836 0.179555 0.383301 0.183263 0.383789 0.182203 0.383301 0.178496 0.383545 0.177966 0.383789 0.179025 0.384521 0.175847 0.384033 0.175847 0.383545 0.177966 0.382812 0.178496
1 0.423096 0.170021 0.423584 0.176907 0.424805 0.175318 0.425537 0.176907 0.425049 0.178496 0.425537 0.178496 0.426758 0.183263 0.427490 0.183792 0.427490 0.180614 0.425781 0.177966 0.425781 0.174788 0.424561 0.174258 0.424072 0.171081
1 0.473877 0.167903 0.472168 0.170021 0.471436 0.172140 0.471680 0.173729 0.472168 0.173729 0.472412 0.171081 0.473633 0.171081 0.474121 0.168962
1 0.432129 0.168432 0.433350 0.168962 0.433838 0.170021 0.432617 0.171081 0.432373 0.172669 0.431885 0.172669 0.431641 0.171610 0.431641 0.172669 0.432617 0.173729 0.433105 0.172669 0.434814 0.175847 0.435059 0.174258 0.433594 0.168962 0.433594 0.166843 0.433350 0.168432 0.433105 0.167373 0.432861 0.168432
1 0.362305 0.165784 0.362305 0.166843 0.363770 0.170551 0.364014 0.173199 0.364502 0.173199 0.365234 0.171610 0.365479 0.172140 0.365479 0.170021 0.365234 0.171081 0.364990 0.170021 0.364258 0.171081 0.363525 0.168432 0.363525 0.166843
1 0.352539 0.162076 0.351562 0.164195 0.351562 0.165784 0.352295 0.165784 0.352783 0.166843 0.353027 0.165784 0.353271 0.166314 0.353516 0.164195
1 0.485840 0.157839 0.486084 0.159958 0.487305 0.162606 0.487793 0.162606 0.487793 0.164195 0.488281 0.164725 0.487793 0.166843 0.488037 0.168962 0.487549 0.169492 0.486816 0.172669 0.487549 0.175847 0.488281 0.174788 0.488770 0.172140 0.489990 0.172140 0.490479 0.173199 0.490234 0.171081 0.490967 0.170021 0.490479 0.167373 0.489990 0.166843 0.489990 0.165254 0.489014 0.164725 0.489014 0.163136 0.488281 0.162076 0.487793 0.158898 0.487305 0.157839
1 0.476074 0.156780 0.475830 0.157839 0.475098 0.157839 0.473633 0.161547 0.475098 0.161017 0.475098 0.162606 0.475830 0.161547
1 0.542725 0.155720 0.542969 0.158369 0.545410 0.162606 0.544434 0.165254 0.545654 0.167903 0.546143 0.165254 0.545166 0.161547 0.545166 0.159958 0.544678 0.158369 0.543701 0.157839 0.542969 0.156250 0.543213 0.155720
1 0.372070 0.156250 0.372070 0.158898 0.373047 0.159958 0.374268 0.159958 0.374512 0.158369 0.373291 0.155720 0.372803 0.156780
1 0.540527 0.155720 0.540527 0.158369 0.540039 0.158369 0.540283 0.159958 0.540771 0.157839 0.541748 0.161547 0.540283 0.161547 0.540039 0.163136 0.540283 0.162076 0.541504 0.162076 0.542236 0.164725 0.541016 0.167903 0.543213 0.172140 0.543213 0.173199 0.543945 0.174788 0.544434 0.173199 0.544678 0.168962 0.543701 0.166314 0.542969 0.166314 0.542236 0.164725 0.542480 0.158369 0.541504 0.157309 0.541748 0.155720 0.541504 0.155191 0.541260 0.156780
1 0.401855 0.153072 0.402588 0.155191 0.403564 0.155191 0.403320 0.157309 0.404541 0.157309 0.404053 0.152542
1 0.337891 0.157839 0.337402 0.155720 0.338379 0.154131 0.338135 0.152542 0.336182 0.153072 0.335449 0.154661 0.334717 0.153072 0.336182 0.156250 0.336670 0.155191
1 0.341309 0.152013 0.339600 0.153072 0.339355 0.152542 0.339355 0.154661 0.338379 0.158898 0.338623 0.159428 0.339600 0.156780 0.341064 0.155191 0.340820 0.154661 0.341553 0.153072
1 0.532959 0.150424 0.532715 0.153602 0.532227 0.153602 0.532715 0.156250 0.534912 0.156250 0.532715 0.154131 0.533936 0.152542 0.533691 0.150424
1 0.500000 0.152542 0.503418 0.153602 0.504395 0.152013 0.503174 0.151483 0.501953 0.149364 0.501221 0.149364 0.500977 0.151483
1 0.461914 0.149364 0.462158 0.151483 0.461426 0.153072 0.461670 0.155191 0.462158 0.154661 0.463135 0.156250 0.463623 0.155191 0.463379 0.152542
1 0.406982 0.149894 0.405518 0.148305 0.404785 0.149364 0.404785 0.152013 0.405029 0.152542 0.405518 0.151483 0.406738 0.151483
1 0.476318 0.146716 0.475342 0.145127 0.473633 0.146716 0.472168 0.150424 0.471924 0.153072 0.474609 0.147775 0.476318 0.148305 0.476562 0.149364
1 0.367920 0.144068 0.367432 0.144068 0.366943 0.145657 0.366455 0.144597 0.367188 0.148305 0.365967 0.148305 0.365479 0.150424 0.365723 0.150953 0.367920 0.149364 0.368408 0.146716 0.368408 0.145127
1 0.385254 0.140890 0.384766 0.141949 0.385254 0.144068 0.384766 0.146186 0.385742 0.148305 0.385742 0.149894 0.386230 0.149894 0.386475 0.146186 0.385742 0.145657
1 0.342529 0.141419 0.342773 0.142479 0.343506 0.141949 0.344971 0.145657 0.345703 0.145657 0.345459 0.144068 0.346191 0.142479 0.345947 0.140890 0.344727 0.141949 0.344482 0.144068 0.343994 0.141949 0.342773 0.140890
1 0.462646 0.142479 0.461670 0.140360 0.460693 0.140890 0.459473 0.144068 0.459961 0.145127 0.461182 0.143008
1 0.472168 0.138771 0.471924 0.143008 0.472900 0.144597 0.473633 0.142479 0.473877 0.139831 0.473145 0.138771
1 0.497559 0.137712 0.498779 0.140890 0.499756 0.141949 0.499512 0.143538 0.500488 0.141419 0.502686 0.141419 0.501465 0.140890 0.501465 0.139301 0.500977 0.140890 0.499023 0.138242 0.499512 0.137712 0.499023 0.137182 0.500000 0.136653
1 0.520996 0.129767 0.520508 0.130826 0.520508 0.133475 0.520996 0.134534 0.520996 0.132945 0.521729 0.130826 0.522705 0.131886 0.523438 0.134534 0.523438 0.135593 0.522949 0.136123 0.523438 0.136653 0.523193 0.140360 0.522461 0.138242 0.522705 0.137712 0.521484 0.138242 0.520996 0.139301 0.521729 0.139831 0.523682 0.145127 0.525391 0.146716 0.525391 0.139831 0.525146 0.138771 0.524902 0.139831 0.524658 0.138771 0.523682 0.138242 0.523682 0.136653 0.524170 0.135593 0.524658 0.137182 0.524414 0.137712 0.524902 0.137712 0.524902 0.136653 0.524414 0.136653 0.523682 0.134534 0.523926 0.133475 0.522217 0.130297
1 0.366211 0.128178 0.365479 0.129767 0.364746 0.128178 0.363770 0.129237 0.363770 0.131356 0.363281 0.129237 0.363037 0.130297 0.364258 0.132415 0.364014 0.133475 0.363770 0.132945 0.363281 0.134004 0.362061 0.130297 0.361816 0.131886 0.363281 0.135064 0.364258 0.135593 0.364502 0.134534 0.364746 0.135064 0.364502 0.134534 0.364990 0.134004 0.364990 0.132945 0.366211 0.132945 0.365234 0.132415 0.365723 0.131356 0.365479 0.129767 0.366455 0.129237
1 0.514648 0.110699 0.514893 0.114407 0.516113 0.114936 0.517578 0.117055 0.518555 0.115996 0.518799 0.113877 0.517822 0.113347 0.517090 0.111758 0.515625 0.112818
1 0.509766 0.109640 0.509277 0.109640 0.508789 0.112288 0.509033 0.112818 0.508545 0.113877 0.508057 0.113347 0.506592 0.115466 0.505127 0.114936 0.504639 0.115466 0.504395 0.117585 0.506348 0.115466 0.506836 0.115996 0.506836 0.117055 0.507812 0.117585 0.508301 0.118644 0.508057 0.120763 0.508789 0.122352 0.507812 0.123941 0.508057 0.125000 0.509277 0.122352 0.508789 0.121292 0.508545 0.116525 0.511475 0.112288 0.510742 0.111758 0.510254 0.110169 0.510010 0.111229
1 0.357910 0.106462 0.358887 0.108581 0.361572 0.108581 0.360840 0.106462 0.360107 0.105932
1 0.506836 0.104873 0.506104 0.104873 0.505371 0.106992 0.505615 0.109110 0.505127 0.111229 0.506592 0.108051 0.507324 0.108051
1 0.433594 0.103814 0.434082 0.106992 0.434326 0.106462 0.436035 0.107521 0.437012 0.105932 0.435547 0.103814 0.435547 0.105403 0.436035 0.106462 0.435547 0.107521 0.434570 0.104343
1 0.291992 0.102754 0.291504 0.105932 0.292236 0.108051 0.293213 0.108581 0.293701 0.107521 0.293701 0.105932 0.292969 0.102754
1 0.358643 0.090042 0.358887 0.095869 0.359375 0.097458 0.360107 0.096928 0.361816 0.099047 0.361816 0.097458 0.359375 0.094809 0.359619 0.093220 0.360596 0.092161 0.360352 0.090042 0.359863 0.092691 0.359131 0.092161 0.359131 0.090042
1 0.385742 0.087394 0.385254 0.088983 0.385254 0.091631 0.384277 0.091631 0.385254 0.094280 0.385986 0.094809 0.386230 0.092161 0.387207 0.093750 0.386963 0.094280 0.387695 0.096398 0.387695 0.098517 0.388184 0.099047 0.387939 0.101165 0.388672 0.101695 0.388916 0.101165 0.388428 0.100636 0.389160 0.100106 0.389160 0.096928 0.387939 0.096928 0.388672 0.095339 0.388672 0.093220 0.388428 0.094280 0.387939 0.094280 0.387207 0.092691 0.387207 0.091631 0.387695 0.091102 0.386230 0.090042 0.385742 0.088983
1 0.462158 0.085805 0.461670 0.092161 0.462158 0.092161 0.462402 0.090042 0.463379 0.090572 0.463623 0.089513 0.463135 0.087394 0.462402 0.088453 0.462158 0.087924
1 0.487061 0.088983 0.487549 0.091631 0.487793 0.091102 0.488770 0.092161 0.489746 0.090572 0.489990 0.088983 0.490723 0.090042 0.490723 0.088453 0.491211 0.087394 0.491455 0.088453 0.491455 0.087394 0.489990 0.087394 0.489990 0.085805 0.489502 0.087394 0.488770 0.086864 0.488525 0.085275 0.488037 0.085275 0.487549 0.086864 0.487793 0.089513 0.487549 0.090042
1 0.398926 0.084746 0.398193 0.084746 0.398193 0.083686 0.397461 0.082627 0.396973 0.084746 0.396240 0.084746 0.396240 0.086864 0.395508 0.088453 0.397217 0.086335 0.397461 0.087924 0.397705 0.086335
1 0.351562 0.082627 0.351807 0.085805 0.351074 0.086335 0.350586 0.088453 0.351318 0.087924 0.351807 0.088983 0.351562 0.092161 0.351807 0.093220 0.353027 0.092691 0.352783 0.086335 0.353271 0.084216 0.351807 0.083157 0.352295 0.082627
1 0.389160 0.079449 0.388672 0.081038 0.390137 0.081038 0.390625 0.082097 0.389648 0.082627 0.389404 0.083686 0.388672 0.083686 0.388184 0.081568 0.387695 0.081568 0.388184 0.082097 0.386719 0.082627 0.386963 0.084746 0.386475 0.085275 0.388428 0.085275 0.389160 0.086864 0.389404 0.090572 0.389893 0.090572 0.390625 0.088983 0.389160 0.087394 0.389160 0.085275 0.390869 0.081568 0.389893 0.081038
1 0.355469 0.081038 0.355713 0.083686 0.357422 0.087924 0.358643 0.085805 0.358887 0.084216 0.359375 0.084216 0.359619 0.085275 0.359863 0.084216 0.359375 0.083157 0.357666 0.083157 0.356934 0.080508 0.357666 0.079449 0.356445 0.079449 0.356201 0.081038
1 0.468262 0.077331 0.467285 0.077331 0.467285 0.078919 0.466309 0.079979 0.466309 0.081038 0.465820 0.081568 0.465820 0.085275 0.466553 0.088453 0.467041 0.088983 0.466309 0.087394 0.466553 0.084746 0.467529 0.081568 0.467773 0.082627 0.468506 0.081568
1 0.334229 0.076801 0.333496 0.077331 0.334229 0.078919 0.334717 0.078390 0.334961 0.079449 0.333496 0.080508 0.333740 0.082627 0.333008 0.084216 0.334473 0.086864 0.334961 0.088983 0.335449 0.088453 0.334229 0.086335 0.334717 0.085275 0.334229 0.083157 0.334961 0.082627 0.334961 0.078390
1 0.460693 0.076801 0.460938 0.079979 0.461670 0.078919 0.462158 0.079979 0.462646 0.078919 0.462891 0.081568 0.463867 0.081568 0.464111 0.080508 0.463623 0.079979 0.463623 0.078919 0.462402 0.078390 0.462158 0.076271
1 0.458008 0.071504 0.458008 0.073623 0.457520 0.072034 0.457031 0.072034 0.457275 0.080508 0.458008 0.079449 0.458008 0.075212 0.458496 0.074682 0.458984 0.075742 0.458252 0.074153
1 0.300293 0.070975 0.301270 0.074682 0.303223 0.075742 0.302979 0.073093 0.302002 0.070975
1 0.389648 0.064619 0.389648 0.068326 0.390625 0.070445 0.392090 0.071504 0.391357 0.067797 0.390869 0.067797
1 0.418945 0.062500 0.418945 0.065148 0.420898 0.068326 0.420898 0.065148 0.419922 0.062500
1 0.408203 0.066208 0.407959 0.063030 0.406738 0.061970 0.405273 0.062500 0.404297 0.065678 0.405762 0.064089 0.406006 0.065148
2 0.492432 0.049788 0.498047 0.055614 0.512207 0.055614 0.513184 0.068326 0.509521 0.079449 0.514160 0.105403 0.529785 0.122352 0.535156 0.140360 0.553223 0.153602 0.560059 0.193326 0.574707 0.229343 0.583740 0.231992 0.594971 0.223517 0.602051 0.228814 0.606201 0.219809 0.604492 0.209746 0.608643 0.193856 0.608154 0.178496 0.612793 0.175318 0.614014 0.189089 0.610840 0.192797 0.613525 0.220339 0.627441 0.236229 0.640625 0.219809 0.650391 0.167903 0.661377 0.160487 0.671631 0.141419 0.682617 0.147775 0.694092 0.133475 0.696045 0.113347 0.690674 0.102225 0.682373 0.101695 0.679932 0.095339 0.696289 0.052966 0.706543 0.064619 0.722656 0.046610 0.733154 0.022775 0.735352 0.000000 0.545654 0.000000 0.543213 0.014301 0.536377 0.009534 0.535400 0.000000 0.494629 0.000000 0.493896 0.007945 0.497559 0.017479 0.493652 0.029131
2 0.056641 0.771716 0.053711 0.772775 0.044434 0.786017 0.039551 0.799258 0.018311 0.844809 0.018311 0.849576 0.030518 0.879767 0.043213 0.908369 0.048340 0.916314 0.053711 0.930085 0.057129 0.935381 0.060791 0.935911 0.064941 0.926907 0.067871 0.917373 0.070068 0.905191 0.076172 0.887182 0.069336 0.876059 0.066650 0.861229 0.071289 0.841631 0.074463 0.832627 0.077881 0.827860 0.077881 0.820445 0.068115 0.788665 0.063965 0.780720 0.061279 0.779661 0.060303 0.773835
2 0.025635 0.741525 0.022461 0.739407 0.008545 0.738347 0.005127 0.736758 0.000000 0.736229 0.000000 0.797669 0.002197 0.797140 0.004150 0.792373 0.005371 0.791314 0.006836 0.788136 0.011963 0.780191 0.015137 0.772246 0.024170 0.754237 0.026611 0.748411 0.026855 0.744703
