0 0.952881 0.292373 0.951660 0.291843 0.950928 0.293432 0.949707 0.293432 0.949463 0.292373 0.947998 0.293432 0.948975 0.294492 0.948486 0.296610 0.949219 0.297140 0.950684 0.296081 0.949707 0.295551 0.950439 0.293962 0.951660 0.292903 0.952393 0.293432
0 0.988037 0.239407 0.986816 0.238877 0.986816 0.242055 0.985107 0.242585 0.984863 0.241525 0.985840 0.240466 0.985840 0.236758 0.985107 0.236229 0.984375 0.237288 0.983887 0.239936 0.984131 0.240466 0.983398 0.242585 0.980469 0.244703 0.978271 0.247352 0.977539 0.247352 0.977295 0.249470 0.977783 0.247352 0.978760 0.248411 0.978027 0.250530 0.979492 0.250530 0.980713 0.248941 0.982422 0.248411 0.983154 0.245763 0.983887 0.246292 0.983887 0.245233 0.986328 0.244174 0.986328 0.242585 0.987793 0.243114 0.987305 0.242585 0.988037 0.241525
0 0.842285 0.178496 0.843018 0.178496 0.843506 0.179555 0.843750 0.177436 0.844238 0.177966 0.844727 0.176377 0.845215 0.176377 0.845215 0.175318 0.845947 0.175318 0.846436 0.176907 0.848389 0.176377 0.849121 0.179025 0.850586 0.179555 0.851318 0.178496 0.852051 0.175318 0.851074 0.176907 0.850342 0.176907 0.849854 0.175847 0.847656 0.175847 0.846680 0.174258 0.844727 0.175318
0 0.849854 0.168962 0.849609 0.167903 0.848633 0.167373 0.847412 0.169492 0.846436 0.169492 0.845703 0.168432 0.845703 0.172140 0.846680 0.169492 0.847656 0.170551 0.847900 0.173199 0.848877 0.172140
0 0.867676 0.160487 0.866455 0.162606 0.866699 0.167373 0.866943 0.165784 0.868408 0.165784 0.867432 0.164725
0 0.856689 0.152542 0.858154 0.151483 0.858398 0.152542 0.857666 0.153072 0.861084 0.153072 0.862305 0.151483 0.859863 0.150953 0.858887 0.151483 0.858643 0.152542 0.858154 0.151483 0.857422 0.151483 0.857178 0.150424
0 0.855957 0.149364 0.854736 0.149364 0.855225 0.150953 0.854980 0.152013 0.854736 0.151483 0.855469 0.153072 0.854980 0.154131 0.851562 0.155720 0.854004 0.156250 0.855225 0.155191 0.855957 0.153602 0.854980 0.152013 0.855225 0.149894
0 0.872314 0.134004 0.871582 0.134004 0.870850 0.135593 0.871338 0.136653 0.871338 0.138242 0.870117 0.138771 0.869385 0.140890 0.869873 0.143008 0.870361 0.142479 0.870361 0.139831 0.870850 0.138771 0.871338 0.139301 0.871582 0.135064
0 0.883545 0.131356 0.882324 0.131886 0.881836 0.132945 0.882568 0.131886 0.883057 0.132415 0.882568 0.134004 0.881836 0.134004 0.881836 0.139301 0.882812 0.141419 0.883545 0.140360 0.883057 0.139831 0.883545 0.136653 0.882568 0.135064 0.882568 0.134004 0.883789 0.133475
0 0.866455 0.131356 0.867188 0.135593 0.869385 0.132945
0 0.909912 0.129237 0.909668 0.128708 0.907715 0.129767 0.908203 0.130297 0.908203 0.131886 0.907227 0.134004 0.907959 0.132415 0.908691 0.132415 0.908936 0.133475 0.909912 0.132945
0 0.911377 0.113347 0.910156 0.114407 0.910156 0.118114 0.911377 0.118114
0 0.907227 0.112288 0.907227 0.115996 0.908936 0.115996 0.908936 0.112288
0 0.861572 0.108581 0.858398 0.109110 0.858154 0.110699 0.858887 0.111758 0.860107 0.111758 0.860352 0.109640
0 0.858154 0.104873 0.857422 0.105403 0.856689 0.107521 0.855713 0.107521 0.855469 0.106992 0.857178 0.104343 0.856934 0.102225 0.856445 0.102754 0.856934 0.104343 0.854980 0.106992 0.854248 0.106992 0.854248 0.108051 0.856445 0.109640 0.856445 0.108051
0 0.977783 0.097458 0.976562 0.095869 0.973633 0.096398 0.973633 0.097987 0.974121 0.099047 0.973389 0.100636 0.974121 0.099047 0.974609 0.100106 0.975830 0.100106 0.976074 0.099047 0.977295 0.099047
0 0.947998 0.090572 0.945801 0.091102 0.944336 0.093220 0.943115 0.096398 0.942383 0.096398 0.941162 0.097987 0.941162 0.099047 0.945068 0.093750 0.947754 0.092161 0.947021 0.091631
0 0.997070 0.092161 0.999268 0.092691 0.999756 0.093750 0.999756 0.090042 0.998535 0.090042 0.998291 0.091102 0.997559 0.091102
0 0.974365 0.083157 0.974121 0.083686 0.973633 0.082627 0.973145 0.084216 0.970947 0.086335 0.969238 0.085805 0.968750 0.084746 0.968994 0.085805 0.968506 0.088453 0.968750 0.089513 0.969482 0.089513 0.969482 0.087924 0.969971 0.086864 0.970703 0.087394 0.972412 0.084746 0.972900 0.085275 0.972900 0.084216 0.973877 0.085275 0.973633 0.086335 0.974609 0.086335 0.973877 0.084216
0 0.995117 0.080508 0.995605 0.081568 0.995361 0.084216 0.995850 0.084746 0.995605 0.085805 0.996094 0.085805 0.996094 0.087394 0.997314 0.087394 0.997559 0.086335 0.998291 0.086335 0.998779 0.085275 0.996582 0.084746 0.995850 0.083157 0.995850 0.079979
0 0.965088 0.079449 0.963623 0.080508 0.963379 0.079449 0.962891 0.079449 0.962402 0.080508 0.962891 0.081568 0.962891 0.083157 0.963623 0.083157 0.963135 0.082627 0.963379 0.082097 0.964355 0.082627 0.964111 0.084746 0.962891 0.084746 0.963379 0.085805 0.962891 0.086335 0.963623 0.087394 0.963623 0.086335 0.964600 0.086335 0.964844 0.084216 0.965576 0.084216 0.965576 0.082097 0.966064 0.081038
0 0.896729 0.078390 0.895752 0.076801 0.895996 0.076271 0.891113 0.079449 0.893066 0.081038
0 0.925781 0.064619 0.927734 0.066208 0.929932 0.066208 0.931152 0.065148 0.929443 0.064089
0 0.943115 0.061441 0.938965 0.060381 0.936279 0.062500 0.932861 0.061441 0.932373 0.063030 0.941650 0.063030
0 0.997559 0.050847 0.997559 0.055085 0.997070 0.055085 0.997070 0.056674 0.996338 0.058792 0.997314 0.058792 0.997559 0.059852 0.997803 0.059322 0.998779 0.063030 0.999023 0.060911 0.999756 0.061970 0.999756 0.059322 0.999268 0.058263 0.997559 0.057733 0.998535 0.056144 0.999268 0.056144 0.997803 0.056144 0.997559 0.054555 0.998291 0.051377
0 0.875488 0.049258 0.874268 0.051377 0.873779 0.050318 0.872070 0.049788 0.873291 0.051907 0.872314 0.053496 0.871094 0.051377 0.872314 0.054025 0.871338 0.056674 0.871338 0.058263 0.871338 0.057203 0.872070 0.055614 0.872559 0.056674 0.874268 0.055085 0.873779 0.054025 0.874268 0.051907 0.875244 0.052436 0.875000 0.054025 0.875488 0.055085 0.875732 0.051907 0.875000 0.051907
0 0.978516 0.048729 0.979492 0.055614 0.980469 0.057203 0.980469 0.058792 0.981689 0.058792 0.982910 0.063030 0.983643 0.063030 0.984131 0.064089 0.984375 0.059852 0.988037 0.059852 0.988037 0.057203 0.984375 0.057203 0.984131 0.059322 0.983887 0.058263 0.983643 0.059322 0.982422 0.059322 0.982178 0.056144 0.981689 0.055085 0.980225 0.054555 0.980225 0.047669 0.979004 0.047669
0 0.970215 0.042373 0.970215 0.043962 0.970703 0.045021 0.971924 0.045021 0.972412 0.043962 0.973633 0.047140 0.974365 0.047140 0.974854 0.048199 0.975342 0.047140 0.975342 0.044492 0.974854 0.043962 0.974854 0.042373 0.976807 0.041314 0.976318 0.040254 0.972656 0.040254 0.972412 0.042373
0 0.993652 0.039195 0.993164 0.040254 0.993164 0.041843 0.993652 0.042903 0.993164 0.043432 0.993408 0.044492 0.992676 0.046081 0.993164 0.047140 0.995850 0.047140 0.995850 0.045551 0.995361 0.044492 0.994385 0.044492 0.993896 0.046081 0.993408 0.045021 0.993408 0.043962 0.994385 0.042903 0.994385 0.039195
0 0.996582 0.033898 0.995117 0.033898 0.995117 0.037606 0.995605 0.036547 0.996094 0.037076 0.995605 0.038136 0.995850 0.038665 0.995117 0.039195 0.995361 0.041843 0.995605 0.040784 0.996094 0.041314 0.995850 0.041843 0.996338 0.041314 0.995850 0.040784 0.995850 0.039195 0.996582 0.037076 0.997314 0.037606 0.997559 0.036547 0.997803 0.037606 0.997803 0.036017
0 0.886230 0.030191 0.888672 0.035487 0.888672 0.037076 0.889648 0.035487 0.887695 0.030720 0.888672 0.028602 0.888184 0.028602 0.887451 0.030191
0 0.895264 0.021186 0.893555 0.024894 0.893311 0.026483 0.893799 0.028072 0.895508 0.024894 0.895996 0.025424 0.895020 0.023835
0 0.902588 0.016419 0.899658 0.024364 0.897217 0.025953 0.895996 0.029131 0.892578 0.032839 0.893799 0.032839 0.894043 0.036017 0.895020 0.033369 0.897217 0.032309 0.895020 0.039725 0.893066 0.041314 0.892822 0.040254 0.894775 0.037606 0.892090 0.039195 0.892090 0.036017 0.890137 0.036547 0.890137 0.038665 0.890869 0.037076 0.890869 0.039195 0.891846 0.041314 0.891357 0.044492 0.892578 0.043432 0.891602 0.045551 0.891602 0.048729 0.888184 0.050318 0.890381 0.049258 0.890625 0.050847 0.883301 0.059852 0.883301 0.060911 0.881592 0.059322 0.881348 0.062500 0.885498 0.059852 0.885742 0.060911 0.887695 0.056674 0.889648 0.057733 0.888916 0.056144 0.892090 0.050847 0.893066 0.052966 0.892822 0.054555 0.892090 0.054555 0.892334 0.056674 0.893311 0.055085 0.892578 0.055085 0.894043 0.051377 0.895508 0.051377 0.893799 0.050318 0.895020 0.046081 0.898926 0.055085 0.901123 0.070445 0.902100 0.069386 0.900635 0.059852 0.899902 0.058792 0.899902 0.055085 0.898926 0.053496 0.899170 0.051907 0.898682 0.052436 0.896973 0.048729 0.897217 0.046610 0.897949 0.046081 0.896240 0.041843 0.896973 0.040784 0.897217 0.035487 0.898682 0.031250 0.898682 0.029661 0.898193 0.031250 0.897217 0.031250 0.896973 0.027542 0.900391 0.024894 0.900879 0.022246 0.901611 0.022246
0 0.880127 0.014301 0.878662 0.013771 0.877686 0.016949 0.876465 0.017479 0.876953 0.018538 0.877930 0.016949 0.878906 0.017479 0.878906 0.016419
0 0.883789 0.010593 0.882324 0.012182 0.882080 0.010064 0.881348 0.009534 0.881348 0.011123 0.879883 0.013242 0.881836 0.011653 0.882080 0.012712 0.880859 0.014831 0.881592 0.013771 0.882324 0.014831 0.881592 0.016949 0.880371 0.016949 0.878906 0.019068 0.879639 0.019597 0.880127 0.018538 0.881348 0.019597 0.881104 0.021186 0.879395 0.021186 0.879150 0.022775 0.879883 0.021716 0.881592 0.021716 0.882324 0.020657 0.881836 0.019068 0.882812 0.017479 0.883057 0.014831 0.884277 0.012712 0.883789 0.012712 0.882812 0.014831 0.882568 0.012182
0 0.934082 0.005826 0.931885 0.006886 0.930908 0.009004 0.929688 0.009004 0.929443 0.007415 0.930420 0.005826 0.931396 0.006356 0.932617 0.004237 0.931885 0.004237 0.929688 0.006886 0.928467 0.006886 0.927979 0.008475 0.928223 0.010064 0.928955 0.010064 0.929199 0.012712 0.929688 0.011653 0.929199 0.010593 0.929932 0.009004 0.931152 0.009004 0.931396 0.010064 0.930908 0.010593 0.931641 0.010593 0.932617 0.009534 0.931885 0.009004 0.932617 0.006886
0 0.961426 0.013242 0.962402 0.014831 0.962891 0.020657 0.964600 0.020657 0.964844 0.024894 0.966309 0.025953 0.965820 0.028072 0.968018 0.026483 0.969727 0.027542 0.969482 0.029131 0.967041 0.030191 0.968506 0.029131 0.970215 0.032839 0.969482 0.033898 0.969727 0.036547 0.971436 0.038665 0.970703 0.039725 0.971436 0.039195 0.971436 0.033898 0.972412 0.033369 0.972656 0.030191 0.974121 0.032309 0.977295 0.030191 0.977539 0.033369 0.980469 0.039725 0.983643 0.038665 0.982178 0.033898 0.988037 0.033369 0.988037 0.030720 0.985596 0.025424 0.989502 0.020657 0.988281 0.025953 0.988281 0.029131 0.989502 0.029131 0.989502 0.024364 0.991455 0.020657 0.990967 0.019068 0.991699 0.017479 0.995361 0.018538 0.995605 0.024894 0.996094 0.021716 0.999268 0.023835 0.999023 0.031780 0.999756 0.031250 0.999756 0.021186 0.996094 0.020127 0.995850 0.016949 0.992432 0.016949 0.991699 0.015360 0.994141 0.013242 0.998047 0.014301 0.998291 0.011653 0.997070 0.012712 0.996338 0.011123 0.997314 0.010064 0.993652 0.010593 0.993408 0.008475 0.991211 0.008475 0.993408 0.006356 0.991211 0.006886 0.989990 0.004237 0.988770 0.005297 0.989990 0.002119 0.985352 0.007945 0.985840 0.005297 0.985107 0.004237 0.985107 0.000000 0.983887 0.003178 0.982178 0.002648 0.982422 0.001059 0.980225 0.001059 0.981445 0.005297 0.980957 0.008475 0.980225 0.004767 0.976562 0.004767 0.977783 0.000530 0.976562 0.000000 0.975830 0.004237 0.971924 0.008475 0.970215 0.009004 0.970215 0.007415 0.971924 0.006356 0.970215 0.007415 0.969482 0.005297 0.968750 0.006886 0.964844 0.006356 0.962891 0.008475
0 0.940186 0.006356 0.941162 0.006356 0.942383 0.004237 0.943359 0.004237 0.943848 0.002119 0.944824 0.003178 0.944336 0.001059 0.943604 0.002648 0.942139 0.003708 0.941895 0.003178 0.942383 0.001059 0.943115 0.000000 0.940918 0.000000 0.941406 0.001059 0.939941 0.002648
0 0.931396 0.000000 0.926758 0.000000 0.926758 0.001589 0.925781 0.001059 0.925293 0.002648 0.923340 0.004237 0.922852 0.005826 0.922119 0.005297 0.920654 0.007945 0.917725 0.010593 0.920410 0.010064 0.920654 0.010593 0.919922 0.012712 0.918945 0.012182 0.919189 0.012712 0.918457 0.013771 0.919678 0.012712 0.919678 0.014301 0.921631 0.012182 0.922363 0.012182 0.922852 0.010593 0.922607 0.010064 0.923584 0.009004 0.924316 0.012182 0.925293 0.013242 0.923584 0.016419 0.922607 0.016949 0.922852 0.019068 0.922852 0.016949 0.924561 0.014831 0.925293 0.017479 0.924805 0.018538 0.926514 0.017479 0.927246 0.016419 0.926025 0.017479 0.924805 0.015360 0.925293 0.013771 0.927246 0.011653 0.925293 0.013242 0.924805 0.011653 0.924561 0.007415 0.925293 0.005826 0.926514 0.005297 0.927002 0.004237 0.927979 0.004237
0 0.910400 0.000000 0.909668 0.000000 0.909912 0.001059 0.907471 0.005826 0.906738 0.005826 0.906494 0.007415 0.905029 0.009004 0.904541 0.010593 0.904053 0.009534 0.903320 0.011653 0.904297 0.011653 0.904541 0.013242 0.905518 0.010064 0.906250 0.010064 0.907227 0.006886 0.908203 0.006356 0.910400 0.002119 0.909912 0.001589
0 0.898682 0.011653 0.900635 0.010064 0.901123 0.011123 0.901611 0.009534 0.902344 0.009534 0.904297 0.004767 0.905273 0.003708 0.905762 0.004237 0.906738 0.001589 0.905029 0.000000 0.904541 0.001589 0.905029 0.003178 0.903076 0.006886 0.903076 0.003708 0.903809 0.003178 0.903320 0.001589 0.903564 0.000000 0.900879 0.000000 0.899902 0.001589 0.899170 0.000000 0.898438 0.000000 0.898438 0.001059 0.898926 0.000000 0.899658 0.001589 0.900391 0.002119 0.899658 0.002648 0.901123 0.003178 0.901367 0.002119 0.903076 0.002119 0.902100 0.004767 0.900146 0.006886 0.899170 0.009004
0 0.000000 0.000000 0.000000 0.999470 0.999756 0.999470 0.999756 0.661017 0.963623 0.652542 0.999756 0.638242 0.999756 0.275953 0.938721 0.313030 0.990967 0.261123 0.951172 0.273835 0.950195 0.245233 0.999756 0.224047 0.987061 0.074153 0.902100 0.178496 0.918701 0.145657 0.903076 0.109640 0.884033 0.115996 0.848145 0.208686 0.837158 0.169492 0.875488 0.102754 0.846924 0.112288 0.884521 0.081038 0.881836 0.043962 0.858154 0.064619 0.863037 0.015360 0.885010 0.000000
1 0.802002 0.995233 0.802490 0.996822 0.802979 0.996292 0.803223 0.997352 0.803955 0.997352 0.804199 0.999470 0.805420 0.999470 0.803955 0.995233
1 0.772461 0.993114 0.771973 0.994174 0.769531 0.993114 0.768799 0.994703 0.767578 0.994703 0.766602 0.996292 0.766113 0.996292 0.765137 0.993644 0.764648 0.993644 0.765625 0.995233 0.764893 0.996822 0.764893 0.997881 0.764160 0.998411 0.765381 0.999470 0.765869 0.997352 0.767334 0.997881 0.767578 0.996292 0.768311 0.997352 0.768555 0.996292 0.769287 0.996292 0.769775 0.995233 0.771973 0.995233
1 0.778076 0.994703 0.778809 0.996822 0.778564 0.999470 0.790039 0.999470 0.789062 0.995233 0.787109 0.993114 0.786133 0.993114 0.786133 0.994174 0.785645 0.993644 0.784912 0.995233 0.783936 0.995233 0.783447 0.996292 0.782227 0.992585 0.780518 0.991525 0.779785 0.993644 0.778564 0.993644
1 0.588623 0.990996 0.587646 0.991525 0.587891 0.996292 0.589111 0.995763 0.589111 0.992585
1 0.609375 0.988877 0.608154 0.989936 0.607910 0.994703 0.609619 0.995763 0.610352 0.993644
1 0.664062 0.988877 0.665039 0.989936 0.665527 0.992055 0.666260 0.993114 0.667725 0.993114 0.667969 0.995233 0.669678 0.993114 0.669189 0.993114 0.668457 0.990466 0.666504 0.988347 0.665283 0.989936
1 0.808838 0.987288 0.808838 0.994174 0.806885 0.997352 0.807129 0.999470 0.812744 0.999470 0.812256 0.998411 0.811768 0.998941 0.810547 0.997352 0.809814 0.994703 0.810059 0.992585 0.809082 0.989407 0.809326 0.987818 0.808838 0.988347
1 0.803467 0.988347 0.803711 0.990466 0.805176 0.995233 0.806152 0.996292 0.806152 0.990996 0.807129 0.989936 0.806885 0.987818 0.806152 0.987818 0.805908 0.989407 0.805176 0.988347
1 0.763428 0.988347 0.764404 0.992585 0.764893 0.990466 0.765625 0.992055 0.766113 0.990996 0.767334 0.992055 0.766357 0.990996 0.766846 0.989936 0.766602 0.989407 0.765137 0.989407 0.764648 0.988347 0.764893 0.986229 0.763916 0.988347
1 0.649414 0.986229 0.649170 0.986758 0.649902 0.989936 0.649414 0.990466 0.648438 0.988347 0.648193 0.988877 0.650146 0.992055 0.649902 0.992585 0.650635 0.993644 0.650635 0.991525 0.651123 0.990466 0.650391 0.987818
1 0.594971 0.986229 0.592529 0.990996 0.592529 0.992055 0.593018 0.992055 0.593506 0.990466 0.594238 0.993644 0.595703 0.990996 0.594727 0.987288
1 0.282471 0.986229 0.283203 0.987288 0.282227 0.987288 0.281494 0.989936 0.281982 0.990466 0.280762 0.993114 0.280273 0.992585 0.279785 0.993644 0.279785 0.995233 0.280762 0.995763 0.280273 0.997352 0.280273 0.999470 0.285156 0.999470 0.285156 0.997352 0.284668 0.995763 0.284912 0.995233 0.283691 0.992585 0.284668 0.988877 0.284424 0.987818 0.285156 0.986758 0.284180 0.987818 0.283691 0.986758 0.283447 0.987818 0.283203 0.986229
1 0.642578 0.984110 0.642090 0.985699 0.642090 0.987288 0.642334 0.986229 0.642578 0.986758 0.642334 0.988877 0.643311 0.988877 0.644043 0.990996 0.643311 0.992055 0.642578 0.991525 0.643066 0.993114 0.642822 0.993644 0.642090 0.993644 0.641846 0.991525 0.640869 0.991525 0.641602 0.993644 0.641113 0.995763 0.641846 0.997881 0.641846 0.999470 0.642090 0.995763 0.643311 0.997352 0.643555 0.999470 0.645508 0.999470 0.646484 0.996822 0.648682 0.997352 0.646973 0.994703 0.646240 0.995233 0.645996 0.997352 0.645264 0.995763 0.645996 0.994174 0.645996 0.993114 0.644775 0.992055 0.642090 0.985699 0.642578 0.985169
1 0.771484 0.980932 0.772461 0.983581 0.771729 0.984640 0.772217 0.984110 0.773682 0.986758 0.773926 0.988347 0.772705 0.990466 0.773193 0.992055 0.773926 0.988347 0.773926 0.986229 0.773438 0.986229 0.773193 0.985169 0.773926 0.984110 0.773193 0.982521
1 0.589355 0.980932 0.589111 0.983051 0.589844 0.987288 0.589844 0.989936 0.590332 0.989936 0.590332 0.983051 0.589355 0.982521
1 0.636475 0.979873 0.636475 0.984110 0.636963 0.985699 0.638184 0.998941 0.639404 0.999470 0.638184 0.991525 0.638184 0.986229 0.637695 0.985699 0.637451 0.983051 0.636719 0.982521 0.636719 0.980932 0.637451 0.979873
1 0.290771 0.979873 0.289307 0.983051 0.289307 0.985169 0.288818 0.986758 0.289551 0.988347 0.289551 0.989407 0.290527 0.988877 0.290527 0.987288 0.289307 0.985699 0.290039 0.984640 0.289795 0.983581 0.290283 0.982521 0.291748 0.982521 0.290039 0.981992 0.291016 0.980403
1 0.275391 0.981462 0.275146 0.980932 0.274658 0.983051 0.274658 0.980932 0.273926 0.979343 0.273682 0.980403 0.273193 0.980403 0.272949 0.979343 0.271240 0.980932 0.271240 0.979343 0.270752 0.979343 0.270020 0.981462 0.269287 0.981462 0.269531 0.982521 0.269043 0.983051 0.268555 0.986229 0.267334 0.987288 0.268311 0.987818 0.269043 0.986758 0.269287 0.987818 0.268555 0.988877 0.267090 0.988877 0.267090 0.994174 0.266113 0.994703 0.264893 0.993644 0.263916 0.999470 0.264648 0.999470 0.264648 0.995763 0.265137 0.994174 0.265625 0.994703 0.265381 0.996292 0.265869 0.999470 0.268066 0.999470 0.268066 0.992585 0.268555 0.993114 0.268799 0.995233 0.269531 0.996292 0.269775 0.995763 0.270264 0.997352 0.269531 0.999470 0.270508 0.999470 0.270752 0.997881 0.271240 0.999470 0.271240 0.998411 0.270020 0.995763 0.271240 0.994174 0.272461 0.990466 0.273682 0.990466 0.275146 0.987288 0.275635 0.988877 0.275879 0.988347 0.275391 0.987818 0.275879 0.986229 0.275391 0.984640
1 0.779053 0.977225 0.778809 0.981992 0.779297 0.983581 0.779785 0.983051 0.780029 0.979873 0.779785 0.978284
1 0.037354 0.979343 0.036133 0.978814 0.035645 0.979873 0.035400 0.979343 0.033203 0.980932 0.029053 0.981462 0.027832 0.979873 0.027344 0.980403 0.027344 0.978284 0.026123 0.977754 0.025879 0.975636 0.025635 0.977754 0.024902 0.976695 0.022705 0.978284 0.021240 0.978284 0.020996 0.977225 0.020752 0.978284 0.020264 0.978284 0.020020 0.977225 0.018555 0.981992 0.018311 0.980932 0.016602 0.980403 0.016846 0.977754 0.017578 0.976165 0.016113 0.976165 0.014404 0.979343 0.014404 0.981992 0.015137 0.983051 0.017822 0.982521 0.018555 0.984640 0.018555 0.986229 0.019775 0.985699 0.020508 0.987288 0.019531 0.988877 0.019287 0.990466 0.017334 0.990996 0.017090 0.993114 0.017822 0.995763 0.017334 0.996822 0.016113 0.996822 0.015869 0.993644 0.015137 0.995763 0.014648 0.995763 0.014648 0.997881 0.014160 0.999470 0.025879 0.999470 0.025879 0.998411 0.027100 0.997352 0.027588 0.997881 0.027344 0.999470 0.035400 0.999470 0.035400 0.997352 0.035889 0.996292 0.035645 0.996822 0.034424 0.995763 0.035889 0.994703 0.034668 0.993644 0.033447 0.994703 0.032227 0.994174 0.031982 0.990466 0.032715 0.987288 0.033936 0.986758 0.034668 0.987818 0.034912 0.985699 0.036865 0.983051
1 0.583252 0.972987 0.583252 0.974047 0.582031 0.975636 0.582764 0.978284 0.582520 0.981462 0.583008 0.982521 0.583740 0.981992 0.583740 0.979873 0.583252 0.978284 0.584229 0.977754 0.584229 0.975106
1 0.628662 0.974047 0.629395 0.977225 0.629150 0.977754 0.628174 0.976165 0.627930 0.977225 0.629150 0.978814 0.629150 0.980403 0.628174 0.983051 0.627686 0.982521 0.627197 0.984110 0.627686 0.983581 0.628418 0.986229 0.629395 0.986758 0.629150 0.986229 0.629639 0.985699 0.629883 0.987288 0.629883 0.985699 0.628662 0.983051 0.629395 0.981462 0.629883 0.981992 0.629883 0.983051 0.631592 0.982521 0.632324 0.980932 0.633057 0.983051 0.632812 0.984640 0.630615 0.986229 0.631836 0.986758 0.631836 0.989936 0.632080 0.988877 0.632568 0.988877 0.632812 0.990996 0.634766 0.990996 0.634766 0.988347 0.635254 0.989407 0.635254 0.990996 0.635742 0.991525 0.635742 0.994174 0.636719 0.994174 0.636475 0.992055 0.635986 0.992585 0.635498 0.990996 0.635742 0.989407 0.635010 0.988877 0.635010 0.986229 0.633789 0.985699 0.632812 0.981462 0.633301 0.977754 0.632568 0.976165 0.632568 0.974576 0.633057 0.973517 0.632080 0.970869 0.631836 0.971398 0.632324 0.972987 0.631836 0.973517 0.632568 0.975106 0.632568 0.977225 0.632080 0.978284 0.631104 0.976165 0.631104 0.974576 0.629639 0.976165
1 0.701172 0.968220 0.700928 0.969809 0.703369 0.975106 0.706543 0.975106 0.705811 0.970869 0.705566 0.971398 0.705078 0.970339 0.703369 0.970339 0.702637 0.968750 0.702393 0.969280
1 0.760986 0.968220 0.760986 0.969280 0.760498 0.969809 0.760742 0.971398 0.762207 0.974047 0.762939 0.974047 0.763672 0.972458 0.763916 0.969280 0.762451 0.967691
1 0.639648 0.967161 0.639648 0.969809 0.640625 0.972987 0.640137 0.973517 0.640381 0.974047 0.639648 0.974576 0.638184 0.971398 0.637451 0.972987 0.637695 0.974576 0.637939 0.974047 0.638916 0.975636 0.638184 0.976165 0.639404 0.977754 0.637939 0.978814 0.638672 0.980403 0.639404 0.979343 0.639160 0.978284 0.639648 0.977225 0.640625 0.976695 0.640869 0.975106 0.642334 0.976165 0.641602 0.971928 0.640381 0.970339
1 0.525879 0.967161 0.526611 0.970869 0.527832 0.970869 0.528076 0.968750 0.527100 0.966631
1 0.657715 0.971398 0.660645 0.975636 0.659180 0.978284 0.661621 0.978284 0.661865 0.980932 0.660889 0.980403 0.661377 0.984110 0.662598 0.979343 0.664307 0.985169 0.665039 0.984640 0.660645 0.974047 0.663330 0.971928 0.666016 0.975636 0.670898 0.990996 0.672607 0.990996 0.673584 0.997352 0.675537 0.997881 0.675293 0.994703 0.673584 0.995763 0.673096 0.994174 0.675049 0.993644 0.674561 0.990466 0.675537 0.990466 0.676025 0.986229 0.677246 0.988347 0.677490 0.985699 0.679688 0.989407 0.679688 0.994703 0.678223 0.993644 0.677734 0.995763 0.678711 0.999470 0.679443 0.998411 0.678955 0.995763 0.681152 0.990996 0.677490 0.983581 0.678223 0.981462 0.679932 0.985699 0.682861 0.985699 0.682129 0.985169 0.683594 0.982521 0.684082 0.984640 0.683105 0.988347 0.685547 0.990466 0.683838 0.987288 0.683838 0.981462 0.684570 0.980403 0.685059 0.981992 0.684326 0.978814 0.685303 0.978814 0.683350 0.974047 0.684814 0.973517 0.683594 0.972458 0.683105 0.974047 0.682617 0.971398 0.682861 0.981462 0.683594 0.982521 0.681641 0.985169 0.679443 0.983051 0.678711 0.979873 0.679688 0.976165 0.679932 0.980403 0.681885 0.980932 0.679932 0.979343 0.681396 0.975636 0.680664 0.974576 0.680420 0.977225 0.678711 0.972458 0.678223 0.975636 0.678955 0.976165 0.676514 0.981992 0.677246 0.983051 0.676514 0.984640 0.674805 0.981992 0.673584 0.972987 0.675537 0.976165 0.677490 0.971928 0.675049 0.974047 0.671387 0.966102 0.670166 0.966102 0.673828 0.976695 0.674072 0.985699 0.672852 0.983581 0.673096 0.981462 0.671387 0.981992 0.663330 0.970339 0.660400 0.969280 0.661621 0.971928 0.660645 0.974047
1 0.829346 0.965572 0.829346 0.967161 0.828613 0.968220 0.828857 0.970339 0.828369 0.970869 0.827881 0.974047 0.827393 0.975106 0.827148 0.974576 0.827393 0.975106 0.826416 0.976695 0.826660 0.978284 0.828613 0.981462 0.831543 0.980932 0.832275 0.983051 0.834473 0.980932 0.834961 0.981992 0.835205 0.986229 0.837402 0.989936 0.837402 0.992585 0.836670 0.994174 0.835205 0.993114 0.833008 0.988347 0.832275 0.989936 0.832275 0.990996 0.833984 0.993114 0.834717 0.993114 0.837402 0.999470 0.848633 0.999470 0.849121 0.998411 0.849121 0.997352 0.848633 0.996822 0.847412 0.997352 0.846191 0.994174 0.843994 0.994174 0.843506 0.992585 0.843018 0.993114 0.843018 0.992055 0.842529 0.991525 0.842773 0.989936 0.842285 0.989407 0.842041 0.987288 0.840820 0.985169 0.840576 0.986229 0.840088 0.985169 0.840332 0.984640 0.839600 0.980932 0.839111 0.980932 0.838623 0.983581 0.838379 0.982521 0.837891 0.983581 0.837158 0.981992 0.837158 0.980932 0.838135 0.978814 0.838135 0.977225 0.838379 0.976695 0.839355 0.978284 0.839844 0.977225 0.838623 0.976165 0.837402 0.972987 0.835938 0.973517 0.831543 0.966631 0.831299 0.967161 0.830811 0.966102
1 0.564941 0.965572 0.562744 0.970339 0.562988 0.972458 0.563721 0.971928 0.564209 0.972987 0.564941 0.970869 0.564941 0.968220 0.564453 0.968220
1 0.855225 0.962394 0.853027 0.962394 0.852783 0.963983 0.849609 0.965572 0.849609 0.966631 0.850098 0.967161 0.851074 0.966102 0.851318 0.967161 0.853027 0.967691 0.854248 0.965572 0.854004 0.964513 0.854492 0.964513 0.854492 0.962924
1 0.520752 0.961335 0.520996 0.965042 0.521484 0.966102 0.520996 0.970339 0.523438 0.970339 0.522949 0.966631 0.521484 0.965042
1 0.700439 0.969809 0.698486 0.969809 0.697998 0.968750 0.697754 0.966102 0.697266 0.965572 0.696777 0.960275 0.696289 0.959216 0.695312 0.960275 0.695068 0.961864 0.694824 0.961335 0.695312 0.962394 0.694580 0.963453 0.694092 0.962394 0.694092 0.959746 0.691406 0.959746 0.691162 0.960805 0.688232 0.962394 0.687988 0.961864 0.687988 0.964513 0.688477 0.965042 0.688965 0.969809 0.689209 0.969280 0.690918 0.972458 0.691162 0.977225 0.692627 0.975636 0.693115 0.973517 0.694092 0.973517 0.695312 0.976695 0.697021 0.979343 0.699707 0.975636 0.699463 0.972458 0.700439 0.970869
1 0.776367 0.958686 0.777100 0.961864 0.775391 0.962394 0.775879 0.964513 0.775879 0.967691 0.776367 0.968750 0.779297 0.969280 0.780029 0.966631 0.779297 0.962924 0.779297 0.960805 0.778809 0.960275 0.778809 0.959216 0.777832 0.958157 0.777588 0.959216
1 0.039551 0.963983 0.040283 0.964513 0.040771 0.966631 0.041016 0.966102 0.042480 0.967161 0.045410 0.967161 0.045898 0.965572 0.044434 0.962924 0.043701 0.962924 0.042969 0.965042 0.042236 0.964513 0.043213 0.961864 0.042236 0.959746 0.042725 0.959216 0.041260 0.958157 0.041260 0.959746
1 0.867920 0.957627 0.868164 0.960805 0.867676 0.961864 0.868896 0.964513 0.870117 0.965572 0.870361 0.965042 0.871094 0.966631 0.871094 0.967691 0.871826 0.967691 0.872070 0.968750 0.872559 0.968220 0.872559 0.966631 0.870605 0.963983 0.870605 0.960805 0.869385 0.958157
1 0.167969 0.957627 0.167480 0.960275 0.166992 0.959216 0.167236 0.957627 0.166748 0.961864 0.165527 0.964513 0.165039 0.963983 0.165771 0.962394 0.165039 0.963453 0.164307 0.962924 0.162109 0.967161 0.159668 0.969280 0.158203 0.968750 0.157227 0.970869 0.157959 0.973517 0.157227 0.974576 0.156738 0.974047 0.156982 0.973517 0.156494 0.974047 0.156982 0.974576 0.156738 0.975636 0.157227 0.978814 0.157715 0.979343 0.157715 0.980932 0.156738 0.983051 0.156494 0.981992 0.155273 0.983581 0.155518 0.984110 0.155029 0.985699 0.155762 0.985699 0.155273 0.987818 0.156250 0.988347 0.156250 0.990466 0.157227 0.992585 0.158691 0.994174 0.159180 0.993114 0.159180 0.990996 0.159668 0.992055 0.162109 0.989936 0.162354 0.988877 0.162109 0.989407 0.161133 0.987288 0.162109 0.986758 0.161377 0.986229 0.161621 0.984640 0.162109 0.985169 0.161865 0.985699 0.161865 0.983581 0.161133 0.984110 0.161377 0.985699 0.160645 0.987288 0.159668 0.987288 0.158936 0.986229 0.159668 0.985169 0.158447 0.984110 0.158447 0.983051 0.157227 0.983051 0.156982 0.982521 0.158203 0.980403 0.162109 0.981992 0.163330 0.981462 0.166504 0.983581 0.168945 0.979873 0.169189 0.978814 0.168701 0.977754 0.167725 0.978284 0.166992 0.977225 0.168213 0.974576 0.168701 0.975636 0.168945 0.975106 0.168457 0.974047 0.167969 0.975106 0.167236 0.974576 0.168213 0.972458 0.166260 0.974576 0.165527 0.976695 0.164307 0.976695 0.165039 0.974576 0.168701 0.970339 0.169922 0.970869 0.169922 0.963983 0.169678 0.965572 0.169189 0.965042 0.169434 0.961864 0.168213 0.960805 0.168457 0.959216
1 0.632324 0.956568 0.631836 0.957097 0.632080 0.959216 0.631592 0.961335 0.632324 0.961335 0.633545 0.963983 0.633301 0.958686
1 0.590332 0.956568 0.590088 0.958157 0.592529 0.962924 0.593262 0.967691 0.594238 0.965572 0.594238 0.962924 0.593262 0.960275 0.593018 0.960805 0.592285 0.958157 0.590576 0.958686
1 0.719238 0.956038 0.719482 0.957627 0.717773 0.958686 0.718262 0.960275 0.717285 0.961335 0.717285 0.962394 0.717773 0.962924 0.717773 0.965042 0.718994 0.967691 0.718994 0.969280 0.718262 0.970339 0.717285 0.974576 0.717529 0.976695 0.718262 0.976695 0.719482 0.974047 0.719482 0.971398 0.718994 0.970339 0.719971 0.968220 0.720703 0.968220 0.720459 0.966631 0.720947 0.966102 0.720947 0.963983 0.722412 0.961864 0.722412 0.959746 0.721924 0.958686 0.722168 0.959216 0.721191 0.960275
1 0.609375 0.956038 0.609131 0.958157 0.610107 0.959746 0.610107 0.961335 0.610596 0.962394 0.610107 0.963453 0.610596 0.965042 0.609863 0.968750 0.610596 0.969280 0.611816 0.967691 0.612793 0.967691 0.613037 0.962924 0.612305 0.960805 0.612549 0.958157 0.611572 0.956038
1 0.859863 0.956568 0.858643 0.954449 0.858154 0.954979 0.858398 0.955508 0.857910 0.956568 0.857422 0.956038 0.857422 0.959746 0.856934 0.960275 0.858398 0.958686 0.858887 0.957097
1 0.239990 0.956568 0.238525 0.957627 0.238281 0.957097 0.239502 0.955508 0.239014 0.954449 0.238525 0.954979 0.238525 0.956038 0.237793 0.957627 0.236572 0.958157 0.237061 0.960805 0.239014 0.959216 0.239014 0.958157
1 0.918457 0.961335 0.918457 0.964513 0.918945 0.965042 0.918701 0.966631 0.919189 0.969809 0.920410 0.971398 0.922119 0.970869 0.925781 0.971928 0.926514 0.970869 0.928955 0.970869 0.929199 0.971928 0.930420 0.972458 0.931885 0.971928 0.933350 0.973517 0.933838 0.975636 0.936279 0.976165 0.937256 0.977754 0.937988 0.977754 0.937988 0.976165 0.938477 0.976695 0.939209 0.975636 0.939453 0.976695 0.940674 0.976165 0.941162 0.977225 0.940186 0.975636 0.940674 0.974047 0.941406 0.974047 0.941650 0.975106 0.941895 0.974047 0.943604 0.973517 0.943115 0.972987 0.943115 0.971398 0.942383 0.970339 0.942871 0.969809 0.941650 0.969809 0.940918 0.968220 0.940918 0.966631 0.939453 0.966102 0.939209 0.963983 0.937256 0.962924 0.936279 0.960805 0.935791 0.961864 0.934814 0.960275 0.934814 0.957627 0.933838 0.957627 0.933350 0.956568 0.933350 0.954449 0.932617 0.954449 0.932373 0.953390 0.929688 0.954449 0.929443 0.952331 0.928711 0.951801 0.928467 0.952860 0.927734 0.951801 0.927490 0.952860 0.926758 0.952331 0.925781 0.954449 0.923828 0.953390 0.923828 0.956568 0.924805 0.957097 0.924072 0.958686 0.922852 0.958157 0.922119 0.958686 0.922363 0.959216 0.921631 0.960805 0.920898 0.960275 0.920654 0.961335
1 0.864502 0.949682 0.863770 0.949682 0.863770 0.951801 0.864258 0.952331 0.864014 0.953919 0.863281 0.952331 0.863037 0.953390 0.862305 0.952860 0.862549 0.954449 0.861572 0.956568 0.860840 0.956568 0.862061 0.959216 0.862549 0.961864 0.862061 0.962394 0.862061 0.965042 0.863281 0.966102 0.863281 0.964513 0.864502 0.964513 0.864746 0.961335 0.863525 0.958686 0.863770 0.957627 0.863281 0.957627 0.863037 0.956568 0.864014 0.954979 0.864502 0.954979 0.864746 0.956038 0.865479 0.954979 0.865723 0.956038 0.866211 0.955508 0.865967 0.952331 0.865479 0.952331
1 0.254150 0.952331 0.253418 0.953919 0.253418 0.952331 0.252930 0.953390 0.252197 0.949682 0.251953 0.952331 0.250977 0.953390 0.250977 0.951271 0.250244 0.950742 0.250977 0.947034 0.249512 0.945975 0.248291 0.950212 0.248779 0.953919 0.247559 0.955508 0.247070 0.953390 0.245850 0.955508 0.246338 0.957627 0.249268 0.953919 0.249512 0.954979 0.247559 0.961335 0.247559 0.966631 0.246094 0.970869 0.245361 0.980403 0.244385 0.981992 0.240234 0.983581 0.239746 0.985169 0.241943 0.984110 0.242432 0.986758 0.241211 0.988877 0.239746 0.987818 0.238770 0.985169 0.236816 0.990996 0.237061 0.994174 0.235596 0.995763 0.235840 0.998411 0.233643 0.999470 0.235840 0.999470 0.236084 0.998411 0.237061 0.999470 0.243652 0.999470 0.244385 0.995763 0.244873 0.996292 0.244629 0.999470 0.246338 0.999470 0.246582 0.997352 0.247559 0.999470 0.248535 0.999470 0.247314 0.997352 0.247803 0.995763 0.248779 0.996292 0.248779 0.994174 0.247803 0.992055 0.248535 0.987288 0.248047 0.987818 0.247314 0.986229 0.244141 0.990996 0.243896 0.988877 0.245361 0.985699 0.247070 0.985169 0.247559 0.983051 0.248047 0.983581 0.247803 0.981992 0.248779 0.981462 0.248535 0.979343 0.248047 0.981462 0.247314 0.979873 0.248047 0.976165 0.248535 0.976165 0.248291 0.974047 0.246338 0.972987 0.248047 0.965572 0.247314 0.970339 0.247803 0.972458 0.251709 0.965572 0.250488 0.965572 0.251709 0.963983 0.251221 0.962394 0.251953 0.959746 0.252441 0.961335 0.252930 0.959746 0.253662 0.960275 0.253662 0.958686 0.252686 0.958686 0.252441 0.957097 0.253174 0.954979 0.253662 0.955508
1 0.566406 0.945445 0.566162 0.946504 0.566650 0.947564 0.566650 0.949153 0.565430 0.949682 0.565430 0.953390 0.564697 0.954979 0.564697 0.957097 0.565674 0.960805 0.566406 0.958157 0.567383 0.956568 0.567383 0.953919 0.566406 0.951271 0.566406 0.949682 0.566895 0.948623 0.566895 0.946504
1 0.486572 0.945445 0.485840 0.946504 0.485596 0.948093 0.486084 0.952860 0.486572 0.951801 0.486328 0.948623 0.487061 0.946504
1 0.328857 0.945445 0.330078 0.945975 0.330078 0.948093 0.332764 0.954979 0.332520 0.956038 0.332764 0.955508 0.333252 0.957097 0.332764 0.958157 0.333496 0.959216 0.333740 0.962924 0.334229 0.962924 0.334229 0.965572 0.335205 0.967691 0.336426 0.967691 0.337891 0.964513 0.340820 0.962924 0.343506 0.960275 0.343262 0.959746 0.343750 0.959216 0.343262 0.959746 0.342529 0.958157 0.340576 0.960805 0.339355 0.957627 0.338379 0.960805 0.337158 0.960275 0.336670 0.958157 0.338135 0.956568 0.337402 0.956038 0.337158 0.957627 0.334961 0.957097 0.335205 0.956038 0.334717 0.952860 0.334961 0.952331 0.335449 0.953390 0.335938 0.951801 0.335205 0.950212 0.334961 0.952331 0.334229 0.950742 0.333740 0.952331 0.332764 0.952331 0.331055 0.945975 0.330566 0.945975 0.330322 0.944915
1 0.622314 0.943856 0.621582 0.944915 0.622314 0.948093 0.622070 0.950212 0.622803 0.956568 0.622559 0.952860 0.623291 0.951801 0.623291 0.948623 0.623779 0.947034 0.624023 0.947564 0.624756 0.945975 0.624512 0.944386
1 0.590088 0.943326 0.589600 0.946504 0.588135 0.948093 0.589111 0.950212 0.591309 0.951801 0.591797 0.951271 0.591797 0.947034 0.591309 0.944915
1 0.566162 0.940148 0.565918 0.941737 0.566406 0.942267 0.565674 0.942797 0.566650 0.943326 0.566162 0.942797 0.567139 0.942267 0.567871 0.945445 0.568359 0.943856 0.567871 0.940678 0.567627 0.941208
1 0.826904 0.938559 0.826660 0.939619 0.825439 0.939619 0.825928 0.941737 0.825439 0.943856 0.824219 0.944386 0.826172 0.947564 0.827393 0.948093 0.827148 0.945975 0.827637 0.945445 0.827148 0.944386 0.827637 0.944386 0.827393 0.943856 0.828125 0.942797 0.828125 0.941737 0.828857 0.942267 0.827881 0.939089
1 0.834473 0.937500 0.834473 0.938559 0.835449 0.938559 0.836182 0.940148 0.835693 0.941208 0.835693 0.943326 0.834717 0.944386 0.834961 0.945445 0.835449 0.945445 0.836670 0.942797 0.836670 0.939089
1 0.327393 0.941208 0.328369 0.942267 0.330322 0.942267 0.330566 0.940678 0.329590 0.940148 0.328613 0.937500
1 0.923828 0.936970 0.923828 0.940148 0.924072 0.939619 0.925293 0.942797 0.925537 0.941737 0.926514 0.943856 0.927002 0.943326 0.929199 0.944915 0.929688 0.946504 0.930420 0.944915 0.930664 0.945445 0.930664 0.947564 0.931152 0.948623 0.929688 0.950742 0.930420 0.950742 0.930664 0.951801 0.931152 0.950742 0.933594 0.950742 0.932373 0.949682 0.933105 0.948093 0.934570 0.951271 0.933594 0.952860 0.935303 0.952860 0.935547 0.956038 0.936279 0.956038 0.936523 0.958157 0.937500 0.960275 0.939697 0.959216 0.939941 0.955508 0.938477 0.955508 0.937988 0.954449 0.937988 0.952860 0.938477 0.952331 0.937500 0.951271 0.938477 0.949682 0.938965 0.950212 0.937744 0.947564 0.937256 0.948093 0.937012 0.947034 0.937012 0.949153 0.936035 0.949682 0.935059 0.947034 0.934814 0.948093 0.934082 0.946504 0.933350 0.947564 0.933105 0.947034 0.933594 0.944915 0.934326 0.945445 0.933838 0.942797 0.932861 0.943326 0.932617 0.942267 0.932129 0.942797 0.930176 0.940678 0.927490 0.940678 0.927246 0.939089 0.924072 0.938559
1 0.707764 0.934322 0.709473 0.938030 0.710205 0.937500 0.710938 0.940148 0.712158 0.939619 0.713379 0.941737 0.713135 0.942267 0.713623 0.941208 0.713867 0.942267 0.715332 0.941737 0.713867 0.933792 0.712646 0.934852 0.710205 0.934852 0.709473 0.933792
1 0.844971 0.935381 0.843750 0.933263 0.843750 0.935381 0.843262 0.936441 0.841309 0.936441 0.840820 0.937500 0.841309 0.940678 0.843018 0.941737 0.844238 0.938559 0.843750 0.937500 0.844238 0.935911 0.844727 0.936970
1 0.568848 0.933263 0.567383 0.937500 0.567871 0.939089 0.569092 0.936970 0.569824 0.938030 0.569824 0.939089 0.569336 0.939619 0.569824 0.940148 0.569824 0.938030 0.570312 0.937500 0.569580 0.936441 0.569824 0.933263
1 0.495117 0.931674 0.494629 0.932733 0.493896 0.932733 0.493652 0.935381 0.492920 0.935381 0.492920 0.936441 0.493652 0.936441 0.493652 0.939619 0.495361 0.939619 0.496338 0.942267 0.496826 0.937500 0.496338 0.936441 0.495850 0.932203
1 0.830566 0.929555 0.830566 0.931144 0.832520 0.931144 0.833984 0.930085 0.834961 0.931674 0.836426 0.931674 0.836914 0.932733 0.837646 0.932733 0.836426 0.931144 0.835205 0.931674 0.833740 0.928496 0.832520 0.928496 0.832764 0.929555 0.832275 0.930614 0.831787 0.930614 0.831299 0.929025
1 0.818115 0.931674 0.817383 0.931674 0.815918 0.929025 0.816162 0.927966 0.815674 0.929555 0.815186 0.929555 0.814209 0.931674 0.813965 0.931144 0.814453 0.932203 0.814209 0.933263 0.812012 0.933263 0.811035 0.931144 0.811035 0.929555 0.809814 0.928496 0.810303 0.929555 0.809814 0.930085 0.810303 0.934322 0.809814 0.935381 0.808838 0.934852 0.809570 0.935911 0.811768 0.934322 0.815918 0.934322 0.815186 0.933263 0.815430 0.931674 0.816895 0.931144 0.817383 0.932203 0.817139 0.932733 0.818115 0.932733
1 0.473633 0.927966 0.473145 0.929025 0.472656 0.933792 0.473145 0.934322 0.472900 0.934852 0.473389 0.934322 0.473877 0.935381 0.474365 0.934852 0.474121 0.934322 0.475098 0.930085 0.475098 0.928496 0.475098 0.930085 0.474365 0.932203 0.473877 0.931144 0.474121 0.929025
1 0.285400 0.926907 0.284912 0.927966 0.284424 0.927436 0.282715 0.930085 0.283936 0.934322 0.284668 0.933792 0.284912 0.932203 0.284424 0.931674 0.285156 0.930614 0.284912 0.927966
1 0.280273 0.926377 0.278076 0.926377 0.277100 0.927436 0.276123 0.930614 0.275391 0.929555 0.274658 0.931674 0.273926 0.930614 0.272461 0.934322 0.272217 0.933263 0.272705 0.932203 0.272461 0.932733 0.271973 0.930614 0.270508 0.932733 0.270508 0.933792 0.271484 0.935381 0.271973 0.934322 0.272217 0.935381 0.269531 0.940678 0.269287 0.942267 0.268555 0.942797 0.268311 0.941208 0.267578 0.941208 0.267822 0.944386 0.268799 0.943856 0.270020 0.945445 0.270020 0.949682 0.272461 0.945975 0.272217 0.944386 0.271973 0.945445 0.271240 0.943856 0.272217 0.941737 0.273438 0.941737 0.272705 0.943856 0.273438 0.943326 0.273682 0.944386 0.272949 0.944915 0.272705 0.948093 0.270508 0.954449 0.270752 0.956568 0.270508 0.957097 0.270020 0.954979 0.269531 0.959216 0.270020 0.963453 0.271484 0.962394 0.269531 0.959746 0.270752 0.957627 0.271729 0.958157 0.271240 0.959216 0.271973 0.959746 0.271973 0.961335 0.273682 0.961864 0.271973 0.962394 0.272461 0.962924 0.272705 0.966631 0.273438 0.968750 0.278076 0.965042 0.279053 0.965042 0.279297 0.966631 0.280029 0.967161 0.281250 0.965572 0.282471 0.966102 0.282959 0.965572 0.283203 0.962924 0.284180 0.961864 0.284668 0.955508 0.283691 0.953390 0.282715 0.953390 0.282471 0.954449 0.282471 0.952331 0.280518 0.953390 0.279541 0.952331 0.275879 0.953390 0.276123 0.947564 0.278320 0.945445 0.278320 0.944386 0.277100 0.943856 0.277344 0.941737 0.278809 0.940148 0.280273 0.935911 0.279297 0.933792 0.280518 0.931674 0.281006 0.932733
1 0.648193 0.925847 0.647705 0.926907 0.648193 0.930085 0.647217 0.932733 0.647217 0.934322 0.648438 0.936441 0.648438 0.939619 0.649902 0.946504 0.649902 0.949682 0.650391 0.950742 0.651367 0.950742 0.652344 0.948623 0.653809 0.948623 0.653809 0.945445 0.653320 0.945445 0.652588 0.942267 0.652588 0.939089 0.652100 0.938559 0.652100 0.936970 0.651123 0.936970 0.649658 0.932203 0.650146 0.929555 0.649902 0.927966
1 0.819824 0.924788 0.819580 0.925847 0.818848 0.925847 0.818115 0.928496 0.818115 0.930085 0.818115 0.928496 0.818604 0.927436 0.819580 0.929555 0.818848 0.930614 0.819336 0.931674 0.819824 0.931674 0.820068 0.930085 0.819824 0.926907 0.820312 0.926377
1 0.740723 0.924258 0.740967 0.924788 0.739990 0.926907 0.738037 0.925318 0.738037 0.927436 0.737305 0.927966 0.737305 0.930085 0.738037 0.931144 0.737793 0.934852 0.739990 0.940148 0.738525 0.943326 0.740479 0.948093 0.742676 0.945445 0.742432 0.944386 0.742920 0.943856 0.742920 0.941737 0.742676 0.942267 0.742188 0.941208 0.742920 0.939619 0.743408 0.940148 0.742920 0.938030 0.742920 0.929555
1 0.816162 0.921081 0.814453 0.921610 0.814209 0.923199 0.814941 0.924258 0.814209 0.926377 0.814941 0.924788 0.816162 0.924788
1 0.060547 0.920551 0.059326 0.920551 0.058838 0.923199 0.058105 0.922669 0.058105 0.924258 0.060059 0.924258 0.060547 0.922669
1 0.045410 0.917903 0.044189 0.920021 0.044678 0.923199 0.045654 0.921610 0.045898 0.918432
1 0.063965 0.920021 0.064453 0.921610 0.065430 0.921610 0.065674 0.920021 0.067139 0.917903 0.067627 0.918962 0.068604 0.918432 0.067871 0.918432 0.067383 0.917373 0.065918 0.917373
1 0.653809 0.916843 0.653320 0.917903 0.654053 0.917903 0.653809 0.920551 0.652832 0.921610 0.652100 0.920551 0.652832 0.923199 0.654297 0.924258 0.654297 0.922140 0.654785 0.920551 0.654541 0.918432
1 0.834229 0.916314 0.836182 0.924788 0.835938 0.928496 0.836914 0.927966 0.836914 0.926377 0.837646 0.924788 0.838379 0.924788 0.838867 0.923199 0.838135 0.920551 0.838379 0.919492 0.837402 0.918432 0.838135 0.920021 0.837646 0.921610 0.838379 0.923729 0.836914 0.924258 0.835449 0.920021 0.835693 0.918962 0.834961 0.916843
1 0.826416 0.916314 0.825928 0.919492 0.826416 0.921081 0.826172 0.922669 0.825195 0.923199 0.824219 0.919492 0.822998 0.919492 0.824707 0.922140 0.824707 0.924258 0.823242 0.924258 0.822266 0.921610 0.821777 0.921610 0.821777 0.924258 0.822754 0.926377 0.823730 0.925847 0.824707 0.927436 0.824707 0.928496 0.825195 0.928496 0.825439 0.927436 0.826172 0.927966 0.824707 0.924788 0.825195 0.923729 0.825928 0.924258 0.826172 0.922669 0.827148 0.923199 0.827393 0.920021 0.826416 0.918432
1 0.280762 0.916314 0.281006 0.916843 0.280762 0.916314 0.279541 0.918432 0.280273 0.919492 0.279297 0.921610 0.281982 0.927966 0.282471 0.927966 0.282471 0.925847 0.283936 0.923199 0.283936 0.921610 0.283203 0.921081 0.282959 0.923199 0.282227 0.924788 0.281006 0.923729 0.280518 0.922140 0.281006 0.920551 0.280273 0.919492 0.280762 0.917903 0.280029 0.917903
1 0.488281 0.914195 0.487305 0.917903 0.486816 0.918432 0.486572 0.917373 0.486084 0.918432 0.485840 0.921081 0.484375 0.922669 0.484619 0.923729 0.483887 0.932733 0.484131 0.933792 0.484619 0.933792 0.485107 0.931674 0.487793 0.931674 0.488281 0.934852 0.489258 0.937500 0.489258 0.939089 0.489990 0.935911 0.488525 0.930614 0.488525 0.929025 0.487305 0.929025 0.486816 0.927436 0.487793 0.926377 0.488525 0.923729 0.490234 0.926907 0.490723 0.925847 0.491211 0.922140 0.490234 0.919492 0.490234 0.917373 0.489746 0.919492 0.489258 0.917903 0.489258 0.916843 0.489990 0.916314 0.489746 0.914725
1 0.449463 0.913665 0.447998 0.914195 0.447754 0.916314 0.447266 0.915254 0.447021 0.916314 0.446533 0.915784 0.447266 0.917373 0.446777 0.917903 0.446045 0.916314 0.446289 0.914195 0.445801 0.914195 0.445312 0.915254 0.445312 0.919492 0.445801 0.920551 0.447266 0.920551 0.448242 0.918962 0.449707 0.918962 0.450195 0.917373
1 0.953125 0.914195 0.952881 0.915254 0.952393 0.915254 0.953125 0.917903 0.953857 0.917903 0.954102 0.916843 0.954590 0.917373 0.954590 0.918962 0.956055 0.921610 0.956055 0.924258 0.955078 0.925847 0.954590 0.923729 0.954590 0.926377 0.955811 0.929025 0.955322 0.929555 0.955811 0.931144 0.954590 0.935911 0.953613 0.936970 0.952637 0.936441 0.952637 0.940148 0.953369 0.942797 0.953613 0.942267 0.955322 0.944915 0.956543 0.945445 0.957275 0.944386 0.958252 0.944386 0.959229 0.945445 0.959229 0.946504 0.958252 0.947034 0.958984 0.948093 0.958984 0.949682 0.959717 0.949682 0.959229 0.948093 0.959961 0.946504 0.959961 0.945445 0.960938 0.946504 0.961182 0.945975 0.961426 0.947034 0.961914 0.945975 0.961670 0.944386 0.960449 0.942267 0.960693 0.940678 0.961914 0.940678 0.962646 0.942267 0.964355 0.942267 0.964355 0.938559 0.963135 0.938559 0.963135 0.936441 0.962158 0.934852 0.962891 0.934322 0.961914 0.931144 0.962402 0.930085 0.961914 0.927436 0.963135 0.925318 0.963135 0.917373 0.964111 0.915784 0.962891 0.915254 0.962402 0.914195 0.960938 0.915254 0.960449 0.914195 0.958984 0.914195 0.958740 0.913136 0.957031 0.913136 0.955811 0.915254 0.953613 0.915254
1 0.553955 0.912076 0.553467 0.913136 0.553711 0.918432 0.554932 0.918962 0.555664 0.917373 0.555420 0.915254
1 0.549072 0.911547 0.548340 0.912606 0.549316 0.913136 0.549072 0.918962 0.548340 0.920021 0.547607 0.918432 0.547607 0.920551 0.545410 0.924258 0.545410 0.927436 0.544678 0.929025 0.544189 0.927966 0.543701 0.929025 0.542969 0.923199 0.541992 0.922669 0.542480 0.924258 0.542480 0.930614 0.542969 0.931674 0.543457 0.931674 0.543701 0.930614 0.544189 0.931144 0.545166 0.937500 0.546387 0.936970 0.546875 0.938030 0.547607 0.936970 0.548096 0.938030 0.549072 0.938030 0.549072 0.939619 0.549561 0.940148 0.548584 0.944386 0.549316 0.943856 0.550293 0.940148 0.552002 0.940678 0.552734 0.939619 0.552490 0.938559 0.550537 0.939089 0.549561 0.937500 0.549805 0.933792 0.550293 0.933792 0.550049 0.933263 0.550537 0.932203 0.551025 0.932733 0.550293 0.931674 0.550293 0.930614 0.551514 0.927966 0.551758 0.928496 0.552734 0.926377 0.552002 0.922140 0.552002 0.917903 0.550537 0.917903 0.549316 0.914725
1 0.461914 0.911547 0.461670 0.912076 0.462646 0.913136 0.461426 0.913136 0.460938 0.914725 0.461426 0.914725 0.462402 0.917373 0.462158 0.921081 0.462891 0.923199 0.462158 0.925318 0.461914 0.924258 0.461670 0.925847 0.463623 0.925847 0.464600 0.922669 0.464111 0.919492 0.464355 0.917903 0.464111 0.918962 0.463867 0.916843 0.463379 0.917903 0.463135 0.917373 0.463379 0.914725 0.462891 0.912076
1 0.831543 0.911017 0.831787 0.912076 0.831055 0.912606 0.831299 0.913665 0.829834 0.914725 0.830322 0.915254 0.830078 0.916314 0.831055 0.915254 0.832520 0.917903 0.833008 0.917373 0.832275 0.916314 0.832031 0.913136 0.832764 0.912606
1 0.694336 0.908369 0.693848 0.908898 0.693359 0.912076 0.692871 0.912076 0.692871 0.911017 0.690186 0.911017 0.688965 0.913665 0.688721 0.913136 0.687988 0.914725 0.687988 0.915784 0.688721 0.915784 0.688477 0.916843 0.688965 0.920021 0.688232 0.921610 0.687256 0.921610 0.686523 0.924788 0.686279 0.923729 0.685791 0.925847 0.685059 0.925847 0.686035 0.927436 0.685303 0.929555 0.684570 0.930085 0.684326 0.931144 0.685059 0.932203 0.684570 0.933263 0.685059 0.934852 0.686768 0.934852 0.687500 0.936441 0.686523 0.936970 0.686279 0.938030 0.686035 0.937500 0.685303 0.939619 0.684326 0.939619 0.684082 0.941208 0.683105 0.940148 0.683105 0.938559 0.681885 0.936970 0.681152 0.936970 0.683105 0.941208 0.683105 0.942267 0.682373 0.942797 0.682373 0.944915 0.684570 0.949153 0.684570 0.950212 0.686035 0.952860 0.686035 0.953919 0.687256 0.954979 0.687500 0.956568 0.688477 0.957627 0.687988 0.956038 0.688721 0.956038 0.689209 0.954449 0.691406 0.951271 0.692383 0.952331 0.691895 0.953919 0.692627 0.953919 0.692871 0.954979 0.694824 0.953919 0.694092 0.951801 0.693604 0.952860 0.692627 0.951801 0.692383 0.946504 0.693115 0.945445 0.692871 0.944386 0.693604 0.940148 0.693604 0.934322 0.693115 0.929025 0.691895 0.926907 0.692383 0.926377 0.692627 0.923729 0.693359 0.923199 0.693359 0.914725 0.693848 0.911547 0.694824 0.909958
1 0.027100 0.906780 0.025391 0.906780 0.024658 0.912606 0.026611 0.915254 0.026367 0.916843 0.026855 0.917373 0.025879 0.920021 0.025146 0.920021 0.024414 0.917903 0.025391 0.920551 0.024414 0.922669 0.024902 0.924258 0.024414 0.927436 0.024902 0.924788 0.025146 0.926377 0.027344 0.926377 0.027344 0.928496 0.026367 0.931144 0.026611 0.935381 0.025879 0.935911 0.026611 0.935381 0.027100 0.938030 0.025146 0.939619 0.025146 0.940678 0.023926 0.940678 0.022705 0.938559 0.021240 0.940148 0.019531 0.939619 0.020020 0.943326 0.018555 0.943326 0.017578 0.947034 0.016846 0.947034 0.017334 0.947564 0.017578 0.952860 0.020508 0.958157 0.023438 0.957627 0.025635 0.954449 0.023926 0.950742 0.022217 0.951271 0.021240 0.953390 0.020752 0.951801 0.020020 0.952331 0.020264 0.950212 0.021240 0.950742 0.021973 0.946504 0.025635 0.945445 0.029541 0.949682 0.029785 0.947564 0.031006 0.948093 0.032471 0.944386 0.033691 0.944386 0.033447 0.943326 0.031738 0.943856 0.031006 0.941208 0.030762 0.942797 0.030029 0.942797 0.029541 0.941208 0.031006 0.940148 0.030762 0.938559 0.029541 0.938559 0.030762 0.936970 0.032471 0.936970 0.033203 0.938559 0.032227 0.940148 0.032715 0.940678 0.034424 0.938030 0.033936 0.934322 0.034424 0.932203 0.031006 0.933263 0.029785 0.931674 0.030762 0.930085 0.031494 0.931674 0.030762 0.927966 0.032471 0.925318 0.031982 0.926377 0.031738 0.925318 0.031494 0.927436 0.031006 0.922140 0.032715 0.920021 0.032471 0.916314 0.031738 0.915254 0.032227 0.914725 0.031494 0.914195 0.032471 0.912606 0.031006 0.911017 0.029785 0.913665 0.030273 0.915254 0.029785 0.916314 0.027832 0.914725 0.029297 0.911017
1 0.753418 0.908898 0.754150 0.911017 0.754883 0.911017 0.755859 0.912606 0.757812 0.919492 0.759521 0.923199 0.760986 0.923199 0.763184 0.918432 0.763916 0.920021 0.764648 0.918962 0.764160 0.915784 0.764648 0.913665 0.762695 0.910487 0.762939 0.909958 0.762207 0.909428 0.761475 0.907309 0.760254 0.906780 0.758789 0.904661 0.757080 0.907839 0.755615 0.905720 0.755859 0.906250 0.754150 0.909428 0.753662 0.908369
1 0.828125 0.904131 0.828613 0.906250 0.828613 0.911017 0.829346 0.912076 0.828857 0.911017 0.830322 0.911017 0.830078 0.909958 0.830566 0.909428 0.829834 0.908898
1 0.425049 0.903602 0.424561 0.904661 0.424072 0.904131 0.424316 0.905191 0.423096 0.906250 0.422852 0.908898 0.422119 0.908898 0.420654 0.911017 0.420654 0.915784 0.423340 0.909958 0.424805 0.905720
1 0.104980 0.903602 0.103516 0.904131 0.103271 0.905191 0.102783 0.904131 0.103271 0.903072 0.104004 0.903072 0.103271 0.903072 0.102783 0.904131 0.103027 0.905720 0.102539 0.907309 0.102539 0.909428 0.103027 0.910487 0.103516 0.909958 0.103516 0.907309 0.104492 0.905720 0.104248 0.905191 0.104980 0.905191
1 0.877930 0.906250 0.876709 0.906250 0.876465 0.904661 0.875977 0.904661 0.876465 0.903602 0.875244 0.903072 0.875732 0.902013 0.876465 0.902013 0.875244 0.902013 0.874756 0.904661 0.873047 0.903602 0.872559 0.904131 0.872559 0.905720 0.871582 0.907309 0.871582 0.908369 0.870605 0.909958 0.870605 0.912606 0.874756 0.912606 0.875000 0.911547 0.876709 0.911547
1 0.839355 0.902013 0.839355 0.903072 0.840088 0.904661 0.840576 0.904661 0.841064 0.907309 0.842285 0.909428 0.842773 0.911547 0.842285 0.912606 0.841064 0.912076 0.841797 0.914195 0.843018 0.914725 0.843750 0.917903 0.844482 0.917903 0.845215 0.916314 0.844727 0.915784 0.844971 0.915254 0.846191 0.915784 0.845947 0.916314 0.847168 0.919492 0.847168 0.921081 0.844727 0.922669 0.846191 0.927436 0.848389 0.927966 0.849121 0.926907 0.849854 0.927436 0.850342 0.926377 0.851318 0.926907 0.851807 0.925847 0.852051 0.926377 0.853027 0.925318 0.853516 0.923729 0.854492 0.923729 0.854248 0.922140 0.854980 0.921081 0.854980 0.915254 0.854248 0.914195 0.854004 0.911017 0.851318 0.905191 0.846191 0.905720 0.845215 0.903072 0.843994 0.903072 0.843506 0.902013
1 0.630127 0.901483 0.629883 0.902013 0.630859 0.906250 0.630615 0.909958 0.631104 0.911017 0.630615 0.913136 0.631348 0.913665 0.630859 0.914195 0.630615 0.917373 0.632324 0.919492 0.633057 0.921610 0.635254 0.921610 0.635010 0.920551 0.635742 0.916843 0.635498 0.915254 0.634521 0.912606 0.632812 0.913136 0.631592 0.911547 0.631104 0.909958 0.631104 0.905720 0.632080 0.903072 0.632324 0.903602 0.631592 0.903602
1 0.444580 0.900424 0.443115 0.902542 0.442383 0.905720 0.442871 0.906250 0.443115 0.912076 0.444092 0.912606 0.444336 0.911547 0.444092 0.907309 0.444336 0.903072 0.444824 0.901483
1 0.808594 0.898835 0.808594 0.904131 0.808105 0.904661 0.808350 0.905191 0.807129 0.906780 0.805664 0.905191 0.807617 0.908898 0.807373 0.909958 0.807129 0.909428 0.806396 0.910487 0.807617 0.910487 0.809082 0.912606 0.809570 0.912076 0.810547 0.913136 0.809570 0.915784 0.809326 0.918432 0.810303 0.922140 0.812744 0.927436 0.813232 0.927436 0.810791 0.922669 0.811035 0.920551 0.810547 0.918962 0.810547 0.913665 0.811035 0.913136 0.812012 0.914725 0.813721 0.915254 0.814453 0.916314 0.814209 0.917373 0.815186 0.918432 0.814941 0.916314 0.813232 0.912606 0.813232 0.911017 0.813721 0.909958 0.813232 0.909428 0.813477 0.908898 0.812744 0.907839 0.812744 0.906780 0.813721 0.903602 0.815186 0.903072 0.815430 0.899894 0.814941 0.898305 0.814941 0.899894 0.815430 0.900424 0.814453 0.903072 0.813721 0.903602 0.813232 0.901483 0.812988 0.902013 0.811523 0.900953 0.810547 0.898305 0.809570 0.899364
1 0.740234 0.897246 0.739746 0.900424 0.740234 0.901483 0.740479 0.900424 0.741943 0.900424 0.741699 0.897775
1 0.029785 0.902542 0.031006 0.903072 0.030029 0.901483 0.030273 0.900424 0.030762 0.900424 0.031494 0.902013 0.031250 0.901483 0.031982 0.900953 0.032715 0.903072 0.034180 0.903072 0.034912 0.901483 0.034180 0.900424 0.033936 0.898305 0.033447 0.898835 0.032715 0.897246 0.032959 0.896716 0.031250 0.895657 0.030762 0.897246 0.031250 0.899894 0.030273 0.900424
1 0.106445 0.897246 0.108643 0.899364 0.110107 0.897775 0.110596 0.895127 0.108887 0.894597 0.108154 0.896186 0.107666 0.896186 0.107178 0.895127 0.107422 0.894597 0.107422 0.895657
1 0.091309 0.903602 0.092285 0.904661 0.092773 0.907839 0.092529 0.909958 0.093262 0.909958 0.093750 0.908898 0.094971 0.909428 0.095947 0.908369 0.096191 0.909428 0.096436 0.908369 0.096680 0.909428 0.097412 0.909428 0.097412 0.911017 0.096680 0.912076 0.096680 0.913136 0.097412 0.913665 0.097656 0.912606 0.098633 0.914195 0.101074 0.915784 0.101074 0.914725 0.100342 0.914195 0.100342 0.911017 0.101807 0.909428 0.102051 0.907309 0.101807 0.907839 0.101562 0.906780 0.101562 0.907839 0.100830 0.908898 0.100586 0.908369 0.101074 0.907309 0.100586 0.907839 0.100098 0.906780 0.100586 0.906250 0.100586 0.904661 0.101807 0.903072 0.100830 0.903602 0.100098 0.905720 0.099609 0.905191 0.099854 0.904661 0.098633 0.904661 0.098389 0.903072 0.099121 0.898835 0.098389 0.897775 0.098389 0.896186 0.096191 0.894597 0.095215 0.896186 0.095215 0.898305 0.094238 0.900953 0.094238 0.902542 0.093506 0.901483 0.093018 0.903072 0.092285 0.902542 0.091553 0.904131
1 0.177002 0.892479 0.176270 0.893008 0.176758 0.894068 0.176025 0.895127 0.174561 0.893538 0.173584 0.896186 0.173096 0.894597 0.172607 0.894597 0.172852 0.895127 0.172363 0.896186 0.171387 0.896186 0.170898 0.898305 0.171143 0.899894 0.170654 0.903072 0.169434 0.905720 0.169922 0.913136 0.169434 0.916314 0.170166 0.918432 0.169434 0.920551 0.169922 0.924788 0.168945 0.925318 0.168213 0.926907 0.168213 0.930085 0.168945 0.934322 0.170898 0.934322 0.171631 0.935381 0.172852 0.933792 0.172119 0.933263 0.173584 0.930614 0.174072 0.931674 0.174561 0.928496 0.177246 0.923729 0.176758 0.922140 0.176270 0.923199 0.175781 0.922669 0.176514 0.921081 0.176025 0.918432 0.176514 0.918432 0.176514 0.917373 0.177246 0.916314 0.177246 0.915254 0.176514 0.913665 0.176514 0.911547 0.177246 0.910487 0.177734 0.906250 0.177734 0.900953 0.177002 0.903602 0.176514 0.903072 0.177002 0.901483 0.177002 0.899894 0.176514 0.898835 0.177002 0.897246 0.176758 0.895657 0.177490 0.895657 0.177979 0.894597 0.178223 0.895127
1 0.308838 0.890890 0.307861 0.892479 0.306641 0.891949 0.304688 0.895127 0.304932 0.904131 0.308105 0.893008 0.308838 0.892479
1 0.811279 0.887712 0.810547 0.887712 0.810303 0.888771 0.808594 0.889831 0.808105 0.890890 0.807617 0.890360 0.807861 0.893538 0.809326 0.894597 0.809326 0.893008 0.810303 0.892479 0.811523 0.889831
1 0.754395 0.892479 0.754150 0.887182 0.753906 0.889301 0.752686 0.890360 0.749756 0.890360 0.749268 0.889301 0.749023 0.890360 0.748291 0.888771 0.746582 0.889301 0.745850 0.891419 0.745361 0.891419 0.744385 0.889831 0.743164 0.889831 0.744141 0.893538 0.745850 0.894597 0.746094 0.891419 0.746582 0.892479 0.746582 0.894597 0.747559 0.895657 0.748291 0.893538 0.749023 0.893008 0.751221 0.894597 0.753418 0.893538 0.753906 0.894597
1 0.107178 0.887182 0.106201 0.890890 0.107422 0.893538 0.108887 0.893008 0.109131 0.889831
1 0.982178 0.889301 0.982666 0.889831 0.983887 0.888771 0.984863 0.890360 0.984375 0.891949 0.985840 0.894068 0.985352 0.895127 0.986084 0.894068 0.985596 0.893538 0.985596 0.889831 0.986084 0.888771 0.984375 0.886653 0.984619 0.887712 0.984131 0.888771
1 0.493408 0.885064 0.492676 0.885593 0.491699 0.891949 0.491211 0.891949 0.490967 0.890890 0.489258 0.893538 0.488525 0.895657 0.489258 0.896186 0.489014 0.897775 0.488525 0.896716 0.486816 0.900424 0.484619 0.903072 0.484375 0.902542 0.483887 0.904661 0.483643 0.910487 0.484619 0.913136 0.485596 0.911547 0.486816 0.912076 0.488281 0.911017 0.489746 0.913665 0.489746 0.912606 0.489258 0.912076 0.489746 0.909958 0.489014 0.908898 0.489014 0.907309 0.490723 0.904131 0.490967 0.901483 0.492432 0.898835 0.492676 0.891419 0.492188 0.889301 0.493164 0.887182 0.493652 0.887182 0.493896 0.886123
1 0.791016 0.884534 0.790771 0.886123 0.791260 0.888242 0.791992 0.888242 0.792969 0.890360 0.792480 0.891419 0.791748 0.890360 0.792480 0.891419 0.792725 0.893538 0.793945 0.893538 0.794922 0.895127 0.795166 0.894597 0.794434 0.893538 0.794434 0.892479 0.795166 0.892479 0.795166 0.890890 0.794678 0.890360 0.794678 0.888242 0.793701 0.885593 0.793945 0.887182 0.793457 0.888242 0.792725 0.887712 0.792236 0.888771 0.791748 0.887712 0.791992 0.886653 0.791260 0.886123
1 0.779785 0.884534 0.778809 0.884534 0.778076 0.886653 0.778320 0.889831 0.777832 0.889831 0.777344 0.891949 0.778320 0.891419 0.778564 0.889831 0.779297 0.888771
1 0.383545 0.885593 0.383301 0.886653 0.382812 0.886653 0.382568 0.888242 0.381104 0.889831 0.379883 0.889831 0.377686 0.893008 0.377197 0.891419 0.377686 0.889301 0.377686 0.884534 0.377197 0.884004 0.375977 0.886653 0.375244 0.886653 0.374512 0.888242 0.374512 0.892479 0.375732 0.892479 0.376221 0.895657 0.376709 0.896186 0.375732 0.897775 0.375000 0.896716 0.374756 0.898305 0.374023 0.896186 0.373291 0.897775 0.372803 0.897775 0.373047 0.898305 0.372559 0.898835 0.372803 0.899894 0.372070 0.900953 0.372070 0.903072 0.371094 0.903072 0.372070 0.905191 0.371826 0.906780 0.373291 0.906250 0.374756 0.904661 0.375488 0.902542 0.377197 0.902013 0.378662 0.898835 0.381592 0.897246 0.382568 0.895127 0.383789 0.894068 0.383301 0.892479
1 0.829102 0.882415 0.829102 0.885064 0.829834 0.885064 0.830078 0.886123 0.831543 0.886123 0.831299 0.883475 0.830566 0.883475 0.830322 0.882415
1 0.255371 0.882415 0.253662 0.883475 0.253418 0.880826 0.252686 0.880826 0.252686 0.881886 0.251709 0.881356 0.248047 0.882415 0.246094 0.887182 0.244629 0.887182 0.245361 0.888771 0.245850 0.887712 0.246094 0.889831 0.244629 0.889831 0.242676 0.894597 0.242188 0.894068 0.243896 0.890360 0.243652 0.885593 0.242432 0.884534 0.241699 0.889301 0.240234 0.890360 0.239258 0.895127 0.237793 0.898305 0.237793 0.900953 0.235840 0.908369 0.235840 0.910487 0.236572 0.909428 0.237061 0.909958 0.235840 0.912076 0.235107 0.911547 0.235352 0.911017 0.235107 0.911547 0.236084 0.912606 0.235107 0.914725 0.236816 0.912606 0.238281 0.912076 0.238770 0.914725 0.239502 0.913665 0.240234 0.914195 0.240234 0.917373 0.241211 0.916843 0.241699 0.915784 0.241211 0.915254 0.240967 0.912606 0.239990 0.911017 0.242432 0.907839 0.243896 0.904661 0.244141 0.905191 0.244141 0.903602 0.244873 0.903072 0.245361 0.901483 0.245361 0.899364 0.247559 0.899894 0.248047 0.898835 0.249512 0.899364 0.250000 0.900953 0.250732 0.899364 0.250732 0.897775 0.251465 0.895657 0.252686 0.894597 0.252930 0.895127 0.254150 0.893008 0.254639 0.890890 0.255859 0.890360 0.255859 0.888771 0.255127 0.888771 0.256104 0.886123
1 0.947266 0.881356 0.947266 0.882415 0.946533 0.882945 0.947510 0.881886 0.947510 0.883475 0.948975 0.884534 0.948975 0.887182 0.945557 0.888242 0.948730 0.890360 0.949951 0.892479 0.950439 0.894597 0.950928 0.891949 0.950928 0.887182 0.951416 0.886123 0.951416 0.883475 0.951904 0.882945 0.951904 0.881886 0.950928 0.881886 0.949951 0.880297 0.949707 0.881356
1 0.496338 0.879767 0.495605 0.881886 0.495117 0.881886 0.495605 0.882945 0.495117 0.886653 0.495605 0.888242 0.496338 0.884534
1 0.439209 0.879767 0.437988 0.881886 0.438232 0.882415 0.437012 0.885593 0.437012 0.889301 0.436523 0.889831 0.436523 0.891419 0.435303 0.891949 0.435547 0.892479 0.435059 0.893538 0.435547 0.894597 0.437988 0.890360 0.438232 0.887712 0.438721 0.886653 0.437744 0.885593 0.438721 0.884004 0.438965 0.885064 0.439209 0.884534
1 0.087891 0.886123 0.087891 0.884534 0.086182 0.883475 0.086426 0.881886 0.085693 0.879767 0.084961 0.880297 0.085205 0.881886 0.084229 0.884534 0.083252 0.884534 0.082764 0.882945 0.082031 0.882945 0.082031 0.881356 0.081299 0.883475 0.082031 0.885593 0.083496 0.885593 0.083984 0.887182 0.084229 0.886123 0.085938 0.887182 0.087402 0.887182
1 0.854492 0.882415 0.855713 0.886653 0.856934 0.887182 0.857910 0.885593 0.858887 0.887182 0.860352 0.887182 0.861816 0.889831 0.861816 0.891419 0.864258 0.894597 0.867432 0.895127 0.870361 0.893538 0.867432 0.889301 0.866943 0.887182 0.865723 0.885064 0.865967 0.885593 0.865479 0.887182 0.864502 0.886123 0.864014 0.884534 0.863770 0.879767 0.862793 0.878178 0.862061 0.878708 0.860840 0.877648 0.859375 0.879237 0.858154 0.878178 0.858643 0.878708 0.858154 0.879767 0.857422 0.878178 0.857910 0.879767 0.857666 0.880826 0.856201 0.880297
1 0.967285 0.876589 0.967285 0.878708 0.967773 0.878708 0.968506 0.880297 0.968262 0.882945 0.968506 0.881886 0.969727 0.883475 0.969482 0.880826 0.969971 0.879767 0.970459 0.880826 0.972412 0.881886 0.970703 0.878708 0.969238 0.878178 0.968750 0.876589 0.968750 0.878708 0.968262 0.878708
1 0.774902 0.878708 0.775635 0.880297 0.776367 0.880297 0.776611 0.879237 0.776855 0.879767 0.777100 0.877648 0.777588 0.877648 0.775391 0.876589 0.774902 0.877119
1 0.740234 0.875530 0.739746 0.878708 0.739014 0.880297 0.737793 0.877648 0.737061 0.878178 0.738770 0.881356 0.738525 0.884004 0.739014 0.885064 0.739990 0.884534 0.739990 0.882415 0.740967 0.880826 0.740723 0.879767 0.741211 0.878708 0.742188 0.880826 0.742676 0.880297 0.742432 0.879237 0.741699 0.879237
1 0.428711 0.879767 0.427246 0.879237 0.427002 0.875530 0.424805 0.879767 0.424805 0.881356 0.425049 0.880297 0.425537 0.881356 0.426025 0.879767 0.426758 0.881356 0.428223 0.880826
1 0.118896 0.873411 0.117920 0.872352 0.116699 0.872881 0.116211 0.871822 0.116455 0.870763 0.115723 0.872881 0.113770 0.873411 0.113037 0.875000 0.112305 0.873941 0.113037 0.872881 0.113281 0.873411 0.113770 0.872352 0.112305 0.873411 0.109619 0.873941 0.108887 0.875000 0.108643 0.874470 0.103760 0.876059 0.105713 0.878708 0.109375 0.879237 0.112793 0.877119 0.113525 0.875530 0.114258 0.876059 0.114502 0.875000 0.117676 0.875530
1 0.817383 0.870763 0.818604 0.875530 0.819824 0.875530 0.818848 0.871822 0.820068 0.871292 0.819580 0.871292 0.819336 0.870233 0.817627 0.871292
1 0.637695 0.868644 0.637207 0.872881 0.636475 0.875530 0.636475 0.878178 0.637939 0.883475 0.637939 0.887182 0.638672 0.889301 0.639404 0.889301 0.640137 0.887182 0.640137 0.885064 0.641113 0.883475 0.641113 0.880297 0.640625 0.879767 0.640137 0.880826 0.639404 0.879767 0.637939 0.879767 0.637695 0.877119 0.638428 0.873941 0.638428 0.870763
1 0.992676 0.872881 0.993896 0.872352 0.993408 0.871822 0.995361 0.867585 0.994873 0.868644 0.993652 0.868644 0.992676 0.867585
1 0.014160 0.868114 0.013184 0.867055 0.012451 0.867585 0.010986 0.866525 0.010254 0.867055 0.010498 0.868114 0.010010 0.870233 0.009033 0.869703 0.009277 0.870233 0.008301 0.871292 0.006348 0.871292 0.005859 0.870233 0.005615 0.871292 0.005371 0.870763 0.005371 0.871822 0.004395 0.873411 0.004395 0.877648 0.003906 0.879237 0.003662 0.884004 0.003418 0.884534 0.002441 0.883475 0.002441 0.885064 0.001709 0.885064 0.001709 0.887712 0.001221 0.887712 0.001709 0.888771 0.000000 0.889301 0.000000 0.891949 0.001465 0.891419 0.001465 0.892479 0.002197 0.890360 0.002930 0.891949 0.002930 0.894068 0.004395 0.894068 0.006592 0.892479 0.007812 0.893008 0.010010 0.891419 0.011475 0.891419 0.011963 0.889831 0.011230 0.888771 0.013428 0.883475 0.013672 0.884534 0.014160 0.884534 0.013672 0.884004 0.013672 0.882415 0.012939 0.881886 0.013428 0.881886 0.013428 0.882945 0.012207 0.882945 0.011475 0.884004 0.008545 0.883475 0.011475 0.882415 0.011230 0.880297 0.009766 0.880297 0.010254 0.878708 0.014160 0.878178 0.015625 0.875000 0.014893 0.875000 0.014404 0.876059 0.011475 0.876059 0.009521 0.878178 0.009033 0.877648 0.006836 0.881886 0.005859 0.879767 0.006592 0.879237 0.008301 0.875530 0.009521 0.874470 0.010010 0.875000 0.009766 0.876589 0.010254 0.875530 0.013672 0.874470 0.013916 0.873411 0.012939 0.873941 0.012451 0.872881 0.012939 0.870763 0.013672 0.870763 0.014160 0.869703
1 0.968262 0.864936 0.968506 0.866525 0.969971 0.867055 0.970947 0.869174 0.973389 0.871292 0.975830 0.876059 0.976562 0.874470 0.975830 0.874470 0.973389 0.870233 0.972656 0.870233 0.971436 0.867585 0.970703 0.868114 0.968994 0.864936
1 0.976318 0.863877 0.975586 0.868644 0.976807 0.871822 0.978027 0.870763 0.976562 0.870233 0.976562 0.867055 0.976318 0.867585 0.975830 0.866525 0.976318 0.865466 0.977295 0.865996 0.977295 0.867055 0.977783 0.867055 0.978027 0.865996 0.978760 0.867055 0.977051 0.863877
1 0.852295 0.863877 0.852783 0.863877 0.854248 0.867055 0.855713 0.867055 0.855713 0.865466 0.855225 0.864407
1 0.518555 0.863347 0.518555 0.865996 0.519775 0.869174 0.520996 0.869174 0.521240 0.870763 0.522461 0.872352 0.523193 0.871292 0.523682 0.872352 0.524414 0.872352 0.524902 0.870233 0.523926 0.870233 0.523682 0.867585 0.523193 0.868114 0.522705 0.867055 0.522461 0.868114 0.520996 0.864407 0.520020 0.863347 0.520264 0.862818 0.519287 0.863877
1 0.773193 0.862818 0.771484 0.861758 0.771484 0.863347 0.771240 0.863877 0.770508 0.862818 0.770264 0.864407 0.770020 0.862288 0.770020 0.865996 0.769287 0.865466 0.767578 0.866525 0.768066 0.870233 0.769043 0.868644 0.768066 0.867585 0.768311 0.866525 0.770508 0.867055 0.771484 0.865466 0.772949 0.865466 0.772461 0.864936 0.772461 0.863877
1 0.920410 0.861229 0.920410 0.863347 0.920898 0.864936 0.921875 0.865996 0.923584 0.863877 0.923340 0.861758 0.920898 0.862288
1 0.774414 0.860699 0.775635 0.863347 0.775635 0.864936 0.774902 0.865996 0.773438 0.865996 0.775635 0.865996 0.778076 0.869174 0.775391 0.862288 0.775391 0.861229 0.775146 0.861758
1 0.741943 0.862818 0.743164 0.865466 0.743164 0.867055 0.742676 0.867585 0.743164 0.868114 0.743164 0.865996 0.743652 0.864936 0.744873 0.867055 0.745117 0.870233 0.745605 0.871822 0.746094 0.871822 0.745605 0.874470 0.746094 0.874470 0.745850 0.873941 0.746582 0.872352 0.749023 0.871292 0.748779 0.869174 0.748047 0.868114 0.746826 0.862818 0.745117 0.860699 0.744629 0.859110 0.743896 0.859110 0.743652 0.861758 0.742432 0.863877
1 0.478271 0.859110 0.477783 0.862288 0.478027 0.862818 0.477539 0.864407 0.477295 0.863877 0.477539 0.868114 0.479248 0.869703 0.479492 0.871822 0.480469 0.872352 0.480469 0.870233 0.481934 0.865996 0.481689 0.864936 0.480713 0.865996 0.479980 0.864936 0.479004 0.865466 0.478516 0.864407 0.478760 0.859640
1 0.907227 0.859110 0.907227 0.863347 0.908203 0.864936 0.908447 0.866525 0.907959 0.868114 0.909180 0.869703 0.910156 0.868114 0.909912 0.862288 0.910645 0.861229 0.910645 0.859640 0.908203 0.858581 0.907471 0.859640
1 0.098389 0.858581 0.098145 0.859640 0.097900 0.859110 0.097412 0.860169 0.096191 0.860699 0.096191 0.862818 0.095459 0.865996 0.094971 0.865466 0.093994 0.867585 0.093262 0.866525 0.093018 0.867585 0.092041 0.868114 0.093262 0.868114 0.093750 0.869703 0.093506 0.870763 0.091797 0.870763 0.091064 0.871822 0.090576 0.870233 0.091064 0.867585 0.088379 0.871292 0.089111 0.877648 0.088623 0.879237 0.089844 0.881886 0.088867 0.886123 0.089600 0.886123 0.090088 0.884534 0.090332 0.885593 0.090088 0.884004 0.090576 0.881886 0.092041 0.879237 0.093506 0.879237 0.093994 0.880826 0.093506 0.880826 0.093750 0.881356 0.093018 0.882945 0.092773 0.885593 0.093018 0.884534 0.093750 0.886123 0.094971 0.885064 0.095947 0.886653 0.095947 0.887712 0.096436 0.887182 0.096924 0.885064 0.096436 0.884534 0.097900 0.882945 0.097168 0.882415 0.097900 0.881356 0.098145 0.881886 0.098633 0.879767 0.097412 0.879767 0.096191 0.878178 0.097168 0.875530 0.096680 0.875530 0.095947 0.873941 0.095947 0.872352 0.095215 0.871292 0.095215 0.868114 0.095703 0.867585 0.095215 0.866525 0.096680 0.864407 0.096924 0.864936 0.098389 0.861758
1 0.819824 0.861758 0.819336 0.864936 0.819580 0.864407 0.823730 0.873411 0.824463 0.873411 0.825195 0.875530 0.824951 0.876589 0.822510 0.877119 0.821777 0.876059 0.821289 0.877648 0.820801 0.876589 0.821045 0.876059 0.820312 0.876059 0.820801 0.877119 0.820312 0.878708 0.819824 0.878708 0.820312 0.880297 0.823486 0.877648 0.824219 0.879237 0.825928 0.878708 0.827637 0.881886 0.828125 0.879767 0.828613 0.880826 0.830811 0.880826 0.830811 0.878178 0.830322 0.880297 0.829346 0.879767 0.829346 0.878178 0.830322 0.876589 0.830322 0.875000 0.829102 0.872352 0.830811 0.870233 0.830566 0.864936 0.831055 0.863347 0.830566 0.862818 0.831055 0.861758 0.829590 0.862288 0.828125 0.860699 0.830322 0.867585 0.829590 0.869174 0.825684 0.862288 0.825195 0.859110 0.827148 0.859640 0.826416 0.858051 0.825195 0.858051 0.824951 0.856992 0.824219 0.857521 0.824951 0.859110 0.824463 0.860699 0.823242 0.857521 0.823730 0.860699 0.824707 0.862818 0.826172 0.863877 0.825928 0.864936 0.824951 0.864936 0.824951 0.865996 0.826172 0.867055 0.826660 0.868644 0.827393 0.868114 0.827637 0.866525 0.827881 0.868644 0.828613 0.869703 0.827881 0.870233 0.828369 0.872352 0.827393 0.873411 0.824951 0.867585 0.825684 0.870233 0.825684 0.872352 0.826172 0.872881 0.825928 0.873941 0.823730 0.872881 0.824219 0.870763 0.823975 0.868114 0.824463 0.867055 0.823486 0.864407 0.822754 0.864407 0.820801 0.861229
1 0.984619 0.854873 0.985596 0.858581 0.985352 0.859640 0.981934 0.857521 0.981445 0.858581 0.982422 0.858051 0.983643 0.859110 0.984619 0.861229 0.983887 0.863347 0.982910 0.863877 0.983887 0.863877 0.984619 0.865996 0.983887 0.868114 0.984863 0.867055 0.984863 0.865996 0.984131 0.864407 0.984619 0.863877 0.984619 0.862288 0.986084 0.860169 0.986084 0.858581
1 0.760742 0.855403 0.760986 0.856992 0.761963 0.856992 0.762451 0.859110 0.762939 0.858051 0.763916 0.858581 0.764160 0.860699 0.765137 0.860699 0.764893 0.860169 0.765381 0.858581 0.765869 0.859110 0.766113 0.861758 0.767090 0.860699 0.766113 0.860169 0.766602 0.859110 0.765869 0.858051 0.766602 0.857521 0.766113 0.856462 0.765137 0.856462 0.763916 0.858581 0.763672 0.856992 0.764160 0.855932 0.763916 0.854873 0.763184 0.855403 0.762939 0.853814 0.762207 0.856462
1 0.789307 0.850636 0.788818 0.851165 0.788818 0.853814 0.787598 0.855403 0.788086 0.856462 0.787354 0.856462 0.787354 0.858051 0.788086 0.858051 0.788330 0.855932 0.789551 0.855932 0.790039 0.859640 0.790527 0.859640 0.791016 0.858051 0.789551 0.855932 0.790283 0.854873 0.789062 0.854343 0.789795 0.852225 0.790283 0.852225
1 0.026855 0.849576 0.025635 0.850106 0.025391 0.853284 0.024658 0.855403 0.023682 0.856462 0.023682 0.860699 0.023926 0.859110 0.025879 0.855403 0.026855 0.855403 0.027344 0.853814 0.027832 0.853814 0.027832 0.851695 0.026611 0.851165
1 0.703125 0.847458 0.702637 0.849576 0.702148 0.850106 0.701416 0.849047 0.699951 0.852225 0.699463 0.851695 0.698242 0.853284 0.698242 0.855403 0.698730 0.856462 0.700439 0.854873 0.700439 0.856462 0.701416 0.856462 0.701904 0.858581 0.700928 0.862288 0.700684 0.861229 0.700195 0.861229 0.698975 0.863347 0.699219 0.864407 0.698242 0.868114 0.698242 0.870233 0.699463 0.875530 0.700195 0.874470 0.699951 0.871822 0.700439 0.870763 0.699951 0.870233 0.699951 0.868644 0.700684 0.867055 0.701660 0.869174 0.702148 0.869174 0.702148 0.870763 0.702393 0.869703 0.703369 0.872352 0.703857 0.872352 0.704102 0.874470 0.703613 0.875530 0.702881 0.875530 0.703125 0.876059 0.701904 0.880826 0.703125 0.882945 0.704346 0.883475 0.705566 0.880826 0.706543 0.880826 0.706787 0.879237 0.709229 0.877648 0.708496 0.875530 0.708984 0.873411 0.708008 0.873941 0.707031 0.869703 0.707764 0.865466 0.707520 0.861229 0.707031 0.859640 0.706787 0.850106 0.705322 0.850636 0.704102 0.849576 0.703857 0.847987
1 0.809082 0.847458 0.808105 0.846398 0.806152 0.848517 0.807129 0.849576 0.808594 0.849576
1 0.818359 0.845339 0.817871 0.846398 0.817627 0.849576 0.816162 0.851695 0.816895 0.853284 0.818848 0.854343 0.819824 0.853284 0.819824 0.852225 0.818848 0.850636 0.818848 0.846398
1 0.511963 0.844280 0.510742 0.846928 0.510742 0.850636 0.511230 0.851165 0.511963 0.849047 0.512207 0.849576 0.512939 0.848517 0.512207 0.846928
1 0.831055 0.843750 0.830322 0.845339 0.830811 0.845339 0.830566 0.849576 0.829590 0.851695 0.829346 0.853814 0.829590 0.853284 0.830811 0.854343 0.831055 0.847987 0.831787 0.846928 0.830811 0.844280
1 0.958008 0.843220 0.956543 0.847987 0.956299 0.847458 0.957764 0.848517 0.958252 0.847987 0.958252 0.846398 0.959717 0.846398 0.960205 0.847458 0.959961 0.849047 0.960693 0.849047 0.960938 0.851165 0.961426 0.851695 0.960449 0.853284 0.960693 0.854343 0.961670 0.854873 0.961670 0.851695 0.961182 0.850636 0.962646 0.850106 0.959473 0.843750 0.958984 0.844280 0.958740 0.843220
1 0.554443 0.844809 0.553467 0.844280 0.552979 0.842691 0.552246 0.843750 0.551270 0.843220 0.550537 0.844809 0.550781 0.848517 0.554443 0.848517
1 0.763184 0.841631 0.762939 0.842161 0.764404 0.845339 0.765137 0.843750 0.765625 0.844280 0.765625 0.850106 0.766113 0.849576 0.766602 0.850636 0.766113 0.852225 0.766602 0.853284 0.767090 0.852754 0.767822 0.854343 0.767090 0.851165 0.765869 0.849047 0.766357 0.846928 0.765869 0.843750 0.764160 0.842691 0.763916 0.841631
1 0.000000 0.840572 0.000000 0.842691 0.000488 0.843220 0.000000 0.843750 0.000000 0.848517 0.000488 0.849047 0.001709 0.846928 0.002197 0.847458 0.002197 0.846398 0.001221 0.845869 0.001953 0.845339 0.001465 0.843220 0.001709 0.842161 0.000732 0.843750 0.000488 0.842691 0.000977 0.841102
1 0.991211 0.838983 0.990723 0.841631 0.991211 0.841631 0.991455 0.843750 0.991455 0.850636 0.992432 0.852225 0.991699 0.847458 0.991943 0.841631 0.991699 0.839513
1 0.847900 0.837394 0.847168 0.838453 0.845215 0.836864 0.844971 0.837924 0.845703 0.839513 0.844971 0.841631 0.843506 0.838453 0.842285 0.837394 0.842773 0.839513 0.843506 0.840572 0.844482 0.840572 0.844482 0.845339 0.843750 0.847458 0.843750 0.849047 0.842529 0.851165 0.842773 0.850636 0.843506 0.851695 0.845215 0.849047 0.846191 0.849047 0.846680 0.847458 0.847656 0.846398 0.848389 0.843220 0.848389 0.839513
1 0.769531 0.836864 0.769775 0.838983 0.768799 0.839513 0.768555 0.841102 0.769287 0.842161 0.769775 0.841631 0.770020 0.843750 0.769531 0.844280 0.768555 0.843220 0.768555 0.846928 0.770264 0.849047 0.770264 0.846398 0.772217 0.847458 0.771729 0.847458 0.770996 0.844809 0.771729 0.843750 0.771240 0.842691 0.771729 0.841631
1 0.229492 0.836335 0.229248 0.835805 0.227051 0.839513 0.224854 0.844280 0.224854 0.845339 0.227051 0.843750 0.226807 0.840042 0.227783 0.839513 0.228027 0.840572 0.228516 0.840572 0.228516 0.837924
1 0.770752 0.835805 0.770996 0.837394 0.771729 0.838983 0.772217 0.838983 0.772949 0.841102 0.774170 0.841631 0.773682 0.842691 0.774414 0.844280 0.775391 0.842691 0.775635 0.843220 0.773193 0.838453 0.771973 0.837394 0.772461 0.835805 0.773193 0.836864 0.773438 0.835805 0.773926 0.835805 0.773682 0.834216 0.772217 0.834216 0.772705 0.835275 0.771973 0.836864 0.771729 0.835805
1 0.791992 0.832627 0.792480 0.834746 0.792236 0.837924 0.792969 0.840042 0.792969 0.841631 0.794434 0.843220 0.794678 0.842161 0.793701 0.841102 0.793701 0.839513 0.794678 0.838453 0.795166 0.836864 0.793701 0.836335
1 0.785645 0.830508 0.785645 0.831568 0.786377 0.833157 0.788330 0.832097 0.788330 0.833686 0.789062 0.834216 0.788818 0.835805 0.789551 0.835275 0.790771 0.836864 0.791016 0.835275 0.787842 0.831568 0.787354 0.829979 0.787354 0.832097 0.786377 0.830508 0.786377 0.832097
1 0.700439 0.828919 0.699951 0.828919 0.699219 0.831038 0.698242 0.831038 0.697754 0.832627 0.696289 0.832097 0.696045 0.833157 0.695557 0.833157 0.696045 0.838983 0.695068 0.842691 0.695557 0.845339 0.698486 0.846398 0.699219 0.847458 0.700928 0.846398 0.700439 0.845869 0.701416 0.845339 0.701416 0.836335 0.700928 0.833157 0.701172 0.830508
1 0.515137 0.828390 0.513916 0.829449 0.513916 0.835275 0.514404 0.835275 0.514893 0.833686 0.514648 0.831038 0.515137 0.830508
1 0.493164 0.832097 0.492188 0.831568 0.491943 0.832627 0.491699 0.832097 0.491211 0.833686 0.490723 0.833686 0.489746 0.831568 0.489746 0.828919 0.489014 0.828390 0.487061 0.832627 0.485840 0.831568 0.485107 0.832627 0.483887 0.832097 0.483154 0.833157 0.482910 0.831568 0.482422 0.831568 0.482178 0.833157 0.482666 0.835275 0.483398 0.833157 0.483887 0.833157 0.484619 0.835275 0.483643 0.837924 0.483154 0.836864 0.482666 0.837924 0.480225 0.838983 0.479980 0.840042 0.480225 0.841102 0.481445 0.840572 0.481934 0.842691 0.483643 0.844809 0.483887 0.844280 0.485840 0.847987 0.486572 0.847458 0.486572 0.845339 0.487305 0.843220 0.487793 0.843750 0.487793 0.842691 0.489502 0.840042 0.490723 0.840042 0.490479 0.839513 0.491699 0.835805 0.493164 0.835805
1 0.693848 0.836864 0.693115 0.837394 0.691895 0.835275 0.692139 0.829449 0.691406 0.827331 0.690918 0.832627 0.689941 0.834216 0.688477 0.840572 0.687012 0.842691 0.686768 0.841631 0.686279 0.842161 0.684326 0.838453 0.684082 0.838983 0.683350 0.837924 0.682617 0.838983 0.681885 0.838453 0.681885 0.840042 0.681396 0.841102 0.680664 0.841102 0.680420 0.838983 0.680908 0.838453 0.680176 0.836864 0.679443 0.837394 0.677002 0.833686 0.677002 0.837394 0.677734 0.840572 0.675049 0.842691 0.675049 0.844809 0.676025 0.844809 0.676758 0.846398 0.675537 0.847458 0.673828 0.843750 0.672852 0.843220 0.673584 0.846398 0.674561 0.847458 0.674805 0.849576 0.675293 0.850106 0.674805 0.851695 0.672852 0.853814 0.675049 0.854873 0.675293 0.855932 0.676514 0.855932 0.677490 0.854873 0.677002 0.853814 0.677490 0.852754 0.677734 0.853284 0.677734 0.852225 0.678223 0.852225 0.678223 0.853284 0.680176 0.853814 0.680176 0.852754 0.681152 0.853814 0.681885 0.853284 0.682373 0.851695 0.682129 0.850106 0.683105 0.847458 0.682129 0.846928 0.682373 0.842691 0.683105 0.842691 0.683594 0.843750 0.683350 0.845339 0.683594 0.843750 0.685547 0.844280 0.685303 0.846398 0.684814 0.845339 0.684570 0.846398 0.683594 0.846398 0.684082 0.848517 0.684570 0.846928 0.685547 0.847987 0.686035 0.847458 0.687744 0.851165 0.690674 0.849576 0.692383 0.853284 0.692627 0.851165 0.691650 0.849047 0.691650 0.846928 0.692139 0.846398 0.691895 0.843220 0.693359 0.840042
1 0.791016 0.829979 0.790283 0.829979 0.789795 0.828919 0.790039 0.826801 0.787842 0.829979 0.788818 0.831038 0.790771 0.831038
1 0.768555 0.823093 0.768066 0.824682 0.770264 0.827331 0.770508 0.830508 0.770264 0.831038 0.768311 0.826801 0.769043 0.829979 0.768311 0.829979 0.768066 0.832097 0.768555 0.833157 0.772217 0.833157 0.770996 0.833157 0.770264 0.831568 0.771240 0.828919 0.770508 0.828390 0.770508 0.826271 0.770020 0.825212 0.769775 0.826271 0.768799 0.824153 0.769287 0.824153
1 0.010742 0.822564 0.010010 0.822034 0.010010 0.820975 0.009033 0.818856 0.008057 0.818856 0.008301 0.819915 0.007324 0.821504 0.006592 0.821504 0.005859 0.824682 0.006836 0.826271 0.009277 0.826271
1 0.787842 0.814089 0.787598 0.814619 0.788818 0.816737 0.789062 0.818856 0.790039 0.821504 0.789795 0.823623 0.790283 0.823623 0.790771 0.822564 0.790283 0.817267 0.789307 0.814089
1 0.118896 0.813030 0.118164 0.811970 0.116699 0.811970 0.116699 0.813030 0.115967 0.814619 0.115234 0.814089 0.114502 0.815148 0.114258 0.818856 0.115479 0.817797 0.116211 0.818326 0.117920 0.816208 0.118408 0.814619 0.117920 0.813559
1 0.530762 0.810381 0.527832 0.813559 0.528076 0.815148 0.529053 0.815678
1 0.524902 0.808263 0.524414 0.811441 0.525391 0.814089 0.526123 0.814089 0.526367 0.809322 0.526123 0.808263 0.525146 0.809322
1 0.753906 0.808263 0.754883 0.812500 0.755371 0.812500 0.755859 0.810911 0.755371 0.807733
1 0.998535 0.806674 0.999512 0.809852 0.999023 0.813559 0.999756 0.815148 0.999756 0.807203
1 0.982666 0.806144 0.983643 0.807203 0.983643 0.809322 0.984375 0.809322 0.986084 0.811441 0.985352 0.809322 0.985840 0.808263 0.987061 0.809322 0.986572 0.807203 0.985840 0.806674 0.986084 0.807733 0.985596 0.808263 0.985107 0.806674
1 0.772705 0.808263 0.773926 0.811441 0.775146 0.810381 0.776123 0.813030 0.777588 0.811441 0.778809 0.812500 0.779053 0.811970 0.777100 0.806144 0.777588 0.808263 0.775879 0.809322 0.775635 0.810381 0.774414 0.810381 0.773193 0.807733 0.773438 0.806144
1 0.769775 0.805085 0.769531 0.807733 0.772461 0.814089 0.773193 0.814619 0.772949 0.811441 0.772217 0.809852 0.770996 0.809322 0.769775 0.806674
1 0.787109 0.804555 0.787598 0.805614 0.787598 0.808263 0.786621 0.808792 0.785889 0.807733 0.785645 0.808263 0.786133 0.810381 0.786865 0.811441 0.787354 0.809322 0.789062 0.811970 0.788574 0.807733 0.788818 0.807203 0.788086 0.807203 0.788086 0.805614
1 0.762207 0.800847 0.761475 0.804025 0.760498 0.802436 0.759766 0.804555 0.759766 0.807733 0.760254 0.807733 0.760742 0.805614 0.761963 0.804025 0.761719 0.803496 0.762451 0.801907
1 0.021973 0.798729 0.020752 0.797669 0.019287 0.797669 0.017090 0.799258 0.014648 0.799258 0.014160 0.804025 0.013184 0.805614 0.012695 0.808263 0.011963 0.808792 0.011963 0.809852 0.013916 0.809852 0.015137 0.810911 0.015625 0.813559 0.015137 0.815148 0.014404 0.814089 0.014648 0.813559 0.013428 0.816208 0.012939 0.816208 0.012207 0.814619 0.012207 0.813559 0.011719 0.813559 0.011230 0.816208 0.011963 0.818326 0.011963 0.820445 0.012451 0.819915 0.011963 0.818856 0.012207 0.817267 0.013672 0.817267 0.013184 0.820975 0.013672 0.824153 0.014404 0.824682 0.015137 0.822564 0.015869 0.823623 0.018799 0.823093 0.018799 0.821504 0.018066 0.820445 0.018555 0.819915 0.017578 0.818856 0.018311 0.817797 0.018555 0.814619 0.019287 0.813559 0.020264 0.814089 0.020264 0.815148 0.021240 0.815148 0.022949 0.813559 0.022461 0.813559 0.021729 0.811970 0.021729 0.809852 0.020020 0.809322 0.019531 0.806674 0.020020 0.805085 0.022217 0.805614 0.022705 0.803496 0.022217 0.802436 0.022461 0.801377 0.021240 0.802436 0.018311 0.802436 0.017822 0.801377 0.018311 0.800318 0.019287 0.800847
1 0.899170 0.797140 0.899902 0.799258 0.898926 0.800318 0.898682 0.802436 0.899902 0.804555 0.900146 0.807203 0.902588 0.808792 0.903564 0.810911 0.903320 0.811970 0.903809 0.813559 0.902100 0.815148 0.900879 0.814619 0.900391 0.816208 0.901611 0.816737 0.903076 0.815148 0.904297 0.815678 0.904785 0.814089 0.905029 0.815148 0.906250 0.815148 0.906738 0.816208 0.906494 0.816737 0.909912 0.817797 0.910889 0.818856 0.911377 0.820445 0.911133 0.820975 0.911621 0.821504 0.912842 0.820975 0.912842 0.819915 0.911133 0.817267 0.911377 0.816737 0.910889 0.817797 0.909912 0.816737 0.910156 0.814619 0.912109 0.810381 0.912109 0.808263 0.909668 0.807203 0.908936 0.809322 0.907471 0.808263 0.906738 0.806674 0.906494 0.807203 0.906006 0.805614 0.904053 0.806144 0.904053 0.807203 0.903076 0.807203 0.902588 0.806144 0.902832 0.804555 0.902344 0.803496 0.901855 0.805614 0.901123 0.804025 0.901855 0.800847 0.900879 0.800847 0.900879 0.798729
1 0.641846 0.796081 0.639160 0.800318 0.639160 0.801377 0.639893 0.802966 0.641846 0.802436 0.642578 0.801377 0.642090 0.797669 0.642334 0.797140
1 0.892822 0.796610 0.892334 0.795551 0.890625 0.796610 0.890625 0.798729 0.890137 0.799788 0.891602 0.799788 0.892334 0.798729 0.892578 0.799258 0.892334 0.798199
1 0.634277 0.795021 0.633789 0.795021 0.633789 0.796610 0.632324 0.796610 0.631348 0.793962 0.631104 0.796081 0.632324 0.798199 0.631348 0.799258 0.631348 0.801377 0.630859 0.801907 0.631104 0.802966 0.630371 0.804025 0.630615 0.811441 0.632324 0.810911 0.632324 0.807203 0.634033 0.805085 0.634033 0.803496 0.634766 0.802966 0.634521 0.802436 0.635010 0.800847 0.635498 0.801907 0.635742 0.800847 0.635010 0.797669 0.634521 0.797669
1 0.761475 0.792903 0.760010 0.792903 0.758789 0.794492 0.760010 0.797140 0.759766 0.797669 0.758301 0.797140 0.757080 0.795021 0.758057 0.797140 0.757324 0.797669 0.757324 0.799258 0.761230 0.799258 0.760498 0.795551 0.761475 0.793962
1 0.755615 0.801907 0.755615 0.800847 0.753906 0.797669 0.753418 0.793432 0.752686 0.792903 0.753418 0.794492 0.752441 0.796081 0.751953 0.798199 0.750977 0.798199 0.749512 0.795021 0.747559 0.793432 0.748291 0.795551 0.748047 0.797140 0.749023 0.797140 0.750000 0.798729 0.751465 0.799258 0.751953 0.801377 0.752441 0.801377 0.751953 0.800318 0.752441 0.799258 0.753174 0.800318 0.754150 0.799258 0.755127 0.800318
1 0.915039 0.792903 0.913574 0.792373 0.912354 0.793432 0.913330 0.796610 0.913574 0.795551 0.914551 0.795551
1 0.626465 0.792373 0.625977 0.793962 0.626221 0.795551 0.625732 0.796610 0.627686 0.800318 0.627197 0.804025 0.627686 0.804555 0.628174 0.803496 0.628174 0.801907 0.627686 0.799788 0.626465 0.797669
1 0.616943 0.792373 0.616699 0.798199 0.617188 0.798729 0.616943 0.800318 0.617920 0.801377 0.618164 0.799788 0.617188 0.796610 0.617676 0.795021 0.617676 0.792903
1 0.638672 0.791314 0.637695 0.791314 0.636963 0.793432 0.636963 0.798199 0.637939 0.798199 0.638916 0.796081 0.639160 0.792373
1 0.754395 0.788136 0.756592 0.791843 0.759033 0.790784 0.755371 0.787606
1 0.643066 0.789725 0.643311 0.793432 0.644287 0.795551 0.648926 0.796081 0.648926 0.795021 0.648193 0.793432 0.648682 0.790254 0.647949 0.790254 0.647461 0.788665 0.645996 0.787076 0.644287 0.790254 0.643799 0.789195
1 0.717773 0.786547 0.715576 0.786017 0.715088 0.784958 0.713623 0.786547 0.712891 0.785487 0.712646 0.786547 0.710938 0.788136 0.709717 0.787076 0.709473 0.789195 0.708496 0.791314 0.708008 0.790784 0.707031 0.791843 0.707275 0.794492 0.708008 0.794492 0.708740 0.796081 0.708740 0.801907 0.711670 0.802436 0.712646 0.804555 0.712158 0.806144 0.711670 0.805614 0.713379 0.807203 0.713867 0.808792 0.713867 0.810911 0.714355 0.811441 0.713867 0.813030 0.713135 0.813030 0.711914 0.810911 0.711670 0.811441 0.711182 0.810381 0.710449 0.810381 0.710205 0.811441 0.709717 0.810381 0.709229 0.811970 0.708496 0.811970 0.708984 0.812500 0.708496 0.813030 0.708984 0.814619 0.707764 0.817267 0.708008 0.818856 0.710693 0.817267 0.711426 0.815148 0.711426 0.813559 0.712158 0.812500 0.713135 0.815678 0.713135 0.818326 0.714600 0.819915 0.717529 0.819386 0.717529 0.818326 0.716553 0.816208 0.716797 0.807203 0.716309 0.805085 0.715576 0.804025 0.715576 0.800847 0.716553 0.799788 0.717041 0.797669 0.719238 0.793432 0.719482 0.791843 0.718750 0.790784
1 0.759277 0.783898 0.760010 0.786547 0.761230 0.788665 0.760742 0.789725 0.761475 0.789725 0.762451 0.791314 0.762939 0.790254 0.763184 0.788136 0.762207 0.788136 0.761963 0.786017 0.761963 0.787076 0.761230 0.788136 0.761230 0.787076 0.760010 0.785487 0.759766 0.783898
1 0.726074 0.781250 0.726074 0.789725 0.727295 0.788136 0.727051 0.787606 0.727783 0.786547 0.728760 0.787606 0.728516 0.786547 0.727783 0.786547 0.726562 0.784428 0.726807 0.782309
1 0.055176 0.780720 0.053955 0.781250 0.053223 0.782839 0.052490 0.781780 0.052002 0.782839 0.050781 0.782839 0.051514 0.783898 0.051025 0.784958 0.050537 0.783898 0.050781 0.784428 0.050049 0.785487 0.049805 0.784428 0.049561 0.785487 0.049072 0.784428 0.049805 0.782839 0.047363 0.782839 0.046875 0.783369 0.047363 0.784428 0.047119 0.787606 0.048096 0.788136 0.048584 0.790254 0.050537 0.792903 0.051025 0.791843 0.050049 0.790254 0.050049 0.788136 0.051025 0.785487 0.052246 0.786547 0.051758 0.786017 0.053467 0.784428 0.053711 0.786017 0.054199 0.786017
1 0.744385 0.783898 0.746338 0.788136 0.746582 0.786017 0.747314 0.786017 0.748535 0.790254 0.749268 0.789195 0.748779 0.788665 0.749268 0.787606 0.750000 0.788136 0.750732 0.787076 0.751465 0.788665 0.751709 0.790784 0.752441 0.791843 0.753906 0.788665 0.753418 0.787606 0.752930 0.787606 0.752686 0.788665 0.751953 0.787076 0.752441 0.786547 0.751953 0.786017 0.752441 0.785487 0.752197 0.784958 0.751221 0.786547 0.750977 0.785487 0.750732 0.786547 0.750244 0.784958 0.748779 0.784428 0.749023 0.785487 0.750000 0.786017 0.749023 0.787606 0.748291 0.786017 0.748291 0.783898 0.747070 0.783898 0.746826 0.781250 0.746094 0.779661
1 0.675537 0.779131 0.676025 0.779131 0.676270 0.780191 0.677490 0.780191 0.677979 0.781250 0.677490 0.782839 0.675781 0.783898 0.676270 0.784958 0.676758 0.784958 0.677490 0.783369 0.678467 0.783898 0.679443 0.782309 0.678955 0.782309 0.678467 0.780191
1 0.961914 0.777013 0.961670 0.778072 0.962402 0.780191 0.961914 0.780720 0.962402 0.783898 0.961670 0.783898 0.962646 0.784958 0.962891 0.787076 0.964111 0.789195 0.964111 0.792373 0.965332 0.792903 0.965576 0.789195 0.965088 0.787606 0.965332 0.785487 0.964844 0.784428 0.965576 0.781780 0.965576 0.779661 0.963867 0.776483
1 0.758545 0.776483 0.758789 0.778072 0.760498 0.778072 0.760986 0.779131 0.760742 0.781250 0.761719 0.779661 0.762695 0.781250 0.764404 0.779661 0.763916 0.779131 0.763916 0.777542 0.762939 0.779131 0.761719 0.776483
1 0.678223 0.777542 0.678467 0.777013 0.678467 0.778602 0.679932 0.779661 0.682129 0.778602 0.682129 0.777542 0.681641 0.777013 0.680908 0.778602 0.680176 0.778602 0.679932 0.777013 0.681152 0.776483 0.680908 0.775953 0.679443 0.775953
1 0.086914 0.774894 0.086426 0.774364 0.085693 0.775953 0.083984 0.774894 0.081787 0.778072 0.080811 0.777542 0.081055 0.778072 0.080566 0.779131 0.080078 0.778602 0.080322 0.778072 0.078125 0.781780 0.077881 0.784958 0.077393 0.784428 0.077393 0.782839 0.076660 0.782309 0.074463 0.787076 0.074219 0.789195 0.074707 0.790784 0.073486 0.793962 0.075195 0.795021 0.076172 0.793962 0.076904 0.791843 0.077393 0.791843 0.077881 0.790784 0.077393 0.790254 0.078369 0.789195 0.079590 0.786017 0.083984 0.783898 0.083984 0.782839 0.083740 0.783369 0.083252 0.781780 0.086914 0.778602
1 0.645752 0.775424 0.645752 0.778072 0.646240 0.779131 0.645996 0.780720 0.646729 0.780720 0.648438 0.783898 0.647949 0.788136 0.648438 0.789195 0.649170 0.788665 0.650391 0.791843 0.649658 0.798729 0.650635 0.799788 0.652588 0.796610 0.652832 0.797140 0.652832 0.796081 0.654297 0.796081 0.655273 0.795021 0.656494 0.795551 0.656982 0.796610 0.656738 0.797669 0.657715 0.795021 0.657227 0.793962 0.657471 0.791843 0.654297 0.786547 0.654297 0.784958 0.653076 0.783369 0.652100 0.784428 0.651367 0.783898 0.649902 0.780720 0.649902 0.778602 0.648682 0.778072 0.648193 0.777013 0.647949 0.773835 0.647217 0.775424 0.646729 0.775424 0.646484 0.774364
1 0.740723 0.770127 0.741211 0.771186 0.740967 0.773305 0.741699 0.773305 0.742188 0.774894 0.743164 0.775424 0.743896 0.777013 0.743652 0.778072 0.742676 0.778072 0.743164 0.778602 0.744873 0.777013 0.745361 0.779131 0.744873 0.776483 0.745850 0.774894 0.748535 0.775424 0.748291 0.772246 0.746338 0.773305 0.745850 0.772246 0.746094 0.770657 0.745117 0.770657 0.743652 0.769068 0.743896 0.771186 0.744141 0.770657 0.744873 0.773305 0.744141 0.775424 0.742920 0.775424 0.742920 0.774364
1 0.756836 0.768538 0.755371 0.770657 0.755371 0.773835 0.755859 0.775953 0.755371 0.775953 0.755127 0.777013 0.755859 0.777013 0.756592 0.779661 0.757324 0.780191 0.757812 0.781780 0.754639 0.781780 0.755371 0.782309 0.755615 0.781250 0.756104 0.781250 0.756348 0.783369 0.757080 0.781780 0.757324 0.784428 0.757568 0.782309 0.758545 0.780720 0.757568 0.780191 0.757568 0.777542 0.756592 0.775424 0.757080 0.772246
1 0.864746 0.766949 0.864502 0.770657 0.864014 0.771716 0.864746 0.773305 0.866455 0.774894 0.867676 0.773835 0.868164 0.772246 0.867676 0.769597
1 0.783691 0.773835 0.783691 0.775953 0.784180 0.777013 0.782471 0.779131 0.783447 0.780191 0.783936 0.782309 0.784668 0.783369 0.785156 0.782839 0.785889 0.784958 0.786865 0.784958 0.787842 0.782839 0.789307 0.783369 0.791016 0.786547 0.791992 0.790254 0.792969 0.791314 0.794678 0.791314 0.796143 0.792373 0.796387 0.796081 0.797363 0.796610 0.797363 0.795021 0.795654 0.790784 0.796387 0.788665 0.796387 0.786017 0.794678 0.782309 0.794922 0.780720 0.794434 0.779661 0.794189 0.772775 0.794922 0.771186 0.794434 0.769597 0.794922 0.766419 0.792725 0.768008 0.791748 0.770127 0.790771 0.770127 0.791016 0.770657 0.790283 0.772246 0.789062 0.771716 0.788574 0.772775 0.787842 0.772775 0.787109 0.771186 0.785645 0.770657 0.784668 0.773305
1 0.676514 0.766419 0.676514 0.769068 0.675781 0.769068 0.675049 0.767479 0.674805 0.768008 0.675293 0.770127 0.676514 0.770657 0.677002 0.769597 0.677734 0.771186 0.677246 0.772246 0.677734 0.773835 0.677002 0.775953 0.676025 0.775953 0.675781 0.774894 0.676758 0.773835 0.675781 0.773305 0.675781 0.775424 0.676758 0.777013 0.677490 0.776483 0.677979 0.774364 0.678467 0.774364 0.678467 0.772246 0.678955 0.771716 0.678467 0.771186 0.678711 0.771716 0.678223 0.772246 0.676758 0.769068 0.677002 0.768008
1 0.950928 0.763771 0.951416 0.763771 0.952393 0.766419 0.950684 0.766419 0.953857 0.769068 0.954590 0.768008 0.954346 0.765890 0.953369 0.765890 0.952148 0.763771
1 0.886963 0.763242 0.886475 0.764831 0.885742 0.764831 0.885254 0.762712 0.883789 0.762712 0.884521 0.764301 0.884277 0.765890 0.885010 0.768008 0.884277 0.768538 0.883545 0.771186 0.883057 0.771186 0.882568 0.772775 0.880615 0.771186 0.878662 0.773305 0.877197 0.772246 0.876709 0.773305 0.875488 0.773305 0.874268 0.776483 0.874268 0.778602 0.874756 0.779661 0.874512 0.781780 0.875000 0.783369 0.877930 0.787076 0.878174 0.786547 0.878906 0.788136 0.878906 0.789195 0.879639 0.790784 0.880127 0.790784 0.880371 0.792373 0.881348 0.793962 0.881348 0.795021 0.880127 0.796610 0.879395 0.795551 0.880615 0.797669 0.881836 0.798199 0.882080 0.796610 0.883789 0.798199 0.885010 0.797669 0.884521 0.796081 0.884521 0.791314 0.885742 0.787606 0.886475 0.787606 0.886719 0.786547 0.887695 0.787606 0.888916 0.786547 0.885010 0.779131 0.884521 0.772775 0.883545 0.771186 0.884521 0.770127 0.884766 0.770657 0.886230 0.768538 0.886719 0.765360 0.886475 0.764831 0.886963 0.764301
1 0.740723 0.763242 0.740723 0.765360 0.741455 0.765360 0.742432 0.763771 0.743652 0.763771 0.745850 0.766949 0.746338 0.768538 0.747559 0.768538 0.746826 0.766419 0.745605 0.766949 0.744141 0.763771 0.744873 0.763242
1 0.733887 0.757945 0.734375 0.759004 0.733398 0.760064 0.734375 0.761653 0.733887 0.761653 0.733398 0.763242 0.734863 0.763242 0.735352 0.764831 0.739014 0.764831 0.739014 0.763771 0.738037 0.763242 0.738281 0.762182 0.739014 0.762182 0.739014 0.761123 0.737061 0.760593 0.737793 0.761653 0.736816 0.763242 0.735840 0.761653 0.736084 0.760593 0.734863 0.760064 0.734375 0.756886
1 0.885986 0.756356 0.885498 0.755297 0.884277 0.754767 0.883789 0.755297 0.883789 0.756356 0.882568 0.756886 0.883301 0.758475 0.882812 0.759534 0.883301 0.760064 0.883301 0.759004 0.884033 0.759004 0.884277 0.759534 0.883789 0.760064 0.885010 0.760064
1 0.947021 0.757415 0.948975 0.757415 0.951660 0.759534 0.951172 0.760593 0.950195 0.761123 0.952881 0.760064 0.953125 0.759004 0.954102 0.758475 0.953125 0.756886 0.953125 0.755826 0.949463 0.757945 0.949463 0.756886 0.948975 0.756356 0.948975 0.753178 0.948730 0.754237 0.947754 0.754767 0.948242 0.756886
1 0.800781 0.752648 0.801025 0.754237 0.803223 0.755826 0.804199 0.755297 0.804932 0.753708 0.804443 0.751589 0.802979 0.752119 0.801514 0.751059
1 0.683105 0.751059 0.683350 0.755297 0.684082 0.759004 0.686279 0.762182 0.685791 0.757945 0.684082 0.757415 0.683594 0.756356
1 0.740479 0.750000 0.740723 0.752119 0.741943 0.755297 0.741455 0.756886 0.742188 0.757415 0.741211 0.761123 0.741699 0.761123 0.742432 0.758475 0.743164 0.759004 0.742920 0.758475 0.743896 0.757945 0.744141 0.756886 0.744873 0.757415 0.744629 0.755826 0.743896 0.754767 0.744385 0.753708 0.743896 0.751589 0.743164 0.751589 0.742920 0.750530
1 0.735352 0.749470 0.735107 0.751059 0.735596 0.751589 0.735840 0.753708 0.736328 0.751589 0.737793 0.752119 0.737061 0.752648 0.737549 0.752648 0.737793 0.753708 0.736816 0.754237 0.736816 0.757945 0.737793 0.759004 0.737305 0.757415 0.738037 0.752648 0.737793 0.750000 0.737061 0.748941
1 0.660400 0.748411 0.660400 0.752119 0.661133 0.755826 0.663574 0.755297 0.664795 0.753708 0.664307 0.751589 0.662354 0.754237 0.661377 0.750000
1 0.890381 0.747881 0.890625 0.750530 0.891113 0.749470 0.891846 0.750530 0.893311 0.750530 0.893555 0.749470 0.894043 0.750530 0.894287 0.749470 0.894531 0.750530 0.895508 0.750000 0.893311 0.747352 0.892090 0.750530 0.890869 0.746822
1 0.790527 0.747352 0.790527 0.751059 0.790039 0.751059 0.789795 0.752119 0.790039 0.754237 0.791504 0.755297 0.792725 0.754767 0.793457 0.753178 0.792969 0.750000 0.793213 0.748941 0.792969 0.749470 0.792480 0.747352
1 0.969971 0.747881 0.972412 0.747352 0.972900 0.749470 0.974365 0.748941 0.975098 0.750530 0.974609 0.751589 0.975342 0.753708 0.977783 0.754237 0.978027 0.755826 0.978516 0.753178 0.980469 0.754237 0.980713 0.753178 0.986084 0.753708 0.988037 0.751589 0.989014 0.752648 0.990479 0.752119 0.991699 0.753708 0.993408 0.752648 0.992920 0.750000 0.990479 0.751059 0.987061 0.750530 0.986572 0.751589 0.986084 0.751059 0.982178 0.752119 0.980957 0.751589 0.979736 0.749470 0.980225 0.750530 0.980469 0.753178 0.980225 0.753708 0.978760 0.752648 0.978027 0.753708 0.976807 0.752648 0.977539 0.752119 0.977295 0.751059 0.975342 0.750000 0.975342 0.748411 0.975830 0.747881 0.972168 0.746822 0.971680 0.745233 0.972168 0.744174 0.971680 0.743644 0.970947 0.745233 0.971680 0.746292 0.970703 0.747881
1 0.885986 0.744703 0.885010 0.743644 0.884766 0.747881 0.884033 0.747881 0.882812 0.746292 0.881836 0.747352 0.881104 0.745763 0.881348 0.744703 0.881836 0.744703 0.881592 0.744174 0.879883 0.744703 0.879883 0.745763 0.880615 0.747881 0.881836 0.747881 0.882568 0.748941 0.885498 0.748411 0.885498 0.745763
1 0.764893 0.744703 0.763428 0.746292 0.761475 0.743114 0.761475 0.742055 0.761230 0.742585 0.761475 0.743114 0.760986 0.743644 0.761475 0.744703 0.760742 0.746822 0.762451 0.747881 0.762939 0.748941 0.762695 0.750000 0.760498 0.750000 0.759766 0.747881 0.757812 0.747881 0.756836 0.746292 0.756592 0.746822 0.756348 0.745763 0.756592 0.747352 0.756104 0.748411 0.755371 0.746822 0.755859 0.748411 0.754639 0.751059 0.754150 0.751059 0.753906 0.749470 0.752441 0.749470 0.753662 0.750000 0.755615 0.754237 0.755615 0.753178 0.756104 0.752648 0.755859 0.750530 0.756348 0.749470 0.757568 0.749470 0.759033 0.752648 0.759033 0.754767 0.760742 0.753708 0.761475 0.755297 0.761230 0.756356 0.760498 0.756356 0.761230 0.759534 0.761475 0.758475 0.762695 0.758475 0.762695 0.756356 0.761963 0.754237 0.762695 0.753178 0.763184 0.754767 0.764160 0.746292 0.764893 0.746292
1 0.725098 0.737288 0.724854 0.738347 0.725342 0.739407 0.725830 0.743114 0.726318 0.743114 0.726562 0.744174 0.726562 0.741525 0.728027 0.740466 0.726807 0.740466
1 0.882324 0.731462 0.884277 0.733581 0.884766 0.736758 0.883301 0.737818 0.884033 0.738347 0.885742 0.737288 0.885010 0.736229 0.885742 0.734640 0.886963 0.734640 0.885742 0.731992 0.884766 0.733051 0.883545 0.733051 0.882812 0.731462
1 0.712891 0.731462 0.710938 0.731992 0.710938 0.734110 0.711670 0.734110 0.712402 0.736229 0.711914 0.737288 0.711426 0.737288 0.710693 0.735699 0.710449 0.733051 0.710205 0.735169 0.709961 0.733051 0.709717 0.733581 0.709961 0.736229 0.710938 0.737288 0.710449 0.737818 0.710938 0.739936 0.710693 0.740466 0.709961 0.738877 0.709961 0.739936 0.710449 0.740466 0.710693 0.742585 0.710449 0.745763 0.711182 0.746292 0.710693 0.746822 0.711670 0.750000 0.712158 0.747881 0.711182 0.746292 0.710693 0.740466 0.712891 0.736758
1 0.689453 0.731462 0.688721 0.732521 0.687500 0.731992 0.688721 0.735169 0.688232 0.738877 0.689697 0.736758 0.688232 0.733581 0.688721 0.733051 0.689697 0.734110
1 0.868164 0.731462 0.866943 0.729873 0.866455 0.730932 0.865234 0.730932 0.864746 0.731992 0.865234 0.733051 0.865234 0.735699 0.867676 0.735699 0.867188 0.734110 0.866699 0.734640 0.865723 0.732521 0.866211 0.731462 0.867432 0.732521
1 0.776367 0.733051 0.777100 0.734640 0.777832 0.732521 0.779297 0.731992 0.779297 0.730932 0.777100 0.729343 0.777100 0.730932
1 0.769043 0.729343 0.769287 0.731992 0.770020 0.734110 0.769775 0.736229 0.771484 0.736758 0.772217 0.735169 0.772705 0.736758 0.773193 0.736758 0.772461 0.732521 0.770752 0.728814
1 0.716064 0.728284 0.715332 0.728814 0.715576 0.730403 0.715088 0.731462 0.713867 0.732521 0.714111 0.733051 0.713379 0.736229 0.715088 0.736229 0.715576 0.735169 0.715088 0.735699 0.714355 0.734110 0.714355 0.733051 0.716309 0.730932 0.716553 0.729343
1 0.935059 0.727225 0.935303 0.731462 0.938477 0.730403 0.936279 0.730403 0.936279 0.727754 0.936768 0.727225 0.936523 0.725636 0.935791 0.725106
1 0.863770 0.724047 0.864502 0.726695 0.864014 0.727754 0.864258 0.729343 0.864990 0.727754 0.865967 0.727754 0.866211 0.728814 0.867432 0.728284 0.867920 0.729873 0.868896 0.729873 0.867676 0.728814 0.866943 0.727225 0.866943 0.725636
1 0.881348 0.724047 0.881348 0.727225 0.882324 0.728284 0.882324 0.729873 0.883789 0.730932 0.885254 0.729873 0.886963 0.730403 0.886963 0.732521 0.887451 0.733581 0.887451 0.731992 0.888428 0.730403 0.887939 0.729343 0.886963 0.729343 0.886230 0.727754 0.886719 0.727225 0.885986 0.725636 0.885254 0.725636 0.885254 0.727754 0.884033 0.727754 0.884277 0.729343 0.883789 0.729873 0.881348 0.725636 0.882324 0.723517
1 0.729492 0.723517 0.727539 0.724047 0.726807 0.725106 0.727295 0.726695 0.727783 0.726165 0.729004 0.727225
1 0.892822 0.721928 0.892334 0.722987 0.892578 0.724576 0.891602 0.725636 0.892090 0.726695 0.892578 0.726695 0.892578 0.725636 0.893799 0.725636 0.894287 0.727225 0.894531 0.726165 0.894043 0.724047
1 0.759277 0.721928 0.759766 0.724047 0.761719 0.726695 0.760254 0.729873 0.762939 0.729873 0.763428 0.730932 0.764648 0.730932 0.765869 0.728814 0.766846 0.728814 0.765869 0.727225 0.765869 0.728284 0.765137 0.729873 0.762939 0.728814 0.761719 0.726695 0.762207 0.725636 0.761719 0.723517 0.760986 0.723517 0.760498 0.724576 0.760010 0.722458
1 0.864746 0.722987 0.866699 0.723517 0.867188 0.724576 0.867432 0.722987 0.868164 0.723517 0.868652 0.722458 0.866211 0.720869
1 0.085205 0.722987 0.085449 0.724047 0.086670 0.724047 0.087891 0.726165 0.088623 0.724576 0.088623 0.723517 0.087891 0.723517 0.086914 0.721398 0.087158 0.720339 0.087646 0.720339 0.086914 0.720339
1 0.984619 0.719280 0.984619 0.720339 0.984131 0.720869 0.984375 0.721928 0.985107 0.722458 0.985596 0.724047 0.985840 0.722987 0.986572 0.723517 0.989502 0.729343 0.989746 0.731462 0.990479 0.732521 0.990967 0.737818 0.990967 0.733581 0.989746 0.730932 0.989746 0.729343 0.988037 0.726165 0.988037 0.725106 0.985352 0.720339 0.984863 0.720339
1 0.954590 0.718220 0.954102 0.718750 0.954346 0.718220 0.955078 0.720869 0.954590 0.721398 0.954834 0.721928 0.954346 0.723517 0.954834 0.724047 0.955078 0.726165 0.953857 0.728814 0.953857 0.729873 0.953125 0.730403 0.953857 0.731992 0.955078 0.728814 0.955078 0.719809
1 0.808105 0.718220 0.808350 0.719809 0.807861 0.722458 0.807129 0.723517 0.806396 0.722458 0.805420 0.723517 0.806396 0.727754 0.806396 0.731992 0.808594 0.731462 0.808838 0.730403 0.811035 0.730932 0.811523 0.729873 0.810547 0.726695 0.810303 0.724047
1 0.901123 0.717161 0.899414 0.717691 0.899170 0.719280 0.899902 0.720339 0.898682 0.723517 0.900391 0.722987 0.899658 0.719809 0.901611 0.719280
1 0.697021 0.717161 0.697021 0.718220 0.696533 0.718220 0.696289 0.721398 0.697266 0.724047 0.697021 0.725106 0.696289 0.725106 0.695068 0.723517 0.693359 0.723517 0.692871 0.722458 0.694580 0.725636 0.694824 0.727225 0.695801 0.726165 0.697510 0.729343 0.697998 0.737288 0.698486 0.734110 0.700195 0.734640 0.701172 0.731992 0.699951 0.731462 0.698975 0.728284 0.699219 0.726165 0.698486 0.724576 0.698242 0.720339 0.697510 0.718750 0.698242 0.717161
1 0.871582 0.716102 0.872070 0.717691 0.872803 0.717691 0.873779 0.719280 0.874023 0.720869 0.875488 0.720869 0.877686 0.724047 0.877686 0.722458 0.876221 0.721398 0.875488 0.719809 0.874512 0.719809 0.872314 0.716102
1 0.841553 0.716631 0.841553 0.718220 0.842773 0.719809 0.841797 0.720339 0.841797 0.721928 0.842773 0.722458 0.842773 0.724576 0.842285 0.725636 0.843262 0.727754 0.844971 0.728284 0.846191 0.731462 0.847412 0.731462 0.848145 0.729343 0.849854 0.730403 0.850098 0.728284 0.851074 0.729873 0.852783 0.729343 0.856689 0.732521 0.856689 0.733581 0.857666 0.735699 0.859131 0.734110 0.859863 0.734640 0.860596 0.733051 0.859619 0.729873 0.860107 0.729343 0.859619 0.726695 0.857422 0.727225 0.856201 0.724576 0.853027 0.722987 0.851318 0.720339 0.851562 0.721928 0.852783 0.724047 0.853027 0.726165 0.852051 0.727225 0.851562 0.726165 0.849854 0.727225 0.849121 0.724576 0.848633 0.719809 0.846436 0.719809 0.846191 0.718750 0.846191 0.720869 0.845703 0.721398 0.846191 0.721928 0.845459 0.723517 0.844727 0.723517 0.844238 0.722458 0.843018 0.722987 0.842773 0.722458 0.843262 0.721928 0.842529 0.720339 0.843018 0.719280 0.843262 0.720869 0.842529 0.717691 0.841797 0.716102
1 0.881592 0.718750 0.881836 0.719809 0.884277 0.719809 0.885254 0.723517 0.886230 0.724047 0.885986 0.721928 0.887695 0.721928 0.888916 0.725106 0.888428 0.726695 0.889404 0.729343 0.889160 0.730403 0.890869 0.729873 0.891602 0.731462 0.891357 0.732521 0.891113 0.731992 0.891113 0.734640 0.891602 0.735699 0.892578 0.735699 0.893555 0.737818 0.893311 0.738877 0.890869 0.737288 0.890869 0.738347 0.892822 0.738877 0.894043 0.742055 0.894775 0.739936 0.894287 0.738877 0.894531 0.737818 0.896484 0.738347 0.896973 0.740996 0.895996 0.742585 0.895996 0.743644 0.897705 0.746292 0.898193 0.745763 0.897217 0.743114 0.897217 0.740466 0.897949 0.739936 0.899414 0.741525 0.900879 0.745763 0.900391 0.746822 0.898682 0.747352 0.899902 0.748941 0.899902 0.752648 0.901123 0.748941 0.902588 0.748411 0.904053 0.753708 0.903564 0.752119 0.904053 0.750530 0.903564 0.750000 0.903809 0.750530 0.903320 0.751059 0.903320 0.748941 0.901123 0.745763 0.901367 0.744703 0.903809 0.743644 0.904297 0.746292 0.905029 0.745763 0.903809 0.743644 0.904053 0.740996 0.902344 0.739936 0.903076 0.742585 0.901855 0.744703 0.899170 0.739936 0.899658 0.738877 0.898682 0.738877 0.898193 0.739936 0.896240 0.736229 0.894287 0.735699 0.893555 0.734110 0.893799 0.733581 0.892334 0.731992 0.893066 0.730932 0.891602 0.729343 0.889404 0.724047 0.885986 0.719280 0.885742 0.717691 0.886719 0.715042 0.885498 0.715572 0.886230 0.716102 0.885498 0.716631 0.884766 0.719280 0.884033 0.717691
1 0.935547 0.717161 0.935791 0.718220 0.936523 0.717161 0.937256 0.718750 0.937744 0.717691 0.938477 0.720869 0.937744 0.721928 0.936768 0.719809 0.936279 0.720339 0.935303 0.719280 0.935547 0.723517 0.936279 0.724047 0.936279 0.722458 0.937256 0.720869 0.937744 0.722458 0.937500 0.722987 0.938721 0.720869 0.939209 0.722458 0.939941 0.722458 0.940918 0.724047 0.941162 0.722458 0.940186 0.722458 0.939697 0.720869 0.939453 0.721398 0.937988 0.716631 0.938232 0.715572 0.937744 0.715572 0.937012 0.713983 0.937256 0.715572 0.936523 0.715572 0.936035 0.717691
1 0.683838 0.712394 0.684082 0.713453 0.683594 0.714513 0.684814 0.716631 0.684814 0.718750 0.685303 0.716631 0.686279 0.718220 0.688232 0.718220 0.689453 0.720339 0.689453 0.725106 0.690186 0.725106 0.689941 0.721398 0.690430 0.720339 0.690430 0.717161 0.688477 0.715042 0.687744 0.716102 0.686035 0.716102 0.684326 0.713983 0.684326 0.712924
1 0.757080 0.711864 0.756592 0.711864 0.757080 0.712394 0.756348 0.713983 0.754883 0.715042 0.754883 0.719280 0.755615 0.719280 0.756104 0.718220 0.758789 0.718220 0.758301 0.715042
1 0.805908 0.709746 0.804932 0.709746 0.804932 0.712394 0.803711 0.714513 0.804199 0.716631 0.805176 0.714513 0.807129 0.713453 0.805908 0.710805
1 0.738525 0.710275 0.737793 0.708686 0.737061 0.708686 0.736572 0.712394 0.735107 0.714513 0.734619 0.713453 0.733887 0.715042 0.732666 0.713983 0.732178 0.715042 0.731201 0.713453 0.731445 0.715042 0.732666 0.715042 0.733398 0.716631 0.734375 0.717161 0.734375 0.715042 0.735107 0.715572 0.735352 0.714513 0.736328 0.715042 0.738281 0.713453
1 0.715088 0.708686 0.716553 0.718750 0.714844 0.719280 0.715332 0.718750 0.715332 0.720869 0.716064 0.720339 0.716797 0.722458 0.715820 0.722987 0.716309 0.724576 0.716797 0.723517 0.717529 0.725106 0.717529 0.727754 0.718018 0.728814 0.718018 0.730403 0.716797 0.733581 0.717041 0.734110 0.717041 0.732521 0.717529 0.731992 0.719482 0.737818 0.719238 0.738877 0.717529 0.739407 0.717285 0.735169 0.716309 0.736229 0.716797 0.738347 0.716064 0.738877 0.715576 0.737288 0.715576 0.738877 0.716797 0.740996 0.717285 0.738877 0.718506 0.741525 0.718018 0.743644 0.716797 0.742055 0.715576 0.744174 0.716309 0.744174 0.717041 0.742055 0.718506 0.745233 0.718750 0.746822 0.717773 0.749470 0.718994 0.752119 0.718750 0.753708 0.719727 0.752648 0.719238 0.751589 0.719971 0.750530 0.719482 0.748941 0.719971 0.747881 0.721436 0.751589 0.721191 0.749470 0.721680 0.748941 0.722900 0.752119 0.724121 0.752648 0.723877 0.750000 0.722656 0.749470 0.720459 0.746292 0.721191 0.742585 0.721680 0.743114 0.722412 0.741525 0.723145 0.743114 0.722900 0.740466 0.721436 0.736229 0.722656 0.732521 0.721924 0.731462 0.720947 0.733051 0.721191 0.735169 0.720215 0.735169 0.721191 0.736758 0.721191 0.738877 0.719238 0.736229 0.718994 0.731992 0.718262 0.729873 0.718994 0.729343 0.719727 0.730403 0.719727 0.727225 0.719238 0.726165 0.719482 0.729343 0.718262 0.728284 0.718262 0.719280 0.716797 0.715572 0.717041 0.714513 0.715820 0.712924
1 0.704834 0.706038 0.704102 0.710275 0.703613 0.710805 0.702637 0.709746 0.702637 0.712394 0.702148 0.712924 0.702881 0.712924 0.703125 0.711864 0.703613 0.712924 0.703613 0.714513 0.703857 0.713453 0.704102 0.714513 0.704834 0.711864 0.704346 0.710805 0.704346 0.709216 0.705078 0.708686
1 0.714111 0.703390 0.714844 0.705508 0.715332 0.703919 0.717285 0.707097 0.718018 0.706568 0.718994 0.708157 0.719727 0.707627 0.720459 0.708686 0.720215 0.706568 0.718994 0.705508 0.718750 0.706038 0.718506 0.704979 0.717529 0.706568 0.716553 0.704449
1 0.555176 0.711864 0.555664 0.710805 0.555908 0.711335 0.555420 0.714513 0.556885 0.716102 0.559326 0.712394 0.559814 0.710275 0.560059 0.711335 0.561523 0.711335 0.562012 0.709216 0.559326 0.709216 0.556396 0.702860 0.556152 0.704979 0.556641 0.705508 0.556641 0.706568 0.555176 0.709216
1 0.981934 0.703919 0.983154 0.703919 0.983643 0.701801 0.984619 0.701801 0.984863 0.702331 0.984375 0.703919 0.984863 0.704449 0.985352 0.703390 0.987305 0.702860 0.987305 0.701801 0.988037 0.700742 0.989014 0.700742 0.986816 0.700212 0.986816 0.701801 0.985107 0.701801 0.984375 0.700212 0.982422 0.700742 0.981934 0.701801
1 0.821777 0.698093 0.821289 0.699153 0.821777 0.700212 0.821289 0.701271 0.821289 0.702860 0.823242 0.704979 0.824219 0.704449 0.824463 0.703390 0.823730 0.702331 0.823486 0.699153 0.822998 0.699682
1 0.976074 0.697564 0.975342 0.698093 0.976074 0.700212 0.975830 0.701271 0.975342 0.700742 0.974365 0.701801 0.973877 0.703390 0.973145 0.703390 0.974609 0.702860 0.974854 0.703919 0.975586 0.703919 0.976562 0.706038 0.976562 0.707097 0.975586 0.703390 0.976074 0.700742 0.976807 0.702331 0.976807 0.699682
1 0.762207 0.695975 0.761230 0.697564 0.761963 0.700742 0.762939 0.701271 0.763672 0.699153 0.763184 0.697034
1 0.690918 0.694915 0.689941 0.696504 0.689941 0.697564 0.691162 0.697564 0.691406 0.699682 0.690674 0.701271 0.691162 0.702331 0.690674 0.703390 0.689941 0.703390 0.689941 0.704979 0.690918 0.707627 0.691162 0.710275 0.691650 0.710805 0.692139 0.708157 0.691895 0.706568 0.692871 0.704449 0.692871 0.703390 0.691650 0.701271 0.692139 0.699153 0.691895 0.694915
1 0.868164 0.694386 0.867676 0.693856 0.866943 0.695445 0.866943 0.697034 0.867432 0.698093 0.867188 0.699153 0.865234 0.699153 0.865234 0.700212 0.866211 0.700212 0.866943 0.701271 0.867432 0.698623 0.867676 0.699682 0.868164 0.698623
1 0.713867 0.691737 0.713623 0.694386 0.712158 0.694915 0.711914 0.693856 0.711670 0.694915 0.710938 0.693326 0.710205 0.694386 0.709717 0.693856 0.710449 0.697034 0.710693 0.696504 0.711426 0.698623 0.712646 0.699153 0.712402 0.700212 0.711914 0.700212 0.713135 0.700212 0.713379 0.699153 0.714111 0.699153 0.714844 0.700742 0.715088 0.699682 0.715820 0.699682 0.715820 0.698093 0.714600 0.697564 0.714600 0.693326
1 0.900879 0.708157 0.900391 0.706038 0.899414 0.705508 0.899170 0.706568 0.898438 0.706568 0.897705 0.704979 0.898682 0.702860 0.899902 0.702860 0.900635 0.703919 0.899902 0.702331 0.900146 0.701271 0.898438 0.701801 0.896973 0.699682 0.897217 0.698623 0.897705 0.698623 0.897217 0.697564 0.898438 0.695445 0.898926 0.693326 0.898926 0.691737 0.898193 0.689619 0.897949 0.692797 0.897461 0.693856 0.897705 0.695445 0.897217 0.697034 0.896729 0.697034 0.895752 0.694915 0.895264 0.695445 0.895020 0.693856 0.895020 0.697564 0.893799 0.699153 0.892334 0.698623 0.891602 0.696504 0.890625 0.695445 0.890137 0.696504 0.891113 0.697564 0.890869 0.699682 0.890625 0.698623 0.890381 0.699682 0.890137 0.698623 0.889648 0.699153 0.888916 0.698093 0.889893 0.699682 0.891846 0.699682 0.892578 0.701271 0.893799 0.699153 0.894531 0.699153 0.894775 0.698093 0.896240 0.698093 0.897217 0.701801 0.898193 0.703390 0.897217 0.704449 0.896973 0.703390 0.896240 0.703390 0.895264 0.700742 0.895508 0.701801 0.894775 0.702860 0.895264 0.703390 0.895264 0.704449 0.896729 0.703919 0.896729 0.707097 0.897949 0.709216 0.898438 0.707097 0.899170 0.707097 0.899414 0.708157
1 0.782471 0.689089 0.784424 0.694386 0.786621 0.695445 0.786865 0.693856 0.785156 0.689619 0.783691 0.687500
1 0.789551 0.686970 0.789551 0.689089 0.788574 0.689619 0.790039 0.691737 0.788574 0.692267 0.789795 0.693856 0.789795 0.695445 0.791016 0.695445 0.790527 0.692797 0.790771 0.689089
1 0.799805 0.689619 0.799805 0.691208 0.800293 0.691737 0.800049 0.692797 0.801514 0.694386 0.800781 0.694915 0.800781 0.698093 0.802246 0.698623 0.802002 0.694915 0.803467 0.693856 0.802979 0.693326 0.802979 0.692267 0.803711 0.690148 0.804443 0.690148 0.804932 0.691208 0.804688 0.693326 0.805908 0.694386 0.808350 0.693856 0.808350 0.692267 0.809082 0.690678 0.808105 0.689619 0.807617 0.690678 0.805176 0.690678 0.804932 0.690148 0.805420 0.688559 0.804199 0.686441 0.802734 0.686441 0.802002 0.688559 0.801025 0.689619 0.800293 0.688559
1 0.919434 0.685381 0.917969 0.685381 0.917969 0.686970 0.916992 0.686970 0.916748 0.688559 0.916016 0.688559 0.916504 0.689089 0.916260 0.689619 0.915283 0.689619 0.914551 0.690678 0.913818 0.693856 0.914062 0.695975 0.914551 0.697034 0.916504 0.697034 0.917725 0.695975 0.917969 0.696504 0.918457 0.694386 0.919678 0.692267 0.920166 0.693326 0.920166 0.691208 0.919434 0.689619
1 0.850586 0.684852 0.848145 0.685911 0.847168 0.689089 0.845947 0.686441 0.845703 0.691737 0.846191 0.691737 0.847656 0.688030
1 0.835938 0.683263 0.834961 0.683263 0.834473 0.684852 0.834717 0.685911 0.833740 0.686970 0.835205 0.690148 0.835449 0.693326 0.834229 0.694915 0.833984 0.693856 0.833252 0.696504 0.832764 0.695975 0.832764 0.694915 0.832275 0.694915 0.833008 0.697034 0.833740 0.697034 0.833984 0.698623 0.835205 0.700742 0.835693 0.700212 0.835449 0.698623 0.836426 0.695445 0.836182 0.691208 0.836670 0.690148 0.836426 0.684852
1 0.748291 0.683792 0.748291 0.687500 0.750732 0.686441 0.750977 0.686970 0.751221 0.685911 0.750000 0.683792
1 0.904297 0.682733 0.904053 0.683792 0.903809 0.682733 0.903564 0.683792 0.900879 0.683263 0.900635 0.684322 0.900146 0.684322 0.899902 0.683263 0.899414 0.685911 0.898682 0.686441 0.899414 0.688559 0.902832 0.688030 0.903320 0.687500 0.903564 0.685381 0.903809 0.686441
1 0.890625 0.682733 0.888672 0.686441 0.888916 0.686970 0.888184 0.688559 0.887207 0.686970 0.886963 0.687500 0.888428 0.689619 0.888428 0.691737 0.887939 0.693326 0.888916 0.692267 0.889404 0.693856 0.890137 0.693856 0.889893 0.689089 0.889648 0.690148 0.889404 0.688559 0.889160 0.689089 0.888672 0.687500
1 0.799316 0.682733 0.797607 0.683792 0.797852 0.684852 0.797363 0.685911 0.798096 0.687500 0.798096 0.689089 0.798828 0.689089 0.798584 0.688559 0.799561 0.686970 0.799072 0.684322 0.799561 0.683263
1 0.862305 0.682733 0.862061 0.681674 0.861084 0.681674 0.859863 0.683792 0.859131 0.682203 0.858398 0.682203 0.858887 0.683792 0.859863 0.683792 0.860352 0.684852 0.860352 0.685911 0.859863 0.686441 0.860840 0.687500 0.861816 0.686441 0.861816 0.684322
1 0.814209 0.681674 0.815430 0.684322 0.814209 0.686441 0.813721 0.685381 0.813232 0.686970 0.815430 0.690678 0.815430 0.693856 0.815918 0.694386 0.816650 0.692267 0.816650 0.693856 0.817139 0.693326 0.817871 0.695445 0.820068 0.695445 0.818848 0.694386 0.820068 0.693856 0.820557 0.692797 0.820801 0.693856 0.820801 0.692797 0.820068 0.691208 0.820312 0.689089 0.819092 0.685381 0.818604 0.685381 0.818604 0.684322 0.817627 0.684852 0.817627 0.683263 0.817139 0.684322 0.816406 0.684322 0.815918 0.682733
1 0.735840 0.681674 0.735840 0.683263 0.733887 0.685381 0.733398 0.687500 0.734375 0.690148 0.735352 0.690148 0.735840 0.692267 0.736816 0.692797 0.737305 0.695445 0.737793 0.695975 0.738037 0.694915 0.736816 0.692797 0.737305 0.690148 0.736328 0.686970 0.736816 0.685381 0.736328 0.683792 0.736816 0.682733
1 0.696533 0.680614 0.696289 0.681144 0.695801 0.680085 0.694580 0.682203 0.694824 0.683792 0.695557 0.684322 0.695312 0.687500 0.695801 0.689089 0.695068 0.690678 0.695312 0.691737 0.694824 0.692797 0.694092 0.692267 0.693848 0.691208 0.694580 0.689619 0.694092 0.689619 0.693359 0.688030 0.693359 0.686970 0.692871 0.689089 0.693604 0.691208 0.692383 0.693856 0.692383 0.694915 0.694092 0.694915 0.694336 0.693856 0.695068 0.693856 0.694824 0.693326 0.695557 0.692267 0.696289 0.692797 0.697021 0.690148 0.696777 0.689089 0.697266 0.686970 0.698730 0.685381 0.697266 0.685381 0.697021 0.684852 0.697510 0.683792 0.697021 0.683263
1 0.667969 0.679555 0.666992 0.679555 0.665039 0.684322 0.665039 0.686441 0.667236 0.686441 0.667236 0.687500 0.666748 0.688559 0.666504 0.687500 0.666504 0.688559 0.667480 0.690678 0.668213 0.690148 0.668701 0.688559 0.666992 0.684322 0.667480 0.683792 0.668213 0.680614
1 0.852051 0.678496 0.846191 0.678496 0.846191 0.680085 0.847656 0.681674 0.850342 0.681674 0.851318 0.683263 0.851318 0.684322 0.851562 0.682203 0.850586 0.681674 0.850586 0.679555
1 0.784424 0.677966 0.784424 0.680614 0.786377 0.683792 0.785645 0.685381 0.786621 0.688559 0.787842 0.687500 0.786865 0.685381 0.787109 0.684852 0.788330 0.684852 0.788574 0.683263 0.789307 0.683792 0.789795 0.682733 0.789307 0.682733 0.789062 0.681144 0.787842 0.683263 0.787109 0.683263 0.784912 0.678496 0.785156 0.677436
1 0.815186 0.676907 0.815186 0.674788 0.814941 0.675318 0.814697 0.673729 0.813477 0.673729 0.813965 0.675847 0.813721 0.676907 0.812988 0.675318 0.811768 0.676377 0.810791 0.675318 0.811523 0.677966 0.812256 0.677966 0.813477 0.679555 0.814209 0.679555 0.814453 0.677436
1 0.889648 0.673199 0.889893 0.674788 0.888916 0.675847 0.889893 0.676377 0.891113 0.679025 0.890869 0.680085 0.890381 0.680085 0.890869 0.681144 0.891602 0.681144 0.891602 0.677966 0.889648 0.675318 0.890381 0.674258
1 0.000000 0.673729 0.000000 0.680085 0.000732 0.679555 0.001465 0.677436 0.002930 0.678496 0.003662 0.675847 0.002686 0.674788 0.001465 0.674788 0.001465 0.673729 0.001221 0.674258 0.000977 0.673199
1 0.951172 0.674258 0.954102 0.673199 0.955811 0.673729 0.956299 0.670021 0.956787 0.670551 0.956787 0.671610 0.957520 0.671081 0.955078 0.667903 0.953125 0.667903 0.953857 0.667903 0.954102 0.669492 0.954346 0.668962 0.954834 0.670021 0.954834 0.671610 0.954346 0.672669 0.951904 0.671610 0.952393 0.671610 0.952637 0.672669
1 0.669189 0.673729 0.668945 0.677436 0.670654 0.675318 0.671387 0.676377 0.671875 0.679555 0.671875 0.673199 0.672607 0.672140 0.673340 0.672669 0.673584 0.674788 0.674072 0.674258 0.675293 0.676377 0.674805 0.677436 0.676025 0.681674 0.675537 0.683263 0.675049 0.682203 0.675293 0.685911 0.675049 0.686441 0.674072 0.683263 0.672119 0.685381 0.672607 0.685381 0.674072 0.688559 0.674561 0.688559 0.675049 0.686441 0.677246 0.686970 0.677734 0.685911 0.677734 0.683792 0.678223 0.682203 0.678955 0.683792 0.678711 0.685381 0.679443 0.686970 0.679199 0.682203 0.680176 0.681674 0.680420 0.680614 0.681152 0.680614 0.680664 0.678496 0.678711 0.675847 0.677979 0.673729 0.678223 0.672669 0.677734 0.671081 0.677002 0.671610 0.677002 0.673199 0.676270 0.673729 0.676025 0.675847 0.675781 0.675318 0.675781 0.673199 0.676270 0.671610 0.676025 0.669492 0.676514 0.669492 0.676270 0.667903 0.675781 0.667903 0.676270 0.668962 0.676025 0.669492 0.673828 0.667903 0.673828 0.669492 0.672852 0.671610 0.671387 0.669492 0.671631 0.670021 0.671143 0.671610 0.670654 0.671081
1 0.983398 0.665784 0.985107 0.666314 0.986084 0.668432 0.985596 0.670021 0.985596 0.674788 0.984375 0.675318 0.986572 0.676377 0.986816 0.672140 0.986084 0.670021 0.986328 0.666843 0.985107 0.665784
1 0.840576 0.670021 0.842041 0.670021 0.843018 0.668962 0.845703 0.668962 0.845947 0.670021 0.845215 0.671610 0.845459 0.672669 0.847412 0.668432 0.846436 0.666314 0.843018 0.665784 0.841797 0.668962
1 0.706787 0.667373 0.705566 0.665784 0.704834 0.666314 0.704590 0.670021 0.706543 0.670021
1 0.870850 0.667373 0.870361 0.665254 0.868652 0.666843 0.868652 0.668432 0.867676 0.669492 0.869141 0.670021 0.869629 0.668962 0.870605 0.670021
1 0.860107 0.663136 0.857910 0.663136 0.857666 0.664195 0.855713 0.664725 0.856934 0.666314 0.856934 0.667373 0.855957 0.668432 0.856934 0.667903 0.858398 0.671081 0.855957 0.671081 0.855225 0.672669 0.854492 0.672669 0.854492 0.674258 0.854004 0.675318 0.854492 0.676377 0.854004 0.676907 0.854980 0.675847 0.855469 0.676907 0.855225 0.677966 0.855713 0.677436 0.855225 0.673729 0.855957 0.672140 0.858887 0.672140 0.859619 0.670551 0.860352 0.671081 0.860840 0.670021 0.859619 0.670021 0.858887 0.668962 0.857910 0.665254 0.859131 0.664195 0.859619 0.664725
1 0.675049 0.662076 0.676025 0.661547 0.676514 0.663665 0.677002 0.663665 0.677246 0.662076 0.678467 0.662076 0.678711 0.659958 0.678223 0.659428 0.677002 0.660487 0.675537 0.659428 0.675049 0.660487
1 0.858398 0.657839 0.860107 0.660487 0.860107 0.662076 0.861328 0.664725 0.861084 0.665254 0.861572 0.666843 0.863525 0.667373 0.864746 0.665784 0.864258 0.665254 0.862793 0.666314 0.862549 0.665254 0.861816 0.665254 0.861328 0.663665 0.862305 0.662606 0.863037 0.664725 0.862549 0.661017 0.862061 0.661017 0.862305 0.661547 0.861572 0.662606 0.861084 0.661017
1 0.994141 0.661547 0.994873 0.661547 0.994629 0.661017 0.995117 0.659958 0.996582 0.659958 0.998047 0.662076 0.997803 0.663136 0.998291 0.662076 0.999756 0.662606 0.998535 0.662076 0.998047 0.659428 0.997559 0.659428 0.997070 0.657309 0.996582 0.657309 0.996094 0.659428 0.995361 0.659428
1 0.896484 0.661017 0.900635 0.658898 0.899902 0.657839 0.899414 0.658898 0.898682 0.657309 0.897949 0.657309 0.897705 0.658898 0.897217 0.658898
1 0.974609 0.656780 0.974121 0.657839 0.971924 0.657839 0.971436 0.658898 0.972168 0.660487 0.974365 0.659428
1 0.895508 0.657309 0.894531 0.656780 0.894775 0.658898 0.894043 0.660487 0.893066 0.659428 0.894043 0.660487 0.893555 0.661547 0.893311 0.664195 0.892822 0.665254 0.892334 0.664725 0.892822 0.663665 0.892090 0.664195 0.890869 0.666843 0.891846 0.665254 0.893311 0.665784 0.894531 0.661547 0.895996 0.661017 0.894775 0.658898
1 0.814697 0.656780 0.812988 0.658369 0.813232 0.661017 0.813965 0.662606 0.813477 0.663136 0.813232 0.665784 0.812012 0.665784 0.811523 0.667373 0.811768 0.668432 0.810791 0.668962 0.810791 0.674258 0.811523 0.673199 0.811035 0.671081 0.812012 0.670021 0.812012 0.668432 0.813965 0.672669 0.813965 0.671081 0.814453 0.672140 0.815186 0.671610 0.815186 0.666843 0.814697 0.665784 0.814697 0.663665 0.815186 0.663136 0.814941 0.659958 0.815430 0.658369
1 0.903809 0.656780 0.904053 0.657839 0.905518 0.657309 0.907959 0.658898 0.908691 0.661017 0.910889 0.663665 0.911865 0.666314 0.912842 0.666314 0.913086 0.667373 0.912842 0.665254 0.911133 0.661547 0.910645 0.663136 0.909668 0.662606 0.909180 0.659958 0.907959 0.658898 0.908447 0.658369 0.907227 0.658369 0.906982 0.657309 0.904785 0.656780 0.904297 0.657839 0.904053 0.656250
1 0.939453 0.662076 0.939453 0.663136 0.940674 0.664195 0.944092 0.664725 0.946045 0.666314 0.947266 0.666314 0.946777 0.664725 0.947266 0.663665 0.948486 0.663665 0.949463 0.662606 0.948730 0.662606 0.947998 0.661017 0.947998 0.663136 0.946533 0.664195 0.945312 0.662076 0.945557 0.661547 0.945312 0.662606 0.945801 0.663136 0.945068 0.665254 0.944580 0.665254 0.944580 0.664195 0.943848 0.664725 0.943604 0.663136 0.944824 0.663136 0.944092 0.662606 0.944092 0.661017 0.945312 0.660487 0.945312 0.658369 0.945801 0.658369 0.946045 0.659428 0.947266 0.658898 0.944580 0.658369 0.942871 0.655720 0.941895 0.657309 0.942139 0.658369 0.940674 0.660487 0.942139 0.660487 0.942627 0.661547 0.942383 0.662606 0.939941 0.661547 0.939697 0.662606
1 0.865479 0.655720 0.864746 0.655191 0.864502 0.656780 0.862793 0.656780 0.862793 0.657839 0.863281 0.657839 0.864502 0.661017 0.863770 0.661547 0.863037 0.660487 0.863037 0.662076 0.864746 0.661017 0.865479 0.661547 0.865479 0.658898 0.864502 0.657839 0.864502 0.656780 0.865234 0.656250 0.865234 0.657309
1 0.920654 0.652542 0.921631 0.657309 0.921143 0.659428 0.921631 0.659958 0.921875 0.662076 0.922852 0.662606 0.923584 0.661547 0.923584 0.662606 0.924072 0.663136 0.923828 0.659958 0.921875 0.659428 0.921631 0.654661
1 0.754395 0.655720 0.754883 0.657839 0.757812 0.658898 0.755859 0.661547 0.755127 0.660487 0.755371 0.661547 0.757812 0.661017 0.758301 0.663665 0.757568 0.665784 0.758545 0.668432 0.757812 0.670021 0.756836 0.670021 0.755615 0.673199 0.756836 0.671081 0.757568 0.673729 0.757568 0.671081 0.758789 0.667373 0.759521 0.666843 0.760254 0.668432 0.761719 0.668962 0.762207 0.672140 0.763916 0.672140 0.763672 0.674258 0.765381 0.679555 0.765869 0.679025 0.766357 0.680614 0.766846 0.679555 0.768066 0.681144 0.767578 0.681674 0.768555 0.682733 0.766846 0.685911 0.767578 0.684852 0.768311 0.686441 0.769043 0.685911 0.769775 0.683263 0.768311 0.682203 0.767822 0.679025 0.768555 0.677966 0.767334 0.677436 0.765869 0.679025 0.764893 0.672669 0.762207 0.670021 0.763428 0.669492 0.763184 0.667903 0.764648 0.666314 0.765381 0.669492 0.767090 0.672140 0.768555 0.669492 0.769287 0.670021 0.767578 0.670021 0.765381 0.667373 0.765625 0.666314 0.766357 0.666843 0.766602 0.664725 0.766846 0.665784 0.767578 0.664195 0.769043 0.664725 0.769287 0.660487 0.768799 0.661547 0.767578 0.661547 0.766357 0.659428 0.767578 0.656250 0.768555 0.658369 0.767822 0.655191 0.770752 0.656250 0.771973 0.652542 0.770508 0.654661 0.770264 0.653602 0.768799 0.655720 0.767822 0.655191 0.767090 0.652542 0.766113 0.652542 0.765381 0.655720 0.764160 0.653602 0.763672 0.655720 0.762207 0.656250 0.761963 0.657309 0.760498 0.656250 0.759766 0.653072 0.758789 0.656780 0.757324 0.656780 0.756592 0.655191 0.756104 0.656780
1 0.953857 0.652542 0.955811 0.657839 0.955811 0.660487 0.956299 0.660487 0.956543 0.656780 0.955811 0.656250 0.955811 0.653072 0.955322 0.652013 0.954834 0.653072 0.954590 0.652013 0.954346 0.653072
1 0.796143 0.650953 0.794189 0.653072 0.793701 0.654661 0.793701 0.661547 0.793213 0.663665 0.792480 0.664195 0.790771 0.660487 0.790771 0.658898 0.790527 0.662076 0.788818 0.661547 0.787598 0.662076 0.787109 0.663136 0.787598 0.665254 0.787109 0.666314 0.788086 0.666843 0.788574 0.668432 0.788330 0.670021 0.787598 0.669492 0.789307 0.675318 0.790283 0.671081 0.790283 0.669492 0.788818 0.667373 0.789307 0.666843 0.789307 0.665254 0.790039 0.663665 0.791260 0.663665 0.791504 0.664725 0.793457 0.664725 0.794189 0.663665 0.795166 0.663665 0.794922 0.662606 0.795898 0.662076 0.796143 0.661017 0.795654 0.659958 0.794922 0.660487 0.794678 0.659428 0.795898 0.657839 0.796387 0.656250 0.796387 0.655191 0.795898 0.654661 0.796875 0.653602
1 0.869873 0.650424 0.869385 0.650424 0.869629 0.652013 0.869141 0.653602 0.868408 0.652013 0.867432 0.651483 0.868408 0.653602 0.869629 0.654131 0.869629 0.655720 0.870361 0.656780 0.870117 0.659428 0.869385 0.660487 0.869141 0.659428 0.868408 0.658898 0.869385 0.657839 0.869385 0.656780 0.868896 0.656780 0.867676 0.660487 0.865967 0.659958 0.866699 0.659958 0.867676 0.662076 0.867920 0.661017 0.870361 0.660487 0.870117 0.659428 0.870605 0.657839 0.870605 0.655191
1 0.731201 0.650424 0.729248 0.650424 0.729736 0.651483 0.730469 0.650953 0.731445 0.652542 0.730713 0.654131 0.729736 0.654131 0.730713 0.657309 0.728516 0.657839 0.727783 0.656780 0.727783 0.659958 0.727295 0.660487 0.728516 0.659958 0.729004 0.658898 0.730225 0.659428 0.731689 0.654661
1 0.716553 0.650953 0.716553 0.653072 0.715820 0.654131 0.715820 0.655191 0.717285 0.655720 0.717773 0.656780 0.717773 0.658369 0.717041 0.659958 0.717285 0.666843 0.717773 0.668962 0.719238 0.669492 0.720947 0.672140 0.721924 0.672669 0.723877 0.670021 0.724609 0.670021 0.725342 0.667903 0.726074 0.667903 0.726074 0.665254 0.723389 0.662606 0.721924 0.658898 0.720215 0.657309 0.720459 0.656780 0.719971 0.655720 0.720703 0.655191 0.720215 0.654661 0.720459 0.653072 0.719727 0.654131 0.718994 0.652542 0.717773 0.653602 0.717041 0.650953
1 0.748535 0.647775 0.744141 0.647775 0.741455 0.650424 0.741455 0.651483 0.739990 0.652013 0.740479 0.653602 0.739014 0.656250 0.739258 0.657309 0.741455 0.652013 0.742920 0.650953 0.743652 0.652542 0.743408 0.655191 0.739502 0.659958 0.739746 0.661017 0.740479 0.660487 0.741211 0.661547 0.741455 0.663665 0.741455 0.662076 0.741943 0.661017 0.740967 0.661017 0.740479 0.659958 0.740723 0.659428 0.741455 0.659428 0.741943 0.657839 0.742676 0.657309 0.743896 0.658898 0.743408 0.661017 0.742676 0.662076 0.742676 0.663665 0.742188 0.664195 0.742432 0.665254 0.741211 0.665784 0.741455 0.667903 0.740967 0.668962 0.741699 0.667903 0.741699 0.666314 0.742188 0.666314 0.742920 0.664195 0.743408 0.664195 0.743652 0.665784 0.745117 0.665254 0.745117 0.663136 0.745605 0.663136 0.745605 0.661547 0.746826 0.658898 0.747070 0.657309 0.747803 0.658369 0.747559 0.657309 0.748535 0.656250 0.749268 0.651483 0.748779 0.653072 0.748291 0.652013 0.748047 0.648835
1 0.820068 0.646716 0.821045 0.648835 0.822998 0.648835 0.822998 0.646186 0.822510 0.645127 0.821777 0.645127 0.821533 0.646186 0.820557 0.645127
1 0.795898 0.647246 0.796875 0.649364 0.797363 0.647246 0.798340 0.649364 0.799805 0.649364 0.799072 0.648835 0.798340 0.647246 0.798340 0.646186 0.798096 0.646716 0.797363 0.644068
1 0.668701 0.644597 0.666992 0.644597 0.666992 0.646716 0.666504 0.647775 0.667969 0.647246 0.668701 0.645657
1 0.989258 0.652013 0.986328 0.650424 0.985596 0.648835 0.985840 0.647775 0.984863 0.645657 0.985352 0.645127 0.984619 0.644068 0.986328 0.642479 0.984131 0.641419 0.983398 0.641949 0.983643 0.643538 0.983154 0.645657 0.981689 0.647246 0.981445 0.648835 0.982422 0.650953 0.980713 0.651483 0.980225 0.650424 0.978760 0.651483 0.979004 0.653602 0.980225 0.653072 0.980713 0.654131 0.979980 0.655720 0.978760 0.655720 0.978027 0.654661 0.977783 0.655191 0.978516 0.658369 0.978271 0.657309 0.979248 0.656250 0.979980 0.657839 0.979492 0.658898 0.980225 0.658898 0.981201 0.660487 0.981445 0.658369 0.980957 0.656780 0.982422 0.655720 0.982178 0.654661 0.980713 0.653602 0.981445 0.652013 0.982666 0.652013 0.983643 0.650424 0.984863 0.651483 0.987549 0.650953 0.988281 0.652013
1 0.819580 0.645657 0.819092 0.644068 0.819336 0.643008 0.818604 0.641419 0.817871 0.643008 0.816406 0.641949 0.817383 0.644597
1 0.299316 0.641949 0.295166 0.641949 0.294189 0.644068 0.294189 0.648835 0.295898 0.648835 0.295410 0.649894 0.295410 0.652013 0.294922 0.652542 0.294189 0.650424 0.292236 0.653602 0.291748 0.653072 0.290039 0.655191 0.290527 0.656250 0.291260 0.656250 0.292236 0.654661 0.292725 0.655191 0.292725 0.653602 0.294678 0.654131 0.295410 0.655720 0.296143 0.655720 0.296631 0.654131 0.298340 0.654661 0.298828 0.653602 0.298340 0.651483 0.298828 0.650953 0.297607 0.647775 0.298584 0.646716 0.299072 0.647246
1 0.950684 0.634004 0.949463 0.634534 0.949707 0.636123 0.949219 0.636653 0.950195 0.637712 0.950195 0.640360 0.950928 0.639301
1 0.738770 0.630297 0.738281 0.631356 0.739014 0.632945 0.737549 0.634004 0.735107 0.632945 0.735107 0.634534 0.737061 0.634004 0.738037 0.635593 0.737549 0.636653 0.735840 0.636123 0.736084 0.637182 0.739258 0.637182 0.740234 0.638771 0.740479 0.640360 0.739502 0.640890 0.739502 0.642479 0.738525 0.642479 0.739014 0.643538 0.738770 0.644597 0.736816 0.644068 0.737793 0.645127 0.737061 0.647246 0.735840 0.647246 0.735352 0.648835 0.734619 0.648835 0.733643 0.647246 0.733887 0.649364 0.735840 0.650424 0.735840 0.652013 0.736328 0.652542 0.736572 0.654661 0.736816 0.654131 0.738037 0.655191 0.739258 0.653072 0.737061 0.652542 0.738037 0.649364 0.739746 0.648305 0.739990 0.648835 0.741455 0.647246 0.742188 0.648305 0.740479 0.645657 0.740234 0.643538 0.740967 0.639831 0.740479 0.639301 0.739990 0.635593 0.739014 0.634534 0.739502 0.632415
1 0.953613 0.630297 0.953613 0.631886 0.958008 0.632945 0.961182 0.630826 0.961426 0.632945 0.968750 0.633475 0.968994 0.631886 0.969238 0.633475 0.972168 0.634004 0.976562 0.632945 0.999756 0.634004 0.999512 0.631356 0.994629 0.629237 0.992676 0.629237 0.992432 0.630297 0.990723 0.629237 0.990479 0.630297 0.989746 0.629237 0.988525 0.629767 0.987061 0.627648 0.985352 0.628708 0.984131 0.627119 0.980713 0.628178 0.980225 0.626059 0.980225 0.627119 0.978516 0.627648 0.979004 0.628178 0.978271 0.629767 0.976318 0.629767 0.976318 0.628708 0.975342 0.631356 0.973877 0.631356 0.972656 0.633475 0.971436 0.631356 0.972656 0.628708 0.973633 0.628708 0.974121 0.626589 0.971924 0.627119 0.972168 0.629237 0.971680 0.630297 0.971191 0.629237 0.971436 0.627119 0.970703 0.627119 0.970459 0.626059 0.968994 0.627119 0.968506 0.626059 0.967285 0.626059 0.966797 0.627119 0.966309 0.626059 0.966064 0.627119 0.964844 0.627119 0.964844 0.629767 0.964355 0.630297 0.963623 0.627119 0.961182 0.627119 0.959229 0.623941 0.958008 0.623941 0.957275 0.626059 0.956787 0.625000 0.955566 0.625000 0.955566 0.626589
1 0.146484 0.610699 0.145508 0.614407 0.144531 0.614936 0.144531 0.615996 0.143066 0.618114 0.143066 0.620233 0.143799 0.620233 0.144531 0.617055 0.145996 0.615466 0.146240 0.615996
1 0.017334 0.609110 0.018066 0.610699 0.020996 0.610699 0.020264 0.610169 0.020752 0.608581 0.020020 0.608051 0.018066 0.608051 0.017822 0.609110 0.017578 0.608051
1 0.110107 0.605403 0.109131 0.605403 0.107666 0.607521 0.107666 0.608581 0.108643 0.609110 0.109131 0.608051 0.109863 0.608051
1 0.327637 0.603284 0.326172 0.605932 0.326172 0.606992 0.326904 0.609110 0.327881 0.609640 0.328613 0.608051 0.328125 0.606992 0.327881 0.608051 0.327393 0.607521 0.327881 0.605932 0.328369 0.605932 0.328125 0.603814
1 0.671143 0.599576 0.671875 0.601695 0.672119 0.604343 0.673584 0.606992 0.673584 0.609110 0.674561 0.609110 0.674561 0.605932 0.672363 0.600106
1 0.722412 0.600106 0.721680 0.597987 0.720947 0.600636 0.720459 0.599576 0.719971 0.600106 0.719238 0.599047 0.718750 0.601165 0.720215 0.601695 0.721436 0.600636 0.721680 0.601695 0.721924 0.600636 0.722412 0.601165
1 0.037109 0.600106 0.035645 0.599047 0.036621 0.595869 0.034668 0.597458 0.033691 0.596398 0.034668 0.600636 0.035156 0.599576 0.035645 0.599576 0.035889 0.601165
1 0.019287 0.594280 0.019531 0.597458 0.019043 0.597987 0.020996 0.600636 0.020264 0.602225 0.021729 0.602225 0.021973 0.603284 0.023193 0.603814 0.021973 0.602754 0.021973 0.601165 0.022461 0.600106 0.022705 0.600636 0.022461 0.599047 0.023193 0.598517 0.021729 0.598517 0.021240 0.597458 0.021484 0.596398 0.022461 0.597458 0.022949 0.596928
1 0.016602 0.591631 0.016113 0.591631 0.016113 0.593220 0.014893 0.592691 0.014404 0.593750 0.015137 0.595869 0.016357 0.595869 0.016846 0.594809 0.016357 0.593750
1 0.004395 0.592691 0.002441 0.591631 0.002197 0.592691 0.001709 0.592691 0.001465 0.594280 0.000000 0.594280 0.000000 0.600636 0.000732 0.598517 0.000977 0.600106 0.003418 0.600106 0.004150 0.598517 0.002686 0.596928 0.002197 0.594809 0.002686 0.593750 0.004395 0.594280
1 0.934326 0.621292 0.930908 0.614407 0.929688 0.614407 0.931152 0.615996 0.929443 0.618644 0.928467 0.618114 0.928955 0.615466 0.926514 0.614936 0.929688 0.611758 0.930908 0.612818 0.931396 0.604873 0.929688 0.604873 0.928467 0.608051 0.927246 0.606992 0.926514 0.603814 0.927979 0.599047 0.925293 0.596928 0.926270 0.592161 0.925049 0.591102 0.924561 0.598517 0.919678 0.599047 0.918701 0.596928 0.918213 0.599047 0.916260 0.599576 0.914307 0.597987 0.914062 0.599576 0.901123 0.601165 0.900879 0.599576 0.900146 0.601695 0.898682 0.598517 0.901367 0.605403 0.905518 0.608581 0.905518 0.611229 0.906494 0.610699 0.907471 0.612818 0.908203 0.619174 0.906494 0.621822 0.905273 0.620763 0.902588 0.626589 0.903809 0.628178 0.903809 0.631886 0.902588 0.634534 0.901367 0.632415 0.902344 0.634534 0.902100 0.638771 0.900635 0.635593 0.898682 0.635064 0.900146 0.634004 0.898682 0.630297 0.897217 0.632415 0.894531 0.632415 0.898438 0.635064 0.895020 0.635593 0.891602 0.644068 0.892578 0.644597 0.891113 0.647246 0.904541 0.647246 0.922119 0.641419 0.922852 0.637182 0.927979 0.636123 0.928223 0.632945 0.929932 0.632945 0.928467 0.629237 0.932373 0.626589 0.931396 0.623941 0.927734 0.623941 0.927002 0.622352 0.927246 0.619174 0.929443 0.619174 0.930176 0.621292
1 0.759277 0.591102 0.757568 0.592161 0.756104 0.595339 0.755127 0.595339 0.756348 0.596398 0.757080 0.594809 0.758789 0.593220
1 0.135498 0.591102 0.135010 0.593220 0.135254 0.597987 0.136963 0.601165 0.137451 0.601165 0.136963 0.599576 0.137207 0.597987 0.136719 0.597458
1 0.697266 0.591102 0.696533 0.589513 0.696045 0.591102 0.695068 0.591102 0.694092 0.593220 0.694092 0.594280 0.697266 0.593750
1 0.710205 0.591102 0.710938 0.590042 0.712891 0.590042 0.714600 0.591631 0.714600 0.588453 0.713623 0.588453 0.712158 0.586864 0.711426 0.588453 0.711182 0.587394 0.710449 0.588983
1 0.843262 0.587394 0.842285 0.586864 0.841309 0.584746 0.840576 0.585805 0.840332 0.587394 0.839355 0.586864 0.838623 0.588983 0.837891 0.589513 0.838135 0.592161 0.838867 0.593220 0.838867 0.594809 0.837891 0.595339 0.839600 0.595339 0.840088 0.593750 0.840820 0.595339 0.842041 0.595869 0.842041 0.594280 0.843018 0.591102 0.842773 0.589513 0.843506 0.588453
1 0.885498 0.593220 0.886719 0.595869 0.886719 0.598517 0.887939 0.599047 0.887451 0.597987 0.887939 0.596928 0.888428 0.597987 0.889404 0.597987 0.889648 0.598517 0.888916 0.599047 0.890625 0.601695 0.891846 0.601695 0.892578 0.603284 0.894043 0.602225 0.895752 0.602225 0.894287 0.600106 0.893555 0.600106 0.891602 0.596398 0.890869 0.597458 0.890381 0.596398 0.890625 0.594809 0.891357 0.594809 0.891357 0.591102 0.890625 0.591102 0.890381 0.592161 0.888916 0.590572 0.890381 0.589513 0.890869 0.590042 0.890869 0.584216 0.890381 0.583686 0.889648 0.585805 0.889160 0.585805 0.889160 0.587394 0.887939 0.590042 0.887207 0.588983 0.887207 0.590042 0.888184 0.591102 0.887695 0.592161 0.885742 0.592161
1 0.786377 0.583686 0.786621 0.585805 0.787598 0.586864 0.788818 0.585805 0.790039 0.587394 0.790771 0.589513 0.789551 0.585805 0.789551 0.583686 0.788330 0.584216 0.787598 0.585805 0.787109 0.585805
1 0.957520 0.583157 0.953613 0.582627 0.952881 0.584216 0.952637 0.583686 0.951172 0.584746 0.949707 0.587924 0.949951 0.587394 0.951172 0.590042 0.950195 0.593750 0.950928 0.593750 0.952393 0.597987 0.952637 0.597458 0.953369 0.599047 0.955078 0.599047 0.955078 0.596398 0.955566 0.594809 0.956787 0.594280 0.957520 0.595339 0.958008 0.592161 0.957520 0.587394 0.957764 0.586335 0.958008 0.586864 0.957520 0.584216 0.958008 0.584216
1 0.665039 0.582627 0.664307 0.582627 0.663330 0.585275 0.663818 0.588453 0.664551 0.587394 0.664307 0.586864 0.665527 0.585275 0.665527 0.583686
1 0.718262 0.579979 0.716797 0.581038 0.716309 0.584216 0.716553 0.586335 0.717041 0.586335 0.717529 0.584216 0.719238 0.583686
1 0.798828 0.579449 0.798096 0.583157 0.798340 0.582627 0.799805 0.585275 0.796631 0.588453 0.795166 0.591102 0.794189 0.590042 0.793213 0.591631 0.794678 0.591631 0.794922 0.592691 0.796387 0.592161 0.796631 0.592691 0.795898 0.593220 0.796631 0.594280 0.797363 0.593750 0.797363 0.592691 0.798096 0.591102 0.799805 0.590572 0.798584 0.588983 0.799316 0.586864 0.799805 0.586864 0.800049 0.583686 0.798584 0.580508
1 0.164795 0.583157 0.164307 0.583686 0.163574 0.581568 0.162598 0.581568 0.162354 0.582627 0.161621 0.581038 0.161377 0.582097 0.160889 0.580508 0.161377 0.579979 0.161133 0.579449 0.156738 0.587394 0.155762 0.587924 0.155518 0.590042 0.152100 0.596928 0.149902 0.604343 0.146729 0.609640 0.148193 0.608581 0.148438 0.612818 0.147461 0.613877 0.147705 0.616525 0.147217 0.617585 0.146729 0.617055 0.145752 0.619174 0.145508 0.618644 0.146729 0.619174 0.146729 0.618114 0.147949 0.617585 0.148193 0.618644 0.147461 0.620763 0.148438 0.622352 0.149414 0.621822 0.148926 0.620233 0.149170 0.618644 0.150879 0.621822 0.151123 0.620233 0.151367 0.622352 0.152100 0.622352 0.153564 0.619703 0.155029 0.620763 0.154541 0.621292 0.156494 0.621292 0.156494 0.619174 0.155518 0.619174 0.156006 0.620233 0.155518 0.620763 0.155029 0.619174 0.154297 0.619174 0.154785 0.617585 0.154053 0.617055 0.154053 0.619174 0.152588 0.617055 0.153320 0.615996 0.153320 0.613347 0.154541 0.612288 0.155273 0.609640 0.157227 0.609110 0.161621 0.603814 0.165283 0.596398 0.164795 0.595869 0.163330 0.597987 0.162354 0.597987 0.160645 0.601695 0.159180 0.601695 0.154053 0.608581 0.153564 0.608051 0.152344 0.609640 0.152344 0.608051 0.151855 0.607521 0.153076 0.603814 0.156982 0.596398 0.157471 0.593750 0.159424 0.589513 0.159668 0.590042 0.161133 0.586864 0.162354 0.587394 0.164551 0.585805 0.164062 0.584746
1 0.877441 0.580508 0.876709 0.578390 0.875000 0.578390 0.872559 0.581568 0.871094 0.581568 0.870605 0.580508 0.869141 0.579979 0.868164 0.580508 0.867920 0.581568 0.872314 0.584216 0.872559 0.585275 0.873047 0.584746 0.873047 0.583157 0.873535 0.582097 0.874756 0.582097 0.875732 0.583686 0.877197 0.582097
1 0.724365 0.576801 0.722900 0.579979 0.724854 0.583157 0.724609 0.584216 0.725342 0.584746 0.724121 0.586335 0.724365 0.587924 0.720947 0.593750 0.721191 0.595339 0.724365 0.590572 0.725586 0.592161 0.726562 0.592161 0.726807 0.590572 0.728027 0.588983 0.728027 0.584746 0.727051 0.584746
1 0.716309 0.620763 0.727295 0.609640 0.725098 0.617055 0.730469 0.626589 0.738037 0.621292 0.745605 0.630826 0.754150 0.619174 0.759521 0.635593 0.757080 0.638242 0.769043 0.647775 0.768066 0.634004 0.777100 0.634004 0.778809 0.639301 0.775146 0.641949 0.779785 0.645127 0.785889 0.637712 0.780518 0.683263 0.775391 0.694386 0.769775 0.687500 0.771240 0.695445 0.768066 0.697034 0.776123 0.703919 0.777344 0.721398 0.779297 0.707627 0.782227 0.710805 0.776855 0.708686 0.775635 0.694386 0.781250 0.701271 0.781494 0.693326 0.787842 0.705508 0.781006 0.686441 0.786865 0.671081 0.789062 0.635064 0.799561 0.637182 0.804199 0.656250 0.804199 0.643538 0.808105 0.654131 0.808105 0.646716 0.816162 0.639831 0.811035 0.638242 0.814697 0.639831 0.812988 0.645657 0.805664 0.639831 0.807129 0.634004 0.819336 0.632415 0.817871 0.638242 0.824707 0.645657 0.826904 0.627119 0.842041 0.605932 0.835938 0.604873 0.836182 0.594280 0.826660 0.598517 0.830078 0.586335 0.825195 0.591102 0.822266 0.581038 0.832764 0.578919 0.820312 0.578390 0.822998 0.599576 0.809570 0.599047 0.814941 0.603814 0.813477 0.618114 0.798340 0.620763 0.800781 0.623941 0.795898 0.631356 0.787109 0.618114 0.789307 0.605932 0.753662 0.599047 0.751953 0.590572 0.760498 0.576801 0.757080 0.575212 0.760010 0.576271 0.746338 0.593220 0.731445 0.584216 0.731934 0.596398 0.731445 0.589513 0.740967 0.599047 0.734131 0.598517 0.730713 0.610699 0.721191 0.606992 0.722656 0.614936
1 0.710205 0.576271 0.708984 0.574153 0.708252 0.575742 0.707764 0.575212 0.706787 0.576271 0.706787 0.577331 0.708496 0.578390 0.709473 0.577860
1 0.834961 0.573623 0.834473 0.572564 0.833008 0.575212 0.831787 0.575742 0.831543 0.576801 0.831055 0.576271 0.830566 0.577331 0.831299 0.577860 0.831543 0.576801 0.832031 0.578390 0.832031 0.576801 0.832764 0.576271 0.833252 0.577331 0.833496 0.575742 0.834229 0.574682 0.834473 0.575212
1 0.646484 0.572034 0.645752 0.573093 0.645264 0.575212 0.645508 0.577860 0.646729 0.577331 0.646973 0.572564
1 0.723145 0.572564 0.724365 0.575742 0.725342 0.575742 0.725342 0.573093 0.724121 0.571504
1 0.854004 0.570975 0.851562 0.575212 0.858398 0.584746 0.858643 0.591631 0.856201 0.600636 0.852295 0.604873 0.851074 0.600636 0.850586 0.605403 0.854492 0.608051 0.855225 0.618644 0.859375 0.625000 0.857422 0.624470 0.858887 0.627648 0.856201 0.631356 0.851074 0.631356 0.851074 0.634534 0.849609 0.635593 0.850586 0.638242 0.849121 0.637712 0.854248 0.641949 0.857178 0.640360 0.857422 0.642479 0.854492 0.645657 0.855713 0.647775 0.851807 0.650953 0.853516 0.649364 0.850098 0.651483 0.844238 0.648305 0.844238 0.651483 0.846924 0.649364 0.850098 0.652013 0.850098 0.655191 0.848145 0.656780 0.850830 0.655720 0.849609 0.657839 0.849365 0.664725 0.851562 0.666843 0.851318 0.670021 0.852051 0.667903 0.853271 0.669492 0.852295 0.670021 0.853027 0.673199 0.854004 0.670021 0.852539 0.665254 0.851318 0.665784 0.851318 0.661547 0.853027 0.663665 0.858398 0.652013 0.861572 0.654131 0.859131 0.649364 0.862793 0.646186 0.859619 0.645127 0.860596 0.643008 0.857178 0.640360 0.858643 0.638242 0.857910 0.636123 0.861084 0.636123 0.860840 0.629767 0.864258 0.630826 0.866211 0.626589 0.867188 0.628708 0.868164 0.624470 0.870605 0.623411 0.868896 0.619703 0.870605 0.619703 0.873047 0.611758 0.876221 0.612818 0.878906 0.618114 0.881104 0.618114 0.881836 0.611758 0.882812 0.614936 0.885498 0.615996 0.883545 0.608051 0.877441 0.606992 0.876465 0.608051 0.877441 0.610699 0.875244 0.612288 0.875244 0.608051 0.867432 0.607521 0.866211 0.602225 0.863037 0.597987 0.863525 0.595339 0.864746 0.595869 0.863281 0.593750 0.864746 0.592161 0.859863 0.584746 0.859131 0.575742 0.855469 0.574682 0.856445 0.576801 0.854980 0.578390
1 0.841553 0.574153 0.840820 0.573623 0.840820 0.572564 0.840332 0.572034 0.840576 0.570975 0.839844 0.573623 0.838867 0.573623 0.837646 0.576271 0.836670 0.576801 0.837402 0.578390 0.839600 0.578390 0.841064 0.576271
1 0.823242 0.576271 0.823730 0.575212 0.824707 0.575212 0.824951 0.574153 0.826172 0.575212 0.825928 0.574153 0.826416 0.573093 0.826660 0.574153 0.828125 0.572034 0.826172 0.572564 0.826172 0.573623 0.825684 0.574153 0.825439 0.573093 0.824707 0.573093 0.823975 0.570975 0.823242 0.570975 0.823975 0.573093 0.823242 0.574682
1 0.702637 0.571504 0.703369 0.575742 0.705566 0.576801 0.706055 0.576271 0.705078 0.572034 0.704346 0.572564 0.703125 0.570975
1 0.082520 0.569915 0.081543 0.571504 0.080811 0.570975 0.080078 0.572034 0.080078 0.578390 0.080811 0.579979 0.081787 0.578390 0.082275 0.579449 0.082764 0.578919 0.082520 0.577331 0.081299 0.578390 0.080078 0.577860 0.081055 0.573093
1 0.062012 0.569386 0.061768 0.576801 0.061279 0.578390 0.061523 0.578919 0.060791 0.580508 0.061279 0.580508 0.062012 0.582097 0.062012 0.583686 0.064697 0.587924 0.066406 0.589513 0.069824 0.588453 0.070068 0.586335 0.070801 0.584746 0.070312 0.582627 0.071045 0.578919 0.070801 0.577860 0.072021 0.576271 0.071533 0.576271 0.072021 0.574682 0.072754 0.574153 0.071289 0.573623 0.070557 0.575742 0.069824 0.575212 0.067627 0.576271 0.066895 0.575212 0.066650 0.573623 0.064697 0.573623 0.064697 0.572564 0.065186 0.572034 0.064209 0.569915 0.064697 0.567797 0.063477 0.567797 0.063232 0.568856
1 0.680664 0.566208 0.680664 0.572564 0.680908 0.573623 0.681396 0.573623 0.681396 0.566737
1 0.554199 0.566208 0.553955 0.568856 0.554932 0.572564 0.555664 0.569915 0.555664 0.567797
1 0.925537 0.567267 0.925537 0.569915 0.926270 0.571504 0.927979 0.572564 0.928711 0.575212 0.931396 0.575212 0.933838 0.578919 0.934814 0.578919 0.935547 0.579979 0.936768 0.579449 0.937012 0.578390 0.937500 0.579979 0.937012 0.580508 0.937744 0.580508 0.937500 0.579449 0.937988 0.578390 0.937256 0.576271 0.938232 0.575212 0.936523 0.571504 0.936523 0.568856 0.933594 0.568856 0.932129 0.566737 0.929443 0.566737 0.928711 0.565148 0.926758 0.565148
1 0.840088 0.568856 0.838623 0.568856 0.838379 0.567267 0.839111 0.566737 0.838135 0.566208 0.837402 0.564619 0.838135 0.566737 0.838135 0.568326 0.836914 0.570445 0.836182 0.570445 0.835938 0.572034 0.836426 0.570975 0.837646 0.572034 0.837402 0.570975 0.837891 0.569915 0.839355 0.570445
1 0.876221 0.567797 0.873535 0.563559 0.871582 0.565678 0.870605 0.565678 0.870117 0.566737 0.870361 0.568856 0.869873 0.569915 0.870117 0.570975 0.869385 0.572564 0.869385 0.574682 0.869873 0.575212 0.870850 0.572564 0.873535 0.572564 0.874268 0.571504 0.874268 0.573623 0.875000 0.575212 0.875000 0.570445
1 0.654785 0.562500 0.654541 0.564089 0.655762 0.566737 0.657471 0.567797 0.657715 0.569915 0.656494 0.571504 0.655762 0.568856 0.655518 0.569915 0.654541 0.569915 0.654053 0.571504 0.652100 0.571504 0.651855 0.574153 0.653564 0.578390 0.656006 0.575742 0.657227 0.578390 0.657715 0.581038 0.659180 0.583157 0.658691 0.583686 0.658691 0.584746 0.659180 0.585275 0.658936 0.583686 0.661621 0.579979 0.662354 0.577860 0.662354 0.576271 0.661133 0.575212 0.660400 0.573093 0.661133 0.569386 0.660156 0.567797 0.661133 0.567267 0.662598 0.568856 0.664062 0.566737 0.662598 0.567267 0.662109 0.564089 0.661133 0.564089 0.660645 0.565148 0.661133 0.566208 0.660889 0.567267 0.659180 0.566208 0.658447 0.567267 0.658936 0.568326 0.657959 0.569915 0.657471 0.567797 0.657715 0.563559 0.656738 0.561970
1 0.555420 0.561970 0.554688 0.561441 0.554199 0.562500 0.552734 0.563030 0.553223 0.564619 0.553955 0.565148 0.554199 0.564089 0.554932 0.564089
1 0.726074 0.560911 0.724854 0.561441 0.724854 0.563030 0.723877 0.565678 0.724121 0.567797 0.724854 0.569386 0.725586 0.568326 0.725342 0.564089 0.726074 0.563030
1 0.651367 0.560911 0.649902 0.562500 0.649658 0.565678 0.650146 0.567797 0.651367 0.564619 0.652100 0.564089
1 0.289062 0.561970 0.289307 0.563030 0.290771 0.562500 0.291016 0.563559 0.291260 0.562500 0.291504 0.563559 0.292236 0.563030 0.293457 0.565148 0.295166 0.565148 0.295410 0.566208 0.296875 0.566737 0.300781 0.566737 0.301025 0.564619 0.301514 0.564089 0.301025 0.564089 0.300781 0.563030 0.297607 0.563559 0.297119 0.562500 0.296631 0.563559 0.295898 0.563559 0.295898 0.562500 0.293945 0.563559 0.293457 0.561970 0.293213 0.563030 0.292725 0.561970 0.291504 0.562500 0.289551 0.560911
1 0.719238 0.560381 0.718506 0.561441 0.718018 0.564619 0.718262 0.567267 0.718750 0.566737 0.718506 0.565678 0.718994 0.564619 0.719238 0.565148 0.719238 0.563030 0.719727 0.561970
1 0.877686 0.562500 0.877686 0.565148 0.878662 0.567267 0.879395 0.567267 0.879883 0.565678 0.884521 0.564089 0.884521 0.562500 0.883057 0.561441 0.882568 0.559852 0.881836 0.559322 0.879150 0.559852 0.878662 0.561970 0.878418 0.561441
1 0.555908 0.557733 0.557129 0.562500 0.557373 0.564619 0.556641 0.564619 0.556641 0.565678 0.557373 0.567267 0.559326 0.564089 0.557861 0.559322 0.557373 0.559852 0.556885 0.558792 0.557129 0.558263
1 0.674316 0.557203 0.674072 0.558263 0.674805 0.562500 0.674316 0.567797 0.676514 0.566737 0.676758 0.567267 0.679688 0.564089 0.679688 0.560911 0.680176 0.558792 0.679688 0.558792 0.679199 0.556674 0.678955 0.558792 0.677490 0.558792 0.676758 0.557203 0.675781 0.556674
1 0.914062 0.555614 0.913574 0.555614 0.913330 0.557203 0.913086 0.556144 0.912109 0.557203 0.911865 0.560381 0.912598 0.561970 0.913330 0.561970 0.914307 0.559852 0.913818 0.558263 0.913818 0.557203 0.914307 0.556674
1 0.113037 0.552966 0.112061 0.554025 0.110840 0.553496 0.109375 0.554555 0.111572 0.555614 0.110352 0.556144 0.109619 0.558263 0.110107 0.558792 0.109863 0.561441 0.110352 0.561970 0.111328 0.559322 0.111816 0.559322 0.111572 0.556674 0.113037 0.554555
1 0.914551 0.553496 0.915527 0.556674 0.916748 0.557203 0.916748 0.555085 0.917236 0.554555 0.916748 0.552966 0.915527 0.551907
1 0.977051 0.551907 0.977051 0.555614 0.978027 0.557203 0.978027 0.558792 0.976562 0.559322 0.976318 0.557203 0.975586 0.557203 0.975586 0.558792 0.976318 0.558792 0.976562 0.559852 0.977539 0.560381 0.977051 0.561441 0.977051 0.563030 0.978760 0.564089 0.979004 0.566737 0.979492 0.567267 0.980225 0.566208 0.980469 0.567267 0.980957 0.567267 0.981445 0.565148 0.981934 0.565678 0.981934 0.568326 0.981201 0.569915 0.979980 0.569915 0.979980 0.571504 0.980469 0.570445 0.982178 0.570445 0.982178 0.565678 0.983643 0.563559 0.982666 0.560911 0.982666 0.558263 0.980713 0.554555 0.980713 0.550847 0.980225 0.552966 0.979492 0.552966 0.978760 0.550847
1 0.900635 0.550847 0.898926 0.551907 0.898682 0.554555 0.897705 0.556144 0.897949 0.558792 0.899902 0.559852 0.900635 0.558263 0.900635 0.555614 0.901123 0.554025
1 0.417236 0.550318 0.417480 0.550847 0.416992 0.552436 0.416992 0.555085 0.417480 0.554555 0.418457 0.555614 0.418701 0.553496
1 0.123047 0.551377 0.122070 0.548729 0.119385 0.549258 0.116455 0.551377 0.117188 0.552436 0.117188 0.555614 0.118408 0.556674 0.118652 0.555614 0.122070 0.552966
1 0.582275 0.547140 0.582520 0.548729 0.583252 0.548729 0.583496 0.550318 0.585205 0.551907 0.585205 0.550847 0.583740 0.547669 0.582520 0.546610
1 0.554443 0.543432 0.552246 0.545021 0.552734 0.546610 0.552490 0.547140 0.549805 0.547669 0.547852 0.550318 0.547852 0.553496 0.548828 0.552966 0.549805 0.554025 0.549072 0.555085 0.549072 0.556144 0.549805 0.556674 0.549316 0.557203 0.549805 0.559322 0.550293 0.559322 0.549805 0.558792 0.550049 0.557203 0.551025 0.556674 0.551514 0.554555 0.553955 0.552966 0.554199 0.550318 0.554688 0.549258
1 0.701172 0.542903 0.699951 0.545021 0.699707 0.547669 0.699219 0.546610 0.699219 0.548199 0.699463 0.547669 0.700195 0.550318 0.698242 0.550847 0.697021 0.548729 0.695801 0.552966 0.694580 0.552966 0.695312 0.556674 0.694336 0.558263 0.694824 0.559852 0.696045 0.558792 0.697266 0.561441 0.697510 0.560911 0.697754 0.561970 0.696777 0.563030 0.697754 0.565678 0.697266 0.566208 0.697266 0.567797 0.699463 0.568326 0.700928 0.572034 0.701172 0.566737 0.703125 0.564089 0.703857 0.564089 0.704346 0.560911 0.705566 0.561441 0.705566 0.562500 0.706299 0.563030 0.706543 0.566737 0.707275 0.566737 0.708252 0.564089 0.708252 0.561970 0.707764 0.561970 0.707520 0.560381 0.708008 0.559852 0.708008 0.558263 0.708984 0.557733 0.709229 0.556674 0.708984 0.552966 0.708252 0.552436 0.708496 0.551377 0.708008 0.550318 0.707520 0.550318 0.708008 0.552966 0.707275 0.553496 0.706787 0.552436 0.707031 0.551377 0.705566 0.550318 0.705566 0.548729 0.705078 0.548199 0.704834 0.546081 0.703369 0.547669 0.702393 0.547669 0.702393 0.545021
1 0.524902 0.540254 0.524902 0.542373 0.524170 0.544492 0.524414 0.546610 0.523926 0.547140 0.523926 0.550847 0.523193 0.553496 0.524414 0.550318 0.524414 0.547669 0.525391 0.545021 0.526367 0.547140 0.527588 0.547669 0.527588 0.546081
1 0.683838 0.541314 0.685059 0.543432 0.685791 0.543432 0.686035 0.544492 0.687012 0.543432 0.687500 0.546081 0.689209 0.546081 0.690918 0.544492 0.689697 0.540254 0.686035 0.540784 0.685059 0.539725 0.684326 0.541314
1 0.552490 0.533369 0.551025 0.534428 0.551025 0.537076 0.551758 0.539725 0.551025 0.540254 0.550781 0.541843 0.552002 0.541843 0.551514 0.540254 0.552246 0.539725 0.552734 0.541843 0.553467 0.539725 0.553467 0.535487
1 0.013428 0.521716 0.012207 0.524364 0.010010 0.524364 0.008301 0.522246 0.009277 0.523305 0.009277 0.525424 0.007812 0.525424 0.008545 0.527542 0.008545 0.528602 0.007812 0.530191 0.005127 0.528602 0.005615 0.529661 0.007324 0.530191 0.010254 0.528602 0.010010 0.527013 0.010498 0.525953 0.011963 0.525953 0.013428 0.524364
1 0.708496 0.520657 0.707520 0.519597 0.704834 0.521716 0.703857 0.523835 0.703613 0.528602 0.703125 0.529661 0.701904 0.529131 0.702393 0.530191 0.702148 0.531250 0.701416 0.530720 0.701660 0.533369 0.701172 0.534428 0.701172 0.536547 0.700439 0.537606 0.700684 0.539195 0.702148 0.539195 0.702881 0.537606 0.702881 0.540784 0.704102 0.540254 0.704834 0.541843 0.706055 0.541314 0.706543 0.542903 0.706543 0.539725 0.706299 0.540254 0.705566 0.538665 0.707031 0.537606 0.707520 0.535487 0.708496 0.534428 0.708984 0.530720 0.708740 0.529661 0.708008 0.529661 0.707031 0.532839 0.707275 0.534428 0.706787 0.534958 0.706543 0.533898 0.705322 0.532839 0.705078 0.528072 0.705811 0.524894 0.708252 0.523835
1 0.467041 0.525424 0.468506 0.525953 0.469971 0.524364 0.470947 0.525424 0.473633 0.523305 0.475098 0.523305 0.475342 0.519597 0.474609 0.518538 0.473389 0.520127 0.472656 0.519068 0.472412 0.520127 0.471924 0.518538 0.470947 0.519068 0.470703 0.518008 0.469727 0.518538 0.468750 0.517479 0.468018 0.519597 0.468506 0.519597 0.468994 0.521716
1 0.701172 0.516419 0.700195 0.516419 0.699707 0.519068 0.698975 0.517479 0.698486 0.517479 0.697754 0.515360 0.696533 0.515360 0.695312 0.516949 0.693848 0.516949 0.692627 0.515890 0.692627 0.516949 0.691895 0.518008 0.692871 0.520127 0.692627 0.523305 0.693359 0.523835 0.694092 0.522775 0.694824 0.524364 0.694824 0.527542 0.695801 0.528602 0.695801 0.529661 0.697021 0.529661 0.696045 0.532839 0.696289 0.534958 0.697266 0.536547 0.696533 0.538665 0.695557 0.539725 0.695557 0.543962 0.696533 0.543962 0.697021 0.542373 0.698730 0.540784 0.698730 0.539725 0.697998 0.538665 0.698242 0.536547 0.699219 0.534428 0.698730 0.531780 0.699463 0.531250 0.699463 0.527013 0.698730 0.525953 0.697998 0.526483 0.697510 0.525424 0.699463 0.520657 0.700684 0.521186 0.701416 0.518538
1 0.689209 0.513242 0.687988 0.515890 0.686768 0.515890 0.686523 0.522775 0.685303 0.525953 0.685303 0.528602 0.684326 0.530720 0.685791 0.532309 0.687012 0.531780 0.687744 0.533369 0.688477 0.531780 0.689697 0.531250 0.688965 0.528602 0.688965 0.526483 0.687500 0.523305 0.687988 0.522775 0.687744 0.518538 0.689697 0.515360
1 0.151123 0.523305 0.151367 0.524894 0.152588 0.525424 0.153564 0.527542 0.153564 0.525953 0.153320 0.526483 0.152588 0.525424 0.152588 0.524364 0.153076 0.523835 0.152832 0.523305 0.153564 0.521716 0.155029 0.521716 0.156006 0.523835 0.155762 0.527542 0.156250 0.528072 0.155518 0.528602 0.155273 0.530191 0.156494 0.530191 0.156738 0.527013 0.157715 0.527013 0.157715 0.528602 0.158203 0.527542 0.158936 0.528072 0.159912 0.526483 0.161133 0.525953 0.164795 0.527013 0.164795 0.528072 0.161865 0.531780 0.160400 0.531250 0.159912 0.530191 0.159424 0.531780 0.159180 0.530720 0.158691 0.531250 0.159424 0.536547 0.158691 0.538136 0.158936 0.539195 0.160645 0.537606 0.164307 0.531250 0.165771 0.530191 0.166260 0.531250 0.165771 0.529661 0.168213 0.525424 0.168213 0.524364 0.170166 0.520127 0.170166 0.519068 0.167480 0.520127 0.166748 0.521716 0.166748 0.524894 0.165771 0.525953 0.165771 0.527542 0.165039 0.527542 0.164551 0.526483 0.163818 0.526483 0.163330 0.524894 0.166016 0.523305 0.165527 0.521186 0.159180 0.524364 0.158691 0.522246 0.157227 0.523835 0.156006 0.520127 0.156982 0.519597 0.157471 0.518008 0.157471 0.515890 0.156494 0.515360 0.156006 0.516419 0.155273 0.516419 0.154541 0.515360 0.154297 0.516419 0.153809 0.516419 0.153809 0.514831 0.153076 0.514831 0.152588 0.512712 0.153320 0.520127 0.151855 0.523305
1 0.349365 0.515360 0.349365 0.516949 0.350098 0.518538 0.350098 0.521716 0.350342 0.520127 0.350586 0.521716 0.351074 0.521186 0.350586 0.520657 0.351074 0.519597 0.351074 0.516419 0.353027 0.519597 0.352539 0.520127 0.354736 0.519597 0.355469 0.518008 0.355957 0.518008 0.354980 0.515890 0.355713 0.513242 0.354004 0.513771 0.353760 0.512712 0.351562 0.513242 0.350830 0.512182 0.350098 0.512712
1 0.144287 0.512182 0.143799 0.512712 0.143555 0.516419 0.143066 0.517479 0.143311 0.520127 0.144043 0.520127 0.145020 0.518538 0.144043 0.515890
1 0.708496 0.515360 0.709473 0.514301 0.710938 0.514831 0.711426 0.514301 0.711670 0.512182 0.710938 0.511653 0.709961 0.512712 0.709473 0.511653 0.708984 0.512182 0.708984 0.514301 0.708496 0.514301
1 0.566895 0.511653 0.566162 0.509534 0.565430 0.511653 0.564941 0.510593 0.563477 0.510593 0.563965 0.511123 0.563477 0.512712 0.564209 0.513771 0.564941 0.513771 0.565674 0.511653
1 0.025146 0.505297 0.023926 0.504767 0.023193 0.505826 0.022217 0.505826 0.021973 0.506886 0.021484 0.506356 0.021484 0.509004 0.020996 0.509004 0.020996 0.510064 0.021729 0.510064 0.022217 0.511123 0.023193 0.510593 0.023438 0.509004 0.024414 0.509004 0.024170 0.507945 0.024902 0.506886 0.024658 0.506356
1 0.625732 0.503178 0.625000 0.502119 0.625000 0.503708 0.623291 0.507415 0.622559 0.507945 0.623779 0.507945 0.624023 0.509004 0.624512 0.509004 0.624756 0.507945 0.625000 0.508475 0.624756 0.507945 0.625244 0.506356 0.624756 0.505826 0.624756 0.504237 0.625244 0.503708 0.625732 0.504767
1 0.172363 0.504237 0.171631 0.502119 0.168945 0.503708 0.169434 0.506886 0.170898 0.504767
1 0.338623 0.505826 0.338379 0.502648 0.337158 0.502648 0.336914 0.501589 0.334961 0.504237 0.333496 0.504237 0.333984 0.504237 0.334961 0.507415 0.336670 0.508475 0.337891 0.507945
1 0.031250 0.502119 0.032471 0.504237 0.032959 0.504237 0.033203 0.502648 0.034424 0.504237 0.035400 0.503708 0.033936 0.502648 0.033936 0.501589 0.034424 0.501059 0.033691 0.499470 0.032715 0.499470 0.033203 0.500000 0.032959 0.501059 0.032227 0.500530 0.033203 0.501059 0.033203 0.502648 0.031738 0.501589
1 0.595215 0.497352 0.595947 0.499470 0.596680 0.500000 0.597168 0.502648 0.598877 0.502119 0.598389 0.499470 0.597900 0.498941 0.597168 0.500000 0.596191 0.497352
1 0.046875 0.496292 0.048828 0.498411 0.053711 0.498941 0.053955 0.497881 0.056885 0.497881 0.056152 0.497881 0.056152 0.496292 0.054688 0.497881 0.048340 0.497352 0.047852 0.496292
1 0.328125 0.494703 0.328125 0.496292 0.326660 0.498411 0.326660 0.503708 0.327637 0.505297 0.328613 0.504237 0.329102 0.505297 0.330322 0.505297 0.329346 0.503708 0.329590 0.502119 0.330322 0.501059 0.330078 0.497352 0.329102 0.496292 0.328613 0.494703
1 0.033203 0.491525 0.033203 0.492585 0.034424 0.492055 0.035156 0.494174 0.036377 0.494174 0.035156 0.493114 0.035889 0.491525 0.035645 0.490996 0.036377 0.490466 0.035889 0.490466 0.035645 0.489407 0.034912 0.489407 0.034912 0.490996 0.034180 0.489936
1 0.681152 0.488347 0.681885 0.490996 0.681641 0.493644 0.682373 0.494174 0.684082 0.492055 0.685059 0.494174 0.684082 0.495763 0.685547 0.497881 0.685547 0.500530 0.687988 0.501059 0.688965 0.498941 0.687500 0.496292 0.687256 0.493644 0.686279 0.493644 0.685791 0.492585 0.686035 0.491525 0.685547 0.488347 0.684570 0.488347 0.683594 0.489936 0.682129 0.487818
1 0.337891 0.487288 0.336670 0.490466 0.335938 0.489936 0.335938 0.493114 0.336426 0.493644 0.336670 0.498411 0.337402 0.498411 0.337402 0.495763 0.338867 0.492585 0.338379 0.491525 0.338379 0.487818
1 0.074707 0.486229 0.073975 0.486758 0.073242 0.488877 0.073242 0.495233 0.072266 0.495763 0.071777 0.494703 0.071289 0.495763 0.071289 0.500530 0.072266 0.502648 0.072998 0.501059 0.073730 0.502648 0.074707 0.501059 0.075439 0.502648 0.076172 0.501059 0.074707 0.498411 0.074463 0.496822 0.074707 0.490996 0.075439 0.490466 0.075684 0.492055 0.074707 0.488347
1 0.604492 0.481462 0.604004 0.484640 0.604248 0.485699 0.605469 0.486229 0.605957 0.485169 0.605713 0.481992
1 0.279297 0.479873 0.277100 0.478284 0.275391 0.480932 0.275391 0.482521 0.275879 0.483051 0.275635 0.484110 0.276367 0.485169 0.275879 0.487288 0.277100 0.486758 0.277588 0.483581 0.278320 0.481992 0.279297 0.481462
1 0.464600 0.477225 0.463867 0.476695 0.463623 0.477754 0.463135 0.477754 0.463135 0.483051 0.463623 0.482521 0.463379 0.481992 0.464355 0.479343
1 0.025146 0.477754 0.026123 0.478284 0.026611 0.479343 0.026367 0.480403 0.026855 0.480403 0.028076 0.484110 0.028809 0.483581 0.028564 0.481992 0.028076 0.482521 0.027344 0.480932 0.027832 0.479343 0.030273 0.479873 0.031006 0.478814 0.031250 0.477225 0.031494 0.478814 0.033691 0.478814 0.034912 0.477754 0.033936 0.477225 0.033447 0.478284 0.032227 0.478284 0.031250 0.477225 0.030762 0.478284 0.030518 0.476165 0.030518 0.477754 0.030029 0.478814 0.026855 0.479343 0.025391 0.475636 0.025635 0.477225
1 0.054199 0.470869 0.053467 0.470869 0.052979 0.471928 0.051758 0.471398 0.051270 0.473517 0.051514 0.476695 0.051025 0.479343 0.052490 0.480403 0.053223 0.481992 0.054688 0.479343 0.052490 0.479343 0.052002 0.478284 0.052490 0.477754 0.051758 0.472987 0.052246 0.471398 0.053955 0.471928 0.054443 0.471398
1 0.451904 0.470339 0.451904 0.472458 0.452637 0.475106 0.452637 0.477754 0.454346 0.477754 0.455322 0.475106 0.456055 0.476695 0.455322 0.477225 0.455566 0.479873 0.453857 0.483051 0.454346 0.483581 0.454102 0.485169 0.453613 0.484110 0.454102 0.485699 0.455322 0.487288 0.456543 0.487288 0.456787 0.487818 0.456055 0.488347 0.456299 0.488877 0.458252 0.488347 0.458740 0.489407 0.459961 0.488347 0.460205 0.488877 0.460693 0.487818 0.460449 0.486229 0.460938 0.486229 0.460938 0.481992 0.461426 0.481992 0.461426 0.480932 0.460693 0.479343 0.461426 0.479343 0.461426 0.477225 0.461182 0.477754 0.460693 0.476165 0.458984 0.475106 0.458252 0.475636 0.456299 0.472987 0.456055 0.474047 0.454102 0.471928 0.453613 0.472458
1 0.671631 0.470339 0.670410 0.470339 0.669189 0.472987 0.670166 0.473517 0.670654 0.472458 0.671387 0.472458
1 0.144775 0.469809 0.144287 0.471928 0.144775 0.484110 0.145752 0.488877 0.147217 0.488877 0.147461 0.488347 0.146240 0.487818 0.145508 0.485699 0.145752 0.482521 0.145264 0.476165 0.145996 0.475636 0.145752 0.472987 0.145264 0.471928 0.145752 0.470339
1 0.013184 0.472458 0.015137 0.475636 0.017578 0.476695 0.016846 0.480403 0.016113 0.479873 0.016357 0.478814 0.013916 0.479873 0.015869 0.479343 0.016357 0.480403 0.013672 0.481462 0.016602 0.481462 0.018066 0.484110 0.018799 0.483581 0.019775 0.484640 0.020020 0.489407 0.021240 0.489407 0.021729 0.490466 0.021240 0.491525 0.019287 0.489936 0.018066 0.490466 0.018066 0.495233 0.017578 0.496292 0.018311 0.497352 0.019043 0.496822 0.020020 0.498411 0.019775 0.499470 0.018066 0.499470 0.021973 0.500530 0.021973 0.499470 0.021240 0.500000 0.020508 0.498411 0.020752 0.496822 0.021240 0.497352 0.022217 0.496292 0.022461 0.497881 0.023193 0.497881 0.022949 0.496292 0.023438 0.495233 0.031006 0.494703 0.031494 0.495763 0.031006 0.497881 0.031494 0.498411 0.031982 0.496822 0.033203 0.496822 0.031982 0.495763 0.032715 0.492055 0.031006 0.494174 0.030029 0.494174 0.029541 0.493114 0.028809 0.494174 0.027100 0.494174 0.025635 0.492585 0.025635 0.491525 0.024902 0.492585 0.025879 0.493114 0.025879 0.494174 0.023926 0.494174 0.023193 0.492055 0.023682 0.490466 0.022461 0.490996 0.020264 0.487818 0.020996 0.485699 0.020752 0.484110 0.021973 0.484640 0.021240 0.480932 0.022217 0.480932 0.021729 0.479873 0.022217 0.476695 0.020752 0.476695 0.020020 0.475636 0.018799 0.471398 0.016357 0.470869 0.015869 0.468220 0.017334 0.467691 0.016113 0.467161 0.015625 0.465042 0.015137 0.467161 0.015625 0.468750
1 0.709961 0.465042 0.710938 0.466631 0.710938 0.467691 0.713623 0.467691 0.713867 0.468750 0.714600 0.468750 0.714844 0.470869 0.718506 0.470869 0.718750 0.474047 0.720459 0.474047 0.720703 0.475106 0.722412 0.476165 0.722412 0.473517 0.720703 0.472458 0.719971 0.469280 0.717773 0.469280 0.717529 0.468220 0.714844 0.468220 0.714355 0.466102 0.712891 0.466102 0.712158 0.463983 0.711426 0.463983 0.711182 0.465042
1 0.178223 0.462924 0.177490 0.462924 0.176025 0.465042 0.175293 0.463983 0.173096 0.467691 0.171875 0.468750 0.170898 0.471928 0.170898 0.474576 0.172852 0.475106 0.173828 0.477754 0.173584 0.478814 0.174561 0.480403 0.176514 0.478814 0.178223 0.479343 0.178955 0.477754 0.179199 0.478284 0.179443 0.476695 0.181152 0.476695 0.182373 0.475106 0.181885 0.474576 0.181396 0.471398 0.179932 0.471398 0.179443 0.472458 0.177979 0.470869 0.178711 0.469280 0.177734 0.467691 0.177490 0.465572
1 0.055176 0.461864 0.055664 0.462394 0.055664 0.463453 0.055176 0.463983 0.054932 0.466102 0.057129 0.466102 0.057129 0.463983 0.056396 0.461864
1 0.018311 0.463983 0.019531 0.463453 0.020752 0.465572 0.020508 0.466631 0.019531 0.466631 0.019531 0.467691 0.020508 0.468750 0.019531 0.470869 0.019775 0.471398 0.021484 0.471928 0.021973 0.469809 0.023193 0.469809 0.023438 0.471928 0.023926 0.472458 0.026123 0.469809 0.024414 0.470869 0.022949 0.467161 0.023193 0.466102 0.023682 0.466102 0.022461 0.466631 0.021729 0.465042 0.021973 0.462394 0.022705 0.463453 0.023193 0.462394 0.023193 0.461335 0.021973 0.461864 0.020996 0.459746 0.021484 0.458686 0.022217 0.459216 0.021729 0.458157 0.020996 0.458157 0.020996 0.459216 0.020508 0.458686 0.020020 0.461864 0.019043 0.461864
1 0.026611 0.459746 0.028809 0.462394 0.028320 0.462394 0.028076 0.460805 0.029541 0.457097 0.030762 0.460805 0.030273 0.462924 0.029297 0.463453 0.029541 0.462924 0.031006 0.465042 0.030518 0.462924 0.031006 0.461864 0.030762 0.458686 0.029785 0.456568 0.028564 0.459216 0.027832 0.459216 0.027344 0.460805 0.027100 0.459746
1 0.436523 0.451271 0.435547 0.451801 0.434814 0.454449 0.434570 0.453919 0.432861 0.455508 0.432129 0.454449 0.432129 0.453390 0.432129 0.458686 0.431396 0.460275 0.430908 0.459746 0.431396 0.456568 0.431152 0.453390 0.429932 0.453390 0.429199 0.454449 0.428711 0.453390 0.428711 0.451801 0.428467 0.452860 0.427979 0.451801 0.427002 0.451801 0.427490 0.454979 0.426758 0.457097 0.426758 0.458686 0.427490 0.459746 0.427734 0.461335 0.428711 0.460805 0.428955 0.459746 0.429443 0.461335 0.428711 0.464513 0.429443 0.465572 0.430420 0.465572 0.429688 0.466631 0.430176 0.466631 0.430664 0.468220 0.429688 0.469809 0.430664 0.470869 0.431152 0.470339 0.431152 0.468750 0.431885 0.467691 0.433838 0.468750 0.434570 0.467161 0.435059 0.467161 0.435547 0.465042 0.435547 0.462394 0.436523 0.460805 0.436768 0.458686 0.435791 0.455508
1 0.811035 0.446504 0.812256 0.448093 0.814697 0.447564 0.814941 0.448623 0.816650 0.448623 0.816406 0.447564 0.817139 0.447564 0.816162 0.445975 0.815430 0.445975 0.815430 0.447564 0.813477 0.447034 0.813232 0.446504 0.813721 0.445445 0.814697 0.445445 0.813721 0.443326 0.813477 0.444386 0.812012 0.444386 0.812744 0.444915 0.811768 0.446504 0.811523 0.445445
1 0.396484 0.440678 0.396484 0.441737 0.397461 0.442797 0.397217 0.443326 0.400391 0.446504 0.399658 0.444386 0.399170 0.440678 0.398926 0.441208 0.397949 0.440148 0.398193 0.441208 0.397705 0.442267 0.397217 0.440678
1 0.814209 0.434322 0.812500 0.434322 0.812256 0.437500 0.811523 0.436970 0.811768 0.436441 0.811035 0.434322 0.810059 0.436970 0.810547 0.438030 0.812256 0.438030 0.812500 0.440148 0.813232 0.440148 0.812744 0.439089 0.812744 0.437500
1 0.830811 0.439089 0.825195 0.438030 0.825439 0.436970 0.826904 0.436441 0.827148 0.437500 0.827148 0.435911 0.826660 0.435381 0.827393 0.434322 0.827637 0.435911 0.827637 0.434322 0.828125 0.433792 0.827881 0.433263 0.829346 0.431144 0.829346 0.430085 0.828857 0.431674 0.828613 0.430614 0.827148 0.431144 0.826904 0.430085 0.827881 0.429555 0.826904 0.428496 0.825928 0.429025 0.826416 0.429025 0.826416 0.430085 0.822998 0.430085 0.821289 0.433263 0.821777 0.433792 0.821777 0.436970 0.821289 0.438030 0.821777 0.438030 0.821777 0.439619 0.821289 0.440148 0.822510 0.440148 0.822754 0.439619 0.821777 0.439619 0.821777 0.438030 0.822510 0.437500 0.824219 0.438559 0.823730 0.439619 0.824463 0.439089 0.824707 0.440678 0.827881 0.440148 0.828613 0.442267 0.829834 0.442267 0.829834 0.441208 0.829102 0.440678 0.830322 0.439619 0.830566 0.440148
1 0.400879 0.428496 0.398926 0.427966 0.398682 0.430085 0.397217 0.432733 0.397217 0.434322 0.398193 0.435381 0.397705 0.436441 0.398682 0.435911 0.398926 0.436441 0.398438 0.437500 0.398926 0.436441 0.399902 0.436441 0.398926 0.432733 0.399658 0.432733 0.401123 0.429555
1 0.891846 0.424788 0.890869 0.424258 0.890625 0.426377 0.889648 0.426907 0.889404 0.427966 0.888184 0.427966 0.887451 0.425847 0.887207 0.426377 0.887695 0.426907 0.887695 0.429025 0.888428 0.429555 0.888916 0.428496 0.889160 0.429555 0.890137 0.429555 0.889893 0.429025 0.890625 0.427436 0.891602 0.427436 0.890869 0.425847
1 0.433105 0.421610 0.432373 0.423729 0.430664 0.424258 0.430908 0.424788 0.430176 0.426377 0.430176 0.430614 0.429688 0.432733 0.430420 0.433792 0.430664 0.435381 0.431152 0.435381 0.433105 0.428496 0.434082 0.426907 0.435303 0.426377 0.434570 0.423729 0.433350 0.422669
1 0.861816 0.419492 0.861816 0.421081 0.862793 0.422669 0.864502 0.422140 0.866699 0.423729 0.869385 0.423729 0.869629 0.424788 0.870850 0.423729 0.868652 0.421081 0.866211 0.420551 0.865723 0.419492
1 0.887207 0.422140 0.887695 0.423199 0.889160 0.423199 0.889648 0.421081 0.893066 0.420021 0.892334 0.418432 0.890625 0.418432 0.890381 0.420551 0.889160 0.420551 0.888916 0.419492 0.889404 0.418432 0.888672 0.418432 0.888428 0.419492 0.887695 0.419492 0.887207 0.420551
1 0.785156 0.418432 0.785400 0.421081 0.787109 0.421610 0.787109 0.420551 0.788086 0.419492 0.790039 0.422669 0.791260 0.422669 0.791504 0.421610 0.791992 0.423199 0.792969 0.422669 0.792236 0.421610 0.792725 0.420551 0.791992 0.420551 0.791992 0.419492 0.791504 0.419492 0.790771 0.417373 0.789307 0.417373 0.788330 0.415784 0.787109 0.415784 0.786377 0.418962
1 0.041016 0.417903 0.039795 0.417903 0.039062 0.415784 0.038574 0.415784 0.037598 0.419492 0.033447 0.420021 0.032471 0.421610 0.028320 0.422669 0.027588 0.425847 0.026367 0.423729 0.025635 0.423729 0.024902 0.424788 0.021484 0.424788 0.020264 0.427436 0.018799 0.426377 0.019043 0.426907 0.018311 0.427436 0.017334 0.430085 0.017090 0.435911 0.018555 0.437500 0.019531 0.435911 0.021729 0.436441 0.022705 0.435911 0.022949 0.434852 0.023438 0.435911 0.023682 0.434852 0.024902 0.435381 0.026123 0.433263 0.026855 0.433263 0.027344 0.434322 0.027832 0.434322 0.028076 0.433263 0.028320 0.434322 0.030273 0.431674 0.033203 0.431144 0.035400 0.427966 0.036621 0.427966 0.039551 0.424258 0.040283 0.424258 0.040283 0.422140 0.038574 0.423199 0.037842 0.422140 0.037842 0.421081
1 0.468262 0.414195 0.465332 0.414725 0.464844 0.422669 0.466064 0.423199 0.467285 0.420551 0.467285 0.416314 0.468018 0.415784
1 0.791748 0.403602 0.791260 0.407309 0.791992 0.407839 0.791748 0.408898 0.792236 0.409428 0.792236 0.410487 0.793457 0.410487 0.794434 0.411547 0.794434 0.414725 0.793945 0.415254 0.793945 0.416314 0.794189 0.415784 0.794434 0.417903 0.794922 0.418432 0.794678 0.418962 0.795166 0.418962 0.794922 0.420551 0.796143 0.420551 0.796875 0.422140 0.796875 0.420021 0.798584 0.414725 0.799072 0.409428 0.795410 0.404661 0.792236 0.404661
1 0.905762 0.404131 0.906738 0.404661 0.906250 0.406250 0.908447 0.405720 0.908447 0.404131 0.906982 0.402542
1 0.405029 0.401483 0.404785 0.404131 0.405273 0.406780 0.407471 0.410487 0.407959 0.408898 0.407227 0.404131 0.407471 0.402542
1 0.669922 0.400424 0.670410 0.402013 0.671631 0.402013 0.671875 0.404131 0.672607 0.404131 0.672852 0.405191 0.674072 0.405191 0.675049 0.403072 0.675049 0.400424 0.672852 0.400424 0.672607 0.398835 0.671631 0.398305 0.671631 0.399364
1 0.755615 0.394068 0.754639 0.394068 0.754395 0.395657 0.753418 0.397246 0.753662 0.398305 0.755371 0.398305 0.754395 0.399894 0.754395 0.400953 0.755127 0.402542 0.756348 0.400953 0.756348 0.398305 0.755371 0.397775
1 0.421631 0.393008 0.421143 0.394597 0.420410 0.394597 0.419678 0.397775 0.421631 0.397246
1 0.338623 0.391419 0.337158 0.393008 0.335938 0.392479 0.335449 0.393538 0.335449 0.396186 0.334717 0.394068 0.334717 0.395127 0.333496 0.397246 0.333984 0.397246 0.333984 0.401483 0.335693 0.402013 0.337402 0.404131 0.338867 0.403602 0.337646 0.400953 0.338379 0.399894 0.338867 0.400424 0.338867 0.398835 0.340088 0.396716 0.339111 0.395127 0.338867 0.396186 0.337891 0.393538 0.338623 0.393008
1 0.833008 0.392479 0.833496 0.393538 0.835205 0.393538 0.835693 0.392479 0.835938 0.394597 0.838623 0.394597 0.839355 0.396186 0.839355 0.397775 0.839844 0.395657 0.841553 0.395657 0.841797 0.397775 0.844971 0.397775 0.845459 0.396716 0.843750 0.394068 0.844238 0.393538 0.843750 0.393538 0.843506 0.396186 0.842285 0.396186 0.842041 0.394068 0.840332 0.391949 0.839844 0.391949 0.839600 0.393008 0.836182 0.393538 0.835449 0.391949 0.835205 0.392479 0.834473 0.390890 0.833984 0.390890
1 0.019287 0.390360 0.019287 0.391949 0.018555 0.393008 0.018555 0.394597 0.020020 0.398305 0.020264 0.397775 0.022217 0.399364 0.022705 0.398835 0.023193 0.400424 0.022217 0.401483 0.021973 0.400953 0.021973 0.402013 0.025635 0.402013 0.024902 0.400424 0.023193 0.400424 0.023193 0.398305 0.022705 0.398305 0.021973 0.396716 0.021973 0.395657 0.023193 0.393538 0.023193 0.391949 0.022217 0.390360 0.022705 0.389301 0.022461 0.388771 0.020508 0.388771 0.020264 0.389831 0.020020 0.389301
1 0.908936 0.387182 0.908691 0.388242 0.906982 0.387712 0.903809 0.389831 0.904541 0.390890 0.905518 0.389301 0.906006 0.390360 0.906250 0.389301 0.908691 0.389301
1 0.733887 0.388771 0.734863 0.389301 0.735596 0.391949 0.735596 0.390890 0.737061 0.391949 0.737061 0.390360 0.738281 0.389301 0.737061 0.388771 0.736816 0.386653 0.736328 0.387712 0.735352 0.386653 0.734131 0.386653 0.734619 0.387182 0.734619 0.388242
1 0.877441 0.389831 0.877930 0.390360 0.878906 0.388242 0.879883 0.389831 0.881836 0.388771 0.882568 0.389831 0.883057 0.388771 0.882080 0.389301 0.881592 0.387182 0.881104 0.387712 0.880859 0.386653 0.878662 0.386123 0.880127 0.387182 0.878418 0.387712
1 0.017578 0.386653 0.015381 0.386653 0.015625 0.387182 0.014648 0.388242 0.014648 0.390890 0.015625 0.391419 0.016113 0.389831 0.016357 0.390890 0.016602 0.389831 0.016846 0.390360
1 0.402344 0.386653 0.401855 0.387712 0.401855 0.389301 0.403076 0.389831 0.402832 0.389301 0.403320 0.388771 0.404541 0.393538 0.403809 0.395657 0.404053 0.398305 0.404541 0.399364 0.405518 0.398835 0.405762 0.399894 0.406738 0.399364 0.407715 0.400953 0.408691 0.400424 0.409180 0.397775 0.409180 0.389831 0.408203 0.389301 0.406982 0.389831 0.406494 0.390890 0.404785 0.390360 0.404785 0.389301 0.406738 0.387712 0.406738 0.385593 0.405762 0.387712 0.405029 0.387182 0.403809 0.388242
1 0.942627 0.389301 0.942139 0.387712 0.941162 0.387182 0.941650 0.386123 0.941406 0.385064 0.940186 0.386123 0.940918 0.386653 0.940430 0.388242 0.939453 0.387182 0.938965 0.387712 0.938965 0.388771 0.940186 0.388771 0.940674 0.390360 0.940918 0.389301 0.941406 0.389301 0.941650 0.390360
1 0.897217 0.388242 0.895508 0.386653 0.895264 0.387182 0.894775 0.385593 0.895508 0.384534 0.894531 0.384534 0.893066 0.385593 0.894043 0.387712 0.892822 0.390360 0.892090 0.390360 0.893311 0.390890 0.894287 0.390360 0.895264 0.388242 0.895508 0.389301
1 0.668457 0.384534 0.667969 0.384004 0.666992 0.385064 0.667236 0.386123 0.666016 0.388771 0.666504 0.390360 0.667725 0.389831
1 0.732178 0.382415 0.731689 0.385064 0.730957 0.383475 0.731934 0.386123 0.731201 0.386653 0.728516 0.393008 0.728516 0.395657 0.727783 0.397246 0.727539 0.396716 0.727539 0.397775 0.727051 0.396716 0.726807 0.397775 0.726318 0.397246 0.727051 0.398305 0.726807 0.399894 0.725830 0.401483 0.726074 0.403072 0.726074 0.402013 0.726807 0.400424 0.727295 0.400424 0.728516 0.403072 0.728271 0.404131 0.727783 0.404131 0.728027 0.406250 0.728760 0.402013 0.728027 0.400424 0.728027 0.398305 0.729980 0.394068 0.730713 0.395657 0.731201 0.395657 0.731201 0.394068 0.730469 0.395127 0.729980 0.393538 0.731201 0.393008 0.730957 0.391419 0.731689 0.390890 0.732178 0.387712 0.733154 0.388771 0.732666 0.385593 0.731689 0.385064
1 0.981934 0.381356 0.981934 0.382945 0.982666 0.381886 0.982910 0.382945 0.983887 0.383475 0.983887 0.385064 0.983398 0.385593 0.983887 0.386653 0.983887 0.388242 0.983398 0.389301 0.984131 0.389301 0.984375 0.386123 0.984863 0.387182 0.985596 0.387182 0.985596 0.381356
1 0.373535 0.380826 0.373291 0.381886 0.373779 0.381886 0.374512 0.383475 0.374512 0.385064 0.375244 0.386653 0.375977 0.385064 0.375977 0.381886 0.375000 0.380826
1 0.914551 0.379767 0.915039 0.381356 0.914551 0.384004 0.915283 0.384004 0.915771 0.385593 0.915039 0.386653 0.914795 0.388242 0.912598 0.389301 0.913818 0.388771 0.914062 0.391419 0.915039 0.390890 0.916016 0.392479 0.916748 0.392479 0.916992 0.393538 0.918213 0.393008 0.919678 0.394597 0.919189 0.393538 0.919189 0.391949 0.919678 0.391419 0.919678 0.388771 0.919189 0.389301 0.918213 0.387712 0.918701 0.389831 0.918213 0.391419 0.917725 0.391419 0.917236 0.389301 0.916748 0.389301 0.916748 0.390890 0.916260 0.390890 0.916016 0.389831 0.915039 0.390890 0.914062 0.389301 0.916748 0.384004 0.917969 0.384004 0.916992 0.382415 0.917236 0.381886 0.915771 0.381886 0.915283 0.379767
1 0.899414 0.378178 0.901123 0.381356 0.902100 0.381356 0.902588 0.379767 0.901855 0.379767 0.901367 0.378708 0.902100 0.376059 0.901367 0.376059 0.901123 0.377119 0.899902 0.377119
1 0.385742 0.374470 0.385010 0.373941 0.383301 0.376059 0.382568 0.375530 0.382080 0.373941 0.381348 0.376059 0.378906 0.378708 0.377930 0.377648 0.377686 0.374470 0.377197 0.374470 0.376709 0.376059 0.377197 0.376589 0.376953 0.377119 0.377686 0.377119 0.378174 0.378708 0.377930 0.379767 0.378418 0.379767 0.378662 0.380826 0.380127 0.380297 0.380127 0.378708 0.379395 0.379767 0.378906 0.379237 0.380127 0.377119 0.380859 0.378708 0.383301 0.378708 0.384277 0.377648 0.384766 0.375000 0.385254 0.375530
1 0.675293 0.375000 0.673096 0.372881 0.672363 0.375530 0.670898 0.377648 0.670898 0.379237 0.673828 0.376589 0.675293 0.376059
1 0.224365 0.372881 0.221680 0.374470 0.222168 0.375530 0.222168 0.377119 0.222656 0.377648 0.223389 0.375000 0.224609 0.373411
1 0.942871 0.376589 0.940918 0.377119 0.940430 0.378178 0.940186 0.376589 0.939453 0.376059 0.939941 0.374470 0.939697 0.373941 0.938965 0.373941 0.938965 0.372881 0.937012 0.372881 0.936768 0.370763 0.935791 0.370233 0.935791 0.369174 0.934814 0.369703 0.934082 0.368114 0.934082 0.369174 0.934814 0.370233 0.934082 0.372881 0.932861 0.372881 0.933594 0.373941 0.934326 0.378178 0.933594 0.379767 0.932373 0.379237 0.932373 0.380297 0.931641 0.381356 0.932129 0.381886 0.932129 0.383475 0.931152 0.383475 0.931152 0.382415 0.930664 0.383475 0.928955 0.383475 0.927490 0.381886 0.923828 0.381356 0.923340 0.380297 0.924316 0.378708 0.923584 0.377648 0.922119 0.380297 0.921143 0.379767 0.921387 0.380297 0.920410 0.381356 0.921631 0.381356 0.922119 0.380297 0.922363 0.380826 0.922363 0.379767 0.923096 0.379767 0.923584 0.381356 0.923340 0.382945 0.924316 0.381886 0.927002 0.382945 0.927734 0.384534 0.927734 0.385593 0.929199 0.385064 0.929688 0.386123 0.929199 0.389301 0.929688 0.390360 0.930420 0.390360 0.930176 0.389831 0.930908 0.388771 0.931152 0.390360 0.931885 0.390890 0.932129 0.389301 0.933105 0.388771 0.933105 0.387182 0.933838 0.385593 0.933838 0.383475 0.934326 0.382945 0.934326 0.381356 0.934814 0.380826 0.934814 0.379237 0.935547 0.377648 0.936035 0.378178 0.936035 0.380826 0.936523 0.381886 0.938232 0.382945 0.938232 0.380826 0.939697 0.380826 0.939941 0.377648 0.940674 0.379767 0.941406 0.377648
1 0.912354 0.372352 0.911621 0.371292 0.908936 0.371822 0.908691 0.370763 0.910156 0.367585 0.908691 0.370763 0.907227 0.371822 0.906738 0.373941 0.905273 0.373411 0.904785 0.373941 0.904785 0.375530 0.903809 0.376589 0.904785 0.375530 0.906494 0.377648 0.906494 0.378708 0.905762 0.379237 0.907227 0.378708 0.907227 0.379767 0.907959 0.378708 0.908203 0.379767 0.908936 0.377119 0.908936 0.375000 0.907715 0.375530 0.907471 0.374470 0.907959 0.373411 0.910645 0.373941
1 0.995117 0.371822 0.996094 0.372352 0.996338 0.371292 0.997314 0.372352 0.998047 0.374470 0.998779 0.374470 0.998291 0.373941 0.998779 0.372881 0.998047 0.372352 0.998779 0.370763 0.997559 0.369174 0.997559 0.367055 0.997070 0.367055 0.997070 0.368114 0.996582 0.368644 0.997070 0.369703 0.996826 0.370233 0.996094 0.370233 0.995605 0.371822
1 0.543945 0.364936 0.543945 0.367055 0.545410 0.370763 0.545410 0.372352 0.546387 0.373941 0.546387 0.376059 0.546875 0.376589 0.546387 0.373411 0.545654 0.371822 0.545898 0.370763 0.547119 0.371822 0.546875 0.372352 0.547119 0.370233 0.546631 0.364936
1 0.618896 0.364407 0.617920 0.363877 0.616699 0.368644 0.615234 0.368644 0.614502 0.370233 0.615967 0.369174 0.616943 0.371292 0.617676 0.369174 0.617920 0.366525
1 0.858887 0.364407 0.858643 0.365466 0.857910 0.364936 0.858398 0.364407 0.857910 0.363347 0.857666 0.364407 0.856689 0.364936 0.855713 0.367585 0.856445 0.369174 0.855469 0.370233 0.855469 0.372352 0.856689 0.372352 0.856934 0.373411 0.857178 0.372352 0.857910 0.372352 0.858398 0.371292 0.858887 0.371822 0.858643 0.371292 0.859131 0.370763 0.859375 0.367055
1 0.757812 0.358581 0.757812 0.362818 0.759033 0.362818 0.759277 0.361758 0.760010 0.361758 0.759766 0.360169
1 0.607910 0.359640 0.607178 0.359640 0.606934 0.358581 0.606689 0.359110 0.605957 0.358051 0.605957 0.359110 0.604980 0.360169 0.605469 0.359640 0.605957 0.360699 0.605957 0.364407 0.606934 0.363877 0.606689 0.360699 0.607178 0.359640
1 0.598633 0.358581 0.599365 0.363877 0.600098 0.363877 0.600342 0.362288 0.600830 0.362818 0.600098 0.361758 0.600586 0.359640 0.601318 0.359110 0.603271 0.361758 0.603760 0.359640 0.604492 0.359640 0.604248 0.358581 0.603760 0.358581 0.603760 0.359640 0.603027 0.358581 0.599609 0.359110 0.599121 0.356992
1 0.580078 0.355932 0.579346 0.356992 0.576904 0.356992 0.576660 0.358581 0.575684 0.357521 0.575439 0.358051 0.575684 0.359110 0.576172 0.359110 0.576172 0.360699 0.576660 0.361229 0.577148 0.363877 0.577881 0.363877 0.578613 0.362288 0.578857 0.359640 0.580078 0.356992
1 0.890869 0.353284 0.889160 0.352754 0.888184 0.354343 0.888184 0.355403 0.887451 0.356992 0.886719 0.356992 0.886230 0.358581 0.885254 0.358581 0.885254 0.359640 0.887207 0.360699 0.888916 0.356462 0.889893 0.356462 0.890869 0.354343
1 0.698242 0.350106 0.697754 0.351165 0.697754 0.353284 0.697266 0.353814 0.698975 0.354873 0.698975 0.353814 0.699951 0.352225 0.699463 0.352225 0.698975 0.350106
1 0.578125 0.347987 0.577393 0.351695 0.576660 0.353284 0.576660 0.354873 0.577148 0.355932 0.577881 0.354873 0.577393 0.352754 0.578125 0.351165 0.578857 0.351695 0.579102 0.350636
1 0.797852 0.347987 0.798096 0.351165 0.797363 0.351695 0.798096 0.352225 0.797363 0.353814 0.797607 0.354873 0.796875 0.355403 0.802002 0.355403 0.802002 0.354343 0.801270 0.352754 0.799805 0.352754 0.799561 0.351695 0.798828 0.352754 0.798096 0.351165 0.798096 0.347458
1 0.937744 0.346928 0.936523 0.347987 0.936279 0.349576 0.934570 0.350636 0.935059 0.350636 0.935791 0.352225 0.934570 0.356462 0.935547 0.355932 0.936523 0.357521 0.936523 0.358581 0.935791 0.359640 0.935791 0.360699 0.936279 0.361229 0.938232 0.360169 0.937744 0.359110 0.938477 0.358581 0.938232 0.348517 0.937744 0.347987
1 0.823730 0.347458 0.820312 0.347458 0.819824 0.349576 0.818848 0.349047 0.818359 0.350106 0.818115 0.352225 0.818848 0.355403 0.817871 0.355932 0.818359 0.357521 0.818848 0.356992 0.819336 0.358051 0.818848 0.359110 0.819824 0.359110 0.819580 0.360699 0.820557 0.363877 0.822266 0.362288 0.824707 0.357521 0.824463 0.355932 0.824951 0.354873 0.824951 0.350106
1 0.997070 0.346398 0.996094 0.347458 0.996094 0.349047 0.995361 0.351165 0.994629 0.350636 0.993164 0.352754 0.993164 0.355403 0.993652 0.354343 0.994141 0.355403 0.996582 0.350106 0.997314 0.349576 0.997559 0.348517
1 0.652100 0.345869 0.650146 0.345869 0.648926 0.346928 0.646484 0.346398 0.645752 0.347458 0.644775 0.347458 0.644531 0.350636 0.644043 0.351695 0.645508 0.352225 0.646240 0.353814 0.647217 0.353284 0.647705 0.350636 0.650635 0.352225 0.651123 0.350636 0.650879 0.349047 0.651611 0.347987
1 0.905518 0.345869 0.909668 0.345869 0.909668 0.347458 0.911133 0.345869 0.911377 0.346928 0.910889 0.348517 0.912109 0.345869 0.912598 0.346398 0.912109 0.344809 0.911133 0.345339 0.910645 0.343750 0.909668 0.344809 0.909424 0.343750 0.908691 0.344280 0.908203 0.343220 0.906982 0.345339 0.906006 0.344809
1 0.999756 0.385593 0.986328 0.402542 0.982910 0.363347 0.964844 0.389831 0.984131 0.347987 0.972412 0.342161 0.954590 0.371292 0.962158 0.393008 0.945557 0.378178 0.945557 0.403602 0.920166 0.396716 0.885010 0.438559 0.836426 0.435381 0.826416 0.458686 0.781250 0.458686 0.702148 0.393008 0.695068 0.417373 0.665527 0.410487 0.661133 0.431674 0.676025 0.436970 0.653809 0.450742 0.713135 0.490996 0.696045 0.453919 0.709229 0.448623 0.730469 0.474576 0.714844 0.486229 0.723145 0.491525 0.717773 0.531780 0.749023 0.541843 0.753662 0.566208 0.769287 0.531250 0.780518 0.563559 0.759766 0.561441 0.788818 0.602754 0.780273 0.551377 0.808350 0.590042 0.796387 0.554555 0.841553 0.573093 0.837402 0.549258 0.864502 0.530720 0.973877 0.560911 0.968750 0.546081 0.994385 0.524364 0.964600 0.500000 0.995850 0.495233 0.985596 0.486229 0.999756 0.471398 0.971924 0.440678 0.989014 0.443326 0.980225 0.410487 0.999756 0.443326 0.999756 0.413136 0.986572 0.411547 0.999756 0.410487
1 0.511719 0.340572 0.510010 0.343750 0.509766 0.345869 0.510254 0.345869 0.511963 0.342691
1 0.993652 0.339513 0.994141 0.340042 0.994141 0.342691 0.994629 0.342691 0.995117 0.340572 0.996094 0.340572 0.996094 0.342691 0.997070 0.340572 0.997803 0.341631 0.997803 0.338983 0.997070 0.340042 0.995850 0.338983
1 0.763184 0.372881 0.762939 0.368644 0.760254 0.369703 0.759521 0.364407 0.756592 0.363877 0.756104 0.356992 0.749023 0.358051 0.748291 0.353814 0.746094 0.355932 0.740967 0.343750 0.742188 0.340572 0.740479 0.338983 0.739258 0.343750 0.736816 0.344809 0.736328 0.349047 0.739258 0.344809 0.737549 0.349047 0.741943 0.351165 0.740234 0.355403 0.737793 0.351695 0.738281 0.354873 0.735596 0.358051 0.733398 0.355932 0.729248 0.358581 0.726807 0.353284 0.718750 0.359110 0.716064 0.356462 0.719238 0.354343 0.717285 0.351695 0.711914 0.358051 0.714600 0.357521 0.714600 0.360169 0.710938 0.360169 0.710693 0.363347 0.708740 0.355932 0.706543 0.358581 0.707031 0.354873 0.705566 0.354873 0.706787 0.362288 0.704102 0.360169 0.704346 0.358051 0.702148 0.360169 0.701416 0.358051 0.702881 0.354873 0.697754 0.356462 0.697510 0.360169 0.695312 0.362288 0.695068 0.359110 0.692627 0.363347 0.698730 0.369174 0.700439 0.365466 0.704346 0.369174 0.706787 0.363877 0.710693 0.372881 0.711426 0.370233 0.719971 0.372881 0.720459 0.370233 0.720459 0.373411 0.722656 0.373941 0.725830 0.370233 0.725586 0.373411 0.729492 0.375530 0.728027 0.380297 0.731689 0.373411 0.733398 0.379237 0.734619 0.375530 0.736084 0.376589 0.734863 0.380297 0.736572 0.378708 0.736816 0.381356 0.739014 0.378178 0.740967 0.380297 0.741211 0.377119 0.745605 0.377648 0.749023 0.371292 0.757568 0.370233 0.760254 0.372881 0.756592 0.374470 0.757568 0.375000 0.756592 0.378178 0.757812 0.375530 0.759766 0.378178 0.757812 0.382415 0.758545 0.384534 0.759277 0.381356 0.762207 0.384004 0.762207 0.379767 0.758545 0.375000 0.761230 0.373941 0.762451 0.377648 0.761475 0.372881
1 0.895020 0.345869 0.896973 0.347458 0.897705 0.346398 0.898193 0.347987 0.897949 0.350106 0.898438 0.348517 0.900391 0.348517 0.900879 0.349576 0.901611 0.348517 0.901855 0.350106 0.900879 0.352225 0.901123 0.351695 0.901367 0.353284 0.903076 0.353814 0.902100 0.355932 0.901611 0.354873 0.900879 0.354873 0.902100 0.356992 0.901855 0.358051 0.902344 0.359110 0.901611 0.359640 0.902588 0.359640 0.903076 0.358581 0.905029 0.358581 0.905029 0.353814 0.903320 0.354343 0.903076 0.353814 0.904541 0.351695 0.903564 0.351695 0.903320 0.350636 0.904053 0.349047 0.904785 0.350106 0.905273 0.349047 0.906006 0.349047 0.902832 0.347987 0.901367 0.348517 0.901123 0.346928 0.899902 0.346928 0.900635 0.343220 0.901367 0.342691 0.900879 0.342161 0.900879 0.341102 0.902100 0.338983 0.901123 0.340042 0.900635 0.338983 0.900879 0.338453 0.900391 0.338453 0.900146 0.340042 0.898926 0.340572 0.898926 0.341631 0.899414 0.341102 0.900635 0.342161 0.900146 0.343750 0.899414 0.343220 0.898438 0.344809 0.898193 0.343750 0.896729 0.342691 0.896240 0.343750 0.897949 0.344280 0.897949 0.345339
1 0.721191 0.337924 0.720703 0.338453 0.718750 0.336864 0.718506 0.337924 0.717285 0.337924 0.717285 0.338983 0.716797 0.338983 0.717285 0.340042 0.717285 0.341631 0.716553 0.341631 0.718018 0.344809 0.717773 0.345869 0.718506 0.345339 0.719482 0.341102 0.719482 0.338983 0.720459 0.338983
1 0.586914 0.335275 0.586426 0.337924 0.587158 0.340042 0.586914 0.342161 0.587402 0.342691 0.587891 0.342161 0.588135 0.337394
1 0.055908 0.334746 0.055420 0.336864 0.055176 0.335805 0.054199 0.337394 0.053467 0.341102 0.054443 0.341102 0.055664 0.344280 0.055908 0.348517 0.056885 0.349576 0.056641 0.349047 0.057129 0.348517 0.057129 0.346398 0.057617 0.346398 0.057861 0.345339 0.058105 0.346398 0.058594 0.345339 0.058594 0.343220 0.057373 0.337924 0.057129 0.334746
1 0.760254 0.343220 0.759766 0.344280 0.760498 0.346398 0.760254 0.346928 0.758301 0.346928 0.758301 0.347987 0.757324 0.347458 0.756836 0.350106 0.755859 0.350636 0.755127 0.349047 0.755127 0.347458 0.756348 0.346398 0.756592 0.346928 0.755615 0.344809 0.755615 0.343220 0.754639 0.340572 0.754883 0.337924 0.754395 0.336864 0.754395 0.334216 0.753906 0.335275 0.754395 0.338453 0.753662 0.340572 0.752441 0.341102 0.752441 0.342691 0.751465 0.344280 0.751465 0.345869 0.751953 0.344809 0.754639 0.344809 0.755371 0.346928 0.752441 0.347458 0.752441 0.349047 0.751465 0.349047 0.751221 0.350106 0.750000 0.349576 0.750000 0.348517 0.748535 0.350106 0.750000 0.351165 0.750000 0.355932 0.750977 0.355932 0.751221 0.354873 0.751465 0.355932 0.751221 0.353814 0.751953 0.353284 0.751953 0.352225 0.753662 0.352754 0.753418 0.353814 0.752441 0.353814 0.752930 0.355932 0.753174 0.354873 0.753418 0.355932 0.754883 0.355932 0.754883 0.354343 0.755371 0.354873 0.755371 0.355932 0.755615 0.352754 0.757080 0.352225 0.756592 0.351695 0.757568 0.351165 0.758057 0.347987 0.758301 0.350106 0.759033 0.350106 0.759277 0.351165 0.759521 0.350636 0.759033 0.349576 0.760010 0.349047 0.759033 0.347987 0.759766 0.346398 0.760498 0.346928 0.760498 0.345339 0.760010 0.344809
1 0.756104 0.335805 0.756592 0.334746 0.758301 0.334746 0.758789 0.337924 0.757812 0.338983 0.758789 0.338983 0.759277 0.341102 0.760254 0.342161 0.760010 0.341102 0.760498 0.340042 0.760742 0.337394 0.761475 0.336864 0.760742 0.336864 0.760742 0.335805 0.760010 0.335275 0.760010 0.333686 0.759766 0.334746 0.758545 0.334746 0.757568 0.333686
1 0.579590 0.333157 0.579102 0.334216 0.579590 0.336864 0.579834 0.336335 0.580811 0.338983 0.581543 0.339513 0.582031 0.338453 0.582031 0.334746 0.581543 0.336335
1 0.884277 0.334746 0.883545 0.333157 0.883057 0.333686 0.882812 0.332627 0.882324 0.333686 0.882812 0.335805 0.882568 0.336335 0.882324 0.335275 0.880859 0.335275 0.880859 0.337394 0.881104 0.336864 0.881592 0.337924 0.881104 0.338453 0.884033 0.337924 0.883301 0.335805
1 0.520508 0.330508 0.519775 0.332627 0.519043 0.332627 0.519531 0.332627 0.520508 0.335275 0.519775 0.337394 0.520264 0.339513 0.520020 0.341631 0.520508 0.341631 0.522217 0.338453 0.522705 0.340042 0.522461 0.342691 0.523193 0.343220 0.522949 0.346398 0.524170 0.346398 0.524414 0.345339 0.524170 0.345869 0.523438 0.344280 0.523438 0.343220 0.524170 0.342691 0.524170 0.341631 0.523193 0.338983 0.522461 0.338453 0.522461 0.336335 0.522949 0.335805 0.522461 0.335275 0.522949 0.334746
1 0.708008 0.333157 0.708984 0.334216 0.708496 0.336335 0.709229 0.335275 0.710205 0.335275 0.709473 0.334216 0.710693 0.332097 0.712402 0.333686 0.710449 0.330508 0.709229 0.329979 0.709961 0.331038 0.709229 0.332627
1 0.750244 0.329449 0.750244 0.340042 0.749512 0.341102 0.750488 0.343750 0.751221 0.343220 0.750977 0.343750 0.750244 0.342691 0.750732 0.341631 0.750732 0.340042 0.751221 0.339513 0.751221 0.336864 0.750732 0.336864 0.750732 0.335805 0.750244 0.335275 0.750244 0.331568 0.750732 0.331568
1 0.745361 0.329449 0.745117 0.329979 0.745605 0.331038 0.745117 0.332097 0.745605 0.332627 0.745605 0.335275 0.745850 0.332627 0.746338 0.332097 0.748535 0.336335 0.748535 0.337924 0.749268 0.338453 0.749512 0.337394 0.749268 0.338453 0.749023 0.337924 0.749023 0.335275 0.747559 0.331038
1 0.474609 0.328390 0.473633 0.328390 0.473389 0.329979 0.472900 0.329449 0.472412 0.330508 0.472656 0.331038 0.470703 0.336335 0.470703 0.339513 0.471436 0.340042 0.472412 0.335805 0.473145 0.335275 0.473145 0.337394 0.473633 0.337394 0.474365 0.329449 0.474609 0.328919 0.474854 0.329979
1 0.956787 0.327331 0.955566 0.326801 0.954346 0.327860 0.953857 0.326801 0.953857 0.325742 0.954590 0.325212 0.954346 0.324682 0.953613 0.324682 0.953125 0.325742 0.953857 0.326271 0.952881 0.328390 0.952148 0.326801 0.951172 0.326801 0.951904 0.327860 0.951904 0.329449 0.953369 0.329449 0.954102 0.330508 0.954102 0.337924 0.953125 0.338983 0.952393 0.341102 0.950684 0.341102 0.949951 0.339513 0.950439 0.338453 0.952393 0.338453 0.953125 0.335805 0.952637 0.335805 0.950684 0.337924 0.947266 0.337924 0.947021 0.338983 0.945557 0.338983 0.945068 0.341102 0.944336 0.340042 0.944824 0.341102 0.944336 0.341631 0.945312 0.340572 0.946289 0.341102 0.947510 0.339513 0.947998 0.340572 0.948975 0.340572 0.949463 0.342691 0.949951 0.342691 0.950195 0.341631 0.951416 0.341631 0.953125 0.345339 0.952881 0.341102 0.953857 0.340572 0.954590 0.342691 0.954834 0.340042 0.955322 0.339513 0.955322 0.335805 0.955811 0.335275 0.955566 0.334216 0.956055 0.333157 0.957031 0.333157
1 0.585693 0.324682 0.584473 0.326801 0.583496 0.330508 0.583740 0.329979 0.584473 0.331568 0.583984 0.333686 0.584229 0.333157 0.584717 0.334216 0.584473 0.336335 0.585938 0.337394 0.585693 0.334746 0.586670 0.333157 0.587158 0.328919 0.586914 0.327331 0.588135 0.326271 0.587891 0.325742 0.587402 0.326801 0.587158 0.325742
1 0.917236 0.324682 0.915771 0.326271 0.914795 0.324153 0.914795 0.328390 0.914062 0.329979 0.912842 0.326801 0.913086 0.326271 0.912354 0.328390 0.912842 0.329449 0.911621 0.332627 0.911133 0.330508 0.909668 0.330508 0.909912 0.331568 0.908447 0.334216 0.907715 0.333686 0.907715 0.335275 0.906250 0.337924 0.905029 0.338453 0.904297 0.337394 0.904541 0.335805 0.903320 0.335805 0.903076 0.334746 0.900879 0.333157 0.900635 0.333686 0.900146 0.332627 0.898682 0.332627 0.898682 0.334746 0.897949 0.337394 0.896729 0.336864 0.897217 0.335275 0.895508 0.335275 0.894775 0.336864 0.896729 0.337394 0.896973 0.339513 0.897705 0.340042 0.897949 0.337924 0.898682 0.336335 0.899414 0.336864 0.898926 0.338983 0.899170 0.339513 0.899658 0.338453 0.899414 0.336864 0.900879 0.334216 0.902100 0.334216 0.902588 0.336864 0.904053 0.337394 0.903320 0.338983 0.903809 0.338983 0.904053 0.340042 0.903076 0.342161 0.902100 0.342161 0.902832 0.342161 0.903564 0.343750 0.904541 0.343750 0.904785 0.344809 0.904297 0.345869 0.905273 0.344809 0.906250 0.340572 0.907471 0.341102 0.908447 0.337394 0.907715 0.337924 0.907227 0.336864 0.908447 0.334746 0.909180 0.334746 0.909180 0.333686 0.909912 0.332097 0.910645 0.332627 0.910400 0.334746 0.911377 0.332627 0.911865 0.333157 0.912354 0.332097 0.914062 0.332097 0.914795 0.330508 0.914551 0.329449 0.915283 0.328919 0.916748 0.325212 0.917236 0.325742
1 0.405518 0.324153 0.405029 0.324682 0.404053 0.323093 0.403076 0.324682 0.403809 0.325212 0.402832 0.325742 0.404297 0.328390 0.403809 0.329449 0.404297 0.329449 0.405029 0.327860 0.405273 0.328390 0.405029 0.327860 0.405518 0.326271
1 0.597656 0.322034 0.597168 0.323623 0.597412 0.324153 0.596436 0.326801 0.596436 0.329449 0.598633 0.332097 0.599854 0.329449 0.600342 0.324153 0.598877 0.323623 0.598145 0.322034
1 0.917969 0.320975 0.918457 0.324153 0.919678 0.324153 0.918457 0.327860 0.919678 0.329979 0.917969 0.333157 0.917480 0.331568 0.913086 0.334746 0.913574 0.339513 0.912842 0.341631 0.914062 0.337394 0.918457 0.338983 0.920410 0.333157 0.918945 0.332097 0.919678 0.330508 0.922363 0.335275 0.921631 0.336335 0.922852 0.336864 0.922607 0.341102 0.923828 0.338983 0.925537 0.344280 0.924072 0.346398 0.925537 0.345869 0.926758 0.349047 0.924805 0.348517 0.924316 0.351695 0.921631 0.350106 0.920898 0.352754 0.918945 0.351695 0.919922 0.349576 0.919189 0.346928 0.918457 0.347987 0.919189 0.350106 0.916992 0.353814 0.913086 0.351695 0.912842 0.356992 0.909180 0.351695 0.909180 0.357521 0.910889 0.357521 0.911133 0.360699 0.913330 0.359640 0.911865 0.359110 0.912109 0.356992 0.915283 0.354873 0.914062 0.357521 0.915283 0.358051 0.917969 0.352754 0.919189 0.355403 0.917969 0.359640 0.913818 0.359640 0.914795 0.362818 0.915527 0.360699 0.917725 0.362288 0.918701 0.360169 0.919189 0.362288 0.920654 0.358051 0.923828 0.357521 0.925049 0.360699 0.926025 0.359640 0.926758 0.361229 0.926514 0.358581 0.925049 0.360699 0.925049 0.357521 0.919189 0.354343 0.922363 0.351695 0.923096 0.353814 0.924805 0.351695 0.924805 0.354343 0.926025 0.352754 0.925537 0.350636 0.926758 0.350636 0.927979 0.352754 0.926514 0.354873 0.927734 0.353284 0.929932 0.358581 0.928955 0.362288 0.927246 0.363347 0.929932 0.360169 0.930664 0.362818 0.930420 0.361229 0.931396 0.360699 0.932861 0.363877 0.933350 0.360699 0.931641 0.358051 0.932861 0.350636 0.931396 0.345339 0.928223 0.346398 0.927246 0.345339 0.927734 0.342161 0.924805 0.342161 0.923096 0.337924 0.923584 0.334216
1 0.679688 0.337924 0.679443 0.336864 0.678467 0.336335 0.678711 0.334746 0.677490 0.328919 0.677002 0.328390 0.676514 0.330508 0.674805 0.330508 0.674561 0.329449 0.673828 0.329449 0.673096 0.331038 0.672363 0.329449 0.671875 0.326271 0.672852 0.321504 0.672607 0.319386 0.672119 0.319386 0.671631 0.321504 0.670654 0.322034 0.669678 0.324153 0.668701 0.323623 0.668701 0.321504 0.667725 0.320445 0.666504 0.325742 0.667480 0.327860 0.668701 0.327860 0.668945 0.326801 0.669434 0.326801 0.669434 0.328919 0.667725 0.330508 0.666504 0.330508 0.665771 0.333686 0.664307 0.333686 0.664062 0.336335 0.663086 0.337394 0.662598 0.340042 0.660889 0.338983 0.661621 0.342161 0.662842 0.342691 0.664795 0.341631 0.665771 0.343750 0.665283 0.344280 0.665527 0.347458 0.664551 0.348517 0.664307 0.347987 0.664062 0.350106 0.663086 0.351165 0.662109 0.350636 0.662109 0.347987 0.662598 0.346928 0.661621 0.347987 0.661133 0.347458 0.661133 0.350106 0.660156 0.352754 0.662598 0.354873 0.663574 0.353284 0.664795 0.355403 0.667480 0.356992 0.668701 0.356992 0.669189 0.355932 0.669434 0.358581 0.670410 0.357521 0.669922 0.355403 0.670898 0.353814 0.671387 0.354343 0.673340 0.347987 0.675537 0.347987 0.675781 0.346398 0.676758 0.344809 0.676758 0.340042 0.677490 0.337924 0.677734 0.338983 0.677979 0.337924 0.678223 0.338983 0.678467 0.337924
1 0.981445 0.321504 0.982666 0.320445 0.984131 0.320975 0.984619 0.322034 0.984619 0.325212 0.985107 0.326271 0.986328 0.325742 0.986816 0.326801 0.986572 0.328390 0.985596 0.328919 0.986328 0.331038 0.985352 0.333686 0.988037 0.333686 0.988281 0.336335 0.989014 0.336335 0.989258 0.337394 0.990967 0.337394 0.991455 0.335805 0.992188 0.336864 0.992432 0.335805 0.996094 0.336335 0.996582 0.337394 0.997803 0.337394 0.998047 0.336335 0.999268 0.336335 0.999756 0.335275 0.999268 0.334746 0.999512 0.334216 0.994629 0.335275 0.994385 0.334216 0.995850 0.332627 0.991211 0.332627 0.990967 0.330508 0.990234 0.330508 0.989990 0.329449 0.990479 0.328390 0.990967 0.328919 0.991455 0.325742 0.987061 0.326801 0.986572 0.325742 0.986572 0.324153 0.987793 0.323623 0.986816 0.322564 0.986816 0.320975 0.986328 0.319915 0.984375 0.318856 0.984131 0.319915
1 0.999756 0.318326 0.998535 0.318326 0.998047 0.319386 0.998047 0.321504 0.997070 0.322034 0.996094 0.325212 0.995361 0.325742 0.996094 0.326271 0.996094 0.328919 0.995117 0.331038 0.995850 0.331038 0.996094 0.329979 0.997314 0.329979 0.997559 0.331038 0.996826 0.332627 0.998047 0.332097 0.998535 0.331038 0.999756 0.331038 0.999756 0.329979 0.999023 0.329449 0.999756 0.328919 0.999756 0.326271 0.996826 0.325742 0.999512 0.323093
1 0.854492 0.317797 0.853516 0.320445 0.855225 0.319386 0.855957 0.322564 0.855469 0.323623 0.853516 0.323623 0.853027 0.324682 0.854736 0.325742 0.854980 0.324682 0.855225 0.325742 0.855957 0.325742 0.855713 0.323623 0.856689 0.323093 0.856201 0.322564 0.856689 0.320445 0.856201 0.318856
1 0.433105 0.316208 0.431885 0.318856 0.433594 0.322564 0.433594 0.324153 0.433105 0.324153 0.433350 0.325212 0.434814 0.322564 0.435303 0.322564 0.434326 0.320975 0.433105 0.320445
1 0.732178 0.316208 0.732422 0.318326 0.733398 0.319915 0.733398 0.320975 0.734131 0.322564 0.734619 0.321504 0.736084 0.324682 0.736572 0.323623 0.736816 0.320975 0.734863 0.317267 0.733398 0.316737 0.732910 0.315678
1 0.439941 0.319915 0.440430 0.324682 0.440186 0.325742 0.440918 0.327860 0.440918 0.329449 0.442139 0.329979 0.443115 0.327860 0.443848 0.329979 0.445557 0.332097 0.445801 0.331038 0.447266 0.333686 0.448242 0.333686 0.448730 0.332627 0.447998 0.330508 0.448486 0.329449 0.449463 0.332627 0.449951 0.332097 0.449219 0.329979 0.449463 0.327860 0.450195 0.328390 0.450195 0.329979 0.449951 0.329449 0.450439 0.328390 0.451416 0.328390 0.451172 0.327860 0.451660 0.326801 0.450439 0.326271 0.449707 0.324153 0.449951 0.323093 0.451904 0.325742 0.452881 0.323623 0.452637 0.320445 0.452393 0.321504 0.451416 0.320445 0.451904 0.319915 0.450928 0.320445 0.450684 0.322034 0.449951 0.322034 0.448730 0.319386 0.448975 0.316737 0.447754 0.314619 0.446289 0.314619 0.446533 0.315148 0.445312 0.316737 0.445312 0.317797 0.443604 0.322034 0.442627 0.322034
1 0.638916 0.316208 0.639893 0.317267 0.641602 0.316737 0.641602 0.314089 0.640137 0.314089
1 0.943604 0.314089 0.943115 0.313559 0.941895 0.315678 0.939941 0.315678 0.939941 0.317267 0.940430 0.317797 0.940430 0.321504 0.941162 0.320975 0.940674 0.320445 0.940918 0.318326 0.941406 0.319386 0.943604 0.319386 0.943604 0.317797 0.944092 0.317267
1 0.872559 0.313030 0.872070 0.313030 0.870850 0.315678 0.868896 0.315678 0.868652 0.317797 0.869629 0.316208 0.870605 0.317267 0.869873 0.318856 0.867188 0.319386 0.866455 0.320445 0.865723 0.319915 0.865479 0.320975 0.864014 0.322034 0.864990 0.323093 0.863770 0.325742 0.864502 0.325742 0.865234 0.324153 0.866943 0.324153 0.867188 0.323623 0.866699 0.322564 0.867920 0.319915 0.868408 0.320445 0.869141 0.319386 0.869873 0.320975 0.868896 0.322564 0.872803 0.320445 0.871338 0.317267 0.871826 0.316208 0.871338 0.315678
1 0.396484 0.313030 0.395996 0.314089 0.395996 0.315678 0.395508 0.316208 0.395508 0.317797 0.396973 0.321504 0.396973 0.322564 0.398193 0.323093 0.398682 0.322034 0.397949 0.320975 0.397949 0.318326 0.397461 0.317797
1 0.853271 0.310381 0.851807 0.311970 0.851318 0.310911 0.851562 0.310381 0.850830 0.310911 0.849609 0.314619 0.849609 0.316737 0.848633 0.317797 0.848877 0.318326 0.849609 0.317267 0.851318 0.316737 0.851562 0.317797 0.850830 0.319915 0.852783 0.318856 0.853271 0.317797 0.852783 0.318856 0.852295 0.317797 0.852783 0.316737 0.852295 0.316208 0.852295 0.314619 0.852783 0.314089 0.852783 0.311441
1 0.791748 0.310381 0.792725 0.311441 0.793213 0.315678 0.795410 0.315678 0.795410 0.313559 0.794922 0.311970 0.793457 0.311970 0.792480 0.310381
1 0.150391 0.314089 0.150879 0.313559 0.155273 0.315148 0.156006 0.313559 0.156738 0.314089 0.157471 0.312500 0.157959 0.313030 0.157227 0.312500 0.156738 0.313559 0.155518 0.311441 0.156250 0.310381 0.154053 0.310381 0.152588 0.313030 0.151123 0.313030
1 0.868896 0.309322 0.866211 0.309852 0.866211 0.311441 0.865723 0.311970 0.866211 0.313030 0.865234 0.315148 0.866211 0.317267 0.867432 0.317797 0.868164 0.315678 0.867676 0.315678 0.867432 0.314619 0.868896 0.313030
1 0.856934 0.309322 0.857422 0.311441 0.859375 0.311970 0.858154 0.313030 0.859131 0.314619 0.858398 0.316208 0.859375 0.316208 0.859619 0.314619 0.860352 0.314619 0.861328 0.316737 0.861084 0.317797 0.862793 0.319386 0.862305 0.320975 0.861328 0.321504 0.863525 0.321504 0.863281 0.316208 0.864014 0.316208 0.864746 0.313030 0.864258 0.313030 0.863525 0.311441 0.861084 0.311441 0.862061 0.312500 0.861816 0.313559 0.859131 0.314619 0.858887 0.314089 0.859619 0.313559 0.860596 0.310911 0.859863 0.310911 0.859131 0.309322
1 0.699707 0.309852 0.698975 0.309322 0.699219 0.309852 0.698730 0.311441 0.698242 0.310381 0.696777 0.310381 0.696289 0.311441 0.696777 0.312500 0.696533 0.314089 0.694824 0.317267 0.695801 0.318326 0.696533 0.316737 0.696777 0.314619 0.697510 0.313559 0.698486 0.314619 0.699463 0.314089 0.699219 0.311970
1 0.618164 0.308792 0.617432 0.310911 0.618408 0.314089 0.618408 0.315148 0.617920 0.315678 0.618896 0.316208 0.618652 0.320445 0.618896 0.318856 0.619873 0.318856 0.620361 0.321504 0.619873 0.322564 0.619141 0.322564 0.619873 0.324682 0.620361 0.324682 0.620117 0.323093 0.620850 0.322564 0.621338 0.323623 0.620850 0.325212 0.621582 0.327331 0.622803 0.323623 0.623047 0.324682 0.624023 0.324153 0.623535 0.322564 0.624023 0.321504 0.625000 0.322034 0.624268 0.320975 0.624268 0.314089 0.621826 0.310381 0.622559 0.311970 0.622559 0.313030 0.622070 0.313559 0.622559 0.314089 0.622559 0.315148 0.620850 0.315678 0.619629 0.311970 0.620117 0.311441 0.621094 0.312500
1 0.880127 0.310381 0.879395 0.310381 0.878906 0.307733 0.878906 0.309852 0.878418 0.310911 0.877930 0.310381 0.877441 0.311441 0.877441 0.313030 0.878418 0.311441 0.879150 0.313030 0.879639 0.313030 0.880127 0.311970
1 0.725586 0.308263 0.725586 0.309852 0.727295 0.310911 0.728760 0.314089 0.729980 0.314089 0.730225 0.312500 0.729004 0.309322 0.729492 0.307203 0.728271 0.307733 0.728027 0.306674 0.727295 0.308263
1 0.474854 0.306674 0.474365 0.306674 0.474121 0.307733 0.472412 0.308263 0.471680 0.306144 0.471191 0.306674 0.470459 0.309852 0.468994 0.310381 0.468506 0.311441 0.468262 0.310911 0.468506 0.311441 0.467529 0.315678 0.468262 0.317797 0.469238 0.318326 0.469727 0.315148 0.470459 0.317267 0.471191 0.317797 0.469971 0.319386 0.469238 0.322034 0.468018 0.322034 0.468018 0.320445 0.467529 0.321504 0.466797 0.317267 0.467041 0.316737 0.466553 0.316208 0.466797 0.316737 0.466309 0.317797 0.466797 0.318856 0.466797 0.321504 0.468018 0.322034 0.467773 0.327331 0.468994 0.331568 0.468994 0.334216 0.469482 0.333157 0.470215 0.333157 0.471191 0.329979 0.474609 0.324682 0.474365 0.321504 0.474854 0.320975 0.474854 0.319915 0.474365 0.318856 0.475098 0.318856 0.475342 0.314619 0.474121 0.312500 0.474854 0.310381
1 0.383301 0.305085 0.382812 0.304555 0.383057 0.305085 0.382080 0.307203 0.379395 0.307733 0.379395 0.308792 0.378662 0.309322 0.379395 0.310911 0.383057 0.309322 0.382568 0.306674
1 0.973633 0.304025 0.972168 0.303496 0.971191 0.306674 0.969971 0.306674 0.969482 0.305614 0.968506 0.306674 0.969238 0.308263 0.968262 0.310911 0.969727 0.310911 0.969971 0.308263 0.971191 0.308263 0.971436 0.309322 0.971924 0.307203 0.973145 0.305085 0.972900 0.304555
1 0.644287 0.303496 0.644043 0.305614 0.645264 0.307733 0.645508 0.309852 0.645020 0.313030 0.645996 0.313559 0.646484 0.311970 0.647705 0.311970 0.647705 0.314089 0.648193 0.314619 0.648193 0.311970 0.647217 0.310381 0.646729 0.308263 0.646973 0.307733 0.646240 0.306674 0.646240 0.304025
1 0.840576 0.301907 0.840088 0.301377 0.838135 0.304025 0.837646 0.303496 0.838623 0.306144 0.837646 0.307733 0.836426 0.307203 0.837402 0.307203 0.837402 0.309322 0.840332 0.308792 0.839844 0.308263 0.839844 0.305085 0.838867 0.307203 0.838623 0.305614 0.839600 0.303496 0.840576 0.304025
1 0.137451 0.302966 0.137939 0.302966 0.138672 0.305614 0.138184 0.306144 0.138184 0.307733 0.137695 0.307733 0.137695 0.308792 0.138672 0.310911 0.140137 0.311441 0.140625 0.312500 0.140137 0.313030 0.140869 0.313559 0.140381 0.314619 0.141113 0.316208 0.141357 0.315148 0.140625 0.314089 0.141113 0.311970 0.141602 0.311970 0.142578 0.314619 0.144043 0.314619 0.144287 0.316208 0.145020 0.317267 0.145020 0.319386 0.144531 0.319915 0.145264 0.318856 0.146484 0.319386 0.147217 0.318326 0.149170 0.318326 0.149658 0.316737 0.153320 0.318326 0.148926 0.315148 0.149414 0.314619 0.148193 0.314619 0.147461 0.312500 0.146484 0.311970 0.147461 0.310381 0.146729 0.308792 0.148193 0.307733 0.148438 0.304555 0.148926 0.305614 0.149170 0.305085 0.148926 0.303496 0.147461 0.304025 0.146484 0.302966 0.144775 0.302966 0.144287 0.301907 0.140137 0.301377
1 0.674805 0.300847 0.675781 0.302966 0.675781 0.304555 0.676270 0.305614 0.675537 0.306674 0.677002 0.306144 0.678467 0.306674 0.678955 0.307733 0.677979 0.309852 0.680176 0.307733 0.679688 0.306674 0.679932 0.305614 0.683350 0.305085 0.682617 0.303496 0.682861 0.301907 0.681641 0.300318 0.682861 0.302436 0.681885 0.302966 0.680664 0.301377 0.679688 0.301377 0.681396 0.302966 0.680420 0.304555 0.680176 0.303496 0.679443 0.303496 0.680176 0.304555 0.679688 0.305614 0.678711 0.305614 0.678711 0.304555 0.676758 0.305085 0.675293 0.301907 0.675781 0.300318 0.676514 0.300318 0.675781 0.300318 0.675293 0.301377
1 0.948730 0.308792 0.949219 0.309852 0.950684 0.309852 0.951172 0.310911 0.950195 0.311970 0.951416 0.311970 0.951416 0.310911 0.952393 0.309852 0.953125 0.310911 0.953125 0.311970 0.953369 0.311441 0.953857 0.312500 0.953857 0.314089 0.954346 0.315148 0.954346 0.318326 0.953613 0.319386 0.952637 0.323623 0.953613 0.323623 0.954102 0.322564 0.955322 0.322034 0.955566 0.320445 0.956787 0.319915 0.957031 0.318326 0.957520 0.319386 0.958252 0.319386 0.958496 0.320445 0.959229 0.320445 0.959473 0.319386 0.960205 0.319386 0.960693 0.318326 0.960938 0.320445 0.961426 0.319915 0.962158 0.321504 0.961182 0.323093 0.962646 0.322564 0.963379 0.319386 0.964600 0.316737 0.963867 0.316737 0.963623 0.315678 0.962402 0.315678 0.961182 0.313559 0.960205 0.316208 0.959717 0.315678 0.959717 0.313030 0.958252 0.313030 0.957764 0.311970 0.958740 0.308792 0.959717 0.308792 0.960205 0.306144 0.961182 0.305085 0.960449 0.304025 0.959473 0.304025 0.956787 0.306674 0.955811 0.306674 0.955078 0.305614 0.955078 0.304025 0.954590 0.302966 0.954590 0.301907 0.955322 0.300847 0.954834 0.299788 0.953613 0.300318 0.954346 0.301907 0.954346 0.302966 0.953857 0.304025 0.953857 0.307733 0.953369 0.308792 0.952148 0.308792 0.950928 0.306674 0.949951 0.308792
1 0.929199 0.301377 0.930176 0.303496 0.930908 0.303496 0.930908 0.304555 0.933350 0.305085 0.933838 0.306674 0.934326 0.306144 0.934082 0.298729 0.931641 0.298199 0.930176 0.299258
1 0.866943 0.297669 0.866211 0.297669 0.866455 0.299788 0.864746 0.301907 0.865234 0.301377 0.865723 0.302436 0.865234 0.303496 0.865723 0.303496 0.865967 0.304555 0.864258 0.306144 0.864014 0.307733 0.864502 0.309322 0.865234 0.306144 0.866455 0.307203 0.866455 0.306144 0.865967 0.305614 0.865967 0.301907 0.866455 0.301377 0.866699 0.302436 0.867188 0.302436 0.867920 0.301377 0.867188 0.300847
1 0.858154 0.304555 0.857666 0.302966 0.856689 0.302436 0.857178 0.300847 0.856201 0.299258 0.856689 0.297140 0.855957 0.298199 0.854248 0.298199 0.854980 0.298199 0.855225 0.299788 0.854248 0.299788 0.852783 0.301377 0.854248 0.300318 0.854492 0.301377 0.851807 0.305085 0.849365 0.306674 0.851562 0.305614 0.852051 0.307203 0.852539 0.306144 0.852051 0.305085 0.853271 0.304555 0.853760 0.305614 0.852295 0.308792 0.851562 0.308792 0.852783 0.309322 0.854248 0.307203 0.853516 0.306674 0.854248 0.305085 0.855957 0.304555 0.856445 0.303496
1 0.999756 0.294492 0.998779 0.294492 0.996826 0.298199 0.997070 0.299258 0.996582 0.301377 0.997559 0.302436 0.997559 0.305085 0.999756 0.304025
1 0.625732 0.293962 0.625732 0.295021 0.624023 0.298729 0.622559 0.297140 0.622559 0.300318 0.622803 0.299258 0.623291 0.299258 0.623535 0.300318 0.623047 0.301377 0.623291 0.300847 0.623535 0.301907 0.622803 0.304025 0.622314 0.304025 0.624268 0.304555 0.625488 0.308792 0.625244 0.308263 0.625977 0.307733 0.625244 0.306674 0.624756 0.304555 0.625977 0.304025 0.625000 0.302966 0.624512 0.301377 0.624756 0.297669 0.625244 0.297669 0.625000 0.296610 0.625977 0.295551
1 0.138428 0.294492 0.137695 0.293962 0.135742 0.295551 0.135254 0.299258 0.135742 0.300318 0.137451 0.300318 0.138184 0.298729 0.137695 0.298199 0.137695 0.296610
1 0.922852 0.297140 0.924561 0.300318 0.926270 0.299788 0.927002 0.297669 0.927734 0.297669 0.927246 0.296610 0.927490 0.295021 0.926758 0.293432 0.924561 0.293432
1 0.621338 0.293962 0.620361 0.293432 0.619873 0.295021 0.618408 0.295021 0.618164 0.293962 0.618164 0.295021 0.617188 0.297140 0.617676 0.297140 0.618408 0.295551 0.620361 0.295551 0.620605 0.296610 0.620117 0.298729 0.620605 0.299258 0.620605 0.300318 0.619629 0.302436 0.617676 0.301907 0.617676 0.300847 0.618652 0.298729 0.616699 0.300318 0.615967 0.298729 0.616455 0.296610 0.615479 0.297669 0.614746 0.296081 0.614990 0.293962 0.614502 0.293962 0.614258 0.295021 0.613037 0.294492 0.613037 0.296081 0.612549 0.297140 0.613525 0.298199 0.614014 0.300318 0.614990 0.299788 0.613281 0.297140 0.613525 0.295551 0.614014 0.295551 0.615967 0.298729 0.615967 0.299788 0.614990 0.301907 0.614502 0.301907 0.615723 0.303496 0.614746 0.307203 0.615479 0.307203 0.615479 0.305085 0.615967 0.304025 0.616211 0.305614 0.616699 0.302966 0.617676 0.302966 0.617920 0.304025 0.618652 0.303496 0.618652 0.305085 0.619141 0.305085 0.619141 0.304025 0.620117 0.304025 0.620361 0.304555 0.619873 0.305085 0.619873 0.306674 0.620361 0.307733 0.619385 0.308792 0.620850 0.308263 0.621338 0.309322 0.621094 0.308263 0.621826 0.306674 0.621338 0.306144 0.621338 0.305085 0.621094 0.306144 0.620850 0.305614 0.620850 0.301907 0.621582 0.300847 0.621582 0.297669 0.621094 0.297140
1 0.726562 0.293962 0.727295 0.296081 0.726807 0.300318 0.727539 0.300847 0.727051 0.301907 0.727539 0.302966 0.727051 0.304555 0.729492 0.305085 0.729736 0.304025 0.730225 0.304025 0.730469 0.305085 0.732910 0.305085 0.732666 0.301907 0.731445 0.301377 0.731201 0.302436 0.730957 0.301377 0.730469 0.301377 0.730469 0.300318 0.729980 0.299788 0.729980 0.296081 0.729492 0.295551 0.729736 0.293962 0.729004 0.292373 0.726807 0.294492
1 0.970215 0.291843 0.970947 0.293432 0.971436 0.300318 0.971924 0.300318 0.972412 0.301907 0.971924 0.300318 0.972900 0.299258 0.971924 0.296610 0.973877 0.295021 0.972168 0.295021 0.971680 0.296610 0.971436 0.295021 0.972412 0.293962 0.971924 0.293432 0.971924 0.292373 0.971436 0.292903
1 0.952881 0.292373 0.951660 0.291843 0.950928 0.293432 0.949707 0.293432 0.949463 0.292373 0.947998 0.293432 0.948975 0.294492 0.948486 0.296610 0.949219 0.297140 0.950684 0.296081 0.949707 0.295551 0.950439 0.293962 0.951660 0.292903 0.952393 0.293432
1 0.752197 0.291843 0.752197 0.293432 0.751465 0.293432 0.750977 0.294492 0.750977 0.296081 0.750244 0.297140 0.751953 0.298729 0.751709 0.300847 0.752441 0.302436 0.752441 0.303496 0.750000 0.305614 0.749756 0.313030 0.749268 0.309322 0.748779 0.308263 0.749268 0.305614 0.748535 0.310381 0.748535 0.314089 0.749268 0.315148 0.750244 0.325742 0.750244 0.324153 0.751709 0.322564 0.751953 0.324682 0.752930 0.323623 0.752441 0.320975 0.752441 0.316208 0.752930 0.314089 0.752197 0.311970 0.752197 0.310381 0.751221 0.308263 0.752686 0.307733 0.752930 0.305085 0.753418 0.307203 0.754639 0.308792 0.755859 0.307203 0.755859 0.304025 0.757568 0.304025 0.758057 0.302966 0.758789 0.304555 0.760010 0.301907 0.759277 0.299788 0.758057 0.299258 0.756592 0.295551 0.754883 0.295021 0.753662 0.295551 0.753418 0.296610 0.752686 0.295021 0.754150 0.293962 0.752441 0.292903
1 0.698730 0.292373 0.696777 0.292373 0.697266 0.293432 0.696289 0.296081 0.696045 0.294492 0.695312 0.294492 0.694824 0.293432 0.695312 0.292373 0.694824 0.291843 0.694336 0.293962 0.695312 0.295551 0.694336 0.295551 0.694092 0.297140 0.694580 0.297140 0.694824 0.298199 0.694092 0.299258 0.694092 0.301377 0.693115 0.302966 0.693115 0.298729 0.692627 0.298729 0.692383 0.297140 0.692383 0.299788 0.691895 0.299788 0.691650 0.298729 0.690674 0.298729 0.689941 0.297140 0.688965 0.299258 0.689941 0.301907 0.691650 0.299788 0.691895 0.300318 0.691406 0.301907 0.692871 0.302436 0.693115 0.303496 0.694092 0.301377 0.695068 0.302436 0.695557 0.301907 0.695801 0.303496 0.694092 0.308263 0.692383 0.309322 0.692139 0.308792 0.693359 0.307203 0.692383 0.306144 0.692871 0.305614 0.692871 0.304555 0.691895 0.305085 0.691406 0.304025 0.689453 0.304025 0.689697 0.305085 0.688965 0.306144 0.689209 0.307203 0.688477 0.307733 0.687744 0.306674 0.687988 0.307733 0.688232 0.307203 0.689697 0.310911 0.690674 0.310381 0.690918 0.312500 0.692383 0.313030 0.692627 0.311441 0.693115 0.311970 0.694092 0.310381 0.695312 0.310911 0.696777 0.309322 0.697510 0.307203 0.698975 0.308263 0.698975 0.303496 0.697998 0.301377 0.698242 0.300847 0.697754 0.298729 0.698730 0.295551 0.698730 0.294492 0.698242 0.293962
1 0.180176 0.293962 0.182617 0.296610 0.184082 0.295551 0.183594 0.295551 0.183105 0.292373 0.181641 0.291314
1 0.982666 0.289195 0.981201 0.289195 0.980713 0.291314 0.978760 0.291843 0.979248 0.292373 0.979004 0.293962 0.979248 0.292903 0.979736 0.292903 0.979980 0.293962 0.981689 0.292903 0.982666 0.290784
1 0.699219 0.292373 0.699219 0.293962 0.699463 0.293432 0.699707 0.294492 0.700439 0.293962 0.701904 0.295551 0.703857 0.295551 0.704590 0.293962 0.704834 0.290254 0.703125 0.290784 0.702148 0.289725 0.701416 0.290784 0.700195 0.289195 0.700439 0.289725
1 0.665527 0.289195 0.664062 0.287606 0.663330 0.289725 0.663086 0.288665 0.661621 0.288665 0.661621 0.289725 0.662109 0.290254 0.661865 0.291314 0.659912 0.291314 0.659668 0.290784 0.660156 0.289195 0.658691 0.290784 0.659424 0.291314 0.659180 0.291843 0.660156 0.293432 0.659912 0.295021 0.660400 0.295021 0.662354 0.292903 0.663330 0.292903 0.664062 0.293962 0.663574 0.292373 0.664307 0.291314 0.665283 0.291314
1 0.739746 0.288665 0.734619 0.287076 0.734619 0.289195 0.735596 0.290784 0.736328 0.293962 0.735107 0.297140 0.733398 0.296081 0.732178 0.297140 0.731934 0.296610 0.733887 0.299788 0.735840 0.298199 0.737305 0.296081 0.736572 0.294492 0.737549 0.292903 0.737793 0.293432 0.738281 0.292373 0.738770 0.293962 0.739258 0.293962 0.739258 0.290254 0.739746 0.289725
1 0.475342 0.287606 0.474365 0.287076 0.471680 0.289195 0.471191 0.290784 0.471191 0.300847 0.473633 0.295551 0.473633 0.292373 0.474854 0.292373 0.475342 0.291314
1 0.321777 0.287076 0.321289 0.287076 0.320068 0.289725 0.320068 0.293432 0.321045 0.294492 0.321777 0.290254 0.322266 0.289725
1 0.857666 0.286547 0.856445 0.289195 0.854248 0.289725 0.853516 0.292373 0.854492 0.291843 0.854980 0.292903 0.854492 0.293962 0.855469 0.295551 0.856445 0.294492 0.857178 0.295551 0.856201 0.291314 0.857178 0.290784 0.857666 0.291843 0.857178 0.289195 0.857910 0.288665 0.857422 0.287606
1 0.917480 0.286017 0.917236 0.288665 0.915527 0.291843 0.915527 0.292903 0.916504 0.295551 0.916504 0.298199 0.917725 0.300318 0.918213 0.292903 0.917236 0.291843 0.916748 0.290254 0.917236 0.288665 0.917969 0.288665 0.917480 0.287606
1 0.851318 0.286547 0.848389 0.287076 0.848145 0.287606 0.848633 0.288665 0.847900 0.290254 0.847168 0.288136 0.846436 0.290254 0.845703 0.290784 0.845459 0.289195 0.845947 0.288665 0.845947 0.286017 0.844971 0.286547 0.844971 0.288136 0.843506 0.288136 0.843506 0.289195 0.844727 0.289725 0.844727 0.291843 0.844238 0.292903 0.841309 0.293432 0.841064 0.292903 0.842285 0.290254 0.841309 0.290254 0.840820 0.288665 0.840576 0.291314 0.841309 0.293432 0.840820 0.294492 0.840088 0.294492 0.839600 0.293432 0.839844 0.292903 0.838379 0.293432 0.837891 0.291843 0.838135 0.290784 0.837646 0.289725 0.836182 0.290784 0.835938 0.289725 0.836426 0.288665 0.837158 0.288665 0.836914 0.287606 0.835938 0.287076 0.834961 0.288136 0.834717 0.287076 0.834229 0.287076 0.835449 0.289725 0.834961 0.290784 0.834229 0.290254 0.833984 0.293432 0.834473 0.294492 0.834961 0.293432 0.836914 0.293432 0.837158 0.294492 0.836670 0.296081 0.839355 0.296081 0.839844 0.295021 0.841064 0.295021 0.841309 0.296610 0.842285 0.296081 0.844482 0.297140 0.846436 0.295551 0.846680 0.296081 0.846191 0.297140 0.847168 0.298729 0.846924 0.299788 0.847900 0.301377 0.848633 0.301377 0.847900 0.297140 0.846924 0.296610 0.846436 0.294492 0.845459 0.295021 0.844971 0.293432 0.845947 0.291843 0.846436 0.291843 0.846680 0.293432 0.847168 0.291843 0.848389 0.291843 0.848877 0.290784 0.849121 0.291314 0.849365 0.289725 0.850830 0.289195 0.850586 0.288136
1 0.638428 0.286017 0.637451 0.287606 0.636719 0.286547 0.636719 0.291843 0.635986 0.293962 0.635010 0.295021 0.634277 0.294492 0.633301 0.298199 0.634766 0.299788 0.634277 0.306674 0.633545 0.308792 0.635498 0.308792 0.635986 0.310911 0.635742 0.313559 0.636719 0.315148 0.637451 0.314089 0.637451 0.311970 0.637939 0.310381 0.636719 0.308792 0.636475 0.305614 0.635742 0.304025 0.636230 0.303496 0.635498 0.302436 0.635498 0.300318 0.636475 0.297669 0.636475 0.294492 0.637939 0.292373 0.638184 0.293432 0.638672 0.293432 0.638672 0.292373 0.639160 0.291843 0.638672 0.291314 0.638916 0.288665
1 0.822754 0.286017 0.822754 0.289725 0.821777 0.290254 0.819336 0.293962 0.820068 0.293432 0.820312 0.296081 0.821045 0.296081 0.822021 0.298199 0.822998 0.298729 0.822266 0.302436 0.821533 0.303496 0.821777 0.308263 0.820557 0.309322 0.820557 0.311441 0.821533 0.312500 0.821045 0.314089 0.821533 0.315148 0.823486 0.315148 0.824951 0.316208 0.825928 0.319386 0.827637 0.318326 0.828125 0.315148 0.829346 0.315148 0.829346 0.316737 0.832275 0.316737 0.832031 0.315678 0.832520 0.315148 0.832520 0.313559 0.833252 0.311970 0.832275 0.309852 0.833008 0.308263 0.832520 0.308263 0.832031 0.306674 0.831055 0.306674 0.830078 0.308263 0.829102 0.307203 0.828369 0.309322 0.827637 0.308792 0.827881 0.307203 0.826660 0.307203 0.826660 0.308792 0.826172 0.309322 0.824951 0.306674 0.825195 0.305614 0.823975 0.304555 0.824219 0.303496 0.824951 0.303496 0.824707 0.301907 0.825195 0.300318 0.824463 0.300847 0.823730 0.299258 0.823242 0.299258 0.822998 0.296081 0.823486 0.295551 0.824707 0.297140 0.825195 0.296610 0.824951 0.295021 0.826416 0.288136 0.825684 0.287076 0.825928 0.285487
1 0.646973 0.285487 0.646973 0.286547 0.646240 0.287606 0.645508 0.290784 0.646973 0.290784 0.647217 0.292373 0.647949 0.292373 0.648193 0.290254 0.647705 0.287606 0.648193 0.287076 0.648193 0.286017
1 0.891113 0.284958 0.888916 0.287606 0.889648 0.289195 0.888916 0.290254 0.889160 0.291314 0.888428 0.292903 0.887695 0.292903 0.887939 0.290784 0.886719 0.291314 0.885498 0.290254 0.884521 0.291314 0.884521 0.292903 0.883789 0.294492 0.884766 0.295551 0.885254 0.293962 0.884277 0.293432 0.884766 0.292373 0.886719 0.292373 0.888184 0.294492 0.887695 0.296081 0.885986 0.295021 0.886475 0.296081 0.885742 0.297140 0.886230 0.297140 0.886719 0.299258 0.886719 0.297669 0.888672 0.293962 0.889648 0.294492 0.889160 0.296081 0.890381 0.296081 0.890381 0.294492 0.889893 0.295021 0.889404 0.293962 0.889404 0.292373 0.889893 0.291843 0.889160 0.291314 0.890381 0.289725 0.890625 0.288136 0.890137 0.287076 0.891113 0.287076
1 0.761963 0.287076 0.762939 0.287606 0.765137 0.292903 0.766357 0.292903 0.766602 0.289195 0.767334 0.289195 0.767334 0.288136 0.765625 0.288136 0.765381 0.286017 0.763428 0.286017 0.763428 0.284958 0.762939 0.284958 0.762695 0.286547
1 0.754395 0.287606 0.752930 0.287076 0.752197 0.284958 0.751221 0.285487 0.751221 0.287076 0.750000 0.286547 0.750244 0.287606 0.749512 0.289195 0.749756 0.293962 0.749756 0.290254 0.750732 0.288665 0.750732 0.287606 0.752930 0.288136 0.753174 0.287076 0.753418 0.289195 0.752930 0.290254 0.752441 0.289195 0.752930 0.291843 0.753906 0.290784
1 0.966797 0.284428 0.966309 0.286017 0.967041 0.287076 0.966797 0.287606 0.967285 0.288665 0.966797 0.289195 0.967285 0.289725 0.968506 0.286017
1 0.644287 0.284428 0.641602 0.286547 0.642578 0.289195 0.642334 0.295021 0.643555 0.292903 0.643311 0.290254 0.642822 0.289195 0.644043 0.287076
1 0.883057 0.282309 0.882080 0.283898 0.880371 0.283898 0.879150 0.285487 0.879639 0.285487 0.879883 0.287076 0.881348 0.286547 0.882568 0.284428
1 0.505859 0.292903 0.505859 0.293962 0.507324 0.297140 0.507568 0.298729 0.508057 0.298199 0.508057 0.296610 0.508789 0.295021 0.508545 0.293432 0.509766 0.292903 0.510498 0.291314 0.510986 0.291843 0.510742 0.292903 0.511230 0.295021 0.512695 0.293962 0.513672 0.296081 0.514404 0.295551 0.514160 0.293962 0.512695 0.292903 0.511719 0.289725 0.511475 0.290784 0.510986 0.290254 0.511719 0.288136 0.512207 0.289195 0.512451 0.288665 0.511719 0.288136 0.511719 0.287076 0.510986 0.286017 0.511475 0.284428 0.510254 0.282309 0.508789 0.282839 0.508789 0.288665 0.507080 0.291843
1 0.688721 0.282309 0.687500 0.281780 0.687012 0.283369 0.686523 0.282309 0.686523 0.283898 0.685303 0.285487 0.686035 0.287606 0.685791 0.288136 0.686279 0.288136 0.686523 0.286547 0.687012 0.287606 0.687256 0.284958 0.688721 0.283369
1 0.955322 0.281250 0.954346 0.281250 0.953369 0.278602 0.952881 0.279131 0.953613 0.280191 0.953613 0.281780 0.952881 0.281780 0.951904 0.283898 0.953369 0.283898 0.954590 0.281780 0.955322 0.282309
1 0.375732 0.278602 0.374268 0.278072 0.373779 0.279661 0.372070 0.280191 0.372559 0.283369 0.373535 0.286017 0.376221 0.281250 0.376221 0.279661
1 0.906982 0.277542 0.906494 0.277542 0.906250 0.279131 0.906738 0.279661 0.906006 0.281780 0.904541 0.281250 0.904297 0.280191 0.905029 0.278602 0.903320 0.279131 0.903809 0.279661 0.905029 0.286547 0.903809 0.289725 0.902344 0.291314 0.902344 0.295551 0.903564 0.298729 0.904541 0.297669 0.903809 0.297669 0.903809 0.296081 0.904541 0.296081 0.905029 0.297140 0.904297 0.295021 0.904541 0.293432 0.905518 0.292373 0.904785 0.292373 0.904053 0.290784 0.904053 0.289195 0.904785 0.287606 0.906250 0.288665 0.906250 0.291314 0.907471 0.290784 0.907715 0.291843 0.907227 0.292373 0.908447 0.291843 0.908447 0.290254 0.907471 0.289725 0.908203 0.287606 0.908936 0.287076 0.908936 0.286017 0.908447 0.286017 0.908203 0.287606 0.906494 0.288136 0.905762 0.286547 0.906006 0.282839 0.906494 0.282309 0.906738 0.283898 0.907471 0.281250 0.908203 0.284428 0.909424 0.284428 0.909424 0.282839 0.908447 0.282839 0.907471 0.281250 0.907959 0.280191 0.907959 0.278602 0.907227 0.278602
1 0.697510 0.277542 0.696777 0.277542 0.696045 0.281780 0.696533 0.283369 0.697266 0.282839 0.697266 0.280191 0.697754 0.278602
1 0.589355 0.277013 0.589111 0.278072 0.589844 0.281780 0.588867 0.281780 0.589111 0.284428 0.587646 0.288665 0.587646 0.289725 0.588135 0.291314 0.588135 0.293432 0.588623 0.294492 0.589111 0.292903 0.589600 0.292903 0.590332 0.295021 0.589355 0.291843 0.590332 0.289195 0.590088 0.287076 0.591064 0.284428 0.589844 0.284428 0.590820 0.281780 0.590332 0.280720 0.590576 0.280191 0.590088 0.277013
1 0.605957 0.280191 0.606689 0.280191 0.607666 0.282309 0.607910 0.281250 0.610596 0.284428 0.612305 0.284958 0.613770 0.287076 0.615234 0.287076 0.615723 0.288136 0.615479 0.290784 0.615967 0.292373 0.616211 0.290784 0.615723 0.290784 0.615479 0.289725 0.616211 0.289725 0.615967 0.288136 0.618164 0.284958 0.617920 0.284428 0.618408 0.283369 0.617920 0.282309 0.617432 0.283369 0.617432 0.285487 0.616943 0.286017 0.616455 0.284958 0.616211 0.281780 0.615723 0.281780 0.616699 0.286017 0.615967 0.286547 0.614014 0.281250 0.614258 0.280720 0.612793 0.279131 0.612549 0.281250 0.610840 0.280720 0.609619 0.282839 0.608643 0.281780 0.607910 0.279661 0.607910 0.278602 0.608643 0.278072 0.609131 0.275953 0.608643 0.277542 0.607422 0.277542 0.607910 0.278072 0.607422 0.280720 0.606689 0.279661 0.606689 0.278602
1 0.599121 0.275424 0.598633 0.279131 0.599365 0.277013 0.599365 0.279131 0.600830 0.277542 0.601318 0.279661 0.600098 0.287606 0.602295 0.289725 0.598633 0.297140 0.600098 0.306144 0.598633 0.314089 0.600830 0.311441 0.601562 0.319386 0.606201 0.321504 0.608398 0.332097 0.611328 0.336864 0.610596 0.341631 0.611816 0.342161 0.611816 0.347987 0.614502 0.349047 0.615479 0.346928 0.616211 0.349576 0.615967 0.352754 0.611084 0.351165 0.611572 0.360169 0.614014 0.360169 0.615479 0.367585 0.617188 0.361758 0.619385 0.362818 0.620361 0.360699 0.619385 0.354873 0.620605 0.353284 0.621094 0.356462 0.623047 0.355403 0.621338 0.353814 0.622559 0.351165 0.620850 0.349576 0.624756 0.342161 0.625244 0.344809 0.626709 0.343750 0.627441 0.347987 0.630371 0.349047 0.628174 0.352225 0.626465 0.351695 0.625732 0.354343 0.625488 0.351695 0.624512 0.355403 0.626465 0.353284 0.630371 0.354343 0.633057 0.349047 0.635498 0.350106 0.633789 0.349576 0.630859 0.338983 0.632080 0.338453 0.630371 0.335805 0.630127 0.331568 0.626709 0.334746 0.624756 0.334746 0.624512 0.332627 0.623047 0.335275 0.623047 0.338983 0.623779 0.339513 0.624268 0.334746 0.626221 0.338453 0.623535 0.341631 0.621582 0.341102 0.620850 0.336864 0.618164 0.337394 0.616699 0.333686 0.614746 0.335805 0.614502 0.331038 0.613281 0.331568 0.612549 0.326801 0.613525 0.325212 0.614990 0.329979 0.615723 0.327860 0.611572 0.322564 0.612305 0.310911 0.610840 0.309322 0.608887 0.296610 0.607178 0.293962 0.605225 0.283369 0.603760 0.284428 0.601807 0.280191 0.602539 0.278602
1 0.856445 0.273835 0.854492 0.275424 0.855469 0.275424 0.855469 0.279131 0.854980 0.279661 0.855469 0.280191 0.855225 0.281780 0.855957 0.283369 0.855469 0.284958 0.855957 0.286547 0.856445 0.286547 0.855957 0.285487 0.856689 0.283898 0.856445 0.279661 0.855957 0.279131 0.856445 0.277542 0.855713 0.277013 0.856445 0.275424
1 0.066895 0.273835 0.066895 0.276483 0.067383 0.277013 0.067627 0.279661 0.068115 0.280191 0.069092 0.278072 0.068848 0.277013 0.068115 0.277013 0.068359 0.275953 0.067627 0.273835
1 0.844727 0.273305 0.844238 0.273305 0.843018 0.278072 0.841797 0.278602 0.840576 0.275953 0.839111 0.276483 0.838379 0.278072 0.838623 0.279661 0.837402 0.282839 0.836426 0.282309 0.836426 0.281250 0.837158 0.279661 0.836670 0.279661 0.836670 0.280720 0.835938 0.281250 0.835449 0.282839 0.835938 0.285487 0.836670 0.286017 0.838867 0.279661 0.839844 0.279661 0.840820 0.281250 0.840088 0.282839 0.840332 0.283898 0.839600 0.283898 0.838867 0.285487 0.839355 0.287606 0.840576 0.285487 0.841553 0.285487 0.840332 0.283898 0.842041 0.280191 0.843018 0.280720 0.842041 0.282839 0.843994 0.284958 0.844971 0.281780 0.844482 0.282839 0.843750 0.282309 0.844238 0.279131 0.843506 0.277542 0.844727 0.275424
1 0.071045 0.275424 0.071777 0.278072 0.072266 0.278072 0.074463 0.274894 0.072754 0.275424 0.071777 0.273305 0.071777 0.274364 0.071289 0.274364
1 0.958496 0.275424 0.958008 0.273835 0.958496 0.273305 0.955811 0.272775 0.954834 0.274364 0.953613 0.274364 0.952637 0.273305 0.953125 0.274364 0.955811 0.274364 0.956055 0.274894 0.955322 0.276483 0.956055 0.274894 0.958252 0.274364
1 0.866699 0.271716 0.864258 0.272246 0.864014 0.274364 0.862305 0.273835 0.861328 0.274894 0.861328 0.275953 0.861816 0.275953 0.862549 0.278072 0.862305 0.277013 0.863525 0.276483 0.864502 0.273835 0.864746 0.274364 0.864746 0.272775 0.865967 0.271716 0.866699 0.272775
1 0.062012 0.271186 0.062012 0.273835 0.063965 0.278602 0.063965 0.277542 0.064453 0.277013 0.063965 0.275953 0.064453 0.274894 0.064209 0.272246 0.063477 0.271186
1 0.708496 0.275953 0.708008 0.272246 0.707275 0.270657 0.707275 0.269068 0.704346 0.273835 0.705322 0.275953 0.707275 0.273835 0.708008 0.276483
1 0.685791 0.270127 0.685059 0.270127 0.684570 0.271186 0.684570 0.269597 0.683838 0.268538 0.683838 0.267479 0.684326 0.270657 0.683594 0.272775 0.683838 0.274894 0.683594 0.275424 0.682129 0.274364 0.682861 0.275953 0.682373 0.278072 0.681885 0.278072 0.681396 0.275424 0.680908 0.275424 0.680908 0.276483 0.680420 0.275953 0.679688 0.277542 0.678955 0.277542 0.678711 0.276483 0.678223 0.278072 0.677979 0.277542 0.677979 0.278602 0.678467 0.279661 0.680176 0.277013 0.680420 0.279131 0.682129 0.279661 0.683105 0.277013 0.683838 0.276483 0.683594 0.275953 0.684082 0.271716 0.685303 0.271716
1 0.754395 0.268538 0.755371 0.281250 0.759521 0.282839 0.760986 0.279131 0.760986 0.283898 0.761719 0.275953 0.763672 0.281780 0.765381 0.278072 0.765625 0.284428 0.768066 0.286547 0.767090 0.290784 0.768799 0.291314 0.769043 0.286017 0.769531 0.292373 0.772705 0.293962 0.773438 0.299788 0.771729 0.300847 0.769287 0.294492 0.766602 0.294492 0.769531 0.296610 0.768066 0.300318 0.775391 0.318326 0.777344 0.317267 0.776855 0.323623 0.782715 0.335805 0.783203 0.346398 0.787598 0.355403 0.786865 0.349047 0.790039 0.358581 0.792969 0.359110 0.788574 0.363877 0.791504 0.369703 0.780762 0.366525 0.779785 0.370233 0.781494 0.374470 0.788818 0.374470 0.795654 0.382945 0.794189 0.376059 0.798096 0.376589 0.797119 0.372881 0.798584 0.372352 0.800293 0.381886 0.798096 0.382415 0.801270 0.390360 0.800537 0.383475 0.802002 0.382945 0.804688 0.390360 0.808350 0.386123 0.809082 0.390360 0.812744 0.392479 0.818359 0.380826 0.818848 0.389831 0.820557 0.389301 0.820557 0.393008 0.822021 0.389831 0.822021 0.383475 0.819092 0.376059 0.812256 0.374470 0.814209 0.370763 0.812256 0.368114 0.813232 0.364407 0.808594 0.366525 0.805664 0.361229 0.806641 0.364407 0.803711 0.364407 0.804199 0.369703 0.798584 0.367055 0.799561 0.359110 0.796387 0.360169 0.792725 0.352225 0.791260 0.322564 0.787354 0.321504 0.787842 0.304025 0.782715 0.309322 0.783203 0.315678 0.778564 0.304555 0.777588 0.293432 0.773438 0.283898 0.769531 0.283369 0.770752 0.279661 0.769287 0.277542 0.771240 0.275953 0.769287 0.272246 0.767578 0.277542 0.765869 0.272246 0.764160 0.274364 0.759521 0.268008
1 0.741455 0.268008 0.741211 0.270127 0.742676 0.271716 0.743896 0.271186 0.743652 0.267479 0.742188 0.266949
1 0.856201 0.266949 0.855957 0.266419 0.856201 0.267479 0.855713 0.268538 0.853760 0.269597 0.853027 0.271716 0.855225 0.271716 0.856201 0.269068
1 0.969727 0.265890 0.969238 0.266949 0.964600 0.266949 0.963623 0.268008 0.962158 0.268008 0.962646 0.269068 0.963379 0.268008 0.963867 0.270657 0.964600 0.269597 0.964600 0.268538 0.966064 0.267479 0.968262 0.268008 0.969727 0.266949
1 0.466553 0.266419 0.467041 0.270127 0.468018 0.270657 0.468750 0.267479 0.468262 0.266419
1 0.460449 0.265890 0.457520 0.266419 0.458008 0.268538 0.457764 0.269597 0.459961 0.269597 0.460693 0.268538
1 0.978271 0.265360 0.977295 0.267479 0.976562 0.267479 0.974365 0.271186 0.973145 0.271186 0.972900 0.272246 0.972412 0.272246 0.973145 0.272246 0.973633 0.273305 0.972656 0.275424 0.973389 0.275953 0.972412 0.278072 0.971924 0.277013 0.971436 0.277542 0.971436 0.278602 0.972900 0.279131 0.974121 0.277013 0.974854 0.277013 0.976807 0.269068 0.978271 0.266419
1 0.874512 0.265890 0.873779 0.266949 0.872559 0.266949 0.872314 0.265360 0.870850 0.266949 0.870850 0.268538 0.872314 0.269068 0.869629 0.273835 0.869873 0.275953 0.869141 0.277013 0.866943 0.277013 0.865479 0.275424 0.865723 0.278602 0.867676 0.277013 0.868652 0.278602 0.868652 0.280191 0.870361 0.280720 0.871826 0.277542 0.872803 0.277542 0.873535 0.278602 0.871826 0.281250 0.870117 0.281780 0.869629 0.283369 0.870117 0.283898 0.870117 0.284958 0.871338 0.283898 0.870605 0.283369 0.871338 0.281250 0.871826 0.281780 0.872803 0.279661 0.873535 0.280191 0.874756 0.278072 0.874512 0.277013 0.875000 0.276483 0.873047 0.273305 0.873535 0.275424 0.873291 0.277013 0.871338 0.277542 0.870605 0.276483 0.870605 0.275424 0.871338 0.273835 0.872070 0.273835 0.871338 0.273305 0.872314 0.270127
1 0.980469 0.264831 0.981445 0.266419 0.981445 0.267479 0.979492 0.270657 0.980957 0.271186 0.981445 0.273305 0.980957 0.274364 0.981445 0.274364 0.982178 0.273305 0.982178 0.271186 0.980957 0.271186 0.980713 0.269068 0.981689 0.268538 0.981689 0.264831
1 0.388184 0.264831 0.387695 0.265890 0.387695 0.271716 0.388184 0.271716 0.388916 0.273835 0.390137 0.273835 0.390625 0.272246 0.389648 0.270127 0.389404 0.267479
1 0.897705 0.269597 0.892822 0.272775 0.892334 0.273835 0.890137 0.273835 0.889893 0.273305 0.891113 0.271716 0.888672 0.270657 0.888184 0.269597 0.888672 0.268538 0.889893 0.268538 0.890137 0.267479 0.890625 0.268008 0.890625 0.269597 0.891113 0.268008 0.892822 0.266419 0.892822 0.264831 0.894287 0.263771 0.894775 0.262182 0.895020 0.262712 0.895752 0.261123 0.895020 0.261123 0.893311 0.264301 0.891602 0.263771 0.891602 0.266419 0.890625 0.267479 0.889160 0.266949 0.888184 0.268008 0.887451 0.265890 0.888428 0.263771 0.886230 0.263771 0.885742 0.266419 0.886963 0.266949 0.886963 0.268008 0.887451 0.267479 0.888184 0.269068 0.887207 0.270127 0.886230 0.269597 0.885254 0.271716 0.884277 0.272246 0.883057 0.275953 0.880615 0.275424 0.880127 0.276483 0.876953 0.276483 0.876465 0.275424 0.875977 0.277013 0.877441 0.277013 0.877930 0.278072 0.877197 0.279661 0.877441 0.280191 0.877197 0.279661 0.878906 0.276483 0.880371 0.276483 0.880859 0.278072 0.881348 0.278072 0.881836 0.277013 0.883301 0.277013 0.885010 0.273305 0.885742 0.274894 0.885254 0.276483 0.885742 0.277013 0.886963 0.275424 0.888916 0.275424 0.888672 0.274894 0.889404 0.273835 0.891113 0.274894 0.892822 0.273305 0.894043 0.273835 0.894775 0.272775 0.895996 0.272775
1 0.850830 0.260064 0.850342 0.260064 0.850098 0.261653 0.849365 0.261653 0.848877 0.263771 0.848389 0.262712 0.847656 0.263242 0.849121 0.265890 0.848877 0.268008 0.849365 0.268538 0.849121 0.267479 0.850098 0.265360 0.850830 0.265360 0.850830 0.264301 0.850342 0.263771 0.850342 0.261653 0.851074 0.261123 0.850586 0.260593
1 0.610596 0.267479 0.611084 0.266949 0.611572 0.268008 0.611572 0.273305 0.612305 0.274364 0.612793 0.274364 0.613525 0.272775 0.615234 0.273835 0.615723 0.275424 0.616943 0.274894 0.617188 0.275953 0.617432 0.274894 0.618652 0.275424 0.619873 0.272775 0.620605 0.272775 0.620361 0.270127 0.620850 0.268008 0.619629 0.267479 0.619141 0.269597 0.618652 0.269068 0.618652 0.267479 0.617676 0.265360 0.618164 0.263771 0.617676 0.264831 0.617920 0.266419 0.617432 0.267479 0.616211 0.266949 0.615479 0.268538 0.614990 0.267479 0.614014 0.268008 0.612549 0.264301 0.613037 0.260064 0.612061 0.262712 0.611328 0.263242
1 0.861328 0.268538 0.862549 0.267479 0.863037 0.268008 0.863281 0.266949 0.862793 0.265890 0.863770 0.264301 0.865479 0.264831 0.866943 0.263242 0.867188 0.264831 0.868408 0.262712 0.867432 0.260593 0.866699 0.261123 0.867188 0.261653 0.866943 0.262712 0.864258 0.262712 0.864014 0.261653 0.864502 0.261123 0.864014 0.261123 0.863281 0.259534 0.863281 0.263242 0.861572 0.263242 0.861084 0.264831 0.861572 0.266949
1 0.723145 0.259004 0.722900 0.260064 0.723633 0.260064 0.724365 0.262712 0.723633 0.263771 0.722900 0.266949 0.723145 0.267479 0.725098 0.266419 0.725586 0.267479 0.728271 0.268008 0.727783 0.265890 0.728027 0.264301 0.727539 0.262712 0.728027 0.261123 0.728027 0.259004 0.727295 0.259534 0.727539 0.262182 0.727051 0.263242 0.726562 0.263242 0.726318 0.261123 0.725586 0.260064
1 0.699951 0.258475 0.700195 0.260593 0.699707 0.261653 0.699219 0.259534 0.698975 0.261123 0.698242 0.261123 0.697754 0.260064 0.697998 0.260593 0.697021 0.262182 0.697998 0.263242 0.697510 0.264831 0.698486 0.263242 0.699463 0.264831 0.699219 0.262712 0.699951 0.262182 0.699707 0.261653 0.700195 0.260593 0.700684 0.261123
1 0.944580 0.258475 0.944092 0.257945 0.943359 0.260064 0.942139 0.261123 0.940430 0.264301 0.937500 0.266419 0.937256 0.268008 0.936523 0.268008 0.936279 0.266949 0.935059 0.267479 0.934570 0.266419 0.934570 0.267479 0.933838 0.268538 0.934570 0.269068 0.935547 0.268008 0.936279 0.269597 0.934814 0.271186 0.933594 0.273835 0.937256 0.268008 0.938965 0.268538 0.938965 0.265360 0.940918 0.265890 0.942383 0.263771 0.943115 0.264301 0.943604 0.261123
1 0.900635 0.257415 0.899658 0.260064 0.899414 0.259534 0.899658 0.260593 0.899170 0.261653 0.897705 0.261653 0.896484 0.263771 0.897461 0.263771 0.896973 0.264831 0.896973 0.268008 0.897705 0.268538 0.898193 0.267479 0.898438 0.269597 0.899414 0.269597 0.898926 0.268008 0.900391 0.265890 0.899902 0.263771
1 0.982666 0.257415 0.982666 0.260064 0.983643 0.261653 0.983643 0.262712 0.985352 0.262712 0.984375 0.264831 0.983398 0.264831 0.983398 0.265890 0.985107 0.265360 0.985840 0.264301 0.985840 0.262712 0.986816 0.260064 0.987549 0.260593 0.987305 0.262182 0.987793 0.262712 0.989258 0.262712 0.990967 0.261123 0.989990 0.261653 0.988770 0.258475 0.986572 0.258475 0.984619 0.256886
1 0.979248 0.256886 0.978271 0.257945 0.976562 0.257945 0.976807 0.261653 0.978760 0.261653 0.977295 0.261123 0.977051 0.260064 0.978516 0.257945 0.979248 0.257945
1 0.855713 0.255297 0.855225 0.255297 0.855713 0.256886 0.855225 0.257945 0.855713 0.259004 0.854736 0.261123 0.853027 0.262182 0.852295 0.264301 0.852539 0.264831 0.855713 0.264831 0.855225 0.263771 0.856445 0.262182
1 0.746582 0.255297 0.746094 0.257415 0.747070 0.258475 0.747559 0.262182 0.748047 0.262182 0.749023 0.264831 0.749023 0.268538 0.749512 0.267479 0.750732 0.268008 0.751221 0.269068 0.751709 0.268538 0.751709 0.266949 0.752441 0.265890 0.752686 0.262712 0.751953 0.262712 0.751709 0.260593 0.750977 0.261123 0.750244 0.259534 0.749756 0.262712 0.749268 0.261653 0.749268 0.258475 0.747803 0.255297
1 0.976074 0.254767 0.974609 0.255297 0.973633 0.253178 0.973633 0.254237 0.972900 0.255826 0.972412 0.255826 0.971436 0.259004 0.973145 0.259004 0.973145 0.257415 0.973877 0.255826 0.975830 0.257945 0.975342 0.255297
1 0.750977 0.250000 0.751953 0.251589 0.752686 0.251589 0.752930 0.253708 0.753906 0.254237 0.753906 0.257945 0.755127 0.257945 0.755371 0.259004 0.756104 0.257945 0.756104 0.254237 0.755127 0.252119 0.754395 0.252119 0.753662 0.250000
1 0.930420 0.250530 0.929932 0.249470 0.929199 0.249470 0.927979 0.251059 0.927002 0.250530 0.926514 0.251589 0.925293 0.251589 0.925049 0.250530 0.924072 0.251059 0.924805 0.252119 0.924561 0.256886 0.923584 0.257945 0.923340 0.257415 0.923828 0.256356 0.923096 0.254767 0.923096 0.256356 0.922363 0.256356 0.924805 0.259004 0.926270 0.255297 0.926025 0.253178 0.926514 0.251589 0.927002 0.251589 0.927734 0.253708 0.927002 0.255297 0.927490 0.255297 0.927734 0.254237 0.928223 0.254237 0.928467 0.255297 0.928467 0.253708 0.929932 0.252648
1 0.891846 0.248941 0.889893 0.248411 0.890625 0.249470 0.890625 0.250530 0.888916 0.254237 0.888672 0.253178 0.888184 0.253708 0.888428 0.254767 0.887451 0.255826 0.887207 0.257415 0.888672 0.254237 0.889648 0.253708 0.891846 0.250000
1 0.912598 0.247881 0.912354 0.248411 0.913330 0.250000 0.913330 0.251059 0.915771 0.255297 0.915527 0.256356 0.916504 0.257945 0.916504 0.259004 0.917480 0.259004 0.916748 0.257945 0.916992 0.256356 0.916504 0.254237 0.915527 0.252648 0.916260 0.251059 0.916260 0.250000 0.915283 0.251059 0.914062 0.248941 0.913330 0.249470
1 0.907715 0.248411 0.906494 0.248941 0.906494 0.247881 0.905762 0.247881 0.903564 0.250000 0.902588 0.253178 0.903320 0.253178 0.904785 0.250000 0.905273 0.251059 0.906006 0.251059 0.906494 0.249470
1 0.691895 0.248941 0.692871 0.251589 0.693848 0.251059 0.694336 0.252119 0.693848 0.248941 0.694580 0.248411 0.694092 0.247352 0.694336 0.246822 0.693604 0.248411 0.693115 0.246822
1 0.863037 0.246292 0.863281 0.248411 0.863770 0.247881 0.863770 0.248941 0.864502 0.247881 0.865723 0.249470 0.866211 0.251059 0.866211 0.253708 0.866943 0.253708 0.867920 0.251589 0.868896 0.251589 0.869141 0.250530 0.869873 0.250530 0.870117 0.251589 0.870850 0.250530 0.870850 0.248411 0.870605 0.250530 0.867188 0.250530 0.866455 0.249470 0.866943 0.248411 0.866211 0.247352 0.864990 0.247881 0.864258 0.245763
1 0.880859 0.245763 0.879639 0.245233 0.878174 0.247881 0.875488 0.247881 0.875000 0.248411 0.875000 0.251059 0.878662 0.248411 0.879639 0.249470 0.880615 0.247881 0.880371 0.247352
1 0.622559 0.244174 0.621094 0.244174 0.619873 0.250530 0.617920 0.250530 0.618408 0.251589 0.619385 0.251589 0.620605 0.254767 0.621094 0.254237 0.621826 0.251059 0.621338 0.252119 0.620605 0.251059 0.621094 0.249470 0.621826 0.248941 0.621826 0.246822
1 0.796143 0.250530 0.795654 0.250000 0.795898 0.248411 0.795166 0.247352 0.795410 0.246292 0.794922 0.246292 0.793945 0.243644 0.793213 0.244703 0.792725 0.249470 0.792969 0.250000 0.792480 0.251059 0.791992 0.250530 0.791992 0.249470 0.791504 0.250530 0.791016 0.249470 0.791260 0.248941 0.788086 0.248411 0.787109 0.250000 0.786865 0.251589 0.787354 0.253708 0.788574 0.254237 0.789062 0.255297 0.789795 0.255297 0.790039 0.253708 0.791016 0.254767 0.790527 0.255826 0.791748 0.255826 0.792480 0.257415 0.792236 0.257945 0.793945 0.255826 0.793945 0.254237 0.794678 0.252648 0.793945 0.252119 0.794189 0.251059 0.795654 0.250000 0.795898 0.250530 0.795410 0.251589
1 0.855469 0.242585 0.854004 0.242585 0.853271 0.244703 0.852783 0.244703 0.853760 0.246822 0.855225 0.246822 0.855225 0.245233 0.854492 0.246292 0.854248 0.245233 0.855469 0.243644
1 0.952881 0.241525 0.952148 0.241525 0.951904 0.240466 0.950928 0.242055 0.949707 0.241525 0.950195 0.242585 0.949707 0.243114 0.949707 0.247352 0.950195 0.246822 0.950195 0.245233 0.951172 0.245233 0.951660 0.243644 0.952881 0.243644 0.952148 0.243114
1 0.741699 0.239407 0.740723 0.241525 0.740967 0.244174 0.740234 0.244174 0.740234 0.245233 0.741943 0.244174 0.742188 0.245233 0.741455 0.246292 0.742432 0.249470 0.744385 0.250530 0.745850 0.254237 0.747314 0.253708 0.745850 0.250530 0.745850 0.247881 0.745361 0.248941 0.744385 0.248411 0.744385 0.246292 0.743408 0.245233 0.743408 0.243644 0.741943 0.240996
1 0.733887 0.238877 0.732666 0.238877 0.731934 0.240996 0.732666 0.242585 0.733154 0.242585 0.734375 0.239936
1 0.686035 0.238877 0.685791 0.241525 0.684814 0.243114 0.685059 0.244703 0.684326 0.245763 0.685059 0.247352 0.685059 0.248941 0.685059 0.247881 0.686523 0.244703 0.687012 0.245763 0.686279 0.247352 0.686279 0.248411 0.685059 0.250530 0.685059 0.251589 0.685547 0.250000 0.687744 0.250000 0.688232 0.253178 0.688721 0.252119 0.688232 0.251589 0.688232 0.250530 0.689209 0.250000 0.688965 0.249470 0.689697 0.247881 0.690430 0.247881 0.690430 0.248941 0.689941 0.246822 0.687256 0.246822 0.686768 0.244703 0.688965 0.241525 0.686523 0.242055
1 0.677490 0.237818 0.678467 0.239407 0.678223 0.241525 0.680176 0.239407 0.682129 0.242055 0.683105 0.242055 0.683105 0.240996 0.683594 0.240996 0.683105 0.239407 0.683350 0.240466 0.682617 0.242055 0.681885 0.238877 0.681152 0.237818 0.680420 0.238877 0.678467 0.238877
1 0.579102 0.236758 0.579102 0.242585 0.579590 0.247881 0.580322 0.249470 0.581543 0.249470 0.582031 0.247352 0.582764 0.247352 0.583984 0.250530 0.584717 0.250530 0.585205 0.246292 0.585938 0.244703 0.584229 0.243114 0.585938 0.240466 0.585938 0.238877 0.585449 0.238347 0.584473 0.240466 0.582275 0.241525 0.581543 0.240466 0.580566 0.240466
1 0.987549 0.243114 0.984863 0.242055 0.985840 0.240466 0.985840 0.236758 0.985107 0.236229 0.984375 0.237288 0.983887 0.239936 0.984131 0.240466 0.983398 0.242585 0.980469 0.244703 0.978271 0.247352 0.977539 0.247352 0.977295 0.249470 0.977783 0.247352 0.978760 0.248411 0.978027 0.250530 0.979492 0.250530 0.980713 0.248941 0.982422 0.248411 0.983398 0.245233 0.986328 0.244174 0.986328 0.242585
1 0.923340 0.245233 0.924561 0.242055 0.925049 0.243114 0.925781 0.242585 0.926270 0.243644 0.926025 0.244174 0.926758 0.244703 0.926514 0.245763 0.927246 0.244174 0.929932 0.244174 0.930664 0.243114 0.930664 0.241525 0.931396 0.239936 0.929688 0.239407 0.929443 0.240466 0.928711 0.240466 0.928467 0.239407 0.926025 0.238347 0.925293 0.236229 0.924561 0.237288 0.924561 0.239936 0.923828 0.241525 0.923828 0.244174
1 0.523193 0.235699 0.523682 0.238877 0.523193 0.239936 0.524170 0.238877 0.524414 0.239936 0.524902 0.238877 0.525391 0.239407 0.525146 0.236758
1 0.903564 0.236229 0.905029 0.236229 0.906006 0.237818 0.906250 0.237288 0.906982 0.238347 0.906738 0.239407 0.906494 0.238877 0.907959 0.242055 0.908936 0.243114 0.909424 0.242585 0.908691 0.240466 0.908203 0.240466 0.904541 0.234640 0.904053 0.236229
1 0.974609 0.237288 0.974121 0.237818 0.974121 0.236758 0.973389 0.236758 0.973389 0.234110 0.972656 0.234640 0.972412 0.236758 0.972900 0.237288 0.972412 0.238347 0.970703 0.238347 0.969482 0.237288 0.969238 0.236229 0.968506 0.236229 0.967285 0.243114 0.967529 0.241525 0.968262 0.241525 0.969727 0.244174 0.970459 0.242585 0.971191 0.242585 0.970459 0.241525 0.970947 0.240466 0.971680 0.240466 0.972168 0.239407 0.972900 0.240466 0.973877 0.239407
1 0.900391 0.247881 0.898682 0.247352 0.897949 0.248941 0.895508 0.250000 0.895020 0.249470 0.895752 0.247881 0.896973 0.247352 0.895996 0.244703 0.896973 0.242585 0.896729 0.240996 0.897461 0.239407 0.897461 0.237818 0.897949 0.237288 0.896973 0.238877 0.895752 0.238347 0.895752 0.237288 0.895020 0.235699 0.895752 0.234640 0.896729 0.235169 0.896240 0.236229 0.897461 0.234640 0.896484 0.233581 0.894531 0.235169 0.895752 0.238347 0.895508 0.239407 0.892578 0.238877 0.891357 0.235699 0.890381 0.235699 0.890381 0.237288 0.890869 0.238347 0.890137 0.239407 0.889404 0.237818 0.888184 0.237818 0.888184 0.239407 0.888916 0.238347 0.889404 0.238347 0.889404 0.239407 0.890625 0.239936 0.891602 0.239407 0.891846 0.240466 0.892578 0.240466 0.893066 0.242055 0.892334 0.243644 0.890381 0.244174 0.888916 0.246822 0.887939 0.246822 0.887451 0.248411 0.886719 0.248941 0.888672 0.250000 0.889404 0.248941 0.888916 0.248411 0.890625 0.244703 0.891113 0.244703 0.891113 0.246292 0.891846 0.246822 0.893066 0.245233 0.892822 0.243114 0.894043 0.241525 0.894775 0.243644 0.893799 0.245763 0.895020 0.244703 0.895508 0.245763 0.895752 0.245233 0.896240 0.246822 0.893311 0.250530 0.893555 0.251059 0.894287 0.250000 0.895996 0.250000 0.897217 0.248941 0.897705 0.250000 0.897461 0.251059 0.897949 0.251059 0.898438 0.252648 0.898193 0.250000
1 0.615234 0.234640 0.614502 0.233581 0.613770 0.235169 0.613525 0.233581 0.612549 0.233581 0.612061 0.234640 0.612061 0.236229 0.611084 0.237288 0.610352 0.239936 0.609619 0.240996 0.608398 0.240996 0.607910 0.242055 0.607910 0.244174 0.608154 0.243644 0.608887 0.245233 0.607422 0.246292 0.607422 0.248411 0.606934 0.249470 0.606934 0.245763 0.606445 0.245233 0.606934 0.242055 0.605713 0.240466 0.605957 0.242585 0.605225 0.244174 0.604492 0.243644 0.603516 0.245233 0.603516 0.246822 0.602539 0.250000 0.602539 0.253708 0.603516 0.253708 0.603760 0.251589 0.604980 0.248941 0.605713 0.250530 0.606689 0.249470 0.606934 0.251589 0.608154 0.251059 0.608643 0.250000 0.609375 0.252119 0.609131 0.253708 0.610596 0.257415 0.610352 0.260593 0.610840 0.260064 0.610840 0.261653 0.612793 0.256886 0.613770 0.258475 0.614746 0.258475 0.614502 0.257945 0.614990 0.256886 0.615479 0.257945 0.615479 0.256886 0.615967 0.256356 0.614990 0.255297 0.614502 0.256356 0.614014 0.255297 0.613281 0.255297 0.613281 0.254237 0.613770 0.253708 0.613525 0.253178 0.614502 0.252119 0.614746 0.246292 0.615723 0.244703 0.615234 0.240466 0.615479 0.239407 0.614990 0.237288 0.614258 0.236758
1 0.957520 0.231992 0.956055 0.233581 0.954834 0.233581 0.952637 0.236758 0.953125 0.238877 0.956543 0.238877 0.957275 0.236758 0.955566 0.237288 0.954834 0.235169 0.956543 0.234640 0.956787 0.233051
1 0.964111 0.229873 0.962891 0.229873 0.962158 0.231992 0.961182 0.233051 0.957764 0.233051 0.959473 0.233581 0.959961 0.234640 0.959717 0.236229 0.958252 0.236229 0.958008 0.237818 0.960205 0.237818 0.961426 0.234640 0.962158 0.234640 0.962402 0.233581 0.963135 0.233581 0.964355 0.235699 0.964600 0.234640 0.963623 0.233581
1 0.975586 0.235169 0.976807 0.236229 0.977051 0.237818 0.978516 0.236758 0.978516 0.235169 0.979248 0.236229 0.979248 0.235169 0.980469 0.233581 0.981445 0.235169 0.982910 0.233581 0.982422 0.232521 0.983398 0.230932 0.983887 0.230932 0.984375 0.233051 0.985596 0.233051 0.985596 0.230932 0.986572 0.228814 0.987305 0.228814 0.986572 0.228814 0.984863 0.231462 0.980225 0.230932 0.979248 0.228814 0.978271 0.228814 0.978516 0.229343 0.978027 0.230403 0.977295 0.229873 0.977295 0.231462 0.976074 0.231992
1 0.639160 0.228814 0.638428 0.228814 0.637451 0.231462 0.637207 0.230932 0.636963 0.232521 0.637451 0.232521 0.637695 0.234110 0.639160 0.234110 0.639160 0.233051 0.638672 0.232521
1 0.126953 0.228814 0.125977 0.230932 0.126709 0.235699 0.127686 0.235169 0.127686 0.230932
1 0.516602 0.231992 0.517334 0.235169 0.517578 0.234640 0.519287 0.236758 0.520264 0.236229 0.520508 0.233581 0.520020 0.233051 0.519287 0.229873 0.519531 0.229343 0.519043 0.228284 0.518555 0.228814 0.518066 0.231462 0.517578 0.230932 0.516846 0.232521
1 0.971436 0.227754 0.970459 0.229873 0.969238 0.229873 0.968994 0.228814 0.969727 0.227754 0.968750 0.227754 0.968506 0.229343 0.968018 0.228814 0.967529 0.229873 0.966797 0.229873 0.966309 0.231462 0.964844 0.230932 0.964844 0.232521 0.966553 0.231992 0.967773 0.234640 0.967773 0.232521 0.969727 0.233581 0.970215 0.233051 0.969727 0.231992 0.970703 0.229873 0.971191 0.230403
1 0.723389 0.227754 0.722168 0.227225 0.721436 0.229343 0.721191 0.231992 0.721680 0.233581 0.722900 0.233051 0.723389 0.230932
1 0.742188 0.226695 0.742188 0.229343 0.741211 0.230932 0.741211 0.232521 0.742188 0.234110 0.742188 0.236758 0.744385 0.236758 0.743896 0.235699 0.743896 0.234110 0.743408 0.233581 0.743408 0.231992 0.743896 0.230932 0.743164 0.228814 0.742432 0.228284
1 0.094971 0.226695 0.094238 0.228814 0.093750 0.228814 0.093018 0.230932 0.092285 0.231462 0.091797 0.234640 0.092041 0.246822 0.092529 0.247881 0.095459 0.249470 0.096436 0.248411 0.096680 0.248941 0.097168 0.247881 0.097656 0.247881 0.097656 0.248941 0.098877 0.249470 0.098389 0.245763 0.100586 0.244174 0.099854 0.242585 0.100586 0.240996 0.102051 0.240996 0.102539 0.239936 0.101562 0.236229 0.103027 0.234640 0.103027 0.233581 0.101318 0.233051 0.100830 0.234640 0.098877 0.235169 0.098389 0.234110 0.099121 0.231992 0.100098 0.232521 0.099609 0.230932 0.100342 0.229873 0.100342 0.228814 0.097900 0.228814 0.096680 0.227225 0.095215 0.227754
1 0.994873 0.227225 0.994141 0.227225 0.993896 0.228814 0.992188 0.228814 0.991455 0.226165 0.992188 0.224576 0.993896 0.224576 0.991943 0.224576 0.990723 0.226695 0.990479 0.228284 0.988281 0.228814 0.987793 0.227754 0.987793 0.228814 0.988281 0.229873 0.989258 0.229343 0.989502 0.229873 0.988770 0.230403 0.989014 0.231462 0.992432 0.230932 0.992676 0.231462 0.991943 0.232521 0.992676 0.233051 0.992920 0.231462 0.994873 0.228814
1 0.882812 0.224576 0.884277 0.225636 0.885254 0.228284 0.885010 0.230403 0.883789 0.230403 0.884521 0.230403 0.884766 0.231462 0.885498 0.230932 0.885742 0.232521 0.886230 0.231462 0.886719 0.232521 0.886719 0.234640 0.886963 0.233051 0.887939 0.231462 0.887939 0.229873 0.889648 0.233051 0.889648 0.234640 0.890625 0.234110 0.890625 0.233051 0.889648 0.231992 0.890137 0.230932 0.892090 0.230403 0.889160 0.230932 0.888672 0.229343 0.889160 0.228284 0.890381 0.227754 0.889648 0.227754 0.889404 0.226695 0.887939 0.226695 0.886963 0.228814 0.886230 0.228814 0.885254 0.227225 0.885986 0.225106 0.885986 0.223517 0.885010 0.223517 0.884033 0.225106
1 0.700195 0.222987 0.700439 0.225636 0.699463 0.227754 0.698975 0.226695 0.698730 0.222987 0.698730 0.226695 0.698242 0.228284 0.698975 0.228814 0.698730 0.230932 0.699463 0.233051 0.698486 0.234640 0.697998 0.234640 0.697021 0.232521 0.697754 0.230403 0.696777 0.233051 0.695801 0.231462 0.695801 0.230403 0.695068 0.230403 0.694580 0.229343 0.695068 0.228284 0.694824 0.227754 0.694580 0.229343 0.693604 0.228814 0.693848 0.229873 0.696777 0.233581 0.696533 0.235699 0.696533 0.234640 0.697266 0.234110 0.697754 0.235699 0.698730 0.236758 0.698730 0.242055 0.698975 0.239936 0.699707 0.238877 0.699463 0.237818 0.700439 0.237818 0.700439 0.236758 0.699219 0.236758 0.699707 0.234640 0.699463 0.233581 0.699951 0.233051 0.700195 0.234110 0.699707 0.229343 0.700195 0.228284 0.700684 0.228814 0.701416 0.227225 0.700684 0.225106 0.700928 0.223517
1 0.585693 0.222458 0.585205 0.223517 0.584473 0.222987 0.583252 0.225106 0.583740 0.226695 0.584229 0.226165 0.585205 0.228814 0.586426 0.228284 0.586426 0.224047 0.586182 0.225106
1 0.613037 0.222987 0.613281 0.224576 0.616211 0.224047 0.617188 0.225106 0.617432 0.224047 0.615967 0.221398 0.613281 0.221928
1 0.514160 0.221398 0.513672 0.221398 0.513428 0.222458 0.511963 0.222458 0.511475 0.224047 0.511475 0.226695 0.512207 0.228284 0.511963 0.229343 0.511475 0.229343 0.512695 0.231992 0.512695 0.230403 0.513672 0.231992 0.514648 0.230403 0.514648 0.227754 0.513184 0.225636 0.513672 0.224047 0.514160 0.224576 0.514893 0.222458
1 0.998291 0.220339 0.997314 0.222458 0.996094 0.222458 0.995117 0.224576 0.996094 0.225636 0.996826 0.228814 0.997559 0.225106 0.999756 0.223517 0.999756 0.222458 0.999268 0.223517
1 0.446777 0.218220 0.447266 0.220869 0.447021 0.222458 0.447510 0.223517 0.449707 0.223517 0.448975 0.220339 0.447998 0.220339
1 0.954834 0.217161 0.953857 0.216631 0.953125 0.217691 0.952637 0.215572 0.951904 0.215572 0.951660 0.216631 0.948975 0.219280 0.948975 0.220869 0.948242 0.222458 0.948242 0.224047 0.947754 0.224576 0.947754 0.226695 0.949219 0.232521 0.950439 0.229873 0.949951 0.230932 0.949219 0.230932 0.949219 0.228284 0.950928 0.228814 0.951660 0.227754 0.951904 0.225636 0.953125 0.221928 0.954590 0.221928 0.955322 0.220339 0.953857 0.219809 0.953857 0.218220
1 0.594727 0.217161 0.594727 0.218750 0.595215 0.219809 0.597412 0.219809 0.597900 0.224047 0.598145 0.222987 0.598633 0.223517 0.598633 0.221928 0.600098 0.221928 0.600342 0.223517 0.599854 0.225106 0.601562 0.225106 0.601074 0.224047 0.602051 0.222458 0.602295 0.223517 0.601807 0.224047 0.602295 0.224576 0.603271 0.224047 0.602539 0.222987 0.603027 0.221928 0.604004 0.222458 0.604004 0.221398 0.602783 0.222458 0.602295 0.221398 0.601807 0.222458 0.601318 0.220869 0.601562 0.219809 0.601074 0.220869 0.599854 0.220339 0.598877 0.217161 0.599609 0.215572 0.598145 0.217161 0.597900 0.218220 0.597412 0.217161
1 0.909912 0.218220 0.909180 0.218220 0.908447 0.215572 0.906494 0.215042 0.906494 0.216102 0.906982 0.216102 0.907227 0.217691 0.906250 0.218220 0.905762 0.221398 0.904541 0.219809 0.905518 0.217691 0.905518 0.216631 0.904297 0.218750 0.903320 0.218220 0.904053 0.220339 0.903564 0.222458 0.899170 0.225106 0.901123 0.224576 0.902100 0.226165 0.903320 0.226165 0.904053 0.225106 0.903564 0.224047 0.903809 0.223517 0.905273 0.223517 0.906006 0.222458 0.906494 0.222987 0.906982 0.221928 0.908936 0.221928 0.909912 0.220339
1 0.901123 0.214513 0.897949 0.217161 0.898193 0.218220 0.899170 0.218750 0.899658 0.218220 0.899658 0.216631 0.901123 0.216631
1 0.752686 0.212924 0.752197 0.213983 0.752441 0.217161 0.753174 0.217691 0.753662 0.216631 0.754395 0.217691 0.754639 0.215572 0.753662 0.213453
1 0.585693 0.212924 0.584717 0.214513 0.584961 0.215042 0.583496 0.217691 0.583008 0.219809 0.584717 0.220339 0.585205 0.219280 0.585449 0.221398 0.585205 0.220869 0.585938 0.219280 0.585693 0.218220 0.586670 0.216631 0.585693 0.215042
1 0.671387 0.212924 0.669922 0.212924 0.669678 0.216631 0.668457 0.217691 0.668213 0.218750 0.667969 0.218220 0.668457 0.219280 0.667969 0.221398 0.668945 0.221398 0.668945 0.223517 0.668457 0.224047 0.668701 0.225106 0.669434 0.224576 0.669434 0.222987 0.670410 0.219809 0.670166 0.216631 0.671631 0.215042
1 0.663086 0.212924 0.663086 0.215042 0.664551 0.216631 0.666016 0.216631 0.666748 0.215042 0.663330 0.212394
1 0.604248 0.212394 0.602783 0.212394 0.602295 0.215572 0.603027 0.217161 0.604004 0.216102 0.604492 0.213983
1 0.969971 0.210805 0.968994 0.212394 0.968262 0.212394 0.968262 0.215572 0.968994 0.215572 0.968750 0.219809 0.971436 0.219280 0.970947 0.218750 0.970947 0.217161 0.970215 0.217161 0.968506 0.214513
1 0.792480 0.210805 0.791504 0.211864 0.791016 0.210805 0.790283 0.211864 0.789307 0.211864 0.788574 0.213983 0.788086 0.213453 0.787354 0.214513 0.786865 0.213453 0.787109 0.212394 0.786377 0.213983 0.785156 0.213983 0.784668 0.215042 0.784180 0.214513 0.784668 0.215042 0.784424 0.216102 0.785889 0.217161 0.787598 0.217161 0.785645 0.221398 0.785156 0.219809 0.784180 0.221928 0.784180 0.224576 0.784668 0.224576 0.785645 0.227754 0.785156 0.228814 0.785645 0.230403 0.783691 0.232521 0.784180 0.233051 0.784180 0.235699 0.786621 0.234640 0.786621 0.231462 0.787598 0.230403 0.786865 0.228814 0.787109 0.228284 0.787842 0.228284 0.787842 0.229343 0.788330 0.229343 0.788574 0.230932 0.790283 0.229873 0.790771 0.227754 0.790771 0.222987 0.791748 0.220339 0.791260 0.218750 0.792480 0.217691 0.792480 0.216631 0.793457 0.215572 0.792236 0.211335
1 0.936523 0.213983 0.933594 0.216102 0.933105 0.215042 0.935059 0.210275 0.933350 0.211864 0.932617 0.213983 0.931396 0.215572 0.930664 0.215572 0.930420 0.218220 0.929199 0.218750 0.928223 0.217161 0.927979 0.218750 0.927002 0.220339 0.927734 0.220339 0.927734 0.221928 0.925781 0.224047 0.926758 0.223517 0.927246 0.224576 0.926758 0.226165 0.926758 0.227754 0.927246 0.228814 0.926025 0.230403 0.925537 0.229873 0.925293 0.231462 0.920654 0.236758 0.921387 0.236758 0.921875 0.238877 0.922363 0.237818 0.923340 0.238877 0.922852 0.238347 0.923584 0.236758 0.925293 0.234640 0.925537 0.235169 0.926758 0.229873 0.927246 0.229343 0.927734 0.230403 0.928711 0.230403 0.930908 0.227754 0.930908 0.226695 0.930420 0.226165 0.931152 0.224047 0.930420 0.224047 0.928955 0.227225 0.928467 0.226695 0.927734 0.228284 0.927002 0.227754 0.927002 0.224047 0.927979 0.222458 0.928223 0.219809 0.930908 0.218750 0.930908 0.217161 0.931396 0.216631 0.931152 0.216102 0.932129 0.215042 0.932617 0.216102 0.932129 0.216631 0.932617 0.217691 0.933594 0.217161 0.934326 0.218220 0.934570 0.219809 0.935303 0.219809 0.935791 0.220869 0.935791 0.218750 0.936768 0.217691 0.936035 0.216102
1 0.874512 0.215042 0.875244 0.216631 0.875000 0.218220 0.875732 0.217691 0.875977 0.218750 0.876709 0.218750 0.877441 0.221398 0.878906 0.220339 0.879150 0.218750 0.881592 0.218220 0.881592 0.217161 0.881104 0.217161 0.881104 0.215572 0.882324 0.213453 0.882812 0.211335 0.882568 0.210275 0.881104 0.210275 0.880615 0.211335 0.877197 0.210275 0.875732 0.213983
1 0.924561 0.209746 0.923096 0.211335 0.921875 0.211335 0.921875 0.213453 0.920166 0.215572 0.920166 0.217161 0.921143 0.215042 0.923340 0.213453
1 0.896729 0.209746 0.896240 0.212924 0.896484 0.213453 0.895996 0.214513 0.895996 0.217691 0.896973 0.217691 0.897705 0.213983 0.897217 0.212394 0.897705 0.210805
1 0.676758 0.208686 0.674805 0.222987 0.675293 0.233581 0.671875 0.235699 0.671143 0.245763 0.669189 0.245233 0.667725 0.240996 0.668945 0.233581 0.666992 0.233051 0.666748 0.229873 0.668701 0.228814 0.666992 0.227754 0.662598 0.231992 0.664062 0.233581 0.662842 0.236758 0.661133 0.234110 0.661621 0.238877 0.653564 0.242585 0.648682 0.240466 0.647217 0.244174 0.649414 0.249470 0.647705 0.252119 0.645508 0.249470 0.644043 0.242585 0.640137 0.242585 0.639648 0.247881 0.641357 0.245763 0.644531 0.250000 0.643799 0.253178 0.641357 0.248941 0.639648 0.250530 0.641602 0.250530 0.644775 0.257945 0.643066 0.267479 0.646484 0.261653 0.649414 0.264831 0.653564 0.264301 0.649658 0.262182 0.652100 0.257415 0.652832 0.259004 0.651611 0.261123 0.654297 0.262182 0.653320 0.256886 0.656494 0.255297 0.658691 0.249470 0.661133 0.252648 0.660889 0.248941 0.662598 0.247352 0.661865 0.250000 0.665527 0.248941 0.667969 0.255826 0.667236 0.261123 0.665527 0.262712 0.667480 0.266419 0.667969 0.272246 0.667236 0.273835 0.664062 0.270657 0.664307 0.272775 0.666504 0.273835 0.666016 0.275953 0.667725 0.279131 0.671143 0.275953 0.673096 0.281780 0.672852 0.277013 0.674805 0.272775 0.672607 0.271716 0.676514 0.272775 0.676514 0.268008 0.678955 0.261653 0.678467 0.258475 0.676270 0.260593 0.677734 0.265360 0.673584 0.269597 0.674561 0.265360 0.672852 0.266949 0.672363 0.264831 0.677246 0.256356 0.674561 0.261123 0.674072 0.257945 0.672119 0.259534 0.671631 0.255826 0.672607 0.253708 0.673584 0.256886 0.672363 0.251589 0.675537 0.243644 0.675049 0.238877 0.677734 0.234640 0.675537 0.234640 0.677002 0.232521 0.675537 0.228814 0.677734 0.227754 0.676514 0.225106 0.677490 0.219280
1 0.462402 0.206038 0.461670 0.208686 0.461182 0.208157 0.461182 0.209216 0.462402 0.211864 0.462158 0.213453 0.461426 0.213983 0.461182 0.212394 0.460693 0.212394 0.459473 0.215572 0.459473 0.219809 0.458984 0.220339 0.459229 0.222458 0.458496 0.225636 0.459961 0.228814 0.458984 0.231462 0.458984 0.233051 0.461914 0.235169 0.461670 0.234640 0.462646 0.234640 0.463135 0.232521 0.462891 0.233051 0.462402 0.231992 0.462891 0.230932 0.461426 0.229873 0.461914 0.229343 0.461426 0.228814 0.461426 0.226695 0.462158 0.226165 0.461670 0.225106 0.461670 0.222458 0.463135 0.221398 0.463379 0.222987 0.464111 0.224047 0.466064 0.224047 0.466553 0.221398 0.468018 0.220869 0.469238 0.218220 0.469238 0.214513 0.467529 0.209216 0.467041 0.209746 0.465820 0.208686 0.465576 0.209746 0.465332 0.209216 0.464111 0.210805 0.462158 0.210805 0.461670 0.208686 0.462402 0.207627
1 0.349854 0.208157 0.349854 0.209216 0.351074 0.209746 0.351562 0.208686 0.353516 0.209746 0.353271 0.207627 0.352051 0.204979 0.351318 0.204979
1 0.961182 0.203390 0.961914 0.204449 0.962158 0.206568 0.963135 0.206568 0.963867 0.208686 0.961914 0.213983 0.963379 0.214513 0.964111 0.212924 0.964111 0.211864 0.963623 0.211335 0.964355 0.208686 0.965088 0.208686 0.963623 0.208157 0.963135 0.204979
1 0.075439 0.204979 0.074707 0.204449 0.075439 0.206038 0.075195 0.207627 0.073730 0.206568 0.073242 0.207097 0.072510 0.205508 0.073486 0.203390 0.074219 0.203919 0.073730 0.202860 0.072021 0.202860 0.071777 0.203919 0.070557 0.201801 0.068848 0.202331 0.069092 0.203919 0.068359 0.205508 0.067871 0.204449 0.066895 0.206568 0.066650 0.204449 0.066162 0.203390 0.065430 0.203390 0.066406 0.206038 0.065918 0.206568 0.065674 0.208686 0.064697 0.208686 0.064941 0.211335 0.064453 0.211864 0.064209 0.215042 0.063477 0.216102 0.063477 0.219809 0.063965 0.219809 0.065918 0.223517 0.068115 0.225106 0.068848 0.223517 0.070068 0.223517 0.069580 0.222458 0.069824 0.221928 0.069336 0.222458 0.069336 0.220869 0.068359 0.219809 0.069580 0.218220 0.070801 0.218750 0.071045 0.217691 0.072021 0.218220 0.072754 0.217161 0.073730 0.219280 0.073730 0.218220 0.074219 0.217691 0.073975 0.216631 0.074951 0.214513 0.074707 0.213453 0.076416 0.212394 0.075684 0.210275 0.075928 0.208686
1 0.919434 0.199682 0.918213 0.199682 0.916992 0.201271 0.917480 0.202331 0.916992 0.203390 0.917480 0.204979 0.916504 0.207097 0.916992 0.207627 0.916992 0.208686 0.917725 0.208157 0.917725 0.207097 0.918701 0.205508 0.918457 0.203390 0.917480 0.202860 0.917969 0.201801 0.918701 0.201801 0.918945 0.200742 0.919678 0.201801 0.919189 0.200742
1 0.664551 0.200742 0.664307 0.201801 0.663818 0.199682 0.662598 0.200212 0.662354 0.201271 0.662109 0.200742 0.661621 0.204979 0.661133 0.204979 0.661377 0.205508 0.660889 0.206568 0.660645 0.206038 0.660889 0.206568 0.660156 0.207627 0.661133 0.207627 0.661865 0.204979 0.662354 0.204979 0.662842 0.207097 0.663574 0.206568
1 0.596436 0.199153 0.596191 0.201801 0.594971 0.203919 0.593994 0.203390 0.593750 0.201271 0.592773 0.202331 0.593262 0.203919 0.592285 0.204449 0.592041 0.205508 0.590820 0.205508 0.590576 0.206568 0.588867 0.206568 0.588379 0.205508 0.588379 0.209216 0.589111 0.209216 0.589600 0.210805 0.589355 0.211864 0.588867 0.211864 0.588867 0.213453 0.588379 0.213983 0.588379 0.216631 0.589355 0.218220 0.589355 0.219809 0.589844 0.220339 0.589844 0.224047 0.589355 0.224576 0.589111 0.222458 0.588623 0.221928 0.588623 0.220339 0.588135 0.220339 0.587891 0.226165 0.588379 0.226695 0.588379 0.228284 0.586914 0.229343 0.586914 0.230403 0.587646 0.230403 0.588379 0.228284 0.589111 0.228284 0.589600 0.229343 0.589111 0.225636 0.589844 0.224047 0.591064 0.224047 0.591064 0.220339 0.591553 0.219809 0.590088 0.216102 0.591797 0.212394 0.592285 0.213453 0.593506 0.213453 0.593506 0.211864 0.592041 0.211335 0.592041 0.208686 0.593262 0.206038 0.593750 0.206568 0.593750 0.208157 0.594238 0.207097 0.594971 0.207097 0.595459 0.206038 0.595459 0.204449 0.596436 0.202860
1 0.951660 0.196504 0.951172 0.196504 0.950684 0.198093 0.948975 0.199153 0.948730 0.200742 0.950195 0.199153 0.950684 0.200212 0.949463 0.202331 0.950928 0.201271 0.951904 0.199682
1 0.700195 0.195975 0.699707 0.196504 0.700439 0.202860 0.701416 0.202860 0.701904 0.201801 0.701172 0.199153 0.701416 0.196504
1 0.962402 0.192267 0.961426 0.192797 0.961914 0.193326 0.960449 0.195445 0.959717 0.199153 0.960693 0.198623 0.961914 0.200212 0.961914 0.201801 0.962646 0.202331 0.963379 0.198623 0.963867 0.199153 0.963867 0.201271 0.964111 0.200742 0.964111 0.199153 0.963623 0.198093 0.964111 0.197564 0.964111 0.195975 0.964600 0.194915 0.963623 0.194915
1 0.935303 0.192267 0.931152 0.195445 0.931885 0.194915 0.932373 0.196504 0.935303 0.193856
1 0.781250 0.192267 0.780029 0.193856 0.780762 0.194386 0.780273 0.194915 0.780273 0.199682 0.779785 0.200212 0.780029 0.204979 0.781006 0.204979 0.781738 0.206038 0.781738 0.207097 0.780762 0.207627 0.780273 0.209216 0.780273 0.212924 0.781006 0.213453 0.781494 0.215572 0.782227 0.215572 0.783203 0.214513 0.781494 0.215572 0.781250 0.215042 0.781982 0.213453 0.781982 0.211864 0.784180 0.210275 0.783691 0.209216 0.783936 0.208157 0.783447 0.208157 0.783691 0.205508 0.783203 0.204979 0.783203 0.203919 0.783936 0.202331 0.783447 0.200212 0.784424 0.198093 0.782715 0.198093 0.782227 0.195445 0.782959 0.193856 0.782227 0.194915 0.781494 0.193326 0.782227 0.192267
1 0.650879 0.191737 0.648438 0.193856 0.648438 0.198093 0.648926 0.198623 0.647949 0.201271 0.649170 0.202331 0.650146 0.201271 0.650146 0.197564 0.648926 0.197564 0.649658 0.194915 0.650635 0.193856 0.650879 0.194386 0.650879 0.192797 0.650391 0.192267
1 0.638672 0.194386 0.637939 0.194386 0.635986 0.191208 0.635498 0.192797 0.635742 0.193856 0.634521 0.196504 0.634521 0.198623 0.634766 0.199153 0.635498 0.198093 0.635742 0.195445 0.636963 0.195445 0.636963 0.198623 0.637695 0.198623 0.637207 0.197034 0.638184 0.197034 0.638672 0.195975
1 0.695801 0.190678 0.695068 0.192267 0.695312 0.193326 0.694824 0.194386 0.695557 0.194915 0.695068 0.196504 0.697021 0.195975 0.697266 0.197034 0.697510 0.195975 0.697266 0.196504 0.696533 0.195445 0.696777 0.194386 0.697754 0.194915 0.696533 0.193856 0.696533 0.192797 0.697266 0.191208 0.696289 0.192267
1 0.699219 0.194386 0.700195 0.192797 0.701660 0.193326 0.702393 0.191208 0.699707 0.190148 0.699951 0.191737 0.698975 0.192797
1 0.668213 0.188559 0.666992 0.190148 0.667480 0.190678 0.667480 0.192267 0.668457 0.193856 0.667969 0.194915 0.668457 0.195445 0.670166 0.193326 0.669922 0.191737 0.670410 0.191208 0.670410 0.190148 0.669922 0.190678 0.669678 0.189619
1 0.646484 0.193326 0.645508 0.191208 0.644287 0.191737 0.642578 0.188030 0.642090 0.193326 0.642578 0.193856 0.642822 0.196504 0.642090 0.197034 0.641602 0.200742 0.642578 0.199682 0.642578 0.198093 0.643555 0.195445 0.643311 0.192797 0.643799 0.191737 0.644043 0.192797 0.645508 0.194386 0.645508 0.195975 0.645996 0.197034 0.646484 0.195975
1 0.887939 0.186970 0.886475 0.185911 0.886963 0.188559 0.885986 0.190678 0.884521 0.191737 0.884033 0.193856 0.884521 0.193856 0.884521 0.192797 0.886230 0.190148 0.886719 0.191208 0.887451 0.189619 0.887695 0.190148
1 0.903564 0.185381 0.902588 0.186970 0.901367 0.186970 0.900879 0.184852 0.900391 0.185911 0.900879 0.186441 0.900391 0.188559 0.899414 0.190678 0.897461 0.189089 0.897949 0.188030 0.897461 0.188559 0.897217 0.192797 0.898193 0.194915 0.898193 0.192797 0.898682 0.192267 0.899414 0.193856 0.899414 0.195445 0.898682 0.195975 0.899658 0.195975 0.899902 0.191737 0.901611 0.190148 0.900879 0.189089 0.901855 0.186970 0.902344 0.188030
1 0.675293 0.184852 0.675293 0.186970 0.674561 0.188030 0.674316 0.190678 0.674561 0.190148 0.675781 0.192267 0.676758 0.192267 0.677002 0.193326 0.677490 0.192267 0.677002 0.190678 0.675537 0.190148 0.675537 0.188030 0.676025 0.188030
1 0.600586 0.184322 0.600098 0.184852 0.600098 0.194386 0.600586 0.194915 0.601074 0.191737 0.601562 0.192797 0.602051 0.192797 0.602295 0.191737 0.601318 0.190148 0.601318 0.187500 0.600830 0.186970 0.601074 0.185381
1 0.417725 0.184322 0.416992 0.185381 0.416992 0.186970 0.416504 0.187500 0.416992 0.189089 0.416748 0.189619 0.415771 0.189619 0.413818 0.193856 0.412842 0.193326 0.412842 0.194386 0.413818 0.194386 0.414062 0.195445 0.414795 0.195445 0.414551 0.194915 0.415283 0.194386 0.415771 0.196504 0.415527 0.195975 0.417725 0.186441
1 0.604980 0.183263 0.601562 0.184322 0.601562 0.185911 0.603516 0.188030 0.604980 0.185381
1 0.650879 0.182733 0.650391 0.182733 0.649414 0.185381 0.649902 0.186441 0.649902 0.189619 0.651367 0.186441
1 0.590332 0.181674 0.588867 0.182733 0.588867 0.184322 0.589355 0.185381 0.590576 0.185381 0.590820 0.182733
1 0.422363 0.183263 0.421143 0.181674 0.419678 0.182733 0.420410 0.184852 0.420166 0.187500 0.420654 0.186970 0.420166 0.185911 0.420410 0.185381 0.421143 0.186441 0.422363 0.185911
1 0.850342 0.181674 0.847412 0.184852 0.847168 0.183792 0.847656 0.181674 0.846924 0.183263 0.845703 0.183792 0.844482 0.181144 0.844238 0.181674 0.844727 0.182203 0.844971 0.184322 0.844482 0.184852 0.845459 0.184322 0.845703 0.185381 0.844238 0.188559 0.843506 0.188559 0.843506 0.186970 0.842529 0.186441 0.840820 0.192267 0.838867 0.193856 0.838135 0.196504 0.837891 0.195975 0.836670 0.197564 0.837402 0.197564 0.838379 0.195975 0.838623 0.196504 0.839111 0.194386 0.840332 0.192797 0.840820 0.193326 0.841064 0.191737 0.842285 0.189619 0.843262 0.190148 0.842041 0.194915 0.843262 0.196504 0.843750 0.194915 0.842773 0.194915 0.842529 0.192797 0.843994 0.189619 0.844971 0.190678 0.846680 0.190678 0.847656 0.188559 0.848145 0.188559 0.848389 0.186441 0.849365 0.184322 0.850586 0.183792 0.850098 0.183263
1 0.696289 0.180085 0.694824 0.179025 0.695068 0.180085 0.694580 0.181144 0.692871 0.181144 0.692139 0.183263 0.691406 0.183263 0.691406 0.184852 0.691895 0.185381 0.692139 0.183792 0.692871 0.184322 0.693604 0.181144 0.695801 0.181674 0.695557 0.180614
1 0.510010 0.179025 0.509521 0.180614 0.510010 0.184322 0.510986 0.183263 0.511230 0.184322 0.511230 0.180614 0.510986 0.181674 0.510498 0.179025
1 0.864990 0.177966 0.861328 0.180614 0.860596 0.182203 0.859131 0.182203 0.858643 0.182733 0.858398 0.184852 0.860107 0.182203 0.861328 0.182203 0.861572 0.183263 0.861084 0.184322 0.861572 0.184852 0.861572 0.183792 0.862549 0.183792 0.861328 0.182203 0.861816 0.181144 0.862549 0.182203 0.863037 0.179555 0.863525 0.179555 0.863770 0.180614 0.863770 0.179555
1 0.947510 0.176377 0.945557 0.176907 0.944824 0.178496 0.939941 0.178496 0.939209 0.181144 0.940186 0.181674 0.939697 0.182733 0.940430 0.184322 0.940186 0.183792 0.941162 0.181674 0.940674 0.181674 0.941162 0.180085 0.942627 0.179555 0.943604 0.177966 0.943848 0.179025 0.944580 0.178496 0.945068 0.179555 0.944336 0.181144 0.945312 0.179555 0.946045 0.179555 0.946045 0.181674 0.946533 0.182733 0.946289 0.179555 0.946533 0.177966
1 0.900879 0.174788 0.899414 0.176907 0.898438 0.176907 0.897949 0.179025 0.897461 0.177966 0.897461 0.180085 0.897949 0.180614 0.897705 0.181674 0.898682 0.181144 0.898926 0.182733 0.899414 0.182733 0.899658 0.183792 0.900391 0.183263 0.900635 0.178496 0.899902 0.179025 0.900391 0.180085 0.899902 0.181674 0.898926 0.181144 0.899414 0.180085 0.898926 0.178496
1 0.842285 0.178496 0.843018 0.178496 0.843506 0.179555 0.843750 0.177436 0.844238 0.177966 0.844727 0.176377 0.845215 0.176377 0.845215 0.175318 0.845947 0.175318 0.846436 0.176907 0.848389 0.176377 0.849121 0.179025 0.850586 0.179555 0.851318 0.178496 0.852051 0.175318 0.851074 0.176907 0.850342 0.176907 0.849854 0.175847 0.847656 0.175847 0.846680 0.174258 0.844727 0.175318
1 0.952881 0.173729 0.951660 0.175847 0.952148 0.176907 0.950684 0.177966 0.951416 0.185911 0.952393 0.185911 0.953369 0.182203 0.953613 0.185381 0.954102 0.181674 0.953613 0.179025 0.953369 0.181674 0.951904 0.177966 0.952881 0.175847
1 0.678711 0.181144 0.678955 0.183792 0.678467 0.185381 0.679443 0.184322 0.680176 0.184852 0.678711 0.188030 0.679688 0.188030 0.679688 0.186441 0.680420 0.184852 0.680908 0.184852 0.681396 0.185911 0.681152 0.189089 0.681885 0.191208 0.681641 0.190148 0.682129 0.188559 0.682617 0.189619 0.683350 0.189619 0.682617 0.190678 0.683105 0.193326 0.682617 0.193856 0.682129 0.192797 0.681152 0.193856 0.682861 0.194915 0.683838 0.193326 0.683105 0.190678 0.683350 0.189089 0.681885 0.188030 0.682373 0.186970 0.681885 0.183792 0.682861 0.181674 0.683594 0.182203 0.683838 0.184852 0.684570 0.184852 0.685303 0.189089 0.687012 0.192267 0.687012 0.191208 0.687500 0.190678 0.687256 0.190148 0.687744 0.189619 0.687012 0.188030 0.687744 0.183263 0.686768 0.180614 0.688232 0.180085 0.688965 0.181144 0.688965 0.183263 0.688477 0.183792 0.688232 0.185911 0.688721 0.186441 0.688477 0.186970 0.689453 0.189619 0.689209 0.190148 0.689453 0.190678 0.690674 0.189089 0.690186 0.188030 0.690186 0.184322 0.690918 0.183263 0.690430 0.182733 0.690430 0.181674 0.690186 0.183792 0.689453 0.181674 0.689697 0.181144 0.689209 0.180614 0.689453 0.180085 0.688477 0.180085 0.688965 0.179025 0.687988 0.177436 0.688477 0.176377 0.687988 0.173729 0.686523 0.176907 0.685547 0.174788 0.685303 0.172669 0.683838 0.173199 0.683838 0.172140 0.683350 0.172140 0.683350 0.173199 0.685059 0.174788 0.684326 0.175318 0.684326 0.177436 0.682861 0.176907 0.683594 0.178496 0.682617 0.181674 0.681152 0.182733 0.681152 0.180614 0.680420 0.179555 0.680176 0.177436 0.680176 0.180085
1 0.939453 0.177436 0.940674 0.177436 0.941650 0.175847 0.942627 0.175847 0.943359 0.174788 0.945312 0.175847 0.947266 0.173199 0.948242 0.175318 0.947998 0.174788 0.948486 0.173729 0.949707 0.172669 0.950195 0.173729 0.950684 0.172669 0.950439 0.171081 0.948975 0.171610 0.947998 0.173199 0.947266 0.172669 0.946777 0.173729 0.946533 0.172669 0.947021 0.171610 0.945557 0.172140 0.945068 0.171081 0.945068 0.172669 0.943115 0.173199 0.942871 0.172140 0.943604 0.171610 0.942627 0.171081 0.940430 0.173729 0.940430 0.175847
1 0.959717 0.169492 0.959473 0.170021 0.959229 0.168962 0.958008 0.170551 0.955811 0.171610 0.954102 0.174258 0.955811 0.173729 0.956055 0.172669 0.957031 0.172669 0.958252 0.174258 0.957764 0.172669 0.958252 0.172140 0.958740 0.173199 0.959229 0.172140 0.958984 0.171081
1 0.896729 0.173199 0.895264 0.175318 0.894531 0.178496 0.893799 0.179025 0.893799 0.176907 0.893066 0.175847 0.893799 0.174788 0.893066 0.174788 0.892822 0.173729 0.893799 0.172140 0.893799 0.170551 0.894531 0.169492 0.894287 0.168962 0.892090 0.173729 0.891602 0.173729 0.892334 0.174788 0.892090 0.176907 0.892578 0.177436 0.892578 0.178496 0.891602 0.180085 0.891602 0.181674 0.892334 0.181674 0.892578 0.180085 0.893311 0.180614 0.892578 0.179555 0.892822 0.179025 0.894775 0.180085 0.894775 0.177966 0.895752 0.177436 0.895264 0.175847
1 0.707031 0.175847 0.707031 0.179555 0.709717 0.179555 0.710449 0.186441 0.714355 0.191208 0.710938 0.197564 0.709717 0.195445 0.711670 0.203390 0.710449 0.206568 0.708984 0.206038 0.708984 0.209216 0.712402 0.212924 0.709229 0.213453 0.709473 0.217691 0.713379 0.219809 0.712158 0.206568 0.714600 0.206568 0.715332 0.210805 0.714844 0.208157 0.716797 0.206568 0.717041 0.210805 0.717773 0.206568 0.719971 0.205508 0.713623 0.206038 0.713379 0.203390 0.712891 0.206568 0.711670 0.203919 0.710938 0.198093 0.715088 0.192267 0.717285 0.201271 0.718506 0.199682 0.720703 0.202860 0.721191 0.207627 0.722900 0.208157 0.721680 0.210805 0.720459 0.208157 0.720215 0.210805 0.723633 0.211335 0.724365 0.206038 0.724121 0.212394 0.725342 0.213453 0.725342 0.206568 0.726318 0.206038 0.726562 0.216102 0.728271 0.216631 0.732422 0.227754 0.738037 0.236758 0.739502 0.236758 0.738037 0.231462 0.739014 0.227754 0.738037 0.226165 0.738281 0.220869 0.742920 0.220869 0.743652 0.225106 0.744873 0.224576 0.744873 0.218220 0.743652 0.213983 0.741455 0.213453 0.741699 0.210275 0.739502 0.211864 0.737793 0.208686 0.738037 0.215042 0.734863 0.212924 0.735596 0.207627 0.732178 0.206038 0.732910 0.202331 0.731201 0.202860 0.728760 0.196504 0.729736 0.193856 0.726562 0.194915 0.727783 0.191208 0.726807 0.188559 0.724854 0.189089 0.724365 0.183263 0.723877 0.186441 0.721680 0.186441 0.722900 0.180614 0.720947 0.182733 0.721924 0.177966 0.720947 0.180085 0.716064 0.178496 0.720947 0.177436 0.718994 0.172669 0.719482 0.169492 0.721191 0.173199 0.722168 0.170021 0.718262 0.167903 0.718506 0.173729 0.711182 0.171610 0.710693 0.174788 0.708008 0.173729 0.708496 0.175318
1 0.958740 0.165254 0.956055 0.166314 0.956055 0.168432 0.954590 0.170551 0.956055 0.168962 0.958008 0.168432 0.958496 0.166843 0.957764 0.167903 0.957275 0.167373 0.958008 0.165254
1 0.876221 0.165254 0.874756 0.167373 0.875000 0.168432 0.874512 0.169492 0.875488 0.168962 0.875732 0.170021 0.874512 0.173199 0.874512 0.174258 0.876465 0.169492 0.875977 0.168962
1 0.805908 0.164195 0.805176 0.164195 0.804688 0.166314 0.803711 0.166314 0.803467 0.167373 0.802734 0.166314 0.802979 0.165254 0.801758 0.165784 0.801270 0.166843 0.801270 0.171081 0.799316 0.174788 0.799316 0.176377 0.799805 0.177436 0.798340 0.178496 0.799072 0.178496 0.800049 0.180614 0.800781 0.179555 0.800293 0.177966 0.801514 0.176377 0.800781 0.174788 0.801025 0.171610 0.803955 0.174258 0.804199 0.175318 0.804932 0.174258 0.805664 0.175847 0.805664 0.172140 0.806152 0.171610
1 0.844482 0.163665 0.843506 0.164725 0.842285 0.164725 0.840820 0.167903 0.836914 0.170551 0.838135 0.172140 0.838135 0.170551 0.838623 0.170021 0.839355 0.173199 0.839844 0.171610 0.839844 0.168962 0.841797 0.169492 0.840332 0.171081 0.842041 0.170021 0.842773 0.167373 0.843750 0.166843 0.844482 0.165254 0.843994 0.164725
1 0.882324 0.163136 0.880859 0.165254 0.880615 0.167903 0.879395 0.167373 0.881836 0.167373 0.882324 0.168432 0.881836 0.170551 0.880371 0.170021 0.880615 0.171081 0.881592 0.170551 0.882080 0.172140 0.882080 0.173199 0.881348 0.174258 0.881348 0.177436 0.881836 0.177966 0.881836 0.179025 0.881836 0.176907 0.882324 0.175847 0.883057 0.175847 0.884033 0.173729 0.884033 0.170551 0.884521 0.170551 0.884521 0.169492 0.882568 0.167903 0.883545 0.165784 0.883545 0.163665 0.883301 0.164725
1 0.782715 0.163136 0.781494 0.163136 0.780762 0.162076 0.778809 0.162606 0.778320 0.163665 0.778809 0.168962 0.778320 0.170021 0.778564 0.171610 0.776367 0.177436 0.776367 0.179025 0.775391 0.179025 0.774414 0.182203 0.773926 0.182203 0.773438 0.180085 0.772217 0.181144 0.771729 0.180614 0.772949 0.177966 0.771973 0.179025 0.771484 0.176907 0.771729 0.175847 0.770996 0.174258 0.769775 0.174258 0.768799 0.176377 0.768311 0.175318 0.768066 0.175847 0.768555 0.176907 0.768066 0.177966 0.766357 0.178496 0.767090 0.179025 0.766602 0.180085 0.766846 0.182203 0.766357 0.186970 0.766846 0.189089 0.767578 0.188559 0.768066 0.189619 0.767578 0.191737 0.768555 0.191737 0.768066 0.193326 0.768555 0.195445 0.770508 0.197564 0.770508 0.199153 0.770996 0.200212 0.770508 0.201271 0.770996 0.201271 0.770996 0.202860 0.771484 0.202860 0.771973 0.201271 0.771729 0.197564 0.773193 0.196504 0.773438 0.195445 0.774170 0.195445 0.773926 0.191737 0.775391 0.186970 0.775879 0.187500 0.775879 0.189089 0.776367 0.189619 0.776123 0.190148 0.778076 0.190148 0.777832 0.189619 0.778320 0.188559 0.777344 0.189089 0.776855 0.186970 0.777344 0.186441 0.776123 0.186441 0.776123 0.184852 0.776611 0.184852 0.776855 0.183792 0.778076 0.183792 0.778320 0.182733 0.779053 0.182733 0.780273 0.181144 0.782959 0.180085 0.785156 0.176907 0.784668 0.175318 0.785645 0.174258 0.785645 0.173199 0.783936 0.173199 0.783447 0.172140 0.784424 0.170021 0.784912 0.170551 0.785156 0.168962 0.783203 0.166314 0.783447 0.165784 0.782715 0.164195
1 0.000000 0.162076 0.000244 0.168962 0.000732 0.167373 0.000977 0.167903 0.000732 0.165254 0.001221 0.163665 0.000977 0.162606 0.000732 0.163136
1 0.867676 0.160487 0.866455 0.162606 0.866699 0.167373 0.866943 0.165784 0.868408 0.165784 0.867432 0.164725
1 0.926514 0.161547 0.924072 0.162076 0.924561 0.159958 0.922852 0.162076 0.924072 0.164725 0.923096 0.166843 0.923828 0.171081 0.919678 0.175847 0.917480 0.174788 0.919434 0.171610 0.917969 0.171081 0.918945 0.169492 0.917725 0.168962 0.918701 0.166843 0.916992 0.170021 0.914795 0.170021 0.916260 0.167373 0.912109 0.164725 0.911621 0.162076 0.912354 0.160487 0.910889 0.164195 0.911133 0.165784 0.913086 0.165784 0.911133 0.168962 0.913330 0.167903 0.915039 0.175847 0.912598 0.175847 0.912109 0.171610 0.912598 0.174258 0.911133 0.174788 0.910889 0.177436 0.908936 0.174788 0.909912 0.172140 0.909180 0.170551 0.909912 0.165784 0.908447 0.165784 0.904297 0.172669 0.903320 0.172140 0.903564 0.178496 0.904297 0.177436 0.903809 0.173729 0.906250 0.168962 0.907715 0.170021 0.906982 0.173199 0.908936 0.171610 0.907227 0.177436 0.908936 0.179555 0.907227 0.182203 0.907959 0.189089 0.909912 0.186970 0.910156 0.189619 0.911377 0.189089 0.911621 0.190678 0.909180 0.190678 0.905273 0.195975 0.904053 0.194915 0.901367 0.199682 0.899170 0.199153 0.900146 0.200212 0.899414 0.203390 0.905273 0.195975 0.909180 0.197034 0.908691 0.200212 0.909424 0.198623 0.911133 0.199682 0.910889 0.198093 0.909424 0.198623 0.908447 0.194915 0.910400 0.194915 0.910156 0.197034 0.911621 0.195445 0.911133 0.191737 0.911865 0.188559 0.914551 0.183792 0.911377 0.184852 0.913330 0.178496 0.913818 0.182733 0.915771 0.179555 0.916016 0.182733 0.917480 0.184322 0.917480 0.181144 0.920166 0.177966 0.920654 0.180085 0.919434 0.181674 0.923828 0.186970 0.922852 0.188030 0.923584 0.193856 0.924316 0.190148 0.923340 0.182733 0.924316 0.181144 0.923096 0.180085 0.923828 0.176377 0.924316 0.177966 0.925537 0.175847 0.924072 0.174788 0.924805 0.172669 0.924072 0.171081 0.925049 0.169492 0.924072 0.167373
1 0.958252 0.161547 0.958984 0.162076 0.959717 0.160487 0.959961 0.162606 0.960693 0.162606 0.960693 0.161017 0.963135 0.159958 0.962646 0.158898 0.961914 0.158898 0.961670 0.157839 0.958496 0.157839 0.958496 0.159428 0.959229 0.159428 0.959473 0.160487
1 0.890137 0.156780 0.888428 0.161017 0.887695 0.161017 0.888184 0.163136 0.887207 0.166843 0.888672 0.166314 0.889160 0.164195 0.890625 0.166314 0.890381 0.167373 0.890869 0.168432 0.890625 0.170021 0.891113 0.171081 0.891113 0.172669 0.891357 0.169492 0.892334 0.167903 0.892334 0.166843 0.892822 0.165784 0.893311 0.166314 0.894531 0.164195 0.894287 0.163136 0.894287 0.164195 0.893311 0.165784 0.891357 0.164725 0.890869 0.162606 0.891357 0.161017 0.891357 0.158898
1 0.719971 0.155720 0.719238 0.157839 0.719482 0.161017 0.718994 0.161547 0.718994 0.162606 0.719482 0.162606 0.720459 0.160487 0.720459 0.156780
1 0.924561 0.155191 0.924072 0.157309 0.922852 0.156780 0.922119 0.158369 0.920654 0.159428 0.921387 0.158898 0.921387 0.160487 0.921875 0.159428 0.922119 0.159958 0.924561 0.158898
1 0.723145 0.154661 0.723145 0.157309 0.723633 0.157839 0.723145 0.159428 0.724121 0.157309 0.724609 0.158369 0.724609 0.159958 0.723877 0.161547 0.724854 0.162606 0.725342 0.161547 0.724609 0.159958 0.725586 0.157839 0.726318 0.157839 0.726562 0.156250 0.725830 0.155191 0.726074 0.154661 0.725586 0.155191 0.725586 0.156780 0.724609 0.156780 0.724121 0.155720 0.724121 0.157309 0.723633 0.157839
1 0.681152 0.165254 0.680908 0.166843 0.680420 0.164725 0.680176 0.167903 0.677490 0.174258 0.673584 0.172140 0.672607 0.167373 0.673096 0.166843 0.671631 0.165784 0.671631 0.163136 0.672363 0.162076 0.674316 0.167373 0.674072 0.165784 0.675293 0.163665 0.674072 0.163136 0.672852 0.158369 0.671143 0.156780 0.669922 0.158369 0.669434 0.161547 0.670410 0.163136 0.669922 0.165784 0.667969 0.166314 0.668213 0.163665 0.668701 0.165254 0.667725 0.163665 0.667480 0.165784 0.667236 0.161547 0.667969 0.159428 0.668945 0.161017 0.668213 0.159428 0.668213 0.154661 0.666260 0.159958 0.665527 0.158898 0.664795 0.162076 0.663818 0.158898 0.663086 0.163665 0.663818 0.161547 0.665039 0.163136 0.663086 0.166843 0.662354 0.165254 0.660889 0.169492 0.663574 0.166843 0.663574 0.170021 0.664795 0.166843 0.665039 0.168962 0.663574 0.171081 0.663818 0.173199 0.663086 0.174258 0.665771 0.171610 0.666016 0.166314 0.666992 0.165784 0.666992 0.167903 0.667480 0.166843 0.667969 0.168432 0.667725 0.166843 0.668945 0.166314 0.669189 0.168432 0.668213 0.170551 0.666992 0.168962 0.667236 0.171081 0.664795 0.176907 0.659668 0.175847 0.657715 0.178496 0.656738 0.177436 0.657959 0.180614 0.657959 0.183263 0.658936 0.184322 0.657715 0.186441 0.659180 0.188030 0.658691 0.183792 0.659668 0.180614 0.660645 0.182203 0.660156 0.183792 0.662354 0.183792 0.661865 0.186441 0.662598 0.185911 0.662354 0.183792 0.664062 0.185381 0.664307 0.182203 0.666748 0.182203 0.668457 0.185381 0.667969 0.182733 0.668945 0.182203 0.669189 0.180085 0.667480 0.179555 0.667480 0.176377 0.666504 0.179025 0.665527 0.177436 0.666748 0.175318 0.666748 0.173199 0.667969 0.173729 0.668213 0.171081 0.668945 0.173199 0.670166 0.172669 0.672363 0.175847 0.674561 0.175318 0.676514 0.179555 0.677002 0.176907 0.679688 0.175847 0.679688 0.173729 0.678955 0.175318 0.678467 0.174258 0.680176 0.170551
1 0.783203 0.155191 0.782227 0.154661 0.781494 0.153072 0.781006 0.154661 0.779541 0.155720 0.779541 0.157309 0.781250 0.157309 0.781738 0.158898 0.782471 0.159428 0.781250 0.159958 0.780273 0.158898 0.780029 0.159958 0.781006 0.159428 0.781982 0.160487 0.782471 0.158369 0.783203 0.158898 0.783691 0.157839
1 0.856689 0.152542 0.858154 0.151483 0.858398 0.152542 0.857666 0.153072 0.861084 0.153072 0.862305 0.151483 0.859863 0.150953 0.858887 0.151483 0.858643 0.152542 0.858154 0.151483 0.857422 0.151483 0.857178 0.150424
1 0.924561 0.149894 0.924072 0.150953 0.923096 0.150424 0.922607 0.151483 0.921143 0.152013 0.921143 0.153072 0.921631 0.152542 0.921875 0.154131 0.923096 0.154661 0.923584 0.152542 0.924561 0.150953
1 0.882568 0.149364 0.879883 0.149894 0.880371 0.150424 0.880371 0.152013 0.881104 0.153072 0.881592 0.152013 0.881836 0.152542
1 0.855957 0.149364 0.854736 0.149364 0.855225 0.150953 0.854980 0.152013 0.854736 0.151483 0.855469 0.153072 0.854980 0.154131 0.851562 0.155720 0.854004 0.156250 0.855225 0.155191 0.855957 0.153602 0.854980 0.152013 0.855225 0.149894
1 0.738770 0.148305 0.737793 0.148305 0.738037 0.155191 0.737793 0.158369 0.736816 0.161017 0.737061 0.162606 0.739014 0.160487 0.739746 0.156780 0.738770 0.154661 0.738770 0.153072 0.739258 0.152013 0.739258 0.149894
1 0.833008 0.148305 0.833496 0.152542 0.834229 0.153072 0.833740 0.155191 0.833984 0.157309 0.835693 0.156250 0.835938 0.154131 0.837402 0.154131 0.837402 0.152542 0.839600 0.152542 0.840332 0.150953 0.841553 0.151483 0.841064 0.153072 0.840088 0.154131 0.838623 0.154131 0.839111 0.161017 0.838867 0.163665 0.839844 0.163136 0.839111 0.161547 0.839600 0.160487 0.839355 0.159428 0.840088 0.158898 0.839111 0.159428 0.838867 0.157839 0.840576 0.154131 0.841309 0.154131 0.842285 0.157839 0.840332 0.162076 0.841064 0.163665 0.842041 0.161547 0.843018 0.162606 0.844238 0.161547 0.846680 0.161547 0.846924 0.162606 0.846436 0.164195 0.847412 0.164195 0.847900 0.165254 0.849121 0.162076 0.848633 0.162076 0.848145 0.160487 0.848633 0.158369 0.849609 0.156780 0.848877 0.156780 0.847656 0.155191 0.845703 0.155191 0.844238 0.157309 0.843262 0.156250 0.843018 0.155191 0.843750 0.154661 0.843018 0.154131 0.842529 0.152542 0.843750 0.149364 0.842529 0.150424 0.840820 0.150424 0.840576 0.149364 0.840332 0.150953 0.838623 0.151483 0.837646 0.150424 0.837891 0.150953 0.837158 0.153072 0.835449 0.154661 0.834473 0.153602 0.835205 0.152013 0.833984 0.150953 0.835449 0.148835 0.834717 0.149364 0.834473 0.148835 0.834961 0.147775
1 0.758057 0.146716 0.755859 0.148305 0.755127 0.152013 0.755859 0.151483 0.755859 0.153072 0.757324 0.153072 0.757324 0.151483 0.758057 0.150424
1 0.995850 0.148835 0.997803 0.148835 0.998047 0.149894 0.997070 0.152013 0.998047 0.151483 0.999023 0.154131 0.999756 0.154131 0.999756 0.149364 0.998535 0.148835 0.999756 0.148305 0.999756 0.145127
1 0.885498 0.145127 0.884766 0.146716 0.883789 0.147246 0.883789 0.150424 0.883301 0.150424 0.883301 0.152013 0.884033 0.153072 0.882812 0.156250 0.884033 0.156250 0.884277 0.157309 0.884766 0.157309 0.886475 0.153602 0.885742 0.153072 0.886475 0.152013 0.886475 0.150424 0.886230 0.151483 0.885254 0.151483 0.884033 0.149894
1 0.929443 0.147775 0.927246 0.149364 0.926758 0.148835 0.926758 0.146716 0.927490 0.146186 0.928223 0.144068 0.926758 0.144597 0.925049 0.146716 0.924072 0.146716 0.925781 0.146716 0.926514 0.145127 0.927002 0.146186 0.926514 0.146716 0.926758 0.147775 0.926025 0.147775 0.925781 0.149364 0.927979 0.149364
1 0.678223 0.144068 0.677246 0.144597 0.676270 0.146716 0.676270 0.148305 0.677002 0.149364 0.677002 0.151483 0.677734 0.151483 0.677979 0.150424 0.677734 0.148305 0.678467 0.146716
1 0.406494 0.142479 0.405029 0.145127 0.405273 0.146716 0.404541 0.146716 0.404541 0.148835 0.404053 0.147775 0.403809 0.148835 0.403320 0.147775 0.403320 0.146186 0.402832 0.145657 0.402832 0.147775 0.404297 0.150424 0.405518 0.148835 0.405762 0.149364 0.405762 0.152013 0.405029 0.153602 0.403809 0.154661 0.403076 0.153072 0.403564 0.150953 0.402832 0.150424 0.401855 0.152542 0.400879 0.153072 0.398682 0.156250 0.399170 0.158369 0.399170 0.156250 0.399902 0.156250 0.399902 0.158898 0.399414 0.159958 0.400146 0.160487 0.399658 0.161017 0.400146 0.163136 0.400635 0.161547 0.401611 0.161547 0.401611 0.158369 0.402344 0.159428 0.402100 0.158369 0.402588 0.157309 0.403320 0.157309 0.403320 0.158898 0.403809 0.158369 0.403809 0.159428 0.405518 0.158369 0.407227 0.154131 0.407959 0.153602 0.407959 0.149364 0.406738 0.147775
1 0.911133 0.144068 0.908691 0.144068 0.908691 0.141949 0.907715 0.143008 0.907227 0.141949 0.907715 0.143538 0.906250 0.144068 0.905273 0.146716 0.903076 0.145127 0.903320 0.148835 0.902344 0.149364 0.901855 0.147775 0.901367 0.148835 0.901855 0.149894 0.902344 0.149364 0.903076 0.150953 0.903809 0.154661 0.902832 0.156780 0.900879 0.156780 0.901123 0.158898 0.900635 0.158898 0.900879 0.159428 0.899170 0.163136 0.897949 0.162076 0.897949 0.163136 0.897461 0.163136 0.897217 0.164195 0.895508 0.164195 0.894775 0.165784 0.894775 0.167903 0.895508 0.165784 0.897461 0.166843 0.897705 0.167903 0.898926 0.167373 0.899170 0.168432 0.897461 0.172669 0.897949 0.173199 0.898926 0.171081 0.898682 0.170551 0.899414 0.167903 0.900391 0.168962 0.900146 0.169492 0.900635 0.171610 0.901611 0.170021 0.901611 0.168962 0.902588 0.168962 0.903809 0.166314 0.903564 0.161547 0.903076 0.159958 0.902100 0.159428 0.902832 0.158369 0.902588 0.157839 0.903076 0.157309 0.903076 0.156250 0.903809 0.155191 0.905518 0.155191 0.906006 0.156250 0.906006 0.154661 0.906982 0.153072 0.906006 0.152013 0.906250 0.150953 0.910400 0.151483 0.911377 0.148305 0.911377 0.146716 0.910156 0.146716 0.909912 0.145657 0.910645 0.144597 0.910889 0.145127
1 0.918701 0.141949 0.915771 0.141949 0.912598 0.146716 0.914551 0.144597 0.915283 0.145657 0.915527 0.144068 0.916016 0.145127 0.915771 0.145657 0.917480 0.145657 0.917480 0.147246 0.918701 0.145657 0.918213 0.144597
1 0.702881 0.138242 0.704834 0.143008 0.705811 0.143008 0.704834 0.137712
1 0.910400 0.141419 0.912109 0.141949 0.913330 0.138771 0.915283 0.136653 0.912842 0.139301 0.912109 0.139301 0.911377 0.138242 0.911377 0.137182 0.912109 0.136123 0.911621 0.135593 0.910156 0.138242 0.910156 0.139831 0.910645 0.140890
1 0.724365 0.135593 0.723389 0.136653 0.722900 0.136123 0.722900 0.137712 0.721924 0.137712 0.722412 0.138771 0.722900 0.138242 0.723633 0.139831 0.723633 0.143538 0.724365 0.143538
1 0.684326 0.135064 0.683594 0.136123 0.684570 0.137182 0.683838 0.137712 0.683105 0.140360 0.683105 0.143008 0.683838 0.144068 0.685303 0.144068 0.685791 0.145127 0.686768 0.139301 0.685547 0.136123 0.685303 0.136653
1 0.872314 0.134004 0.871582 0.134004 0.870850 0.135593 0.871338 0.136653 0.871338 0.138242 0.870117 0.138771 0.869385 0.140890 0.869873 0.143008 0.870361 0.142479 0.870361 0.139831 0.870850 0.138771 0.871338 0.139301 0.871582 0.135064
1 0.756348 0.133475 0.755371 0.136123 0.754883 0.136123 0.755615 0.137182 0.755371 0.139301 0.755859 0.137712 0.758057 0.137712 0.758301 0.138771 0.757568 0.140890 0.758789 0.138242 0.758057 0.137712 0.758301 0.136653 0.757080 0.136653 0.756104 0.134534
1 0.732666 0.133475 0.731934 0.134004 0.731201 0.137182 0.730957 0.136653 0.730225 0.139301 0.730469 0.139831 0.730469 0.138771 0.731689 0.139831 0.732178 0.138242 0.731934 0.137182 0.733154 0.135064
1 0.392334 0.133475 0.392822 0.135064 0.392090 0.136653 0.393799 0.138771 0.394043 0.143008 0.393311 0.143008 0.393555 0.144068 0.392822 0.145657 0.392090 0.144597 0.392090 0.147246 0.392578 0.145127 0.393799 0.146716 0.394287 0.145657 0.394531 0.146716 0.395752 0.146716 0.395996 0.149364 0.396729 0.150424 0.396484 0.151483 0.397461 0.152013 0.398193 0.154661 0.398438 0.152542 0.400146 0.153072 0.401855 0.149894 0.400635 0.148305 0.400635 0.149364 0.398926 0.150424 0.398438 0.148305 0.398193 0.149364 0.397949 0.148835 0.397949 0.146186 0.397705 0.147246 0.396973 0.144597 0.398682 0.140360 0.399414 0.141419 0.399658 0.140360 0.400146 0.140360 0.399658 0.137712 0.398682 0.136123 0.398926 0.134534 0.397705 0.133475 0.397949 0.135593 0.397461 0.137182 0.396973 0.136653 0.397461 0.138242 0.396484 0.138771 0.395996 0.137712 0.395752 0.139301 0.396484 0.140360 0.395508 0.140890 0.392578 0.136653 0.392822 0.135064 0.394531 0.136123
1 0.866455 0.131356 0.867188 0.135593 0.869385 0.132945
1 0.660889 0.132415 0.660156 0.132945 0.659180 0.131356 0.658691 0.133475 0.657227 0.135593 0.656738 0.135064 0.657471 0.132945 0.657227 0.132415 0.656738 0.134004 0.656250 0.134004 0.656006 0.135593 0.656494 0.135593 0.657227 0.138771 0.657959 0.139831 0.658936 0.138242 0.658447 0.137712 0.657959 0.134534 0.659668 0.134004 0.660156 0.135064 0.660156 0.136653 0.659424 0.137712 0.659424 0.138771 0.659912 0.139301 0.660400 0.137182 0.660156 0.135593
1 0.666504 0.131356 0.666504 0.132415 0.667480 0.134534 0.666748 0.136123 0.668213 0.137712 0.669922 0.134004 0.669189 0.131356
1 0.469238 0.128178 0.468018 0.130297 0.468506 0.133475 0.468262 0.135064 0.468750 0.136653 0.469971 0.135064 0.469971 0.131356
1 0.955811 0.128708 0.955322 0.128178 0.953613 0.130297 0.952637 0.129767 0.952637 0.128178 0.953369 0.126589 0.954834 0.126059 0.952881 0.126589 0.951904 0.128178 0.951172 0.128178 0.951660 0.128178 0.952393 0.129767 0.952148 0.131886 0.952637 0.132415 0.953125 0.131356 0.953857 0.131886 0.955322 0.129767 0.955566 0.128178
1 0.810303 0.135593 0.809814 0.131356 0.808838 0.130826 0.809326 0.130297 0.808838 0.128708 0.809570 0.127648 0.808838 0.126059 0.808105 0.126059 0.806152 0.130826 0.805420 0.129767 0.805664 0.127648 0.805420 0.128178 0.805176 0.127119 0.801025 0.127119 0.801025 0.129237 0.802246 0.129767 0.802734 0.130826 0.802490 0.135064 0.803711 0.136653 0.804443 0.136653 0.804688 0.135064 0.805908 0.135064 0.806152 0.135593 0.805176 0.137182 0.805664 0.137182 0.806885 0.139831 0.806641 0.140890 0.806396 0.140360 0.807373 0.140360 0.809326 0.137712 0.809570 0.138771
1 0.667969 0.125000 0.667969 0.126589 0.668701 0.126589 0.670410 0.129237 0.670654 0.128178 0.671631 0.127648 0.671631 0.126589 0.672119 0.126589 0.669678 0.123941 0.668701 0.125530
1 0.590820 0.125000 0.590820 0.131356 0.591553 0.132945 0.594727 0.132945 0.595703 0.134004 0.596191 0.132945 0.596191 0.130826 0.594727 0.126589 0.593994 0.127648 0.593506 0.127119 0.593506 0.123941 0.593018 0.125000 0.592285 0.124470 0.591553 0.126059
1 0.397217 0.124470 0.397949 0.126059 0.397705 0.128708 0.398193 0.129767 0.399170 0.128708 0.399658 0.130297 0.398926 0.132415 0.400879 0.135064 0.401611 0.135064 0.400391 0.131356 0.401123 0.126059 0.399414 0.126059 0.398438 0.123941 0.397705 0.123941 0.397461 0.125000
1 0.795410 0.121292 0.794189 0.123941 0.794434 0.125000 0.793945 0.125000 0.795410 0.127119 0.796631 0.124470 0.796143 0.123411 0.796387 0.122352
1 0.864258 0.121292 0.864746 0.124470 0.866455 0.124470 0.866699 0.123411 0.866943 0.123941 0.867188 0.122881 0.867676 0.122881 0.866699 0.122352 0.865723 0.120233 0.864502 0.122352
1 0.826660 0.119703 0.826660 0.120763 0.827148 0.120763 0.827393 0.122352 0.828613 0.123411 0.829590 0.122352 0.829346 0.119174 0.827393 0.118644
1 0.670898 0.119703 0.670898 0.121292 0.672363 0.123411 0.672607 0.122881 0.672852 0.123941 0.673828 0.123941 0.674805 0.121292 0.674072 0.120763 0.673584 0.122352 0.673096 0.122352 0.672607 0.119174 0.672852 0.118114 0.672607 0.119174 0.672363 0.118114 0.672119 0.119174 0.671387 0.118644 0.672119 0.119703 0.671387 0.121292
1 0.661133 0.120763 0.660889 0.122881 0.661621 0.122881 0.661621 0.124470 0.661133 0.125530 0.662109 0.127648 0.664795 0.127648 0.665771 0.129237 0.667236 0.127648 0.667236 0.126589 0.665283 0.127119 0.664551 0.125000 0.663818 0.124470 0.663818 0.119703 0.663086 0.118114 0.663330 0.117055 0.662598 0.117055 0.662842 0.117585 0.661865 0.121822 0.661621 0.120233
1 0.472168 0.115996 0.471680 0.117055 0.471924 0.117585 0.471191 0.118644 0.471680 0.119174 0.471680 0.121292 0.472656 0.121292 0.473145 0.120233 0.473145 0.118114
1 0.726562 0.115466 0.725830 0.117585 0.725098 0.117585 0.724121 0.119174 0.724121 0.122352 0.723389 0.123941 0.722900 0.123411 0.723389 0.121822 0.723145 0.121292 0.722656 0.121822 0.721680 0.119703 0.720947 0.121292 0.721924 0.123411 0.721436 0.124470 0.721924 0.125530 0.721680 0.126589 0.722656 0.124470 0.723877 0.124470 0.724121 0.125530 0.724854 0.125530 0.725098 0.124470 0.726562 0.125000 0.726318 0.129237 0.725342 0.127119 0.724854 0.128178 0.724365 0.127119 0.723145 0.126589 0.722168 0.127119 0.722168 0.128708 0.721680 0.129767 0.722168 0.131356 0.723389 0.132415 0.723633 0.131356 0.724121 0.133475 0.725586 0.131886 0.727539 0.126589 0.728516 0.128708 0.728027 0.128178 0.729004 0.123411 0.728027 0.123941 0.727783 0.125000 0.727051 0.123941 0.726807 0.125530 0.726074 0.123941 0.725586 0.118644 0.726318 0.118114 0.727295 0.120233 0.727783 0.119703 0.727295 0.119174 0.727539 0.117055
1 0.052979 0.114407 0.052246 0.117585 0.052734 0.118644 0.053467 0.118114 0.054199 0.119703 0.054443 0.116525
1 0.894043 0.112818 0.891602 0.113347 0.891357 0.114407 0.890869 0.114407 0.891846 0.114936 0.889648 0.118114 0.889404 0.117055 0.889893 0.115466 0.888916 0.115466 0.888428 0.117055 0.889160 0.118114 0.888428 0.119174 0.887939 0.118114 0.887207 0.118114 0.886719 0.121292 0.887451 0.121292 0.887939 0.120233 0.888428 0.121292 0.890381 0.121292 0.890381 0.120233 0.890137 0.121292 0.889404 0.121292 0.888916 0.119703 0.890137 0.118644 0.891357 0.115996 0.892090 0.115996 0.893066 0.113347
1 0.599121 0.114407 0.599854 0.114407 0.600342 0.115466 0.600830 0.114936 0.601562 0.115996 0.602051 0.114936 0.600342 0.112288
1 0.741211 0.110699 0.740967 0.112818 0.741943 0.114936 0.741699 0.117585 0.742188 0.118644 0.741943 0.122352 0.744873 0.122881 0.747070 0.119174 0.747314 0.118114 0.746826 0.117585 0.747314 0.115996 0.746338 0.116525 0.746094 0.114407 0.745850 0.115466 0.744629 0.115466 0.744141 0.114407 0.744629 0.113347 0.744141 0.112818 0.744141 0.111229 0.743896 0.112818 0.743652 0.111758 0.742920 0.113877 0.742432 0.113877 0.741943 0.112818 0.741943 0.110169
1 0.861572 0.108581 0.858398 0.109110 0.858154 0.110699 0.858887 0.111758 0.860107 0.111758 0.860352 0.109640
1 0.401367 0.108581 0.400391 0.109640 0.399902 0.113347 0.399414 0.114407 0.400146 0.117055 0.401123 0.117055 0.401855 0.115466 0.401855 0.112818 0.401123 0.110699 0.401611 0.110169
1 0.195801 0.114407 0.196289 0.115996 0.197021 0.115466 0.198730 0.118644 0.199219 0.118114 0.199951 0.119174 0.204102 0.120763 0.203857 0.117585 0.202881 0.114936 0.202881 0.112818 0.202393 0.111229 0.203125 0.110699 0.204346 0.114407 0.205811 0.115466 0.206055 0.113347 0.203613 0.108051 0.202881 0.108051 0.202881 0.109110 0.201904 0.108581 0.202637 0.109640 0.202148 0.110699 0.202393 0.111758 0.201904 0.112288 0.199951 0.109110 0.200684 0.108051 0.199707 0.106462 0.199707 0.107521 0.199219 0.108051 0.200684 0.111229 0.200684 0.113347 0.199463 0.110699 0.198975 0.110699 0.199707 0.112288 0.199219 0.113877 0.198486 0.112818 0.197266 0.113347 0.197021 0.114407
1 0.851074 0.105403 0.850830 0.105932 0.850098 0.104873 0.849854 0.105932 0.849121 0.105932 0.849121 0.107521 0.849609 0.108051 0.849365 0.110169 0.848877 0.110169 0.849121 0.112288 0.850342 0.111758 0.851074 0.110169 0.850586 0.109110 0.850586 0.108051 0.851318 0.106462 0.850830 0.105932
1 0.786133 0.110169 0.785156 0.109640 0.784424 0.111229 0.783447 0.111229 0.783447 0.110169 0.781982 0.109640 0.781006 0.107521 0.781494 0.106462 0.781006 0.104873 0.781738 0.104343 0.780762 0.103284 0.780518 0.104873 0.781006 0.106462 0.779297 0.109640 0.778320 0.110169 0.778320 0.111229 0.778809 0.112818 0.779785 0.113347 0.779053 0.114936 0.779785 0.115996 0.780029 0.118114 0.780762 0.117585 0.781006 0.115466 0.784424 0.113877 0.783203 0.113877 0.782959 0.112818 0.783447 0.111758 0.784668 0.110699 0.785645 0.111758
1 0.875488 0.102754 0.874023 0.104343 0.869873 0.102225 0.868164 0.107521 0.865967 0.108581 0.866943 0.109110 0.866455 0.111229 0.864990 0.110699 0.865967 0.112288 0.864014 0.117585 0.860596 0.120233 0.861084 0.117055 0.860107 0.115466 0.857910 0.120233 0.857422 0.115996 0.856689 0.115466 0.857178 0.114407 0.856201 0.114936 0.855957 0.112288 0.853271 0.116525 0.851807 0.115996 0.852295 0.118644 0.853271 0.118114 0.855469 0.113347 0.856689 0.117055 0.856689 0.119703 0.854492 0.121822 0.853760 0.125530 0.851807 0.127119 0.852783 0.128178 0.852295 0.130297 0.851074 0.129237 0.851562 0.131356 0.852783 0.131886 0.852783 0.127119 0.853760 0.126589 0.854004 0.135593 0.853271 0.137182 0.850586 0.136653 0.849854 0.138771 0.852783 0.138242 0.853516 0.140890 0.852783 0.140360 0.852783 0.141949 0.851074 0.140890 0.852783 0.143008 0.854004 0.139831 0.853027 0.138242 0.855225 0.136653 0.857910 0.138771 0.856445 0.141949 0.857910 0.140890 0.858643 0.134004 0.857910 0.135064 0.856201 0.134004 0.858154 0.130297 0.859131 0.132415 0.860352 0.131886 0.860596 0.129767 0.859131 0.129767 0.859131 0.122881 0.857666 0.128178 0.856201 0.126059 0.856689 0.122352 0.855957 0.123411 0.855713 0.122352 0.856934 0.119703 0.858398 0.122352 0.858887 0.120763 0.863037 0.120233 0.863525 0.118114 0.864502 0.119703 0.864502 0.117055 0.865967 0.112288 0.867920 0.109110 0.869629 0.111229 0.869873 0.115466 0.869141 0.118644 0.870117 0.118644 0.870361 0.120233 0.870605 0.114407 0.872559 0.113877 0.871338 0.112818 0.873291 0.109640 0.873291 0.108581 0.872803 0.109640 0.871582 0.108581 0.872314 0.106462 0.873779 0.107521
1 0.858154 0.104873 0.857422 0.105403 0.856689 0.107521 0.855713 0.107521 0.855469 0.106992 0.857178 0.104343 0.856934 0.102225 0.856445 0.102754 0.856934 0.104343 0.854980 0.106992 0.854248 0.106992 0.854248 0.108051 0.856445 0.109640 0.856445 0.108051
1 0.721680 0.103284 0.722412 0.103814 0.723389 0.102754 0.723633 0.107521 0.724609 0.106992 0.724854 0.105932 0.723877 0.101695 0.722900 0.101165
1 0.820557 0.099047 0.820312 0.101165 0.819336 0.102225 0.820557 0.104873 0.821045 0.104873 0.822510 0.102225 0.821533 0.102225
1 0.768066 0.099047 0.766846 0.102225 0.765625 0.102225 0.765381 0.103284 0.764648 0.102225 0.764404 0.103814 0.766113 0.104343 0.766357 0.105403 0.767822 0.103814 0.767822 0.101695 0.768311 0.101165
1 0.041992 0.104343 0.042480 0.105403 0.045410 0.104873 0.047363 0.102754 0.047607 0.103284 0.046631 0.101695 0.046875 0.101165 0.048340 0.102225 0.047119 0.101165 0.046387 0.099047 0.044922 0.098517 0.044922 0.097458 0.043213 0.097987 0.042236 0.100636 0.042480 0.102754 0.041992 0.102754
1 0.647705 0.108581 0.648438 0.112288 0.648438 0.116525 0.649170 0.119174 0.649902 0.119174 0.650146 0.117585 0.649414 0.117055 0.649902 0.115996 0.650635 0.116525 0.651123 0.115466 0.650879 0.112288 0.652100 0.109640 0.652588 0.111758 0.653564 0.110699 0.655762 0.110699 0.656006 0.113347 0.656982 0.113347 0.656738 0.117055 0.657471 0.114936 0.658203 0.118114 0.660400 0.116525 0.660889 0.117585 0.661621 0.115466 0.662109 0.115996 0.663818 0.114407 0.664795 0.114936 0.664307 0.115996 0.664062 0.115466 0.664062 0.116525 0.664795 0.117585 0.664551 0.117055 0.665771 0.115466 0.666504 0.117585 0.667969 0.118644 0.668213 0.117055 0.669189 0.115996 0.669922 0.116525 0.670166 0.115466 0.670410 0.116525 0.670654 0.114936 0.671143 0.115466 0.670898 0.116525 0.671143 0.115466 0.671387 0.117055 0.671631 0.115996 0.673096 0.115996 0.673340 0.117055 0.674561 0.115996 0.674561 0.114407 0.673584 0.112288 0.673340 0.112818 0.672852 0.111758 0.673096 0.111229 0.672607 0.112288 0.672119 0.111758 0.672607 0.109110 0.670898 0.108051 0.669678 0.105403 0.669678 0.100636 0.668945 0.100636 0.668701 0.101695 0.665771 0.101695 0.665283 0.100636 0.666748 0.099576 0.666016 0.098517 0.661133 0.097458 0.659912 0.096398 0.658447 0.097458 0.656738 0.094809 0.656250 0.095869 0.657227 0.098517 0.656982 0.100636 0.656250 0.101695 0.656006 0.100106 0.655029 0.099047 0.654785 0.095869 0.655273 0.095339 0.654297 0.095339 0.654785 0.097458 0.654541 0.098517 0.653320 0.098517 0.652588 0.099576 0.651611 0.103814 0.649902 0.104343 0.649658 0.106992 0.648682 0.105403 0.648682 0.107521
1 0.029785 0.097458 0.030273 0.099576 0.030518 0.098517 0.030762 0.099047 0.030762 0.100636 0.031494 0.100636 0.031250 0.099576 0.032227 0.099576 0.032227 0.098517 0.032959 0.097458 0.033447 0.097987 0.033936 0.100106 0.033691 0.105932 0.034668 0.108581 0.034424 0.109110 0.035156 0.109110 0.036133 0.111229 0.037598 0.111758 0.038086 0.113877 0.038330 0.112818 0.038574 0.115996 0.038574 0.113877 0.039062 0.112818 0.039795 0.112818 0.039795 0.115996 0.040283 0.118114 0.043457 0.118114 0.043945 0.120233 0.045410 0.121822 0.045166 0.118644 0.044434 0.117585 0.045166 0.116525 0.046631 0.118114 0.046143 0.119174 0.046387 0.120763 0.047607 0.122352 0.048096 0.121292 0.050537 0.121822 0.049805 0.120763 0.050049 0.119174 0.049072 0.118644 0.049561 0.117055 0.052490 0.120233 0.051025 0.117585 0.051270 0.116525 0.051758 0.117055 0.052246 0.115996 0.050781 0.112818 0.050049 0.112818 0.049072 0.110699 0.047607 0.111229 0.047363 0.110169 0.047852 0.109640 0.046631 0.107521 0.046387 0.105932 0.045166 0.106992 0.042969 0.106992 0.042480 0.108581 0.041748 0.106992 0.040771 0.106992 0.040527 0.105403 0.041016 0.103814 0.041016 0.101695 0.040283 0.100636 0.039795 0.098517 0.036621 0.096928 0.035400 0.097458 0.034424 0.095869 0.034668 0.093750 0.034424 0.094809 0.034180 0.093750 0.033936 0.094809 0.033447 0.094809 0.033203 0.093750 0.031494 0.094280 0.030518 0.097458
1 0.830078 0.092161 0.830566 0.096928 0.831299 0.096928 0.831787 0.097987 0.832275 0.096928 0.832520 0.097987 0.833252 0.097987 0.833740 0.096928 0.834961 0.097458 0.834473 0.096928 0.835205 0.095339 0.832031 0.095339 0.831543 0.093220 0.831787 0.092161 0.831299 0.092691 0.831055 0.091631 0.830811 0.093220 0.830322 0.093220
1 0.618408 0.091102 0.617188 0.093220 0.617188 0.094809 0.616211 0.097458 0.615479 0.095869 0.615479 0.093220 0.614746 0.093220 0.614746 0.112818 0.613770 0.115466 0.614258 0.118114 0.613037 0.118644 0.612793 0.120233 0.610840 0.123411 0.610840 0.125000 0.610107 0.124470 0.609619 0.125530 0.608887 0.123411 0.608398 0.123941 0.607910 0.122881 0.607910 0.124470 0.605957 0.128708 0.605957 0.129767 0.607422 0.131356 0.608154 0.136123 0.607910 0.141949 0.606445 0.151483 0.608154 0.148835 0.609375 0.153602 0.610840 0.152013 0.610840 0.149894 0.611572 0.148305 0.610596 0.147775 0.611084 0.146186 0.611328 0.147246 0.611572 0.145127 0.610840 0.144068 0.611328 0.143538 0.611084 0.141949 0.612061 0.140360 0.612305 0.135064 0.616455 0.135064 0.617676 0.136653 0.618408 0.135064 0.619141 0.139301 0.618896 0.137182 0.619629 0.135593 0.621338 0.136123 0.620117 0.132415 0.619629 0.134004 0.619141 0.133475 0.618896 0.131886 0.619385 0.131356 0.618408 0.129767 0.618652 0.129237 0.617676 0.126589 0.618164 0.123411 0.618652 0.124470 0.619385 0.123411 0.619629 0.121292 0.618896 0.120233 0.618896 0.118644 0.619873 0.118114 0.620605 0.119174 0.619873 0.118114 0.619873 0.112288 0.619385 0.111758 0.619385 0.107521 0.619873 0.107521 0.619873 0.109110 0.619873 0.103814 0.619873 0.105403 0.619385 0.105403 0.619873 0.093220
1 0.947998 0.090572 0.945801 0.091102 0.944336 0.093220 0.943115 0.096398 0.942383 0.096398 0.941162 0.097987 0.941162 0.099047 0.945068 0.093750 0.947754 0.092161 0.947021 0.091631
1 0.772217 0.090572 0.770752 0.091631 0.770264 0.095869 0.769531 0.096928 0.769775 0.099047 0.772217 0.094280 0.772461 0.092691 0.772217 0.093220 0.771729 0.092161 0.771729 0.091102
1 0.671631 0.090572 0.670410 0.090572 0.669678 0.091631 0.669189 0.095869 0.669434 0.097458 0.670654 0.097458 0.671875 0.095339 0.672119 0.093750 0.671631 0.092691
1 0.850098 0.095339 0.850342 0.094809 0.852295 0.096398 0.852295 0.095339 0.851807 0.095339 0.851318 0.093750 0.852051 0.093220 0.852295 0.094280 0.853027 0.094280 0.853027 0.097458 0.851562 0.097987 0.851562 0.099047 0.853027 0.097458 0.855469 0.099047 0.856445 0.096398 0.853760 0.095339 0.853027 0.092691 0.854492 0.090572 0.852783 0.091631 0.852783 0.090042 0.851318 0.092161 0.851562 0.092691
1 0.834717 0.092161 0.837402 0.092161 0.838135 0.090572 0.837646 0.088983 0.835938 0.088983 0.835693 0.090042 0.834717 0.090572
1 0.496338 0.092691 0.495361 0.089513 0.494141 0.087394 0.493652 0.090572 0.492676 0.090572 0.492188 0.091631 0.491699 0.091102 0.491699 0.092691 0.492432 0.094280 0.493408 0.094280 0.494141 0.093220 0.494385 0.091631
1 0.698486 0.086864 0.697266 0.088983 0.697266 0.090572 0.696289 0.092161 0.696289 0.095339 0.695312 0.096398 0.694824 0.100106 0.695312 0.100636 0.694092 0.101695 0.693359 0.105403 0.693848 0.105403 0.693848 0.103814 0.694336 0.103814 0.694580 0.102225 0.695312 0.102754 0.696045 0.101165 0.697021 0.101695 0.697998 0.099047 0.698486 0.099576 0.698486 0.100636 0.699219 0.097987 0.700195 0.097458 0.700195 0.095339 0.699463 0.094280 0.699951 0.093750 0.698975 0.092691 0.699219 0.088983 0.698975 0.088453 0.699219 0.090042 0.698486 0.091631 0.698242 0.091102 0.698486 0.092161 0.697754 0.092161
1 0.832275 0.090572 0.832275 0.086864 0.831543 0.084746 0.830811 0.086335 0.829834 0.085275 0.828613 0.085805 0.828613 0.088453 0.830322 0.088453 0.831299 0.086335 0.831787 0.086335 0.832031 0.088453 0.831299 0.088453 0.831055 0.089513 0.831787 0.088983
1 0.403809 0.083686 0.403076 0.086864 0.403320 0.092161 0.404541 0.092691 0.407227 0.086335 0.406982 0.085275 0.406250 0.085275 0.405762 0.084216 0.405273 0.085805 0.404297 0.086335 0.403809 0.085275
1 0.656982 0.082097 0.657715 0.085275 0.658447 0.085275 0.659668 0.083157 0.658203 0.081568
1 0.831055 0.081568 0.830078 0.079979 0.829834 0.081568 0.828125 0.082627 0.827881 0.083686 0.826660 0.084746 0.830811 0.084216
1 0.851807 0.105403 0.857910 0.099576 0.860352 0.100106 0.861816 0.097987 0.862793 0.098517 0.864014 0.095869 0.864746 0.096398 0.865967 0.095339 0.866211 0.095869 0.865234 0.096928 0.865479 0.097458 0.868164 0.097458 0.867432 0.096398 0.868408 0.094809 0.870605 0.095339 0.872314 0.093750 0.872803 0.096398 0.871826 0.097458 0.872070 0.097987 0.874512 0.092161 0.875977 0.091102 0.877441 0.091631 0.878662 0.089513 0.881836 0.088453 0.882080 0.086864 0.882812 0.086335 0.882324 0.084746 0.881592 0.085805 0.880615 0.085275 0.877441 0.087924 0.877930 0.089513 0.876709 0.091102 0.875244 0.091102 0.874756 0.089513 0.871826 0.091631 0.867676 0.092691 0.865723 0.094809 0.864258 0.094809 0.863281 0.096398 0.863281 0.092691 0.864746 0.092691 0.865234 0.090042 0.865479 0.091631 0.866455 0.091631 0.865723 0.089513 0.864502 0.089513 0.864258 0.091102 0.863281 0.091102 0.863281 0.087924 0.862305 0.088453 0.862061 0.086864 0.860840 0.086864 0.860596 0.085805 0.858887 0.087924 0.858887 0.085275 0.859863 0.084216 0.861816 0.084216 0.861572 0.082627 0.860840 0.082627 0.861572 0.081038 0.860352 0.081568 0.859863 0.079449 0.859131 0.079449 0.858398 0.080508 0.858398 0.084746 0.857910 0.086335 0.859131 0.091102 0.858154 0.094280 0.858643 0.093220 0.859375 0.093750 0.858887 0.095869 0.859375 0.096398 0.859375 0.098517 0.858398 0.098517 0.858398 0.096398 0.857910 0.099047 0.853027 0.102225
1 0.642578 0.078390 0.641357 0.081038 0.641602 0.082097 0.642090 0.079979 0.642822 0.081568 0.642334 0.083686 0.642334 0.085275 0.642822 0.085805 0.642578 0.087394 0.643555 0.086335 0.643555 0.084216 0.644043 0.083686 0.644043 0.085805 0.645752 0.089513 0.645752 0.087924 0.646240 0.087394 0.646240 0.081568 0.645020 0.081568 0.644775 0.080508 0.645264 0.079449
1 0.778564 0.077860 0.776855 0.080508 0.776123 0.084216 0.777344 0.081568 0.777832 0.082097 0.777344 0.083157 0.778320 0.083157
1 0.866699 0.077331 0.866455 0.078390 0.865967 0.077331 0.864990 0.079449 0.863525 0.078919 0.862061 0.080508 0.862549 0.081038 0.862549 0.083157 0.862793 0.082097 0.863525 0.083686 0.863525 0.085805 0.864502 0.086335 0.863525 0.084216 0.863525 0.082627 0.865234 0.079449 0.865967 0.079449 0.866943 0.081038 0.866943 0.079449 0.866455 0.078390
1 0.734375 0.077331 0.733887 0.077331 0.733154 0.078919 0.732422 0.082097 0.732910 0.082097 0.732422 0.083686 0.732666 0.086335 0.733154 0.085275 0.732910 0.084216 0.734375 0.081568
1 0.667725 0.081038 0.669189 0.081038 0.669434 0.081568 0.668945 0.082097 0.670166 0.080508 0.671875 0.081038 0.672119 0.081568 0.671631 0.082627 0.672363 0.081568 0.671875 0.078390 0.670898 0.078390 0.670654 0.076801 0.669922 0.076801 0.667969 0.078919
1 0.896729 0.078390 0.895752 0.076801 0.895996 0.076271 0.891113 0.079449 0.893066 0.081038
1 0.824463 0.076271 0.822510 0.081038 0.820801 0.083686 0.821533 0.085275 0.821289 0.086335 0.821777 0.085805 0.822266 0.082627 0.822998 0.081568 0.824219 0.084216 0.824463 0.082627 0.823975 0.082097 0.823975 0.078390 0.824463 0.077860
1 0.815918 0.075742 0.813721 0.078919 0.815186 0.077331 0.815674 0.078390 0.815430 0.078919 0.816162 0.078919 0.816650 0.079979 0.815674 0.082097 0.815918 0.083686 0.814941 0.086335 0.815430 0.085275 0.817383 0.084216 0.816650 0.084216 0.816406 0.083157 0.818115 0.080508 0.817627 0.079449 0.817627 0.077860 0.816162 0.078390 0.815674 0.076801
1 0.399414 0.075212 0.399414 0.076271 0.400635 0.077860 0.400391 0.081038 0.401367 0.082097 0.402832 0.082097 0.403809 0.080508 0.406006 0.079979 0.406494 0.078919 0.405762 0.076801 0.405029 0.077331 0.403320 0.076801 0.402832 0.075742 0.402100 0.076271 0.401123 0.074682
1 0.634766 0.075742 0.637451 0.077331 0.637939 0.075742 0.637207 0.074153 0.636230 0.073623 0.635498 0.075742
1 0.410889 0.074153 0.409912 0.071504 0.409424 0.072034 0.409424 0.074153 0.407959 0.073093 0.407715 0.072034 0.407227 0.073093 0.408203 0.074682 0.408447 0.073093 0.408936 0.075212 0.409668 0.076271 0.409668 0.074153 0.410156 0.073093
1 0.544434 0.069915 0.543945 0.073093 0.542236 0.074682 0.542236 0.078390 0.543945 0.077860 0.544678 0.076271 0.544922 0.074682 0.544434 0.073623
1 0.139648 0.068856 0.139160 0.070975 0.140137 0.073093 0.140137 0.075212 0.140869 0.076801 0.140869 0.078919 0.142822 0.077860 0.142822 0.074153 0.141113 0.070445
1 0.816406 0.069386 0.816650 0.070445 0.815918 0.071504 0.815918 0.072564 0.816650 0.070445 0.817383 0.072034 0.817383 0.073093 0.818848 0.073093 0.819336 0.072034 0.820068 0.073093 0.820312 0.075742 0.821533 0.076271 0.820557 0.079449 0.819824 0.079449 0.820312 0.080508 0.820068 0.081568 0.822266 0.078919 0.821533 0.078919 0.821533 0.076271 0.822021 0.075212 0.822510 0.075742 0.822510 0.074153 0.823975 0.072564 0.823486 0.072034 0.822021 0.073623 0.821777 0.072564 0.823486 0.069915 0.820557 0.069915 0.820312 0.068326
1 0.656006 0.069915 0.655762 0.068856 0.655029 0.069915 0.654785 0.068326 0.654053 0.071504 0.653076 0.071504 0.651611 0.068856 0.650879 0.073093 0.649658 0.075742 0.650635 0.076271 0.651855 0.079979 0.652832 0.079449 0.653076 0.074682 0.653564 0.073623 0.654541 0.074682 0.654541 0.073093 0.655518 0.071504 0.655762 0.072034
1 0.867432 0.075742 0.867432 0.076801 0.867920 0.077331 0.868408 0.075742 0.870605 0.073093 0.870850 0.075742 0.871826 0.077860 0.872314 0.077860 0.872803 0.076801 0.872314 0.074682 0.871094 0.076271 0.870850 0.074153 0.873535 0.073623 0.874023 0.074682 0.873779 0.075742 0.875732 0.074682 0.876709 0.076271 0.876709 0.077331 0.878418 0.077331 0.878906 0.078390 0.878662 0.079979 0.876953 0.079979 0.875244 0.077860 0.874268 0.079449 0.872559 0.079449 0.872803 0.081568 0.871826 0.083157 0.872314 0.083157 0.872559 0.084216 0.871826 0.086335 0.872314 0.086335 0.872559 0.084216 0.875244 0.083686 0.874512 0.082627 0.875488 0.081038 0.875488 0.079979 0.881104 0.079979 0.881836 0.082627 0.882324 0.082627 0.882812 0.080508 0.884521 0.081038 0.883301 0.081038 0.883057 0.079449 0.881592 0.078919 0.881592 0.077331 0.880859 0.077331 0.880615 0.076271 0.879883 0.076801 0.879395 0.075212 0.875488 0.073623 0.875000 0.072564 0.875244 0.070975 0.874023 0.067797 0.872559 0.069915 0.871094 0.069915 0.870850 0.073093 0.869141 0.074153 0.868164 0.075742
1 0.226807 0.067797 0.227051 0.072034 0.226562 0.072564 0.227051 0.073093 0.227051 0.075212 0.227783 0.074682 0.228027 0.076271 0.229004 0.077331 0.229492 0.076271 0.229980 0.076801 0.229980 0.075742 0.230713 0.076271 0.231445 0.075212 0.230957 0.073093 0.231201 0.074153 0.230713 0.075212 0.229980 0.073093 0.229248 0.073623 0.228516 0.072034 0.228760 0.072564 0.228271 0.073093 0.227539 0.071504 0.227539 0.068326
1 0.591797 0.063030 0.590332 0.065148 0.589844 0.064619 0.589111 0.066208 0.588379 0.065678 0.588135 0.069386 0.588867 0.070975 0.588867 0.072034 0.588135 0.073623 0.588379 0.074682 0.587158 0.076801 0.587158 0.077860 0.588135 0.078919 0.586914 0.080508 0.586426 0.079979 0.585693 0.081568 0.588135 0.085805 0.589600 0.086864 0.590820 0.085275 0.592285 0.089513 0.591797 0.090042 0.592041 0.090572 0.592285 0.089513 0.593262 0.090042 0.593750 0.088983 0.593994 0.085275 0.594971 0.083686 0.594971 0.082627 0.595947 0.082627 0.596436 0.081568 0.597656 0.083157 0.598633 0.081038 0.599609 0.081038 0.600098 0.079979 0.599609 0.076271 0.597656 0.075742 0.597900 0.074153 0.598389 0.074682 0.598145 0.072564 0.598633 0.069386 0.597168 0.069386 0.596924 0.070445 0.596436 0.067797 0.594482 0.065678 0.593750 0.063559
1 0.674072 0.057733 0.673340 0.059322 0.673584 0.059852 0.672852 0.060381 0.672852 0.063030 0.673340 0.064089 0.672363 0.066208 0.671143 0.063559 0.670410 0.063559 0.670410 0.064619 0.669434 0.066737 0.669434 0.068856 0.668945 0.069915 0.668945 0.071504 0.669678 0.072564 0.669434 0.073623 0.671143 0.072564 0.671387 0.073623 0.673584 0.073093 0.673828 0.069915 0.674805 0.067267 0.673584 0.063559 0.673584 0.062500 0.674072 0.061970 0.673828 0.061441 0.674805 0.060381 0.674316 0.059852
1 0.824463 0.059322 0.823486 0.061441 0.822754 0.061441 0.822266 0.062500 0.821533 0.060911 0.821533 0.057203 0.820557 0.057203 0.819824 0.058792 0.819824 0.059852 0.820312 0.060381 0.820312 0.064089 0.819824 0.064619 0.819092 0.062500 0.818359 0.062500 0.817871 0.064619 0.818848 0.066208 0.819092 0.065148 0.820557 0.065148 0.821777 0.063030 0.823730 0.063030 0.823730 0.060911
1 0.687256 0.056674 0.685059 0.057203 0.684814 0.058263 0.684326 0.058263 0.684570 0.061970 0.682373 0.066208 0.682373 0.064089 0.681885 0.065148 0.682129 0.066737 0.680908 0.069386 0.681152 0.073093 0.679932 0.075742 0.682129 0.075742 0.682373 0.070975 0.683105 0.070445 0.683594 0.071504 0.683350 0.076271 0.684570 0.081038 0.684570 0.083157 0.684082 0.083686 0.684570 0.086864 0.683594 0.088983 0.683594 0.091102 0.682129 0.094280 0.682129 0.095339 0.684326 0.095339 0.685547 0.096398 0.683594 0.100106 0.683594 0.101165 0.684570 0.102754 0.684326 0.103284 0.684814 0.102225 0.685791 0.102754 0.687256 0.101165 0.689453 0.095869 0.689941 0.096928 0.690674 0.096928 0.691162 0.095869 0.691162 0.094280 0.690430 0.095339 0.690186 0.094809 0.689941 0.095869 0.689453 0.094809 0.690674 0.091631 0.690918 0.092691 0.691162 0.091631 0.691650 0.092161 0.692627 0.090572 0.693359 0.092161 0.692139 0.095339 0.691650 0.095339 0.691650 0.096398 0.692139 0.096398 0.693604 0.090572 0.692871 0.088983 0.691895 0.088453 0.692627 0.086864 0.692627 0.084746 0.691895 0.084746 0.691895 0.087924 0.690918 0.088983 0.690674 0.088453 0.691162 0.086864 0.690186 0.086335 0.690918 0.084746 0.690430 0.085805 0.689941 0.085275 0.690674 0.082097 0.689697 0.083686 0.689453 0.083157 0.689697 0.079979 0.688965 0.078919 0.688477 0.074153 0.687744 0.073623 0.688232 0.067797 0.687012 0.066737 0.687744 0.065678 0.687988 0.066208 0.687744 0.065678 0.688477 0.064619 0.688721 0.059852 0.687988 0.057203
1 0.473145 0.058263 0.471436 0.056674 0.469482 0.059852 0.470703 0.060381 0.471436 0.058792 0.472656 0.059322
1 0.115234 0.054025 0.114990 0.056144 0.115479 0.058792 0.116699 0.061441 0.117188 0.060381 0.117188 0.058263 0.116455 0.056144 0.115723 0.056144 0.115479 0.055085 0.115967 0.054555
1 0.760986 0.052966 0.757812 0.055085 0.759277 0.054555 0.759766 0.058263 0.759033 0.061970 0.757080 0.062500 0.759033 0.064089 0.752686 0.070975 0.753418 0.073623 0.752441 0.075212 0.753906 0.078919 0.752441 0.082627 0.753418 0.083157 0.754639 0.079979 0.753418 0.079979 0.754883 0.077860 0.755615 0.079449 0.752686 0.086864 0.753906 0.087394 0.753906 0.094809 0.752441 0.095339 0.752441 0.098517 0.756104 0.089513 0.757080 0.090042 0.757568 0.095339 0.752686 0.101165 0.752930 0.108051 0.751709 0.110699 0.752686 0.111758 0.755371 0.108581 0.753418 0.113347 0.753662 0.116525 0.756104 0.108051 0.758545 0.108051 0.757080 0.117585 0.757812 0.116525 0.758301 0.119703 0.754639 0.121292 0.756348 0.117055 0.755371 0.114936 0.754395 0.121292 0.756104 0.121822 0.755371 0.124470 0.759033 0.120233 0.758789 0.122881 0.759766 0.121822 0.762207 0.130297 0.759033 0.137182 0.763184 0.131356 0.760742 0.121822 0.763672 0.117585 0.760742 0.118644 0.761230 0.112818 0.760498 0.118114 0.758789 0.118644 0.759277 0.109110 0.757812 0.096398 0.764648 0.087924 0.766846 0.088983 0.768555 0.084746 0.770264 0.085805 0.770996 0.079449 0.772705 0.079979 0.773682 0.076271 0.777100 0.073093 0.775146 0.072564 0.775879 0.069915 0.774658 0.066208 0.769775 0.074153 0.768555 0.072564 0.761719 0.078390 0.761963 0.074153 0.760742 0.075212 0.759521 0.079979 0.760742 0.077860 0.762451 0.079449 0.757568 0.085275 0.757568 0.075212 0.760010 0.075212 0.758789 0.071504 0.759277 0.064089 0.761963 0.061441 0.760742 0.058263
1 0.468262 0.051907 0.468262 0.053496 0.468994 0.053496 0.470215 0.055085 0.470215 0.052966 0.469727 0.052436 0.469971 0.050847 0.469238 0.050318
1 0.875488 0.049258 0.874268 0.051377 0.873779 0.050318 0.872070 0.049788 0.873291 0.051907 0.872314 0.053496 0.871094 0.051377 0.872314 0.054025 0.871338 0.056674 0.871338 0.058263 0.871338 0.057203 0.872070 0.055614 0.872559 0.056674 0.874268 0.055085 0.873779 0.054025 0.874268 0.051907 0.875244 0.052436 0.875000 0.054025 0.875488 0.055085 0.875732 0.051907 0.875000 0.051907
1 0.678711 0.048729 0.678467 0.050318 0.678955 0.052436 0.680176 0.053496 0.680420 0.050318 0.679932 0.049258
1 0.141846 0.049258 0.141602 0.050318 0.142334 0.051377 0.142090 0.051907 0.142822 0.054555 0.143555 0.054555 0.144043 0.052966 0.144775 0.053496 0.143799 0.051377 0.144043 0.052436 0.143311 0.052436 0.143066 0.049258
1 0.895752 0.047669 0.895752 0.048729 0.896240 0.048729 0.896484 0.050318 0.897217 0.050318 0.898926 0.055085 0.898926 0.056674 0.899414 0.057203 0.900391 0.062500 0.901123 0.070445 0.902100 0.069386 0.901367 0.067267 0.900879 0.061970 0.900391 0.060911 0.900635 0.059852 0.899902 0.058792 0.899902 0.055085 0.898926 0.053496 0.899170 0.051907 0.898682 0.052436 0.898438 0.050847 0.896973 0.048729 0.897217 0.047669 0.896729 0.048729
1 0.861084 0.047669 0.857910 0.047669 0.857910 0.049258 0.857178 0.050847 0.856689 0.050318 0.856689 0.048199 0.856201 0.049258 0.857178 0.052436 0.857178 0.055085 0.857422 0.053496 0.858887 0.054025 0.858154 0.056144 0.857422 0.056674 0.858643 0.056144 0.859619 0.054555 0.859619 0.052966 0.860596 0.050847 0.860596 0.048729
1 0.768555 0.047669 0.766602 0.051907 0.768799 0.049258 0.769043 0.049788 0.768311 0.051377 0.768799 0.051907 0.768555 0.054025 0.768799 0.053496 0.769531 0.054555 0.769531 0.055614 0.770020 0.055614 0.770020 0.054555 0.770752 0.052966 0.770752 0.050318 0.769775 0.050318 0.769775 0.048729
1 0.881836 0.043962 0.880371 0.047669 0.879639 0.046081 0.878662 0.047140 0.880371 0.048729 0.881104 0.055614 0.878418 0.061970 0.877686 0.061970 0.877686 0.060381 0.875977 0.061970 0.875244 0.060911 0.876953 0.059322 0.876221 0.056674 0.876221 0.058792 0.872559 0.064089 0.871582 0.063030 0.868896 0.065148 0.869141 0.062500 0.868408 0.062500 0.868896 0.063030 0.866699 0.066737 0.866455 0.065678 0.862549 0.067267 0.862305 0.064089 0.858398 0.065148 0.858154 0.067267 0.857666 0.065678 0.855957 0.067267 0.857666 0.061441 0.857422 0.059322 0.855713 0.061970 0.854492 0.059322 0.856201 0.058263 0.854980 0.057733 0.854004 0.061970 0.851807 0.063030 0.851074 0.065678 0.849365 0.067267 0.849609 0.069915 0.853271 0.068326 0.853027 0.070445 0.854980 0.067267 0.856934 0.067267 0.857178 0.068856 0.855225 0.071504 0.856934 0.077331 0.859131 0.074682 0.859131 0.076271 0.860596 0.075212 0.859375 0.074682 0.860596 0.072034 0.858643 0.075212 0.857910 0.074682 0.858643 0.070975 0.860107 0.070445 0.859131 0.069915 0.859375 0.067267 0.859863 0.068856 0.861084 0.067797 0.860596 0.069915 0.863037 0.070975 0.865479 0.068856 0.866455 0.071504 0.865479 0.074682 0.864258 0.075212 0.865234 0.074153 0.865479 0.075742 0.867676 0.074153 0.866455 0.072034 0.866943 0.069915 0.868408 0.071504 0.868164 0.073093 0.869141 0.073093 0.869141 0.070445 0.870361 0.070445 0.869629 0.067797 0.867432 0.067267 0.869141 0.066737 0.870117 0.064089 0.871582 0.064089 0.873047 0.067797 0.873047 0.064619 0.875488 0.065148 0.877197 0.063030 0.876953 0.067267 0.878418 0.066737 0.879395 0.064619 0.878662 0.062500 0.880127 0.061970 0.880371 0.059322 0.879639 0.058792 0.881104 0.055614 0.882080 0.055614 0.880859 0.054025 0.880615 0.050847 0.881348 0.048729 0.880371 0.048199
1 0.209961 0.045021 0.211914 0.049788 0.211182 0.050847 0.211914 0.052966 0.213623 0.053496 0.214111 0.055614 0.213867 0.054025 0.214355 0.053496 0.214844 0.054555 0.215576 0.052436 0.216064 0.054025 0.217041 0.054555 0.215576 0.051907 0.215820 0.051377 0.215332 0.050847 0.215088 0.047669 0.214600 0.049788 0.213623 0.048729 0.214111 0.047669 0.213623 0.046610 0.213623 0.044492 0.210449 0.043962
1 0.116699 0.043962 0.116943 0.045551 0.116211 0.048199 0.116455 0.049258 0.117676 0.049258 0.117676 0.047669 0.119141 0.048729 0.117676 0.044492
1 0.826660 0.046081 0.827148 0.047140 0.829102 0.047669 0.829590 0.047140 0.829346 0.045551 0.830322 0.045021 0.830322 0.042903 0.827637 0.042373 0.826660 0.044492
1 0.600586 0.042373 0.600586 0.046081 0.601807 0.046081 0.603027 0.048199 0.603760 0.048199 0.604248 0.047140 0.604248 0.042373
1 0.764404 0.040254 0.763672 0.040254 0.762451 0.043432 0.762695 0.047669 0.762207 0.049258 0.762695 0.051377 0.761719 0.051907 0.761719 0.057733 0.762695 0.056674 0.761719 0.055614 0.762207 0.052436 0.763184 0.049258 0.765137 0.046081 0.763672 0.047140 0.763428 0.043962 0.762939 0.042903 0.763184 0.041843 0.764160 0.041843
1 0.715332 0.042373 0.714600 0.043432 0.713623 0.042903 0.712891 0.044492 0.712891 0.042373 0.711426 0.042373 0.711182 0.041314 0.711670 0.040254 0.711182 0.040254 0.708008 0.047140 0.708008 0.051377 0.709717 0.052436 0.709717 0.051377 0.709473 0.052436 0.708984 0.051907 0.708984 0.050318 0.709717 0.048729 0.710205 0.049258 0.710205 0.050318 0.710693 0.050318 0.710938 0.047140 0.713379 0.048729 0.713135 0.048199
1 0.783936 0.033898 0.782471 0.035487 0.782227 0.033369 0.780762 0.036547 0.781250 0.038136 0.781006 0.040784 0.780273 0.041843 0.779297 0.041843 0.778564 0.040784 0.777344 0.045551 0.775391 0.049258 0.775635 0.054025 0.774658 0.055614 0.774902 0.056674 0.776367 0.054025 0.777832 0.055085 0.778809 0.054555 0.779297 0.055614 0.778564 0.056674 0.778320 0.058263 0.778809 0.056674 0.779785 0.055614 0.780273 0.053496 0.781250 0.054025 0.781006 0.055614 0.780273 0.056144 0.780762 0.057203 0.779785 0.059852 0.777344 0.062500 0.777344 0.070975 0.777588 0.070445 0.777588 0.072034 0.778809 0.072564 0.780518 0.068856 0.778320 0.068326 0.778320 0.067267 0.777588 0.066208 0.778564 0.064089 0.779541 0.064089 0.780273 0.065678 0.779541 0.067267 0.780518 0.066208 0.781494 0.068856 0.782959 0.067267 0.783447 0.065678 0.782471 0.064089 0.782471 0.063030 0.781250 0.064619 0.779785 0.064619 0.779541 0.063559 0.780518 0.061441 0.781982 0.061441 0.781494 0.059852 0.783203 0.055614 0.783936 0.055614 0.784424 0.056674 0.784180 0.057733 0.784912 0.057203 0.784912 0.054025 0.784180 0.054025 0.783691 0.055085 0.782715 0.051907 0.781250 0.051907 0.781250 0.050847 0.781982 0.049258 0.783936 0.047140 0.783936 0.043962 0.782959 0.045021 0.782715 0.044492 0.783447 0.042373 0.783447 0.039195 0.782959 0.038665 0.782959 0.037606 0.783936 0.035487
1 0.602051 0.033898 0.601562 0.033369 0.601318 0.034428 0.601074 0.033369 0.600830 0.034428 0.600586 0.033369 0.599121 0.033898 0.598633 0.034958 0.598633 0.036547 0.599609 0.038136 0.599609 0.039725 0.600098 0.040784 0.600586 0.038665 0.602783 0.037606
1 0.406982 0.032839 0.405273 0.033369 0.405029 0.034958 0.405518 0.036017 0.405518 0.039725 0.406250 0.039195 0.406250 0.037606 0.407227 0.035487
1 0.859863 0.031780 0.859375 0.041314 0.860596 0.042903 0.859375 0.045551 0.860107 0.043962 0.861328 0.043962 0.862305 0.042373 0.862549 0.043432 0.861572 0.045551 0.861572 0.046610 0.862549 0.047140 0.862061 0.048729 0.862305 0.049258 0.863281 0.049258 0.862549 0.050318 0.863525 0.050318 0.864014 0.049258 0.864014 0.047140 0.864990 0.045021 0.865479 0.045021 0.865479 0.043962 0.866943 0.041314 0.866211 0.041314 0.865479 0.042903 0.865479 0.040254 0.864502 0.040784 0.864258 0.041843 0.864014 0.041314 0.863037 0.043432 0.862549 0.041314 0.862061 0.041843 0.861328 0.040254 0.861816 0.039195 0.860352 0.039725 0.859863 0.038665 0.861328 0.035487 0.860596 0.035487 0.860840 0.033898
1 0.690918 0.031780 0.689941 0.032309 0.689209 0.036547 0.689453 0.037606 0.688965 0.038136 0.689941 0.040254 0.690918 0.038136 0.690918 0.034958 0.690430 0.034428 0.690918 0.033898
1 0.723145 0.030720 0.722168 0.032309 0.721924 0.033898 0.722656 0.034428 0.722656 0.036547 0.721924 0.036547 0.722168 0.038136 0.721680 0.038665 0.721680 0.039725 0.720947 0.039725 0.720947 0.037076 0.721436 0.036017 0.720215 0.039725 0.720215 0.041843 0.720703 0.040784 0.721436 0.040784 0.721680 0.039725 0.722656 0.040784 0.722412 0.041843 0.721436 0.041843 0.721436 0.043432 0.721924 0.042373 0.723145 0.043432 0.723633 0.042903 0.723877 0.037606 0.723633 0.036547 0.722656 0.036017
1 0.886230 0.030191 0.888672 0.035487 0.888672 0.037076 0.889648 0.035487 0.887695 0.030720 0.888672 0.028602 0.888184 0.028602 0.887451 0.030191
1 0.829346 0.029131 0.830078 0.030191 0.829346 0.032309 0.830322 0.031780 0.831787 0.036547 0.832031 0.032309 0.830811 0.030191 0.830811 0.029131
1 0.144043 0.028072 0.143555 0.029131 0.144043 0.033369 0.145020 0.033369 0.145752 0.035487 0.146484 0.036017 0.146240 0.034428 0.147217 0.034428 0.146973 0.032839 0.147949 0.031780 0.147705 0.030191 0.146729 0.028602
1 0.580322 0.027013 0.579590 0.027013 0.578369 0.028602 0.579346 0.029661 0.579590 0.031250 0.580566 0.030720 0.580811 0.029131
1 0.189209 0.028072 0.188477 0.026483 0.186523 0.026483 0.183838 0.028602 0.183350 0.030191 0.181396 0.031780 0.180420 0.030720 0.175049 0.030720 0.174072 0.032309 0.173096 0.032309 0.171387 0.028602 0.169434 0.028072 0.166992 0.030720 0.166260 0.030720 0.165283 0.029131 0.163086 0.029661 0.160156 0.034428 0.161377 0.036017 0.161621 0.039725 0.161133 0.040784 0.162354 0.044492 0.163330 0.044492 0.164062 0.046081 0.165283 0.045021 0.166260 0.046610 0.166016 0.048199 0.167236 0.051377 0.167480 0.050847 0.169189 0.051907 0.167480 0.048729 0.167969 0.046081 0.169434 0.046081 0.168457 0.045551 0.169189 0.043432 0.170410 0.043962 0.170166 0.043432 0.170898 0.042903 0.170898 0.043962 0.171387 0.043432 0.173340 0.045021 0.173096 0.044492 0.174561 0.040784 0.175049 0.041843 0.177002 0.040784 0.179443 0.041843 0.178711 0.040254 0.179688 0.038665 0.180664 0.039725 0.180908 0.038665 0.181885 0.041314 0.182129 0.040784 0.181152 0.039195 0.182129 0.037076 0.182129 0.036017 0.181641 0.035487 0.181885 0.034958 0.181396 0.034428 0.181641 0.033898 0.185547 0.035487 0.186768 0.033898 0.187500 0.034428 0.187988 0.032839 0.188232 0.033369 0.187988 0.031780 0.188477 0.031250
1 0.771729 0.044492 0.772461 0.045551 0.774902 0.045551 0.775146 0.046610 0.775635 0.040784 0.774902 0.037076 0.775879 0.034958 0.776611 0.036547 0.778809 0.038136 0.779297 0.032839 0.781250 0.032839 0.781494 0.032309 0.781006 0.031780 0.782227 0.029661 0.783691 0.031780 0.784912 0.031250 0.785400 0.032839 0.787109 0.029131 0.786621 0.028072 0.786865 0.026483 0.786133 0.027542 0.785645 0.026483 0.785156 0.027013 0.783691 0.031250 0.782715 0.029131 0.783203 0.027013 0.782227 0.027013 0.781006 0.030720 0.779541 0.031780 0.778809 0.033369 0.778076 0.033369 0.777832 0.031780 0.776855 0.031780 0.775879 0.029661 0.776611 0.027542 0.776611 0.026483 0.776123 0.025953 0.776367 0.024894 0.775146 0.024364 0.775146 0.025953 0.775879 0.026483 0.774902 0.028602 0.774170 0.028072 0.774658 0.025424 0.773438 0.024894 0.773438 0.027013 0.772461 0.027542 0.771484 0.030191 0.771973 0.032839 0.770508 0.034958 0.770996 0.034958 0.771729 0.036547 0.772461 0.031780 0.772217 0.031250 0.772705 0.030191 0.773193 0.030720 0.774414 0.029131 0.774658 0.030720 0.773926 0.032309 0.774170 0.034428 0.773193 0.036017 0.772461 0.036017 0.771729 0.039195 0.773438 0.038136 0.774170 0.040784 0.773193 0.042903 0.772705 0.042903 0.772461 0.041314
1 0.728271 0.023305 0.726562 0.023305 0.726562 0.031780 0.724854 0.033898 0.725586 0.042373 0.723389 0.046081 0.721191 0.045551 0.719482 0.048199 0.719971 0.046081 0.718750 0.040254 0.717773 0.043962 0.716553 0.039725 0.719238 0.047669 0.719238 0.050847 0.722656 0.051907 0.720215 0.062500 0.718018 0.065678 0.718018 0.058792 0.719971 0.054555 0.718506 0.051907 0.715820 0.054025 0.714355 0.058263 0.715332 0.061441 0.717041 0.061441 0.716309 0.066208 0.714355 0.068856 0.714355 0.063559 0.712646 0.064089 0.711670 0.060911 0.708984 0.061441 0.708984 0.064089 0.711182 0.063030 0.709717 0.067267 0.708984 0.065678 0.709717 0.068326 0.708984 0.070445 0.711914 0.064089 0.712402 0.066208 0.713867 0.065678 0.711182 0.074153 0.709229 0.074153 0.709473 0.072034 0.708008 0.073093 0.709229 0.077860 0.709961 0.074682 0.710938 0.075742 0.710449 0.081038 0.712402 0.078390 0.711182 0.075742 0.714355 0.075742 0.715088 0.078390 0.713867 0.078919 0.714600 0.081038 0.713623 0.083686 0.716309 0.082097 0.716064 0.084746 0.718262 0.084216 0.718018 0.078390 0.717529 0.081568 0.715576 0.081038 0.718506 0.069915 0.718018 0.067797 0.719238 0.065148 0.721680 0.065678 0.718994 0.073623 0.720459 0.071504 0.720215 0.074153 0.721191 0.075212 0.722656 0.072034 0.721436 0.078390 0.723389 0.076801 0.723145 0.073623 0.724609 0.068856 0.723389 0.072564 0.722656 0.070445 0.724854 0.066208 0.723877 0.067797 0.721680 0.065678 0.724854 0.060911 0.725830 0.061441 0.726318 0.069915 0.724121 0.074682 0.725586 0.073623 0.725830 0.076271 0.727783 0.075742 0.728760 0.073093 0.728516 0.051377 0.727783 0.055085 0.725830 0.051377 0.728760 0.050318 0.729736 0.046081 0.727783 0.041314 0.727783 0.033898 0.728516 0.033369 0.727295 0.028602 0.728760 0.027013
1 0.626953 0.023305 0.626465 0.027013 0.625732 0.028072 0.625977 0.031250 0.626709 0.029661 0.627441 0.030720 0.627686 0.034958 0.626709 0.036017 0.626465 0.038136 0.626221 0.037076 0.624756 0.038136 0.625000 0.039725 0.625488 0.039725 0.625732 0.038665 0.625977 0.039725 0.627930 0.040254 0.628906 0.035487 0.628174 0.030720 0.629395 0.028072 0.628418 0.027013 0.628418 0.028072 0.627686 0.029131 0.626953 0.026483
1 0.781738 0.022775 0.778809 0.024894 0.779297 0.025953 0.778320 0.027542 0.778320 0.028602 0.778809 0.029131
1 0.690674 0.022246 0.690186 0.023305 0.689453 0.023305 0.688232 0.025953 0.688477 0.026483 0.687500 0.029131 0.688232 0.029131 0.688232 0.027542 0.689209 0.025953 0.689941 0.027013 0.690918 0.024894 0.690918 0.023305 0.690430 0.022775
1 0.895264 0.021186 0.893555 0.024894 0.893311 0.026483 0.893799 0.028072 0.895508 0.024894 0.895996 0.025424 0.894775 0.025424 0.894287 0.024364 0.894775 0.023305 0.895020 0.023835
1 0.551514 0.019068 0.550293 0.022246 0.550537 0.024894 0.551270 0.025424 0.551758 0.024894
1 0.621582 0.018538 0.620605 0.020657 0.619873 0.020127 0.619385 0.021186 0.617920 0.021186 0.618408 0.023835 0.617676 0.025953 0.617432 0.028602 0.616699 0.030191 0.617676 0.028602 0.617676 0.031250 0.616943 0.032839 0.616455 0.031780 0.613770 0.036017 0.614990 0.034428 0.615967 0.037076 0.615967 0.038136 0.615479 0.038136 0.615234 0.040784 0.615479 0.039195 0.616943 0.037606 0.616943 0.036547 0.618164 0.033898 0.619629 0.033898 0.619873 0.034958 0.620361 0.033898 0.620850 0.034958 0.620850 0.036547 0.620361 0.036547 0.619873 0.038136 0.620850 0.037076 0.621338 0.039195 0.622070 0.040254 0.622314 0.042373 0.621826 0.038136 0.621338 0.037606 0.621826 0.036547 0.621338 0.037076 0.620850 0.036017 0.620850 0.034958 0.621338 0.034958 0.621826 0.033369 0.621338 0.034428 0.620605 0.034428 0.620117 0.033369 0.617188 0.033369 0.617676 0.031250 0.618408 0.031780 0.619141 0.030191 0.618408 0.030191 0.618408 0.028602 0.618896 0.028072 0.618652 0.025424 0.619141 0.024364 0.621094 0.024894 0.620850 0.024364
1 0.574463 0.018538 0.573975 0.022775 0.574219 0.024364 0.575928 0.021716 0.575928 0.020127
1 0.902588 0.016419 0.899658 0.024364 0.898438 0.025953 0.897217 0.025953 0.895996 0.029131 0.892578 0.032839 0.893799 0.032839 0.894043 0.036017 0.895020 0.033369 0.896484 0.031780 0.897217 0.032309 0.896240 0.037076 0.895020 0.039725 0.893066 0.041314 0.892822 0.040254 0.894775 0.037606 0.892090 0.039195 0.892090 0.036017 0.891357 0.037076 0.890137 0.036547 0.890137 0.038665 0.890869 0.037076 0.890869 0.039195 0.891846 0.041314 0.891357 0.044492 0.892578 0.043432 0.891602 0.045551 0.891602 0.048729 0.888184 0.050318 0.890381 0.049258 0.890625 0.050847 0.889893 0.052436 0.887451 0.054555 0.886475 0.057203 0.883301 0.059852 0.883301 0.060911 0.881592 0.059322 0.881348 0.062500 0.885498 0.059852 0.885742 0.060911 0.885742 0.059852 0.887695 0.056674 0.889648 0.057733 0.889893 0.057203 0.889160 0.057203 0.888916 0.056144 0.892090 0.050847 0.893066 0.052966 0.892822 0.054555 0.892090 0.054555 0.892334 0.056674 0.893311 0.055085 0.892578 0.055085 0.894043 0.051377 0.895508 0.051377 0.893799 0.050318 0.894775 0.046081 0.894287 0.044492 0.895020 0.041843 0.896973 0.040784 0.897217 0.035487 0.898682 0.031250 0.898682 0.029661 0.898193 0.031250 0.897217 0.031250 0.896729 0.028602 0.897217 0.027013 0.898438 0.025953 0.899170 0.026483 0.900391 0.024894 0.900879 0.022246 0.901611 0.022246 0.901611 0.020657 0.902832 0.017479 0.902344 0.016949
1 0.630127 0.016419 0.629395 0.017479 0.629150 0.020657 0.628418 0.021716 0.628174 0.024894 0.628662 0.022775 0.630371 0.019597
1 0.499756 0.015360 0.498779 0.015890 0.498047 0.017479 0.497803 0.020657 0.498535 0.022246 0.499512 0.021186 0.499512 0.018008 0.500000 0.017479
1 0.861572 0.013771 0.860840 0.014831 0.860840 0.016419 0.859863 0.019068 0.860596 0.020657 0.860352 0.023835 0.861084 0.023835 0.861572 0.022775 0.860596 0.021716 0.861572 0.020657 0.862549 0.018008 0.862549 0.015890 0.861816 0.015890
1 0.625977 0.013242 0.624023 0.016949 0.624512 0.018008 0.624512 0.020127 0.624023 0.020127 0.624756 0.021716 0.624756 0.019068 0.625244 0.018008 0.625732 0.018538 0.625244 0.017479 0.625977 0.016949 0.625732 0.016419 0.626709 0.014301
1 0.884277 0.012712 0.883789 0.012712 0.882568 0.016419 0.881104 0.016419 0.880859 0.017479 0.880371 0.016949 0.878906 0.019068 0.879639 0.019597 0.880127 0.018538 0.881348 0.019597 0.881104 0.021186 0.879395 0.021186 0.879150 0.022775 0.879883 0.021716 0.882080 0.021186 0.882324 0.020657 0.881836 0.019068 0.883057 0.016419 0.882812 0.015360
1 0.756104 0.015890 0.758545 0.016949 0.757812 0.018538 0.757568 0.020657 0.759033 0.017479 0.759277 0.019597 0.758789 0.021186 0.759766 0.021186 0.759277 0.022775 0.760254 0.023305 0.761475 0.022246 0.761963 0.023305 0.761719 0.024894 0.762207 0.024894 0.763428 0.022246 0.763916 0.023305 0.763672 0.023835 0.764404 0.022775 0.765381 0.022775 0.765137 0.021186 0.765869 0.020657 0.766846 0.017479 0.765625 0.018008 0.765381 0.020127 0.764648 0.020127 0.764404 0.019068 0.763428 0.020127 0.763428 0.017479 0.762939 0.016419 0.762695 0.013771 0.760254 0.013771 0.760010 0.013242 0.760498 0.011653 0.760010 0.011653 0.759277 0.013242 0.758789 0.012712 0.758057 0.015890 0.757568 0.013771 0.756348 0.014831
1 0.738037 0.008475 0.737793 0.011123 0.738281 0.012182 0.737305 0.013771 0.737305 0.016419 0.738281 0.014301 0.739502 0.014301 0.739990 0.013242 0.739746 0.011653 0.738037 0.011123
1 0.700439 0.007945 0.698242 0.007415 0.697021 0.008475 0.696045 0.007945 0.696045 0.006886 0.695312 0.005826 0.694336 0.008475 0.693848 0.008475 0.693604 0.010064 0.693359 0.009004 0.692871 0.010593 0.692871 0.012712 0.692383 0.014301 0.693115 0.014301 0.693848 0.015890 0.693359 0.016949 0.695312 0.019068 0.695068 0.022246 0.693359 0.021186 0.693604 0.018538 0.692871 0.019597 0.692871 0.022246 0.693848 0.024364 0.693359 0.025953 0.692627 0.025953 0.693115 0.025953 0.693848 0.027542 0.693604 0.030191 0.694092 0.030720 0.694336 0.033369 0.695068 0.033369 0.696533 0.030720 0.696289 0.026483 0.697510 0.024364 0.696777 0.024894 0.696045 0.023835 0.696533 0.022246 0.695557 0.020657 0.695801 0.016419 0.696533 0.016419 0.697266 0.018008 0.696777 0.019068 0.697266 0.020127 0.697266 0.021716 0.697510 0.021186 0.697754 0.022246 0.697754 0.020127 0.698975 0.020127 0.698242 0.022246 0.698730 0.022246 0.698242 0.023305 0.698486 0.024364 0.698975 0.023305 0.699219 0.025424 0.699219 0.024364 0.700195 0.023305 0.699951 0.022775 0.700684 0.021186 0.700439 0.020127 0.700928 0.019597 0.698730 0.019597 0.699951 0.017479 0.700195 0.013771 0.699707 0.013242 0.699951 0.011653 0.699463 0.012712 0.698975 0.010593 0.700195 0.009534
1 0.934082 0.005826 0.931885 0.006886 0.930908 0.009004 0.929688 0.009004 0.929443 0.007415 0.930420 0.005826 0.931396 0.006356 0.932617 0.004237 0.931885 0.004237 0.929688 0.006886 0.928467 0.006886 0.927979 0.008475 0.928223 0.010064 0.928955 0.010064 0.929199 0.012712 0.929688 0.011653 0.929199 0.010593 0.929932 0.009004 0.931152 0.009004 0.931396 0.010064 0.930908 0.010593 0.931641 0.010593 0.932617 0.009534 0.931885 0.009004 0.932617 0.006886
1 0.940186 0.006356 0.941162 0.006356 0.942383 0.004237 0.943359 0.004237 0.943848 0.002119 0.944824 0.003178 0.944336 0.001059 0.943604 0.002648 0.942139 0.003708 0.941895 0.003178 0.942383 0.001059 0.943115 0.000000 0.940918 0.000000 0.941406 0.001059 0.939941 0.002648
1 0.931396 0.000000 0.926758 0.000000 0.926758 0.001589 0.925781 0.001059 0.925293 0.002648 0.923340 0.004237 0.922852 0.005826 0.922119 0.005297 0.920654 0.007945 0.917725 0.010593 0.920410 0.010064 0.920654 0.010593 0.919922 0.012712 0.918945 0.012182 0.919189 0.012712 0.918457 0.013771 0.919678 0.012712 0.919678 0.014301 0.921631 0.012182 0.922363 0.012182 0.922852 0.010593 0.922607 0.010064 0.923584 0.009004 0.924316 0.012182 0.925293 0.013242 0.923584 0.016419 0.922607 0.016949 0.922852 0.019068 0.922852 0.016949 0.924561 0.014831 0.925293 0.017479 0.924805 0.018538 0.926514 0.017479 0.927246 0.016419 0.926025 0.017479 0.924805 0.015360 0.925293 0.013771 0.927246 0.011653 0.925293 0.013242 0.924805 0.011653 0.924561 0.007415 0.925293 0.005826 0.926514 0.005297 0.927002 0.004237 0.927979 0.004237
1 0.910400 0.000000 0.909668 0.000000 0.909912 0.001059 0.907471 0.005826 0.906738 0.005826 0.906494 0.007415 0.905029 0.009004 0.904541 0.010593 0.904053 0.009534 0.903320 0.011653 0.904297 0.011653 0.904541 0.013242 0.905518 0.010064 0.906250 0.010064 0.907227 0.006886 0.908203 0.006356 0.910400 0.002119 0.909912 0.001589
1 0.898682 0.011653 0.900635 0.010064 0.901123 0.011123 0.901611 0.009534 0.902344 0.009534 0.904297 0.004767 0.905273 0.003708 0.905762 0.004237 0.906738 0.001589 0.905029 0.000000 0.904541 0.001589 0.905029 0.003178 0.903076 0.006886 0.903076 0.003708 0.903809 0.003178 0.903320 0.001589 0.903564 0.000000 0.900879 0.000000 0.899902 0.001589 0.899170 0.000000 0.898438 0.000000 0.898438 0.001059 0.898926 0.000000 0.899658 0.001589 0.900391 0.002119 0.899658 0.002648 0.901123 0.003178 0.901367 0.002119 0.903076 0.002119 0.902100 0.004767 0.900146 0.006886 0.899170 0.009004
1 0.854004 0.000000 0.854004 0.001589 0.855469 0.001059 0.856445 0.003708 0.857178 0.009004 0.857910 0.009534 0.857422 0.012182 0.858154 0.012182 0.858398 0.010064 0.859131 0.011123 0.859375 0.009004 0.860840 0.012182 0.862793 0.006886 0.864014 0.007945 0.863770 0.010064 0.865479 0.011653 0.866455 0.014831 0.868896 0.015360 0.870117 0.014301 0.870361 0.015360 0.869629 0.016949 0.867676 0.016949 0.868896 0.019597 0.868896 0.022246 0.869629 0.021716 0.869629 0.023305 0.870850 0.024364 0.870117 0.025953 0.870361 0.028072 0.868896 0.029661 0.870361 0.030191 0.870117 0.032839 0.871582 0.030720 0.870361 0.027013 0.871338 0.021716 0.871826 0.021186 0.871826 0.022775 0.872314 0.022775 0.871826 0.021186 0.873291 0.019597 0.872803 0.016949 0.877197 0.010593 0.879883 0.011123 0.880371 0.010064 0.880127 0.008475 0.881836 0.004767 0.883301 0.006886 0.883057 0.010064 0.885498 0.003178 0.883545 0.007415 0.883301 0.005297 0.884521 0.003178 0.884033 0.002648 0.884766 0.001589 0.885986 0.002119 0.885010 0.000000 0.882324 0.000000 0.881348 0.002119 0.880371 0.002119 0.878418 0.006356 0.877197 0.005826 0.876953 0.003178 0.877686 0.003178 0.876953 0.002648 0.875977 0.009004 0.876465 0.007945 0.877441 0.009004 0.873291 0.014301 0.873047 0.013242 0.875000 0.010593 0.874756 0.008475 0.873535 0.008475 0.874268 0.006356 0.872803 0.005297 0.873779 0.000000 0.871582 0.001059 0.871338 0.000000
1 0.828613 0.014301 0.830078 0.014301 0.831055 0.011653 0.831787 0.012712 0.833008 0.011653 0.832764 0.015360 0.833740 0.012712 0.834473 0.014301 0.833984 0.016949 0.835693 0.015890 0.835693 0.014831 0.837158 0.012712 0.837158 0.010593 0.835449 0.010064 0.834473 0.011653 0.833740 0.010064 0.833740 0.007945 0.835205 0.004767 0.834717 0.004237 0.836426 0.001059 0.836426 0.003708 0.836914 0.004767 0.838135 0.004237 0.839111 0.005826 0.838867 0.007945 0.839844 0.008475 0.839355 0.012182 0.839844 0.012712 0.840820 0.011653 0.840820 0.012712 0.841553 0.013242 0.843506 0.012182 0.843750 0.012712 0.843018 0.014301 0.843994 0.012712 0.844727 0.013242 0.843750 0.018008 0.843750 0.020127 0.844727 0.020127 0.845703 0.018008 0.845459 0.016949 0.844971 0.018008 0.843994 0.017479 0.844971 0.015360 0.844482 0.014831 0.845215 0.012712 0.844971 0.011653 0.842285 0.010593 0.841797 0.012182 0.841064 0.012182 0.840820 0.011123 0.842041 0.009534 0.841553 0.008475 0.843750 0.004237 0.844727 0.005297 0.845459 0.004767 0.845703 0.007415 0.846680 0.004767 0.847412 0.004767 0.847656 0.005826 0.848633 0.004767 0.849121 0.005826 0.848877 0.006886 0.849365 0.006886 0.850342 0.004767 0.849854 0.003708 0.850830 0.003708 0.850830 0.000000 0.848633 0.000000 0.848389 0.002119 0.847900 0.002119 0.847412 0.000000 0.846680 0.000000 0.846680 0.001589 0.845947 0.003178 0.844971 0.002648 0.844971 0.000000 0.843262 0.000000 0.842041 0.002648 0.841797 0.002119 0.841797 0.003178 0.840332 0.002119 0.839844 0.003178 0.838623 0.001589 0.838623 0.000000 0.832031 0.000000 0.831055 0.001059 0.831787 0.002119 0.831543 0.004767 0.832275 0.004767 0.832031 0.006356 0.832764 0.007945 0.832031 0.009534 0.830811 0.009534 0.830078 0.011123 0.828857 0.011653 0.829590 0.012712
1 0.784180 0.041314 0.785156 0.041843 0.787598 0.035487 0.789795 0.033369 0.791260 0.026483 0.792725 0.025424 0.792480 0.029131 0.794189 0.024364 0.795898 0.023305 0.794434 0.022775 0.797852 0.018538 0.798340 0.015360 0.799072 0.015890 0.799072 0.010593 0.801025 0.006886 0.800049 0.006356 0.800537 0.004237 0.802002 0.003178 0.801758 0.005826 0.803467 0.005826 0.804199 0.007945 0.804443 0.005826 0.807861 0.004767 0.808105 0.007945 0.809082 0.003708 0.810303 0.004767 0.811279 0.000000 0.812744 0.003178 0.809570 0.006886 0.809570 0.010064 0.811768 0.007415 0.811279 0.010593 0.812744 0.011653 0.810547 0.019597 0.807861 0.023835 0.808594 0.027013 0.807129 0.029131 0.810791 0.022775 0.812256 0.024364 0.811279 0.025953 0.812012 0.029131 0.813721 0.030191 0.811523 0.034958 0.812012 0.036547 0.813721 0.033369 0.814453 0.036017 0.815430 0.032839 0.816895 0.034958 0.817139 0.030720 0.814453 0.032309 0.815918 0.027013 0.817139 0.027542 0.816162 0.027013 0.815918 0.023305 0.814453 0.023305 0.812744 0.019597 0.813965 0.016949 0.812744 0.013771 0.815918 0.011123 0.820557 0.000000 0.819092 0.000000 0.815430 0.010064 0.813965 0.007415 0.812500 0.009004 0.812500 0.004237 0.814453 0.002648 0.814209 0.004767 0.817139 0.000000 0.810547 0.000000 0.806885 0.004767 0.804688 0.004237 0.806152 0.001059 0.805420 0.000000 0.803467 0.002119 0.802979 0.000000 0.801270 0.000000 0.799561 0.004237 0.799561 0.000000 0.798584 0.000000 0.798340 0.002648 0.799316 0.003708 0.798828 0.008475 0.797363 0.010593 0.795898 0.009534 0.793701 0.014831 0.791016 0.016419 0.791992 0.019068 0.790527 0.024894 0.789795 0.022246 0.790771 0.027013 0.787109 0.033369 0.786133 0.032839 0.785156 0.035487 0.785400 0.039195 0.784180 0.038665
1 0.777832 0.001589 0.778320 0.001059 0.778809 0.002119 0.778564 0.004237 0.779541 0.002648 0.780273 0.000000 0.777832 0.000000
1 0.772461 0.020657 0.773926 0.018538 0.774414 0.019597 0.773926 0.020127 0.775391 0.022775 0.777588 0.020657 0.776855 0.020127 0.778076 0.016419 0.776611 0.018008 0.775879 0.016949 0.780762 0.010064 0.781738 0.012712 0.780762 0.018008 0.781494 0.019068 0.781250 0.020657 0.782227 0.019597 0.785156 0.020127 0.785889 0.014301 0.784424 0.017479 0.781738 0.016419 0.781494 0.014831 0.785156 0.013242 0.786133 0.011653 0.786133 0.009004 0.787598 0.007415 0.788086 0.010593 0.787109 0.013771 0.788574 0.015890 0.788574 0.017479 0.789307 0.015360 0.788574 0.014831 0.789307 0.012182 0.788330 0.013771 0.787842 0.011123 0.792236 0.005826 0.794189 0.000000 0.791992 0.003178 0.792969 0.003178 0.792236 0.005297 0.791504 0.003708 0.790771 0.004237 0.791260 0.005826 0.789062 0.008475 0.788086 0.006886 0.789062 0.006356 0.789551 0.002648 0.788818 0.001589 0.789062 0.000000 0.787842 0.000000 0.787598 0.001059 0.788574 0.003178 0.786133 0.009004 0.785645 0.007415 0.783936 0.009534 0.784668 0.010593 0.783203 0.013242 0.782959 0.011653 0.782227 0.012712 0.781006 0.010064 0.781738 0.010064 0.782959 0.006886 0.783691 0.007945 0.783203 0.009004 0.783936 0.008475 0.785400 0.003178 0.787109 0.000530 0.784180 0.001059 0.784424 0.003178 0.782715 0.006886 0.779785 0.008475 0.778564 0.013771 0.777100 0.012182 0.778076 0.009004 0.779053 0.008475 0.777832 0.009004 0.776367 0.006886 0.777100 0.001589 0.775635 0.003708 0.776367 0.000000 0.772705 0.000000 0.772217 0.002648 0.772949 0.004767 0.774658 0.003708 0.776123 0.006886 0.775391 0.008475 0.775879 0.013242
1 0.727051 0.000000 0.726807 0.002119 0.726318 0.002648 0.726562 0.005297 0.729004 0.003708 0.729248 0.005297 0.727539 0.009004 0.727539 0.010064 0.728027 0.009004 0.729492 0.009534 0.728760 0.011123 0.728760 0.013242 0.728027 0.015360 0.729980 0.013242 0.730713 0.011123 0.730957 0.011653 0.731689 0.010593 0.731934 0.011123 0.731445 0.012712 0.732910 0.011653 0.732666 0.008475 0.733643 0.005297 0.734375 0.005297 0.732910 0.005297 0.731934 0.009004 0.730469 0.008475 0.729736 0.007415 0.729736 0.002119 0.729248 0.001589 0.729736 0.000000
1 0.724121 0.000000 0.721436 0.000000 0.720947 0.003178 0.719971 0.002648 0.720459 0.000000 0.707520 0.001059 0.708740 0.001589 0.707764 0.004237 0.708252 0.006356 0.708984 0.002648 0.709717 0.003708 0.710938 0.001589 0.712891 0.003708 0.711182 0.008475 0.710205 0.005826 0.709473 0.009004 0.709473 0.013771 0.710449 0.014831 0.709717 0.016419 0.710938 0.015360 0.711182 0.016949 0.707031 0.020127 0.706055 0.024364 0.706787 0.022246 0.706543 0.025424 0.707275 0.022775 0.707764 0.024364 0.706543 0.027013 0.705322 0.025424 0.703369 0.029661 0.702637 0.028072 0.702393 0.030191 0.703613 0.031250 0.699951 0.036547 0.704102 0.032309 0.701172 0.039195 0.703125 0.040784 0.701660 0.042373 0.703125 0.045551 0.702637 0.050318 0.703613 0.047669 0.702881 0.042903 0.706299 0.036547 0.704590 0.041843 0.705566 0.041843 0.710205 0.033369 0.707764 0.036547 0.707520 0.034428 0.704102 0.036017 0.706543 0.030191 0.708252 0.033898 0.709229 0.031780 0.707764 0.031780 0.708008 0.022775 0.709473 0.022775 0.709961 0.019597 0.710693 0.020127 0.709961 0.022775 0.712158 0.019068 0.712646 0.020127 0.711670 0.022775 0.713135 0.019597 0.714600 0.019597 0.713623 0.016949 0.715576 0.013242 0.718018 0.012182 0.718018 0.014301 0.717041 0.013771 0.718018 0.015360 0.719238 0.012712 0.719971 0.014301 0.722412 0.012182 0.718750 0.009534 0.716309 0.011123 0.718750 0.004237 0.715088 0.011653 0.713379 0.011653 0.712158 0.006356 0.713623 0.003178 0.714111 0.004767 0.716309 0.002119 0.715088 0.007415 0.718994 0.001589 0.721680 0.006886 0.722656 0.006356 0.723633 0.008475 0.723389 0.011123 0.726074 0.013242 0.725342 0.004237 0.723877 0.003178
1 0.683594 0.000000 0.683594 0.001589 0.682617 0.003708 0.682373 0.006356 0.682617 0.010064 0.683105 0.010593 0.682373 0.014301 0.682617 0.017479 0.683105 0.018008 0.683838 0.016419 0.684570 0.019068 0.684570 0.022246 0.685059 0.022775 0.684570 0.023305 0.684570 0.024894 0.685059 0.025424 0.685059 0.027013 0.684570 0.028072 0.684326 0.032839 0.683594 0.031250 0.684082 0.030191 0.684082 0.028602 0.683350 0.029131 0.682617 0.031250 0.683594 0.031780 0.683594 0.033369 0.684082 0.033898 0.684082 0.037606 0.684814 0.035487 0.685059 0.039195 0.686035 0.039195 0.685059 0.040254 0.685059 0.041843 0.686035 0.043962 0.684570 0.044492 0.685059 0.045551 0.685059 0.047140 0.685547 0.047669 0.685547 0.051377 0.687012 0.049788 0.687744 0.050318 0.688232 0.049258 0.688477 0.050847 0.689697 0.052966 0.690186 0.048729 0.690674 0.048199 0.690918 0.049788 0.690918 0.048729 0.692383 0.046610 0.692383 0.043432 0.690430 0.043432 0.690186 0.041843 0.689697 0.041843 0.688965 0.043432 0.688721 0.045551 0.687988 0.044492 0.687500 0.045551 0.687256 0.042373 0.688477 0.041314 0.688477 0.039725 0.687988 0.039195 0.688232 0.038665 0.687256 0.039195 0.687012 0.038136 0.686523 0.038136 0.686035 0.039195 0.686035 0.036547 0.685303 0.036547 0.685791 0.035487 0.685303 0.031780 0.686768 0.028602 0.686035 0.027542 0.686279 0.026483 0.685791 0.025953 0.685791 0.023835 0.686523 0.022246 0.686279 0.019068 0.687012 0.018538 0.687500 0.015890 0.687256 0.015360 0.688232 0.013771 0.688232 0.011653 0.688477 0.011123 0.688965 0.013242 0.689453 0.012712 0.689453 0.011653 0.688477 0.011123 0.688721 0.009534 0.687988 0.009004 0.688232 0.007415 0.687500 0.004767 0.685303 0.001059
1 0.663330 0.000000 0.662354 0.001059 0.661133 0.001059 0.660645 0.002119 0.659912 0.000530 0.659668 0.001059 0.660889 0.004237 0.661621 0.003708 0.662109 0.001589 0.662598 0.002648
1 0.635498 0.000530 0.631836 0.000000 0.631104 0.003178 0.629639 0.003178 0.629395 0.002119 0.628662 0.002648 0.627686 0.001589 0.626465 0.006356 0.628662 0.005826 0.629150 0.003708 0.629883 0.007415 0.630859 0.008475 0.632324 0.008475 0.632324 0.005826 0.632080 0.006886 0.631836 0.005826 0.631104 0.006356 0.630615 0.005297 0.633545 0.003708 0.633301 0.002119 0.634277 0.000530 0.635254 0.002648 0.635010 0.001589 0.635498 0.001589
1 0.593750 0.018538 0.593994 0.020657 0.596680 0.022775 0.595703 0.023835 0.596924 0.026483 0.596680 0.033369 0.597412 0.033369 0.597900 0.030191 0.599121 0.032309 0.601318 0.032309 0.600830 0.029131 0.602783 0.026483 0.601318 0.028072 0.600586 0.026483 0.600342 0.016419 0.601318 0.013242 0.602539 0.015360 0.603271 0.014301 0.603760 0.016949 0.601562 0.020657 0.601318 0.023305 0.603271 0.023835 0.604248 0.025953 0.603760 0.029131 0.604492 0.029661 0.604248 0.025424 0.606689 0.021186 0.606201 0.029131 0.606689 0.032839 0.606934 0.029661 0.607910 0.030720 0.607910 0.033369 0.606934 0.033898 0.607178 0.036547 0.606201 0.037606 0.605957 0.040784 0.606201 0.038136 0.606689 0.041314 0.606445 0.039725 0.607422 0.039195 0.607666 0.041314 0.609131 0.041843 0.609863 0.038665 0.610596 0.039195 0.607422 0.029661 0.609375 0.023305 0.611084 0.020657 0.613281 0.021716 0.614502 0.019068 0.614990 0.020657 0.613525 0.023835 0.614990 0.020657 0.615967 0.025953 0.617188 0.023305 0.616211 0.022775 0.616455 0.016949 0.615723 0.016949 0.615723 0.019597 0.610840 0.019068 0.609375 0.021716 0.607666 0.019068 0.612061 0.014301 0.614990 0.015890 0.614502 0.014301 0.616699 0.011653 0.616943 0.013771 0.618408 0.010064 0.621582 0.010593 0.622559 0.008475 0.619141 0.010064 0.617432 0.007945 0.616455 0.009534 0.612549 0.009534 0.612305 0.007945 0.606689 0.012182 0.604248 0.008475 0.603760 0.011123 0.603027 0.010593 0.602295 0.005826 0.600098 0.005826 0.600342 0.001589 0.601807 0.001589 0.601562 0.000000 0.597656 0.000000 0.599121 0.004237 0.597900 0.006356 0.597168 0.000000 0.595459 0.000000 0.596191 0.000530 0.596680 0.011123 0.594238 0.014831 0.595703 0.015890 0.596436 0.012712 0.597168 0.015890 0.595215 0.019068
1 0.586182 0.002119 0.587402 0.004237 0.587646 0.005826 0.588623 0.005297 0.589600 0.007415 0.590088 0.005297 0.590088 0.002648 0.591309 0.000000 0.591797 0.000000 0.586182 0.000000
1 0.291504 0.004237 0.292480 0.006886 0.292969 0.006886 0.292725 0.010064 0.294189 0.009004 0.296143 0.010064 0.296143 0.009004 0.297363 0.008475 0.297607 0.007415 0.299561 0.007945 0.299561 0.006886 0.296143 0.000000 0.293457 0.000000 0.293213 0.002648 0.292236 0.004237
1 0.079590 0.000000 0.079102 0.001059 0.079102 0.005297 0.079590 0.006886 0.080811 0.007415 0.081055 0.009004 0.080322 0.011123 0.079346 0.011653 0.079346 0.012712 0.077881 0.015890 0.077148 0.015890 0.077148 0.021716 0.077881 0.022246 0.078369 0.023835 0.078369 0.022246 0.079102 0.023305 0.080078 0.030191 0.082275 0.034958 0.083740 0.036547 0.083984 0.035487 0.084961 0.036017 0.084229 0.031780 0.084229 0.028602 0.084717 0.028072 0.084717 0.027013 0.084473 0.027542 0.084473 0.025953 0.083984 0.025953 0.084229 0.023835 0.083740 0.022246 0.083984 0.021716 0.084961 0.023305 0.084229 0.021186 0.084717 0.020657 0.085205 0.021716 0.084717 0.020657 0.084717 0.017479 0.085449 0.015890 0.084473 0.015890 0.083252 0.013771 0.083740 0.013242 0.083252 0.012712 0.083984 0.012182 0.085449 0.013771 0.084961 0.012182 0.085693 0.011123 0.086426 0.011123 0.087158 0.012712 0.086670 0.011123 0.086670 0.009004 0.087646 0.007945 0.086914 0.006886 0.085938 0.006886 0.085449 0.004237 0.085938 0.003708 0.085449 0.003178 0.085449 0.001589 0.086182 0.000000 0.086914 0.000000 0.080566 0.000000 0.080322 0.002119
