0 0.261475 0.893008 0.260986 0.894068 0.260254 0.894068 0.259033 0.898305 0.258301 0.898305 0.258301 0.900953 0.259521 0.897775 0.261475 0.897246
0 0.261963 0.878708 0.261719 0.887712 0.260498 0.889301 0.261475 0.889301 0.261963 0.888242 0.261963 0.886653 0.262451 0.886123 0.262451 0.883475 0.262939 0.882945 0.262939 0.881886 0.261963 0.880826
0 0.302734 0.877648 0.301025 0.875000 0.300781 0.873411 0.301270 0.872352 0.300781 0.873411 0.300049 0.871822 0.300049 0.872881 0.299072 0.875000 0.298584 0.875000 0.297607 0.877648 0.297119 0.877648 0.297119 0.878708 0.298340 0.877119 0.300293 0.878708 0.300781 0.876589 0.301758 0.878708 0.302490 0.877119
0 0.270264 0.863347 0.268555 0.864407 0.268555 0.874470 0.269043 0.875530 0.268555 0.876059 0.268799 0.880826 0.269287 0.880826 0.269287 0.877119 0.270264 0.875530 0.269043 0.873941 0.269043 0.870763 0.270264 0.864936
0 0.256592 0.861229 0.257080 0.862288 0.257568 0.862288 0.258057 0.860699 0.261475 0.861758 0.260742 0.860169 0.257080 0.860169
0 0.289307 0.853814 0.289307 0.856462 0.288574 0.856992 0.288574 0.858051 0.289307 0.859110 0.289307 0.860699 0.288818 0.861229 0.289307 0.863347 0.288818 0.864936 0.288818 0.870233 0.290039 0.874470 0.290527 0.874470 0.289795 0.872352 0.289795 0.855932 0.289307 0.855403
0 0.264893 0.847987 0.264160 0.847987 0.263428 0.849576 0.263428 0.850636 0.262939 0.850106 0.260986 0.851165 0.259277 0.853814 0.259521 0.854343 0.260742 0.852225 0.262207 0.852754
0 0.291504 0.844280 0.291016 0.845339 0.291016 0.846928 0.291992 0.849576 0.291992 0.852225 0.292725 0.854343 0.292725 0.852754 0.293213 0.852225 0.293213 0.848517 0.292725 0.847987 0.294189 0.846398 0.293213 0.845869 0.293457 0.846928 0.292480 0.847458 0.291504 0.845869
0 0.265869 0.846398 0.265625 0.846928 0.266357 0.846928 0.266846 0.847987 0.266113 0.850106 0.265625 0.850106 0.265869 0.855403 0.266357 0.855403 0.266113 0.851165 0.267090 0.847987 0.267334 0.849047 0.269043 0.849047 0.269531 0.850636 0.270508 0.851695 0.270508 0.853284 0.269531 0.856992 0.270020 0.855403 0.270752 0.855403 0.270508 0.853814 0.271240 0.852754 0.271240 0.851695 0.270508 0.851695 0.269775 0.849576 0.269775 0.846398 0.268555 0.846398 0.267822 0.844280 0.266846 0.845339 0.268311 0.846928 0.267822 0.847987
0 0.274170 0.838453 0.274170 0.839513 0.275635 0.841631 0.275391 0.842691 0.275879 0.843750 0.278076 0.843750 0.277832 0.842161 0.277344 0.842161 0.277344 0.843220 0.276611 0.843750 0.275146 0.840572 0.275146 0.837394
0 0.279541 0.840042 0.280029 0.840572 0.281250 0.837924 0.284912 0.837924 0.284180 0.838453 0.283936 0.837394 0.283691 0.837924 0.281494 0.836864 0.281006 0.837924 0.279785 0.837924
0 0.275635 0.837394 0.276367 0.836864 0.276855 0.837924 0.276611 0.839513 0.277100 0.840042 0.277100 0.838453 0.278809 0.835805 0.281738 0.835275 0.279297 0.835805 0.276611 0.834746 0.275879 0.835275
0 0.207275 0.811970 0.207031 0.815148 0.208008 0.816737 0.207520 0.818856 0.207764 0.820445 0.207275 0.820975 0.208496 0.820975 0.208252 0.819915 0.208984 0.818326 0.208984 0.815678 0.207520 0.814089
0 0.188477 0.809852 0.187744 0.810911 0.187256 0.809852 0.186768 0.811970 0.187256 0.811441 0.187500 0.813030 0.186768 0.814619 0.186279 0.814089 0.185547 0.816737 0.185791 0.822034 0.186279 0.820445 0.186768 0.820445 0.187012 0.821504 0.187012 0.814619 0.187744 0.813559 0.187500 0.811441
0 0.171387 0.730932 0.171143 0.732521 0.171631 0.734640 0.171143 0.737288 0.172607 0.737288 0.172363 0.736229 0.173096 0.735699 0.173096 0.734640 0.171631 0.734110 0.172119 0.731462 0.174316 0.730403 0.175537 0.730932 0.176025 0.733581 0.174561 0.737818 0.175537 0.737818 0.175537 0.740996 0.175537 0.738877 0.176025 0.738877 0.176025 0.743114 0.176270 0.742055 0.177490 0.740996 0.176514 0.734640 0.176025 0.734110 0.176270 0.733051 0.176514 0.733581 0.176514 0.729873 0.173340 0.729343 0.172363 0.731462
0 0.167236 0.721928 0.167236 0.726165 0.170898 0.724576 0.171875 0.726165 0.172852 0.726165 0.172852 0.723517 0.174316 0.723517 0.174805 0.724576 0.174316 0.728284 0.175537 0.728284 0.175781 0.727225 0.175537 0.724576 0.174316 0.721928 0.174561 0.721398 0.171387 0.721928 0.171387 0.720869 0.170166 0.719809 0.170410 0.718220 0.171387 0.718750 0.171875 0.717161 0.171387 0.715572 0.170410 0.714513 0.169678 0.714513 0.169189 0.715572 0.169678 0.717161 0.168701 0.717161 0.168945 0.717691 0.168457 0.718750 0.169922 0.721398 0.170410 0.720339 0.170898 0.720869 0.171143 0.722987 0.169189 0.725106 0.167725 0.722987 0.167969 0.724047 0.167480 0.724576
0 0.163330 0.666314 0.163330 0.668432 0.164307 0.670021 0.165039 0.670021 0.165283 0.668962 0.164307 0.665784
0 0.174316 0.681674 0.170898 0.683792 0.169434 0.678496 0.164795 0.684852 0.168457 0.679025 0.166748 0.681144 0.166016 0.675318 0.168701 0.669492 0.162598 0.679025 0.158936 0.674788 0.161865 0.670021 0.158447 0.665254 0.151367 0.668962 0.150635 0.677966 0.147217 0.670021 0.148193 0.663665 0.143555 0.657309 0.140381 0.668432 0.140137 0.664725 0.132080 0.672669 0.139404 0.673199 0.136719 0.681674 0.132568 0.678496 0.133301 0.686970 0.129639 0.677966 0.119873 0.686441 0.116211 0.681674 0.116211 0.691737 0.119629 0.690678 0.121094 0.698623 0.117432 0.695445 0.120605 0.699682 0.123047 0.697034 0.122559 0.703919 0.114990 0.708686 0.116699 0.703390 0.114258 0.707097 0.113525 0.703390 0.095459 0.716631 0.086914 0.743114 0.073975 0.754237 0.066895 0.770127 0.080811 0.784958 0.084961 0.798729 0.102051 0.792903 0.110107 0.806674 0.119629 0.809852 0.139404 0.778072 0.139160 0.748411 0.142822 0.748411 0.145752 0.740466 0.151123 0.742055 0.151367 0.749470 0.164062 0.752648 0.162354 0.745233 0.164795 0.746822 0.164795 0.740996 0.167725 0.738877 0.167480 0.751059 0.173828 0.758475 0.173340 0.739936 0.168701 0.748411 0.170166 0.741525 0.168213 0.735699 0.164551 0.737288 0.166260 0.727225 0.159668 0.713983 0.162354 0.703919 0.164062 0.713453 0.168213 0.709216 0.164307 0.701271 0.165039 0.694915 0.172119 0.700212 0.172363 0.709216 0.175537 0.708157 0.175049 0.700212 0.169922 0.693856 0.173096 0.692267
0 0.153809 0.656780 0.153809 0.658898 0.154297 0.659958 0.155762 0.659958 0.155273 0.662076 0.157715 0.661547 0.157959 0.660487 0.156982 0.659428 0.157715 0.657839 0.156494 0.659428 0.156006 0.656250 0.155273 0.655191 0.154541 0.657309 0.154053 0.656250
0 0.143066 0.566737 0.143555 0.569915 0.143066 0.571504 0.145264 0.572034 0.145752 0.570975 0.149170 0.569915 0.148438 0.568856 0.148193 0.569915 0.145996 0.569915 0.145752 0.570975 0.144775 0.570445 0.144287 0.571504 0.143799 0.570445 0.144043 0.568326
0 0.111572 0.565678 0.114502 0.572034 0.115234 0.570975 0.116699 0.572564 0.117188 0.570975 0.117676 0.570975 0.117432 0.569915 0.116699 0.570445 0.116455 0.569386 0.115967 0.569386 0.114990 0.567267 0.114990 0.565678 0.113525 0.563559
0 0.081055 0.547669 0.081055 0.552436 0.082031 0.554025 0.083496 0.555085 0.083984 0.554025 0.085449 0.556674 0.086914 0.556674 0.087891 0.557733 0.089111 0.554555 0.089355 0.555085 0.088867 0.550847 0.086670 0.551377 0.085449 0.552966 0.084717 0.552966 0.084229 0.554555 0.083008 0.551377 0.081543 0.551377 0.081055 0.550318
0 0.081543 0.547140 0.082275 0.548199 0.083496 0.545551 0.087158 0.543962 0.085449 0.542903 0.083008 0.543432 0.082520 0.544492 0.082764 0.546081 0.081543 0.546081
0 0.087891 0.525424 0.086914 0.525424 0.085938 0.530191 0.084473 0.530191 0.083740 0.529131 0.083984 0.534428 0.084229 0.531250 0.086182 0.532309 0.086914 0.530191 0.087646 0.529661 0.088135 0.526483
0 0.087646 0.483581 0.088135 0.483581 0.088379 0.482521 0.088867 0.483581 0.089355 0.481462 0.089355 0.483051 0.090332 0.484110 0.090088 0.483581 0.091064 0.481992 0.089111 0.479873 0.088867 0.480403 0.089355 0.480932 0.088379 0.481462
0 0.093506 0.475106 0.093018 0.475106 0.091797 0.481462 0.091797 0.483051 0.093262 0.486229 0.094482 0.481462 0.093506 0.479873
0 0.128418 0.404661 0.127197 0.407309 0.128174 0.412606 0.127686 0.413665 0.128174 0.414195 0.127930 0.415784 0.128418 0.416843 0.128418 0.413665 0.129883 0.411547
0 0.156982 0.354343 0.156006 0.356462 0.154785 0.356462 0.153809 0.360699 0.154053 0.360169 0.154541 0.362288 0.155762 0.362288 0.156006 0.363877 0.157471 0.363347 0.156982 0.362288 0.157227 0.357521 0.156494 0.355932
0 0.161377 0.349576 0.160156 0.351695 0.159912 0.350106 0.159424 0.350106 0.160156 0.351695 0.160156 0.353284 0.159668 0.354343 0.159912 0.359110 0.158203 0.363347 0.158691 0.364407 0.159424 0.363877 0.159668 0.361229 0.161621 0.360169 0.161377 0.359110 0.161865 0.358581 0.161865 0.355403 0.160889 0.352754
0 0.170654 0.322564 0.162109 0.322034 0.160400 0.323093 0.160889 0.324153 0.160400 0.326271 0.159424 0.326271 0.158936 0.324153 0.158203 0.324682 0.157471 0.327860 0.157959 0.328919 0.156738 0.332627 0.155273 0.333686 0.155273 0.335275 0.156006 0.334746 0.156250 0.333157 0.157227 0.333157 0.157471 0.334746 0.156250 0.335805 0.155762 0.337924 0.155029 0.336864 0.155518 0.338453 0.154541 0.341102 0.153564 0.339513 0.154297 0.337394 0.153320 0.338453 0.153809 0.334746 0.153076 0.333157 0.154541 0.331038 0.154053 0.328919 0.154541 0.328390 0.152100 0.326801 0.153809 0.326271 0.155762 0.327860 0.157227 0.325212 0.149902 0.326271 0.147705 0.328390 0.146973 0.330508 0.147217 0.337394 0.149170 0.346398 0.149902 0.345869 0.150635 0.346928 0.150391 0.348517 0.150879 0.350636 0.150146 0.352225 0.150635 0.354873 0.152344 0.358581 0.151855 0.357521 0.152832 0.356992 0.152588 0.356462 0.155029 0.351695 0.155273 0.345339 0.156494 0.342691 0.159424 0.343750 0.158936 0.342161 0.158936 0.336864 0.160156 0.335275 0.161377 0.335275 0.161621 0.331038 0.162354 0.329449 0.161865 0.328390 0.162598 0.327331 0.161865 0.326271 0.161865 0.324682 0.162598 0.323623 0.162109 0.323093 0.162354 0.322034 0.167725 0.322034 0.168213 0.323623 0.166504 0.325212 0.166504 0.327331 0.167236 0.327860 0.165771 0.328390 0.168701 0.328390 0.169922 0.326271 0.171143 0.326271 0.170898 0.325212 0.171387 0.324682 0.170166 0.323093
0 0.588867 0.189619 0.587646 0.190148 0.588135 0.190678 0.587891 0.193856 0.589600 0.193326 0.589600 0.191208
0 0.585449 0.188030 0.584473 0.189619 0.584473 0.191737 0.584961 0.192267 0.584961 0.189619 0.585693 0.189089 0.585938 0.191737 0.585449 0.192267 0.587158 0.197034 0.587646 0.194915 0.586182 0.193856 0.586182 0.191208 0.586670 0.189619 0.586182 0.188559 0.585938 0.189619
0 0.521484 0.161017 0.520752 0.161017 0.520508 0.163136 0.520020 0.161547 0.520264 0.161017 0.519775 0.161017 0.519043 0.165254 0.519287 0.165784 0.519531 0.163665 0.520020 0.164725 0.521240 0.164725
0 0.604248 0.161547 0.603516 0.159958 0.603760 0.157839 0.602295 0.159958 0.599365 0.161017 0.600586 0.161017 0.601074 0.162076 0.600830 0.163665 0.601318 0.165254 0.602783 0.161017 0.603027 0.162606
0 0.525391 0.154661 0.525146 0.156250 0.524902 0.155191 0.524414 0.155720 0.524170 0.161017 0.524658 0.162606 0.524658 0.160487 0.525635 0.158898
0 0.550537 0.152013 0.549072 0.152542 0.550293 0.154661 0.549805 0.159958 0.550293 0.159958 0.551025 0.157839 0.551270 0.158369 0.551758 0.157309 0.551025 0.156250 0.551270 0.154661 0.551025 0.157309 0.550049 0.157309 0.550049 0.155720 0.550293 0.155191 0.550537 0.156250 0.550537 0.154661 0.551270 0.153072 0.551514 0.153602
0 0.117676 0.149364 0.117920 0.150424 0.121338 0.155191 0.121094 0.149894 0.120605 0.148835 0.121094 0.148305 0.122070 0.149364 0.121094 0.147775 0.120850 0.146186 0.120117 0.146186 0.120850 0.146716 0.120850 0.147775 0.118652 0.147775
0 0.136230 0.145657 0.136963 0.146716 0.136963 0.148305 0.137939 0.148305 0.139404 0.150424 0.139160 0.146716 0.138428 0.145657 0.138428 0.146716 0.137695 0.147246 0.137451 0.146186
0 0.141113 0.140890 0.142578 0.145127 0.142578 0.147246 0.144287 0.146716 0.143311 0.145127 0.142578 0.145127 0.143066 0.141949 0.142578 0.143008 0.142334 0.142479 0.142334 0.140890 0.142822 0.140890 0.142578 0.139831
0 0.117432 0.138771 0.117676 0.139831 0.116943 0.140890 0.116943 0.141949 0.115723 0.141949 0.115234 0.143008 0.115723 0.145657 0.114990 0.146716 0.115967 0.148305 0.116211 0.147246 0.116943 0.147246 0.117432 0.146186 0.117432 0.144068 0.116943 0.143008 0.117432 0.140360 0.117920 0.140360
0 0.866943 0.139831 0.866699 0.140360 0.865723 0.137712 0.864502 0.140890 0.863281 0.140890 0.864014 0.141949 0.863525 0.143538 0.863281 0.143008 0.864502 0.144068 0.865234 0.141419 0.865967 0.141419 0.866455 0.140360 0.866699 0.141419
0 0.862305 0.135064 0.861816 0.136123 0.861572 0.135593 0.860840 0.137712 0.860840 0.139831 0.861328 0.140360 0.860352 0.140890 0.860352 0.142479 0.859863 0.143008 0.860107 0.143538 0.861084 0.143008 0.861084 0.141949 0.861572 0.141419 0.861572 0.138771 0.862061 0.138242 0.861816 0.137182 0.862549 0.136123
0 0.553711 0.134534 0.553223 0.134534 0.552979 0.136653 0.552002 0.136653 0.551758 0.137712 0.551514 0.137182 0.551514 0.138771 0.550049 0.142479 0.549316 0.140360 0.548828 0.140360 0.549072 0.138771 0.548584 0.139831 0.548584 0.141949 0.548096 0.143008 0.547852 0.142479 0.547852 0.143538 0.548340 0.144068 0.548340 0.145127 0.548828 0.145127 0.549316 0.147775 0.548584 0.149364 0.548340 0.151483 0.549316 0.149364 0.549316 0.147775 0.550293 0.146716 0.550781 0.145127 0.552002 0.144597 0.550537 0.144068 0.550049 0.143008 0.551270 0.140360 0.552734 0.141419 0.553711 0.139831 0.553955 0.141949 0.553955 0.139301 0.554443 0.137182
0 0.511719 0.132415 0.511230 0.133475 0.511230 0.136123 0.512695 0.139301 0.513672 0.137182 0.513428 0.136653 0.514404 0.135593 0.514404 0.134534 0.513672 0.135064 0.513672 0.136123 0.512451 0.138242 0.511475 0.134004 0.511719 0.133475 0.512451 0.135064 0.512695 0.134534
0 0.508057 0.130826 0.508057 0.133475 0.507812 0.134004 0.507568 0.132415 0.507080 0.133475 0.507812 0.134534 0.507080 0.135593 0.508545 0.137182 0.508545 0.139301 0.509033 0.138771 0.508545 0.136653 0.509033 0.135064 0.509521 0.135064 0.509277 0.131356 0.509033 0.132945
0 0.520752 0.129237 0.520996 0.131356 0.520508 0.131886 0.520264 0.135064 0.521484 0.137712 0.521484 0.135593 0.520752 0.134534 0.521240 0.134004 0.521484 0.131356 0.521240 0.129237
0 0.120361 0.124470 0.120361 0.129767 0.119873 0.130297 0.120117 0.131356 0.120850 0.131356 0.121338 0.133475 0.121826 0.131886 0.122070 0.132945 0.123047 0.132415 0.123535 0.129237 0.123047 0.128178 0.122803 0.129237 0.121826 0.128708 0.121582 0.129767 0.121094 0.129767 0.120850 0.124470
0 0.564941 0.120763 0.563477 0.121292 0.562744 0.120233 0.562744 0.119174 0.561768 0.118114 0.561279 0.118644 0.560791 0.121822 0.561279 0.124470 0.561279 0.128178 0.560059 0.132415 0.560547 0.132945 0.561279 0.130826 0.562256 0.131886 0.562500 0.128178 0.563965 0.125530 0.564453 0.126059 0.563721 0.127119 0.563965 0.127648 0.563477 0.128178 0.563232 0.130297 0.563721 0.128708 0.564453 0.128708 0.563965 0.127119 0.564941 0.126589
0 0.553223 0.115466 0.552490 0.118644 0.552002 0.118114 0.552246 0.117055 0.552002 0.118644 0.551514 0.118644 0.551514 0.120763 0.551025 0.119703 0.550293 0.121292 0.551025 0.122352 0.551025 0.123941 0.552002 0.124470 0.551758 0.125530 0.551270 0.125000 0.551758 0.127648 0.552002 0.126589 0.552490 0.128178 0.552246 0.125000 0.553711 0.121292 0.553223 0.119703 0.553711 0.116525
0 0.559570 0.114407 0.559082 0.114936 0.559082 0.116525 0.559814 0.117585 0.558594 0.119703 0.557861 0.119174 0.557373 0.121292 0.556885 0.121292 0.555908 0.123411 0.556396 0.125530 0.556152 0.126059 0.555176 0.125000 0.553955 0.128708 0.554688 0.126589 0.555664 0.126589 0.556885 0.130297 0.558350 0.127648 0.558105 0.126059 0.558594 0.125000 0.559814 0.124470 0.559814 0.118644 0.560791 0.117585 0.559814 0.116525
0 0.096924 0.110169 0.098633 0.117055 0.100342 0.117055 0.099854 0.114407 0.097656 0.112288
0 0.516357 0.108581 0.515869 0.110169 0.515381 0.109640 0.515137 0.110699 0.515381 0.111229 0.516113 0.110169 0.516602 0.114407 0.517090 0.114936 0.517334 0.109640 0.516602 0.109640
0 0.413086 0.096928 0.411377 0.094809 0.411865 0.095869 0.411133 0.099047 0.410889 0.097987 0.410156 0.097987 0.409424 0.100636 0.409668 0.100106 0.411377 0.101695 0.411377 0.100636 0.409912 0.099576 0.410645 0.098517 0.411377 0.099047 0.412109 0.097458 0.412842 0.097987
0 0.522217 0.092691 0.522217 0.097458 0.521484 0.101165 0.521484 0.105403 0.522217 0.104873 0.522949 0.105932 0.522705 0.103814 0.521729 0.102225 0.522217 0.100636 0.522217 0.098517 0.523193 0.098517 0.523926 0.097458 0.524902 0.097987 0.525391 0.096928 0.525879 0.097458 0.526611 0.096398 0.525635 0.097458 0.525146 0.096398 0.524902 0.096928 0.524170 0.094809 0.522949 0.098517 0.522217 0.096398 0.522705 0.095339 0.522949 0.092691
0 0.404297 0.093750 0.402344 0.092161 0.402832 0.093750 0.402832 0.094809 0.402344 0.095339 0.402100 0.093750 0.401367 0.093220 0.401367 0.095869 0.401855 0.096398 0.401855 0.097987 0.402588 0.097458 0.403076 0.094809 0.404053 0.094809
0 0.541748 0.089513 0.541504 0.092691 0.540527 0.093750 0.540527 0.094809 0.539551 0.093220 0.539062 0.093220 0.539795 0.094280 0.539307 0.095869 0.538574 0.094280 0.538086 0.094809 0.538818 0.095339 0.538818 0.097987 0.539307 0.096928 0.539551 0.097987 0.540039 0.096398 0.539551 0.095869 0.540039 0.094809 0.540527 0.094809 0.540527 0.095869 0.541748 0.095339
0 0.540771 0.076801 0.539795 0.076801 0.539795 0.081038 0.539062 0.081568 0.538818 0.083686 0.538330 0.084216 0.537842 0.083157 0.538330 0.086864 0.539307 0.087394 0.540283 0.085805 0.540283 0.084216 0.541748 0.081038 0.542236 0.082097 0.541016 0.080508 0.541260 0.079449 0.541504 0.079979 0.540527 0.077860
0 0.563721 0.070445 0.562744 0.073093 0.562500 0.077331 0.562012 0.078390 0.561523 0.077331 0.561523 0.078390 0.562744 0.080508 0.561523 0.082097 0.561279 0.081038 0.561035 0.082627 0.560059 0.082627 0.559570 0.085805 0.560303 0.083157 0.560791 0.084216 0.560791 0.085805 0.562012 0.086335 0.561768 0.085805 0.562500 0.084216 0.562988 0.084216 0.563232 0.087924 0.564209 0.088453 0.564209 0.085805 0.562988 0.084216 0.563232 0.081568 0.563965 0.079979 0.564209 0.081038 0.564453 0.078919 0.564941 0.079979 0.565186 0.079449 0.564697 0.078390 0.563965 0.079449 0.563721 0.077331 0.562988 0.076801 0.563965 0.075212 0.564453 0.075742 0.564453 0.074153 0.564941 0.074682 0.564697 0.074153 0.565186 0.073093 0.565186 0.071504
0 0.400391 0.057203 0.400391 0.058792 0.401367 0.059852 0.401855 0.064089 0.402588 0.064089 0.403076 0.062500 0.402100 0.060911 0.402588 0.059852 0.401611 0.060381 0.401123 0.059322 0.401123 0.057733
0 0.511963 0.056144 0.511719 0.058792 0.510742 0.059322 0.510742 0.061970 0.511475 0.061970 0.511719 0.060911 0.512939 0.060911 0.512451 0.059852 0.512939 0.058263
0 0.874512 0.047669 0.874756 0.049788 0.874023 0.050847 0.874268 0.051907 0.876709 0.051377 0.875977 0.049788 0.876221 0.049258 0.875000 0.048729
0 0.404541 0.045021 0.403809 0.048199 0.402588 0.050847 0.401855 0.050847 0.401611 0.048729 0.400879 0.047669 0.400879 0.049788 0.401855 0.051907 0.403076 0.051907 0.402588 0.055085 0.403564 0.054025 0.403320 0.050847 0.404785 0.047140
0 0.359619 0.033898 0.359375 0.034958 0.360107 0.036547 0.359619 0.038136 0.356689 0.038136 0.357422 0.038665 0.356689 0.040784 0.357178 0.042373 0.356934 0.045021 0.357422 0.043432 0.358887 0.046081 0.359131 0.043962 0.359619 0.043962 0.360107 0.042373 0.361084 0.046610 0.361572 0.046081 0.361572 0.043432 0.362061 0.043432 0.361816 0.042903 0.362305 0.042373 0.361816 0.041314 0.363037 0.038136 0.362793 0.036017 0.362305 0.036017 0.362305 0.034428 0.362793 0.037606 0.361328 0.039725 0.361328 0.042373 0.361084 0.040784 0.360840 0.041843 0.360352 0.041843 0.360107 0.039195 0.360596 0.037606 0.361084 0.038665 0.360840 0.036017 0.359619 0.035487
0 0.403564 0.033369 0.402832 0.034428 0.401855 0.034428 0.401123 0.032309 0.399658 0.032309 0.397705 0.036017 0.398682 0.038136 0.398682 0.041314 0.399902 0.043432 0.399658 0.043962 0.400146 0.043962 0.400146 0.042373 0.399658 0.041843 0.399658 0.040254 0.398682 0.038665 0.398682 0.034958 0.399414 0.033369 0.400391 0.032839 0.401367 0.035487 0.402100 0.035487 0.402344 0.034428 0.402832 0.035487 0.403320 0.034428 0.404053 0.035487
0 0.803467 0.027542 0.802490 0.028072 0.802734 0.029661 0.802246 0.029661 0.802979 0.030720 0.802246 0.032839 0.802979 0.034428 0.803467 0.033369 0.803467 0.030720 0.803955 0.030191 0.803955 0.028602
0 0.454590 0.016949 0.454346 0.016419 0.453369 0.017479 0.452881 0.016419 0.453125 0.017479 0.452637 0.018538 0.450684 0.018538 0.449219 0.020127 0.448975 0.019597 0.448975 0.021186 0.448242 0.021186 0.447998 0.022246 0.448486 0.023305 0.449707 0.022775 0.450195 0.023835 0.449219 0.023835 0.449707 0.024894 0.451172 0.023305 0.449951 0.023305 0.450684 0.021716 0.450684 0.020127 0.451416 0.021186 0.451172 0.021716 0.453125 0.021716 0.453125 0.018538 0.453857 0.018008 0.454102 0.020657 0.454346 0.019068 0.453857 0.017479
0 0.834717 0.017479 0.833008 0.016949 0.833008 0.014831 0.832520 0.014831 0.831055 0.018538 0.831055 0.020657 0.832031 0.021716 0.833984 0.019597 0.833740 0.018538
0 0.381104 0.016419 0.381592 0.016949 0.381104 0.018538 0.381104 0.019597 0.381348 0.019068 0.381592 0.020127 0.381104 0.021186 0.382324 0.021186 0.382812 0.023305 0.384521 0.021716 0.384521 0.023305 0.385254 0.022246 0.386230 0.024364 0.386230 0.021186 0.386719 0.021186 0.386475 0.020657 0.386963 0.020127 0.385986 0.018538 0.386230 0.018008 0.385742 0.016419 0.385010 0.017479 0.384521 0.016419 0.384277 0.013242 0.383789 0.014301 0.384033 0.015890 0.383545 0.016949 0.382568 0.015360
0 0.454590 0.006886 0.454590 0.007945 0.455078 0.008475 0.453857 0.009004 0.453857 0.007415 0.453125 0.010593 0.454102 0.011653 0.452881 0.014831 0.454102 0.012712 0.455566 0.011653 0.455322 0.009534 0.454834 0.009004 0.455322 0.007945 0.454834 0.007945
0 0.436523 0.004237 0.437500 0.005826 0.437744 0.009534 0.438477 0.009004 0.438721 0.010064 0.439697 0.010064 0.438721 0.008475 0.439941 0.007415 0.437988 0.006356 0.437012 0.004237 0.437256 0.003708
0 0.506836 0.007415 0.507568 0.005826 0.507812 0.007415 0.507080 0.009004 0.508789 0.009534 0.509521 0.007415 0.510010 0.009004 0.510010 0.007945 0.510498 0.007415 0.510742 0.009004 0.511719 0.009004 0.513184 0.012712 0.514648 0.011653 0.512451 0.004767 0.512451 0.000000 0.510742 0.000000 0.510742 0.001589 0.510254 0.001059 0.509766 0.003178 0.509033 0.002648 0.507080 0.005826
0 0.378418 0.016419 0.378662 0.014831 0.380859 0.013771 0.381836 0.011653 0.383545 0.013242 0.383545 0.010064 0.383057 0.008475 0.383301 0.006356 0.384521 0.009004 0.384766 0.011653 0.385742 0.013242 0.385010 0.011653 0.384277 0.007945 0.385010 0.007415 0.385498 0.011123 0.386230 0.010593 0.387207 0.012712 0.388428 0.012182 0.390625 0.013771 0.390381 0.012712 0.390869 0.011653 0.392090 0.010593 0.392334 0.011653 0.392822 0.011123 0.393311 0.012182 0.393066 0.011653 0.393555 0.010593 0.394775 0.011653 0.394775 0.013771 0.394531 0.010593 0.395264 0.010064 0.395264 0.009004 0.396240 0.007945 0.396240 0.005826 0.396973 0.005826 0.397461 0.004237 0.396729 0.001589 0.398193 0.001589 0.397705 0.000000 0.390381 0.000000 0.390625 0.005297 0.389648 0.007415 0.388916 0.005826 0.388916 0.007415 0.387695 0.007945 0.387207 0.005826 0.386230 0.006356 0.385010 0.004237 0.385498 0.003178 0.384766 0.002119 0.384766 0.000000 0.382812 0.000000 0.381836 0.002648 0.381104 0.002119 0.381104 0.000000 0.378906 0.000000 0.378662 0.004767 0.379639 0.006886 0.380127 0.006356 0.380615 0.008475 0.379395 0.011653 0.378418 0.012712 0.378174 0.006886
0 0.032959 0.000000 0.187256 0.218750 0.193848 0.346398 0.092285 0.412076 0.085449 0.479343 0.122314 0.454449 0.073486 0.500000 0.089111 0.557733 0.156006 0.562500 0.226807 0.890890 0.301025 0.835275 0.199951 0.999470 0.999756 0.999470 0.999756 0.053496 0.889160 0.190148 0.853271 0.086335 0.926514 0.000000 0.634277 0.000000 0.595459 0.455508 0.554688 0.308263 0.605225 0.213983 0.573242 0.053496 0.543701 0.190678 0.556396 0.083686 0.525391 0.085275 0.536377 0.261123 0.503174 0.135593 0.538330 0.070445 0.504395 0.090042 0.496582 0.000000 0.398438 0.007945 0.396240 0.119174 0.353760 0.000000
1 0.421387 0.999470 0.425293 0.998941 0.423584 0.996822 0.422363 0.996822
1 0.520508 0.995233 0.518799 0.995763 0.518799 0.999470 0.520020 0.998941 0.520752 0.995763
1 0.501953 0.994174 0.501465 0.993644 0.500488 0.995763 0.500488 0.998411 0.500000 0.998941 0.498779 0.997881 0.498779 0.999470 0.500977 0.999470 0.500732 0.998941
1 0.797363 0.993114 0.797119 0.995763 0.796875 0.993644 0.795898 0.993644 0.795898 0.995233 0.796387 0.996292 0.796387 0.999470 0.797363 0.999470 0.797119 0.997881 0.797607 0.997352 0.797852 0.995233 0.797363 0.994703
1 0.320068 0.992585 0.318848 0.992055 0.317871 0.995233 0.316650 0.995233 0.315918 0.996822 0.315918 0.997881 0.316895 0.998411 0.317871 0.996822 0.320068 0.996292
1 0.358154 0.994703 0.358887 0.996822 0.360107 0.996822 0.360840 0.998941 0.360596 0.999470 0.361572 0.999470 0.362061 0.998411 0.362549 0.999470 0.362549 0.998411 0.363037 0.998411 0.363281 0.999470 0.366455 0.999470 0.365723 0.998941 0.366211 0.998411 0.364502 0.998411 0.363525 0.996822 0.363281 0.995233 0.362305 0.994174 0.362305 0.995233 0.361572 0.995763 0.361084 0.994703 0.361572 0.994174 0.360840 0.992585 0.361084 0.991525 0.360352 0.994174 0.360596 0.995233 0.360107 0.996292 0.359375 0.996292
1 0.527588 0.992055 0.527588 0.994174 0.530029 0.998411 0.530273 0.995233 0.529541 0.990466 0.528809 0.992055
1 0.451904 0.990466 0.450195 0.992585 0.448730 0.996822 0.449463 0.997352 0.450195 0.999470 0.450928 0.999470 0.450928 0.995763 0.451904 0.995763 0.452881 0.992585
1 0.381348 0.992585 0.380859 0.990996 0.377441 0.989936 0.376953 0.990466 0.377930 0.992055 0.377441 0.995763 0.375977 0.995763 0.373535 0.999470 0.377441 0.999470 0.377197 0.998411 0.377686 0.997352 0.379883 0.997352 0.380127 0.995233
1 0.836670 0.992055 0.837158 0.994174 0.836914 0.995763 0.838379 0.997352 0.839600 0.996822 0.841553 0.998411 0.841064 0.998941 0.842773 0.998411 0.843262 0.999470 0.845703 0.999470 0.844482 0.998941 0.843994 0.997352 0.845215 0.995233 0.844971 0.993644 0.844238 0.993644 0.845215 0.991525 0.843750 0.991525 0.843506 0.990996 0.843994 0.989936 0.843262 0.988347 0.842285 0.988347 0.842285 0.992055 0.841553 0.994174 0.840332 0.992585 0.840088 0.990466 0.838135 0.989407 0.838135 0.988347
1 0.498779 0.986229 0.498779 0.989407 0.497803 0.990466 0.497070 0.988877 0.496826 0.989936 0.496582 0.988877 0.496094 0.988877 0.495605 0.990996 0.494873 0.992055 0.494873 0.993644 0.495605 0.995233 0.498291 0.996292 0.498291 0.994703 0.498779 0.993644 0.499512 0.993644
1 0.517334 0.985699 0.517090 0.987288 0.518066 0.990466 0.517578 0.993114 0.518066 0.994174 0.519043 0.993114 0.519043 0.990996
1 0.560059 0.984640 0.560059 0.986229 0.560791 0.987818 0.562744 0.988347 0.562988 0.989936 0.562500 0.991525 0.563232 0.993114 0.564697 0.993114 0.562988 0.984640 0.562500 0.984640 0.562256 0.986229 0.561035 0.986229 0.560303 0.984110
1 0.337158 0.984110 0.335938 0.984640 0.335205 0.987288 0.335449 0.988347 0.335938 0.987818 0.336670 0.989936 0.337891 0.988877 0.337402 0.987818 0.337646 0.985699
1 0.543701 0.989936 0.544922 0.990466 0.544434 0.991525 0.545410 0.994174 0.544922 0.995233 0.545654 0.995763 0.546143 0.997352 0.545410 0.998411 0.545898 0.999470 0.546387 0.999470 0.545898 0.998411 0.546387 0.997352 0.547852 0.999470 0.552490 0.999470 0.551514 0.996822 0.552002 0.995763 0.553223 0.996292 0.553467 0.995233 0.553711 0.996292 0.554932 0.995763 0.555420 0.996822 0.554932 0.998941 0.553467 0.999470 0.556641 0.998941 0.556641 0.996822 0.556152 0.995763 0.556641 0.994174 0.556641 0.991525 0.555664 0.988877 0.555664 0.986229 0.556152 0.985169 0.555908 0.983581 0.553223 0.983581 0.552246 0.985169 0.551270 0.985169 0.551025 0.983581 0.550537 0.983581 0.550293 0.985699 0.549072 0.987288 0.549561 0.988347 0.549316 0.988877 0.547363 0.988347 0.546631 0.989407 0.545654 0.986758 0.545166 0.986758
1 0.313232 0.998411 0.312500 0.998411 0.312012 0.997352 0.311523 0.998411 0.311279 0.997881 0.310791 0.998941 0.309814 0.998941 0.306885 0.993644 0.307373 0.986229 0.307861 0.985699 0.308594 0.987288 0.310547 0.987288 0.309570 0.985699 0.309570 0.983051 0.309326 0.984110 0.308350 0.983051 0.307129 0.983581 0.306641 0.985699 0.305908 0.986758 0.304688 0.984110 0.304199 0.985169 0.303711 0.983581 0.303711 0.986229 0.302979 0.988877 0.301025 0.990466 0.300537 0.988877 0.299072 0.987288 0.297363 0.987288 0.296387 0.989407 0.295410 0.988877 0.294678 0.987288 0.293701 0.987288 0.292480 0.989407 0.291260 0.994703 0.290771 0.994174 0.291016 0.993114 0.290771 0.993644 0.290039 0.992055 0.290039 0.990996 0.289307 0.990996 0.288574 0.992055 0.289062 0.992585 0.289062 0.993644 0.290039 0.994703 0.289307 0.996822 0.288330 0.997352 0.288086 0.995763 0.287354 0.995763 0.286133 0.997352 0.286133 0.999470 0.288086 0.999470 0.288574 0.997352 0.290527 0.997352 0.291260 0.995763 0.291016 0.995233 0.292236 0.993114 0.297852 0.995233 0.298340 0.998411 0.298584 0.997352 0.298828 0.997881 0.299561 0.996822 0.301270 0.992055 0.302246 0.991525 0.303467 0.994174 0.304199 0.993644 0.304688 0.994703 0.305176 0.999470 0.313232 0.999470
1 0.361084 0.984640 0.360840 0.984110 0.360596 0.985169 0.360107 0.983581 0.358398 0.983581 0.356934 0.981992 0.356689 0.985699 0.357178 0.987288 0.357178 0.989407 0.356689 0.990996 0.356689 0.993114 0.357422 0.992585 0.357178 0.992055 0.357666 0.991525 0.357178 0.989936 0.358398 0.986229 0.359131 0.985169
1 0.822021 0.981462 0.822021 0.982521 0.823242 0.984640 0.823242 0.986758 0.823730 0.987288 0.823975 0.984640 0.824463 0.983581 0.823975 0.982521
1 0.822510 0.989407 0.821045 0.984640 0.820068 0.983581 0.820068 0.981992 0.819092 0.983051 0.817627 0.980403 0.816895 0.980403 0.816162 0.982521 0.814453 0.983051 0.814941 0.984640 0.814453 0.985169 0.814453 0.986229 0.815430 0.987818 0.815186 0.989407 0.814697 0.989936 0.812500 0.988347 0.812744 0.989936 0.814453 0.991525 0.814453 0.994174 0.813477 0.995763 0.812500 0.993644 0.812500 0.994703 0.812012 0.995233 0.810547 0.992055 0.809326 0.992585 0.808838 0.994174 0.808350 0.993114 0.808105 0.990466 0.808594 0.989407 0.808105 0.988877 0.808350 0.988347 0.807373 0.988347 0.805664 0.985699 0.804688 0.985169 0.804443 0.987288 0.803711 0.987288 0.802979 0.988877 0.802490 0.988347 0.802490 0.989936 0.801758 0.990466 0.802246 0.992055 0.801025 0.994174 0.801025 0.996822 0.801025 0.995233 0.801514 0.994174 0.801758 0.996822 0.801025 0.998411 0.800781 0.997881 0.800537 0.999470 0.806885 0.999470 0.809326 0.995763 0.809814 0.995763 0.810303 0.997352 0.809570 0.999470 0.812744 0.999470 0.812500 0.997881 0.813477 0.995763 0.814209 0.997881 0.814209 0.999470 0.817627 0.999470 0.817627 0.997881 0.816162 0.993644 0.816650 0.992585 0.817627 0.992585 0.817871 0.995233 0.818359 0.996292 0.819092 0.995763 0.819824 0.996822 0.820801 0.996822 0.821533 0.994703 0.820068 0.993114 0.819092 0.988877 0.820801 0.987818 0.821777 0.990466 0.822510 0.990466
1 0.439453 0.978814 0.437744 0.981462 0.438721 0.983581 0.438721 0.984640 0.438232 0.985169 0.438232 0.984110 0.437744 0.986229 0.438477 0.986758 0.439697 0.990466 0.439453 0.993644 0.438721 0.995233 0.439697 0.994174 0.439941 0.990466 0.438477 0.985699 0.439453 0.982521 0.438721 0.982521
1 0.279053 0.978814 0.279053 0.985169 0.279541 0.985699 0.279297 0.986758 0.281006 0.990996 0.281250 0.986229 0.280762 0.985169 0.281494 0.984640 0.280273 0.981992 0.280273 0.980403
1 0.349609 0.977754 0.350586 0.983581 0.349854 0.986229 0.350342 0.987288 0.350098 0.988347 0.350342 0.987818 0.351074 0.988877 0.351807 0.987818 0.350586 0.987288 0.350586 0.984640 0.351074 0.983581 0.352295 0.984640 0.353516 0.987818 0.354248 0.986758 0.355225 0.989936 0.355713 0.984640 0.354492 0.985169 0.354248 0.983051 0.353760 0.983051 0.353760 0.984640 0.353516 0.985169 0.353027 0.984110 0.352783 0.985169 0.352539 0.982521 0.350830 0.980403 0.351074 0.978814 0.350342 0.979873 0.350098 0.979343 0.350830 0.977225
1 0.824951 0.975636 0.823975 0.978814 0.825928 0.981992 0.827148 0.978814 0.826416 0.978814 0.825928 0.976165
1 0.792480 0.974576 0.791992 0.977225 0.792725 0.979343 0.792236 0.980403 0.791992 0.979873 0.791992 0.980932 0.791504 0.980932 0.792725 0.982521 0.792725 0.987818 0.793945 0.986229 0.794189 0.984640 0.793213 0.984640 0.792725 0.983581 0.793457 0.982521 0.793457 0.978814 0.792725 0.977225
1 0.446289 0.975636 0.446289 0.976695 0.447754 0.979343 0.447754 0.981992 0.449219 0.984110 0.448975 0.985699 0.448486 0.985169 0.448486 0.986758 0.449219 0.986758 0.450928 0.988877 0.451416 0.985699 0.453857 0.985699 0.453857 0.983581 0.453369 0.984640 0.452393 0.983051 0.451660 0.985699 0.451172 0.985699 0.450684 0.984110 0.450928 0.985699 0.450195 0.987288 0.449707 0.987288 0.449463 0.985169 0.450195 0.982521 0.448975 0.983051 0.448486 0.981992 0.448242 0.976165 0.449219 0.975106 0.449707 0.976165 0.449463 0.977754 0.450439 0.977754 0.450195 0.976165 0.449219 0.974047 0.448730 0.974047 0.448730 0.975106 0.447998 0.976695
1 0.408203 0.970869 0.407959 0.971928 0.408936 0.972987 0.408936 0.976695 0.409424 0.977754 0.410645 0.976695 0.410889 0.974576 0.410156 0.976695 0.409424 0.974576 0.409668 0.973517 0.410156 0.973517 0.410156 0.971928 0.409424 0.972458 0.408691 0.970869
1 0.440186 0.973517 0.439697 0.976165 0.440186 0.975106 0.441895 0.978814 0.443359 0.978284 0.444580 0.975636 0.444580 0.976695 0.445557 0.978814 0.445068 0.981462 0.445312 0.979873 0.445801 0.982521 0.446533 0.982521 0.445801 0.981992 0.445801 0.976695 0.445557 0.977225 0.444580 0.975636 0.445557 0.972987 0.445068 0.971928 0.444336 0.972458 0.444092 0.970869 0.443359 0.970869 0.443115 0.972458 0.443604 0.976165 0.443115 0.977754 0.442627 0.977754 0.441650 0.975106 0.442139 0.972987
1 0.463623 0.968220 0.464111 0.969809 0.463623 0.970339 0.463379 0.969280 0.462891 0.971398 0.463623 0.972458 0.463135 0.976695 0.462402 0.977225 0.462646 0.973517 0.460938 0.979343 0.460938 0.981992 0.459473 0.984640 0.459717 0.987818 0.460449 0.988877 0.462402 0.984640 0.463379 0.987288 0.463379 0.991525 0.461670 0.994703 0.461670 0.997352 0.462646 0.997352 0.463135 0.999470 0.463623 0.997352 0.464844 0.999470 0.465332 0.996822 0.465820 0.997352 0.467285 0.994174 0.468018 0.994174 0.467773 0.999470 0.468506 0.999470 0.468750 0.995233 0.470215 0.996822 0.470215 0.999470 0.470703 0.996292 0.471680 0.999470 0.472168 0.997352 0.472656 0.999470 0.474854 0.999470 0.476318 0.996292 0.476562 0.994174 0.477295 0.995233 0.476562 0.993644 0.476074 0.994703 0.474854 0.993114 0.474854 0.990996 0.473877 0.988347 0.475342 0.981992 0.474854 0.981462 0.474854 0.978814 0.473389 0.977754 0.471680 0.979873 0.471680 0.981462 0.472412 0.980403 0.473145 0.981992 0.473389 0.988347 0.472656 0.988877 0.472412 0.986229 0.471924 0.988347 0.471436 0.987818 0.471436 0.985169 0.471924 0.984640 0.470947 0.980932 0.468262 0.981462 0.467773 0.982521 0.468262 0.983051 0.468750 0.987818 0.468262 0.988347 0.467773 0.987288 0.468262 0.988347 0.468018 0.989407 0.466309 0.988347 0.466309 0.989407 0.465332 0.989407 0.465576 0.990466 0.464111 0.992585 0.463867 0.991525 0.464600 0.990996 0.465088 0.985169 0.466553 0.984110 0.465576 0.981462 0.465088 0.981462 0.464600 0.984110 0.463379 0.984110 0.461914 0.979873 0.461914 0.978284 0.462402 0.977754 0.462646 0.978814 0.462891 0.977754 0.463623 0.980932 0.464844 0.980403 0.464111 0.977754 0.464600 0.975636 0.464844 0.977225 0.464844 0.974576 0.464111 0.973517 0.464600 0.969809
1 0.422607 0.960805 0.421143 0.961864 0.420166 0.961335 0.420898 0.963983 0.419922 0.966631 0.420410 0.966631 0.420410 0.968750 0.420410 0.967691 0.421631 0.965572 0.421631 0.964513 0.420898 0.963453 0.421143 0.961864 0.421631 0.961335 0.421875 0.962394 0.422363 0.962394
1 0.560059 0.960275 0.559326 0.959746 0.558594 0.961335 0.558838 0.963983 0.560303 0.962924
1 0.433105 0.959746 0.432129 0.959216 0.431885 0.960275 0.431641 0.959746 0.430664 0.960805 0.429688 0.967161 0.429932 0.968750 0.430664 0.968750 0.430908 0.962924
1 0.501465 0.958686 0.499023 0.957627 0.498535 0.959216 0.498047 0.959216 0.497803 0.961864 0.499023 0.964513 0.497559 0.971928 0.497803 0.976695 0.498779 0.976165 0.498779 0.974047 0.499512 0.971398 0.500732 0.971928 0.501709 0.973517 0.502930 0.972987 0.502441 0.969280 0.502686 0.965042 0.501709 0.965042 0.500977 0.963453 0.501953 0.960275
1 0.367432 0.959216 0.366699 0.956038 0.366211 0.957627 0.365479 0.957097 0.364990 0.958157 0.365723 0.959746 0.365479 0.960805 0.364258 0.961335 0.364258 0.959216 0.363525 0.959216 0.363525 0.960275 0.364502 0.961864 0.365234 0.961864 0.366211 0.959746 0.367188 0.960275 0.367188 0.962924
1 0.379883 0.955508 0.377930 0.956038 0.377686 0.957627 0.378418 0.960275 0.379395 0.959216
1 0.325195 0.957097 0.324707 0.956568 0.324219 0.957627 0.323730 0.954979 0.322998 0.955508 0.322754 0.958157 0.321289 0.960805 0.320068 0.959746 0.319824 0.958686 0.319580 0.959746 0.319092 0.959216 0.319092 0.960275 0.318359 0.961864 0.317139 0.960805 0.316650 0.965042 0.315918 0.966631 0.315918 0.968750 0.316162 0.969280 0.317627 0.968220 0.318115 0.967161 0.317383 0.966631 0.317627 0.965572 0.319336 0.965572 0.319336 0.967161 0.319580 0.966102 0.320557 0.966102 0.321289 0.964513 0.321533 0.965572 0.322021 0.965572 0.322266 0.964513 0.323486 0.965042 0.323730 0.963983 0.322754 0.963453 0.322266 0.961864 0.322510 0.960805 0.322021 0.960275 0.323486 0.958686 0.324219 0.958686 0.324951 0.960275
1 0.551270 0.954449 0.549805 0.956568 0.548828 0.956568 0.547852 0.954449 0.546387 0.958686 0.544434 0.967161 0.542725 0.967691 0.542236 0.968750 0.543213 0.971928 0.543213 0.974047 0.543945 0.974576 0.544922 0.973517 0.545166 0.971928 0.545654 0.971928 0.545898 0.972987 0.545898 0.971928 0.546631 0.970869 0.546875 0.971928 0.547852 0.970339 0.548096 0.970869 0.548340 0.968750 0.549072 0.967161 0.550781 0.969280 0.551758 0.967161 0.551514 0.966102 0.552246 0.963983 0.552002 0.960805 0.552490 0.960275 0.552490 0.957097
1 0.515625 0.955508 0.516113 0.957097 0.517822 0.957097 0.518311 0.956038 0.517578 0.953919 0.516602 0.953919
1 0.494629 0.958686 0.493896 0.957627 0.491699 0.958686 0.491455 0.958157 0.490234 0.960805 0.489746 0.959746 0.491943 0.954979 0.490479 0.953390 0.489014 0.955508 0.486328 0.955508 0.485352 0.956568 0.483398 0.956568 0.482178 0.953919 0.480713 0.955508 0.480225 0.957627 0.480957 0.960805 0.481934 0.962394 0.481689 0.963983 0.482666 0.966102 0.482910 0.968220 0.483643 0.969809 0.484863 0.969809 0.485596 0.971398 0.486084 0.971398 0.486572 0.969809 0.486328 0.967161 0.486816 0.965042 0.487793 0.962924 0.489258 0.961864 0.488770 0.960275 0.489014 0.959216 0.489746 0.959216 0.489746 0.961335 0.490479 0.962924 0.490234 0.964513 0.491211 0.962924 0.491211 0.960275 0.491943 0.960275 0.492432 0.959216 0.494141 0.960275
1 0.425049 0.952331 0.424316 0.953390 0.424316 0.954979 0.423828 0.956038 0.424072 0.955508 0.424316 0.957097 0.423340 0.957627 0.423340 0.959216 0.424072 0.958686 0.425537 0.961335 0.426025 0.966102 0.424805 0.969280 0.424561 0.967691 0.423828 0.969809 0.423828 0.974047 0.424561 0.974576 0.424316 0.979873 0.424805 0.981992 0.423584 0.983581 0.423584 0.984640 0.424072 0.985169 0.423340 0.987288 0.423828 0.988347 0.423828 0.992055 0.423340 0.992585 0.424316 0.994174 0.425781 0.994174 0.426270 0.995233 0.425781 0.995763 0.426270 0.999470 0.430420 0.999470 0.430176 0.997881 0.430664 0.997881 0.430664 0.993114 0.431885 0.998941 0.431152 0.999470 0.432861 0.999470 0.430908 0.990996 0.430908 0.988347 0.430664 0.987818 0.430664 0.988877 0.430176 0.988877 0.430176 0.984640 0.430664 0.982521 0.431641 0.981992 0.432129 0.980403 0.433350 0.979873 0.433594 0.978814 0.432861 0.977225 0.431396 0.977754 0.431152 0.978814 0.430176 0.979343 0.429932 0.978284 0.431152 0.976695 0.432373 0.971928 0.433350 0.970339 0.432373 0.971928 0.432129 0.970339 0.431641 0.970869 0.432129 0.972987 0.431152 0.973517 0.430664 0.975636 0.430908 0.976695 0.430176 0.977754 0.429932 0.975106 0.430664 0.972987 0.430420 0.970869 0.431152 0.970339 0.430664 0.970339 0.429932 0.972458 0.429199 0.972458 0.428955 0.974047 0.428467 0.972987 0.427979 0.974047 0.427246 0.970339 0.427246 0.966631 0.427734 0.966102 0.427246 0.966102 0.427002 0.963983 0.426514 0.963453 0.426514 0.960805 0.425537 0.958157 0.426270 0.956038 0.425781 0.952860
1 0.440674 0.951801 0.438965 0.955508 0.437988 0.953390 0.437256 0.954979 0.437744 0.957627 0.441162 0.958686 0.441162 0.954449
1 0.292725 0.953919 0.292725 0.956568 0.291504 0.959216 0.291504 0.960805 0.292236 0.962394 0.292236 0.965042 0.291748 0.965572 0.291992 0.969809 0.293213 0.970339 0.293457 0.968750 0.294189 0.967691 0.294189 0.965572 0.294678 0.966102 0.294678 0.967161 0.295410 0.966631 0.295410 0.965572 0.296143 0.963983 0.296143 0.961864 0.297607 0.961335 0.298340 0.962924 0.298340 0.965572 0.299561 0.968220 0.300781 0.974576 0.302002 0.977754 0.302734 0.978284 0.302734 0.980403 0.303711 0.982521 0.303955 0.979873 0.303467 0.978284 0.303467 0.974576 0.302734 0.970869 0.301758 0.971398 0.301025 0.969809 0.301025 0.967691 0.301758 0.966102 0.301758 0.964513 0.300537 0.961864 0.299561 0.962394 0.298340 0.959746 0.299316 0.959216 0.298828 0.958686 0.299316 0.958157 0.298828 0.957097 0.298584 0.958686 0.298096 0.957627 0.298340 0.957097 0.295410 0.952331 0.294678 0.951801 0.293213 0.954449
1 0.252441 0.951801 0.251221 0.951271 0.250488 0.952331 0.249023 0.952331 0.248047 0.953919 0.247070 0.953919 0.246826 0.952860 0.246826 0.954449 0.245850 0.954449 0.245117 0.956568 0.244385 0.954979 0.241211 0.954979 0.240479 0.957097 0.241699 0.958157 0.242188 0.959746 0.242188 0.961335 0.241455 0.961864 0.241699 0.962924 0.243164 0.962394 0.244141 0.960805 0.243652 0.960275 0.244385 0.958686 0.246094 0.957627 0.247070 0.958157 0.247070 0.954979 0.247559 0.954979 0.247559 0.956038 0.248535 0.956568 0.248779 0.955508 0.250000 0.956038 0.250488 0.954979 0.251465 0.954979 0.252197 0.953919
1 0.815674 0.950742 0.815430 0.953919 0.815918 0.954979 0.816895 0.954979 0.817383 0.953390 0.817139 0.951271
1 0.824707 0.949153 0.825195 0.951271 0.826660 0.951801 0.827881 0.950212 0.827881 0.947564 0.825439 0.947564 0.825684 0.948093
1 0.305908 0.946504 0.307129 0.950212 0.309570 0.950742 0.309570 0.948623 0.309082 0.948623 0.309082 0.950212 0.307373 0.949682 0.307373 0.945445
1 0.418457 0.989936 0.413574 0.981992 0.412842 0.985169 0.410889 0.981992 0.409424 0.984640 0.406738 0.973517 0.404053 0.978814 0.403564 0.967161 0.407227 0.966631 0.406494 0.955508 0.405273 0.954979 0.406006 0.944915 0.403809 0.949153 0.405273 0.952331 0.404785 0.960275 0.403076 0.962924 0.401367 0.960805 0.401123 0.967161 0.396729 0.963453 0.398682 0.958157 0.394775 0.952860 0.396729 0.948093 0.393066 0.951271 0.392822 0.956038 0.388916 0.955508 0.393555 0.962394 0.394775 0.960275 0.398438 0.973517 0.396240 0.974576 0.395996 0.978814 0.391113 0.979343 0.392090 0.982521 0.389404 0.981462 0.390137 0.985699 0.388428 0.981462 0.387207 0.984110 0.385498 0.981992 0.388428 0.976695 0.385254 0.974047 0.385254 0.966102 0.385498 0.977754 0.382324 0.979873 0.383789 0.978284 0.382568 0.978284 0.383057 0.974047 0.379883 0.978814 0.379150 0.975106 0.378174 0.977225 0.376709 0.974576 0.371094 0.978814 0.372070 0.972987 0.370361 0.972987 0.370117 0.976695 0.368408 0.972458 0.369385 0.971398 0.366211 0.968220 0.365479 0.974576 0.366699 0.981462 0.365723 0.988877 0.368896 0.996292 0.367676 0.999470 0.372559 0.997881 0.368652 0.995763 0.366699 0.989407 0.366943 0.981992 0.368164 0.978814 0.369873 0.982521 0.370605 0.979343 0.372803 0.981462 0.373779 0.976695 0.377441 0.980932 0.374512 0.981992 0.378174 0.983581 0.377197 0.986758 0.382812 0.983581 0.386475 0.991525 0.384521 0.994174 0.388184 0.990996 0.393555 0.999470 0.403076 0.999470 0.401855 0.995763 0.399414 0.996292 0.397949 0.989936 0.402100 0.990996 0.403320 0.996292 0.406006 0.994703 0.405273 0.999470 0.407959 0.998411 0.407715 0.986758 0.409180 0.987288 0.408691 0.996292 0.411621 0.995763 0.410156 0.999470 0.415527 0.987818 0.416992 0.994703
1 0.447754 0.943856 0.447998 0.947034 0.448486 0.947564 0.448242 0.951271 0.447510 0.952331 0.447510 0.953919 0.446777 0.956038 0.446045 0.955508 0.445557 0.952860 0.446289 0.960275 0.447754 0.962394 0.449707 0.961864 0.450195 0.963453 0.450195 0.966102 0.451904 0.965572 0.453125 0.966631 0.452881 0.965572 0.453369 0.960805 0.453857 0.960275 0.453857 0.957627 0.452881 0.957627 0.452637 0.953919 0.451416 0.956568 0.450195 0.954979 0.449951 0.955508 0.450928 0.958157 0.451904 0.957627 0.452637 0.958686 0.451660 0.960805 0.451904 0.961864 0.451172 0.963453 0.451172 0.965042 0.450684 0.964513 0.450195 0.961335 0.449463 0.960275 0.448486 0.960275 0.448975 0.958686 0.448242 0.959746 0.447510 0.959216 0.447510 0.956568 0.447998 0.955508 0.447510 0.954979 0.447998 0.953919 0.447998 0.951801 0.448486 0.951271 0.448242 0.949153 0.448730 0.947034 0.448730 0.944386 0.448242 0.945975
1 0.974121 0.943326 0.973389 0.944386 0.973633 0.950212 0.972900 0.951271 0.972900 0.952331 0.973633 0.953390 0.976074 0.951801 0.975830 0.949153 0.974854 0.949153 0.974365 0.948093 0.974854 0.943856
1 0.287598 0.944386 0.287842 0.946504 0.288330 0.946504 0.289307 0.948623 0.290527 0.948623 0.290283 0.945975 0.288818 0.945445 0.289307 0.942267 0.288818 0.943856
1 0.420410 0.941208 0.419434 0.942797 0.419189 0.944915 0.418457 0.945445 0.417969 0.947034 0.417725 0.946504 0.419189 0.949153 0.418701 0.952331 0.418213 0.952860 0.416748 0.948623 0.416992 0.949682 0.416504 0.950742 0.416016 0.949682 0.415527 0.949682 0.415283 0.950742 0.416016 0.951271 0.416504 0.953390 0.417480 0.953919 0.417480 0.956038 0.416992 0.957097 0.417236 0.956568 0.417725 0.957627 0.418457 0.957627 0.418945 0.956038 0.419678 0.956568 0.420410 0.955508 0.420410 0.953390 0.421143 0.951801 0.421875 0.948093 0.421875 0.945975 0.421387 0.945445 0.421631 0.943856
1 0.810791 0.940678 0.810303 0.940678 0.810547 0.941208 0.809326 0.943856 0.808594 0.943856 0.808594 0.946504 0.809082 0.947034 0.810791 0.943326
1 0.569092 0.942797 0.569336 0.944915 0.570068 0.945445 0.572266 0.943856 0.570557 0.940148 0.569580 0.940678
1 0.322754 0.941208 0.322021 0.941208 0.321533 0.942267 0.322021 0.941208 0.322510 0.941737 0.320312 0.945975 0.319824 0.945445 0.318604 0.948093 0.318359 0.947564 0.318848 0.943856 0.318604 0.944915 0.318115 0.944386 0.318115 0.940148 0.317871 0.942797 0.316162 0.945445 0.316406 0.946504 0.316162 0.947034 0.315430 0.945975 0.315674 0.947564 0.317871 0.947034 0.318359 0.949153 0.317627 0.951271 0.317139 0.951271 0.318359 0.953919 0.319092 0.953919 0.318604 0.952331 0.318604 0.950212
1 0.641602 0.940148 0.640625 0.939619 0.638672 0.941208 0.639160 0.942797 0.640381 0.943326 0.641357 0.941737
1 0.438477 0.939619 0.437500 0.939619 0.436035 0.941737 0.436035 0.943856 0.436768 0.944915 0.438477 0.944386 0.438965 0.943326 0.438965 0.942267 0.438232 0.940678
1 0.792236 0.940148 0.792725 0.943326 0.792480 0.944386 0.792725 0.943326 0.793213 0.943856 0.794434 0.940678 0.794922 0.941737 0.794922 0.944915 0.794434 0.945975 0.795166 0.947034 0.796143 0.947034 0.796387 0.945975 0.797119 0.946504 0.797363 0.945445 0.796875 0.944386 0.796631 0.945975 0.796143 0.944386 0.796631 0.943326 0.795410 0.938559 0.794678 0.939619 0.794189 0.938559 0.793457 0.938559
1 0.346191 0.938559 0.347656 0.942797 0.347900 0.945445 0.348145 0.944915 0.348877 0.946504 0.349121 0.945975 0.350586 0.951271 0.352539 0.948093 0.352295 0.945975 0.351074 0.944386 0.350830 0.944915 0.350586 0.943326 0.349609 0.942267 0.349609 0.941208 0.348633 0.942797 0.347412 0.940148 0.347656 0.939089
1 0.300049 0.939089 0.301758 0.940678 0.303223 0.943856 0.303467 0.942797 0.304443 0.942267 0.302734 0.940678 0.302490 0.941208 0.302002 0.939089
1 0.834229 0.938559 0.833008 0.939089 0.830566 0.937500 0.830566 0.940148 0.829346 0.942797 0.829346 0.943856 0.830566 0.945445 0.830078 0.946504 0.829102 0.945975 0.828369 0.947034 0.830322 0.947034 0.830566 0.948093 0.831299 0.947564 0.831055 0.945445 0.831787 0.944386 0.832275 0.944915 0.834473 0.940148
1 0.384277 0.937500 0.384277 0.939089 0.383789 0.939619 0.384033 0.940148 0.383301 0.940678 0.383057 0.942267 0.383545 0.941208 0.383789 0.941737 0.383789 0.946504 0.385010 0.946504 0.385498 0.945445 0.385498 0.939089 0.385010 0.937500
1 0.335205 0.939089 0.334473 0.941737 0.335449 0.943856 0.337646 0.942797 0.338135 0.943856 0.338135 0.946504 0.339600 0.947564 0.339600 0.949153 0.340820 0.951801 0.344971 0.955508 0.346436 0.958157 0.347656 0.958686 0.349121 0.965042 0.348633 0.968750 0.349121 0.969809 0.350098 0.967691 0.351318 0.961864 0.351318 0.959216 0.350586 0.956038 0.348145 0.954449 0.348145 0.956038 0.347412 0.956568 0.346924 0.954979 0.347168 0.952331 0.346680 0.952331 0.345459 0.949153 0.344727 0.949153 0.344238 0.948093 0.343750 0.948623 0.343506 0.947564 0.342529 0.947034 0.340576 0.943856 0.339111 0.944386 0.338867 0.941737 0.338379 0.940678 0.337891 0.940678 0.337646 0.941737 0.337402 0.941208 0.337158 0.942267 0.336426 0.941208 0.337158 0.939619 0.336426 0.937500 0.335938 0.938030 0.336426 0.940148 0.335693 0.941737 0.334961 0.941208 0.335449 0.940148
1 0.365723 0.934322 0.366943 0.936970 0.365967 0.940678 0.367676 0.940678 0.368164 0.939619 0.368164 0.936441 0.367432 0.936441 0.366699 0.934322
1 0.516602 0.932203 0.515625 0.934852 0.515869 0.938559 0.514404 0.942797 0.516113 0.942797 0.517578 0.945975 0.517578 0.950742 0.518799 0.950742 0.519287 0.947564 0.518311 0.944915 0.520752 0.941737 0.520752 0.940678 0.520264 0.940148 0.519287 0.941737 0.518311 0.941208 0.518066 0.939089 0.519531 0.935381 0.518311 0.932733
1 0.825439 0.931674 0.824219 0.932203 0.824219 0.934322 0.823486 0.936970 0.823975 0.941208 0.822510 0.945445 0.822754 0.946504 0.823975 0.946504 0.824463 0.944386 0.827637 0.944386 0.827881 0.943326 0.827637 0.939619
1 0.774902 0.932203 0.774658 0.932733 0.773682 0.931674 0.772949 0.933263 0.771973 0.933263 0.771973 0.934852 0.772705 0.936441 0.771973 0.937500 0.771240 0.935381 0.770752 0.935381 0.769775 0.936970 0.770020 0.939619 0.770996 0.941737 0.771973 0.942267 0.771973 0.939619 0.772949 0.936970 0.774170 0.937500 0.774902 0.936441
1 0.938965 0.931144 0.937012 0.931144 0.937500 0.932733 0.937012 0.936970 0.936035 0.936441 0.936768 0.933792 0.936523 0.931674 0.935547 0.932203 0.936035 0.933792 0.934570 0.935381 0.933838 0.938030 0.933350 0.937500 0.931885 0.939619 0.932129 0.941208 0.933594 0.943326 0.933594 0.946504 0.932373 0.947564 0.930664 0.947034 0.930420 0.946504 0.930908 0.945975 0.929932 0.946504 0.930664 0.949682 0.930176 0.950742 0.929688 0.949682 0.929688 0.950742 0.929199 0.951271 0.929932 0.953390 0.929443 0.954449 0.929199 0.953390 0.928467 0.955508 0.929199 0.958686 0.929932 0.960275 0.930176 0.959746 0.931885 0.964513 0.933350 0.963453 0.935547 0.963453 0.936035 0.961864 0.936279 0.958157 0.937256 0.957097 0.936523 0.955508 0.935791 0.950742 0.936523 0.950212 0.937012 0.951271 0.937500 0.947034 0.938721 0.945445 0.937988 0.944386 0.937256 0.945445 0.935303 0.941208 0.936035 0.940148 0.937012 0.941737 0.937500 0.940678 0.939941 0.940678 0.939697 0.941208 0.938965 0.940148 0.939453 0.939089 0.940186 0.939619 0.940430 0.938559 0.938721 0.933792 0.938721 0.932203 0.939209 0.931674
1 0.428223 0.932203 0.428711 0.936441 0.429199 0.935911 0.430908 0.938559 0.429932 0.940678 0.430176 0.942267 0.430908 0.941737 0.431396 0.939619 0.433594 0.941737 0.435059 0.941208 0.434814 0.939619 0.435547 0.936970 0.435303 0.935381 0.433105 0.935381 0.433105 0.936441 0.432129 0.938559 0.431641 0.938559 0.431396 0.936970 0.430664 0.936441 0.430420 0.937500 0.429688 0.935911 0.430664 0.933792 0.430420 0.930085 0.429199 0.932203
1 0.386230 0.930085 0.386230 0.931674 0.387695 0.935381 0.387695 0.938030 0.388672 0.939089 0.388672 0.945445 0.388184 0.945975 0.388184 0.947564 0.388672 0.948623 0.387695 0.949153 0.387451 0.951271 0.386963 0.950742 0.387451 0.948093 0.386963 0.943856 0.386475 0.948623 0.386963 0.949153 0.386963 0.951801 0.387451 0.952860 0.387695 0.951801 0.388428 0.952860 0.389893 0.951801 0.390137 0.952860 0.389648 0.953919 0.390869 0.950742 0.391846 0.950742 0.392334 0.948093 0.389893 0.945445 0.389160 0.941737 0.389404 0.939619 0.389160 0.940678 0.388672 0.940148 0.389404 0.938030 0.389160 0.934322 0.388428 0.932203 0.386719 0.932203
1 0.278076 0.931674 0.276611 0.931674 0.275146 0.929555 0.274170 0.932203 0.273926 0.930614 0.273438 0.932203 0.272461 0.933263 0.272461 0.936441 0.272949 0.936970 0.273682 0.934852 0.273926 0.935381 0.273926 0.940148 0.273438 0.940678 0.272949 0.939619 0.271973 0.939619 0.271729 0.943856 0.272217 0.946504 0.273438 0.945445 0.273926 0.942267 0.273682 0.941208 0.274414 0.940148 0.275146 0.935911 0.275635 0.934852 0.276611 0.935911 0.277588 0.935381 0.278320 0.933792
1 0.440674 0.929555 0.441162 0.933792 0.441650 0.933792 0.443604 0.937500 0.444824 0.936970 0.444824 0.934322 0.443848 0.932203 0.441650 0.929025
1 0.958984 0.928496 0.961426 0.931144 0.962402 0.933792 0.963623 0.932203 0.964844 0.934852 0.966797 0.935381 0.968506 0.934322 0.969238 0.936441 0.970215 0.936441 0.970947 0.934852 0.970215 0.933792 0.968750 0.934322 0.967773 0.931674 0.966064 0.929555 0.965088 0.930085 0.962646 0.929025 0.962158 0.930085 0.961914 0.929555 0.961670 0.931144 0.961426 0.929555 0.960449 0.927966 0.959473 0.929025
1 0.304932 0.926907 0.303955 0.928496 0.303467 0.926907 0.302490 0.927436 0.303223 0.929025 0.303223 0.930614 0.302002 0.933792 0.302490 0.933792 0.303223 0.931144 0.303711 0.932203 0.303223 0.933263 0.303223 0.935381 0.303711 0.934322 0.303711 0.932203 0.304688 0.931674 0.304199 0.931144 0.304443 0.930614 0.305420 0.930614 0.304932 0.929555 0.305420 0.927966 0.304932 0.929025 0.304443 0.928496
1 0.267334 0.926907 0.266357 0.925318 0.265137 0.927966 0.264160 0.927436 0.264404 0.927966 0.263916 0.929025 0.264893 0.930614 0.264404 0.931144 0.265137 0.931674 0.265381 0.927966 0.265869 0.927436 0.267090 0.928496
1 0.438477 0.925318 0.437500 0.925318 0.437500 0.926907 0.435059 0.929555 0.435059 0.930614 0.435791 0.930614 0.437256 0.932733 0.437256 0.927436 0.437744 0.926377 0.438477 0.926377
1 0.421143 0.924788 0.420410 0.925847 0.420898 0.926377 0.420654 0.934322 0.421631 0.935911 0.421875 0.935381 0.421387 0.935381 0.421387 0.931674 0.420898 0.931674 0.420898 0.930085 0.422363 0.926907 0.421875 0.927966
1 0.330078 0.924788 0.329346 0.925318 0.329834 0.928496 0.329102 0.930085 0.328369 0.930085 0.327881 0.933792 0.327393 0.932733 0.327393 0.930085 0.327393 0.934322 0.325195 0.937500 0.327393 0.934322 0.328125 0.935381 0.328369 0.932733 0.329346 0.931674 0.330322 0.928496
1 0.406250 0.923729 0.405273 0.923729 0.403809 0.927436 0.404297 0.926377 0.405273 0.928496 0.406006 0.927966
1 0.366211 0.918962 0.365234 0.918962 0.363770 0.922140 0.363281 0.922140 0.362061 0.925318 0.361328 0.925318 0.361328 0.927436 0.360596 0.928496 0.360840 0.931674 0.359131 0.937500 0.360352 0.940148 0.361572 0.941208 0.365967 0.931144 0.365723 0.928496 0.364746 0.928496 0.364014 0.926907 0.365967 0.924788 0.367432 0.926907 0.367188 0.921610 0.366455 0.920551 0.366699 0.920021
1 0.267822 0.918432 0.267090 0.920021 0.266357 0.920021 0.265869 0.921081 0.265869 0.922669 0.267822 0.922669 0.268555 0.920021
1 0.467529 0.917903 0.467285 0.923199 0.467773 0.924788 0.468506 0.924788 0.468750 0.923199 0.469482 0.923729 0.469482 0.921610 0.468506 0.923199 0.467529 0.920551 0.468018 0.918432
1 0.291260 0.917373 0.291016 0.918962 0.290039 0.918432 0.290283 0.920551 0.289795 0.922140 0.290283 0.921610 0.290771 0.922669 0.289551 0.924788 0.290283 0.925318 0.290283 0.926377 0.291016 0.925318 0.291260 0.928496 0.292236 0.929555 0.292236 0.925847 0.291016 0.922669 0.291504 0.920551
1 0.557373 0.916843 0.556396 0.919492 0.555420 0.919492 0.554688 0.917903 0.554199 0.919492 0.554688 0.919492 0.556641 0.924258 0.556396 0.925847 0.555908 0.926377 0.555176 0.924258 0.554688 0.924258 0.550049 0.932733 0.548096 0.932733 0.547363 0.935911 0.547852 0.942797 0.548340 0.944386 0.549072 0.943326 0.550781 0.946504 0.552002 0.947034 0.551025 0.950742 0.552979 0.953919 0.553223 0.957097 0.554199 0.957097 0.554199 0.959746 0.555420 0.954449 0.554932 0.950212 0.555908 0.947564 0.554199 0.945445 0.551270 0.945445 0.551758 0.943326 0.554199 0.941737 0.555664 0.939089 0.555420 0.936441 0.554688 0.938030 0.553467 0.938030 0.552979 0.936970 0.553711 0.935911 0.552734 0.933792 0.553223 0.931144 0.554443 0.931674 0.554688 0.930614 0.554932 0.931674 0.555664 0.931674 0.556885 0.934852 0.556885 0.936441 0.557861 0.936970 0.558105 0.940148 0.557617 0.941208 0.557617 0.947564 0.558105 0.948623 0.559326 0.947564 0.560303 0.941208 0.561523 0.942267 0.562012 0.944386 0.562988 0.945445 0.563721 0.944915 0.563721 0.941737 0.562988 0.941208 0.562500 0.942267 0.560791 0.938559 0.560547 0.936970 0.561035 0.934852 0.560303 0.932203 0.558838 0.932203 0.558105 0.933792 0.557373 0.931674 0.557617 0.928496 0.557129 0.924788 0.557861 0.921081 0.558594 0.920021 0.558594 0.917903
1 0.540771 0.918432 0.541016 0.920021 0.542480 0.920551 0.542969 0.920021 0.543213 0.917903 0.542969 0.916843 0.541748 0.916314
1 0.283691 0.917373 0.284668 0.920021 0.285645 0.919492 0.286865 0.920551 0.287354 0.918962 0.286865 0.917903 0.285400 0.918962 0.284912 0.917903 0.284912 0.916314 0.283936 0.916314
1 0.551270 0.914725 0.549805 0.915254 0.548340 0.918432 0.548828 0.923199 0.549805 0.925318 0.551758 0.924788 0.552246 0.923729 0.552246 0.922140 0.551270 0.920551 0.551758 0.917903
1 0.942383 0.917903 0.941406 0.916843 0.940674 0.917373 0.939697 0.915784 0.939209 0.916314 0.937256 0.914195 0.936523 0.914725 0.935547 0.913665 0.933838 0.913665 0.933594 0.914195 0.934326 0.915784 0.936035 0.916314 0.936523 0.918432 0.937500 0.919492 0.937500 0.920551 0.936768 0.921081 0.936279 0.919492 0.933838 0.918962 0.933105 0.924258 0.932617 0.925318 0.931641 0.925318 0.932129 0.926377 0.931641 0.927436 0.931152 0.926907 0.930664 0.928496 0.930176 0.928496 0.929932 0.927436 0.929688 0.929555 0.929199 0.930085 0.929443 0.932203 0.928711 0.933263 0.929199 0.933792 0.929688 0.932733 0.932861 0.931674 0.932861 0.930085 0.933594 0.929025 0.933838 0.927436 0.934326 0.927436 0.934814 0.924788 0.935303 0.924258 0.935303 0.922669 0.936523 0.923199 0.937500 0.921081 0.939209 0.921610 0.939941 0.923729 0.939697 0.922669 0.941650 0.921081
1 0.919189 0.912606 0.917969 0.912076 0.916504 0.913136 0.916260 0.914195 0.916016 0.913665 0.916504 0.915254 0.915771 0.915784 0.915039 0.920551 0.916260 0.923199 0.917480 0.923199 0.919922 0.917903 0.918701 0.915254 0.919434 0.914725 0.918945 0.913136
1 0.305176 0.916843 0.306152 0.916314 0.306885 0.913665 0.308350 0.914195 0.308594 0.912606 0.307129 0.913136 0.306885 0.911547 0.306152 0.913136 0.305908 0.911547 0.304932 0.915254
1 0.430664 0.912076 0.430664 0.918962 0.431152 0.920551 0.432373 0.920021 0.434082 0.916843 0.435059 0.916843 0.435059 0.914195 0.435791 0.913665 0.434814 0.913136 0.433594 0.916843 0.432861 0.916843 0.431885 0.915254 0.432861 0.913136 0.432861 0.911547 0.432373 0.910487 0.431396 0.910487
1 0.289795 0.909958 0.289551 0.911017 0.288574 0.911017 0.288086 0.912076 0.288086 0.913665 0.287598 0.914195 0.289062 0.914725 0.289551 0.915784 0.289307 0.917903 0.290039 0.916314 0.290039 0.914195 0.291016 0.913136 0.290039 0.914195 0.289307 0.913665 0.289307 0.912606 0.290283 0.911017
1 0.720947 0.909428 0.720215 0.909428 0.719971 0.910487 0.719482 0.909958 0.719727 0.913665 0.720215 0.914725 0.720459 0.913136 0.721436 0.912076
1 0.346924 0.914195 0.347168 0.915784 0.348389 0.915254 0.349121 0.917903 0.350830 0.919492 0.352539 0.917903 0.352783 0.921081 0.354248 0.917903 0.353027 0.917373 0.353027 0.918962 0.352539 0.917903 0.352783 0.916314 0.352539 0.916843 0.351074 0.915784 0.350830 0.913136 0.351807 0.911017 0.351807 0.909428 0.349854 0.909958 0.349365 0.911547 0.349121 0.911017 0.349365 0.911547 0.348877 0.912606 0.347412 0.912606
1 0.553955 0.908369 0.554199 0.909428 0.553711 0.909958 0.554688 0.912606 0.555908 0.911547 0.557129 0.914195 0.557861 0.912606 0.557617 0.910487 0.555908 0.911017 0.554932 0.908369
1 0.727539 0.907309 0.726562 0.908898 0.726562 0.913665 0.727051 0.914195 0.728271 0.913136 0.727783 0.912606 0.728027 0.911017 0.727295 0.909428 0.727539 0.908369 0.727051 0.907839
1 0.547852 0.906780 0.546875 0.908898 0.546875 0.911547 0.547607 0.913136 0.548828 0.913665 0.549561 0.910487 0.549072 0.907839
1 0.833252 0.906780 0.832275 0.906250 0.830322 0.906780 0.830322 0.908369 0.829590 0.909428 0.829834 0.909958 0.829346 0.911017 0.828125 0.909958 0.827148 0.910487 0.826660 0.912076 0.826904 0.913665 0.827637 0.914725 0.828613 0.914725 0.829346 0.912606 0.830322 0.912606 0.830566 0.915254 0.831543 0.915254 0.833008 0.912606 0.833496 0.910487
1 0.357422 0.907309 0.355469 0.906250 0.355225 0.907309 0.356201 0.907839 0.356445 0.908898 0.355225 0.909958 0.354492 0.912076 0.354004 0.912076 0.353516 0.914195 0.354980 0.913136 0.356934 0.914195 0.356689 0.913136 0.357178 0.912606 0.356689 0.912076 0.357422 0.910487
1 0.511475 0.903602 0.510010 0.906250 0.509766 0.907839 0.510254 0.908898 0.510986 0.908369 0.511719 0.904131
1 0.721924 0.905720 0.722168 0.907309 0.722656 0.907309 0.722900 0.906250 0.723877 0.906250 0.725098 0.908369 0.724854 0.905191 0.723633 0.903072 0.722412 0.906250
1 0.343994 0.902542 0.343262 0.903072 0.342773 0.905191 0.342041 0.906250 0.342041 0.909958 0.342773 0.911017 0.343262 0.913665 0.345215 0.913665 0.345947 0.912076 0.345703 0.911017 0.344971 0.911017 0.343018 0.907839 0.344238 0.904131
1 0.538574 0.902542 0.537109 0.902013 0.536865 0.905191 0.536377 0.904131 0.535156 0.904661 0.535400 0.907839 0.534912 0.911017 0.536621 0.909428 0.536621 0.906780 0.537598 0.906250
1 0.910156 0.902542 0.910156 0.903602 0.911621 0.905191 0.911621 0.907309 0.913574 0.907309 0.913574 0.906250 0.914307 0.905191 0.913818 0.904661 0.914062 0.904131 0.913330 0.905720 0.913086 0.904661 0.912842 0.905720 0.912598 0.904131 0.912354 0.905191 0.911865 0.903602 0.912109 0.903072 0.911133 0.900953
1 0.505127 0.900953 0.504639 0.902013 0.503662 0.900953 0.503174 0.901483 0.502686 0.904661 0.499268 0.908369 0.499512 0.909428 0.500244 0.908898 0.501221 0.912076 0.501221 0.914725 0.500488 0.916314 0.500977 0.917903 0.500488 0.920551 0.501465 0.921081 0.501465 0.923729 0.502441 0.922669 0.503662 0.922669 0.504395 0.921081 0.502686 0.916843 0.504150 0.913665 0.504639 0.909958 0.504150 0.909428 0.504150 0.906780 0.505371 0.906250 0.505615 0.904661 0.504883 0.904131 0.505371 0.902013
1 0.917725 0.901483 0.917969 0.904131 0.916992 0.905720 0.917969 0.907309 0.917480 0.909428 0.921631 0.909428 0.922119 0.912606 0.924316 0.914195 0.925537 0.914195 0.926758 0.916314 0.928467 0.917373 0.930176 0.921610 0.930176 0.919492 0.931396 0.918432 0.931885 0.916843 0.931641 0.915784 0.930176 0.915254 0.930908 0.913136 0.931641 0.913136 0.931641 0.912076 0.931396 0.912606 0.930664 0.911017 0.929199 0.911547 0.928223 0.909958 0.928223 0.908369 0.924561 0.905191 0.920654 0.905191 0.920654 0.902542 0.919922 0.902013 0.919922 0.900953 0.919434 0.900424
1 0.461914 0.903602 0.461182 0.905191 0.460938 0.904131 0.460449 0.904661 0.460205 0.900424 0.459717 0.902542 0.458252 0.903602 0.457031 0.903602 0.456543 0.902013 0.456787 0.904131 0.457275 0.904661 0.456543 0.905191 0.457764 0.905720 0.459717 0.905191 0.460205 0.906250 0.461182 0.906250
1 0.487305 0.902542 0.487793 0.905191 0.488770 0.905191 0.488770 0.903602 0.489502 0.903072 0.489746 0.906250 0.490234 0.906780 0.492920 0.905720 0.493896 0.908898 0.493408 0.911017 0.493652 0.912076 0.494629 0.912076 0.495361 0.910487 0.495850 0.911547 0.495605 0.912606 0.496094 0.913665 0.496094 0.915784 0.496826 0.915254 0.498047 0.916843 0.498779 0.915254 0.498291 0.913136 0.497070 0.911017 0.496582 0.907309 0.495361 0.905720 0.495361 0.902013 0.493408 0.899894 0.491455 0.899894 0.490967 0.900953 0.489746 0.899894 0.489746 0.901483 0.489258 0.902542 0.488525 0.901483 0.487793 0.901483
1 0.308838 0.898835 0.307861 0.899894 0.308350 0.900953 0.307861 0.905720 0.309082 0.908369 0.308105 0.910487 0.308594 0.909428 0.309082 0.909958 0.308838 0.908898 0.309326 0.908369 0.310059 0.905191 0.310547 0.905191 0.311035 0.907309 0.310547 0.905191 0.310791 0.903602 0.310303 0.902542 0.309570 0.904661 0.309082 0.904661 0.309814 0.904661 0.309814 0.905720 0.308350 0.905720 0.308105 0.904131 0.308838 0.902542
1 0.325195 0.898305 0.324707 0.899364 0.324707 0.900424 0.325195 0.900953 0.324951 0.903072 0.325928 0.905720 0.326416 0.905720 0.326416 0.900953 0.325928 0.900953
1 0.912598 0.900424 0.913330 0.902013 0.916260 0.902013 0.915771 0.900953 0.914795 0.900953 0.914062 0.899364 0.914551 0.898835 0.913574 0.897775
1 0.323242 0.899894 0.322510 0.898305 0.321777 0.898835 0.320557 0.897246 0.321777 0.900424 0.321777 0.901483 0.320312 0.902542 0.320068 0.904131 0.318604 0.906780 0.319580 0.906250 0.320557 0.904131 0.321533 0.904131 0.322266 0.905720 0.323242 0.905191 0.323730 0.903602 0.322754 0.904661 0.322021 0.904131 0.322266 0.902542 0.322754 0.903072
1 0.554199 0.896716 0.553711 0.898835 0.554199 0.900953 0.553467 0.902542 0.553711 0.905191 0.554932 0.905720 0.555420 0.901483 0.554688 0.899894 0.555420 0.897775
1 0.262695 0.895127 0.263916 0.897775 0.263672 0.899364 0.264404 0.899894 0.263672 0.901483 0.262939 0.906780 0.263428 0.906250 0.263672 0.907309 0.264404 0.905720 0.263672 0.902542 0.264160 0.901483 0.265137 0.902542 0.266357 0.898305 0.265869 0.897775 0.265869 0.896716 0.263428 0.896716
1 0.303711 0.896716 0.304199 0.899364 0.305664 0.900953 0.306641 0.900424 0.306152 0.900953 0.305664 0.899894 0.306152 0.896186 0.305176 0.897775 0.304199 0.897246 0.305176 0.894597 0.305664 0.895127 0.305420 0.894597 0.304688 0.894597
1 0.526367 0.894068 0.525146 0.895127 0.524902 0.899364 0.525635 0.900424 0.527100 0.899894 0.527344 0.895657
1 0.434570 0.894068 0.434082 0.893538 0.433105 0.895657 0.431641 0.895127 0.431152 0.896186 0.431152 0.897775 0.431641 0.897775 0.432861 0.900424 0.432861 0.898835 0.433594 0.898305 0.433350 0.897246 0.434570 0.896186
1 0.298828 0.893008 0.298828 0.894597 0.299561 0.895127 0.299316 0.895657 0.300293 0.895657 0.301025 0.897246 0.302002 0.897246 0.302002 0.895127 0.299316 0.894597
1 0.779541 0.892479 0.779053 0.892479 0.777344 0.895657 0.777832 0.896186 0.777588 0.897246 0.777344 0.896716 0.777344 0.897775 0.777832 0.898305 0.775879 0.899894 0.776123 0.901483 0.774658 0.903072 0.774902 0.905720 0.774414 0.906250 0.774414 0.907309 0.773682 0.907839 0.773193 0.909428 0.772461 0.908369 0.772217 0.908898 0.773438 0.911547 0.773193 0.913665 0.773682 0.913665 0.773682 0.912606 0.775391 0.912076 0.775879 0.913665 0.775635 0.915254 0.775146 0.914725 0.773438 0.917373 0.773682 0.916843 0.774170 0.917903 0.776123 0.915784 0.776855 0.916314 0.777100 0.913136 0.777832 0.912606 0.777588 0.912076 0.778076 0.911017 0.778320 0.912076 0.778076 0.909958 0.778809 0.906780 0.779541 0.905720 0.781738 0.905720 0.782227 0.904661 0.781982 0.902542 0.782959 0.900953 0.781738 0.898305 0.781006 0.894597
1 0.908936 0.898305 0.906982 0.896716 0.906250 0.893538 0.904541 0.891419 0.903809 0.891419 0.903809 0.895657 0.903320 0.896716 0.900391 0.894068 0.899414 0.894597 0.899170 0.897775 0.900879 0.901483 0.900146 0.903072 0.897461 0.903072 0.897217 0.904661 0.897705 0.905720 0.897949 0.908898 0.898682 0.909428 0.899902 0.913136 0.901123 0.910487 0.903076 0.911017 0.904785 0.909428 0.905273 0.906250 0.909424 0.906250 0.909668 0.904131 0.909424 0.904661 0.908447 0.903072 0.907959 0.905191 0.906982 0.905720 0.906738 0.905191 0.907227 0.902013 0.906494 0.900953 0.905518 0.901483 0.905029 0.900424 0.906006 0.897246 0.906494 0.898835 0.908203 0.897246 0.908691 0.898835
1 0.270996 0.890360 0.270264 0.891949 0.270264 0.894068 0.271484 0.895127 0.272461 0.897775 0.273438 0.898305 0.273926 0.899894 0.273926 0.897246 0.273438 0.897246 0.273682 0.897775 0.273193 0.898305 0.272217 0.896186 0.273438 0.893538 0.274414 0.893538 0.273438 0.893008 0.272461 0.895657 0.271729 0.895127 0.271729 0.891949 0.271484 0.893008 0.270752 0.892479
1 0.374512 0.889831 0.373779 0.892479 0.374268 0.893538 0.374023 0.896186 0.373535 0.895657 0.373047 0.898305 0.373779 0.906250 0.374512 0.907309 0.374023 0.910487 0.373047 0.911017 0.372559 0.909428 0.372314 0.910487 0.371582 0.908898 0.371826 0.907309 0.370850 0.906250 0.370850 0.903602 0.370117 0.904661 0.369873 0.906780 0.371094 0.907839 0.371094 0.909958 0.371826 0.912076 0.372070 0.911017 0.373779 0.913665 0.372314 0.915254 0.372314 0.917373 0.373535 0.922669 0.375000 0.923199 0.376221 0.926377 0.377441 0.925847 0.377197 0.924258 0.377930 0.923729 0.376709 0.922669 0.377686 0.922669 0.377197 0.922140 0.377686 0.920551 0.376221 0.918962 0.375000 0.915784 0.376221 0.914195 0.377686 0.915784 0.377930 0.917903 0.378906 0.919492 0.378662 0.924788 0.380859 0.927436 0.380859 0.930614 0.380371 0.931144 0.379883 0.929025 0.380127 0.930614 0.379395 0.931144 0.378662 0.929555 0.378662 0.926907 0.377930 0.925847 0.377441 0.928496 0.378906 0.930085 0.378418 0.932733 0.380615 0.935381 0.382080 0.939089 0.382324 0.938030 0.383057 0.938559 0.382812 0.937500 0.383545 0.938030 0.383789 0.936970 0.383301 0.937500 0.383057 0.935381 0.384033 0.933263 0.384766 0.933263 0.385010 0.932203 0.384277 0.931674 0.384277 0.930085 0.385498 0.926907 0.384277 0.924788 0.383789 0.920551 0.383301 0.920021 0.382812 0.921081 0.382568 0.918432 0.380615 0.915784 0.378906 0.910487 0.378174 0.912076 0.377197 0.911017 0.376221 0.914195 0.374268 0.911547 0.374268 0.909958 0.375000 0.908369 0.375977 0.908369 0.376221 0.906780 0.376465 0.908369 0.377441 0.908369 0.377686 0.907309 0.376709 0.906780 0.375488 0.903602 0.375488 0.900953 0.375977 0.900424 0.375244 0.900424 0.374756 0.896716 0.375977 0.891949 0.375244 0.892479
1 0.416992 0.889301 0.416504 0.889301 0.416748 0.890360 0.416016 0.892479 0.416260 0.893008 0.415771 0.895127 0.414062 0.895127 0.410400 0.897775 0.408691 0.897775 0.408691 0.899894 0.407471 0.902013 0.406738 0.901483 0.406250 0.895657 0.406250 0.897246 0.405762 0.898305 0.405273 0.897775 0.405273 0.896716 0.403320 0.901483 0.403564 0.902542 0.404297 0.900953 0.404785 0.900953 0.406006 0.902542 0.405518 0.904661 0.405029 0.904661 0.404297 0.906250 0.403564 0.905720 0.404541 0.907309 0.404297 0.908369 0.405029 0.906780 0.405273 0.908898 0.404785 0.909428 0.405762 0.909958 0.405029 0.911017 0.404297 0.911017 0.404053 0.909958 0.404297 0.911017 0.403564 0.912076 0.403809 0.913136 0.404297 0.913136 0.404297 0.914725 0.403809 0.915784 0.405762 0.915784 0.406250 0.919492 0.407471 0.918962 0.407715 0.917903 0.406982 0.916314 0.406982 0.915254 0.406250 0.916843 0.405762 0.915254 0.405029 0.914725 0.405029 0.912076 0.406250 0.911017 0.406250 0.909958 0.406738 0.910487 0.406982 0.909428 0.407715 0.909428 0.409180 0.907309 0.408691 0.905720 0.410156 0.903072 0.414062 0.901483 0.414551 0.897775 0.415283 0.898835 0.416260 0.898835 0.416748 0.897775 0.416992 0.898835 0.417480 0.897246 0.418457 0.896186 0.418701 0.895127 0.417969 0.895127 0.416992 0.896716 0.416992 0.894597 0.416016 0.894597 0.416992 0.893538
1 0.279785 0.895657 0.281250 0.895657 0.281006 0.893538 0.281738 0.889831 0.282959 0.891949 0.284180 0.890360 0.284668 0.892479 0.285156 0.892479 0.285645 0.889301 0.285156 0.890360 0.284668 0.890360 0.284668 0.889301 0.283691 0.890890 0.282715 0.890360 0.281982 0.888771 0.280518 0.889301 0.281250 0.890890 0.281006 0.894068
1 0.277344 0.888771 0.277832 0.889301 0.276855 0.889301 0.276123 0.891949 0.277588 0.895127 0.278076 0.894597 0.278076 0.896186 0.279297 0.896716 0.278809 0.898835 0.278809 0.900424 0.279297 0.900953 0.279053 0.899364 0.279785 0.898305 0.279053 0.895657 0.279297 0.894597 0.277588 0.893538 0.279053 0.890360 0.277344 0.891949
1 0.394531 0.887712 0.394531 0.891419 0.395996 0.893008 0.395508 0.895657 0.395752 0.897775 0.396240 0.897775 0.396240 0.896716 0.396729 0.896186 0.396973 0.900953 0.398193 0.900953 0.398438 0.898835 0.397949 0.896716 0.398682 0.895127 0.398438 0.893538 0.397217 0.891419 0.396973 0.888771 0.396240 0.887712
1 0.314697 0.886653 0.315186 0.887712 0.315186 0.891419 0.314453 0.893538 0.314941 0.892479 0.316650 0.891419 0.317871 0.894597 0.318359 0.893538 0.318359 0.891949 0.317627 0.890360 0.317871 0.888771 0.317383 0.888242 0.317627 0.889301 0.316895 0.890890 0.315430 0.891419 0.315186 0.890360 0.315918 0.889301
1 0.426270 0.887712 0.425537 0.887182 0.425049 0.885064 0.424561 0.885064 0.423584 0.887182 0.423096 0.887182 0.422607 0.889301 0.423096 0.890360 0.425049 0.890360
1 0.302246 0.883475 0.301270 0.887182 0.299561 0.887182 0.299561 0.889301 0.299072 0.890890 0.299561 0.893008 0.301270 0.889831 0.301758 0.890360 0.301758 0.891419 0.303223 0.889831 0.301025 0.889301 0.301514 0.886123 0.302246 0.884534 0.303223 0.884534
1 0.274658 0.883475 0.273193 0.886653 0.272217 0.886653 0.271484 0.887712 0.269043 0.887712 0.268555 0.889301 0.269287 0.888242 0.269775 0.888242 0.269775 0.889301 0.271484 0.889301 0.272217 0.887182 0.272705 0.887712 0.272461 0.888242 0.273438 0.886653 0.274170 0.887182 0.273926 0.886123
1 0.322998 0.882415 0.321533 0.883475 0.320557 0.887712 0.321533 0.888771 0.322998 0.888771 0.323486 0.889831 0.322998 0.890890 0.322510 0.889831 0.322266 0.890890 0.323242 0.893008 0.323730 0.893008 0.323242 0.891949 0.323730 0.889301 0.322998 0.887712 0.322510 0.887712 0.322266 0.886123 0.321045 0.886123 0.321533 0.884534 0.322998 0.883475
1 0.369141 0.881886 0.369141 0.882945 0.367432 0.886653 0.366699 0.886653 0.366455 0.889831 0.365723 0.888771 0.365723 0.889831 0.366211 0.889831 0.367188 0.892479 0.367920 0.891949 0.367920 0.888771 0.368652 0.887182 0.369629 0.888771 0.369629 0.891419 0.370605 0.890890 0.371582 0.888771 0.369873 0.886123 0.369873 0.884534
1 0.349121 0.881356 0.348877 0.884004 0.349854 0.884004 0.349365 0.886653 0.350586 0.886123 0.351318 0.889301 0.352051 0.889831 0.352783 0.893538 0.353760 0.895657 0.354736 0.895127 0.355957 0.897775 0.355469 0.899894 0.356201 0.900953 0.355957 0.898835 0.356934 0.897246 0.355469 0.896186 0.353516 0.891419 0.352783 0.891419 0.352295 0.890360 0.352295 0.888242 0.351318 0.887182 0.351318 0.885593 0.351807 0.884534 0.352295 0.885064 0.352295 0.883475 0.350098 0.883475 0.349609 0.882415 0.349854 0.881356
1 0.363525 0.880826 0.363037 0.882415 0.363281 0.885064 0.362549 0.885593 0.361816 0.887182 0.361816 0.888242 0.362793 0.889301 0.363525 0.888771 0.364502 0.890890 0.364502 0.888242 0.363281 0.885593 0.364014 0.884004 0.363770 0.882945 0.363281 0.882945 0.364014 0.881356
1 0.537598 0.879767 0.537598 0.882945 0.537109 0.884004 0.535889 0.884004 0.535156 0.885064 0.534180 0.889831 0.536621 0.893538 0.536865 0.897775 0.536377 0.900424 0.537109 0.900953 0.537842 0.899364 0.538574 0.899894 0.540039 0.896716 0.540527 0.898305 0.541260 0.898835 0.540771 0.900424 0.541016 0.900953 0.539551 0.902542 0.538818 0.906250 0.539062 0.906780 0.540771 0.906780 0.541992 0.904661 0.541992 0.902013 0.542725 0.901483 0.543701 0.902013 0.544922 0.904661 0.545654 0.904661 0.545654 0.905720 0.546387 0.907309 0.545898 0.896716 0.545166 0.898835 0.543945 0.898835 0.543457 0.897246 0.542480 0.899364 0.541992 0.898835 0.542480 0.897775 0.542236 0.896716 0.543213 0.894597 0.542725 0.891949 0.544434 0.888771 0.544189 0.889301 0.543701 0.888242 0.542969 0.888242 0.542725 0.890890 0.542236 0.890890 0.541504 0.889301 0.540771 0.890360 0.539551 0.885064 0.541504 0.883475 0.541748 0.882415 0.540527 0.881886 0.539551 0.883475 0.539307 0.885064 0.538818 0.884534 0.539062 0.882945 0.538574 0.883475 0.538330 0.885593 0.537842 0.884534 0.538086 0.881356
1 0.378418 0.879767 0.377930 0.880826 0.378174 0.881886 0.379639 0.883475 0.379883 0.882945 0.380371 0.884534 0.380127 0.889301 0.380859 0.890890 0.381104 0.889831 0.381592 0.891419 0.381104 0.891949 0.381348 0.893538 0.380859 0.893538 0.380615 0.895127 0.378662 0.898835 0.379639 0.899894 0.379150 0.900424 0.379639 0.900953 0.379883 0.899894 0.380127 0.900953 0.380615 0.899894 0.381348 0.901483 0.380371 0.906780 0.383789 0.906780 0.384521 0.906250 0.384766 0.904131 0.386475 0.904131 0.386475 0.905720 0.387207 0.906250 0.386963 0.905720 0.387451 0.905191 0.388184 0.907309 0.388184 0.911547 0.386963 0.914195 0.386475 0.913136 0.386230 0.913665 0.386963 0.915784 0.387207 0.914725 0.388916 0.914725 0.389160 0.915254 0.388672 0.917903 0.389160 0.918962 0.389893 0.918962 0.389893 0.916314 0.390381 0.915784 0.390869 0.917903 0.390137 0.920021 0.390625 0.921610 0.391357 0.920551 0.391602 0.921081 0.390625 0.918962 0.391113 0.918432 0.390869 0.915784 0.391357 0.913136 0.390625 0.911017 0.391602 0.907839 0.393311 0.905191 0.393066 0.904131 0.391602 0.904661 0.390625 0.902013 0.390137 0.903072 0.388184 0.900953 0.390869 0.894597 0.391846 0.894068 0.391602 0.893008 0.389648 0.893008 0.389160 0.894597 0.389648 0.897246 0.388916 0.898305 0.387695 0.896716 0.387695 0.897775 0.386963 0.898835 0.386719 0.897246 0.385986 0.897775 0.385742 0.894068 0.385254 0.893538 0.384277 0.894068 0.383545 0.896186 0.383057 0.895127 0.383545 0.893538 0.383545 0.890360 0.383057 0.888771 0.384277 0.886123 0.383057 0.885593 0.381836 0.886653 0.381104 0.884534 0.381348 0.882945 0.380615 0.880297 0.379639 0.881356 0.379150 0.879767
1 0.789795 0.879237 0.789062 0.881356 0.788574 0.881356 0.787842 0.887712 0.787354 0.888771 0.786133 0.889301 0.786133 0.890890 0.786621 0.891949 0.788330 0.891419 0.787842 0.888771 0.788818 0.886653 0.789062 0.884534 0.789795 0.886123 0.789551 0.886653 0.789551 0.884534 0.790283 0.881886 0.789795 0.880826
1 0.286133 0.879237 0.285400 0.879237 0.286377 0.880297 0.285645 0.880826 0.285645 0.886653 0.285156 0.887712 0.285645 0.886653 0.286865 0.886653 0.287598 0.885064 0.286865 0.886123 0.286377 0.885064 0.286621 0.880826
1 0.505371 0.878708 0.503174 0.879237 0.502930 0.881356 0.504150 0.882415
1 0.551758 0.878178 0.551025 0.880297 0.550537 0.885593 0.550781 0.887712 0.551270 0.887712 0.551758 0.889301 0.552734 0.889301 0.552734 0.886123 0.552002 0.885593 0.552002 0.880826 0.552979 0.879237 0.553467 0.879767 0.552979 0.878178
1 0.446533 0.878708 0.446777 0.884534 0.447266 0.886123 0.449463 0.885593 0.449951 0.887712 0.449951 0.890360 0.451904 0.890360 0.452393 0.889301 0.451904 0.887182 0.449951 0.885593 0.449219 0.878178 0.447998 0.877648 0.447510 0.878708
1 0.332520 0.876589 0.332275 0.878178 0.331299 0.879767 0.331299 0.881356 0.330566 0.879767 0.330566 0.881356 0.330322 0.880826 0.329346 0.881886 0.329590 0.887712 0.330811 0.890890 0.331055 0.893538 0.332275 0.897775 0.332764 0.894597 0.332764 0.890890 0.333740 0.890360 0.334229 0.888242 0.334229 0.886123 0.333496 0.883475 0.333496 0.879767 0.333984 0.879237 0.333984 0.877648
1 0.438232 0.873941 0.436523 0.876589 0.436279 0.878708 0.436768 0.877648 0.437012 0.878178 0.437256 0.875530 0.437744 0.874470 0.438477 0.876059 0.437988 0.877648 0.438477 0.879237 0.437500 0.881356 0.437012 0.881356 0.436768 0.884534 0.439209 0.884534 0.439209 0.888242 0.440674 0.887182 0.440918 0.884534 0.440186 0.882945 0.439697 0.875530
1 0.464355 0.876059 0.464355 0.878708 0.465088 0.879237 0.465332 0.882945 0.466309 0.886123 0.466309 0.888242 0.465820 0.888771 0.465820 0.890360 0.466309 0.891419 0.465820 0.891949 0.465820 0.893538 0.465332 0.894597 0.466064 0.894597 0.466064 0.893008 0.466553 0.892479 0.467773 0.895127 0.467773 0.897246 0.469238 0.897775 0.470459 0.896186 0.471436 0.896716 0.474365 0.894068 0.475586 0.894597 0.476562 0.893008 0.477783 0.895127 0.479004 0.895127 0.478516 0.894068 0.479248 0.893008 0.479248 0.891949 0.478760 0.891419 0.478760 0.889831 0.477783 0.888771 0.477783 0.887712 0.479736 0.887182 0.480225 0.888242 0.480225 0.883475 0.479492 0.884534 0.479248 0.886653 0.478516 0.886653 0.478271 0.885064 0.477783 0.885064 0.477783 0.879237 0.478760 0.878708 0.478760 0.876059 0.478271 0.876059 0.477783 0.878178 0.476807 0.878178 0.476074 0.876589 0.476074 0.878178 0.476562 0.878708 0.476318 0.879237 0.474121 0.877648 0.473877 0.878708 0.471680 0.880826 0.470215 0.880826 0.469727 0.878178 0.468994 0.877648 0.468262 0.873411 0.467773 0.873411 0.466553 0.876059
1 0.316406 0.874470 0.316162 0.873411 0.314697 0.874470 0.313232 0.873941 0.312500 0.875530 0.312500 0.876589 0.312988 0.877648 0.313965 0.877648 0.314209 0.878708 0.315186 0.876589 0.316162 0.876059
1 0.937500 0.873411 0.939209 0.876589 0.940430 0.876059 0.939697 0.872881 0.938721 0.872352
1 0.532227 0.872352 0.530762 0.877119 0.531494 0.877648 0.531494 0.882415 0.531982 0.883475 0.532715 0.883475 0.534180 0.878708 0.532715 0.877119 0.532715 0.874470
1 0.943115 0.871822 0.942383 0.876589 0.943115 0.878178 0.944336 0.878708 0.944824 0.877119 0.944092 0.876059 0.944824 0.874470 0.944092 0.872352
1 0.708008 0.871822 0.707520 0.872881 0.707520 0.875530 0.710693 0.880297 0.710693 0.882945 0.709717 0.885064 0.708252 0.884004 0.707275 0.884534 0.706299 0.888242 0.706543 0.895657 0.708496 0.898305 0.709961 0.898305 0.710449 0.899364 0.710693 0.898835 0.710449 0.896186 0.709717 0.895127 0.708252 0.895127 0.707031 0.892479 0.707275 0.891419 0.708740 0.891419 0.709961 0.887712 0.710449 0.890360 0.711182 0.891419 0.713623 0.890890 0.716309 0.893538 0.717041 0.892479 0.718262 0.888242 0.717773 0.885593 0.716064 0.884534 0.715576 0.886653 0.714355 0.887182 0.714844 0.889301 0.713867 0.890890 0.713135 0.887182 0.712158 0.887712 0.711670 0.886653 0.711670 0.883475 0.710693 0.881886 0.711426 0.880826 0.710693 0.879237 0.711182 0.878178 0.712402 0.878708 0.713135 0.877648 0.713379 0.873411 0.709717 0.873411 0.709717 0.875000 0.708496 0.875000 0.708008 0.873941
1 0.574219 0.870763 0.573242 0.871292 0.572754 0.872881 0.572754 0.874470 0.573242 0.875530 0.574463 0.873411
1 0.407959 0.871292 0.407471 0.870763 0.406494 0.871822 0.406494 0.870233 0.406006 0.871292 0.406250 0.874470 0.405518 0.874470 0.404297 0.876589 0.405029 0.875530 0.405762 0.876589 0.406494 0.875000 0.406982 0.875530 0.406738 0.875000
1 0.410400 0.869703 0.407959 0.873941 0.406982 0.877648 0.406250 0.878178 0.405029 0.884004 0.404297 0.885064 0.404297 0.888242 0.404785 0.888771 0.404785 0.886653 0.405273 0.885064 0.406250 0.887182 0.406494 0.886123 0.406006 0.886123 0.406006 0.884534 0.407471 0.883475 0.408203 0.885593 0.409180 0.884004 0.412354 0.885593 0.412598 0.884004 0.413574 0.885064 0.412842 0.884534 0.412598 0.880826 0.410645 0.875000 0.411133 0.871822
1 0.907227 0.866525 0.906494 0.870233 0.907715 0.871292 0.908691 0.868114 0.908691 0.867055
1 0.457031 0.866525 0.456787 0.869703 0.458740 0.873411 0.458984 0.875000 0.458740 0.871822 0.459473 0.868644 0.458496 0.865996
1 0.999756 0.865466 0.998779 0.867055 0.998535 0.866525 0.998779 0.867585 0.998047 0.868644 0.998291 0.871292 0.999023 0.872881 0.999756 0.872881
1 0.716553 0.865466 0.717285 0.866525 0.717285 0.869703 0.718506 0.871292 0.719482 0.871292 0.719971 0.873411 0.721680 0.873941 0.722900 0.872352 0.724121 0.872352 0.721191 0.869174 0.718750 0.869703 0.718262 0.868114 0.718750 0.865996 0.718262 0.864936 0.717041 0.864407
1 0.521484 0.863877 0.520020 0.864936 0.519287 0.866525 0.519287 0.869174 0.520508 0.868644
1 0.436035 0.861758 0.435059 0.863347 0.435059 0.865466 0.435303 0.865996 0.435547 0.863877 0.436035 0.867055 0.437012 0.867585 0.437012 0.863877
1 0.505371 0.861229 0.504395 0.863877 0.504395 0.865996 0.504883 0.866525 0.505615 0.864936 0.506836 0.867055 0.507324 0.864936 0.507080 0.863347 0.506348 0.862818 0.506348 0.861229
1 0.384277 0.860699 0.384521 0.862818 0.384033 0.864407 0.383789 0.863877 0.384277 0.864936 0.383301 0.866525 0.384766 0.867055 0.385254 0.865996 0.385254 0.863347 0.384521 0.861758 0.384766 0.860699
1 0.708008 0.860169 0.706543 0.862288 0.706055 0.864407 0.706787 0.869174 0.708252 0.869703 0.708984 0.867585 0.708740 0.864407 0.708252 0.863877 0.708740 0.862818 0.708740 0.861229
1 0.485596 0.860169 0.484863 0.860169 0.484619 0.861229 0.484375 0.860699 0.483643 0.862288 0.482910 0.862288 0.482910 0.863877 0.483643 0.863877 0.484375 0.865996 0.485107 0.865996 0.485107 0.864407 0.485596 0.863877
1 0.771484 0.859640 0.770752 0.860699 0.770264 0.863347 0.770996 0.866525 0.771729 0.865996 0.771729 0.864407 0.771240 0.862818 0.770508 0.862288 0.771973 0.860699
1 0.366699 0.859640 0.366211 0.861758 0.366699 0.867055 0.366211 0.867055 0.366211 0.868114 0.367920 0.869174 0.368164 0.871292 0.370117 0.871292 0.371094 0.873941 0.371094 0.869703 0.371582 0.868114 0.368164 0.861229 0.368408 0.859640 0.367920 0.860699 0.367676 0.859640
1 0.474854 0.858051 0.473145 0.864936 0.475586 0.865996 0.475098 0.860699 0.476318 0.860699 0.475586 0.858051
1 0.356934 0.859110 0.357910 0.860699 0.356934 0.861229 0.358643 0.865996 0.358643 0.867055 0.359131 0.866525 0.360352 0.869703 0.360107 0.872352 0.359375 0.873941 0.360840 0.873941 0.360596 0.869174 0.361084 0.867585 0.361328 0.868644 0.361572 0.867585 0.361816 0.868644 0.362549 0.865996 0.363281 0.867585 0.363281 0.869703 0.364258 0.871822 0.364014 0.873941 0.363525 0.872881 0.362305 0.875000 0.362549 0.876589 0.363525 0.876589 0.363770 0.875530 0.364014 0.876059 0.364258 0.874470 0.364746 0.875530 0.365234 0.874470 0.365967 0.874470 0.366211 0.875530 0.366943 0.873941 0.366943 0.872881 0.365967 0.872352 0.366455 0.871292 0.366455 0.869703 0.365234 0.867585 0.365234 0.868644 0.364746 0.868644 0.364014 0.864407 0.364502 0.862818 0.364014 0.861229 0.364258 0.860699 0.363281 0.859110 0.363770 0.860169 0.363037 0.860699 0.363281 0.862288 0.362305 0.865996 0.362061 0.864936 0.361572 0.864936 0.361816 0.863877 0.361084 0.862288 0.358643 0.862288 0.358154 0.861229 0.358643 0.860169 0.357666 0.859640 0.358154 0.858051 0.357666 0.859110
1 0.316650 0.855932 0.316650 0.856992 0.318115 0.860699 0.320312 0.860699 0.319580 0.860699 0.318359 0.858581 0.318848 0.856462 0.318359 0.858051 0.317871 0.858051 0.317139 0.855932
1 0.537598 0.856462 0.537109 0.855403 0.535889 0.855403 0.534668 0.857521 0.534668 0.858581 0.535156 0.860169 0.536621 0.859640
1 0.647949 0.854343 0.647217 0.855932 0.646973 0.858051 0.647461 0.859640 0.648682 0.859640 0.649170 0.858581 0.649170 0.855932
1 0.456543 0.858051 0.456299 0.854343 0.455811 0.854343 0.455322 0.856462 0.453857 0.856462 0.455322 0.858581
1 0.752441 0.854873 0.752441 0.856462 0.753418 0.856992 0.752930 0.858051 0.753418 0.859110 0.753418 0.862818 0.754150 0.861758 0.754150 0.863877 0.755127 0.864407 0.757812 0.871822 0.757568 0.869174 0.757812 0.867585 0.758545 0.867055 0.758545 0.864936 0.757812 0.863877 0.758545 0.861758 0.759521 0.860699 0.759521 0.859640 0.758789 0.859640 0.758057 0.858051 0.757812 0.859110 0.757568 0.858051 0.756592 0.858051 0.756348 0.856992 0.755371 0.857521 0.754395 0.855932 0.753906 0.853814
1 0.323242 0.853814 0.322754 0.854873 0.322754 0.860169 0.322021 0.858581 0.321777 0.856462 0.321045 0.856462 0.321533 0.858051 0.320801 0.859640 0.321045 0.860699 0.320312 0.862288 0.320312 0.863877 0.321533 0.866525 0.320557 0.867055 0.320068 0.865996 0.319580 0.868114 0.318604 0.869703 0.319092 0.872352 0.318848 0.873941 0.319336 0.875530 0.320312 0.875530 0.320068 0.874470 0.319092 0.874470 0.321045 0.870763 0.322021 0.871292 0.321777 0.869703 0.321045 0.868644 0.321777 0.866525 0.322998 0.869174 0.322510 0.870763 0.322754 0.871292 0.323486 0.870763 0.323975 0.873411 0.324463 0.871292 0.326172 0.873411 0.326416 0.876059 0.326904 0.877119 0.327393 0.876589 0.326172 0.872352 0.324951 0.869703 0.323242 0.869703 0.321289 0.864407 0.321533 0.863347 0.322021 0.863347 0.322021 0.861758 0.322510 0.860699 0.322998 0.860699 0.323242 0.859640 0.323730 0.860169 0.323242 0.858051 0.323486 0.855932 0.322998 0.855403
1 0.541504 0.852754 0.541016 0.853284 0.541260 0.854343 0.540771 0.855403 0.540039 0.854873 0.539551 0.855932 0.539551 0.859110 0.540771 0.857521 0.541260 0.855403 0.541992 0.854873
1 0.483154 0.852754 0.482666 0.853284 0.482422 0.855403 0.481445 0.856992 0.481445 0.858581 0.480469 0.858581 0.480469 0.862288 0.479736 0.863347 0.480713 0.864407 0.480713 0.865996 0.479980 0.866525 0.478760 0.869703 0.479248 0.870763 0.479004 0.871822 0.480225 0.869174 0.480469 0.871822 0.481201 0.872352 0.481201 0.867585 0.480713 0.867055 0.480713 0.865466 0.481689 0.862818 0.481201 0.861758 0.481689 0.860699 0.481201 0.859110 0.481934 0.858051 0.481445 0.857521 0.481934 0.856462 0.482422 0.857521 0.483643 0.857521 0.483154 0.856462
1 0.782471 0.856462 0.782227 0.854873 0.781494 0.855403 0.781006 0.854343 0.780762 0.852225 0.779541 0.852225 0.779297 0.853284 0.778809 0.852754 0.777832 0.854873 0.776611 0.855403 0.774170 0.853814 0.774414 0.855403 0.775146 0.856462 0.777344 0.855932 0.778320 0.857521 0.781982 0.857521
1 0.402100 0.849047 0.400879 0.853814 0.401123 0.855932 0.400635 0.856462 0.399902 0.854873 0.399414 0.856992 0.400146 0.858581 0.400391 0.856992 0.401123 0.856462 0.402344 0.858581 0.401367 0.859110 0.402100 0.859110 0.403076 0.861758 0.403320 0.859640 0.402832 0.859640 0.402344 0.858051 0.402588 0.856462 0.403320 0.855403 0.402588 0.854343 0.402588 0.852754 0.402100 0.852225
1 0.771973 0.846398 0.771240 0.848517 0.770752 0.852754 0.772461 0.852754 0.773193 0.851695 0.773193 0.849047 0.771973 0.847458 0.772705 0.846928
1 0.584717 0.845869 0.583984 0.846398 0.583496 0.848517 0.583984 0.850106 0.583740 0.851165 0.584229 0.851165 0.584229 0.852225 0.583496 0.852754 0.583740 0.853814 0.584961 0.853284 0.586426 0.850106 0.586426 0.849047 0.584717 0.847458
1 0.765625 0.844809 0.764404 0.845339 0.763428 0.844280 0.763672 0.845339 0.765137 0.846398 0.764648 0.847987 0.764160 0.847987 0.764160 0.851695 0.763428 0.853284 0.760254 0.851695 0.760010 0.852225 0.762207 0.853284 0.762207 0.854343 0.759033 0.853814 0.759766 0.854873 0.759521 0.856462 0.759033 0.855403 0.759766 0.858581 0.760498 0.858581 0.760010 0.857521 0.760254 0.855403 0.760986 0.856992 0.762207 0.857521 0.762695 0.855932 0.764404 0.854873 0.765381 0.851165 0.764648 0.847987 0.765381 0.847458 0.765625 0.848517 0.766113 0.848517 0.765381 0.846398
1 0.316650 0.843750 0.316406 0.845869 0.316895 0.846928 0.317383 0.846928 0.318848 0.849576 0.319824 0.848517 0.319824 0.847458 0.318604 0.846928 0.317627 0.844280
1 0.483398 0.843220 0.482666 0.844809 0.483398 0.845339 0.483398 0.846928 0.483887 0.847987 0.483643 0.851695 0.483887 0.852754 0.484375 0.852754 0.484863 0.851695 0.484619 0.847987 0.485107 0.846928 0.485840 0.847458 0.486084 0.846398 0.485596 0.845869 0.485596 0.844280
1 0.533936 0.843220 0.533691 0.842161 0.533203 0.842161 0.532959 0.843220 0.531738 0.842691 0.530762 0.845339 0.531250 0.846398 0.531982 0.846398
1 0.997314 0.841102 0.995850 0.841102 0.995361 0.842161 0.995850 0.843220 0.995361 0.844280 0.994629 0.844280 0.995117 0.845339 0.994141 0.847458 0.993164 0.847458 0.994141 0.849576 0.993896 0.851165 0.994629 0.855403 0.995605 0.854343 0.996826 0.855403 0.997070 0.853814 0.998047 0.853814 0.999756 0.850106 0.999756 0.848517 0.998779 0.846928 0.998779 0.844809 0.998291 0.843220 0.998779 0.842691
1 0.416992 0.839513 0.417236 0.842691 0.416504 0.843750 0.416992 0.844809 0.416504 0.845869 0.417236 0.845869 0.418213 0.847987 0.418701 0.847987 0.418213 0.846928 0.418457 0.844809
1 0.323242 0.838983 0.323242 0.843750 0.323730 0.846928 0.322998 0.847987 0.323242 0.850636 0.324219 0.852225 0.324219 0.853814 0.324219 0.852225 0.324951 0.849576 0.323975 0.847987 0.323975 0.845869 0.324707 0.845339 0.323730 0.844809 0.323486 0.842691 0.323975 0.842161 0.323242 0.840572
1 0.747314 0.838983 0.750000 0.844809 0.749756 0.849047 0.750977 0.849576 0.752197 0.847458 0.752686 0.842161 0.751953 0.839513 0.750244 0.840042 0.749512 0.837394 0.748779 0.837394 0.748291 0.838983
1 0.491943 0.835275 0.491211 0.836864 0.491211 0.840572 0.490723 0.841631 0.490723 0.844280 0.490234 0.844280 0.490234 0.847987 0.488770 0.849576 0.489258 0.850636 0.489258 0.852754 0.488037 0.855932 0.487305 0.855932 0.487305 0.863877 0.487793 0.864407 0.487793 0.868114 0.486084 0.871822 0.484863 0.871822 0.484619 0.870763 0.484375 0.872881 0.482910 0.872881 0.482422 0.875530 0.481689 0.877119 0.480957 0.877119 0.480713 0.878708 0.480469 0.878178 0.480469 0.880826 0.482422 0.881356 0.481934 0.882415 0.481934 0.885064 0.482910 0.888242 0.484131 0.888242 0.484375 0.890360 0.486328 0.890360 0.486816 0.891419 0.485107 0.894068 0.483887 0.893008 0.483643 0.898305 0.481689 0.897775 0.482178 0.893008 0.481445 0.893008 0.480957 0.897246 0.481201 0.896716 0.482422 0.899894 0.483154 0.899364 0.483887 0.900953 0.484375 0.900424 0.483887 0.899894 0.484375 0.896186 0.485352 0.897246 0.484863 0.898305 0.486084 0.899894 0.486572 0.897775 0.489258 0.896186 0.489258 0.895127 0.488281 0.894068 0.488281 0.892479 0.489258 0.890890 0.489258 0.880297 0.489990 0.876589 0.490234 0.877648 0.490967 0.872881 0.490479 0.873941 0.490234 0.871822 0.491211 0.870763 0.490479 0.869703 0.491699 0.866525 0.490479 0.867055 0.490234 0.864407 0.491211 0.861758 0.490723 0.859640 0.490723 0.854873 0.491455 0.850106 0.491211 0.846928 0.491699 0.844809
1 0.345215 0.836335 0.344727 0.837924 0.343994 0.837394 0.343506 0.835275 0.342529 0.835275 0.342285 0.836864 0.341309 0.838453 0.342285 0.838983 0.342041 0.840042 0.341553 0.840042 0.342285 0.842161 0.341797 0.845869 0.342285 0.845869 0.342041 0.844809 0.342529 0.842161 0.342041 0.837924 0.343018 0.836864 0.344238 0.840572 0.343750 0.838453 0.343994 0.837924 0.344971 0.839513 0.345703 0.838983 0.345703 0.837394
1 0.487061 0.833686 0.485352 0.833686 0.485107 0.836864 0.484375 0.836864 0.483887 0.834746 0.483887 0.838453 0.486572 0.838453 0.486572 0.835805 0.486328 0.836864 0.486084 0.834746
1 0.594727 0.832627 0.594482 0.836335 0.595215 0.837924 0.595947 0.837924 0.596436 0.833686
1 0.295898 0.834216 0.299072 0.837924 0.300049 0.836335 0.299072 0.836864 0.298828 0.835275 0.297852 0.833686 0.297852 0.832627 0.296875 0.832627
1 0.581787 0.831568 0.580566 0.835275 0.580566 0.836864 0.581543 0.838983 0.583740 0.840572 0.583740 0.838983 0.584229 0.837924 0.583496 0.836864 0.582031 0.837924 0.581055 0.835805 0.582275 0.832097
1 0.795898 0.828390 0.795410 0.829979 0.796631 0.831038 0.796143 0.831568 0.795898 0.833686 0.796631 0.835275 0.797119 0.835275 0.797363 0.833686 0.798096 0.833157 0.798096 0.831038
1 0.848389 0.824682 0.848877 0.825742 0.848877 0.827860 0.849854 0.827860 0.850586 0.826801 0.850586 0.825742 0.849854 0.824682
1 0.310303 0.825212 0.309570 0.824153 0.310059 0.825742 0.308594 0.826271 0.308350 0.825212 0.308838 0.822564 0.308350 0.823623 0.307617 0.823623 0.306885 0.826801 0.305420 0.826271 0.306396 0.823623 0.306152 0.822564 0.305664 0.822564 0.304443 0.825212 0.302002 0.825742 0.301514 0.824682 0.298828 0.824682 0.298828 0.827331 0.298096 0.827860 0.298340 0.828390 0.297363 0.829979 0.299316 0.830508 0.300537 0.834746 0.300781 0.834216 0.300049 0.833157 0.301514 0.831568 0.300537 0.830508 0.299561 0.831038 0.299072 0.829449 0.299316 0.828919 0.301025 0.828919 0.301025 0.827860 0.302002 0.826801 0.302490 0.828390 0.302246 0.829449 0.304443 0.832627 0.305420 0.831568 0.305664 0.832097 0.308105 0.828919 0.308838 0.828919
1 0.859375 0.820445 0.857178 0.818856 0.856934 0.820445 0.855957 0.821504 0.855225 0.819915 0.854492 0.819915 0.853760 0.820975 0.854492 0.824153 0.853516 0.825212 0.853271 0.827331 0.855225 0.827331 0.855469 0.828390 0.856201 0.828390 0.856201 0.826271 0.854492 0.824682 0.854980 0.823623 0.855957 0.823623 0.857178 0.821504 0.858887 0.822564
1 0.583008 0.820445 0.582031 0.820445 0.581299 0.818326 0.580566 0.819915 0.582275 0.822034 0.582275 0.824153 0.579590 0.824682 0.578369 0.827860 0.577637 0.827860 0.578369 0.829449 0.580078 0.827860 0.580566 0.828919 0.580322 0.829449 0.581055 0.829449 0.582520 0.826271 0.582520 0.824682 0.583496 0.823093
1 0.467285 0.817267 0.465332 0.818856 0.466309 0.823093 0.467529 0.822564 0.468018 0.820975 0.468018 0.818326
1 0.329346 0.818326 0.329102 0.817267 0.327393 0.818326 0.328369 0.818856 0.327881 0.820445 0.326904 0.818326 0.324219 0.819386 0.322021 0.820975 0.320312 0.824153 0.319580 0.822564 0.318848 0.823623 0.317871 0.823093 0.316162 0.824153 0.316162 0.825742 0.315430 0.826801 0.314697 0.826801 0.314209 0.825742 0.314209 0.822564 0.313232 0.822034 0.313721 0.819915 0.312988 0.819915 0.312500 0.827331 0.313477 0.827331 0.314697 0.828919 0.316650 0.827331 0.317383 0.827860 0.317871 0.829449 0.318115 0.828390 0.318604 0.828919 0.319580 0.825742 0.320557 0.825742 0.321289 0.824153 0.321289 0.828919 0.322998 0.834216 0.323242 0.837394 0.322998 0.832627 0.322510 0.829979 0.321533 0.829449 0.321533 0.826801 0.322021 0.825742 0.322754 0.826271 0.322998 0.823623 0.323486 0.823623 0.323486 0.825212 0.323975 0.825212 0.324463 0.822564 0.328613 0.822564 0.329102 0.820445 0.328857 0.819386
1 0.698242 0.819386 0.698975 0.820445 0.700195 0.820445 0.700684 0.819386 0.700684 0.817797 0.700195 0.816737 0.698730 0.816737
1 0.265869 0.820975 0.270264 0.820975 0.267578 0.817797 0.267090 0.818856 0.266602 0.816737 0.267090 0.820445
1 0.239746 0.817797 0.238281 0.819386 0.238281 0.817797 0.238037 0.818856 0.236328 0.818326 0.235840 0.816737 0.236084 0.819915 0.235840 0.822034 0.235352 0.822564 0.235596 0.823623 0.234863 0.824682 0.234863 0.825742 0.236328 0.824153 0.235596 0.823093 0.235840 0.822564 0.236572 0.822564 0.237061 0.823623 0.236816 0.824153 0.237305 0.823623 0.237061 0.823093 0.238037 0.821504 0.237793 0.820975 0.238525 0.819386 0.238770 0.819915 0.239746 0.818856
1 0.772705 0.816208 0.771484 0.820975 0.772217 0.822564 0.772949 0.822034 0.773438 0.823093 0.773193 0.824153 0.773926 0.825212 0.774658 0.824153 0.774170 0.823623 0.774170 0.822564 0.774658 0.822034 0.776367 0.825742 0.776367 0.829449 0.776855 0.827860 0.776855 0.825742 0.778320 0.822034 0.778320 0.820445 0.777832 0.819386 0.776611 0.819386 0.774902 0.816737 0.773193 0.815678
1 0.258789 0.818326 0.259033 0.817797 0.259277 0.819386 0.261230 0.819386 0.261475 0.819915 0.260742 0.820445 0.261475 0.820445 0.261719 0.819386 0.262695 0.820975 0.262451 0.821504 0.263916 0.821504 0.264160 0.820975 0.263672 0.820445 0.264404 0.819386 0.265381 0.819386 0.265625 0.817797 0.265381 0.816737 0.261230 0.817797 0.260986 0.816208 0.260254 0.815678 0.260010 0.817797 0.259521 0.817267 0.259277 0.818326
1 0.999756 0.814089 0.998779 0.814619 0.997803 0.816737 0.996338 0.817267 0.996582 0.817797 0.995605 0.819386 0.995361 0.818856 0.994629 0.820445 0.993652 0.820445 0.992920 0.822034 0.998535 0.823093 0.999756 0.824153
1 0.203613 0.813559 0.203125 0.814619 0.201172 0.815678 0.199463 0.815678 0.199219 0.817797 0.199707 0.816208 0.201660 0.816737 0.202148 0.819915 0.201904 0.820445 0.202148 0.819915 0.202393 0.821504 0.203125 0.819915
1 0.969482 0.812500 0.968750 0.812500 0.968018 0.810911 0.966553 0.809852 0.963867 0.811441 0.962891 0.813559 0.963867 0.816737 0.964355 0.815678 0.965088 0.817267 0.965576 0.815148 0.966797 0.816208 0.967529 0.815678 0.968506 0.813030
1 0.575928 0.813030 0.578613 0.813030 0.579346 0.811970 0.579346 0.810911 0.578613 0.809852 0.577881 0.810381 0.577637 0.809322 0.576904 0.809322 0.576660 0.811970
1 0.516113 0.808263 0.515625 0.811441 0.516846 0.811970 0.517334 0.815148 0.518555 0.817797 0.519287 0.815678 0.518311 0.811970 0.518555 0.809322 0.517334 0.807733 0.516357 0.808792
1 0.274658 0.822564 0.276367 0.822034 0.276855 0.823093 0.277588 0.822034 0.278076 0.823623 0.277588 0.824153 0.278076 0.825742 0.277588 0.826271 0.277344 0.825212 0.277588 0.827331 0.278076 0.825212 0.279053 0.824153 0.278564 0.823623 0.279297 0.822034 0.279785 0.824153 0.280273 0.823093 0.280762 0.823623 0.280762 0.821504 0.281494 0.822564 0.283447 0.823093 0.284912 0.820975 0.287354 0.820445 0.287598 0.823623 0.288818 0.823623 0.290283 0.826271 0.295166 0.826271 0.296631 0.831038 0.295898 0.827331 0.297852 0.825212 0.297852 0.824153 0.297119 0.824682 0.295166 0.823623 0.292969 0.820975 0.293457 0.819915 0.293457 0.815148 0.292725 0.816737 0.292725 0.818326 0.291504 0.820445 0.289062 0.817797 0.289551 0.814619 0.287109 0.816208 0.286865 0.814619 0.287598 0.813030 0.288330 0.813559 0.288818 0.812500 0.288574 0.809322 0.287598 0.810911 0.286865 0.810381 0.287842 0.807733 0.287109 0.806674 0.286377 0.807733 0.286621 0.808263 0.285645 0.813030 0.285156 0.813030 0.284912 0.815148 0.284424 0.813559 0.283447 0.815148 0.283447 0.812500 0.281250 0.809322 0.281250 0.811970 0.281738 0.812500 0.281250 0.814089 0.281738 0.814619 0.281494 0.814089 0.282471 0.813030 0.283203 0.814619 0.282959 0.818326 0.283691 0.819386 0.283447 0.820445 0.284668 0.818856 0.284912 0.820445 0.284424 0.821504 0.278320 0.821504 0.277344 0.819915 0.276367 0.820445 0.276123 0.821504 0.275879 0.820975 0.275635 0.822034 0.274902 0.820975
1 0.205322 0.805614 0.205322 0.809852 0.205566 0.809322 0.206055 0.810381 0.207520 0.808792 0.206299 0.807733 0.206299 0.805085
1 0.771240 0.804555 0.770508 0.805614 0.770508 0.806674 0.771240 0.808263 0.770996 0.810381 0.771973 0.811441 0.772217 0.809322 0.771729 0.808263 0.772217 0.807733 0.772217 0.806144
1 0.399658 0.805614 0.398438 0.804555 0.396484 0.807733 0.397461 0.807203 0.398926 0.808792 0.399658 0.807203
1 0.980469 0.811970 0.979980 0.808792 0.979248 0.807733 0.978760 0.808263 0.978760 0.807203 0.978271 0.807203 0.978516 0.804555 0.976807 0.802966 0.976074 0.806144 0.975098 0.806144 0.974854 0.806674 0.975342 0.807203 0.974365 0.809322 0.972900 0.809852 0.972168 0.811441 0.972168 0.813030 0.971191 0.814089 0.971924 0.815678 0.973877 0.815678 0.975098 0.814619 0.975342 0.813030 0.976562 0.813030 0.976562 0.814089 0.979248 0.814089 0.980225 0.813559
1 0.331055 0.804555 0.330322 0.804555 0.329590 0.801907 0.328125 0.802966 0.328125 0.804555 0.329102 0.806144
1 0.528809 0.802966 0.527344 0.802966 0.526611 0.801377 0.525635 0.803496 0.524658 0.802966 0.523682 0.804555 0.523682 0.805614 0.524658 0.806144 0.525146 0.807203 0.524902 0.808263 0.524170 0.808263 0.523682 0.807203 0.523438 0.808263 0.522217 0.808792 0.521484 0.807203 0.521484 0.805614 0.520264 0.807203 0.519043 0.805085 0.519287 0.804555 0.518311 0.805085 0.518066 0.806674 0.520996 0.813030 0.521240 0.815148 0.523438 0.818326 0.525146 0.815678 0.526611 0.815148 0.527832 0.805614 0.528809 0.804555
1 0.397949 0.801907 0.396729 0.801377 0.395752 0.802966 0.394775 0.802436 0.394287 0.803496 0.395508 0.805085 0.396240 0.803496 0.397461 0.803496
1 0.898926 0.808792 0.900391 0.810381 0.901855 0.813559 0.902588 0.812500 0.904297 0.813030 0.904541 0.810911 0.905029 0.809852 0.905762 0.809852 0.906006 0.808792 0.906250 0.810381 0.906738 0.809852 0.906250 0.808263 0.904541 0.807733 0.904053 0.806144 0.904541 0.802966 0.903809 0.802966 0.903564 0.804025 0.901855 0.799788 0.901123 0.800318 0.901367 0.800847 0.900635 0.801907 0.900879 0.803496 0.899414 0.805614
1 0.441406 0.798199 0.441406 0.800318 0.441895 0.799788 0.442627 0.801377 0.442139 0.801907 0.442627 0.804025 0.443848 0.805614 0.445068 0.805085 0.445068 0.802966 0.444580 0.801377 0.443115 0.799788 0.442383 0.800318 0.442383 0.798729
1 0.202637 0.796610 0.202637 0.797669 0.203125 0.797669 0.202881 0.799788 0.203613 0.799788 0.203857 0.798729 0.204834 0.799788 0.204834 0.800847 0.204102 0.801907 0.204102 0.802966 0.204346 0.802436 0.204590 0.803496 0.203857 0.804025 0.204346 0.806144 0.205078 0.802966 0.204590 0.801907 0.206055 0.799788 0.206299 0.800318 0.206543 0.798729 0.205566 0.799788 0.204834 0.798199
1 0.320068 0.796081 0.319336 0.798199 0.318359 0.797669 0.318359 0.799258 0.318604 0.798199 0.319092 0.798729 0.318848 0.801907 0.318359 0.801907 0.318115 0.800318 0.317627 0.800318 0.317627 0.802436 0.317139 0.801907 0.319336 0.803496 0.319824 0.806144 0.319092 0.808263 0.317871 0.808263 0.317383 0.807203 0.317627 0.806674 0.316895 0.806674 0.318604 0.810911 0.318359 0.813559 0.319336 0.815678 0.319580 0.820975 0.319336 0.817797 0.320801 0.815678 0.319824 0.813030 0.319824 0.810911 0.320312 0.809852 0.319824 0.807733 0.320312 0.807733 0.320312 0.805614 0.319580 0.805085 0.319824 0.801907 0.319092 0.801377 0.319580 0.797669 0.320557 0.796610
1 0.405518 0.794492 0.404785 0.795551 0.405029 0.799788 0.404053 0.800847 0.404053 0.802436 0.404785 0.804025 0.405029 0.802436 0.405762 0.801377 0.407715 0.801377 0.407715 0.800318 0.406738 0.800847 0.406250 0.799788 0.406006 0.795551
1 0.231201 0.796081 0.232910 0.798199 0.233398 0.800318 0.236084 0.799788 0.233398 0.798199 0.234619 0.797140 0.233887 0.797140 0.233398 0.796081 0.233887 0.794492 0.232422 0.793962
1 0.988525 0.801907 0.989014 0.802436 0.989258 0.801377 0.991455 0.801377 0.991943 0.802966 0.991211 0.804555 0.991943 0.804555 0.992188 0.806144 0.992432 0.805085 0.992920 0.805085 0.993896 0.807203 0.995361 0.806674 0.996094 0.807733 0.996094 0.809322 0.996582 0.809322 0.997314 0.807203 0.996826 0.806144 0.997314 0.805614 0.997070 0.805085 0.994873 0.805085 0.994385 0.804025 0.994873 0.801907 0.993164 0.799258 0.994385 0.797140 0.994629 0.797669 0.994873 0.794492 0.994385 0.793962 0.991455 0.793962 0.990967 0.798199 0.991699 0.798729 0.991699 0.799788 0.992188 0.800318 0.991455 0.800847 0.991211 0.799788 0.989746 0.799788 0.989014 0.801907
1 0.332031 0.793432 0.332031 0.796081 0.332520 0.797140 0.331787 0.799788 0.334229 0.799788 0.333984 0.798729 0.334473 0.796610 0.333252 0.796610 0.332520 0.793432
1 0.314209 0.795551 0.313477 0.795551 0.312500 0.792903 0.311768 0.794492 0.312500 0.795551 0.311279 0.797669 0.310547 0.797669 0.310303 0.797140 0.311035 0.795551 0.310547 0.793962 0.308838 0.793962 0.310059 0.796610 0.310059 0.800318 0.310059 0.799258 0.310791 0.798199 0.312012 0.799788 0.311523 0.798729 0.312012 0.798199 0.313232 0.800847 0.314209 0.800847 0.312012 0.797140 0.312988 0.795021 0.313477 0.796081 0.312988 0.796610 0.313721 0.797669 0.314453 0.797140
1 0.854492 0.792373 0.853271 0.795551 0.853027 0.798729 0.853760 0.801907 0.855225 0.803496 0.856689 0.802966 0.856689 0.804025 0.857178 0.804555 0.857910 0.801907 0.856445 0.799788 0.855713 0.801907 0.854980 0.802436 0.854492 0.801377 0.854736 0.799788 0.856689 0.796610 0.856201 0.796610 0.855713 0.794492 0.856445 0.793962 0.856934 0.792373 0.856445 0.792373 0.855957 0.793962
1 0.893311 0.791843 0.892578 0.793962 0.892822 0.796081 0.894287 0.796081 0.895508 0.797669 0.895996 0.800318 0.895508 0.801377 0.895752 0.801907 0.895752 0.798729 0.896729 0.796610 0.896729 0.795021 0.896729 0.796081 0.896240 0.796610 0.895752 0.795551 0.895752 0.792903 0.894775 0.791843 0.894043 0.793432
1 0.259521 0.789195 0.258789 0.790254 0.258789 0.794492 0.258057 0.795551 0.258789 0.799788 0.259766 0.799788 0.259766 0.797669 0.260742 0.797140 0.261719 0.794492 0.261230 0.794492 0.260986 0.795551 0.260742 0.794492 0.259521 0.794492
1 0.192383 0.791314 0.193359 0.793432 0.193604 0.796081 0.194092 0.795551 0.194824 0.797140 0.195312 0.793432 0.195801 0.792373 0.196289 0.792903 0.197998 0.790254 0.196533 0.790254 0.196289 0.792373 0.195801 0.791314 0.194580 0.796081 0.194092 0.795551 0.194092 0.791843 0.193115 0.790784 0.193115 0.789195
1 0.361816 0.787076 0.361328 0.787606 0.360596 0.796081 0.359619 0.798199 0.359863 0.798729 0.359375 0.801907 0.359863 0.798199 0.361572 0.796081 0.361328 0.792373 0.362061 0.789195
1 0.352051 0.787076 0.352051 0.788136 0.351318 0.789725 0.350830 0.789195 0.350830 0.788136 0.350586 0.788665 0.351074 0.790254 0.350342 0.791843 0.352051 0.792373 0.352051 0.793962 0.351562 0.795021 0.350098 0.792903 0.350830 0.793962 0.350830 0.795551 0.351318 0.796610 0.352539 0.796081 0.352539 0.794492 0.353271 0.792903 0.352539 0.791314 0.353027 0.788136
1 0.223877 0.786017 0.224121 0.789725 0.224609 0.788665 0.226318 0.788665 0.225586 0.790784 0.224609 0.791314 0.225098 0.794492 0.225586 0.794492 0.226074 0.791843 0.225586 0.792903 0.224854 0.792373 0.226807 0.788665 0.225586 0.787606 0.226074 0.787076 0.226074 0.786017
1 0.783203 0.787606 0.783447 0.790254 0.784424 0.790254 0.784912 0.789195 0.785400 0.789195 0.785645 0.790254 0.786377 0.788665 0.785645 0.788136 0.785156 0.786017 0.784912 0.786547 0.783936 0.785487
1 0.893311 0.784428 0.892822 0.787606 0.893799 0.787606 0.894287 0.789195 0.895264 0.785487 0.894531 0.784428
1 0.507812 0.783369 0.507568 0.786017 0.507080 0.787076 0.507812 0.787076 0.508057 0.788136 0.509766 0.789195 0.510498 0.785487 0.509766 0.783369
1 0.520020 0.793962 0.518066 0.794492 0.516357 0.798199 0.514648 0.796610 0.513428 0.792373 0.511963 0.793962 0.511719 0.797140 0.512695 0.799258 0.511230 0.803496 0.510498 0.791843 0.510010 0.796081 0.510742 0.799258 0.509277 0.800847 0.509033 0.805614 0.507812 0.808263 0.507080 0.805614 0.505371 0.804555 0.505127 0.801907 0.506592 0.799788 0.508057 0.792373 0.507080 0.791314 0.506592 0.793962 0.504883 0.789195 0.505859 0.786017 0.504639 0.782839 0.502686 0.784428 0.503418 0.788665 0.504883 0.790254 0.504639 0.792373 0.502441 0.792903 0.501953 0.795021 0.500732 0.793962 0.500488 0.796610 0.499023 0.799258 0.498291 0.796610 0.496582 0.796081 0.496582 0.798729 0.497559 0.799258 0.497803 0.797669 0.498535 0.799258 0.499756 0.798729 0.501953 0.803496 0.500488 0.805614 0.499023 0.803496 0.498047 0.804555 0.497803 0.801907 0.496826 0.808792 0.496338 0.805614 0.495117 0.805085 0.495117 0.798199 0.494141 0.800318 0.492920 0.799788 0.495117 0.805614 0.493652 0.808792 0.495117 0.813030 0.497070 0.811441 0.498535 0.814089 0.497803 0.814619 0.498047 0.816208 0.500000 0.817267 0.498779 0.819915 0.500244 0.824153 0.500000 0.828919 0.500977 0.831568 0.503418 0.828919 0.503662 0.834216 0.504883 0.832627 0.504883 0.826801 0.507568 0.820975 0.509277 0.820445 0.509033 0.817797 0.510498 0.815148 0.510010 0.814089 0.508789 0.815148 0.507568 0.810381 0.513184 0.808792 0.514404 0.805614 0.512695 0.799788 0.515869 0.799258 0.516602 0.802966 0.519287 0.796081 0.520508 0.796081
1 0.271484 0.781780 0.271484 0.783369 0.271240 0.783898 0.270508 0.782839 0.270020 0.784958 0.270996 0.787076 0.270996 0.788665 0.271729 0.788665 0.272217 0.789725 0.272705 0.788136 0.272217 0.788665 0.271240 0.787606 0.271973 0.785487
1 0.266113 0.782839 0.267334 0.783898 0.267578 0.784958 0.267090 0.785487 0.268555 0.785487 0.269287 0.784428 0.269287 0.782839 0.268799 0.781780 0.266602 0.781780
1 0.893311 0.781250 0.891357 0.780191 0.891113 0.781250 0.889893 0.782309 0.890137 0.784958 0.892822 0.783898
1 0.222412 0.779131 0.221436 0.781780 0.220947 0.781780 0.222412 0.787076 0.222412 0.783369 0.222656 0.782839 0.223389 0.784958 0.222900 0.783369 0.223145 0.782309 0.222412 0.781780
1 0.351074 0.778072 0.351807 0.779131 0.351562 0.780191 0.353027 0.784428 0.353760 0.784958 0.354980 0.783369 0.354492 0.780720 0.353760 0.782839 0.353027 0.780191 0.354004 0.779131 0.353027 0.777013 0.352539 0.777013 0.352051 0.779131
1 0.295166 0.775953 0.294189 0.776483 0.293701 0.777542 0.293945 0.779661 0.292969 0.780720 0.292969 0.783369 0.294189 0.784958 0.295166 0.782309 0.294922 0.780191 0.295654 0.778602
1 0.509766 0.778072 0.508301 0.774894 0.507568 0.775424 0.506592 0.779661 0.506104 0.779661 0.505859 0.778602 0.504883 0.779131 0.506348 0.779661 0.507812 0.781780 0.508789 0.779131 0.509766 0.779131
1 0.510498 0.771186 0.510498 0.774364 0.511230 0.775953 0.512939 0.773305 0.512451 0.773835 0.511963 0.772246
1 0.308594 0.788665 0.308105 0.787606 0.308105 0.783369 0.307617 0.783369 0.307129 0.781780 0.307373 0.780191 0.308105 0.779661 0.307861 0.778072 0.309326 0.776483 0.309570 0.771186 0.309082 0.771716 0.309326 0.775424 0.308594 0.776483 0.307861 0.775953 0.307129 0.778072 0.306396 0.778072 0.306396 0.776483 0.304443 0.776483 0.303223 0.774894 0.300537 0.774894 0.300049 0.771716 0.299316 0.774364 0.299805 0.775953 0.302002 0.777013 0.302734 0.779131 0.302246 0.779661 0.305908 0.781250 0.306396 0.782839 0.306152 0.785487 0.306641 0.786017 0.306641 0.787606 0.307129 0.787076 0.307373 0.788136 0.307617 0.787606
1 0.504150 0.770127 0.503418 0.771716 0.503418 0.773305 0.503906 0.774894 0.505127 0.775953 0.505127 0.771716
1 0.271973 0.768538 0.271484 0.770657 0.272461 0.772246 0.273193 0.772246 0.273438 0.769597
1 0.294678 0.766949 0.295410 0.770657 0.296387 0.772775 0.296875 0.771186 0.297852 0.771716 0.295898 0.769068 0.296143 0.766949
1 0.537842 0.765890 0.537354 0.767479 0.537354 0.774364 0.538086 0.775424 0.538330 0.772246 0.539062 0.771186 0.539307 0.768538 0.538574 0.769597 0.538330 0.766949
1 0.812256 0.768008 0.811523 0.766949 0.811523 0.764831 0.810303 0.764831 0.808594 0.770657 0.808350 0.769068 0.807617 0.770657 0.806885 0.768008 0.806152 0.768008 0.805664 0.770657 0.807129 0.772775 0.808350 0.771716 0.808594 0.772246 0.808838 0.771186 0.809814 0.774364 0.810547 0.772775 0.810303 0.772246 0.810791 0.770127 0.812012 0.769597
1 0.302246 0.764301 0.302490 0.769068 0.303467 0.769597 0.303711 0.768538 0.304199 0.768538 0.304688 0.770657 0.305176 0.769068 0.306152 0.770657 0.306152 0.768538 0.305420 0.768008 0.305664 0.766949 0.306152 0.767479 0.306152 0.765890 0.305176 0.766419 0.305176 0.767479 0.304199 0.768538
1 0.541748 0.763771 0.541992 0.765890 0.539795 0.768008 0.540771 0.771186 0.541504 0.771716 0.542725 0.770657 0.543213 0.769068 0.543213 0.768008 0.542480 0.766949
1 0.356445 0.763242 0.355957 0.763242 0.356201 0.763771 0.355469 0.764831 0.354980 0.766949 0.354980 0.768538 0.355225 0.768008 0.355713 0.769597 0.356201 0.767479 0.357422 0.765360 0.356201 0.763771
1 0.370605 0.762712 0.371338 0.764831 0.370117 0.765890 0.370361 0.769597 0.370850 0.770657 0.372559 0.769597 0.373291 0.771716 0.373047 0.772246 0.373535 0.771716 0.373047 0.771186 0.373047 0.769597 0.374023 0.766419 0.373291 0.766949 0.372559 0.765890 0.372314 0.764301 0.371338 0.764831
1 0.287598 0.762712 0.287109 0.764301 0.287109 0.766949 0.287842 0.768008 0.288330 0.766949 0.289062 0.767479 0.289062 0.765890 0.289795 0.763771 0.289551 0.762712
1 0.231445 0.762182 0.230225 0.764831 0.230225 0.766949 0.231201 0.769068 0.231689 0.767479 0.232178 0.768008 0.233154 0.766419 0.232422 0.764831 0.232422 0.762712
1 0.537109 0.760593 0.536133 0.761123 0.535400 0.763771 0.535400 0.765360 0.536133 0.767479 0.536865 0.766949 0.536621 0.763771 0.537354 0.762712
1 0.203125 0.760064 0.202393 0.762712 0.202881 0.764301 0.203613 0.764301 0.204590 0.761653
1 0.813965 0.759004 0.813721 0.759534 0.812500 0.758475 0.812012 0.763242 0.812988 0.762182 0.813477 0.762712 0.813965 0.761653
1 0.511719 0.757945 0.511230 0.757945 0.509766 0.760593 0.509033 0.759004 0.508057 0.760593 0.508057 0.763771 0.508789 0.764301 0.508057 0.766419 0.508545 0.768538 0.510742 0.766419 0.510986 0.765360 0.510254 0.763771 0.510498 0.764301 0.509521 0.765890 0.508789 0.764301 0.509277 0.763242 0.509521 0.763771 0.509277 0.763242 0.510010 0.761653 0.511963 0.761653 0.512207 0.759004
1 0.181152 0.759004 0.180420 0.758475 0.179688 0.760064 0.178955 0.760064 0.178711 0.759004 0.179688 0.757415 0.178955 0.758475 0.178711 0.757945 0.177979 0.760064 0.178711 0.761653 0.179688 0.761653
1 0.720459 0.756886 0.720215 0.759534 0.720459 0.760064 0.720947 0.759004 0.721924 0.761123 0.721191 0.762712 0.721436 0.762182 0.722168 0.763771 0.722900 0.761653 0.722900 0.759004 0.722168 0.756886
1 0.359131 0.761653 0.357910 0.758475 0.358154 0.756886 0.354736 0.757945 0.354980 0.758475 0.354492 0.760593 0.354980 0.760593 0.355225 0.759004 0.355957 0.757945 0.358154 0.761123 0.357666 0.761653 0.357666 0.763242
1 0.349121 0.756356 0.348389 0.758475 0.348389 0.760593 0.349365 0.758475 0.349854 0.759534 0.349854 0.762182 0.351074 0.763771 0.351562 0.759004 0.350586 0.759004 0.350342 0.758475 0.350830 0.757415 0.349609 0.759004 0.349121 0.757945
1 0.460449 0.755826 0.459961 0.759004 0.460449 0.759534 0.460205 0.760064 0.460449 0.759534 0.461182 0.760593 0.461670 0.759534 0.461670 0.757945 0.461182 0.756356
1 0.651123 0.752648 0.650635 0.757945 0.651855 0.760064 0.652344 0.758475 0.653076 0.758475 0.653320 0.756886 0.652588 0.755826 0.652100 0.756356
1 0.374512 0.752648 0.372559 0.752119 0.372070 0.755826 0.371338 0.756886 0.371094 0.758475 0.372070 0.756886 0.373047 0.757415 0.373291 0.755297
1 0.127197 0.752119 0.126465 0.752119 0.126221 0.753708 0.125000 0.753178 0.125488 0.754237 0.125488 0.757945 0.125000 0.759004 0.125488 0.757945 0.126221 0.757945 0.126465 0.756886 0.126953 0.757945 0.127686 0.757945 0.126953 0.757415 0.126709 0.755297 0.126221 0.754767 0.126465 0.753708 0.127441 0.753708
1 0.123535 0.751059 0.122559 0.752119 0.122559 0.753708 0.123047 0.754237 0.123047 0.757945 0.123535 0.758475 0.123535 0.760064 0.122559 0.762712 0.123047 0.765360 0.123535 0.764301 0.124023 0.764831 0.123779 0.763771 0.124512 0.762712 0.124512 0.760593 0.123779 0.759004 0.123779 0.756356 0.124268 0.754767 0.122803 0.752648 0.123047 0.751589 0.123779 0.751589
1 0.185547 0.751059 0.185059 0.752119 0.185303 0.752648 0.184814 0.755297 0.185303 0.756356 0.187256 0.756886 0.187500 0.753708 0.188232 0.752648 0.188477 0.753178 0.188477 0.752119 0.187988 0.751589 0.188232 0.751059
1 0.370850 0.759534 0.369629 0.755297 0.368164 0.754767 0.368408 0.753708 0.369629 0.753708 0.369141 0.750000 0.369385 0.749470 0.367920 0.751059 0.366699 0.750530 0.366455 0.751589 0.364258 0.751589 0.363525 0.752648 0.361816 0.751589 0.361328 0.755297 0.361816 0.755297 0.361816 0.758475 0.363281 0.755297 0.364014 0.755826 0.364502 0.753708 0.365723 0.753708 0.366455 0.755297 0.367188 0.754237 0.367920 0.755297 0.367188 0.758475 0.368652 0.759004 0.369629 0.761123
1 0.511475 0.748411 0.511230 0.753178 0.511963 0.755297 0.513428 0.754237 0.512695 0.750000 0.511963 0.748411
1 0.822510 0.748941 0.821533 0.747881 0.820068 0.748411 0.820068 0.751059 0.822021 0.751059 0.822510 0.750530
1 0.189453 0.747352 0.189453 0.748941 0.189941 0.750000 0.192139 0.751589 0.192871 0.751589 0.194092 0.748941 0.194092 0.747881 0.192139 0.747881 0.191162 0.746292 0.189941 0.746292
1 0.606689 0.745763 0.605713 0.745763 0.604980 0.746822 0.604736 0.749470 0.605225 0.751059 0.606201 0.751059 0.607178 0.749470
1 0.478760 0.746822 0.478760 0.751059 0.480713 0.751059 0.481689 0.748941 0.481689 0.747352 0.480957 0.745763 0.479492 0.745763
1 0.802734 0.745233 0.802002 0.748941 0.802490 0.750000 0.803955 0.750530 0.804199 0.752648 0.805176 0.753178 0.804932 0.754767 0.805420 0.755297 0.805176 0.755826 0.805664 0.757415 0.807373 0.752648 0.808350 0.753708 0.808105 0.754767 0.808350 0.753708 0.807861 0.751589 0.809082 0.751589 0.809326 0.750530 0.809082 0.749470 0.808105 0.748941 0.807373 0.747352 0.806885 0.747881 0.806152 0.745763 0.805420 0.745763 0.804932 0.744703 0.804199 0.745763
1 0.337646 0.744703 0.337402 0.747352 0.336670 0.747352 0.336426 0.748411 0.336182 0.747881 0.335693 0.750000 0.335449 0.745763 0.335449 0.749470 0.334961 0.750530 0.335205 0.751589 0.334473 0.752648 0.335205 0.753178 0.334473 0.753708 0.334717 0.754237 0.335693 0.753708 0.335938 0.754767 0.336426 0.754767 0.336914 0.750000 0.338135 0.749470 0.338867 0.747352 0.338135 0.746822
1 0.343262 0.743114 0.342773 0.745763 0.343506 0.747352 0.342285 0.747881 0.343262 0.748941 0.341797 0.752648 0.342041 0.753708 0.342529 0.753708 0.343262 0.752119 0.343018 0.750530 0.343994 0.749470
1 0.499512 0.742585 0.497559 0.744703 0.497314 0.745763 0.497559 0.747352 0.497070 0.750000 0.497803 0.752119 0.498535 0.752648 0.499268 0.752119 0.498291 0.750000 0.498291 0.748411 0.498779 0.746822 0.499756 0.746292
1 0.129150 0.741525 0.128662 0.742055 0.128418 0.744174 0.128906 0.746822 0.129395 0.747352 0.130615 0.745233 0.130615 0.742585 0.129395 0.742585
1 0.470459 0.740466 0.470215 0.744174 0.470947 0.744174 0.471436 0.745233 0.471436 0.746822 0.470215 0.753178 0.471191 0.754237 0.472656 0.752119 0.473633 0.752119 0.474121 0.754767 0.476074 0.755297 0.476074 0.752119 0.475342 0.750000 0.474121 0.751589 0.473389 0.748941 0.473877 0.745763 0.473389 0.744703 0.471191 0.744703 0.470703 0.743114 0.470947 0.740996
1 0.297119 0.738877 0.296387 0.737818 0.295410 0.738347 0.295410 0.740466 0.294678 0.741525 0.294678 0.743644 0.295410 0.742585 0.295898 0.740466 0.296875 0.740466
1 0.642090 0.737288 0.641846 0.738877 0.642578 0.738877 0.643066 0.739936 0.642090 0.741525 0.642334 0.740996 0.643066 0.743114 0.643799 0.742585 0.644043 0.738347
1 0.318359 0.738347 0.319824 0.740996 0.320557 0.739936 0.320557 0.737818 0.320068 0.736758 0.319092 0.737288 0.318604 0.738877
1 0.258301 0.735699 0.257812 0.736758 0.257568 0.741525 0.257812 0.745233 0.258301 0.745233 0.258545 0.746292 0.258301 0.747881 0.257324 0.749470 0.257324 0.753178 0.257812 0.753178 0.257812 0.754767 0.258545 0.753178 0.259277 0.753708 0.262207 0.759534 0.260254 0.764301 0.260254 0.765890 0.261719 0.765360 0.262695 0.766419 0.262939 0.765360 0.263916 0.764831 0.263916 0.768008 0.263184 0.769597 0.263672 0.770657 0.264893 0.770127 0.265137 0.767479 0.266602 0.764831 0.266846 0.761653 0.267822 0.759534 0.268066 0.760064 0.268311 0.758475 0.267578 0.757415 0.267090 0.754237 0.266113 0.754237 0.265137 0.752648 0.265381 0.752119 0.263672 0.752119 0.263184 0.751059 0.262451 0.751059 0.261963 0.752648 0.261230 0.751059 0.261475 0.747881 0.262695 0.747352 0.263184 0.745763 0.263184 0.743644 0.262451 0.743644 0.262207 0.739936 0.261719 0.739407 0.261475 0.740466 0.260742 0.738347 0.259521 0.738877 0.259033 0.739936 0.258057 0.738877 0.257812 0.737288 0.258789 0.736758
1 0.475098 0.735169 0.474609 0.735699 0.474365 0.737818 0.475098 0.740466 0.475830 0.740466 0.475830 0.735699
1 0.205078 0.735169 0.204102 0.738877 0.203125 0.738877 0.203125 0.739936 0.204102 0.739936 0.205078 0.742055 0.205566 0.742055 0.206787 0.738347 0.206787 0.735699
1 0.349365 0.734110 0.348389 0.736758 0.347412 0.735169 0.347656 0.734640 0.346924 0.734640 0.346191 0.736229 0.346924 0.736758 0.346924 0.737818 0.346436 0.738347 0.346436 0.740466 0.344971 0.741525 0.345947 0.742055 0.346436 0.744703 0.347168 0.745763 0.347656 0.744703 0.346924 0.736758 0.347412 0.736229 0.348877 0.737288 0.349609 0.735169
1 0.478516 0.733581 0.478516 0.738347 0.480225 0.737818 0.480225 0.734110
1 0.337402 0.733051 0.336914 0.736229 0.336182 0.737288 0.336182 0.738347 0.336670 0.737818 0.337402 0.739407 0.336914 0.740466 0.336426 0.739936 0.336426 0.744703 0.336182 0.742585 0.336670 0.741525 0.337891 0.741525 0.337891 0.737288 0.338379 0.736758 0.338379 0.735169
1 0.516357 0.732521 0.515869 0.732521 0.515625 0.733581 0.516113 0.736229 0.515381 0.737818 0.515869 0.739407 0.516846 0.737288
1 0.195312 0.731992 0.195312 0.736229 0.196777 0.737288 0.196777 0.738347 0.195312 0.742055 0.195801 0.742055 0.196777 0.744174 0.198975 0.744174 0.199219 0.745233 0.198242 0.746292 0.199219 0.747352 0.199951 0.746292 0.199951 0.744703 0.200684 0.744703 0.202637 0.742055 0.202393 0.739936 0.200928 0.739407 0.199951 0.736758 0.201172 0.734110 0.200684 0.733051 0.200439 0.733581 0.199707 0.732521 0.198242 0.733581 0.198242 0.734640 0.197754 0.734640 0.197998 0.736758 0.197021 0.737818 0.196777 0.736758 0.197266 0.736229 0.196777 0.735699 0.197266 0.734640 0.196777 0.732521 0.196045 0.732521 0.195801 0.731462 0.195557 0.732521
1 0.312012 0.736229 0.311523 0.743114 0.314209 0.736758 0.319580 0.751589 0.321777 0.752119 0.319580 0.760064 0.315186 0.750530 0.319580 0.761123 0.314453 0.754767 0.314941 0.762182 0.312012 0.766419 0.310303 0.763771 0.311523 0.767479 0.314453 0.763242 0.314697 0.766419 0.315918 0.757945 0.319824 0.771716 0.320557 0.760064 0.322266 0.770657 0.320312 0.771186 0.322998 0.772775 0.322021 0.765890 0.324707 0.766949 0.325684 0.778072 0.323975 0.781780 0.327393 0.792373 0.329590 0.793962 0.334229 0.787076 0.335693 0.795551 0.341553 0.796081 0.343750 0.802436 0.344971 0.800318 0.345215 0.807733 0.343018 0.811441 0.341797 0.809322 0.341797 0.813030 0.345947 0.822034 0.347412 0.815148 0.347900 0.821504 0.352539 0.825212 0.349609 0.829449 0.351074 0.834216 0.351807 0.827860 0.354492 0.829449 0.351562 0.836864 0.355469 0.837394 0.353271 0.838983 0.356201 0.855403 0.363037 0.853284 0.364014 0.850636 0.359863 0.845339 0.358398 0.821504 0.355957 0.816737 0.357178 0.824682 0.353760 0.825212 0.353760 0.819386 0.352051 0.817797 0.353516 0.813559 0.351318 0.807203 0.354492 0.807733 0.351318 0.802966 0.349365 0.807733 0.344482 0.795021 0.345215 0.791314 0.343994 0.792903 0.341064 0.786017 0.342041 0.782309 0.338867 0.784428 0.338623 0.788665 0.336914 0.780191 0.339111 0.781780 0.332520 0.770657 0.333984 0.768008 0.331055 0.769068 0.316162 0.739407 0.316162 0.729873 0.315186 0.734640 0.314697 0.731992 0.314697 0.735169 0.313965 0.732521
1 0.464600 0.729343 0.464355 0.731462 0.464844 0.732521 0.463379 0.734110 0.463867 0.737288 0.462646 0.740466 0.462158 0.739936 0.462402 0.740996 0.461426 0.744703 0.461914 0.747881 0.462891 0.748411 0.464600 0.745763 0.464600 0.743644 0.466064 0.739407 0.465820 0.736229 0.466797 0.734110
1 0.909180 0.729873 0.908691 0.728814 0.907227 0.729343 0.907471 0.729873 0.906982 0.730932 0.907227 0.731992 0.906738 0.733051 0.906738 0.735169 0.906250 0.736229 0.904541 0.736758 0.905762 0.737288 0.908936 0.735699 0.909180 0.734640 0.908691 0.734110 0.909424 0.733581 0.908936 0.732521
1 0.688477 0.729343 0.688232 0.732521 0.689941 0.733051 0.690186 0.731462 0.689697 0.730932 0.689697 0.729873 0.688965 0.728814
1 0.217773 0.730403 0.218994 0.733581 0.220703 0.728814 0.218018 0.728814
1 0.702881 0.730403 0.700928 0.728284 0.699951 0.731992 0.700928 0.733051 0.701416 0.730403
1 0.896973 0.728814 0.895996 0.727225 0.895752 0.728284 0.894531 0.728814 0.894531 0.733051 0.895508 0.733051 0.895996 0.731992 0.895508 0.730932 0.895996 0.729873 0.896729 0.729873
1 0.340088 0.727225 0.340088 0.730932 0.341309 0.731462 0.341309 0.728814 0.340576 0.727225
1 0.116943 0.727225 0.114258 0.727754 0.114746 0.728814 0.114258 0.729343 0.114258 0.731462 0.116211 0.730403 0.115967 0.729343 0.116455 0.728284 0.116699 0.728814
1 0.690186 0.727754 0.690430 0.729873 0.692139 0.731992 0.692871 0.730932 0.692383 0.726695 0.691650 0.727754 0.690674 0.726695
1 0.540039 0.727225 0.540039 0.728814 0.540771 0.729873 0.541992 0.728814 0.541504 0.726165 0.540527 0.726165
1 0.259033 0.726165 0.258301 0.728814 0.258789 0.729343 0.258545 0.730403 0.259277 0.735169 0.259521 0.734640 0.260010 0.736758 0.261475 0.736229 0.261963 0.737818 0.262451 0.737288 0.263184 0.738877 0.263428 0.738347 0.261963 0.736229 0.261963 0.733051 0.260986 0.730403 0.260010 0.732521 0.259521 0.731992 0.259521 0.729873 0.260254 0.728284 0.260498 0.729343 0.260986 0.728284 0.260742 0.727225 0.261475 0.726695 0.260742 0.726165 0.260498 0.727225
1 0.491699 0.725636 0.491455 0.728284 0.492188 0.730932 0.493408 0.731462 0.492676 0.727754
1 0.138672 0.725636 0.138672 0.728284 0.139404 0.728284 0.139648 0.730403 0.140137 0.730403 0.140625 0.731992 0.141113 0.731992 0.141357 0.730403 0.142578 0.728814 0.140869 0.725636 0.139404 0.725636 0.138916 0.726695
1 0.529053 0.724047 0.528564 0.724576 0.529053 0.727225 0.528320 0.729343 0.527588 0.728284 0.527100 0.729343 0.525879 0.729343 0.525146 0.726165 0.523926 0.725636 0.522949 0.727754 0.522949 0.730403 0.524170 0.731462 0.525391 0.729873 0.525879 0.730932 0.525146 0.733581 0.522949 0.732521 0.522217 0.734110 0.520752 0.731992 0.520996 0.727754 0.520508 0.727754 0.520020 0.729343 0.520020 0.731462 0.520508 0.733051 0.518799 0.737288 0.519287 0.739936 0.520264 0.739936 0.520508 0.738877 0.520996 0.738877 0.521973 0.742055 0.522217 0.745233 0.523193 0.745233 0.523682 0.747352 0.524414 0.747881 0.525146 0.750000 0.524414 0.751589 0.523682 0.749470 0.523682 0.751589 0.524414 0.752648 0.524902 0.754767 0.526123 0.754767 0.526855 0.751589 0.526611 0.748411 0.526123 0.747352 0.525391 0.747352 0.526611 0.744174 0.526611 0.741525 0.526123 0.739936 0.526367 0.737818 0.527100 0.735699 0.528076 0.735169 0.530273 0.730403 0.529785 0.728284 0.530762 0.727225 0.530762 0.726165 0.529785 0.726165
1 0.281738 0.724576 0.280518 0.724047 0.281250 0.725106 0.281250 0.726165 0.280273 0.728814 0.278076 0.730403 0.278076 0.731462 0.278809 0.731992 0.279053 0.733581 0.280029 0.733051 0.279785 0.730932 0.280518 0.727754 0.281982 0.725636
1 0.510010 0.723517 0.509033 0.725636 0.507568 0.725636 0.507324 0.728284 0.508301 0.730403 0.509277 0.729873 0.509766 0.727754 0.509521 0.727225 0.510254 0.725106
1 0.112305 0.723517 0.110352 0.723517 0.110840 0.725106 0.109863 0.725636 0.111328 0.727754 0.111328 0.729343 0.110352 0.731992 0.110352 0.734110 0.110596 0.733051 0.110840 0.734110 0.111328 0.732521 0.112061 0.733051 0.111816 0.733581 0.112061 0.731992 0.111572 0.730932 0.112549 0.730403 0.112061 0.729343 0.113037 0.728284 0.113281 0.726165
1 0.700195 0.721398 0.699707 0.722458 0.698975 0.722458 0.698242 0.720869 0.697754 0.721398 0.697998 0.721928 0.697021 0.723517 0.696777 0.726165 0.697998 0.726165 0.698975 0.724047 0.699219 0.725636 0.699951 0.725106 0.700439 0.722987
1 0.346436 0.720869 0.345215 0.720869 0.344482 0.721928 0.345703 0.723517 0.345459 0.724576 0.343994 0.725636 0.343994 0.722458 0.343018 0.725106 0.343018 0.726695 0.342285 0.728284 0.343262 0.730403 0.343262 0.731992 0.343994 0.732521 0.343750 0.730403 0.344482 0.729343 0.345459 0.731462 0.345947 0.731462 0.346436 0.729343 0.347168 0.729343 0.347168 0.727225 0.345947 0.724576 0.345947 0.722458
1 0.127441 0.720869 0.126221 0.720869 0.124268 0.722987 0.125000 0.723517 0.124756 0.724576 0.124268 0.724047 0.124268 0.725636 0.124512 0.726165 0.124512 0.725106 0.125488 0.723517 0.126709 0.724047
1 0.877197 0.718220 0.876465 0.720339 0.876953 0.722987 0.877686 0.723517 0.878418 0.720339
1 0.518311 0.722458 0.517578 0.720869 0.517090 0.717691 0.515625 0.717691 0.514648 0.719280 0.514404 0.721928 0.514893 0.724047 0.513428 0.725106 0.512451 0.724047 0.512207 0.725106 0.513428 0.725106 0.514648 0.726695 0.515381 0.726165 0.515625 0.724576 0.517334 0.724047
1 0.311279 0.718220 0.310791 0.719809 0.311523 0.720869 0.311768 0.722987 0.312744 0.722987 0.312744 0.720339 0.313477 0.719280 0.313477 0.718220
1 0.253174 0.717161 0.253174 0.718220 0.252686 0.718750 0.253418 0.719280 0.252930 0.721928 0.253662 0.721928 0.253418 0.722987 0.252686 0.722987 0.253418 0.724047 0.253174 0.727754 0.254150 0.726165 0.254150 0.724576 0.255615 0.723517 0.255615 0.726695 0.256104 0.726165 0.256104 0.724047 0.256836 0.721928 0.255859 0.722987 0.254883 0.722458 0.255615 0.721398 0.253662 0.721928 0.253418 0.720869 0.253906 0.719809 0.253174 0.718750
1 0.122314 0.717161 0.122559 0.718750 0.123291 0.719280 0.122070 0.721928 0.122070 0.723517 0.122803 0.722987 0.123047 0.724576 0.123779 0.724047 0.123291 0.722458 0.124512 0.721398 0.124756 0.720339 0.124512 0.719280 0.122803 0.718750 0.122803 0.717691
1 0.324463 0.717691 0.323486 0.716631 0.322021 0.718220 0.321777 0.719280 0.320557 0.718750 0.318848 0.722987 0.317871 0.724047 0.317871 0.726165 0.317139 0.728284 0.316895 0.727754 0.317383 0.727754 0.317871 0.729343 0.316406 0.731462 0.316895 0.730403 0.317383 0.730932 0.317627 0.729873 0.318359 0.729873 0.318115 0.727754 0.318848 0.727754 0.318604 0.727225 0.319336 0.724576 0.320557 0.725106 0.322021 0.722987 0.322021 0.724576 0.323486 0.725636 0.323486 0.723517 0.322754 0.724576 0.322510 0.722458 0.322998 0.719280
1 0.204834 0.713983 0.203613 0.714513 0.203125 0.716631 0.202637 0.716102 0.202148 0.717161 0.202148 0.718220 0.202637 0.718220 0.203857 0.721398 0.204834 0.720869 0.204102 0.719809 0.204590 0.718750 0.206055 0.717691 0.205566 0.715042 0.205078 0.715042
1 0.475098 0.713453 0.475586 0.716631 0.475342 0.717691 0.477051 0.717691 0.477051 0.716631 0.476318 0.715572 0.476318 0.712924
1 0.461182 0.710275 0.460205 0.711864 0.459717 0.713983 0.459717 0.720339 0.460449 0.721928 0.461426 0.721928 0.462402 0.719809 0.461426 0.717691 0.462158 0.715572 0.462158 0.712924
1 0.439941 0.710275 0.439941 0.714513 0.440918 0.715042 0.441162 0.711864 0.440674 0.710275
1 0.247559 0.711335 0.247559 0.713453 0.248291 0.712924 0.248535 0.713983 0.248779 0.712924 0.249756 0.712924 0.251953 0.714513 0.252441 0.716631 0.252441 0.715572 0.253174 0.714513 0.251953 0.713983 0.250732 0.711864 0.250977 0.711335 0.250488 0.710275 0.251221 0.708686 0.251221 0.707627 0.249512 0.707627 0.248779 0.709746 0.248291 0.709746
1 0.810547 0.705508 0.811035 0.706568 0.810547 0.708686 0.811035 0.709216 0.810303 0.710805 0.810547 0.715042 0.809570 0.716102 0.810059 0.716631 0.810059 0.717691 0.809570 0.718220 0.809570 0.721928 0.809814 0.722458 0.810303 0.720869 0.810547 0.721398 0.811768 0.719280 0.812500 0.720339 0.813721 0.719280 0.814453 0.719809 0.814697 0.721398 0.812988 0.725106 0.812988 0.730932 0.813721 0.732521 0.814697 0.731462 0.816162 0.731462 0.816406 0.732521 0.817871 0.731992 0.819092 0.729873 0.819336 0.728284 0.817627 0.717691 0.819092 0.715042 0.818359 0.715042 0.817871 0.713983 0.818115 0.712394 0.817383 0.711864 0.816162 0.713453 0.815430 0.713453 0.815918 0.716102 0.815674 0.716631 0.813965 0.716631 0.813232 0.719280 0.812012 0.719280 0.812012 0.718220 0.811523 0.717691 0.812256 0.715572 0.813232 0.716631 0.813232 0.715572 0.812500 0.715572 0.812012 0.713453 0.813232 0.710805 0.816162 0.709216 0.816406 0.707627 0.815918 0.706568 0.813477 0.706568 0.811768 0.707627 0.811523 0.706568 0.812012 0.705508
1 0.517822 0.704979 0.517578 0.708157 0.516602 0.710275 0.517822 0.712924 0.517822 0.713983 0.519287 0.713983 0.520996 0.710275 0.520020 0.708686 0.520264 0.711335 0.518799 0.712394 0.518555 0.710805 0.517822 0.709746 0.518311 0.708686 0.519287 0.708686 0.519287 0.707627 0.518311 0.704979
1 0.264160 0.705508 0.264160 0.706568 0.265381 0.707627 0.265625 0.708686 0.265137 0.709746 0.266846 0.709746 0.266602 0.708686 0.267090 0.708157 0.266113 0.707627 0.266357 0.705508 0.265625 0.704979 0.265137 0.707097 0.264648 0.706568 0.265137 0.704979
1 0.514648 0.704449 0.513428 0.704449 0.512695 0.706568 0.511719 0.706568 0.512207 0.708686 0.511963 0.711335 0.512939 0.711335 0.513184 0.708686 0.513672 0.708686 0.514160 0.710275 0.513184 0.712924 0.513672 0.715572 0.513184 0.716102 0.512695 0.715042 0.512695 0.717161 0.514404 0.716631 0.514893 0.714513 0.515137 0.715042 0.516113 0.713453 0.515625 0.710805 0.515137 0.711864 0.515137 0.710275 0.514160 0.708686 0.514160 0.704979
1 0.341064 0.704449 0.340332 0.704979 0.339844 0.707627 0.338867 0.707627 0.337891 0.711335 0.338623 0.712924 0.338867 0.715042 0.337891 0.716631 0.337402 0.718750 0.337891 0.720869 0.337646 0.722987 0.336914 0.724047 0.336914 0.726695 0.338135 0.727225 0.337891 0.728814 0.337158 0.728284 0.336914 0.729343 0.337402 0.729873 0.337402 0.731462 0.338867 0.727754 0.338867 0.720869 0.339844 0.719809 0.339111 0.719809 0.339111 0.717161 0.339600 0.716631 0.339355 0.715572 0.339844 0.714513 0.340332 0.716102 0.340820 0.713983 0.340332 0.715042 0.339844 0.714513 0.339600 0.709216 0.341064 0.707097
1 0.229004 0.704979 0.228027 0.703919 0.228760 0.703390 0.228027 0.703390 0.227295 0.704449 0.226562 0.703919 0.226074 0.705508 0.228271 0.706568
1 0.133057 0.703390 0.131348 0.706568 0.131592 0.708157 0.132812 0.709746 0.132812 0.711864 0.133301 0.712924 0.134033 0.712924 0.134033 0.710275 0.135010 0.708686 0.134521 0.708157 0.134033 0.704979 0.134521 0.703390
1 0.214355 0.707627 0.214355 0.710805 0.215820 0.715042 0.216064 0.719280 0.216797 0.720339 0.216309 0.721398 0.216797 0.722458 0.216797 0.723517 0.216309 0.724047 0.216797 0.727754 0.219482 0.727225 0.219727 0.724576 0.221436 0.726165 0.221680 0.725106 0.220947 0.722458 0.221191 0.721398 0.223633 0.722987 0.223633 0.721928 0.222412 0.720339 0.222656 0.717691 0.221924 0.718750 0.221436 0.718220 0.221680 0.715572 0.222168 0.714513 0.222656 0.715042 0.223145 0.713453 0.224365 0.715042 0.224121 0.715572 0.224854 0.718220 0.224609 0.719280 0.224365 0.718750 0.225098 0.720339 0.224609 0.721398 0.224609 0.722987 0.225342 0.724576 0.224609 0.726695 0.223389 0.727225 0.223145 0.728814 0.224121 0.729873 0.224365 0.729343 0.225098 0.731992 0.225586 0.731992 0.226562 0.728814 0.225342 0.727754 0.226074 0.726695 0.225586 0.724047 0.226074 0.722987 0.227051 0.724047 0.228027 0.721928 0.229980 0.723517 0.230713 0.722458 0.232666 0.722458 0.234131 0.720339 0.234619 0.721398 0.234619 0.719280 0.233398 0.719280 0.232178 0.716102 0.230713 0.716102 0.229980 0.719280 0.229248 0.720339 0.227539 0.720339 0.226562 0.718220 0.225342 0.719809 0.224609 0.716102 0.224121 0.715572 0.225098 0.713453 0.225098 0.710275 0.224121 0.708686 0.223389 0.709746 0.222900 0.708686 0.222656 0.709216 0.222168 0.708157 0.221436 0.708157 0.221191 0.706568 0.219971 0.704979 0.219971 0.701271 0.218994 0.702860 0.218994 0.703919 0.220215 0.705508 0.219727 0.706568 0.217529 0.707627 0.217041 0.708686 0.216797 0.708157 0.216797 0.709746 0.215820 0.707097
1 0.475098 0.698093 0.474854 0.698623 0.475586 0.701801 0.475098 0.704449 0.476074 0.704979 0.476562 0.701271
1 0.585449 0.697034 0.584961 0.698623 0.583984 0.699682 0.584961 0.702860 0.586426 0.701271 0.585693 0.700212
1 0.251709 0.696504 0.250000 0.698093 0.249023 0.697034 0.248535 0.698093 0.248535 0.700742 0.248535 0.698623 0.249756 0.698093 0.250732 0.701271 0.250488 0.703919 0.249268 0.706568 0.250000 0.706038 0.250000 0.704979 0.250732 0.705508 0.250488 0.703919 0.251953 0.701271 0.252930 0.700742 0.252197 0.700742 0.251709 0.699682
1 0.239258 0.696504 0.238525 0.697034 0.238770 0.698093 0.237305 0.700212 0.237305 0.706038 0.237793 0.709216 0.239014 0.709746 0.240723 0.714513 0.241699 0.711335 0.242188 0.711864 0.243164 0.710805 0.243652 0.709216 0.244141 0.709216 0.243408 0.707627 0.243408 0.709216 0.242188 0.710805 0.240479 0.707097 0.240723 0.707627 0.240234 0.708686 0.238037 0.708157 0.238281 0.704979 0.239258 0.703919 0.238525 0.703919 0.238281 0.702860 0.238770 0.701801 0.238037 0.702331 0.237793 0.700742 0.239258 0.697564
1 0.292725 0.700212 0.292480 0.702860 0.293457 0.704979 0.293457 0.706568 0.292969 0.706568 0.295166 0.710805 0.295410 0.713983 0.297607 0.717161 0.298828 0.717161 0.299316 0.715572 0.301025 0.716631 0.301025 0.714513 0.301514 0.714513 0.302490 0.716631 0.303223 0.714513 0.303711 0.714513 0.302490 0.712924 0.300781 0.712924 0.300537 0.715042 0.299316 0.715042 0.297607 0.709746 0.297607 0.708686 0.298340 0.707097 0.299072 0.707097 0.299316 0.706038 0.300293 0.706568 0.299805 0.708157 0.300293 0.707097 0.300781 0.708157 0.301270 0.707097 0.301514 0.707627 0.301514 0.705508 0.301025 0.704449 0.301514 0.702860 0.302246 0.702860 0.302979 0.704449 0.302490 0.704979 0.302490 0.706038 0.302979 0.706568 0.303223 0.709216 0.303711 0.710275 0.303467 0.710805 0.303955 0.711335 0.303711 0.712394 0.305664 0.712394 0.306641 0.713983 0.306152 0.714513 0.306885 0.716631 0.307129 0.716102 0.307129 0.713453 0.306641 0.713983 0.306396 0.711864 0.307373 0.709746 0.307617 0.710275 0.307861 0.708157 0.307373 0.708157 0.307617 0.709216 0.306641 0.710805 0.305908 0.710275 0.305908 0.708157 0.304688 0.709746 0.304199 0.706568 0.303467 0.706038 0.302734 0.703919 0.302979 0.702331 0.302246 0.701801 0.302490 0.700212 0.303467 0.699682 0.302490 0.699682 0.302002 0.702860 0.301270 0.702331 0.301270 0.700212 0.298584 0.692797 0.298828 0.694386 0.297607 0.696504 0.298340 0.699682 0.297607 0.701271 0.296387 0.701271 0.296143 0.700212 0.296631 0.699153 0.295410 0.699153 0.294922 0.700212 0.294922 0.702331 0.293945 0.703919 0.292725 0.702331
1 0.256592 0.691737 0.255859 0.692267 0.257080 0.694386 0.257324 0.695975 0.256348 0.698093 0.257324 0.697564 0.258057 0.700212 0.257568 0.700742 0.257080 0.699153 0.256348 0.700742 0.256836 0.700742 0.257568 0.702331 0.257568 0.703919 0.258301 0.702860 0.257812 0.703390 0.257568 0.701801 0.258545 0.700742 0.257812 0.698623 0.258057 0.697564 0.257568 0.697034 0.257568 0.694915 0.258057 0.693856 0.257568 0.694386
1 0.292725 0.690678 0.291992 0.690678 0.292236 0.691208 0.291748 0.691737 0.291748 0.694386 0.292236 0.695445 0.291748 0.698093 0.292969 0.695975 0.292725 0.695445 0.293213 0.694386 0.293945 0.694915 0.293701 0.692797 0.293213 0.692797
1 0.312988 0.691737 0.312500 0.692267 0.312256 0.691208 0.311279 0.691208 0.311035 0.690148 0.311035 0.691737 0.309570 0.693326 0.309082 0.695445 0.309570 0.695975 0.309570 0.698623 0.310303 0.698623 0.309814 0.699682 0.310303 0.699153 0.310059 0.697564 0.311279 0.693856 0.311768 0.694915 0.311035 0.698093 0.312256 0.698623 0.312256 0.694386
1 0.250977 0.692797 0.251953 0.694386 0.252441 0.693856 0.252197 0.692267 0.253174 0.690148 0.254395 0.692797 0.255615 0.690678 0.256348 0.690678 0.255615 0.689619 0.255127 0.691208 0.254639 0.691208 0.252930 0.689089 0.252441 0.689619 0.251953 0.692267
1 0.287842 0.685911 0.287842 0.688559 0.288330 0.689619 0.288086 0.690148 0.288574 0.689619 0.289307 0.691208 0.290283 0.689089 0.290283 0.686441 0.289551 0.687500 0.288330 0.686970
1 0.499512 0.685381 0.498535 0.686441 0.498291 0.691737 0.499268 0.693326 0.500000 0.693326 0.500977 0.691737 0.500977 0.688030 0.500244 0.685911
1 0.213379 0.685911 0.213135 0.689089 0.213867 0.690678 0.213867 0.693326 0.213379 0.695445 0.214111 0.696504 0.214355 0.695975 0.215820 0.697034 0.216309 0.698093 0.217041 0.697564 0.217041 0.693326 0.217529 0.692267 0.218018 0.694386 0.218750 0.694915 0.218994 0.698093 0.219727 0.695445 0.218994 0.694915 0.218262 0.692797 0.218506 0.690678 0.217773 0.689619 0.217529 0.686970 0.216064 0.686441 0.215576 0.685381
1 0.353027 0.684322 0.352539 0.688559 0.353027 0.689619 0.354004 0.689619 0.353516 0.691208 0.353760 0.693326 0.355225 0.691208 0.356445 0.691208 0.357178 0.692797 0.357422 0.691208 0.358398 0.690678 0.358398 0.688559 0.357178 0.689619 0.356934 0.687500 0.356201 0.687500 0.355469 0.689089 0.354248 0.688559 0.354248 0.684852 0.354736 0.683792 0.354492 0.684322 0.354248 0.683263 0.353516 0.683263
1 0.541992 0.682733 0.542236 0.683263 0.541504 0.684322 0.541260 0.686441 0.541992 0.688030 0.542480 0.691737 0.543213 0.691208 0.544189 0.692267 0.544189 0.690678 0.544678 0.689619 0.543945 0.686441
1 0.207031 0.682733 0.204590 0.686441 0.203613 0.686970 0.203125 0.688559 0.203125 0.690678 0.204590 0.693856 0.205078 0.692267 0.204102 0.691208 0.204102 0.688030 0.205566 0.684852 0.206787 0.684322
1 0.473877 0.686970 0.473389 0.682203 0.472168 0.684322 0.470459 0.683792 0.469971 0.685381 0.471436 0.688559
1 0.374756 0.687500 0.375244 0.689089 0.376709 0.688559 0.375977 0.687500 0.376221 0.686441 0.377686 0.688030 0.379883 0.684322 0.377686 0.684322 0.376953 0.683263 0.375977 0.683263 0.375488 0.682203
1 0.366699 0.679555 0.365723 0.680614 0.364990 0.682733 0.365234 0.688559 0.364258 0.689619 0.363281 0.693856 0.363281 0.694915 0.364014 0.696504 0.364746 0.696504 0.365723 0.693856 0.366699 0.692797 0.366699 0.688030 0.368164 0.685381 0.366699 0.685911 0.365967 0.684322 0.366455 0.682203 0.367432 0.682203 0.367432 0.681144
1 0.463379 0.679025 0.463867 0.679555 0.463379 0.681144 0.464111 0.682733 0.464355 0.684852 0.465088 0.684322 0.465332 0.685381 0.468018 0.685381 0.468994 0.683792 0.468994 0.682733 0.468262 0.681144 0.467773 0.681144 0.467041 0.682733 0.465332 0.683263 0.464844 0.682203 0.464600 0.679555
1 0.372314 0.680085 0.373047 0.682203 0.374756 0.680614 0.374268 0.679025 0.372803 0.679025
1 0.458740 0.678496 0.457520 0.680085 0.457520 0.681674 0.458496 0.683792 0.458740 0.685911 0.459961 0.685911 0.460205 0.686970 0.459229 0.689619 0.458740 0.689619 0.459473 0.690148 0.461182 0.684322 0.461182 0.679555 0.459961 0.680085
1 0.569336 0.677436 0.568359 0.677966 0.567627 0.680614 0.568115 0.683263 0.568848 0.683263 0.569580 0.679555
1 0.766357 0.675318 0.765869 0.676377 0.766113 0.679025 0.767334 0.679555 0.767578 0.676377 0.767334 0.675318
1 0.166992 0.673199 0.166016 0.673729 0.166260 0.674788 0.165527 0.677966 0.164551 0.677966 0.166260 0.679555 0.165771 0.681144 0.166504 0.680614 0.166748 0.681674 0.168457 0.679025 0.166748 0.681144 0.166504 0.680614 0.166992 0.678496 0.166016 0.676377 0.166016 0.675318 0.166992 0.673729 0.167969 0.673729
1 0.463867 0.672669 0.462158 0.673729 0.461182 0.673199 0.460938 0.675318 0.462646 0.678496 0.464111 0.675847
1 0.439209 0.671610 0.438477 0.673199 0.438477 0.674788 0.439209 0.674258 0.439941 0.675847 0.439941 0.677436 0.439453 0.678496 0.440430 0.678496 0.441162 0.676907 0.441406 0.673199 0.440186 0.673199
1 0.240479 0.670551 0.241211 0.672140 0.241211 0.674258 0.240723 0.674788 0.241455 0.676377 0.240967 0.678496 0.241211 0.679025 0.242188 0.677436 0.242432 0.677966 0.243408 0.674788 0.244385 0.674788 0.244629 0.675847 0.245361 0.675847 0.245605 0.674788 0.245117 0.672669 0.244141 0.672140 0.243164 0.673729 0.243164 0.675318 0.241943 0.677436 0.241455 0.676377 0.241943 0.674788 0.241211 0.675847 0.240967 0.675318 0.241455 0.673729 0.241455 0.671081
1 0.832031 0.670021 0.831543 0.669492 0.830322 0.670551 0.825928 0.670021 0.825439 0.671610 0.825439 0.674258 0.826172 0.674788 0.826660 0.673199 0.828125 0.672140 0.828613 0.673199 0.828369 0.675318 0.827881 0.675847 0.828369 0.680614 0.828613 0.678496 0.829590 0.676377 0.829346 0.674258 0.829834 0.673199 0.830811 0.673199 0.831787 0.674788 0.831787 0.673729 0.832520 0.673729
1 0.465820 0.670021 0.465820 0.671081 0.466309 0.671081 0.466309 0.674788 0.467285 0.676907 0.468018 0.676907 0.466797 0.672669 0.467041 0.669492
1 0.285889 0.674258 0.285889 0.672669 0.285156 0.672140 0.285400 0.670551 0.284912 0.667373 0.284180 0.669492 0.282715 0.669492 0.281738 0.671610 0.281738 0.672669 0.281982 0.672140 0.283936 0.674258
1 0.478271 0.668962 0.478271 0.666843 0.477539 0.665254 0.476562 0.666314 0.475586 0.665784 0.476807 0.668962
1 0.271973 0.670021 0.273193 0.668962 0.274902 0.670551 0.275879 0.667903 0.274170 0.667903 0.273926 0.666314 0.274414 0.665254 0.273438 0.665254 0.272461 0.667373
1 0.468506 0.667903 0.468750 0.670551 0.469727 0.670551 0.470947 0.672140 0.471924 0.670021 0.473145 0.670021 0.472168 0.668962 0.471680 0.670551 0.469971 0.669492 0.469727 0.667373 0.470215 0.665254 0.469727 0.664725
1 0.371094 0.664725 0.370117 0.664195 0.369385 0.665784 0.369629 0.668962 0.370361 0.668962 0.371094 0.667373
1 0.453613 0.668432 0.454346 0.667903 0.454834 0.664725 0.455322 0.665784 0.455078 0.667903 0.455566 0.668432 0.458252 0.666843 0.458008 0.664195 0.457275 0.665254 0.454834 0.663665 0.454102 0.664725 0.454346 0.665784 0.453857 0.666314
1 0.243896 0.663665 0.242432 0.664195 0.242188 0.663136 0.241455 0.663136 0.239990 0.665784 0.239014 0.665254 0.238770 0.668962 0.238281 0.670021 0.238525 0.670551 0.239258 0.668962 0.239990 0.670551 0.239746 0.671610 0.240234 0.669492 0.241211 0.669492 0.239502 0.667903 0.240967 0.664195 0.242188 0.663665 0.243164 0.665254
1 0.506104 0.661017 0.505615 0.667373 0.504639 0.667373 0.505127 0.670021 0.506104 0.670021 0.505859 0.668432 0.506592 0.666314 0.507080 0.667903 0.507080 0.671081 0.508301 0.669492 0.509033 0.671081 0.509521 0.671081 0.509033 0.668432 0.507080 0.664195 0.507080 0.661547
1 0.571777 0.660487 0.569580 0.664195 0.569336 0.665784 0.569824 0.668962 0.570557 0.667373 0.572266 0.667373 0.572754 0.664195 0.572021 0.662606
1 0.251221 0.661017 0.250732 0.662606 0.251465 0.663665 0.251465 0.665784 0.251709 0.665254 0.251953 0.666314 0.252441 0.666314 0.252930 0.664725 0.252441 0.663136 0.252686 0.660487
1 0.143555 0.661017 0.143555 0.662076 0.144287 0.663136 0.145264 0.663136 0.147217 0.665784 0.147705 0.665784 0.146973 0.665254 0.147461 0.664195 0.148193 0.665254 0.148193 0.663665 0.147461 0.664195 0.146729 0.661547 0.145752 0.662606 0.145264 0.661547 0.144287 0.662076 0.144043 0.659958
1 0.211670 0.659428 0.211182 0.660487 0.210693 0.659958 0.210205 0.662076 0.209229 0.662076 0.209473 0.664725 0.209717 0.663665 0.210693 0.663665 0.211426 0.665254 0.211426 0.668432 0.211914 0.668962 0.211914 0.664195 0.211182 0.662076 0.211914 0.660487
1 0.495605 0.657839 0.494629 0.658898 0.492920 0.657839 0.492188 0.659428 0.492188 0.662076 0.491455 0.663665 0.492676 0.663665 0.493652 0.665254 0.493652 0.666314 0.492920 0.668962 0.491211 0.666843 0.489990 0.668432 0.489990 0.669492 0.491211 0.672140 0.490234 0.672669 0.490723 0.674788 0.490234 0.676377 0.490479 0.676907 0.489990 0.677966 0.489258 0.677966 0.489014 0.677436 0.489502 0.676377 0.489014 0.675318 0.489258 0.676907 0.488770 0.677436 0.488770 0.678496 0.489258 0.679025 0.489258 0.681144 0.490234 0.681674 0.490234 0.688559 0.491943 0.690148 0.492920 0.685911 0.493652 0.686970 0.492676 0.689619 0.493896 0.688030 0.493896 0.685911 0.493408 0.686441 0.492676 0.684852 0.493164 0.683792 0.494385 0.684852 0.494873 0.683792 0.495850 0.683792 0.496582 0.682203 0.497314 0.677966 0.498047 0.677436 0.498779 0.675318 0.498535 0.671610 0.499023 0.668962 0.498535 0.664195 0.497070 0.661017 0.496582 0.661017 0.496338 0.658898
1 0.344238 0.657309 0.343750 0.657309 0.343506 0.659428 0.342529 0.657839 0.339844 0.662606 0.339600 0.666843 0.338135 0.671610 0.337158 0.672669 0.335205 0.672669 0.334961 0.673729 0.333984 0.672669 0.333496 0.674788 0.333008 0.673729 0.332764 0.674788 0.332031 0.673729 0.331543 0.674788 0.332764 0.675318 0.333496 0.677436 0.334229 0.674788 0.335693 0.673729 0.336182 0.676377 0.337158 0.675318 0.337891 0.676907 0.337646 0.677966 0.335938 0.677966 0.338135 0.677966 0.338379 0.680085 0.337891 0.681674 0.335938 0.681144 0.335449 0.682203 0.333984 0.680085 0.332764 0.688559 0.333008 0.692267 0.332275 0.694915 0.331299 0.695445 0.331299 0.697034 0.332031 0.697034 0.334473 0.691208 0.334717 0.688559 0.333984 0.686970 0.334229 0.685911 0.335449 0.687500 0.337158 0.685381 0.338623 0.688559 0.341553 0.681674 0.343994 0.678496 0.344727 0.678496 0.344971 0.676907 0.345703 0.676907 0.346191 0.678496 0.344727 0.681144 0.344727 0.682733 0.346191 0.680614 0.346436 0.678496 0.347656 0.677966 0.347168 0.676377 0.345215 0.676907 0.344482 0.674788 0.345459 0.672669 0.344238 0.673199 0.343018 0.671610 0.344238 0.670021 0.345947 0.671081 0.344727 0.665784 0.343506 0.668962 0.342773 0.667903 0.343262 0.667373 0.342529 0.665784 0.341797 0.666843 0.340820 0.666314 0.341309 0.664725 0.343018 0.664725 0.342773 0.664195 0.344482 0.660487
1 0.292480 0.656780 0.291748 0.659958 0.291992 0.661017 0.291260 0.662606 0.291748 0.662606 0.291748 0.664725 0.292480 0.665254 0.292480 0.666843 0.292969 0.665784 0.293213 0.667373 0.292725 0.668962 0.292236 0.667903 0.291504 0.667903 0.291016 0.668962 0.291748 0.670021 0.291748 0.674258 0.292969 0.675847 0.292725 0.676907 0.292969 0.672140 0.293457 0.674258 0.294678 0.674258 0.295898 0.672140 0.296143 0.673199 0.295410 0.674258 0.296631 0.674258 0.296143 0.673729 0.296631 0.672140 0.296387 0.670551 0.295166 0.673199 0.293945 0.673729 0.293701 0.673199 0.294189 0.672140 0.293213 0.671610 0.293213 0.670021 0.293701 0.668962 0.293457 0.668432 0.294189 0.667373 0.294189 0.666314 0.293701 0.666843 0.292969 0.664725 0.292236 0.664195 0.292725 0.663665 0.292725 0.662606 0.292236 0.662076 0.292725 0.661547 0.291992 0.660487 0.292480 0.658898 0.292236 0.657839 0.293213 0.657839
1 0.518799 0.656250 0.518311 0.657839 0.518311 0.660487 0.518799 0.661547 0.519775 0.661547 0.520020 0.657839 0.519531 0.656250
1 0.239502 0.656250 0.237793 0.657839 0.238770 0.661547 0.239502 0.661547 0.239990 0.658898 0.239502 0.659958 0.239014 0.659428 0.239746 0.656780
1 0.194336 0.655720 0.192871 0.658369 0.194092 0.658369 0.193848 0.659428 0.193115 0.659428 0.193359 0.661547 0.192139 0.664195 0.191650 0.664195 0.192383 0.664195 0.192627 0.663136 0.193359 0.664725 0.193359 0.669492 0.193848 0.670551 0.194336 0.670551 0.194336 0.669492 0.195068 0.670021 0.195068 0.671610 0.197021 0.668432 0.194580 0.669492 0.194092 0.667373 0.195068 0.665784 0.195312 0.664195 0.196289 0.664725 0.196045 0.664195 0.197266 0.662606 0.196045 0.664195 0.194824 0.663665 0.194824 0.665254 0.194336 0.666314 0.193359 0.665784 0.193604 0.663665 0.193115 0.663136 0.196045 0.659958 0.194580 0.660487 0.194092 0.659428 0.194336 0.657309 0.195068 0.655720
1 0.226562 0.655720 0.226318 0.657309 0.225342 0.658898 0.225586 0.660487 0.225098 0.661017 0.225098 0.662076 0.225830 0.662606 0.225830 0.661547 0.227783 0.657309 0.228027 0.657839 0.228027 0.660487 0.227539 0.661017 0.227783 0.662076 0.226318 0.663665 0.226318 0.667373 0.228027 0.668432 0.227051 0.670551 0.227539 0.673199 0.231201 0.670021 0.231445 0.670551 0.233154 0.668432 0.232422 0.667373 0.231445 0.668962 0.230469 0.667903 0.229492 0.668432 0.228760 0.667373 0.227539 0.667903 0.227295 0.663665 0.227783 0.661547 0.228760 0.659958 0.229004 0.657309 0.228271 0.656250 0.228271 0.654661 0.227295 0.654661
1 0.773682 0.653602 0.772217 0.656250 0.771973 0.659428 0.772461 0.660487 0.774414 0.659428 0.774414 0.658369 0.773682 0.657309 0.774170 0.655720
1 0.336914 0.654131 0.334961 0.653602 0.334229 0.657309 0.333496 0.657839 0.333496 0.659958 0.335449 0.660487 0.335938 0.658898 0.335938 0.655191
1 0.249268 0.653602 0.248779 0.654661 0.248779 0.658898 0.249756 0.660487 0.250732 0.660487 0.251221 0.658898 0.251709 0.658898 0.251465 0.655720 0.251221 0.658369 0.250732 0.655191
1 0.298096 0.652542 0.298096 0.654661 0.299561 0.655191 0.300293 0.656780 0.301025 0.660487 0.301758 0.661017 0.302246 0.659958 0.302002 0.658898 0.301025 0.658369 0.302002 0.655720 0.301025 0.657309 0.300537 0.656250 0.301514 0.654661 0.300537 0.655720 0.299805 0.655191 0.300049 0.652013 0.299561 0.651483 0.299072 0.653602 0.298584 0.652542 0.298340 0.653602
1 0.287354 0.651483 0.286377 0.653072 0.286133 0.655720 0.285400 0.657309 0.285645 0.659428 0.284180 0.659428 0.284180 0.660487 0.285156 0.661547 0.285156 0.663665 0.285645 0.664195 0.286621 0.663136 0.286133 0.661547 0.286865 0.660487 0.287109 0.658898 0.287354 0.660487 0.287109 0.658898 0.287842 0.656250 0.287842 0.654661 0.286865 0.652542
1 0.502686 0.650953 0.501465 0.653602 0.501953 0.655191 0.501953 0.657309 0.500732 0.658369 0.500488 0.659428 0.500977 0.659958 0.500244 0.661547 0.500488 0.663665 0.501465 0.665784 0.501221 0.667373 0.502686 0.667373 0.502197 0.665254 0.503662 0.662606 0.502197 0.659428 0.502686 0.657839 0.502441 0.655191 0.503174 0.653072
1 0.726318 0.648305 0.724854 0.648305 0.723633 0.649894 0.723877 0.650953 0.725098 0.650953 0.725586 0.653072 0.725830 0.656250 0.724609 0.658898 0.725098 0.662076 0.725586 0.662076 0.726074 0.660487 0.726807 0.660487 0.727539 0.658369 0.727051 0.652542 0.726074 0.652013 0.726562 0.650424
1 0.510254 0.648305 0.509766 0.648835 0.509766 0.649894 0.510498 0.652542 0.510498 0.654131 0.509766 0.655191 0.508789 0.655191 0.508789 0.656250 0.508301 0.656780 0.508789 0.658369 0.508545 0.659428 0.510010 0.664195 0.509766 0.665784 0.511475 0.665784 0.512207 0.668432 0.512207 0.671081 0.512939 0.671081 0.513672 0.672669 0.515381 0.668432 0.511963 0.665784 0.511475 0.664725 0.511719 0.662076 0.510498 0.660487 0.511963 0.656250 0.512451 0.656250 0.512207 0.652542 0.513428 0.649364 0.511963 0.648305 0.511475 0.650953 0.511719 0.651483 0.510986 0.652542
1 0.740723 0.650953 0.739990 0.647775 0.739502 0.647246 0.738037 0.648305 0.737793 0.647246 0.738037 0.648835 0.736816 0.649364 0.736572 0.648305 0.736816 0.649894 0.734863 0.653602 0.735352 0.654661 0.736572 0.654131 0.737061 0.653072 0.738037 0.653072 0.738770 0.654131 0.739746 0.653602
1 0.718994 0.650953 0.718994 0.652013 0.720459 0.652013 0.721680 0.650953 0.722168 0.653072 0.722656 0.652013 0.722412 0.648305 0.721680 0.646716 0.720703 0.646716 0.720459 0.648305 0.719482 0.649364
1 0.496338 0.643538 0.495850 0.644597 0.495850 0.646186 0.497803 0.647246 0.498291 0.648305 0.498291 0.649894 0.497559 0.652013 0.498047 0.658369 0.499023 0.658369 0.499512 0.659428 0.500244 0.658369 0.499512 0.656250 0.499756 0.653602 0.500244 0.653072 0.500732 0.655191 0.500977 0.652013 0.499756 0.652013 0.499512 0.650953 0.500732 0.649894 0.500732 0.648835 0.499512 0.647246 0.499512 0.644597 0.498291 0.645657 0.497559 0.643008 0.496582 0.644068
1 0.368652 0.645127 0.367188 0.643008 0.366455 0.643538 0.365967 0.645657 0.366455 0.647246 0.366943 0.647246
1 0.432129 0.640890 0.431152 0.640890 0.430664 0.642479 0.430664 0.644068 0.431152 0.645127 0.432373 0.643538 0.432617 0.642479
1 0.866211 0.640890 0.866699 0.643008 0.865967 0.645657 0.865967 0.647246 0.866699 0.650424 0.867920 0.650953 0.869629 0.648835 0.870850 0.648835 0.871338 0.644597 0.870850 0.644597 0.869873 0.642479 0.868408 0.642479 0.867188 0.640360
1 0.382568 0.638771 0.380859 0.638771 0.380859 0.639831 0.380127 0.641419 0.380371 0.641949 0.379639 0.643538 0.380127 0.645127 0.380127 0.642479 0.382080 0.640890 0.382812 0.639301
1 0.290527 0.637712 0.289062 0.640890 0.289062 0.644068 0.288086 0.646186 0.287109 0.646186 0.287109 0.647246 0.287598 0.648835 0.288086 0.648835 0.288330 0.647775 0.288818 0.648835 0.289062 0.645657 0.290039 0.647246 0.290039 0.648835 0.289551 0.649364 0.289795 0.654661 0.290527 0.653602 0.290771 0.655191 0.290039 0.657839 0.290039 0.662606 0.289307 0.663136 0.289551 0.665784 0.290283 0.665784 0.291016 0.667903 0.291016 0.665254 0.290527 0.663665 0.290771 0.662606 0.290283 0.660487 0.290771 0.656250 0.290527 0.653602 0.291504 0.649894 0.291992 0.650953 0.291748 0.647775 0.290527 0.645657 0.290527 0.644068 0.290039 0.643008 0.290527 0.641419 0.291016 0.641949 0.291016 0.643008 0.291260 0.641949 0.290771 0.641419 0.291016 0.639831
1 0.417969 0.635064 0.417969 0.637712 0.418945 0.640890 0.419922 0.638771 0.419434 0.638242 0.418701 0.635064
1 0.348389 0.634534 0.347900 0.635064 0.348633 0.637182 0.347656 0.638242 0.347412 0.637182 0.346680 0.638771 0.346680 0.641949 0.345215 0.644068 0.344727 0.648305 0.343750 0.650953 0.343262 0.654661 0.343506 0.656250 0.343994 0.654131 0.345215 0.654661 0.345947 0.651483 0.345703 0.650953 0.346191 0.649894 0.347412 0.649894 0.347656 0.650953 0.347168 0.652013 0.348877 0.646716 0.348633 0.646186 0.347656 0.648305 0.347412 0.645657 0.347900 0.644597 0.348145 0.645127 0.348145 0.643538 0.347168 0.644597 0.346680 0.643008 0.348145 0.641949 0.348389 0.640890 0.348145 0.638242 0.348877 0.636123 0.349121 0.636653
1 0.930420 0.634004 0.927246 0.634534 0.926270 0.640360 0.927002 0.640360 0.927734 0.638771 0.928711 0.640890 0.929932 0.640360 0.929932 0.638771 0.930664 0.637712
1 0.717773 0.634004 0.717773 0.638771 0.718994 0.640360 0.719482 0.639301 0.719238 0.634534
1 0.340088 0.632945 0.338379 0.634534 0.337646 0.636653 0.337402 0.639301 0.337891 0.639301 0.338623 0.641949 0.340088 0.641949 0.340576 0.640360 0.339844 0.637712 0.340088 0.636123 0.340332 0.637182 0.340576 0.636653 0.340576 0.633475
1 0.387451 0.633475 0.387451 0.636653 0.388672 0.639831 0.388184 0.643008 0.387451 0.644068 0.387695 0.646186 0.388672 0.645127 0.388672 0.643008 0.390137 0.644068 0.392822 0.642479 0.392822 0.638771 0.391846 0.637712 0.391113 0.638771 0.389404 0.638771 0.388916 0.637712 0.388916 0.632945 0.387939 0.632415
1 0.318359 0.632415 0.318115 0.633475 0.318848 0.634534 0.318604 0.637182 0.319824 0.639301 0.319824 0.640360 0.320557 0.641419 0.321045 0.640360 0.321777 0.640890 0.322021 0.641949 0.321289 0.643538 0.322266 0.645657 0.323486 0.652013 0.324219 0.653602 0.325684 0.653602 0.327393 0.657839 0.327637 0.657309 0.328125 0.658369 0.327637 0.658898 0.328369 0.658369 0.329102 0.659958 0.328857 0.661017 0.329346 0.661547 0.329346 0.663136 0.330078 0.664725 0.329834 0.665784 0.329590 0.665254 0.331055 0.666314 0.330566 0.668962 0.331543 0.670021 0.333984 0.666843 0.332275 0.666314 0.331543 0.663665 0.330811 0.665254 0.330566 0.664195 0.330078 0.664195 0.331787 0.660487 0.330322 0.657309 0.330811 0.653072 0.329590 0.650953 0.329590 0.654661 0.329102 0.654661 0.329102 0.653072 0.329346 0.655191 0.328369 0.656780 0.328125 0.654131 0.328613 0.653602 0.328613 0.652542 0.328125 0.652542 0.327881 0.653602 0.326416 0.653072 0.325928 0.649364 0.324463 0.649364 0.323730 0.647775 0.323730 0.646186 0.324707 0.643008 0.323730 0.638771 0.323242 0.638242 0.321777 0.639831 0.320801 0.639301 0.320068 0.637712 0.319824 0.635593 0.318848 0.635064 0.318848 0.634004 0.319336 0.634004 0.319824 0.632415
1 0.394531 0.631886 0.393799 0.632945 0.393555 0.632415 0.394043 0.637712 0.394287 0.636653 0.394775 0.637182 0.395508 0.635593 0.395996 0.635593 0.395020 0.634534 0.395020 0.632945
1 0.306641 0.631886 0.307129 0.634004 0.306396 0.635064 0.307861 0.639301 0.309814 0.639831 0.309570 0.639301 0.310059 0.638242 0.310059 0.635593 0.309570 0.634534 0.308350 0.635064 0.307373 0.633475 0.307617 0.632945
1 0.178955 0.630297 0.177490 0.631886 0.178711 0.634534 0.179443 0.632945 0.179443 0.630826
1 0.401367 0.629767 0.400635 0.630826 0.400146 0.632945 0.401123 0.634004 0.400391 0.635593 0.400391 0.637712 0.401611 0.634004 0.402832 0.632945 0.402588 0.631886 0.401367 0.632945 0.400879 0.631356
1 0.417236 0.628178 0.416748 0.629237 0.415039 0.629767 0.414795 0.632945 0.415771 0.634004 0.416748 0.631886 0.416748 0.630297 0.417480 0.629237
1 0.449707 0.627648 0.449951 0.628708 0.450439 0.628178 0.451416 0.629767 0.452393 0.629767 0.451416 0.632945 0.450684 0.632415 0.451660 0.634534 0.452637 0.634004 0.452637 0.635064 0.453369 0.635593 0.454102 0.634534 0.453369 0.629767 0.453613 0.627648
1 0.226562 0.627648 0.226807 0.628708 0.225586 0.630826 0.226318 0.631886 0.226074 0.634004 0.225098 0.634004 0.224365 0.637712 0.224609 0.641949 0.225098 0.642479 0.227295 0.640360 0.228516 0.645127 0.230225 0.644597 0.230957 0.646186 0.231934 0.645657 0.233398 0.640890 0.234131 0.641419 0.234863 0.640360 0.235107 0.637182 0.234375 0.637712 0.233154 0.641419 0.231689 0.638771 0.231201 0.639831 0.230713 0.639831 0.230469 0.638771 0.229736 0.639301 0.228027 0.635064 0.227295 0.635593 0.227051 0.632945 0.227539 0.631886 0.229980 0.632945 0.230225 0.629237 0.229980 0.626589 0.229248 0.626589 0.228027 0.628708 0.227051 0.628708
1 0.508545 0.630297 0.507568 0.630826 0.507324 0.628178 0.506836 0.627119 0.506348 0.628178 0.505615 0.626059 0.505127 0.626589 0.505371 0.627648 0.504395 0.630297 0.503418 0.629767 0.502441 0.634004 0.500488 0.634004 0.500000 0.635064 0.498779 0.635593 0.498047 0.637712 0.496582 0.637712 0.496094 0.640360 0.497559 0.641949 0.497314 0.639301 0.498047 0.637712 0.499756 0.638771 0.500977 0.635593 0.502441 0.635593 0.502930 0.633475 0.505127 0.631886 0.506104 0.632945 0.505859 0.633475 0.506592 0.634534 0.506348 0.635064 0.507080 0.633475 0.507812 0.634534 0.508545 0.631886
1 0.835693 0.626059 0.834717 0.625000 0.833740 0.625000 0.833252 0.626589 0.833008 0.626059 0.833008 0.630297 0.834961 0.628708
1 0.185547 0.626059 0.183594 0.624470 0.183105 0.626059 0.182861 0.625530 0.181641 0.627119 0.181641 0.629767 0.180664 0.632415 0.180908 0.634004 0.181641 0.635064 0.183105 0.635064 0.184326 0.633475 0.183838 0.631886 0.184570 0.630297 0.184570 0.629237 0.183838 0.628178 0.184814 0.627648
1 0.235107 0.622352 0.233887 0.622881 0.233154 0.624470 0.233398 0.627119 0.234131 0.628178 0.235352 0.628178 0.235840 0.626589 0.235840 0.625000
1 0.201416 0.622352 0.200195 0.627119 0.200684 0.629237 0.201172 0.629237 0.201172 0.627119 0.201904 0.626589
1 0.260254 0.621292 0.260254 0.628708 0.260742 0.629767 0.262207 0.629767 0.263184 0.627648 0.262695 0.625530
1 0.385010 0.618644 0.384766 0.624470 0.385254 0.626589 0.386719 0.628708 0.386719 0.627648 0.387451 0.626589 0.387451 0.622352 0.386963 0.621292 0.386230 0.621292 0.385986 0.619703
1 0.750488 0.618644 0.749023 0.617585 0.747070 0.622881 0.747070 0.624470 0.748779 0.625530 0.749512 0.622881 0.750244 0.622881
1 0.500000 0.618644 0.500732 0.618644 0.500977 0.619174 0.500488 0.619703 0.502197 0.621292 0.503662 0.620763 0.502686 0.618114 0.501709 0.618114 0.501221 0.617055 0.500488 0.617055
1 0.224609 0.619174 0.224121 0.618644 0.224365 0.617585 0.223389 0.617055 0.222656 0.619174 0.219238 0.621822 0.218506 0.621292 0.218018 0.622352 0.218994 0.623411 0.219482 0.622881 0.220459 0.625000 0.221436 0.625530 0.221680 0.626589 0.221191 0.627119 0.221191 0.628178 0.221680 0.628178 0.222168 0.627119 0.222412 0.624470 0.223145 0.622881 0.223877 0.623411 0.224365 0.622352
1 0.728760 0.614936 0.728027 0.614936 0.727051 0.616525 0.726074 0.616525 0.726074 0.617585 0.725342 0.619174 0.725098 0.622352 0.724365 0.623941 0.723633 0.623941 0.726074 0.625000 0.726562 0.628708 0.726318 0.629767 0.727051 0.631886 0.727783 0.631356 0.727783 0.627119 0.729492 0.620233 0.729492 0.616525
1 0.524170 0.623411 0.523438 0.623411 0.522461 0.626059 0.520508 0.627648 0.519287 0.630826 0.518555 0.630826 0.519287 0.633475 0.518311 0.636653 0.516357 0.635064 0.515869 0.636123 0.515625 0.634004 0.516113 0.634004 0.516846 0.629767 0.517334 0.628708 0.518555 0.629767 0.518311 0.628708 0.518799 0.627648 0.518311 0.627648 0.517578 0.626059 0.517578 0.624470 0.518311 0.623411 0.518311 0.622352 0.517578 0.620763 0.517578 0.619174 0.516357 0.618644 0.515869 0.622352 0.514404 0.624470 0.513672 0.621822 0.511475 0.621822 0.510498 0.620233 0.510986 0.617055 0.511230 0.618114 0.511230 0.615466 0.510742 0.614936 0.509521 0.618644 0.509521 0.621822 0.510498 0.623411 0.510010 0.627119 0.510986 0.628708 0.511719 0.631356 0.513184 0.630826 0.514404 0.629237 0.515137 0.630826 0.515137 0.631886 0.514648 0.632415 0.514648 0.635593 0.515625 0.636653 0.515137 0.638771 0.513428 0.638242 0.512939 0.637182 0.513184 0.636123 0.511963 0.635593 0.511475 0.632945 0.510986 0.633475 0.510498 0.635593 0.511475 0.638242 0.510742 0.639831 0.510742 0.645127 0.512207 0.646186 0.512939 0.644068 0.513672 0.643538 0.513672 0.642479 0.514160 0.641949 0.513672 0.641419 0.513916 0.640890 0.514893 0.641419 0.516846 0.639301 0.517334 0.637712 0.520264 0.637182 0.520752 0.636123 0.519287 0.632945 0.519287 0.631356 0.520508 0.628708 0.522949 0.627648
1 0.483398 0.617055 0.482910 0.615996 0.481934 0.615996 0.481689 0.614936 0.481201 0.614936 0.480469 0.617585 0.478760 0.616525 0.478271 0.617055 0.478271 0.619174 0.476807 0.618114 0.476562 0.618644 0.475830 0.617585 0.475342 0.618644 0.474609 0.617585 0.473877 0.618644 0.472900 0.618114 0.471680 0.619174 0.471680 0.620233 0.470947 0.621822 0.470459 0.620233 0.469971 0.620233 0.469727 0.621292 0.470459 0.622881 0.472168 0.621822 0.472168 0.622881 0.472656 0.622881 0.472656 0.624470 0.473877 0.621292 0.474609 0.622881 0.473877 0.625000 0.474365 0.626589 0.473633 0.627648 0.472656 0.625530 0.471680 0.627119 0.470459 0.624470 0.469727 0.625000 0.470459 0.627119 0.470215 0.629767 0.472412 0.634004 0.472656 0.632415 0.473877 0.630297 0.474609 0.630826 0.475098 0.629767 0.477051 0.629237 0.477051 0.628178 0.476318 0.627648 0.475830 0.629767 0.474854 0.626589 0.475098 0.623941 0.476562 0.626589 0.476318 0.624470 0.476562 0.621822 0.477051 0.620763 0.478516 0.621822 0.479980 0.619703 0.483154 0.620233 0.482910 0.619703 0.483398 0.618644
1 0.419189 0.612818 0.418701 0.612818 0.417725 0.615996 0.417725 0.619703 0.416016 0.619703 0.417480 0.621292 0.419434 0.620233 0.420166 0.618644 0.419678 0.618114
1 0.521729 0.612288 0.520508 0.612818 0.520264 0.615466 0.520752 0.616525 0.522217 0.615466
1 0.240723 0.612288 0.240723 0.616525 0.242676 0.618644 0.243408 0.618114 0.243652 0.615996 0.242188 0.614407 0.241699 0.614936 0.241211 0.613877 0.241455 0.613347
1 0.827637 0.610699 0.826904 0.611758 0.825439 0.611758 0.824463 0.614936 0.823242 0.614407 0.822998 0.615466 0.824463 0.618114 0.825928 0.618644 0.825195 0.618114 0.827881 0.612818
1 0.570557 0.610699 0.569824 0.611758 0.569580 0.613877 0.570557 0.615996 0.570801 0.618114 0.571777 0.618114 0.572021 0.617585 0.571533 0.615996 0.571533 0.611758
1 0.391846 0.608051 0.390869 0.613877 0.390869 0.616525 0.391602 0.618644 0.392090 0.617585 0.392822 0.617585 0.393311 0.618644 0.392822 0.615466 0.394043 0.612818 0.392334 0.611758 0.392090 0.609110 0.392578 0.608051
1 0.745361 0.607521 0.743896 0.611229 0.744141 0.611758 0.743652 0.612288 0.743408 0.614936 0.743652 0.617055 0.746338 0.620233 0.747070 0.619703 0.747803 0.617585 0.748047 0.614407 0.746826 0.612818 0.746826 0.610169 0.746338 0.610169
1 0.541016 0.607521 0.539551 0.611229 0.540283 0.614407 0.540039 0.615466 0.538574 0.617585 0.536133 0.618114 0.536133 0.620233 0.537109 0.621822 0.538818 0.622352 0.538818 0.626059 0.540039 0.627119 0.540283 0.625000 0.539795 0.625000 0.539062 0.623411 0.539062 0.622352 0.540039 0.620233 0.540039 0.613877 0.540527 0.612818 0.541016 0.613347 0.541016 0.614407 0.541992 0.613877 0.541260 0.612288 0.541260 0.611229 0.541992 0.610169 0.541992 0.608051
1 0.736816 0.606992 0.736084 0.606992 0.736084 0.609110 0.738037 0.612818 0.738281 0.617055 0.736572 0.618114 0.736084 0.619174 0.734131 0.615466 0.732666 0.616525 0.732422 0.615996 0.732910 0.613877 0.732178 0.612818 0.732178 0.616525 0.731201 0.618644 0.731445 0.621822 0.729980 0.627119 0.729736 0.629767 0.730225 0.630297 0.730469 0.632415 0.729004 0.632415 0.728516 0.635064 0.729004 0.635593 0.730225 0.632945 0.730957 0.634534 0.731445 0.637712 0.732422 0.638242 0.732666 0.639831 0.733887 0.641419 0.734131 0.640360 0.733643 0.638242 0.737793 0.631886 0.738525 0.632415 0.739258 0.630826 0.738770 0.628178 0.739258 0.621822 0.738525 0.619174 0.739502 0.618114 0.739990 0.619703 0.739746 0.620763 0.740234 0.619703 0.739258 0.615466 0.739746 0.614936 0.739258 0.612818 0.739746 0.610699 0.738037 0.608581 0.737305 0.609110
1 0.386475 0.606462 0.385742 0.606462 0.384033 0.610699 0.385010 0.611229 0.386475 0.608051
1 0.430664 0.606462 0.429932 0.605932 0.429199 0.608051 0.427979 0.609110 0.426758 0.612288 0.427490 0.612288 0.427979 0.610699 0.428711 0.610699
1 0.380859 0.606992 0.382080 0.609640 0.383545 0.608581 0.383057 0.606462 0.381592 0.605403
1 0.201416 0.606992 0.199463 0.609640 0.198730 0.609110 0.197754 0.610169 0.197510 0.612818 0.198242 0.612818 0.198975 0.615996 0.197998 0.616525 0.197266 0.618644 0.197998 0.619703 0.197754 0.620763 0.196289 0.620233 0.195312 0.621822 0.194092 0.617585 0.194824 0.615996 0.196045 0.617055 0.196777 0.614407 0.196045 0.612288 0.194580 0.612818 0.193848 0.610169 0.192139 0.614936 0.189209 0.617585 0.189453 0.614936 0.190918 0.613877 0.191650 0.611229 0.193359 0.608581 0.192627 0.609110 0.192383 0.607521 0.190918 0.605932 0.190674 0.607521 0.190186 0.606462 0.190430 0.605403 0.190186 0.606462 0.188965 0.606462 0.188477 0.607521 0.188965 0.610169 0.188721 0.611758 0.189941 0.613877 0.188477 0.614407 0.187744 0.617055 0.187012 0.615996 0.185059 0.617585 0.186279 0.620763 0.186035 0.622352 0.187256 0.620763 0.187744 0.622881 0.187256 0.624470 0.186279 0.624470 0.186523 0.625530 0.186035 0.626059 0.186523 0.627648 0.185791 0.629767 0.187500 0.631886 0.186768 0.635593 0.187012 0.637182 0.186279 0.637712 0.185059 0.636123 0.185059 0.637182 0.184082 0.638242 0.186279 0.642479 0.187012 0.641949 0.187744 0.638242 0.187256 0.634534 0.189941 0.627648 0.189209 0.625530 0.191162 0.622881 0.193848 0.622881 0.193359 0.624470 0.191650 0.625000 0.193848 0.624470 0.194336 0.627119 0.193848 0.632415 0.196533 0.630826 0.196777 0.628708 0.196045 0.627119 0.198486 0.626589 0.198486 0.622352 0.200195 0.619174 0.199951 0.618114 0.200928 0.615466 0.200684 0.614407 0.202393 0.613877 0.202637 0.611229 0.201660 0.610169 0.201904 0.608581
1 0.495361 0.604873 0.494873 0.605932 0.494629 0.608581 0.494873 0.611229 0.495117 0.608051 0.495605 0.606992 0.496094 0.608051 0.496826 0.608051 0.497314 0.610699 0.496826 0.611758 0.495605 0.611758 0.496582 0.612818 0.497559 0.611229 0.497070 0.607521 0.497314 0.606462 0.497559 0.606992 0.497559 0.604873 0.497314 0.605932 0.496094 0.606992 0.495361 0.605932
1 0.465088 0.604873 0.464844 0.608051 0.464111 0.606992 0.463135 0.608051 0.463623 0.608581 0.464355 0.611758 0.465088 0.611229 0.465576 0.612288 0.465576 0.613877 0.466553 0.614407 0.466553 0.611758 0.465576 0.611758 0.465088 0.610699 0.466309 0.607521 0.467529 0.607521
1 0.361816 0.602754 0.361328 0.604343 0.361572 0.607521 0.360840 0.609640 0.362305 0.609640 0.362793 0.610699 0.362793 0.612818 0.363770 0.614936 0.363770 0.613347 0.363525 0.613877 0.363037 0.611758 0.364014 0.610169 0.364258 0.610699 0.363281 0.609110 0.363525 0.606992 0.362793 0.606462 0.362549 0.604343
1 0.357422 0.601165 0.355713 0.601165 0.355225 0.602225 0.354492 0.602225 0.354004 0.603814 0.353516 0.603284 0.353516 0.605932 0.353271 0.606462 0.353027 0.604873 0.352539 0.606462 0.352295 0.609640 0.351807 0.609640 0.352051 0.613347 0.351074 0.614936 0.351074 0.622352 0.353027 0.620233 0.353027 0.618644 0.352051 0.618114 0.352295 0.617055 0.352783 0.617055 0.352783 0.614936 0.353271 0.613347 0.352783 0.612288 0.352783 0.610699 0.353516 0.609640 0.354004 0.611229 0.354736 0.609640 0.354736 0.608051 0.353760 0.608051 0.354004 0.609110 0.353027 0.610169 0.352783 0.609640 0.353271 0.608051 0.352783 0.607521 0.353760 0.605403 0.354492 0.606992 0.354980 0.605403 0.355713 0.606992 0.356201 0.605403 0.355957 0.604343 0.356445 0.603284 0.357910 0.604343 0.358398 0.602754 0.357666 0.602754
1 0.566895 0.602225 0.567627 0.604343 0.569092 0.603814 0.569580 0.602754 0.568604 0.600636 0.567627 0.600636
1 0.495850 0.600636 0.496338 0.601695 0.496826 0.601165 0.497314 0.602754 0.498291 0.601165 0.500732 0.602225 0.500244 0.601695 0.500732 0.600106 0.498291 0.600636 0.498047 0.601695 0.496582 0.600106
1 0.472900 0.599576 0.471924 0.600106 0.470703 0.605403 0.469727 0.604873 0.468994 0.602225 0.469238 0.604343 0.468506 0.605403 0.469482 0.606992 0.469482 0.608051 0.468750 0.609110 0.469971 0.610699 0.469971 0.612288 0.470947 0.611229 0.470947 0.609640 0.470215 0.608581 0.470215 0.607521 0.471191 0.605403 0.471680 0.605932 0.471680 0.606992 0.472412 0.604873 0.473633 0.604343 0.471924 0.603814 0.471680 0.604873 0.471191 0.603284 0.471924 0.601165 0.472412 0.602225 0.472900 0.601165 0.472168 0.601165
1 0.421875 0.599047 0.419922 0.603284 0.419678 0.604873 0.421387 0.605932 0.421631 0.603284 0.422119 0.602754 0.422607 0.603814 0.422607 0.605932 0.422119 0.606992 0.422363 0.608581 0.421875 0.609110 0.421631 0.606992 0.421143 0.608051 0.420166 0.608051 0.419434 0.609640 0.420166 0.612818 0.420898 0.613877 0.420898 0.615466 0.421631 0.613877 0.422363 0.617585 0.422119 0.613347 0.422607 0.612288 0.423340 0.614407 0.425049 0.613347 0.424316 0.610699 0.424805 0.608051 0.424072 0.605932 0.424072 0.603814 0.423584 0.601695 0.423340 0.602225 0.422852 0.600106
1 0.323730 0.599047 0.321777 0.601165 0.321777 0.602225 0.322510 0.602754 0.322266 0.605403 0.322998 0.604343 0.322510 0.602754 0.322754 0.602225 0.323242 0.603284 0.322998 0.602225 0.323730 0.602225
1 0.202148 0.598517 0.201416 0.600636 0.201660 0.604343 0.202148 0.606462 0.203369 0.605932 0.204102 0.607521 0.203613 0.609640 0.204102 0.610699 0.203857 0.611229 0.204346 0.612288 0.204834 0.616525 0.205322 0.617585 0.206055 0.617055 0.206299 0.618114 0.205811 0.618644 0.206543 0.618644 0.207031 0.617055 0.208496 0.617585 0.208984 0.615996 0.209473 0.615996 0.209717 0.614936 0.209229 0.613877 0.208252 0.613877 0.206543 0.611229 0.206787 0.611758 0.206299 0.612288 0.205566 0.610699 0.205566 0.608051 0.206055 0.605932 0.208008 0.605932 0.208984 0.608051 0.208496 0.609110 0.209473 0.609110 0.209473 0.607521 0.208984 0.607521 0.208496 0.605932 0.208740 0.604343 0.208008 0.602754 0.207031 0.602754 0.205811 0.605403 0.205322 0.604343 0.205811 0.602225 0.204590 0.601165 0.204346 0.599576 0.203369 0.599047 0.203369 0.597458 0.202393 0.599047
1 0.449951 0.596398 0.450195 0.597987 0.449463 0.599047 0.449463 0.603284 0.449951 0.605403 0.449463 0.606462 0.449951 0.606462 0.450195 0.607521 0.449707 0.607521 0.450684 0.608581 0.449707 0.610169 0.450195 0.610699 0.450684 0.609640 0.451416 0.610169 0.450684 0.608581 0.451660 0.606992 0.452881 0.606992 0.452393 0.606992 0.451172 0.603814 0.451172 0.602754 0.449707 0.600106 0.450439 0.598517 0.450439 0.596928
1 0.320312 0.597458 0.319092 0.595869 0.318115 0.597987 0.317871 0.600636 0.318848 0.599576 0.320068 0.599576
1 0.243164 0.600106 0.243652 0.602225 0.246094 0.605403 0.246094 0.606462 0.245361 0.607521 0.246094 0.609640 0.247070 0.608581 0.248047 0.610699 0.248291 0.609640 0.249023 0.609640 0.249023 0.606462 0.248291 0.604343 0.248535 0.601695 0.249268 0.600636 0.249023 0.599576 0.249512 0.598517 0.248535 0.595869 0.248047 0.595869 0.247314 0.597458 0.247803 0.599576 0.247070 0.601695 0.244629 0.600106
1 0.735596 0.594280 0.734863 0.596928 0.735107 0.599047 0.736084 0.597987 0.736572 0.599576 0.737305 0.599576 0.737305 0.598517 0.736572 0.596928 0.736816 0.594280
1 0.231689 0.595869 0.230957 0.594280 0.230469 0.596928 0.229248 0.599047 0.228516 0.599047 0.228027 0.597987 0.229004 0.596398 0.227783 0.597458 0.225830 0.595869 0.225830 0.596928 0.227295 0.598517 0.227783 0.600106 0.228760 0.600106 0.229736 0.602225 0.229492 0.600636 0.230225 0.600636 0.230469 0.599047 0.229736 0.600106 0.229248 0.599576 0.230713 0.596398
1 0.435303 0.593750 0.435547 0.594280 0.434570 0.596928 0.435303 0.600636 0.437012 0.600636 0.437500 0.599047 0.438721 0.599047 0.439697 0.600636 0.439453 0.602225 0.440674 0.603284 0.440430 0.606992 0.441162 0.609110 0.440918 0.610699 0.440186 0.612288 0.439453 0.611229 0.438477 0.613877 0.437988 0.613347 0.437744 0.610169 0.437012 0.612288 0.437012 0.613877 0.438232 0.613877 0.439209 0.615996 0.441162 0.611229 0.440918 0.610169 0.441406 0.609110 0.442383 0.609110 0.442627 0.607521 0.443359 0.606462 0.443848 0.601695 0.443604 0.600636 0.442383 0.600106 0.441406 0.597458 0.440186 0.599047 0.439453 0.599047 0.438232 0.595869
1 0.472412 0.592161 0.471191 0.592161 0.470459 0.593220 0.471191 0.596928 0.472412 0.593750
1 0.434570 0.592161 0.433838 0.593220 0.433350 0.595339 0.432861 0.595339 0.431396 0.597987 0.428711 0.595869 0.428223 0.596398 0.427979 0.599047 0.428955 0.599047 0.430176 0.600636 0.430664 0.600636 0.430908 0.599576 0.431396 0.600106 0.431396 0.599047 0.432373 0.597458 0.433105 0.599047 0.433350 0.598517 0.432617 0.596398 0.433350 0.595869
1 0.466309 0.594280 0.465332 0.591631 0.463867 0.592161 0.463867 0.593750 0.462402 0.594280 0.461914 0.597458 0.460938 0.599047 0.461426 0.599576 0.461914 0.597987 0.462646 0.597987 0.463867 0.593750 0.464355 0.594809
1 0.234863 0.589513 0.235596 0.594280 0.236328 0.592691 0.237305 0.596398 0.238770 0.594809 0.239990 0.597458 0.240234 0.600636 0.240967 0.596928 0.241943 0.596928 0.241943 0.595869 0.241211 0.595339 0.241699 0.593750 0.240723 0.593750 0.239258 0.591102 0.238525 0.593220 0.238037 0.593220 0.237305 0.592161 0.235840 0.592161
1 0.462891 0.588453 0.461426 0.589513 0.460449 0.588983 0.459961 0.590042 0.459961 0.592161 0.461182 0.592691 0.461670 0.591102 0.461182 0.590572 0.461426 0.589513 0.462646 0.589513
1 0.366455 0.589513 0.364014 0.590042 0.363281 0.589513 0.362793 0.587924 0.363281 0.589513 0.361816 0.591102 0.361816 0.593220 0.360840 0.594809 0.361328 0.595339 0.361328 0.597987 0.360596 0.599576 0.360840 0.601695 0.361816 0.601165 0.361816 0.597987 0.362305 0.597987 0.362793 0.596398 0.363525 0.597987 0.363770 0.597458 0.363037 0.595339 0.364746 0.592691 0.365234 0.593220 0.366211 0.590572 0.365967 0.590042
1 0.725098 0.587924 0.723877 0.586335 0.721436 0.587394 0.721680 0.588983 0.722900 0.587924 0.723145 0.588983 0.723633 0.588983 0.723877 0.587924 0.724609 0.588983
1 0.430420 0.587394 0.429199 0.585805 0.429443 0.586864 0.428711 0.588453 0.428223 0.587924 0.427490 0.588983 0.426758 0.591631 0.428467 0.590572 0.429199 0.587924 0.429688 0.588453
1 0.454102 0.586335 0.453369 0.584746 0.452637 0.585275 0.452148 0.587394 0.449463 0.593220 0.448975 0.593220 0.450195 0.593750 0.451172 0.592161 0.451904 0.592161 0.451660 0.591631 0.452637 0.590042 0.452393 0.588983
1 0.435547 0.584746 0.435791 0.585275 0.435303 0.586335 0.436768 0.590042 0.438477 0.588983 0.437256 0.587924
1 0.509277 0.599576 0.510010 0.600106 0.510742 0.597987 0.511475 0.599576 0.512451 0.599576 0.512939 0.596928 0.515381 0.596398 0.515625 0.597987 0.515137 0.599576 0.515869 0.599047 0.516602 0.602754 0.516846 0.600106 0.517578 0.599576 0.518311 0.601695 0.519043 0.601695 0.520020 0.604343 0.520996 0.604343 0.520752 0.602225 0.522461 0.597987 0.523926 0.600106 0.525146 0.600636 0.524902 0.599576 0.525635 0.597987 0.525879 0.595869 0.527832 0.591102 0.528564 0.591631 0.528564 0.589513 0.526855 0.585805 0.525146 0.585275 0.523193 0.588453 0.522461 0.587924 0.521729 0.588983 0.520264 0.588983 0.519775 0.590042 0.518555 0.590572 0.518555 0.599047 0.517822 0.600106 0.517578 0.597987 0.516602 0.595339 0.515625 0.594809 0.515625 0.591631 0.514160 0.590042 0.516357 0.587394 0.515869 0.585805 0.514404 0.584216 0.513184 0.588453 0.510986 0.587924 0.510010 0.590042 0.510010 0.594809 0.509277 0.595869
1 0.360840 0.584746 0.359863 0.583686 0.358887 0.585805 0.358887 0.587394 0.360596 0.587394
1 0.542236 0.582627 0.540527 0.585275 0.540039 0.587924 0.541504 0.590042 0.542969 0.590042 0.543701 0.587924 0.543701 0.585275 0.543213 0.585275
1 0.211914 0.582627 0.210938 0.583157 0.210938 0.585805 0.211426 0.587394 0.212402 0.585805 0.212402 0.583157
1 0.392090 0.582097 0.391357 0.584216 0.392090 0.586335 0.393066 0.586335 0.393555 0.584746
1 0.331055 0.583686 0.333008 0.585805 0.333252 0.584216 0.334473 0.583686 0.334961 0.582627 0.334229 0.583157 0.333008 0.580508 0.332031 0.580508
1 0.442627 0.577860 0.442627 0.579979 0.442139 0.580508 0.441895 0.582627 0.441406 0.582627 0.442871 0.586335 0.443848 0.586335 0.445312 0.584216 0.444580 0.584216 0.443604 0.582097
1 0.397949 0.577860 0.397705 0.578390 0.398438 0.579449 0.397949 0.580508 0.395996 0.581038 0.394531 0.583686 0.395264 0.586335 0.395264 0.588983 0.396240 0.588983 0.397217 0.587394 0.396729 0.586335 0.396973 0.584746 0.398926 0.582097 0.398193 0.581038 0.398926 0.579979
1 0.153564 0.579449 0.154541 0.579449 0.155762 0.577860 0.156250 0.578919 0.156250 0.580508 0.156738 0.581038 0.158203 0.579979 0.157959 0.578390 0.156494 0.578919 0.156250 0.577860 0.154541 0.577331
1 0.404541 0.575212 0.403809 0.577860 0.404053 0.577331 0.404297 0.578390 0.404541 0.577331 0.404785 0.578390 0.405273 0.578390 0.405762 0.577331 0.406250 0.578390 0.406250 0.579449 0.405762 0.580508 0.405518 0.579979 0.404785 0.583157 0.405762 0.583157 0.405273 0.582627 0.406250 0.581038 0.406250 0.583686 0.406738 0.581568 0.406738 0.577860 0.406250 0.576271 0.405518 0.576801 0.405273 0.575212
1 0.379150 0.575742 0.378662 0.575212 0.377930 0.576271 0.376953 0.576271 0.376465 0.577331 0.376221 0.576801 0.375732 0.577860 0.375244 0.577331 0.375000 0.578919 0.375977 0.580508 0.375732 0.581038 0.377197 0.580508 0.377197 0.579449 0.375977 0.579449 0.375732 0.578390 0.377441 0.576801 0.379150 0.576801
1 0.334473 0.575212 0.333740 0.574682 0.333008 0.575742 0.333252 0.578919 0.334473 0.578390
1 0.249023 0.577331 0.247559 0.576801 0.246582 0.574682 0.244385 0.577860 0.241699 0.577860 0.240723 0.579449 0.241211 0.580508 0.241699 0.584216 0.242920 0.583686 0.243164 0.585275 0.245605 0.586335 0.246094 0.584216 0.245605 0.583157 0.245361 0.584216 0.244385 0.583686 0.243896 0.582627 0.243896 0.581038 0.247803 0.581038
1 0.229980 0.575212 0.230225 0.576271 0.229492 0.577331 0.230225 0.577331 0.230713 0.576271 0.231445 0.576801 0.232422 0.581038 0.233154 0.579449 0.231934 0.576801 0.232422 0.575742 0.233154 0.576271 0.232666 0.575742 0.232666 0.574153 0.232178 0.574153 0.231689 0.576271 0.230469 0.576271
1 0.754639 0.573623 0.753418 0.572564 0.752686 0.573623 0.751465 0.573623 0.750732 0.575212 0.751709 0.577331 0.753174 0.577331 0.754150 0.578390 0.754639 0.576271
1 0.710205 0.572034 0.709473 0.571504 0.708008 0.573623 0.707275 0.576271 0.708496 0.576271
1 0.253662 0.572564 0.253174 0.573093 0.252197 0.570975 0.250732 0.572564 0.250732 0.580508 0.251953 0.580508 0.252930 0.578390 0.253174 0.575212 0.253906 0.576801 0.253662 0.578390 0.253906 0.578919 0.254395 0.577860
1 0.327637 0.570975 0.326904 0.570445 0.326172 0.572034 0.325439 0.572034 0.324219 0.576271 0.324707 0.577331 0.325684 0.576801 0.325928 0.577860 0.325684 0.575742 0.326172 0.574682 0.327148 0.575742 0.327148 0.573093
1 0.479736 0.569386 0.478271 0.570445 0.478027 0.571504 0.479004 0.574153 0.479492 0.573623 0.480225 0.570445
1 0.396973 0.568856 0.396729 0.571504 0.398193 0.574682 0.398926 0.573093 0.398926 0.571504 0.398193 0.568326
1 0.451660 0.566737 0.451416 0.568856 0.449707 0.572564 0.448975 0.572034 0.451172 0.578390 0.451660 0.576801 0.451172 0.577860 0.450195 0.574682 0.451904 0.573623 0.451904 0.572034 0.451172 0.573623 0.450439 0.573093
1 0.381348 0.571504 0.381348 0.573623 0.382812 0.575742 0.383301 0.573093 0.384521 0.574153 0.383789 0.576271 0.385010 0.575742 0.384766 0.574682 0.385498 0.573093 0.385986 0.575212 0.386719 0.576271 0.386475 0.577331 0.386963 0.579979 0.388672 0.579449 0.389160 0.577860 0.389160 0.575742 0.387695 0.572034 0.387451 0.569386 0.386230 0.568856 0.386475 0.566737 0.383545 0.569386 0.384277 0.570445 0.383545 0.572034 0.382568 0.570975
1 0.388428 0.565678 0.388916 0.569386 0.390137 0.572564 0.391113 0.572564 0.391846 0.571504 0.391846 0.569386 0.390625 0.568856 0.389648 0.566737 0.389893 0.565678
1 0.498535 0.562500 0.498047 0.563559 0.498047 0.566737 0.499023 0.567267 0.499756 0.565148 0.500244 0.565148 0.500244 0.564089 0.499268 0.564089
1 0.975342 0.564619 0.976807 0.565148 0.978027 0.567267 0.979980 0.568326 0.979248 0.567267 0.979492 0.566737 0.978516 0.564089 0.978760 0.563030 0.978271 0.562500 0.977783 0.563030 0.976807 0.561970 0.975830 0.563030
1 0.722900 0.563030 0.723145 0.564619 0.724365 0.565678 0.724854 0.565148 0.724854 0.563030 0.723877 0.561441
1 0.417725 0.560911 0.416504 0.566208 0.417725 0.567797 0.417725 0.569915 0.418213 0.570445 0.418457 0.573093 0.417725 0.575742 0.416504 0.575742 0.415527 0.574153 0.415283 0.574682 0.416748 0.577860 0.417236 0.581568 0.416748 0.584216 0.416992 0.583686 0.417480 0.584746 0.417969 0.587924 0.417969 0.590572 0.416992 0.592161 0.418213 0.592161 0.418457 0.593750 0.417725 0.594809 0.418945 0.595869 0.418945 0.597987 0.416992 0.601165 0.416992 0.603814 0.416504 0.604873 0.416748 0.605403 0.417725 0.604873 0.417725 0.603284 0.418457 0.603284 0.419434 0.600106 0.420898 0.598517 0.420898 0.596928 0.420166 0.595339 0.420654 0.593220 0.421387 0.594280 0.421387 0.597458 0.423584 0.593220 0.423340 0.591631 0.424316 0.590572 0.423584 0.590042 0.422607 0.592161 0.422119 0.591631 0.422119 0.590572 0.421387 0.589513 0.421631 0.584746 0.420654 0.583686 0.420654 0.580508 0.419678 0.579979 0.418457 0.575742 0.419189 0.573623 0.419434 0.575212 0.419678 0.573623 0.421143 0.572034 0.423096 0.572034 0.422119 0.572034 0.421875 0.570445 0.420898 0.572034 0.419189 0.570445 0.418457 0.567267 0.418457 0.564619 0.417725 0.563030
1 0.444092 0.558792 0.443848 0.562500 0.444824 0.558263 0.445801 0.558263 0.446289 0.559322 0.445801 0.560911 0.444824 0.561441 0.445068 0.563030 0.444336 0.564089 0.444336 0.565678 0.445068 0.567797 0.448730 0.570975 0.447998 0.567797 0.447510 0.567267 0.447754 0.566208 0.447266 0.565148 0.447021 0.565678 0.446533 0.564619 0.445801 0.566208 0.446289 0.567267 0.445801 0.568326 0.445312 0.567797 0.445068 0.561970 0.445801 0.561441 0.446777 0.563030 0.447510 0.563030 0.448242 0.564619 0.448975 0.562500 0.447510 0.563030 0.447510 0.561970 0.446289 0.560381 0.446289 0.558263
1 0.157471 0.563030 0.158936 0.565678 0.159668 0.564619 0.160645 0.565148 0.160889 0.563559 0.160156 0.562500 0.160156 0.561441 0.162354 0.561441 0.163818 0.563030 0.164307 0.565148 0.164062 0.565678 0.165283 0.567267 0.165771 0.567267 0.165527 0.566737 0.166016 0.566208 0.166260 0.562500 0.163818 0.560911 0.163330 0.558792 0.163574 0.558263 0.160645 0.558263 0.159180 0.559322
1 0.231445 0.559852 0.231689 0.561970 0.232910 0.561441 0.233398 0.560381 0.235107 0.560911 0.235840 0.561970 0.236084 0.561441 0.237305 0.563030 0.237793 0.561970 0.236816 0.562500 0.236084 0.560911 0.234863 0.560911 0.234375 0.559322 0.235352 0.557733 0.232666 0.557733
1 0.241699 0.558263 0.242676 0.560381 0.243652 0.560911 0.244385 0.559322 0.244385 0.557203 0.243164 0.556674 0.242432 0.558263
1 0.458984 0.557203 0.459229 0.558792 0.460938 0.558263 0.461670 0.561441 0.463379 0.564619 0.464844 0.564619 0.464355 0.560381 0.461426 0.557733 0.461182 0.558263 0.460449 0.556144
1 0.251221 0.556144 0.251221 0.561441 0.251953 0.563030 0.252441 0.563030 0.252686 0.561441 0.253662 0.559852 0.253906 0.557733 0.253418 0.556674
1 0.325195 0.554555 0.325195 0.558263 0.325684 0.560381 0.326416 0.560381 0.327148 0.558263 0.327148 0.556674 0.326172 0.554555
1 0.290527 0.554555 0.289795 0.558792 0.290283 0.559852 0.290283 0.561970 0.290771 0.561970 0.291504 0.564619 0.290527 0.565148 0.290283 0.566208 0.290527 0.567267 0.291504 0.567797 0.291748 0.566737 0.292725 0.566737 0.293213 0.565678 0.292236 0.564619 0.291016 0.560381 0.291016 0.558263 0.291016 0.559322 0.290527 0.559322 0.290283 0.557733 0.290771 0.556674 0.291016 0.557203 0.291016 0.555085
1 0.245117 0.554025 0.245361 0.561970 0.244629 0.565148 0.245117 0.566208 0.245361 0.565678 0.246338 0.566737 0.246826 0.562500 0.246338 0.561441 0.246094 0.558263 0.246582 0.557203 0.246582 0.555614 0.245361 0.556674
1 0.535400 0.552966 0.535156 0.555085 0.535889 0.556144 0.536621 0.559322 0.537598 0.560381 0.539062 0.559852 0.539062 0.558263 0.538330 0.556144 0.537109 0.556144 0.536621 0.552966
1 0.431641 0.551907 0.429199 0.552436 0.428711 0.556144 0.427490 0.559322 0.428223 0.558792 0.428711 0.559852 0.429199 0.558792 0.429932 0.558792 0.430420 0.557203 0.431885 0.556674 0.432373 0.554555
1 0.406494 0.555614 0.404785 0.551907 0.401855 0.552966 0.401367 0.554555 0.400391 0.552966 0.398438 0.552436 0.397705 0.555614 0.397217 0.555614 0.396484 0.553496 0.395996 0.554555 0.395996 0.556144 0.394531 0.558792 0.394531 0.560381 0.396240 0.559322 0.396240 0.556144 0.397461 0.559322 0.398438 0.559852 0.398438 0.561441 0.398926 0.562500 0.399414 0.561970 0.400391 0.564089 0.401367 0.564089 0.400635 0.557733 0.401855 0.554025 0.403564 0.554025 0.404053 0.555085 0.403809 0.556144 0.402588 0.557203 0.402344 0.559852 0.404297 0.556674 0.405273 0.558263 0.405273 0.557203
1 0.558838 0.555085 0.560303 0.556674 0.560791 0.555614 0.561768 0.555614 0.561768 0.554025 0.560059 0.551377
1 0.495361 0.551377 0.494385 0.554025 0.493652 0.554025 0.494873 0.555614 0.495361 0.560381 0.495117 0.564619 0.495605 0.564619
1 0.360352 0.551377 0.360352 0.556674 0.359863 0.559322 0.360107 0.560911 0.360840 0.561441 0.361572 0.558792 0.361572 0.557733 0.361084 0.557203 0.361572 0.554025 0.361084 0.551907
1 0.442627 0.551907 0.442139 0.550318 0.440674 0.550318 0.439209 0.553496 0.437744 0.553496 0.437500 0.555085 0.437988 0.556144 0.439209 0.555085 0.440918 0.555085 0.441650 0.552436 0.442627 0.552966
1 0.481445 0.548729 0.479736 0.552436 0.480469 0.553496 0.481445 0.553496 0.481934 0.554555 0.481934 0.556674 0.481201 0.558263 0.481201 0.559322 0.482666 0.558792 0.484131 0.560911 0.484375 0.559852 0.484619 0.560911 0.485107 0.559852 0.485352 0.556674 0.484863 0.554555 0.485107 0.553496 0.483154 0.551907
1 0.392578 0.548199 0.392334 0.553496 0.393311 0.555614 0.394287 0.552966 0.393066 0.548199
1 0.875244 0.551907 0.876221 0.552436 0.877197 0.549258 0.877686 0.549788 0.878418 0.547669 0.877930 0.547140 0.876953 0.548199 0.875244 0.546081
1 0.943115 0.545551 0.941162 0.545551 0.940186 0.550318 0.939453 0.549788 0.939941 0.548729 0.939697 0.549258 0.939453 0.548199 0.938477 0.548199 0.937500 0.549788 0.936035 0.550318 0.934570 0.546081 0.932373 0.547669 0.932129 0.549788 0.932861 0.550847 0.932129 0.552436 0.931641 0.552436 0.931641 0.554025 0.930176 0.555614 0.929688 0.557203 0.928711 0.557203 0.928223 0.558263 0.928223 0.559322 0.928955 0.560381 0.928711 0.560911 0.929199 0.560911 0.928467 0.564089 0.928711 0.565678 0.928223 0.566737 0.928223 0.568326 0.929199 0.568856 0.930664 0.565148 0.931152 0.565148 0.933838 0.557203 0.935547 0.558792 0.936523 0.556674 0.937012 0.556674 0.936279 0.555614 0.937500 0.552436 0.940186 0.552436 0.940674 0.551377 0.941406 0.551907 0.941650 0.550847 0.941895 0.552436 0.943115 0.552436 0.943115 0.548729 0.942139 0.547140
1 0.378418 0.550847 0.379883 0.551907 0.380615 0.550847 0.382324 0.551377 0.384033 0.549258 0.385010 0.550318 0.385010 0.551907 0.385742 0.551377 0.386475 0.553496 0.386230 0.557733 0.385742 0.558792 0.385986 0.559322 0.385254 0.560911 0.385254 0.562500 0.385986 0.563559 0.387695 0.561441 0.388428 0.563559 0.388916 0.563559 0.390381 0.560381 0.392822 0.560381 0.393555 0.557203 0.391113 0.557203 0.389893 0.554555 0.389648 0.558263 0.388916 0.559322 0.387451 0.558263 0.387207 0.554025 0.388184 0.550318 0.386963 0.548729 0.386475 0.549788 0.386230 0.548729 0.385986 0.549258 0.385010 0.545021 0.383545 0.545021 0.382324 0.547140 0.380127 0.547669 0.379639 0.549788 0.378906 0.549788
1 0.464844 0.546081 0.466064 0.548729 0.467529 0.548199 0.467773 0.546610 0.467285 0.544492 0.465820 0.544492
1 0.489746 0.542903 0.488770 0.544492 0.489502 0.545551 0.489746 0.550318 0.489014 0.552966 0.488281 0.551907 0.488281 0.557203 0.487549 0.557733 0.486816 0.556144 0.486816 0.562500 0.488281 0.563030 0.488281 0.567267 0.489502 0.572034 0.489258 0.575742 0.489990 0.580508 0.488770 0.584216 0.489746 0.591102 0.488770 0.593750 0.487549 0.593220 0.487061 0.591102 0.485840 0.593220 0.485107 0.590042 0.485596 0.595869 0.485107 0.601165 0.485596 0.601695 0.484131 0.603814 0.484619 0.605932 0.487305 0.601695 0.488281 0.606992 0.489014 0.604873 0.488037 0.600636 0.487061 0.601695 0.486328 0.599047 0.485840 0.599576 0.487061 0.592691 0.487305 0.597987 0.488770 0.597987 0.488770 0.601165 0.489014 0.598517 0.489502 0.601165 0.489746 0.599047 0.491943 0.601165 0.492920 0.598517 0.494873 0.599047 0.495361 0.596928 0.498779 0.597458 0.500000 0.593750 0.498779 0.593750 0.499023 0.596928 0.497803 0.596398 0.498535 0.594809 0.497314 0.593750 0.498779 0.575742 0.498535 0.574153 0.498047 0.575742 0.497314 0.573623 0.497559 0.567267 0.496826 0.569915 0.497559 0.575742 0.496582 0.575742 0.496338 0.571504 0.494629 0.574682 0.495117 0.578390 0.492676 0.596398 0.491455 0.596928 0.491455 0.581568 0.490967 0.581568 0.491455 0.574682 0.490723 0.574682 0.491455 0.572034 0.490723 0.569915 0.490234 0.571504 0.489258 0.570975 0.490479 0.567267 0.490479 0.561441 0.491455 0.561441 0.490723 0.557203 0.490967 0.554025 0.492432 0.552966 0.491211 0.550318 0.491699 0.547140
1 0.484863 0.548729 0.484619 0.546081 0.483154 0.546081 0.483398 0.542903 0.479736 0.547140 0.479980 0.548199 0.480957 0.546610 0.483154 0.546610 0.483643 0.548199 0.484619 0.547669
1 0.427246 0.542373 0.426270 0.543962 0.426514 0.546081 0.427979 0.547140 0.427246 0.548729 0.427246 0.551377 0.427734 0.551907 0.428711 0.550318 0.428467 0.549788 0.428955 0.548729 0.429199 0.549258 0.430176 0.548199 0.429199 0.546610 0.429443 0.543432
1 0.296387 0.542373 0.295654 0.543432 0.294678 0.543432 0.294434 0.544492 0.294922 0.548199 0.295410 0.548729 0.296631 0.547669 0.297363 0.545551
1 0.412109 0.540784 0.412109 0.543962 0.412842 0.543962 0.413330 0.546081 0.412109 0.548729 0.412842 0.547669 0.413574 0.549258 0.414062 0.548729 0.413574 0.548199 0.414307 0.547669 0.414795 0.545551 0.413574 0.545021 0.413330 0.542373 0.412842 0.542373
1 0.302979 0.540254 0.301514 0.541314 0.301270 0.542373 0.301758 0.543962 0.302734 0.544492 0.303711 0.543432 0.303711 0.541843
1 0.269043 0.540254 0.268555 0.541314 0.268555 0.546081 0.269531 0.545021 0.271973 0.549258 0.272461 0.552436 0.273682 0.554555 0.272705 0.551907 0.273926 0.548199 0.272705 0.548729 0.271729 0.547669 0.270996 0.545551 0.270996 0.543962 0.269287 0.542903 0.270020 0.541843 0.270020 0.540784
1 0.760986 0.541314 0.759766 0.539195 0.758301 0.540254 0.758301 0.541314 0.757568 0.542373 0.757568 0.543962 0.758057 0.545021 0.759033 0.545021 0.760986 0.542903
1 0.237305 0.539725 0.237061 0.541314 0.237793 0.542903 0.238281 0.546081 0.239502 0.547140 0.239258 0.549788 0.238281 0.551377 0.238525 0.553496 0.240234 0.553496 0.240967 0.554555 0.241211 0.553496 0.240479 0.551377 0.239746 0.552966 0.239258 0.551377 0.240479 0.548199 0.241211 0.547669 0.240967 0.545021 0.240234 0.543962 0.240723 0.541843 0.240479 0.539195 0.238525 0.541843 0.238281 0.541314 0.238037 0.542373 0.237549 0.541843
1 0.244873 0.541314 0.245605 0.541843 0.245605 0.545021 0.246582 0.545551 0.245361 0.546610 0.244629 0.544492 0.244141 0.545551 0.244141 0.547140 0.245361 0.549258 0.245605 0.551907 0.246094 0.552436 0.245850 0.553496 0.245605 0.552966 0.245850 0.553496 0.246826 0.551907 0.248047 0.551907 0.248291 0.550847 0.249023 0.551907 0.249756 0.549788 0.250000 0.551907 0.250244 0.551377 0.250732 0.552436 0.250732 0.554555 0.252686 0.553496 0.252197 0.550847 0.250977 0.551907 0.250732 0.549788 0.252441 0.547140 0.252686 0.545021 0.253418 0.545021 0.254150 0.540784 0.252686 0.542903 0.252686 0.541843 0.251953 0.540784 0.252686 0.540254 0.251465 0.540784 0.250977 0.539195 0.250244 0.538665 0.249756 0.539725 0.248047 0.537076 0.247559 0.538136 0.248291 0.542373 0.247803 0.546610 0.245850 0.544492 0.246338 0.543432 0.246582 0.543962 0.246094 0.542903 0.246338 0.541314
1 0.438477 0.539195 0.437744 0.539195 0.434814 0.536017 0.434082 0.537076 0.433594 0.540784 0.433838 0.542373 0.433594 0.542903 0.432617 0.541843 0.433350 0.543432 0.432861 0.546081 0.433594 0.546610 0.433594 0.545021 0.435547 0.543962 0.435547 0.541843 0.437012 0.542903 0.437256 0.540254 0.437744 0.539195
1 0.938232 0.536017 0.936035 0.535487 0.934814 0.537076 0.934570 0.538136 0.935791 0.538665 0.936279 0.539725 0.936279 0.540784 0.935547 0.541843 0.936035 0.543962 0.936523 0.543432 0.936523 0.542373 0.936035 0.541843 0.936279 0.540784 0.937988 0.539725 0.936768 0.539195 0.936768 0.537606
1 0.442383 0.535487 0.444092 0.538136 0.444580 0.536547 0.445068 0.537076 0.445068 0.536017 0.444580 0.536017 0.443848 0.533898
1 0.568115 0.533369 0.567383 0.533369 0.566650 0.535487 0.565918 0.535487 0.565674 0.537076 0.567627 0.537076 0.568115 0.536017
1 0.564941 0.532309 0.562988 0.534428 0.562256 0.533898 0.561768 0.535487 0.561035 0.535487 0.560547 0.536547 0.560547 0.539725 0.561035 0.540784 0.561768 0.540784 0.562012 0.542903 0.562744 0.544492 0.563965 0.544492 0.563965 0.542373 0.562500 0.539725 0.564453 0.535487 0.565430 0.535487
1 0.302246 0.532309 0.301514 0.533369 0.301514 0.535487 0.302734 0.536017 0.303223 0.535487 0.303223 0.533369
1 0.895996 0.531250 0.895020 0.531250 0.894043 0.533898 0.893066 0.534428 0.891846 0.537076 0.891113 0.537076 0.889893 0.539725 0.889893 0.541843 0.888672 0.543432 0.888428 0.546081 0.889404 0.548729 0.890869 0.548199 0.890625 0.546610 0.891357 0.543962 0.891602 0.544492 0.894287 0.542903 0.895508 0.543432 0.895996 0.541843 0.897217 0.542373 0.897705 0.540784 0.897461 0.538665 0.897949 0.537076 0.897217 0.537606 0.896484 0.536017 0.896973 0.533898
1 0.329102 0.531250 0.328369 0.530191 0.327393 0.532309 0.327148 0.531780 0.327148 0.532839 0.326172 0.533898 0.325928 0.536547 0.325439 0.535487 0.324219 0.535487 0.323975 0.536547 0.323975 0.533898 0.322998 0.533369 0.322754 0.532309 0.322510 0.533369 0.322266 0.531780 0.322266 0.533369 0.321533 0.534958 0.320312 0.534958 0.320068 0.536547 0.319336 0.537076 0.318359 0.544492 0.318848 0.545551 0.320557 0.545021 0.320801 0.546081 0.322021 0.545021 0.323242 0.547669 0.323486 0.549788 0.324463 0.550318 0.324951 0.552436 0.325195 0.550847 0.325928 0.550318 0.325928 0.548729 0.325195 0.546081 0.326660 0.545551 0.327393 0.542373 0.327637 0.543432 0.328369 0.540784 0.328369 0.549258 0.329834 0.549788 0.329590 0.548199 0.330322 0.548199 0.330322 0.545021 0.329346 0.543962 0.329346 0.541314 0.328369 0.539195 0.328369 0.535487 0.327881 0.534428 0.328369 0.532309
1 0.892334 0.530191 0.889648 0.530191 0.889648 0.529131 0.888916 0.530720 0.888428 0.530191 0.887939 0.532309 0.886230 0.532309 0.884766 0.533898 0.884766 0.535487 0.885742 0.538665 0.887207 0.539195 0.888672 0.536017 0.890137 0.534958 0.890137 0.533898 0.890869 0.533369
1 0.468750 0.529131 0.468018 0.530191 0.468018 0.533369 0.469482 0.533898 0.469971 0.531250 0.469482 0.529661
1 0.262695 0.530720 0.263672 0.533369 0.265137 0.533369 0.265381 0.530191 0.266113 0.530191 0.266113 0.537606 0.267090 0.536017 0.266113 0.533369 0.266602 0.529661 0.265625 0.529131 0.265381 0.530191 0.263672 0.529661
1 0.506104 0.532309 0.506104 0.533898 0.506592 0.534428 0.508301 0.532309 0.508789 0.533898 0.509521 0.533898 0.510010 0.532839 0.510498 0.532839 0.511475 0.534958 0.512207 0.533898 0.511963 0.531780 0.511230 0.530191 0.510742 0.530720 0.509521 0.528602 0.508301 0.529131 0.507080 0.532839
1 0.433838 0.533369 0.433350 0.530720 0.432373 0.530191 0.431641 0.528602 0.430420 0.530191 0.429932 0.529661 0.428467 0.533898 0.427246 0.533898 0.427002 0.536017 0.427734 0.537606 0.428711 0.537076 0.429443 0.535487 0.431885 0.536017 0.431641 0.534428 0.432617 0.533369 0.433350 0.536547 0.433838 0.536017
1 0.206055 0.529131 0.206787 0.529661 0.206055 0.530720 0.206055 0.536017 0.207275 0.540254 0.207031 0.540784 0.207520 0.541843 0.209473 0.542373 0.209961 0.541314 0.209961 0.539195 0.210693 0.538665 0.210449 0.536547 0.210938 0.534958 0.210693 0.536017 0.210205 0.535487 0.210449 0.534958 0.208740 0.534958 0.208496 0.534428 0.208984 0.532309 0.208496 0.530720 0.207764 0.530720 0.206543 0.528602
1 0.843506 0.528602 0.842285 0.527542 0.842529 0.528602 0.841553 0.531250 0.842041 0.531780 0.841797 0.532839 0.840576 0.532839 0.839355 0.530191 0.838379 0.532839 0.838135 0.531780 0.837646 0.532839 0.836182 0.532839 0.835449 0.534428 0.833252 0.533369 0.833252 0.535487 0.832764 0.536017 0.832764 0.537076 0.834717 0.540254 0.838867 0.539725 0.839355 0.539195 0.839355 0.537606 0.839844 0.536547 0.840576 0.536547 0.841064 0.534428 0.843262 0.530720
1 0.216553 0.527542 0.214600 0.528072 0.213867 0.529661 0.213867 0.531250 0.214355 0.532309 0.215576 0.531250
1 0.242432 0.529131 0.243408 0.533369 0.243164 0.533898 0.243896 0.535487 0.244141 0.537606 0.244629 0.538665 0.245605 0.538665 0.246094 0.537606 0.246826 0.539195 0.246338 0.534958 0.247314 0.531780 0.246094 0.529661 0.246094 0.530720 0.245605 0.531250 0.245117 0.530191 0.245117 0.528072 0.244385 0.528602 0.243896 0.527013
1 0.953369 0.526483 0.952148 0.527013 0.951904 0.528602 0.949951 0.532839 0.950195 0.534958 0.949707 0.536017 0.949707 0.539195 0.950928 0.541843 0.952148 0.541843 0.954590 0.538136 0.954590 0.535487 0.953125 0.533369 0.953613 0.531250 0.954102 0.532309 0.954346 0.529131 0.953613 0.528072
1 0.269287 0.528072 0.269287 0.529131 0.271240 0.530191 0.271973 0.531780 0.272217 0.534958 0.272949 0.532839 0.274414 0.532309 0.274414 0.531250 0.273926 0.530720 0.272705 0.531780 0.272217 0.530191 0.271729 0.530720 0.271484 0.529661 0.270996 0.529661 0.270752 0.526483
1 0.276855 0.524894 0.276367 0.528072 0.277100 0.529661 0.275879 0.531250 0.275879 0.532839 0.277344 0.533898 0.276855 0.534958 0.277100 0.537606 0.274902 0.539195 0.274170 0.537606 0.273682 0.538136 0.273438 0.546081 0.276123 0.545551 0.277100 0.546081 0.277832 0.548199 0.279297 0.549258 0.281006 0.547669 0.280762 0.545551 0.279785 0.543962 0.279785 0.541843 0.280273 0.540784 0.278320 0.540784 0.277832 0.539725 0.278076 0.536017 0.277588 0.535487 0.279053 0.532309 0.279053 0.530720 0.278320 0.529661 0.279053 0.527542 0.278320 0.525953
1 0.530762 0.524364 0.530518 0.527013 0.529541 0.529131 0.530518 0.531250 0.531494 0.531250 0.531738 0.527542
1 0.496094 0.523305 0.494629 0.524894 0.495361 0.528072 0.495850 0.527542 0.497314 0.529661 0.497314 0.532309 0.496338 0.532309 0.496338 0.534428 0.496826 0.536017 0.494873 0.542373 0.495117 0.543432 0.494873 0.542373 0.495361 0.541314 0.496582 0.541314 0.497314 0.546081 0.497314 0.550318 0.498535 0.547669 0.498535 0.539195 0.500732 0.533898 0.501221 0.534428 0.501953 0.532839 0.500488 0.532839 0.500732 0.533369 0.498291 0.539195 0.497559 0.528602 0.498047 0.527013 0.497803 0.526483 0.497559 0.528072 0.496826 0.528602 0.496826 0.524364
1 0.345215 0.523305 0.345215 0.525953 0.346191 0.527013 0.347168 0.526483 0.347656 0.524894 0.347168 0.522775
1 0.818604 0.523835 0.818604 0.525424 0.819092 0.526483 0.821533 0.525953 0.822266 0.524894 0.822266 0.523835 0.821045 0.523835 0.819824 0.521716
1 0.444580 0.523305 0.443359 0.521716 0.442871 0.524364 0.440918 0.523305 0.440186 0.525424 0.440186 0.523835 0.438965 0.523835 0.438477 0.525953 0.440186 0.527013 0.440918 0.525424 0.442139 0.525424 0.443115 0.527013 0.443848 0.527013 0.444580 0.525953
1 0.520264 0.521716 0.520996 0.526483 0.521973 0.525953 0.524170 0.529131 0.524902 0.529131 0.525391 0.527542 0.526367 0.528072 0.525635 0.533369 0.526123 0.536017 0.528320 0.535487 0.529053 0.538665 0.530273 0.538136 0.531006 0.534428 0.530273 0.532309 0.529053 0.533369 0.528564 0.532839 0.529053 0.527542 0.528076 0.528072 0.527588 0.527013 0.527588 0.525424 0.527100 0.525424 0.527100 0.527013 0.526367 0.527542 0.524902 0.524364 0.523193 0.523305 0.521973 0.524894 0.520752 0.521186
1 0.236816 0.521186 0.236328 0.521186 0.235596 0.523305 0.236084 0.524364 0.236084 0.525953 0.235596 0.527013 0.234375 0.525953 0.233643 0.528072 0.233887 0.529661 0.233154 0.531780 0.231934 0.532839 0.229980 0.531780 0.228760 0.533898 0.229980 0.535487 0.230225 0.534958 0.230469 0.536017 0.230957 0.534958 0.232178 0.534958 0.232910 0.537076 0.233398 0.537076 0.233398 0.538665 0.233887 0.538665 0.234131 0.539725 0.234375 0.538665 0.234863 0.539725 0.234131 0.542373 0.233398 0.542373 0.234131 0.544492 0.234619 0.543432 0.235352 0.543432 0.235840 0.541843 0.236084 0.542373 0.235107 0.538136 0.235596 0.537606 0.235107 0.536547 0.235840 0.534958 0.237061 0.536547 0.237305 0.533369 0.236816 0.529661 0.239258 0.529661 0.238770 0.529131 0.238770 0.528072 0.237549 0.528072 0.236328 0.524364 0.237061 0.523305
1 0.268555 0.520127 0.267334 0.520127 0.266846 0.521186 0.267090 0.521716 0.266357 0.522246 0.267334 0.523305 0.267090 0.524894 0.266602 0.523835 0.265625 0.523835 0.265137 0.524894 0.265869 0.525424 0.266357 0.527542 0.267822 0.524364 0.268555 0.524364
1 0.157715 0.520127 0.157471 0.521186 0.158691 0.523305 0.158203 0.523835 0.158447 0.527542 0.159912 0.528072 0.160400 0.530191 0.160400 0.525953 0.159180 0.524894 0.158691 0.523305 0.159424 0.521186 0.158936 0.520127
1 0.575928 0.519597 0.574951 0.520127 0.573486 0.523835 0.573730 0.525953 0.575195 0.522775 0.575928 0.522775
1 0.887207 0.519068 0.885010 0.519068 0.883789 0.521186 0.883057 0.521186 0.882812 0.523305 0.883789 0.524364 0.886963 0.523305
1 0.274170 0.518538 0.273438 0.519597 0.273682 0.520657 0.272217 0.523305 0.272705 0.525424 0.273438 0.524894 0.273682 0.522246 0.274414 0.522246
1 0.902832 0.515890 0.902100 0.517479 0.901855 0.519597 0.902344 0.520657 0.902588 0.523305 0.903564 0.523835 0.901611 0.524364 0.901367 0.522775 0.901367 0.524894 0.900391 0.525953 0.900391 0.528072 0.902100 0.527013 0.902344 0.525424 0.903564 0.525424 0.904297 0.527013 0.903320 0.528602 0.903320 0.530720 0.903809 0.530720 0.904785 0.528602 0.905762 0.528602 0.906250 0.529661 0.905762 0.531250 0.907471 0.530191 0.908691 0.527013 0.908936 0.524894 0.907959 0.520657 0.906738 0.520127 0.905762 0.521716 0.905273 0.520127 0.905273 0.518008 0.904297 0.515890
1 0.474121 0.514831 0.473145 0.518008 0.474121 0.521186 0.473633 0.522246 0.474365 0.523305 0.476074 0.523305 0.476074 0.524364 0.475342 0.525424 0.475342 0.527013 0.476318 0.528602 0.476562 0.527013 0.477539 0.525424 0.477783 0.523305 0.477051 0.521716 0.476807 0.518538
1 0.902100 0.514301 0.901123 0.512712 0.899170 0.513771 0.897461 0.513242 0.895508 0.517479 0.894531 0.516949 0.894531 0.519597 0.891846 0.518008 0.890381 0.518008 0.889648 0.520127 0.889893 0.521186 0.893066 0.520127 0.893555 0.521716 0.894287 0.521716 0.894775 0.523835 0.894043 0.524364 0.894043 0.525953 0.895020 0.523305 0.896973 0.521716 0.898193 0.521716 0.898926 0.524894 0.899902 0.525424 0.898682 0.522775 0.899414 0.519597 0.899414 0.517479 0.900391 0.515890 0.901855 0.515360
1 0.494385 0.511123 0.493408 0.511653 0.494385 0.512712 0.494385 0.514831 0.493652 0.516419 0.492676 0.513771 0.493896 0.518008 0.494141 0.516949 0.494385 0.517479 0.496094 0.515360 0.495850 0.513771 0.494873 0.513771 0.494141 0.511653
1 0.289551 0.511123 0.287598 0.512712 0.288086 0.520127 0.287598 0.523305 0.287598 0.530191 0.287109 0.533369 0.287598 0.535487 0.289062 0.535487 0.290039 0.537606 0.291260 0.538136 0.291504 0.537076 0.290771 0.537076 0.290771 0.533898 0.291260 0.532309 0.290771 0.531250 0.290527 0.528602 0.289795 0.527542 0.290039 0.525953 0.290771 0.527542 0.291016 0.525424 0.291504 0.527013 0.291504 0.523305 0.289795 0.522775 0.290039 0.519597 0.290771 0.518538 0.291260 0.515890 0.291016 0.514301
1 0.211426 0.512712 0.211670 0.515360 0.212646 0.516949 0.213379 0.516949 0.214355 0.513771 0.217041 0.516419 0.217285 0.515360 0.218018 0.515890 0.218750 0.518008 0.217773 0.518538 0.217285 0.520657 0.217529 0.519597 0.217773 0.520657 0.218506 0.520127 0.218750 0.521186 0.218994 0.519068 0.219971 0.517479 0.218750 0.517479 0.218262 0.516419 0.218262 0.514831 0.217041 0.512182 0.214844 0.513242 0.213623 0.510593 0.212646 0.510064
1 0.361084 0.506886 0.361084 0.509004 0.363037 0.513771 0.362793 0.514831 0.363281 0.513771 0.363770 0.515890 0.364990 0.517479 0.367188 0.517479 0.367188 0.516419 0.368652 0.514301 0.368408 0.512712 0.368896 0.510064 0.367188 0.506886 0.364746 0.507945 0.364746 0.510593 0.364258 0.511653 0.363037 0.511123 0.362549 0.509534 0.361816 0.509004 0.362305 0.507945 0.361572 0.506356
1 0.379395 0.505826 0.378174 0.506886 0.378174 0.509004 0.378662 0.510593 0.378418 0.513242 0.379395 0.512712 0.378662 0.511123 0.379395 0.509534
1 0.235107 0.505297 0.234863 0.509534 0.235107 0.510593 0.236328 0.510593 0.236572 0.509004 0.235840 0.507415 0.235840 0.505826
1 0.408936 0.505297 0.408936 0.506356 0.409424 0.506886 0.411377 0.506886 0.411865 0.505826 0.411377 0.503708 0.409912 0.503708
1 0.960693 0.502119 0.959961 0.503178 0.958984 0.503178 0.959473 0.507415 0.959961 0.507945 0.960449 0.505826 0.961182 0.506886 0.961426 0.505297
1 0.835693 0.502119 0.834473 0.503178 0.834473 0.507945 0.835205 0.509004 0.835693 0.509004 0.835449 0.506356 0.836182 0.503708 0.836182 0.502648
1 0.894043 0.501059 0.893799 0.501589 0.893311 0.500530 0.892822 0.501589 0.891357 0.502648 0.891846 0.503708 0.891357 0.504767 0.889404 0.504767 0.889404 0.506356 0.888184 0.507945 0.888672 0.507945 0.888916 0.509004 0.887695 0.509534 0.888428 0.510064 0.890137 0.506886 0.890625 0.506886 0.891602 0.504237 0.892578 0.504767 0.893555 0.502119 0.894043 0.502119
1 0.280273 0.500000 0.281494 0.504237 0.282959 0.504767 0.283203 0.505826 0.283447 0.505297 0.283203 0.500530 0.282715 0.499470 0.281250 0.498941 0.281006 0.500000
1 0.917480 0.499470 0.916016 0.498411 0.914795 0.500530 0.914795 0.506356 0.916016 0.505826 0.916016 0.504237 0.917480 0.502119
1 0.354980 0.498941 0.356445 0.501589 0.357910 0.500530 0.358398 0.501589 0.358154 0.502119 0.359375 0.502119 0.359863 0.499470 0.359375 0.496292 0.358643 0.497352 0.357178 0.497352 0.356934 0.496292 0.356445 0.497881 0.356934 0.497881 0.356689 0.499470 0.355713 0.498411
1 0.472656 0.493644 0.475098 0.497352 0.475830 0.497352 0.475830 0.496292 0.474365 0.493644
1 0.600830 0.493114 0.600342 0.492585 0.599121 0.493644 0.598389 0.495233 0.598633 0.496292 0.600342 0.497352
1 0.865723 0.497881 0.865479 0.496822 0.864502 0.497352 0.864014 0.496292 0.864014 0.494174 0.863281 0.492055 0.860840 0.491525 0.860352 0.493114 0.859375 0.493644 0.859131 0.495233 0.857666 0.497881 0.858154 0.498941 0.857910 0.500000 0.857666 0.499470 0.855469 0.501059 0.854492 0.504767 0.854736 0.506356 0.855957 0.504237 0.856934 0.505297 0.857666 0.505297 0.858154 0.504237 0.859131 0.505826 0.859131 0.503708 0.860107 0.501589 0.860352 0.502119 0.861328 0.499470 0.862305 0.498411 0.863037 0.498411 0.863525 0.499470
1 0.383057 0.491525 0.382080 0.494174 0.382324 0.496822 0.381836 0.496822 0.382324 0.498941 0.381836 0.500530 0.382568 0.503708 0.383301 0.504767 0.384521 0.503178 0.384521 0.501059 0.384033 0.500000 0.384521 0.496292 0.384033 0.495233 0.383789 0.492055
1 0.850098 0.490466 0.849365 0.489936 0.848877 0.491525 0.850098 0.491525 0.850342 0.492055 0.849854 0.494174 0.850342 0.493114 0.851074 0.494174 0.850586 0.496292 0.849854 0.497352 0.850342 0.498941 0.847900 0.506356 0.845215 0.505826 0.845947 0.507945 0.846680 0.508475 0.846436 0.510064 0.845703 0.510064 0.845947 0.511123 0.847168 0.510064 0.848877 0.510064 0.848877 0.508475 0.849609 0.507945 0.849609 0.506886 0.851074 0.503178 0.851562 0.497881 0.852295 0.496292 0.852051 0.493114 0.850342 0.492055
1 0.578613 0.489407 0.578125 0.489936 0.578125 0.493114 0.577393 0.494174 0.577148 0.495763 0.577393 0.496292 0.578369 0.492585 0.579834 0.492585 0.580078 0.493644 0.579346 0.495233 0.580078 0.498411 0.580811 0.498411 0.581299 0.497352 0.581787 0.498411 0.582031 0.502119 0.581299 0.502648 0.580078 0.500000 0.579346 0.500000 0.579834 0.502119 0.579834 0.506356 0.579346 0.509004 0.578369 0.510593 0.577637 0.513771 0.578125 0.515360 0.580078 0.515360 0.580566 0.516419 0.580322 0.517479 0.581055 0.518008 0.581787 0.515360 0.583008 0.513242 0.583984 0.512712 0.583252 0.510593 0.583496 0.510064 0.583008 0.506886 0.583008 0.500000 0.584717 0.499470 0.585693 0.497881 0.584473 0.494174 0.583496 0.494703 0.582520 0.493644 0.580811 0.495233 0.579834 0.492585 0.579834 0.489936
1 0.232666 0.489407 0.233887 0.490996 0.234863 0.494174 0.235596 0.494174 0.236328 0.495763 0.236084 0.494703 0.236572 0.494174 0.236084 0.493114 0.236572 0.492055 0.234863 0.490466 0.233398 0.490466 0.233154 0.489407
1 0.893066 0.488877 0.893311 0.489936 0.893066 0.491525 0.892578 0.491525 0.892578 0.494174 0.893555 0.496822 0.893066 0.497881 0.893555 0.497881 0.894287 0.494703 0.892822 0.492055 0.893555 0.490466
1 0.841309 0.488877 0.840576 0.491525 0.839844 0.491525 0.839600 0.492585 0.838623 0.493114 0.837891 0.495233 0.837891 0.497352 0.838379 0.498411 0.839355 0.498411 0.839844 0.497352 0.840088 0.498941 0.840576 0.498941 0.841553 0.496822 0.842041 0.490996
1 0.524414 0.488347 0.524414 0.493644 0.523682 0.494703 0.522461 0.494703 0.521973 0.495763 0.521729 0.499470 0.521973 0.500000 0.523193 0.498941 0.524902 0.502119 0.524902 0.503708 0.525635 0.504237 0.526855 0.507945 0.525635 0.508475 0.525391 0.511123 0.524414 0.512182 0.523438 0.510593 0.523926 0.506356 0.522949 0.506886 0.522461 0.505826 0.521240 0.505826 0.520264 0.506886 0.520508 0.508475 0.519775 0.510593 0.520264 0.511123 0.520508 0.510064 0.520752 0.511653 0.521729 0.513242 0.522461 0.510593 0.523193 0.510064 0.523438 0.512182 0.522949 0.513242 0.522949 0.515360 0.523682 0.514831 0.523926 0.515890 0.525146 0.515890 0.525635 0.514831 0.525391 0.511653 0.525879 0.510593 0.527588 0.510593 0.528564 0.509534 0.528809 0.510593 0.530273 0.510593 0.532471 0.507945 0.531738 0.507415 0.530273 0.504237 0.530518 0.502119 0.529785 0.500530 0.528564 0.500530 0.526367 0.497881 0.525391 0.493114 0.526123 0.489936 0.525391 0.488347
1 0.622070 0.487818 0.622070 0.490466 0.621582 0.490996 0.622070 0.491525 0.621826 0.492055 0.623291 0.492055 0.624023 0.494174 0.624512 0.494174 0.624268 0.492055 0.623047 0.492055 0.622559 0.490996 0.623047 0.488877 0.622803 0.487818
1 0.603271 0.487288 0.603027 0.488877 0.601562 0.492055 0.601562 0.494174 0.602539 0.493644 0.603271 0.492055 0.603271 0.489936 0.603760 0.488877
1 0.915039 0.488347 0.913086 0.486758 0.913574 0.488347 0.913086 0.490466 0.912598 0.490466 0.911865 0.487818 0.910889 0.490996 0.910400 0.489407 0.910645 0.490996 0.910156 0.490996 0.910156 0.494703 0.912354 0.495233 0.913574 0.493114 0.913818 0.490996
1 0.476807 0.488877 0.476807 0.493114 0.477783 0.493114 0.478760 0.494703 0.479980 0.494703 0.480225 0.493114 0.479492 0.493114 0.479004 0.489407 0.479248 0.488347 0.481201 0.492055 0.481201 0.494174 0.482422 0.495763 0.483398 0.495233 0.484375 0.497352 0.484375 0.499470 0.485107 0.499470 0.484619 0.498941 0.484619 0.495233 0.484375 0.496292 0.482422 0.495233 0.481689 0.493644 0.481689 0.492055 0.482178 0.490996 0.482666 0.491525 0.480957 0.490996 0.480225 0.489407 0.480225 0.488347 0.479004 0.487818 0.478760 0.486229 0.478271 0.486758 0.477783 0.489407
1 0.541260 0.486758 0.541260 0.487818 0.541992 0.489407 0.543213 0.489407 0.543701 0.487818 0.543213 0.486229 0.541748 0.485699
1 0.239258 0.485169 0.240234 0.488877 0.240234 0.490996 0.239746 0.491525 0.240723 0.493114 0.241699 0.493114 0.242432 0.492055 0.240723 0.490996 0.240479 0.489936 0.240967 0.488877 0.241943 0.490466 0.242432 0.489936 0.241699 0.487818 0.241211 0.488347
1 0.160156 0.485699 0.160156 0.486758 0.160889 0.485699 0.161865 0.486758 0.163086 0.489407 0.164307 0.487288 0.163574 0.486758 0.163330 0.485169 0.163818 0.484640 0.163086 0.482521 0.162354 0.482521
1 0.150879 0.482521 0.150146 0.482521 0.149658 0.484640 0.148438 0.485699 0.148438 0.487818 0.145996 0.487818 0.147217 0.488877 0.147461 0.489936 0.148682 0.489936 0.147949 0.494174 0.148682 0.493644 0.149414 0.496822 0.150635 0.496822 0.150879 0.495233 0.151855 0.494174 0.151123 0.492055 0.152100 0.492055 0.151611 0.490996 0.151855 0.486229 0.150879 0.485169 0.151367 0.483581
1 0.515381 0.481992 0.515625 0.483581 0.514404 0.485699 0.515625 0.485169 0.517334 0.487288 0.517578 0.486229 0.516357 0.483581 0.516357 0.481992
1 0.587891 0.481992 0.587158 0.481462 0.585205 0.482521 0.584961 0.484110 0.584229 0.485169 0.586182 0.485699
1 0.916748 0.481992 0.916016 0.480932 0.913574 0.483581 0.914551 0.485169 0.916016 0.485169 0.916504 0.484640
1 0.288818 0.479873 0.288086 0.483051 0.288574 0.485699 0.289307 0.486229 0.289062 0.490996 0.288574 0.492055 0.289551 0.494174 0.290771 0.494174 0.291504 0.492055 0.291504 0.488877 0.292236 0.486758 0.291992 0.486229 0.292480 0.483581 0.291504 0.483051 0.290527 0.479873
1 0.860352 0.478814 0.859375 0.478814 0.859863 0.481462 0.859131 0.481462 0.859375 0.481992 0.858154 0.483581 0.858643 0.483581 0.859131 0.485169 0.858154 0.486229 0.857422 0.484640 0.857422 0.483581 0.856934 0.485169 0.856445 0.485169 0.856201 0.484110 0.853271 0.489936 0.853760 0.489936 0.854004 0.491525 0.854980 0.492055 0.855469 0.490466 0.855957 0.490466 0.854980 0.489936 0.855225 0.488347 0.856934 0.488877 0.857666 0.487288 0.859131 0.486229 0.859619 0.483581 0.859863 0.484640 0.860352 0.483051
1 0.318848 0.488347 0.318115 0.488347 0.316406 0.483051 0.317139 0.480932 0.316895 0.477754 0.314697 0.482521 0.313721 0.481992 0.311523 0.478814 0.310547 0.478814 0.310059 0.480403 0.310547 0.484110 0.312500 0.484640 0.312500 0.487288 0.312012 0.488347 0.311035 0.488347 0.310059 0.485699 0.308838 0.485699 0.307373 0.483581 0.306641 0.484110 0.306885 0.485699 0.308350 0.486229 0.308594 0.488347 0.309570 0.489936 0.310547 0.489936 0.311279 0.488347 0.312256 0.490466 0.313232 0.490996 0.314697 0.488347 0.316162 0.488347 0.317139 0.487288 0.318115 0.489407 0.318604 0.489407
1 0.530029 0.476695 0.529541 0.477754 0.529541 0.479343 0.530029 0.480403 0.531006 0.480403 0.531494 0.478814 0.530518 0.476695
1 0.487793 0.477225 0.489014 0.481462 0.488281 0.479873 0.488525 0.478284 0.490479 0.480403 0.490479 0.481462 0.490967 0.481462 0.490967 0.483581 0.490234 0.483581 0.491943 0.489407 0.492920 0.498941 0.493408 0.497881 0.493896 0.498411 0.493652 0.500530 0.492676 0.500000 0.492188 0.501059 0.492676 0.501059 0.493408 0.503708 0.494629 0.505826 0.494141 0.508475 0.495117 0.509534 0.495117 0.506886 0.495850 0.504767 0.496826 0.506886 0.497559 0.506886 0.496582 0.505297 0.496826 0.504237 0.497314 0.505297 0.496826 0.503708 0.496826 0.501589 0.496338 0.500530 0.496826 0.498411 0.496582 0.495233 0.495605 0.495233 0.494629 0.493644 0.494629 0.495763 0.494141 0.496292 0.493652 0.494703 0.493652 0.492055 0.494141 0.490996 0.495117 0.492055 0.495361 0.490996 0.495117 0.491525 0.494141 0.489407 0.494385 0.487818 0.493652 0.486758 0.495117 0.483581 0.495605 0.484640 0.495605 0.489936 0.496338 0.492055 0.496094 0.488877 0.495605 0.487818 0.495605 0.479343 0.495361 0.478814 0.494629 0.480403 0.494385 0.482521 0.492676 0.479873 0.492432 0.482521 0.493164 0.484640 0.492432 0.485169 0.491455 0.482521 0.491455 0.480932 0.492188 0.479343 0.492188 0.478284 0.490723 0.476695 0.490723 0.479343 0.489990 0.480403 0.489258 0.479343 0.489014 0.477225
1 0.334961 0.476695 0.334229 0.478284 0.333984 0.480403 0.335938 0.480932 0.336914 0.478814 0.338135 0.482521 0.338623 0.487818 0.339844 0.487818 0.339844 0.484640 0.341309 0.483581 0.341309 0.481992 0.340088 0.481462 0.339600 0.479873 0.339844 0.476165 0.337891 0.476695 0.337158 0.477754
1 0.342773 0.475636 0.342529 0.477225 0.343262 0.478284 0.343018 0.484110 0.342041 0.490466 0.343750 0.490996 0.344482 0.489407 0.345215 0.491525 0.346436 0.492055 0.346924 0.487818 0.346924 0.481992 0.345947 0.481992 0.344482 0.480403 0.344238 0.480932 0.343750 0.479873 0.343994 0.477225 0.343262 0.475636
1 0.324463 0.475636 0.323975 0.477754 0.324463 0.477754 0.324463 0.481992 0.325684 0.484110 0.325439 0.484640 0.327393 0.484640 0.327637 0.486229 0.328125 0.486229 0.329590 0.489407 0.329590 0.490466 0.330078 0.489936 0.331055 0.491525 0.331055 0.490466 0.331787 0.488877 0.331543 0.487288 0.332764 0.484110 0.330566 0.484110 0.330566 0.481992 0.330078 0.480932 0.328369 0.479343 0.327393 0.479873 0.326660 0.478284 0.326660 0.476695 0.325684 0.475106
1 0.838379 0.474047 0.837891 0.476695 0.838135 0.478284 0.839111 0.479343 0.839600 0.476695 0.839111 0.475636 0.839355 0.475106
1 0.892822 0.473517 0.892334 0.473517 0.892090 0.475636 0.891113 0.476165 0.890137 0.479343 0.891113 0.479343 0.890381 0.481992 0.890625 0.484110 0.890137 0.485169 0.891846 0.485699 0.891357 0.485169 0.891846 0.484640 0.891846 0.483581 0.891357 0.481992 0.891602 0.481462 0.891357 0.481992 0.891113 0.480932 0.891846 0.479873 0.892090 0.476165
1 0.850830 0.474576 0.850342 0.473517 0.847168 0.476695 0.844727 0.477225 0.844727 0.478814 0.845703 0.479343 0.847412 0.478284 0.847656 0.479873 0.848877 0.481992 0.848877 0.483051 0.849121 0.481992 0.849609 0.482521 0.849365 0.476695 0.849854 0.475636 0.849365 0.475106 0.849854 0.474047 0.850342 0.475106
1 0.966309 0.472987 0.965088 0.471398 0.964355 0.472458 0.963379 0.472458 0.962158 0.477225 0.961914 0.481992 0.962891 0.483051 0.964600 0.482521 0.965088 0.477754 0.966309 0.474576
1 0.900635 0.471398 0.899902 0.472987 0.899902 0.475636 0.900879 0.477225 0.901367 0.472458
1 0.534180 0.471928 0.534668 0.475106 0.535400 0.475106 0.536133 0.477225 0.537354 0.476695 0.537109 0.474576 0.536133 0.473517 0.536133 0.471928 0.535645 0.470869
1 0.472412 0.469280 0.470459 0.470339 0.469482 0.474047 0.468750 0.475106 0.468750 0.476165 0.470215 0.478814 0.469971 0.475636 0.471924 0.471398 0.472412 0.472458 0.472900 0.471398
1 0.525635 0.467691 0.524902 0.467691 0.524902 0.469280 0.525879 0.470869 0.525391 0.471928 0.524170 0.471928 0.523682 0.472987 0.523682 0.475106 0.524414 0.476695 0.526367 0.473517 0.526367 0.468750
1 0.468506 0.469809 0.467285 0.469280 0.467041 0.467691 0.465820 0.468220 0.465576 0.470339 0.464600 0.471398 0.464111 0.472987 0.462646 0.473517 0.462646 0.474576 0.463135 0.475636 0.465088 0.475106 0.465820 0.476695 0.465820 0.472458 0.466553 0.470869 0.467285 0.471928
1 0.843994 0.466102 0.843018 0.466631 0.843750 0.469809 0.844727 0.470339 0.844727 0.471398 0.843750 0.473517 0.843994 0.475106 0.843262 0.475636 0.843018 0.473517 0.842773 0.474047 0.842529 0.472458 0.841797 0.471398 0.840820 0.474047 0.840820 0.475636 0.842529 0.477225 0.843506 0.476165 0.843994 0.476695 0.844238 0.475636 0.845215 0.475636 0.845703 0.474576 0.845459 0.473517 0.846680 0.471928 0.845947 0.470339 0.844971 0.470339 0.844238 0.468750 0.843750 0.468750 0.843506 0.467161
1 0.556396 0.466102 0.555908 0.468750 0.556152 0.469809 0.556396 0.469280 0.558350 0.470869 0.558350 0.468750 0.557617 0.466631 0.558105 0.466102
1 0.509766 0.465572 0.509521 0.466631 0.510010 0.469280 0.509277 0.470869 0.509033 0.470339 0.509033 0.466631 0.508057 0.468220 0.508057 0.469280 0.508789 0.471928 0.510498 0.473517 0.510010 0.471928 0.510254 0.470869 0.511963 0.468750 0.510498 0.469809 0.510498 0.466102
1 0.171143 0.465572 0.170166 0.465572 0.169678 0.466631 0.167969 0.466102 0.166992 0.468750 0.166992 0.470339 0.167480 0.471398 0.170166 0.470869 0.170898 0.468750 0.170410 0.466631
1 0.332031 0.468750 0.334229 0.471928 0.335205 0.471398 0.335938 0.472987 0.336426 0.472458 0.335938 0.471928 0.336426 0.470869 0.338379 0.471928 0.337646 0.469809 0.337158 0.470869 0.336670 0.469809 0.337158 0.468750 0.336914 0.467161 0.335938 0.470869 0.335693 0.469809 0.335205 0.470869 0.334229 0.470869 0.333496 0.469280 0.333740 0.467691 0.336182 0.467691 0.335449 0.468220 0.333984 0.466102 0.334473 0.465042 0.333496 0.464513 0.333740 0.467161 0.333496 0.467691 0.333008 0.465572 0.332764 0.466102 0.333496 0.468220 0.332764 0.469280
1 0.979492 0.463453 0.978516 0.464513 0.978516 0.466631 0.978027 0.467691 0.978027 0.468750 0.978516 0.469280 0.979248 0.468220 0.979248 0.466102 0.979980 0.465572
1 0.831543 0.468750 0.834473 0.466631 0.834473 0.464513 0.834961 0.463453 0.834717 0.462924 0.834473 0.464513 0.833740 0.464513 0.832764 0.462924 0.832031 0.462924
1 0.490967 0.461864 0.490967 0.462924 0.491211 0.462394 0.492920 0.466102 0.492432 0.468220 0.491211 0.467691 0.490967 0.468750 0.491455 0.470869 0.491699 0.469809 0.491943 0.470339 0.491455 0.474047 0.492432 0.474047 0.493164 0.475636 0.492676 0.477225 0.493652 0.474576 0.492432 0.474047 0.492920 0.471928 0.492676 0.468220 0.493652 0.466631 0.493408 0.463983 0.492920 0.465572 0.492432 0.465042 0.491943 0.462924
1 0.915527 0.461335 0.915527 0.462394 0.916992 0.462924 0.916260 0.463983 0.916260 0.466631 0.916992 0.468750 0.917236 0.467691 0.917969 0.468750 0.918945 0.468750 0.918945 0.465572 0.920654 0.466631 0.919434 0.463453 0.919189 0.463983 0.917725 0.462924 0.917480 0.461335 0.917236 0.462924 0.916016 0.460275
1 0.540039 0.460275 0.539062 0.461335 0.538818 0.464513 0.539307 0.465572 0.538086 0.465572 0.537598 0.466631 0.538086 0.466631 0.538330 0.465572 0.538574 0.469280 0.539551 0.468750 0.540283 0.470339 0.540283 0.471398 0.539795 0.472458 0.539062 0.472458 0.538818 0.473517 0.541016 0.477754 0.540527 0.479343 0.541016 0.480403 0.540527 0.483051 0.540771 0.484110 0.541260 0.484110 0.543457 0.481462 0.543701 0.477225 0.542969 0.476165 0.542236 0.477225 0.541504 0.476695 0.542480 0.474576 0.543457 0.475106 0.542969 0.473517 0.543213 0.470869 0.541504 0.467691 0.541016 0.465042 0.541504 0.464513 0.541504 0.462924 0.540771 0.461864 0.540771 0.460275
1 0.177734 0.460275 0.176758 0.461335 0.176514 0.462924 0.177246 0.466102 0.177246 0.467691 0.176514 0.469809 0.176514 0.472458 0.177002 0.472987 0.177246 0.475106 0.176758 0.475636 0.176270 0.474576 0.176514 0.474047 0.175781 0.474576 0.175781 0.476695 0.175049 0.479873 0.175293 0.480403 0.176514 0.478284 0.177979 0.478284 0.178955 0.474047 0.177979 0.472458 0.178223 0.470339 0.179688 0.468220 0.180664 0.468750 0.180664 0.467161 0.179932 0.467161 0.179443 0.466102 0.180176 0.463983 0.178955 0.463983 0.178467 0.462924 0.178467 0.461335
1 0.337158 0.459746 0.336670 0.460805 0.336914 0.463983 0.336426 0.466102 0.336914 0.464513 0.338135 0.466631 0.337891 0.468220 0.338379 0.468220 0.337891 0.467161 0.338623 0.466631 0.338623 0.464513 0.337158 0.462924 0.337646 0.462394 0.337402 0.460275 0.337891 0.459746
1 0.487061 0.459746 0.486328 0.459216 0.486328 0.462924 0.484863 0.462924 0.485352 0.465572 0.486084 0.465572 0.487305 0.462924 0.487549 0.461335
1 0.853760 0.462394 0.853271 0.459746 0.852783 0.458686 0.852051 0.458686 0.852051 0.461335 0.851562 0.462394 0.848633 0.463453 0.851318 0.463983 0.852539 0.462394 0.853271 0.463453 0.852295 0.464513
1 0.561768 0.461864 0.561035 0.458157 0.561523 0.460275 0.561279 0.461335 0.560791 0.461335 0.560547 0.460275 0.560303 0.460805 0.560059 0.459216 0.559082 0.460275 0.558105 0.458686 0.558350 0.460805 0.557129 0.460805 0.557373 0.461864 0.556396 0.463983 0.557617 0.461864 0.558105 0.462924 0.557373 0.463983 0.558350 0.463983 0.559082 0.466102 0.559326 0.465042 0.558350 0.463983 0.558594 0.461864 0.559570 0.461864 0.561035 0.463453
1 0.865479 0.458157 0.864746 0.457627 0.864258 0.458686 0.864258 0.460275 0.864014 0.460805 0.863525 0.459746 0.863037 0.461864 0.861572 0.460805 0.862061 0.459216 0.862793 0.458686 0.862305 0.458157 0.861328 0.459216 0.860352 0.458686 0.858154 0.459746 0.857666 0.460805 0.854980 0.460275 0.854492 0.461335 0.854492 0.463453 0.855957 0.463983 0.857178 0.462924 0.857422 0.463983 0.856201 0.466102 0.857178 0.465042 0.858887 0.465572 0.859131 0.463453 0.862793 0.463453 0.863770 0.460805 0.865234 0.459216
1 0.511230 0.459216 0.510010 0.459746 0.509521 0.458686 0.509766 0.457627 0.509277 0.457627 0.509277 0.458686 0.507812 0.461864 0.507568 0.459216 0.506836 0.458157 0.507568 0.460275 0.507324 0.461864 0.507812 0.462394 0.507568 0.463983 0.506836 0.463983 0.507568 0.463983 0.508057 0.465042 0.507568 0.466102 0.506836 0.466102 0.507568 0.466631 0.508301 0.465042 0.508301 0.462924 0.508789 0.462394 0.509277 0.459216 0.509766 0.459746 0.509277 0.462924 0.510010 0.464513 0.510498 0.461864 0.511230 0.461335
1 0.548584 0.455508 0.547607 0.456568 0.547363 0.459216 0.545654 0.462924 0.545898 0.463453 0.544678 0.468750 0.546387 0.471398 0.545410 0.475106 0.545654 0.477225 0.546143 0.477754 0.547607 0.477754 0.549072 0.476165 0.548828 0.474576 0.547119 0.471928 0.547119 0.470339 0.548096 0.467691 0.549805 0.467161 0.550293 0.466102 0.549805 0.465042 0.550781 0.463453 0.550537 0.459746
1 0.281250 0.455508 0.281006 0.458157 0.281738 0.460805 0.283203 0.460805 0.283936 0.459216 0.284180 0.457627 0.283447 0.454979 0.282227 0.454449
1 0.564453 0.453919 0.563232 0.453919 0.563477 0.455508 0.562744 0.456038 0.562012 0.458157 0.562500 0.459746 0.562256 0.461335 0.562988 0.459746 0.564453 0.460805 0.564453 0.459746 0.562500 0.459216 0.562744 0.457627 0.564209 0.456568 0.564941 0.454979
1 0.323975 0.453390 0.323242 0.453390 0.321777 0.456568 0.321777 0.458157 0.320312 0.458686 0.320068 0.460805 0.318604 0.460805 0.318115 0.461864 0.321289 0.461864 0.321533 0.463453 0.320312 0.466631 0.321045 0.465572 0.321533 0.466631 0.322754 0.465572 0.323486 0.459746 0.323242 0.455508 0.324219 0.455508
1 0.522949 0.452860 0.520996 0.452860 0.519775 0.456568 0.517578 0.458157 0.517822 0.460275 0.518555 0.460275 0.519043 0.461335 0.518799 0.461864 0.519287 0.465572 0.520264 0.465572 0.520752 0.468220 0.520264 0.469280 0.518799 0.467161 0.518066 0.467161 0.517334 0.471398 0.517578 0.472987 0.517090 0.473517 0.517578 0.474047 0.517090 0.474576 0.518311 0.475106 0.518311 0.473517 0.517578 0.472458 0.518311 0.471398 0.518799 0.471398 0.519043 0.472458 0.519775 0.470869 0.521484 0.472458 0.521729 0.471928 0.521973 0.463983 0.521484 0.462394 0.521484 0.460275 0.522217 0.459216 0.522705 0.457097 0.522461 0.454449
1 0.891602 0.453390 0.890137 0.452331 0.888916 0.453919 0.887939 0.453919 0.887939 0.454979 0.891113 0.457097 0.891602 0.456038
1 0.530762 0.451801 0.530762 0.454979 0.529785 0.456568 0.529785 0.458157 0.528564 0.459746 0.529785 0.462394 0.530518 0.461335 0.531006 0.461864 0.530029 0.464513 0.530273 0.468750 0.531006 0.470339 0.531738 0.470339 0.532715 0.469280 0.533203 0.466102 0.533936 0.466102 0.534424 0.468220 0.535400 0.468750 0.536133 0.465042 0.537842 0.462394 0.537842 0.460805 0.536377 0.458157 0.535156 0.459216 0.533936 0.458686 0.532471 0.460275 0.531982 0.459216 0.532471 0.458157 0.532227 0.456568 0.532959 0.454979 0.532959 0.453919 0.531494 0.451801
1 0.324951 0.454449 0.325928 0.455508 0.325684 0.456568 0.327637 0.455508 0.328125 0.457627 0.327148 0.459216 0.326172 0.458686 0.324707 0.461335 0.325439 0.464513 0.325195 0.466102 0.323975 0.467691 0.325928 0.468750 0.325439 0.467691 0.325684 0.465572 0.327881 0.465042 0.328613 0.466102 0.329102 0.464513 0.330078 0.465042 0.330078 0.466102 0.331543 0.467691 0.331055 0.466102 0.331299 0.462394 0.330078 0.463453 0.329346 0.462394 0.329346 0.461335 0.330078 0.460805 0.329346 0.460805 0.328857 0.459746 0.329102 0.457097 0.328613 0.456038 0.329834 0.456038 0.330322 0.454979 0.329102 0.455508 0.327637 0.453390 0.327637 0.451801 0.327637 0.454979 0.325928 0.453919
1 0.554199 0.450212 0.554199 0.453919 0.554932 0.454449 0.554932 0.456568 0.555664 0.457097 0.555664 0.458157 0.554932 0.459746 0.553955 0.457627 0.553955 0.459216 0.554688 0.459746 0.553711 0.461864 0.553711 0.462924 0.554199 0.463453 0.554199 0.461335 0.554688 0.460275 0.554932 0.460805 0.554688 0.460275 0.555908 0.458157 0.555908 0.455508 0.556641 0.454979 0.555664 0.454449 0.555664 0.452860 0.554688 0.452331
1 0.342041 0.450212 0.341309 0.451801 0.341797 0.453919 0.341309 0.454449 0.340576 0.458157 0.341309 0.460275 0.342529 0.460275 0.344727 0.462924 0.344238 0.465042 0.345215 0.466631 0.345703 0.469809 0.345459 0.470869 0.345215 0.470339 0.345215 0.472458 0.345459 0.471398 0.346191 0.472987 0.346191 0.476695 0.346924 0.478814 0.346680 0.480403 0.347656 0.478814 0.348633 0.478814 0.349609 0.480932 0.349365 0.481992 0.349854 0.481992 0.350586 0.479873 0.351318 0.479343 0.351562 0.480403 0.353027 0.481462 0.351562 0.483051 0.351807 0.484110 0.353760 0.484110 0.354492 0.482521 0.353516 0.480403 0.354004 0.479873 0.354492 0.480932 0.354248 0.479873 0.352295 0.480932 0.351318 0.478814 0.349609 0.479343 0.349365 0.476695 0.348633 0.477225 0.347656 0.476165 0.347412 0.474047 0.346680 0.472987 0.346680 0.471928 0.347656 0.470339 0.345947 0.470339 0.345459 0.469280 0.346191 0.468220 0.346436 0.466631 0.345703 0.460275 0.343750 0.459216 0.343262 0.456568 0.342773 0.456038 0.343018 0.455508 0.342041 0.453919 0.342041 0.452331 0.343262 0.451801 0.343262 0.450212 0.343018 0.451271 0.342285 0.451271
1 0.272949 0.451271 0.272949 0.452860 0.273682 0.452860 0.274658 0.454449 0.275635 0.453919 0.275635 0.452860 0.274414 0.450742 0.273438 0.450212
1 0.559082 0.448093 0.558838 0.450742 0.557861 0.453390 0.557373 0.456568 0.557861 0.457627 0.557617 0.456038 0.558105 0.455508 0.558350 0.457097 0.559326 0.457097 0.559570 0.458157 0.559570 0.457097 0.558105 0.454979 0.558594 0.452331 0.559570 0.453390 0.559814 0.451801 0.559570 0.450212 0.560059 0.449153
1 0.573975 0.446504 0.573975 0.447564 0.574707 0.448623 0.573975 0.449153 0.574463 0.449682 0.574463 0.451801 0.573975 0.452331 0.574463 0.452331 0.576172 0.456038 0.577393 0.456038 0.577148 0.454979 0.577881 0.454979 0.578125 0.453919 0.578613 0.454979 0.578369 0.460805 0.579834 0.462394 0.579834 0.463983 0.580566 0.463983 0.580811 0.462924 0.580078 0.462924 0.578613 0.460805 0.578857 0.457097 0.579834 0.456568 0.580322 0.458686 0.579346 0.459216 0.580811 0.461335 0.580811 0.456568 0.582031 0.454449 0.583740 0.454449 0.584229 0.457097 0.585449 0.457097 0.584229 0.454449 0.582520 0.453919 0.582031 0.452860 0.582031 0.451801 0.582764 0.451271 0.582764 0.449153 0.583496 0.448093 0.581055 0.446504 0.582764 0.447564 0.583008 0.448623 0.582520 0.449682 0.582031 0.448623 0.579834 0.449153 0.579590 0.449682 0.580078 0.451801 0.578613 0.453919 0.578369 0.452331 0.578857 0.450742 0.577881 0.449153 0.577393 0.451271 0.578125 0.452860 0.577393 0.454449 0.576416 0.453919 0.575684 0.451801 0.574707 0.450742 0.574707 0.448623 0.575195 0.448093 0.574707 0.445975 0.575195 0.445445 0.574219 0.447034
1 0.302734 0.457097 0.302734 0.458157 0.303467 0.458686 0.302246 0.460275 0.302490 0.462924 0.302979 0.462394 0.302490 0.461864 0.302979 0.460275 0.303467 0.461335 0.303467 0.459216 0.303955 0.458157 0.304443 0.459216 0.304443 0.458157 0.305176 0.458157 0.305908 0.460275 0.305664 0.460805 0.306396 0.459216 0.306885 0.460275 0.306641 0.462924 0.307129 0.462924 0.307373 0.463983 0.306152 0.463983 0.306152 0.465042 0.307129 0.466631 0.308350 0.466631 0.307129 0.465042 0.307617 0.462394 0.306885 0.459216 0.307373 0.458686 0.307861 0.459746 0.309082 0.459746 0.308105 0.459746 0.307617 0.458157 0.306641 0.457627 0.307373 0.456568 0.308105 0.457097 0.308594 0.456038 0.310791 0.457627 0.311279 0.459746 0.310547 0.460805 0.310059 0.460275 0.311035 0.461864 0.311279 0.460805 0.312256 0.460275 0.313477 0.465042 0.314941 0.466631 0.314453 0.467691 0.315430 0.467161 0.316406 0.469280 0.315918 0.471398 0.316895 0.472987 0.316650 0.474047 0.317871 0.474047 0.318848 0.475636 0.318604 0.475106 0.319092 0.473517 0.315674 0.465572 0.316162 0.465042 0.316162 0.463453 0.314453 0.459746 0.315674 0.451801 0.315186 0.452331 0.314697 0.450742 0.313965 0.450742 0.313477 0.449682 0.314453 0.449682 0.313721 0.448623 0.314209 0.444915 0.312988 0.445445 0.312988 0.449682 0.311768 0.454979 0.310791 0.454449 0.311768 0.452331 0.310791 0.453919 0.310303 0.452860 0.310791 0.451801 0.309814 0.449682 0.310059 0.448623 0.309082 0.447564 0.309082 0.451271 0.309570 0.452331 0.309570 0.454449 0.308105 0.456568 0.307617 0.455508 0.306641 0.455508 0.306152 0.456568 0.306152 0.459216 0.305420 0.458157 0.304199 0.458157 0.303711 0.456568
1 0.292725 0.444915 0.291992 0.446504 0.291748 0.450742 0.290527 0.457097 0.290527 0.463453 0.291504 0.465042 0.291260 0.466102 0.290527 0.466102 0.290527 0.467691 0.291016 0.468750 0.292480 0.465572 0.293213 0.465042 0.293701 0.461335 0.293945 0.462394 0.294189 0.460805 0.293945 0.459746 0.293701 0.460805 0.293457 0.460275 0.294189 0.455508 0.293457 0.455508 0.293213 0.456568 0.292725 0.455508 0.292480 0.456038 0.291992 0.454449 0.292236 0.453919 0.291748 0.451271 0.293213 0.446504
1 0.481201 0.443856 0.480225 0.447034 0.480469 0.448093 0.481689 0.448623 0.481934 0.444386
1 0.587158 0.443326 0.585693 0.446504 0.584717 0.446504 0.585693 0.447034 0.585938 0.448623 0.584473 0.449682 0.584229 0.449153 0.584717 0.451271 0.584473 0.452331 0.583984 0.451801 0.584229 0.452860 0.584961 0.452860 0.584717 0.451271 0.585449 0.449153 0.585938 0.449682 0.586426 0.448623 0.586914 0.450212 0.587646 0.449682 0.587891 0.447034 0.587402 0.446504 0.587891 0.448093 0.587158 0.449153 0.586670 0.447034 0.586182 0.447564 0.585693 0.446504 0.586426 0.445975 0.586426 0.444386
1 0.463623 0.442797 0.463623 0.444386 0.464600 0.445975 0.464844 0.447564 0.465820 0.447034 0.466309 0.448623 0.468018 0.450212 0.467773 0.448093 0.468262 0.447034 0.467529 0.445975 0.468018 0.443326 0.467285 0.443326 0.466797 0.442267 0.466309 0.443326 0.465332 0.443326 0.464844 0.445445
1 0.492920 0.441737 0.492432 0.441737 0.492188 0.444386 0.491211 0.446504 0.491699 0.449153 0.491455 0.451801 0.491943 0.451801 0.491699 0.448093 0.491943 0.445445 0.492432 0.444386 0.493164 0.444915 0.492676 0.448093 0.493652 0.448093 0.493896 0.445975
1 0.556885 0.440678 0.557617 0.443856 0.559570 0.444386 0.559570 0.446504 0.560547 0.445975 0.561035 0.447564 0.561035 0.444915 0.561523 0.443856 0.562744 0.446504 0.562256 0.443856 0.557861 0.443856 0.557129 0.441737 0.558105 0.440148 0.557373 0.441208
1 0.341309 0.440148 0.339844 0.440678 0.340332 0.441737 0.340332 0.447034 0.340820 0.446504 0.341064 0.447564 0.341797 0.445975 0.341797 0.444915 0.341797 0.445975 0.341309 0.445975 0.341797 0.441737
1 0.299805 0.443326 0.299805 0.446504 0.301025 0.451801 0.302979 0.449682 0.303955 0.451271 0.306152 0.450212 0.306152 0.449153 0.305664 0.448623 0.303711 0.448623 0.302734 0.449682 0.301758 0.448093 0.301758 0.447034 0.302490 0.445445 0.302246 0.444386 0.303223 0.442797 0.302979 0.439619 0.302002 0.440148
1 0.502197 0.438030 0.502441 0.441737 0.503662 0.441737 0.504150 0.440678 0.503662 0.439619 0.503662 0.437500
1 0.899658 0.438030 0.898193 0.438559 0.897949 0.436970 0.896973 0.437500 0.896240 0.439089 0.895752 0.442797 0.897217 0.442797 0.897705 0.444386 0.897461 0.445445 0.897949 0.445445 0.898682 0.443326 0.898926 0.443856 0.900391 0.442797 0.900635 0.441737
1 0.560303 0.438559 0.561035 0.440678 0.562988 0.441737 0.563477 0.440148 0.564697 0.439619 0.565186 0.441737 0.564697 0.442797 0.563965 0.442267 0.564209 0.443326 0.565186 0.442797 0.565186 0.440678 0.565674 0.439619 0.566162 0.440148 0.566650 0.439089 0.567627 0.439089 0.567139 0.438559 0.566162 0.439619 0.565674 0.438030 0.565430 0.439619 0.564941 0.438030 0.563965 0.439619 0.562500 0.439089 0.562744 0.440678 0.562256 0.441208 0.560547 0.439089 0.561523 0.435381
1 0.127686 0.435911 0.127441 0.439619 0.129150 0.442267 0.130859 0.441737 0.130371 0.440148 0.129639 0.440148 0.128906 0.438559 0.128906 0.434322 0.128662 0.435381
1 0.505859 0.443326 0.507324 0.446504 0.507812 0.445445 0.509033 0.445445 0.509766 0.447564 0.510254 0.447034 0.510254 0.444386 0.509766 0.444386 0.509033 0.442797 0.509521 0.441737 0.510254 0.442797 0.510498 0.442267 0.511230 0.444915 0.511719 0.444386 0.512939 0.439089 0.513916 0.437500 0.515137 0.438030 0.515381 0.435911 0.513672 0.434852 0.511963 0.438559 0.511475 0.437500 0.510986 0.439089 0.510254 0.438559 0.509521 0.440148 0.509277 0.437500 0.510010 0.434322 0.509277 0.432733 0.507812 0.432733 0.507080 0.434852 0.507080 0.436441 0.508301 0.438559 0.508301 0.440148 0.506104 0.441737
1 0.494629 0.433263 0.494629 0.440148 0.494141 0.440678 0.495117 0.441737 0.495361 0.440148 0.495850 0.441208 0.495605 0.442267 0.496338 0.441208 0.498047 0.441208 0.497070 0.439619 0.496826 0.440678 0.495850 0.440678 0.495117 0.438559 0.496094 0.437500 0.496582 0.438559 0.496826 0.438030 0.498291 0.439089 0.499023 0.441208 0.500488 0.442267 0.500000 0.440678 0.498047 0.438559 0.497314 0.438559 0.497070 0.436970 0.496338 0.436970 0.496338 0.433263 0.495850 0.434322 0.495117 0.432733
1 0.208496 0.434852 0.208984 0.436441 0.210205 0.436970 0.210938 0.439089 0.211914 0.438030 0.213379 0.433792 0.211914 0.432733 0.210938 0.434322 0.209961 0.432733 0.209229 0.432733
1 0.295410 0.432203 0.294434 0.432733 0.293701 0.436441 0.292969 0.436441 0.292725 0.438030 0.293213 0.441737 0.293457 0.440148 0.295654 0.441208 0.294678 0.439089 0.294678 0.435381 0.295654 0.433792
1 0.532471 0.431674 0.532471 0.433263 0.533936 0.436441 0.534424 0.436441 0.534912 0.434852 0.534424 0.432203 0.533691 0.431144
1 0.302734 0.431144 0.303223 0.432733 0.302490 0.434322 0.302979 0.436970 0.302734 0.438030 0.303223 0.438030 0.303467 0.436970 0.304443 0.436970 0.304688 0.434322 0.305664 0.435381 0.305176 0.436441 0.305420 0.438030 0.305908 0.432733 0.305176 0.432203 0.304443 0.433792 0.303955 0.433792
1 0.464600 0.431674 0.463623 0.430085 0.462646 0.431144 0.463135 0.433263 0.461670 0.434852 0.461182 0.434322 0.461670 0.435911 0.459961 0.439089 0.460449 0.439089 0.461182 0.436970 0.463379 0.436970 0.463135 0.434852
1 0.413086 0.430085 0.412354 0.430614 0.411621 0.433792 0.412598 0.435911 0.413574 0.434852 0.413574 0.432203
1 0.938721 0.429025 0.937988 0.429025 0.937500 0.430085 0.937256 0.429025 0.934814 0.433792 0.933594 0.433263 0.933105 0.431144 0.932861 0.432203 0.932617 0.431674 0.932617 0.432733 0.933594 0.433263 0.933350 0.434852 0.930176 0.435911 0.929932 0.435381 0.929688 0.437500 0.928467 0.440148 0.929199 0.440678 0.928467 0.441737 0.928467 0.443326 0.929443 0.445445 0.928955 0.448623 0.929932 0.449682 0.930420 0.448623 0.932373 0.448623 0.932861 0.447034 0.933350 0.447034 0.932861 0.444386 0.933838 0.442267 0.934326 0.442267 0.935547 0.438030 0.936279 0.436970 0.937256 0.437500 0.937256 0.433792 0.937744 0.432733 0.937988 0.433792 0.939941 0.432203 0.938721 0.430614
1 0.336914 0.429025 0.336914 0.433263 0.337891 0.434322 0.338135 0.432203 0.339111 0.431674 0.339355 0.433792 0.338867 0.434852 0.339355 0.435381 0.339844 0.438559 0.340576 0.438030 0.339844 0.434852 0.340332 0.428496 0.339844 0.427966 0.339600 0.429025 0.338135 0.429555 0.337402 0.428496
1 0.747070 0.427436 0.745361 0.427436 0.744141 0.429025 0.743652 0.432203 0.743652 0.434322 0.744141 0.435381 0.745605 0.435911 0.746338 0.433792 0.747070 0.433263 0.747070 0.431674 0.746582 0.430614
1 0.479980 0.426377 0.481445 0.429555 0.479980 0.431674 0.479980 0.433792 0.481201 0.435381 0.481934 0.434852 0.482666 0.436441 0.482666 0.438030 0.481934 0.439089 0.482910 0.440678 0.482666 0.441737 0.483398 0.444386 0.484619 0.446504 0.484619 0.445445 0.486328 0.444386 0.486816 0.445445 0.486816 0.448623 0.489990 0.449682 0.489746 0.447034 0.490234 0.445975 0.489990 0.440148 0.490479 0.435911 0.489746 0.435381 0.487793 0.439619 0.486816 0.438559 0.485840 0.435911 0.485840 0.432733 0.483398 0.432203 0.482422 0.433263 0.482422 0.430085
1 0.454102 0.429025 0.454346 0.430085 0.454834 0.429555 0.456055 0.431674 0.457520 0.431144 0.456543 0.429025 0.455566 0.429555 0.455078 0.427966 0.455811 0.426907 0.455078 0.426377
1 0.525146 0.426377 0.525635 0.429025 0.525146 0.431144 0.525635 0.434852 0.526855 0.437500 0.527588 0.436970 0.529541 0.439619 0.530273 0.439619 0.530518 0.434322 0.528076 0.430614 0.526855 0.425847
1 0.478516 0.425318 0.478271 0.425847 0.478760 0.428496 0.478516 0.429025 0.477783 0.427966 0.476807 0.430085 0.478027 0.433263 0.478760 0.429025
1 0.447754 0.423729 0.445801 0.424258 0.444824 0.425847 0.444580 0.428496 0.445312 0.430085 0.445312 0.434322 0.446045 0.435911 0.447021 0.434852 0.446777 0.433263 0.447266 0.432203 0.448486 0.433263 0.449219 0.432733 0.449707 0.430614 0.449707 0.426377
1 0.723633 0.421081 0.723389 0.423199 0.724365 0.424788 0.725098 0.424788 0.725342 0.423199 0.724854 0.421081
1 0.326416 0.420551 0.325684 0.421610 0.325439 0.423729 0.326172 0.426377 0.326904 0.426377 0.326904 0.424788 0.327637 0.423729 0.327881 0.421610
1 0.475342 0.421610 0.476074 0.420021 0.476807 0.420021 0.477539 0.422140 0.477051 0.424258 0.479004 0.423199 0.477783 0.422140 0.478271 0.420551 0.478027 0.418432 0.477539 0.418432 0.477783 0.420021 0.477295 0.420551 0.476562 0.417903 0.476807 0.418962
1 0.219238 0.420021 0.218750 0.418962 0.218994 0.420021 0.218018 0.420551 0.217529 0.419492 0.218018 0.418962 0.217285 0.417903 0.217041 0.419492 0.216309 0.418432 0.216309 0.417373 0.215088 0.417373 0.216309 0.417903 0.215088 0.421081 0.215576 0.423729 0.214355 0.426377 0.212891 0.425847 0.212646 0.427436 0.213379 0.429025 0.212891 0.430085 0.212891 0.431674 0.213867 0.431144 0.213135 0.430614 0.214355 0.429025 0.215820 0.429025 0.216553 0.431144 0.218262 0.430085 0.218506 0.427436 0.219238 0.426377 0.218506 0.421081 0.218994 0.421081 0.218750 0.420551
1 0.985107 0.415784 0.983154 0.415784 0.982666 0.416314 0.983154 0.417373 0.982666 0.418962 0.980469 0.418962 0.979492 0.420551 0.978027 0.420551 0.976318 0.423199 0.975586 0.422140 0.975586 0.420551 0.974121 0.420021 0.973389 0.422140 0.972168 0.421610 0.972168 0.423199 0.973145 0.423729 0.972656 0.424788 0.972656 0.426907 0.974121 0.426907 0.974854 0.425847 0.975586 0.426377 0.978027 0.422140 0.980225 0.422140 0.980713 0.420021 0.981689 0.421610 0.980957 0.422669 0.981445 0.423199 0.982178 0.421081 0.984863 0.418962
1 0.466309 0.415254 0.466064 0.416843 0.466797 0.418962 0.467041 0.423199 0.467773 0.422669 0.468750 0.425318 0.468994 0.428496 0.469727 0.427966 0.469727 0.432203 0.471191 0.432203 0.471191 0.440148 0.470703 0.440678 0.469971 0.438559 0.469971 0.441208 0.470459 0.440148 0.471191 0.441208 0.471191 0.443326 0.470703 0.443856 0.471680 0.446504 0.474854 0.448093 0.474121 0.449153 0.474121 0.452860 0.474609 0.452331 0.474854 0.453390 0.473633 0.454449 0.473633 0.451801 0.473389 0.453390 0.472168 0.453390 0.472168 0.455508 0.473389 0.453919 0.474121 0.458686 0.476807 0.461335 0.477295 0.460275 0.474365 0.457627 0.474854 0.455508 0.474365 0.454449 0.475830 0.453919 0.476562 0.450212 0.475342 0.450212 0.475098 0.449153 0.475586 0.448093 0.474121 0.445975 0.473145 0.445975 0.472900 0.447034 0.472412 0.445445 0.473877 0.443326 0.473145 0.441208 0.472168 0.442797 0.471436 0.440148 0.471680 0.439089 0.472168 0.440148 0.472412 0.439089 0.473633 0.439619 0.473633 0.438030 0.473389 0.438559 0.472412 0.435381 0.472412 0.433263 0.473877 0.434322 0.473389 0.432733 0.474365 0.431144 0.475342 0.432203 0.475830 0.435381 0.474854 0.437500 0.475342 0.438030 0.475098 0.439619 0.475830 0.436970 0.475586 0.432203 0.476562 0.431144 0.476074 0.430085 0.476807 0.427436 0.476562 0.426377 0.475830 0.426907 0.476074 0.429025 0.475586 0.432203 0.474609 0.430614 0.474609 0.427966 0.473389 0.427966 0.474121 0.429555 0.473145 0.431144 0.472900 0.429025 0.471924 0.428496 0.471191 0.426377 0.471191 0.423199 0.470703 0.422669 0.471436 0.420021 0.473145 0.420551 0.472900 0.418432 0.471924 0.418432 0.472900 0.417373 0.472900 0.415784 0.472412 0.415254 0.472656 0.416843 0.471924 0.417373 0.471924 0.414725 0.470947 0.416314 0.469971 0.415254 0.469238 0.416314 0.468994 0.414725 0.469727 0.414195
1 0.463623 0.413136 0.463135 0.415254 0.464111 0.416843 0.463135 0.417903 0.462891 0.417373 0.462158 0.418962 0.461670 0.417903 0.461670 0.416314 0.461182 0.416843 0.459717 0.414725 0.460449 0.416314 0.460205 0.417373 0.459473 0.417373 0.459717 0.418432 0.460449 0.417373 0.461182 0.418432 0.461182 0.420021 0.461914 0.418962 0.463135 0.420551 0.462158 0.423199 0.461426 0.422669 0.462158 0.427436 0.462891 0.427436 0.463379 0.425847 0.463867 0.426377 0.463623 0.425318 0.462646 0.425847 0.461914 0.424788 0.462891 0.422669 0.463379 0.422669 0.463135 0.421610 0.463867 0.421610 0.464355 0.419492 0.463867 0.418432 0.464600 0.417373 0.463379 0.415784 0.463867 0.414725
1 0.458496 0.413136 0.458008 0.413136 0.457764 0.416843 0.456543 0.416314 0.458252 0.421081 0.458252 0.423729 0.458740 0.423199 0.458740 0.422140 0.459229 0.422140 0.458496 0.421081 0.458984 0.420021 0.458496 0.419492 0.458740 0.418432 0.457764 0.417903 0.458252 0.415784 0.458008 0.413665
1 0.319580 0.412606 0.318848 0.413136 0.317871 0.416314 0.316650 0.415254 0.316406 0.414195 0.315674 0.414195 0.315186 0.415254 0.315918 0.417903 0.318115 0.416843 0.319092 0.420021 0.318604 0.422669 0.319336 0.424258 0.319092 0.424788 0.318604 0.423729 0.319092 0.424788 0.318848 0.426377 0.319580 0.429555 0.318359 0.432203 0.318848 0.433792 0.320312 0.431674 0.321289 0.431674 0.321533 0.430614 0.322754 0.430614 0.322510 0.429555 0.322998 0.428496 0.323975 0.428496 0.324463 0.427436 0.323975 0.426907 0.322510 0.429025 0.320801 0.427966 0.320312 0.426907 0.323242 0.426377 0.323242 0.424788 0.322754 0.423729 0.322998 0.423199 0.321533 0.422669 0.321289 0.418432 0.321777 0.415254 0.321045 0.413665
1 0.998047 0.412606 0.997803 0.413665 0.998291 0.414195 0.998291 0.415254 0.999756 0.416314 0.999756 0.412606
1 0.965576 0.434322 0.964844 0.432733 0.964844 0.428496 0.964600 0.429025 0.962646 0.424258 0.962646 0.421610 0.961670 0.419492 0.961670 0.415254 0.960938 0.415254 0.960693 0.417373 0.958740 0.413136 0.958252 0.411017 0.957031 0.412076 0.956299 0.414725 0.956055 0.414195 0.955322 0.415784 0.954102 0.415784 0.954102 0.416843 0.953369 0.418432 0.952393 0.418432 0.952637 0.419492 0.950928 0.421610 0.950684 0.422669 0.951416 0.423729 0.951660 0.425847 0.952881 0.426907 0.952637 0.429025 0.950439 0.427436 0.949463 0.428496 0.948975 0.426377 0.948486 0.426377 0.947998 0.424258 0.947266 0.423729 0.945312 0.423729 0.945312 0.425318 0.944336 0.425847 0.945312 0.428496 0.944092 0.430614 0.944336 0.433263 0.945312 0.433263 0.945557 0.432203 0.946045 0.432203 0.946533 0.433792 0.946533 0.431674 0.948242 0.431674 0.948242 0.433263 0.947754 0.433263 0.948730 0.435381 0.950195 0.434322 0.951904 0.435381 0.954834 0.433263 0.956055 0.433263 0.956055 0.435381 0.955322 0.436970 0.954834 0.436970 0.954590 0.440148 0.959717 0.441208 0.961670 0.438559 0.963623 0.437500 0.964111 0.438030 0.965088 0.436441 0.964111 0.434852
1 0.337158 0.409958 0.337158 0.412076 0.337891 0.413136 0.337891 0.414725 0.336914 0.417373 0.336914 0.420551 0.337891 0.421610 0.338135 0.422669 0.337402 0.422669 0.337891 0.424258 0.338867 0.423729 0.339111 0.424788 0.339600 0.424788 0.339111 0.422669 0.339355 0.421610 0.339111 0.422669 0.338379 0.421610 0.338623 0.421081 0.338135 0.420021 0.338135 0.416314 0.337646 0.415254 0.338623 0.414195 0.338135 0.413665 0.338135 0.411547 0.337646 0.409958
1 0.919678 0.408898 0.919434 0.414725 0.920654 0.414725 0.921387 0.411547
1 0.152100 0.409428 0.151855 0.411017 0.152588 0.412606 0.154785 0.412606 0.154785 0.411017 0.154297 0.411017 0.153564 0.408898
1 0.968018 0.411547 0.967285 0.410487 0.967529 0.409958 0.967041 0.408898 0.966553 0.409428 0.965576 0.408369 0.964844 0.406250 0.965088 0.405720 0.964111 0.406780 0.961914 0.406250 0.959961 0.408369 0.959717 0.409958 0.960693 0.410487 0.960693 0.408369 0.961670 0.407839 0.961914 0.408369 0.961182 0.408898 0.962158 0.408369 0.962891 0.410487 0.963623 0.409428 0.963867 0.410487 0.965088 0.410487 0.965332 0.411547 0.964844 0.412606 0.967285 0.411017 0.967773 0.412606
1 0.533203 0.404131 0.531738 0.403072 0.530273 0.403602 0.530273 0.407839 0.529541 0.408898 0.528564 0.408369 0.528320 0.409958 0.528809 0.411017 0.530273 0.411547 0.529785 0.417373 0.530518 0.417373 0.530762 0.415784 0.531250 0.417373 0.532715 0.414195 0.533203 0.408369 0.533936 0.407309
1 0.244141 0.403072 0.243164 0.405720 0.243652 0.407839 0.245117 0.406250 0.245117 0.404661
1 0.517334 0.403602 0.515869 0.402542 0.515137 0.404661 0.514160 0.403602 0.513916 0.405191 0.515625 0.405720 0.516113 0.404661 0.517090 0.405720
1 0.323242 0.403602 0.322510 0.402542 0.322510 0.404131 0.321045 0.404131 0.320801 0.403072 0.321045 0.404661 0.320557 0.406780 0.319336 0.404661 0.317871 0.404661 0.317627 0.403602 0.316895 0.405720 0.315918 0.405191 0.316650 0.406250 0.317383 0.405191 0.317627 0.406250 0.318115 0.405720 0.318848 0.406780 0.320801 0.407309 0.321045 0.406250 0.321777 0.406250 0.322021 0.404661
1 0.237061 0.402542 0.235352 0.405191 0.235596 0.406250 0.237549 0.406250 0.237549 0.404131 0.237061 0.403602
1 0.327393 0.402013 0.325928 0.402542 0.326660 0.404661 0.326660 0.406780 0.325684 0.408898 0.325684 0.413136 0.326416 0.414725 0.325684 0.411547 0.326416 0.411017 0.326904 0.409428 0.327148 0.409958 0.326904 0.406780 0.328369 0.405191 0.327393 0.405191 0.327148 0.404131 0.327881 0.403072
1 0.158936 0.413136 0.160156 0.414725 0.162354 0.414725 0.162842 0.413136 0.164062 0.413136 0.164062 0.410487 0.165771 0.412606 0.166016 0.412076 0.165527 0.410487 0.166748 0.408898 0.167480 0.406780 0.167725 0.407309 0.167725 0.405191 0.167236 0.405191 0.166748 0.403602 0.167480 0.403072 0.165771 0.403072 0.166504 0.403602 0.165527 0.404661 0.164551 0.403072 0.162354 0.402542 0.161865 0.401483 0.161133 0.401483 0.160400 0.403072 0.159668 0.402542 0.159912 0.407839 0.159180 0.409428
1 0.176270 0.400953 0.176270 0.402013 0.175781 0.402542 0.176025 0.406250 0.175293 0.407309 0.175293 0.408369 0.176025 0.410487 0.177002 0.411017 0.177002 0.406780 0.177979 0.405191 0.177734 0.402542
1 0.482178 0.399894 0.481201 0.399364 0.480713 0.400424 0.479004 0.400424 0.478516 0.403072 0.479492 0.403072 0.479980 0.404131 0.480957 0.403072 0.481689 0.403602
1 0.999023 0.398835 0.998047 0.398835 0.996582 0.402013 0.996582 0.403072 0.994629 0.406250 0.994873 0.407839 0.994141 0.409428 0.993896 0.408369 0.993652 0.409428 0.994385 0.412076 0.995605 0.412606 0.996094 0.411017 0.998291 0.410487 0.999268 0.407839 0.999756 0.407839 0.999756 0.400424
1 0.522217 0.398305 0.521484 0.401483 0.520020 0.403602 0.519775 0.405191 0.519043 0.406250 0.520752 0.406250 0.521973 0.409428 0.521973 0.411547 0.522461 0.413136 0.521973 0.413665 0.522217 0.415784 0.521484 0.416314 0.520752 0.415254 0.519043 0.415254 0.517578 0.418962 0.516846 0.415784 0.515869 0.415784 0.515869 0.416843 0.514893 0.417903 0.513916 0.421610 0.513428 0.421610 0.513184 0.420551 0.512695 0.422140 0.513672 0.424258 0.513428 0.427436 0.514160 0.428496 0.514404 0.426907 0.514648 0.428496 0.515137 0.428496 0.514648 0.432733 0.515137 0.432733 0.515381 0.433792 0.517334 0.433792 0.518311 0.432733 0.518066 0.430085 0.517334 0.429025 0.517334 0.427966 0.515381 0.425847 0.515381 0.424788 0.515869 0.424258 0.515869 0.422140 0.516357 0.421081 0.516602 0.421610 0.517578 0.419492 0.517822 0.420551 0.517090 0.423729 0.517822 0.423729 0.519043 0.427436 0.519531 0.427966 0.520508 0.426907 0.521240 0.428496 0.522705 0.427436 0.521973 0.425318 0.522217 0.421610 0.521729 0.421081 0.521484 0.418962 0.522461 0.417903 0.522949 0.419492 0.524414 0.420021 0.524658 0.419492 0.523682 0.416314 0.524658 0.414195 0.525391 0.415784 0.526367 0.415254 0.525635 0.412606 0.525635 0.409958 0.523926 0.411017 0.522705 0.408369 0.522949 0.407309 0.523926 0.408369 0.524170 0.406250 0.523926 0.405720 0.523926 0.406780 0.523438 0.407309 0.522949 0.404661 0.522461 0.404131 0.522949 0.403602 0.521973 0.399364
1 0.478027 0.397246 0.477051 0.398305 0.476562 0.399894 0.476318 0.399364 0.477539 0.401483 0.478027 0.401483 0.478027 0.400424 0.479004 0.399364
1 0.327148 0.397246 0.327637 0.398835 0.327393 0.399894 0.329346 0.402542 0.330322 0.402542 0.329590 0.401483 0.330078 0.400424 0.331055 0.400953 0.331055 0.402542 0.331787 0.402013 0.332031 0.398835 0.330322 0.400424 0.329834 0.399364 0.330322 0.397775 0.329346 0.399364 0.329102 0.400953 0.328613 0.400953 0.328125 0.398835 0.329102 0.397246
1 0.143799 0.398835 0.144043 0.400424 0.145508 0.399894 0.145752 0.398835 0.148193 0.398835 0.148438 0.400424 0.149658 0.400424 0.150146 0.402542 0.150146 0.401483 0.150879 0.401483 0.151855 0.399364 0.150146 0.397775 0.148682 0.397775 0.148438 0.396716 0.147949 0.398835 0.147217 0.396716 0.144775 0.397246
1 0.539551 0.395657 0.539307 0.398305 0.540039 0.399894 0.540527 0.399894 0.541260 0.397775 0.540771 0.396186
1 0.840820 0.393008 0.839600 0.393008 0.838623 0.395127 0.839355 0.396716 0.840088 0.396716 0.841064 0.395127
1 0.306885 0.392479 0.306641 0.393008 0.307129 0.394068 0.307617 0.397775 0.307617 0.395657 0.308105 0.394597 0.309326 0.397246 0.309326 0.399364 0.310059 0.401483 0.309814 0.403602 0.310547 0.402013 0.310547 0.400424 0.309570 0.398305 0.309814 0.394597 0.308838 0.393008
1 0.188721 0.393538 0.187744 0.393538 0.187012 0.392479 0.186279 0.394068 0.184082 0.394068 0.183594 0.397246 0.183838 0.397775 0.183838 0.395657 0.184570 0.395127 0.185059 0.396186 0.185303 0.398835 0.186035 0.399894 0.184082 0.403072 0.185547 0.406250 0.186279 0.405191 0.186035 0.403602 0.186768 0.401483 0.186768 0.399364 0.187744 0.400953 0.188721 0.398835 0.188721 0.396716 0.189209 0.395657
1 0.741211 0.390890 0.740234 0.391419 0.739746 0.393538 0.739990 0.395657 0.738770 0.399894 0.738770 0.402013 0.739990 0.402013 0.740723 0.403602 0.741211 0.402542 0.740967 0.396716 0.742188 0.393538 0.741943 0.391949
1 0.535156 0.391949 0.536621 0.392479 0.538330 0.395657 0.539062 0.395127 0.538330 0.393538 0.538330 0.390890 0.537842 0.389301 0.537109 0.389301 0.537109 0.390890 0.536621 0.391949
1 0.951904 0.392479 0.952148 0.393538 0.952881 0.393538 0.953125 0.392479 0.953857 0.393008 0.953857 0.394068 0.954346 0.393008 0.954834 0.393538 0.955078 0.391949 0.953857 0.392479 0.953369 0.390890 0.954590 0.389301 0.955322 0.390360 0.955566 0.389831 0.953125 0.388771 0.953369 0.391949
1 0.931885 0.392479 0.930420 0.390360 0.930664 0.389301 0.930176 0.388771 0.929199 0.391949 0.927246 0.393008 0.928223 0.395657 0.929688 0.396186 0.930420 0.394597 0.931885 0.394597
1 0.339355 0.387182 0.339844 0.387712 0.339355 0.389301 0.339355 0.391419 0.338623 0.392479 0.339355 0.393538 0.338867 0.396716 0.339355 0.397775 0.340332 0.397775 0.340332 0.393538 0.339600 0.391949 0.340576 0.390360 0.341309 0.390360 0.341553 0.388771 0.341064 0.387712 0.340576 0.388242
1 0.194092 0.387182 0.192383 0.389301 0.192383 0.390360 0.191895 0.390360 0.191162 0.393008 0.191406 0.396716 0.191895 0.398305 0.192871 0.397775 0.192627 0.395657 0.193359 0.394068 0.192871 0.392479 0.194092 0.390360
1 0.972656 0.384534 0.972900 0.384004 0.972900 0.386123 0.972412 0.386653 0.974609 0.389301 0.973877 0.390360 0.975342 0.389301 0.975586 0.386653 0.974609 0.385593 0.973877 0.386123
1 0.949463 0.384534 0.949219 0.384004 0.948975 0.385064 0.948242 0.385064 0.948730 0.387182 0.947998 0.388242 0.947754 0.387182 0.947266 0.387712 0.947021 0.386653 0.946289 0.386653 0.946045 0.384534 0.944336 0.385593 0.943848 0.389831 0.944824 0.391419 0.944824 0.393008 0.944092 0.394597 0.943604 0.394597 0.942383 0.398305 0.941406 0.397246 0.941162 0.398305 0.940186 0.398305 0.939209 0.399894 0.936279 0.398305 0.934814 0.399364 0.934814 0.400424 0.933838 0.402013 0.934082 0.403072 0.933594 0.404131 0.932617 0.404661 0.930420 0.408369 0.929932 0.407839 0.929688 0.409428 0.928955 0.410487 0.928955 0.415254 0.927979 0.415784 0.927979 0.418432 0.929199 0.417903 0.929688 0.416314 0.930908 0.417903 0.934814 0.417903 0.936523 0.416843 0.937500 0.417373 0.940430 0.410487 0.942871 0.411017 0.943604 0.407839 0.943359 0.407309 0.944092 0.406780 0.944580 0.400424 0.945557 0.401483 0.946045 0.400424 0.949219 0.400424 0.947998 0.398835 0.948730 0.397775 0.949219 0.395657 0.948975 0.393008 0.947998 0.396186 0.945312 0.395127 0.947021 0.394068 0.946777 0.392479 0.947510 0.390890 0.947998 0.391419 0.948242 0.389831 0.947754 0.388771 0.948975 0.387182 0.948975 0.385593
1 0.548584 0.386123 0.549805 0.388771 0.549561 0.389301 0.551514 0.388242 0.551270 0.385064 0.549316 0.384004
1 0.169922 0.384004 0.169189 0.386653 0.167969 0.387712 0.168213 0.393538 0.167236 0.395657 0.167236 0.397775 0.166504 0.398835 0.167480 0.398305 0.169434 0.400424 0.171631 0.398305 0.171387 0.395127 0.170166 0.392479
1 0.851807 0.382945 0.851562 0.386123 0.852783 0.386653 0.853271 0.385593 0.853027 0.382945
1 0.515381 0.383475 0.513672 0.383475 0.512939 0.385593 0.513184 0.386653 0.514648 0.386653 0.515381 0.387712
1 0.540527 0.383475 0.540771 0.387712 0.542236 0.386123 0.543213 0.388771 0.543945 0.387712 0.543945 0.386123 0.543213 0.384534 0.541260 0.382415
1 0.408203 0.382415 0.407959 0.388771 0.408936 0.390890 0.409668 0.390890 0.410645 0.385593 0.409912 0.384004 0.408691 0.385064
1 0.247559 0.381886 0.247559 0.382945 0.246094 0.385064 0.246094 0.387182 0.246338 0.386123 0.247314 0.385593 0.247803 0.386653 0.247314 0.387712 0.247314 0.389301 0.248047 0.390890 0.248779 0.389831 0.249023 0.385064 0.248047 0.383475 0.248047 0.381886
1 0.186523 0.381356 0.186523 0.384534 0.187256 0.386653 0.187012 0.388242 0.187744 0.389301 0.188232 0.387712 0.187744 0.386653 0.188721 0.385593 0.188965 0.386123 0.189453 0.385064 0.188477 0.385064 0.187744 0.386123 0.187256 0.385064 0.187744 0.381356
1 0.322266 0.387712 0.321777 0.386123 0.322510 0.384534 0.322266 0.384004 0.320312 0.384534 0.318359 0.382415 0.318848 0.380826 0.319580 0.380297 0.320068 0.381356 0.319580 0.382415 0.320068 0.381356 0.321289 0.381886 0.320068 0.380826 0.320801 0.379767 0.318359 0.380826 0.317627 0.383475 0.314941 0.382415 0.316162 0.385064 0.317139 0.383475 0.319580 0.384004 0.320312 0.385593 0.319824 0.388242 0.320557 0.386653 0.321777 0.387712 0.321045 0.389831 0.321289 0.391419 0.321289 0.389831
1 0.982910 0.382415 0.983398 0.383475 0.982910 0.384004 0.982910 0.385064 0.984375 0.384534 0.985596 0.387712 0.986328 0.387182 0.986816 0.388771 0.989014 0.388242 0.989502 0.386653 0.990234 0.386653 0.990723 0.385593 0.989258 0.385593 0.989014 0.384534 0.990967 0.384004 0.990479 0.384004 0.989746 0.382415 0.989746 0.381356 0.989258 0.382945 0.990234 0.383475 0.988281 0.384534 0.988037 0.386653 0.985840 0.381356 0.986572 0.380826 0.986572 0.379237 0.985840 0.379237 0.984863 0.380826 0.984619 0.382415 0.983887 0.380297 0.983398 0.380297 0.983643 0.380826
1 0.968506 0.379237 0.968018 0.380826 0.966797 0.380297 0.966797 0.382415 0.966064 0.382415 0.964600 0.384534 0.963867 0.384004 0.963623 0.385064 0.962891 0.384004 0.963135 0.383475 0.962402 0.383475 0.960449 0.380297 0.960449 0.381356 0.960938 0.381886 0.960449 0.384004 0.960938 0.384534 0.958008 0.386653 0.956787 0.389301 0.958496 0.388242 0.958008 0.387182 0.958984 0.385593 0.959961 0.386123 0.958984 0.387182 0.959473 0.390890 0.958496 0.392479 0.958496 0.393538 0.958984 0.391949 0.959473 0.392479 0.959473 0.387712 0.960693 0.386123 0.963135 0.385064 0.963867 0.387182 0.965820 0.385064 0.967041 0.385064 0.968018 0.386653 0.968262 0.389831 0.968262 0.387712 0.968994 0.386653 0.968262 0.386653 0.966797 0.383475 0.967529 0.382415 0.967285 0.381356 0.968018 0.380826
1 0.764160 0.379237 0.763428 0.379767 0.763428 0.381886 0.762695 0.381886 0.761230 0.386123 0.761719 0.386653 0.761719 0.389301 0.762207 0.389831 0.761963 0.392479 0.763184 0.395657 0.764648 0.393538 0.764648 0.392479 0.763428 0.391949 0.762695 0.389831 0.762939 0.388771 0.762207 0.387182 0.763672 0.387182 0.762939 0.386653 0.762939 0.385593 0.764160 0.384534 0.765137 0.385064 0.765137 0.387712 0.765869 0.388242 0.766602 0.390890 0.767822 0.388242 0.767334 0.385593 0.766357 0.385593 0.765137 0.384004 0.765381 0.382415
1 0.826172 0.378708 0.824951 0.379767 0.824951 0.382415 0.824219 0.384004 0.824463 0.388242 0.823486 0.389301 0.823486 0.390890 0.823975 0.391949 0.824951 0.391419 0.826660 0.387712 0.826660 0.386123 0.826172 0.385064 0.825928 0.386123 0.825439 0.385064 0.825928 0.382415 0.827148 0.380826
1 0.972168 0.380297 0.971680 0.379237 0.971436 0.380826 0.970703 0.379237 0.970459 0.379767 0.970215 0.378178 0.970215 0.379237 0.969727 0.379237 0.969727 0.380297 0.968506 0.382415 0.968506 0.385064 0.969482 0.381356 0.970703 0.381356 0.971191 0.382415 0.970703 0.383475 0.972168 0.384534
1 0.536133 0.377648 0.536133 0.380826 0.537842 0.382945 0.538330 0.377648
1 0.457275 0.377648 0.457275 0.378708 0.457764 0.378708 0.458496 0.380297 0.458252 0.380826 0.460205 0.386123 0.460693 0.389301 0.460449 0.388771 0.460938 0.388242 0.460938 0.387182 0.459717 0.384534 0.459473 0.381356 0.458252 0.377648 0.458496 0.377119
1 0.424561 0.378178 0.424561 0.377119 0.423584 0.375530 0.422607 0.377648 0.421631 0.376589 0.420898 0.377648 0.421387 0.378708 0.421875 0.378708 0.422363 0.377119 0.422607 0.378178
1 0.290039 0.375000 0.289307 0.376589 0.288574 0.376059 0.288330 0.378708 0.288574 0.377119 0.289062 0.378708 0.288818 0.381356 0.288086 0.381356 0.287598 0.380297 0.287109 0.380826 0.288330 0.382945 0.288330 0.384534 0.289062 0.384534 0.288574 0.382415 0.289062 0.381886 0.289062 0.379767 0.289795 0.378708 0.291260 0.378708 0.292236 0.381886 0.291748 0.377648
1 0.959473 0.373411 0.959229 0.374470 0.958008 0.374470 0.956543 0.376589 0.955811 0.376059 0.955566 0.376589 0.956055 0.377119 0.955078 0.378708 0.954590 0.378178 0.955078 0.377119 0.954102 0.378178 0.954590 0.378708 0.954346 0.379237 0.952881 0.378708 0.953613 0.379767 0.953857 0.381356 0.953125 0.383475 0.951172 0.380826 0.950195 0.381886 0.951172 0.382415 0.951904 0.384004 0.955078 0.383475 0.957031 0.380297 0.956787 0.379237 0.958496 0.376589 0.958984 0.377119 0.959473 0.376059
1 0.418457 0.373941 0.417725 0.372881 0.416748 0.375000 0.415527 0.375000 0.416260 0.376059 0.415771 0.377119 0.417236 0.377119
1 0.486328 0.371822 0.486084 0.372352 0.486816 0.374470 0.487061 0.377119 0.486816 0.379237 0.487793 0.379767 0.487061 0.377648 0.487061 0.375530 0.488525 0.373411
1 0.407959 0.371292 0.406738 0.372881 0.406738 0.374470 0.407471 0.376059 0.408203 0.375530 0.408447 0.371822
1 0.839600 0.370233 0.838867 0.371822 0.838867 0.374470 0.840332 0.375530 0.841309 0.373941 0.841553 0.371822 0.840332 0.370233
1 0.506104 0.368114 0.505615 0.367055 0.503906 0.367585 0.504883 0.372352 0.503662 0.376589 0.504395 0.380297 0.502441 0.381356 0.501221 0.388242 0.496338 0.387182 0.496582 0.384004 0.495605 0.381356 0.495361 0.382945 0.494385 0.382945 0.493164 0.379767 0.492676 0.379767 0.490967 0.389301 0.489990 0.388771 0.489990 0.384004 0.488525 0.384534 0.487793 0.387712 0.486816 0.383475 0.485596 0.384004 0.483398 0.382415 0.482666 0.386653 0.482910 0.389301 0.484619 0.388242 0.486816 0.393008 0.483398 0.397775 0.484375 0.402013 0.482422 0.406250 0.482178 0.408898 0.485107 0.409428 0.486084 0.412076 0.486816 0.411547 0.486328 0.409428 0.487061 0.407309 0.484863 0.404661 0.487305 0.402542 0.487793 0.400953 0.488525 0.403072 0.489502 0.400953 0.489258 0.396186 0.489990 0.391419 0.491943 0.395657 0.492920 0.399894 0.492920 0.402013 0.491211 0.404661 0.491943 0.406250 0.492432 0.405191 0.493164 0.408369 0.493896 0.405720 0.492920 0.404131 0.493652 0.401483 0.492676 0.398305 0.494385 0.395657 0.495605 0.395127 0.497070 0.398305 0.499268 0.398835 0.500000 0.395127 0.501953 0.395657 0.503174 0.394068 0.503418 0.391949 0.501221 0.388771 0.501709 0.387182 0.505127 0.385593 0.505615 0.381886 0.506592 0.381886 0.507324 0.383475 0.509277 0.382415 0.508301 0.380826 0.507568 0.381886 0.505615 0.379767 0.505859 0.377119 0.506592 0.376059
1 0.191406 0.367585 0.191650 0.369174 0.191162 0.370763 0.190430 0.370763 0.190430 0.372881 0.191162 0.372352 0.193359 0.374470 0.193848 0.372881 0.194092 0.373411 0.193359 0.367055
1 0.172119 0.366525 0.171875 0.367055 0.172119 0.366525 0.172852 0.368644 0.171875 0.371292 0.172852 0.372881 0.174316 0.371822 0.174561 0.370233 0.174072 0.370233 0.173340 0.368644 0.174072 0.367585 0.174805 0.368114 0.174805 0.367055 0.174072 0.367585
1 0.410156 0.365996 0.410645 0.367585 0.412842 0.367585 0.413086 0.366525 0.411133 0.364407
1 0.267578 0.364407 0.266602 0.365996 0.266602 0.368114 0.267090 0.369703 0.268066 0.368644
1 0.261719 0.364936 0.261475 0.366525 0.263184 0.370233 0.263672 0.373941 0.264404 0.375000 0.264648 0.373411 0.264160 0.370233 0.263672 0.369703 0.263672 0.366525 0.264160 0.365996 0.264160 0.364407 0.263672 0.364407 0.263184 0.366525
1 0.407227 0.362818 0.406006 0.362818 0.404541 0.365466 0.403564 0.365996 0.404541 0.367055 0.405762 0.364936 0.406982 0.365466
1 0.999756 0.362288 0.997070 0.363877 0.997070 0.367055 0.997559 0.367055 0.996582 0.369703 0.997070 0.371292 0.997559 0.370233 0.998535 0.371822 0.999756 0.370763
1 0.332275 0.362288 0.331787 0.364407 0.331787 0.367585 0.332520 0.371292 0.330811 0.376059 0.331055 0.382415 0.332520 0.385064 0.332764 0.388242 0.333496 0.389301 0.333740 0.391419 0.332275 0.394597 0.333252 0.395657 0.335205 0.393008 0.335693 0.393538 0.336426 0.392479 0.336670 0.393538 0.337402 0.393538 0.338135 0.391949 0.337891 0.388771 0.336914 0.386653 0.337891 0.383475 0.337646 0.381356 0.338867 0.380297 0.339111 0.379237 0.339355 0.379767 0.339355 0.377119 0.340088 0.375000 0.338623 0.369703 0.335449 0.362818 0.334961 0.364407 0.333984 0.362818 0.333008 0.363877
1 0.328125 0.361229 0.326660 0.364936 0.326660 0.367055 0.325928 0.368114 0.327393 0.368114 0.328125 0.370233 0.328857 0.370763 0.330078 0.370233 0.330322 0.364407 0.329590 0.362288
1 0.289062 0.362818 0.289551 0.362288 0.290283 0.363877 0.291504 0.363347 0.292480 0.364407 0.292969 0.363347 0.292725 0.358581 0.291992 0.359110 0.292725 0.360169 0.291992 0.363347 0.291504 0.363347 0.289795 0.358581 0.290039 0.361758
1 0.956055 0.360169 0.956055 0.362288 0.957031 0.363877 0.957031 0.364936 0.956055 0.366525 0.957520 0.366525 0.957275 0.368114 0.956299 0.369174 0.956787 0.370233 0.956299 0.371292 0.958740 0.372881 0.960449 0.369174 0.961182 0.369174 0.961426 0.370233 0.962158 0.369174 0.962402 0.370233 0.963867 0.371292 0.965332 0.370763 0.966064 0.369174 0.966553 0.370233 0.969238 0.370763 0.969727 0.369703 0.971191 0.369703 0.971924 0.368114 0.972412 0.368114 0.972656 0.370763 0.974365 0.371292 0.974854 0.370233 0.974854 0.367585 0.976807 0.368114 0.976562 0.364936 0.976074 0.363877 0.976562 0.362288 0.975342 0.363347 0.975098 0.364407 0.974609 0.363877 0.974854 0.363347 0.973633 0.364407 0.974121 0.364936 0.973389 0.365996 0.972656 0.365996 0.972412 0.364936 0.971436 0.366525 0.966797 0.366525 0.966553 0.367585 0.964111 0.366525 0.963379 0.363347 0.961182 0.363877 0.960938 0.362818 0.960205 0.362818 0.958252 0.360699 0.957031 0.361229 0.956787 0.360699 0.957275 0.359640 0.958740 0.358581 0.958252 0.357521 0.957031 0.360169 0.956543 0.359110
1 0.533447 0.365466 0.532715 0.362818 0.531494 0.362288 0.531250 0.362818 0.531738 0.363347 0.531006 0.364936 0.530273 0.363347 0.529785 0.363877 0.529053 0.362288 0.529053 0.361229 0.530518 0.360169 0.530029 0.360169 0.528320 0.356462 0.527832 0.356462 0.527344 0.358581 0.526611 0.359110 0.526611 0.361758 0.525146 0.361229 0.524414 0.359640 0.524414 0.358581 0.523438 0.359640 0.523438 0.361229 0.522949 0.362288 0.523438 0.364407 0.522705 0.365996 0.522217 0.365996 0.521973 0.368644 0.522705 0.369703 0.521973 0.372352 0.520508 0.372352 0.520508 0.373941 0.524658 0.373411 0.525146 0.372352 0.526611 0.373411 0.525635 0.372352 0.525146 0.368114 0.524414 0.365466 0.524414 0.363877 0.525146 0.362288 0.525879 0.362288 0.526367 0.363347 0.526123 0.364936 0.527832 0.368114 0.529053 0.368114 0.529541 0.369174 0.530029 0.369174 0.530762 0.367055 0.533203 0.367585 0.532959 0.367055
1 0.451660 0.356462 0.450684 0.359110 0.450928 0.363877 0.451904 0.365466 0.451416 0.363347 0.451904 0.363347 0.452148 0.361758 0.453857 0.364936 0.454346 0.367585 0.453369 0.368114 0.452881 0.365996 0.452393 0.365996 0.455322 0.372352 0.456055 0.371292 0.455078 0.368114 0.455322 0.366525 0.451904 0.359110 0.452148 0.356462
1 0.417969 0.356462 0.418213 0.356992 0.417480 0.359640 0.417480 0.361229 0.419922 0.365996 0.419922 0.368114 0.420898 0.368114 0.421387 0.366525 0.423584 0.368114 0.424072 0.370233 0.424805 0.370233 0.426514 0.365996 0.425537 0.364407 0.424561 0.360699 0.423584 0.360699 0.423828 0.362818 0.422607 0.363347 0.422119 0.362288 0.422607 0.360699 0.420898 0.359640 0.421143 0.361758 0.420654 0.362288 0.419922 0.360699 0.419678 0.358581
1 0.628906 0.356462 0.628418 0.358051 0.629395 0.360169 0.629639 0.359640 0.630127 0.361758 0.629150 0.363347 0.629150 0.365996 0.631104 0.366525 0.630859 0.363347 0.629883 0.360699 0.630371 0.357521 0.629883 0.355932
1 0.493164 0.355403 0.492676 0.358051 0.491943 0.355932 0.491211 0.356462 0.491455 0.359110 0.490479 0.362288 0.491211 0.362818 0.491455 0.361229 0.492676 0.358581 0.492920 0.359110 0.493408 0.356992
1 0.260498 0.355403 0.259521 0.359110 0.257812 0.356462 0.257568 0.359110 0.256836 0.358051 0.257080 0.356462 0.256592 0.355932 0.256104 0.356992 0.257568 0.359640 0.257568 0.360699 0.256592 0.362288 0.257324 0.363347 0.256836 0.364936 0.257568 0.363347 0.256836 0.361758 0.257812 0.360169 0.258789 0.360699 0.259766 0.359640 0.260742 0.356992
1 0.285400 0.354873 0.283936 0.356462 0.283936 0.361229 0.284668 0.363347 0.283691 0.364407 0.282959 0.363347 0.283203 0.362818 0.282471 0.364407 0.283691 0.364407 0.284424 0.365466 0.284912 0.363877 0.285400 0.363877 0.284912 0.362818 0.284912 0.360699 0.284424 0.360169 0.284912 0.358051 0.285645 0.359110 0.285645 0.357521 0.284912 0.356462
1 0.542480 0.353284 0.542236 0.354343 0.541016 0.353814 0.539795 0.355403 0.539062 0.354343 0.538330 0.354873 0.536377 0.359110 0.535645 0.359110 0.535156 0.358051 0.534180 0.363347 0.535156 0.363877 0.534912 0.366525 0.535400 0.370763 0.535889 0.370763 0.535400 0.369174 0.535645 0.367585 0.536133 0.368114 0.536621 0.370763 0.537109 0.370233 0.536865 0.367585 0.538818 0.362288 0.539307 0.363347 0.540039 0.363347 0.540527 0.361758 0.541504 0.361758 0.542480 0.359640
1 0.169922 0.358051 0.170898 0.360169 0.172119 0.358581 0.172607 0.360169 0.173340 0.360169 0.174316 0.358051 0.175537 0.360169 0.176758 0.359110 0.177002 0.359640 0.177979 0.358581 0.177734 0.355932 0.178467 0.354343 0.178223 0.353284 0.177979 0.354873 0.177734 0.353814 0.176025 0.354343 0.175781 0.353284 0.174805 0.353284 0.173096 0.358051 0.172607 0.356992 0.172607 0.354873 0.172119 0.353284 0.171143 0.353814 0.170898 0.355403 0.169922 0.356462
1 0.500000 0.352754 0.498535 0.355932 0.497314 0.356462 0.497559 0.356992 0.497070 0.360169 0.497559 0.363347 0.498291 0.362288 0.499268 0.363347 0.500732 0.362288 0.500977 0.363347 0.500488 0.368644 0.501709 0.369174 0.502197 0.368114 0.501465 0.365466 0.501465 0.363347 0.502441 0.361758 0.502441 0.360169 0.501709 0.357521 0.502197 0.356462 0.501709 0.355403 0.501709 0.353814
1 0.250000 0.352754 0.250000 0.356992 0.251709 0.360169 0.252197 0.359640 0.251221 0.358051 0.251465 0.355932 0.250732 0.355403 0.250732 0.354343
1 0.232910 0.352754 0.231934 0.354873 0.231934 0.356462 0.233398 0.357521 0.233643 0.354343
1 0.416504 0.353814 0.415527 0.352225 0.414551 0.352754 0.414307 0.353814 0.412598 0.352754 0.411865 0.353814 0.412109 0.354873 0.411377 0.356462 0.414307 0.356462 0.414795 0.355403 0.415771 0.355403 0.416016 0.356462 0.416504 0.356462
1 0.626709 0.352754 0.625244 0.353814 0.624756 0.350636 0.624512 0.352225 0.623535 0.353284 0.623291 0.355403 0.624268 0.355932 0.625000 0.353284 0.625488 0.354873 0.625732 0.353814 0.626221 0.354343
1 0.996826 0.350636 0.996582 0.351695 0.996338 0.350106 0.996094 0.350636 0.996338 0.351695 0.995850 0.353814 0.993652 0.353284 0.992676 0.356462 0.995605 0.358051 0.996094 0.356992 0.995850 0.354873 0.997070 0.353284 0.996582 0.351695
1 0.989258 0.350106 0.988281 0.350106 0.988037 0.352754 0.987305 0.352225 0.985840 0.353284 0.986328 0.359640 0.987061 0.359640 0.987549 0.358581 0.987549 0.356992 0.987061 0.356462 0.989258 0.354343
1 0.193848 0.350106 0.193359 0.351165 0.193359 0.353284 0.194824 0.353814 0.195068 0.351165
1 0.271729 0.349576 0.270264 0.352754 0.270996 0.351695 0.271240 0.352225 0.271240 0.353814 0.270264 0.355403 0.270264 0.356462 0.269531 0.356462 0.269043 0.357521 0.268066 0.356992 0.267822 0.359110 0.268555 0.360699 0.268555 0.361758 0.267578 0.362818 0.266846 0.362288 0.268555 0.363877 0.269043 0.362818 0.269775 0.362818 0.269775 0.361229 0.270752 0.361229 0.270996 0.360169 0.271484 0.360169 0.271484 0.362818 0.270996 0.363877 0.270264 0.363877 0.272461 0.367055 0.272461 0.370763 0.274170 0.370233 0.274658 0.371292 0.274658 0.372881 0.274902 0.368644 0.273438 0.369703 0.273193 0.368114 0.272461 0.367055 0.273193 0.365996 0.272705 0.365996 0.271729 0.362818 0.271973 0.359640 0.270508 0.359110 0.270508 0.358051 0.271240 0.356462 0.272705 0.358051 0.273438 0.356992 0.273438 0.355932 0.271973 0.356462 0.271484 0.355403 0.273682 0.354343 0.271973 0.354343 0.271484 0.353284 0.272217 0.351695 0.271240 0.351695 0.271973 0.350106
1 0.647705 0.349047 0.647217 0.350636 0.647705 0.352225 0.647217 0.356462 0.647461 0.358581 0.648438 0.357521 0.650879 0.357521 0.651367 0.356462 0.651367 0.353284 0.650391 0.351695 0.650879 0.350106 0.650146 0.350106 0.650391 0.352225 0.649658 0.353284 0.648682 0.349576
1 0.218018 0.349047 0.218018 0.353284 0.217285 0.356992 0.216797 0.356992 0.217285 0.363347 0.218506 0.365996 0.221436 0.365996 0.222900 0.369703 0.222656 0.372352 0.223633 0.372881 0.222900 0.371822 0.223389 0.369703 0.223145 0.367585 0.223633 0.365996 0.222656 0.363877 0.222656 0.362818 0.223145 0.362288 0.222656 0.361758 0.224609 0.360169 0.225342 0.356462 0.224609 0.355932 0.224609 0.357521 0.222656 0.360699 0.222412 0.362818 0.220459 0.362288 0.220215 0.363347 0.218994 0.363347 0.218262 0.362288 0.217529 0.359110 0.218994 0.355932 0.218506 0.352225 0.219482 0.351695
1 0.288086 0.348517 0.286865 0.350636 0.286377 0.353814 0.286621 0.354343 0.288574 0.353814 0.289062 0.352754 0.288086 0.351695
1 0.638428 0.349047 0.636963 0.349047 0.636475 0.347987 0.634277 0.348517 0.634277 0.350636 0.633057 0.353284 0.633789 0.356992 0.635010 0.359640 0.634033 0.361229 0.633789 0.360699 0.633545 0.362818 0.634033 0.363347 0.634033 0.364936 0.633545 0.365996 0.632812 0.363877 0.631836 0.364936 0.632080 0.367585 0.632812 0.368114 0.633545 0.367055 0.634277 0.368644 0.633545 0.371822 0.631836 0.372881 0.632324 0.376589 0.633789 0.375530 0.634521 0.372881 0.635254 0.373411 0.636719 0.371292 0.635986 0.368114 0.635010 0.366525 0.636719 0.364407 0.636963 0.361758 0.638428 0.359640 0.636719 0.355403 0.636719 0.353814 0.638672 0.351165
1 0.247070 0.348517 0.247070 0.349576 0.249268 0.350636 0.249756 0.350106 0.248535 0.347987 0.248535 0.346398 0.247559 0.346928 0.247559 0.347987
1 0.487305 0.345869 0.487305 0.348517 0.486572 0.349576 0.486328 0.351165 0.486816 0.350106 0.487305 0.350636 0.488525 0.356462 0.487061 0.356462 0.487793 0.357521 0.489502 0.357521 0.489502 0.355932 0.488281 0.353814 0.488525 0.351165 0.488037 0.351695 0.487549 0.350636
1 0.259277 0.349047 0.257812 0.345869 0.258057 0.349047 0.257568 0.350106 0.257080 0.350106 0.256348 0.348517 0.256836 0.346928 0.256104 0.346928 0.254395 0.349047 0.254395 0.350636 0.255859 0.351695 0.256348 0.353814 0.256348 0.352225 0.257324 0.351165 0.258057 0.351695 0.257568 0.350106 0.258057 0.349047 0.258545 0.349576 0.258545 0.351165 0.259033 0.351165
1 0.234863 0.345339 0.235352 0.346398 0.234863 0.346928 0.234619 0.350106 0.236084 0.354343 0.236816 0.355403 0.241699 0.355403 0.240479 0.354873 0.239990 0.353814 0.239746 0.354873 0.239014 0.354873 0.238770 0.353814 0.236816 0.354873 0.236084 0.352225 0.236328 0.350106 0.235352 0.351165 0.234863 0.349576 0.236084 0.346928
1 0.984375 0.344809 0.983398 0.345869 0.982910 0.344809 0.982178 0.346928 0.981934 0.346398 0.982178 0.347458 0.981445 0.349047 0.980225 0.349576 0.979248 0.347987 0.979492 0.346928 0.978271 0.349047 0.977295 0.349047 0.977051 0.350106 0.976807 0.348517 0.976562 0.350106 0.976318 0.348517 0.975830 0.349047 0.975586 0.347987 0.974365 0.351165 0.976318 0.350636 0.977051 0.352225 0.977783 0.350106 0.978516 0.349576 0.979004 0.350636 0.978760 0.352225 0.978027 0.352225 0.977539 0.354343 0.976562 0.353814 0.975830 0.354873 0.978271 0.355932 0.979004 0.355403 0.978760 0.354873 0.979492 0.353814 0.982178 0.354873 0.983398 0.349047 0.984131 0.350106 0.984131 0.348517 0.984619 0.347987 0.982666 0.346398 0.983887 0.345869
1 0.412109 0.344280 0.412109 0.349047 0.413086 0.349576 0.414062 0.347458 0.413574 0.345869
1 0.227539 0.342691 0.227051 0.344280 0.227539 0.347458 0.227295 0.348517 0.227539 0.347987 0.227783 0.349576 0.228516 0.350106 0.228516 0.354343 0.228027 0.354873 0.227539 0.357521 0.228271 0.358581 0.228760 0.357521 0.229492 0.359110 0.229492 0.361229 0.230225 0.361229 0.230713 0.362288 0.230713 0.371292 0.233643 0.371292 0.233398 0.370233 0.234131 0.368644 0.233887 0.364936 0.232910 0.361758 0.233154 0.361229 0.232422 0.360699 0.232666 0.361229 0.231689 0.362818 0.231445 0.361758 0.230469 0.361758 0.229980 0.360699 0.229980 0.358051 0.229004 0.356992 0.229004 0.354873 0.229492 0.354873 0.229980 0.353284 0.229980 0.351165 0.229248 0.350106 0.230225 0.346398 0.229980 0.343750
1 0.447998 0.345869 0.448975 0.347458 0.449463 0.345869 0.450928 0.345869 0.451904 0.346928 0.452637 0.344280 0.452881 0.344809 0.452881 0.343750 0.452393 0.343220 0.450928 0.344809 0.448486 0.344809 0.448242 0.342161
1 0.755859 0.341631 0.755371 0.342691 0.755615 0.346398 0.757812 0.347458 0.757324 0.342691 0.756836 0.341631
1 0.250732 0.346398 0.251465 0.348517 0.252930 0.348517 0.254150 0.345339 0.253418 0.344809 0.253662 0.343220 0.256104 0.342691 0.257080 0.345339 0.258301 0.343220 0.256348 0.343220 0.256104 0.342161 0.255371 0.342691 0.254150 0.341102 0.253418 0.341102 0.253906 0.342691 0.253418 0.343750 0.252686 0.343750 0.252441 0.346398 0.251953 0.347458
1 0.993408 0.340042 0.991455 0.341102 0.991211 0.342161 0.990967 0.341102 0.990723 0.342161 0.989014 0.343750 0.985596 0.344280 0.986328 0.345869 0.985840 0.346398 0.986816 0.346398 0.987061 0.345339 0.987305 0.346398 0.987549 0.345339 0.988037 0.345339 0.988770 0.346928 0.989746 0.346398 0.989990 0.345339 0.990234 0.346398 0.991699 0.346398 0.991699 0.343750 0.992920 0.342691
1 0.971191 0.340042 0.969727 0.341631 0.969482 0.341102 0.969727 0.341631 0.969238 0.342691 0.967773 0.342691 0.968018 0.343750 0.967529 0.344809 0.965088 0.347458 0.962402 0.346928 0.961914 0.347458 0.961914 0.349047 0.960449 0.349047 0.960449 0.347987 0.961426 0.347458 0.960449 0.347458 0.959473 0.349576 0.958496 0.348517 0.958496 0.349576 0.957031 0.351695 0.955811 0.351165 0.955322 0.352754 0.955811 0.353814 0.955078 0.354873 0.954102 0.354873 0.953857 0.354343 0.954346 0.352754 0.953613 0.352225 0.952393 0.353814 0.953613 0.355403 0.952881 0.358051 0.952148 0.356992 0.950684 0.356992 0.950684 0.359110 0.952637 0.359640 0.952881 0.358051 0.953369 0.358051 0.953613 0.359110 0.954834 0.358581 0.955811 0.355932 0.956787 0.356992 0.957031 0.355932 0.955322 0.355932 0.955811 0.354343 0.957031 0.354343 0.957520 0.355403 0.958496 0.354873 0.958984 0.353814 0.958984 0.351165 0.960938 0.349047 0.961914 0.350106 0.963135 0.350106 0.963379 0.350636 0.962646 0.351695 0.962891 0.354873 0.963135 0.354343 0.963379 0.355403 0.963867 0.355403 0.964600 0.353284 0.964600 0.351695 0.963867 0.350106 0.964111 0.349576 0.965088 0.350636 0.967041 0.347987 0.968262 0.348517 0.968506 0.347987 0.967773 0.345869 0.969727 0.344280 0.970459 0.342161 0.970215 0.341631
1 0.163330 0.341102 0.164307 0.342691 0.165039 0.342691 0.165527 0.344809 0.166016 0.343750 0.166016 0.342161 0.166748 0.341102 0.165527 0.340042
1 0.820557 0.340042 0.820068 0.339513 0.819580 0.340572 0.818359 0.340572 0.817871 0.342161 0.820312 0.343750 0.819824 0.343220 0.820557 0.342161
1 0.368408 0.340042 0.364990 0.338983 0.358643 0.346398 0.358398 0.351165 0.354004 0.355403 0.353760 0.359110 0.349854 0.356992 0.351074 0.351695 0.347656 0.354873 0.349365 0.358581 0.344238 0.350636 0.342285 0.353284 0.343262 0.347987 0.331787 0.346398 0.318604 0.363877 0.312012 0.367055 0.311035 0.376059 0.303711 0.379237 0.302002 0.385593 0.299316 0.381886 0.298096 0.387182 0.288574 0.385593 0.291748 0.388242 0.291504 0.391949 0.293457 0.391949 0.292236 0.389301 0.293945 0.386653 0.297119 0.393008 0.296875 0.400424 0.293701 0.408898 0.296387 0.408898 0.294189 0.415254 0.294922 0.425318 0.296875 0.420021 0.297363 0.423199 0.300781 0.423199 0.298828 0.416843 0.301270 0.417373 0.298828 0.414195 0.301025 0.410487 0.302979 0.422140 0.306641 0.423729 0.308105 0.418962 0.312012 0.428496 0.314941 0.421610 0.312500 0.426907 0.309570 0.422669 0.312500 0.418962 0.307129 0.416314 0.306885 0.422669 0.303955 0.421610 0.305176 0.416314 0.302734 0.413136 0.306641 0.410487 0.301270 0.411017 0.300049 0.407309 0.299805 0.412076 0.300293 0.403602 0.298340 0.406250 0.301270 0.391419 0.301758 0.404131 0.303955 0.406250 0.302490 0.398305 0.304932 0.402013 0.305420 0.397775 0.301514 0.394597 0.304688 0.393538 0.303955 0.389301 0.307373 0.378708 0.310791 0.379767 0.317139 0.370233 0.321289 0.369174 0.330566 0.352225 0.336182 0.351165 0.338623 0.354873 0.337402 0.356992 0.344238 0.355403 0.351074 0.362288 0.355957 0.359110 0.358398 0.351165 0.360840 0.351695
1 0.409424 0.344809 0.407715 0.344280 0.406982 0.345339 0.406006 0.343220 0.404053 0.343750 0.403076 0.342161 0.403076 0.338983 0.402344 0.338453 0.401855 0.341102 0.401123 0.341631 0.400391 0.339513 0.400391 0.337924 0.399658 0.338983 0.398682 0.338983 0.397949 0.340572 0.395508 0.340572 0.394531 0.341631 0.395264 0.343220 0.395020 0.344280 0.394531 0.344280 0.394531 0.346398 0.395508 0.347987 0.396240 0.347987 0.397949 0.352225 0.399902 0.350106 0.400879 0.351695 0.401367 0.355932 0.400635 0.356992 0.399658 0.356992 0.399658 0.358581 0.397217 0.360699 0.398682 0.362818 0.398438 0.364936 0.398926 0.365466 0.399658 0.369703 0.400635 0.369703 0.400635 0.367585 0.399414 0.367585 0.398926 0.365996 0.399414 0.363877 0.398926 0.362288 0.399414 0.361758 0.399902 0.359110 0.403809 0.358581 0.404053 0.355403 0.405762 0.354343 0.406982 0.351695 0.407227 0.347987 0.408203 0.349576 0.409424 0.349576 0.409668 0.350636 0.409912 0.345869
1 0.260254 0.338453 0.259766 0.339513 0.260254 0.341102 0.259521 0.342691 0.259277 0.341631 0.260010 0.344809 0.261230 0.346398 0.261230 0.344809 0.263428 0.347458 0.263184 0.346398 0.261719 0.345869 0.261230 0.344809 0.261475 0.343750 0.260254 0.341102 0.260986 0.340572 0.261475 0.338983 0.262451 0.338453
1 0.815918 0.337394 0.815674 0.338453 0.815430 0.337394 0.814941 0.337394 0.813965 0.340572 0.812500 0.341102 0.812012 0.343220 0.811768 0.341102 0.812988 0.337924 0.811035 0.337924 0.810791 0.336864 0.810059 0.337394 0.807861 0.345869 0.807617 0.348517 0.810059 0.348517 0.811035 0.346928 0.811523 0.343750 0.813477 0.343750 0.814209 0.341631 0.815918 0.341102
1 0.627197 0.340572 0.627441 0.341631 0.628174 0.340572 0.628174 0.342161 0.630127 0.344280 0.630859 0.346398 0.631592 0.345869 0.632324 0.349047 0.633301 0.348517 0.633057 0.347987 0.633789 0.346928 0.633545 0.344809 0.634521 0.342691 0.634521 0.340042 0.631592 0.341102 0.630615 0.342691 0.629150 0.341631 0.629150 0.336864 0.628662 0.337924 0.628906 0.340042 0.628418 0.341102 0.627930 0.339513
1 0.859131 0.337394 0.858398 0.337394 0.858398 0.339513 0.856934 0.340572 0.856201 0.342691 0.855957 0.341102 0.857666 0.336864 0.855469 0.336335 0.853760 0.339513 0.854980 0.342161 0.854980 0.343220 0.854004 0.345339 0.852783 0.345869 0.852783 0.349047 0.853516 0.349576 0.854492 0.348517 0.855225 0.349576 0.857178 0.349576 0.858887 0.345339 0.858887 0.343220 0.859619 0.341631 0.859375 0.339513 0.858398 0.339513 0.858398 0.338453
1 0.657715 0.336335 0.656494 0.337924 0.656494 0.340572 0.656006 0.341102 0.656494 0.343220 0.657227 0.341631 0.657227 0.340042 0.657959 0.337924
1 0.639648 0.336335 0.639160 0.337924 0.640137 0.341102 0.641113 0.341102 0.641846 0.340042 0.641846 0.336335
1 0.291016 0.335275 0.289795 0.333686 0.289062 0.337394 0.288330 0.338453 0.289795 0.338983 0.290771 0.337924
1 0.865479 0.333157 0.864014 0.333686 0.863281 0.332097 0.862061 0.334746 0.862305 0.343750 0.861328 0.345869 0.860596 0.345869 0.861084 0.350106 0.860840 0.351165 0.862793 0.350636 0.863037 0.349576 0.864258 0.349047 0.866211 0.345339 0.866211 0.342161 0.866943 0.341631 0.866943 0.340042 0.865967 0.339513 0.865967 0.335805 0.865479 0.334746
1 0.650635 0.332097 0.650146 0.332097 0.650146 0.333686 0.649414 0.334746 0.648438 0.334216 0.648438 0.335805 0.650146 0.337924 0.650146 0.340042 0.651123 0.341102 0.650391 0.342161 0.649414 0.340042 0.648682 0.340572 0.649414 0.342691 0.650146 0.342691 0.651123 0.341102 0.652100 0.341102 0.652832 0.338453 0.652832 0.337394 0.651123 0.334216
1 0.424316 0.331038 0.423584 0.333157 0.423584 0.335275 0.424805 0.335805 0.425293 0.335275 0.425537 0.333157
1 0.956543 0.330508 0.956543 0.331568 0.957764 0.333686 0.957764 0.334746 0.958984 0.334746 0.958984 0.333157 0.958496 0.332627 0.959473 0.332097 0.958008 0.330508
1 0.529297 0.334746 0.528564 0.335805 0.529053 0.335275 0.529297 0.336335 0.527832 0.338453 0.527588 0.341102 0.525879 0.339513 0.526123 0.340572 0.525146 0.341631 0.524658 0.340572 0.525146 0.338453 0.524902 0.333157 0.524170 0.332627 0.523926 0.336335 0.521729 0.339513 0.521240 0.337924 0.521729 0.334746 0.523193 0.331568 0.522949 0.329449 0.521484 0.334216 0.519043 0.336864 0.517578 0.343750 0.515381 0.346398 0.517334 0.347458 0.516113 0.351695 0.515381 0.350636 0.514160 0.353284 0.512939 0.351695 0.510010 0.355403 0.506592 0.355932 0.506592 0.359110 0.504883 0.360169 0.504883 0.361229 0.507324 0.363347 0.506836 0.367055 0.507812 0.370233 0.510010 0.368644 0.511230 0.371292 0.510498 0.375000 0.511719 0.378708 0.514160 0.378178 0.514404 0.375530 0.512939 0.373941 0.512207 0.371292 0.513184 0.369174 0.514404 0.369174 0.514648 0.365996 0.513916 0.364936 0.511963 0.367055 0.510742 0.365466 0.511230 0.360169 0.511719 0.359640 0.512939 0.362288 0.513428 0.360699 0.513184 0.363877 0.513916 0.363347 0.513916 0.361229 0.514648 0.362288 0.514648 0.364407 0.519287 0.363347 0.520752 0.361229 0.520508 0.358051 0.521240 0.357521 0.521484 0.353814 0.524170 0.352225 0.524170 0.350106 0.523438 0.349047 0.523438 0.344809 0.524414 0.342691 0.525146 0.343220 0.524170 0.345339 0.525391 0.346398 0.526123 0.350106 0.525635 0.352225 0.527100 0.353814 0.526855 0.349047 0.527588 0.346398 0.530762 0.346398 0.530518 0.344280 0.528564 0.343750 0.528564 0.339513 0.530518 0.339513 0.529541 0.337924
1 0.219238 0.329449 0.219238 0.330508 0.219971 0.331038 0.220215 0.333157 0.221680 0.335275 0.221924 0.337394 0.221191 0.338983 0.221436 0.341631 0.220215 0.344809 0.218750 0.344809 0.218506 0.347987 0.219482 0.348517 0.219238 0.345869 0.219727 0.344809 0.221436 0.345339 0.220703 0.344280 0.221191 0.343220 0.221680 0.343750 0.221680 0.342691 0.223145 0.340572 0.223145 0.339513 0.222412 0.341631 0.221680 0.339513 0.221680 0.338453 0.222412 0.337394 0.222168 0.336335 0.223145 0.335805 0.222656 0.336335 0.221436 0.334216 0.221191 0.330508
1 0.396973 0.328919 0.395996 0.330508 0.395752 0.333157 0.396973 0.333157 0.397705 0.334746 0.398193 0.333686 0.398193 0.331038 0.397461 0.328919
1 0.835205 0.331038 0.834717 0.331568 0.832764 0.328390 0.831299 0.331568 0.831055 0.334216 0.832031 0.334746 0.832275 0.333157 0.833496 0.334216
1 0.488525 0.327860 0.487793 0.327860 0.487793 0.329449 0.487305 0.330508 0.486572 0.328919 0.486328 0.329979 0.487061 0.331038 0.486572 0.332097 0.485596 0.332097 0.484375 0.334216 0.485352 0.335805 0.486572 0.334746 0.487549 0.332097 0.488770 0.332627
1 0.854004 0.325742 0.852783 0.328919 0.852051 0.329449 0.852295 0.331038 0.851318 0.332627 0.852295 0.332097 0.852539 0.330508 0.853271 0.331568 0.852051 0.334746 0.850586 0.335275 0.852051 0.334746 0.853271 0.332627 0.853271 0.331568 0.854004 0.329979
1 0.650391 0.326271 0.650879 0.327860 0.651611 0.327860 0.651855 0.328919 0.652832 0.326801 0.652588 0.325212 0.650879 0.325212
1 0.236816 0.324682 0.237305 0.326801 0.238037 0.327860 0.238037 0.329979 0.238770 0.331568 0.238037 0.333686 0.237549 0.333686 0.239258 0.334216 0.239746 0.332627 0.238525 0.331038 0.239014 0.330508 0.239014 0.327860
1 0.377197 0.324153 0.375000 0.325742 0.374512 0.325212 0.374512 0.329449 0.374023 0.330508 0.373535 0.329979 0.373291 0.326801 0.372314 0.329449 0.371826 0.329449 0.371094 0.331038 0.370117 0.335275 0.370850 0.335805 0.372314 0.331568 0.373779 0.332097 0.374268 0.330508 0.375000 0.329979 0.375244 0.327860 0.375488 0.328390 0.377197 0.325742
1 0.689697 0.323623 0.688965 0.325212 0.688965 0.327860 0.687500 0.328919 0.687744 0.331038 0.687500 0.331568 0.687012 0.329979 0.687744 0.333157 0.689941 0.333157 0.690918 0.328919 0.690186 0.327331
1 0.442627 0.323623 0.443115 0.328919 0.444824 0.329979 0.445312 0.332627 0.445312 0.331568 0.446045 0.331038 0.446045 0.329979 0.444092 0.329449 0.443848 0.328919 0.444580 0.327860 0.444824 0.326271 0.444580 0.327331 0.443604 0.327331 0.443115 0.326271 0.443359 0.324682 0.443115 0.325212
1 0.162598 0.323623 0.161377 0.324682 0.160889 0.324153 0.160400 0.324682 0.160400 0.326271 0.159668 0.326271 0.161377 0.326801 0.161865 0.327860 0.161621 0.333157 0.161621 0.331038 0.162354 0.329449 0.161865 0.328390 0.162598 0.327331 0.161377 0.325212
1 0.694336 0.322034 0.693359 0.323093 0.693359 0.324153 0.693848 0.325212 0.693848 0.326801 0.694580 0.328390 0.695068 0.328390 0.695801 0.326801 0.696045 0.324682 0.695312 0.322034
1 0.233398 0.322034 0.233154 0.325212 0.231934 0.324682 0.228760 0.327860 0.228760 0.329979 0.229492 0.332097 0.230713 0.332097 0.232178 0.334216 0.232910 0.333157 0.230957 0.330508 0.229492 0.331038 0.229248 0.329449 0.231201 0.327331 0.232178 0.327331 0.232422 0.325742 0.233398 0.326271 0.234131 0.324682 0.233398 0.323093
1 0.211670 0.322564 0.211426 0.323093 0.211914 0.324153 0.211914 0.327860 0.210449 0.329449 0.211670 0.329449 0.212891 0.326801 0.213867 0.328919 0.215088 0.329449 0.215576 0.330508 0.215576 0.333157 0.215820 0.332627 0.216309 0.333686 0.217041 0.338453 0.217285 0.335805 0.216797 0.334746 0.217285 0.333686 0.217285 0.331568 0.214844 0.326801 0.215088 0.326271 0.214111 0.324153 0.214355 0.322034 0.213379 0.321504 0.212646 0.322034 0.212158 0.323623
1 0.533447 0.320975 0.532959 0.320975 0.532227 0.323093 0.532227 0.325742 0.532715 0.326801 0.534180 0.325742 0.534180 0.324153 0.533691 0.323093 0.533936 0.322034
1 0.973145 0.322034 0.972168 0.322034 0.972168 0.320975 0.971191 0.321504 0.970947 0.320445 0.970459 0.322034 0.968750 0.322034 0.968750 0.323623 0.967041 0.325212 0.967285 0.326271 0.967529 0.325212 0.968750 0.327860 0.967529 0.331038 0.967285 0.330508 0.968262 0.330508 0.969238 0.332627 0.969727 0.331038 0.971680 0.331038 0.970215 0.330508 0.970215 0.328919 0.969727 0.328390 0.972168 0.327331 0.972412 0.327860 0.972656 0.325212 0.972168 0.324682 0.972900 0.323623
1 0.861084 0.320445 0.860840 0.321504 0.860352 0.321504 0.861328 0.322034 0.861084 0.323093 0.861572 0.324153 0.861572 0.325742 0.860596 0.327860 0.860107 0.327860 0.859863 0.326801 0.858887 0.327331 0.858643 0.326801 0.860107 0.324682 0.858643 0.325742 0.858398 0.326801 0.858887 0.327331 0.858154 0.327860 0.859131 0.328390 0.859619 0.327331 0.860596 0.330508 0.861572 0.331038 0.862305 0.329449 0.862061 0.326801 0.862549 0.324682 0.862305 0.323093 0.861816 0.323623 0.861328 0.322564 0.861572 0.320445
1 0.527344 0.319915 0.527344 0.320975 0.526367 0.322034 0.526367 0.323093 0.524170 0.322564 0.523438 0.320975 0.523438 0.327331 0.523926 0.328390 0.525391 0.327331 0.526123 0.324153 0.527100 0.323093
1 0.274414 0.319915 0.273682 0.319915 0.272949 0.322034 0.271240 0.322564 0.272949 0.323093 0.273193 0.325212 0.273438 0.324682 0.273682 0.325742 0.272705 0.326271 0.273682 0.326271 0.273926 0.325742 0.273438 0.324682 0.274658 0.323093 0.273682 0.320975
1 0.979980 0.325742 0.979248 0.325742 0.978760 0.324153 0.978271 0.324682 0.977783 0.323623 0.979248 0.320975 0.979248 0.319915 0.978271 0.319386 0.977783 0.319915 0.977783 0.321504 0.976318 0.320975 0.975830 0.322034 0.974609 0.322564 0.974609 0.324682 0.974121 0.325742 0.975342 0.325742 0.976562 0.327331 0.977051 0.327331 0.977783 0.325212 0.979004 0.326271
1 0.543457 0.318856 0.542969 0.319386 0.543457 0.321504 0.543213 0.324153 0.543701 0.324682 0.543945 0.322564 0.544922 0.324153 0.544434 0.327331 0.544678 0.330508 0.543945 0.331038 0.544434 0.332627 0.545654 0.329979 0.544678 0.327860 0.545410 0.324682 0.545410 0.322564
1 0.503662 0.317797 0.500977 0.322034 0.497070 0.331038 0.496338 0.331038 0.495361 0.334216 0.494385 0.334216 0.494141 0.337924 0.494629 0.338983 0.495117 0.338453 0.495605 0.339513 0.496094 0.337924 0.496826 0.338453 0.497070 0.336864 0.497559 0.337924 0.496826 0.340042 0.496826 0.341631 0.495605 0.343220 0.495605 0.346398 0.494873 0.347458 0.493896 0.347458 0.493408 0.348517 0.494385 0.348517 0.493896 0.349576 0.494385 0.350636 0.494141 0.352225 0.494629 0.354873 0.495605 0.354873 0.495850 0.351165 0.496338 0.351695 0.497070 0.349576 0.497803 0.349576 0.498047 0.347987 0.497559 0.346398 0.498047 0.343750 0.498047 0.340572 0.498291 0.340042 0.498535 0.341102 0.499512 0.342161 0.499756 0.341631 0.499512 0.339513 0.500000 0.337924 0.500000 0.335805 0.501709 0.330508 0.500732 0.326271 0.503662 0.319915
1 0.341064 0.317797 0.341064 0.318856 0.339844 0.320975 0.339600 0.322564 0.341064 0.324153 0.341064 0.327860 0.342041 0.327860 0.342041 0.331568 0.342529 0.332627 0.343018 0.331568 0.343994 0.331568 0.344482 0.328919 0.342529 0.326271 0.342041 0.324682 0.342041 0.320445
1 0.264893 0.317797 0.262695 0.318326 0.264648 0.318856 0.264893 0.323623 0.264160 0.324153 0.264648 0.326271 0.264160 0.327331 0.263428 0.327331 0.262939 0.328390 0.261719 0.327860 0.260010 0.329979 0.256836 0.329449 0.258545 0.330508 0.257812 0.332097 0.255859 0.329979 0.254639 0.329979 0.256348 0.332097 0.255615 0.333157 0.255371 0.334746 0.255859 0.334216 0.257568 0.338453 0.258057 0.337394 0.256836 0.336335 0.257324 0.335805 0.256104 0.334746 0.256104 0.333157 0.257568 0.332097 0.258057 0.333157 0.258301 0.335805 0.259521 0.334746 0.260010 0.336864 0.260498 0.335805 0.259033 0.332627 0.258057 0.332627 0.258545 0.331038 0.260010 0.331568 0.260498 0.331038 0.260010 0.331038 0.260010 0.329979 0.260986 0.329979 0.261230 0.332097 0.261475 0.329979 0.262207 0.330508 0.261475 0.328919 0.261963 0.327860 0.264160 0.327860 0.265381 0.323623 0.266113 0.324682 0.265625 0.326271 0.265625 0.327860 0.266113 0.327860 0.266602 0.325742 0.264893 0.322034
1 0.834473 0.317797 0.833740 0.318856 0.834229 0.322564 0.833252 0.324153 0.833984 0.325212 0.832520 0.327331 0.833740 0.326801 0.834473 0.327860 0.834229 0.328390 0.834473 0.327331 0.833984 0.327331 0.833740 0.326271 0.834717 0.322564 0.834473 0.320975 0.834961 0.319915 0.835938 0.320445 0.836670 0.322034 0.836670 0.325742 0.835205 0.329979 0.836670 0.333157 0.837158 0.336335 0.838135 0.333686 0.839111 0.333157 0.839600 0.331038 0.838867 0.332097 0.837891 0.328390 0.837158 0.322564 0.837158 0.317797 0.835938 0.317267 0.835449 0.318856
1 0.685059 0.316737 0.683838 0.318326 0.684570 0.319915 0.684082 0.320975 0.684326 0.323623 0.683594 0.325212 0.683594 0.327331 0.687012 0.327860 0.687500 0.325212 0.687500 0.322034 0.686279 0.320975 0.685791 0.319915 0.685547 0.316737
1 0.998291 0.316208 0.998047 0.315678 0.998047 0.316737 0.996338 0.320975 0.995117 0.320445 0.995605 0.320975 0.994873 0.321504 0.994873 0.322564 0.995605 0.323093 0.995850 0.322034 0.997314 0.322034 0.998291 0.317797
1 0.397949 0.315678 0.396973 0.315678 0.395752 0.318856 0.396973 0.319915 0.397461 0.318856 0.397217 0.317797 0.398193 0.317267
1 0.474854 0.317267 0.476074 0.320975 0.477783 0.320445 0.478516 0.319386 0.479492 0.319386 0.479980 0.320445 0.480225 0.319386 0.479980 0.317267 0.479004 0.317797 0.478271 0.316737 0.478271 0.315678 0.477295 0.314619
1 0.637939 0.314089 0.637451 0.315678 0.636719 0.314619 0.636719 0.316737 0.636230 0.317797 0.636719 0.319915 0.637451 0.318856 0.637939 0.319386 0.638916 0.317267 0.638916 0.315678 0.638428 0.315678
1 0.428955 0.313559 0.429443 0.315678 0.429443 0.318326 0.429932 0.319386 0.430664 0.319386 0.431396 0.317267
1 0.256836 0.313030 0.256104 0.314089 0.256592 0.314619 0.256592 0.315678 0.255615 0.315678 0.255615 0.318326 0.256348 0.317797 0.256592 0.318856 0.257568 0.318856 0.256836 0.317267 0.256836 0.316208 0.258545 0.314619 0.257568 0.314619
1 0.217041 0.313030 0.216064 0.313559 0.216309 0.315678 0.214600 0.317797 0.213623 0.317797 0.212891 0.316208 0.212891 0.318326 0.210938 0.317267 0.215088 0.320445 0.215576 0.317267 0.217041 0.315148
1 0.731689 0.312500 0.732178 0.316208 0.732910 0.317797 0.734131 0.316208 0.734375 0.316737 0.733398 0.313559 0.733154 0.314089
1 0.670654 0.323093 0.670654 0.326801 0.671631 0.326801 0.672363 0.328390 0.672363 0.329979 0.673828 0.329979 0.675049 0.326271 0.676758 0.329449 0.678955 0.328390 0.679932 0.329979 0.679932 0.333686 0.681396 0.334746 0.682129 0.336864 0.683594 0.334216 0.684326 0.335805 0.684814 0.335805 0.685547 0.333157 0.685547 0.331568 0.685059 0.330508 0.683594 0.330508 0.683105 0.328919 0.682617 0.328919 0.682373 0.329979 0.680908 0.328919 0.680664 0.327331 0.681396 0.324153 0.680176 0.322034 0.680176 0.319386 0.680664 0.317267 0.679932 0.316737 0.678467 0.312500 0.678223 0.313030 0.679443 0.316737 0.677979 0.320445 0.676514 0.322034 0.675781 0.320445 0.675537 0.317797 0.674316 0.319915 0.673584 0.323093 0.672607 0.320975 0.671387 0.320975
1 0.384033 0.312500 0.382324 0.311970 0.380127 0.315678 0.379150 0.315678 0.377930 0.319386 0.379395 0.320975 0.378418 0.322034 0.378418 0.323093 0.378906 0.323623 0.379639 0.320975 0.378662 0.318856 0.379150 0.317267 0.379395 0.318326 0.379883 0.318326 0.379883 0.319386 0.381348 0.316737 0.381592 0.315148 0.382812 0.315148 0.383057 0.313559
1 0.532715 0.311441 0.532227 0.309852 0.531738 0.309852 0.531250 0.310911 0.531494 0.311441 0.531006 0.313559 0.530029 0.311441 0.529541 0.312500 0.530518 0.312500 0.531250 0.314089 0.531250 0.315148 0.531982 0.315148 0.532715 0.313030
1 0.694092 0.309852 0.694092 0.312500 0.695312 0.314619 0.695801 0.314619 0.696777 0.312500 0.696777 0.310911 0.695801 0.309322
1 0.434082 0.309322 0.433350 0.310381 0.433350 0.311441 0.436035 0.319386 0.436768 0.317797 0.436523 0.313559 0.435059 0.309322
1 0.252441 0.309322 0.251465 0.310381 0.250977 0.309852 0.250244 0.313030 0.249268 0.312500 0.249756 0.313559 0.249023 0.313559 0.249023 0.318856 0.250244 0.323623 0.250244 0.322034 0.249756 0.320975 0.250732 0.320975 0.250488 0.319915 0.250977 0.319386 0.249512 0.318326 0.249268 0.316737 0.251465 0.311441 0.252441 0.311970 0.252930 0.309852
1 0.722168 0.307733 0.721680 0.308792 0.721924 0.309322 0.720947 0.310911 0.721436 0.311441 0.721191 0.313559 0.722168 0.313559 0.723633 0.310911
1 0.539307 0.307733 0.538086 0.309322 0.537598 0.310911 0.537598 0.313030 0.538574 0.314089 0.539062 0.317267 0.539551 0.317267 0.539551 0.318326 0.540039 0.318856 0.540283 0.316737 0.541016 0.317797 0.539795 0.315148 0.540039 0.311441 0.541016 0.309322 0.540527 0.307733 0.539795 0.308792
1 0.440186 0.306674 0.439697 0.309322 0.441406 0.314089 0.441162 0.314619 0.441650 0.314619 0.442871 0.310911 0.442627 0.309852 0.441650 0.309322 0.440918 0.306674
1 0.986572 0.310381 0.985840 0.308263 0.984863 0.307203 0.984619 0.307733 0.983887 0.306144 0.982422 0.306674 0.983643 0.306674 0.984375 0.308792 0.983398 0.311441 0.982666 0.311441 0.982178 0.313030 0.979492 0.312500 0.979248 0.313559 0.980225 0.314089 0.980713 0.315678 0.979980 0.317267 0.979980 0.318326 0.981201 0.315678 0.981201 0.314619 0.982178 0.313559 0.982910 0.315148 0.983887 0.314619 0.984863 0.316737 0.985107 0.318856 0.985596 0.316737 0.986572 0.315148
1 0.472412 0.306144 0.472168 0.309322 0.471191 0.310381 0.471680 0.310911 0.471436 0.311970 0.471924 0.313030 0.471924 0.316208 0.471436 0.316737 0.470703 0.315678 0.469727 0.315678 0.469238 0.316737 0.468994 0.319386 0.469727 0.321504 0.468994 0.322564 0.468994 0.324153 0.469971 0.323623 0.469727 0.322564 0.470215 0.321504 0.470947 0.321504 0.470459 0.319915 0.470947 0.318326 0.472412 0.318326 0.473145 0.315678 0.473145 0.311970 0.472412 0.310381 0.472168 0.308263
1 0.476807 0.305614 0.476562 0.307203 0.477051 0.307733 0.477051 0.311441 0.477539 0.311970 0.477051 0.312500 0.479248 0.312500 0.479492 0.314089 0.479004 0.315678 0.479980 0.316208 0.480469 0.314619 0.480469 0.312500 0.480957 0.311970 0.480957 0.309322 0.479980 0.310911 0.479492 0.308792 0.478516 0.309322 0.477539 0.307203 0.478271 0.306674 0.478271 0.305614 0.477783 0.305614 0.477539 0.306674 0.477295 0.305614
1 0.858154 0.305614 0.856689 0.306144 0.855225 0.304555 0.854248 0.307203 0.855469 0.305614 0.856689 0.306674 0.857178 0.306144 0.857422 0.307203 0.855957 0.309322 0.854492 0.309322 0.853271 0.310911 0.852051 0.309322 0.852051 0.310381 0.853027 0.312500 0.854248 0.311970 0.854248 0.314089 0.854980 0.311970 0.854248 0.310911 0.854736 0.309852 0.855957 0.309322 0.856934 0.310381 0.857666 0.308792 0.857910 0.309322 0.857910 0.307733 0.858887 0.307733
1 0.354980 0.304025 0.354492 0.305085 0.354492 0.307203 0.354980 0.308792 0.355469 0.308792 0.356201 0.307203 0.356445 0.305085
1 0.867188 0.302966 0.868896 0.305085 0.866699 0.311970 0.867188 0.314089 0.868896 0.316737 0.868652 0.320445 0.869629 0.320445 0.869385 0.318326 0.869873 0.317267 0.870850 0.317797 0.870361 0.317267 0.870605 0.316208 0.872314 0.316208 0.872070 0.315148 0.873779 0.312500 0.873535 0.310911 0.874023 0.309852 0.874512 0.310381 0.874512 0.313030 0.875488 0.313030 0.875977 0.314089 0.875000 0.315148 0.874512 0.318326 0.876221 0.318856 0.876465 0.316737 0.875732 0.314619 0.876709 0.312500 0.876221 0.309852 0.876465 0.308263 0.875977 0.307733 0.874756 0.309322 0.873535 0.307203 0.873047 0.309322 0.872070 0.310911 0.869141 0.307733 0.869141 0.306674 0.870850 0.304025 0.869873 0.304555 0.869385 0.303496 0.869629 0.302966 0.868164 0.301907 0.867432 0.303496
1 0.267822 0.304025 0.267578 0.306144 0.267822 0.304025 0.265869 0.301907 0.265381 0.304025 0.264404 0.302966 0.263916 0.304555 0.263428 0.303496 0.262695 0.304555 0.262939 0.305085 0.261963 0.306144 0.262451 0.306674 0.261719 0.307733 0.261475 0.307203 0.261475 0.308263 0.261963 0.308263 0.261719 0.309322 0.261230 0.309322 0.261475 0.313559 0.261475 0.310381 0.261963 0.309322 0.263184 0.309322 0.262207 0.307733 0.262451 0.306674 0.264893 0.305085 0.266357 0.307733 0.265869 0.306674 0.266113 0.305614 0.267090 0.306674 0.266602 0.306144 0.266357 0.303496 0.267334 0.302966
1 0.255371 0.302436 0.255371 0.303496 0.255859 0.304025 0.255371 0.305614 0.256104 0.305085 0.256348 0.302966 0.256836 0.304025 0.257080 0.303496 0.258057 0.306144 0.258789 0.304555 0.258789 0.303496 0.257568 0.303496 0.255859 0.300847
1 0.650635 0.300318 0.649902 0.301907 0.649902 0.304555 0.650391 0.306674 0.652344 0.308792 0.653076 0.307203 0.652344 0.306674 0.652100 0.304025
1 0.491943 0.300847 0.490723 0.300847 0.490723 0.304555 0.489502 0.302436 0.488525 0.302436 0.487793 0.304025 0.487305 0.304025 0.488037 0.305085 0.488037 0.307203 0.489990 0.304555 0.490479 0.304555 0.490723 0.305614 0.489990 0.307203 0.489502 0.307203 0.489014 0.310381 0.488037 0.308792 0.485840 0.308792 0.486084 0.312500 0.487305 0.311970 0.487793 0.313030 0.487305 0.314089 0.486816 0.313559 0.486572 0.315148 0.486084 0.314619 0.485596 0.315678 0.484863 0.313559 0.483398 0.311970 0.483154 0.312500 0.482910 0.311441 0.482422 0.315148 0.483398 0.313559 0.484131 0.315148 0.483643 0.316737 0.482666 0.316737 0.482666 0.320445 0.483398 0.319915 0.484375 0.320975 0.484863 0.319386 0.486328 0.318856 0.487305 0.320975 0.488525 0.322034 0.489014 0.319386 0.490234 0.317267 0.490234 0.314089 0.489746 0.311970 0.492188 0.308792 0.491455 0.307733 0.490723 0.304555 0.491943 0.301907
1 0.350342 0.299258 0.349365 0.301907 0.349854 0.302966 0.351074 0.303496 0.351074 0.299258
1 0.280273 0.301377 0.281738 0.305085 0.284180 0.304025 0.284180 0.300318 0.283203 0.299258 0.281250 0.299258
1 0.697998 0.298729 0.697266 0.299788 0.697510 0.302966 0.696289 0.305085 0.696289 0.306144 0.697021 0.307203 0.697510 0.307203 0.698242 0.304025 0.698975 0.302966 0.698730 0.300318
1 0.668945 0.297669 0.670654 0.301377 0.671631 0.301377 0.670654 0.298729 0.670654 0.297140 0.669678 0.297140 0.669922 0.297669 0.669189 0.298729
1 0.237305 0.297140 0.236572 0.299788 0.236328 0.305614 0.238037 0.308263 0.238037 0.309852 0.236572 0.310381 0.235107 0.313559 0.234619 0.316208 0.235107 0.316208 0.235596 0.314089 0.237061 0.311970 0.238525 0.313559 0.239014 0.312500 0.238525 0.312500 0.238281 0.310911 0.238770 0.310381 0.239258 0.311441 0.239746 0.310381 0.239014 0.307203 0.236816 0.303496 0.237549 0.298199 0.237793 0.299258
1 0.963623 0.296610 0.962646 0.297140 0.961914 0.299788 0.961914 0.301907 0.962891 0.301907 0.962891 0.299788 0.963867 0.297669
1 0.318604 0.297140 0.318115 0.298729 0.318848 0.300847 0.318359 0.302966 0.319824 0.305614 0.320801 0.306144 0.320557 0.309852 0.321289 0.311441 0.321045 0.312500 0.323975 0.315678 0.324707 0.317267 0.324463 0.318326 0.325439 0.319386 0.325684 0.318326 0.324951 0.314619 0.323730 0.311970 0.322510 0.311441 0.322754 0.308792 0.321777 0.307203 0.321777 0.305085 0.320801 0.303496 0.320068 0.304025 0.319580 0.302966 0.319824 0.299788 0.319336 0.299258 0.319336 0.297140
1 0.653320 0.295551 0.652344 0.299258 0.653320 0.300318 0.653809 0.303496 0.654785 0.303496 0.654541 0.297669 0.653809 0.295551
1 0.392822 0.295551 0.392090 0.295551 0.392334 0.296610 0.391113 0.297669 0.390869 0.298729 0.389160 0.296610 0.388916 0.300318 0.388184 0.302436 0.386719 0.299788 0.386475 0.298199 0.385254 0.300847 0.382812 0.300318 0.382812 0.302436 0.385498 0.302436 0.385742 0.303496 0.386719 0.304025 0.386230 0.306674 0.384277 0.309322 0.384766 0.311970 0.386963 0.309322 0.387207 0.306144 0.388428 0.306144 0.389160 0.304555 0.390381 0.305085 0.390869 0.302966 0.390381 0.304555 0.389893 0.304555 0.389404 0.303496 0.389648 0.301377 0.390381 0.299788 0.391357 0.300847 0.391357 0.299788 0.392578 0.297669
1 0.212891 0.294492 0.212402 0.296610 0.212402 0.299258 0.212891 0.300318 0.214355 0.300847 0.214600 0.297140 0.213867 0.294492
1 0.650146 0.294492 0.649658 0.295021 0.649414 0.293962 0.648926 0.293962 0.647705 0.296081 0.648438 0.298199 0.649902 0.297140
1 0.677246 0.292903 0.676758 0.295021 0.676758 0.300847 0.678223 0.300847 0.679199 0.304555 0.680664 0.305085 0.681885 0.304025 0.682861 0.306144 0.681885 0.308792 0.682617 0.311441 0.682617 0.314089 0.682129 0.315148 0.682373 0.316208 0.683350 0.316208 0.683594 0.315148 0.685791 0.313030 0.687256 0.316208 0.686279 0.317267 0.687988 0.317267 0.688477 0.318326 0.687988 0.320445 0.688965 0.319915 0.689697 0.316208 0.689209 0.315678 0.688477 0.317797 0.687744 0.315148 0.688477 0.313030 0.690674 0.313030 0.691895 0.311441 0.691406 0.309852 0.691650 0.307733 0.689941 0.305085 0.690186 0.300318 0.687988 0.302966 0.687744 0.302436 0.687012 0.304555 0.687012 0.306674 0.685791 0.308263 0.684326 0.304555 0.684326 0.301907 0.684814 0.301377 0.685059 0.297140 0.683838 0.294492 0.682861 0.294492 0.682617 0.293432 0.679199 0.293962
1 0.656494 0.291314 0.655518 0.292373 0.655518 0.296081 0.656982 0.297669 0.657471 0.297140 0.657471 0.292903
1 0.510742 0.297140 0.509766 0.296081 0.509277 0.293962 0.508545 0.292903 0.508545 0.291843 0.507568 0.290784 0.506836 0.291314 0.507812 0.293432 0.506592 0.296610 0.506104 0.296081 0.504395 0.297669 0.503906 0.299258 0.503174 0.298729 0.502930 0.300847 0.502197 0.300318 0.502441 0.298199 0.501953 0.296610 0.502441 0.296081 0.501465 0.295021 0.500000 0.295551 0.500244 0.300318 0.502441 0.301377 0.502441 0.303496 0.500977 0.306144 0.502197 0.305614 0.503174 0.307733 0.504150 0.307733 0.504395 0.305085 0.505371 0.304025 0.505859 0.305085 0.505371 0.309322 0.506104 0.309852 0.506592 0.308792 0.506836 0.310381 0.508057 0.309852 0.508301 0.307733 0.509521 0.306674 0.509033 0.305085 0.509766 0.304025 0.510010 0.301907 0.510986 0.299258 0.510498 0.297669
1 0.320801 0.290784 0.320312 0.291314 0.320068 0.293962 0.321533 0.295551 0.322266 0.294492 0.322021 0.291314
1 0.261719 0.291843 0.261719 0.292903 0.260742 0.295021 0.260986 0.296081 0.261963 0.296081 0.262939 0.298199 0.262939 0.300318 0.261475 0.300847 0.263184 0.300847 0.263184 0.297669 0.262451 0.296081 0.263184 0.295021 0.264648 0.295021 0.264893 0.296610 0.267090 0.298199 0.266357 0.300318 0.266846 0.298729 0.267090 0.300318 0.266357 0.301377 0.266602 0.301907 0.267822 0.299258 0.266602 0.296610 0.265381 0.296610 0.265137 0.295551 0.266357 0.293432 0.266113 0.292903 0.264893 0.293432 0.263916 0.291843 0.264160 0.290784 0.263184 0.291314 0.263428 0.292373 0.263916 0.291843 0.264404 0.292903 0.262451 0.295021 0.261719 0.293432
1 0.222656 0.290254 0.223389 0.293962 0.223145 0.296610 0.223877 0.297140 0.224365 0.296081 0.225342 0.296081 0.226562 0.298199 0.225830 0.296081 0.227539 0.296081 0.224365 0.296081 0.224365 0.291314 0.223877 0.290784 0.223389 0.291843
1 0.239014 0.289725 0.241455 0.293432 0.240967 0.293962 0.239502 0.292903 0.242432 0.296081 0.242676 0.298199 0.241699 0.300318 0.239746 0.298199 0.238770 0.298729 0.239502 0.298729 0.240479 0.300318 0.240967 0.299788 0.240967 0.300847 0.242920 0.305614 0.244141 0.302966 0.243652 0.304555 0.242676 0.304555 0.243896 0.301907 0.244629 0.301907 0.244385 0.300847 0.243652 0.301377 0.242920 0.300318 0.243408 0.298199 0.244141 0.298199 0.243408 0.296610 0.243896 0.296081 0.245361 0.299258 0.246094 0.299258 0.246094 0.300318 0.246338 0.299788 0.247559 0.300847 0.247803 0.299788 0.248291 0.301377 0.248047 0.304025 0.248779 0.306144 0.248779 0.301907 0.247559 0.298199 0.247070 0.298729 0.246338 0.297669 0.245361 0.298729 0.243408 0.294492 0.242188 0.295021 0.241455 0.292373
1 0.668701 0.293432 0.668213 0.292903 0.667725 0.293962 0.665771 0.290784 0.666504 0.288136 0.664307 0.289195 0.664795 0.292903 0.664062 0.294492 0.664795 0.295551 0.664062 0.296081 0.664062 0.297140 0.664795 0.298199 0.664062 0.300318 0.665039 0.303496 0.663818 0.304555 0.664062 0.305085 0.663574 0.306144 0.662598 0.304555 0.662842 0.302436 0.662109 0.300847 0.662354 0.295551 0.661133 0.294492 0.658691 0.299258 0.658691 0.301907 0.659180 0.302966 0.658936 0.305085 0.657715 0.305085 0.656250 0.306674 0.656250 0.309322 0.655762 0.310381 0.654785 0.308792 0.653076 0.310911 0.652588 0.312500 0.651855 0.312500 0.652832 0.312500 0.653809 0.314619 0.653809 0.316737 0.652344 0.317797 0.652100 0.319386 0.653809 0.320445 0.654541 0.316737 0.655518 0.315678 0.656250 0.316208 0.656250 0.309322 0.657959 0.310381 0.657959 0.315678 0.658447 0.315148 0.658691 0.311970 0.660400 0.309852 0.661621 0.311441 0.661377 0.315148 0.660156 0.316737 0.660156 0.318326 0.661621 0.320445 0.662109 0.324682 0.662598 0.325742 0.664062 0.325742 0.664795 0.324682 0.664795 0.323093 0.665527 0.324153 0.665771 0.322564 0.664307 0.321504 0.665039 0.318856 0.664551 0.317267 0.664795 0.316208 0.666504 0.314089 0.667480 0.314089 0.667969 0.316208 0.669189 0.310911 0.668457 0.305614 0.666992 0.304555 0.665527 0.298729 0.666504 0.296081 0.666992 0.297140 0.668457 0.297140
1 0.675781 0.287076 0.675293 0.287076 0.674316 0.289725 0.673340 0.289195 0.673828 0.290254 0.673828 0.292903 0.673096 0.293962 0.673584 0.294492 0.673584 0.298199 0.674072 0.298729 0.674805 0.297669 0.674316 0.297140 0.675537 0.292903 0.675293 0.291314 0.676270 0.289725
1 0.637207 0.287076 0.636963 0.287606 0.637451 0.288136 0.636230 0.289195 0.635498 0.289195 0.634521 0.287076 0.632568 0.288665 0.632812 0.289195 0.631836 0.292903 0.632324 0.292373 0.632812 0.289725 0.633545 0.289725 0.634277 0.288136 0.635010 0.288665 0.635010 0.290254 0.633301 0.293432 0.633301 0.295021 0.632812 0.296081 0.633057 0.299258 0.632812 0.296081 0.634521 0.294492 0.633301 0.293962 0.635010 0.290254 0.635986 0.289195 0.637939 0.289725 0.637207 0.288665
1 0.494629 0.287076 0.494629 0.289725 0.495117 0.291314 0.496582 0.291843 0.498535 0.290784 0.498291 0.288136 0.497803 0.287076
1 0.462402 0.286547 0.461914 0.287076 0.462646 0.288136 0.462158 0.302436 0.461670 0.304025 0.461914 0.310911 0.460693 0.313030 0.459473 0.309322 0.458496 0.301907 0.457520 0.300318 0.460449 0.314089 0.459717 0.315148 0.459717 0.316737 0.460449 0.317797 0.460449 0.319386 0.459961 0.320445 0.460693 0.319386 0.460938 0.317267 0.461426 0.317797 0.461426 0.321504 0.460938 0.322034 0.460938 0.323093 0.461914 0.324153 0.461670 0.326271 0.462646 0.326271 0.462402 0.328390 0.465820 0.350636 0.466797 0.348517 0.466064 0.345339 0.465820 0.336864 0.466309 0.336335 0.466553 0.337924 0.466797 0.336864 0.465332 0.336335 0.465332 0.335275 0.464355 0.334216 0.463867 0.331038 0.464600 0.328919 0.464111 0.326271 0.464355 0.325212 0.463623 0.323093 0.464844 0.320975 0.464600 0.319915 0.465332 0.317797 0.464355 0.317797 0.464600 0.318856 0.463867 0.320445 0.463135 0.319915 0.463135 0.317797 0.463623 0.317267 0.463379 0.315678 0.464111 0.315148 0.463135 0.315148 0.462646 0.312500 0.463135 0.310911 0.463623 0.310911 0.464111 0.311970 0.464111 0.313559 0.464355 0.311441 0.463135 0.310381 0.463135 0.304555 0.463623 0.304025 0.463135 0.303496 0.463379 0.301907 0.462891 0.300847 0.462891 0.289725 0.462158 0.287076
1 0.333008 0.288665 0.331055 0.285487 0.329590 0.287606 0.327637 0.286017 0.327148 0.287076 0.327148 0.289725 0.327637 0.290784 0.327393 0.295551 0.328125 0.295551 0.327881 0.293432 0.329346 0.290784 0.329834 0.287606 0.330566 0.288136 0.330811 0.291314 0.329834 0.293432 0.330322 0.293432 0.330078 0.292903 0.330811 0.291314 0.331543 0.292373 0.332764 0.292373 0.333252 0.291314
1 0.232422 0.284958 0.231689 0.284958 0.229980 0.289195 0.229980 0.294492 0.229004 0.293432 0.228271 0.293962 0.228027 0.291314 0.227539 0.291843 0.228027 0.295021 0.229004 0.295021 0.229492 0.296081 0.228516 0.297669 0.228271 0.296081 0.227783 0.297669 0.228516 0.299788 0.228027 0.301907 0.227539 0.300847 0.227295 0.301907 0.228271 0.302436 0.227295 0.302966 0.228027 0.306144 0.226562 0.309322 0.226562 0.311441 0.227539 0.316737 0.226562 0.318326 0.227295 0.319386 0.227539 0.321504 0.227783 0.318326 0.228271 0.317797 0.228271 0.316208 0.227539 0.314619 0.228516 0.310381 0.227783 0.311441 0.227051 0.309322 0.227539 0.307733 0.229004 0.306674 0.228027 0.304555 0.228271 0.303496 0.229248 0.304025 0.229736 0.305614 0.230225 0.304555 0.229736 0.305085 0.228516 0.302436 0.229004 0.300847 0.228516 0.300318 0.228516 0.297669 0.229248 0.297140 0.229980 0.298199 0.229980 0.299258 0.230225 0.297669 0.229736 0.296610 0.230713 0.295021 0.231201 0.296081 0.230713 0.295021 0.230957 0.291843 0.231445 0.293962 0.232178 0.293962 0.231445 0.291843 0.232178 0.290784 0.230957 0.291314 0.230225 0.290254 0.230713 0.289195 0.232178 0.288665 0.231445 0.286547 0.231934 0.285487 0.232666 0.286017
1 0.984375 0.284428 0.984863 0.287606 0.985107 0.287076 0.985352 0.288136 0.986328 0.288665 0.985840 0.289195 0.986084 0.289725 0.986816 0.288665 0.988281 0.289195 0.988037 0.288136 0.988770 0.286547 0.987793 0.283898 0.987061 0.283369 0.985107 0.283369
1 0.253906 0.282309 0.254150 0.285487 0.253418 0.287606 0.252930 0.287606 0.253418 0.288665 0.251953 0.289725 0.251465 0.294492 0.251953 0.295021 0.251953 0.290254 0.253662 0.289725 0.253906 0.289195 0.253662 0.289725 0.253418 0.288665 0.254150 0.287606 0.254395 0.286017 0.254883 0.286017 0.255127 0.289725 0.256348 0.290784 0.256104 0.292903 0.257324 0.293962 0.259033 0.293962 0.259521 0.295021 0.259277 0.296610 0.258057 0.296081 0.257568 0.297140 0.257568 0.298729 0.257080 0.299258 0.257568 0.299788 0.258057 0.299258 0.257568 0.298199 0.258057 0.297140 0.258789 0.297140 0.260010 0.295551 0.258789 0.292903 0.259766 0.290784 0.259766 0.289725 0.258789 0.291314 0.258057 0.290254 0.255371 0.289725 0.255371 0.286017
1 0.514893 0.281780 0.514404 0.283369 0.514648 0.285487 0.514160 0.286017 0.514648 0.287076 0.513428 0.288136 0.512207 0.292373 0.511475 0.291843 0.510986 0.292903 0.511719 0.295021 0.511475 0.296081 0.512207 0.297140 0.513184 0.289195 0.513916 0.289195 0.515137 0.287076 0.514404 0.286547 0.514893 0.284958 0.515137 0.285487 0.514648 0.284428 0.515137 0.283369
1 0.547363 0.281250 0.546875 0.282309 0.547363 0.286547 0.546875 0.289725 0.547119 0.287606 0.547852 0.287076 0.548584 0.284958 0.547852 0.281780
1 0.690674 0.280720 0.689697 0.281250 0.688232 0.283898 0.687988 0.285487 0.688721 0.288665 0.689697 0.288136 0.690430 0.286017 0.690186 0.282309 0.690918 0.281250
1 0.698730 0.280191 0.697754 0.280191 0.696289 0.283898 0.696289 0.284958 0.697021 0.286017 0.698242 0.286017 0.698486 0.285487 0.697998 0.283369
1 0.220459 0.279131 0.220215 0.282309 0.221680 0.283898 0.222412 0.282309 0.222412 0.281250 0.221680 0.279131
1 0.894287 0.278602 0.894775 0.280191 0.895264 0.279661 0.896729 0.283369 0.898193 0.282839 0.897949 0.278072 0.897705 0.279131 0.896973 0.278072 0.895996 0.279131
1 0.492920 0.286547 0.492676 0.284958 0.492432 0.285487 0.491943 0.284428 0.491455 0.284958 0.490479 0.283898 0.490479 0.282309 0.490967 0.282309 0.491211 0.280191 0.490479 0.280191 0.489990 0.279131 0.490479 0.278602 0.489990 0.278602 0.489746 0.277542 0.487305 0.278602 0.486816 0.279661 0.487061 0.280720 0.486572 0.281780 0.486572 0.283898 0.486084 0.282839 0.486084 0.280720 0.485596 0.281780 0.484131 0.281780 0.481689 0.284428 0.481689 0.288665 0.483398 0.291843 0.485107 0.287076 0.486084 0.289195 0.487305 0.288665 0.487061 0.287076 0.487793 0.285487 0.489258 0.286017 0.490234 0.287076 0.490723 0.288665 0.489990 0.289725 0.489746 0.291314 0.490723 0.291843 0.490479 0.292903 0.490967 0.294492 0.491211 0.292373 0.492676 0.290254 0.492432 0.290784 0.492188 0.289725 0.491455 0.289725 0.491455 0.287076 0.492432 0.285487
1 0.937744 0.275953 0.938232 0.275953 0.937256 0.277013 0.937256 0.279661 0.936279 0.283369 0.933105 0.283369 0.933105 0.287606 0.935059 0.289195 0.935791 0.290784 0.935791 0.293432 0.936523 0.295021 0.937988 0.294492 0.938721 0.292903 0.939453 0.294492 0.940430 0.294492 0.940674 0.293432 0.939209 0.291843 0.939209 0.288665 0.938232 0.287606 0.938965 0.286017 0.939697 0.286017 0.939941 0.284428 0.939209 0.283369 0.938721 0.283898 0.937500 0.281780 0.937988 0.279661 0.938965 0.280720 0.939941 0.280720 0.939941 0.279661 0.937744 0.277542
1 0.671875 0.275953 0.671875 0.279131 0.672363 0.279661 0.671875 0.281780 0.673340 0.281780 0.673828 0.280191 0.672363 0.277542 0.672363 0.275953
1 0.338135 0.277542 0.337891 0.279661 0.338379 0.280720 0.339600 0.279131 0.340332 0.282839 0.341309 0.282309 0.341553 0.277542 0.340820 0.275953 0.339844 0.275953 0.338867 0.277542
1 0.251465 0.275953 0.251709 0.277013 0.251221 0.277542 0.251221 0.279131 0.250244 0.281780 0.251221 0.281780 0.251709 0.283898 0.252197 0.282839 0.251465 0.281250 0.251953 0.280191 0.252930 0.280720 0.252930 0.277013 0.251953 0.277013
1 0.644287 0.275424 0.643311 0.277013 0.643555 0.280191 0.641846 0.283898 0.642334 0.284958 0.642090 0.285487 0.642578 0.287606 0.643311 0.286017 0.643799 0.286017 0.644531 0.287606 0.644531 0.290784 0.646729 0.291314 0.646729 0.289725 0.646240 0.289725 0.645996 0.287076 0.646973 0.285487 0.647949 0.281780 0.647461 0.280720 0.646240 0.281250 0.645752 0.280191 0.645752 0.275424
1 0.396973 0.274894 0.396729 0.275424 0.397461 0.277542 0.397217 0.281250 0.397705 0.282309 0.397705 0.283898 0.396240 0.285487 0.394531 0.290254 0.393799 0.295021 0.394287 0.296081 0.396729 0.293432 0.397705 0.291314 0.398682 0.290254 0.399170 0.290784 0.399658 0.289195 0.399414 0.287606 0.398193 0.289725 0.397705 0.288665 0.398438 0.287606 0.398438 0.286017 0.399414 0.283369 0.399414 0.281780 0.400391 0.280191 0.399414 0.280191 0.398682 0.277542
1 0.393066 0.274894 0.389648 0.276483 0.388916 0.278602 0.387695 0.278602 0.387695 0.280191 0.389160 0.279661 0.390625 0.281250 0.390137 0.282309 0.389160 0.282309 0.389160 0.284958 0.390869 0.284958 0.390137 0.282839 0.390869 0.281250 0.390869 0.280191 0.392822 0.277013
1 0.256104 0.274364 0.255127 0.276483 0.254639 0.279131 0.255371 0.280720 0.255615 0.283369 0.256592 0.284428 0.256104 0.283369 0.256836 0.281250 0.255859 0.279661 0.255859 0.278602 0.257080 0.278072 0.257568 0.275953
1 0.467773 0.272775 0.466553 0.274364 0.467041 0.276483 0.466553 0.283369 0.466064 0.284958 0.465576 0.290254 0.464355 0.290254 0.464844 0.290254 0.465332 0.291843 0.463867 0.299258 0.464600 0.299258 0.465332 0.290784 0.465820 0.289725 0.466064 0.290254 0.465820 0.288665 0.466553 0.287076 0.466797 0.287606 0.467285 0.286017 0.467041 0.277013 0.468018 0.274894
1 0.426270 0.273305 0.426270 0.274894 0.428711 0.276483 0.428467 0.274364 0.427490 0.272246 0.426758 0.272246
1 0.840332 0.271186 0.839844 0.271186 0.839355 0.273305 0.838379 0.273305 0.838135 0.274364 0.838867 0.275953 0.837891 0.280191 0.837891 0.281780 0.839600 0.287076 0.839355 0.288136 0.839600 0.287076 0.839844 0.287606 0.839844 0.289195 0.840576 0.288136 0.841553 0.288136 0.839844 0.287606 0.839600 0.283898 0.838379 0.281780 0.838135 0.279661 0.839355 0.277013 0.838867 0.276483 0.839600 0.275953
1 0.927246 0.270127 0.925537 0.269597 0.925781 0.271186 0.925049 0.272246 0.923828 0.276483 0.924805 0.277013 0.925537 0.275424 0.925781 0.273305
1 0.476562 0.269597 0.476074 0.271186 0.476562 0.273835 0.476074 0.274364 0.476074 0.275953 0.476318 0.275424 0.477539 0.276483 0.477783 0.273305 0.476562 0.270657
1 0.532471 0.270127 0.533203 0.271186 0.534912 0.269597 0.535645 0.272246 0.535400 0.273305 0.536377 0.274894 0.536865 0.277542 0.537842 0.276483 0.537842 0.274894 0.537109 0.272246 0.536377 0.272246 0.535156 0.268008 0.533447 0.268008
1 0.248535 0.268008 0.248047 0.269068 0.248291 0.271186 0.247070 0.274894 0.246338 0.275424 0.245605 0.273835 0.245117 0.275953 0.245361 0.275424 0.245850 0.276483 0.245605 0.277542 0.244141 0.276483 0.244385 0.273835 0.242432 0.273305 0.242920 0.273835 0.242676 0.274364 0.243164 0.275953 0.242676 0.276483 0.241943 0.275424 0.242432 0.276483 0.243408 0.276483 0.243652 0.277542 0.244141 0.277542 0.244141 0.279131 0.243408 0.279131 0.242676 0.281250 0.243408 0.283369 0.243164 0.287076 0.243652 0.288136 0.244141 0.287076 0.244385 0.287606 0.244629 0.284958 0.246338 0.284958 0.244873 0.281250 0.245117 0.279661 0.245850 0.279661 0.247070 0.281250 0.247803 0.280191 0.248047 0.278072 0.247314 0.276483 0.247803 0.274894 0.248779 0.275424 0.247803 0.273835 0.248291 0.271716 0.249268 0.271716
1 0.405029 0.267479 0.403809 0.268008 0.402344 0.271716 0.402832 0.272775 0.402832 0.274364 0.402344 0.274894 0.402100 0.273305 0.401855 0.275953 0.402588 0.274894 0.402832 0.275424 0.403564 0.273835 0.402588 0.272246 0.402588 0.271186 0.403564 0.270657 0.404053 0.271716 0.404297 0.270127 0.405029 0.269068
1 0.683838 0.266949 0.682617 0.267479 0.682373 0.269068 0.681396 0.270657 0.682129 0.271186 0.681396 0.273305 0.682373 0.274364 0.684082 0.271186
1 0.749268 0.266419 0.748779 0.268008 0.749023 0.271716 0.748291 0.273305 0.749268 0.274894 0.750000 0.274894 0.750488 0.272775 0.750000 0.271716 0.750488 0.271186 0.750732 0.269068 0.750244 0.266949
1 0.888184 0.265890 0.885498 0.267479 0.885254 0.268538 0.885986 0.268538 0.887207 0.271186 0.886719 0.272246 0.888184 0.270127
1 0.371826 0.265360 0.370605 0.265360 0.370850 0.270127 0.369873 0.271716 0.365479 0.271186 0.364502 0.269597 0.363770 0.269597 0.363525 0.272246 0.364258 0.274364 0.364258 0.276483 0.363037 0.278602 0.363037 0.280720 0.363770 0.282309 0.363770 0.294492 0.364502 0.294492 0.364990 0.295551 0.366211 0.293962 0.365723 0.288665 0.364014 0.286017 0.365479 0.283369 0.364746 0.282309 0.366943 0.279661 0.365723 0.274364 0.366455 0.272246 0.368164 0.271716 0.369385 0.273835 0.370605 0.274364 0.370850 0.272246 0.371338 0.271186 0.371826 0.273305 0.370850 0.275424 0.371338 0.275953 0.369629 0.278602 0.369873 0.280191 0.370850 0.280191 0.370117 0.278072 0.370850 0.278072 0.371094 0.276483 0.371582 0.277013 0.371582 0.275953 0.372070 0.274894 0.372314 0.275424 0.372314 0.273305 0.372803 0.271716 0.373535 0.271716 0.373535 0.274894 0.375488 0.272775 0.374756 0.270657 0.373047 0.270127 0.373291 0.270657 0.372314 0.271716 0.371338 0.269597 0.371582 0.267479 0.372070 0.266949
1 0.342529 0.266419 0.342529 0.268538 0.343994 0.270657 0.343018 0.273835 0.343262 0.277013 0.344482 0.277013 0.345215 0.274894 0.345215 0.272775 0.345947 0.271186 0.347168 0.273305 0.349121 0.271186 0.349121 0.269068 0.348145 0.270127 0.346680 0.269597 0.345459 0.270657 0.344482 0.269597 0.344482 0.266949 0.343994 0.265360 0.343018 0.265360
1 0.908936 0.264831 0.907959 0.264831 0.906982 0.268008 0.907471 0.269597 0.907227 0.270127 0.907959 0.270127 0.908691 0.268538
1 0.424072 0.264831 0.424072 0.266419 0.424561 0.267479 0.425781 0.268538 0.426270 0.268008 0.426270 0.266949 0.425293 0.264831
1 0.464600 0.263771 0.464111 0.264831 0.463379 0.264301 0.463379 0.265360 0.461670 0.265360 0.462891 0.266419 0.463379 0.268538 0.462402 0.269597 0.461914 0.268538 0.462402 0.271716 0.463623 0.271716 0.463867 0.270127 0.464600 0.269068 0.463867 0.266949
1 0.238281 0.263242 0.238281 0.264301 0.237549 0.264831 0.237305 0.266949 0.237061 0.265360 0.236328 0.265890 0.236084 0.270127 0.237305 0.272775 0.238525 0.273305 0.238525 0.275953 0.239014 0.275424 0.239746 0.277013 0.239746 0.278602 0.240723 0.278072 0.240723 0.277013 0.236572 0.270127 0.237061 0.268538 0.238281 0.271716 0.240234 0.274364 0.236816 0.267479 0.237061 0.266419 0.238037 0.266949 0.237549 0.265890 0.238281 0.265360 0.239746 0.266419 0.241455 0.269068 0.239014 0.264831 0.239990 0.264301
1 0.862305 0.263242 0.861572 0.262182 0.860352 0.262712 0.860107 0.265890 0.859131 0.265890 0.857910 0.263771 0.857910 0.265360 0.857422 0.266419 0.857666 0.269597 0.859131 0.269597 0.859619 0.266949 0.860596 0.267479 0.860840 0.266419 0.861816 0.266419
1 0.449707 0.261123 0.448975 0.262712 0.448975 0.264301 0.449463 0.265360 0.450684 0.265890 0.450928 0.263242
1 0.933838 0.260593 0.931885 0.262712 0.931641 0.263771 0.933350 0.264831 0.933105 0.265890 0.931641 0.267479 0.931152 0.270657 0.931152 0.273305 0.931641 0.273835 0.933350 0.273835 0.933594 0.272246 0.934326 0.271716 0.933838 0.271186 0.933594 0.269068 0.934570 0.262182
1 0.839111 0.261653 0.838135 0.260593 0.838135 0.262182 0.836426 0.262182 0.836182 0.263242 0.835449 0.262712 0.834473 0.264831 0.834473 0.266419 0.833984 0.266949 0.833984 0.268538 0.834473 0.269068 0.834229 0.271716 0.834717 0.272246 0.834961 0.271186 0.835449 0.272246 0.834473 0.274364 0.834473 0.275424 0.834961 0.275424 0.834961 0.273835 0.835693 0.272775 0.835449 0.268538 0.835938 0.266419 0.836670 0.267479 0.837158 0.271186 0.837646 0.268538 0.839355 0.266419 0.838867 0.263771
1 0.669922 0.260064 0.669434 0.260064 0.668213 0.262712 0.667236 0.261123 0.666260 0.261653 0.665771 0.265890 0.666504 0.266419 0.667725 0.264301 0.668457 0.265890 0.668213 0.268008 0.669189 0.269068 0.668701 0.272775 0.669434 0.274364 0.669189 0.277013 0.666016 0.280720 0.666992 0.281250 0.666992 0.283369 0.667480 0.283898 0.667480 0.284958 0.669434 0.283369 0.669678 0.281780 0.668701 0.279661 0.668701 0.278602 0.669189 0.277542 0.669678 0.278072 0.670654 0.277013 0.671387 0.273835 0.669678 0.269068 0.670898 0.265360 0.671631 0.265360 0.672119 0.266419 0.672119 0.264831 0.671387 0.265360 0.670410 0.263242
1 0.447266 0.259534 0.446533 0.260593 0.446289 0.262712 0.447510 0.264301 0.448242 0.263771 0.448242 0.262182
1 0.346680 0.259004 0.346436 0.262182 0.347168 0.263242 0.348145 0.261653 0.348389 0.260064
1 0.660400 0.257945 0.660400 0.262712 0.659668 0.262712 0.660889 0.266419 0.661621 0.267479 0.662598 0.266419 0.662109 0.264831 0.662842 0.262712 0.662109 0.259534 0.662354 0.259004 0.662109 0.258475 0.662354 0.259004 0.661865 0.260064 0.661621 0.258475
1 0.242188 0.260593 0.245117 0.264831 0.245117 0.263242 0.246338 0.263771 0.246582 0.262712 0.246094 0.262712 0.245850 0.261653 0.245117 0.262182 0.243896 0.259004 0.242920 0.257945 0.242676 0.260064
1 0.553223 0.257415 0.553467 0.257945 0.552979 0.258475 0.552734 0.261123 0.553223 0.266419 0.555664 0.266419 0.555908 0.264301 0.553955 0.260064 0.554199 0.258475
1 0.275879 0.257945 0.274658 0.257945 0.274658 0.259004 0.273438 0.258475 0.273438 0.259534 0.272949 0.260064 0.272217 0.259004 0.272705 0.257415 0.272217 0.257945 0.272217 0.261123 0.270264 0.261123 0.269531 0.262712 0.270264 0.263771 0.271484 0.263771 0.272217 0.266419 0.271729 0.268008 0.271484 0.267479 0.271240 0.269068 0.271973 0.270657 0.271484 0.271716 0.270752 0.271186 0.270508 0.269068 0.269531 0.269068 0.269531 0.267479 0.270264 0.267479 0.270020 0.266419 0.266846 0.264301 0.267822 0.267479 0.269287 0.267479 0.269775 0.268538 0.269287 0.271716 0.270264 0.272775 0.269043 0.275953 0.269043 0.278072 0.270264 0.277542 0.269287 0.277013 0.269043 0.275953 0.269775 0.275953 0.269775 0.274894 0.270752 0.272775 0.270996 0.273305 0.272217 0.270657 0.272705 0.271186 0.272705 0.272775 0.273193 0.271186 0.272217 0.270127 0.272705 0.268008 0.272217 0.265890 0.272461 0.262712 0.271729 0.261653 0.274658 0.260593 0.274170 0.259534
1 0.219727 0.259534 0.219482 0.263242 0.220703 0.266949 0.221680 0.268008 0.221191 0.266949 0.221191 0.264831 0.222168 0.264301 0.222656 0.265360 0.222900 0.269068 0.223389 0.268008 0.224121 0.268538 0.224121 0.271186 0.225830 0.273835 0.227295 0.274894 0.227539 0.277013 0.228271 0.278072 0.228271 0.279661 0.229492 0.282309 0.229492 0.283369 0.229004 0.283898 0.229492 0.283898 0.231201 0.280191 0.233154 0.282309 0.233398 0.276483 0.232910 0.275953 0.232910 0.273835 0.233887 0.272775 0.233154 0.268008 0.232178 0.270657 0.231445 0.271186 0.231445 0.269597 0.230957 0.270127 0.229736 0.266949 0.229980 0.267479 0.229004 0.269597 0.228516 0.269597 0.227783 0.266949 0.226807 0.266419 0.225830 0.264301 0.225830 0.262712 0.226318 0.261653 0.225098 0.260064 0.224854 0.260593 0.223389 0.259534 0.222168 0.257415 0.221191 0.259004
1 0.562988 0.259004 0.561035 0.258475 0.560303 0.260064 0.560059 0.256886 0.559570 0.256886 0.558594 0.260593 0.558594 0.265890 0.559082 0.265890 0.559814 0.263242 0.560059 0.263771 0.561523 0.262712 0.562012 0.263771 0.562012 0.261653 0.562500 0.260064 0.563232 0.260064
1 0.267822 0.257945 0.266357 0.256886 0.266113 0.258475 0.265381 0.258475 0.265381 0.260064 0.264893 0.260593 0.265137 0.261653 0.263672 0.264831 0.263428 0.262712 0.263428 0.263771 0.262939 0.264301 0.263184 0.265890 0.265381 0.266419 0.265381 0.264831 0.266113 0.264301 0.265381 0.264301 0.265381 0.265360 0.264648 0.265890 0.264648 0.262712 0.265137 0.261653 0.266357 0.262712 0.266602 0.262182 0.265381 0.260064 0.267334 0.259004 0.266846 0.259004 0.266357 0.257945 0.266602 0.257415
1 0.362793 0.256356 0.361816 0.257415 0.361572 0.259534 0.363525 0.265360 0.363770 0.261123
1 0.333496 0.259004 0.332275 0.256356 0.332275 0.255297 0.331299 0.254767 0.330811 0.255826 0.330078 0.255826 0.330566 0.260593 0.329346 0.261123 0.328613 0.259004 0.328125 0.259004 0.327637 0.263242 0.329590 0.264831 0.329346 0.263242 0.330078 0.263242 0.330566 0.261123 0.331055 0.261653 0.332520 0.259004
1 0.975098 0.254237 0.973877 0.255826 0.973145 0.255297 0.972656 0.257415 0.972412 0.256886 0.971680 0.258475 0.971436 0.257945 0.971680 0.259004 0.972168 0.259004 0.972168 0.257945 0.973145 0.256886 0.973389 0.257945 0.974854 0.257945 0.975342 0.256886
1 0.945557 0.254237 0.943848 0.256886 0.944092 0.257415 0.943604 0.258475 0.944336 0.260064 0.943848 0.260593 0.943848 0.262182 0.943359 0.263242 0.941895 0.261653 0.942139 0.259534 0.941650 0.258475 0.939453 0.258475 0.940186 0.261123 0.939697 0.264301 0.939941 0.265360 0.940918 0.265890 0.941406 0.264831 0.941406 0.262182 0.941895 0.262712 0.941895 0.264831 0.942383 0.266419 0.942139 0.266949 0.943115 0.264301 0.943848 0.264831 0.943604 0.270657 0.942383 0.271716 0.942383 0.274364 0.941650 0.275424 0.941162 0.278602 0.941650 0.279661 0.940918 0.281250 0.940918 0.282839 0.942627 0.282839 0.942139 0.283898 0.941162 0.283898 0.941406 0.284428 0.940918 0.285487 0.942383 0.286017 0.942627 0.289725 0.942139 0.290254 0.943115 0.289725 0.943359 0.288665 0.943604 0.290254 0.942383 0.292903 0.942139 0.295551 0.943115 0.295551 0.943359 0.296610 0.942871 0.297140 0.943359 0.298199 0.944336 0.296081 0.943604 0.295021 0.943848 0.293962 0.944580 0.293432 0.945068 0.294492 0.946533 0.291314 0.946533 0.289725 0.945068 0.287606 0.945557 0.286547 0.946533 0.287606 0.947266 0.287076 0.948975 0.282839 0.949707 0.282839 0.950439 0.280720 0.950439 0.278072 0.951904 0.276483 0.951660 0.274894 0.950439 0.274364 0.951416 0.272246 0.952881 0.272775 0.952881 0.273835 0.953369 0.274364 0.954590 0.273305 0.953369 0.268538 0.952393 0.269068 0.951660 0.270657 0.950684 0.270657 0.949707 0.269068 0.948486 0.268538 0.948730 0.264831 0.946045 0.265890 0.945557 0.264831 0.945801 0.262712 0.945312 0.262182 0.945557 0.259534 0.946045 0.257945 0.947266 0.259004 0.947266 0.257415 0.946777 0.256886 0.946533 0.257945 0.946045 0.257945 0.945557 0.256886
1 0.896240 0.254237 0.894043 0.254767 0.894043 0.257415 0.892090 0.260593 0.891602 0.260593 0.891113 0.262182 0.891602 0.263242 0.892334 0.263242 0.892090 0.261653 0.893555 0.260064 0.894287 0.256886 0.894287 0.254767
1 0.337402 0.254237 0.336914 0.255297 0.335693 0.255297 0.335938 0.256356 0.335449 0.257415 0.336426 0.260064 0.337891 0.256356
1 0.933105 0.253708 0.931885 0.254767 0.931152 0.257945 0.932129 0.259534 0.932861 0.259534 0.933594 0.257945
1 0.682129 0.253708 0.681641 0.253708 0.681641 0.254767 0.679688 0.257945 0.679443 0.260064 0.678223 0.263771 0.678467 0.266419 0.679199 0.266949 0.680176 0.265360 0.680176 0.263242 0.679443 0.260593 0.679688 0.260064 0.681885 0.260064 0.682129 0.257415 0.681641 0.255297 0.682129 0.254767
1 0.375000 0.253708 0.374512 0.255297 0.374512 0.257415 0.375000 0.257415 0.375732 0.259004 0.376953 0.259004 0.377686 0.261653 0.378174 0.261653 0.378174 0.260593 0.378662 0.260064 0.378906 0.262182 0.378418 0.263242 0.379150 0.262182 0.379395 0.262712 0.379150 0.265890 0.380859 0.268008 0.383301 0.268008 0.382568 0.264831 0.383057 0.261123 0.382812 0.258475 0.381592 0.257945 0.381348 0.261653 0.380127 0.262182 0.379150 0.260593 0.379395 0.260064 0.377686 0.260064 0.376953 0.257945 0.376709 0.254767
1 0.259277 0.253708 0.258301 0.256356 0.257812 0.255826 0.257812 0.256886 0.259521 0.257415 0.259277 0.261123 0.260254 0.263242 0.260498 0.261653 0.261475 0.261123 0.260986 0.260064 0.260742 0.255826 0.259766 0.253708
1 0.999756 0.253178 0.998535 0.253178 0.997559 0.260064 0.993164 0.258475 0.993164 0.262182 0.992432 0.263771 0.990967 0.262182 0.990967 0.260593 0.991943 0.259534 0.990234 0.259534 0.990234 0.265360 0.989014 0.270127 0.988037 0.270127 0.987793 0.266949 0.985840 0.266949 0.984375 0.270657 0.985107 0.272246 0.983154 0.275953 0.980713 0.278072 0.978516 0.274894 0.979492 0.270127 0.979004 0.264301 0.977783 0.265360 0.978027 0.264301 0.976562 0.263242 0.974854 0.266419 0.974365 0.265360 0.973877 0.266419 0.973633 0.264831 0.973389 0.266419 0.971680 0.265890 0.972412 0.267479 0.972168 0.270657 0.972900 0.269068 0.974609 0.269597 0.973633 0.271716 0.973877 0.274894 0.973145 0.279131 0.974365 0.280720 0.976562 0.280191 0.976807 0.281250 0.977051 0.277542 0.978027 0.276483 0.979004 0.278602 0.978516 0.280191 0.979980 0.282839 0.980713 0.280191 0.981689 0.282309 0.982910 0.280191 0.984863 0.282309 0.986084 0.281250 0.984863 0.280720 0.984863 0.279131 0.989990 0.277013 0.989990 0.273835 0.991211 0.272246 0.992188 0.275953 0.991211 0.276483 0.991943 0.278072 0.990967 0.280191 0.994141 0.279661 0.994141 0.278072 0.992188 0.275953 0.991699 0.273305 0.992920 0.269068 0.992432 0.265890 0.993408 0.264301 0.994873 0.266949 0.993896 0.270127 0.995117 0.272775 0.996338 0.271716 0.998047 0.277013 0.999512 0.277013 0.999756 0.272246 0.998535 0.271186 0.995850 0.271716 0.995117 0.270127 0.995605 0.268538 0.997314 0.268538 0.997803 0.264831 0.999756 0.261653 0.999756 0.255297 0.998779 0.254237
1 0.206055 0.252119 0.206055 0.256886 0.207520 0.257415 0.207520 0.253708 0.206787 0.253708 0.206299 0.252648 0.206543 0.252119
1 0.876953 0.251589 0.875977 0.252119 0.875977 0.254767 0.875244 0.256886 0.874268 0.256356 0.873779 0.257415 0.872559 0.257945 0.872559 0.259004 0.873047 0.259004 0.872559 0.260593 0.875000 0.261653 0.875000 0.260064 0.875732 0.259534 0.875732 0.263242 0.876953 0.263242 0.876953 0.260593 0.878174 0.258475 0.877441 0.256886 0.876221 0.256356 0.877197 0.255826
1 0.868164 0.251589 0.867188 0.251059 0.866943 0.253708 0.865967 0.254237 0.865723 0.255297 0.866455 0.256356 0.866943 0.255297 0.867188 0.255826 0.867676 0.254767 0.868408 0.254767 0.868652 0.253708
1 0.409912 0.251059 0.409424 0.252119 0.408691 0.252119 0.407715 0.254237 0.407959 0.256356 0.406982 0.257945 0.406250 0.262712 0.406982 0.261123 0.407471 0.261653 0.408203 0.260593 0.408447 0.258475 0.407959 0.257415 0.409180 0.255297 0.409424 0.255826 0.409668 0.254237 0.409180 0.253178 0.409912 0.252648
1 0.215576 0.251059 0.214844 0.252119 0.214600 0.253708 0.213379 0.252119 0.211182 0.251589 0.210693 0.252648 0.211670 0.256886 0.211670 0.258475 0.210938 0.259534 0.210449 0.259004 0.210449 0.265360 0.212158 0.263242 0.212402 0.259004 0.213867 0.256356 0.214111 0.253708 0.214844 0.254237 0.214600 0.255297 0.215332 0.255297 0.216064 0.253708 0.216064 0.252119
1 0.367188 0.250000 0.367676 0.252648 0.369385 0.254767 0.372314 0.254767 0.372070 0.252648 0.370605 0.252119 0.369385 0.249470
1 0.463379 0.255826 0.463379 0.257945 0.464111 0.258475 0.464600 0.255297 0.464355 0.253708 0.465088 0.251589 0.465820 0.253178 0.465576 0.254767 0.466309 0.256886 0.467285 0.255826 0.468018 0.257415 0.468018 0.262182 0.468750 0.264301 0.469238 0.264301 0.469482 0.262182 0.470459 0.260593 0.470703 0.262182 0.471924 0.260593 0.474121 0.262182 0.474609 0.264831 0.473877 0.266949 0.472412 0.268008 0.471191 0.265890 0.470459 0.266419 0.470703 0.270657 0.473389 0.269068 0.473633 0.267479 0.474609 0.266419 0.475342 0.266419 0.475830 0.268008 0.475830 0.261653 0.477051 0.259004 0.477783 0.260064 0.478027 0.262712 0.479004 0.263771 0.480713 0.263242 0.479492 0.257415 0.479492 0.255826 0.479004 0.254767 0.479004 0.255826 0.477295 0.255826 0.476562 0.254767 0.476074 0.254767 0.475586 0.256356 0.473633 0.255826 0.472412 0.258475 0.471191 0.254237 0.469971 0.253708 0.469727 0.252119 0.469482 0.252648 0.468262 0.251059 0.468262 0.249470 0.467773 0.250000 0.467041 0.248941 0.467285 0.251589 0.466553 0.254237 0.465820 0.253178 0.466309 0.252648 0.465820 0.251059 0.466064 0.249470 0.464355 0.251589 0.464355 0.255297
1 0.906006 0.247881 0.904785 0.247881 0.904541 0.248941 0.902832 0.248941 0.902588 0.250000 0.902100 0.248411 0.899902 0.247881 0.900391 0.248941 0.900391 0.250530 0.901611 0.250530 0.901855 0.251589 0.900879 0.252119 0.900635 0.254767 0.899414 0.255297 0.900146 0.256356 0.900391 0.255826 0.901367 0.258475 0.900635 0.260064 0.899658 0.259004 0.898926 0.259004 0.898438 0.260064 0.899414 0.261653 0.898682 0.263771 0.898682 0.265890 0.897949 0.266949 0.897949 0.270657 0.898438 0.271716 0.901367 0.272246 0.902832 0.271186 0.902832 0.268008 0.904297 0.263771 0.904053 0.263242 0.904541 0.262182 0.904541 0.260593 0.903564 0.259534 0.902588 0.255826 0.903564 0.254767 0.903809 0.251589 0.904785 0.253178 0.905518 0.250530 0.905762 0.252119 0.906006 0.251059 0.906250 0.252648 0.906494 0.250000
1 0.672852 0.247881 0.672363 0.248941 0.672607 0.252119 0.673096 0.253178 0.674316 0.253708 0.674316 0.250530 0.673828 0.248411
1 0.709961 0.246822 0.708740 0.247352 0.707520 0.251589 0.707520 0.252648 0.708496 0.254237 0.708496 0.256356 0.709473 0.257945 0.709229 0.258475 0.711670 0.254237 0.711914 0.251589
1 0.253906 0.246822 0.252686 0.247881 0.253174 0.253178 0.252197 0.257415 0.252686 0.258475 0.251953 0.260064 0.251221 0.259534 0.250977 0.261123 0.251465 0.261653 0.251465 0.263771 0.250732 0.265360 0.251709 0.265890 0.253174 0.269068 0.253174 0.267479 0.251953 0.266419 0.252197 0.264301 0.251709 0.262182 0.252441 0.260593 0.252197 0.259534 0.253662 0.256886 0.253906 0.257415 0.253906 0.256356 0.253418 0.256356 0.253418 0.254767 0.254883 0.252119 0.254883 0.251059 0.254150 0.251589 0.253662 0.250530 0.253418 0.248411 0.254395 0.247881 0.254883 0.250000 0.255127 0.247881
1 0.914062 0.252648 0.913330 0.251059 0.911865 0.250000 0.911133 0.251589 0.909912 0.251589 0.909668 0.251059 0.910645 0.246822 0.909668 0.245763 0.909668 0.246822 0.908691 0.248411 0.908691 0.250000 0.908203 0.250000 0.908203 0.253178 0.906982 0.254767 0.906738 0.256886 0.905762 0.258475 0.905762 0.260064 0.906250 0.258475 0.908447 0.258475 0.910400 0.259534 0.911377 0.257945 0.912598 0.257415 0.913086 0.253708
1 0.246338 0.246822 0.245605 0.246822 0.245117 0.245233 0.244385 0.245763 0.244385 0.248411 0.243164 0.250000 0.242676 0.249470 0.242676 0.253708 0.242920 0.254237 0.242676 0.252119 0.243408 0.249470 0.245117 0.251589 0.245850 0.251059 0.247070 0.251589 0.247559 0.252648 0.247070 0.250530 0.245605 0.250000 0.245117 0.248941 0.245361 0.247881 0.246338 0.248411
1 0.560547 0.245763 0.560303 0.246822 0.561279 0.249470 0.562744 0.250530 0.563232 0.250000 0.563477 0.246822 0.562988 0.244703 0.561523 0.244703
1 0.761963 0.243644 0.761230 0.244174 0.761230 0.245763 0.760742 0.246822 0.759033 0.247881 0.760010 0.248941 0.759277 0.250530 0.759521 0.252119 0.760498 0.252648 0.760742 0.252119 0.760254 0.251589 0.760254 0.249470 0.761230 0.247352 0.762451 0.246292 0.761719 0.246292 0.761230 0.245233 0.761719 0.244174 0.762207 0.244703
1 0.197266 0.244174 0.197266 0.246292 0.199219 0.246822 0.199463 0.245763 0.199951 0.245763 0.199951 0.244703 0.199219 0.244174 0.198486 0.245233 0.198486 0.243644
1 0.681152 0.244703 0.681641 0.246822 0.682373 0.246822 0.683105 0.248411 0.683838 0.246822 0.684326 0.247352 0.683594 0.250530 0.683838 0.251589 0.684814 0.251589 0.686279 0.250000 0.686279 0.246822 0.686768 0.245763 0.685059 0.246822 0.684326 0.245763 0.684570 0.245233 0.683105 0.246292 0.682861 0.247352 0.682617 0.245763 0.683350 0.244174 0.683105 0.243114 0.682617 0.244703
1 0.522705 0.242585 0.522949 0.243644 0.522217 0.244703 0.522705 0.245233 0.522705 0.246292 0.522217 0.246822 0.522461 0.249470 0.521973 0.250000 0.522949 0.251059 0.522949 0.253178 0.522461 0.254237 0.521240 0.254237 0.520508 0.255826 0.519043 0.255297 0.519043 0.253178 0.518799 0.253708 0.518555 0.252648 0.518311 0.253178 0.518799 0.254237 0.518066 0.257415 0.518555 0.255826 0.518799 0.257415 0.519287 0.257415 0.519531 0.255826 0.520996 0.255826 0.520996 0.256886 0.521973 0.257415 0.522461 0.259004 0.522949 0.256886 0.523193 0.257945 0.523438 0.254767 0.523926 0.254767 0.524170 0.256356 0.523926 0.254237 0.523438 0.254237 0.524170 0.251589 0.525146 0.252648 0.524658 0.253708 0.525146 0.253708 0.525391 0.252648 0.524414 0.250530 0.523926 0.251589 0.523193 0.250000 0.523193 0.244703
1 0.641113 0.243114 0.641113 0.244174 0.642090 0.245233 0.642822 0.244174 0.643799 0.246822 0.644287 0.246822 0.645020 0.245233 0.644043 0.242585 0.643311 0.243644 0.642578 0.242055
1 0.318115 0.242585 0.317383 0.242055 0.316650 0.244703 0.315674 0.244174 0.315674 0.245233 0.314453 0.246822 0.314453 0.249470 0.316162 0.249470 0.316162 0.245763 0.317383 0.244174 0.318359 0.244703
1 0.701660 0.240996 0.701172 0.242055 0.701172 0.245233 0.701660 0.246822 0.702393 0.246822 0.702881 0.245763 0.702881 0.243114
1 0.737793 0.240466 0.737549 0.241525 0.736816 0.241525 0.737061 0.244703 0.737793 0.247352 0.737549 0.251589 0.738037 0.253708 0.737793 0.254767 0.738281 0.255826 0.738281 0.260593 0.737549 0.262712 0.738281 0.262712 0.738281 0.265890 0.737305 0.267479 0.737305 0.268538 0.738281 0.268008 0.739258 0.270127 0.739014 0.271716 0.738281 0.272246 0.737793 0.273835 0.739502 0.271186 0.739258 0.268538 0.739746 0.267479 0.740479 0.271716 0.740234 0.273305 0.739502 0.274364 0.739746 0.279131 0.740723 0.274894 0.741211 0.274894 0.741699 0.276483 0.741699 0.280720 0.741211 0.280720 0.740967 0.281780 0.739258 0.281780 0.738525 0.284428 0.739014 0.284958 0.738770 0.284428 0.739258 0.283369 0.740234 0.283369 0.740479 0.284428 0.739990 0.284958 0.740967 0.286547 0.740967 0.289195 0.740479 0.290254 0.739014 0.290784 0.739746 0.291314 0.739258 0.293432 0.740479 0.291314 0.741943 0.291314 0.742432 0.293962 0.742920 0.293962 0.743408 0.292903 0.742676 0.291314 0.742676 0.288665 0.743408 0.287076 0.743896 0.287076 0.744385 0.283898 0.743408 0.282309 0.742676 0.279661 0.742188 0.279661 0.741699 0.277013 0.742188 0.275424 0.742432 0.277013 0.743164 0.276483 0.743408 0.273305 0.742920 0.272246 0.742920 0.269597 0.741943 0.267479 0.741699 0.265360 0.739746 0.262182 0.740234 0.259004 0.740967 0.257415 0.740234 0.255826 0.739258 0.255297 0.739258 0.254237 0.739990 0.253178 0.739990 0.246292 0.739258 0.247352 0.739014 0.246292 0.738281 0.246292 0.738770 0.242585
1 0.411865 0.240466 0.410400 0.243644 0.409180 0.243644 0.409424 0.244174 0.408936 0.244703 0.409180 0.247352 0.409912 0.249470 0.411621 0.248411 0.412598 0.246822 0.412354 0.246292 0.412842 0.244703 0.411621 0.242055 0.412109 0.240996
1 0.656006 0.239407 0.654785 0.239936 0.655029 0.245763 0.654541 0.246822 0.655029 0.247352 0.656738 0.245233 0.656250 0.244174
1 0.730957 0.238347 0.730957 0.243114 0.731689 0.243644 0.732422 0.241525 0.731934 0.239407
1 0.680176 0.238347 0.679199 0.238877 0.680176 0.240996 0.679688 0.242055 0.679199 0.242055 0.678711 0.239936 0.678223 0.240466 0.677979 0.242585 0.677490 0.242055 0.677490 0.244703 0.678955 0.248941 0.679688 0.243114 0.680420 0.243114 0.680176 0.242585 0.680908 0.240996
1 0.558838 0.236229 0.558350 0.237288 0.558350 0.239407 0.557617 0.237288 0.554932 0.240466 0.554932 0.245233 0.553711 0.246292 0.553467 0.247352 0.553955 0.248411 0.554932 0.245763 0.555420 0.246292 0.555420 0.247881 0.556641 0.247881 0.556885 0.245763 0.556152 0.243644 0.556641 0.242055 0.557129 0.242055 0.558105 0.245233 0.559326 0.242585
1 0.540283 0.236229 0.541016 0.238877 0.541016 0.243644 0.541504 0.244703 0.540039 0.247881 0.540039 0.248941 0.540771 0.250530 0.541748 0.250530 0.541992 0.250000 0.541260 0.248941 0.541260 0.246822 0.541992 0.243114 0.542480 0.242055 0.543213 0.244174 0.544189 0.244703 0.544678 0.242055 0.544189 0.240466 0.543213 0.240466 0.542480 0.242055 0.541504 0.239936 0.541016 0.236758
1 0.773682 0.234110 0.772949 0.234110 0.772217 0.235699 0.771729 0.239407 0.772949 0.238347 0.772949 0.237288 0.773682 0.235699
1 0.778809 0.232521 0.777344 0.233051 0.777100 0.234110 0.778320 0.232521 0.778564 0.233581 0.776855 0.236758 0.774902 0.235699 0.773926 0.237818 0.775146 0.237288 0.775391 0.236229 0.776367 0.237818 0.776367 0.240466 0.775391 0.240466 0.776123 0.242055 0.776611 0.241525 0.776367 0.237288 0.777588 0.235699 0.778076 0.236229 0.778076 0.238347 0.779297 0.239407 0.779053 0.237818 0.778076 0.236758 0.778076 0.235169 0.779053 0.233051
1 0.630371 0.233581 0.630127 0.236758 0.631348 0.235699 0.631592 0.237288 0.630859 0.238347 0.632812 0.235169 0.633301 0.236229 0.633057 0.237288 0.633789 0.238347 0.633301 0.239936 0.635010 0.239936 0.634033 0.239407 0.635010 0.238347 0.634766 0.236758 0.634033 0.238347 0.634033 0.236229 0.633545 0.235699 0.635010 0.234640 0.635254 0.235699 0.635742 0.234110 0.635254 0.235169 0.635010 0.233581 0.634521 0.235169 0.633301 0.234640 0.633789 0.235169 0.633057 0.235699 0.632324 0.233051 0.632324 0.234640 0.631592 0.235699 0.631104 0.234110 0.631104 0.231992 0.630859 0.233581
1 0.657227 0.234110 0.658691 0.239936 0.659668 0.237818 0.660156 0.239936 0.661621 0.238877 0.661865 0.235169 0.660889 0.232521 0.660400 0.232521 0.659912 0.234110 0.658691 0.231462
1 0.958740 0.230932 0.957275 0.230932 0.956543 0.233051 0.955811 0.232521 0.955078 0.234110 0.955078 0.235699 0.953125 0.236758 0.952881 0.239936 0.951172 0.243114 0.950928 0.242585 0.950928 0.244703 0.950195 0.244703 0.949463 0.242585 0.950195 0.242055 0.949707 0.241525 0.947266 0.246822 0.947266 0.251059 0.947998 0.251589 0.947754 0.253178 0.949463 0.249470 0.950439 0.251059 0.950684 0.254767 0.951660 0.256886 0.950195 0.259534 0.949463 0.262712 0.950684 0.262182 0.951904 0.260064 0.953125 0.260593 0.953857 0.262712 0.956299 0.261123 0.956787 0.262182 0.956299 0.263242 0.956543 0.264301 0.958984 0.263771 0.959473 0.262712 0.959473 0.260593 0.959229 0.261123 0.958740 0.260064 0.958740 0.258475 0.959229 0.257945 0.959717 0.253708 0.960693 0.252119 0.960938 0.250530 0.960693 0.251059 0.959961 0.250000 0.959717 0.248411 0.958496 0.247881 0.958496 0.246822 0.957520 0.244703 0.958008 0.240996 0.957764 0.241525 0.957275 0.240466 0.957520 0.237288 0.957031 0.238877 0.956055 0.239936 0.955566 0.239407 0.955566 0.240996 0.954590 0.242585 0.954102 0.241525 0.954590 0.240466 0.953857 0.239936 0.954590 0.239407 0.954102 0.238877 0.955566 0.235699 0.956543 0.235169 0.957275 0.233581 0.958252 0.233581 0.958496 0.234640 0.959229 0.233581 0.959229 0.231992
1 0.879883 0.238347 0.880859 0.236229 0.881104 0.236758 0.882080 0.235699 0.883301 0.235699 0.883789 0.236758 0.884033 0.239936 0.884766 0.240996 0.885498 0.239407 0.886719 0.238877 0.886963 0.236758 0.887939 0.236758 0.888184 0.238877 0.887451 0.238877 0.887939 0.240466 0.887939 0.242585 0.888184 0.240996 0.888672 0.240996 0.888672 0.242585 0.889160 0.242585 0.890137 0.240996 0.890625 0.237288 0.892090 0.236229 0.891602 0.234110 0.891846 0.233581 0.891113 0.231992 0.890625 0.231992 0.890625 0.235169 0.889648 0.236758 0.888916 0.236758 0.888672 0.234640 0.887939 0.234110 0.886719 0.230932 0.886230 0.233051 0.886719 0.233581 0.885986 0.235169 0.885742 0.234110 0.883545 0.234110 0.883057 0.233051 0.883301 0.231992 0.882324 0.230403 0.880859 0.232521 0.880371 0.235169 0.880615 0.235699 0.879883 0.237288
1 0.245605 0.231462 0.245605 0.234110 0.246582 0.236229 0.247803 0.237288 0.249268 0.235169 0.248779 0.235169 0.248535 0.234110 0.248291 0.234640 0.248047 0.233581 0.247803 0.234110 0.247314 0.232521 0.247559 0.231462 0.246826 0.231462 0.247070 0.230403 0.246582 0.231462
1 0.706543 0.229343 0.706299 0.233051 0.706787 0.234110 0.708008 0.234110 0.708740 0.233051 0.708984 0.230932 0.708252 0.229343
1 0.515137 0.228814 0.514160 0.229873 0.513916 0.231992 0.514160 0.233581 0.515625 0.235169 0.515869 0.234110 0.516846 0.233581 0.516602 0.230403
1 0.250732 0.230403 0.250977 0.233581 0.252441 0.234110 0.252930 0.235169 0.252930 0.239407 0.254150 0.240466 0.254639 0.243644 0.255371 0.243114 0.256348 0.245763 0.255859 0.248411 0.256592 0.249470 0.257568 0.249470 0.258301 0.251059 0.259033 0.250530 0.257812 0.247352 0.257324 0.247881 0.256592 0.246822 0.256592 0.245233 0.257080 0.245233 0.256348 0.244174 0.256348 0.242055 0.257080 0.241525 0.254639 0.239936 0.253906 0.238347 0.253906 0.236229 0.253174 0.234640 0.253662 0.233581 0.254395 0.235169 0.254395 0.236758 0.254883 0.235699 0.255859 0.236758 0.257080 0.236758 0.256104 0.234640 0.256348 0.233051 0.255127 0.233051 0.255371 0.234640 0.254395 0.235169 0.252441 0.229873 0.253174 0.228814 0.252197 0.228814 0.252197 0.232521
1 0.389893 0.228284 0.391113 0.231992 0.391357 0.235699 0.392822 0.236229 0.392578 0.235699 0.393555 0.233581 0.394287 0.234640 0.393799 0.233051 0.393799 0.230403 0.392822 0.229873 0.392822 0.231462 0.391846 0.231462
1 0.240234 0.230932 0.239990 0.231992 0.239502 0.230403 0.238037 0.231992 0.236572 0.231992 0.235352 0.229343 0.235840 0.228284 0.234619 0.228284 0.234131 0.230932 0.233643 0.230403 0.232422 0.231992 0.231934 0.231462 0.231934 0.232521 0.230469 0.235699 0.229980 0.238347 0.229004 0.236229 0.229492 0.234640 0.227783 0.234110 0.227051 0.235699 0.227051 0.238877 0.226562 0.239936 0.224609 0.239936 0.225098 0.244703 0.224854 0.246292 0.225342 0.248411 0.224365 0.250000 0.223145 0.247881 0.223877 0.247352 0.223389 0.244174 0.222412 0.242585 0.222656 0.240996 0.221924 0.239936 0.221191 0.243114 0.222168 0.245233 0.222656 0.245233 0.222656 0.247352 0.222412 0.247881 0.221924 0.246822 0.220703 0.248411 0.221680 0.248941 0.221924 0.247881 0.222656 0.251059 0.221924 0.252648 0.220703 0.253178 0.220215 0.254767 0.221436 0.254767 0.221924 0.253708 0.222656 0.254237 0.223389 0.253178 0.223633 0.254237 0.224854 0.254237 0.226074 0.249470 0.227539 0.250000 0.228271 0.248941 0.229004 0.250530 0.228760 0.251589 0.229248 0.251589 0.228760 0.246292 0.229492 0.244703 0.229492 0.242055 0.229980 0.240996 0.230469 0.242585 0.231445 0.240466 0.232666 0.240466 0.233398 0.242055 0.233398 0.246822 0.234375 0.246822 0.234863 0.245233 0.235352 0.245763 0.235107 0.244703 0.235596 0.243644 0.236572 0.244703 0.237305 0.242585 0.238281 0.243114 0.239990 0.242055 0.240479 0.239936 0.238281 0.236229 0.238037 0.234110 0.239014 0.233051 0.239990 0.233581
1 0.506592 0.231992 0.506104 0.233051 0.505615 0.236758 0.505859 0.236229 0.506104 0.237288 0.506592 0.237288 0.507812 0.239936 0.507812 0.240996 0.509521 0.243114 0.510010 0.246292 0.512451 0.246292 0.512695 0.245763 0.511230 0.245763 0.510742 0.244703 0.510742 0.242055 0.511230 0.240996 0.510986 0.238877 0.511719 0.237288 0.511963 0.238347 0.512451 0.238347 0.512451 0.236229 0.508789 0.235699 0.509521 0.233581 0.509033 0.231462 0.509766 0.230403 0.510498 0.231992 0.511719 0.229343 0.511719 0.228284 0.510742 0.227754 0.510010 0.229873 0.509277 0.229343 0.507568 0.232521
1 0.886719 0.229873 0.887695 0.228814 0.888916 0.229343 0.890137 0.227225 0.887451 0.226165 0.887451 0.227754
1 0.354004 0.226165 0.353760 0.230403 0.354248 0.231992 0.354248 0.234640 0.354980 0.234640 0.354980 0.235699 0.355469 0.235699 0.355713 0.233051 0.356934 0.234110 0.358398 0.232521 0.357666 0.231992 0.357666 0.229343 0.356934 0.226695 0.355713 0.226695 0.354980 0.225636
1 0.365479 0.228284 0.364746 0.227225 0.364502 0.228284 0.364014 0.228284 0.362793 0.225106 0.362305 0.226165 0.360840 0.226695 0.359619 0.228814 0.358887 0.227754 0.358887 0.233581 0.358398 0.234110 0.358398 0.237288 0.357910 0.239936 0.361084 0.240466 0.362061 0.243114 0.363525 0.243114 0.363281 0.240466 0.364014 0.239936 0.364014 0.236229 0.364746 0.234640 0.366699 0.234640 0.365479 0.234640 0.364258 0.231992 0.364014 0.233051 0.363525 0.232521 0.364014 0.230932 0.364990 0.230403
1 0.412842 0.224576 0.412109 0.225636 0.412109 0.227754 0.413330 0.228814 0.413818 0.227225 0.414062 0.227754 0.414062 0.226165
1 0.258301 0.224576 0.258301 0.229873 0.258789 0.230932 0.258545 0.233581 0.259033 0.233581 0.259766 0.235169 0.260254 0.233581 0.260254 0.231462 0.259766 0.231992 0.259277 0.229873 0.259521 0.229343 0.258301 0.227754 0.259277 0.226695 0.259277 0.224576
1 0.892578 0.225106 0.893066 0.226165 0.892822 0.226695 0.893311 0.226165 0.893555 0.227225 0.895508 0.227225 0.896973 0.226165 0.895996 0.224047 0.895508 0.224047 0.894775 0.225636 0.894043 0.223517
1 0.342773 0.225636 0.341553 0.226165 0.340576 0.228814 0.340088 0.227754 0.338379 0.228284 0.336914 0.227225 0.336914 0.225106 0.335693 0.222987 0.334961 0.222987 0.333740 0.226695 0.333984 0.231992 0.334961 0.234110 0.334473 0.236229 0.333984 0.235169 0.332275 0.237818 0.331543 0.236229 0.331787 0.235169 0.330078 0.232521 0.329346 0.234110 0.328369 0.234110 0.327637 0.237818 0.327881 0.238877 0.332031 0.239936 0.332031 0.238347 0.332520 0.237818 0.333984 0.239936 0.333984 0.242585 0.333496 0.243114 0.333740 0.245233 0.334473 0.245233 0.335205 0.242055 0.336426 0.241525 0.336670 0.239936 0.337402 0.241525 0.338379 0.240466 0.338379 0.237818 0.336426 0.237288 0.335938 0.236229 0.336426 0.235169 0.336670 0.235699 0.336914 0.233581 0.338379 0.233581 0.339600 0.231462 0.340332 0.231462 0.340820 0.232521 0.340088 0.233051 0.341797 0.236758 0.342529 0.236758 0.342773 0.234640 0.343262 0.234110 0.342773 0.233051 0.343750 0.231462 0.343506 0.228814 0.342773 0.227225
1 0.885254 0.222458 0.883789 0.221398 0.883789 0.222458 0.882812 0.224576 0.882812 0.226695 0.884521 0.226165 0.884521 0.225106 0.885254 0.225106
1 0.313721 0.220339 0.312500 0.226165 0.313477 0.226695 0.314941 0.229873 0.316406 0.227754 0.315918 0.227225 0.315918 0.226165 0.315674 0.226695 0.314941 0.225106 0.315186 0.224576
1 0.904785 0.219809 0.904785 0.221928 0.903809 0.222458 0.903809 0.225106 0.904053 0.224576 0.904297 0.225636 0.904541 0.224576 0.904785 0.225636 0.905518 0.224576 0.905762 0.226165 0.905518 0.224576 0.906006 0.223517
1 0.295898 0.222458 0.296631 0.227754 0.296875 0.226695 0.296387 0.224576 0.296875 0.223517 0.297607 0.223517 0.298096 0.224576 0.299805 0.225106 0.300049 0.226165 0.299805 0.224576 0.300293 0.224047 0.302246 0.228814 0.300781 0.225106 0.300781 0.224047 0.299561 0.222987 0.299072 0.221928 0.299072 0.220339 0.298828 0.220869 0.298096 0.219280 0.298096 0.221398 0.296875 0.220869
1 0.657227 0.219809 0.656982 0.220869 0.657959 0.222987 0.657959 0.225636 0.658203 0.224576 0.659424 0.225106 0.659424 0.230403 0.660156 0.230403 0.659912 0.227754 0.661621 0.224576 0.661377 0.223517 0.661865 0.222987 0.661865 0.220339 0.661377 0.219280 0.660400 0.220339 0.659912 0.218750 0.658691 0.219280 0.659912 0.219809 0.660156 0.221398 0.659668 0.222458 0.658447 0.222458 0.657959 0.220339
1 0.217529 0.218220 0.217041 0.218220 0.216553 0.219809 0.218750 0.226165 0.218018 0.229873 0.216797 0.231992 0.215820 0.229873 0.215576 0.230932 0.214844 0.230932 0.213867 0.233581 0.214111 0.237288 0.214600 0.237818 0.214600 0.239407 0.215088 0.240466 0.214600 0.242055 0.214600 0.246292 0.215088 0.248411 0.215820 0.248411 0.217529 0.244703 0.217773 0.245233 0.217285 0.243114 0.217773 0.243114 0.218018 0.242055 0.218262 0.242585 0.218506 0.239936 0.221191 0.236229 0.220703 0.235699 0.221191 0.235169 0.220947 0.233581 0.221680 0.232521 0.221191 0.232521 0.220947 0.233581 0.220215 0.231992 0.220215 0.230403 0.220947 0.229873 0.220215 0.229873 0.219727 0.228814 0.219238 0.228814 0.218994 0.229873 0.218506 0.227754 0.218994 0.226695 0.219727 0.227225 0.219971 0.226165 0.219482 0.225636 0.220459 0.225106
1 0.475342 0.217691 0.475586 0.220869 0.479248 0.220869 0.477295 0.216631
1 0.710693 0.216102 0.710449 0.219809 0.712158 0.220339 0.711670 0.218220 0.712646 0.218220 0.712646 0.220869 0.711914 0.221928 0.711914 0.222987 0.712158 0.222458 0.712646 0.223517 0.715088 0.220869 0.714355 0.218220 0.714600 0.217691 0.714111 0.217691 0.713623 0.216102 0.712402 0.216102 0.712158 0.217691 0.710938 0.217161
1 0.972656 0.215042 0.971680 0.217691 0.971680 0.219809 0.971924 0.219280 0.972168 0.220339 0.971436 0.224576 0.972412 0.226165 0.973633 0.226165 0.973877 0.225106 0.972656 0.221928 0.973389 0.220339 0.972656 0.219280 0.972412 0.216102 0.972900 0.215572
1 0.745361 0.215042 0.743652 0.217161 0.743164 0.221398 0.744385 0.220339 0.744385 0.217691 0.745361 0.216102 0.745605 0.216631
1 0.331543 0.224576 0.331055 0.224047 0.331299 0.223517 0.329834 0.223517 0.329102 0.221928 0.329346 0.220869 0.329834 0.220869 0.328369 0.218750 0.326172 0.218220 0.325684 0.217161 0.325928 0.216631 0.327393 0.216631 0.326904 0.215042 0.324463 0.216102 0.324707 0.217691 0.323486 0.220339 0.323730 0.224576 0.322510 0.227225 0.321533 0.224576 0.320068 0.224047 0.318848 0.225106 0.318848 0.226165 0.319824 0.227754 0.321289 0.227754 0.321533 0.226695 0.322021 0.227754 0.324219 0.228284 0.324951 0.227754 0.325684 0.225106 0.326660 0.226695 0.328613 0.226695 0.329590 0.227754 0.330078 0.225106
1 0.665039 0.215042 0.665039 0.218220 0.665771 0.219809 0.666260 0.219809 0.667236 0.218220 0.667236 0.216102 0.666748 0.214513
1 0.310059 0.214513 0.308838 0.214513 0.308594 0.215572 0.309082 0.216102 0.308350 0.216631 0.308350 0.217691 0.306641 0.217161 0.306641 0.214513 0.305176 0.214513 0.306641 0.215572 0.305420 0.217161 0.304688 0.215572 0.305420 0.217161 0.305176 0.218220 0.304443 0.218220 0.301514 0.214513 0.302979 0.216631 0.302734 0.217691 0.303467 0.217161 0.303955 0.218220 0.303223 0.219280 0.304688 0.222458 0.304443 0.228814 0.304932 0.228284 0.305664 0.229343 0.305176 0.228284 0.305176 0.221928 0.305908 0.222458 0.306152 0.224047 0.306885 0.224047 0.306641 0.222458 0.307129 0.222458 0.307373 0.221398 0.306396 0.220339 0.306396 0.218750 0.308350 0.219280 0.307861 0.218220 0.308594 0.217691 0.309082 0.219280 0.310059 0.219280 0.310791 0.220869 0.310547 0.222458 0.311035 0.224047 0.311279 0.223517 0.310791 0.217161 0.309814 0.215042
1 0.399170 0.213453 0.400146 0.215042 0.401855 0.222458 0.402344 0.221928 0.401855 0.221398 0.401367 0.218220 0.401367 0.215042 0.400879 0.213983
1 0.804688 0.213453 0.804688 0.215042 0.803711 0.216631 0.803711 0.217691 0.804199 0.218750 0.806396 0.219280 0.806885 0.217691 0.806885 0.213983 0.805176 0.212924
1 0.790283 0.217161 0.788086 0.218220 0.787354 0.219809 0.788086 0.220339 0.785645 0.224576 0.784424 0.224576 0.783203 0.221398 0.783936 0.219809 0.784180 0.220339 0.783691 0.219280 0.784668 0.217691 0.785400 0.217691 0.785645 0.219809 0.786377 0.219809 0.786621 0.218750 0.785645 0.217691 0.786621 0.212924 0.784668 0.213983 0.783447 0.216102 0.784912 0.215042 0.785645 0.215572 0.784668 0.217691 0.782715 0.219809 0.781250 0.223517 0.781982 0.223517 0.782715 0.220339 0.783936 0.225106 0.782959 0.225636 0.782715 0.226695 0.782227 0.226165 0.781738 0.228284 0.781494 0.227754 0.781006 0.228814 0.779297 0.229343 0.780029 0.229873 0.780762 0.228814 0.781250 0.230403 0.782227 0.230932 0.781250 0.233051 0.782715 0.230932 0.782227 0.230932 0.781250 0.228814 0.782227 0.226695 0.785400 0.224576 0.785889 0.225106 0.785400 0.226695 0.785889 0.226695 0.787109 0.223517 0.787109 0.222458 0.788818 0.219809 0.789307 0.217691
1 0.253906 0.213453 0.252930 0.212924 0.251953 0.215572 0.250977 0.215572 0.249756 0.213453 0.250244 0.217161 0.246826 0.221398 0.245605 0.220339 0.245361 0.220869 0.246094 0.222458 0.245361 0.224576 0.244629 0.224576 0.244629 0.226165 0.245605 0.226165 0.245850 0.225106 0.245361 0.224576 0.246094 0.224047 0.246582 0.228284 0.248291 0.229873 0.247559 0.227754 0.248047 0.226695 0.249023 0.227225 0.248779 0.226165 0.247803 0.225106 0.247070 0.226695 0.246582 0.225636 0.247070 0.222987 0.247559 0.222987 0.247559 0.221398 0.248291 0.220339 0.249268 0.224576 0.249512 0.224047 0.249023 0.223517 0.250244 0.222458 0.249268 0.221928 0.249023 0.222987 0.248779 0.220869 0.250000 0.219280 0.250977 0.219809 0.250732 0.218750 0.251953 0.216102 0.253662 0.217691 0.252930 0.219280 0.254150 0.219809 0.254395 0.219280 0.253662 0.218220 0.253418 0.215572
1 0.965820 0.212394 0.965332 0.215042 0.964355 0.215042 0.963623 0.217161 0.961426 0.219809 0.961670 0.220339 0.960938 0.224576 0.961914 0.224047 0.962158 0.224576 0.961670 0.225106 0.962402 0.226695 0.961670 0.228284 0.961914 0.232521 0.961182 0.233051 0.960938 0.234640 0.961670 0.236229 0.963135 0.235699 0.963379 0.236758 0.964111 0.236758 0.964111 0.234110 0.964600 0.233051 0.965088 0.235169 0.965820 0.235169 0.966064 0.234110 0.966309 0.235169 0.966553 0.234110 0.967041 0.234110 0.967285 0.235169 0.968506 0.235699 0.968994 0.237818 0.970215 0.237288 0.969482 0.237288 0.968994 0.236229 0.969971 0.231992 0.969971 0.229343 0.969482 0.228284 0.969971 0.224047 0.968750 0.222987 0.968750 0.220869 0.968262 0.220339 0.968994 0.218750 0.969971 0.219280 0.969238 0.216102 0.969727 0.215042 0.969238 0.214513 0.968994 0.215572 0.968750 0.214513 0.968506 0.216102 0.967285 0.213983 0.966797 0.211864
1 0.838135 0.211864 0.836670 0.216102 0.835449 0.216102 0.834473 0.217691 0.834961 0.218220 0.834961 0.220869 0.835449 0.222458 0.834473 0.224047 0.834961 0.224576 0.834961 0.226695 0.834229 0.226695 0.834229 0.227754 0.833008 0.228284 0.833984 0.229343 0.833008 0.230932 0.833496 0.231992 0.833496 0.235699 0.833008 0.236229 0.833496 0.237288 0.833496 0.243114 0.834473 0.245763 0.834473 0.248411 0.834961 0.248941 0.834961 0.250530 0.836670 0.250530 0.837402 0.252119 0.837402 0.254767 0.837891 0.253708 0.839355 0.253708 0.838379 0.253178 0.837646 0.251589 0.837402 0.247352 0.837646 0.243644 0.838135 0.243114 0.837891 0.237818 0.838623 0.235699 0.837646 0.234110 0.836914 0.235169 0.836182 0.233581 0.836182 0.230403 0.836670 0.229343 0.836914 0.230403 0.837646 0.229873 0.837402 0.226165 0.838135 0.225106 0.838135 0.221398 0.837646 0.220339 0.838379 0.219280 0.837891 0.218220 0.837891 0.216631 0.838867 0.214513 0.839355 0.214513
1 0.681641 0.211864 0.681152 0.215572 0.683105 0.217691 0.682617 0.218750 0.682617 0.223517 0.683105 0.224576 0.684082 0.221398 0.683838 0.219280 0.684326 0.218220 0.684570 0.220339 0.685059 0.219809 0.685059 0.218750 0.684326 0.218220 0.684326 0.215572 0.683594 0.215042 0.683105 0.211864
1 0.370361 0.211864 0.370117 0.214513 0.371094 0.216631 0.370850 0.220869 0.370361 0.220869 0.370117 0.221928 0.370605 0.223517 0.371582 0.222458 0.372559 0.219809 0.372559 0.217161 0.371338 0.217161 0.371338 0.213453
1 0.339844 0.210805 0.338867 0.210805 0.338135 0.211864 0.337646 0.214513 0.337158 0.215042 0.338867 0.219280 0.338379 0.220339 0.338623 0.224047 0.339111 0.224047 0.338867 0.221398 0.340332 0.219280 0.339355 0.217161 0.339844 0.215572 0.340576 0.215042 0.340820 0.211864 0.340576 0.212394
1 0.310791 0.210805 0.310547 0.211864 0.311279 0.213983 0.311279 0.215572 0.311768 0.216631 0.311523 0.215572 0.312256 0.214513 0.312744 0.217161 0.313232 0.217691 0.312988 0.215572 0.313477 0.215042 0.312744 0.212394 0.312256 0.213453 0.311768 0.211864
1 0.319336 0.208686 0.319336 0.215042 0.320312 0.215572 0.320557 0.210805 0.319824 0.208686
1 0.930664 0.207097 0.929688 0.208686 0.930176 0.212394 0.931396 0.214513 0.932129 0.210805 0.932861 0.210275 0.933350 0.211335 0.933105 0.208686 0.933350 0.209746 0.932861 0.210275 0.932373 0.208686
1 0.229248 0.205508 0.228516 0.206038 0.227051 0.209216 0.227051 0.207627 0.226074 0.208157 0.226074 0.209746 0.226562 0.210275 0.226562 0.215572 0.224854 0.218220 0.224365 0.220339 0.223633 0.220339 0.224609 0.224576 0.224365 0.228284 0.225098 0.229873 0.226807 0.230932 0.228271 0.230403 0.228271 0.229343 0.228760 0.228284 0.229004 0.228814 0.229004 0.227754 0.227783 0.225636 0.228027 0.221398 0.228760 0.219280 0.229248 0.221398 0.230713 0.221398 0.230469 0.220869 0.231445 0.219280 0.230957 0.215572 0.231445 0.214513 0.231934 0.216102 0.232422 0.215572 0.230957 0.212394 0.231201 0.214513 0.229736 0.216631 0.229492 0.216102 0.229736 0.214513 0.229248 0.213453 0.230469 0.210275 0.231445 0.209216 0.231445 0.207097 0.231201 0.207627
1 0.345459 0.204979 0.344971 0.208157 0.345215 0.209216 0.346191 0.209746 0.346924 0.208157 0.346924 0.206038
1 0.803711 0.204449 0.802979 0.206038 0.802979 0.208686 0.801514 0.211335 0.802490 0.211864 0.802734 0.212924 0.802246 0.214513 0.803223 0.213453 0.802979 0.209746 0.803467 0.207627 0.802979 0.207097 0.803955 0.205508
1 0.384277 0.203919 0.383789 0.206568 0.382568 0.208686 0.384277 0.211864 0.383057 0.212394 0.384277 0.212394 0.385986 0.214513 0.384277 0.210805 0.384766 0.209216 0.385742 0.210275 0.385742 0.207627 0.384521 0.206568 0.385254 0.204449
1 0.232422 0.203919 0.232422 0.205508 0.233398 0.207097 0.234619 0.207627 0.235596 0.206568 0.234375 0.203919 0.232666 0.204979
1 0.304688 0.205508 0.303955 0.203390 0.303711 0.203919 0.304443 0.204979 0.304443 0.206568 0.303467 0.207097 0.302490 0.204449 0.301514 0.206038 0.301025 0.208686 0.300293 0.208686 0.300537 0.209746 0.300049 0.210805 0.299316 0.209216 0.298340 0.208686 0.300293 0.211335 0.302246 0.211335 0.301270 0.209216 0.302002 0.208686 0.301514 0.206038 0.302979 0.205508 0.303955 0.209216 0.304688 0.209746 0.304688 0.210805
1 0.548340 0.202860 0.546875 0.206038 0.548584 0.209216 0.549561 0.207097 0.549805 0.204979
1 0.519775 0.202860 0.520996 0.205508 0.521240 0.208157 0.521973 0.210275 0.521729 0.207627 0.522461 0.206568 0.522705 0.204449 0.521973 0.202860 0.521484 0.202860 0.521240 0.203919 0.520508 0.202331
1 0.913818 0.201271 0.911865 0.201271 0.911865 0.202331 0.910645 0.205508 0.909912 0.203390 0.909424 0.203390 0.910400 0.204979 0.910400 0.206568 0.911621 0.206568 0.913330 0.203919
1 0.254395 0.203390 0.254883 0.204449 0.255371 0.204449 0.256104 0.202860 0.257324 0.203919 0.257812 0.202331 0.255371 0.201271 0.255371 0.202331
1 0.202881 0.206568 0.202881 0.202331 0.201660 0.200742 0.200928 0.201801 0.200195 0.201271 0.199951 0.202331 0.198975 0.201271 0.196777 0.203919 0.197021 0.204979 0.199951 0.203919 0.202393 0.207097
1 0.877930 0.200742 0.877930 0.202331 0.878418 0.203390 0.878174 0.204449 0.879395 0.205508 0.879883 0.203390 0.879395 0.202331 0.879395 0.199682
1 0.489990 0.199153 0.487793 0.201801 0.488525 0.202331 0.488281 0.203390 0.487061 0.203919 0.485840 0.206038 0.485840 0.207627 0.486572 0.207627 0.486816 0.205508 0.487305 0.205508 0.487793 0.207627 0.488037 0.206568 0.487549 0.206038 0.487549 0.204979 0.488770 0.204449 0.488281 0.203919 0.488770 0.202331 0.488525 0.200742 0.489746 0.200212
1 0.422119 0.199153 0.421143 0.200742 0.421143 0.203390 0.420654 0.204979 0.421143 0.208686 0.420898 0.210805 0.420410 0.210805 0.419678 0.212394 0.419922 0.214513 0.419434 0.217691 0.418701 0.218750 0.418213 0.217691 0.417725 0.219280 0.417480 0.218220 0.416992 0.218220 0.416504 0.219280 0.417236 0.220869 0.417236 0.223517 0.416016 0.226165 0.416016 0.230403 0.414795 0.232521 0.414307 0.230932 0.413574 0.232521 0.412598 0.231992 0.413086 0.233581 0.413818 0.234110 0.414062 0.237288 0.414551 0.235699 0.416016 0.236758 0.418701 0.227225 0.420654 0.224047 0.420898 0.221928 0.421631 0.220339 0.421875 0.221398 0.422119 0.220869 0.419922 0.216631 0.419922 0.213983 0.420410 0.213983 0.420410 0.216102 0.420410 0.214513 0.421387 0.212924 0.421631 0.211335 0.420898 0.209216 0.421631 0.208157 0.421631 0.204449 0.422119 0.203919
1 0.315674 0.198623 0.314697 0.199153 0.314941 0.201801 0.313965 0.202860 0.314209 0.203919 0.313477 0.205508 0.314209 0.206038 0.315918 0.203390 0.315674 0.202860 0.316162 0.202331 0.315186 0.200742
1 0.437256 0.198093 0.435547 0.202331 0.434570 0.202331 0.433594 0.206568 0.435059 0.210275 0.434814 0.211335 0.435547 0.213453 0.436523 0.212394 0.437744 0.212924 0.437500 0.217161 0.436523 0.217691 0.436523 0.218750 0.437012 0.220339 0.437500 0.219280 0.437988 0.220339 0.437744 0.223517 0.439453 0.225106 0.439941 0.223517 0.440918 0.222987 0.439697 0.217691 0.439453 0.213983 0.440674 0.212924 0.440918 0.214513 0.441162 0.212924 0.440918 0.213453 0.440674 0.211864 0.441162 0.210805 0.441162 0.209216 0.439941 0.205508 0.439697 0.200742
1 0.248779 0.198623 0.248291 0.199153 0.248291 0.200212 0.249023 0.201271 0.249512 0.200742 0.250000 0.201801 0.250732 0.201801 0.252441 0.204449 0.250977 0.204449 0.250488 0.205508 0.250488 0.207627 0.250000 0.208686 0.250732 0.209746 0.251465 0.209216 0.251465 0.206038 0.253418 0.204979 0.251953 0.201801 0.251465 0.202331 0.250488 0.200212 0.250732 0.199153 0.251221 0.199153 0.250732 0.198093 0.249268 0.199682
1 0.564941 0.199153 0.565186 0.200742 0.566162 0.202331 0.566162 0.204979 0.566895 0.204979 0.567627 0.203390 0.568848 0.205508 0.569580 0.203919 0.567871 0.202860 0.567871 0.201271 0.566895 0.197564
1 0.291504 0.197564 0.291260 0.198623 0.292480 0.201801 0.292236 0.202860 0.294189 0.204449 0.293457 0.202860 0.293213 0.200212 0.292725 0.199153 0.293701 0.198623 0.292480 0.198623
1 0.264160 0.198623 0.264648 0.199682 0.266602 0.199682 0.267822 0.202860 0.268311 0.201801 0.267578 0.200212 0.267578 0.199153 0.266357 0.199153 0.265381 0.197564
1 0.659912 0.197034 0.658936 0.197034 0.659180 0.200212 0.658691 0.204979 0.657959 0.206038 0.656982 0.204979 0.656006 0.207627 0.656250 0.210275 0.657471 0.210805 0.658691 0.208686 0.660400 0.209216 0.660645 0.207627 0.660156 0.207097 0.660156 0.206038 0.660889 0.203919 0.660889 0.200212
1 0.217529 0.196504 0.217285 0.200212 0.216309 0.202860 0.216797 0.204979 0.218018 0.207097 0.218994 0.205508 0.218994 0.197034 0.218506 0.199682 0.217773 0.198623 0.218018 0.197034
1 0.543945 0.196504 0.543457 0.195975 0.540283 0.202331 0.541748 0.199682 0.543213 0.200212 0.544189 0.198093
1 0.300537 0.195445 0.299072 0.195445 0.298096 0.196504 0.298584 0.197564 0.298584 0.200212 0.297852 0.201801 0.295898 0.201271 0.294922 0.202331 0.294678 0.201271 0.295166 0.200212 0.294189 0.199153 0.294434 0.201271 0.295898 0.202860 0.295898 0.210805 0.296143 0.209746 0.296631 0.209746 0.297119 0.207627 0.296387 0.207627 0.296143 0.206568 0.297119 0.204979 0.296875 0.203390 0.297607 0.201801 0.298096 0.202331 0.297852 0.204449 0.298340 0.206568 0.298584 0.206038 0.298340 0.201271 0.299316 0.199153 0.299072 0.195975
1 0.238281 0.196504 0.238770 0.200212 0.239258 0.199682 0.239746 0.200742 0.239746 0.202331 0.241211 0.206038 0.242676 0.205508 0.243896 0.209216 0.245361 0.209216 0.246094 0.207627 0.246094 0.206568 0.245605 0.207627 0.244873 0.206568 0.244629 0.207627 0.243896 0.206038 0.243164 0.206568 0.242676 0.205508 0.241211 0.204979 0.241211 0.203390 0.240479 0.203919 0.240234 0.203390 0.240723 0.202331 0.239502 0.199682 0.239746 0.199153 0.241699 0.201271 0.239746 0.199153 0.239014 0.197564 0.239014 0.195445 0.238770 0.197034
1 0.741211 0.194386 0.741211 0.195975 0.741699 0.196504 0.740967 0.198093 0.742188 0.200742 0.743164 0.200742 0.743896 0.199153 0.743896 0.194915
1 0.520508 0.194386 0.519287 0.196504 0.519287 0.202331 0.519775 0.199682 0.520264 0.201271 0.520264 0.198623 0.521240 0.197564 0.521729 0.199682 0.522461 0.200212 0.521729 0.199153 0.521729 0.197034 0.521484 0.198093 0.520264 0.196504
1 0.805420 0.193856 0.803955 0.194915 0.803711 0.194386 0.804688 0.194915 0.804932 0.197034 0.806396 0.199153 0.805420 0.200742 0.805176 0.202860 0.805664 0.203919 0.805176 0.205508 0.805176 0.208157 0.806152 0.206568 0.807129 0.207097 0.805420 0.201801 0.807373 0.198093 0.808105 0.198623 0.806885 0.198093
1 0.265381 0.194915 0.264160 0.193326 0.263428 0.194386 0.263184 0.193856 0.262451 0.195445 0.262451 0.196504 0.263916 0.197034
1 0.222168 0.191737 0.221191 0.194386 0.221924 0.195975 0.222900 0.195975 0.223145 0.192797 0.222900 0.191737
1 0.328613 0.191208 0.328125 0.195975 0.326172 0.197034 0.326172 0.199682 0.325684 0.201271 0.325928 0.202331 0.325195 0.203390 0.325195 0.209216 0.326416 0.211335 0.327393 0.210275 0.327393 0.206568 0.328369 0.205508 0.327881 0.202331 0.328369 0.201271 0.328369 0.197564 0.328857 0.197034 0.330078 0.199153 0.330566 0.202331 0.330566 0.206038 0.329834 0.206568 0.329102 0.208157 0.329102 0.209216 0.328125 0.209216 0.328369 0.210805 0.327637 0.212394 0.328613 0.213453 0.330078 0.212394 0.331543 0.212924 0.332764 0.208686 0.335693 0.206568 0.335449 0.206038 0.336182 0.202860 0.335449 0.202860 0.335693 0.204979 0.335205 0.206568 0.334717 0.206568 0.333740 0.203919 0.334229 0.202860 0.333496 0.202331 0.333740 0.201801 0.333008 0.200212 0.333008 0.198623 0.333740 0.196504 0.335449 0.196504 0.335938 0.193856 0.335693 0.192797 0.333252 0.192267 0.330811 0.196504 0.328369 0.195445 0.328613 0.194386 0.329102 0.194386 0.329346 0.192797
1 0.822510 0.192267 0.822266 0.195975 0.825684 0.196504 0.826660 0.199153 0.828125 0.199682 0.828125 0.201271 0.827148 0.202331 0.827637 0.202860 0.827637 0.206038 0.828369 0.206038 0.828613 0.200742 0.827881 0.199153 0.829102 0.197034 0.828125 0.194915 0.828369 0.193856 0.827881 0.191208 0.827393 0.191208 0.826904 0.192797 0.826172 0.190678 0.824463 0.190678 0.823486 0.192267
1 0.348389 0.192267 0.346924 0.190678 0.345703 0.193326 0.344971 0.193326 0.344971 0.194915 0.343994 0.195975 0.344971 0.197034 0.346436 0.195975 0.347412 0.197564 0.347412 0.195445
1 0.722412 0.188559 0.721191 0.188559 0.720459 0.189619 0.720215 0.191208 0.720947 0.192267 0.720947 0.193326 0.722168 0.191208
1 0.644531 0.191737 0.643066 0.188559 0.642578 0.189089 0.642578 0.190678 0.641846 0.191737 0.640625 0.190678 0.640625 0.192267 0.641357 0.193856 0.641357 0.194915 0.642334 0.194915 0.643311 0.193326 0.644287 0.193856
1 0.726807 0.188559 0.726562 0.193856 0.728027 0.194386 0.728760 0.193326 0.729492 0.194915 0.729492 0.196504 0.729004 0.197034 0.729492 0.199153 0.729004 0.200212 0.728516 0.199153 0.728760 0.199682 0.728271 0.200212 0.730469 0.201801 0.729980 0.202331 0.731934 0.207627 0.731689 0.208686 0.732422 0.210805 0.733398 0.217691 0.734131 0.219280 0.733887 0.220869 0.734375 0.221398 0.735107 0.226165 0.734375 0.227754 0.735352 0.229873 0.735596 0.233581 0.736084 0.235169 0.737305 0.235699 0.737793 0.236758 0.737305 0.237818 0.738037 0.238347 0.738525 0.239936 0.738281 0.238877 0.738770 0.238877 0.738770 0.233051 0.737793 0.230932 0.737305 0.230932 0.737061 0.229343 0.738037 0.228284 0.738281 0.229343 0.737549 0.229873 0.738281 0.230403 0.739014 0.228814 0.738037 0.226165 0.736816 0.218750 0.736328 0.218220 0.736572 0.215572 0.735840 0.214513 0.735596 0.215572 0.734131 0.212394 0.734131 0.208157 0.732178 0.206038 0.733154 0.203919 0.733398 0.204979 0.733643 0.203919 0.734375 0.205508 0.736328 0.203919 0.736328 0.194915 0.736084 0.195445 0.735107 0.194386 0.734619 0.190678 0.734131 0.191737 0.733154 0.189619 0.733154 0.187500 0.732666 0.186970 0.732422 0.187500 0.732910 0.188559 0.732178 0.189619 0.731934 0.186441 0.731201 0.189619 0.730225 0.188030 0.729004 0.188559 0.728760 0.189619 0.727295 0.189619
1 0.403564 0.186441 0.404297 0.191208 0.405029 0.191208 0.405762 0.189089 0.406982 0.188030 0.406250 0.186441
1 0.816162 0.182733 0.814941 0.183792 0.813721 0.183263 0.813232 0.184852 0.811768 0.185381 0.811279 0.186441 0.808838 0.185381 0.808594 0.188030 0.808838 0.189089 0.809814 0.189089 0.810059 0.188030 0.811279 0.188030 0.811523 0.189089 0.812500 0.188030 0.814453 0.188030 0.814941 0.186970 0.816162 0.186441 0.815918 0.185381 0.815430 0.185381 0.816162 0.183792
1 0.299072 0.181674 0.297363 0.185911 0.297607 0.188030 0.296143 0.190148 0.295410 0.190148 0.295898 0.190678 0.295898 0.191737 0.296387 0.191737 0.296387 0.194915 0.295654 0.195975 0.295898 0.199682 0.297607 0.200212 0.297607 0.194915 0.298340 0.194386 0.298340 0.193326 0.297852 0.192797 0.298828 0.190678 0.299316 0.190678 0.299072 0.188559 0.299561 0.187500 0.301514 0.187500 0.301025 0.186441 0.299561 0.186441 0.299072 0.187500 0.298584 0.186970 0.299316 0.185381
1 0.830078 0.183792 0.830811 0.185381 0.830566 0.186441 0.831299 0.186970 0.832520 0.183792 0.833496 0.183263 0.833740 0.182203 0.833496 0.181144 0.831055 0.181144 0.830078 0.182733
1 0.783691 0.181144 0.782715 0.181674 0.783447 0.182203 0.783447 0.185381 0.782471 0.188559 0.782471 0.190148 0.783203 0.192267 0.783203 0.186970 0.783936 0.185911 0.783936 0.183792 0.783447 0.183263
1 0.656494 0.181144 0.656738 0.182203 0.656250 0.184852 0.656250 0.188030 0.656494 0.189089 0.657227 0.189089 0.657959 0.190678 0.659424 0.188559 0.659668 0.186970 0.658936 0.183263 0.656982 0.182203
1 0.514648 0.181144 0.514160 0.180614 0.511963 0.182733 0.511719 0.184852 0.511230 0.185381 0.511963 0.186970 0.511719 0.187500 0.511963 0.186970 0.512695 0.188030 0.512695 0.189089 0.511719 0.190148 0.513428 0.190148 0.512939 0.189089 0.513428 0.186970 0.514160 0.186970 0.514160 0.188559 0.514648 0.186441 0.515137 0.186970 0.515137 0.184322 0.514648 0.184322 0.514648 0.182733 0.514160 0.182733 0.514160 0.181674
1 0.350098 0.180614 0.349121 0.182733 0.349609 0.185911 0.349609 0.190148 0.350098 0.190148 0.350098 0.188559 0.351318 0.185911 0.351074 0.182203
1 0.325195 0.183263 0.327148 0.183792 0.327393 0.182203 0.326416 0.180614 0.325684 0.180614
1 0.230469 0.180085 0.229980 0.180614 0.229492 0.183263 0.228027 0.185911 0.228027 0.190678 0.227051 0.191208 0.226318 0.193856 0.226074 0.192797 0.225586 0.194386 0.225830 0.193856 0.226318 0.196504 0.227295 0.198093 0.228271 0.196504 0.228760 0.197564 0.229004 0.196504 0.229492 0.198623 0.230469 0.197034 0.231445 0.198093 0.231934 0.201271 0.233154 0.200212 0.234131 0.200742 0.234863 0.198623 0.235107 0.195975 0.234131 0.195445 0.231445 0.191208 0.231445 0.187500 0.231934 0.185911 0.232666 0.185381 0.231445 0.183263 0.231201 0.181144
1 0.800781 0.178496 0.801025 0.180085 0.801514 0.180085 0.801758 0.182733 0.802490 0.183263 0.802490 0.184852 0.801514 0.185381 0.802246 0.185911 0.801758 0.189619 0.802246 0.189089 0.802734 0.190148 0.802734 0.186441 0.802246 0.185381 0.802734 0.185381 0.802979 0.182203
1 0.817383 0.183792 0.818604 0.182203 0.820068 0.182203 0.820068 0.189089 0.820801 0.189619 0.821777 0.186970 0.820068 0.186970 0.820557 0.185911 0.820557 0.183263 0.821289 0.183263 0.821777 0.184322 0.821533 0.184852 0.822754 0.185911 0.824463 0.182203 0.825439 0.181674 0.824707 0.180614 0.824951 0.179025 0.824219 0.177966 0.823242 0.180085 0.822266 0.177966 0.821289 0.178496 0.821045 0.179555 0.820557 0.179555 0.820068 0.177966 0.819336 0.177966 0.819336 0.179555 0.818848 0.180614 0.818115 0.180614
1 0.649658 0.176907 0.649658 0.179555 0.648926 0.179555 0.648682 0.180614 0.648682 0.184852 0.647705 0.182733 0.647217 0.180085 0.646729 0.180085 0.645996 0.182733 0.646484 0.186970 0.647217 0.188030 0.646240 0.191208 0.646973 0.193856 0.646484 0.195445 0.647705 0.197034 0.647461 0.199682 0.646729 0.199682 0.646729 0.200742 0.647949 0.200742 0.648438 0.198093 0.649658 0.198093 0.650879 0.195975 0.651123 0.198623 0.652100 0.199682 0.651855 0.203390 0.653320 0.206568 0.654541 0.206568 0.655029 0.202860 0.654785 0.199153 0.655273 0.197564 0.656494 0.196504 0.656250 0.195445 0.655029 0.195445 0.654297 0.197564 0.653076 0.195445 0.652832 0.192267 0.652344 0.192267 0.652588 0.195975 0.652100 0.197034 0.650879 0.194915 0.650391 0.195445 0.650391 0.192797 0.649902 0.190678 0.650879 0.190148 0.650635 0.188559 0.649902 0.190678 0.648926 0.191208 0.648926 0.192797 0.648438 0.193856 0.647461 0.192267 0.648682 0.188559 0.648438 0.185381 0.649658 0.183792 0.650391 0.187500 0.651123 0.183263 0.650146 0.181674 0.649414 0.181674 0.650879 0.178496 0.650635 0.177436
1 0.961670 0.174788 0.961182 0.174788 0.960693 0.176377 0.959473 0.176377 0.959473 0.178496 0.960449 0.180614 0.962402 0.177966 0.962402 0.175847 0.961670 0.175847
1 0.988770 0.174788 0.988037 0.179555 0.988281 0.181674 0.990479 0.182733 0.990723 0.180614 0.989502 0.179025 0.989502 0.177966 0.990234 0.177436 0.990234 0.176377 0.989746 0.176377 0.990234 0.174788
1 0.660156 0.173729 0.659912 0.175318 0.659180 0.175318 0.658691 0.176377 0.659180 0.178496 0.660400 0.179025 0.662354 0.177966 0.663574 0.179555 0.662109 0.182203 0.662842 0.188030 0.663574 0.189089 0.663330 0.191208 0.663818 0.193326 0.664551 0.183263 0.663574 0.180085 0.664062 0.178496 0.665527 0.180085 0.665527 0.178496 0.664551 0.176377 0.663818 0.177436 0.661621 0.176907
1 0.714844 0.173199 0.714600 0.175318 0.714355 0.173729 0.713867 0.174258 0.714844 0.175847 0.714844 0.180085 0.715332 0.180085 0.716309 0.177436 0.717041 0.177966 0.716553 0.177966 0.715820 0.175847 0.715576 0.176377
1 0.754150 0.172669 0.752197 0.174788 0.752686 0.174788 0.753174 0.177436 0.753906 0.177436 0.754639 0.175847
1 0.684082 0.172669 0.683105 0.175318 0.681152 0.177966 0.681152 0.180614 0.681885 0.184322 0.681885 0.186441 0.681152 0.188030 0.681641 0.188559 0.682861 0.186970 0.683594 0.187500 0.684082 0.184322 0.684082 0.186970 0.684570 0.187500 0.684570 0.189089 0.685547 0.189619 0.685547 0.188030 0.684814 0.188030 0.684326 0.186441 0.685059 0.184852 0.686523 0.186441 0.687012 0.181144 0.686768 0.179025 0.684814 0.175847 0.684570 0.172669
1 0.356445 0.172669 0.355713 0.174788 0.354980 0.174258 0.354980 0.176907 0.354004 0.179025 0.355469 0.183263 0.356934 0.184322 0.357422 0.181674 0.358887 0.179025 0.360596 0.182733 0.360352 0.186970 0.359131 0.189619 0.359375 0.191208 0.361572 0.188030 0.363281 0.192267 0.363770 0.195975 0.364258 0.196504 0.364502 0.195445 0.366211 0.194915 0.367188 0.195445 0.367920 0.197564 0.367920 0.199153 0.366455 0.200742 0.365479 0.198623 0.363525 0.197564 0.362305 0.199682 0.359619 0.197034 0.360596 0.199682 0.360596 0.203919 0.361816 0.206568 0.361328 0.211335 0.360352 0.213983 0.360596 0.212924 0.361572 0.213453 0.362061 0.212394 0.364258 0.213983 0.364014 0.215572 0.363037 0.214513 0.361816 0.215042 0.361328 0.220339 0.362549 0.221398 0.363281 0.218750 0.364502 0.218750 0.364990 0.219809 0.364502 0.222987 0.365723 0.225106 0.366699 0.225106 0.367188 0.222458 0.365234 0.217691 0.365723 0.213983 0.364990 0.213453 0.364990 0.211864 0.365723 0.210805 0.366211 0.211864 0.367188 0.211335 0.367432 0.206568 0.368652 0.205508 0.369141 0.201801 0.370117 0.202331 0.371338 0.204979 0.370850 0.201801 0.372314 0.196504 0.370850 0.195445 0.370605 0.190678 0.369385 0.193856 0.370117 0.197564 0.369385 0.198093 0.368652 0.195975 0.368896 0.193856 0.367432 0.186970 0.363281 0.186441 0.362061 0.181674 0.362549 0.179555 0.362305 0.177966 0.360352 0.175318 0.358643 0.176907
1 0.631836 0.172140 0.630859 0.173199 0.630127 0.173199 0.629883 0.172140 0.629395 0.173199 0.629883 0.175318 0.629395 0.175847 0.629639 0.177436 0.630127 0.176907 0.630127 0.175847 0.630859 0.175847 0.631836 0.173729
1 0.372070 0.170021 0.371338 0.173199 0.369629 0.174788 0.369629 0.177436 0.369629 0.176377 0.370117 0.175847 0.370605 0.176907 0.370361 0.177436 0.371826 0.180614 0.373291 0.181144 0.374512 0.183792 0.373291 0.181144 0.373779 0.179555 0.374512 0.180085 0.373779 0.177966 0.373291 0.178496 0.373047 0.181144 0.372803 0.179555 0.372314 0.180085 0.370605 0.177966 0.370850 0.176377 0.371338 0.176907 0.370850 0.175847 0.371094 0.174258 0.372070 0.175847 0.372070 0.177436 0.372803 0.177966 0.371582 0.174258 0.372070 0.173729 0.371582 0.173199 0.372314 0.172140 0.372559 0.174258 0.373535 0.174788 0.372559 0.172669 0.372803 0.171610
1 0.337158 0.170021 0.337158 0.173729 0.339111 0.174258 0.338867 0.173729 0.339355 0.171610 0.338867 0.169492
1 0.255615 0.169492 0.255859 0.171081 0.254639 0.173199 0.255127 0.174258 0.255127 0.176377 0.256836 0.176907 0.257080 0.175318 0.256348 0.174258 0.256592 0.172669
1 0.957031 0.174258 0.958496 0.174258 0.958984 0.170551 0.960205 0.171081 0.960449 0.172669 0.960693 0.172140 0.960205 0.171081 0.960205 0.169492 0.960693 0.168432 0.961670 0.170021 0.961670 0.168432 0.959961 0.168432 0.959717 0.167373 0.958008 0.166843 0.958496 0.167373 0.958008 0.168432 0.958984 0.170021 0.957764 0.171081 0.958008 0.172140
1 0.568604 0.166843 0.566406 0.166843 0.566406 0.172140 0.564941 0.174258 0.565186 0.176377 0.566162 0.176907 0.566650 0.180614 0.567383 0.174258 0.568604 0.171610 0.568848 0.172669
1 0.444824 0.167373 0.444824 0.171081 0.446533 0.172140 0.447021 0.171081 0.447021 0.169492 0.446289 0.166314
1 0.234863 0.167373 0.237549 0.171610 0.235352 0.167373 0.235840 0.166843 0.236572 0.167903 0.237061 0.166843 0.237305 0.167903 0.237305 0.166843 0.238037 0.166314 0.239258 0.167903 0.239014 0.170021 0.237793 0.169492 0.238525 0.171610 0.238281 0.172669 0.239258 0.174788 0.239258 0.173729 0.238281 0.172140 0.239014 0.171610 0.239990 0.172669 0.239746 0.171081 0.239014 0.170021 0.239990 0.169492 0.237549 0.164725 0.237305 0.166843 0.236816 0.165784 0.235840 0.165784
1 0.382324 0.163136 0.381836 0.165784 0.382568 0.166314 0.384521 0.171610 0.384521 0.173729 0.385010 0.175318 0.385498 0.174258 0.384033 0.170021 0.384766 0.168962 0.385254 0.170021 0.385254 0.168962 0.384521 0.167903 0.384277 0.169492 0.382812 0.166314 0.382812 0.164195
1 0.814941 0.162076 0.814209 0.163665 0.814697 0.165254 0.814453 0.165784 0.815186 0.166843 0.815186 0.168432 0.815430 0.167373 0.815674 0.168432 0.816406 0.164725 0.815918 0.163136
1 0.367188 0.161547 0.367188 0.164195 0.366699 0.165254 0.367676 0.167373 0.367432 0.168962 0.367920 0.169492 0.367920 0.170551 0.369141 0.170551 0.369385 0.169492 0.368896 0.164195 0.367676 0.164725
1 0.267090 0.161547 0.266846 0.164195 0.267334 0.165254 0.269287 0.164195 0.269043 0.162606 0.267822 0.163136
1 0.686768 0.160487 0.686279 0.160487 0.686035 0.162076 0.684570 0.164195 0.685059 0.164195 0.686523 0.166843 0.687744 0.161547 0.687012 0.161547
1 0.535156 0.161017 0.535889 0.163665 0.535889 0.165254 0.537598 0.166314 0.538086 0.165784 0.537842 0.162076 0.536621 0.162076 0.535645 0.160487
1 0.256592 0.161017 0.256592 0.163665 0.257080 0.165784 0.256592 0.167373 0.256836 0.169492 0.257568 0.172140 0.257812 0.170551 0.258545 0.171081 0.259033 0.173729 0.258301 0.168962 0.258057 0.170021 0.257568 0.168962 0.257568 0.167903 0.256836 0.166843 0.256836 0.164725 0.257568 0.162606 0.258789 0.165784 0.258789 0.168432 0.259521 0.166843 0.259277 0.165784 0.260254 0.164725 0.259033 0.164725 0.258057 0.162606 0.258057 0.160487 0.257568 0.162076
1 0.624512 0.159958 0.624512 0.162606 0.624023 0.164195 0.624512 0.165254 0.626221 0.164195 0.626465 0.162606 0.625488 0.162076 0.625244 0.163136 0.624756 0.161547 0.625000 0.159958
1 0.613525 0.159958 0.613281 0.161017 0.611816 0.161547 0.611572 0.163665 0.613281 0.171610 0.614746 0.174788 0.614990 0.173199 0.613770 0.168962 0.613525 0.166314 0.612793 0.165254 0.613281 0.164725 0.613037 0.164195 0.613770 0.162076
1 0.371826 0.159958 0.372314 0.162076 0.372070 0.164195 0.373047 0.168432 0.373779 0.167903 0.375488 0.171610 0.374756 0.170021 0.374023 0.166314 0.373779 0.167373 0.373291 0.167373 0.372559 0.165254 0.373047 0.164195 0.373535 0.165254 0.373291 0.164195 0.374268 0.164195 0.374512 0.162076 0.375488 0.161017 0.375244 0.160487 0.374756 0.161547 0.373291 0.162076 0.373047 0.161017
1 0.421875 0.159428 0.421387 0.160487 0.420410 0.160487 0.420898 0.163665 0.419434 0.166843 0.419434 0.167903 0.420166 0.168962 0.420410 0.165254 0.421387 0.166314 0.421875 0.167903 0.421875 0.173199 0.421387 0.174788 0.422363 0.174788 0.422607 0.177436 0.421875 0.177966 0.421875 0.179025 0.422852 0.181144 0.422852 0.182733 0.422119 0.184322 0.421387 0.184322 0.421875 0.184852 0.421387 0.186970 0.421875 0.187500 0.421875 0.189089 0.422363 0.190148 0.422363 0.193856 0.421875 0.194915 0.421631 0.193856 0.421387 0.194386 0.422119 0.196504 0.423096 0.197034 0.423828 0.193856 0.423340 0.191737 0.422607 0.190678 0.424561 0.188030 0.425537 0.184852 0.424561 0.185911 0.423096 0.182733 0.423340 0.177966 0.423828 0.177436 0.423340 0.176377 0.424072 0.173729 0.424316 0.174788 0.424805 0.173199 0.424805 0.170021 0.425537 0.168962 0.425537 0.166843 0.426270 0.165784 0.426270 0.163665 0.425781 0.162076 0.425049 0.162076 0.423096 0.166314 0.422363 0.164725 0.422607 0.163136
1 0.721924 0.159958 0.721191 0.159958 0.720703 0.158898 0.719727 0.160487 0.719727 0.162076 0.719238 0.163136 0.718262 0.162076 0.718262 0.163665 0.718994 0.165784 0.719482 0.164725 0.720459 0.165254 0.720703 0.166314 0.721436 0.166314 0.722656 0.164195 0.721680 0.162076
1 0.408447 0.160487 0.407715 0.159428 0.406006 0.158898 0.404297 0.161017 0.404541 0.163136 0.404053 0.164195 0.403809 0.163665 0.403320 0.165254 0.404297 0.165784 0.405518 0.163665 0.407471 0.162606
1 0.409424 0.159958 0.409912 0.159958 0.410400 0.161547 0.409180 0.161547 0.409668 0.162606 0.410645 0.161547 0.411621 0.161547 0.412109 0.162606 0.412109 0.166314 0.413330 0.166843 0.412842 0.172669 0.414062 0.175318 0.414062 0.177436 0.414795 0.179025 0.415527 0.179025 0.415771 0.177966 0.414795 0.177966 0.414307 0.176377 0.415039 0.175847 0.415527 0.173199 0.416992 0.173729 0.416992 0.169492 0.417480 0.168432 0.416260 0.166314 0.416016 0.166843 0.413818 0.165254 0.413330 0.162606 0.413574 0.161017 0.412354 0.157839 0.411377 0.161017 0.410645 0.159428
1 0.358154 0.157839 0.358887 0.163136 0.360352 0.164725 0.361328 0.164725 0.361816 0.161547 0.361328 0.159958 0.359863 0.157839 0.359375 0.158898
1 0.965820 0.156780 0.965820 0.157839 0.965332 0.157839 0.965332 0.159958 0.961914 0.165784 0.962402 0.166843 0.963135 0.166843 0.963135 0.167903 0.964355 0.167903 0.964111 0.167373 0.964600 0.166843 0.965332 0.169492 0.965332 0.173199 0.966553 0.173199 0.967041 0.172140 0.966797 0.168962 0.968506 0.166843 0.968750 0.162606 0.968262 0.162076 0.968506 0.158898 0.967285 0.158898 0.966553 0.156780
1 0.829102 0.161547 0.828125 0.163136 0.827881 0.161547 0.827148 0.163136 0.826660 0.163136 0.826172 0.162076 0.826172 0.160487 0.825684 0.159958 0.825439 0.156780 0.824707 0.155720 0.823242 0.155720 0.822266 0.156780 0.822266 0.160487 0.823242 0.166314 0.822754 0.169492 0.822266 0.169492 0.822266 0.171081 0.823730 0.168962 0.825439 0.163665 0.829102 0.163665
1 0.643555 0.155720 0.642090 0.157839 0.642090 0.159958 0.642822 0.161017 0.642334 0.162076 0.643555 0.165254 0.643555 0.168962 0.645020 0.168962 0.644287 0.165784 0.644531 0.161017 0.645020 0.159958 0.644043 0.159428 0.644043 0.156250 0.643799 0.157309 0.643311 0.156250
1 0.690430 0.155191 0.689941 0.157309 0.688721 0.158369 0.688232 0.160487 0.688721 0.159958 0.689453 0.161547 0.689453 0.164725 0.688965 0.165784 0.691162 0.170551 0.691162 0.172669 0.690186 0.176907 0.690186 0.178496 0.690918 0.178496 0.690918 0.177436 0.691650 0.176377 0.691895 0.173729 0.691162 0.170551 0.691895 0.168962 0.691895 0.166314 0.692871 0.164725 0.691162 0.166314 0.690186 0.165254 0.690186 0.164195 0.691650 0.159958 0.691162 0.158369 0.690430 0.157839
1 0.796631 0.154661 0.795410 0.155720 0.795166 0.157309 0.796631 0.158898 0.795654 0.161547 0.795898 0.162076 0.796631 0.160487 0.797119 0.161547 0.796875 0.162606 0.797363 0.162606 0.797363 0.158898
1 0.791260 0.154661 0.790039 0.156780 0.789795 0.156250 0.789062 0.159428 0.786133 0.162076 0.785645 0.164725 0.786621 0.165784 0.786865 0.163136 0.786377 0.162606 0.787109 0.161547 0.787354 0.162606 0.788574 0.162076 0.789551 0.157839
1 0.708496 0.154661 0.707764 0.156250 0.708008 0.159958 0.707520 0.161017 0.707031 0.165254 0.706299 0.165784 0.705078 0.169492 0.705078 0.172669 0.706055 0.174258 0.708252 0.173199 0.708984 0.175318 0.709961 0.175318 0.710693 0.173729 0.710449 0.172669 0.710938 0.172669 0.709717 0.166314 0.711426 0.164725 0.710693 0.163665 0.710938 0.162076 0.710205 0.159958 0.710205 0.156780 0.709473 0.154661
1 0.659668 0.152542 0.658691 0.153072 0.658691 0.154131 0.659180 0.154131 0.659424 0.155720 0.658203 0.157839 0.657959 0.159958 0.656738 0.159958 0.655762 0.158898 0.655273 0.160487 0.653809 0.160487 0.653809 0.162076 0.654541 0.163665 0.654785 0.166314 0.655029 0.165784 0.656738 0.170551 0.657959 0.170551 0.658447 0.168432 0.659668 0.166314 0.659668 0.164725 0.658691 0.162606 0.657715 0.163665 0.656738 0.163136 0.656738 0.161547 0.657227 0.160487 0.658447 0.159958 0.658691 0.161017 0.659180 0.157839 0.659668 0.157839
1 0.853271 0.152013 0.852783 0.152013 0.852295 0.154661 0.850830 0.154131 0.849609 0.156780 0.849609 0.157839 0.850586 0.158369 0.850098 0.161017 0.850586 0.161547 0.850586 0.159958 0.851318 0.161017 0.851318 0.165784 0.852051 0.165254 0.852051 0.163665 0.852539 0.163136 0.852295 0.162606 0.854004 0.160487 0.854492 0.158898 0.852051 0.160487 0.851074 0.158369 0.852295 0.156780
1 0.825684 0.151483 0.826660 0.153072 0.826660 0.155191 0.827393 0.155191 0.827637 0.156250 0.827148 0.154661 0.827393 0.154131 0.828613 0.155191 0.828369 0.154661 0.828857 0.153602 0.829102 0.154661 0.829102 0.153602 0.827881 0.153072 0.827637 0.151483
1 0.360107 0.150424 0.358643 0.152013 0.358643 0.156250 0.359131 0.157309 0.359863 0.156250 0.359863 0.154661 0.360352 0.153602 0.359863 0.151483
1 0.287354 0.150424 0.287109 0.150953 0.287842 0.153072 0.287354 0.153602 0.288086 0.155191 0.288574 0.154131 0.289062 0.154661 0.289062 0.156250 0.287598 0.159428 0.288086 0.158898 0.288818 0.159958 0.289062 0.162076 0.288086 0.164195 0.286865 0.165254 0.287109 0.166843 0.288818 0.170021 0.289795 0.173199 0.291260 0.174258 0.291504 0.173199 0.292725 0.173199 0.293945 0.171081 0.294434 0.167903 0.294189 0.169492 0.293457 0.167903 0.293213 0.163665 0.293701 0.162606 0.294189 0.164725 0.294922 0.165784 0.295898 0.163136 0.296143 0.163665 0.296387 0.162606 0.296875 0.162606 0.296387 0.162076 0.296631 0.161547 0.294434 0.161017 0.293945 0.163136 0.293701 0.159428 0.294434 0.158369 0.291260 0.153072 0.291016 0.155191 0.290527 0.155191 0.291016 0.156780 0.290283 0.157309 0.290039 0.155191 0.289307 0.155191 0.288086 0.150953
1 0.625977 0.156780 0.625732 0.159958 0.625977 0.159428 0.626221 0.161017 0.627686 0.160487 0.628662 0.158898 0.629395 0.162076 0.630859 0.164195 0.629883 0.171081 0.631836 0.168962 0.632568 0.169492 0.632324 0.168962 0.632812 0.168432 0.633057 0.165784 0.633789 0.167373 0.633789 0.168962 0.634766 0.172140 0.634766 0.177966 0.635986 0.180085 0.635742 0.182733 0.636475 0.183792 0.637207 0.183263 0.638916 0.185911 0.640381 0.185911 0.641357 0.184322 0.642334 0.184322 0.643066 0.183263 0.643066 0.181674 0.642578 0.181144 0.642822 0.180614 0.642334 0.178496 0.642334 0.181144 0.640869 0.182203 0.638672 0.182203 0.637451 0.180085 0.637695 0.177966 0.643066 0.177436 0.642578 0.175847 0.643555 0.173729 0.644287 0.173729 0.644531 0.175318 0.646484 0.177966 0.648438 0.174258 0.645508 0.170021 0.643311 0.170551 0.643066 0.168962 0.641602 0.167373 0.641846 0.165784 0.641357 0.167903 0.640137 0.167373 0.639648 0.168962 0.639160 0.167903 0.638672 0.164195 0.638184 0.163665 0.638184 0.161017 0.638916 0.157839 0.637207 0.155720 0.637451 0.154131 0.638916 0.153602 0.638184 0.152542 0.638916 0.152013 0.638916 0.150424 0.639404 0.149894 0.638184 0.149364 0.638428 0.149894 0.637695 0.152542 0.636963 0.152542 0.636475 0.154661 0.635986 0.152013 0.636230 0.153602 0.635010 0.156780 0.633789 0.154661 0.634033 0.153602 0.631348 0.153602 0.629395 0.156780 0.628906 0.156780 0.628418 0.154661 0.627686 0.154661
1 0.771240 0.148305 0.770752 0.152013 0.770508 0.151483 0.768799 0.153072 0.769775 0.157309 0.771240 0.155720 0.771484 0.156250 0.771240 0.155191 0.772217 0.153072 0.771729 0.149364
1 0.299316 0.148305 0.298828 0.149364 0.299072 0.151483 0.298584 0.152542 0.297852 0.152542 0.297852 0.154131 0.298096 0.152542 0.298828 0.153602 0.298828 0.157839 0.298584 0.158369 0.297852 0.157309 0.298340 0.157839 0.298096 0.158898 0.298828 0.160487 0.298828 0.168962 0.299316 0.169492 0.299805 0.167903 0.300537 0.167373 0.300537 0.164725 0.300049 0.165784 0.299561 0.164195 0.299316 0.165254 0.298828 0.163665 0.299561 0.162076 0.300537 0.162076 0.300293 0.161547 0.300049 0.162606 0.298828 0.159428 0.299072 0.157839 0.299805 0.159428 0.299561 0.156780 0.298828 0.155191 0.299316 0.153602 0.299805 0.154661 0.298584 0.153072 0.299072 0.151483 0.299805 0.151483
1 0.797607 0.147775 0.794922 0.149364 0.794434 0.154131 0.795410 0.153602 0.795410 0.151483
1 0.479248 0.147775 0.479248 0.150424 0.478760 0.152013 0.477783 0.150953 0.477051 0.151483 0.477783 0.154661 0.477539 0.155191 0.478027 0.155720 0.478516 0.158369 0.478516 0.162076 0.479248 0.161547 0.479248 0.159958 0.480225 0.158369 0.480225 0.157309 0.480957 0.157309 0.480713 0.156780 0.481445 0.155720 0.480957 0.155720 0.480225 0.154131 0.480225 0.151483 0.479980 0.152013 0.479004 0.150953 0.479736 0.149894
1 0.385010 0.147775 0.384521 0.152013 0.385742 0.154131 0.386475 0.153602 0.386719 0.154661 0.387207 0.154661 0.387207 0.153072 0.387695 0.152542 0.386719 0.150424 0.386719 0.152013 0.385742 0.153072 0.384521 0.151483 0.385254 0.149364 0.385742 0.151483 0.385742 0.149364
1 0.998779 0.147246 0.997803 0.147246 0.996826 0.148835 0.993164 0.150424 0.993164 0.152013 0.993652 0.152542 0.993652 0.154131 0.994385 0.154131 0.994629 0.152013 0.995361 0.150424 0.996582 0.150424
1 0.133789 0.147246 0.133545 0.147775 0.134766 0.149894 0.133545 0.149894 0.134521 0.150953 0.135010 0.150424 0.135498 0.152542 0.136475 0.152542 0.136963 0.153602 0.136963 0.156250 0.137451 0.156780 0.137451 0.152542 0.136963 0.151483 0.137695 0.149894 0.138184 0.150953 0.137695 0.149894 0.134766 0.148835
1 0.252930 0.146716 0.251953 0.147775 0.253174 0.150953 0.252930 0.151483 0.253662 0.155191 0.253418 0.159958 0.254150 0.162606 0.254883 0.162076 0.255127 0.160487 0.253418 0.158898 0.254150 0.156780 0.254639 0.156780 0.253906 0.155720 0.254395 0.155191 0.254150 0.153602 0.253174 0.152013 0.253662 0.147246
1 0.957520 0.146716 0.958008 0.147246 0.958008 0.152013 0.957520 0.153072 0.958008 0.154661 0.957275 0.156250 0.957031 0.155720 0.957031 0.156780 0.956543 0.156780 0.956543 0.157839 0.957031 0.158369 0.956543 0.159958 0.956787 0.158898 0.957764 0.159428 0.958008 0.161017 0.957520 0.162606 0.957764 0.161547 0.958740 0.164725 0.958008 0.163136 0.959717 0.162606 0.959473 0.162076 0.960205 0.160487 0.960693 0.160487 0.960693 0.158369 0.961182 0.157309 0.962646 0.156250 0.962891 0.155191 0.964355 0.154661 0.963623 0.154661 0.963379 0.153072 0.962402 0.153072 0.961670 0.154661 0.960693 0.153602 0.959961 0.154661 0.959473 0.152542 0.958740 0.151483 0.959229 0.150953 0.958740 0.149364 0.959717 0.149364 0.960205 0.148305 0.958984 0.147246 0.958740 0.146186
1 0.852051 0.146186 0.849854 0.150953 0.845215 0.149894 0.844971 0.151483 0.843750 0.151483 0.843750 0.153072 0.844727 0.154661 0.843750 0.158898 0.842285 0.157839 0.842041 0.150424 0.840088 0.150424 0.839111 0.153072 0.840332 0.152542 0.840332 0.157839 0.837891 0.162076 0.837891 0.165254 0.836182 0.168962 0.836182 0.170551 0.835449 0.171081 0.833984 0.167903 0.833252 0.163665 0.832275 0.164725 0.831787 0.167903 0.830566 0.170021 0.831543 0.170021 0.831299 0.171610 0.830811 0.171081 0.831299 0.172669 0.831055 0.175847 0.833008 0.173199 0.833984 0.174258 0.832764 0.179555 0.834473 0.177436 0.835449 0.178496 0.836182 0.177436 0.837402 0.177966 0.837646 0.175847 0.839111 0.176907 0.838867 0.179555 0.837158 0.182733 0.837891 0.184852 0.838623 0.182733 0.839355 0.183263 0.838867 0.187500 0.837646 0.186441 0.836914 0.191737 0.837891 0.193856 0.837891 0.196504 0.838379 0.194915 0.839355 0.195445 0.839355 0.198623 0.839844 0.197564 0.840332 0.199153 0.840820 0.198623 0.841064 0.194915 0.841797 0.193326 0.841309 0.192267 0.841553 0.188030 0.839600 0.189089 0.838867 0.186441 0.840088 0.183792 0.841309 0.186441 0.843018 0.183792 0.843262 0.186970 0.843506 0.180614 0.842773 0.177436 0.843262 0.175318 0.843018 0.171610 0.843506 0.171081 0.843262 0.168432 0.844971 0.165254 0.846191 0.165254 0.845215 0.163665 0.846191 0.162076 0.847656 0.164725 0.847412 0.166843 0.848633 0.166314 0.849121 0.163136 0.848633 0.162076 0.849609 0.158898 0.848145 0.157839 0.848633 0.157309 0.848145 0.156780 0.848389 0.155191 0.850586 0.150424 0.851318 0.150953
1 0.201416 0.146186 0.200439 0.146186 0.200684 0.146716 0.199951 0.148835 0.199707 0.153072 0.199951 0.155720 0.200684 0.156780 0.201904 0.156250 0.202881 0.153602 0.202881 0.148835
1 0.195312 0.145657 0.195068 0.146186 0.194092 0.145127 0.193604 0.146186 0.193359 0.151483 0.192627 0.154131 0.192383 0.157839 0.189209 0.163665 0.190430 0.167903 0.191406 0.168962 0.192139 0.165784 0.192139 0.161017 0.193115 0.160487 0.192627 0.159428 0.195068 0.154131 0.195557 0.152013 0.195312 0.148835 0.196045 0.146716
1 0.970947 0.145127 0.969727 0.144068 0.969727 0.146716 0.968994 0.148305 0.968750 0.146716 0.968262 0.149894 0.968750 0.148835 0.970459 0.149894 0.970947 0.148835
1 0.643799 0.144068 0.642822 0.146186 0.642822 0.148835 0.644287 0.147246 0.644531 0.147775 0.644531 0.149894 0.643799 0.151483 0.643799 0.152542 0.644287 0.152542 0.645020 0.150424 0.645264 0.147775
1 0.627441 0.143538 0.625732 0.144068 0.625000 0.147246 0.624268 0.146716 0.623535 0.148305 0.624268 0.149894 0.624512 0.152013 0.625000 0.149894 0.625732 0.149894 0.625732 0.148835 0.627441 0.146186
1 0.305908 0.143008 0.305176 0.148305 0.303955 0.149364 0.304443 0.150424 0.303955 0.153072 0.305176 0.153072 0.305176 0.150953 0.305908 0.149364 0.305664 0.147775 0.306885 0.145127 0.306396 0.143538 0.306641 0.144068 0.306152 0.145127
1 0.428467 0.142479 0.427979 0.142479 0.427246 0.144597 0.426758 0.144068 0.427002 0.143008 0.426270 0.143008 0.425293 0.145657 0.426758 0.145127 0.427246 0.146186 0.427246 0.147246 0.426514 0.148835 0.426758 0.153072 0.426270 0.154131 0.426270 0.155720 0.427246 0.153072 0.428223 0.153602 0.427490 0.150424 0.427979 0.148305 0.427490 0.147775 0.427246 0.144597
1 0.411377 0.141949 0.411133 0.143538 0.411865 0.144597 0.411377 0.147775 0.411621 0.149894 0.412354 0.150424 0.412842 0.148835 0.413086 0.149364 0.412354 0.144068 0.412842 0.144068 0.412598 0.143538 0.413086 0.143008 0.412109 0.143538
1 0.500488 0.141419 0.500244 0.144597 0.499512 0.146186 0.500488 0.150953 0.502441 0.150953 0.503662 0.149894 0.503906 0.148305 0.502686 0.146186 0.502930 0.145127
1 0.281982 0.143008 0.282471 0.145657 0.284180 0.145127 0.284668 0.143008 0.282715 0.141419
1 0.272217 0.140360 0.272217 0.142479 0.270264 0.145127 0.270508 0.148305 0.270020 0.149364 0.270996 0.151483 0.271973 0.150953 0.272949 0.152013 0.272461 0.156780 0.273193 0.157309 0.273438 0.158898 0.272461 0.161547 0.270996 0.161547 0.272461 0.163665 0.272949 0.167373 0.273682 0.165784 0.273682 0.163665 0.274902 0.165254 0.274902 0.166843 0.272461 0.170551 0.272461 0.174258 0.273682 0.176907 0.275146 0.175318 0.276367 0.175318 0.276855 0.176377 0.277344 0.175318 0.278076 0.177436 0.277344 0.177966 0.278076 0.177966 0.278320 0.179555 0.279297 0.179025 0.279297 0.180085 0.279785 0.180085 0.279785 0.184322 0.280273 0.184852 0.281250 0.183792 0.281006 0.180614 0.282471 0.177436 0.283447 0.181144 0.287598 0.179025 0.285645 0.174258 0.286133 0.171610 0.287842 0.172669 0.287842 0.171081 0.287598 0.171610 0.286621 0.169492 0.286865 0.168962 0.285645 0.170021 0.285400 0.171610 0.283691 0.166843 0.282959 0.167903 0.279053 0.161017 0.279541 0.159428 0.280273 0.159958 0.280273 0.158898 0.281494 0.160487 0.281738 0.157309 0.282715 0.154661 0.283691 0.156250 0.284424 0.155191 0.283936 0.153072 0.283936 0.149364 0.282227 0.148835 0.281006 0.150424 0.280029 0.150424 0.279541 0.148305 0.278320 0.146716 0.276855 0.148305 0.276855 0.150424 0.275879 0.149894 0.273926 0.151483 0.273926 0.149894 0.271729 0.148835 0.272217 0.144068 0.272949 0.143538 0.273682 0.145127 0.274414 0.145127 0.273926 0.141419 0.272949 0.143008
1 0.706543 0.141419 0.706543 0.142479 0.705566 0.143008 0.704102 0.141419 0.703125 0.141419 0.702637 0.139831 0.702393 0.140890 0.701172 0.141949 0.700684 0.140890 0.699219 0.144597 0.698730 0.143008 0.698486 0.144068 0.697266 0.144068 0.696777 0.143008 0.695312 0.144068 0.693359 0.139831 0.692871 0.140890 0.691650 0.140890 0.691895 0.144597 0.691406 0.145657 0.690918 0.143538 0.689941 0.145127 0.690186 0.148305 0.691162 0.149894 0.692139 0.149894 0.692627 0.154661 0.693359 0.154661 0.693848 0.153602 0.694580 0.155191 0.695312 0.155191 0.696533 0.156780 0.696777 0.158369 0.694824 0.161547 0.694824 0.164725 0.695312 0.164725 0.696289 0.167903 0.695801 0.168432 0.696289 0.172669 0.697998 0.168962 0.697510 0.163136 0.698242 0.161017 0.697998 0.159428 0.698730 0.157309 0.698486 0.153602 0.699463 0.153602 0.699707 0.152013 0.699463 0.151483 0.698486 0.153602 0.697754 0.153602 0.697510 0.153072 0.698730 0.150424 0.697998 0.150424 0.698242 0.148835 0.699219 0.148305 0.699707 0.146186 0.700439 0.146716 0.700439 0.147775 0.700928 0.148305 0.703613 0.148305 0.705322 0.147246 0.707275 0.147775 0.707764 0.147246 0.707764 0.145127 0.706543 0.142479
1 0.531250 0.139831 0.530762 0.141419 0.531250 0.143008 0.530762 0.144068 0.531006 0.146186 0.530029 0.146716 0.529785 0.147775 0.530029 0.148305 0.530762 0.147246 0.531250 0.150424 0.532959 0.152542 0.532227 0.151483 0.532471 0.150953 0.531982 0.150953 0.532227 0.149364 0.532959 0.149894 0.532959 0.146716 0.532471 0.147246 0.532227 0.145127 0.531982 0.148305 0.531006 0.147246 0.531494 0.145657 0.531250 0.140890 0.531738 0.140890
1 0.525879 0.139831 0.524902 0.142479 0.524902 0.145127 0.526123 0.143008 0.526855 0.144068 0.526855 0.145127 0.526123 0.145657 0.525391 0.147775 0.525879 0.146716 0.526367 0.147775 0.526855 0.146716 0.526855 0.144068 0.526123 0.141949 0.526367 0.140890 0.526123 0.141419 0.525635 0.140360
1 0.982422 0.138242 0.980713 0.137712 0.980713 0.140360 0.979004 0.140360 0.978516 0.143008 0.979492 0.144597 0.979004 0.145127 0.979004 0.147775 0.978516 0.148835 0.979004 0.147775 0.979980 0.148835 0.980713 0.146716 0.981201 0.146716 0.980469 0.146186 0.981201 0.145127 0.980225 0.143008 0.980225 0.141419 0.980713 0.140360 0.981689 0.140360 0.982666 0.138771
1 0.969971 0.138771 0.969238 0.137712 0.968750 0.139831 0.967285 0.141949 0.967285 0.143538 0.968994 0.143538 0.969971 0.141419
1 0.634033 0.138771 0.633057 0.137712 0.632324 0.141949 0.631592 0.142479 0.631592 0.143538 0.632324 0.144597 0.631836 0.145657 0.632568 0.145657 0.632324 0.144597 0.633789 0.141419
1 0.371338 0.137712 0.372314 0.141949 0.372070 0.144597 0.371582 0.144597 0.371338 0.145657 0.371826 0.145657 0.372803 0.148835 0.371826 0.150953 0.371338 0.149894 0.372559 0.152542 0.372803 0.152013 0.372314 0.150953 0.373291 0.149364 0.372314 0.146186 0.372803 0.145127 0.372559 0.143538 0.373047 0.143008 0.371826 0.140360
1 0.717773 0.136653 0.718018 0.137182 0.716064 0.141949 0.716064 0.145127 0.716553 0.146186 0.718262 0.140890
1 0.689697 0.135064 0.690430 0.138242 0.691406 0.137712 0.692139 0.136123 0.691162 0.134534
1 0.636475 0.134534 0.636230 0.137182 0.635254 0.139301 0.635742 0.140360 0.635742 0.139301 0.636475 0.138242 0.636963 0.139301 0.636963 0.140890 0.635742 0.143008 0.637207 0.143538 0.637939 0.140890 0.637451 0.140360 0.637451 0.137712 0.636963 0.137182 0.637207 0.134534 0.636963 0.135593
1 0.489746 0.134534 0.488770 0.134534 0.488037 0.136653 0.487061 0.137712 0.486816 0.138771 0.487549 0.139301 0.487305 0.140890 0.487793 0.141949 0.488281 0.141949 0.488525 0.138771 0.489502 0.138242 0.490234 0.136653
1 0.228760 0.133475 0.227783 0.135593 0.227539 0.140360 0.228516 0.146716 0.228027 0.148305 0.228760 0.148305 0.228760 0.141949 0.228027 0.140360 0.227783 0.138242 0.229248 0.135064
1 0.426270 0.137182 0.424805 0.132945 0.423828 0.136653 0.423340 0.135064 0.422363 0.137182 0.422119 0.136653 0.421387 0.139301 0.422363 0.139301 0.422119 0.138242 0.422607 0.137182 0.423096 0.139301 0.422852 0.137712 0.423340 0.136653 0.423828 0.136653 0.424805 0.139301 0.424072 0.137712 0.424316 0.136653 0.425781 0.138242
1 0.266357 0.134534 0.265381 0.137712 0.265625 0.138242 0.265869 0.137182 0.266602 0.138242 0.266602 0.139301 0.267334 0.139301 0.268555 0.141949 0.268799 0.141419 0.269287 0.142479 0.269043 0.143538 0.269775 0.143538 0.269531 0.141419 0.270996 0.140360 0.270752 0.139831 0.271729 0.137182 0.272705 0.136653 0.272461 0.135593 0.270020 0.136123 0.269287 0.134004 0.268311 0.132945
1 0.276855 0.132415 0.276123 0.134534 0.276123 0.136123 0.277100 0.137182 0.278320 0.135064
1 0.527588 0.134534 0.527344 0.136123 0.527588 0.134534 0.526855 0.132415 0.526611 0.132945 0.526123 0.131886 0.525391 0.132945 0.525146 0.134534 0.524170 0.134534 0.523926 0.133475 0.523926 0.135593 0.523438 0.136653 0.522949 0.136123 0.523193 0.139301 0.523926 0.137712 0.523926 0.135593 0.524414 0.136653 0.524658 0.135064 0.525635 0.135593 0.526367 0.132945
1 0.469971 0.131356 0.471191 0.134004 0.471924 0.134004 0.472412 0.132945 0.471924 0.130826
1 0.219727 0.135064 0.218750 0.133475 0.218506 0.131356 0.218018 0.130826 0.215088 0.134004 0.215576 0.137712 0.216797 0.137712 0.218018 0.136123 0.219238 0.137182
1 0.482178 0.130826 0.483643 0.133475 0.483643 0.135064 0.484375 0.135593 0.484131 0.137712 0.485107 0.137712 0.484619 0.130826
1 0.480957 0.131356 0.479248 0.130826 0.479492 0.131886 0.478271 0.134534 0.477783 0.133475 0.478027 0.130826 0.477051 0.130297 0.475586 0.134004 0.475098 0.134004 0.474854 0.135593 0.473633 0.136123 0.473633 0.143538 0.474609 0.144597 0.473877 0.147775 0.474365 0.155191 0.474854 0.154131 0.474609 0.151483 0.475342 0.149894 0.475342 0.146716 0.476318 0.144597 0.476318 0.143008 0.475830 0.141949 0.476074 0.140890 0.477539 0.141949 0.477051 0.142479 0.477051 0.143538 0.477539 0.144068 0.478027 0.142479 0.477783 0.141949 0.478516 0.141419 0.479004 0.139301 0.481201 0.141949 0.481689 0.141419 0.481445 0.139831 0.481934 0.137182 0.480957 0.134534
1 0.292969 0.130297 0.292969 0.135593 0.293701 0.135064 0.293945 0.136653 0.295410 0.138771 0.295166 0.139831 0.294678 0.139831 0.293945 0.138242 0.293945 0.139831 0.294434 0.140890 0.295654 0.141419 0.295166 0.139831 0.295654 0.139301 0.296387 0.140890 0.294922 0.137712 0.294922 0.136653 0.293457 0.134534
1 0.979980 0.129237 0.978516 0.129237 0.978027 0.130297 0.978027 0.131886 0.977295 0.133475 0.976562 0.133475 0.976562 0.136123 0.977783 0.135064 0.979492 0.130826 0.979980 0.130826
1 0.782227 0.129237 0.781006 0.130297 0.780762 0.129237 0.780518 0.130297 0.779053 0.131356 0.776855 0.130297 0.777344 0.131356 0.777344 0.133475 0.775879 0.136123 0.775391 0.139301 0.777832 0.139301 0.778320 0.137182 0.777588 0.137712 0.776855 0.136123 0.778076 0.133475 0.779053 0.133475 0.780029 0.135064 0.779297 0.137182 0.779297 0.138771 0.778076 0.140890 0.778076 0.143538 0.778809 0.144597 0.778809 0.146186 0.779541 0.144597 0.779053 0.143538 0.779297 0.141949 0.781006 0.139831 0.780518 0.135064 0.780029 0.135064 0.780029 0.131886 0.780518 0.130826 0.781494 0.131886
1 0.254395 0.129767 0.252930 0.129237 0.251221 0.130826 0.250732 0.131886 0.250488 0.135064 0.249512 0.135593 0.249023 0.138242 0.247803 0.138771 0.248779 0.138242 0.249023 0.140360 0.250488 0.141949 0.251465 0.138771 0.250977 0.138771 0.250244 0.136653 0.250488 0.135064 0.250977 0.135593 0.250977 0.131886 0.251465 0.130826 0.252930 0.130297 0.254395 0.130826
1 0.784668 0.128708 0.783203 0.129237 0.781982 0.132945 0.782471 0.134004 0.782227 0.135064 0.782715 0.137712 0.783203 0.138242 0.782959 0.139301 0.783691 0.138242 0.783936 0.135593 0.784668 0.136123 0.784424 0.140360 0.784912 0.141949 0.785889 0.139831 0.785645 0.139301 0.786377 0.137712 0.786377 0.136653 0.786133 0.137182 0.785889 0.136123 0.786621 0.134534 0.785889 0.132945 0.786133 0.131886 0.786377 0.132415 0.786133 0.130826 0.785400 0.130826
1 0.403809 0.127648 0.402588 0.127648 0.402100 0.128708 0.404053 0.132415 0.402344 0.134004 0.401855 0.132945 0.402588 0.131886 0.402344 0.130826 0.401611 0.132945 0.401367 0.131886 0.401855 0.135064 0.400879 0.136123 0.402100 0.137182 0.402832 0.139301 0.403076 0.138771 0.402344 0.136123 0.403076 0.134534 0.403809 0.136123 0.403809 0.131886 0.405029 0.128708
1 0.236816 0.127648 0.235840 0.131886 0.235840 0.135593 0.236816 0.134534 0.237549 0.136123 0.237549 0.138771 0.238770 0.140890 0.238525 0.141419 0.239258 0.142479 0.240234 0.141419 0.240479 0.141949 0.240479 0.138771 0.239746 0.135593 0.237061 0.130297 0.237305 0.128708
1 0.760742 0.129767 0.761230 0.130826 0.761963 0.130826 0.762451 0.129767 0.763184 0.130297 0.762451 0.127119 0.761719 0.127119
1 0.191406 0.128178 0.191406 0.129237 0.192139 0.130826 0.191162 0.132945 0.191406 0.135064 0.195801 0.134004 0.196777 0.132415 0.195801 0.130297 0.194824 0.129237 0.194580 0.129767 0.192627 0.127119 0.191650 0.128708
1 0.411865 0.126589 0.412598 0.128178 0.412598 0.129237 0.411377 0.130297 0.412354 0.130826 0.412842 0.129767 0.413086 0.127119 0.414551 0.130297 0.414551 0.134534 0.413574 0.135593 0.413574 0.137182 0.414795 0.134534 0.415771 0.136653 0.415527 0.137182 0.416260 0.138771 0.416504 0.141419 0.417236 0.143008 0.416992 0.144068 0.417725 0.146186 0.417969 0.149894 0.415527 0.151483 0.416260 0.152013 0.416504 0.150953 0.418945 0.149894 0.418213 0.147775 0.418701 0.146186 0.418701 0.143008 0.418457 0.141949 0.418213 0.143008 0.416992 0.141419 0.417480 0.139831 0.418457 0.140360 0.418213 0.138771 0.418701 0.137182 0.419189 0.138242 0.418457 0.136653 0.418457 0.134004 0.418945 0.132945 0.420654 0.134534 0.420654 0.135593 0.419922 0.137182 0.419678 0.136653 0.419922 0.137712 0.420654 0.137182 0.421387 0.132945 0.420898 0.132945 0.420654 0.134004 0.420166 0.132415 0.419434 0.132945 0.418945 0.131886 0.418945 0.132945 0.418457 0.133475 0.418701 0.137182 0.417969 0.140360 0.416992 0.137712 0.416992 0.135064 0.416016 0.135064 0.415527 0.133475 0.416260 0.131886 0.415039 0.131886 0.413330 0.126059 0.412598 0.127119
1 0.721191 0.125000 0.719482 0.128708 0.719971 0.128708 0.720703 0.130297 0.722168 0.128708 0.723145 0.129237 0.722412 0.131886 0.722168 0.135593 0.722900 0.134004 0.723389 0.134004 0.722900 0.134004 0.723145 0.131886 0.724121 0.130826 0.723633 0.129237 0.723877 0.128178 0.723389 0.128708 0.722900 0.126589 0.722412 0.126589 0.721436 0.129237 0.720947 0.128708 0.720703 0.127119 0.721680 0.126589 0.721680 0.125530
1 0.638672 0.125000 0.637695 0.126589 0.638184 0.127119 0.638184 0.128708 0.639648 0.131356 0.639404 0.132415 0.639893 0.134004 0.639404 0.134534 0.640381 0.135064 0.641113 0.132945 0.641602 0.132945 0.640869 0.130297 0.640137 0.131356 0.639404 0.129767 0.639404 0.127119
1 0.677246 0.124470 0.676025 0.125000 0.675537 0.128708 0.674805 0.129767 0.675293 0.134534 0.676025 0.136123 0.675781 0.139301 0.675049 0.141419 0.675049 0.146716 0.675537 0.148835 0.676270 0.149364 0.677734 0.147775 0.679443 0.148305 0.679932 0.146716 0.680908 0.147246 0.681152 0.141949 0.680420 0.140360 0.681152 0.138771 0.681641 0.139831 0.682129 0.137182 0.682861 0.136123 0.681885 0.133475 0.681396 0.133475 0.680664 0.135593 0.680664 0.138771 0.679932 0.140360 0.678711 0.137182 0.678711 0.135064 0.677979 0.134534 0.677979 0.131886 0.678711 0.128178 0.678467 0.126589
1 0.971680 0.123941 0.970703 0.126059 0.970703 0.128708 0.971924 0.128708 0.971924 0.127648 0.972412 0.127119 0.972900 0.131886 0.973877 0.129767 0.973389 0.128708 0.973389 0.125000
1 0.838623 0.125000 0.837891 0.125000 0.837646 0.123941 0.836914 0.125000 0.836670 0.123941 0.836182 0.124470 0.835938 0.127119 0.835449 0.128178 0.835938 0.128708 0.834717 0.130826 0.834961 0.132945 0.835205 0.132415 0.835449 0.133475 0.835938 0.131886 0.835693 0.131356 0.836670 0.129767 0.839111 0.129767 0.839111 0.128178 0.838135 0.127119 0.838623 0.126589
1 0.705566 0.122352 0.704102 0.122881 0.703613 0.125000 0.703857 0.124470 0.704346 0.125530 0.703613 0.126059 0.704834 0.127648 0.704834 0.125000 0.705322 0.124470 0.705811 0.125530 0.706055 0.122881 0.705811 0.123411
1 0.541748 0.122352 0.541504 0.128178 0.542969 0.127119 0.543457 0.128708 0.543945 0.127648 0.543701 0.125530 0.544189 0.124470 0.543457 0.123941 0.542969 0.125000
1 0.386475 0.122881 0.387207 0.127119 0.386963 0.128708 0.388184 0.130297 0.388184 0.128708 0.387939 0.129237 0.387451 0.128178 0.387695 0.127648 0.387207 0.127648 0.387451 0.126589 0.387939 0.126589 0.386963 0.124470 0.387207 0.122881 0.388428 0.124470 0.389404 0.127648 0.389160 0.125530 0.390869 0.124470 0.391113 0.126059 0.390625 0.128178 0.391113 0.129767 0.391113 0.127648 0.391357 0.127119 0.391846 0.128178 0.390869 0.122881 0.390381 0.122881 0.389404 0.125000 0.388916 0.123941 0.388428 0.124470 0.387451 0.122352
1 0.717529 0.121822 0.715820 0.125530 0.716553 0.125000 0.717041 0.127119 0.716553 0.128178 0.715576 0.128178 0.714600 0.130826 0.715332 0.131356 0.717773 0.126059
1 0.657471 0.121822 0.656982 0.122881 0.655762 0.122881 0.654541 0.127648 0.653320 0.129767 0.653564 0.131886 0.653076 0.132415 0.654053 0.132945 0.653320 0.135064 0.651855 0.133475 0.650879 0.136123 0.650146 0.135593 0.649658 0.137182 0.648926 0.137712 0.648682 0.140360 0.648438 0.137182 0.647461 0.135593 0.646973 0.133475 0.646484 0.133475 0.645752 0.138242 0.646729 0.140890 0.646484 0.145657 0.647461 0.147246 0.646973 0.154131 0.647705 0.155191 0.647461 0.157839 0.645996 0.161017 0.645264 0.161547 0.645508 0.163665 0.646484 0.165784 0.649170 0.164725 0.650146 0.166843 0.650879 0.164725 0.651855 0.164725 0.652344 0.163665 0.651855 0.159958 0.650635 0.160487 0.649414 0.157839 0.649414 0.154131 0.649902 0.153072 0.649414 0.152013 0.649902 0.150953 0.650635 0.151483 0.650879 0.150424 0.650146 0.150424 0.649170 0.148305 0.649658 0.147246 0.650879 0.147246 0.651367 0.146186 0.651367 0.143008 0.651855 0.141949 0.652588 0.141949 0.653076 0.143538 0.654053 0.143538 0.654541 0.138771 0.653320 0.137712 0.653076 0.135593 0.653564 0.134534 0.654297 0.136123 0.654785 0.136123 0.654785 0.137712 0.655273 0.136653 0.654785 0.136123 0.655273 0.134004 0.654297 0.132945 0.654053 0.129767 0.654785 0.127119 0.655029 0.128178 0.654785 0.126589 0.655273 0.125530 0.656494 0.125530 0.656738 0.126589 0.657471 0.126059 0.656494 0.125530
1 0.373291 0.122352 0.372559 0.121822 0.372070 0.123411 0.371094 0.124470 0.371094 0.126059 0.370605 0.127119 0.368896 0.127648 0.368408 0.128708 0.368164 0.131356 0.368896 0.133475 0.369873 0.133475 0.370605 0.131886 0.370605 0.129767 0.371338 0.127119 0.372314 0.128708 0.373291 0.126059 0.374023 0.127119 0.374023 0.125000
1 0.230957 0.121822 0.229736 0.122352 0.229248 0.125530 0.228516 0.127119 0.227783 0.126059 0.227051 0.126589 0.228027 0.127648 0.227539 0.128178 0.227539 0.129237 0.228760 0.131886 0.229248 0.131886 0.229492 0.130297 0.230225 0.130297 0.228760 0.127648 0.229980 0.123941 0.231445 0.123411
1 0.806885 0.119703 0.804688 0.123411 0.803467 0.123411 0.802734 0.124470 0.803223 0.126059 0.803223 0.124470 0.803711 0.123411 0.804443 0.125000 0.804199 0.126059 0.805176 0.127119 0.803467 0.129237 0.804443 0.129767 0.804443 0.128708 0.805420 0.127119 0.804688 0.126059 0.805664 0.123411 0.806885 0.122881 0.806885 0.121822 0.805908 0.123411 0.805420 0.122881
1 0.653809 0.126059 0.652588 0.124470 0.652832 0.123411 0.651855 0.121822 0.651367 0.119703 0.649902 0.122881 0.649414 0.121822 0.647949 0.122881 0.647705 0.121822 0.646973 0.121822 0.646484 0.120763 0.645996 0.121822 0.645996 0.123411 0.645020 0.123941 0.643066 0.129767 0.643799 0.130826 0.645264 0.130826 0.645020 0.129767 0.645996 0.128178 0.646484 0.130297 0.647217 0.130826 0.647217 0.128178 0.647949 0.126589 0.648682 0.126589 0.649414 0.128708 0.650635 0.127648 0.650879 0.128178 0.650879 0.127119 0.650146 0.127648 0.648926 0.126589 0.649170 0.123411 0.649658 0.122352 0.649902 0.123411 0.650391 0.123411 0.650391 0.125530 0.650879 0.124470 0.651855 0.124470 0.652832 0.128178 0.652832 0.127119 0.653564 0.127119
1 0.536865 0.119703 0.535889 0.121292 0.535400 0.120233 0.534424 0.122352 0.533691 0.120763 0.533691 0.122352 0.534180 0.123411 0.534424 0.122881 0.534912 0.124470 0.535889 0.125000 0.536377 0.124470 0.536377 0.121822 0.535889 0.121292
1 0.357910 0.120233 0.357422 0.120763 0.357178 0.124470 0.356689 0.125530 0.354980 0.126059 0.355957 0.127648 0.357422 0.127648 0.357910 0.130297 0.358887 0.130297 0.359131 0.131356 0.358154 0.133475 0.356934 0.130297 0.355713 0.131356 0.355957 0.132945 0.354980 0.134534 0.354980 0.136123 0.355713 0.136123 0.356445 0.138771 0.356445 0.143538 0.354492 0.148305 0.353271 0.153072 0.353516 0.154131 0.354980 0.154131 0.357666 0.147246 0.358887 0.147775 0.359863 0.146186 0.361328 0.147246 0.361816 0.146716 0.362061 0.147775 0.361328 0.149364 0.361328 0.151483 0.361816 0.154131 0.362549 0.154131 0.363281 0.155720 0.362793 0.161017 0.363525 0.161017 0.364502 0.159428 0.363037 0.152542 0.364014 0.152013 0.364258 0.148835 0.363281 0.146186 0.362061 0.147246 0.361572 0.144068 0.362305 0.141419 0.363281 0.141419 0.364258 0.139301 0.363770 0.136123 0.364746 0.132945 0.364746 0.130297 0.365479 0.127648 0.366699 0.126059 0.365723 0.126589 0.364990 0.125530 0.364746 0.123411 0.364014 0.123941 0.363525 0.122881 0.363281 0.119174 0.362061 0.121292 0.361572 0.123941 0.363037 0.126059 0.363281 0.128178 0.362305 0.132415 0.361328 0.134004 0.361816 0.135593 0.361328 0.136653 0.361572 0.138771 0.360352 0.140360 0.361084 0.141419 0.360596 0.144068 0.358643 0.139301 0.359619 0.136653 0.359375 0.136123 0.360840 0.134534 0.360107 0.132945 0.360840 0.132415 0.361084 0.129237 0.360596 0.126589 0.359375 0.124470 0.358887 0.121292
1 0.995117 0.118644 0.995117 0.126589 0.995850 0.128708 0.995850 0.119174
1 0.989990 0.119703 0.988037 0.118644 0.988281 0.121292 0.987305 0.121822 0.986572 0.118644 0.985352 0.118644 0.986328 0.121292 0.985107 0.123941 0.984375 0.123941 0.984375 0.126059 0.983643 0.128178 0.982666 0.127648 0.983643 0.126059 0.982178 0.123411 0.982178 0.121822 0.981689 0.122881 0.980957 0.122881 0.979492 0.126589 0.982178 0.127648 0.982422 0.129767 0.982910 0.130826 0.983643 0.130826 0.984863 0.133475 0.984619 0.134004 0.984863 0.128178 0.986084 0.126059 0.985352 0.126059 0.985107 0.123941 0.987549 0.123411 0.987793 0.122352 0.988525 0.123411 0.988770 0.122352 0.989502 0.122352 0.989502 0.120763
1 0.442871 0.118644 0.442871 0.120233 0.442139 0.121822 0.440918 0.122352 0.441162 0.125530 0.440674 0.127119 0.440674 0.129237 0.438477 0.132945 0.438721 0.135593 0.439453 0.137712 0.440918 0.135593 0.444092 0.135593 0.445312 0.135064 0.446045 0.133475 0.446289 0.131356 0.443359 0.124470 0.443115 0.122881 0.443604 0.120233
1 0.396240 0.119174 0.396973 0.119703 0.397217 0.121292 0.396729 0.121822 0.397705 0.122881 0.398682 0.122881 0.398926 0.121292 0.399658 0.122881 0.399658 0.121822 0.400146 0.121292 0.400391 0.123411 0.401123 0.121822 0.400635 0.117055 0.400146 0.117585 0.400146 0.118644 0.400146 0.117585 0.400635 0.117585 0.400635 0.120763 0.400391 0.121292 0.399902 0.119703 0.399658 0.121822 0.399170 0.120233 0.398682 0.120233 0.397949 0.118644 0.397217 0.118644 0.396973 0.118114 0.397461 0.117055 0.396973 0.117055 0.397217 0.117585
1 0.991211 0.116525 0.990723 0.118114 0.991943 0.118114 0.992188 0.119174 0.990234 0.123411 0.990967 0.123411 0.991211 0.125530 0.992188 0.126059 0.992188 0.130826 0.990723 0.131886 0.990234 0.133475 0.989502 0.134004 0.988281 0.132415 0.989258 0.130297 0.987549 0.130297 0.986816 0.131356 0.986816 0.135593 0.987793 0.137182 0.988525 0.135593 0.989990 0.135064 0.990723 0.136653 0.990723 0.139301 0.992188 0.140890 0.992188 0.139831 0.993896 0.137182 0.994629 0.138771 0.994629 0.142479 0.994873 0.141949 0.995117 0.143008 0.994629 0.144068 0.993896 0.144068 0.993652 0.145657 0.996826 0.142479 0.997070 0.141419 0.997559 0.141949 0.999756 0.137182 0.999756 0.134534 0.997559 0.133475 0.997314 0.132415 0.996582 0.132415 0.996094 0.131356 0.996094 0.135064 0.996582 0.136123 0.995361 0.136653 0.994873 0.135593 0.995361 0.134534 0.993408 0.130826 0.993896 0.127119 0.994385 0.126589 0.994385 0.125000 0.993896 0.124470 0.993896 0.122881 0.992920 0.121292 0.992920 0.119703 0.991943 0.118114 0.991943 0.116525
1 0.624023 0.116525 0.623291 0.117055 0.623535 0.118644 0.622559 0.120233 0.622559 0.122352 0.623291 0.124470 0.624512 0.121822 0.625244 0.122352 0.624512 0.117055
1 0.854980 0.115466 0.854980 0.117055 0.854492 0.117585 0.855469 0.118644 0.855469 0.122881 0.856201 0.124470 0.857422 0.123941 0.856934 0.123411 0.856934 0.121822 0.857422 0.121292 0.857666 0.118114 0.857178 0.117585 0.857666 0.117055 0.855957 0.117585
1 0.752686 0.116525 0.752686 0.117585 0.751465 0.119703 0.753174 0.123941 0.754395 0.122881 0.755859 0.126589 0.755371 0.127648 0.756348 0.128178 0.757324 0.126059 0.756836 0.121292 0.756104 0.119174 0.756104 0.117055 0.755615 0.115466 0.754150 0.114936
1 0.234619 0.116525 0.235840 0.119174 0.236084 0.121292 0.235840 0.119174 0.236572 0.119174 0.235596 0.118644 0.236084 0.116525 0.236816 0.116525 0.237549 0.118114 0.239258 0.118644 0.238281 0.117055 0.238770 0.115996 0.238037 0.117055 0.238037 0.115466 0.237305 0.115466 0.236816 0.114407 0.236816 0.115996 0.235352 0.115466 0.235352 0.114407
1 0.327637 0.117055 0.327148 0.116525 0.327148 0.115466 0.325684 0.113877 0.325684 0.117055 0.325195 0.117585 0.324951 0.116525 0.323730 0.116525 0.323242 0.117585 0.323242 0.119703 0.325195 0.121292 0.326172 0.119703 0.326416 0.118114 0.326904 0.118114 0.327148 0.117055 0.327637 0.118114
1 0.651855 0.113347 0.651611 0.114407 0.650391 0.114936 0.650391 0.118114 0.651855 0.118114
1 0.420898 0.113347 0.420410 0.112288 0.419678 0.112288 0.417969 0.115996 0.417236 0.115466 0.416748 0.117055 0.416504 0.116525 0.416992 0.117585 0.416260 0.118644 0.415283 0.118644 0.415039 0.117585 0.414551 0.118114 0.414062 0.115466 0.413574 0.114936 0.413574 0.119174 0.414062 0.120763 0.414307 0.119703 0.414795 0.120233 0.415283 0.119174 0.416016 0.120233 0.415283 0.120763 0.416992 0.120233 0.418701 0.116525 0.417969 0.115996 0.418701 0.114407 0.419189 0.115466 0.419434 0.114936 0.418945 0.113877 0.419189 0.113347
1 0.386475 0.112818 0.385986 0.112288 0.385986 0.113877 0.385254 0.112288 0.384766 0.112288 0.383301 0.117055 0.381836 0.117055 0.381348 0.120233 0.382080 0.120763 0.382324 0.118114 0.383789 0.118644 0.385498 0.114936 0.386475 0.114407 0.385986 0.113877
1 0.654053 0.111229 0.654053 0.115996 0.653320 0.117585 0.653320 0.119703 0.652832 0.120763 0.653076 0.122352 0.653809 0.122352 0.653564 0.121292 0.654053 0.121292 0.654297 0.118644 0.655518 0.117585 0.655518 0.114936
1 0.789062 0.110699 0.787109 0.110699 0.786621 0.113877 0.786621 0.118644 0.788574 0.114407
1 0.362061 0.110699 0.361084 0.110169 0.361084 0.111758 0.359619 0.115466 0.361572 0.113877 0.362061 0.112818
1 0.762207 0.110169 0.758301 0.110169 0.758789 0.118114 0.758545 0.118644 0.758301 0.117585 0.758545 0.118644 0.757812 0.120763 0.759033 0.124470 0.760254 0.123411 0.759766 0.122881 0.760498 0.119174 0.760010 0.117055 0.760010 0.114407
1 0.348389 0.109640 0.348389 0.110699 0.347412 0.111758 0.348145 0.113347 0.347412 0.115996 0.347412 0.118114 0.346924 0.118644 0.347412 0.123411 0.346680 0.125530 0.346191 0.125530 0.346680 0.126059 0.346924 0.128178 0.345947 0.128178 0.345947 0.129767 0.345215 0.129237 0.344238 0.127119 0.344727 0.125530 0.344482 0.125000 0.343994 0.126589 0.343262 0.126059 0.343018 0.127119 0.343262 0.130826 0.343994 0.130826 0.344238 0.129767 0.343262 0.128708 0.343506 0.127119 0.344727 0.128178 0.345703 0.130297 0.346924 0.129237 0.346924 0.126059 0.347412 0.125000 0.347412 0.116525 0.348145 0.114407 0.348877 0.114407 0.349365 0.113347 0.348389 0.111229 0.348877 0.110699 0.350098 0.113347
1 0.220947 0.110169 0.218750 0.110169 0.218262 0.113877 0.219727 0.114936 0.219971 0.113877 0.221436 0.113347
1 0.829102 0.109110 0.828369 0.109110 0.827881 0.111229 0.826660 0.111229 0.826416 0.112818 0.827637 0.113877 0.828125 0.112818 0.828857 0.112818 0.829346 0.110699
1 0.777100 0.111758 0.773193 0.111758 0.772461 0.110699 0.771973 0.111229 0.771484 0.109110 0.770264 0.110169 0.769531 0.112288 0.769531 0.114936 0.770508 0.117055 0.770508 0.118644 0.770020 0.118644 0.770264 0.119703 0.769043 0.121822 0.767578 0.121292 0.767090 0.122352 0.768066 0.122881 0.767578 0.124470 0.765625 0.125530 0.766113 0.128178 0.765625 0.128708 0.765625 0.130297 0.765137 0.131356 0.764160 0.131356 0.763428 0.134534 0.763428 0.137182 0.764893 0.137712 0.765625 0.139301 0.765625 0.140360 0.767090 0.138771 0.768066 0.138771 0.769043 0.140360 0.770264 0.139301 0.770508 0.141419 0.771240 0.141949 0.769531 0.144068 0.770996 0.143538 0.771729 0.141419 0.772217 0.141419 0.772217 0.138242 0.773193 0.134534 0.773193 0.132415 0.772705 0.131886 0.772705 0.130297 0.771973 0.127648 0.770264 0.127119 0.770020 0.126059 0.770752 0.124470 0.771729 0.124470 0.772461 0.123411 0.773682 0.122881 0.774170 0.123941 0.775635 0.121292 0.776123 0.122352 0.775879 0.123941 0.774414 0.126059 0.775635 0.126589 0.776367 0.125000 0.776855 0.125000 0.777100 0.121822 0.778076 0.120763 0.777832 0.119174 0.778564 0.115996 0.778076 0.114407 0.777344 0.113877
1 0.396973 0.108581 0.397949 0.110699 0.397949 0.113347 0.397705 0.113877 0.397217 0.112818 0.397217 0.110699 0.396729 0.110699 0.396240 0.112288 0.396484 0.113877 0.396973 0.113877 0.397705 0.115996 0.397949 0.115466 0.398682 0.117055 0.399170 0.117055 0.399658 0.115466 0.400635 0.115466 0.400391 0.113347 0.399902 0.112818 0.400391 0.113877 0.400146 0.115466 0.399414 0.113347 0.398438 0.115996 0.397949 0.115466 0.397949 0.109640
1 0.279297 0.108581 0.278809 0.109640 0.279297 0.110699 0.279297 0.113877 0.278564 0.114407 0.278320 0.117585 0.278809 0.118114 0.278564 0.117585 0.279053 0.116525 0.279785 0.118114 0.279785 0.120233 0.280273 0.120233 0.280518 0.118644 0.280029 0.116525 0.280029 0.113877 0.280518 0.113877 0.279541 0.111758 0.279785 0.110169
1 0.683838 0.108051 0.683594 0.109640 0.684326 0.110169 0.684326 0.111758 0.683838 0.112818 0.683594 0.112288 0.683105 0.114936 0.683838 0.115996 0.683838 0.119703 0.684326 0.121822 0.685059 0.119703 0.684814 0.119174 0.685547 0.119174 0.685059 0.121292 0.686035 0.125530 0.685791 0.126059 0.686279 0.126589 0.686035 0.130297 0.686523 0.131356 0.687256 0.131356 0.688232 0.129767 0.688965 0.131356 0.689941 0.130826 0.690186 0.126589 0.689209 0.121292 0.689697 0.118114 0.689209 0.116525 0.690918 0.114407 0.690186 0.114936 0.688965 0.112288 0.689209 0.110699 0.686768 0.110169 0.686035 0.108581 0.684570 0.109640
1 0.347412 0.107521 0.346436 0.109110 0.346191 0.110699 0.345459 0.110169 0.346191 0.111758 0.345947 0.113877 0.344727 0.112288 0.344482 0.109640 0.343994 0.110699 0.343262 0.109110 0.343262 0.108051 0.343750 0.111229 0.345215 0.114936 0.346924 0.112288 0.346680 0.110169
1 0.979980 0.106992 0.979980 0.111758 0.980469 0.109640 0.982666 0.109640 0.983398 0.110699 0.983887 0.112818 0.984131 0.112288 0.984131 0.108051 0.981445 0.108051 0.981201 0.109110 0.980469 0.109110
1 0.850098 0.106992 0.849365 0.110169 0.846680 0.110169 0.847168 0.114407 0.848633 0.114407 0.848877 0.113347 0.849121 0.114407 0.849365 0.110699 0.850586 0.109110
1 0.310303 0.106992 0.310059 0.108581 0.310547 0.110169 0.309326 0.113347 0.308594 0.112288 0.308350 0.114407 0.308838 0.115996 0.308350 0.117055 0.308105 0.116525 0.308594 0.118644 0.308350 0.119703 0.309082 0.119703 0.309326 0.117585 0.310303 0.117055 0.310547 0.115996 0.309570 0.115996 0.310059 0.114407 0.311768 0.116525 0.310303 0.114407 0.309570 0.112288 0.310547 0.110699 0.310547 0.112818 0.312256 0.113877
1 0.159668 0.106992 0.159668 0.108051 0.159180 0.108581 0.159424 0.109110 0.158691 0.110169 0.158691 0.112288 0.159912 0.115996 0.161865 0.115996 0.162598 0.114936 0.162109 0.110699 0.161377 0.108051
1 0.734375 0.105932 0.733887 0.108581 0.734375 0.109640 0.733643 0.111229 0.733154 0.110169 0.733398 0.109110 0.732910 0.107521 0.731689 0.108051 0.731689 0.113347 0.730225 0.116525 0.730225 0.119703 0.728760 0.122881 0.728760 0.123941 0.727539 0.127119 0.727783 0.128708 0.728027 0.126059 0.730225 0.120763 0.730225 0.117585 0.731445 0.114936 0.732178 0.109640 0.732422 0.116525 0.731934 0.117055 0.731689 0.119174 0.732178 0.120763 0.731201 0.122881 0.731445 0.124470 0.729980 0.125530 0.730713 0.127119 0.729492 0.129767 0.730957 0.127119 0.730713 0.126059 0.731689 0.123411 0.732178 0.124470 0.732422 0.123941 0.732666 0.126059 0.732422 0.126589 0.732178 0.125530 0.731689 0.128178 0.730713 0.129237 0.731934 0.129767 0.731445 0.131356 0.731689 0.130826 0.732422 0.132945 0.732178 0.136653 0.733154 0.137712 0.732910 0.136123 0.734131 0.133475 0.734131 0.131356 0.733154 0.129237 0.733154 0.127648 0.733643 0.126589 0.733154 0.125000 0.733643 0.121822 0.733154 0.119174 0.734131 0.117585 0.733643 0.115996 0.734619 0.108581
1 0.387695 0.105932 0.388428 0.106992 0.387695 0.108581 0.387451 0.108051 0.387695 0.110169 0.388916 0.113347 0.389404 0.113347 0.389893 0.111758 0.390381 0.111758 0.389648 0.110699 0.389404 0.108051
1 0.423096 0.104873 0.422363 0.105932 0.422119 0.108051 0.421387 0.106992 0.420410 0.110169 0.421875 0.111758 0.421387 0.112818 0.421631 0.114936 0.421143 0.115996 0.422607 0.119174 0.422119 0.120233 0.422852 0.121822 0.421875 0.122352 0.421387 0.120763 0.421387 0.118644 0.420166 0.115996 0.421143 0.118114 0.421143 0.121292 0.421875 0.122352 0.421631 0.123411 0.421875 0.122352 0.423096 0.122881 0.422607 0.126059 0.421875 0.127648 0.421875 0.129237 0.422363 0.129767 0.422363 0.128708 0.423340 0.127648 0.422607 0.126059 0.423340 0.124470 0.423828 0.126059 0.423340 0.126589 0.423828 0.126059 0.423828 0.121822 0.423340 0.120763 0.423340 0.118644 0.422852 0.117055 0.423340 0.115996 0.424316 0.116525 0.424072 0.115996 0.424561 0.114936 0.423828 0.113877 0.423340 0.111758 0.423340 0.113347 0.422852 0.113877 0.422119 0.111229 0.422607 0.109110 0.423340 0.110169 0.423828 0.109640 0.423096 0.108581 0.423096 0.106992 0.423584 0.106462
1 0.768311 0.102754 0.767822 0.102225 0.766113 0.105932 0.765625 0.105932 0.765625 0.107521 0.767822 0.107521 0.768799 0.105403 0.768311 0.104343 0.768555 0.103814 0.768066 0.103814
1 0.752686 0.102225 0.751953 0.104343 0.752686 0.105403 0.752197 0.106992 0.752197 0.109110 0.752686 0.109640 0.753662 0.108581 0.753906 0.109110 0.753174 0.110699 0.753418 0.111229 0.753906 0.109110 0.753662 0.106992 0.753906 0.106462 0.754395 0.108051 0.754395 0.106992 0.755127 0.105932 0.755127 0.104343
1 0.707764 0.101165 0.705811 0.105403 0.706787 0.106992 0.706787 0.109110 0.707275 0.109110 0.707031 0.104873 0.707764 0.104873 0.708252 0.103284
1 0.539551 0.100636 0.539062 0.103814 0.539307 0.104343 0.538086 0.105403 0.537598 0.104873 0.538574 0.106462 0.537109 0.109110 0.537598 0.111229 0.537109 0.112288 0.536865 0.111229 0.536377 0.111758 0.537109 0.112288 0.537109 0.113877 0.537842 0.115466 0.538818 0.114936 0.539551 0.111229 0.539307 0.108581 0.538818 0.110169 0.538086 0.109640 0.538818 0.105403 0.539307 0.104343 0.540039 0.106462 0.540283 0.105403 0.541260 0.105403 0.540527 0.103814 0.540771 0.102225 0.540039 0.102225
1 0.794189 0.100106 0.793457 0.101695 0.792969 0.101695 0.792969 0.102754 0.792236 0.104343 0.792969 0.106462 0.793945 0.105932 0.794434 0.103814 0.794434 0.102225 0.794189 0.102754 0.793701 0.101695
1 0.290771 0.101165 0.291016 0.102754 0.290527 0.103284 0.291504 0.104343 0.291748 0.102754 0.291992 0.103814 0.292480 0.103814 0.292480 0.102225 0.292969 0.101165 0.291504 0.100106 0.291260 0.101165
1 0.820312 0.099047 0.819580 0.099576 0.819580 0.100636 0.818848 0.101695 0.818848 0.102754 0.819824 0.103284 0.820068 0.104343 0.819336 0.106462 0.818604 0.106462 0.819336 0.106462 0.821045 0.102754 0.820801 0.100106
1 0.985352 0.109640 0.987061 0.109640 0.988037 0.107521 0.988281 0.111758 0.986816 0.112818 0.988037 0.112818 0.988281 0.113877 0.989990 0.113877 0.989990 0.110169 0.991943 0.109640 0.991943 0.108051 0.993408 0.106462 0.993408 0.103814 0.992920 0.103284 0.993164 0.101165 0.995850 0.101165 0.996094 0.103284 0.995605 0.103814 0.995605 0.105403 0.996094 0.104343 0.996826 0.104343 0.996826 0.101695 0.996094 0.101695 0.995850 0.100636 0.994141 0.100636 0.993896 0.099576 0.992432 0.099576 0.992188 0.103284 0.990723 0.103814 0.990479 0.101695 0.990967 0.101165 0.990967 0.100106 0.990479 0.098517 0.989258 0.098517 0.989014 0.100636 0.988037 0.101695 0.987305 0.100636 0.987061 0.101695 0.986328 0.101695 0.985840 0.102754 0.985840 0.104343 0.985352 0.104873
1 0.329102 0.098517 0.328369 0.102225 0.330078 0.104873 0.330811 0.104343 0.330811 0.102225 0.330078 0.101695 0.329834 0.099576
1 0.358398 0.097987 0.358887 0.102225 0.358643 0.103284 0.359375 0.100636 0.359863 0.101165 0.360107 0.099576 0.361084 0.101165 0.360352 0.102754 0.361328 0.103284 0.361816 0.102225 0.360596 0.098517 0.359131 0.099047
1 0.323730 0.097987 0.322754 0.100106 0.322754 0.102225 0.323730 0.103814 0.323486 0.105403 0.325928 0.105932 0.325439 0.103814 0.325684 0.102225 0.324951 0.099576
1 0.090820 0.099047 0.091797 0.100636 0.092529 0.100636 0.093506 0.103284 0.093506 0.102225 0.094238 0.101165 0.093262 0.097458
1 0.395020 0.096928 0.394775 0.099047 0.394043 0.097458 0.394043 0.096398 0.394043 0.097987 0.393066 0.101165 0.393555 0.104873 0.392822 0.106462 0.392090 0.105932 0.392090 0.104343 0.391602 0.103814 0.390625 0.104343 0.390381 0.105932 0.389893 0.105403 0.389893 0.103814 0.389404 0.105403 0.388672 0.105403 0.390625 0.108581 0.391357 0.108581 0.391357 0.112818 0.392578 0.113347 0.392822 0.108581 0.394775 0.105403 0.395508 0.105932 0.395508 0.103814 0.395264 0.103284 0.395020 0.105403 0.394287 0.103284 0.394287 0.100106 0.394775 0.099576 0.395264 0.097458
1 0.177979 0.096928 0.178223 0.099047 0.179199 0.100636 0.180176 0.099047 0.180420 0.099576 0.179199 0.095869
1 0.843262 0.095339 0.842285 0.097458 0.842529 0.100636 0.841553 0.102754 0.841797 0.105403 0.843262 0.105932 0.843506 0.104343 0.844238 0.103284 0.844727 0.099047 0.844482 0.097458
1 0.271729 0.095339 0.271973 0.099576 0.273438 0.100106 0.274902 0.096928 0.274414 0.095869 0.273682 0.095869 0.272949 0.097458
1 0.690674 0.094809 0.689453 0.096928 0.688477 0.096928 0.688477 0.100636 0.689209 0.099576 0.690186 0.099576 0.690918 0.095339
1 0.154297 0.095339 0.154297 0.096928 0.156738 0.098517 0.156250 0.094280 0.155029 0.094280
1 0.714600 0.093750 0.714844 0.096398 0.715332 0.095339 0.716064 0.095339 0.718750 0.097458 0.719238 0.101165 0.718994 0.102754 0.717773 0.104343 0.718750 0.103814 0.719482 0.101165 0.720459 0.102225 0.719727 0.104343 0.720703 0.102754 0.719971 0.101165 0.719727 0.097458 0.718750 0.096398 0.717773 0.096928 0.716553 0.095339 0.715576 0.095339
1 0.642578 0.093220 0.642578 0.095869 0.641602 0.097458 0.641602 0.099047 0.641113 0.100106 0.642578 0.101165 0.643555 0.099047 0.644287 0.099047 0.644531 0.101165 0.643555 0.102225 0.644043 0.106462 0.643066 0.108581 0.642822 0.108051 0.642822 0.112288 0.641846 0.112818 0.640625 0.114936 0.641113 0.115466 0.641357 0.114407 0.642822 0.114936 0.644287 0.113877 0.644775 0.116525 0.646240 0.115996 0.646484 0.113347 0.647705 0.111229 0.647949 0.111758 0.647705 0.111229 0.648438 0.109110 0.649414 0.110169 0.649902 0.109110 0.649902 0.106992 0.651367 0.103814 0.650635 0.100636 0.651123 0.098517 0.650635 0.097458 0.649414 0.097458 0.649170 0.096398 0.648438 0.096398 0.647949 0.093220 0.647949 0.095869 0.649414 0.097458 0.649170 0.098517 0.648438 0.098517 0.648438 0.104343 0.647949 0.104873 0.647705 0.100636 0.647217 0.099576 0.647461 0.097987 0.645996 0.097458 0.645752 0.098517 0.644531 0.098517 0.642578 0.095339 0.643066 0.094809 0.643066 0.093750 0.644043 0.093750
1 0.227051 0.093750 0.228516 0.095339 0.229492 0.097987 0.229736 0.096398 0.230713 0.097987 0.230225 0.096928 0.230469 0.095339 0.232178 0.100106 0.231445 0.096928 0.230225 0.094809 0.229492 0.094809 0.228271 0.093220
1 0.338379 0.092691 0.337158 0.093220 0.337402 0.094809 0.337646 0.094280 0.338867 0.096398 0.338623 0.097458 0.338135 0.096928 0.337158 0.101165 0.338379 0.101695 0.338379 0.100636 0.339844 0.097987 0.340332 0.097987 0.340820 0.096398 0.340088 0.097458 0.339111 0.096928 0.338623 0.095869
1 0.391113 0.092691 0.388672 0.092691 0.388916 0.094809 0.388428 0.095339 0.387695 0.094280 0.387939 0.095339 0.387451 0.095339 0.388672 0.096398 0.388916 0.099047 0.389404 0.094809 0.389893 0.093750 0.390869 0.094280
1 0.382568 0.091631 0.381836 0.093220 0.383301 0.097987 0.383545 0.100636 0.384033 0.101165 0.383301 0.099576 0.383301 0.096928 0.382324 0.094809 0.382812 0.093750 0.383545 0.093750 0.385254 0.097458 0.385010 0.095869 0.385498 0.095339 0.384521 0.093750 0.384521 0.091631 0.384033 0.092691
1 0.998047 0.090042 0.997559 0.092161 0.998779 0.092691 0.999756 0.094809 0.999756 0.091102 0.999268 0.090042
1 0.328369 0.090572 0.327148 0.090042 0.326416 0.091631 0.325684 0.091102 0.325195 0.092161 0.324463 0.092161 0.325684 0.094280 0.325684 0.095339 0.326660 0.097458 0.327148 0.097458 0.327393 0.095339 0.329102 0.094280 0.329102 0.092161
1 0.797363 0.088453 0.796387 0.092161 0.797363 0.093220 0.798584 0.091631 0.798584 0.090572
1 0.296387 0.088453 0.295410 0.087394 0.295166 0.088453 0.294922 0.087924 0.294189 0.091102 0.293213 0.090572 0.292969 0.092161 0.293457 0.092161 0.293701 0.091102 0.295410 0.092691 0.296143 0.091102
1 0.495605 0.087394 0.494385 0.086864 0.493164 0.089513 0.492432 0.089513 0.492188 0.090572 0.492676 0.091102 0.491699 0.092161 0.492188 0.093220 0.491211 0.095339 0.490479 0.094809 0.489014 0.097987 0.487793 0.096398 0.488770 0.093220 0.488037 0.091102 0.486816 0.091102 0.486084 0.093220 0.486816 0.096398 0.485840 0.099576 0.485840 0.094809 0.484863 0.094809 0.484131 0.096398 0.483643 0.095869 0.483887 0.094280 0.483398 0.095339 0.483887 0.096398 0.483887 0.098517 0.482666 0.099576 0.482422 0.100636 0.483154 0.102225 0.481934 0.104343 0.482422 0.104873 0.482178 0.105403 0.483398 0.105403 0.483643 0.107521 0.482910 0.107521 0.482666 0.108581 0.480713 0.108051 0.480957 0.109640 0.480469 0.111758 0.480957 0.112288 0.481201 0.115466 0.480225 0.119174 0.481445 0.123411 0.483154 0.119174 0.484375 0.119174 0.485107 0.117055 0.485596 0.118114 0.485107 0.115466 0.484619 0.117585 0.483887 0.115996 0.483887 0.110699 0.483643 0.111758 0.483398 0.111229 0.483643 0.108581 0.484619 0.108051 0.485107 0.105932 0.486816 0.105403 0.487305 0.106462 0.488281 0.114407 0.488770 0.115466 0.489502 0.114407 0.489746 0.115466 0.490234 0.114936 0.490967 0.116525 0.492188 0.114936 0.491455 0.113347 0.490723 0.113347 0.490967 0.111758 0.491943 0.110699 0.492188 0.108581 0.493408 0.109640 0.493164 0.111758 0.494141 0.109110 0.494385 0.110169 0.495850 0.109110 0.494873 0.105403 0.495605 0.104873 0.495117 0.103814 0.495117 0.100636 0.495605 0.099047 0.495361 0.094809 0.495850 0.094280 0.496094 0.092161 0.495605 0.090042 0.495361 0.090572 0.494385 0.088983 0.494629 0.087924
1 0.993896 0.086864 0.992188 0.086864 0.991943 0.085805 0.991211 0.085805 0.988770 0.090042 0.988770 0.091631 0.989746 0.093220 0.989990 0.094809 0.991211 0.090572 0.993408 0.090572 0.993896 0.089513
1 0.414307 0.090042 0.413818 0.090042 0.413574 0.088983 0.413086 0.089513 0.412598 0.088453 0.412354 0.085275 0.411621 0.086335 0.411377 0.087924 0.409180 0.087394 0.408691 0.088983 0.408936 0.091102 0.408691 0.091631 0.408203 0.090042 0.407959 0.093750 0.406250 0.092691 0.407959 0.093750 0.408203 0.093220 0.409424 0.094809 0.408447 0.093220 0.408936 0.092691 0.409180 0.089513 0.409424 0.091102 0.410645 0.091102 0.411377 0.092161 0.411621 0.091631 0.412109 0.092691 0.412598 0.091631 0.414062 0.091631
1 0.281250 0.085275 0.281006 0.088983 0.280273 0.090042 0.281982 0.088983 0.282471 0.090572 0.283203 0.091102 0.281982 0.085805
1 0.156738 0.085275 0.156494 0.087924 0.157227 0.089513 0.158447 0.089513 0.159180 0.088453 0.159424 0.088983 0.157715 0.084746
1 0.723633 0.084216 0.722656 0.084216 0.722168 0.085275 0.721924 0.087924 0.720459 0.090042 0.720215 0.089513 0.720703 0.092691 0.721436 0.091631 0.721436 0.090572 0.721924 0.091102 0.722412 0.090042 0.723389 0.090042 0.723145 0.089513 0.723877 0.088453 0.723389 0.087924 0.722900 0.088983 0.722656 0.087394 0.723633 0.085805
1 0.266113 0.088453 0.266113 0.089513 0.267334 0.088983 0.267578 0.091631 0.268311 0.090042 0.268799 0.091102 0.269043 0.090042 0.270020 0.092161 0.270508 0.091631 0.270020 0.091631 0.269287 0.089513 0.269775 0.088453 0.271729 0.092691 0.271240 0.090042 0.270508 0.089513 0.270996 0.088983 0.270508 0.088453 0.270508 0.087394 0.268555 0.086864 0.267334 0.084216 0.267090 0.087924
1 0.227295 0.084216 0.227783 0.086864 0.228516 0.086335 0.229004 0.087394 0.229004 0.090572 0.229492 0.090042 0.229492 0.088983 0.230469 0.088983 0.229492 0.086864 0.229736 0.085805 0.230713 0.086335 0.231445 0.087924 0.230957 0.086335 0.229980 0.085275 0.228271 0.084746 0.229492 0.085805 0.228516 0.086335
1 0.689941 0.083157 0.687988 0.086864 0.688965 0.090042 0.688965 0.091102 0.687988 0.093220 0.688477 0.094809 0.688965 0.094809 0.689209 0.093750 0.688721 0.092161 0.690430 0.086864 0.690186 0.085275 0.690674 0.084746 0.690186 0.084746
1 0.652832 0.083157 0.653320 0.084216 0.653320 0.086864 0.652832 0.087924 0.652832 0.092161 0.652832 0.090042 0.653320 0.088453 0.653809 0.090572 0.655029 0.090042 0.655029 0.084746 0.654053 0.084746
1 0.322998 0.083157 0.322266 0.083157 0.321289 0.084746 0.320801 0.087394 0.320801 0.092691 0.322266 0.090042 0.323730 0.088983 0.323730 0.087394 0.322998 0.086864
1 0.251465 0.083686 0.251953 0.085275 0.251465 0.086864 0.251709 0.086335 0.252441 0.087394 0.253418 0.091102 0.255371 0.093220 0.253174 0.089513 0.253418 0.086864 0.252441 0.085275 0.252441 0.083157 0.252197 0.084216 0.251953 0.083157
1 0.320312 0.083686 0.319092 0.082627 0.318115 0.084216 0.316650 0.084216 0.317627 0.086864 0.317871 0.085805 0.319336 0.085805
1 0.480225 0.081038 0.480713 0.084216 0.479736 0.086864 0.479492 0.085275 0.479736 0.086864 0.479248 0.091102 0.481201 0.093750 0.481689 0.093220 0.482422 0.094280 0.481689 0.090042 0.481934 0.084216
1 0.353271 0.080508 0.354980 0.083686 0.355225 0.083157 0.358398 0.085275 0.359619 0.088983 0.358643 0.088983 0.359375 0.090572 0.361084 0.090572 0.361572 0.089513 0.361572 0.086864 0.360840 0.088453 0.361572 0.088983 0.361084 0.090042 0.360352 0.090042 0.358398 0.085275 0.357910 0.085275 0.356934 0.083157 0.357666 0.082627 0.357422 0.081038 0.355957 0.083157 0.354736 0.083157
1 0.493164 0.082627 0.494873 0.082097 0.495605 0.083686 0.496094 0.087924 0.498047 0.087924 0.497070 0.087394 0.496338 0.084216 0.496826 0.082627 0.495117 0.079979 0.494141 0.081038 0.493896 0.080508
1 0.638672 0.082097 0.639648 0.082627 0.640869 0.081568 0.641113 0.082627 0.642090 0.082627 0.642334 0.081568 0.642578 0.082627 0.642822 0.081568 0.643066 0.082627 0.643066 0.081568 0.643555 0.081038 0.640869 0.079449 0.640381 0.081038 0.638672 0.080508
1 0.108154 0.080508 0.106934 0.079449 0.105469 0.082097 0.105957 0.082627 0.105957 0.083686 0.107910 0.083686
1 0.708008 0.079449 0.707520 0.078919 0.706055 0.082097 0.705811 0.085805 0.706299 0.085805 0.707275 0.083686 0.706787 0.082097 0.707031 0.081568 0.708252 0.081568
1 0.995117 0.085275 0.996826 0.084216 0.997559 0.082097 0.998047 0.083157 0.999756 0.083157 0.999756 0.080508 0.998535 0.080508 0.998291 0.081568 0.996094 0.081568 0.995605 0.078390 0.995605 0.082097 0.996094 0.082627 0.996094 0.084216
1 0.508789 0.078390 0.507568 0.081038 0.506836 0.081038 0.506836 0.082627 0.505859 0.083157 0.505859 0.084216 0.506836 0.083157 0.507080 0.083686 0.507080 0.085275 0.506592 0.085805 0.506592 0.086864 0.507080 0.087394 0.507080 0.089513 0.507080 0.085275 0.507812 0.084746 0.507568 0.081568 0.507812 0.081038 0.508789 0.083157 0.508789 0.084216 0.509033 0.083157 0.508545 0.082627 0.509521 0.081038 0.509277 0.079979 0.508545 0.082097 0.508057 0.081038
1 0.416992 0.079449 0.416504 0.079449 0.416016 0.077860 0.416260 0.079979 0.415771 0.081038 0.413574 0.079449 0.412842 0.083157 0.413086 0.085805 0.413574 0.083686 0.416016 0.083686 0.416260 0.081568 0.417236 0.080508
1 0.301758 0.077331 0.300781 0.077331 0.300781 0.078919 0.300049 0.081568 0.298828 0.084216 0.298340 0.084216 0.299072 0.086335 0.300537 0.087394 0.300781 0.088453 0.298828 0.090572 0.296875 0.089513 0.297852 0.091631 0.299561 0.090042 0.299805 0.091102 0.301270 0.091631 0.302734 0.088983 0.302246 0.087924 0.302734 0.084216 0.302734 0.079979
1 0.474854 0.076801 0.473877 0.077331 0.473145 0.080508 0.473877 0.082627 0.475098 0.082627 0.475098 0.084216 0.474609 0.085275 0.474609 0.086335 0.475098 0.086864 0.475586 0.085275 0.476562 0.084216 0.476807 0.084746 0.477539 0.082097 0.477051 0.081568 0.477051 0.079449 0.476562 0.078390 0.475586 0.078390
1 0.787598 0.080508 0.786621 0.079979 0.785889 0.081038 0.785156 0.079979 0.783936 0.079979 0.783203 0.083686 0.782471 0.084216 0.782227 0.083686 0.782715 0.083157 0.782471 0.076801 0.781982 0.076271 0.781250 0.077860 0.781250 0.079979 0.780518 0.081568 0.780518 0.083157 0.781006 0.083686 0.780762 0.084746 0.779785 0.084746 0.779297 0.083686 0.779541 0.081568 0.778076 0.082627 0.777344 0.081038 0.777344 0.084746 0.778076 0.083686 0.779053 0.084746 0.778564 0.086335 0.777344 0.086335 0.777344 0.087924 0.777832 0.087924 0.778564 0.089513 0.779785 0.090042 0.780518 0.088983 0.780762 0.090042 0.782715 0.089513 0.782715 0.087924 0.783203 0.086864 0.784912 0.086864 0.786133 0.084746 0.785400 0.084216 0.786865 0.081038
1 0.698242 0.076271 0.698242 0.078919 0.698730 0.078390 0.699219 0.079449 0.699219 0.081038 0.700439 0.081038 0.700439 0.078919 0.699951 0.077331
1 0.660645 0.074153 0.660400 0.077860 0.660645 0.082097 0.661133 0.082627 0.661133 0.083686 0.661377 0.079449 0.662354 0.075742 0.663574 0.076801 0.664062 0.079979 0.664551 0.080508 0.664062 0.081568 0.664062 0.083686 0.665039 0.084216 0.665283 0.082627 0.665039 0.083157 0.664307 0.082097 0.664795 0.080508 0.663818 0.077860 0.663818 0.074682
1 0.631348 0.074153 0.630615 0.075742 0.630615 0.077860 0.629883 0.079449 0.629883 0.080508 0.631348 0.080508 0.631104 0.085805 0.632080 0.090042 0.632568 0.089513 0.633057 0.090572 0.632568 0.091102 0.633545 0.090042 0.633789 0.091102 0.634766 0.088453 0.634766 0.086864 0.634277 0.085805 0.634521 0.084746 0.634033 0.083686 0.634277 0.077860 0.633545 0.077860 0.633301 0.076801 0.632568 0.077331 0.631592 0.075742
1 0.770996 0.073093 0.770264 0.073623 0.770264 0.074682 0.768799 0.076801 0.768555 0.078919 0.769531 0.081568 0.770020 0.081038 0.770020 0.076271 0.771240 0.076271 0.771484 0.073623
1 0.572266 0.072564 0.571533 0.074153 0.570801 0.073623 0.570801 0.076801 0.569092 0.080508 0.568848 0.079979 0.569336 0.076801 0.569336 0.077860 0.568359 0.078919 0.568604 0.080508 0.567871 0.082097 0.567871 0.083157 0.569824 0.078919 0.570557 0.078919 0.571045 0.076271 0.572021 0.075742
1 0.175293 0.085275 0.174561 0.085805 0.174072 0.082097 0.173340 0.081038 0.171143 0.084216 0.170410 0.082627 0.169922 0.078390 0.169189 0.077860 0.167236 0.077860 0.166260 0.078919 0.165527 0.077331 0.166016 0.076801 0.164062 0.072564 0.164551 0.074682 0.164307 0.075212 0.164795 0.075742 0.165283 0.078390 0.164307 0.080508 0.163818 0.080508 0.163574 0.082097 0.161865 0.079449 0.161133 0.079449 0.160645 0.080508 0.160645 0.082627 0.161377 0.084746 0.161377 0.086335 0.162109 0.087924 0.161377 0.087924 0.160400 0.091102 0.158691 0.090572 0.158691 0.093220 0.159180 0.093750 0.158936 0.097458 0.160156 0.102225 0.160156 0.103814 0.160645 0.104343 0.160400 0.103284 0.161133 0.102754 0.160889 0.102225 0.161621 0.100636 0.162842 0.101165 0.163330 0.102754 0.164307 0.100636 0.163086 0.100106 0.162598 0.097987 0.162842 0.094280 0.163574 0.091102 0.163086 0.088983 0.162354 0.089513 0.161865 0.088453 0.162598 0.085275 0.162354 0.084746 0.162842 0.083686 0.163330 0.083686 0.164795 0.087924 0.164795 0.091102 0.166260 0.093750 0.166260 0.090042 0.165771 0.086864 0.167236 0.084216 0.167236 0.082097 0.168213 0.082627 0.169189 0.085275 0.170166 0.085275 0.172363 0.088983 0.175537 0.087394
1 0.419922 0.072034 0.419434 0.073093 0.419434 0.075742 0.420166 0.076801 0.421143 0.076801 0.421631 0.075742 0.421387 0.072564
1 0.279785 0.072034 0.281250 0.076271 0.280762 0.080508 0.282227 0.083157 0.282715 0.082097 0.281982 0.080508 0.282715 0.079979 0.281494 0.078390 0.281982 0.075212
1 0.082764 0.073623 0.082275 0.073623 0.081543 0.072034 0.080078 0.073093 0.079346 0.075212 0.077881 0.075212 0.078125 0.076801 0.079346 0.077331 0.080078 0.074682 0.080566 0.075212 0.080811 0.074153 0.081055 0.075212 0.082275 0.075212
1 0.150879 0.070975 0.150391 0.073623 0.151855 0.077860 0.152344 0.077331 0.152344 0.074153 0.151367 0.070975
1 0.155273 0.070445 0.155518 0.074153 0.156250 0.075742 0.156738 0.075742 0.156738 0.076801 0.157715 0.078390 0.158203 0.078390 0.158936 0.076801 0.159668 0.077331 0.159912 0.075212 0.158447 0.072564 0.157471 0.073623 0.157227 0.073093 0.157715 0.074682 0.157471 0.076271 0.156250 0.074682 0.156250 0.072034 0.156738 0.072034 0.156006 0.069386
1 0.401123 0.070975 0.402100 0.072564 0.400146 0.077331 0.401123 0.079449 0.401123 0.076801 0.401611 0.076801 0.402100 0.078390 0.401367 0.075212 0.402588 0.074682 0.402832 0.073093 0.404053 0.072034 0.404297 0.073623 0.403564 0.074153 0.403809 0.077331 0.404053 0.076271 0.405029 0.077860 0.406250 0.077331 0.406006 0.076801 0.406738 0.076271 0.407471 0.079449 0.407959 0.079979 0.407959 0.083157 0.407959 0.079449 0.407227 0.076801 0.407959 0.074682 0.406982 0.074153 0.406250 0.075742 0.405273 0.075212 0.405518 0.074682 0.405029 0.072564 0.406006 0.070445 0.406006 0.068856 0.405273 0.070445 0.404297 0.070445 0.403320 0.072034 0.402100 0.072564
1 0.354980 0.068856 0.354736 0.070445 0.357178 0.075212 0.357422 0.077331 0.357910 0.078390 0.359131 0.078919 0.359619 0.077860 0.359619 0.074153 0.359375 0.074682 0.357910 0.073093 0.358154 0.069915 0.357422 0.068856
1 0.435791 0.067267 0.434814 0.067267 0.434326 0.069915 0.434814 0.071504 0.434570 0.073093 0.435303 0.074153 0.434814 0.072034 0.436279 0.070445
1 0.822754 0.065678 0.822266 0.065678 0.821533 0.067797 0.821777 0.074682 0.822021 0.074153 0.821533 0.073093 0.822510 0.072564 0.822754 0.070975
1 0.324219 0.069386 0.323242 0.067267 0.323242 0.066208 0.322510 0.065678 0.322021 0.066737 0.321289 0.066737 0.321289 0.069915 0.320557 0.072034 0.320068 0.071504 0.320312 0.072564 0.321289 0.072564 0.322021 0.070445 0.323242 0.070445 0.323975 0.072564
1 0.382568 0.065148 0.382568 0.066208 0.381348 0.068856 0.380859 0.068326 0.381592 0.069915 0.381348 0.072034 0.380859 0.072564 0.381104 0.074153 0.379883 0.074153 0.379883 0.080508 0.379395 0.082097 0.379639 0.083157 0.380859 0.081038 0.380615 0.075212 0.381348 0.075212 0.381592 0.073623 0.383057 0.075742 0.381836 0.073623 0.382568 0.073093 0.383057 0.074153 0.383301 0.071504 0.382568 0.068326
1 0.294434 0.066208 0.294434 0.067267 0.295654 0.067797 0.295654 0.070445 0.296387 0.072034 0.297607 0.072034 0.296631 0.070445 0.296631 0.071504 0.295898 0.070445 0.295898 0.068856 0.296875 0.067267 0.298584 0.070975 0.298340 0.068326 0.297852 0.068856 0.297119 0.067267 0.297119 0.066208 0.296387 0.067797 0.295898 0.066737 0.296631 0.065148 0.295654 0.064619 0.295654 0.066737
1 0.176270 0.064619 0.174805 0.065148 0.174316 0.066208 0.173828 0.068856 0.173828 0.070975 0.174316 0.072564 0.176270 0.073093 0.177246 0.071504 0.176758 0.070445 0.177246 0.069915 0.176758 0.068326 0.177002 0.066208
1 0.762695 0.069915 0.761230 0.070445 0.760254 0.068326 0.760010 0.068856 0.759277 0.067797 0.758301 0.067797 0.758057 0.065678 0.757568 0.066737 0.756348 0.066737 0.755615 0.065148 0.755615 0.063559 0.755127 0.063559 0.754150 0.066737 0.753418 0.065678 0.752930 0.067267 0.751709 0.067797 0.751465 0.070445 0.750488 0.071504 0.751221 0.071504 0.750732 0.072564 0.750977 0.073623 0.750000 0.075212 0.750488 0.076271 0.750000 0.078919 0.750732 0.081568 0.750732 0.084216 0.749756 0.084746 0.749023 0.082627 0.747559 0.084216 0.748535 0.085805 0.748535 0.087394 0.749023 0.087394 0.750000 0.089513 0.751221 0.089513 0.750000 0.087924 0.750244 0.087394 0.753174 0.087394 0.753418 0.086335 0.753906 0.086864 0.754395 0.085805 0.755859 0.086335 0.756348 0.085275 0.755371 0.082627 0.755859 0.081038 0.757080 0.081038 0.758545 0.085275 0.758301 0.090042 0.758789 0.090042 0.759766 0.087924 0.759766 0.083686 0.760010 0.083157 0.760742 0.084216 0.761230 0.081038 0.761963 0.080508 0.762451 0.074682 0.762939 0.073093
1 0.678711 0.063559 0.678467 0.067797 0.679932 0.070975 0.679688 0.072034 0.681152 0.074682 0.680664 0.076271 0.681641 0.076801 0.681641 0.075742 0.681152 0.075212 0.681885 0.072564 0.680664 0.067797 0.680664 0.065148 0.679688 0.063559
1 0.283691 0.066208 0.284668 0.067797 0.285889 0.066737 0.284912 0.063559 0.283936 0.064089
1 0.480713 0.067267 0.481689 0.066737 0.482422 0.068856 0.483398 0.067267 0.483643 0.068856 0.482666 0.070445 0.482910 0.071504 0.485107 0.067267 0.488281 0.067267 0.488281 0.065678 0.488037 0.066208 0.487793 0.064619 0.486328 0.065678 0.486084 0.064619 0.484619 0.064619 0.484619 0.068326 0.484131 0.067267 0.484131 0.063559 0.483643 0.063030 0.483643 0.064619 0.482666 0.064089 0.482910 0.065148 0.482422 0.065148 0.482178 0.066737 0.481445 0.065678
1 0.405762 0.062500 0.405762 0.065678 0.405029 0.065678 0.405518 0.066208 0.405518 0.067267 0.406982 0.067267 0.406982 0.062500
1 0.384521 0.062500 0.384766 0.064089 0.386230 0.066737 0.386230 0.064089 0.385742 0.064089 0.385742 0.062500 0.388184 0.062500 0.388428 0.068326 0.387939 0.069915 0.387695 0.069386 0.387939 0.070975 0.388428 0.070445 0.390381 0.074682 0.390137 0.078919 0.391113 0.079979 0.391357 0.079449 0.390381 0.077331 0.390869 0.074682 0.390137 0.070445 0.390625 0.069915 0.390137 0.069915 0.389893 0.070975 0.389160 0.069915 0.388672 0.067797 0.388672 0.062500 0.387695 0.060911 0.385742 0.061441 0.385498 0.063559
1 0.279297 0.059322 0.278809 0.060381 0.278809 0.062500 0.279541 0.063559 0.280762 0.063559 0.281006 0.060911 0.280518 0.059852
1 0.365234 0.058792 0.364746 0.059852 0.364746 0.061441 0.364258 0.061970 0.364990 0.065148 0.364746 0.066208 0.364990 0.065148 0.365967 0.066208 0.366455 0.068326 0.367188 0.062500 0.366455 0.059322 0.366211 0.059852 0.365967 0.058792 0.365723 0.059852
1 0.771729 0.060911 0.772217 0.063559 0.771973 0.066208 0.772949 0.067267 0.775146 0.066208 0.776123 0.067267 0.776611 0.069386 0.777344 0.069915 0.777832 0.068856 0.778320 0.069915 0.778076 0.069386 0.778564 0.068856 0.779053 0.070445 0.780029 0.070445 0.781250 0.073093 0.781494 0.070445 0.780762 0.068326 0.781738 0.067267 0.779541 0.059852 0.779785 0.058263 0.778320 0.058263 0.777588 0.059322 0.775879 0.059322 0.774902 0.058263 0.774170 0.059322 0.773438 0.058792
1 0.663818 0.058263 0.663086 0.058263 0.662598 0.059322 0.662842 0.060381 0.662109 0.061970 0.661621 0.061441 0.662109 0.061970 0.661865 0.062500 0.660156 0.061970 0.660156 0.066208 0.661133 0.066737 0.660889 0.068856 0.661865 0.070445 0.662842 0.069386 0.663086 0.065148 0.663818 0.065148 0.664307 0.067267 0.664062 0.067797 0.664795 0.068326 0.665039 0.069915 0.665283 0.069386 0.665283 0.067797 0.664307 0.067267 0.664795 0.060911
1 0.496582 0.058263 0.496582 0.059322 0.497314 0.059322 0.496826 0.060381 0.497070 0.061441 0.500000 0.061970 0.500000 0.060911 0.498779 0.058792
1 0.214844 0.059322 0.215088 0.060381 0.214600 0.061441 0.215332 0.063030 0.216064 0.060381 0.216797 0.060381 0.217773 0.062500 0.218506 0.061970 0.218506 0.060381 0.218018 0.060911 0.217285 0.059852 0.216553 0.056674 0.215820 0.057203 0.215088 0.060381
1 0.821533 0.056674 0.821289 0.056144 0.819336 0.059322 0.820312 0.059322 0.819824 0.060911 0.818604 0.061970 0.818359 0.060911 0.816895 0.066208 0.817383 0.064619 0.818359 0.066737 0.818604 0.065678 0.818115 0.065148 0.818359 0.064619 0.817871 0.062500 0.818359 0.061441 0.818604 0.062500 0.819580 0.060911 0.820068 0.060911 0.820801 0.063030 0.821533 0.062500 0.822021 0.064089 0.820068 0.065678 0.819092 0.068326 0.820068 0.066737 0.821289 0.066737 0.822021 0.064089 0.822754 0.064619 0.822754 0.063559 0.822021 0.063559 0.822021 0.061970 0.822510 0.061970 0.821533 0.060381
1 0.635742 0.056144 0.635254 0.057203 0.635498 0.058263 0.634521 0.060381 0.634521 0.061970 0.635254 0.063559 0.635742 0.063559 0.636475 0.061441 0.636475 0.058263 0.635498 0.056674
1 0.343018 0.054555 0.342529 0.055614 0.342285 0.055085 0.342285 0.058263 0.341797 0.059322 0.342041 0.060911 0.343262 0.059852 0.343018 0.059322 0.343506 0.057733 0.342773 0.056144 0.343506 0.055085
1 0.064697 0.054555 0.064453 0.056674 0.065186 0.058263 0.066162 0.058792 0.066650 0.055614 0.065430 0.054025
1 0.471191 0.054025 0.471436 0.058263 0.472656 0.059852 0.472656 0.063559 0.473633 0.061441 0.474609 0.063030 0.475098 0.065148 0.475586 0.064619 0.475098 0.063559 0.475342 0.060911 0.474121 0.057203 0.472900 0.056144 0.472168 0.053496
1 0.453369 0.054025 0.455078 0.058792 0.456543 0.058263 0.456299 0.056144 0.454834 0.053496
1 0.843506 0.054025 0.843750 0.058263 0.844482 0.056674 0.846191 0.057733 0.846680 0.056144 0.844727 0.052966
1 0.670410 0.052966 0.669922 0.053496 0.669678 0.055614 0.670654 0.060381 0.671143 0.055085
1 0.142578 0.054025 0.142822 0.054555 0.142334 0.055085 0.142334 0.056144 0.142822 0.057203 0.143066 0.056674 0.143799 0.057733 0.143311 0.056674 0.143555 0.056144 0.144775 0.056144 0.145264 0.057203 0.144043 0.058792 0.144043 0.060911 0.145020 0.063030 0.146240 0.064089 0.146729 0.065678 0.146484 0.066737 0.146973 0.067797 0.146729 0.068856 0.147217 0.068856 0.148682 0.073093 0.149170 0.072034 0.148926 0.068326 0.149414 0.064089 0.147949 0.061441 0.147949 0.059852 0.149170 0.059852 0.149414 0.058792 0.149902 0.058792 0.149902 0.055614 0.148193 0.053496 0.146729 0.054025 0.145508 0.052966 0.145020 0.054025 0.143799 0.054025 0.144287 0.054555 0.144043 0.056674 0.143799 0.055085
1 0.410889 0.056674 0.408936 0.052436 0.408447 0.054025 0.407471 0.054025 0.407959 0.055085 0.407715 0.056144 0.406738 0.055614 0.407227 0.052966 0.406982 0.054555 0.406494 0.054555 0.406250 0.055614 0.406738 0.058792 0.408447 0.057203 0.409424 0.057203 0.409180 0.056674 0.409668 0.055614 0.410645 0.059322 0.410156 0.057203
1 0.320557 0.055085 0.319336 0.052436 0.318848 0.052436 0.317383 0.055614 0.316895 0.055614 0.316895 0.058792 0.319580 0.058792 0.320068 0.058263
1 0.110352 0.051907 0.110107 0.052966 0.109375 0.052966 0.109375 0.054555 0.110596 0.055614 0.110596 0.058792 0.111572 0.058263 0.111572 0.056674 0.110840 0.052436
1 0.245361 0.050847 0.245361 0.054555 0.246826 0.057203 0.246582 0.058792 0.247559 0.059852 0.247559 0.061441 0.248779 0.063030 0.249756 0.061970 0.250244 0.063030 0.250732 0.061970 0.251709 0.061970 0.251221 0.061441 0.251221 0.059852 0.252686 0.059852 0.251953 0.059322 0.252197 0.056674 0.250977 0.054025 0.250732 0.055085 0.250244 0.055085 0.249023 0.051907 0.247803 0.050318
1 0.183105 0.049788 0.181885 0.050847 0.182129 0.054025 0.183594 0.053496 0.183594 0.050847
1 0.652832 0.047140 0.653564 0.050847 0.653320 0.056674 0.653809 0.057203 0.653809 0.058263 0.653564 0.056144 0.654053 0.055614 0.654541 0.052966 0.654297 0.052436 0.654785 0.051377 0.655518 0.051377 0.655762 0.052436 0.655762 0.050318 0.655518 0.051377 0.654785 0.048199 0.654297 0.048729 0.653320 0.047140 0.653076 0.048199
1 0.789062 0.046610 0.787842 0.049788 0.786133 0.052436 0.786621 0.053496 0.785645 0.054555 0.786133 0.055614 0.785889 0.056674 0.786377 0.058263 0.785156 0.061970 0.784912 0.065678 0.783691 0.067797 0.783691 0.069386 0.784668 0.069386 0.786133 0.066737 0.787354 0.066208 0.788086 0.069386 0.790771 0.069386 0.791016 0.071504 0.791504 0.072034 0.792236 0.069915 0.793213 0.069915 0.793213 0.072034 0.794678 0.072564 0.795410 0.069915 0.796143 0.068856 0.796387 0.069915 0.796387 0.068856 0.795654 0.067267 0.795654 0.066208 0.794678 0.065678 0.794434 0.064619 0.794189 0.065148 0.793457 0.064089 0.792236 0.064089 0.790771 0.061970 0.791260 0.058263 0.790039 0.054555 0.790039 0.052966 0.788818 0.050847 0.789307 0.048199
1 0.310059 0.047669 0.308838 0.046610 0.308350 0.047140 0.307617 0.050318 0.306885 0.051377 0.307373 0.050847 0.309570 0.051907 0.310059 0.050318
1 0.099121 0.048729 0.098877 0.050318 0.099365 0.050847 0.100098 0.054555 0.100830 0.054555 0.101074 0.056144 0.102539 0.054555 0.103027 0.055085 0.102783 0.058263 0.103516 0.060381 0.103027 0.060381 0.102783 0.061441 0.104004 0.062500 0.104736 0.061970 0.105225 0.063030 0.104004 0.065148 0.105469 0.065148 0.105957 0.063030 0.105225 0.060381 0.105713 0.058263 0.106445 0.057733 0.106201 0.054025 0.105713 0.052966 0.104736 0.053496 0.103760 0.051377 0.102295 0.051907 0.102295 0.049258 0.102783 0.048729 0.102539 0.046610 0.101807 0.046610 0.101074 0.048729
1 0.174805 0.047140 0.174805 0.050847 0.175781 0.050318 0.176025 0.051907 0.177002 0.053496 0.178955 0.053496 0.178711 0.052966 0.179688 0.050847 0.178467 0.049258 0.176025 0.050847 0.176025 0.049258 0.177490 0.048199 0.176270 0.046081 0.175293 0.046081
1 0.444092 0.043962 0.443848 0.046081 0.445068 0.048199 0.444336 0.048729 0.443115 0.052436 0.442627 0.052436 0.442139 0.055614 0.443115 0.056674 0.443848 0.055085 0.444824 0.057203 0.445068 0.056144 0.444336 0.054555 0.444336 0.052966 0.445068 0.051907 0.445801 0.054025 0.446045 0.052966 0.445557 0.050847 0.446533 0.049258 0.446289 0.048199 0.446777 0.047140 0.447754 0.046610 0.447021 0.046610 0.446289 0.045021 0.445312 0.045551 0.444824 0.043962
1 0.791260 0.043432 0.790771 0.043432 0.790527 0.044492 0.791016 0.046081 0.790771 0.049258 0.791504 0.048729 0.791992 0.046610 0.791992 0.044492
1 0.672852 0.042903 0.671387 0.043432 0.670898 0.049258 0.670166 0.050318 0.670898 0.050318 0.671387 0.049258 0.671875 0.050318 0.672607 0.049788 0.672607 0.048729 0.673340 0.047140 0.673340 0.044492
1 0.782227 0.042373 0.782227 0.043962 0.781250 0.044492 0.781250 0.045551 0.780273 0.047140 0.781250 0.046081 0.782227 0.047140 0.782471 0.046610 0.782715 0.047669 0.782227 0.050847 0.782959 0.050847 0.783447 0.049788 0.782959 0.048729 0.783203 0.047140 0.782959 0.048199 0.782471 0.046610 0.782959 0.043432
1 0.674072 0.042373 0.674316 0.045021 0.674805 0.046081 0.674561 0.049788 0.675049 0.051377 0.674316 0.052966 0.671875 0.054555 0.672363 0.056674 0.673096 0.057203 0.673096 0.058263 0.674316 0.060381 0.674561 0.059852 0.674805 0.060911 0.675293 0.060911 0.675781 0.063030 0.678223 0.063030 0.677490 0.062500 0.677734 0.056674 0.678467 0.055614 0.678467 0.054555 0.678223 0.055085 0.677246 0.053496 0.677002 0.054555 0.676514 0.051377 0.677002 0.049788 0.676270 0.048199 0.677490 0.045551 0.675537 0.045551 0.674561 0.042373
1 0.412109 0.042373 0.411621 0.042903 0.411377 0.048199 0.411133 0.048729 0.410645 0.047669 0.410889 0.047140 0.410400 0.047669 0.410889 0.050847 0.411377 0.050847 0.410645 0.049258 0.410889 0.048199 0.411865 0.050318 0.412598 0.049788 0.413086 0.050847 0.412842 0.053496 0.412109 0.053496 0.412598 0.055085 0.411621 0.056674 0.412842 0.056144 0.412842 0.051907 0.414307 0.050847 0.413330 0.048199 0.413574 0.048729 0.413086 0.049788 0.412598 0.049258 0.412354 0.046610 0.412842 0.045551 0.413574 0.047140 0.413818 0.045551 0.413574 0.045021 0.413330 0.046081 0.413086 0.044492 0.411865 0.044492 0.411621 0.043432 0.412109 0.043432
1 0.299072 0.040254 0.298584 0.041314 0.299316 0.042903 0.299316 0.043962 0.298584 0.045551 0.298340 0.045021 0.299072 0.046610 0.299072 0.048729 0.299805 0.049258 0.300537 0.048729 0.299561 0.047140 0.299561 0.044492 0.300781 0.043962 0.300293 0.044492
1 0.749023 0.040254 0.749023 0.041843 0.749756 0.043432 0.749512 0.044492 0.749023 0.044492 0.749268 0.045021 0.753418 0.043432 0.753662 0.040784 0.750488 0.040784 0.749756 0.039725 0.749512 0.038136 0.749512 0.039725
1 0.359375 0.037606 0.359375 0.041314 0.359619 0.040784 0.360107 0.041843 0.361084 0.046610 0.361572 0.046081 0.361084 0.040784 0.360840 0.041843 0.360352 0.041843 0.360352 0.038136
1 0.703613 0.035487 0.702393 0.035487 0.701172 0.038136 0.701172 0.039195 0.700684 0.038665 0.700684 0.037606 0.699463 0.041314 0.700928 0.044492 0.701416 0.043432 0.701660 0.040784 0.702148 0.042903 0.703613 0.041843
1 0.196289 0.032839 0.197021 0.033369 0.197510 0.034958 0.196777 0.036017 0.195312 0.042373 0.195312 0.048199 0.196045 0.048199 0.196533 0.047140 0.197998 0.047140 0.198975 0.043962 0.200195 0.045551 0.200684 0.044492 0.201660 0.045021 0.201660 0.040784 0.199707 0.038665 0.198730 0.039195 0.198242 0.038136 0.198730 0.037606 0.197754 0.038136 0.197510 0.037076 0.198242 0.036017 0.198242 0.034958 0.197754 0.034428 0.197754 0.033369
1 0.496826 0.032839 0.495605 0.031780 0.493164 0.036547 0.492188 0.036017 0.492188 0.038136 0.495117 0.038136 0.496338 0.039725 0.496582 0.038665 0.495850 0.035487 0.496338 0.033369 0.496826 0.033898
1 0.179688 0.031250 0.179688 0.033369 0.180176 0.034428 0.181152 0.034958 0.182129 0.033898 0.182129 0.031780 0.181641 0.030720
1 0.183594 0.031250 0.183594 0.034958 0.184814 0.035487 0.187012 0.039195 0.189453 0.039195 0.189209 0.036547 0.189453 0.034428 0.190186 0.032839 0.189697 0.030720 0.188721 0.031780 0.186035 0.031780 0.185547 0.030720 0.184082 0.030191
1 0.669922 0.029131 0.669434 0.029661 0.668945 0.032309 0.667725 0.034428 0.669189 0.033898 0.670898 0.036547 0.671631 0.033369 0.671631 0.030191 0.670654 0.030191
1 0.470947 0.029131 0.469727 0.034428 0.470459 0.034958 0.472412 0.032839 0.472168 0.031250 0.471436 0.031250
1 0.419434 0.028602 0.417480 0.028602 0.416992 0.029661 0.417236 0.031250 0.416748 0.032309 0.416260 0.031250 0.416016 0.031780 0.416504 0.032309 0.415771 0.033369 0.415527 0.035487 0.415283 0.034428 0.415527 0.037606 0.414551 0.038665 0.415039 0.040254 0.415039 0.038665 0.415527 0.037606 0.415771 0.038665 0.416504 0.037606 0.415527 0.037076 0.416260 0.036017 0.415771 0.034428 0.416992 0.032309 0.416992 0.034958 0.417236 0.031250 0.417725 0.030720 0.417969 0.031780 0.419189 0.029661 0.419678 0.030191 0.419189 0.029131
1 0.101562 0.028602 0.101807 0.033369 0.101562 0.034958 0.100586 0.036017 0.100586 0.037076 0.102539 0.041843 0.103516 0.034958 0.101807 0.032839 0.102295 0.032309 0.102295 0.029131
1 0.095215 0.028072 0.094238 0.029661 0.094482 0.030720 0.093750 0.032309 0.093994 0.032839 0.093018 0.034428 0.093262 0.034958 0.094238 0.034958 0.095947 0.032839 0.095215 0.031250
1 0.709473 0.027542 0.707275 0.030191 0.707031 0.031250 0.708008 0.033369 0.707520 0.033898 0.709717 0.034428 0.709961 0.032839 0.709717 0.033898 0.709473 0.032309 0.709961 0.031780
1 0.410400 0.027542 0.411865 0.032839 0.411865 0.034958 0.411133 0.035487 0.412109 0.036017 0.412109 0.034958 0.412842 0.035487 0.413086 0.034428 0.414551 0.034428 0.414062 0.033369 0.412109 0.034428 0.411621 0.033369 0.412109 0.031780 0.411621 0.029131
1 0.394043 0.031250 0.392090 0.027013 0.390625 0.029661 0.390381 0.033369 0.390869 0.033898 0.390869 0.029661 0.392822 0.032309 0.393311 0.032309 0.392822 0.032309 0.392334 0.031250 0.392578 0.030720
1 0.863037 0.023305 0.862305 0.023305 0.861328 0.025424 0.861816 0.028072 0.862793 0.027542 0.863281 0.025424
1 0.209961 0.021716 0.209473 0.021716 0.208740 0.023305 0.208496 0.028072 0.209229 0.028072 0.209473 0.027013 0.209717 0.028072 0.209717 0.023835 0.210205 0.022775
1 0.149414 0.021716 0.148682 0.024364 0.149170 0.025953 0.150635 0.028072 0.151611 0.028072 0.151123 0.027013 0.151367 0.025424 0.151855 0.025953 0.151367 0.024364
1 0.195068 0.020127 0.191650 0.021716 0.191650 0.028602 0.192383 0.029131 0.192383 0.031250 0.192871 0.031780 0.195068 0.031780 0.195312 0.027013 0.196289 0.028602 0.196045 0.028072 0.196533 0.025953 0.195801 0.024894
1 0.402832 0.016419 0.403076 0.016949 0.402588 0.018008 0.402100 0.017479 0.402344 0.018538 0.403809 0.018538 0.403809 0.019597 0.404541 0.020127 0.405273 0.022775 0.404053 0.025424 0.401611 0.025424 0.401855 0.024894 0.402588 0.026483 0.403320 0.026483 0.405273 0.031250 0.405273 0.028072 0.406982 0.029131 0.405518 0.027542 0.406250 0.027013 0.405518 0.024364 0.405518 0.022775 0.405762 0.022246 0.406738 0.024894 0.405762 0.021186 0.405273 0.021186
1 0.268555 0.014831 0.268555 0.018538 0.269775 0.019068 0.269775 0.015360
1 0.404541 0.013771 0.405029 0.015360 0.406494 0.015360 0.406006 0.016419 0.405762 0.015890 0.405762 0.017479 0.406250 0.016949 0.406738 0.018008 0.406006 0.019597 0.406494 0.021186 0.406982 0.020127 0.407959 0.020657 0.406982 0.019068 0.407471 0.016949 0.408447 0.020127 0.407471 0.015890
1 0.095703 0.013242 0.095703 0.015360 0.097168 0.017479 0.097900 0.015890 0.097412 0.013242
1 0.435059 0.012182 0.437012 0.015890 0.436523 0.018008 0.436768 0.021716 0.436523 0.020127 0.437012 0.016949 0.437988 0.018538 0.437744 0.019068 0.438965 0.019068 0.438232 0.018538 0.437988 0.014831 0.439941 0.014831 0.439453 0.013771 0.438477 0.014301 0.437500 0.013771 0.437012 0.012182
1 0.739990 0.011123 0.738525 0.015890 0.738770 0.016949 0.739014 0.016419 0.739990 0.019068 0.740967 0.019597 0.742188 0.015890 0.743164 0.015360 0.743408 0.016419 0.742676 0.017479 0.742188 0.019597 0.742432 0.019068 0.742920 0.021186 0.743896 0.018538 0.744141 0.015360 0.743652 0.014831 0.743652 0.013771 0.744385 0.011653 0.743408 0.011123 0.742432 0.012712 0.740967 0.011123
1 0.349121 0.010593 0.348877 0.015890 0.349365 0.016949 0.348877 0.017479 0.349609 0.017479 0.350098 0.014831 0.349365 0.013771 0.349365 0.012712 0.350342 0.011653 0.351074 0.013242 0.350830 0.014301 0.351562 0.015890 0.352051 0.019068 0.352295 0.015360 0.351318 0.011653 0.350586 0.011123 0.351074 0.010064
1 0.238525 0.008475 0.237549 0.008475 0.237061 0.009534 0.236816 0.012182 0.237061 0.015890 0.237793 0.016949 0.238770 0.015890 0.239502 0.011123
1 0.385010 0.007415 0.385498 0.011123 0.386230 0.010593 0.387207 0.012712 0.388428 0.012182 0.390625 0.013771 0.389648 0.012712 0.389648 0.011123 0.389160 0.010064 0.388428 0.011653 0.387207 0.009534 0.386475 0.011123 0.385986 0.010593 0.385498 0.007415
1 0.186523 0.007415 0.185791 0.006886 0.183838 0.009004 0.184814 0.010593 0.185547 0.010593 0.186279 0.009534
1 0.194824 0.005826 0.194336 0.006886 0.194580 0.006356 0.195801 0.007945 0.195068 0.008475 0.196045 0.010064 0.196289 0.013242 0.197510 0.013771 0.197754 0.012182 0.196289 0.007415 0.195557 0.007415 0.196045 0.006356 0.195801 0.005826 0.195557 0.006886
1 0.113281 0.005297 0.113281 0.006356 0.114258 0.007415 0.113770 0.007945 0.113770 0.010064 0.115723 0.009004 0.116211 0.007415 0.114746 0.005826 0.114502 0.006886 0.114258 0.005826
1 0.865234 0.003708 0.865723 0.004767 0.866943 0.004767 0.867188 0.006886 0.867920 0.003178 0.868652 0.001589 0.869385 0.001589 0.869629 0.002648 0.870361 0.001059 0.870361 0.000000 0.865234 0.000000
1 0.758789 0.000000 0.750732 0.000000 0.750732 0.004237 0.750244 0.006356 0.750488 0.007415 0.750000 0.007945 0.749756 0.006886 0.748291 0.008475 0.747803 0.006356 0.746582 0.005297 0.745850 0.007415 0.746338 0.007945 0.746094 0.012712 0.746582 0.013242 0.747559 0.011653 0.747803 0.009534 0.748291 0.009004 0.748291 0.010593 0.748779 0.009534 0.749512 0.011123 0.749023 0.013242 0.750244 0.015360 0.750732 0.014831 0.750732 0.013242 0.750244 0.012182 0.751709 0.010064 0.753174 0.011653 0.753174 0.014831 0.753662 0.015890 0.752930 0.017479 0.753418 0.017479 0.754150 0.016419 0.754883 0.013242 0.754883 0.007945 0.755859 0.005826 0.757080 0.004767 0.758789 0.001059
1 0.716309 0.000530 0.716309 0.002648 0.715820 0.004237 0.716797 0.006356 0.717773 0.006356 0.718994 0.004767 0.718750 0.002119 0.717773 0.000000
1 0.313965 0.000000 0.313965 0.001589 0.314941 0.005297 0.316895 0.004767 0.317627 0.006886 0.319092 0.006886 0.319336 0.007945 0.319092 0.005826 0.319580 0.004237 0.320068 0.006886 0.319824 0.009534 0.320312 0.008475 0.320068 0.006886 0.321289 0.004767 0.321045 0.000000
1 0.309570 0.000000 0.309326 0.003708 0.310059 0.007415 0.308594 0.009004 0.309570 0.011653 0.309570 0.015890 0.311035 0.017479 0.311035 0.013242 0.312256 0.011123 0.312500 0.007415 0.312256 0.007945 0.310059 0.005297 0.310547 0.004237 0.310547 0.002648 0.311523 0.000530
1 0.233887 0.000000 0.233887 0.003178 0.234375 0.004767 0.235352 0.004767 0.235840 0.000530
1 0.217041 0.000000 0.218018 0.002119 0.217529 0.004767 0.217773 0.006886 0.219238 0.008475 0.219727 0.007415 0.219971 0.004237 0.218750 0.001589 0.218750 0.000000
1 0.153809 0.002119 0.154297 0.004237 0.153564 0.006886 0.153564 0.010064 0.155029 0.013771 0.154785 0.013242 0.155762 0.012182 0.155762 0.011123 0.156494 0.009534 0.157471 0.015360 0.156738 0.016949 0.157227 0.018538 0.156982 0.022775 0.155518 0.024364 0.156494 0.027013 0.158203 0.027542 0.159424 0.024894 0.161133 0.025424 0.160889 0.024894 0.161621 0.024364 0.162109 0.022775 0.163086 0.022775 0.163818 0.021716 0.165527 0.022246 0.165527 0.020127 0.166016 0.019597 0.165771 0.019068 0.166260 0.017479 0.168701 0.017479 0.168457 0.013242 0.167725 0.011123 0.167969 0.009004 0.167480 0.006886 0.166260 0.006886 0.165527 0.003708 0.166016 0.000000 0.163086 0.000000 0.162842 0.001059 0.162598 0.000000 0.159180 0.000000 0.160156 0.001589 0.159912 0.004237 0.158936 0.004237 0.157227 0.002648 0.156494 0.003178 0.156006 0.002119 0.156006 0.000000 0.154785 0.000000
1 0.146484 0.000000 0.146484 0.001059 0.147217 0.002648 0.147705 0.002648 0.147705 0.003708 0.148193 0.003708 0.148438 0.004767 0.149658 0.002119 0.150635 0.002119 0.151123 0.001059 0.151367 0.001589 0.151367 0.000000
