0 0.430908 0.916314 0.430664 0.915254 0.429932 0.916843 0.429688 0.915784 0.428711 0.916843 0.427734 0.916314 0.425781 0.918432 0.427002 0.922669 0.427734 0.920551 0.427002 0.921081 0.427002 0.918962 0.428711 0.918962 0.429199 0.917373 0.430420 0.917903
0 0.582275 0.002119 0.582031 0.008475 0.581543 0.009004 0.581787 0.010593 0.582520 0.008475 0.583252 0.007945 0.583252 0.004237 0.583008 0.005297 0.582275 0.003708
0 0.027100 0.588983 0.043457 0.730403 0.131104 0.783898 0.090332 0.831038 0.091309 0.902013 0.114990 0.910487 0.146240 0.834746 0.165527 0.857521 0.155762 0.899364 0.168213 0.932733 0.237549 0.905191 0.268799 0.855403 0.312988 0.913665 0.361572 0.873941 0.430908 0.907309 0.441406 0.999470 0.479004 0.999470 0.542725 0.807203 0.583740 0.829979 0.619629 0.784958 0.628174 0.637712 0.665283 0.661547 0.662842 0.498941 0.799561 0.404661 0.774170 0.346398 0.671631 0.368114 0.660889 0.433792 0.574951 0.430085 0.623535 0.369703 0.615967 0.331038 0.638916 0.258475 0.668213 0.274364 0.686279 0.218750 0.729004 0.181674 0.746338 0.079979 0.717041 0.041843 0.686523 0.139301 0.643066 0.158898 0.614014 0.252119 0.598633 0.154661 0.623779 0.121292 0.651367 0.000000 0.586182 0.000000 0.570557 0.042373 0.567139 0.000000 0.344727 0.000000 0.315674 0.022775 0.315430 0.075212 0.276123 0.083686 0.271973 0.146716 0.245117 0.184852 0.226562 0.111758 0.195068 0.091631 0.182861 0.143008 0.200684 0.270657 0.154297 0.282839 0.160645 0.333157 0.141846 0.360169 0.059814 0.350106 0.038818 0.388242 0.079590 0.518538 0.038818 0.527542
1 0.442139 0.956038 0.440674 0.957627 0.440918 0.961335 0.440430 0.962924 0.440674 0.967161 0.441406 0.970869 0.441406 0.991525 0.442139 0.987818 0.442871 0.986229 0.442627 0.986758 0.442139 0.985699 0.441895 0.981992 0.442383 0.978284 0.442139 0.975636 0.442627 0.971398 0.443115 0.970869 0.442871 0.969809 0.443359 0.966102 0.442871 0.958157
1 0.481201 0.952331 0.480469 0.952331 0.480469 0.956038 0.479492 0.957627 0.479492 0.959216 0.480469 0.960805 0.480469 0.965572 0.479492 0.967161 0.479492 0.968750 0.479004 0.969280 0.479004 0.972987 0.478271 0.974576 0.476807 0.974576 0.476562 0.977225 0.475830 0.978814 0.476562 0.979873 0.476562 0.982521 0.477783 0.982521 0.479004 0.984640 0.480713 0.984110 0.481201 0.977754 0.481689 0.977225 0.481689 0.974576 0.480957 0.974576 0.480713 0.975636 0.480225 0.974576 0.480713 0.972458 0.481934 0.969809 0.482422 0.970869 0.483154 0.968220 0.483154 0.966102 0.482422 0.967161 0.482178 0.969280 0.481445 0.969280 0.481201 0.968220 0.480225 0.967691 0.480225 0.966102 0.480713 0.965572 0.480713 0.957627 0.481689 0.957097 0.481689 0.954449 0.481201 0.953919
1 0.176758 0.921081 0.175537 0.922140 0.174561 0.920551 0.174561 0.923729 0.173340 0.925847 0.173096 0.927966 0.174316 0.928496 0.176514 0.923199
1 0.443359 0.919492 0.443359 0.922669 0.444092 0.923729 0.443848 0.928496 0.444336 0.927436 0.444824 0.928496 0.445068 0.926907 0.444336 0.925847 0.444092 0.920551 0.444580 0.919492
1 0.436279 0.911017 0.435059 0.910487 0.434814 0.911547 0.434570 0.910487 0.434326 0.911547 0.432617 0.908898 0.433105 0.910487 0.432861 0.916314 0.431641 0.918962 0.433105 0.919492 0.433350 0.916843 0.434082 0.916314 0.435059 0.913136 0.436279 0.913136
1 0.456055 0.906780 0.456055 0.914725 0.457031 0.915254 0.457275 0.922140 0.456543 0.906780
1 0.319580 0.905720 0.319580 0.910487 0.320557 0.908369 0.321045 0.909428 0.320801 0.910487 0.321289 0.911017 0.320801 0.912076 0.321533 0.911017 0.322021 0.912076 0.322754 0.910487 0.322021 0.908898 0.321533 0.909958 0.321289 0.908369 0.322998 0.907309 0.322266 0.906780 0.322021 0.907839 0.321045 0.907309 0.320068 0.908369
1 0.210938 0.905191 0.210693 0.907309 0.210938 0.910487 0.211670 0.911547 0.211426 0.913665 0.212646 0.912076 0.211670 0.912076 0.212402 0.909428 0.212402 0.906780 0.210938 0.907309 0.210693 0.906250 0.211426 0.905191
1 0.433594 0.906780 0.434326 0.908369 0.437256 0.907309 0.436523 0.906780 0.435791 0.904661 0.434570 0.904661
1 0.474121 0.897775 0.474365 0.897246 0.474854 0.898835 0.474854 0.899894 0.474121 0.900953 0.474609 0.901483 0.474609 0.903602 0.473877 0.905720 0.474365 0.906250 0.474121 0.905720 0.474609 0.904661 0.474854 0.905191 0.474609 0.904131 0.476318 0.900424 0.476562 0.904131 0.476807 0.903072 0.477539 0.904131 0.477539 0.907839 0.478027 0.907839 0.478760 0.909428 0.479004 0.908898 0.478271 0.906780 0.478516 0.905720 0.479980 0.908898 0.480957 0.909958 0.482178 0.909958 0.482666 0.911017 0.482178 0.909428 0.482910 0.907839 0.483887 0.907839 0.484375 0.906250 0.485107 0.906250 0.483643 0.902542 0.483887 0.905720 0.482666 0.907309 0.482422 0.905720 0.483154 0.903072 0.482910 0.901483 0.482422 0.902542 0.482178 0.905191 0.480713 0.906780 0.477539 0.900424 0.477539 0.898835 0.477295 0.900424 0.476074 0.900424 0.475830 0.898835 0.475098 0.898835 0.474365 0.897246
1 0.322998 0.894068 0.321777 0.899894 0.322998 0.899894 0.322510 0.901483 0.322021 0.900953 0.323242 0.902542 0.322998 0.905191 0.323486 0.906780 0.323975 0.905191 0.323730 0.901483 0.324219 0.899364 0.323242 0.898835 0.323242 0.895657 0.324219 0.894597 0.323242 0.895127
1 0.113770 0.889831 0.113037 0.888242 0.113037 0.887182 0.110352 0.887712 0.110107 0.888771 0.110596 0.890890 0.109619 0.893008 0.111328 0.891949 0.112305 0.893538
1 0.213867 0.885593 0.213379 0.888771 0.211426 0.889301 0.212158 0.889301 0.212646 0.890360 0.212158 0.891949 0.210449 0.891949 0.211670 0.893008 0.211914 0.891949 0.212891 0.893538 0.212891 0.891419 0.213623 0.888242 0.214111 0.889831 0.213623 0.892479 0.214111 0.891949 0.214355 0.889301 0.213623 0.888242 0.214111 0.887182
1 0.321777 0.881356 0.321777 0.885064 0.322510 0.887182 0.323486 0.888242 0.322998 0.886653 0.322998 0.884534 0.323486 0.883475
1 0.455811 0.877119 0.455078 0.879767 0.455566 0.880826 0.454346 0.883475 0.453125 0.883475 0.453125 0.885064 0.452637 0.885593 0.453125 0.886653 0.453125 0.888242 0.454346 0.889301 0.455322 0.891419 0.455811 0.889831 0.455078 0.889831 0.454834 0.888771 0.456299 0.886123 0.456299 0.885064 0.456787 0.884534 0.457031 0.886123 0.457764 0.886123 0.457275 0.885064 0.457275 0.883475 0.456543 0.883475 0.456055 0.884534 0.455322 0.881886 0.455811 0.880826
1 0.349854 0.870233 0.349854 0.868644 0.348145 0.868644 0.347900 0.867585 0.347412 0.868644 0.345215 0.868644 0.347412 0.869174 0.347900 0.871292
1 0.521240 0.865466 0.521240 0.867055 0.520508 0.869174 0.520752 0.868644 0.521484 0.869703 0.520020 0.874470 0.520996 0.876059 0.520752 0.877648 0.521484 0.878178 0.521973 0.877119 0.522217 0.877648 0.521973 0.876059 0.522705 0.872881 0.522217 0.872352 0.522217 0.867055
1 0.251953 0.865996 0.250244 0.865996 0.247803 0.870233 0.250244 0.869174 0.251221 0.868114
1 0.245117 0.865466 0.243164 0.869703 0.243164 0.877648 0.243896 0.881356 0.243896 0.886123 0.244385 0.889301 0.243164 0.894597 0.242432 0.895127 0.242920 0.896716 0.242432 0.897246 0.242188 0.896186 0.242920 0.898305 0.244141 0.894068 0.243896 0.893008 0.244873 0.891949 0.244873 0.889831 0.245605 0.888771 0.244873 0.879767 0.244141 0.878178 0.243652 0.878178 0.244873 0.875530 0.243896 0.875000 0.244629 0.872352 0.244629 0.870763 0.243896 0.869703 0.244141 0.868114 0.245361 0.866525
1 0.213135 0.862288 0.212646 0.863347 0.212646 0.865996 0.211426 0.866525 0.209961 0.870233 0.209961 0.872352 0.210449 0.872881 0.210449 0.877119 0.211426 0.877119 0.211914 0.875530 0.210938 0.872881 0.211426 0.871822 0.213867 0.872881 0.214844 0.872352 0.214600 0.870763 0.213623 0.870233 0.212891 0.868114 0.213135 0.864936 0.213623 0.863877
1 0.255859 0.858581 0.253418 0.863877 0.252930 0.865996 0.253418 0.869174 0.256348 0.865466 0.256348 0.861229 0.255127 0.862288 0.254639 0.867585 0.253418 0.865466
1 0.257568 0.861758 0.259033 0.860699 0.259277 0.861229 0.258789 0.862288 0.259277 0.862818 0.259033 0.863877 0.259521 0.863877 0.263184 0.860169 0.263184 0.859110 0.263916 0.858051 0.263428 0.858051 0.261963 0.861229 0.261475 0.859110 0.260986 0.862288 0.260498 0.861229 0.259033 0.860699 0.260498 0.859110 0.260254 0.858051 0.259033 0.860169 0.257812 0.860699
1 0.439941 0.856992 0.439941 0.863877 0.438721 0.863877 0.438477 0.864936 0.439453 0.866525 0.439453 0.867585 0.440430 0.869703 0.440430 0.871292 0.440918 0.868114 0.441895 0.868644 0.441406 0.869703 0.441895 0.870763 0.441895 0.872352 0.441162 0.872352 0.440918 0.873411 0.442139 0.874470 0.443848 0.878178 0.444336 0.885593 0.445801 0.888771 0.445312 0.890890 0.445801 0.891949 0.445801 0.893538 0.446777 0.895127 0.446777 0.900424 0.446289 0.902013 0.446777 0.906250 0.445557 0.906780 0.445312 0.908369 0.444336 0.909958 0.444336 0.913665 0.445068 0.913665 0.445312 0.914725 0.447510 0.914725 0.447510 0.912076 0.447998 0.911547 0.448242 0.909428 0.448975 0.909428 0.449219 0.910487 0.452881 0.910487 0.453369 0.911547 0.454834 0.908369 0.454834 0.906780 0.454346 0.906250 0.453857 0.902542 0.452881 0.900953 0.453125 0.897246 0.452637 0.895127 0.450684 0.895127 0.450439 0.894068 0.449707 0.894068 0.448975 0.892479 0.448975 0.889301 0.448486 0.890890 0.447021 0.890360 0.447266 0.889301 0.447998 0.889301 0.447510 0.888242 0.447510 0.886653 0.446533 0.885064 0.447510 0.883475 0.446777 0.881356 0.446045 0.880826 0.446045 0.879237 0.445312 0.879237 0.445312 0.882945 0.444580 0.882945 0.444580 0.876059 0.444092 0.875530 0.444092 0.873941 0.443115 0.872352 0.443359 0.864407 0.441895 0.864407 0.441895 0.865996 0.441406 0.866525 0.441162 0.859110
1 0.332031 0.855932 0.332031 0.858581 0.332520 0.859640 0.333252 0.859640 0.333984 0.862818 0.334717 0.862818 0.334961 0.861758 0.335693 0.861758 0.336182 0.862818 0.336670 0.861758 0.336182 0.859110 0.335449 0.861229 0.334717 0.859640 0.334717 0.858051 0.333496 0.858051 0.332764 0.856462 0.333252 0.855403 0.332764 0.854873
1 0.240723 0.850636 0.239746 0.850636 0.237793 0.854873 0.238525 0.858051 0.239502 0.857521 0.239746 0.854873 0.240967 0.853284 0.241211 0.852225
1 0.474121 0.850106 0.473877 0.854343 0.473145 0.856462 0.473877 0.857521 0.473877 0.859110 0.473633 0.859640 0.473145 0.858051 0.473145 0.860169 0.473633 0.860699 0.473145 0.861229 0.473633 0.861758 0.473633 0.862818 0.474365 0.861758 0.474854 0.863347 0.474121 0.863877 0.475098 0.864407 0.475586 0.863347 0.473877 0.859640 0.473877 0.852225 0.474365 0.850636
1 0.431641 0.849047 0.431152 0.849576 0.431152 0.850636 0.433594 0.856462 0.433105 0.856992 0.433350 0.857521 0.434082 0.855932 0.434814 0.858581 0.432861 0.861229 0.431885 0.858581 0.430908 0.858581 0.430908 0.855932 0.430420 0.855403 0.430664 0.853284 0.429932 0.851165 0.430420 0.855403 0.429932 0.856992 0.429199 0.857521 0.430664 0.860699 0.430664 0.862288 0.431152 0.859110 0.431885 0.861758 0.431152 0.863877 0.429932 0.864936 0.431885 0.873941 0.431396 0.875530 0.430664 0.875530 0.430176 0.876589 0.430420 0.877648 0.431641 0.876059 0.432129 0.872352 0.432861 0.871292 0.433105 0.867585 0.434082 0.865996 0.436035 0.864936 0.436523 0.862818 0.437012 0.863347 0.435303 0.859110 0.435059 0.856992 0.433838 0.855403 0.433105 0.852754 0.432373 0.852225 0.432617 0.850636 0.431885 0.850636
1 0.280273 0.842161 0.279541 0.842161 0.279053 0.841102 0.279297 0.839513 0.277100 0.840572 0.275879 0.842161 0.276367 0.843220 0.276367 0.844809 0.276855 0.844809 0.277100 0.842691 0.277832 0.844809 0.278809 0.841631
1 0.520996 0.838983 0.520508 0.836864 0.519043 0.836864 0.518799 0.839513 0.518066 0.838453 0.517334 0.839513 0.516846 0.838983 0.517334 0.839513 0.517090 0.840572 0.518555 0.839513 0.519531 0.840572 0.520752 0.840042
1 0.269775 0.836864 0.267822 0.839513 0.267578 0.844809 0.267090 0.844809 0.267578 0.845869 0.266602 0.846398 0.267578 0.847458 0.267822 0.848517 0.267334 0.851165 0.267822 0.850106 0.268311 0.852225 0.269043 0.852225 0.269043 0.846398 0.270020 0.845339 0.269531 0.845339 0.269287 0.843750 0.268311 0.843220 0.268311 0.841102 0.269531 0.837924 0.270020 0.837924
1 0.524414 0.834746 0.523682 0.834216 0.522705 0.835805 0.522705 0.836864 0.523193 0.837394 0.521729 0.837924 0.521484 0.838983 0.523682 0.838453 0.524170 0.837394 0.524414 0.837924 0.523926 0.835805
1 0.277100 0.831038 0.276611 0.831038 0.276611 0.832627 0.277100 0.833686 0.276611 0.834746 0.276367 0.833686 0.274658 0.838453 0.273926 0.837394 0.273682 0.838453 0.274902 0.838453 0.275391 0.839513 0.275635 0.837394 0.276611 0.835275 0.277344 0.835805 0.277588 0.833686 0.277100 0.832627
1 0.163330 0.827860 0.163574 0.829449 0.162598 0.830508 0.163086 0.831568 0.163086 0.833157 0.165039 0.832097 0.164551 0.831568 0.164307 0.829449
1 0.424805 0.828919 0.423828 0.827860 0.423340 0.824682 0.422119 0.829979 0.419922 0.831568 0.420898 0.830508 0.422119 0.830508 0.423096 0.832097 0.424072 0.832097 0.423584 0.829979
1 0.435791 0.895127 0.423096 0.888771 0.420654 0.870233 0.425781 0.871292 0.422119 0.865466 0.419922 0.869703 0.422119 0.890360 0.419434 0.894597 0.411865 0.895657 0.406006 0.887712 0.405518 0.881356 0.405518 0.888242 0.401855 0.884534 0.401367 0.880297 0.405762 0.875000 0.408447 0.877648 0.408691 0.885593 0.410156 0.878178 0.409912 0.884004 0.414062 0.880297 0.409424 0.876059 0.411377 0.861758 0.408936 0.864407 0.411133 0.865996 0.409912 0.871822 0.404297 0.875000 0.407959 0.860169 0.412109 0.855403 0.409180 0.850636 0.419434 0.838453 0.411865 0.837394 0.418213 0.831038 0.410156 0.822034 0.405518 0.823623 0.406494 0.832627 0.409668 0.826271 0.405029 0.839513 0.399170 0.832627 0.400879 0.826271 0.394531 0.834216 0.394287 0.839513 0.391602 0.833686 0.393555 0.854343 0.388184 0.840042 0.390625 0.839513 0.390137 0.834746 0.388184 0.838453 0.393799 0.858581 0.395020 0.879767 0.392578 0.883475 0.363525 0.863347 0.363525 0.839513 0.361084 0.849047 0.362549 0.861229 0.359863 0.863877 0.357910 0.859110 0.357178 0.866525 0.353516 0.867585 0.357910 0.871822 0.355469 0.872881 0.357178 0.876059 0.377441 0.881356 0.403076 0.906250 0.414795 0.912076 0.430664 0.907309 0.421875 0.906780 0.424072 0.901483 0.420410 0.904661 0.422607 0.891419 0.424561 0.896716 0.429932 0.895127 0.425781 0.900953
1 0.396484 0.822564 0.396240 0.825212 0.396729 0.827331 0.396973 0.826271 0.398926 0.826271 0.398926 0.823093 0.396973 0.822034
1 0.133545 0.821504 0.132812 0.820975 0.131836 0.822034 0.131592 0.820445 0.130859 0.823093 0.128906 0.823623 0.128906 0.825742 0.130371 0.824682 0.130615 0.825212 0.130371 0.827331 0.130859 0.828390 0.130127 0.829449 0.128174 0.827331 0.128174 0.829449 0.127441 0.830508 0.127441 0.832097 0.128418 0.833157 0.129150 0.832097 0.130615 0.834216 0.131348 0.831038 0.132568 0.831038 0.132324 0.827860 0.132812 0.826271 0.132080 0.825212 0.132812 0.823623 0.133057 0.824153 0.132812 0.822034
1 0.137695 0.819915 0.137451 0.819386 0.137207 0.820445 0.136719 0.818856 0.136475 0.820445 0.135010 0.820975 0.134521 0.822564 0.134033 0.822034 0.133789 0.824153 0.135986 0.823093 0.136719 0.823623 0.136719 0.821504
1 0.269531 0.809852 0.270020 0.814089 0.270508 0.815148 0.271729 0.815148 0.272949 0.817797 0.272949 0.819386 0.272461 0.819915 0.272461 0.822564 0.273193 0.822564 0.273926 0.819915 0.273926 0.818856 0.273438 0.818326 0.273682 0.817797 0.273438 0.817267 0.273193 0.818326 0.272461 0.816737 0.272949 0.816208 0.272461 0.815678 0.271973 0.813030 0.271729 0.814089 0.270996 0.812500 0.270020 0.812500
1 0.120117 0.812500 0.122070 0.812500 0.123047 0.813559 0.124023 0.811970 0.124268 0.812500 0.125732 0.811441 0.127930 0.811441 0.128418 0.813559 0.127686 0.815678 0.127686 0.813030 0.126709 0.814619 0.123779 0.814619 0.124756 0.814619 0.125244 0.815678 0.126221 0.814619 0.127197 0.816208 0.127197 0.818326 0.127930 0.816737 0.129150 0.816208 0.129395 0.814619 0.130615 0.814089 0.128906 0.813559 0.128906 0.811970 0.131836 0.810911 0.131348 0.811441 0.131104 0.809852 0.130859 0.810911 0.128174 0.811441 0.127197 0.809852 0.126221 0.809852 0.125244 0.811441 0.124512 0.811441 0.123535 0.809852 0.122314 0.812500
1 0.542480 0.809322 0.541504 0.811970 0.539795 0.810911 0.541260 0.814619 0.538330 0.818326 0.537842 0.817797 0.537109 0.810381 0.537598 0.815678 0.537354 0.819915 0.535889 0.823623 0.534912 0.823093 0.535156 0.825742 0.534424 0.826801 0.533447 0.825742 0.533203 0.826801 0.533936 0.827331 0.531738 0.830508 0.530518 0.828919 0.531494 0.827860 0.529785 0.825742 0.527344 0.825212 0.526855 0.826801 0.525879 0.825212 0.525879 0.822034 0.525391 0.825742 0.526123 0.826271 0.525146 0.827860 0.526123 0.827331 0.526855 0.828390 0.528076 0.825742 0.529785 0.826271 0.530762 0.831038 0.529785 0.832627 0.529785 0.829979 0.528809 0.830508 0.529053 0.832627 0.528076 0.835275 0.527588 0.828919 0.529297 0.828919 0.528809 0.827860 0.527588 0.827860 0.526611 0.830508 0.522949 0.831038 0.522217 0.829449 0.520752 0.831568 0.520508 0.830508 0.519531 0.830508 0.519531 0.831568 0.520752 0.832097 0.520020 0.835275 0.521240 0.832097 0.522705 0.833686 0.523438 0.832627 0.524414 0.833157 0.523682 0.832097 0.523926 0.831038 0.526367 0.831038 0.524902 0.837394 0.525635 0.835275 0.526855 0.837924 0.528320 0.835805 0.530029 0.835275 0.530273 0.840572 0.530762 0.841631 0.530273 0.844809 0.531494 0.846398 0.531006 0.844280 0.531494 0.843220 0.531494 0.838983 0.530029 0.837394 0.540039 0.817267 0.543457 0.814089 0.542480 0.811970
1 0.353027 0.806144 0.352539 0.806144 0.352539 0.807203 0.351318 0.809322 0.352051 0.810381 0.351318 0.811441 0.351318 0.813030 0.349854 0.815678 0.348877 0.814089 0.348877 0.816208 0.349854 0.816208 0.352051 0.813030 0.352051 0.809322
1 0.145264 0.805614 0.143555 0.805614 0.144043 0.807203 0.142578 0.808263 0.142090 0.809852 0.144287 0.807733 0.145264 0.807733
1 0.116699 0.805085 0.114746 0.804025 0.112549 0.805614 0.113281 0.806144 0.113037 0.807203 0.111572 0.807203 0.110840 0.808792 0.110352 0.808263 0.108398 0.809852 0.112549 0.807733 0.112793 0.808792 0.113037 0.807733 0.113525 0.808263 0.113770 0.806674 0.115479 0.805085
1 0.121338 0.802966 0.120605 0.802966 0.119873 0.804555 0.118652 0.804555 0.119141 0.805614 0.119873 0.805614 0.119141 0.807203 0.117676 0.804555 0.117432 0.806144 0.116455 0.806144 0.115479 0.809322 0.113770 0.810911 0.114014 0.810381 0.115723 0.813030 0.115479 0.810911 0.115967 0.809852 0.116943 0.809852 0.116211 0.809322 0.116455 0.807203 0.118896 0.807733 0.120361 0.809322 0.121094 0.806144 0.121582 0.805614
1 0.281738 0.802436 0.281006 0.803496 0.279785 0.802966 0.279785 0.804555 0.279297 0.803496 0.278809 0.806674 0.276367 0.811970 0.276367 0.816208 0.275391 0.816737 0.274902 0.815678 0.274658 0.816737 0.275391 0.823623 0.276611 0.824682 0.277832 0.827860 0.277100 0.829979 0.278809 0.830508 0.279785 0.832097 0.279541 0.833157 0.280518 0.832627 0.281250 0.833686 0.281006 0.834746 0.278564 0.834216 0.278564 0.838453 0.279541 0.834746 0.280762 0.835275 0.280762 0.836335 0.279297 0.837394 0.280029 0.838453 0.281006 0.836335 0.280762 0.841631 0.281494 0.841102 0.281738 0.842161 0.279785 0.844809 0.278320 0.849047 0.277832 0.845869 0.273926 0.847458 0.272705 0.851695 0.273682 0.853284 0.273193 0.855932 0.274170 0.854343 0.274414 0.850636 0.275391 0.850636 0.275391 0.853814 0.276611 0.851695 0.275635 0.850636 0.276123 0.847987 0.276855 0.847458 0.277100 0.850106 0.277344 0.848517 0.278320 0.849576 0.280029 0.845339 0.281250 0.846398 0.282715 0.844809 0.281982 0.844280 0.282715 0.841631 0.281738 0.839513 0.282471 0.836864 0.281982 0.837394 0.281738 0.836335 0.281494 0.837394 0.281006 0.834746 0.282471 0.829979 0.283691 0.833157 0.284668 0.829979 0.285889 0.829449 0.285156 0.829449 0.284668 0.827331 0.284424 0.828390 0.283691 0.827331 0.284424 0.825742 0.283691 0.825212 0.284180 0.822564 0.284912 0.822034 0.285645 0.823623 0.284668 0.824682 0.286133 0.824153 0.285156 0.822564 0.286865 0.818326 0.285889 0.816737 0.284668 0.817267 0.285645 0.818326 0.285645 0.820445 0.279297 0.822034 0.277344 0.818856 0.277588 0.817267 0.278564 0.817267 0.277100 0.816208 0.276855 0.810381 0.277344 0.809322 0.278076 0.811441 0.279297 0.811441 0.280029 0.809322 0.280029 0.806674 0.280518 0.805614 0.281250 0.807733 0.282227 0.804555
1 0.216309 0.802436 0.216064 0.804555 0.214600 0.807203 0.214600 0.811441 0.213623 0.813559 0.214600 0.813559 0.214844 0.815678 0.214111 0.816737 0.213623 0.816208 0.213623 0.817267 0.214844 0.817267 0.214600 0.816737 0.215332 0.815678 0.215088 0.813559 0.215820 0.810381 0.214844 0.810381 0.217285 0.805085 0.217285 0.804025
1 0.602051 0.803496 0.601562 0.803496 0.601074 0.801907 0.601074 0.804025 0.599609 0.805614 0.599121 0.807203 0.597900 0.805614 0.596436 0.807733 0.596191 0.807203 0.596680 0.808263 0.596436 0.809322 0.596191 0.808792 0.596191 0.809852 0.596924 0.811970 0.597412 0.811970 0.601074 0.807203
1 0.214844 0.803496 0.212891 0.805085 0.212402 0.803496 0.212891 0.801907 0.213623 0.801907 0.213623 0.799788 0.212158 0.800318 0.211914 0.799788 0.212646 0.798199 0.211670 0.799788 0.210693 0.799788 0.210693 0.798199 0.209717 0.799258 0.209229 0.797669 0.208496 0.798729 0.208008 0.796610 0.207031 0.798199 0.206543 0.797669 0.205811 0.798729 0.205322 0.797669 0.205078 0.798729 0.204834 0.797669 0.203857 0.799258 0.202637 0.799258 0.202881 0.801377 0.201904 0.802966 0.201660 0.802436 0.201904 0.802966 0.201416 0.804025 0.200439 0.804025 0.199951 0.801377 0.200195 0.800847 0.199463 0.801377 0.198975 0.800318 0.199219 0.799258 0.197510 0.799258 0.196533 0.798199 0.195557 0.800318 0.196045 0.802436 0.195312 0.804025 0.195312 0.810381 0.196045 0.810911 0.196289 0.809852 0.197021 0.809852 0.197754 0.811441 0.194824 0.817797 0.195312 0.819386 0.193848 0.822034 0.193359 0.820445 0.192627 0.820975 0.193115 0.822034 0.192627 0.823093 0.191650 0.823093 0.191162 0.824153 0.191406 0.824682 0.190430 0.825742 0.190186 0.829449 0.190918 0.831568 0.191406 0.830508 0.192383 0.830508 0.193848 0.827860 0.194092 0.825742 0.194824 0.826801 0.195312 0.826271 0.195312 0.825212 0.195068 0.826271 0.194580 0.825742 0.196045 0.822564 0.197266 0.822034 0.198975 0.818326 0.199707 0.818856 0.200439 0.817267 0.201416 0.817797 0.203613 0.815678 0.204834 0.812500 0.205322 0.813030 0.204834 0.812500 0.206055 0.809852 0.206787 0.810381 0.205811 0.811970 0.205811 0.813030 0.206543 0.812500 0.208496 0.806674 0.209229 0.806144 0.209473 0.807733 0.209473 0.804555 0.210205 0.805085 0.210205 0.807203 0.211182 0.807203 0.210693 0.806144 0.210938 0.805085 0.211670 0.806144 0.212402 0.805614 0.213623 0.808792 0.213623 0.805614
1 0.511963 0.796610 0.512451 0.798729 0.514160 0.797669 0.513916 0.795551 0.512695 0.794492
1 0.207520 0.790254 0.208008 0.791314 0.208008 0.794492 0.208984 0.796081 0.209473 0.794492 0.208984 0.792903 0.208984 0.790254
1 0.212891 0.789195 0.212158 0.789725 0.212158 0.791314 0.210205 0.791314 0.210693 0.791843 0.210938 0.793962 0.212402 0.795021 0.212158 0.791314
1 0.235596 0.788136 0.235840 0.789725 0.237305 0.791314 0.237305 0.792903 0.236572 0.794492 0.234863 0.794492 0.239990 0.798199 0.240479 0.800318 0.239502 0.802436 0.241943 0.799788 0.245605 0.799788 0.246094 0.798199 0.246582 0.798199 0.243408 0.796081 0.241211 0.793432 0.239502 0.792903 0.239014 0.791843 0.240234 0.790254 0.240967 0.791314 0.241943 0.791314 0.241455 0.789725 0.239258 0.790254 0.239014 0.788136 0.238281 0.790254 0.236816 0.790254
1 0.498535 0.786017 0.498535 0.791843 0.499756 0.791843 0.499756 0.786017
1 0.363037 0.778602 0.362549 0.778602 0.361084 0.782309 0.362305 0.783369 0.362793 0.782839 0.363281 0.780720
1 0.432617 0.773305 0.432129 0.773305 0.432373 0.774364 0.431885 0.775424 0.430664 0.775424 0.430420 0.776483 0.428223 0.776483 0.427734 0.775424 0.426514 0.779661 0.425781 0.779661 0.424561 0.781780 0.421875 0.781780 0.421631 0.783898 0.421143 0.782839 0.420410 0.782839 0.420166 0.781780 0.419434 0.781780 0.418213 0.783898 0.415527 0.784958 0.414795 0.783369 0.414795 0.780191 0.414062 0.780191 0.413818 0.781780 0.411621 0.781780 0.411621 0.783369 0.411133 0.784428 0.414062 0.784958 0.413818 0.786017 0.411621 0.786017 0.411621 0.789725 0.412598 0.789725 0.413086 0.788665 0.415039 0.788665 0.415527 0.787606 0.421387 0.787606 0.421875 0.786547 0.422607 0.786547 0.422852 0.785487 0.425537 0.785487 0.425781 0.784428 0.426514 0.784428 0.426758 0.785487 0.427490 0.785487 0.427734 0.784428 0.429443 0.784428 0.429932 0.787606 0.429932 0.779661 0.430420 0.779131 0.430664 0.777013 0.431885 0.777013 0.432373 0.775953
1 0.520264 0.772246 0.518311 0.772775 0.517822 0.779131 0.517334 0.781250 0.516602 0.781780 0.516846 0.783898 0.518066 0.781250 0.517822 0.780720 0.518311 0.779131 0.518066 0.777013 0.518555 0.773835 0.519531 0.772246
1 0.306885 0.773835 0.305420 0.771186 0.305420 0.772246 0.303955 0.774894 0.303223 0.773835 0.302490 0.778602 0.303711 0.779661 0.305176 0.779661 0.306641 0.775953
1 0.541748 0.770127 0.543213 0.770657 0.542969 0.772246 0.542236 0.772246 0.542480 0.774364 0.542969 0.774894 0.542725 0.775953 0.542480 0.775424 0.542725 0.775953 0.543213 0.774894 0.542969 0.772246 0.543457 0.771186 0.544434 0.770657 0.544678 0.773305 0.545166 0.773835 0.545410 0.772775 0.545898 0.774364 0.546875 0.772246 0.548340 0.772246 0.549072 0.771186 0.549316 0.771716 0.549316 0.770127 0.550293 0.770657 0.550537 0.769597 0.548584 0.770127 0.548096 0.771716 0.547607 0.771186 0.547607 0.770127 0.545898 0.770657 0.545654 0.772246 0.544434 0.769597 0.543457 0.770127 0.542480 0.768008 0.542480 0.769068
1 0.316650 0.770127 0.317139 0.771186 0.316895 0.771716 0.317139 0.771186 0.317627 0.772246 0.318359 0.770657 0.318848 0.771186 0.318848 0.772246 0.319092 0.771186 0.319336 0.771716 0.318848 0.769597 0.319336 0.769068 0.318604 0.769597 0.318115 0.768008
1 0.250244 0.771186 0.249512 0.772246 0.249756 0.773835 0.248535 0.775953 0.246094 0.768008 0.246094 0.766949 0.246338 0.769597 0.245850 0.770657 0.246826 0.771186 0.249512 0.780191 0.248779 0.782309 0.248291 0.780720 0.246338 0.779661 0.245605 0.778072 0.245605 0.776483 0.246582 0.774364 0.246582 0.772775 0.245850 0.772246 0.245850 0.774894 0.245361 0.775953 0.244629 0.774364 0.243652 0.775424 0.244141 0.776483 0.245361 0.777013 0.245850 0.779131 0.245361 0.779661 0.243164 0.777013 0.241455 0.778072 0.241211 0.781250 0.241943 0.782839 0.241211 0.784428 0.240967 0.787076 0.240234 0.788136 0.240723 0.788136 0.242676 0.783369 0.243408 0.783898 0.242920 0.785487 0.244629 0.784428 0.245605 0.788665 0.246094 0.787076 0.245605 0.784428 0.247314 0.783369 0.250244 0.783369 0.251709 0.784428 0.252197 0.785487 0.251953 0.786547 0.252197 0.785487 0.249756 0.782309 0.250732 0.781250 0.249756 0.779661 0.249756 0.778602 0.250488 0.777013 0.249512 0.778072 0.248779 0.776483 0.250488 0.773835
1 0.307617 0.764301 0.307617 0.768538 0.306641 0.770657 0.308594 0.773305 0.308838 0.777013 0.309326 0.774894 0.308594 0.773305 0.308838 0.772775 0.308350 0.770127 0.308350 0.766419
1 0.359375 0.757415 0.360107 0.757945 0.360840 0.760064 0.362061 0.760064 0.362061 0.759004 0.360840 0.756356 0.359863 0.756356
1 0.305420 0.757945 0.304688 0.756356 0.304199 0.756886 0.303955 0.755297 0.302979 0.757415 0.302734 0.759534 0.302002 0.759534 0.301514 0.757945 0.302246 0.760064 0.303223 0.760064 0.304199 0.759004 0.304688 0.757415 0.305176 0.759004
1 0.304932 0.753178 0.304932 0.754237 0.305664 0.753708 0.306396 0.756356 0.307129 0.755826 0.307861 0.756886 0.307617 0.757945 0.306885 0.757945 0.306641 0.760064 0.307617 0.761653 0.308105 0.761123 0.309326 0.762182 0.309570 0.763771 0.309814 0.763242 0.310059 0.764831 0.312012 0.768538 0.311768 0.769597 0.312988 0.769068 0.313232 0.770127 0.315674 0.765890 0.313965 0.769068 0.313232 0.768008 0.312500 0.769597 0.311768 0.766419 0.313232 0.765890 0.312988 0.765360 0.312012 0.765360 0.311768 0.766419 0.308594 0.760593 0.307617 0.761653 0.307129 0.760593 0.307861 0.758475 0.308350 0.759534 0.309570 0.759534 0.306885 0.754767 0.307129 0.753708 0.308105 0.754767 0.308594 0.753708 0.308350 0.753178 0.309326 0.752119 0.308594 0.751589 0.308105 0.753178
1 0.320068 0.750000 0.319824 0.751589 0.320068 0.751059 0.320312 0.752648 0.319824 0.752648 0.319824 0.753708 0.320312 0.754237 0.320312 0.755826 0.319824 0.756886 0.320068 0.757945 0.319336 0.758475 0.319824 0.758475 0.320068 0.760064 0.320801 0.756886 0.321777 0.755826 0.322998 0.757945 0.322998 0.759004 0.323730 0.759004 0.323730 0.757415 0.322754 0.757415 0.322266 0.756356 0.322266 0.754767 0.321533 0.754767 0.321289 0.752119 0.320801 0.751059 0.320557 0.751589
1 0.345703 0.746822 0.346680 0.749470 0.347412 0.749470 0.347412 0.746822 0.348389 0.746292 0.349121 0.747881 0.348633 0.749470 0.349609 0.751589 0.350830 0.751589 0.351074 0.750530 0.351807 0.750530 0.353027 0.753708 0.354004 0.754237 0.354492 0.757945 0.355225 0.757945 0.355469 0.759004 0.356689 0.757945 0.356689 0.755297 0.356201 0.754237 0.355713 0.755297 0.354248 0.754767 0.354492 0.753708 0.355225 0.753708 0.355469 0.751589 0.355957 0.752648 0.357178 0.752648 0.357910 0.754237 0.357910 0.753178 0.357178 0.752648 0.356934 0.750000 0.356201 0.751059 0.355957 0.750530 0.355225 0.752119 0.353516 0.752119 0.353271 0.751059 0.354248 0.749470 0.353271 0.747352 0.352783 0.744703 0.352783 0.745763 0.349121 0.745233 0.348877 0.746292 0.347900 0.745763 0.347412 0.746822 0.346680 0.745763 0.346436 0.747881
1 0.302490 0.748411 0.303467 0.748941 0.304199 0.750530 0.306152 0.750530 0.307617 0.751589 0.306396 0.748941 0.305176 0.748941 0.304199 0.746822 0.304932 0.745233 0.304199 0.745763 0.303955 0.744703 0.305176 0.742585 0.304443 0.743114
1 0.289062 0.740996 0.291260 0.742055 0.291504 0.740996 0.293457 0.741525 0.293701 0.740466 0.292236 0.740996 0.291260 0.739936 0.289307 0.739936
1 0.330078 0.739407 0.331055 0.742055 0.334229 0.742055 0.333008 0.741525 0.331787 0.739407
1 0.303467 0.739407 0.302002 0.740996 0.301270 0.743644 0.301270 0.745233 0.300293 0.746822 0.301514 0.747352 0.303223 0.744703 0.302734 0.744703 0.302490 0.743644 0.302246 0.744703 0.301758 0.743114 0.302002 0.741525 0.302734 0.739936 0.303467 0.740466
1 0.294678 0.739936 0.294922 0.741525 0.295410 0.740466 0.296143 0.740996 0.296875 0.739936 0.297852 0.740996 0.298828 0.740466 0.299072 0.741525 0.300049 0.740466 0.298828 0.738877 0.298096 0.738877 0.297607 0.739936 0.297119 0.738877
1 0.267334 0.751589 0.268066 0.751059 0.268066 0.749470 0.269043 0.747352 0.270264 0.747352 0.270508 0.748411 0.271240 0.748411 0.271973 0.750000 0.271484 0.751059 0.269775 0.752119 0.272461 0.750530 0.276123 0.755297 0.277344 0.754767 0.278564 0.752648 0.277832 0.754237 0.276611 0.754767 0.271973 0.748411 0.270996 0.747881 0.270752 0.746292 0.271240 0.744703 0.271240 0.742585 0.270752 0.740996 0.270264 0.742585 0.270508 0.746292 0.269775 0.746292 0.268799 0.744174 0.268799 0.743114 0.270264 0.740466 0.269775 0.738347 0.268555 0.742585 0.268555 0.747881
1 0.366943 0.736758 0.365234 0.735169 0.365234 0.736229 0.363525 0.737818 0.363525 0.742055 0.363770 0.740996 0.364502 0.742055 0.364258 0.741525 0.364990 0.740466 0.365234 0.741525 0.366943 0.737818 0.367432 0.739407
1 0.595215 0.734640 0.593262 0.739936 0.594971 0.742585 0.595215 0.745233 0.596191 0.746292 0.595703 0.744174 0.595703 0.741525 0.596436 0.739407 0.596680 0.739936 0.596191 0.738877 0.596436 0.738347 0.595703 0.737818 0.595947 0.736758 0.595215 0.735699
1 0.103516 0.733581 0.103271 0.734640 0.102295 0.735169 0.101562 0.737818 0.102051 0.740466 0.103027 0.740996 0.103760 0.743114 0.104736 0.743114 0.103760 0.739936 0.103760 0.738347 0.104736 0.735169 0.103760 0.734640
1 0.306641 0.732521 0.306396 0.736229 0.307617 0.741525 0.308105 0.738877 0.308105 0.735169 0.307373 0.733051
1 0.285156 0.731992 0.282959 0.733051 0.281250 0.735169 0.280273 0.734640 0.278564 0.738347 0.279053 0.739407 0.278076 0.740996 0.279297 0.740466 0.281006 0.737288 0.281738 0.737818 0.280273 0.740466 0.282227 0.739936 0.282471 0.739407 0.281006 0.736229 0.281982 0.735699 0.282471 0.734110 0.283691 0.734640 0.284180 0.735699 0.283447 0.737288 0.283447 0.735699 0.282471 0.736758 0.282471 0.737818 0.282959 0.737818 0.284912 0.734110
1 0.205322 0.733051 0.205566 0.734640 0.206055 0.734640 0.206543 0.736229 0.206543 0.738877 0.208252 0.737818 0.207764 0.736758 0.208496 0.735699 0.206543 0.735699 0.206543 0.731992
1 0.305664 0.731462 0.304443 0.731462 0.302002 0.734110 0.301758 0.735169 0.302246 0.734640 0.302490 0.736229 0.301025 0.738877 0.303223 0.738347 0.304199 0.737288 0.304443 0.736229 0.303711 0.734640 0.304932 0.733581
1 0.285645 0.735699 0.286377 0.736229 0.287842 0.733051 0.288330 0.733581 0.288330 0.735169 0.290283 0.731992 0.288818 0.732521 0.288818 0.731462 0.287354 0.732521 0.286865 0.731462 0.286133 0.731462 0.285645 0.732521 0.286377 0.731992 0.287598 0.733581 0.287109 0.734640 0.286865 0.733581 0.286621 0.735169
1 0.080566 0.729343 0.078613 0.729343 0.078125 0.731462 0.078369 0.733581 0.079102 0.734110 0.079102 0.731992 0.079834 0.731462
1 0.095947 0.730403 0.096436 0.731462 0.098145 0.731992 0.097900 0.730932 0.098633 0.728814 0.096924 0.728284
1 0.307861 0.727225 0.307861 0.731462 0.309570 0.736758 0.310059 0.735169 0.309814 0.731992 0.310303 0.730932 0.310791 0.737818 0.312988 0.734640 0.313232 0.739407 0.313721 0.735169 0.312988 0.734640 0.311768 0.736229 0.311035 0.735699 0.310547 0.734110 0.310547 0.731462 0.311035 0.730932 0.310547 0.729343 0.310791 0.728814 0.309814 0.730932 0.309326 0.728814 0.308838 0.729873
1 0.417480 0.724576 0.416992 0.730932 0.417969 0.731462 0.417725 0.733051 0.418213 0.734110 0.417725 0.734110 0.418701 0.735699 0.419434 0.733581 0.418457 0.730932 0.418701 0.728814
1 0.300537 0.726695 0.300781 0.729343 0.300537 0.726695 0.302002 0.724576 0.302490 0.725636 0.302002 0.728284 0.302979 0.730932 0.303467 0.728814 0.303955 0.728814 0.304688 0.730403 0.305176 0.728284 0.305908 0.727754 0.306641 0.728814 0.306396 0.727225 0.306885 0.725636 0.306641 0.725106 0.306396 0.726165 0.306152 0.725636 0.305420 0.726695 0.303955 0.726165 0.303223 0.727225 0.302734 0.726165 0.303223 0.725106 0.302734 0.725636 0.302246 0.724576 0.301514 0.724576
1 0.265869 0.724576 0.265869 0.726695 0.266846 0.729343 0.268799 0.730403 0.270264 0.734640 0.269775 0.730403 0.270508 0.730403 0.270508 0.731992 0.271240 0.733581 0.271240 0.734640 0.270020 0.737288 0.271729 0.736758 0.272461 0.735169 0.271729 0.732521 0.270752 0.731462 0.270264 0.729873 0.268799 0.728814 0.266846 0.728814 0.266602 0.725636
1 0.082275 0.724576 0.083008 0.726695 0.082764 0.729343 0.083252 0.731462 0.082275 0.731462 0.081787 0.733051 0.080566 0.733051 0.080566 0.736758 0.081299 0.735169 0.083008 0.734640 0.082764 0.732521 0.083740 0.732521 0.084229 0.730932 0.083740 0.729343 0.084473 0.728284 0.083496 0.728284
1 0.300293 0.722458 0.299561 0.722987 0.299316 0.721928 0.299072 0.724576 0.298096 0.725636 0.298096 0.726695 0.297363 0.727754 0.297852 0.728814 0.297363 0.731992 0.297607 0.733051 0.298096 0.728814 0.299072 0.728814 0.298828 0.730932 0.299316 0.729343 0.298096 0.727225 0.298584 0.726165 0.299805 0.725636
1 0.339355 0.720339 0.339355 0.721928 0.340332 0.725636 0.339600 0.727754 0.340088 0.726695 0.341064 0.727754 0.341553 0.725106 0.340332 0.724047 0.341064 0.720869 0.340332 0.720339 0.339844 0.722458 0.339844 0.720869 0.339600 0.721398
1 0.290283 0.725106 0.291016 0.722458 0.292969 0.719280 0.293945 0.720339 0.297119 0.721398 0.297363 0.722458 0.297607 0.721398 0.297852 0.721928 0.297852 0.723517 0.297363 0.724576 0.296631 0.724047 0.296875 0.722458 0.295898 0.723517 0.294678 0.726695 0.297119 0.725106 0.299561 0.719809 0.300781 0.719809 0.301025 0.718750 0.301270 0.719809 0.302002 0.719280 0.299072 0.719280 0.298340 0.718220 0.297607 0.719280 0.295898 0.719280 0.294922 0.718220 0.294678 0.719280 0.292969 0.719280 0.292480 0.718220 0.290283 0.721928
1 0.340088 0.728814 0.340088 0.730932 0.341064 0.732521 0.342285 0.733051 0.342529 0.731992 0.342773 0.733051 0.343262 0.731992 0.344238 0.734110 0.344482 0.733051 0.344727 0.734110 0.346924 0.732521 0.347168 0.733051 0.348389 0.730403 0.349365 0.730403 0.349854 0.731462 0.350586 0.729873 0.351562 0.730932 0.351562 0.732521 0.350830 0.734110 0.350342 0.733581 0.350586 0.732521 0.349121 0.734640 0.350098 0.735699 0.349609 0.736229 0.350342 0.736758 0.351074 0.738877 0.352539 0.739936 0.352051 0.740466 0.353027 0.741525 0.353516 0.739936 0.354736 0.739936 0.354980 0.740466 0.354492 0.740996 0.355469 0.742055 0.355225 0.741525 0.355713 0.740996 0.356201 0.742055 0.356445 0.740466 0.355957 0.739936 0.357178 0.737818 0.357422 0.738877 0.357666 0.737288 0.357910 0.738877 0.359619 0.738347 0.359863 0.740996 0.361084 0.742055 0.362061 0.740996 0.362793 0.744174 0.364014 0.744174 0.362549 0.742055 0.363281 0.740466 0.361816 0.736758 0.358154 0.737818 0.357666 0.736229 0.358154 0.734110 0.357422 0.736229 0.355225 0.735169 0.354248 0.736229 0.353271 0.735699 0.352783 0.734110 0.352783 0.730932 0.352051 0.730932 0.352051 0.728814 0.352783 0.727754 0.355469 0.730932 0.354980 0.730403 0.354492 0.727225 0.354248 0.728284 0.353760 0.727225 0.351807 0.727225 0.351074 0.728284 0.350342 0.727754 0.350830 0.722458 0.350586 0.717691 0.349609 0.719280 0.350342 0.720339 0.349854 0.727754 0.347412 0.731992 0.346191 0.732521 0.341797 0.731462
1 0.221924 0.717161 0.221680 0.718750 0.223389 0.719809 0.223145 0.720869 0.221680 0.721398 0.222168 0.724047 0.222656 0.722458 0.223633 0.722987 0.223145 0.723517 0.223145 0.726165 0.222168 0.726695 0.223633 0.727754 0.224854 0.725106 0.225098 0.722987 0.223877 0.721398 0.224121 0.720339 0.223633 0.720339 0.222656 0.717161
1 0.311035 0.717161 0.310547 0.719809 0.311279 0.719809 0.311523 0.721928 0.312500 0.722458 0.312500 0.724047 0.314453 0.726165 0.316650 0.726165 0.317383 0.727754 0.317139 0.729873 0.317871 0.728284 0.319092 0.728284 0.319336 0.730403 0.317871 0.730932 0.317627 0.734110 0.316406 0.735169 0.316650 0.736229 0.315674 0.738347 0.315186 0.737288 0.316162 0.739407 0.317383 0.735169 0.318359 0.737288 0.317139 0.739936 0.313477 0.742585 0.313721 0.744174 0.312500 0.746822 0.312012 0.746292 0.312256 0.744703 0.311279 0.744174 0.311279 0.745763 0.308838 0.749470 0.310547 0.748411 0.311279 0.745763 0.312256 0.746822 0.311035 0.750530 0.312500 0.747352 0.313965 0.747352 0.313232 0.750000 0.313477 0.754237 0.314941 0.748411 0.315674 0.748941 0.315918 0.751059 0.314697 0.753708 0.316406 0.752648 0.316650 0.748941 0.315674 0.748941 0.315918 0.747881 0.315186 0.747352 0.314697 0.743644 0.315430 0.742585 0.315674 0.745233 0.316162 0.745233 0.316162 0.742585 0.317383 0.741525 0.318848 0.743114 0.318604 0.744703 0.318848 0.742585 0.320068 0.740996 0.318848 0.742055 0.318604 0.739407 0.319092 0.738877 0.317871 0.736229 0.319092 0.733581 0.319336 0.730403 0.320312 0.731992 0.319336 0.736229 0.319824 0.736758 0.320557 0.733581 0.321533 0.736758 0.322510 0.736758 0.323730 0.738877 0.323242 0.739936 0.323730 0.741525 0.323486 0.739936 0.324463 0.739936 0.323730 0.738877 0.323975 0.736758 0.325684 0.739936 0.328857 0.740996 0.327881 0.739936 0.327881 0.738347 0.328857 0.737288 0.326660 0.737288 0.326416 0.735169 0.324219 0.735169 0.321533 0.729873 0.320557 0.729873 0.320312 0.728814 0.321045 0.728284 0.321045 0.726695 0.319336 0.728814 0.319092 0.726695 0.317139 0.722458 0.315918 0.723517 0.315186 0.719280 0.313965 0.718220 0.312744 0.713983 0.312256 0.717161
1 0.264648 0.713453 0.265381 0.715042 0.264893 0.719809 0.265381 0.719809 0.265625 0.721398 0.266113 0.720869 0.266602 0.721928 0.266602 0.724047 0.267578 0.724047 0.267578 0.722987 0.268555 0.721398 0.266846 0.720869 0.266602 0.719809 0.268066 0.717691 0.265381 0.719809 0.265381 0.716102 0.269043 0.715572 0.266846 0.716102 0.266113 0.713983
1 0.350586 0.712394 0.351074 0.715042 0.350830 0.716631 0.351074 0.715572 0.354004 0.722458 0.353271 0.720869 0.353760 0.719280
1 0.406006 0.711864 0.405273 0.711864 0.404541 0.709746 0.404053 0.709746 0.401855 0.719280 0.402344 0.717691 0.403076 0.717691 0.403320 0.716631 0.404053 0.716631 0.404297 0.715572 0.406006 0.714513
1 0.372803 0.709216 0.373047 0.711864 0.372070 0.715572 0.373535 0.716102 0.374512 0.719809 0.375244 0.710805 0.374756 0.709746
1 0.166992 0.715042 0.165039 0.715042 0.164795 0.713983 0.165527 0.713453 0.164551 0.712924 0.164062 0.711335 0.163574 0.712394 0.163330 0.710805 0.164307 0.709216 0.163086 0.709216 0.163330 0.710275 0.162354 0.711864 0.161621 0.711864 0.161377 0.710805 0.160400 0.713983 0.159912 0.713453 0.160156 0.711864 0.158203 0.712394 0.158447 0.714513 0.158936 0.715572 0.159668 0.715572 0.159668 0.716631 0.159180 0.716631 0.159668 0.718750 0.160645 0.718750 0.162354 0.716631 0.165527 0.717691 0.166260 0.717161
1 0.366943 0.710275 0.366943 0.711335 0.367676 0.712394 0.371094 0.714513 0.368652 0.711864 0.367920 0.711864 0.367432 0.709216 0.369141 0.708157 0.371582 0.710275 0.372314 0.712394 0.371826 0.709216 0.371338 0.709746 0.369385 0.708157 0.367676 0.708157
1 0.585938 0.709216 0.585693 0.710805 0.591064 0.712924 0.592529 0.715042 0.594238 0.719280 0.594727 0.721928 0.595459 0.721928 0.595703 0.722987 0.597168 0.722458 0.595947 0.721398 0.595703 0.720339 0.597412 0.716102 0.597412 0.715042 0.598145 0.714513 0.598389 0.711864 0.599121 0.711335 0.596191 0.713453 0.595459 0.712394 0.596191 0.710805 0.595215 0.709746 0.593994 0.709746 0.593018 0.710805 0.592529 0.710275 0.592041 0.711335 0.590576 0.711864 0.590088 0.709746 0.589111 0.709746 0.589600 0.708157 0.589111 0.708686 0.588623 0.707627 0.588135 0.709746 0.587158 0.711335 0.586670 0.710805 0.586914 0.709746 0.586426 0.708686
1 0.353271 0.715572 0.353760 0.717161 0.356934 0.720339 0.357666 0.720339 0.357910 0.721398 0.357178 0.722458 0.357422 0.722987 0.358643 0.719809 0.360596 0.717161 0.361328 0.718220 0.361816 0.720339 0.363770 0.721398 0.364990 0.725636 0.371582 0.725636 0.372803 0.726695 0.374512 0.730403 0.375977 0.730932 0.373535 0.720869 0.366699 0.716102 0.365967 0.715042 0.366211 0.713453 0.365723 0.714513 0.364990 0.714513 0.364990 0.717691 0.364502 0.718220 0.364502 0.714513 0.363281 0.714513 0.362549 0.715572 0.361084 0.714513 0.361084 0.711864 0.361572 0.711335 0.360107 0.710805 0.361084 0.713453 0.360107 0.715042 0.359619 0.714513 0.360107 0.713453 0.359863 0.712924 0.358887 0.713983 0.358643 0.712394 0.359619 0.711864 0.359619 0.709746 0.358887 0.710275 0.358643 0.712394 0.357178 0.715572 0.356445 0.712394 0.357422 0.710805 0.357178 0.710275 0.357666 0.709216 0.357178 0.710275 0.357178 0.708157 0.356689 0.707627
1 0.300293 0.716102 0.299316 0.713453 0.299805 0.710275 0.299805 0.707097 0.299072 0.705508 0.299316 0.704979 0.293945 0.707097 0.291992 0.710275 0.290283 0.710805 0.290283 0.712924 0.290771 0.713983 0.292725 0.713983 0.292969 0.715042 0.293701 0.715042 0.296143 0.717691 0.299072 0.717161
1 0.329102 0.703919 0.328125 0.706568 0.328613 0.708686 0.328125 0.709216 0.327637 0.707627 0.326904 0.709746 0.327148 0.710275 0.326660 0.710805 0.329834 0.712924 0.328857 0.714513 0.326660 0.712924 0.325928 0.713983 0.326172 0.716102 0.325195 0.717691 0.325684 0.717691 0.326416 0.720339 0.326172 0.722987 0.325684 0.720869 0.325684 0.724047 0.327881 0.726695 0.327881 0.725636 0.328613 0.724047 0.329590 0.723517 0.329102 0.722987 0.329346 0.720869 0.328369 0.721398 0.326416 0.718750 0.326172 0.717161 0.327393 0.716102 0.328613 0.718750 0.328369 0.718220 0.329102 0.717161 0.329102 0.714513 0.330078 0.713453 0.329590 0.712394 0.331055 0.710275 0.330566 0.708686 0.331055 0.707627 0.331055 0.705508 0.329346 0.704979
1 0.447998 0.702331 0.447510 0.707627 0.447021 0.709216 0.447510 0.711864 0.446533 0.713453 0.445557 0.712924 0.446777 0.713983 0.446777 0.717691 0.447510 0.717691 0.447266 0.717161 0.447754 0.716631 0.447021 0.715042 0.448242 0.712394 0.448730 0.713453 0.449463 0.711335 0.449707 0.714513 0.448730 0.718750 0.449951 0.717161 0.450195 0.713983 0.450684 0.712924 0.451904 0.713453 0.450928 0.712394 0.449951 0.709746 0.450439 0.707097 0.449707 0.703919
1 0.215088 0.702331 0.216553 0.702860 0.217285 0.704449 0.217529 0.703919 0.217773 0.706038 0.218506 0.706038 0.218750 0.704979 0.219971 0.703919 0.218750 0.703919 0.217773 0.701801
1 0.213135 0.702860 0.212646 0.701801 0.212158 0.703390 0.210449 0.702860 0.210449 0.705508 0.211670 0.706038 0.211426 0.705508 0.212891 0.704449
1 0.408691 0.699682 0.408691 0.701801 0.410156 0.703919 0.409912 0.706038 0.409668 0.704979 0.408691 0.706038 0.410156 0.706038 0.410400 0.704979 0.410645 0.706568 0.410889 0.705508 0.411377 0.706568 0.410156 0.711335 0.409912 0.709216 0.409424 0.710805 0.408691 0.710805 0.410156 0.712394 0.410156 0.716631 0.409668 0.717161 0.409424 0.716102 0.408691 0.716102 0.408691 0.717691 0.409424 0.717691 0.409912 0.719280 0.409668 0.720339 0.408691 0.720339 0.408691 0.721928 0.409424 0.721928 0.409912 0.722987 0.409912 0.726165 0.409180 0.727225 0.410156 0.727225 0.409668 0.729343 0.410645 0.731992 0.410400 0.734110 0.411621 0.735699 0.411133 0.735169 0.411133 0.734110 0.411865 0.733581 0.413086 0.735169 0.412354 0.735699 0.414551 0.737288 0.416260 0.736758 0.414795 0.736758 0.415527 0.735169 0.416504 0.735169 0.415527 0.734110 0.416260 0.731992 0.415527 0.730403 0.411621 0.726695 0.412598 0.724576 0.414795 0.721928 0.417236 0.715042 0.414307 0.721398 0.410889 0.725636 0.410889 0.721398 0.411621 0.721398 0.411377 0.723517 0.412354 0.721398 0.412109 0.716102 0.411865 0.717691 0.411377 0.717691 0.411621 0.710275 0.412109 0.707097 0.413330 0.704979 0.413330 0.703919 0.409668 0.701801
1 0.305176 0.698093 0.304688 0.698093 0.304443 0.702331 0.303955 0.701271 0.303223 0.701271 0.303467 0.703390 0.302490 0.704449 0.302979 0.704979 0.302246 0.705508 0.302734 0.706568 0.302734 0.708157 0.302979 0.707097 0.303467 0.707097 0.303711 0.702860 0.304688 0.703390 0.304932 0.702331 0.306152 0.704979 0.306885 0.704979 0.306885 0.703390 0.305908 0.702860 0.305908 0.699153
1 0.278320 0.703390 0.280518 0.702860 0.281006 0.700742 0.281494 0.701271 0.281494 0.702860 0.282715 0.701801 0.283447 0.701801 0.283691 0.702860 0.286133 0.702860 0.285156 0.702331 0.286377 0.701801 0.286377 0.700742 0.285156 0.700742 0.284912 0.701801 0.282959 0.701801 0.282715 0.700742 0.282471 0.701271 0.281982 0.700212 0.282715 0.698623 0.283447 0.699682 0.283936 0.695975 0.283203 0.695975 0.282959 0.694915 0.281982 0.695975 0.281250 0.694386 0.279785 0.698093 0.279297 0.697564 0.279785 0.698623 0.279053 0.699153 0.279297 0.700212
1 0.592285 0.690148 0.592529 0.693856 0.593262 0.695445 0.593750 0.700212 0.594482 0.700742 0.594727 0.699682 0.593506 0.695975 0.593750 0.692797 0.593262 0.691208 0.592773 0.691737
1 0.385010 0.690148 0.384277 0.692267 0.384521 0.693856 0.383545 0.694915 0.384277 0.696504 0.383789 0.698093 0.384033 0.700212 0.383545 0.701271 0.382568 0.701271 0.382568 0.706038 0.381348 0.709746 0.379883 0.711335 0.380371 0.711864 0.381348 0.710275 0.385986 0.720339 0.385498 0.720869 0.382812 0.716631 0.379883 0.713453 0.379395 0.711864 0.378418 0.715042 0.376709 0.715042 0.375977 0.712924 0.375000 0.721928 0.376221 0.727225 0.377197 0.716102 0.379395 0.713983 0.385010 0.721928 0.386963 0.723517 0.387451 0.724576 0.387207 0.727225 0.386230 0.729343 0.383789 0.729343 0.377930 0.731992 0.378906 0.732521 0.382568 0.730403 0.385986 0.729873 0.387207 0.728284 0.387695 0.728814 0.387939 0.725106 0.389648 0.726695 0.388916 0.724576 0.389404 0.723517 0.388428 0.723517 0.388184 0.721928 0.386963 0.720869 0.382080 0.710275 0.382568 0.707627 0.383057 0.708686 0.382568 0.705508 0.383057 0.704449 0.384033 0.704979 0.384033 0.702331 0.383545 0.703390 0.383301 0.702331 0.384277 0.701271 0.384521 0.695445 0.386230 0.695445 0.385010 0.692797
1 0.580078 0.689089 0.580078 0.691208 0.580566 0.692267 0.579834 0.693326 0.580566 0.695975 0.579102 0.698093 0.579102 0.700742 0.577637 0.699153 0.578369 0.699153 0.578369 0.698093 0.577637 0.698093 0.577637 0.699682 0.579346 0.703390 0.580078 0.700742 0.580566 0.701801 0.580566 0.704449 0.581055 0.704979 0.580811 0.702860 0.582275 0.700212 0.581787 0.698623 0.581543 0.700742 0.580322 0.700212 0.580811 0.698093 0.580322 0.694386 0.581055 0.693326 0.580322 0.690148 0.580811 0.689089
1 0.426514 0.689619 0.424805 0.689619 0.424316 0.688559 0.424805 0.694386 0.423340 0.695445 0.423096 0.694915 0.421631 0.697034 0.420898 0.697034 0.420898 0.698623 0.420166 0.700742 0.419434 0.700742 0.418945 0.698093 0.420410 0.695975 0.420410 0.693856 0.417969 0.698093 0.417236 0.696504 0.417236 0.695445 0.417236 0.699153 0.416748 0.700742 0.417725 0.704449 0.418701 0.704979 0.419189 0.707097 0.420166 0.708157 0.420166 0.707097 0.420654 0.706568 0.420410 0.701271 0.420898 0.700212 0.421875 0.701271 0.422119 0.703390 0.421143 0.705508 0.423584 0.700212 0.426270 0.698623 0.425293 0.697564 0.424561 0.694915 0.426025 0.693856 0.426025 0.692797 0.427002 0.691208
1 0.289307 0.710805 0.289307 0.708686 0.288818 0.709216 0.288818 0.710805 0.287842 0.711335 0.281738 0.708157 0.281006 0.707097 0.276367 0.705508 0.275391 0.703919 0.275635 0.702860 0.275879 0.703390 0.275879 0.702331 0.277344 0.698093 0.278564 0.698623 0.278076 0.695445 0.279053 0.692797 0.279297 0.693856 0.279541 0.693326 0.279053 0.692267 0.280029 0.690678 0.279785 0.688559 0.277100 0.695445 0.276367 0.695445 0.276123 0.697034 0.275391 0.697034 0.275146 0.695445 0.274414 0.695445 0.274414 0.698093 0.273926 0.699682 0.273438 0.699682 0.274414 0.700742 0.273926 0.702331 0.269531 0.699153 0.269043 0.701271 0.268555 0.700742 0.268799 0.700212 0.268066 0.701271 0.268555 0.701801 0.268311 0.704449 0.266846 0.703919 0.267090 0.703390 0.266602 0.702860 0.267334 0.701801 0.267090 0.701271 0.266846 0.702331 0.265137 0.702331 0.264160 0.701271 0.264160 0.702331 0.264893 0.703390 0.264404 0.704979 0.264160 0.704449 0.263672 0.705508 0.264648 0.704449 0.265869 0.705508 0.267578 0.705508 0.270508 0.707097 0.271484 0.708686 0.273193 0.708686 0.275146 0.710275 0.279053 0.711335 0.280273 0.712924 0.282715 0.712924 0.286133 0.715572 0.285889 0.714513 0.286865 0.712394 0.287598 0.712924
1 0.336670 0.689619 0.335938 0.687500 0.335693 0.689619 0.335205 0.688559 0.332520 0.688559 0.334229 0.689619 0.334229 0.691208 0.333740 0.691737 0.334229 0.691737 0.334473 0.690678 0.336182 0.691208 0.335938 0.690148
1 0.530762 0.686441 0.530762 0.688030 0.531250 0.688030 0.531738 0.689089 0.531738 0.690678 0.532715 0.692267 0.532227 0.692797 0.532959 0.692267 0.534424 0.695975 0.534424 0.698093 0.535156 0.699153 0.535156 0.695445 0.536377 0.691208 0.534912 0.685911 0.534424 0.686441 0.534180 0.685381 0.533691 0.685381 0.533936 0.687500 0.533447 0.688559 0.534424 0.689089 0.535156 0.691208 0.534912 0.692267 0.533936 0.692797 0.533203 0.691737 0.532471 0.686970
1 0.472412 0.694386 0.472412 0.687500 0.471191 0.687500 0.470947 0.685381 0.470459 0.686441 0.468994 0.686441 0.468750 0.689089 0.468018 0.690678 0.465576 0.690678 0.464844 0.689619 0.464600 0.690678 0.465332 0.692267 0.468262 0.692267 0.468994 0.690148 0.469482 0.690148 0.469727 0.691208 0.471436 0.692267 0.471680 0.693856
1 0.402344 0.689089 0.404297 0.686970 0.405273 0.688559 0.405029 0.689089 0.405762 0.688559 0.406250 0.690148 0.406250 0.688559 0.406982 0.688559 0.407227 0.692267 0.408203 0.691737 0.408447 0.690678 0.407471 0.689089 0.407715 0.686970 0.406494 0.686970 0.406250 0.684852 0.405029 0.683792 0.403809 0.686970 0.402588 0.688030
1 0.455078 0.684322 0.455566 0.685381 0.455078 0.686441 0.455078 0.688030 0.456787 0.688559 0.458008 0.686970 0.460693 0.686970 0.460693 0.688559 0.459473 0.688559 0.460449 0.689619 0.459961 0.691208 0.460693 0.691208 0.460449 0.689089 0.461426 0.687500 0.462158 0.687500 0.462646 0.688559 0.464600 0.688030 0.464600 0.686970 0.462646 0.686970 0.462402 0.685911 0.462158 0.686970 0.461914 0.685911 0.461670 0.686970 0.461426 0.685911 0.461182 0.686970 0.458984 0.686970 0.458252 0.685381 0.457275 0.685381 0.456787 0.683792 0.457031 0.683263 0.456299 0.684322
1 0.175537 0.683792 0.174316 0.684852 0.172363 0.683263 0.171387 0.686441 0.171143 0.685911 0.170166 0.687500 0.169678 0.686970 0.169434 0.688030 0.168701 0.688030 0.168213 0.689089 0.169189 0.690678 0.168945 0.693856 0.169434 0.695445 0.169189 0.695975 0.169678 0.696504 0.169189 0.698623 0.168457 0.698623 0.166992 0.700742 0.166992 0.701801 0.168457 0.703919 0.168213 0.704979 0.169434 0.706038 0.171631 0.705508 0.171387 0.703390 0.171875 0.701801 0.171387 0.701271 0.172852 0.698093 0.172119 0.695975 0.172607 0.694386 0.173096 0.695445 0.174072 0.695445 0.173584 0.693326 0.174072 0.692267 0.174561 0.692797 0.174072 0.691737 0.173340 0.691737 0.173340 0.688559 0.172852 0.691208 0.172119 0.688030 0.171631 0.687500 0.173096 0.686441 0.172607 0.685381 0.172852 0.684852 0.174561 0.685381
1 0.199463 0.681144 0.198975 0.682203 0.197266 0.683263 0.197754 0.685911 0.198242 0.684852 0.198730 0.685911 0.198730 0.684852 0.199707 0.682733
1 0.347900 0.685911 0.347656 0.684852 0.345459 0.683792 0.346436 0.682733 0.347168 0.680614 0.346436 0.678496 0.344971 0.681144 0.343750 0.684852 0.343506 0.683263 0.343994 0.681674 0.342285 0.683792 0.343262 0.685381 0.345215 0.683263 0.346191 0.685381 0.346680 0.684322
1 0.401123 0.680614 0.400391 0.680085 0.399170 0.682203 0.398682 0.681144 0.399658 0.678496 0.399902 0.679025 0.399902 0.676377 0.398193 0.681144 0.397217 0.681674 0.397949 0.682733 0.397461 0.684322 0.393799 0.682203 0.393066 0.688559 0.395996 0.689089 0.395020 0.686970 0.397461 0.684322 0.398438 0.686970 0.396484 0.688559 0.399658 0.688030 0.400635 0.689619 0.401855 0.686970 0.399902 0.686970 0.398926 0.685911 0.398438 0.683792 0.399902 0.681144
1 0.349854 0.675847 0.348877 0.676907 0.350098 0.677436 0.348389 0.681674 0.347656 0.681674 0.348145 0.683263 0.349365 0.683792 0.349121 0.685381 0.349854 0.683792 0.351074 0.683263 0.351807 0.680085 0.349609 0.683792 0.348877 0.682733 0.350098 0.681674 0.348633 0.681144 0.349854 0.678496 0.352051 0.678496 0.350342 0.677436
1 0.586914 0.672140 0.587402 0.675318 0.588623 0.675318 0.587891 0.677966 0.588623 0.677966 0.589111 0.676907 0.589600 0.677966 0.589111 0.680085 0.589355 0.681144 0.589844 0.681144 0.589844 0.677966 0.589111 0.676907 0.589844 0.676377 0.590576 0.678496 0.590088 0.676907 0.590332 0.675318 0.590820 0.676377 0.591553 0.675847 0.591553 0.677436 0.593506 0.676907 0.594727 0.677966 0.593994 0.675318 0.592285 0.675847 0.591797 0.674788 0.590820 0.675847 0.589844 0.673729 0.589355 0.674258 0.588135 0.672669 0.588379 0.674788 0.587891 0.675318
1 0.434570 0.674258 0.434326 0.674788 0.433594 0.672140 0.430908 0.676907 0.434326 0.676907 0.434570 0.679555 0.433105 0.681674 0.430664 0.681674 0.427246 0.675847 0.427490 0.678496 0.426025 0.680614 0.425781 0.681674 0.426514 0.683263 0.426514 0.684852 0.425781 0.685911 0.428467 0.685381 0.429199 0.687500 0.429199 0.689089 0.429199 0.686441 0.429932 0.684852 0.432129 0.685911 0.433594 0.684852 0.434570 0.680614 0.434570 0.683263 0.434814 0.682733 0.435059 0.683792 0.435791 0.681144 0.435303 0.680085 0.434814 0.681144 0.434570 0.680614 0.435059 0.679025 0.434326 0.676377
1 0.279297 0.673729 0.279297 0.675318 0.280273 0.676907 0.279785 0.677966 0.280273 0.679555 0.281982 0.679555 0.281250 0.677436 0.280518 0.677436 0.281494 0.675318 0.282227 0.677436 0.283203 0.677966 0.283203 0.679555 0.284668 0.682733 0.284424 0.682203 0.285400 0.680614 0.286133 0.682203 0.286133 0.684322 0.285156 0.684322 0.286377 0.685381 0.284668 0.685381 0.283691 0.687500 0.283691 0.689089 0.284180 0.689619 0.284180 0.693326 0.283691 0.694386 0.285400 0.689089 0.286865 0.688030 0.286865 0.686970 0.287842 0.685911 0.288086 0.688559 0.290283 0.688030 0.291992 0.690678 0.293701 0.690148 0.295898 0.693856 0.298096 0.693326 0.298584 0.696504 0.300049 0.696504 0.300293 0.694386 0.300781 0.696504 0.302979 0.696504 0.303467 0.695445 0.301758 0.694915 0.300781 0.692797 0.299561 0.694386 0.299072 0.691737 0.298096 0.691208 0.298096 0.689619 0.297363 0.689619 0.297119 0.688559 0.295898 0.689619 0.294678 0.685911 0.294189 0.686970 0.292969 0.683792 0.292969 0.685911 0.291748 0.686441 0.289062 0.681674 0.288818 0.680085 0.289795 0.679555 0.288330 0.675318 0.288818 0.674788 0.289795 0.677966 0.290039 0.675847 0.288086 0.673199 0.287842 0.673729 0.287598 0.672140 0.286133 0.675847 0.287109 0.677436 0.286865 0.676907 0.287354 0.676377 0.288330 0.678496 0.288086 0.681674 0.289062 0.682203 0.289307 0.684852 0.289551 0.683792 0.290039 0.684322 0.289795 0.686441 0.288086 0.686441 0.287842 0.685381 0.288330 0.684322 0.286377 0.682733 0.286377 0.681144 0.285400 0.678496 0.285889 0.677436 0.285645 0.676377 0.284668 0.677966 0.283203 0.677966 0.282959 0.676907 0.283936 0.675318 0.283447 0.673729 0.280762 0.673729 0.280273 0.672669
1 0.329102 0.669492 0.328857 0.671610 0.329346 0.672140 0.329590 0.675847 0.328125 0.676377 0.328125 0.677436 0.328857 0.677436 0.329102 0.676377 0.330322 0.676907 0.329834 0.675318 0.330078 0.671610
1 0.392334 0.670551 0.393311 0.672140 0.392090 0.674788 0.394043 0.674258 0.395264 0.679555 0.395020 0.674788 0.394287 0.674258 0.393799 0.672669 0.394043 0.671081 0.395020 0.671081 0.395020 0.670021 0.394531 0.669492 0.394775 0.668962 0.394287 0.671081
1 0.388672 0.668962 0.388184 0.670021 0.388428 0.674788 0.387451 0.679555 0.386963 0.680085 0.387695 0.680614 0.387451 0.681674 0.388184 0.683263 0.388184 0.689619 0.388428 0.690678 0.388916 0.690148 0.388184 0.681144 0.388428 0.676907 0.389404 0.679555 0.390137 0.684852 0.389160 0.685911 0.390137 0.685911 0.391846 0.689089 0.392578 0.689089 0.390625 0.684852 0.390137 0.680614 0.388428 0.674788 0.389404 0.673199 0.388428 0.670021
1 0.344971 0.668962 0.344238 0.668432 0.342041 0.670021 0.340332 0.674788 0.339600 0.675318 0.339600 0.676377 0.338867 0.677966 0.340332 0.677436 0.340576 0.677966 0.339600 0.679555 0.340332 0.680614 0.339355 0.681144 0.338867 0.682733 0.337646 0.682203 0.337891 0.683792 0.337402 0.684852 0.336670 0.684852 0.337158 0.686970 0.336914 0.687500 0.337646 0.688030 0.337158 0.689089 0.338379 0.689089 0.337891 0.688030 0.338379 0.686441 0.340088 0.685911 0.340820 0.684322 0.341309 0.684322 0.341797 0.685911 0.342041 0.685381 0.341797 0.684322 0.341309 0.684322 0.341064 0.681144 0.340576 0.680085 0.342285 0.677966 0.340576 0.677966 0.340576 0.676907 0.341309 0.676907 0.340576 0.675847 0.342773 0.672140 0.343506 0.672669 0.343018 0.672140
1 0.367676 0.663665 0.368164 0.666314 0.368652 0.666843 0.370850 0.666843 0.370850 0.665254 0.369141 0.663136
1 0.587402 0.660487 0.587402 0.662606 0.589355 0.666843 0.590332 0.667903 0.591797 0.667903 0.594482 0.673199 0.593994 0.671610 0.594238 0.671081 0.595703 0.673199 0.596436 0.673199 0.596436 0.674788 0.595215 0.674258 0.596680 0.676907 0.595947 0.677966 0.597412 0.675847 0.598145 0.675847 0.598633 0.676907 0.598877 0.676377 0.599365 0.677436 0.600830 0.674788 0.604980 0.674788 0.604248 0.673199 0.603760 0.673729 0.602051 0.670551 0.602539 0.672140 0.602295 0.673199 0.601074 0.671610 0.600098 0.672669 0.600098 0.673729 0.600586 0.674258 0.600098 0.676377 0.598877 0.674258 0.596924 0.676377 0.596436 0.675318 0.596436 0.671610 0.595459 0.671081 0.594727 0.669492 0.594238 0.670021 0.593750 0.668432 0.593262 0.669492 0.592773 0.667373 0.591553 0.665784 0.591553 0.666843 0.590820 0.667373 0.588867 0.664725
1 0.471436 0.660487 0.471191 0.661547 0.471924 0.663136 0.472168 0.665784 0.472900 0.666843 0.473633 0.665784 0.473877 0.666843 0.473389 0.668432 0.474121 0.666314 0.474609 0.667903 0.475098 0.665254 0.474365 0.664725 0.473633 0.662606 0.473877 0.661017 0.473145 0.659958 0.472900 0.660487 0.472656 0.659428 0.471924 0.661017
1 0.353760 0.664195 0.352783 0.664195 0.351562 0.662076 0.351562 0.664195 0.350830 0.665254 0.349854 0.662606 0.348389 0.662606 0.348145 0.662076 0.349121 0.659428 0.349854 0.659428 0.349609 0.657839 0.350098 0.656780 0.351318 0.656780 0.350098 0.655720 0.347900 0.656780 0.347900 0.655720 0.347168 0.655720 0.345459 0.658898 0.344482 0.658369 0.342529 0.661017 0.341553 0.661017 0.340820 0.662606 0.339111 0.663665 0.337646 0.666843 0.336670 0.666843 0.335449 0.670021 0.334229 0.671081 0.334717 0.672669 0.333740 0.674258 0.333740 0.675847 0.335449 0.671081 0.336426 0.671081 0.336670 0.667903 0.339355 0.664725 0.340088 0.666314 0.339111 0.668432 0.339844 0.671081 0.342041 0.667373 0.342041 0.665784 0.342773 0.664195 0.343994 0.663136 0.344238 0.664195 0.343262 0.665784 0.342773 0.668432 0.344482 0.665254 0.344482 0.667373 0.345703 0.665254 0.349854 0.663136 0.349854 0.664725 0.346436 0.668432 0.346436 0.671081 0.345459 0.671610 0.345703 0.672669 0.346680 0.671081 0.348633 0.671081 0.349854 0.672140 0.348877 0.670021 0.349365 0.667903 0.351318 0.667373 0.351562 0.668962 0.351807 0.667903 0.351074 0.665784 0.351562 0.664725
1 0.355957 0.659958 0.354736 0.657839 0.352783 0.656780 0.353027 0.655720 0.354004 0.655720 0.355225 0.654131 0.354248 0.654661 0.354004 0.655720 0.353516 0.655191 0.351318 0.658898 0.350342 0.659428 0.351562 0.659958 0.353516 0.657839 0.354980 0.658369
1 0.062256 0.652542 0.061768 0.656250 0.061768 0.660487 0.062744 0.661017 0.063477 0.658898 0.062500 0.656780 0.062744 0.656250 0.062256 0.655191
1 0.473633 0.650953 0.473145 0.652013 0.473389 0.653602 0.474854 0.655720 0.475342 0.651483 0.474854 0.650953 0.474609 0.652013 0.474121 0.652013
1 0.442139 0.650424 0.442139 0.652013 0.442871 0.653072 0.442139 0.653072 0.441650 0.654131 0.442139 0.653072 0.442383 0.655191 0.441406 0.656250 0.442139 0.656250 0.442383 0.655191 0.443115 0.657309 0.442871 0.657839 0.443359 0.657309 0.444336 0.658369 0.443848 0.659428 0.444336 0.658369 0.445068 0.658369 0.445312 0.657309 0.445801 0.658898 0.446289 0.657839 0.445557 0.656250 0.445557 0.654661 0.445312 0.656250 0.444824 0.656250 0.444824 0.650953 0.443604 0.655191 0.443604 0.656780 0.443115 0.657309 0.443115 0.651483 0.442627 0.652542
1 0.142090 0.655191 0.142578 0.654661 0.142822 0.652542 0.143311 0.653602 0.142822 0.656250 0.143311 0.656250 0.143555 0.655191 0.144287 0.655191 0.144775 0.653072 0.145752 0.653072 0.146484 0.651483 0.143555 0.652542 0.143066 0.650424 0.142090 0.653072
1 0.180176 0.649364 0.180176 0.650424 0.179688 0.650424 0.179443 0.652013 0.178223 0.652542 0.178711 0.654661 0.178467 0.656780 0.178955 0.657839 0.179688 0.657839 0.179199 0.656250 0.179199 0.654131 0.179688 0.654131 0.179688 0.652542 0.180176 0.651483 0.180664 0.652013 0.180664 0.650424
1 0.567871 0.649364 0.568848 0.656250 0.570801 0.658369 0.571289 0.657309 0.572510 0.656780 0.572021 0.656250 0.572266 0.654661 0.572998 0.654131 0.572510 0.653072 0.573242 0.652013 0.572266 0.648835 0.572021 0.649894 0.570557 0.649894 0.569336 0.648835
1 0.459961 0.647775 0.459229 0.647775 0.458008 0.649894 0.457275 0.652542 0.456543 0.652542 0.456299 0.653602 0.458252 0.653602 0.460205 0.649364
1 0.436279 0.644068 0.436523 0.649894 0.438232 0.648835 0.438477 0.652013 0.437988 0.652542 0.437988 0.660487 0.437256 0.661017 0.437500 0.652542 0.436523 0.652542 0.437012 0.660487 0.436035 0.660487 0.434570 0.663136 0.436035 0.672140 0.436768 0.672140 0.437012 0.670021 0.437500 0.670551 0.437500 0.676907 0.437988 0.673199 0.438721 0.673729 0.439697 0.671610 0.441162 0.672140 0.439453 0.667373 0.438477 0.666314 0.439941 0.669492 0.439209 0.670021 0.439453 0.671610 0.438477 0.671610 0.438477 0.668962 0.436279 0.666843 0.437500 0.664725 0.437012 0.660487 0.438232 0.663665 0.437500 0.662606 0.440186 0.660487 0.440186 0.663136 0.441650 0.663665 0.441162 0.666843 0.442139 0.667373 0.441895 0.668962 0.442871 0.672140 0.441895 0.672140 0.441406 0.674258 0.442627 0.674258 0.443604 0.677436 0.444092 0.676377 0.444336 0.678496 0.446533 0.680614 0.445312 0.682733 0.445557 0.683792 0.446289 0.681674 0.446777 0.682203 0.445801 0.685911 0.448975 0.686970 0.449951 0.683263 0.449219 0.683263 0.449219 0.685381 0.448242 0.685381 0.446289 0.681144 0.447510 0.679555 0.446533 0.675847 0.447266 0.674258 0.448730 0.674258 0.449219 0.671610 0.447998 0.668432 0.447754 0.670021 0.447266 0.668432 0.447266 0.669492 0.446289 0.669492 0.447021 0.674788 0.445068 0.674258 0.444580 0.673199 0.445068 0.671610 0.443359 0.674788 0.443115 0.672669 0.444092 0.670551 0.442627 0.669492 0.444092 0.668962 0.444092 0.661017 0.442383 0.661017 0.442139 0.657839 0.441406 0.657839 0.441162 0.661017 0.440674 0.660487 0.440430 0.653602 0.441162 0.653602 0.440674 0.651483 0.439941 0.652542 0.439697 0.650424 0.441650 0.649894 0.441895 0.643538 0.438965 0.647775 0.437744 0.644597
1 0.537109 0.644597 0.536133 0.644068 0.535889 0.646186 0.534912 0.646186 0.534424 0.643538 0.535400 0.641949 0.535400 0.640890 0.534668 0.641419 0.533936 0.644068 0.531250 0.647775 0.530762 0.650424 0.531006 0.652013 0.531982 0.652013 0.531738 0.649894 0.533203 0.646716 0.534180 0.647775 0.533447 0.649364 0.532959 0.649364 0.532959 0.650424 0.533447 0.651483 0.534912 0.652013 0.534180 0.650424 0.534180 0.649364 0.534912 0.648305 0.535645 0.650424 0.535645 0.646716
1 0.338379 0.639831 0.337646 0.640360 0.338623 0.641949 0.337646 0.643538 0.338135 0.645127 0.337891 0.646716 0.338867 0.648835 0.339111 0.647775 0.338379 0.645127 0.338379 0.643538 0.339355 0.642479
1 0.322998 0.638771 0.321777 0.638771 0.320801 0.639831 0.319580 0.643538 0.320801 0.645657 0.320312 0.647246 0.319336 0.645657 0.320068 0.646716 0.319580 0.650953 0.320557 0.654131 0.321289 0.654131 0.321289 0.650953 0.322266 0.650953 0.320801 0.650424 0.320312 0.649364 0.320312 0.647775 0.321045 0.647246 0.321045 0.645657 0.322266 0.646186 0.320312 0.643008 0.320557 0.640360 0.321533 0.640360 0.322021 0.639301 0.323242 0.641419
1 0.498047 0.638242 0.497559 0.640890 0.496338 0.641949 0.495605 0.640360 0.494629 0.641949 0.495850 0.640890 0.496338 0.641949 0.495605 0.643538 0.496338 0.644597 0.496338 0.647246 0.497559 0.647246 0.497559 0.646186 0.498047 0.646186
1 0.537354 0.636653 0.538086 0.639301 0.538086 0.640890 0.537842 0.641419 0.537354 0.639301 0.536377 0.640890 0.536377 0.641949 0.538086 0.643008 0.538330 0.639301 0.538818 0.638771 0.538818 0.637712
1 0.431641 0.637712 0.431641 0.640890 0.432617 0.644597 0.433838 0.643538 0.435303 0.646716 0.434326 0.644597 0.434814 0.643538 0.435791 0.643538 0.435547 0.641419 0.435059 0.641419 0.434814 0.637182 0.434326 0.636653 0.433838 0.637712 0.434082 0.639301 0.435059 0.640890 0.434326 0.643008 0.433594 0.643008 0.431885 0.639301 0.432129 0.638771
1 0.601807 0.637182 0.604004 0.642479 0.604980 0.646186 0.604248 0.641949 0.604736 0.640890 0.605469 0.641949 0.604736 0.639831 0.604736 0.637712 0.604248 0.636123 0.603760 0.637182 0.603516 0.639831 0.602783 0.639831
1 0.539062 0.641949 0.540039 0.640360 0.541748 0.640360 0.541992 0.641419 0.542725 0.641419 0.543213 0.640360 0.543213 0.638771 0.542480 0.637712 0.542725 0.637182 0.542236 0.638242 0.541992 0.637182 0.541748 0.638242 0.541504 0.637182 0.541260 0.638242 0.541016 0.636123 0.540771 0.637182 0.540527 0.636123 0.540527 0.638242 0.539307 0.638771
1 0.383545 0.635593 0.381836 0.637182 0.380615 0.639831 0.378906 0.640360 0.377930 0.641949 0.376221 0.647246 0.375000 0.648305 0.374512 0.649894 0.373535 0.649894 0.372803 0.650953 0.372314 0.653602 0.373535 0.656780 0.373535 0.658898 0.372070 0.661547 0.372314 0.663136 0.372803 0.663665 0.373535 0.662606 0.373779 0.660487 0.375000 0.656780 0.375732 0.656780 0.376953 0.658898 0.377930 0.655720 0.378906 0.656250 0.380615 0.655191 0.381836 0.656780 0.381104 0.657309 0.380615 0.659428 0.379150 0.660487 0.381348 0.661017 0.382080 0.662076 0.381592 0.659958 0.382080 0.656780 0.383789 0.660487 0.385986 0.656250 0.385254 0.656250 0.385742 0.655191 0.385498 0.652542 0.386719 0.652013 0.386475 0.651483 0.387451 0.649364 0.387207 0.648835 0.385254 0.650953 0.383301 0.650424 0.379883 0.651483 0.379395 0.649894 0.379883 0.647775 0.381348 0.646716 0.383057 0.643008 0.383057 0.640890 0.384521 0.637182
1 0.229492 0.635593 0.229004 0.636653 0.229248 0.637182 0.228516 0.637712 0.228516 0.639301 0.229004 0.637712 0.229492 0.638771 0.229004 0.641419 0.229736 0.641419 0.229980 0.640360 0.230469 0.640890 0.230469 0.643008 0.229492 0.644068 0.229736 0.645657 0.229980 0.644068 0.231445 0.644068 0.231201 0.643008 0.232178 0.641419 0.232666 0.641949 0.232910 0.640360 0.231689 0.636653 0.231201 0.636653 0.231201 0.638771 0.230469 0.640360 0.229492 0.637182
1 0.579346 0.642479 0.580078 0.644068 0.580811 0.644068 0.581299 0.642479 0.582520 0.643538 0.584717 0.643538 0.585693 0.646186 0.585693 0.649894 0.586426 0.649894 0.586670 0.648835 0.587402 0.649894 0.587646 0.648305 0.589355 0.645127 0.590088 0.645657 0.590088 0.642479 0.598877 0.647775 0.605225 0.655720 0.610840 0.660487 0.610596 0.658898 0.608398 0.657309 0.610596 0.656780 0.610840 0.657839 0.611816 0.656250 0.612305 0.656780 0.613770 0.653072 0.613037 0.653072 0.612793 0.654661 0.611084 0.657309 0.607666 0.655191 0.602295 0.648835 0.600342 0.645657 0.600342 0.644068 0.599121 0.645127 0.593018 0.641419 0.592773 0.640360 0.593750 0.640360 0.593994 0.638771 0.595459 0.636123 0.595459 0.635064 0.594727 0.634004 0.594238 0.635593 0.593750 0.634534 0.593994 0.633475 0.593262 0.635593 0.591064 0.638242 0.590820 0.641419 0.589844 0.643008 0.586914 0.640890 0.582275 0.640360 0.581543 0.639301 0.579834 0.640360
1 0.590820 0.631886 0.589600 0.634004 0.590088 0.636123 0.591309 0.636123 0.591309 0.632945
1 0.471924 0.630826 0.470703 0.634534 0.469727 0.635593 0.469971 0.637712 0.469238 0.639831 0.469727 0.643008 0.470703 0.642479 0.471436 0.638771 0.472168 0.638242 0.472412 0.632415 0.471680 0.631356
1 0.060059 0.630297 0.059082 0.632415 0.059082 0.635064 0.059814 0.635064 0.060059 0.636123 0.058838 0.638771 0.058350 0.638242 0.058105 0.636123 0.058350 0.633475 0.057617 0.634534 0.058105 0.636123 0.057373 0.637712 0.056152 0.638242 0.057373 0.638242 0.057617 0.639301 0.058350 0.639301 0.058594 0.642479 0.060059 0.643008 0.059814 0.644068 0.058594 0.644068 0.058594 0.651483 0.059570 0.652542 0.059082 0.653602 0.059814 0.654131 0.059814 0.645127 0.060547 0.643538 0.061035 0.644068 0.061035 0.645657 0.061768 0.645657 0.062256 0.644597 0.062500 0.647775 0.063965 0.648305 0.063965 0.650953 0.062500 0.651483 0.063965 0.653072 0.063721 0.654131 0.064453 0.654661 0.063965 0.655191 0.063721 0.657839 0.064453 0.657839 0.065674 0.654661 0.065674 0.652542 0.066162 0.651483 0.065674 0.650953 0.066406 0.649364 0.066162 0.648305 0.067139 0.648305 0.067627 0.646186 0.068604 0.644597 0.068604 0.639831 0.067627 0.637712 0.066406 0.639831 0.066162 0.636653 0.065430 0.636653 0.065186 0.637712 0.063965 0.637712 0.063721 0.636653 0.063232 0.637712 0.062500 0.637712 0.062256 0.635593 0.060791 0.635064 0.060791 0.633475 0.062256 0.631886 0.062744 0.634004 0.063232 0.631886 0.060547 0.631356
1 0.478516 0.629767 0.477783 0.637712 0.478027 0.640360 0.477295 0.643538 0.478027 0.644597 0.477539 0.645127 0.477539 0.646716 0.476807 0.647246 0.476318 0.645127 0.476562 0.644068 0.476318 0.644597 0.476074 0.643008 0.475586 0.645657 0.475830 0.647775 0.476562 0.648305 0.476562 0.652013 0.477051 0.652542 0.476562 0.653602 0.476562 0.656250 0.476074 0.656780 0.476074 0.658369 0.475586 0.658898 0.475342 0.657839 0.475342 0.660487 0.476074 0.658369 0.476562 0.658898 0.476562 0.663665 0.476807 0.662076 0.478760 0.658369 0.478760 0.656780 0.479248 0.656250 0.479248 0.652542 0.478760 0.652013 0.478760 0.647246 0.479248 0.646716 0.479248 0.644068 0.479980 0.643538 0.480469 0.644597 0.480469 0.646716 0.480713 0.646186 0.480957 0.639301 0.482178 0.635593 0.480957 0.635064 0.480713 0.632415 0.479980 0.633475 0.479980 0.640360 0.479492 0.640890 0.479248 0.644068 0.478271 0.639831 0.478271 0.635593 0.478760 0.632415
1 0.608398 0.629237 0.606689 0.631886 0.607422 0.631886 0.607666 0.632945 0.606689 0.635064 0.606201 0.637712 0.607178 0.635593 0.607666 0.636123 0.607422 0.637182 0.608154 0.635593 0.607910 0.634534 0.608398 0.633475 0.607910 0.633475 0.607910 0.631356 0.608398 0.630826
1 0.363770 0.634534 0.363770 0.636123 0.364014 0.635593 0.364502 0.637182 0.367676 0.638242 0.368652 0.639831 0.369385 0.639831 0.370117 0.637712 0.370850 0.637712 0.371582 0.639301 0.370605 0.641419 0.370605 0.643008 0.374756 0.642479 0.376221 0.639831 0.376221 0.638242 0.375488 0.636653 0.375732 0.636123 0.374756 0.636653 0.367676 0.629237 0.367188 0.629237 0.365479 0.633475 0.364746 0.632945 0.364746 0.635593 0.364258 0.635593 0.364014 0.634004
1 0.312500 0.629767 0.312500 0.631886 0.312988 0.631886 0.313232 0.633475 0.314453 0.635064 0.314941 0.634534 0.314453 0.632945 0.314941 0.631886 0.315674 0.632415 0.316650 0.631356 0.315430 0.629237 0.314453 0.629237 0.314209 0.630826
1 0.572266 0.630826 0.572021 0.630297 0.571533 0.632415 0.570801 0.631356 0.571045 0.631886 0.570068 0.632945 0.569824 0.632415 0.570312 0.631356 0.570068 0.631886 0.569580 0.629767 0.570312 0.628178 0.571289 0.628178 0.571289 0.627119 0.570068 0.627119 0.569580 0.628178 0.568848 0.627119 0.569092 0.628708 0.568604 0.630297 0.567627 0.630297 0.567139 0.628178 0.567627 0.633475 0.566895 0.633475 0.566895 0.630826 0.567139 0.634534 0.565918 0.636653 0.565430 0.635593 0.565674 0.634004 0.565186 0.633475 0.564209 0.629237 0.564697 0.632945 0.564209 0.635593 0.562744 0.632945 0.563232 0.629767 0.562256 0.632945 0.561279 0.631886 0.561279 0.633475 0.560791 0.634534 0.560059 0.634534 0.560059 0.635593 0.560547 0.636123 0.560303 0.635593 0.560791 0.635064 0.561523 0.636123 0.561035 0.637712 0.560547 0.637712 0.560791 0.638242 0.562256 0.636123 0.562988 0.637182 0.562744 0.637712 0.563232 0.637712 0.563232 0.636653 0.562988 0.637182 0.562012 0.635593 0.562500 0.634534 0.563965 0.635593 0.565186 0.635064 0.566162 0.637712 0.566895 0.637182 0.567383 0.634534 0.567871 0.635593 0.567383 0.637182 0.569336 0.636123 0.569092 0.635593 0.569580 0.635064 0.569580 0.634004 0.570312 0.634534 0.569824 0.633475 0.570557 0.632415 0.570801 0.633475 0.571289 0.633475
1 0.073975 0.625530 0.072266 0.625000 0.072021 0.627119 0.070801 0.627648 0.072754 0.628708 0.072998 0.627119
1 0.226074 0.630826 0.224609 0.630297 0.224365 0.628178 0.223877 0.628178 0.223633 0.627119 0.222656 0.627648 0.221436 0.623941 0.219971 0.624470 0.219482 0.625530 0.218018 0.625000 0.217041 0.626059 0.203857 0.626059 0.201172 0.627119 0.199463 0.627119 0.199219 0.626059 0.199951 0.624470 0.200439 0.625000 0.199951 0.624470 0.198975 0.625530 0.198486 0.627648 0.197266 0.627648 0.197021 0.628708 0.198242 0.628708 0.198242 0.629767 0.197021 0.629767 0.196045 0.630826 0.195312 0.630297 0.195312 0.631886 0.196045 0.631886 0.196289 0.630826 0.202637 0.628708 0.212646 0.628708 0.216553 0.627648 0.219482 0.628708 0.219727 0.627648 0.218262 0.626589 0.218750 0.625530 0.219727 0.625530 0.220703 0.627119 0.221436 0.626589 0.221680 0.627648 0.221191 0.628178 0.221191 0.630826 0.222168 0.632945 0.223389 0.631886 0.224609 0.632415
1 0.417969 0.623411 0.418213 0.626589 0.417725 0.627648 0.417725 0.630297 0.418945 0.632945 0.418701 0.633475 0.419434 0.635593 0.419189 0.637182 0.419678 0.639301 0.419434 0.638771 0.419922 0.638242 0.419678 0.637712 0.420166 0.636123 0.419922 0.633475 0.420410 0.632415 0.420898 0.626589 0.419434 0.623941
1 0.261230 0.623411 0.261719 0.625000 0.260742 0.629237 0.260986 0.630297 0.261963 0.630826 0.262451 0.629767 0.262207 0.628708 0.262939 0.625530 0.261963 0.625000
1 0.228027 0.631886 0.228760 0.631886 0.229004 0.634004 0.234131 0.634004 0.235596 0.635593 0.236084 0.634004 0.248047 0.634534 0.255371 0.632945 0.256348 0.633475 0.255859 0.630297 0.254883 0.630826 0.254883 0.629767 0.254395 0.629767 0.254395 0.628178 0.254395 0.630297 0.253174 0.632415 0.252686 0.631356 0.234619 0.631886 0.233154 0.629237 0.232666 0.630297 0.231934 0.630297 0.233398 0.630297 0.233643 0.630826 0.233154 0.631886 0.229492 0.631886 0.229004 0.630826 0.229736 0.629767 0.229492 0.627648 0.230713 0.623941 0.230225 0.622352 0.229736 0.623411 0.229492 0.626589 0.228271 0.627119 0.229004 0.627119 0.229004 0.631356
1 0.469238 0.621822 0.467529 0.623941 0.467529 0.628708 0.469482 0.623411
1 0.195068 0.621292 0.194580 0.621292 0.193848 0.622881 0.193604 0.621822 0.193115 0.623411 0.193359 0.626589 0.194824 0.626059
1 0.421875 0.622352 0.422119 0.624470 0.422607 0.623941 0.423584 0.625530 0.425049 0.622352 0.425293 0.622881 0.425293 0.621822 0.424561 0.622352 0.424072 0.620763
1 0.271240 0.619174 0.269775 0.622881 0.269043 0.621292 0.268066 0.621292 0.267578 0.622352 0.267578 0.628708 0.266846 0.630297 0.267334 0.632415 0.266602 0.632415 0.266846 0.635064 0.267822 0.635064 0.268066 0.636123 0.267090 0.638242 0.267090 0.639831 0.267822 0.639301 0.268799 0.641419 0.268799 0.643538 0.269287 0.644597 0.268799 0.646186 0.269287 0.646186 0.269531 0.648305 0.270264 0.648835 0.270996 0.650953 0.270996 0.654661 0.270508 0.655720 0.271973 0.657839 0.271973 0.659958 0.272949 0.661547 0.273682 0.664725 0.274170 0.664725 0.274902 0.666843 0.275879 0.666843 0.276123 0.664195 0.274658 0.661547 0.275635 0.657839 0.275635 0.654661 0.273926 0.654661 0.272217 0.648305 0.272217 0.646186 0.273193 0.644597 0.273438 0.647775 0.274170 0.648835 0.274414 0.646186 0.275146 0.645127 0.274414 0.644597 0.274414 0.646716 0.273682 0.647246 0.273438 0.645127 0.272217 0.643008 0.271973 0.641419 0.272461 0.640360 0.272949 0.641419 0.272705 0.642479 0.273193 0.641949 0.272949 0.640890 0.274170 0.639301 0.272705 0.639831 0.271973 0.641419 0.271484 0.637712 0.271973 0.637712 0.271973 0.636123 0.271484 0.635593 0.273193 0.632415 0.273682 0.632945 0.272461 0.636123 0.272461 0.638242 0.274170 0.636653 0.275391 0.637182 0.276123 0.636123 0.275635 0.636123 0.275635 0.634534 0.275146 0.634004 0.275879 0.632415 0.275146 0.630826 0.274414 0.631356 0.273926 0.630297 0.272949 0.630297 0.272705 0.629237 0.271484 0.630297 0.270752 0.628708 0.270752 0.627648 0.271729 0.626059 0.273438 0.629237 0.274170 0.629237 0.274170 0.628178 0.272705 0.627648 0.273682 0.625000 0.273193 0.626059 0.271484 0.625530 0.271973 0.620763
1 0.570312 0.619703 0.571777 0.620233 0.572266 0.621292 0.573242 0.620233 0.574707 0.620233 0.573730 0.618644 0.573242 0.620233 0.572754 0.619174 0.571289 0.618644 0.570557 0.620233
1 0.361084 0.618644 0.359863 0.619174 0.359863 0.622881 0.360352 0.623941 0.360107 0.625000 0.359375 0.624470 0.359863 0.625530 0.359863 0.627119 0.360596 0.626059 0.361328 0.626589 0.360840 0.624470 0.361572 0.624470 0.361816 0.621822
1 0.459717 0.619703 0.461914 0.620233 0.461914 0.624470 0.462158 0.623411 0.462646 0.623411 0.462891 0.624470 0.464355 0.623941 0.463623 0.619174 0.462891 0.618644 0.462402 0.616525
1 0.318115 0.617585 0.315918 0.615996 0.314941 0.615996 0.314209 0.617055 0.313721 0.619174 0.314453 0.620763 0.314697 0.622881 0.313721 0.624470 0.313965 0.626589 0.314697 0.626589 0.316650 0.624470 0.317383 0.622881 0.317627 0.619174
1 0.483398 0.619703 0.483398 0.621292 0.483887 0.621292 0.484131 0.619174 0.485596 0.619174 0.486328 0.618114 0.488037 0.620233 0.487305 0.621822 0.487793 0.623411 0.489502 0.622352 0.489990 0.620233 0.490479 0.620763 0.490723 0.616525 0.488281 0.616525 0.488037 0.614407 0.487305 0.613877 0.486328 0.614407 0.486084 0.616525 0.485596 0.613877 0.485840 0.616525 0.485352 0.616525
1 0.539307 0.614936 0.537354 0.619174 0.537109 0.626059 0.535645 0.628708 0.537354 0.626059 0.538574 0.629767 0.538818 0.627119 0.540283 0.631356 0.541748 0.629767 0.542236 0.632415 0.542725 0.629767 0.543457 0.630826 0.542480 0.634534 0.543701 0.631886 0.543701 0.633475 0.545654 0.632945 0.546631 0.635064 0.546631 0.631356 0.548828 0.630826 0.550781 0.626589 0.552979 0.626589 0.554932 0.621822 0.558105 0.622881 0.555176 0.627648 0.553711 0.627119 0.553467 0.630297 0.550537 0.629767 0.550293 0.632945 0.546875 0.636653 0.548828 0.635064 0.549316 0.637182 0.554199 0.641949 0.554199 0.643538 0.552979 0.642479 0.551025 0.644597 0.545898 0.637712 0.547852 0.644597 0.549805 0.646716 0.546875 0.648835 0.550537 0.649364 0.553223 0.654131 0.553223 0.651483 0.552246 0.652542 0.549805 0.647775 0.552002 0.646716 0.552734 0.648835 0.553223 0.645127 0.554443 0.643538 0.556641 0.644068 0.561279 0.639831 0.555908 0.642479 0.549561 0.635064 0.550049 0.632945 0.552002 0.631886 0.554199 0.633475 0.555664 0.631356 0.555420 0.627648 0.561523 0.619174 0.562500 0.621292 0.560791 0.618644 0.561523 0.618114 0.562012 0.611758 0.556152 0.619174 0.555420 0.618644 0.555420 0.615466 0.554932 0.617055 0.554932 0.614936 0.552246 0.611758 0.548828 0.619174 0.546875 0.619174 0.546875 0.621292 0.548828 0.621292 0.548096 0.623941 0.544678 0.621822 0.542969 0.615996
1 0.240967 0.611229 0.240479 0.611229 0.239502 0.613347 0.238770 0.612818 0.238770 0.614407 0.239258 0.615466 0.240479 0.613877 0.241455 0.614936 0.241699 0.614407 0.240967 0.612818
1 0.479492 0.609110 0.478760 0.610699 0.479004 0.617055 0.479736 0.618644 0.479492 0.621292 0.480225 0.620233 0.480713 0.621822 0.481201 0.620763 0.481201 0.618644 0.480225 0.618644 0.480225 0.610699 0.481201 0.610699 0.480469 0.609110
1 0.560059 0.609110 0.559570 0.608581 0.557373 0.612288 0.556885 0.612288 0.555908 0.615466 0.557861 0.613347
1 0.520752 0.606462 0.517334 0.653072 0.511719 0.607521 0.513672 0.620763 0.501953 0.613877 0.508301 0.637182 0.496094 0.655191 0.504883 0.694386 0.516602 0.667373 0.520752 0.685381 0.511963 0.708686 0.512207 0.688559 0.501709 0.701801 0.516602 0.714513 0.499512 0.771186 0.494385 0.729343 0.513184 0.727754 0.498535 0.717691 0.486084 0.745763 0.493408 0.720339 0.483643 0.742055 0.490967 0.720869 0.480957 0.713983 0.477783 0.754237 0.477783 0.681144 0.465332 0.743644 0.456787 0.693856 0.434082 0.688559 0.444580 0.712924 0.449707 0.697564 0.458008 0.773835 0.470703 0.765890 0.440918 0.850636 0.447754 0.783369 0.435059 0.797140 0.439941 0.839513 0.435059 0.811970 0.427246 0.819915 0.449707 0.883475 0.455811 0.858581 0.460449 0.868114 0.461182 0.805085 0.466064 0.823623 0.473145 0.761123 0.487793 0.821504 0.483154 0.844809 0.491699 0.829449 0.490723 0.898835 0.478027 0.957627 0.496338 0.916843 0.484131 0.752119 0.492920 0.733051 0.495605 0.774894 0.510742 0.754237 0.503174 0.769597 0.509766 0.808792 0.521484 0.714513 0.534180 0.703390 0.522461 0.709216
1 0.526855 0.604343 0.525879 0.612818 0.526611 0.610169 0.527588 0.613347 0.528076 0.623941 0.527588 0.624470 0.525879 0.621292 0.525146 0.617585 0.525635 0.615466 0.525146 0.617585 0.524902 0.615996 0.524902 0.622881 0.525635 0.621822 0.526367 0.625000 0.526611 0.622881 0.528076 0.625530 0.527344 0.627119 0.526367 0.626059 0.525146 0.628708 0.525879 0.629237 0.525391 0.631356 0.525879 0.634004 0.527832 0.636123 0.523682 0.639831 0.523438 0.641419 0.524414 0.643008 0.524170 0.644068 0.523193 0.644068 0.522461 0.641419 0.522217 0.645127 0.523682 0.646716 0.523438 0.644597 0.525391 0.643538 0.525879 0.645657 0.527344 0.647246 0.527588 0.649894 0.528320 0.644068 0.527100 0.646716 0.526855 0.644068 0.526123 0.643538 0.527100 0.641949 0.525635 0.640360 0.525879 0.638242 0.526855 0.637182 0.527344 0.638242 0.528076 0.635593 0.529053 0.636123 0.529541 0.638242 0.529785 0.637182 0.528809 0.634534 0.530518 0.631886 0.531006 0.632415 0.530518 0.636123 0.532715 0.632945 0.533203 0.633475 0.532715 0.636123 0.533936 0.632945 0.535400 0.634534 0.534424 0.635593 0.535156 0.636123 0.536865 0.631886 0.534668 0.632415 0.534912 0.629767 0.534180 0.629237 0.533936 0.632945 0.533203 0.633475 0.531250 0.629237 0.530762 0.630297 0.531982 0.623411 0.534180 0.626059 0.533203 0.623941 0.533447 0.621292 0.532715 0.620763 0.532715 0.618644 0.531738 0.621822 0.531006 0.620763 0.530518 0.608581 0.530029 0.610169 0.529541 0.609640 0.530762 0.620233 0.530029 0.620763 0.528809 0.618644 0.527100 0.611229 0.526855 0.607521 0.527344 0.605932
1 0.251953 0.603284 0.253418 0.605403 0.253174 0.606992 0.253906 0.608581 0.255371 0.609110 0.256348 0.611758 0.258301 0.608051 0.257568 0.606992 0.258545 0.605403 0.257568 0.604343 0.257568 0.602225 0.254883 0.602225 0.253906 0.600106 0.253906 0.601695 0.253174 0.602754 0.253174 0.603814
1 0.344238 0.594809 0.346436 0.600636 0.347168 0.599576 0.347900 0.595869 0.348877 0.595869 0.349365 0.594809 0.350098 0.595869 0.351074 0.600106 0.351074 0.597987 0.352295 0.596928 0.351318 0.597458 0.350342 0.594280 0.348389 0.594809 0.347900 0.592691 0.348145 0.593750 0.347168 0.597458 0.347168 0.599047 0.346191 0.600106 0.345459 0.597987 0.345947 0.595339 0.345215 0.596398
1 0.527832 0.586335 0.527344 0.586864 0.527100 0.589513 0.526367 0.590042 0.526367 0.592691 0.525391 0.593220 0.525391 0.594809 0.527344 0.599047 0.527588 0.595339 0.526855 0.596398 0.526123 0.594809 0.526123 0.593220 0.527588 0.592691 0.527344 0.589513
1 0.058350 0.584746 0.057861 0.585805 0.056152 0.586864 0.057129 0.588983 0.056641 0.590042 0.055664 0.590042 0.055664 0.591102 0.054443 0.592691 0.054932 0.594809 0.056641 0.594280 0.055176 0.593220 0.055908 0.591631 0.057617 0.591631 0.058105 0.590572 0.057617 0.590572 0.057617 0.589513 0.058594 0.590042 0.058594 0.587924 0.059082 0.587394 0.058350 0.585805
1 0.062256 0.571504 0.060303 0.572564 0.059814 0.570975 0.060059 0.572034 0.059326 0.574153 0.058838 0.572564 0.058594 0.573093 0.058105 0.572034 0.055664 0.572034 0.054688 0.574153 0.056152 0.573623 0.056152 0.576271 0.057617 0.577331 0.058350 0.579449 0.059326 0.575212 0.060059 0.575212 0.060303 0.574153 0.061279 0.573623 0.061279 0.572564 0.062256 0.572564
1 0.066406 0.572564 0.066406 0.573623 0.067627 0.573623 0.068359 0.575212 0.068115 0.579449 0.069092 0.577860 0.068604 0.578390 0.068604 0.576801 0.068115 0.576271 0.068604 0.574153 0.068848 0.575742 0.069824 0.575742 0.070068 0.577331 0.071777 0.575742 0.072998 0.575742 0.073486 0.573623 0.071289 0.575212 0.070801 0.573093 0.067871 0.573093 0.067627 0.572564 0.068604 0.571504 0.067139 0.570445
1 0.476074 0.568856 0.475098 0.570975 0.474609 0.575212 0.474121 0.576271 0.474609 0.579449 0.475586 0.581038 0.475342 0.581568 0.475830 0.582627 0.476318 0.582097 0.477295 0.583157 0.476318 0.584746 0.477295 0.583157 0.477295 0.584746 0.478027 0.585275 0.477783 0.585805 0.480713 0.585805 0.480713 0.584746 0.479492 0.584216 0.479492 0.582627 0.479980 0.581038 0.481934 0.579979 0.481689 0.578919 0.482178 0.578390 0.482666 0.575742 0.481934 0.573623 0.482910 0.571504 0.483643 0.571504 0.483398 0.569386 0.481934 0.570445 0.481689 0.571504 0.481445 0.570975 0.481689 0.573093 0.480713 0.575212 0.479492 0.569915 0.476807 0.569915
1 0.076904 0.563030 0.077393 0.563559 0.077393 0.565148 0.078125 0.566208 0.080078 0.566208 0.080566 0.564619 0.079590 0.564089 0.079102 0.562500
1 0.255859 0.561441 0.255859 0.563559 0.255615 0.564089 0.255371 0.563030 0.255371 0.568326 0.255859 0.569386 0.255371 0.569915 0.255371 0.570975 0.256348 0.572564 0.257568 0.570445 0.258057 0.568326 0.257568 0.569386 0.256348 0.566208 0.256348 0.565148 0.256348 0.566737 0.255859 0.567797 0.255615 0.567267 0.255615 0.564619 0.256104 0.564089
1 0.087891 0.564619 0.087646 0.565148 0.087402 0.563559 0.086914 0.563559 0.086670 0.564619 0.086182 0.563559 0.086182 0.560911 0.085693 0.560911 0.085205 0.562500 0.084473 0.561441 0.084229 0.562500 0.083008 0.563559 0.083496 0.564619 0.083008 0.567267 0.083740 0.567797 0.083252 0.567267 0.083740 0.565148 0.084717 0.564089 0.085938 0.565148 0.085449 0.567267 0.086182 0.566737 0.087158 0.567797 0.087646 0.567267 0.087402 0.565678
1 0.456055 0.556144 0.452881 0.562500 0.455078 0.562500 0.456055 0.558792
1 0.348877 0.552436 0.345215 0.578919 0.346436 0.579979 0.346191 0.574153 0.348389 0.575742 0.346680 0.570445 0.348633 0.568856 0.350098 0.574682 0.348633 0.574153 0.347900 0.580508 0.350342 0.574682 0.357910 0.588453 0.343262 0.584746 0.341309 0.590572 0.343018 0.586864 0.358643 0.590572 0.354736 0.596398 0.355225 0.591631 0.351807 0.595339 0.354004 0.599047 0.355469 0.596398 0.359375 0.604343 0.358154 0.606462 0.359619 0.610699 0.359131 0.606992 0.361328 0.605403 0.361328 0.615466 0.358154 0.617585 0.364014 0.617055 0.364502 0.623411 0.364014 0.617055 0.368164 0.614936 0.364258 0.631356 0.369141 0.616525 0.368164 0.626589 0.373535 0.631356 0.370850 0.625530 0.369141 0.627119 0.370850 0.614407 0.379639 0.622881 0.371338 0.612818 0.375732 0.609110 0.378174 0.612818 0.377441 0.605403 0.371338 0.609110 0.374756 0.599576 0.372559 0.603284 0.372803 0.596928 0.369385 0.595869 0.369873 0.601695 0.366699 0.602754 0.364502 0.597987 0.363281 0.600106 0.364502 0.594280 0.362549 0.597458 0.362305 0.592691 0.359863 0.593750 0.369629 0.592691 0.369873 0.587394 0.376953 0.588983 0.369873 0.585805 0.367432 0.589513 0.366943 0.585275 0.365967 0.589513 0.362793 0.588983 0.364258 0.575212 0.366699 0.580508 0.364258 0.582627 0.369141 0.581568 0.369385 0.569915 0.367920 0.576271 0.365234 0.566208 0.370117 0.563030 0.365479 0.561441 0.364746 0.568856 0.361816 0.563030 0.363281 0.559322 0.359619 0.559322 0.358643 0.563030 0.355957 0.558263 0.363770 0.573093 0.362549 0.588453 0.359863 0.588983
1 0.193848 0.552436 0.193359 0.552436 0.193115 0.551377 0.192383 0.551377 0.192139 0.552966 0.190430 0.551907 0.190186 0.554025 0.191650 0.557733 0.192139 0.557733 0.192627 0.556674 0.191650 0.555085 0.192871 0.555085 0.192627 0.553496
1 0.525879 0.550318 0.525146 0.551377 0.525879 0.553496 0.524658 0.553496 0.524902 0.555614 0.525146 0.554555 0.525635 0.555085 0.525391 0.557733 0.524902 0.558792 0.525391 0.559852 0.525635 0.559322 0.526367 0.561441 0.526123 0.563030 0.526855 0.560911 0.527344 0.561441 0.527588 0.566737 0.527588 0.561441 0.528076 0.560911 0.528076 0.559322 0.528564 0.558792 0.529297 0.560911 0.529785 0.559322 0.529297 0.559322 0.528564 0.557733 0.528564 0.556144 0.527344 0.556144 0.526855 0.557203 0.525879 0.555614 0.525879 0.553496 0.526611 0.551907 0.526123 0.551907 0.525635 0.550847
1 0.595703 0.549788 0.595215 0.549258 0.594971 0.550318 0.595459 0.550847 0.594727 0.551377 0.594727 0.552436 0.593750 0.554025 0.592773 0.558263 0.593994 0.555614 0.595947 0.554025 0.596191 0.552436 0.595459 0.550318
1 0.230713 0.549258 0.230469 0.548199 0.229492 0.548199 0.228516 0.549788 0.227539 0.549258 0.226807 0.550318 0.227783 0.551907 0.226074 0.552436 0.228271 0.552966
1 0.261475 0.547669 0.263428 0.549258 0.264404 0.551377 0.265137 0.550318 0.266357 0.550318 0.266113 0.549258 0.265625 0.549788 0.264404 0.547669 0.263916 0.547669 0.263672 0.548729 0.262939 0.548729 0.262695 0.547669
1 0.144287 0.547140 0.145508 0.549788 0.145752 0.548729 0.145996 0.549258 0.145752 0.551377 0.144531 0.550847 0.144287 0.551907 0.145264 0.551377 0.146240 0.553496 0.146240 0.552436 0.147461 0.551377 0.145508 0.547669
1 0.530762 0.546610 0.530273 0.547669 0.530273 0.549258 0.531982 0.551377 0.531494 0.552436 0.531982 0.553496 0.532959 0.551907 0.532959 0.549788 0.531250 0.549788
1 0.456055 0.546081 0.454590 0.546610 0.454590 0.551907 0.453369 0.553496 0.455322 0.554025 0.454590 0.547140 0.456543 0.546610 0.457764 0.560381 0.453857 0.566208 0.450928 0.566208 0.452881 0.554025 0.450195 0.562500 0.450684 0.567797 0.453369 0.567267 0.456787 0.571504 0.454590 0.599047 0.452393 0.602225 0.453613 0.604873 0.451660 0.603814 0.451660 0.605932 0.449219 0.606462 0.448975 0.604343 0.450928 0.603284 0.447754 0.601695 0.447998 0.603814 0.445557 0.605932 0.444824 0.610169 0.442627 0.611229 0.441406 0.634534 0.440186 0.637182 0.438232 0.635064 0.438965 0.637712 0.441406 0.635064 0.442139 0.641419 0.443848 0.643008 0.448242 0.641949 0.448975 0.638242 0.450195 0.640890 0.453125 0.640890 0.452637 0.652542 0.454590 0.636653 0.450439 0.637182 0.451904 0.632415 0.452881 0.632945 0.452637 0.624470 0.454590 0.618114 0.459229 0.629237 0.459473 0.626589 0.455322 0.615996 0.458984 0.601695 0.461182 0.600106 0.459229 0.597987 0.454590 0.601165 0.455322 0.592161 0.459717 0.577860 0.460449 0.582627 0.458008 0.585275 0.460693 0.585275 0.459961 0.573623 0.460938 0.570445 0.461670 0.572564 0.462402 0.568326 0.464355 0.566208 0.464355 0.569386 0.467529 0.570975 0.469971 0.565678 0.469238 0.561970 0.468018 0.561970 0.465820 0.568326 0.464844 0.564619 0.463379 0.567797 0.463867 0.559852 0.463135 0.561441 0.462158 0.559322 0.460938 0.563030 0.462158 0.559852 0.463379 0.565678 0.460205 0.571504 0.458252 0.559852 0.459473 0.552966 0.458252 0.558263
1 0.487793 0.545021 0.487549 0.546081 0.486816 0.545551 0.485596 0.548199 0.485352 0.547669 0.485352 0.550318 0.486084 0.550318 0.486816 0.552436 0.486328 0.551377 0.486572 0.550847 0.488037 0.552436 0.488281 0.545551
1 0.227295 0.546081 0.226562 0.545021 0.225830 0.547140 0.225342 0.547140 0.224854 0.548729 0.224609 0.548199 0.224365 0.549788 0.223633 0.549788 0.224609 0.551377 0.225586 0.551377 0.225830 0.548729
1 0.547119 0.543962 0.546143 0.547140 0.544678 0.546610 0.543945 0.547669 0.543457 0.550318 0.544434 0.552436 0.543701 0.554555 0.545654 0.554555 0.545410 0.551907 0.546631 0.549788 0.546875 0.550318 0.547363 0.545021
1 0.601562 0.542903 0.601318 0.544492 0.599854 0.544492 0.598633 0.546610 0.599365 0.546081 0.599609 0.547140 0.600342 0.546610 0.601318 0.547669
1 0.153076 0.543962 0.152588 0.541843 0.151855 0.542373 0.151367 0.544492 0.151855 0.545551 0.150879 0.546081 0.150635 0.544492 0.149902 0.543432 0.150391 0.542373 0.149902 0.542373 0.149902 0.543432 0.148926 0.545551 0.151611 0.546081 0.152588 0.543962
1 0.652344 0.540254 0.652344 0.546081 0.651611 0.548199 0.650879 0.547140 0.650635 0.548199 0.651611 0.551377 0.653076 0.552436 0.653320 0.554555 0.652588 0.556674 0.653320 0.558792 0.652832 0.559852 0.653564 0.561441 0.654785 0.561970 0.655273 0.559852 0.654541 0.558263 0.654541 0.556674 0.656494 0.553496 0.656982 0.550847 0.657959 0.548729 0.657715 0.546081 0.658203 0.542903 0.657471 0.541314 0.656250 0.541314 0.656494 0.542903 0.656006 0.543962 0.655029 0.543962
1 0.387207 0.538665 0.386719 0.539195 0.386719 0.543962 0.386230 0.544492 0.385498 0.542903 0.385986 0.540254 0.385254 0.538136 0.384766 0.538136 0.384766 0.539725 0.384277 0.540254 0.384277 0.547140 0.385010 0.547140 0.385254 0.549258 0.386230 0.549788 0.385742 0.550847 0.386230 0.553496 0.386719 0.551377 0.387695 0.552966 0.387695 0.557733 0.388184 0.558263 0.388184 0.559852 0.386719 0.562500 0.386719 0.566737 0.385498 0.568856 0.384277 0.569386 0.382812 0.576801 0.383545 0.582627 0.381592 0.583157 0.381836 0.584216 0.381348 0.587394 0.380127 0.588983 0.380859 0.590572 0.382568 0.589513 0.385986 0.589513 0.386963 0.586864 0.388672 0.584746 0.389404 0.578390 0.390137 0.577331 0.390137 0.576271 0.389404 0.575742 0.389404 0.573623 0.388672 0.572564 0.388916 0.570975 0.388184 0.572034 0.387207 0.569915 0.387695 0.569386 0.387451 0.567797 0.388184 0.566208 0.389404 0.566208 0.388916 0.564619 0.390381 0.561441 0.390381 0.559852 0.389404 0.558792 0.389648 0.550318 0.390869 0.550847 0.390625 0.551907 0.391113 0.555614 0.390625 0.556674 0.391357 0.556674 0.393066 0.560911 0.394043 0.560911 0.394287 0.559852 0.395020 0.561441 0.395996 0.561441 0.395752 0.560911 0.396484 0.558792 0.395996 0.556144 0.394043 0.557203 0.393799 0.551907 0.393066 0.550847 0.392578 0.551907 0.392090 0.549258 0.390381 0.548199 0.390381 0.546610 0.391113 0.544492 0.389648 0.540784 0.389404 0.541843 0.388672 0.540254 0.387451 0.540254
1 0.247803 0.536017 0.248291 0.537606 0.247559 0.540254 0.248047 0.541843 0.247559 0.542373 0.248779 0.542903 0.249023 0.541843 0.249512 0.541843 0.250244 0.543432 0.250000 0.546081 0.250488 0.546081 0.250244 0.545551 0.250732 0.543962 0.249512 0.538665 0.249512 0.537076 0.249023 0.537076 0.249023 0.536017
1 0.555908 0.530191 0.554932 0.531250 0.554932 0.532839 0.552734 0.537076 0.552490 0.539195 0.550781 0.539725 0.549805 0.541843 0.549805 0.543432 0.550293 0.544492 0.550293 0.548199 0.551270 0.551377 0.550781 0.555614 0.551758 0.554025 0.551270 0.552966 0.552490 0.551377 0.552246 0.550847 0.553223 0.548729 0.552979 0.548199 0.553711 0.543432 0.554443 0.541843 0.554199 0.539725 0.554932 0.539195 0.554932 0.537606 0.556396 0.532309
1 0.515137 0.530191 0.515869 0.532839 0.515869 0.534428 0.515381 0.535487 0.515869 0.536017 0.516113 0.533898 0.516602 0.533898 0.517090 0.535487 0.516846 0.538665 0.517334 0.537606 0.517090 0.536017 0.517578 0.534958 0.518311 0.537606 0.518066 0.535487 0.517334 0.533898 0.517578 0.533369 0.519775 0.534958 0.520020 0.533369 0.520996 0.534428 0.520508 0.531250 0.519287 0.533898 0.518555 0.532839 0.518311 0.533898 0.516846 0.533898
1 0.158447 0.533898 0.157227 0.530191 0.156982 0.531250 0.156250 0.531250 0.156006 0.529661 0.156250 0.530191 0.155762 0.530720 0.156250 0.531250 0.155029 0.533898 0.153076 0.535487 0.152832 0.534958 0.152832 0.536547 0.152344 0.537076 0.153564 0.536017 0.153809 0.536547 0.154541 0.534958 0.156006 0.534958 0.156494 0.533898
1 0.524414 0.525953 0.523926 0.528602 0.524658 0.540254 0.525391 0.545021 0.525146 0.546081 0.525635 0.545551 0.526611 0.547140 0.526855 0.546610 0.527588 0.548729 0.528320 0.547669 0.528320 0.545551 0.528076 0.546081 0.527344 0.545021 0.527100 0.543432 0.526611 0.545021 0.525879 0.542373 0.526855 0.540784 0.526123 0.540784 0.526367 0.538665 0.528076 0.539725 0.528320 0.541314 0.529053 0.539195 0.529297 0.539725 0.529297 0.538665 0.528564 0.538665 0.528076 0.537606 0.528809 0.531780 0.527588 0.530191 0.526855 0.536017 0.526123 0.536017 0.525146 0.533369 0.525146 0.527542 0.524902 0.528072
1 0.493164 0.525424 0.488770 0.559852 0.485840 0.552966 0.487305 0.564089 0.484375 0.599047 0.481445 0.602225 0.481201 0.609640 0.486084 0.603284 0.489990 0.573623 0.488037 0.574682 0.488525 0.567797 0.487061 0.570445 0.488281 0.564089 0.490967 0.573623 0.497559 0.572034 0.494385 0.575742 0.499023 0.574682 0.500244 0.578919 0.503418 0.569386 0.500732 0.574153 0.499756 0.566737 0.505127 0.563030 0.508545 0.567797 0.506592 0.570445 0.508545 0.569386 0.508057 0.563559 0.510498 0.563030 0.508057 0.560911 0.509277 0.555085 0.511963 0.561441 0.509521 0.554555 0.511230 0.545551 0.518555 0.595869 0.513428 0.594280 0.516357 0.601165 0.507324 0.600636 0.513184 0.600636 0.513916 0.607521 0.520264 0.593750 0.522461 0.601165 0.526123 0.572034 0.523682 0.568856 0.523438 0.555614 0.522949 0.560911 0.517822 0.563030 0.524170 0.546610 0.522217 0.542373 0.522217 0.548729 0.513184 0.538665 0.513428 0.531780 0.508057 0.525953 0.509277 0.530720 0.506348 0.531780 0.511719 0.533898 0.509033 0.537076 0.510986 0.540784 0.509277 0.553496 0.508301 0.549258 0.506836 0.555085 0.507568 0.545021 0.505859 0.557203 0.502930 0.548199 0.506592 0.546081 0.504883 0.543962 0.507324 0.537606 0.502441 0.551377 0.505371 0.559852 0.495361 0.567267 0.501221 0.550847 0.498535 0.554555 0.499756 0.549788 0.498047 0.548729 0.497559 0.557203 0.491943 0.564619 0.493408 0.555614 0.490723 0.565678 0.493896 0.551907 0.494385 0.557733 0.496582 0.550318 0.491943 0.551907 0.492432 0.531780 0.494385 0.533898
1 0.161865 0.528602 0.160889 0.528072 0.160645 0.525424 0.159912 0.524894 0.158691 0.525424 0.158691 0.527542 0.158203 0.528072 0.159180 0.529661 0.160156 0.529661 0.159912 0.530720 0.158936 0.530720 0.159912 0.530720 0.161133 0.528602
1 0.168213 0.527013 0.167480 0.528072 0.167236 0.527013 0.165039 0.528602 0.164551 0.526483 0.166748 0.523835 0.163818 0.525953 0.163818 0.528072 0.164551 0.529661 0.166260 0.528602 0.166504 0.529661
1 0.200928 0.523305 0.200928 0.524894 0.200439 0.525424 0.200195 0.523835 0.200195 0.526483 0.199707 0.527542 0.199219 0.527013 0.199219 0.528602 0.199707 0.527542 0.200195 0.528602 0.199951 0.529661 0.199219 0.529661 0.199219 0.533369 0.199463 0.532309 0.199707 0.533369 0.200195 0.533369 0.199219 0.531780 0.200195 0.529661 0.200928 0.531780 0.200684 0.532309 0.201904 0.532309 0.201904 0.531250 0.200928 0.531250 0.200195 0.529131 0.200195 0.527013 0.201172 0.524894
1 0.379150 0.521716 0.378662 0.522775 0.377197 0.521716 0.376465 0.523305 0.376465 0.525953 0.375488 0.529131 0.374268 0.530191 0.372070 0.529661 0.372559 0.530191 0.372559 0.531250 0.373047 0.531250 0.373535 0.534428 0.374268 0.536017 0.375000 0.534958 0.376709 0.534958 0.378906 0.531780 0.378662 0.531250 0.379150 0.530191 0.378662 0.529131 0.378662 0.527542 0.379639 0.524364 0.379150 0.523305
1 0.170898 0.520127 0.170410 0.520127 0.169922 0.518538 0.167725 0.519597 0.165771 0.519068 0.167480 0.521716 0.169678 0.519597
1 0.655029 0.516949 0.655762 0.519597 0.658203 0.520127 0.658203 0.519068 0.657227 0.519068 0.656982 0.518008 0.657715 0.516419 0.658691 0.515890 0.657471 0.516949 0.656494 0.515360 0.656494 0.513771 0.656006 0.516419
1 0.216797 0.513771 0.216797 0.515890 0.217773 0.516949 0.217773 0.518538 0.217285 0.519597 0.218506 0.519597 0.218750 0.521186 0.220215 0.522775 0.222412 0.522775 0.222168 0.521186 0.219727 0.520127 0.218994 0.518538 0.219482 0.517479 0.218994 0.516419 0.218750 0.513242 0.218506 0.516949 0.218018 0.514831 0.217285 0.514831
1 0.577393 0.512712 0.576904 0.512182 0.575928 0.513771 0.575439 0.513771 0.575195 0.512712 0.573730 0.512712 0.573242 0.514301 0.574219 0.516949 0.577148 0.516949
1 0.511963 0.511653 0.511230 0.511653 0.510742 0.512712 0.509766 0.511653 0.509277 0.512712 0.508789 0.510593 0.508789 0.512182 0.509277 0.512712 0.509033 0.514301 0.509521 0.513771 0.509766 0.515360 0.509033 0.516949 0.508545 0.516949 0.508301 0.515890 0.507812 0.517479 0.507812 0.519597 0.506836 0.520127 0.506836 0.522775 0.507324 0.523835 0.507812 0.520657 0.508789 0.522246 0.508789 0.525953 0.509277 0.524894 0.510010 0.524894 0.510010 0.523305 0.510498 0.522775 0.510498 0.514831 0.511719 0.513771
1 0.646484 0.512182 0.646973 0.514831 0.646729 0.515360 0.648682 0.518008 0.648193 0.518538 0.648193 0.519597 0.648682 0.520127 0.650391 0.520127 0.650635 0.519068 0.653320 0.516949 0.652588 0.511123 0.651855 0.511123 0.650879 0.509534 0.650635 0.510593 0.649902 0.510064 0.650391 0.509004 0.649414 0.509534 0.649414 0.511123 0.648438 0.511123 0.647949 0.510064 0.647949 0.508475 0.648193 0.509534 0.647705 0.511123 0.647461 0.510593 0.647705 0.511653
1 0.639404 0.507415 0.639893 0.509534 0.640869 0.511123 0.644043 0.510593 0.644531 0.512182 0.645264 0.512182 0.644531 0.509004 0.642822 0.506886
1 0.655273 0.502119 0.654541 0.503178 0.655029 0.505297 0.655762 0.506356 0.656982 0.503708 0.656006 0.502119
1 0.375488 0.502119 0.376465 0.505297 0.376709 0.510064 0.377197 0.510064 0.376709 0.509004 0.376953 0.507945 0.378418 0.508475 0.378418 0.511123 0.377930 0.511653 0.378174 0.514301 0.378906 0.515360 0.379150 0.518538 0.380615 0.518538 0.380371 0.517479 0.381348 0.516419 0.380615 0.513242 0.380615 0.510593 0.380371 0.515890 0.379883 0.516419 0.379150 0.514301 0.379150 0.510593 0.379639 0.510064 0.379639 0.508475 0.378906 0.508475 0.378662 0.506356 0.377930 0.506356 0.377441 0.507415 0.377197 0.505297 0.377686 0.504237 0.376953 0.504237 0.376709 0.503178
1 0.648926 0.501059 0.648438 0.501059 0.648193 0.500000 0.647461 0.500530 0.647461 0.502119 0.645996 0.501059 0.646484 0.502119 0.645752 0.503178 0.646729 0.505297 0.648193 0.501589
1 0.500977 0.500000 0.500488 0.500000 0.500244 0.501059 0.499023 0.501059 0.498535 0.504767 0.497559 0.506356 0.497559 0.509004 0.497070 0.509534 0.497070 0.511123 0.496094 0.512182 0.496094 0.513242 0.496582 0.513771 0.496582 0.516419 0.497070 0.517479 0.496094 0.519068 0.495850 0.521186 0.495361 0.520657 0.495361 0.518008 0.494629 0.518008 0.494141 0.521716 0.496338 0.522246 0.496826 0.520127 0.496582 0.519597 0.497803 0.517479 0.497803 0.514831 0.498291 0.513771 0.498779 0.508475 0.499512 0.506886 0.500000 0.507415 0.500000 0.508475 0.499756 0.503178 0.500732 0.502119
1 0.211914 0.502119 0.211182 0.501589 0.210449 0.498941 0.209717 0.498941 0.208984 0.500530 0.208252 0.500000 0.207764 0.501589 0.207031 0.500530 0.207520 0.502648 0.207275 0.503178 0.206543 0.502119 0.206055 0.503178 0.206543 0.505297 0.207520 0.502648 0.208252 0.504767 0.208252 0.503178 0.209229 0.502648 0.208740 0.501059 0.209717 0.500530 0.209961 0.502119 0.210938 0.502119 0.210938 0.504767 0.211670 0.503708 0.211426 0.503178
1 0.306152 0.501059 0.306396 0.502119 0.308594 0.503708 0.309326 0.501059 0.310303 0.500000 0.309570 0.498941 0.307861 0.498941 0.306641 0.497881 0.306641 0.500530
1 0.354736 0.495763 0.355225 0.496822 0.355713 0.495233 0.356201 0.495233 0.356445 0.498411 0.355713 0.498941 0.356689 0.499470 0.357666 0.502119 0.358643 0.502648 0.358643 0.501059 0.357666 0.500530 0.358643 0.498941 0.358887 0.500000 0.358887 0.498941 0.358398 0.498941 0.357422 0.495763 0.356445 0.494703 0.355469 0.494703 0.355225 0.495763
1 0.661133 0.490466 0.661621 0.491525 0.661377 0.492585 0.660645 0.492585 0.660400 0.493644 0.660400 0.490996 0.659424 0.492585 0.660889 0.500530 0.660645 0.501589 0.661133 0.501589 0.662109 0.498941 0.662842 0.498941 0.664551 0.496822 0.663574 0.496292 0.662354 0.492055
1 0.307617 0.490996 0.306152 0.489936 0.305908 0.490996 0.305176 0.490466 0.304443 0.491525 0.304688 0.492585 0.304199 0.493644 0.304932 0.494703 0.304688 0.495763 0.306885 0.496292 0.307373 0.493644 0.307129 0.491525
1 0.575928 0.492055 0.576172 0.492585 0.575439 0.494703 0.576172 0.496292 0.576172 0.498941 0.577637 0.501589 0.579590 0.502648 0.580566 0.501059 0.582031 0.502119 0.582764 0.500530 0.582275 0.494703 0.580566 0.492585 0.580811 0.492055 0.580322 0.490466 0.580811 0.489936 0.580322 0.488877 0.578369 0.490466 0.577637 0.488877 0.577148 0.489936 0.577148 0.492585
1 0.639648 0.492055 0.640137 0.492585 0.640625 0.495233 0.642334 0.493644 0.644287 0.497352 0.645752 0.498411 0.647217 0.495233 0.648193 0.495233 0.649170 0.493644 0.649170 0.490466 0.648682 0.489407 0.647461 0.488347 0.647461 0.490466 0.646240 0.490996 0.644287 0.487818 0.644043 0.485169 0.643555 0.484640 0.643555 0.485699 0.642090 0.485699 0.642090 0.486758 0.641113 0.487818
1 0.677002 0.481462 0.677002 0.487288 0.678467 0.487288 0.679199 0.488347 0.679443 0.487288 0.680420 0.486758 0.679199 0.481462
1 0.661133 0.481992 0.659668 0.480932 0.657715 0.484640 0.657715 0.486758 0.660645 0.485699 0.661133 0.484110
1 0.415039 0.477225 0.414062 0.477754 0.412842 0.479873 0.411865 0.484110 0.412842 0.485169 0.413330 0.483051 0.414307 0.484640 0.414551 0.484110 0.414795 0.485169 0.414551 0.483581 0.415039 0.483581 0.415527 0.480403
1 0.158447 0.476165 0.157715 0.476165 0.156494 0.478814 0.155762 0.478814 0.155518 0.480932 0.156250 0.481462 0.158203 0.478284
1 0.687744 0.475636 0.687744 0.477225 0.687012 0.478814 0.686523 0.478814 0.685547 0.476695 0.684570 0.478814 0.685791 0.480932 0.685303 0.481462 0.684570 0.480403 0.684570 0.481462 0.686279 0.481462 0.686279 0.480403 0.687500 0.477754 0.687988 0.477754
1 0.201416 0.477754 0.202393 0.479343 0.203369 0.479343 0.203857 0.478284 0.205078 0.477754 0.206299 0.478284 0.205566 0.476695 0.204102 0.475636 0.203369 0.476695 0.203369 0.478284 0.202637 0.477225 0.201904 0.478284
1 0.418213 0.475106 0.416992 0.477225 0.416992 0.482521 0.416504 0.482521 0.415771 0.487288 0.416504 0.486758 0.416748 0.485169 0.418701 0.481992 0.418457 0.480932 0.418945 0.480403 0.418701 0.479873 0.419189 0.478284 0.418701 0.475636
1 0.501953 0.474576 0.501465 0.475636 0.501465 0.479343 0.500977 0.479873 0.500977 0.481462 0.499756 0.481992 0.500000 0.483581 0.499268 0.486229 0.499512 0.490996 0.499023 0.492055 0.499023 0.498411 0.498047 0.499470 0.498779 0.499470 0.499512 0.497352 0.500000 0.498411 0.500732 0.498411 0.501221 0.497352 0.501465 0.494174 0.501953 0.494174 0.502197 0.495763 0.502930 0.494174 0.504150 0.494174 0.505371 0.496822 0.505371 0.498941 0.506104 0.500530 0.505615 0.499470 0.506104 0.498411 0.506104 0.493114 0.505127 0.490996 0.505615 0.489407 0.504150 0.489407 0.502930 0.488347 0.502686 0.486229 0.502197 0.485699 0.502197 0.481992 0.502686 0.481462 0.502686 0.476695 0.502197 0.475636 0.502686 0.475106
1 0.341309 0.476165 0.342285 0.477754 0.343018 0.475636 0.343506 0.476165 0.343994 0.478284 0.344971 0.478284 0.345703 0.480403 0.346436 0.480403 0.347656 0.484110 0.347900 0.483581 0.347900 0.481462 0.343750 0.474047 0.342285 0.474576
1 0.244385 0.476165 0.243164 0.476165 0.242676 0.475106 0.243408 0.473517 0.242920 0.472987 0.240967 0.473517 0.240234 0.475106 0.240234 0.478284 0.240967 0.479873 0.241699 0.479873 0.240967 0.478284 0.241455 0.476165 0.242432 0.477225
1 0.138428 0.469809 0.137695 0.474047 0.139648 0.475106 0.140137 0.474047 0.140137 0.472458 0.139160 0.469809
1 0.214111 0.470869 0.213623 0.470869 0.213379 0.469809 0.213135 0.470869 0.211914 0.468750 0.211426 0.470869 0.210693 0.469280 0.210205 0.470339 0.209473 0.469809 0.209961 0.471928 0.209717 0.472458 0.208984 0.471398 0.209473 0.472987 0.208496 0.473517 0.208008 0.475106 0.209473 0.475636 0.210449 0.470869 0.210693 0.473517 0.211914 0.475106 0.210938 0.477225 0.211426 0.477754 0.212402 0.473517 0.212891 0.472987 0.213379 0.474047
1 0.253906 0.468220 0.253418 0.469280 0.253418 0.470869 0.253906 0.471398 0.253418 0.473517 0.254395 0.475636 0.254150 0.478284 0.254883 0.478814 0.254639 0.479873 0.253662 0.479343 0.254150 0.480403 0.253662 0.481462 0.253906 0.484640 0.253418 0.485169 0.253418 0.487288 0.254639 0.487288 0.253906 0.490466 0.254883 0.487818 0.255371 0.488347 0.254639 0.487288 0.254883 0.485699 0.254395 0.485169 0.254639 0.483581 0.254883 0.484640 0.254883 0.483051 0.255371 0.482521 0.255127 0.481992 0.255859 0.479873 0.256348 0.480403 0.256348 0.481462 0.255371 0.483581 0.255371 0.485169 0.256348 0.485699 0.257080 0.484110 0.257080 0.483051 0.256348 0.485169 0.255859 0.483581 0.256836 0.479873 0.255615 0.479873 0.254883 0.478284 0.255615 0.477225 0.255371 0.475106 0.255859 0.474047 0.256836 0.474047
1 0.500244 0.462924 0.500000 0.465572 0.499268 0.466102 0.500977 0.466102 0.500977 0.468750 0.501465 0.469280 0.501709 0.471928 0.501709 0.468220 0.502197 0.467691 0.502197 0.466102 0.500977 0.466102 0.500732 0.462924
1 0.121094 0.462394 0.119629 0.465572 0.120605 0.465572 0.121094 0.464513 0.122070 0.465042 0.121094 0.466631 0.121094 0.469280 0.120605 0.469809 0.121582 0.470869 0.121826 0.469809 0.122314 0.469809 0.121826 0.466102 0.124268 0.465042 0.122070 0.465042 0.121826 0.462924
1 0.183350 0.464513 0.182129 0.460805 0.182373 0.460275 0.181641 0.459746 0.181641 0.460805 0.181152 0.461335 0.181396 0.463453 0.179932 0.465042 0.181885 0.463983 0.182861 0.465042
1 0.141113 0.454979 0.140625 0.454979 0.140625 0.456568 0.139404 0.458157 0.140625 0.460275 0.140625 0.462394 0.141846 0.458686 0.140869 0.457097
1 0.670898 0.457627 0.671875 0.461335 0.671631 0.460805 0.672363 0.459746 0.672363 0.458157 0.672852 0.457627 0.673828 0.461335 0.674072 0.460805 0.675293 0.463453 0.675293 0.465572 0.676025 0.467161 0.676758 0.466631 0.677002 0.465042 0.678467 0.465572 0.678223 0.465042 0.678711 0.464513 0.677979 0.463983 0.677490 0.465572 0.677002 0.463453 0.676025 0.463453 0.675537 0.462394 0.675537 0.460805 0.676270 0.459746 0.676514 0.462394 0.677002 0.462394 0.677490 0.458686 0.676758 0.457627 0.676758 0.458686 0.676270 0.459216 0.674561 0.456568 0.674561 0.453919 0.673340 0.456038 0.673828 0.456568 0.673584 0.457627
1 0.744385 0.451271 0.743652 0.454449 0.742676 0.454449 0.742188 0.452860 0.742188 0.456038 0.743164 0.457627 0.742920 0.458686 0.742676 0.458157 0.742676 0.459746 0.743164 0.460805 0.743408 0.459746 0.744141 0.459746 0.744141 0.458157 0.742920 0.456038 0.742920 0.454979 0.744629 0.454979
1 0.463379 0.451801 0.463379 0.457097 0.464844 0.458686 0.465820 0.458686 0.467041 0.457097 0.467041 0.454449 0.466309 0.451801 0.465088 0.452331 0.464355 0.450742
1 0.730957 0.450742 0.731934 0.451271 0.733154 0.450212 0.734375 0.453390 0.734863 0.453390 0.735596 0.451801 0.737061 0.451801 0.736084 0.449682 0.736084 0.448623 0.735107 0.450212 0.733887 0.450212 0.733398 0.449153 0.732178 0.449153 0.731689 0.448093
1 0.304688 0.447034 0.302979 0.450212 0.300049 0.450212 0.299805 0.452331 0.300293 0.453390 0.299316 0.454979 0.298584 0.452331 0.298096 0.452860 0.298340 0.455508 0.296875 0.456568 0.296387 0.460275 0.296875 0.459746 0.297363 0.462394 0.297852 0.461864 0.298828 0.462924 0.297363 0.464513 0.298096 0.464513 0.298584 0.466631 0.300537 0.465572 0.300537 0.463983 0.301758 0.462394 0.301514 0.461864 0.302734 0.458686 0.302734 0.457097 0.305176 0.452860 0.304688 0.450742 0.305908 0.449153
1 0.741943 0.445975 0.740479 0.447034 0.738770 0.445975 0.739990 0.447564 0.738281 0.448623 0.739258 0.450742 0.738770 0.451801 0.739746 0.453919 0.739258 0.454979 0.738281 0.452860 0.738037 0.453390 0.738281 0.455508 0.739502 0.455508 0.738525 0.458686 0.738281 0.461335 0.739014 0.460275 0.739258 0.458686 0.739746 0.458686 0.740234 0.459746 0.739746 0.464513 0.741699 0.462394 0.741211 0.461335 0.741211 0.459216 0.740479 0.458157 0.741455 0.456568 0.741455 0.455508 0.740967 0.454979 0.741455 0.453919 0.741455 0.452331 0.740723 0.450742 0.741455 0.449153 0.740723 0.449682 0.740479 0.448623 0.741943 0.447034
1 0.742432 0.445445 0.743652 0.449682 0.744385 0.449682 0.744873 0.448623 0.744385 0.446504 0.743896 0.446504 0.743408 0.444915 0.742920 0.445975
1 0.231934 0.444915 0.230957 0.444386 0.229980 0.445445 0.229736 0.449153 0.231689 0.448093
1 0.280518 0.442797 0.280273 0.446504 0.280518 0.445445 0.281250 0.445445 0.281250 0.443326 0.281738 0.444386 0.282959 0.444915 0.283691 0.447034 0.283447 0.449153 0.282715 0.448093 0.283203 0.450742 0.284180 0.452860 0.285400 0.452860 0.284912 0.449153 0.283447 0.446504 0.283936 0.445445 0.282959 0.443856 0.282959 0.441737 0.282471 0.443856 0.281982 0.443856 0.281738 0.442797
1 0.111328 0.441208 0.111572 0.444915 0.112305 0.446504 0.111816 0.448093 0.111816 0.450212 0.113281 0.453390 0.113770 0.453390 0.114258 0.450212 0.114258 0.447564 0.114014 0.448093 0.113770 0.446504 0.114746 0.445445 0.114502 0.441737 0.114990 0.441208 0.114258 0.441208 0.114258 0.443326 0.114746 0.443856 0.114014 0.444386 0.112305 0.441208
1 0.631104 0.440678 0.631104 0.441737 0.630371 0.443326 0.631104 0.442267 0.631836 0.443326 0.631836 0.442267 0.632812 0.441208 0.632812 0.445445 0.636719 0.450212 0.634766 0.450742 0.634521 0.451801 0.635986 0.452860 0.635742 0.451801 0.636719 0.450742 0.636719 0.449682 0.637451 0.448623 0.636475 0.444915 0.637451 0.442797 0.638184 0.443856 0.638184 0.445975 0.637695 0.447564 0.638672 0.447034 0.638916 0.443326 0.636719 0.439619 0.635010 0.439619 0.636963 0.446504 0.636719 0.449153 0.634033 0.444915 0.634521 0.442797 0.633545 0.442797 0.633057 0.440678
1 0.654785 0.441208 0.656494 0.441737 0.657227 0.440148 0.657959 0.440148 0.658203 0.440678 0.657715 0.441208 0.658447 0.441208 0.658936 0.439619 0.656250 0.439619 0.655762 0.438559 0.655518 0.440148
1 0.124512 0.438559 0.124268 0.440678 0.123047 0.441208 0.123047 0.443326 0.125000 0.446504 0.124756 0.449682 0.125732 0.449153 0.125732 0.447034 0.125244 0.445975 0.125977 0.443326 0.124512 0.442797 0.124512 0.440678 0.125000 0.439089 0.124756 0.439619
1 0.162842 0.437500 0.161865 0.437500 0.162354 0.438559 0.162109 0.440678 0.162354 0.440148 0.162598 0.441208 0.161133 0.442797 0.161377 0.444915 0.160645 0.445975 0.160889 0.447034 0.159668 0.450212 0.161377 0.448623 0.161621 0.447564 0.163330 0.447564 0.162598 0.446504 0.162598 0.444386 0.163086 0.443326 0.162354 0.442267 0.162598 0.438559 0.163330 0.438559
1 0.276611 0.434852 0.275391 0.436441 0.275146 0.438559 0.274170 0.437500 0.273193 0.439619 0.274414 0.442797 0.275391 0.440148 0.275391 0.438030 0.276367 0.440148 0.275879 0.437500
1 0.238037 0.441737 0.239502 0.443326 0.240479 0.443326 0.240723 0.441737 0.241699 0.441208 0.243164 0.443326 0.242676 0.444386 0.241455 0.444915 0.241699 0.445975 0.242920 0.446504 0.243164 0.447564 0.244385 0.448623 0.244385 0.449682 0.245117 0.450742 0.244873 0.451801 0.246582 0.449153 0.247559 0.449153 0.248291 0.450212 0.249756 0.449682 0.250488 0.450742 0.250244 0.449153 0.248291 0.446504 0.248779 0.445975 0.248535 0.445445 0.249512 0.442267 0.250000 0.443326 0.250732 0.442267 0.252441 0.442267 0.251465 0.440678 0.248535 0.440678 0.247314 0.441737 0.246582 0.440678 0.246094 0.441737 0.246582 0.442267 0.247070 0.441208 0.247314 0.442267 0.246338 0.444386 0.244385 0.444915 0.242432 0.441208 0.240967 0.440148 0.241211 0.438559 0.241943 0.438559 0.241943 0.436970 0.241211 0.438030 0.239258 0.434322 0.240479 0.437500
1 0.126953 0.433263 0.128418 0.435911 0.127686 0.438559 0.128418 0.439619 0.127930 0.441208 0.128662 0.442797 0.129639 0.440148 0.130615 0.439619 0.129395 0.435911 0.129639 0.434852 0.128906 0.433263
1 0.063477 0.435911 0.063965 0.438559 0.064941 0.438030 0.065186 0.436970 0.065430 0.437500 0.065674 0.436441 0.066406 0.437500 0.066162 0.439089 0.065186 0.440678 0.064453 0.440678 0.065674 0.441737 0.066406 0.440678 0.067139 0.441208 0.066650 0.438559 0.066895 0.438030 0.068115 0.438030 0.068359 0.439089 0.069824 0.437500 0.070068 0.435911 0.070801 0.435911 0.071289 0.436970 0.071045 0.440148 0.071533 0.440148 0.071777 0.437500 0.072266 0.436441 0.072021 0.436970 0.070801 0.433263 0.068848 0.433263 0.069580 0.434852 0.068115 0.436441 0.066650 0.435911 0.067383 0.433792 0.066650 0.433263 0.065186 0.436441
1 0.237305 0.435381 0.236816 0.436441 0.235352 0.432733 0.235352 0.435381 0.234375 0.436441 0.233154 0.439619 0.232666 0.438559 0.232910 0.437500 0.232178 0.438030 0.232178 0.436441 0.231689 0.436441 0.231445 0.438030 0.230225 0.440148 0.231934 0.439089 0.232666 0.440148 0.233154 0.442267 0.232422 0.443326 0.234375 0.444386 0.234619 0.442797 0.234131 0.442797 0.233887 0.443856 0.233643 0.442267 0.234131 0.441208 0.233398 0.440148 0.234375 0.440148 0.235352 0.438030 0.236084 0.438559 0.237305 0.437500
1 0.281982 0.429555 0.280029 0.429555 0.280273 0.430085 0.279297 0.431674 0.279785 0.433263 0.277588 0.434852 0.280029 0.436441 0.280518 0.435911 0.280029 0.434322 0.280518 0.433792 0.281006 0.434852 0.282471 0.435381 0.282471 0.434322 0.280518 0.433792 0.281250 0.430614
1 0.473145 0.426377 0.471680 0.427966 0.471680 0.431674 0.471191 0.432733 0.470703 0.440148 0.473633 0.440678 0.474121 0.439619 0.474365 0.434852 0.473633 0.433263 0.473877 0.431144 0.473145 0.430085 0.473877 0.429025
1 0.669678 0.424258 0.668701 0.427966 0.667725 0.427966 0.668213 0.429025 0.666748 0.432203 0.666748 0.434322 0.666992 0.432203 0.668945 0.427966 0.670166 0.427436 0.670166 0.425318
1 0.068604 0.424788 0.067139 0.424788 0.066162 0.423729 0.064453 0.424258 0.063965 0.428496 0.063477 0.426907 0.062012 0.427966 0.060547 0.426907 0.059814 0.429025 0.060059 0.430614 0.059570 0.431144 0.059814 0.431674 0.059082 0.432733 0.059082 0.433792 0.059570 0.434322 0.060059 0.437500 0.060547 0.437500 0.062500 0.432203 0.062988 0.432203 0.062988 0.433263 0.063477 0.433792 0.065674 0.432203 0.066162 0.430085 0.065918 0.429025 0.066650 0.429025 0.066650 0.427966 0.067871 0.428496 0.067871 0.425847
1 0.465088 0.420551 0.463623 0.423199 0.463867 0.427436 0.464355 0.428496 0.463379 0.430614 0.464111 0.436441 0.463623 0.436441 0.463135 0.440148 0.463379 0.442267 0.463867 0.442797 0.463623 0.443326 0.464844 0.443326 0.464844 0.450212 0.466064 0.450742 0.467773 0.446504 0.468262 0.446504 0.468262 0.445445 0.468750 0.445975 0.468506 0.443856 0.468018 0.444915 0.466797 0.441737 0.469482 0.441737 0.469482 0.437500 0.470459 0.433263 0.470459 0.430614 0.469482 0.427966 0.468750 0.427966 0.468262 0.429555 0.467285 0.429555 0.466797 0.422669
1 0.114746 0.420551 0.114502 0.422669 0.115479 0.424258 0.116455 0.424258 0.117188 0.427436 0.117676 0.427436 0.117188 0.426377 0.117676 0.425318 0.117188 0.423729 0.118652 0.422669 0.117188 0.422669 0.116455 0.420551 0.116699 0.421610 0.115723 0.422140
1 0.118408 0.418962 0.118652 0.420551 0.119873 0.420551 0.120850 0.422669 0.121826 0.422140 0.123047 0.424258 0.125244 0.424258 0.124756 0.423729 0.124512 0.421081 0.124512 0.422140 0.123535 0.423729 0.120361 0.420551 0.120361 0.419492 0.120117 0.420021 0.119629 0.418962 0.120117 0.418432 0.119629 0.417373
1 0.228271 0.414725 0.227783 0.414725 0.228271 0.415784 0.226562 0.419492 0.225830 0.418962 0.225586 0.421610 0.224854 0.423729 0.223633 0.422669 0.223145 0.418962 0.221680 0.414725 0.220215 0.417903 0.221680 0.418432 0.223633 0.422669 0.222656 0.423729 0.222656 0.426377 0.222168 0.427966 0.221924 0.426907 0.221191 0.426907 0.220947 0.427966 0.220459 0.427436 0.220215 0.428496 0.220703 0.431144 0.219482 0.432203 0.220215 0.433263 0.219727 0.434322 0.219971 0.434852 0.218018 0.436441 0.217041 0.440678 0.217285 0.441208 0.216064 0.443326 0.216797 0.444386 0.216309 0.445445 0.216309 0.446504 0.216797 0.447034 0.216797 0.450212 0.218262 0.451801 0.219482 0.449682 0.220459 0.450742 0.221680 0.456038 0.222168 0.455508 0.222412 0.453390 0.224121 0.453919 0.224609 0.452860 0.224365 0.452331 0.225098 0.448623 0.226074 0.449153 0.226807 0.446504 0.227295 0.447034 0.227295 0.448093 0.228027 0.448093 0.227783 0.445445 0.228516 0.442797 0.226318 0.438559 0.226562 0.435911 0.227783 0.435911 0.228760 0.438030 0.229492 0.438030 0.229248 0.436441 0.229736 0.435911 0.229980 0.436970 0.230713 0.436970 0.230225 0.435911 0.230713 0.434852 0.231934 0.434322 0.234131 0.435381 0.233398 0.433263 0.232910 0.433263 0.232666 0.434852 0.230957 0.433263 0.231445 0.432733 0.229980 0.432203 0.229736 0.430085 0.232910 0.425847 0.234619 0.425318 0.234619 0.424258 0.233887 0.423199 0.231201 0.425318 0.230469 0.425318 0.230225 0.424258 0.229736 0.425318 0.229004 0.425318 0.228760 0.424258 0.229736 0.423199 0.229980 0.421610 0.229004 0.419492 0.229248 0.418962
1 0.720215 0.417903 0.720215 0.413665 0.719482 0.412076 0.718262 0.413136 0.718262 0.415254 0.717529 0.416843 0.717041 0.416314 0.717529 0.414725 0.717041 0.414195 0.716309 0.415784 0.717041 0.416843 0.718506 0.416843 0.718750 0.417903 0.719238 0.416843
1 0.730469 0.411547 0.728027 0.414195 0.727051 0.414195 0.728516 0.415254 0.728027 0.416314 0.728271 0.417373 0.729004 0.415784 0.729736 0.416314 0.729004 0.417903 0.730225 0.416314 0.730225 0.415254 0.729736 0.415254 0.729492 0.414195 0.730225 0.413665
1 0.058838 0.414725 0.058838 0.415784 0.059570 0.415784 0.060059 0.416843 0.060059 0.418962 0.059326 0.420551 0.058838 0.420021 0.059814 0.421081 0.060303 0.423199 0.061035 0.423199 0.061523 0.424258 0.062012 0.424258 0.061035 0.421610 0.062256 0.418962 0.063232 0.420021 0.064697 0.420021 0.065430 0.421610 0.065918 0.421610 0.065430 0.421610 0.064941 0.420551 0.065186 0.420021 0.066406 0.420021 0.066162 0.418962 0.065674 0.419492 0.065186 0.418432 0.062744 0.418432 0.062012 0.416843 0.061768 0.417373 0.060547 0.413665 0.061279 0.412076 0.061523 0.412606 0.061523 0.411017 0.060791 0.410487 0.060547 0.412606
1 0.485352 0.409958 0.481934 0.414725 0.480957 0.414195 0.480713 0.415784 0.479980 0.414195 0.479004 0.416314 0.479248 0.418432 0.480469 0.418962 0.480713 0.423199 0.483154 0.423199 0.484131 0.424258 0.484863 0.426377 0.483398 0.428496 0.481934 0.428496 0.481689 0.431674 0.482178 0.431674 0.482422 0.430614 0.484375 0.431144 0.486816 0.426907 0.486572 0.424788 0.484619 0.423199 0.484619 0.421610 0.485596 0.420021 0.486328 0.415784 0.485352 0.414195
1 0.075684 0.397775 0.074951 0.397246 0.074463 0.395657 0.073975 0.397775 0.072998 0.396716 0.072754 0.398305 0.071533 0.400424 0.070801 0.400424 0.070801 0.402013 0.070312 0.402542 0.071045 0.401483 0.072754 0.401483 0.072510 0.400953 0.074219 0.397775 0.074951 0.398835
1 0.541504 0.394068 0.541016 0.395657 0.541748 0.396186 0.541504 0.399364 0.541748 0.399894 0.541992 0.398835 0.542236 0.399894 0.543457 0.397775 0.542236 0.396716 0.543213 0.395127 0.542236 0.395657
1 0.450439 0.395127 0.450684 0.397775 0.450195 0.399894 0.451172 0.402013 0.453857 0.402542 0.454102 0.401483 0.455811 0.399894 0.455322 0.396716 0.454102 0.396716 0.452393 0.398305 0.451904 0.397246 0.451416 0.393538
1 0.719238 0.390360 0.719727 0.390890 0.720215 0.395127 0.721436 0.395657 0.721680 0.394068 0.724121 0.392479 0.723389 0.391949 0.722412 0.393008 0.721924 0.391419 0.722168 0.392479 0.721680 0.393538 0.721436 0.390360 0.720947 0.388771 0.720459 0.388771 0.720215 0.386653 0.720215 0.390360
1 0.069824 0.390360 0.072510 0.389301 0.072754 0.390890 0.073486 0.391949 0.073486 0.390890 0.074219 0.390890 0.074707 0.389301 0.073730 0.387182 0.072998 0.389301 0.072754 0.388242 0.072510 0.389301 0.071289 0.386653 0.070801 0.389301
1 0.736572 0.385593 0.736084 0.385593 0.736084 0.387182 0.734131 0.386653 0.733887 0.388242 0.733154 0.389831 0.732666 0.389831 0.732422 0.392479 0.730957 0.395127 0.731445 0.398305 0.732422 0.395657 0.734375 0.396716 0.734375 0.397775 0.735107 0.399364 0.733887 0.399364 0.733887 0.400953 0.734863 0.400424 0.735352 0.398835 0.736572 0.398305 0.736328 0.396716 0.738037 0.390360 0.737305 0.389831 0.737793 0.390360 0.737793 0.391419 0.736816 0.391949 0.736572 0.393008 0.734863 0.391949 0.736084 0.388771 0.736572 0.388771
1 0.706055 0.387712 0.707031 0.389831 0.708984 0.388771 0.709717 0.389301 0.709229 0.387712 0.708496 0.387712 0.707031 0.384534 0.707031 0.386653
1 0.108887 0.390890 0.108398 0.387712 0.107666 0.386653 0.107666 0.384534 0.106689 0.384004 0.106445 0.386123 0.106201 0.385593 0.105469 0.387182 0.104736 0.386653 0.103760 0.387712 0.103027 0.390360 0.103516 0.390360 0.103516 0.392479 0.103027 0.392479 0.102783 0.393538 0.102051 0.393008 0.101807 0.394068 0.100586 0.392479 0.100830 0.391949 0.100098 0.390360 0.100342 0.388771 0.099121 0.388771 0.099121 0.389831 0.098389 0.389831 0.098145 0.387712 0.097656 0.387182 0.096924 0.388771 0.096680 0.388242 0.096436 0.390360 0.097412 0.391949 0.096924 0.393008 0.095459 0.389831 0.096191 0.388242 0.095703 0.388242 0.095215 0.390360 0.094727 0.389301 0.095215 0.388242 0.094482 0.389831 0.093750 0.389301 0.094238 0.388242 0.092773 0.388771 0.093750 0.389831 0.093994 0.392479 0.094482 0.393008 0.094238 0.394068 0.094971 0.395657 0.095703 0.395127 0.095215 0.394597 0.095947 0.394068 0.095459 0.393538 0.096436 0.392479 0.097412 0.393538 0.097656 0.395127 0.097168 0.395657 0.097168 0.397246 0.097656 0.395127 0.098145 0.396186 0.099365 0.396186 0.100342 0.395127 0.101074 0.396716 0.101807 0.396186 0.103760 0.397775 0.105957 0.397246 0.105469 0.394597 0.104736 0.394068 0.104736 0.393008 0.106689 0.393008 0.106445 0.392479 0.106934 0.391949 0.106201 0.390890 0.106445 0.391419 0.105957 0.391949 0.105225 0.389831 0.105713 0.389301 0.105469 0.388242 0.105225 0.389301 0.104492 0.388242 0.105225 0.387182 0.106689 0.387712 0.106934 0.390360 0.107666 0.389831
1 0.078125 0.382945 0.078125 0.385593 0.078613 0.386123 0.078613 0.387182 0.078125 0.387712 0.077881 0.386653 0.076660 0.386653 0.077881 0.388771 0.077148 0.389301 0.077148 0.390360 0.077637 0.390890 0.077148 0.391949 0.079102 0.392479 0.079102 0.391419 0.080322 0.391419 0.079590 0.390890 0.079590 0.389831 0.079102 0.389301 0.079102 0.388242 0.079834 0.386653 0.078613 0.386123
1 0.116699 0.381356 0.115723 0.380826 0.114502 0.382945 0.113281 0.383475 0.115234 0.386123 0.115723 0.385064 0.115234 0.384534
1 0.540283 0.378178 0.540527 0.378708 0.540039 0.379767 0.540039 0.384534 0.540527 0.385064 0.541016 0.383475 0.541016 0.382415 0.540527 0.381886 0.541748 0.379237 0.541504 0.379767
1 0.069824 0.378178 0.069580 0.379237 0.070312 0.380297 0.070312 0.382945 0.069336 0.384004 0.070068 0.384534 0.070312 0.386123 0.071045 0.385064 0.072021 0.385064 0.070557 0.381886 0.071045 0.380826
1 0.733887 0.379767 0.734131 0.381356 0.734375 0.380826 0.736328 0.382415 0.736572 0.384004 0.737549 0.385593 0.738037 0.384534 0.740234 0.384004 0.740723 0.382945 0.740479 0.380826 0.740967 0.380297 0.740723 0.379767 0.740479 0.380826 0.739014 0.380826 0.738037 0.382945 0.737305 0.382945 0.737061 0.382415 0.737549 0.380826 0.736816 0.379237 0.736816 0.377648 0.736816 0.379237 0.736328 0.380297 0.735352 0.379237 0.735596 0.380297 0.735107 0.380826 0.734619 0.378708 0.734131 0.380297
1 0.739746 0.372881 0.739014 0.375000 0.738281 0.375530 0.738770 0.376589 0.739502 0.375000 0.740479 0.375000 0.740234 0.376589 0.739258 0.377119 0.739258 0.378708 0.739746 0.379237 0.739746 0.377119 0.741211 0.376059 0.741211 0.373941 0.740234 0.373941
1 0.109131 0.370233 0.107422 0.369703 0.107178 0.370763 0.103027 0.371292 0.103516 0.371822 0.103271 0.372881 0.104248 0.374470 0.105713 0.373941 0.107666 0.375000 0.107910 0.373941 0.107422 0.373411 0.107422 0.372352 0.108154 0.370763
1 0.287354 0.366525 0.287109 0.368114 0.287598 0.368644 0.287598 0.369703 0.287109 0.370763 0.287598 0.371822 0.290039 0.371822 0.288574 0.371822 0.288574 0.368114 0.288086 0.366525
1 0.061523 0.369703 0.064209 0.368644 0.064697 0.369174 0.065430 0.367585 0.064697 0.366525 0.064941 0.365996 0.066650 0.366525 0.066650 0.365466 0.062256 0.364407 0.063477 0.366525 0.062256 0.369174 0.061523 0.368644
1 0.192627 0.368114 0.192383 0.362818 0.189941 0.364407 0.189941 0.365466 0.190918 0.367055
1 0.198975 0.364407 0.197754 0.362288 0.197021 0.363347 0.196533 0.365466 0.195557 0.364407 0.195312 0.365466 0.195068 0.363877 0.193115 0.368644 0.193848 0.371292 0.194336 0.370763 0.194824 0.371822 0.195557 0.368644 0.196289 0.368644 0.196533 0.367055 0.196777 0.367585
1 0.511475 0.353814 0.509766 0.355932 0.509766 0.363877 0.511230 0.363877 0.510986 0.355932 0.511475 0.355403
1 0.191162 0.351165 0.192383 0.352225 0.193359 0.354343 0.193848 0.353284 0.194824 0.353284 0.195068 0.354343 0.194336 0.355932 0.195557 0.355932 0.196533 0.354873 0.195801 0.352754 0.195312 0.353814 0.193848 0.349576 0.192139 0.351165
1 0.612061 0.344809 0.610840 0.347458 0.610840 0.350106 0.609619 0.351695 0.609863 0.354343 0.609619 0.355932 0.608887 0.356992 0.611084 0.354873 0.611572 0.353814 0.611084 0.352754 0.612061 0.352225 0.612061 0.351165 0.613281 0.348517 0.613281 0.347458 0.612549 0.347458 0.611816 0.345869
1 0.186279 0.344809 0.186035 0.345339 0.186035 0.344280 0.184570 0.343220 0.182861 0.345869 0.182373 0.344280 0.181152 0.345869 0.180664 0.343750 0.178467 0.343750 0.178223 0.346398 0.179199 0.350106 0.179443 0.348517 0.181152 0.348517 0.180420 0.346398 0.180908 0.345339 0.181641 0.346928 0.182861 0.346928 0.183594 0.349576 0.184570 0.350636 0.185303 0.349047 0.184814 0.347458 0.184814 0.344809
1 0.219482 0.342691 0.217773 0.343220 0.216797 0.341631 0.217773 0.344280 0.216309 0.344809 0.215576 0.346398 0.215576 0.347458 0.217041 0.346928 0.218018 0.344809 0.218750 0.344809
1 0.511719 0.337924 0.511475 0.340572 0.510254 0.340042 0.509766 0.341102 0.509766 0.354343 0.510742 0.352225 0.511475 0.352225 0.511963 0.351165 0.511963 0.344280 0.511719 0.343220 0.511719 0.345339 0.510986 0.345339 0.510986 0.341102 0.511963 0.340572
1 0.517578 0.338983 0.518799 0.343750 0.520996 0.343750 0.521973 0.344809 0.523193 0.344809 0.523682 0.345869 0.525879 0.342691 0.526367 0.339513 0.524902 0.336864 0.524414 0.336864 0.523682 0.338453 0.521729 0.338453 0.520508 0.336335 0.518555 0.336335 0.518311 0.337924
1 0.275879 0.333686 0.276367 0.334216 0.276367 0.337394 0.276855 0.336864 0.276855 0.338983 0.277588 0.338983 0.278076 0.341102 0.279541 0.341102 0.280273 0.338983 0.280029 0.338453 0.280029 0.339513 0.279541 0.340042 0.279053 0.338453 0.278320 0.338453 0.277832 0.336864 0.276855 0.335805 0.277588 0.334216 0.277832 0.335805 0.279053 0.336335 0.279053 0.334746 0.278076 0.335275 0.277100 0.333686
1 0.282715 0.347987 0.283203 0.348517 0.282715 0.349576 0.283936 0.351165 0.284912 0.349576 0.286133 0.351165 0.285645 0.354343 0.286621 0.358051 0.288086 0.359640 0.288818 0.359640 0.289795 0.357521 0.290527 0.357521 0.291016 0.359640 0.291260 0.358581 0.293457 0.358051 0.293945 0.356992 0.295166 0.357521 0.296143 0.355403 0.297607 0.355932 0.296875 0.356992 0.299561 0.357521 0.300293 0.358581 0.300781 0.355403 0.306152 0.355932 0.305420 0.353814 0.306641 0.350106 0.305420 0.348517 0.305664 0.347458 0.306396 0.347458 0.307373 0.349576 0.307129 0.350106 0.307861 0.347987 0.309326 0.349576 0.309082 0.347987 0.306152 0.347458 0.305420 0.343220 0.304443 0.344809 0.304199 0.343220 0.302734 0.342161 0.301514 0.343220 0.300537 0.342161 0.301270 0.343220 0.301758 0.346928 0.301025 0.347458 0.301025 0.348517 0.299805 0.347987 0.299316 0.349576 0.298340 0.347987 0.298584 0.346398 0.298096 0.344809 0.299072 0.343220 0.299072 0.341102 0.298828 0.342161 0.298096 0.341102 0.299072 0.338983 0.297607 0.340042 0.297607 0.341631 0.297119 0.342161 0.297607 0.343750 0.296875 0.344280 0.296875 0.345339 0.294434 0.345339 0.294189 0.343220 0.292969 0.342691 0.293457 0.344809 0.292969 0.345339 0.291260 0.340572 0.291992 0.338983 0.292725 0.338983 0.291260 0.336864 0.290039 0.337394 0.289795 0.334216 0.288574 0.334216 0.287842 0.336335 0.287109 0.334216 0.287354 0.331038 0.286865 0.330508 0.286377 0.333686 0.285645 0.334216 0.285889 0.335805 0.285156 0.336335 0.284424 0.339513 0.283936 0.338983 0.283691 0.340572 0.284668 0.341631 0.284180 0.344809 0.284668 0.345339 0.284912 0.344280 0.285645 0.346398 0.284424 0.346928 0.283936 0.345869 0.283936 0.347458
1 0.530518 0.330508 0.530029 0.330508 0.529053 0.327860 0.528320 0.327331 0.525879 0.327860 0.525391 0.328919 0.525635 0.330508 0.524414 0.331038 0.524414 0.333686 0.524658 0.334216 0.525635 0.333157 0.526367 0.331038 0.527588 0.333157 0.528809 0.333686
1 0.491455 0.325742 0.490234 0.326271 0.490479 0.329449 0.489746 0.331038 0.489502 0.333157 0.488770 0.332097 0.488770 0.329979 0.487793 0.330508 0.487793 0.331568 0.486328 0.335805 0.486572 0.336335 0.486084 0.337924 0.486572 0.338983 0.486572 0.341102 0.487061 0.341102 0.487793 0.342691 0.487793 0.345869 0.488037 0.341102 0.488525 0.341102 0.489014 0.333157 0.489746 0.334216 0.489746 0.335805 0.490234 0.336864 0.489990 0.338453 0.490723 0.340572 0.491699 0.340572 0.492432 0.337394 0.493896 0.337394 0.493408 0.336335 0.492188 0.336335 0.491211 0.338453 0.490479 0.337924 0.490967 0.334746 0.492188 0.334746 0.492676 0.331038 0.492676 0.327860
1 0.183838 0.320445 0.183350 0.319915 0.183350 0.318856 0.181885 0.319915 0.181641 0.319386 0.180176 0.320445 0.179443 0.322564 0.179932 0.321504 0.181885 0.320445 0.183594 0.322034
1 0.625488 0.315678 0.625977 0.316737 0.625488 0.319386 0.624512 0.320975 0.623535 0.320975 0.624268 0.320975 0.625244 0.323093 0.625488 0.325212 0.626221 0.325742 0.625244 0.322034 0.626953 0.321504 0.627197 0.319386
1 0.197754 0.315148 0.198242 0.316737 0.198486 0.316208 0.199951 0.317267 0.199707 0.316737 0.200195 0.316208 0.201904 0.317797 0.201660 0.315148 0.200928 0.314089 0.199463 0.314089 0.199951 0.315678 0.199707 0.316737
1 0.524414 0.310381 0.530029 0.319386 0.530518 0.321504 0.533203 0.320975 0.534424 0.318326 0.534668 0.318856 0.534180 0.318856 0.531738 0.314089 0.529297 0.313030 0.526855 0.309322
1 0.480957 0.309322 0.479492 0.311441 0.479492 0.313030 0.480225 0.313559 0.480469 0.315148 0.481445 0.315148 0.481689 0.316208 0.482666 0.316737 0.482422 0.317797 0.482910 0.319386 0.482422 0.322564 0.483643 0.324682 0.483643 0.327860 0.484131 0.327860 0.484863 0.331038 0.484619 0.333686 0.485840 0.335275 0.486328 0.334216 0.486084 0.333686 0.486572 0.329979 0.487061 0.329449 0.486572 0.328390 0.486816 0.325212 0.488281 0.325212 0.487793 0.322564 0.487793 0.319386 0.487549 0.320445 0.487305 0.319915 0.487305 0.317267 0.485840 0.316737 0.485107 0.317797 0.484619 0.317267 0.484131 0.318856 0.482910 0.318856 0.482422 0.317267 0.482666 0.316208 0.482178 0.314089 0.482178 0.310911 0.481934 0.309852
1 0.205811 0.312500 0.206543 0.315678 0.207031 0.314089 0.207764 0.314089 0.208252 0.313030 0.209717 0.313559 0.210205 0.316208 0.210693 0.315678 0.212646 0.320975 0.213379 0.321504 0.213135 0.322564 0.214111 0.321504 0.214111 0.320445 0.215576 0.319386 0.214844 0.318326 0.214111 0.319386 0.213135 0.317797 0.214111 0.315678 0.214355 0.313030 0.213379 0.310911 0.211914 0.310381 0.211914 0.311970 0.210938 0.311970 0.207520 0.308792 0.207764 0.313030 0.207275 0.313559 0.206543 0.311970
1 0.466797 0.306674 0.465332 0.308263 0.465576 0.309852 0.465088 0.311441 0.465576 0.315678 0.466309 0.316737 0.468018 0.314619 0.468262 0.315678 0.468750 0.311970
1 0.562256 0.307733 0.561523 0.306144 0.560547 0.307203 0.560303 0.311970 0.560791 0.313030 0.559814 0.315148 0.559326 0.318326 0.559570 0.320975 0.558838 0.322034 0.556641 0.320445 0.555664 0.321504 0.554199 0.325212 0.552246 0.325212 0.551514 0.323623 0.552246 0.322034 0.552002 0.320975 0.546387 0.320975 0.545410 0.319386 0.546387 0.321504 0.545654 0.322034 0.546143 0.322564 0.545166 0.324682 0.546875 0.327331 0.551270 0.326271 0.552979 0.329449 0.552979 0.330508 0.552002 0.332097 0.552734 0.335275 0.553223 0.335805 0.553467 0.337924 0.554199 0.338983 0.555176 0.338983 0.557373 0.335805 0.557861 0.336864 0.557617 0.337394 0.560303 0.335805 0.561035 0.336335 0.560059 0.335805 0.560059 0.334746 0.558838 0.335275 0.558105 0.333157 0.556152 0.332627 0.555176 0.330508 0.554932 0.331038 0.554688 0.329449 0.557129 0.324682 0.558838 0.323623 0.559570 0.324682 0.559570 0.328919 0.558838 0.329979 0.560791 0.329979 0.560791 0.324153 0.561279 0.323093 0.561523 0.324682 0.561523 0.323093 0.560791 0.322034 0.561035 0.320975 0.561279 0.321504 0.561035 0.314089 0.561523 0.313030 0.561768 0.313559 0.561523 0.310911 0.562256 0.309322
1 0.509277 0.306144 0.508301 0.308263 0.508301 0.309852 0.509277 0.312500 0.509277 0.318326 0.508301 0.319915 0.508301 0.321504 0.509277 0.322034 0.509277 0.326801 0.509766 0.327331 0.509766 0.329979 0.510498 0.329979 0.510498 0.328390 0.511230 0.325742 0.511963 0.327860 0.511963 0.325212 0.511475 0.324682 0.511719 0.316737 0.510986 0.315148 0.511230 0.311441 0.510498 0.310911 0.510498 0.309322 0.509521 0.308792 0.510010 0.307733 0.510010 0.306144
1 0.178223 0.306144 0.178223 0.309322 0.178711 0.310381 0.180420 0.308792 0.180176 0.307203 0.179199 0.308263
1 0.305908 0.305614 0.304688 0.305085 0.303223 0.308263 0.300293 0.306674 0.298584 0.308792 0.298340 0.308263 0.297852 0.311441 0.299316 0.313030 0.299072 0.314619 0.298340 0.314089 0.299561 0.315678 0.301025 0.315148 0.301514 0.316208 0.302490 0.314619 0.302490 0.311970 0.302979 0.311970 0.303223 0.313030 0.305908 0.312500 0.305908 0.311441 0.304688 0.309322 0.305176 0.308263 0.306152 0.308263
1 0.438721 0.302436 0.438232 0.304555 0.438721 0.307203 0.439453 0.307733 0.439941 0.307203 0.439941 0.304555 0.439453 0.302436
1 0.464111 0.299788 0.464355 0.300847 0.465088 0.299788 0.465576 0.300847 0.467285 0.301907 0.467529 0.296610 0.468018 0.297140 0.468018 0.298199 0.469238 0.298729 0.468994 0.297669 0.469727 0.297140 0.466309 0.296610 0.465332 0.298729 0.464355 0.298729
1 0.311035 0.291314 0.308838 0.292373 0.308350 0.290784 0.306641 0.290784 0.306152 0.291843 0.304932 0.290784 0.304199 0.292903 0.303467 0.292903 0.302490 0.295021 0.306152 0.295551 0.306641 0.296610 0.306396 0.298199 0.304932 0.298199 0.304443 0.300318 0.305420 0.301377 0.304932 0.302436 0.305176 0.303496 0.305664 0.303496 0.305908 0.301377 0.305420 0.300318 0.306152 0.298729 0.306885 0.298729 0.307129 0.300318 0.306396 0.301377 0.306885 0.303496 0.307617 0.301377 0.307861 0.301907 0.307617 0.299258 0.307861 0.297140 0.308350 0.296610 0.307617 0.297669 0.305908 0.293962 0.311035 0.292373
1 0.261230 0.291314 0.262451 0.295551 0.263672 0.293962 0.263916 0.297140 0.264648 0.297669 0.264404 0.299788 0.261963 0.299788 0.261719 0.302966 0.263184 0.304555 0.263916 0.302966 0.265137 0.304025 0.266357 0.301907 0.268066 0.304555 0.267334 0.306674 0.268555 0.306674 0.269043 0.305085 0.269287 0.307203 0.271484 0.308792 0.271973 0.312500 0.272461 0.310381 0.274902 0.317267 0.278076 0.318326 0.276855 0.318856 0.276611 0.320445 0.274414 0.319386 0.274170 0.320975 0.272461 0.320445 0.272705 0.325212 0.274170 0.327860 0.272949 0.329449 0.272705 0.332627 0.271240 0.333157 0.271484 0.334216 0.273193 0.333686 0.273682 0.329979 0.276123 0.327860 0.276855 0.328390 0.276367 0.329979 0.276855 0.331038 0.280029 0.329979 0.280273 0.334216 0.281250 0.333157 0.280762 0.332627 0.282471 0.331038 0.282227 0.329449 0.280518 0.329979 0.281250 0.328390 0.280518 0.327331 0.281006 0.325742 0.280029 0.325212 0.279541 0.328390 0.277100 0.328919 0.278076 0.327860 0.278320 0.324153 0.279053 0.325212 0.278564 0.322034 0.279541 0.319386 0.279297 0.317797 0.280273 0.318326 0.282959 0.315678 0.279053 0.310381 0.280273 0.308792 0.278809 0.309322 0.276367 0.306144 0.276855 0.304555 0.278320 0.306674 0.280518 0.305085 0.278564 0.302966 0.279541 0.301377 0.278320 0.299788 0.278320 0.296610 0.277344 0.296081 0.278076 0.298729 0.276855 0.297669 0.276611 0.295551 0.275879 0.297140 0.275391 0.296081 0.275879 0.293432 0.274658 0.291843 0.275146 0.293962 0.274170 0.294492 0.274414 0.296081 0.273682 0.297140 0.273193 0.292373 0.271484 0.291314 0.267822 0.295551 0.266846 0.295021 0.266113 0.291314 0.266602 0.289725 0.267822 0.293432 0.268066 0.291843 0.269043 0.292903 0.269775 0.290784 0.270996 0.290784 0.270264 0.289725 0.268555 0.289725 0.267578 0.292373 0.265869 0.289195 0.265137 0.291314 0.264648 0.290254
1 0.260010 0.291843 0.259277 0.289195 0.258301 0.289725 0.257324 0.293432 0.258057 0.292373 0.259277 0.293432
1 0.325684 0.302966 0.325195 0.301907 0.325439 0.300847 0.324219 0.299258 0.324707 0.293962 0.322754 0.293432 0.322510 0.291314 0.322021 0.290784 0.322998 0.288136 0.321777 0.288665 0.321533 0.290254 0.321289 0.289195 0.320312 0.290784 0.319580 0.290254 0.318115 0.293432 0.317627 0.292903 0.317871 0.292373 0.316406 0.291843 0.317627 0.292903 0.317871 0.293962 0.316895 0.294492 0.316650 0.295551 0.316406 0.294492 0.315186 0.295021 0.314453 0.296081 0.314453 0.298199 0.313965 0.298729 0.314697 0.300318 0.316162 0.299258 0.316650 0.301377 0.317871 0.303496 0.317871 0.301377 0.318604 0.300318 0.318848 0.300847 0.317871 0.298729 0.319092 0.297140 0.320068 0.298199 0.320312 0.297140 0.322266 0.299788 0.321777 0.300318 0.322021 0.301377 0.323242 0.301907 0.322754 0.301377 0.322998 0.300318 0.324463 0.300318 0.324463 0.304025
1 0.425781 0.287606 0.429199 0.290784 0.431152 0.287076 0.431152 0.284958 0.429932 0.284428 0.429443 0.285487 0.428467 0.285487 0.427979 0.284428 0.427246 0.284428 0.426514 0.286017 0.426025 0.286017
1 0.572510 0.281780 0.571777 0.282839 0.571289 0.286017 0.570801 0.286017 0.571045 0.287076 0.569336 0.291314 0.567383 0.291843 0.566895 0.290254 0.566162 0.289725 0.564941 0.292903 0.566406 0.295551 0.567139 0.299258 0.566650 0.300318 0.565918 0.299258 0.564697 0.303496 0.564453 0.302436 0.563721 0.302436 0.563477 0.303496 0.565186 0.307203 0.565186 0.308263 0.563721 0.310911 0.563477 0.315678 0.564209 0.318326 0.564697 0.318326 0.565918 0.315678 0.565918 0.313559 0.565430 0.313559 0.565918 0.310911 0.565186 0.309852 0.565674 0.308792 0.566162 0.309852 0.565918 0.305614 0.566650 0.304555 0.567383 0.306144 0.567871 0.306144 0.569824 0.302436 0.570801 0.302436 0.571289 0.301377 0.571045 0.299258 0.572266 0.297669 0.571045 0.295021 0.571045 0.291843 0.572021 0.290254 0.573730 0.291314 0.572510 0.288665 0.572021 0.283898 0.572754 0.282309
1 0.308105 0.285487 0.308105 0.287606 0.308594 0.286547 0.310547 0.287606 0.311279 0.287076 0.312012 0.288665 0.312012 0.290254 0.312988 0.289725 0.312256 0.288665 0.312744 0.286547 0.314453 0.287076 0.313721 0.283369 0.313232 0.284428 0.312256 0.283369 0.310791 0.283369 0.310303 0.284428 0.310059 0.281780 0.309570 0.280720 0.308838 0.283369 0.308838 0.286017 0.308594 0.286547
1 0.661621 0.274364 0.664551 0.275953 0.666260 0.275424 0.666260 0.274364 0.663818 0.273835 0.663086 0.274894 0.662598 0.273835
1 0.523926 0.274364 0.523438 0.273835 0.520996 0.279131 0.523438 0.278602 0.523193 0.277542 0.523926 0.277013
1 0.472656 0.272775 0.471191 0.273835 0.469727 0.277542 0.468506 0.278602 0.468262 0.279661 0.468750 0.280720 0.468750 0.282309 0.468262 0.283369 0.467285 0.282839 0.468750 0.286547 0.468750 0.287606 0.469482 0.288665 0.468506 0.291314 0.468506 0.293432 0.469971 0.294492 0.470703 0.296081 0.471436 0.295551 0.470947 0.294492 0.471436 0.291314 0.471680 0.292373 0.472656 0.291314 0.472656 0.288665 0.473389 0.287606 0.472412 0.286017 0.472900 0.282839 0.471924 0.280191 0.472900 0.279131 0.473633 0.276483 0.473633 0.274364
1 0.297607 0.271716 0.298584 0.272246 0.299561 0.274364 0.299072 0.275424 0.297119 0.275953 0.299316 0.275424 0.300781 0.276483 0.300049 0.278602 0.298828 0.279661 0.299072 0.280191 0.299561 0.279131 0.300293 0.279131 0.301025 0.282839 0.300781 0.283898 0.302002 0.281780 0.300781 0.279661 0.301270 0.278602 0.302246 0.280191 0.303223 0.277542 0.302979 0.276483 0.301025 0.275953 0.301025 0.274894 0.301758 0.273305 0.302246 0.273305 0.301025 0.273305 0.299805 0.271186 0.298828 0.271186 0.298096 0.272246
1 0.209961 0.272775 0.208496 0.271186 0.206543 0.274364 0.205566 0.274894 0.206787 0.275424 0.207275 0.276483 0.208740 0.276483 0.209229 0.275424 0.207520 0.275424
1 0.261230 0.270657 0.260742 0.271716 0.260742 0.273305 0.261475 0.274364 0.261719 0.277542 0.262207 0.278602 0.262451 0.278072 0.263184 0.280191 0.262207 0.281780 0.262207 0.283369 0.262939 0.283369 0.263184 0.284428 0.263916 0.284428 0.264160 0.283369 0.265137 0.284428 0.265381 0.283369 0.265625 0.284428 0.267090 0.284958 0.267334 0.286017 0.264893 0.280191 0.265137 0.278602 0.264648 0.280191 0.264160 0.279661 0.263916 0.278072 0.264648 0.278072 0.263672 0.277013 0.264404 0.275953 0.263672 0.274364 0.263672 0.273305 0.262695 0.272775 0.262939 0.270657
1 0.635010 0.269068 0.633545 0.268538 0.632812 0.271186 0.632812 0.272775 0.632080 0.272775 0.632080 0.273835 0.631592 0.273835 0.630859 0.272246 0.629639 0.273305 0.631348 0.273305 0.630859 0.274364 0.631348 0.278602 0.630859 0.279661 0.629395 0.280191 0.630371 0.281250 0.632324 0.275953 0.631592 0.274894 0.631348 0.275424 0.631104 0.274364 0.632568 0.273835 0.632812 0.272775 0.633789 0.272775 0.634521 0.269597
1 0.294434 0.268538 0.294434 0.270657 0.294922 0.271186 0.292969 0.272775 0.295410 0.273835 0.295898 0.274894 0.295166 0.273305 0.296631 0.272246 0.296143 0.270657 0.296387 0.269068
1 0.449707 0.256356 0.449219 0.257945 0.448730 0.257945 0.448730 0.260593 0.449219 0.262182 0.450684 0.263242 0.450928 0.258475 0.450684 0.256886
1 0.255371 0.257415 0.256104 0.257945 0.256836 0.259534 0.256836 0.261123 0.257568 0.262182 0.256348 0.263242 0.257324 0.263242 0.258789 0.261653 0.259277 0.262182 0.259033 0.260064 0.258057 0.259004 0.257080 0.256356 0.256348 0.256356 0.256104 0.257945 0.255615 0.256886
1 0.604980 0.255826 0.604004 0.254767 0.603027 0.256356 0.602051 0.256356 0.602295 0.257945 0.603760 0.258475 0.604980 0.256886
1 0.638672 0.249470 0.637939 0.252648 0.637207 0.253178 0.636963 0.256356 0.636475 0.257415 0.635742 0.255826 0.635498 0.252648 0.635010 0.253708 0.634277 0.253708 0.635254 0.253708 0.635986 0.256356 0.635986 0.260064 0.635010 0.263771 0.635742 0.264831 0.635742 0.266419 0.636230 0.263771 0.637207 0.261653 0.636719 0.260593 0.637939 0.259534 0.639404 0.255826 0.638916 0.254767 0.638916 0.253178 0.638428 0.252648
1 0.520996 0.249470 0.520996 0.251589 0.520264 0.253178 0.519775 0.253178 0.520508 0.257415 0.519531 0.257945 0.519287 0.260064 0.518555 0.261123 0.517578 0.266949 0.516602 0.269597 0.515869 0.274894 0.515137 0.274894 0.514648 0.277013 0.514893 0.279661 0.514160 0.280720 0.514160 0.282309 0.513184 0.285487 0.513184 0.288665 0.512695 0.289195 0.512695 0.290784 0.511719 0.292373 0.511475 0.296081 0.511230 0.296610 0.510742 0.295021 0.509766 0.297140 0.508301 0.297669 0.508057 0.298729 0.506836 0.298729 0.507080 0.301377 0.508545 0.301377 0.509277 0.303496 0.510010 0.303496 0.510010 0.300847 0.511475 0.298729 0.510986 0.298199 0.511230 0.297140 0.511963 0.297140 0.512695 0.298729 0.512695 0.300318 0.513428 0.298729 0.513672 0.296610 0.513184 0.296610 0.512939 0.295551 0.513428 0.295021 0.513184 0.290784 0.513428 0.288136 0.513916 0.287606 0.513916 0.282839 0.514404 0.282309 0.514160 0.280720 0.515381 0.279661 0.515869 0.281250 0.516357 0.280191 0.516357 0.277542 0.517822 0.272246 0.518066 0.268008 0.519287 0.267479 0.519531 0.263771 0.519043 0.263242 0.520996 0.259004 0.521240 0.251589 0.521729 0.251059
1 0.609863 0.248411 0.611084 0.250530 0.610840 0.252648 0.611816 0.254237 0.612549 0.253708 0.612793 0.251589 0.613281 0.252119 0.612793 0.254767 0.613281 0.253708 0.615479 0.254237 0.614258 0.254237 0.613525 0.252648 0.614014 0.252119 0.612305 0.249470
1 0.269531 0.249470 0.269531 0.253178 0.271484 0.253708 0.271484 0.252119 0.272705 0.252648 0.272461 0.251589 0.270508 0.251059 0.270752 0.249470 0.271973 0.248941 0.271240 0.249470 0.270752 0.247881 0.269775 0.250000
1 0.267334 0.247352 0.266602 0.248941 0.266602 0.250000 0.267822 0.250530 0.268799 0.252119 0.269043 0.247352 0.268066 0.248941 0.267578 0.248941 0.267090 0.247881
1 0.564941 0.242585 0.563965 0.242055 0.563232 0.243114 0.561279 0.243114 0.561035 0.245763 0.560547 0.246822 0.559570 0.245763 0.558594 0.247352 0.558350 0.245763 0.559082 0.244703 0.556152 0.243114 0.555664 0.242055 0.555176 0.243114 0.555664 0.244174 0.554932 0.246292 0.554688 0.248941 0.554932 0.248411 0.555908 0.249470 0.557373 0.253178 0.556885 0.254237 0.554688 0.253178 0.554932 0.257945 0.555176 0.257415 0.556885 0.260064 0.557617 0.263771 0.558105 0.264301 0.559082 0.261123 0.559082 0.259534 0.560059 0.257945 0.559814 0.256886 0.561035 0.255826 0.561523 0.254237 0.561279 0.249470 0.561523 0.248941 0.561768 0.250000 0.563477 0.245233 0.564697 0.244703
1 0.246094 0.234640 0.246094 0.239407 0.247070 0.241525 0.247559 0.246822 0.248291 0.246292 0.251709 0.254237 0.252686 0.253708 0.252930 0.256356 0.253662 0.258475 0.255127 0.259004 0.248291 0.243644 0.248779 0.242585 0.247314 0.240466 0.248291 0.239407 0.247803 0.238347 0.247559 0.239407 0.246338 0.236758
1 0.361816 0.236229 0.360352 0.234110 0.359375 0.234110 0.359131 0.235699 0.358887 0.235169 0.358154 0.236229 0.355957 0.236229 0.355713 0.237288 0.354980 0.236229 0.354004 0.238877 0.353760 0.242055 0.354248 0.242055 0.354248 0.239936 0.354736 0.238877 0.356445 0.239407 0.356689 0.237818 0.357666 0.236758 0.358887 0.236758 0.359375 0.235699
1 0.316162 0.235699 0.317871 0.236758 0.321045 0.236229 0.321533 0.238347 0.322510 0.238877 0.321533 0.237288 0.321777 0.235169 0.320557 0.231992 0.319824 0.233051 0.317871 0.230932 0.317383 0.233581
1 0.547852 0.230403 0.546875 0.232521 0.550049 0.238347 0.550781 0.237288 0.551270 0.239936 0.550781 0.235169
1 0.493896 0.229343 0.492188 0.233051 0.492188 0.235699 0.492676 0.236229 0.492676 0.237288 0.493652 0.236758 0.494385 0.235169 0.494629 0.236229 0.495117 0.236229 0.494629 0.233051 0.493408 0.232521 0.494385 0.231462 0.493652 0.230403
1 0.432129 0.231992 0.431396 0.236229 0.431641 0.236758 0.433105 0.236758 0.433838 0.235169 0.436035 0.239407 0.436523 0.239407 0.436523 0.238347 0.437012 0.237818 0.437012 0.235699 0.438477 0.234110 0.438477 0.233051 0.437012 0.230932 0.437256 0.230403 0.436035 0.230932 0.435059 0.229343 0.433594 0.230932 0.433350 0.229873
1 0.620361 0.228814 0.617188 0.235169 0.617188 0.236758 0.615967 0.238347 0.615723 0.241525 0.616455 0.238347 0.617188 0.239936 0.616211 0.243114 0.617920 0.244174 0.617188 0.243644 0.616699 0.241525 0.618164 0.237288 0.617676 0.234640 0.619141 0.230932 0.620361 0.229873
1 0.218506 0.228814 0.218262 0.229343 0.218750 0.230932 0.217773 0.231462 0.217773 0.232521 0.218994 0.235169 0.218262 0.236229 0.219238 0.236229 0.219238 0.233581 0.220703 0.234110 0.220703 0.236758 0.219971 0.239407 0.220459 0.239407 0.220703 0.240466 0.221924 0.240466 0.221924 0.239407 0.222900 0.240466 0.223877 0.239407 0.225098 0.239407 0.225586 0.240996 0.224609 0.242585 0.224365 0.244174 0.224854 0.244703 0.222412 0.249470 0.222656 0.251589 0.222168 0.252119 0.222168 0.254237 0.222656 0.251589 0.223145 0.252648 0.223633 0.251589 0.224365 0.253708 0.222900 0.256356 0.221436 0.256356 0.221191 0.258475 0.221680 0.259534 0.221924 0.259004 0.223389 0.260064 0.223633 0.261123 0.223145 0.262182 0.223877 0.264301 0.223877 0.263242 0.225342 0.260593 0.226318 0.260593 0.226807 0.261653 0.227051 0.260064 0.225830 0.256356 0.226074 0.255297 0.226562 0.255826 0.226074 0.253178 0.226318 0.252648 0.228027 0.255297 0.229004 0.254237 0.228760 0.253178 0.227783 0.252648 0.228516 0.251589 0.229492 0.253708 0.229248 0.251589 0.229736 0.250530 0.229492 0.249470 0.229248 0.251059 0.228516 0.250000 0.229004 0.249470 0.229004 0.246292 0.229736 0.245233 0.229492 0.243114 0.228760 0.241525 0.228271 0.243114 0.227539 0.242585 0.227295 0.244174 0.227051 0.243114 0.226318 0.243114 0.226318 0.240466 0.227539 0.239936 0.227539 0.238347 0.226074 0.236229 0.226807 0.235169 0.227539 0.235699 0.226807 0.234110 0.227051 0.232521 0.227539 0.232521 0.226807 0.228814 0.225830 0.230403 0.225586 0.229343 0.225342 0.230403 0.224365 0.228814 0.224609 0.227754 0.224121 0.229343 0.223389 0.228814 0.222412 0.230403 0.221924 0.229343 0.221680 0.230403 0.220703 0.229343 0.219482 0.230932 0.218750 0.230403 0.218506 0.229343 0.218994 0.229343
1 0.442383 0.229343 0.444580 0.234640 0.447266 0.234640 0.448486 0.231992 0.447021 0.227754 0.446045 0.227225 0.443848 0.227754
1 0.637207 0.226695 0.636963 0.227225 0.637451 0.227754 0.637451 0.229343 0.636719 0.230403 0.636963 0.233051 0.635254 0.236229 0.636475 0.238877 0.637207 0.237818 0.636963 0.234110 0.637451 0.233051 0.636963 0.233051 0.636719 0.231992 0.637207 0.230932 0.637451 0.231992 0.637939 0.231462 0.637939 0.228284 0.637695 0.228814
1 0.337158 0.227225 0.337646 0.230932 0.339111 0.229873 0.340332 0.234640 0.341797 0.234110 0.341797 0.233051 0.340820 0.230932 0.341064 0.229343 0.340332 0.226695 0.339844 0.226695 0.339600 0.227754
1 0.287598 0.229343 0.288330 0.228814 0.291016 0.230932 0.289795 0.228814 0.290771 0.228284 0.291016 0.229343 0.291748 0.229343 0.291748 0.228284 0.289307 0.226695 0.288818 0.228284
1 0.520996 0.223517 0.524170 0.229343 0.524170 0.230932 0.523438 0.232521 0.521484 0.228814 0.522461 0.230932 0.522461 0.234640 0.522949 0.235699 0.521973 0.236229 0.520996 0.238347 0.521240 0.237818 0.521973 0.238877 0.523193 0.234110 0.523438 0.236758 0.522217 0.241525 0.521484 0.240466 0.521240 0.241525 0.520020 0.242055 0.520264 0.244703 0.519775 0.245233 0.519531 0.243644 0.519043 0.245233 0.519287 0.244174 0.519531 0.245233 0.520264 0.245233 0.520508 0.244174 0.521729 0.245233 0.521484 0.244703 0.522217 0.243644 0.522461 0.244703 0.521973 0.247352 0.522705 0.247352 0.522949 0.245763 0.523926 0.246292 0.524414 0.245763 0.524170 0.244703 0.524658 0.243644 0.527100 0.242055 0.527588 0.240996 0.529541 0.245763 0.529541 0.248411 0.528809 0.248941 0.528809 0.250000 0.529297 0.250530 0.530518 0.244703 0.528564 0.240996 0.528320 0.241525 0.526123 0.236758 0.525879 0.234640 0.526611 0.233051 0.528564 0.236758 0.528809 0.236229 0.526611 0.232521 0.526611 0.230403 0.527588 0.229343 0.528564 0.232521 0.528564 0.234110 0.528320 0.231462 0.528809 0.229343 0.529541 0.235699 0.530029 0.232521 0.530762 0.232521 0.530273 0.229873 0.529785 0.229873 0.529785 0.224576 0.529297 0.224576 0.529053 0.225636 0.527832 0.224576 0.527344 0.225636 0.527344 0.227754 0.526855 0.228284 0.526611 0.225636 0.525391 0.223517 0.524658 0.223517 0.524414 0.224576 0.524902 0.225106 0.524902 0.227225 0.524170 0.228284 0.522461 0.224576 0.522217 0.225106
1 0.517090 0.224047 0.515137 0.221928 0.513672 0.222458 0.513184 0.223517 0.513428 0.225636 0.511230 0.228814 0.510742 0.227225 0.510498 0.227754 0.510254 0.226695 0.508789 0.225636 0.508789 0.229343 0.509033 0.228814 0.509277 0.230403 0.510010 0.231462 0.509766 0.234640 0.510742 0.235169 0.510986 0.234110 0.511963 0.234110 0.513428 0.236758 0.514160 0.235169 0.515381 0.237818 0.515137 0.236229 0.516113 0.235699 0.515137 0.232521 0.514404 0.233051 0.513184 0.229873 0.514160 0.228284 0.515381 0.228814 0.514893 0.225636 0.515137 0.224576 0.516602 0.224576 0.516846 0.223517
1 0.647705 0.222987 0.651367 0.219280 0.650635 0.218220 0.650635 0.216102 0.648438 0.216102 0.648438 0.219280
1 0.491211 0.216102 0.489990 0.218220 0.489502 0.217691 0.489990 0.216631 0.489746 0.216102 0.489746 0.217161 0.489258 0.217691 0.489746 0.218220 0.489746 0.224047 0.489014 0.224576 0.489258 0.227754 0.489990 0.229873 0.489258 0.229873 0.489014 0.231462 0.488770 0.230932 0.488770 0.233051 0.488281 0.231462 0.487793 0.231462 0.488281 0.234110 0.489502 0.234640 0.489258 0.236229 0.488525 0.236229 0.488770 0.236758 0.489990 0.235699 0.489502 0.235169 0.490723 0.233581 0.490479 0.233051 0.491699 0.230932 0.493652 0.225106 0.493164 0.220869 0.492920 0.222458 0.492432 0.221928 0.492432 0.219280 0.490967 0.217161 0.491699 0.216631
1 0.551270 0.221398 0.549805 0.218220 0.548096 0.221398 0.547119 0.220339 0.545898 0.217161 0.544922 0.219280 0.544678 0.217691 0.545410 0.215042 0.544434 0.215042 0.544678 0.217161 0.543701 0.218750 0.542725 0.218750 0.542725 0.217691 0.541504 0.215572 0.540283 0.218750 0.540039 0.218220 0.538818 0.220339 0.540771 0.220339 0.541748 0.221928 0.541748 0.223517 0.542725 0.221398 0.543213 0.222987 0.541748 0.225636 0.541016 0.225636 0.540283 0.221928 0.540039 0.225106 0.538818 0.221928 0.539551 0.224047 0.536621 0.228284 0.536133 0.226695 0.536865 0.225106 0.536621 0.221398 0.535156 0.222987 0.535156 0.224576 0.533936 0.227754 0.533447 0.225106 0.532227 0.224576 0.531494 0.222987 0.531738 0.220869 0.531494 0.224047 0.531982 0.226695 0.533203 0.225106 0.533447 0.225636 0.532715 0.237288 0.531982 0.240996 0.533691 0.238347 0.534668 0.230932 0.535645 0.234110 0.536377 0.231462 0.538818 0.226695 0.540039 0.229343 0.540039 0.230932 0.542480 0.226695 0.542725 0.228284 0.541748 0.230932 0.543213 0.230932 0.543457 0.229343 0.544189 0.230932 0.545654 0.231462 0.544922 0.229873 0.545410 0.227754 0.545654 0.228814 0.546875 0.226165 0.546875 0.224576 0.547363 0.224576 0.548096 0.227225 0.547852 0.222987 0.548828 0.222458 0.549316 0.223517 0.549561 0.218750
1 0.302246 0.215042 0.301758 0.216102 0.301758 0.218220 0.302246 0.218750 0.301514 0.219809 0.300781 0.219280 0.301758 0.221398 0.302734 0.221928 0.302979 0.220339 0.302490 0.219809 0.303467 0.219280 0.302246 0.216102
1 0.343506 0.218220 0.343506 0.219280 0.344238 0.220339 0.343994 0.222458 0.344238 0.221928 0.346191 0.225106 0.347412 0.224047 0.345947 0.222987 0.346436 0.221398 0.349609 0.221928 0.350586 0.224047 0.351562 0.223517 0.351074 0.221928 0.349609 0.221928 0.349609 0.220869 0.350586 0.219280 0.350342 0.217161 0.349365 0.217161 0.348145 0.215572 0.347168 0.216102 0.346191 0.213453 0.345215 0.214513 0.344971 0.217161
1 0.221680 0.212394 0.220947 0.214513 0.221436 0.215042 0.221191 0.217161 0.223145 0.221398 0.222900 0.220869 0.223877 0.219280 0.223145 0.218220 0.223145 0.216631 0.222656 0.216102 0.222900 0.213453 0.222168 0.213453
1 0.515869 0.211335 0.515381 0.212924 0.514893 0.211864 0.513916 0.212924 0.514404 0.215572 0.515625 0.215042 0.515625 0.213453 0.516113 0.212394
1 0.216309 0.214513 0.218262 0.217691 0.218750 0.217691 0.218018 0.215572 0.219727 0.210805 0.221191 0.210275 0.220947 0.210805 0.219482 0.209746 0.216309 0.209746 0.216797 0.210275
1 0.550781 0.209216 0.549072 0.212924 0.550293 0.215042 0.551025 0.213983 0.551514 0.211864 0.551270 0.209746
1 0.281006 0.209216 0.281250 0.209746 0.280273 0.211335 0.281250 0.213453 0.281250 0.215572 0.282959 0.215042 0.282227 0.213983 0.282471 0.213453 0.282227 0.210275 0.281738 0.209746 0.281982 0.209216
1 0.197510 0.208686 0.197998 0.212394 0.198730 0.212394 0.198730 0.213453 0.198975 0.212924 0.199707 0.214513 0.200439 0.213983 0.199463 0.213453 0.199463 0.212394 0.199951 0.211335 0.200195 0.211864 0.199707 0.209746 0.199219 0.210805 0.198730 0.208686 0.198486 0.209746
1 0.644287 0.202860 0.643555 0.204979 0.644287 0.205508 0.643799 0.207627 0.644043 0.211864 0.643311 0.214513 0.643799 0.217691 0.644287 0.217161 0.644531 0.215042 0.644043 0.204979 0.644775 0.203919
1 0.506592 0.204979 0.506104 0.204979 0.504883 0.202331 0.503418 0.202331 0.501465 0.207627 0.500488 0.207627 0.500488 0.212394 0.500732 0.211335 0.501709 0.212394 0.503418 0.209746 0.502930 0.205508 0.503174 0.204449 0.503906 0.204979 0.504395 0.207627 0.504639 0.206568 0.505127 0.207627 0.505127 0.206038
1 0.427734 0.202331 0.427490 0.204449 0.428223 0.204449 0.428223 0.206038 0.428955 0.206038 0.428955 0.207627 0.430176 0.208686 0.429688 0.211335 0.431152 0.212394 0.433105 0.215572 0.433594 0.214513 0.433594 0.211864 0.434082 0.210275 0.433838 0.210805 0.433594 0.209746 0.431396 0.209746 0.430664 0.205508
1 0.202881 0.204449 0.202637 0.203919 0.202148 0.204979 0.201904 0.202860 0.201172 0.202331 0.201172 0.204449 0.200439 0.204449 0.199707 0.206568 0.199219 0.204449 0.198730 0.207627 0.199219 0.207627 0.199219 0.206038 0.200195 0.206038 0.201416 0.207627 0.202637 0.207097
1 0.670410 0.200742 0.669434 0.200742 0.669189 0.202331 0.668213 0.203390 0.668213 0.204979 0.668945 0.206038 0.668701 0.207097 0.669922 0.204979
1 0.208496 0.200212 0.207764 0.201801 0.207520 0.200742 0.207031 0.201801 0.207031 0.204449 0.207520 0.204449 0.208496 0.206568 0.209229 0.204979 0.209473 0.205508 0.209473 0.201801 0.208740 0.202331
1 0.552246 0.199153 0.552490 0.200742 0.553711 0.202331 0.552490 0.203919 0.551758 0.202331 0.552734 0.207627 0.552490 0.211335 0.552734 0.209216 0.553467 0.208157 0.552490 0.204979 0.553223 0.204979 0.553467 0.203390 0.555176 0.207627 0.554688 0.206568 0.554199 0.201271 0.553711 0.200212 0.553467 0.201271
1 0.458008 0.196504 0.458008 0.198623 0.458496 0.199153 0.458252 0.199682 0.461670 0.199682 0.461670 0.198623 0.460693 0.196504
1 0.636719 0.194915 0.635498 0.197034 0.635986 0.198093 0.636230 0.201801 0.635498 0.203919 0.635742 0.203390 0.635986 0.204449 0.635498 0.206038 0.635010 0.204979 0.634033 0.206038 0.633545 0.209216 0.635010 0.206038 0.635498 0.206568 0.636719 0.202860 0.637207 0.203390 0.637207 0.204979 0.637939 0.203390 0.638184 0.203919 0.637695 0.201801 0.637207 0.201801 0.636475 0.203390 0.635986 0.202331 0.636230 0.199682 0.636963 0.198093 0.636963 0.196504 0.636475 0.195975
1 0.500488 0.195445 0.500000 0.196504 0.499512 0.194915 0.499268 0.197564 0.498047 0.199153 0.497070 0.201801 0.499268 0.200742 0.499756 0.199153 0.500488 0.198623
1 0.217529 0.195975 0.218506 0.197034 0.218994 0.194915 0.219727 0.199682 0.220459 0.199682 0.220215 0.198623 0.220703 0.198093 0.219971 0.196504 0.219971 0.194386 0.219238 0.193856 0.218506 0.195445 0.218262 0.194915
1 0.454834 0.193326 0.453857 0.194386 0.453125 0.198093 0.452148 0.199682 0.452148 0.203919 0.452637 0.204449 0.453125 0.201801 0.455078 0.198623
1 0.381836 0.194386 0.383545 0.197564 0.385010 0.197564 0.385010 0.195975 0.385498 0.194915 0.383789 0.194915 0.383301 0.193326
1 0.714355 0.193326 0.713867 0.195975 0.714600 0.196504 0.714355 0.194915 0.715332 0.192797 0.715820 0.193856 0.715576 0.195975 0.716797 0.197564 0.717773 0.195445 0.717285 0.194386 0.717773 0.192267 0.717041 0.192797 0.716309 0.191208
1 0.321533 0.191737 0.320557 0.190678 0.319824 0.192267 0.319336 0.191737 0.317871 0.194915 0.317871 0.195975 0.318604 0.193856 0.320068 0.194915 0.320312 0.192797 0.320801 0.193856 0.320557 0.194386 0.321289 0.193856 0.321533 0.194915
1 0.470215 0.188559 0.470215 0.194915 0.470947 0.195445 0.470947 0.189619 0.470703 0.188559
1 0.417969 0.188559 0.417725 0.191737 0.418213 0.191737 0.418457 0.192797 0.419434 0.192267 0.420166 0.193856 0.420654 0.193856 0.421143 0.194915 0.421143 0.196504 0.421875 0.197564 0.423828 0.197564 0.423584 0.195975 0.424072 0.194915 0.423340 0.192797 0.421875 0.191737 0.421143 0.190148 0.418945 0.189619
1 0.356201 0.191737 0.356934 0.193326 0.357178 0.192797 0.361816 0.195445 0.362061 0.194386 0.364014 0.194386 0.363525 0.193856 0.363770 0.192797 0.362793 0.192267 0.362305 0.190678 0.360596 0.190678 0.360352 0.189619 0.359131 0.188559 0.358643 0.190678 0.358398 0.189619 0.357910 0.189619 0.358154 0.191737 0.357666 0.193326 0.357422 0.192267 0.356934 0.192797
1 0.704346 0.189089 0.704834 0.190148 0.704590 0.189619 0.705078 0.189089 0.706055 0.190678 0.705811 0.192267 0.704590 0.192797 0.704590 0.194915 0.706543 0.194915 0.706543 0.198623 0.707764 0.197034 0.708252 0.198093 0.708984 0.196504 0.709473 0.196504 0.709717 0.200212 0.710449 0.199153 0.711426 0.202860 0.712158 0.202331 0.712158 0.200742 0.710938 0.195445 0.712158 0.194915 0.712646 0.195975 0.712158 0.194915 0.712891 0.192797 0.713867 0.192797 0.711426 0.192797 0.711426 0.193856 0.710693 0.195445 0.709717 0.193856 0.710205 0.191737 0.709961 0.192267 0.708496 0.188559 0.704834 0.188030
1 0.490967 0.188030 0.489502 0.191208 0.489502 0.193856 0.489258 0.194386 0.488525 0.193326 0.488770 0.194915 0.487793 0.194915 0.488037 0.196504 0.489258 0.196504 0.489990 0.197564 0.489258 0.194915 0.491211 0.189089
1 0.678955 0.187500 0.678467 0.187500 0.678711 0.188030 0.677734 0.189619 0.678223 0.188559 0.678711 0.189089 0.678955 0.190678 0.678223 0.192267 0.677734 0.191737 0.677002 0.193856 0.675781 0.193856 0.675537 0.198623 0.676270 0.198623 0.676270 0.197564 0.677246 0.196504 0.676758 0.194386 0.677490 0.193856 0.678467 0.191737 0.678955 0.192267 0.678467 0.191737 0.679199 0.190678 0.679688 0.191208 0.679688 0.189619 0.678711 0.189619 0.679199 0.188559
1 0.351318 0.180614 0.350586 0.181674 0.351562 0.183792 0.350098 0.185911 0.350098 0.186970 0.349121 0.189089 0.347412 0.186441 0.347900 0.183792 0.348145 0.185381 0.347900 0.183263 0.348877 0.180085 0.347900 0.181144 0.347412 0.184322 0.345703 0.184322 0.345703 0.186441 0.347168 0.186970 0.346436 0.189089 0.345703 0.187500 0.345459 0.188559 0.345947 0.189619 0.344971 0.192797 0.345459 0.195975 0.346191 0.196504 0.345459 0.198093 0.344238 0.192797 0.343262 0.191737 0.344238 0.194915 0.343994 0.197564 0.345947 0.201271 0.346191 0.203390 0.346436 0.202860 0.347168 0.203919 0.347168 0.200742 0.348145 0.198623 0.348633 0.199153 0.348389 0.200742 0.349609 0.202860 0.349365 0.202331 0.350586 0.199682 0.351074 0.200742 0.351074 0.198623 0.350586 0.197564 0.351562 0.195445 0.350586 0.194386 0.350830 0.193326 0.350342 0.192267 0.351807 0.190148 0.351318 0.189089 0.352295 0.186970 0.354004 0.186970 0.352295 0.184852 0.352539 0.183792 0.351807 0.182733 0.352051 0.181674
1 0.545410 0.180614 0.544922 0.179555 0.544189 0.179555 0.543701 0.182203 0.543213 0.179555 0.543457 0.179025 0.542969 0.178496 0.542969 0.180085 0.542236 0.181674 0.541260 0.180614 0.541260 0.182203 0.541748 0.184322 0.542480 0.184322 0.543213 0.183263 0.543213 0.182203
1 0.636475 0.177436 0.635742 0.177436 0.635010 0.181144 0.635498 0.181144 0.635742 0.182733 0.635254 0.183792 0.634766 0.182203 0.634521 0.183263 0.635010 0.184322 0.635010 0.186441 0.635498 0.186970 0.636475 0.182203 0.636230 0.180614 0.636719 0.180085 0.636230 0.179025
1 0.353271 0.181674 0.353271 0.182733 0.354004 0.182733 0.355469 0.185911 0.355957 0.183792 0.358643 0.183792 0.359131 0.185911 0.359619 0.185911 0.358643 0.180085 0.357910 0.179025 0.357666 0.181144 0.356689 0.179555 0.356934 0.177966 0.356445 0.179025 0.355713 0.176907 0.354736 0.177436 0.354980 0.178496 0.354248 0.181674
1 0.320312 0.176907 0.320312 0.181144 0.321045 0.181674 0.321289 0.183263 0.319336 0.184852 0.318604 0.183792 0.319092 0.182203 0.318359 0.182203 0.318848 0.185911 0.319824 0.185911 0.320312 0.184852 0.321533 0.185911 0.322266 0.188030 0.321777 0.189089 0.322510 0.189089 0.322754 0.190148 0.323242 0.189089 0.323486 0.189619 0.323242 0.191208 0.323730 0.191737 0.323730 0.193326 0.323975 0.192797 0.323486 0.190678 0.323975 0.189619 0.322754 0.187500 0.322510 0.185911 0.323975 0.185911 0.322266 0.181674 0.321777 0.182203 0.320557 0.180614 0.320557 0.179555 0.321045 0.179025
1 0.366455 0.176377 0.365234 0.175318 0.364990 0.176377 0.364258 0.175847 0.362793 0.176907 0.362305 0.177966 0.362549 0.179555 0.361816 0.182203 0.361084 0.181144 0.360352 0.181674 0.360352 0.185911 0.360840 0.185911 0.360596 0.184852 0.361572 0.183263 0.363037 0.186970 0.362793 0.189089 0.363281 0.187500 0.362549 0.183792 0.362549 0.180614 0.363281 0.180085 0.364014 0.177436 0.365479 0.180614 0.365723 0.177436 0.365234 0.176377
1 0.715332 0.175847 0.715332 0.176907 0.716797 0.176907 0.718506 0.179555 0.719971 0.179025 0.719971 0.177966 0.720459 0.177436 0.718750 0.176377 0.719238 0.178496 0.718506 0.179025 0.717773 0.177436 0.717773 0.175318 0.717529 0.176377 0.717285 0.174788
1 0.551270 0.174258 0.552246 0.176907 0.551270 0.177966 0.552002 0.180085 0.551514 0.182733 0.552246 0.185911 0.551514 0.188030 0.549805 0.189089 0.550537 0.189089 0.551758 0.190678 0.552246 0.188030 0.552002 0.186441 0.552490 0.185381 0.552734 0.186441 0.553955 0.186441 0.555176 0.188559 0.555176 0.190148 0.556641 0.194915 0.559326 0.193326 0.559570 0.193856 0.560303 0.192267 0.562256 0.191737 0.562988 0.186970 0.563965 0.184322 0.562988 0.183263 0.562256 0.184322 0.560303 0.182733 0.556885 0.175847 0.554932 0.173199 0.554688 0.180614 0.554199 0.181144 0.553467 0.179555 0.553711 0.174788 0.553223 0.174788 0.553223 0.173729 0.552490 0.173729 0.552734 0.174258 0.552246 0.175318 0.552002 0.174258
1 0.692383 0.172669 0.692383 0.174258 0.691895 0.174788 0.691650 0.176907 0.692627 0.177436 0.693848 0.179555 0.694336 0.177966 0.693604 0.177436 0.693604 0.175847 0.692627 0.174258
1 0.689697 0.172669 0.687988 0.172669 0.687988 0.173729 0.688721 0.174788 0.688232 0.175847 0.687012 0.175847 0.687012 0.178496 0.687500 0.178496 0.687500 0.183263 0.687012 0.184852 0.687500 0.184852 0.687500 0.186441 0.687012 0.186970 0.687500 0.188030 0.686523 0.189619 0.685791 0.189619 0.685547 0.188559 0.684570 0.189089 0.685791 0.190678 0.685303 0.191737 0.684814 0.191208 0.683350 0.194915 0.683838 0.193856 0.684082 0.194915 0.684082 0.192797 0.685059 0.191737 0.685547 0.192267 0.685791 0.190678 0.686523 0.190678 0.686768 0.191737 0.687256 0.190148 0.688232 0.190148 0.688965 0.189089 0.687988 0.189619 0.687500 0.186441 0.689941 0.185381 0.689453 0.183792 0.687744 0.183792 0.687744 0.182203 0.688477 0.180085 0.687988 0.179555 0.689209 0.176377 0.689453 0.176907 0.688721 0.175318 0.689209 0.173729 0.689697 0.173729
1 0.686523 0.172669 0.685791 0.174258 0.684570 0.175318 0.684326 0.174788 0.681152 0.180085 0.681641 0.180614 0.682373 0.178496 0.682617 0.179025 0.682617 0.181674 0.683105 0.182203 0.682373 0.182733 0.682617 0.183792 0.684082 0.183792 0.685303 0.184852 0.686279 0.184852 0.686768 0.183792 0.685791 0.181144 0.685303 0.183263 0.683350 0.181144 0.683350 0.180085 0.684570 0.179025 0.684570 0.177966 0.685059 0.178496 0.685059 0.179555 0.685547 0.176907 0.686035 0.177966 0.685791 0.175847 0.686768 0.173199
1 0.452393 0.172140 0.453125 0.175847 0.453125 0.183263 0.454590 0.178496 0.454590 0.176377
1 0.577637 0.171081 0.577637 0.172669 0.577148 0.172669 0.577637 0.173729 0.577393 0.174258 0.577881 0.173729 0.578369 0.174788 0.579102 0.173199 0.579346 0.173729 0.578613 0.176377 0.579346 0.176907 0.579834 0.174258 0.579346 0.173729 0.579346 0.172669 0.578613 0.172669
1 0.683350 0.173199 0.683350 0.171610 0.682617 0.170551 0.681396 0.170551 0.680664 0.171610 0.679688 0.171081 0.679443 0.172140 0.678467 0.171610 0.679199 0.173729 0.679688 0.171610 0.680420 0.171610 0.680664 0.173199 0.682129 0.174258 0.682861 0.172669
1 0.546387 0.168962 0.547607 0.171081 0.547363 0.171610 0.547852 0.172669 0.548340 0.171610 0.549316 0.173729 0.549805 0.173199 0.549561 0.171081 0.548096 0.170021 0.548340 0.168432
1 0.267334 0.167903 0.267822 0.168962 0.267822 0.171081 0.268555 0.170021 0.269287 0.170021 0.269775 0.171610 0.270752 0.170551 0.269531 0.167903 0.269043 0.170021 0.268311 0.167903
1 0.403809 0.167903 0.404297 0.170021 0.405762 0.172669 0.406006 0.168432 0.405029 0.167373
1 0.639160 0.166843 0.638916 0.168432 0.639648 0.170551 0.639404 0.176907 0.639893 0.177436 0.640625 0.175847 0.640625 0.177436 0.642090 0.177436 0.642334 0.176907 0.641602 0.176907 0.641113 0.175847 0.641357 0.171610 0.642822 0.171081 0.642822 0.170021 0.641846 0.169492 0.641602 0.171081 0.640381 0.173729 0.639893 0.173729 0.639648 0.172669 0.640381 0.170551 0.639893 0.171081 0.639893 0.169492 0.639160 0.168432 0.641113 0.168432 0.640869 0.167373
1 0.481934 0.165784 0.479980 0.171081 0.480469 0.172669 0.481689 0.169492 0.481934 0.170021 0.481689 0.175318 0.482178 0.175318 0.482422 0.170021 0.483398 0.170551 0.483398 0.171610 0.484375 0.173199 0.484375 0.177966 0.483887 0.179555 0.484375 0.181144 0.483154 0.184322 0.482910 0.183792 0.482178 0.184852 0.483154 0.184322 0.483154 0.186441 0.481934 0.185911 0.482910 0.186970 0.482910 0.188559 0.483398 0.189619 0.485107 0.184322 0.485107 0.183263 0.484375 0.181674 0.484619 0.173729 0.485107 0.171081
1 0.458740 0.166314 0.459229 0.166314 0.460938 0.171081 0.461914 0.171610 0.462158 0.172669 0.462646 0.172140 0.462158 0.170021 0.460693 0.168962 0.459229 0.165784
1 0.414795 0.165784 0.413818 0.167903 0.413086 0.167903 0.413818 0.167903 0.414307 0.168962 0.414062 0.174258 0.414551 0.177966 0.414551 0.176377 0.415527 0.173729 0.415283 0.168962 0.415039 0.169492 0.414062 0.167373
1 0.716064 0.165254 0.715576 0.165254 0.715820 0.166314 0.714600 0.168432 0.713135 0.167373 0.712646 0.169492 0.711426 0.169492 0.712402 0.170021 0.712646 0.173729 0.712158 0.174258 0.713623 0.174258 0.713135 0.173199 0.713135 0.171610 0.712646 0.171081 0.712891 0.168962 0.713867 0.168432 0.714844 0.169492 0.716553 0.168432 0.715820 0.166843
1 0.585693 0.160487 0.583008 0.167903 0.584473 0.170021 0.584717 0.169492 0.584961 0.170551 0.584961 0.169492 0.585693 0.168432 0.585449 0.167903 0.586426 0.163665 0.586426 0.162076 0.586182 0.163136
1 0.229492 0.160487 0.229248 0.161017 0.229736 0.161547 0.229248 0.162076 0.229736 0.162606 0.229492 0.163665 0.230225 0.166314 0.229736 0.167373 0.229004 0.165784 0.229004 0.166843 0.229980 0.167903 0.229736 0.169492 0.230225 0.169492 0.230469 0.172140 0.230713 0.171081 0.231201 0.171081 0.231201 0.169492 0.230225 0.168432 0.229980 0.166843 0.230713 0.165254 0.231689 0.165254 0.231201 0.165254
1 0.300293 0.159958 0.299072 0.165254 0.299805 0.166314 0.299805 0.165254 0.300537 0.164725 0.301514 0.166314 0.300781 0.164725 0.301514 0.160487
1 0.219238 0.159958 0.218750 0.159958 0.218506 0.161017 0.216553 0.161017 0.216309 0.162606 0.216797 0.163665 0.218262 0.164195 0.218506 0.161017
1 0.480469 0.157839 0.479980 0.158898 0.478516 0.157839 0.477539 0.159958 0.478027 0.161017 0.478516 0.158898 0.479248 0.159958 0.479248 0.161017 0.477295 0.165784 0.477051 0.164195 0.475830 0.164725 0.474854 0.163136 0.475098 0.165784 0.476807 0.167903
1 0.593994 0.159428 0.593994 0.160487 0.595703 0.158369 0.596680 0.159428 0.597168 0.158369 0.598145 0.159428 0.599121 0.158898 0.599609 0.161547 0.598633 0.162076 0.599121 0.163136 0.599365 0.166314 0.599854 0.164725 0.601318 0.167373 0.600830 0.164725 0.602783 0.161547 0.602295 0.160487 0.602051 0.162606 0.601562 0.163136 0.601807 0.163665 0.600830 0.163665 0.600830 0.161547 0.602295 0.157839 0.601807 0.158898 0.601318 0.158369 0.601562 0.154661 0.600098 0.157309 0.599365 0.157309 0.598389 0.154661 0.597412 0.155720 0.597656 0.157309 0.596680 0.159428 0.596436 0.157839 0.594727 0.157309 0.595459 0.158369
1 0.485352 0.161547 0.484375 0.160487 0.483643 0.158369 0.483643 0.159428 0.482910 0.160487 0.482422 0.157839 0.482666 0.157309 0.482178 0.156250 0.481689 0.156780 0.481445 0.155191 0.480957 0.155720 0.480469 0.154661 0.480713 0.156780 0.481201 0.156780 0.481445 0.158369 0.476562 0.171081 0.475586 0.174788 0.476807 0.175318 0.477295 0.174258 0.477295 0.175318 0.477783 0.175318 0.478027 0.174258 0.477539 0.173729 0.478516 0.172669 0.481689 0.163665 0.483643 0.166843
1 0.397705 0.167373 0.395508 0.162076 0.395264 0.165254 0.395996 0.166314 0.395264 0.167373 0.393799 0.166843 0.393066 0.168962 0.392578 0.167373 0.391846 0.168962 0.389404 0.167373 0.390869 0.164725 0.392578 0.165254 0.393311 0.162076 0.393066 0.157309 0.394043 0.155720 0.392578 0.152542 0.391602 0.156250 0.389893 0.156780 0.389404 0.162076 0.387695 0.163136 0.386475 0.166314 0.385742 0.164725 0.383057 0.167373 0.382324 0.164195 0.381104 0.167903 0.381836 0.168962 0.381104 0.171081 0.381592 0.171610 0.380127 0.173729 0.379150 0.169492 0.377930 0.176377 0.378174 0.177966 0.379639 0.176907 0.379150 0.179025 0.377197 0.181144 0.376221 0.177966 0.376709 0.177436 0.375488 0.176377 0.374512 0.181144 0.375977 0.183263 0.375488 0.186441 0.375977 0.188559 0.374756 0.188030 0.374512 0.189619 0.375732 0.190148 0.375977 0.188559 0.376953 0.190148 0.375977 0.186970 0.376709 0.186970 0.377686 0.180614 0.378906 0.182733 0.381836 0.183263 0.382324 0.188030 0.381348 0.187500 0.380371 0.190148 0.382812 0.192267 0.384033 0.190148 0.384521 0.191737 0.383789 0.192267 0.385254 0.192797 0.384033 0.185911 0.382324 0.183792 0.382568 0.181674 0.384277 0.182733 0.387451 0.181674 0.387939 0.183792 0.389404 0.179025 0.390625 0.178496 0.391357 0.180614 0.392090 0.175318 0.393555 0.173199 0.394531 0.174258 0.394043 0.179025 0.390625 0.183263 0.390137 0.181144 0.390137 0.182733 0.392578 0.184852 0.392090 0.187500 0.392578 0.188559 0.394043 0.186441 0.394775 0.188559 0.398926 0.189089 0.398438 0.185911 0.396973 0.185381 0.398682 0.183263 0.397705 0.183792 0.396484 0.180614 0.394531 0.186970 0.393799 0.185911 0.394287 0.180614 0.396973 0.177436 0.395752 0.173729 0.395752 0.170021
1 0.324951 0.153072 0.323730 0.152542 0.323242 0.153602 0.322998 0.156250 0.322021 0.154661 0.321289 0.154661 0.321045 0.153602 0.319824 0.153072 0.319824 0.154131 0.318359 0.158369 0.319336 0.159958 0.318848 0.158898 0.319092 0.158369 0.321289 0.159958 0.321289 0.158369 0.322266 0.156780 0.322998 0.157839 0.322754 0.158369 0.323486 0.157839 0.323242 0.157309
1 0.574219 0.150424 0.573486 0.150424 0.573975 0.150953 0.573730 0.152013 0.573242 0.151483 0.573730 0.152013 0.573975 0.154661 0.573242 0.157839 0.573486 0.158369 0.574463 0.156780 0.574219 0.154661 0.574951 0.152013
1 0.468262 0.146716 0.467041 0.149894 0.468018 0.150953 0.468262 0.149894 0.468750 0.150424 0.468018 0.152542 0.468506 0.155720 0.468262 0.159428 0.467773 0.158369 0.466064 0.158898 0.464600 0.156250 0.463623 0.156780 0.463379 0.156250 0.463867 0.155720 0.463379 0.154661 0.463135 0.155720 0.462402 0.155720 0.462158 0.157309 0.461182 0.156250 0.461182 0.157839 0.461670 0.158369 0.463867 0.157309 0.465088 0.161547 0.464355 0.164195 0.464844 0.162076 0.465332 0.163136 0.465088 0.165784 0.467041 0.160487 0.466553 0.158898 0.467285 0.158369 0.468018 0.159428 0.464844 0.168962 0.464844 0.170021 0.465576 0.170021 0.465820 0.168962 0.466064 0.170021 0.466797 0.169492 0.467773 0.171610 0.467529 0.172669 0.468018 0.167373 0.468750 0.167373 0.468018 0.175318 0.468506 0.174258 0.468994 0.174788 0.468994 0.177966 0.468018 0.179025 0.467285 0.177436 0.466064 0.176907 0.466797 0.178496 0.466309 0.179555 0.467041 0.179555 0.468018 0.183263 0.468750 0.181674 0.468506 0.179555 0.469238 0.180085 0.469727 0.182733 0.470215 0.175318 0.472168 0.172140 0.472168 0.173729 0.472656 0.172140 0.472900 0.173199 0.472900 0.172140 0.470947 0.171610 0.470947 0.170021 0.472168 0.166314 0.473145 0.167903 0.473145 0.164725 0.472656 0.165254 0.472168 0.164195 0.472168 0.161017 0.472900 0.158898 0.472412 0.157309 0.472656 0.156780 0.474609 0.159428 0.474121 0.156780 0.473633 0.157309 0.473145 0.155191 0.472412 0.155720 0.471680 0.157839 0.471191 0.164195 0.470459 0.165254 0.469971 0.164195 0.469971 0.161547 0.470459 0.160487 0.469971 0.157839 0.470459 0.157309 0.469971 0.156780 0.470459 0.156250 0.470703 0.153072 0.471680 0.153602 0.471191 0.153072 0.471680 0.150953 0.470703 0.152542 0.470459 0.151483 0.470947 0.150953 0.469971 0.150424 0.469971 0.148305 0.468994 0.148305
1 0.423340 0.146716 0.420898 0.147775 0.421387 0.152013 0.420898 0.153072 0.419434 0.152013 0.419434 0.154131 0.417236 0.157309 0.417480 0.162076 0.416748 0.163136 0.417480 0.163665 0.417969 0.161017 0.417480 0.158369 0.418945 0.156780 0.422119 0.150953 0.423340 0.150424
1 0.312500 0.146716 0.312500 0.148305 0.311768 0.150953 0.311768 0.152013 0.312500 0.153072 0.312012 0.155191 0.313232 0.152542 0.312744 0.149364 0.312988 0.147775
1 0.566650 0.145657 0.566650 0.149364 0.567383 0.151483 0.567383 0.153072 0.569092 0.154661 0.568604 0.155720 0.569336 0.155720 0.570312 0.152542 0.570068 0.147246 0.569580 0.146716 0.569092 0.147775 0.568359 0.145657 0.567627 0.146716
1 0.540283 0.141949 0.539795 0.143008 0.540527 0.144068 0.540283 0.146186 0.539551 0.146186 0.539307 0.143008 0.538818 0.143008 0.538818 0.147246 0.539551 0.152013 0.539062 0.152542 0.538818 0.150953 0.538574 0.151483 0.538574 0.157839 0.538818 0.155720 0.540039 0.155191 0.540283 0.152542 0.541016 0.151483 0.540771 0.150424 0.541504 0.146716 0.541504 0.144068
1 0.485352 0.141949 0.484375 0.142479 0.484863 0.146716 0.484619 0.153072 0.486328 0.152542 0.485596 0.150424 0.484619 0.143008
1 0.503418 0.142479 0.503418 0.144068 0.504150 0.145127 0.505615 0.143538 0.505615 0.141949 0.503906 0.141419
1 0.718750 0.143008 0.718750 0.144068 0.719238 0.143538 0.719727 0.144597 0.718750 0.145657 0.719727 0.147775 0.720703 0.147246 0.720703 0.146186 0.720215 0.147246 0.719727 0.146716 0.720215 0.145127 0.721436 0.145127 0.721924 0.144068 0.723389 0.145657 0.723877 0.147775 0.725098 0.147246 0.724365 0.144597 0.723877 0.145657 0.723389 0.144597 0.723633 0.144068 0.722900 0.143008 0.723145 0.140360 0.722900 0.141419 0.721680 0.140360
1 0.387939 0.137182 0.388672 0.139301 0.387939 0.140360 0.387207 0.139301 0.386963 0.140360 0.387695 0.141949 0.387451 0.142479 0.388672 0.145657 0.388672 0.146716 0.389160 0.146186 0.389160 0.144068 0.388428 0.144068 0.388184 0.143008 0.388672 0.142479 0.388428 0.139831 0.388916 0.137712
1 0.322510 0.137182 0.322021 0.137712 0.322266 0.139301 0.323242 0.139831 0.322754 0.140890 0.322754 0.142479 0.323730 0.144068 0.323975 0.147246 0.323975 0.140890
1 0.724121 0.136123 0.723633 0.139831 0.723877 0.138771 0.724121 0.139831 0.725342 0.140360 0.725830 0.138242 0.725342 0.136123
1 0.493896 0.135064 0.493164 0.136653 0.492432 0.136123 0.492676 0.138242 0.491943 0.139301 0.491455 0.141949 0.490234 0.139831 0.490723 0.141419 0.490479 0.144597 0.489990 0.145657 0.489502 0.145127 0.489746 0.143008 0.489258 0.144068 0.488525 0.144068 0.489014 0.147775 0.489746 0.147246 0.493164 0.137712 0.493896 0.139301 0.493408 0.137712
1 0.602783 0.134004 0.601807 0.136653 0.600830 0.137182 0.600586 0.138771 0.600098 0.137712 0.599854 0.138242 0.601562 0.138771 0.601562 0.140890 0.601074 0.141949 0.599121 0.142479 0.599609 0.143538 0.598389 0.145127 0.597656 0.143008 0.597656 0.144597 0.598389 0.145127 0.598145 0.148835 0.598877 0.147246 0.599365 0.148305 0.599854 0.150953 0.599121 0.152013 0.599121 0.154131 0.599609 0.153072 0.600098 0.154131 0.601074 0.150953 0.600830 0.148835 0.601562 0.148305 0.602295 0.151483 0.601807 0.152542 0.603271 0.155720 0.603271 0.158369 0.603760 0.158898 0.603760 0.160487 0.604248 0.156250 0.604004 0.154131 0.604492 0.153602 0.604004 0.153072 0.604248 0.152013 0.605225 0.150953 0.605469 0.153602 0.605469 0.152013 0.605957 0.150953 0.606689 0.150953 0.606934 0.153072 0.604492 0.157839 0.605713 0.156780 0.606445 0.159428 0.607178 0.159428 0.607910 0.154661 0.607178 0.153602 0.607910 0.152542 0.609375 0.152542 0.607910 0.151483 0.607178 0.149894 0.607178 0.148305 0.607910 0.146716 0.607910 0.144597 0.607422 0.144068 0.607422 0.145657 0.606934 0.146186 0.606689 0.148305 0.605225 0.147775 0.605225 0.138771 0.602783 0.138242 0.603027 0.137182 0.605225 0.136653 0.603516 0.136653 0.602783 0.135064
1 0.447510 0.135064 0.449219 0.138242 0.450439 0.137712 0.453613 0.142479 0.454834 0.139301 0.451416 0.132945 0.449219 0.133475
1 0.735352 0.131886 0.734619 0.130826 0.733643 0.131886 0.733398 0.130826 0.733154 0.131886 0.732910 0.130826 0.732178 0.131886 0.731934 0.131356 0.731201 0.132415 0.730957 0.134004 0.730469 0.134004 0.730957 0.134534 0.730469 0.135064 0.731201 0.135064 0.731689 0.134004 0.731934 0.134534 0.733154 0.133475 0.734619 0.133475
1 0.603760 0.134534 0.605957 0.131886 0.606201 0.133475 0.605713 0.134534 0.605225 0.134004 0.606689 0.136123 0.606201 0.135064 0.607666 0.131356 0.608398 0.131356 0.607910 0.130826 0.608154 0.130297 0.607422 0.130297 0.607666 0.130826 0.606445 0.132415 0.605713 0.130297 0.605225 0.131886 0.604980 0.130826 0.604492 0.130826
1 0.595215 0.129237 0.595703 0.131356 0.595459 0.134534 0.595703 0.135064 0.595703 0.134004 0.596191 0.133475 0.597168 0.136123 0.597168 0.137182 0.596191 0.137712 0.596191 0.138771 0.597656 0.137712 0.599121 0.140360 0.599365 0.139301 0.597900 0.137182 0.598389 0.135593 0.598877 0.136653 0.599609 0.135593 0.598877 0.136653 0.598389 0.133475 0.597656 0.133475 0.596191 0.129767 0.596191 0.128708
1 0.475830 0.128178 0.474609 0.132415 0.474854 0.136123 0.474121 0.137712 0.474121 0.143538 0.473389 0.144068 0.473389 0.145657 0.474609 0.144597 0.474609 0.140890 0.475830 0.139831 0.475342 0.136123 0.474854 0.135593 0.475830 0.131886
1 0.482666 0.127648 0.482422 0.131356 0.481934 0.130297 0.480469 0.130297 0.480469 0.132945 0.479492 0.133475 0.481201 0.133475 0.481445 0.135064 0.480957 0.135593 0.480957 0.136653 0.481934 0.138771 0.482178 0.141419 0.482666 0.141419 0.482910 0.138771 0.484131 0.140360 0.483643 0.138771 0.484375 0.137712 0.484131 0.135064 0.485107 0.134004 0.484863 0.130297
1 0.725098 0.131356 0.726807 0.131356 0.727051 0.132415 0.727783 0.130826 0.728027 0.133475 0.728516 0.132415 0.729492 0.133475 0.729736 0.129767 0.729492 0.129237 0.729248 0.130297 0.728760 0.130297 0.728027 0.128708 0.728516 0.127119 0.728027 0.128178 0.728027 0.129767 0.727051 0.130297 0.726807 0.129767 0.727295 0.127648 0.726807 0.127119 0.726807 0.129767 0.725342 0.131886
1 0.610596 0.127119 0.610596 0.128178 0.608887 0.130826 0.610596 0.135593 0.610596 0.131356 0.611084 0.130826 0.610596 0.129767
1 0.433105 0.127648 0.433594 0.128708 0.433838 0.128178 0.434814 0.129237 0.437988 0.135064 0.438965 0.135064 0.439453 0.136123 0.439453 0.137712 0.440918 0.140360 0.441406 0.139301 0.441650 0.140360 0.442139 0.139301 0.442383 0.135593 0.437744 0.133475 0.435547 0.129767 0.434082 0.125000
1 0.491455 0.124470 0.492188 0.125530 0.491699 0.126059 0.493164 0.129237 0.492188 0.131886 0.491699 0.128708 0.490723 0.128708 0.490967 0.130297 0.490479 0.130826 0.490234 0.132945 0.490967 0.134534 0.490967 0.133475 0.490479 0.132945 0.490967 0.130826 0.491455 0.130826 0.492432 0.133475 0.493896 0.129237 0.493896 0.127119 0.493408 0.128178 0.492920 0.127119 0.493164 0.125530
1 0.698730 0.123941 0.698242 0.125000 0.697510 0.122881 0.697754 0.123941 0.696289 0.127119 0.696777 0.128708 0.698975 0.125530
1 0.603027 0.121822 0.604004 0.123411 0.603760 0.126059 0.604980 0.126059 0.605713 0.127648 0.605713 0.125000 0.606201 0.123941 0.605713 0.122881 0.604492 0.123941 0.604248 0.122352
1 0.453369 0.120763 0.453125 0.124470 0.455322 0.128178 0.456543 0.126059 0.455078 0.122881 0.455322 0.122352 0.454346 0.120763
1 0.299561 0.120763 0.300293 0.126059 0.301514 0.126059 0.302246 0.124470 0.301758 0.122352 0.301514 0.124470
1 0.573975 0.119703 0.572510 0.119174 0.572754 0.120233 0.572266 0.120763 0.572266 0.122881 0.571777 0.123411 0.572266 0.124470 0.570801 0.126059 0.572266 0.126059 0.572266 0.125000 0.572998 0.123411 0.573730 0.125000 0.573730 0.123411 0.574219 0.122881 0.573730 0.122352
1 0.592285 0.118644 0.591309 0.119703 0.592041 0.121822 0.592773 0.121822 0.591553 0.126059 0.591797 0.126589 0.592773 0.124470 0.593750 0.125530 0.593506 0.126589 0.593262 0.126059 0.593506 0.131886 0.593750 0.127119 0.593994 0.126589 0.594482 0.128708 0.594727 0.126059 0.594482 0.126589 0.594238 0.125530 0.595215 0.122352 0.594482 0.122881 0.594238 0.121822 0.593994 0.123411 0.593262 0.122881 0.592529 0.121292 0.592773 0.119703
1 0.525391 0.119174 0.524902 0.118644 0.522949 0.121822 0.525391 0.122881
1 0.301025 0.119174 0.302734 0.121292 0.302490 0.120233 0.302979 0.119174 0.303711 0.120233 0.305664 0.119703 0.304932 0.119703 0.304199 0.117585 0.303223 0.117585 0.302246 0.119174 0.301514 0.118114
1 0.330078 0.114407 0.329590 0.114407 0.330078 0.115466 0.329834 0.115996 0.328857 0.115466 0.329346 0.116525 0.328369 0.118644 0.327881 0.118644 0.328613 0.121292 0.329346 0.121292 0.329834 0.118114 0.330322 0.118644 0.330566 0.115996
1 0.419922 0.139831 0.419678 0.150953 0.419434 0.146186 0.420410 0.145657 0.420898 0.140360 0.424561 0.146186 0.424561 0.149364 0.427734 0.145657 0.435303 0.144068 0.432617 0.139301 0.433105 0.137182 0.439697 0.147246 0.439941 0.145657 0.440674 0.147775 0.441406 0.146716 0.445557 0.152013 0.445801 0.154131 0.447021 0.153602 0.447998 0.155720 0.445801 0.156250 0.448730 0.157839 0.448975 0.162606 0.449219 0.161017 0.450439 0.162606 0.450439 0.159958 0.455322 0.162076 0.456787 0.165784 0.458008 0.165784 0.458008 0.164195 0.456055 0.163136 0.453613 0.157309 0.451660 0.155191 0.451904 0.152013 0.449951 0.148305 0.447510 0.149894 0.446045 0.147775 0.447510 0.141949 0.450195 0.141419 0.449707 0.145657 0.452637 0.151483 0.451904 0.149894 0.452637 0.147775 0.450684 0.146186 0.450684 0.143008 0.453369 0.146716 0.453613 0.144597 0.451416 0.140360 0.446533 0.140360 0.446777 0.143008 0.445557 0.147775 0.441650 0.141419 0.438477 0.138771 0.428223 0.120233 0.429443 0.120233 0.427002 0.113877 0.428223 0.123411 0.427734 0.126059 0.428955 0.127119 0.428223 0.131886 0.428711 0.137182 0.427246 0.136123 0.427246 0.127119 0.426270 0.132415 0.425293 0.130826 0.426025 0.132415 0.424805 0.135593 0.423828 0.135593 0.423584 0.133475 0.422363 0.135064 0.424072 0.139831 0.426514 0.142479 0.425293 0.143538 0.425293 0.146716 0.423096 0.139301
1 0.603271 0.110699 0.604248 0.114936 0.604736 0.113347 0.605225 0.113347 0.605957 0.116525 0.605957 0.114407 0.604736 0.112288 0.605713 0.110699
1 0.480469 0.113347 0.479736 0.114407 0.478516 0.111758 0.478027 0.112288 0.477295 0.110699 0.478027 0.109110 0.476562 0.109640 0.476074 0.108051 0.476074 0.111758 0.475586 0.111758 0.475586 0.112818 0.474854 0.114407 0.474365 0.114407 0.472656 0.111229 0.472656 0.109110 0.472656 0.120233 0.472900 0.119703 0.473145 0.120763 0.473877 0.119174 0.472900 0.118114 0.473633 0.113347 0.473877 0.114936 0.474609 0.115996 0.475342 0.113877 0.476318 0.116525 0.476074 0.117055 0.476807 0.116525 0.477783 0.119703 0.478027 0.119174 0.477295 0.118644 0.479004 0.118644
1 0.416016 0.104873 0.416016 0.108581 0.415039 0.110169 0.414307 0.108581 0.413330 0.109110 0.413086 0.108051 0.412109 0.107521 0.412354 0.109110 0.411865 0.109640 0.411621 0.108581 0.411133 0.109640 0.411133 0.110699 0.411865 0.110699 0.412354 0.112818 0.411377 0.114407 0.411865 0.114407 0.412598 0.111758 0.413818 0.112288 0.412842 0.114407 0.413086 0.117055 0.414062 0.117585 0.414062 0.119703 0.414551 0.117055 0.415039 0.118114 0.415771 0.117585 0.416016 0.112818 0.416504 0.113877 0.416504 0.118114 0.416992 0.118114 0.417236 0.117055 0.417236 0.110169
1 0.581787 0.103284 0.580078 0.104873 0.579834 0.106992 0.579346 0.105932 0.578369 0.108581 0.579590 0.106992 0.579834 0.108051 0.579346 0.110699 0.579834 0.109110 0.580322 0.110699 0.581299 0.108581 0.580811 0.108051 0.580811 0.105932 0.581787 0.104873
1 0.429199 0.101695 0.429443 0.102754 0.428467 0.104873 0.427734 0.104873 0.428223 0.105403 0.427734 0.106992 0.427246 0.105403 0.427734 0.112818 0.428955 0.114407 0.429688 0.112818 0.429932 0.105932 0.429443 0.106992 0.429199 0.110169 0.428711 0.110169 0.427979 0.108581 0.427979 0.106992 0.429443 0.104343 0.429932 0.104343 0.429688 0.102225
1 0.425293 0.099576 0.423584 0.100636 0.423828 0.102225 0.424561 0.101165 0.425049 0.102225 0.424561 0.105403 0.422852 0.103814 0.422363 0.104873 0.423096 0.106462 0.423584 0.105403 0.424561 0.106462 0.425781 0.104343 0.426025 0.105403 0.426025 0.103814 0.425537 0.104343 0.424805 0.102754 0.425537 0.101695
1 0.702637 0.101165 0.704834 0.101165 0.705078 0.102754 0.705322 0.101695 0.704834 0.100636 0.705566 0.100106 0.704834 0.098517 0.703857 0.097987 0.703857 0.100636 0.703613 0.101165 0.702881 0.100106
1 0.736572 0.112818 0.736572 0.106462 0.735596 0.103814 0.735107 0.105403 0.734619 0.103814 0.734619 0.096928 0.734375 0.099576 0.733154 0.101695 0.734131 0.102225 0.733398 0.103814 0.733887 0.104873 0.733643 0.106462 0.734375 0.108051 0.734131 0.109640 0.732178 0.105403 0.732178 0.108581 0.731201 0.109640 0.729248 0.107521 0.729004 0.104873 0.728027 0.105932 0.727539 0.104343 0.726562 0.104873 0.725830 0.102754 0.724854 0.105403 0.722412 0.105403 0.721436 0.103814 0.721924 0.101695 0.720215 0.102225 0.720215 0.103814 0.720703 0.104873 0.719482 0.106992 0.720215 0.108051 0.719971 0.108581 0.718262 0.108581 0.718750 0.108581 0.720459 0.112818 0.722900 0.112288 0.722900 0.114936 0.723633 0.112818 0.724854 0.112818 0.725830 0.114407 0.728516 0.114407 0.728760 0.113347 0.730469 0.113347 0.731201 0.111758 0.731445 0.113347 0.731689 0.112818 0.732422 0.114407 0.731201 0.117055 0.730469 0.117055 0.730469 0.119703 0.731201 0.120233 0.731934 0.122352 0.733154 0.121822 0.733154 0.120763 0.731201 0.120233 0.731689 0.118114 0.731201 0.117055 0.731445 0.116525 0.733154 0.116525 0.733887 0.114936 0.734375 0.115996 0.735352 0.115996 0.735596 0.114936 0.734863 0.113347
1 0.493896 0.096928 0.493164 0.097987 0.493164 0.099047 0.491943 0.101695 0.491211 0.104873 0.490234 0.106992 0.489746 0.106462 0.489502 0.109640 0.489014 0.110169 0.489014 0.112288 0.489746 0.113877 0.489990 0.112288 0.489502 0.112818 0.489014 0.110699 0.490479 0.108581 0.491943 0.102754 0.492676 0.102754 0.493164 0.110169 0.490723 0.115466 0.490723 0.117055 0.491211 0.117585 0.490723 0.118644 0.491943 0.119174 0.491699 0.121292 0.490723 0.120233 0.491455 0.121292 0.491211 0.122881 0.491943 0.121822 0.493652 0.121822 0.492920 0.121822 0.492432 0.120233 0.494141 0.114936 0.492920 0.118114 0.491943 0.117585 0.491943 0.115466 0.493896 0.110699 0.494385 0.111229 0.494385 0.112818 0.495361 0.108051 0.495605 0.103284
1 0.473389 0.092691 0.472900 0.096928 0.471680 0.098517 0.472900 0.107521 0.473633 0.108051 0.473389 0.109110 0.474609 0.109110 0.474121 0.108581 0.474609 0.102754 0.474854 0.102225 0.475586 0.104873 0.475586 0.103814 0.474854 0.102225 0.475342 0.101165 0.474609 0.099047 0.474609 0.093750 0.474121 0.093220 0.473877 0.094280
1 0.299316 0.092161 0.299316 0.094809 0.299561 0.094280 0.299805 0.095339 0.300293 0.093750 0.301514 0.093220 0.302490 0.093750 0.303223 0.095339 0.302734 0.097987 0.302246 0.098517 0.302979 0.100636 0.303223 0.099047 0.304688 0.097987 0.304199 0.096398 0.305664 0.095869 0.305176 0.095339 0.305420 0.094280 0.306396 0.093220 0.306396 0.095869 0.307861 0.096928 0.308105 0.097987 0.308594 0.096398 0.309570 0.096398 0.308594 0.095869 0.308838 0.094809 0.309326 0.094809 0.309082 0.093750 0.308350 0.093220 0.308350 0.096928 0.306152 0.092161 0.305420 0.092161 0.305176 0.091102 0.303955 0.091631 0.303223 0.089513 0.302002 0.091631 0.300781 0.091631 0.300537 0.093220
1 0.584229 0.086335 0.584717 0.090572 0.583496 0.090572 0.583984 0.091631 0.585938 0.088453 0.586182 0.088983 0.585693 0.093220 0.585938 0.093750 0.586182 0.091631 0.587402 0.094280 0.587891 0.092161 0.587158 0.090042 0.587402 0.089513 0.586426 0.091631 0.586182 0.088983 0.586670 0.087924 0.586182 0.086864 0.584961 0.087924 0.584717 0.085805
1 0.573975 0.085275 0.571777 0.090572 0.572266 0.090042 0.572510 0.092161 0.572998 0.090042 0.573242 0.092161 0.573975 0.089513 0.573242 0.087924 0.573975 0.087394
1 0.427979 0.085275 0.427979 0.084216 0.427002 0.084216 0.427002 0.082097 0.426025 0.083686 0.424316 0.083157 0.424316 0.084746 0.425293 0.084746 0.425537 0.086335 0.426025 0.085275 0.426270 0.086335 0.427246 0.084746
1 0.448486 0.081568 0.447266 0.081568 0.446777 0.083157 0.447754 0.081568 0.448242 0.083686 0.447266 0.085275 0.447021 0.084746 0.446777 0.086335 0.445801 0.087394 0.447510 0.090042 0.447021 0.086864 0.447266 0.085805 0.449463 0.086335 0.448242 0.083686
1 0.438965 0.085275 0.443359 0.085275 0.443359 0.083157 0.443115 0.083686 0.442627 0.082627 0.441406 0.082097 0.440674 0.080508 0.439941 0.080508 0.439697 0.083157
1 0.578125 0.080508 0.577881 0.083686 0.578125 0.082627 0.579590 0.084216 0.580322 0.083157 0.579834 0.082097 0.579834 0.080508
1 0.435791 0.078390 0.434326 0.079449 0.434570 0.079979 0.433594 0.082097 0.432373 0.083157 0.432861 0.083157 0.433105 0.084216 0.432129 0.084216 0.431885 0.085275 0.431641 0.084746 0.431641 0.087394 0.430664 0.087924 0.430420 0.088983 0.428955 0.085805 0.428467 0.085805 0.430908 0.091631 0.430908 0.090572 0.431641 0.091102 0.431641 0.092161 0.430664 0.093220 0.429443 0.092691 0.428223 0.090572 0.428955 0.092161 0.428223 0.094809 0.429688 0.095339 0.429443 0.096928 0.428711 0.095869 0.428711 0.097987 0.429688 0.099576 0.429199 0.100106 0.430908 0.099047 0.429932 0.096398 0.430176 0.094280 0.430908 0.093750 0.430908 0.092691 0.431885 0.094809 0.432861 0.093220 0.432129 0.090572 0.432129 0.088453 0.432617 0.087394 0.433350 0.088453 0.433838 0.087924 0.434570 0.089513 0.434814 0.088983 0.433350 0.084746 0.434570 0.082097 0.435059 0.079449
1 0.485352 0.079979 0.484375 0.079449 0.483887 0.077860 0.483643 0.079979 0.482910 0.081038 0.482422 0.079979 0.482666 0.081568 0.481934 0.084746 0.481934 0.086864 0.483154 0.085805 0.483398 0.086864 0.483643 0.085805 0.482910 0.084216 0.483643 0.080508 0.484131 0.079979 0.485596 0.081038
1 0.438477 0.076801 0.438232 0.078390 0.436768 0.078390 0.436523 0.085275 0.437500 0.083157
1 0.386230 0.076271 0.385742 0.075742 0.385498 0.076801 0.385010 0.076271 0.384033 0.077331 0.382812 0.076801 0.383789 0.078919 0.383545 0.079449 0.385010 0.081038 0.385498 0.077860
1 0.525879 0.074682 0.524902 0.075742 0.524658 0.078919 0.523926 0.077860 0.522461 0.077860 0.523926 0.077860 0.524414 0.078919 0.524902 0.086335
1 0.493896 0.073623 0.493164 0.075742 0.492432 0.074153 0.492676 0.077331 0.491943 0.078919 0.491211 0.078919 0.491699 0.079449 0.491699 0.080508 0.490967 0.082097 0.490479 0.080508 0.489746 0.079979 0.490234 0.078919 0.489502 0.077860 0.489990 0.076801 0.489746 0.076271 0.488281 0.076271 0.488770 0.077860 0.487549 0.079979 0.486816 0.079449 0.488037 0.079979 0.489014 0.078919 0.490234 0.081568 0.490479 0.083686 0.489990 0.085275 0.489258 0.084216 0.488770 0.081568 0.489502 0.085805 0.488770 0.086864 0.488525 0.088453 0.489502 0.090042 0.489258 0.088983 0.489746 0.087924 0.489990 0.088453 0.491211 0.083157 0.492676 0.081568 0.493164 0.082097 0.491211 0.088453 0.490234 0.090042 0.489502 0.093220 0.490479 0.092161 0.491211 0.088453 0.491943 0.087394 0.492920 0.091102 0.492920 0.092691 0.489990 0.101165 0.488770 0.099576 0.489746 0.101695 0.489258 0.102754 0.489746 0.103284 0.489746 0.105403 0.489746 0.103284 0.491455 0.099576 0.493408 0.093220 0.494385 0.093750 0.494141 0.094809 0.494873 0.096928 0.494873 0.093220 0.494141 0.091102 0.493896 0.086335 0.493164 0.087394 0.491943 0.087394 0.491943 0.086335 0.493652 0.081568 0.494873 0.083157 0.495605 0.083157 0.496094 0.081568 0.494629 0.080508 0.494385 0.081038 0.493408 0.078919
1 0.546143 0.072034 0.545654 0.072564 0.545898 0.082097 0.545410 0.083157 0.545410 0.088453 0.544678 0.092161 0.544678 0.097987 0.544434 0.097458 0.545166 0.096398 0.545410 0.093220 0.546387 0.092691 0.546387 0.087924 0.546875 0.086335 0.547363 0.087394 0.547852 0.084216 0.547852 0.080508 0.547119 0.082627 0.546631 0.082097 0.546387 0.078390 0.547119 0.076801 0.546387 0.075212
1 0.331787 0.070445 0.332031 0.074682 0.332520 0.075742 0.333740 0.075212 0.333740 0.074153 0.332275 0.070445
1 0.558105 0.068856 0.557373 0.069915 0.558594 0.072034 0.559326 0.077331 0.560059 0.076271 0.559570 0.070975 0.558838 0.070975 0.558594 0.068856
1 0.443604 0.066737 0.443604 0.067797 0.444336 0.069386 0.444336 0.072034 0.443848 0.073093 0.443604 0.075742 0.444824 0.073623 0.447266 0.073093 0.447021 0.072034 0.445312 0.071504 0.444580 0.069386 0.444580 0.067797
1 0.553223 0.062500 0.552246 0.066208 0.554443 0.067797 0.554688 0.066737 0.553711 0.064089 0.554443 0.063559 0.554443 0.062500
1 0.421875 0.064619 0.420410 0.063559 0.420898 0.061441 0.420410 0.061441 0.419434 0.064619 0.419189 0.062500 0.417969 0.062500 0.416748 0.068326 0.417236 0.067797 0.417969 0.069915 0.418457 0.069915 0.418701 0.068856 0.419189 0.069915 0.420166 0.069386 0.420410 0.070445
1 0.521484 0.059852 0.520264 0.060911 0.519531 0.059852 0.519775 0.060381 0.519287 0.061441 0.518799 0.065148 0.520020 0.067797 0.520508 0.066208 0.519775 0.065148 0.519775 0.063559 0.521973 0.061970 0.521484 0.061441
1 0.464355 0.053496 0.464355 0.061970 0.465332 0.061970 0.464844 0.061970 0.464600 0.060911 0.465576 0.057733 0.466309 0.057733 0.466797 0.058792 0.467285 0.064089 0.468262 0.064089 0.468506 0.060381 0.466797 0.058792 0.466309 0.057733 0.466553 0.057203 0.465576 0.057733 0.465332 0.055614
1 0.632324 0.051907 0.631104 0.052436 0.631348 0.056674 0.630371 0.058263 0.630859 0.060911
1 0.418457 0.051907 0.419189 0.054025 0.418945 0.058792 0.419922 0.054555 0.420410 0.055085 0.420410 0.056674 0.421143 0.057733 0.421875 0.056144 0.422363 0.058263 0.422119 0.058792 0.421631 0.057733 0.422607 0.060381 0.421875 0.060911 0.425537 0.066208 0.425049 0.064619 0.424316 0.064619 0.422607 0.061441 0.423096 0.060911 0.423096 0.059322 0.422607 0.058792 0.422607 0.057203 0.423096 0.056674 0.420410 0.055085 0.420166 0.054025 0.420654 0.052966 0.419434 0.052966
1 0.393555 0.051377 0.393555 0.056674 0.394531 0.056144 0.396973 0.060381 0.397217 0.059322 0.396484 0.058263 0.397217 0.057203 0.396240 0.057203 0.394531 0.055614 0.394043 0.054025 0.394287 0.050847
1 0.345703 0.049258 0.346191 0.051377 0.345703 0.052966 0.347412 0.056674 0.347900 0.054025 0.348877 0.054555 0.349121 0.052966 0.349854 0.052966 0.350342 0.051907 0.348877 0.049788 0.348389 0.049788 0.348145 0.051377 0.347412 0.051377
1 0.500488 0.047669 0.499756 0.048199 0.498779 0.050847 0.499512 0.052966 0.499756 0.056674 0.500244 0.057733 0.500977 0.057733 0.500244 0.061441 0.499268 0.060381 0.499268 0.065148 0.499756 0.067267 0.500488 0.066737 0.500732 0.067797 0.501465 0.067797 0.501953 0.068856 0.500977 0.071504 0.500244 0.069386 0.499512 0.070975 0.499756 0.078919 0.500244 0.078390 0.500488 0.073093 0.501953 0.071504 0.502441 0.072034 0.502197 0.074682 0.502686 0.077331 0.503906 0.077331 0.503418 0.072034 0.501953 0.068326 0.502197 0.065148 0.501465 0.065148 0.500732 0.066737 0.500488 0.066208 0.500488 0.062500 0.501465 0.059852 0.501221 0.052966 0.501709 0.050847 0.500732 0.049788
1 0.505615 0.046081 0.504883 0.051377 0.505859 0.052966 0.506348 0.052436 0.506104 0.051907 0.506592 0.050318 0.506592 0.047669
1 0.397217 0.044492 0.397217 0.045551 0.396240 0.047669 0.395508 0.046610 0.394531 0.046610 0.394531 0.048199 0.395264 0.048729 0.395996 0.050847 0.395508 0.051907 0.395752 0.053496 0.396484 0.051907 0.397217 0.052436 0.396484 0.050318 0.396729 0.047140 0.397705 0.047140 0.397217 0.046081
1 0.334717 0.044492 0.335449 0.046081 0.335205 0.046610 0.338379 0.048199 0.339111 0.049788 0.339600 0.047140 0.340332 0.046081 0.340332 0.044492 0.338135 0.046081 0.336182 0.046081
1 0.530273 0.043962 0.530273 0.045551 0.531250 0.048729 0.530518 0.055085 0.531738 0.057733 0.532227 0.061970 0.531494 0.064619 0.530518 0.065148 0.531006 0.067267 0.530029 0.068326 0.529785 0.065678 0.529541 0.070445 0.528320 0.069386 0.527832 0.067267 0.527100 0.067797 0.528076 0.070975 0.528320 0.073623 0.530029 0.076801 0.528809 0.081568 0.530029 0.077331 0.530762 0.077860 0.531006 0.076801 0.532715 0.081038 0.534180 0.079979 0.534180 0.073093 0.533936 0.072564 0.533936 0.074682 0.533447 0.075212 0.531982 0.072564 0.531982 0.071504 0.533203 0.068326 0.533203 0.066737 0.532715 0.064619 0.532471 0.057203 0.531494 0.055614 0.531006 0.053496 0.531006 0.050847 0.531982 0.048729 0.530273 0.045551
1 0.503906 0.042903 0.503662 0.044492 0.502686 0.042903 0.503174 0.042373 0.502197 0.042903 0.502441 0.044492 0.501953 0.045551 0.501953 0.049258 0.503906 0.045021 0.504639 0.045021
1 0.540527 0.040254 0.541016 0.042903 0.542480 0.045551 0.542480 0.047140 0.541992 0.047669 0.544678 0.057203 0.544189 0.054025 0.546143 0.054025 0.546143 0.051907 0.547363 0.049788 0.546875 0.049788 0.545898 0.047669 0.545410 0.048729 0.543945 0.047669 0.543945 0.044492 0.544434 0.043432 0.544922 0.045021 0.544922 0.042373 0.541260 0.042903
1 0.499023 0.040254 0.498291 0.044492 0.497559 0.044492 0.498291 0.046610 0.499512 0.046610 0.500244 0.045021 0.500977 0.047140 0.500977 0.045551 0.499512 0.044492 0.500000 0.043962 0.499023 0.043432 0.499268 0.041314 0.499756 0.042373
1 0.441162 0.040254 0.440186 0.042373 0.440430 0.047140 0.441895 0.048199 0.441895 0.045021 0.443115 0.041843
1 0.422363 0.040254 0.421143 0.045551 0.421875 0.047140 0.420410 0.047669 0.420410 0.050318 0.422363 0.049788 0.423584 0.051377 0.423096 0.050318 0.423096 0.048199 0.423828 0.047669 0.423828 0.045551 0.423096 0.045551 0.422119 0.042903 0.422852 0.041843 0.422852 0.040784
1 0.373047 0.039725 0.373047 0.040784 0.372314 0.041314 0.371826 0.042903 0.373291 0.046610 0.373291 0.044492 0.373779 0.043432 0.373535 0.040784
1 0.483398 0.038665 0.480957 0.045551 0.480957 0.047140 0.480225 0.048199 0.479980 0.047669 0.480469 0.051377 0.479492 0.052966 0.479248 0.054555 0.480225 0.054555 0.480713 0.056674 0.480957 0.055614 0.481689 0.056144 0.482422 0.054555 0.482910 0.058263 0.482422 0.058792 0.481689 0.057203 0.482178 0.058792 0.481689 0.060381 0.481445 0.059852 0.481689 0.060911 0.481934 0.059852 0.482666 0.061441 0.482666 0.059852 0.484375 0.055614 0.484375 0.059322 0.483643 0.060911 0.484863 0.061441 0.486328 0.064619 0.486084 0.065678 0.485840 0.065148 0.486328 0.066208 0.486816 0.064619 0.484375 0.059322 0.484619 0.058792 0.485596 0.060911 0.486084 0.060911 0.486816 0.058792 0.485352 0.056144 0.484619 0.053496 0.484863 0.052966 0.486572 0.056144 0.484863 0.051377 0.484863 0.049258 0.485107 0.048729 0.486572 0.053496 0.487061 0.050318 0.484863 0.046081 0.485352 0.045021 0.486328 0.047669 0.486816 0.045551 0.485840 0.043962 0.486328 0.042903 0.487061 0.044492 0.487305 0.040254 0.486816 0.038665 0.485596 0.040254 0.484375 0.040254 0.484375 0.041314 0.485107 0.041314 0.485352 0.042373 0.484131 0.043432 0.483643 0.042373 0.483887 0.041843
1 0.615234 0.038136 0.613525 0.038665 0.613281 0.039725 0.613770 0.040784 0.613770 0.043962 0.615479 0.040254
1 0.415039 0.038136 0.415283 0.039195 0.417236 0.038665 0.417480 0.039725 0.417969 0.039725 0.418457 0.041843 0.418945 0.041843 0.419189 0.039195 0.419922 0.038665 0.419678 0.037606 0.418945 0.037606 0.418701 0.039195 0.417969 0.039195 0.417236 0.037076 0.416504 0.037076 0.416260 0.036017
1 0.428955 0.037076 0.427490 0.037076 0.427490 0.033898 0.426514 0.036017 0.425781 0.036017 0.425537 0.034958 0.425293 0.035487 0.425293 0.037076 0.426270 0.037606 0.425781 0.039725 0.426270 0.039725 0.426758 0.036017 0.427246 0.036547 0.427490 0.038665 0.428467 0.038665
1 0.392822 0.032309 0.392578 0.032839 0.394043 0.033898 0.394043 0.036017 0.394775 0.037606 0.394775 0.040784 0.394043 0.041843 0.394531 0.044492 0.395264 0.045021 0.394775 0.036017 0.395020 0.034428 0.393555 0.032309
1 0.588379 0.029661 0.588379 0.031250 0.589111 0.031250 0.589844 0.033369 0.589355 0.033898 0.588867 0.032839 0.588379 0.033898 0.588379 0.034958 0.589111 0.036017 0.588867 0.036547 0.590576 0.036547 0.590332 0.036017 0.590820 0.035487 0.590820 0.033898 0.589844 0.032839 0.590088 0.029661
1 0.496582 0.029131 0.496094 0.029131 0.495850 0.030720 0.495361 0.029661 0.495361 0.032309 0.496338 0.037076
1 0.386230 0.029131 0.386230 0.030191 0.385742 0.030191 0.385254 0.032309 0.384521 0.031780 0.384766 0.033369 0.383545 0.034958 0.383789 0.036017 0.384521 0.034958 0.384766 0.035487 0.385010 0.034958 0.384521 0.033898 0.385498 0.033369 0.386719 0.035487 0.386719 0.037076 0.387207 0.038136 0.387207 0.036547 0.387695 0.036017 0.386230 0.032839 0.386719 0.030720 0.386230 0.030191
1 0.482422 0.028072 0.481445 0.028072 0.480957 0.029661 0.480957 0.036017 0.482910 0.031250 0.482910 0.029131
1 0.478271 0.028072 0.477783 0.029131 0.477295 0.028072 0.476807 0.031250 0.475342 0.030720 0.475586 0.028072 0.474365 0.034428 0.473389 0.033369 0.473389 0.031780 0.472900 0.032839 0.472168 0.031250 0.472168 0.032309 0.473145 0.034428 0.472168 0.035487 0.472656 0.036547 0.472656 0.035487 0.473389 0.034428 0.474121 0.036017 0.473877 0.037076 0.473389 0.037076 0.474121 0.037076 0.474609 0.035487 0.474365 0.034428 0.475098 0.033369 0.476074 0.036017 0.476807 0.034958 0.477051 0.036547 0.478271 0.036547 0.478271 0.034428 0.476318 0.034428 0.477783 0.032839 0.478271 0.031250
1 0.491455 0.027013 0.490234 0.028602 0.490723 0.033898 0.491211 0.034958 0.490967 0.036017 0.490723 0.035487 0.490967 0.038136 0.490234 0.039195 0.490234 0.040784 0.488525 0.041314 0.487793 0.039195 0.488037 0.042903 0.488525 0.044492 0.488037 0.048729 0.488281 0.055085 0.489014 0.045551 0.489990 0.049258 0.490479 0.048199 0.491699 0.049788 0.489990 0.055614 0.489990 0.060911 0.490967 0.059322 0.493408 0.051907 0.492188 0.054025 0.492188 0.055085 0.490479 0.059852 0.489990 0.059322 0.489990 0.057203 0.491211 0.052966 0.491943 0.052966 0.491943 0.051377 0.493652 0.045551 0.491943 0.048729 0.489990 0.043962 0.490479 0.042903 0.491699 0.045551 0.492188 0.045021 0.493164 0.038136 0.492188 0.036547 0.492432 0.035487 0.493164 0.035487 0.493652 0.037606 0.493896 0.037076 0.495361 0.040784 0.495361 0.038665 0.494629 0.036017 0.493652 0.034428 0.493896 0.030720 0.494385 0.029661 0.493896 0.030720 0.493652 0.029661 0.493408 0.030720 0.491699 0.030720 0.491699 0.031780 0.492432 0.031250 0.492920 0.033369 0.492188 0.036547 0.491455 0.036547 0.491455 0.033898 0.490967 0.032839 0.490967 0.029131 0.491699 0.027542
1 0.390625 0.025424 0.391602 0.027542 0.394043 0.025424 0.395020 0.032839 0.394043 0.024894 0.392334 0.024894 0.391846 0.023835
1 0.608643 0.022246 0.608643 0.026483 0.608887 0.025953 0.609619 0.027013 0.609863 0.025953 0.610596 0.028602 0.611572 0.029131 0.613037 0.028072 0.612793 0.027013 0.611816 0.027013 0.612061 0.024364 0.611084 0.024364 0.610840 0.022246 0.610107 0.024364 0.609131 0.023835 0.609375 0.021716
1 0.317383 0.023305 0.317383 0.024364 0.319092 0.024364 0.320312 0.025953 0.321045 0.025953 0.319824 0.023305 0.319092 0.024364 0.318359 0.021716
1 0.462402 0.021186 0.461914 0.022246 0.462402 0.024364 0.462402 0.025953 0.461914 0.026483 0.462402 0.027542 0.461914 0.028602 0.461914 0.030191 0.462646 0.032309 0.462646 0.033898 0.463379 0.032309 0.463623 0.033898 0.463867 0.033369 0.465088 0.036017 0.464844 0.038136 0.465820 0.035487 0.464844 0.034428 0.464844 0.032839 0.463867 0.030720 0.463867 0.027013 0.462646 0.023305
1 0.454346 0.019068 0.453613 0.018008 0.453369 0.019068 0.449707 0.019068 0.449463 0.020127 0.451660 0.023835 0.452148 0.023305 0.452881 0.024364 0.451660 0.022246 0.452148 0.021186 0.452881 0.021186 0.453857 0.022775
1 0.583496 0.016949 0.582031 0.019597 0.583008 0.018538 0.583252 0.019597 0.581787 0.022775 0.580566 0.023305 0.579834 0.026483 0.580811 0.026483 0.581055 0.027542 0.582031 0.025953 0.582275 0.026483 0.581543 0.036017 0.582275 0.035487 0.582520 0.033898 0.582031 0.033369 0.582031 0.032309 0.582520 0.031780 0.582275 0.029131 0.583740 0.027542 0.582764 0.024894 0.582764 0.023835 0.584473 0.020127
1 0.463623 0.016949 0.463379 0.018538 0.464111 0.018008 0.465088 0.019597 0.463623 0.020657 0.465332 0.021186 0.466309 0.024364 0.467041 0.024364 0.468750 0.027013 0.467773 0.033369 0.468262 0.034428 0.468994 0.033898 0.468750 0.027542 0.469482 0.025424 0.468750 0.024364 0.468262 0.022246 0.467773 0.022246 0.468994 0.024894 0.468750 0.026483 0.467285 0.022775 0.467041 0.023305 0.466797 0.022246 0.466309 0.022246 0.465576 0.019597 0.464111 0.017479 0.463867 0.018008
1 0.448486 0.014301 0.448730 0.016419 0.447754 0.019597 0.447754 0.021716 0.448486 0.021716 0.450684 0.026483 0.451660 0.027542 0.451904 0.026483 0.449219 0.021186 0.448730 0.021186 0.447998 0.019068 0.448730 0.018008 0.449219 0.018538 0.449219 0.016949
1 0.563477 0.017479 0.563477 0.020127 0.565430 0.018008 0.566650 0.020657 0.568359 0.020657 0.568359 0.019597 0.566162 0.019597 0.565430 0.018008 0.565430 0.013771 0.564453 0.013771 0.564453 0.016949 0.563965 0.018008
1 0.621826 0.011123 0.621094 0.012712 0.621094 0.014301 0.622559 0.015360 0.623047 0.016949 0.622559 0.017479 0.622803 0.018538 0.622314 0.020657 0.623535 0.020127 0.623779 0.019068 0.622803 0.018538 0.624023 0.014831 0.623535 0.014831 0.623535 0.013242 0.622803 0.011653
1 0.606201 0.008475 0.605713 0.008475 0.605225 0.011653 0.604492 0.011653 0.604004 0.013242 0.603516 0.011123 0.603027 0.011123 0.603516 0.014831 0.602539 0.015360 0.602295 0.016419 0.603027 0.018538 0.603271 0.017479 0.603516 0.018008 0.603516 0.016419 0.604980 0.016949 0.604980 0.013242 0.605469 0.012182 0.605713 0.012712
1 0.450195 0.006356 0.450195 0.012182 0.449463 0.013771 0.448975 0.011653 0.448975 0.013242 0.449951 0.015890 0.449951 0.014831 0.450684 0.013771 0.451660 0.014831 0.451660 0.016419 0.452637 0.016419 0.451660 0.014301 0.451660 0.013242 0.450684 0.013242 0.450928 0.011123
1 0.540527 0.005297 0.539062 0.010064 0.540039 0.012712 0.539307 0.016949 0.538574 0.014831 0.537598 0.017479 0.535889 0.013242 0.535645 0.010593 0.536621 0.011123 0.536621 0.009534 0.535889 0.009534 0.535400 0.011653 0.534668 0.010064 0.535645 0.014301 0.533936 0.021186 0.534912 0.022246 0.534668 0.017479 0.535400 0.016949 0.536621 0.019597 0.536377 0.024364 0.534180 0.027542 0.533447 0.022775 0.532959 0.029131 0.531982 0.030720 0.530518 0.030191 0.529541 0.033898 0.529053 0.032309 0.528809 0.033898 0.527588 0.032309 0.527588 0.034428 0.529297 0.034958 0.528320 0.038665 0.528809 0.039195 0.528320 0.042903 0.529053 0.042373 0.528809 0.038665 0.529785 0.037606 0.530762 0.039725 0.530273 0.041843 0.531006 0.045021 0.530762 0.043432 0.532227 0.043432 0.532959 0.039725 0.531006 0.039195 0.529297 0.034958 0.531738 0.030720 0.533691 0.032309 0.533203 0.031250 0.533936 0.030191 0.543701 0.061970 0.544678 0.062500 0.544922 0.065148 0.545166 0.062500 0.541260 0.049788 0.541260 0.046610 0.540283 0.046610 0.538330 0.039725 0.538574 0.038665 0.540283 0.042903 0.538818 0.038665 0.539307 0.037606 0.540283 0.039195 0.536377 0.031250 0.537354 0.026483 0.536865 0.028072 0.536133 0.026483 0.538330 0.016949 0.540039 0.025424 0.540771 0.021716 0.542725 0.021716 0.541260 0.021186 0.542725 0.019597 0.542480 0.018008 0.541260 0.020657 0.539307 0.017479 0.540283 0.014301 0.540527 0.016949 0.541016 0.016419 0.540039 0.010593 0.540527 0.009534 0.541260 0.011123 0.540283 0.008475 0.541260 0.007945 0.541748 0.005297
1 0.588379 0.005297 0.588379 0.006886 0.589844 0.008475 0.589844 0.011123 0.589355 0.011653 0.588867 0.010593 0.588867 0.012182 0.588379 0.012712 0.588379 0.017479 0.587891 0.018008 0.587891 0.021186 0.587158 0.021716 0.586670 0.023835 0.588623 0.023835 0.588867 0.022775 0.589355 0.022775 0.589600 0.024364 0.590088 0.024364 0.590820 0.022775 0.591553 0.019068 0.592041 0.020657 0.591553 0.021716 0.591797 0.023835 0.592773 0.024894 0.593750 0.027542 0.592773 0.029661 0.593018 0.030720 0.593994 0.029661 0.594238 0.030720 0.594238 0.029131 0.593750 0.029661 0.593506 0.028072 0.593994 0.026483 0.594971 0.027013 0.595215 0.024894 0.596191 0.022246 0.595459 0.021716 0.593506 0.025424 0.593262 0.023835 0.593018 0.024364 0.592529 0.023305 0.592529 0.021186 0.592041 0.020657 0.592529 0.019068 0.593262 0.018538 0.593506 0.019597 0.593018 0.020127 0.594727 0.019597 0.594238 0.017479 0.594727 0.015890 0.595215 0.017479 0.596436 0.017479 0.596191 0.014831 0.595703 0.013771 0.594238 0.013242 0.594727 0.012712 0.594238 0.011653 0.594238 0.010064 0.594727 0.010064 0.594971 0.009004 0.594238 0.007415 0.594238 0.009534 0.593262 0.010593 0.592285 0.008475 0.592041 0.006356 0.591309 0.006356 0.591064 0.007415 0.590576 0.006356 0.590088 0.007945 0.589600 0.006886 0.589844 0.004237 0.589600 0.005826 0.588867 0.006356
1 0.611572 0.000530 0.611328 0.003708 0.611572 0.003178 0.612061 0.004237 0.611328 0.006886 0.611572 0.008475 0.612061 0.007415 0.612793 0.009004 0.613281 0.006886 0.612305 0.005297 0.612305 0.003708 0.613770 0.005297 0.614746 0.003708 0.615234 0.005297 0.615967 0.004237 0.615967 0.003178 0.616943 0.005297 0.616211 0.005826 0.616943 0.005826 0.617188 0.007415 0.615723 0.007415 0.615723 0.010064 0.617676 0.008475 0.617188 0.007945 0.617676 0.006356 0.617432 0.004767 0.617920 0.004767 0.617676 0.004237 0.618164 0.003708 0.617676 0.000000 0.613770 0.000000 0.612793 0.002119 0.612061 0.001589 0.612305 0.000000
1 0.597412 0.000530 0.597656 0.002119 0.599365 0.001589 0.600342 0.004237 0.601318 0.005297 0.602539 0.003708 0.601807 0.000000
1 0.591064 0.001589 0.591553 0.000530 0.591797 0.002119 0.592529 0.002119 0.592529 0.003708 0.593262 0.004767 0.593506 0.002648 0.594727 0.000000 0.593262 0.000000 0.593018 0.001589 0.592773 0.000000 0.590820 0.000000
1 0.527344 0.000000 0.527344 0.001589 0.526367 0.003178 0.524414 0.002119 0.525146 0.004767 0.525391 0.009534 0.524170 0.013242 0.525391 0.015890 0.525146 0.018008 0.526123 0.016949 0.526123 0.013242 0.526611 0.013242 0.526855 0.011123 0.527344 0.011123 0.527344 0.009534 0.528076 0.008475 0.527100 0.006356 0.527344 0.004767 0.528076 0.004767 0.527832 0.004237 0.528320 0.003708 0.528076 0.001059
1 0.517578 0.000000 0.517090 0.001059 0.517578 0.003708 0.517090 0.008475 0.517822 0.009004 0.520020 0.007415 0.519775 0.005826 0.520264 0.005297 0.520020 0.003708 0.520508 0.003178 0.520508 0.001589 0.520264 0.002648 0.519287 0.000000
1 0.449707 0.001589 0.451172 0.005826 0.451660 0.004237 0.452637 0.006886 0.452148 0.008475 0.454834 0.013242 0.454834 0.010593 0.457275 0.012712 0.458252 0.014831 0.458496 0.016419 0.458008 0.017479 0.458496 0.017479 0.459961 0.013242 0.461182 0.013242 0.461670 0.014301 0.464600 0.012182 0.465332 0.010064 0.466064 0.011123 0.465332 0.013771 0.467285 0.012712 0.468262 0.010064 0.468750 0.011123 0.468750 0.015360 0.469971 0.014831 0.470215 0.015890 0.470459 0.014831 0.469482 0.011653 0.469727 0.006356 0.470703 0.008475 0.473877 0.009534 0.473389 0.012182 0.473877 0.014831 0.472656 0.016949 0.473877 0.015890 0.474365 0.013771 0.473877 0.012712 0.474854 0.011653 0.475098 0.005826 0.474609 0.004237 0.474609 0.000000 0.472412 0.000000 0.471191 0.001589 0.470215 0.000000 0.469238 0.000000 0.468994 0.001059 0.468506 0.000000 0.466797 0.000000 0.466309 0.003178 0.464355 0.002648 0.463623 0.000000 0.462646 0.002119 0.461182 0.000000 0.460449 0.001589 0.460938 0.009534 0.459229 0.012712 0.458496 0.011123 0.458496 0.009534 0.457275 0.009534 0.457031 0.008475 0.457520 0.007415 0.458496 0.007945 0.459229 0.004767 0.459717 0.004767 0.459473 0.000000 0.458252 0.000000 0.458496 0.002119 0.458008 0.002119 0.457520 0.000000 0.456787 0.000000 0.458008 0.003708 0.458008 0.005297 0.456299 0.005297 0.456787 0.007415 0.456543 0.008475 0.455078 0.008475 0.454590 0.007415 0.455078 0.005297 0.454590 0.004237 0.454346 0.005297 0.454102 0.000000 0.452637 0.000000 0.451904 0.004237 0.451660 0.002648 0.451416 0.003708 0.451172 0.001589
1 0.364258 0.000000 0.365234 0.001059 0.364990 0.002119 0.366211 0.004767 0.364746 0.005297 0.364746 0.006886 0.364258 0.006886 0.363525 0.008475 0.363770 0.009004 0.363281 0.010593 0.363770 0.011123 0.364258 0.009534 0.364746 0.010064 0.364258 0.007945 0.364990 0.006356 0.366943 0.010064 0.367432 0.009534 0.367432 0.010593 0.368164 0.010593 0.367676 0.009534 0.367676 0.007945 0.369385 0.006356 0.368896 0.005297 0.370117 0.003708 0.371094 0.004767 0.371094 0.006886 0.371826 0.008475 0.371826 0.011123 0.372314 0.012712 0.372070 0.015890 0.372559 0.016949 0.372559 0.019597 0.372070 0.021716 0.372803 0.022775 0.374268 0.020127 0.373779 0.019068 0.373779 0.016949 0.374756 0.015890 0.374268 0.016419 0.373779 0.014301 0.372803 0.012712 0.373291 0.012182 0.372803 0.009004 0.373047 0.006886 0.375000 0.007945 0.375977 0.009534 0.375977 0.011123 0.377930 0.011123 0.379395 0.014301 0.380127 0.014301 0.380859 0.016419 0.381592 0.016419 0.382324 0.014831 0.381348 0.013242 0.382080 0.009534 0.381104 0.007415 0.380859 0.008475 0.380371 0.006356 0.379395 0.005826 0.380859 0.004237 0.381836 0.005297 0.381592 0.001589 0.380615 0.000000
1 0.355957 0.001059 0.355957 0.002119 0.357422 0.004237 0.357666 0.006356 0.359131 0.006356 0.359375 0.003178 0.359863 0.002648 0.358887 0.000000 0.358398 0.000000 0.359619 0.002648 0.358887 0.003708 0.358154 0.002648 0.357666 0.000000 0.356445 0.000000
2 0.995361 0.671610 0.963379 0.672140 0.951660 0.689089 0.957275 0.704449 0.941650 0.712394 0.900635 0.701271 0.862549 0.720339 0.867676 0.750000 0.837891 0.775953 0.824951 0.799258 0.810791 0.797140 0.810791 0.815678 0.793701 0.783369 0.801514 0.759004 0.783936 0.750000 0.769287 0.722458 0.758545 0.744174 0.726074 0.747352 0.696045 0.719809 0.689941 0.730403 0.697021 0.744703 0.690674 0.754237 0.636963 0.739407 0.626709 0.834216 0.598633 0.840572 0.592041 0.859640 0.567627 0.885593 0.564209 0.912606 0.572021 0.943856 0.550293 0.962394 0.560547 0.999470 0.999756 0.993644 0.999756 0.722987 0.988525 0.703390
